ISO-10303-21;
HEADER;
FILE_DESCRIPTION(('KiCad electronic assembly'),'2;1');
FILE_NAME('SLSS LightRail.step','2025-12-03T10:58:53',('Pcbnew'),(
    'Kicad'),'Open CASCADE STEP processor 7.9','KiCad to STEP converter'
  ,'Unknown');
FILE_SCHEMA(('AUTOMOTIVE_DESIGN { 1 0 10303 214 1 1 1 1 }'));
ENDSEC;
DATA;
#1 = APPLICATION_PROTOCOL_DEFINITION('international standard',
  'automotive_design',2000,#2);
#2 = APPLICATION_CONTEXT(
  'core data for automotive mechanical design processes');
#3 = SHAPE_DEFINITION_REPRESENTATION(#4,#10);
#4 = PRODUCT_DEFINITION_SHAPE('','',#5);
#5 = PRODUCT_DEFINITION('design','',#6,#9);
#6 = PRODUCT_DEFINITION_FORMATION('','',#7);
#7 = PRODUCT('SLSS LightRail 1','SLSS LightRail 1','',(#8));
#8 = PRODUCT_CONTEXT('',#2,'mechanical');
#9 = PRODUCT_DEFINITION_CONTEXT('part definition',#2,'design');
#10 = SHAPE_REPRESENTATION('',(#11,#15,#19,#23,#27,#31,#35,#39,#43,#47,
    #51,#55,#59,#63,#67,#71),#75);
#11 = AXIS2_PLACEMENT_3D('',#12,#13,#14);
#12 = CARTESIAN_POINT('',(0.,0.,0.));
#13 = DIRECTION('',(0.,0.,1.));
#14 = DIRECTION('',(1.,0.,-0.));
#15 = AXIS2_PLACEMENT_3D('',#16,#17,#18);
#16 = CARTESIAN_POINT('',(199.,-89.5375,1.595));
#17 = DIRECTION('',(0.,-0.,1.));
#18 = DIRECTION('',(1.110223024625E-16,1.,0.));
#19 = AXIS2_PLACEMENT_3D('',#20,#21,#22);
#20 = CARTESIAN_POINT('',(196.8,-82.6,1.595));
#21 = DIRECTION('',(0.,-0.,1.));
#22 = DIRECTION('',(1.110223024625E-16,1.,0.));
#23 = AXIS2_PLACEMENT_3D('',#24,#25,#26);
#24 = CARTESIAN_POINT('',(199.7,-96.1,1.595));
#25 = DIRECTION('',(0.,-0.,1.));
#26 = DIRECTION('',(1.110223024625E-16,1.,0.));
#27 = AXIS2_PLACEMENT_3D('',#28,#29,#30);
#28 = CARTESIAN_POINT('',(201.5,-89.5375,1.595));
#29 = DIRECTION('',(-0.,0.,1.));
#30 = DIRECTION('',(1.110223024625E-16,-1.,0.));
#31 = AXIS2_PLACEMENT_3D('',#32,#33,#34);
#32 = CARTESIAN_POINT('',(184.0375,-60.5,1.595));
#33 = DIRECTION('',(0.,0.,1.));
#34 = DIRECTION('',(1.,0.,0.));
#35 = AXIS2_PLACEMENT_3D('',#36,#37,#38);
#36 = CARTESIAN_POINT('',(183.5375,-65.5,1.595));
#37 = DIRECTION('',(0.,0.,1.));
#38 = DIRECTION('',(1.,0.,0.));
#39 = AXIS2_PLACEMENT_3D('',#40,#41,#42);
#40 = CARTESIAN_POINT('',(184.0375,-63.,1.595));
#41 = DIRECTION('',(0.,0.,1.));
#42 = DIRECTION('',(1.,0.,0.));
#43 = AXIS2_PLACEMENT_3D('',#44,#45,#46);
#44 = CARTESIAN_POINT('',(189.1,-68.3,1.595));
#45 = DIRECTION('',(0.,-0.,1.));
#46 = DIRECTION('',(1.110223024625E-16,1.,0.));
#47 = AXIS2_PLACEMENT_3D('',#48,#49,#50);
#48 = CARTESIAN_POINT('',(178.335352,-58.451202,1.595));
#49 = DIRECTION('',(0.,0.,1.));
#50 = DIRECTION('',(-0.5,-0.866025403784,0.));
#51 = AXIS2_PLACEMENT_3D('',#52,#53,#54);
#52 = CARTESIAN_POINT('',(196.5,-75.5375,1.595));
#53 = DIRECTION('',(-0.,0.,1.));
#54 = DIRECTION('',(1.110223024625E-16,-1.,0.));
#55 = AXIS2_PLACEMENT_3D('',#56,#57,#58);
#56 = CARTESIAN_POINT('',(191.5,-75.5375,1.595));
#57 = DIRECTION('',(-0.,0.,1.));
#58 = DIRECTION('',(1.110223024625E-16,-1.,0.));
#59 = AXIS2_PLACEMENT_3D('',#60,#61,#62);
#60 = CARTESIAN_POINT('',(194.,-75.575,1.595));
#61 = DIRECTION('',(-0.,0.,1.));
#62 = DIRECTION('',(1.110223024625E-16,-1.,0.));
#63 = AXIS2_PLACEMENT_3D('',#64,#65,#66);
#64 = CARTESIAN_POINT('',(196.5,-89.5375,1.595));
#65 = DIRECTION('',(-0.,0.,1.));
#66 = DIRECTION('',(1.110223024625E-16,-1.,0.));
#67 = AXIS2_PLACEMENT_3D('',#68,#69,#70);
#68 = CARTESIAN_POINT('',(0.,0.,0.));
#69 = DIRECTION('',(0.,0.,1.));
#70 = DIRECTION('',(1.,0.,-0.));
#71 = AXIS2_PLACEMENT_3D('',#72,#73,#74);
#72 = CARTESIAN_POINT('',(0.,0.,0.));
#73 = DIRECTION('',(0.,0.,1.));
#74 = DIRECTION('',(1.,0.,-0.));
#75 = ( GEOMETRIC_REPRESENTATION_CONTEXT(3) 
GLOBAL_UNCERTAINTY_ASSIGNED_CONTEXT((#79)) GLOBAL_UNIT_ASSIGNED_CONTEXT(
(#76,#77,#78)) REPRESENTATION_CONTEXT('Context #1',
  '3D Context with UNIT and UNCERTAINTY') );
#76 = ( LENGTH_UNIT() NAMED_UNIT(*) SI_UNIT(.MILLI.,.METRE.) );
#77 = ( NAMED_UNIT(*) PLANE_ANGLE_UNIT() SI_UNIT($,.RADIAN.) );
#78 = ( NAMED_UNIT(*) SI_UNIT($,.STERADIAN.) SOLID_ANGLE_UNIT() );
#79 = UNCERTAINTY_MEASURE_WITH_UNIT(LENGTH_MEASURE(1.E-07),#76,
  'distance_accuracy_value','confusion accuracy');
#80 = PRODUCT_RELATED_PRODUCT_CATEGORY('part',$,(#7));
#81 = SHAPE_DEFINITION_REPRESENTATION(#82,#88);
#82 = PRODUCT_DEFINITION_SHAPE('','',#83);
#83 = PRODUCT_DEFINITION('design','',#84,#87);
#84 = PRODUCT_DEFINITION_FORMATION('','',#85);
#85 = PRODUCT('R_1206_3216Metric','R_1206_3216Metric','',(#86));
#86 = PRODUCT_CONTEXT('',#2,'mechanical');
#87 = PRODUCT_DEFINITION_CONTEXT('part definition',#2,'design');
#88 = ADVANCED_BREP_SHAPE_REPRESENTATION('',(#11,#89),#879);
#89 = MANIFOLD_SOLID_BREP('',#90);
#90 = CLOSED_SHELL('',(#91,#131,#214,#239,#264,#331,#348,#365,#414,#431,
    #448,#497,#514,#583,#614,#638,#707,#731,#748,#765,#782,#799,#816,
    #833,#850,#867));
#91 = ADVANCED_FACE('',(#92),#126,.F.);
#92 = FACE_BOUND('',#93,.F.);
#93 = EDGE_LOOP('',(#94,#104,#112,#120));
#94 = ORIENTED_EDGE('',*,*,#95,.F.);
#95 = EDGE_CURVE('',#96,#98,#100,.T.);
#96 = VERTEX_POINT('',#97);
#97 = CARTESIAN_POINT('',(-1.6,-0.8,5.5E-02));
#98 = VERTEX_POINT('',#99);
#99 = CARTESIAN_POINT('',(-1.6,-0.8,0.495));
#100 = LINE('',#101,#102);
#101 = CARTESIAN_POINT('',(-1.6,-0.8,0.));
#102 = VECTOR('',#103,1.);
#103 = DIRECTION('',(0.,0.,1.));
#104 = ORIENTED_EDGE('',*,*,#105,.T.);
#105 = EDGE_CURVE('',#96,#106,#108,.T.);
#106 = VERTEX_POINT('',#107);
#107 = CARTESIAN_POINT('',(-1.6,0.8,5.5E-02));
#108 = LINE('',#109,#110);
#109 = CARTESIAN_POINT('',(-1.6,-0.8,5.5E-02));
#110 = VECTOR('',#111,1.);
#111 = DIRECTION('',(0.,1.,0.));
#112 = ORIENTED_EDGE('',*,*,#113,.T.);
#113 = EDGE_CURVE('',#106,#114,#116,.T.);
#114 = VERTEX_POINT('',#115);
#115 = CARTESIAN_POINT('',(-1.6,0.8,0.495));
#116 = LINE('',#117,#118);
#117 = CARTESIAN_POINT('',(-1.6,0.8,0.));
#118 = VECTOR('',#119,1.);
#119 = DIRECTION('',(0.,0.,1.));
#120 = ORIENTED_EDGE('',*,*,#121,.F.);
#121 = EDGE_CURVE('',#98,#114,#122,.T.);
#122 = LINE('',#123,#124);
#123 = CARTESIAN_POINT('',(-1.6,-0.8,0.495));
#124 = VECTOR('',#125,1.);
#125 = DIRECTION('',(0.,1.,0.));
#126 = PLANE('',#127);
#127 = AXIS2_PLACEMENT_3D('',#128,#129,#130);
#128 = CARTESIAN_POINT('',(-1.6,-0.8,0.));
#129 = DIRECTION('',(1.,0.,0.));
#130 = DIRECTION('',(0.,0.,1.));
#131 = ADVANCED_FACE('',(#132),#209,.F.);
#132 = FACE_BOUND('',#133,.F.);
#133 = EDGE_LOOP('',(#134,#144,#151,#152,#161,#169,#178,#186,#194,#202)
  );
#134 = ORIENTED_EDGE('',*,*,#135,.F.);
#135 = EDGE_CURVE('',#136,#138,#140,.T.);
#136 = VERTEX_POINT('',#137);
#137 = CARTESIAN_POINT('',(-1.545,-0.8,0.));
#138 = VERTEX_POINT('',#139);
#139 = CARTESIAN_POINT('',(-1.255,-0.8,0.));
#140 = LINE('',#141,#142);
#141 = CARTESIAN_POINT('',(-1.6,-0.8,0.));
#142 = VECTOR('',#143,1.);
#143 = DIRECTION('',(1.,0.,0.));
#144 = ORIENTED_EDGE('',*,*,#145,.F.);
#145 = EDGE_CURVE('',#96,#136,#146,.T.);
#146 = CIRCLE('',#147,5.5E-02);
#147 = AXIS2_PLACEMENT_3D('',#148,#149,#150);
#148 = CARTESIAN_POINT('',(-1.545,-0.8,5.5E-02));
#149 = DIRECTION('',(0.,-1.,0.));
#150 = DIRECTION('',(0.,0.,1.));
#151 = ORIENTED_EDGE('',*,*,#95,.T.);
#152 = ORIENTED_EDGE('',*,*,#153,.T.);
#153 = EDGE_CURVE('',#98,#154,#156,.T.);
#154 = VERTEX_POINT('',#155);
#155 = CARTESIAN_POINT('',(-1.545,-0.8,0.55));
#156 = CIRCLE('',#157,5.5E-02);
#157 = AXIS2_PLACEMENT_3D('',#158,#159,#160);
#158 = CARTESIAN_POINT('',(-1.545,-0.8,0.495));
#159 = DIRECTION('',(0.,1.,0.));
#160 = DIRECTION('',(0.,-0.,1.));
#161 = ORIENTED_EDGE('',*,*,#162,.T.);
#162 = EDGE_CURVE('',#154,#163,#165,.T.);
#163 = VERTEX_POINT('',#164);
#164 = CARTESIAN_POINT('',(-1.255,-0.8,0.55));
#165 = LINE('',#166,#167);
#166 = CARTESIAN_POINT('',(-1.6,-0.8,0.55));
#167 = VECTOR('',#168,1.);
#168 = DIRECTION('',(1.,0.,0.));
#169 = ORIENTED_EDGE('',*,*,#170,.F.);
#170 = EDGE_CURVE('',#171,#163,#173,.T.);
#171 = VERTEX_POINT('',#172);
#172 = CARTESIAN_POINT('',(-1.2,-0.8,0.495));
#173 = CIRCLE('',#174,5.5E-02);
#174 = AXIS2_PLACEMENT_3D('',#175,#176,#177);
#175 = CARTESIAN_POINT('',(-1.255,-0.8,0.495));
#176 = DIRECTION('',(0.,-1.,0.));
#177 = DIRECTION('',(0.,0.,1.));
#178 = ORIENTED_EDGE('',*,*,#179,.F.);
#179 = EDGE_CURVE('',#180,#171,#182,.T.);
#180 = VERTEX_POINT('',#181);
#181 = CARTESIAN_POINT('',(-1.545,-0.8,0.495));
#182 = LINE('',#183,#184);
#183 = CARTESIAN_POINT('',(-1.545,-0.8,0.495));
#184 = VECTOR('',#185,1.);
#185 = DIRECTION('',(1.,0.,0.));
#186 = ORIENTED_EDGE('',*,*,#187,.F.);
#187 = EDGE_CURVE('',#188,#180,#190,.T.);
#188 = VERTEX_POINT('',#189);
#189 = CARTESIAN_POINT('',(-1.545,-0.8,5.5E-02));
#190 = LINE('',#191,#192);
#191 = CARTESIAN_POINT('',(-1.545,-0.8,5.5E-02));
#192 = VECTOR('',#193,1.);
#193 = DIRECTION('',(0.,0.,1.));
#194 = ORIENTED_EDGE('',*,*,#195,.T.);
#195 = EDGE_CURVE('',#188,#196,#198,.T.);
#196 = VERTEX_POINT('',#197);
#197 = CARTESIAN_POINT('',(-1.2,-0.8,5.5E-02));
#198 = LINE('',#199,#200);
#199 = CARTESIAN_POINT('',(-1.545,-0.8,5.5E-02));
#200 = VECTOR('',#201,1.);
#201 = DIRECTION('',(1.,0.,0.));
#202 = ORIENTED_EDGE('',*,*,#203,.T.);
#203 = EDGE_CURVE('',#196,#138,#204,.T.);
#204 = CIRCLE('',#205,5.5E-02);
#205 = AXIS2_PLACEMENT_3D('',#206,#207,#208);
#206 = CARTESIAN_POINT('',(-1.255,-0.8,5.5E-02));
#207 = DIRECTION('',(0.,1.,0.));
#208 = DIRECTION('',(0.,-0.,1.));
#209 = PLANE('',#210);
#210 = AXIS2_PLACEMENT_3D('',#211,#212,#213);
#211 = CARTESIAN_POINT('',(-1.6,-0.8,0.));
#212 = DIRECTION('',(0.,1.,0.));
#213 = DIRECTION('',(0.,-0.,1.));
#214 = ADVANCED_FACE('',(#215),#234,.T.);
#215 = FACE_BOUND('',#216,.T.);
#216 = EDGE_LOOP('',(#217,#218,#227,#233));
#217 = ORIENTED_EDGE('',*,*,#105,.T.);
#218 = ORIENTED_EDGE('',*,*,#219,.T.);
#219 = EDGE_CURVE('',#106,#220,#222,.T.);
#220 = VERTEX_POINT('',#221);
#221 = CARTESIAN_POINT('',(-1.545,0.8,0.));
#222 = CIRCLE('',#223,5.5E-02);
#223 = AXIS2_PLACEMENT_3D('',#224,#225,#226);
#224 = CARTESIAN_POINT('',(-1.545,0.8,5.5E-02));
#225 = DIRECTION('',(0.,-1.,0.));
#226 = DIRECTION('',(0.,0.,1.));
#227 = ORIENTED_EDGE('',*,*,#228,.F.);
#228 = EDGE_CURVE('',#136,#220,#229,.T.);
#229 = LINE('',#230,#231);
#230 = CARTESIAN_POINT('',(-1.545,-0.8,0.));
#231 = VECTOR('',#232,1.);
#232 = DIRECTION('',(0.,1.,0.));
#233 = ORIENTED_EDGE('',*,*,#145,.F.);
#234 = CYLINDRICAL_SURFACE('',#235,5.5E-02);
#235 = AXIS2_PLACEMENT_3D('',#236,#237,#238);
#236 = CARTESIAN_POINT('',(-1.545,-0.8,5.5E-02));
#237 = DIRECTION('',(0.,1.,0.));
#238 = DIRECTION('',(-1.,0.,0.));
#239 = ADVANCED_FACE('',(#240),#259,.T.);
#240 = FACE_BOUND('',#241,.T.);
#241 = EDGE_LOOP('',(#242,#243,#251,#258));
#242 = ORIENTED_EDGE('',*,*,#153,.T.);
#243 = ORIENTED_EDGE('',*,*,#244,.T.);
#244 = EDGE_CURVE('',#154,#245,#247,.T.);
#245 = VERTEX_POINT('',#246);
#246 = CARTESIAN_POINT('',(-1.545,0.8,0.55));
#247 = LINE('',#248,#249);
#248 = CARTESIAN_POINT('',(-1.545,-0.8,0.55));
#249 = VECTOR('',#250,1.);
#250 = DIRECTION('',(0.,1.,0.));
#251 = ORIENTED_EDGE('',*,*,#252,.F.);
#252 = EDGE_CURVE('',#114,#245,#253,.T.);
#253 = CIRCLE('',#254,5.5E-02);
#254 = AXIS2_PLACEMENT_3D('',#255,#256,#257);
#255 = CARTESIAN_POINT('',(-1.545,0.8,0.495));
#256 = DIRECTION('',(0.,1.,0.));
#257 = DIRECTION('',(0.,-0.,1.));
#258 = ORIENTED_EDGE('',*,*,#121,.F.);
#259 = CYLINDRICAL_SURFACE('',#260,5.5E-02);
#260 = AXIS2_PLACEMENT_3D('',#261,#262,#263);
#261 = CARTESIAN_POINT('',(-1.545,-0.8,0.495));
#262 = DIRECTION('',(0.,1.,0.));
#263 = DIRECTION('',(-1.,0.,0.));
#264 = ADVANCED_FACE('',(#265),#326,.T.);
#265 = FACE_BOUND('',#266,.T.);
#266 = EDGE_LOOP('',(#267,#275,#276,#277,#278,#286,#295,#303,#311,#319)
  );
#267 = ORIENTED_EDGE('',*,*,#268,.F.);
#268 = EDGE_CURVE('',#220,#269,#271,.T.);
#269 = VERTEX_POINT('',#270);
#270 = CARTESIAN_POINT('',(-1.255,0.8,0.));
#271 = LINE('',#272,#273);
#272 = CARTESIAN_POINT('',(-1.6,0.8,0.));
#273 = VECTOR('',#274,1.);
#274 = DIRECTION('',(1.,0.,0.));
#275 = ORIENTED_EDGE('',*,*,#219,.F.);
#276 = ORIENTED_EDGE('',*,*,#113,.T.);
#277 = ORIENTED_EDGE('',*,*,#252,.T.);
#278 = ORIENTED_EDGE('',*,*,#279,.T.);
#279 = EDGE_CURVE('',#245,#280,#282,.T.);
#280 = VERTEX_POINT('',#281);
#281 = CARTESIAN_POINT('',(-1.255,0.8,0.55));
#282 = LINE('',#283,#284);
#283 = CARTESIAN_POINT('',(-1.6,0.8,0.55));
#284 = VECTOR('',#285,1.);
#285 = DIRECTION('',(1.,0.,0.));
#286 = ORIENTED_EDGE('',*,*,#287,.F.);
#287 = EDGE_CURVE('',#288,#280,#290,.T.);
#288 = VERTEX_POINT('',#289);
#289 = CARTESIAN_POINT('',(-1.2,0.8,0.495));
#290 = CIRCLE('',#291,5.5E-02);
#291 = AXIS2_PLACEMENT_3D('',#292,#293,#294);
#292 = CARTESIAN_POINT('',(-1.255,0.8,0.495));
#293 = DIRECTION('',(0.,-1.,0.));
#294 = DIRECTION('',(0.,0.,1.));
#295 = ORIENTED_EDGE('',*,*,#296,.F.);
#296 = EDGE_CURVE('',#297,#288,#299,.T.);
#297 = VERTEX_POINT('',#298);
#298 = CARTESIAN_POINT('',(-1.545,0.8,0.495));
#299 = LINE('',#300,#301);
#300 = CARTESIAN_POINT('',(-1.545,0.8,0.495));
#301 = VECTOR('',#302,1.);
#302 = DIRECTION('',(1.,0.,0.));
#303 = ORIENTED_EDGE('',*,*,#304,.F.);
#304 = EDGE_CURVE('',#305,#297,#307,.T.);
#305 = VERTEX_POINT('',#306);
#306 = CARTESIAN_POINT('',(-1.545,0.8,5.5E-02));
#307 = LINE('',#308,#309);
#308 = CARTESIAN_POINT('',(-1.545,0.8,5.5E-02));
#309 = VECTOR('',#310,1.);
#310 = DIRECTION('',(0.,0.,1.));
#311 = ORIENTED_EDGE('',*,*,#312,.T.);
#312 = EDGE_CURVE('',#305,#313,#315,.T.);
#313 = VERTEX_POINT('',#314);
#314 = CARTESIAN_POINT('',(-1.2,0.8,5.5E-02));
#315 = LINE('',#316,#317);
#316 = CARTESIAN_POINT('',(-1.545,0.8,5.5E-02));
#317 = VECTOR('',#318,1.);
#318 = DIRECTION('',(1.,0.,0.));
#319 = ORIENTED_EDGE('',*,*,#320,.T.);
#320 = EDGE_CURVE('',#313,#269,#321,.T.);
#321 = CIRCLE('',#322,5.5E-02);
#322 = AXIS2_PLACEMENT_3D('',#323,#324,#325);
#323 = CARTESIAN_POINT('',(-1.255,0.8,5.5E-02));
#324 = DIRECTION('',(0.,1.,0.));
#325 = DIRECTION('',(0.,-0.,1.));
#326 = PLANE('',#327);
#327 = AXIS2_PLACEMENT_3D('',#328,#329,#330);
#328 = CARTESIAN_POINT('',(-1.6,0.8,0.));
#329 = DIRECTION('',(0.,1.,0.));
#330 = DIRECTION('',(0.,-0.,1.));
#331 = ADVANCED_FACE('',(#332),#343,.F.);
#332 = FACE_BOUND('',#333,.F.);
#333 = EDGE_LOOP('',(#334,#335,#336,#337));
#334 = ORIENTED_EDGE('',*,*,#268,.F.);
#335 = ORIENTED_EDGE('',*,*,#228,.F.);
#336 = ORIENTED_EDGE('',*,*,#135,.T.);
#337 = ORIENTED_EDGE('',*,*,#338,.T.);
#338 = EDGE_CURVE('',#138,#269,#339,.T.);
#339 = LINE('',#340,#341);
#340 = CARTESIAN_POINT('',(-1.255,-0.8,0.));
#341 = VECTOR('',#342,1.);
#342 = DIRECTION('',(0.,1.,0.));
#343 = PLANE('',#344);
#344 = AXIS2_PLACEMENT_3D('',#345,#346,#347);
#345 = CARTESIAN_POINT('',(-1.6,-0.8,0.));
#346 = DIRECTION('',(0.,0.,1.));
#347 = DIRECTION('',(1.,0.,-0.));
#348 = ADVANCED_FACE('',(#349),#360,.T.);
#349 = FACE_BOUND('',#350,.T.);
#350 = EDGE_LOOP('',(#351,#352,#353,#354));
#351 = ORIENTED_EDGE('',*,*,#203,.T.);
#352 = ORIENTED_EDGE('',*,*,#338,.T.);
#353 = ORIENTED_EDGE('',*,*,#320,.F.);
#354 = ORIENTED_EDGE('',*,*,#355,.F.);
#355 = EDGE_CURVE('',#196,#313,#356,.T.);
#356 = LINE('',#357,#358);
#357 = CARTESIAN_POINT('',(-1.2,-0.8,5.5E-02));
#358 = VECTOR('',#359,1.);
#359 = DIRECTION('',(0.,1.,0.));
#360 = CYLINDRICAL_SURFACE('',#361,5.5E-02);
#361 = AXIS2_PLACEMENT_3D('',#362,#363,#364);
#362 = CARTESIAN_POINT('',(-1.255,-0.8,5.5E-02));
#363 = DIRECTION('',(0.,1.,0.));
#364 = DIRECTION('',(1.,0.,0.));
#365 = ADVANCED_FACE('',(#366),#409,.F.);
#366 = FACE_BOUND('',#367,.F.);
#367 = EDGE_LOOP('',(#368,#369,#370,#371,#379,#387,#395,#403));
#368 = ORIENTED_EDGE('',*,*,#195,.F.);
#369 = ORIENTED_EDGE('',*,*,#187,.T.);
#370 = ORIENTED_EDGE('',*,*,#179,.T.);
#371 = ORIENTED_EDGE('',*,*,#372,.T.);
#372 = EDGE_CURVE('',#171,#373,#375,.T.);
#373 = VERTEX_POINT('',#374);
#374 = CARTESIAN_POINT('',(1.2,-0.8,0.495));
#375 = LINE('',#376,#377);
#376 = CARTESIAN_POINT('',(-1.2,-0.8,0.495));
#377 = VECTOR('',#378,1.);
#378 = DIRECTION('',(1.,0.,0.));
#379 = ORIENTED_EDGE('',*,*,#380,.T.);
#380 = EDGE_CURVE('',#373,#381,#383,.T.);
#381 = VERTEX_POINT('',#382);
#382 = CARTESIAN_POINT('',(1.545,-0.8,0.495));
#383 = LINE('',#384,#385);
#384 = CARTESIAN_POINT('',(-1.545,-0.8,0.495));
#385 = VECTOR('',#386,1.);
#386 = DIRECTION('',(1.,0.,0.));
#387 = ORIENTED_EDGE('',*,*,#388,.F.);
#388 = EDGE_CURVE('',#389,#381,#391,.T.);
#389 = VERTEX_POINT('',#390);
#390 = CARTESIAN_POINT('',(1.545,-0.8,5.5E-02));
#391 = LINE('',#392,#393);
#392 = CARTESIAN_POINT('',(1.545,-0.8,5.5E-02));
#393 = VECTOR('',#394,1.);
#394 = DIRECTION('',(0.,0.,1.));
#395 = ORIENTED_EDGE('',*,*,#396,.F.);
#396 = EDGE_CURVE('',#397,#389,#399,.T.);
#397 = VERTEX_POINT('',#398);
#398 = CARTESIAN_POINT('',(1.2,-0.8,5.5E-02));
#399 = LINE('',#400,#401);
#400 = CARTESIAN_POINT('',(-1.545,-0.8,5.5E-02));
#401 = VECTOR('',#402,1.);
#402 = DIRECTION('',(1.,0.,0.));
#403 = ORIENTED_EDGE('',*,*,#404,.F.);
#404 = EDGE_CURVE('',#196,#397,#405,.T.);
#405 = LINE('',#406,#407);
#406 = CARTESIAN_POINT('',(-1.545,-0.8,5.5E-02));
#407 = VECTOR('',#408,1.);
#408 = DIRECTION('',(1.,0.,0.));
#409 = PLANE('',#410);
#410 = AXIS2_PLACEMENT_3D('',#411,#412,#413);
#411 = CARTESIAN_POINT('',(-1.545,-0.8,5.5E-02));
#412 = DIRECTION('',(0.,1.,0.));
#413 = DIRECTION('',(0.,-0.,1.));
#414 = ADVANCED_FACE('',(#415),#426,.T.);
#415 = FACE_BOUND('',#416,.T.);
#416 = EDGE_LOOP('',(#417,#418,#419,#420));
#417 = ORIENTED_EDGE('',*,*,#279,.F.);
#418 = ORIENTED_EDGE('',*,*,#244,.F.);
#419 = ORIENTED_EDGE('',*,*,#162,.T.);
#420 = ORIENTED_EDGE('',*,*,#421,.T.);
#421 = EDGE_CURVE('',#163,#280,#422,.T.);
#422 = LINE('',#423,#424);
#423 = CARTESIAN_POINT('',(-1.255,-0.8,0.55));
#424 = VECTOR('',#425,1.);
#425 = DIRECTION('',(0.,1.,0.));
#426 = PLANE('',#427);
#427 = AXIS2_PLACEMENT_3D('',#428,#429,#430);
#428 = CARTESIAN_POINT('',(-1.6,-0.8,0.55));
#429 = DIRECTION('',(0.,0.,1.));
#430 = DIRECTION('',(1.,0.,-0.));
#431 = ADVANCED_FACE('',(#432),#443,.T.);
#432 = FACE_BOUND('',#433,.T.);
#433 = EDGE_LOOP('',(#434,#440,#441,#442));
#434 = ORIENTED_EDGE('',*,*,#435,.T.);
#435 = EDGE_CURVE('',#171,#288,#436,.T.);
#436 = LINE('',#437,#438);
#437 = CARTESIAN_POINT('',(-1.2,-0.8,0.495));
#438 = VECTOR('',#439,1.);
#439 = DIRECTION('',(0.,1.,0.));
#440 = ORIENTED_EDGE('',*,*,#287,.T.);
#441 = ORIENTED_EDGE('',*,*,#421,.F.);
#442 = ORIENTED_EDGE('',*,*,#170,.F.);
#443 = CYLINDRICAL_SURFACE('',#444,5.5E-02);
#444 = AXIS2_PLACEMENT_3D('',#445,#446,#447);
#445 = CARTESIAN_POINT('',(-1.255,-0.8,0.495));
#446 = DIRECTION('',(0.,1.,0.));
#447 = DIRECTION('',(1.,0.,0.));
#448 = ADVANCED_FACE('',(#449),#492,.T.);
#449 = FACE_BOUND('',#450,.T.);
#450 = EDGE_LOOP('',(#451,#452,#453,#454,#462,#470,#478,#486));
#451 = ORIENTED_EDGE('',*,*,#312,.F.);
#452 = ORIENTED_EDGE('',*,*,#304,.T.);
#453 = ORIENTED_EDGE('',*,*,#296,.T.);
#454 = ORIENTED_EDGE('',*,*,#455,.T.);
#455 = EDGE_CURVE('',#288,#456,#458,.T.);
#456 = VERTEX_POINT('',#457);
#457 = CARTESIAN_POINT('',(1.2,0.8,0.495));
#458 = LINE('',#459,#460);
#459 = CARTESIAN_POINT('',(-1.2,0.8,0.495));
#460 = VECTOR('',#461,1.);
#461 = DIRECTION('',(1.,0.,0.));
#462 = ORIENTED_EDGE('',*,*,#463,.T.);
#463 = EDGE_CURVE('',#456,#464,#466,.T.);
#464 = VERTEX_POINT('',#465);
#465 = CARTESIAN_POINT('',(1.545,0.8,0.495));
#466 = LINE('',#467,#468);
#467 = CARTESIAN_POINT('',(-1.545,0.8,0.495));
#468 = VECTOR('',#469,1.);
#469 = DIRECTION('',(1.,0.,0.));
#470 = ORIENTED_EDGE('',*,*,#471,.F.);
#471 = EDGE_CURVE('',#472,#464,#474,.T.);
#472 = VERTEX_POINT('',#473);
#473 = CARTESIAN_POINT('',(1.545,0.8,5.5E-02));
#474 = LINE('',#475,#476);
#475 = CARTESIAN_POINT('',(1.545,0.8,5.5E-02));
#476 = VECTOR('',#477,1.);
#477 = DIRECTION('',(0.,0.,1.));
#478 = ORIENTED_EDGE('',*,*,#479,.F.);
#479 = EDGE_CURVE('',#480,#472,#482,.T.);
#480 = VERTEX_POINT('',#481);
#481 = CARTESIAN_POINT('',(1.2,0.8,5.5E-02));
#482 = LINE('',#483,#484);
#483 = CARTESIAN_POINT('',(-1.545,0.8,5.5E-02));
#484 = VECTOR('',#485,1.);
#485 = DIRECTION('',(1.,0.,0.));
#486 = ORIENTED_EDGE('',*,*,#487,.F.);
#487 = EDGE_CURVE('',#313,#480,#488,.T.);
#488 = LINE('',#489,#490);
#489 = CARTESIAN_POINT('',(-1.545,0.8,5.5E-02));
#490 = VECTOR('',#491,1.);
#491 = DIRECTION('',(1.,0.,0.));
#492 = PLANE('',#493);
#493 = AXIS2_PLACEMENT_3D('',#494,#495,#496);
#494 = CARTESIAN_POINT('',(-1.545,0.8,5.5E-02));
#495 = DIRECTION('',(0.,1.,0.));
#496 = DIRECTION('',(0.,-0.,1.));
#497 = ADVANCED_FACE('',(#498),#509,.F.);
#498 = FACE_BOUND('',#499,.F.);
#499 = EDGE_LOOP('',(#500,#501,#502,#508));
#500 = ORIENTED_EDGE('',*,*,#355,.F.);
#501 = ORIENTED_EDGE('',*,*,#404,.T.);
#502 = ORIENTED_EDGE('',*,*,#503,.T.);
#503 = EDGE_CURVE('',#397,#480,#504,.T.);
#504 = LINE('',#505,#506);
#505 = CARTESIAN_POINT('',(1.2,-0.8,5.5E-02));
#506 = VECTOR('',#507,1.);
#507 = DIRECTION('',(0.,1.,0.));
#508 = ORIENTED_EDGE('',*,*,#487,.F.);
#509 = PLANE('',#510);
#510 = AXIS2_PLACEMENT_3D('',#511,#512,#513);
#511 = CARTESIAN_POINT('',(-1.545,-0.8,5.5E-02));
#512 = DIRECTION('',(0.,0.,1.));
#513 = DIRECTION('',(1.,0.,-0.));
#514 = ADVANCED_FACE('',(#515),#578,.F.);
#515 = FACE_BOUND('',#516,.F.);
#516 = EDGE_LOOP('',(#517,#527,#534,#535,#536,#537,#546,#554,#563,#571)
  );
#517 = ORIENTED_EDGE('',*,*,#518,.F.);
#518 = EDGE_CURVE('',#519,#521,#523,.T.);
#519 = VERTEX_POINT('',#520);
#520 = CARTESIAN_POINT('',(1.255,-0.8,0.));
#521 = VERTEX_POINT('',#522);
#522 = CARTESIAN_POINT('',(1.545,-0.8,0.));
#523 = LINE('',#524,#525);
#524 = CARTESIAN_POINT('',(1.2,-0.8,0.));
#525 = VECTOR('',#526,1.);
#526 = DIRECTION('',(1.,0.,0.));
#527 = ORIENTED_EDGE('',*,*,#528,.F.);
#528 = EDGE_CURVE('',#397,#519,#529,.T.);
#529 = CIRCLE('',#530,5.5E-02);
#530 = AXIS2_PLACEMENT_3D('',#531,#532,#533);
#531 = CARTESIAN_POINT('',(1.255,-0.8,5.5E-02));
#532 = DIRECTION('',(0.,-1.,0.));
#533 = DIRECTION('',(0.,0.,1.));
#534 = ORIENTED_EDGE('',*,*,#396,.T.);
#535 = ORIENTED_EDGE('',*,*,#388,.T.);
#536 = ORIENTED_EDGE('',*,*,#380,.F.);
#537 = ORIENTED_EDGE('',*,*,#538,.T.);
#538 = EDGE_CURVE('',#373,#539,#541,.T.);
#539 = VERTEX_POINT('',#540);
#540 = CARTESIAN_POINT('',(1.255,-0.8,0.55));
#541 = CIRCLE('',#542,5.5E-02);
#542 = AXIS2_PLACEMENT_3D('',#543,#544,#545);
#543 = CARTESIAN_POINT('',(1.255,-0.8,0.495));
#544 = DIRECTION('',(0.,1.,0.));
#545 = DIRECTION('',(0.,-0.,1.));
#546 = ORIENTED_EDGE('',*,*,#547,.T.);
#547 = EDGE_CURVE('',#539,#548,#550,.T.);
#548 = VERTEX_POINT('',#549);
#549 = CARTESIAN_POINT('',(1.545,-0.8,0.55));
#550 = LINE('',#551,#552);
#551 = CARTESIAN_POINT('',(1.2,-0.8,0.55));
#552 = VECTOR('',#553,1.);
#553 = DIRECTION('',(1.,0.,0.));
#554 = ORIENTED_EDGE('',*,*,#555,.F.);
#555 = EDGE_CURVE('',#556,#548,#558,.T.);
#556 = VERTEX_POINT('',#557);
#557 = CARTESIAN_POINT('',(1.6,-0.8,0.495));
#558 = CIRCLE('',#559,5.5E-02);
#559 = AXIS2_PLACEMENT_3D('',#560,#561,#562);
#560 = CARTESIAN_POINT('',(1.545,-0.8,0.495));
#561 = DIRECTION('',(0.,-1.,0.));
#562 = DIRECTION('',(0.,0.,1.));
#563 = ORIENTED_EDGE('',*,*,#564,.F.);
#564 = EDGE_CURVE('',#565,#556,#567,.T.);
#565 = VERTEX_POINT('',#566);
#566 = CARTESIAN_POINT('',(1.6,-0.8,5.5E-02));
#567 = LINE('',#568,#569);
#568 = CARTESIAN_POINT('',(1.6,-0.8,0.));
#569 = VECTOR('',#570,1.);
#570 = DIRECTION('',(0.,0.,1.));
#571 = ORIENTED_EDGE('',*,*,#572,.T.);
#572 = EDGE_CURVE('',#565,#521,#573,.T.);
#573 = CIRCLE('',#574,5.5E-02);
#574 = AXIS2_PLACEMENT_3D('',#575,#576,#577);
#575 = CARTESIAN_POINT('',(1.545,-0.8,5.5E-02));
#576 = DIRECTION('',(0.,1.,0.));
#577 = DIRECTION('',(0.,-0.,1.));
#578 = PLANE('',#579);
#579 = AXIS2_PLACEMENT_3D('',#580,#581,#582);
#580 = CARTESIAN_POINT('',(1.2,-0.8,0.));
#581 = DIRECTION('',(0.,1.,0.));
#582 = DIRECTION('',(0.,-0.,1.));
#583 = ADVANCED_FACE('',(#584),#609,.F.);
#584 = FACE_BOUND('',#585,.F.);
#585 = EDGE_LOOP('',(#586,#587,#595,#603));
#586 = ORIENTED_EDGE('',*,*,#372,.F.);
#587 = ORIENTED_EDGE('',*,*,#588,.T.);
#588 = EDGE_CURVE('',#171,#589,#591,.T.);
#589 = VERTEX_POINT('',#590);
#590 = CARTESIAN_POINT('',(-1.2,-0.8,0.55));
#591 = LINE('',#592,#593);
#592 = CARTESIAN_POINT('',(-1.2,-0.8,0.495));
#593 = VECTOR('',#594,1.);
#594 = DIRECTION('',(0.,0.,1.));
#595 = ORIENTED_EDGE('',*,*,#596,.T.);
#596 = EDGE_CURVE('',#589,#597,#599,.T.);
#597 = VERTEX_POINT('',#598);
#598 = CARTESIAN_POINT('',(1.2,-0.8,0.55));
#599 = LINE('',#600,#601);
#600 = CARTESIAN_POINT('',(-1.2,-0.8,0.55));
#601 = VECTOR('',#602,1.);
#602 = DIRECTION('',(1.,0.,0.));
#603 = ORIENTED_EDGE('',*,*,#604,.F.);
#604 = EDGE_CURVE('',#373,#597,#605,.T.);
#605 = LINE('',#606,#607);
#606 = CARTESIAN_POINT('',(1.2,-0.8,0.495));
#607 = VECTOR('',#608,1.);
#608 = DIRECTION('',(0.,0.,1.));
#609 = PLANE('',#610);
#610 = AXIS2_PLACEMENT_3D('',#611,#612,#613);
#611 = CARTESIAN_POINT('',(-1.2,-0.8,0.495));
#612 = DIRECTION('',(0.,1.,0.));
#613 = DIRECTION('',(0.,-0.,1.));
#614 = ADVANCED_FACE('',(#615),#633,.F.);
#615 = FACE_BOUND('',#616,.F.);
#616 = EDGE_LOOP('',(#617,#618,#619,#627));
#617 = ORIENTED_EDGE('',*,*,#588,.F.);
#618 = ORIENTED_EDGE('',*,*,#435,.T.);
#619 = ORIENTED_EDGE('',*,*,#620,.T.);
#620 = EDGE_CURVE('',#288,#621,#623,.T.);
#621 = VERTEX_POINT('',#622);
#622 = CARTESIAN_POINT('',(-1.2,0.8,0.55));
#623 = LINE('',#624,#625);
#624 = CARTESIAN_POINT('',(-1.2,0.8,0.495));
#625 = VECTOR('',#626,1.);
#626 = DIRECTION('',(0.,0.,1.));
#627 = ORIENTED_EDGE('',*,*,#628,.F.);
#628 = EDGE_CURVE('',#589,#621,#629,.T.);
#629 = LINE('',#630,#631);
#630 = CARTESIAN_POINT('',(-1.2,-0.8,0.55));
#631 = VECTOR('',#632,1.);
#632 = DIRECTION('',(0.,1.,0.));
#633 = PLANE('',#634);
#634 = AXIS2_PLACEMENT_3D('',#635,#636,#637);
#635 = CARTESIAN_POINT('',(-1.2,-0.8,0.495));
#636 = DIRECTION('',(1.,0.,0.));
#637 = DIRECTION('',(0.,0.,1.));
#638 = ADVANCED_FACE('',(#639),#702,.T.);
#639 = FACE_BOUND('',#640,.T.);
#640 = EDGE_LOOP('',(#641,#651,#658,#659,#660,#661,#670,#678,#687,#695)
  );
#641 = ORIENTED_EDGE('',*,*,#642,.F.);
#642 = EDGE_CURVE('',#643,#645,#647,.T.);
#643 = VERTEX_POINT('',#644);
#644 = CARTESIAN_POINT('',(1.255,0.8,0.));
#645 = VERTEX_POINT('',#646);
#646 = CARTESIAN_POINT('',(1.545,0.8,0.));
#647 = LINE('',#648,#649);
#648 = CARTESIAN_POINT('',(1.2,0.8,0.));
#649 = VECTOR('',#650,1.);
#650 = DIRECTION('',(1.,0.,0.));
#651 = ORIENTED_EDGE('',*,*,#652,.F.);
#652 = EDGE_CURVE('',#480,#643,#653,.T.);
#653 = CIRCLE('',#654,5.5E-02);
#654 = AXIS2_PLACEMENT_3D('',#655,#656,#657);
#655 = CARTESIAN_POINT('',(1.255,0.8,5.5E-02));
#656 = DIRECTION('',(0.,-1.,0.));
#657 = DIRECTION('',(0.,0.,1.));
#658 = ORIENTED_EDGE('',*,*,#479,.T.);
#659 = ORIENTED_EDGE('',*,*,#471,.T.);
#660 = ORIENTED_EDGE('',*,*,#463,.F.);
#661 = ORIENTED_EDGE('',*,*,#662,.T.);
#662 = EDGE_CURVE('',#456,#663,#665,.T.);
#663 = VERTEX_POINT('',#664);
#664 = CARTESIAN_POINT('',(1.255,0.8,0.55));
#665 = CIRCLE('',#666,5.5E-02);
#666 = AXIS2_PLACEMENT_3D('',#667,#668,#669);
#667 = CARTESIAN_POINT('',(1.255,0.8,0.495));
#668 = DIRECTION('',(0.,1.,0.));
#669 = DIRECTION('',(0.,-0.,1.));
#670 = ORIENTED_EDGE('',*,*,#671,.T.);
#671 = EDGE_CURVE('',#663,#672,#674,.T.);
#672 = VERTEX_POINT('',#673);
#673 = CARTESIAN_POINT('',(1.545,0.8,0.55));
#674 = LINE('',#675,#676);
#675 = CARTESIAN_POINT('',(1.2,0.8,0.55));
#676 = VECTOR('',#677,1.);
#677 = DIRECTION('',(1.,0.,0.));
#678 = ORIENTED_EDGE('',*,*,#679,.F.);
#679 = EDGE_CURVE('',#680,#672,#682,.T.);
#680 = VERTEX_POINT('',#681);
#681 = CARTESIAN_POINT('',(1.6,0.8,0.495));
#682 = CIRCLE('',#683,5.5E-02);
#683 = AXIS2_PLACEMENT_3D('',#684,#685,#686);
#684 = CARTESIAN_POINT('',(1.545,0.8,0.495));
#685 = DIRECTION('',(0.,-1.,0.));
#686 = DIRECTION('',(0.,0.,1.));
#687 = ORIENTED_EDGE('',*,*,#688,.F.);
#688 = EDGE_CURVE('',#689,#680,#691,.T.);
#689 = VERTEX_POINT('',#690);
#690 = CARTESIAN_POINT('',(1.6,0.8,5.5E-02));
#691 = LINE('',#692,#693);
#692 = CARTESIAN_POINT('',(1.6,0.8,0.));
#693 = VECTOR('',#694,1.);
#694 = DIRECTION('',(0.,0.,1.));
#695 = ORIENTED_EDGE('',*,*,#696,.T.);
#696 = EDGE_CURVE('',#689,#645,#697,.T.);
#697 = CIRCLE('',#698,5.5E-02);
#698 = AXIS2_PLACEMENT_3D('',#699,#700,#701);
#699 = CARTESIAN_POINT('',(1.545,0.8,5.5E-02));
#700 = DIRECTION('',(0.,1.,0.));
#701 = DIRECTION('',(0.,-0.,1.));
#702 = PLANE('',#703);
#703 = AXIS2_PLACEMENT_3D('',#704,#705,#706);
#704 = CARTESIAN_POINT('',(1.2,0.8,0.));
#705 = DIRECTION('',(0.,1.,0.));
#706 = DIRECTION('',(0.,-0.,1.));
#707 = ADVANCED_FACE('',(#708),#726,.T.);
#708 = FACE_BOUND('',#709,.T.);
#709 = EDGE_LOOP('',(#710,#711,#712,#720));
#710 = ORIENTED_EDGE('',*,*,#455,.F.);
#711 = ORIENTED_EDGE('',*,*,#620,.T.);
#712 = ORIENTED_EDGE('',*,*,#713,.T.);
#713 = EDGE_CURVE('',#621,#714,#716,.T.);
#714 = VERTEX_POINT('',#715);
#715 = CARTESIAN_POINT('',(1.2,0.8,0.55));
#716 = LINE('',#717,#718);
#717 = CARTESIAN_POINT('',(-1.2,0.8,0.55));
#718 = VECTOR('',#719,1.);
#719 = DIRECTION('',(1.,0.,0.));
#720 = ORIENTED_EDGE('',*,*,#721,.F.);
#721 = EDGE_CURVE('',#456,#714,#722,.T.);
#722 = LINE('',#723,#724);
#723 = CARTESIAN_POINT('',(1.2,0.8,0.495));
#724 = VECTOR('',#725,1.);
#725 = DIRECTION('',(0.,0.,1.));
#726 = PLANE('',#727);
#727 = AXIS2_PLACEMENT_3D('',#728,#729,#730);
#728 = CARTESIAN_POINT('',(-1.2,0.8,0.495));
#729 = DIRECTION('',(0.,1.,0.));
#730 = DIRECTION('',(0.,-0.,1.));
#731 = ADVANCED_FACE('',(#732),#743,.T.);
#732 = FACE_BOUND('',#733,.T.);
#733 = EDGE_LOOP('',(#734,#735,#736,#742));
#734 = ORIENTED_EDGE('',*,*,#503,.T.);
#735 = ORIENTED_EDGE('',*,*,#652,.T.);
#736 = ORIENTED_EDGE('',*,*,#737,.F.);
#737 = EDGE_CURVE('',#519,#643,#738,.T.);
#738 = LINE('',#739,#740);
#739 = CARTESIAN_POINT('',(1.255,-0.8,0.));
#740 = VECTOR('',#741,1.);
#741 = DIRECTION('',(0.,1.,0.));
#742 = ORIENTED_EDGE('',*,*,#528,.F.);
#743 = CYLINDRICAL_SURFACE('',#744,5.5E-02);
#744 = AXIS2_PLACEMENT_3D('',#745,#746,#747);
#745 = CARTESIAN_POINT('',(1.255,-0.8,5.5E-02));
#746 = DIRECTION('',(0.,1.,0.));
#747 = DIRECTION('',(-1.,0.,0.));
#748 = ADVANCED_FACE('',(#749),#760,.F.);
#749 = FACE_BOUND('',#750,.F.);
#750 = EDGE_LOOP('',(#751,#752,#753,#754));
#751 = ORIENTED_EDGE('',*,*,#642,.F.);
#752 = ORIENTED_EDGE('',*,*,#737,.F.);
#753 = ORIENTED_EDGE('',*,*,#518,.T.);
#754 = ORIENTED_EDGE('',*,*,#755,.T.);
#755 = EDGE_CURVE('',#521,#645,#756,.T.);
#756 = LINE('',#757,#758);
#757 = CARTESIAN_POINT('',(1.545,-0.8,0.));
#758 = VECTOR('',#759,1.);
#759 = DIRECTION('',(0.,1.,0.));
#760 = PLANE('',#761);
#761 = AXIS2_PLACEMENT_3D('',#762,#763,#764);
#762 = CARTESIAN_POINT('',(1.2,-0.8,0.));
#763 = DIRECTION('',(0.,0.,1.));
#764 = DIRECTION('',(1.,0.,-0.));
#765 = ADVANCED_FACE('',(#766),#777,.T.);
#766 = FACE_BOUND('',#767,.T.);
#767 = EDGE_LOOP('',(#768,#769,#770,#771));
#768 = ORIENTED_EDGE('',*,*,#572,.T.);
#769 = ORIENTED_EDGE('',*,*,#755,.T.);
#770 = ORIENTED_EDGE('',*,*,#696,.F.);
#771 = ORIENTED_EDGE('',*,*,#772,.F.);
#772 = EDGE_CURVE('',#565,#689,#773,.T.);
#773 = LINE('',#774,#775);
#774 = CARTESIAN_POINT('',(1.6,-0.8,5.5E-02));
#775 = VECTOR('',#776,1.);
#776 = DIRECTION('',(0.,1.,0.));
#777 = CYLINDRICAL_SURFACE('',#778,5.5E-02);
#778 = AXIS2_PLACEMENT_3D('',#779,#780,#781);
#779 = CARTESIAN_POINT('',(1.545,-0.8,5.5E-02));
#780 = DIRECTION('',(0.,1.,0.));
#781 = DIRECTION('',(1.,0.,0.));
#782 = ADVANCED_FACE('',(#783),#794,.T.);
#783 = FACE_BOUND('',#784,.T.);
#784 = EDGE_LOOP('',(#785,#786,#787,#788));
#785 = ORIENTED_EDGE('',*,*,#564,.F.);
#786 = ORIENTED_EDGE('',*,*,#772,.T.);
#787 = ORIENTED_EDGE('',*,*,#688,.T.);
#788 = ORIENTED_EDGE('',*,*,#789,.F.);
#789 = EDGE_CURVE('',#556,#680,#790,.T.);
#790 = LINE('',#791,#792);
#791 = CARTESIAN_POINT('',(1.6,-0.8,0.495));
#792 = VECTOR('',#793,1.);
#793 = DIRECTION('',(0.,1.,0.));
#794 = PLANE('',#795);
#795 = AXIS2_PLACEMENT_3D('',#796,#797,#798);
#796 = CARTESIAN_POINT('',(1.6,-0.8,0.));
#797 = DIRECTION('',(1.,0.,0.));
#798 = DIRECTION('',(0.,0.,1.));
#799 = ADVANCED_FACE('',(#800),#811,.T.);
#800 = FACE_BOUND('',#801,.T.);
#801 = EDGE_LOOP('',(#802,#803,#804,#810));
#802 = ORIENTED_EDGE('',*,*,#789,.T.);
#803 = ORIENTED_EDGE('',*,*,#679,.T.);
#804 = ORIENTED_EDGE('',*,*,#805,.F.);
#805 = EDGE_CURVE('',#548,#672,#806,.T.);
#806 = LINE('',#807,#808);
#807 = CARTESIAN_POINT('',(1.545,-0.8,0.55));
#808 = VECTOR('',#809,1.);
#809 = DIRECTION('',(0.,1.,0.));
#810 = ORIENTED_EDGE('',*,*,#555,.F.);
#811 = CYLINDRICAL_SURFACE('',#812,5.5E-02);
#812 = AXIS2_PLACEMENT_3D('',#813,#814,#815);
#813 = CARTESIAN_POINT('',(1.545,-0.8,0.495));
#814 = DIRECTION('',(0.,1.,0.));
#815 = DIRECTION('',(1.,0.,0.));
#816 = ADVANCED_FACE('',(#817),#828,.T.);
#817 = FACE_BOUND('',#818,.T.);
#818 = EDGE_LOOP('',(#819,#820,#826,#827));
#819 = ORIENTED_EDGE('',*,*,#671,.F.);
#820 = ORIENTED_EDGE('',*,*,#821,.F.);
#821 = EDGE_CURVE('',#539,#663,#822,.T.);
#822 = LINE('',#823,#824);
#823 = CARTESIAN_POINT('',(1.255,-0.8,0.55));
#824 = VECTOR('',#825,1.);
#825 = DIRECTION('',(0.,1.,0.));
#826 = ORIENTED_EDGE('',*,*,#547,.T.);
#827 = ORIENTED_EDGE('',*,*,#805,.T.);
#828 = PLANE('',#829);
#829 = AXIS2_PLACEMENT_3D('',#830,#831,#832);
#830 = CARTESIAN_POINT('',(1.2,-0.8,0.55));
#831 = DIRECTION('',(0.,0.,1.));
#832 = DIRECTION('',(1.,0.,-0.));
#833 = ADVANCED_FACE('',(#834),#845,.T.);
#834 = FACE_BOUND('',#835,.T.);
#835 = EDGE_LOOP('',(#836,#837,#838,#839));
#836 = ORIENTED_EDGE('',*,*,#538,.T.);
#837 = ORIENTED_EDGE('',*,*,#821,.T.);
#838 = ORIENTED_EDGE('',*,*,#662,.F.);
#839 = ORIENTED_EDGE('',*,*,#840,.F.);
#840 = EDGE_CURVE('',#373,#456,#841,.T.);
#841 = LINE('',#842,#843);
#842 = CARTESIAN_POINT('',(1.2,-0.8,0.495));
#843 = VECTOR('',#844,1.);
#844 = DIRECTION('',(0.,1.,0.));
#845 = CYLINDRICAL_SURFACE('',#846,5.5E-02);
#846 = AXIS2_PLACEMENT_3D('',#847,#848,#849);
#847 = CARTESIAN_POINT('',(1.255,-0.8,0.495));
#848 = DIRECTION('',(0.,1.,0.));
#849 = DIRECTION('',(-1.,0.,0.));
#850 = ADVANCED_FACE('',(#851),#862,.T.);
#851 = FACE_BOUND('',#852,.T.);
#852 = EDGE_LOOP('',(#853,#854,#855,#856));
#853 = ORIENTED_EDGE('',*,*,#604,.F.);
#854 = ORIENTED_EDGE('',*,*,#840,.T.);
#855 = ORIENTED_EDGE('',*,*,#721,.T.);
#856 = ORIENTED_EDGE('',*,*,#857,.F.);
#857 = EDGE_CURVE('',#597,#714,#858,.T.);
#858 = LINE('',#859,#860);
#859 = CARTESIAN_POINT('',(1.2,-0.8,0.55));
#860 = VECTOR('',#861,1.);
#861 = DIRECTION('',(0.,1.,0.));
#862 = PLANE('',#863);
#863 = AXIS2_PLACEMENT_3D('',#864,#865,#866);
#864 = CARTESIAN_POINT('',(1.2,-0.8,0.495));
#865 = DIRECTION('',(1.,0.,0.));
#866 = DIRECTION('',(0.,0.,1.));
#867 = ADVANCED_FACE('',(#868),#874,.T.);
#868 = FACE_BOUND('',#869,.T.);
#869 = EDGE_LOOP('',(#870,#871,#872,#873));
#870 = ORIENTED_EDGE('',*,*,#628,.F.);
#871 = ORIENTED_EDGE('',*,*,#596,.T.);
#872 = ORIENTED_EDGE('',*,*,#857,.T.);
#873 = ORIENTED_EDGE('',*,*,#713,.F.);
#874 = PLANE('',#875);
#875 = AXIS2_PLACEMENT_3D('',#876,#877,#878);
#876 = CARTESIAN_POINT('',(-1.2,-0.8,0.55));
#877 = DIRECTION('',(0.,0.,1.));
#878 = DIRECTION('',(1.,0.,-0.));
#879 = ( GEOMETRIC_REPRESENTATION_CONTEXT(3) 
GLOBAL_UNCERTAINTY_ASSIGNED_CONTEXT((#883)) GLOBAL_UNIT_ASSIGNED_CONTEXT
((#880,#881,#882)) REPRESENTATION_CONTEXT('Context #1',
  '3D Context with UNIT and UNCERTAINTY') );
#880 = ( LENGTH_UNIT() NAMED_UNIT(*) SI_UNIT(.MILLI.,.METRE.) );
#881 = ( NAMED_UNIT(*) PLANE_ANGLE_UNIT() SI_UNIT($,.RADIAN.) );
#882 = ( NAMED_UNIT(*) SI_UNIT($,.STERADIAN.) SOLID_ANGLE_UNIT() );
#883 = UNCERTAINTY_MEASURE_WITH_UNIT(LENGTH_MEASURE(1.E-07),#880,
  'distance_accuracy_value','confusion accuracy');
#884 = CONTEXT_DEPENDENT_SHAPE_REPRESENTATION(#885,#887);
#885 = ( REPRESENTATION_RELATIONSHIP('','',#88,#10) 
REPRESENTATION_RELATIONSHIP_WITH_TRANSFORMATION(#886) 
SHAPE_REPRESENTATION_RELATIONSHIP() );
#886 = ITEM_DEFINED_TRANSFORMATION('','',#11,#15);
#887 = PRODUCT_DEFINITION_SHAPE('Placement','Placement of an item',#888
  );
#888 = NEXT_ASSEMBLY_USAGE_OCCURRENCE('1','R4','',#5,#83,$);
#889 = PRODUCT_RELATED_PRODUCT_CATEGORY('part',$,(#85));
#890 = SHAPE_DEFINITION_REPRESENTATION(#891,#897);
#891 = PRODUCT_DEFINITION_SHAPE('','',#892);
#892 = PRODUCT_DEFINITION('design','',#893,#896);
#893 = PRODUCT_DEFINITION_FORMATION('','',#894);
#894 = PRODUCT('LED_RGB_5050-6','LED_RGB_5050-6','',(#895));
#895 = PRODUCT_CONTEXT('',#2,'mechanical');
#896 = PRODUCT_DEFINITION_CONTEXT('part definition',#2,'design');
#897 = ADVANCED_BREP_SHAPE_REPRESENTATION('',(#11,#898),#4477);
#898 = MANIFOLD_SOLID_BREP('',#899);
#899 = CLOSED_SHELL('',(#900,#959,#984,#1017,#1042,#1067,#1092,#1109,
    #1134,#1181,#1403,#1427,#1451,#1673,#1682,#1693,#2047,#2155,#2180,
    #2280,#2388,#2413,#2513,#2621,#2646,#2746,#2763,#2780,#2797,#2814,
    #2831,#2848,#2956,#2981,#3081,#3189,#3214,#3314,#3422,#3447,#3547,
    #3564,#3581,#3598,#3615,#3632,#3649,#3666,#3683,#3700,#3717,#3734,
    #3751,#3768,#3785,#3802,#3819,#3836,#3853,#3870,#3887,#3904,#3921,
    #3938,#3955,#3977,#3989,#4001,#4013,#4030,#4042,#4064,#4076,#4088,
    #4100,#4117,#4129,#4151,#4163,#4175,#4187,#4204,#4216,#4238,#4250,
    #4262,#4274,#4291,#4303,#4325,#4337,#4349,#4361,#4378,#4390,#4412,
    #4424,#4436,#4448,#4465));
#900 = ADVANCED_FACE('',(#901,#912),#954,.T.);
#901 = FACE_BOUND('',#902,.T.);
#902 = EDGE_LOOP('',(#903));
#903 = ORIENTED_EDGE('',*,*,#904,.T.);
#904 = EDGE_CURVE('',#905,#905,#907,.T.);
#905 = VERTEX_POINT('',#906);
#906 = CARTESIAN_POINT('',(1.946666666667,0.,1.6));
#907 = CIRCLE('',#908,1.946666666667);
#908 = AXIS2_PLACEMENT_3D('',#909,#910,#911);
#909 = CARTESIAN_POINT('',(0.,0.,1.6));
#910 = DIRECTION('',(0.,0.,-1.));
#911 = DIRECTION('',(1.,0.,0.));
#912 = FACE_BOUND('',#913,.T.);
#913 = EDGE_LOOP('',(#914,#924,#932,#940,#948));
#914 = ORIENTED_EDGE('',*,*,#915,.T.);
#915 = EDGE_CURVE('',#916,#918,#920,.T.);
#916 = VERTEX_POINT('',#917);
#917 = CARTESIAN_POINT('',(2.43,2.43,1.6));
#918 = VERTEX_POINT('',#919);
#919 = CARTESIAN_POINT('',(-1.435471144701,2.43,1.6));
#920 = LINE('',#921,#922);
#921 = CARTESIAN_POINT('',(2.5,2.43,1.6));
#922 = VECTOR('',#923,1.);
#923 = DIRECTION('',(-1.,0.,0.));
#924 = ORIENTED_EDGE('',*,*,#925,.T.);
#925 = EDGE_CURVE('',#918,#926,#928,.T.);
#926 = VERTEX_POINT('',#927);
#927 = CARTESIAN_POINT('',(-2.43,1.435471144701,1.6));
#928 = LINE('',#929,#930);
#929 = CARTESIAN_POINT('',(-1.414968619384,2.450502525317,1.6));
#930 = VECTOR('',#931,1.);
#931 = DIRECTION('',(-0.707106781187,-0.707106781187,0.));
#932 = ORIENTED_EDGE('',*,*,#933,.T.);
#933 = EDGE_CURVE('',#926,#934,#936,.T.);
#934 = VERTEX_POINT('',#935);
#935 = CARTESIAN_POINT('',(-2.43,-2.43,1.6));
#936 = LINE('',#937,#938);
#937 = CARTESIAN_POINT('',(-2.43,1.464466094067,1.6));
#938 = VECTOR('',#939,1.);
#939 = DIRECTION('',(0.,-1.,0.));
#940 = ORIENTED_EDGE('',*,*,#941,.T.);
#941 = EDGE_CURVE('',#934,#942,#944,.T.);
#942 = VERTEX_POINT('',#943);
#943 = CARTESIAN_POINT('',(2.43,-2.43,1.6));
#944 = LINE('',#945,#946);
#945 = CARTESIAN_POINT('',(-2.5,-2.43,1.6));
#946 = VECTOR('',#947,1.);
#947 = DIRECTION('',(1.,0.,0.));
#948 = ORIENTED_EDGE('',*,*,#949,.T.);
#949 = EDGE_CURVE('',#942,#916,#950,.T.);
#950 = LINE('',#951,#952);
#951 = CARTESIAN_POINT('',(2.43,-2.5,1.6));
#952 = VECTOR('',#953,1.);
#953 = DIRECTION('',(0.,1.,0.));
#954 = PLANE('',#955);
#955 = AXIS2_PLACEMENT_3D('',#956,#957,#958);
#956 = CARTESIAN_POINT('',(0.,0.,1.6));
#957 = DIRECTION('',(0.,0.,1.));
#958 = DIRECTION('',(1.,0.,-0.));
#959 = ADVANCED_FACE('',(#960),#979,.F.);
#960 = FACE_BOUND('',#961,.F.);
#961 = EDGE_LOOP('',(#962,#970,#971,#972));
#962 = ORIENTED_EDGE('',*,*,#963,.F.);
#963 = EDGE_CURVE('',#905,#964,#966,.T.);
#964 = VERTEX_POINT('',#965);
#965 = CARTESIAN_POINT('',(1.666666666667,0.,1.32));
#966 = LINE('',#967,#968);
#967 = CARTESIAN_POINT('',(1.666666666667,0.,1.32));
#968 = VECTOR('',#969,1.);
#969 = DIRECTION('',(-0.707106781187,0.,-0.707106781187));
#970 = ORIENTED_EDGE('',*,*,#904,.T.);
#971 = ORIENTED_EDGE('',*,*,#963,.T.);
#972 = ORIENTED_EDGE('',*,*,#973,.F.);
#973 = EDGE_CURVE('',#964,#964,#974,.T.);
#974 = CIRCLE('',#975,1.666666666667);
#975 = AXIS2_PLACEMENT_3D('',#976,#977,#978);
#976 = CARTESIAN_POINT('',(0.,0.,1.32));
#977 = DIRECTION('',(0.,0.,-1.));
#978 = DIRECTION('',(1.,0.,0.));
#979 = CONICAL_SURFACE('',#980,1.666666666667,0.785398163397);
#980 = AXIS2_PLACEMENT_3D('',#981,#982,#983);
#981 = CARTESIAN_POINT('',(0.,0.,1.32));
#982 = DIRECTION('',(0.,0.,1.));
#983 = DIRECTION('',(1.,0.,-0.));
#984 = ADVANCED_FACE('',(#985),#1012,.T.);
#985 = FACE_BOUND('',#986,.T.);
#986 = EDGE_LOOP('',(#987,#996,#1004,#1011));
#987 = ORIENTED_EDGE('',*,*,#988,.T.);
#988 = EDGE_CURVE('',#916,#989,#991,.T.);
#989 = VERTEX_POINT('',#990);
#990 = CARTESIAN_POINT('',(2.5,2.5,1.53));
#991 = ELLIPSE('',#992,9.899494936612E-02,7.E-02);
#992 = AXIS2_PLACEMENT_3D('',#993,#994,#995);
#993 = CARTESIAN_POINT('',(2.43,2.43,1.53));
#994 = DIRECTION('',(-0.707106781187,0.707106781187,0.));
#995 = DIRECTION('',(-0.707106781187,-0.707106781187,0.));
#996 = ORIENTED_EDGE('',*,*,#997,.T.);
#997 = EDGE_CURVE('',#989,#998,#1000,.T.);
#998 = VERTEX_POINT('',#999);
#999 = CARTESIAN_POINT('',(-1.464466094067,2.5,1.53));
#1000 = LINE('',#1001,#1002);
#1001 = CARTESIAN_POINT('',(2.5,2.5,1.53));
#1002 = VECTOR('',#1003,1.);
#1003 = DIRECTION('',(-1.,0.,0.));
#1004 = ORIENTED_EDGE('',*,*,#1005,.F.);
#1005 = EDGE_CURVE('',#918,#998,#1006,.T.);
#1006 = ELLIPSE('',#1007,7.576745402047E-02,7.E-02);
#1007 = AXIS2_PLACEMENT_3D('',#1008,#1009,#1010);
#1008 = CARTESIAN_POINT('',(-1.435471144701,2.43,1.53));
#1009 = DIRECTION('',(-0.923879532511,-0.382683432365,-0.));
#1010 = DIRECTION('',(-0.382683432365,0.923879532511,0.));
#1011 = ORIENTED_EDGE('',*,*,#915,.F.);
#1012 = CYLINDRICAL_SURFACE('',#1013,7.E-02);
#1013 = AXIS2_PLACEMENT_3D('',#1014,#1015,#1016);
#1014 = CARTESIAN_POINT('',(2.5,2.43,1.53));
#1015 = DIRECTION('',(-1.,0.,0.));
#1016 = DIRECTION('',(0.,0.,1.));
#1017 = ADVANCED_FACE('',(#1018),#1037,.T.);
#1018 = FACE_BOUND('',#1019,.T.);
#1019 = EDGE_LOOP('',(#1020,#1028,#1029,#1030));
#1020 = ORIENTED_EDGE('',*,*,#1021,.T.);
#1021 = EDGE_CURVE('',#1022,#989,#1024,.T.);
#1022 = VERTEX_POINT('',#1023);
#1023 = CARTESIAN_POINT('',(2.5,-2.5,1.53));
#1024 = LINE('',#1025,#1026);
#1025 = CARTESIAN_POINT('',(2.5,-2.5,1.53));
#1026 = VECTOR('',#1027,1.);
#1027 = DIRECTION('',(0.,1.,0.));
#1028 = ORIENTED_EDGE('',*,*,#988,.F.);
#1029 = ORIENTED_EDGE('',*,*,#949,.F.);
#1030 = ORIENTED_EDGE('',*,*,#1031,.F.);
#1031 = EDGE_CURVE('',#1022,#942,#1032,.T.);
#1032 = ELLIPSE('',#1033,9.899494936612E-02,7.E-02);
#1033 = AXIS2_PLACEMENT_3D('',#1034,#1035,#1036);
#1034 = CARTESIAN_POINT('',(2.43,-2.43,1.53));
#1035 = DIRECTION('',(-0.707106781187,-0.707106781187,0.));
#1036 = DIRECTION('',(0.707106781187,-0.707106781187,0.));
#1037 = CYLINDRICAL_SURFACE('',#1038,7.E-02);
#1038 = AXIS2_PLACEMENT_3D('',#1039,#1040,#1041);
#1039 = CARTESIAN_POINT('',(2.43,-2.5,1.53));
#1040 = DIRECTION('',(0.,1.,0.));
#1041 = DIRECTION('',(1.,0.,0.));
#1042 = ADVANCED_FACE('',(#1043),#1062,.T.);
#1043 = FACE_BOUND('',#1044,.T.);
#1044 = EDGE_LOOP('',(#1045,#1046,#1054,#1061));
#1045 = ORIENTED_EDGE('',*,*,#1005,.T.);
#1046 = ORIENTED_EDGE('',*,*,#1047,.T.);
#1047 = EDGE_CURVE('',#998,#1048,#1050,.T.);
#1048 = VERTEX_POINT('',#1049);
#1049 = CARTESIAN_POINT('',(-2.5,1.464466094067,1.53));
#1050 = LINE('',#1051,#1052);
#1051 = CARTESIAN_POINT('',(-1.464466094067,2.5,1.53));
#1052 = VECTOR('',#1053,1.);
#1053 = DIRECTION('',(-0.707106781187,-0.707106781187,0.));
#1054 = ORIENTED_EDGE('',*,*,#1055,.T.);
#1055 = EDGE_CURVE('',#1048,#926,#1056,.T.);
#1056 = ELLIPSE('',#1057,7.576745402047E-02,7.E-02);
#1057 = AXIS2_PLACEMENT_3D('',#1058,#1059,#1060);
#1058 = CARTESIAN_POINT('',(-2.43,1.435471144701,1.53));
#1059 = DIRECTION('',(0.382683432365,0.923879532511,0.));
#1060 = DIRECTION('',(0.923879532511,-0.382683432365,0.));
#1061 = ORIENTED_EDGE('',*,*,#925,.F.);
#1062 = CYLINDRICAL_SURFACE('',#1063,7.E-02);
#1063 = AXIS2_PLACEMENT_3D('',#1064,#1065,#1066);
#1064 = CARTESIAN_POINT('',(-1.414968619384,2.450502525317,1.53));
#1065 = DIRECTION('',(-0.707106781187,-0.707106781187,0.));
#1066 = DIRECTION('',(0.,0.,1.));
#1067 = ADVANCED_FACE('',(#1068),#1087,.T.);
#1068 = FACE_BOUND('',#1069,.T.);
#1069 = EDGE_LOOP('',(#1070,#1078,#1079,#1080));
#1070 = ORIENTED_EDGE('',*,*,#1071,.T.);
#1071 = EDGE_CURVE('',#1072,#1022,#1074,.T.);
#1072 = VERTEX_POINT('',#1073);
#1073 = CARTESIAN_POINT('',(-2.5,-2.5,1.53));
#1074 = LINE('',#1075,#1076);
#1075 = CARTESIAN_POINT('',(-2.5,-2.5,1.53));
#1076 = VECTOR('',#1077,1.);
#1077 = DIRECTION('',(1.,0.,0.));
#1078 = ORIENTED_EDGE('',*,*,#1031,.T.);
#1079 = ORIENTED_EDGE('',*,*,#941,.F.);
#1080 = ORIENTED_EDGE('',*,*,#1081,.F.);
#1081 = EDGE_CURVE('',#1072,#934,#1082,.T.);
#1082 = ELLIPSE('',#1083,9.899494936612E-02,7.E-02);
#1083 = AXIS2_PLACEMENT_3D('',#1084,#1085,#1086);
#1084 = CARTESIAN_POINT('',(-2.43,-2.43,1.53));
#1085 = DIRECTION('',(-0.707106781187,0.707106781187,0.));
#1086 = DIRECTION('',(-0.707106781187,-0.707106781187,0.));
#1087 = CYLINDRICAL_SURFACE('',#1088,7.E-02);
#1088 = AXIS2_PLACEMENT_3D('',#1089,#1090,#1091);
#1089 = CARTESIAN_POINT('',(-2.5,-2.43,1.53));
#1090 = DIRECTION('',(1.,0.,0.));
#1091 = DIRECTION('',(0.,-1.,0.));
#1092 = ADVANCED_FACE('',(#1093),#1104,.T.);
#1093 = FACE_BOUND('',#1094,.T.);
#1094 = EDGE_LOOP('',(#1095,#1101,#1102,#1103));
#1095 = ORIENTED_EDGE('',*,*,#1096,.T.);
#1096 = EDGE_CURVE('',#1048,#1072,#1097,.T.);
#1097 = LINE('',#1098,#1099);
#1098 = CARTESIAN_POINT('',(-2.5,1.464466094067,1.53));
#1099 = VECTOR('',#1100,1.);
#1100 = DIRECTION('',(0.,-1.,0.));
#1101 = ORIENTED_EDGE('',*,*,#1081,.T.);
#1102 = ORIENTED_EDGE('',*,*,#933,.F.);
#1103 = ORIENTED_EDGE('',*,*,#1055,.F.);
#1104 = CYLINDRICAL_SURFACE('',#1105,7.E-02);
#1105 = AXIS2_PLACEMENT_3D('',#1106,#1107,#1108);
#1106 = CARTESIAN_POINT('',(-2.43,1.464466094067,1.53));
#1107 = DIRECTION('',(0.,-1.,0.));
#1108 = DIRECTION('',(-1.,0.,0.));
#1109 = ADVANCED_FACE('',(#1110),#1129,.F.);
#1110 = FACE_BOUND('',#1111,.F.);
#1111 = EDGE_LOOP('',(#1112,#1120,#1121,#1122));
#1112 = ORIENTED_EDGE('',*,*,#1113,.T.);
#1113 = EDGE_CURVE('',#1114,#964,#1116,.T.);
#1114 = VERTEX_POINT('',#1115);
#1115 = CARTESIAN_POINT('',(1.666666666667,0.,1.25));
#1116 = LINE('',#1117,#1118);
#1117 = CARTESIAN_POINT('',(1.666666666667,0.,0.9));
#1118 = VECTOR('',#1119,1.);
#1119 = DIRECTION('',(0.,0.,1.));
#1120 = ORIENTED_EDGE('',*,*,#973,.T.);
#1121 = ORIENTED_EDGE('',*,*,#1113,.F.);
#1122 = ORIENTED_EDGE('',*,*,#1123,.T.);
#1123 = EDGE_CURVE('',#1114,#1114,#1124,.T.);
#1124 = CIRCLE('',#1125,1.666666666667);
#1125 = AXIS2_PLACEMENT_3D('',#1126,#1127,#1128);
#1126 = CARTESIAN_POINT('',(0.,0.,1.25));
#1127 = DIRECTION('',(0.,0.,1.));
#1128 = DIRECTION('',(1.,0.,-0.));
#1129 = CYLINDRICAL_SURFACE('',#1130,1.666666666667);
#1130 = AXIS2_PLACEMENT_3D('',#1131,#1132,#1133);
#1131 = CARTESIAN_POINT('',(0.,0.,0.9));
#1132 = DIRECTION('',(-0.,-0.,-1.));
#1133 = DIRECTION('',(1.,0.,0.));
#1134 = ADVANCED_FACE('',(#1135),#1176,.F.);
#1135 = FACE_BOUND('',#1136,.F.);
#1136 = EDGE_LOOP('',(#1137,#1145,#1153,#1161,#1169,#1175));
#1137 = ORIENTED_EDGE('',*,*,#1138,.T.);
#1138 = EDGE_CURVE('',#998,#1139,#1141,.T.);
#1139 = VERTEX_POINT('',#1140);
#1140 = CARTESIAN_POINT('',(-1.464466094067,2.5,1.32));
#1141 = LINE('',#1142,#1143);
#1142 = CARTESIAN_POINT('',(-1.464466094067,2.5,0.76));
#1143 = VECTOR('',#1144,1.);
#1144 = DIRECTION('',(-0.,-0.,-1.));
#1145 = ORIENTED_EDGE('',*,*,#1146,.T.);
#1146 = EDGE_CURVE('',#1139,#1147,#1149,.T.);
#1147 = VERTEX_POINT('',#1148);
#1148 = CARTESIAN_POINT('',(-2.5,2.5,1.32));
#1149 = LINE('',#1150,#1151);
#1150 = CARTESIAN_POINT('',(-0.625,2.5,1.32));
#1151 = VECTOR('',#1152,1.);
#1152 = DIRECTION('',(-1.,0.,0.));
#1153 = ORIENTED_EDGE('',*,*,#1154,.F.);
#1154 = EDGE_CURVE('',#1155,#1147,#1157,.T.);
#1155 = VERTEX_POINT('',#1156);
#1156 = CARTESIAN_POINT('',(-2.5,2.5,0.2));
#1157 = LINE('',#1158,#1159);
#1158 = CARTESIAN_POINT('',(-2.5,2.5,0.2));
#1159 = VECTOR('',#1160,1.);
#1160 = DIRECTION('',(0.,0.,1.));
#1161 = ORIENTED_EDGE('',*,*,#1162,.F.);
#1162 = EDGE_CURVE('',#1163,#1155,#1165,.T.);
#1163 = VERTEX_POINT('',#1164);
#1164 = CARTESIAN_POINT('',(2.5,2.5,0.2));
#1165 = LINE('',#1166,#1167);
#1166 = CARTESIAN_POINT('',(2.5,2.5,0.2));
#1167 = VECTOR('',#1168,1.);
#1168 = DIRECTION('',(-1.,0.,0.));
#1169 = ORIENTED_EDGE('',*,*,#1170,.T.);
#1170 = EDGE_CURVE('',#1163,#989,#1171,.T.);
#1171 = LINE('',#1172,#1173);
#1172 = CARTESIAN_POINT('',(2.5,2.5,0.2));
#1173 = VECTOR('',#1174,1.);
#1174 = DIRECTION('',(0.,0.,1.));
#1175 = ORIENTED_EDGE('',*,*,#997,.T.);
#1176 = PLANE('',#1177);
#1177 = AXIS2_PLACEMENT_3D('',#1178,#1179,#1180);
#1178 = CARTESIAN_POINT('',(2.5,2.5,0.2));
#1179 = DIRECTION('',(0.,-1.,0.));
#1180 = DIRECTION('',(-1.,0.,0.));
#1181 = ADVANCED_FACE('',(#1182,#1296,#1330,#1364),#1398,.F.);
#1182 = FACE_BOUND('',#1183,.F.);
#1183 = EDGE_LOOP('',(#1184,#1192,#1193,#1194,#1202,#1210,#1218,#1226,
    #1234,#1242,#1250,#1258,#1266,#1274,#1282,#1290));
#1184 = ORIENTED_EDGE('',*,*,#1185,.T.);
#1185 = EDGE_CURVE('',#1186,#1022,#1188,.T.);
#1186 = VERTEX_POINT('',#1187);
#1187 = CARTESIAN_POINT('',(2.5,-2.5,0.2));
#1188 = LINE('',#1189,#1190);
#1189 = CARTESIAN_POINT('',(2.5,-2.5,0.2));
#1190 = VECTOR('',#1191,1.);
#1191 = DIRECTION('',(0.,0.,1.));
#1192 = ORIENTED_EDGE('',*,*,#1021,.T.);
#1193 = ORIENTED_EDGE('',*,*,#1170,.F.);
#1194 = ORIENTED_EDGE('',*,*,#1195,.F.);
#1195 = EDGE_CURVE('',#1196,#1163,#1198,.T.);
#1196 = VERTEX_POINT('',#1197);
#1197 = CARTESIAN_POINT('',(2.5,2.2,0.2));
#1198 = LINE('',#1199,#1200);
#1199 = CARTESIAN_POINT('',(2.5,-2.5,0.2));
#1200 = VECTOR('',#1201,1.);
#1201 = DIRECTION('',(0.,1.,0.));
#1202 = ORIENTED_EDGE('',*,*,#1203,.T.);
#1203 = EDGE_CURVE('',#1196,#1204,#1206,.T.);
#1204 = VERTEX_POINT('',#1205);
#1205 = CARTESIAN_POINT('',(2.5,2.2,0.261677929985));
#1206 = LINE('',#1207,#1208);
#1207 = CARTESIAN_POINT('',(2.5,2.2,0.1));
#1208 = VECTOR('',#1209,1.);
#1209 = DIRECTION('',(0.,0.,1.));
#1210 = ORIENTED_EDGE('',*,*,#1211,.F.);
#1211 = EDGE_CURVE('',#1212,#1204,#1214,.T.);
#1212 = VERTEX_POINT('',#1213);
#1213 = CARTESIAN_POINT('',(2.5,1.2,0.261677929985));
#1214 = LINE('',#1215,#1216);
#1215 = CARTESIAN_POINT('',(2.5,1.005,0.261677929985));
#1216 = VECTOR('',#1217,1.);
#1217 = DIRECTION('',(0.,1.,0.));
#1218 = ORIENTED_EDGE('',*,*,#1219,.T.);
#1219 = EDGE_CURVE('',#1212,#1220,#1222,.T.);
#1220 = VERTEX_POINT('',#1221);
#1221 = CARTESIAN_POINT('',(2.5,1.2,0.2));
#1222 = LINE('',#1223,#1224);
#1223 = CARTESIAN_POINT('',(2.5,1.2,0.1));
#1224 = VECTOR('',#1225,1.);
#1225 = DIRECTION('',(0.,0.,-1.));
#1226 = ORIENTED_EDGE('',*,*,#1227,.F.);
#1227 = EDGE_CURVE('',#1228,#1220,#1230,.T.);
#1228 = VERTEX_POINT('',#1229);
#1229 = CARTESIAN_POINT('',(2.5,0.5,0.2));
#1230 = LINE('',#1231,#1232);
#1231 = CARTESIAN_POINT('',(2.5,-2.5,0.2));
#1232 = VECTOR('',#1233,1.);
#1233 = DIRECTION('',(0.,1.,0.));
#1234 = ORIENTED_EDGE('',*,*,#1235,.T.);
#1235 = EDGE_CURVE('',#1228,#1236,#1238,.T.);
#1236 = VERTEX_POINT('',#1237);
#1237 = CARTESIAN_POINT('',(2.5,0.5,0.261677929985));
#1238 = LINE('',#1239,#1240);
#1239 = CARTESIAN_POINT('',(2.5,0.5,0.1));
#1240 = VECTOR('',#1241,1.);
#1241 = DIRECTION('',(0.,0.,1.));
#1242 = ORIENTED_EDGE('',*,*,#1243,.F.);
#1243 = EDGE_CURVE('',#1244,#1236,#1246,.T.);
#1244 = VERTEX_POINT('',#1245);
#1245 = CARTESIAN_POINT('',(2.5,-0.5,0.261677929985));
#1246 = LINE('',#1247,#1248);
#1247 = CARTESIAN_POINT('',(2.5,-0.695,0.261677929985));
#1248 = VECTOR('',#1249,1.);
#1249 = DIRECTION('',(0.,1.,0.));
#1250 = ORIENTED_EDGE('',*,*,#1251,.T.);
#1251 = EDGE_CURVE('',#1244,#1252,#1254,.T.);
#1252 = VERTEX_POINT('',#1253);
#1253 = CARTESIAN_POINT('',(2.5,-0.5,0.2));
#1254 = LINE('',#1255,#1256);
#1255 = CARTESIAN_POINT('',(2.5,-0.5,0.1));
#1256 = VECTOR('',#1257,1.);
#1257 = DIRECTION('',(0.,0.,-1.));
#1258 = ORIENTED_EDGE('',*,*,#1259,.F.);
#1259 = EDGE_CURVE('',#1260,#1252,#1262,.T.);
#1260 = VERTEX_POINT('',#1261);
#1261 = CARTESIAN_POINT('',(2.5,-1.2,0.2));
#1262 = LINE('',#1263,#1264);
#1263 = CARTESIAN_POINT('',(2.5,-2.5,0.2));
#1264 = VECTOR('',#1265,1.);
#1265 = DIRECTION('',(0.,1.,0.));
#1266 = ORIENTED_EDGE('',*,*,#1267,.T.);
#1267 = EDGE_CURVE('',#1260,#1268,#1270,.T.);
#1268 = VERTEX_POINT('',#1269);
#1269 = CARTESIAN_POINT('',(2.5,-1.2,0.261677929985));
#1270 = LINE('',#1271,#1272);
#1271 = CARTESIAN_POINT('',(2.5,-1.2,0.1));
#1272 = VECTOR('',#1273,1.);
#1273 = DIRECTION('',(0.,0.,1.));
#1274 = ORIENTED_EDGE('',*,*,#1275,.F.);
#1275 = EDGE_CURVE('',#1276,#1268,#1278,.T.);
#1276 = VERTEX_POINT('',#1277);
#1277 = CARTESIAN_POINT('',(2.5,-2.2,0.261677929985));
#1278 = LINE('',#1279,#1280);
#1279 = CARTESIAN_POINT('',(2.5,-2.395,0.261677929985));
#1280 = VECTOR('',#1281,1.);
#1281 = DIRECTION('',(0.,1.,0.));
#1282 = ORIENTED_EDGE('',*,*,#1283,.T.);
#1283 = EDGE_CURVE('',#1276,#1284,#1286,.T.);
#1284 = VERTEX_POINT('',#1285);
#1285 = CARTESIAN_POINT('',(2.5,-2.2,0.2));
#1286 = LINE('',#1287,#1288);
#1287 = CARTESIAN_POINT('',(2.5,-2.2,0.1));
#1288 = VECTOR('',#1289,1.);
#1289 = DIRECTION('',(0.,0.,-1.));
#1290 = ORIENTED_EDGE('',*,*,#1291,.F.);
#1291 = EDGE_CURVE('',#1186,#1284,#1292,.T.);
#1292 = LINE('',#1293,#1294);
#1293 = CARTESIAN_POINT('',(2.5,-2.5,0.2));
#1294 = VECTOR('',#1295,1.);
#1295 = DIRECTION('',(0.,1.,0.));
#1296 = FACE_BOUND('',#1297,.F.);
#1297 = EDGE_LOOP('',(#1298,#1308,#1316,#1324));
#1298 = ORIENTED_EDGE('',*,*,#1299,.F.);
#1299 = EDGE_CURVE('',#1300,#1302,#1304,.T.);
#1300 = VERTEX_POINT('',#1301);
#1301 = CARTESIAN_POINT('',(2.5,-2.2,1.));
#1302 = VERTEX_POINT('',#1303);
#1303 = CARTESIAN_POINT('',(2.5,-1.2,1.));
#1304 = LINE('',#1305,#1306);
#1305 = CARTESIAN_POINT('',(2.5,-2.1,1.));
#1306 = VECTOR('',#1307,1.);
#1307 = DIRECTION('',(0.,1.,0.));
#1308 = ORIENTED_EDGE('',*,*,#1309,.T.);
#1309 = EDGE_CURVE('',#1300,#1310,#1312,.T.);
#1310 = VERTEX_POINT('',#1311);
#1311 = CARTESIAN_POINT('',(2.5,-2.2,0.738322070015));
#1312 = LINE('',#1313,#1314);
#1313 = CARTESIAN_POINT('',(2.5,-2.2,0.1));
#1314 = VECTOR('',#1315,1.);
#1315 = DIRECTION('',(0.,0.,-1.));
#1316 = ORIENTED_EDGE('',*,*,#1317,.T.);
#1317 = EDGE_CURVE('',#1310,#1318,#1320,.T.);
#1318 = VERTEX_POINT('',#1319);
#1319 = CARTESIAN_POINT('',(2.5,-1.2,0.738322070015));
#1320 = LINE('',#1321,#1322);
#1321 = CARTESIAN_POINT('',(2.5,-2.395,0.738322070015));
#1322 = VECTOR('',#1323,1.);
#1323 = DIRECTION('',(0.,1.,0.));
#1324 = ORIENTED_EDGE('',*,*,#1325,.T.);
#1325 = EDGE_CURVE('',#1318,#1302,#1326,.T.);
#1326 = LINE('',#1327,#1328);
#1327 = CARTESIAN_POINT('',(2.5,-1.2,0.1));
#1328 = VECTOR('',#1329,1.);
#1329 = DIRECTION('',(0.,0.,1.));
#1330 = FACE_BOUND('',#1331,.F.);
#1331 = EDGE_LOOP('',(#1332,#1342,#1350,#1358));
#1332 = ORIENTED_EDGE('',*,*,#1333,.T.);
#1333 = EDGE_CURVE('',#1334,#1336,#1338,.T.);
#1334 = VERTEX_POINT('',#1335);
#1335 = CARTESIAN_POINT('',(2.5,-0.5,0.738322070015));
#1336 = VERTEX_POINT('',#1337);
#1337 = CARTESIAN_POINT('',(2.5,0.5,0.738322070015));
#1338 = LINE('',#1339,#1340);
#1339 = CARTESIAN_POINT('',(2.5,-0.695,0.738322070015));
#1340 = VECTOR('',#1341,1.);
#1341 = DIRECTION('',(0.,1.,0.));
#1342 = ORIENTED_EDGE('',*,*,#1343,.T.);
#1343 = EDGE_CURVE('',#1336,#1344,#1346,.T.);
#1344 = VERTEX_POINT('',#1345);
#1345 = CARTESIAN_POINT('',(2.5,0.5,1.));
#1346 = LINE('',#1347,#1348);
#1347 = CARTESIAN_POINT('',(2.5,0.5,0.1));
#1348 = VECTOR('',#1349,1.);
#1349 = DIRECTION('',(0.,0.,1.));
#1350 = ORIENTED_EDGE('',*,*,#1351,.F.);
#1351 = EDGE_CURVE('',#1352,#1344,#1354,.T.);
#1352 = VERTEX_POINT('',#1353);
#1353 = CARTESIAN_POINT('',(2.5,-0.5,1.));
#1354 = LINE('',#1355,#1356);
#1355 = CARTESIAN_POINT('',(2.5,-1.25,1.));
#1356 = VECTOR('',#1357,1.);
#1357 = DIRECTION('',(0.,1.,0.));
#1358 = ORIENTED_EDGE('',*,*,#1359,.T.);
#1359 = EDGE_CURVE('',#1352,#1334,#1360,.T.);
#1360 = LINE('',#1361,#1362);
#1361 = CARTESIAN_POINT('',(2.5,-0.5,0.1));
#1362 = VECTOR('',#1363,1.);
#1363 = DIRECTION('',(0.,0.,-1.));
#1364 = FACE_BOUND('',#1365,.F.);
#1365 = EDGE_LOOP('',(#1366,#1376,#1384,#1392));
#1366 = ORIENTED_EDGE('',*,*,#1367,.F.);
#1367 = EDGE_CURVE('',#1368,#1370,#1372,.T.);
#1368 = VERTEX_POINT('',#1369);
#1369 = CARTESIAN_POINT('',(2.5,1.2,1.));
#1370 = VERTEX_POINT('',#1371);
#1371 = CARTESIAN_POINT('',(2.5,2.2,1.));
#1372 = LINE('',#1373,#1374);
#1373 = CARTESIAN_POINT('',(2.5,-0.4,1.));
#1374 = VECTOR('',#1375,1.);
#1375 = DIRECTION('',(0.,1.,0.));
#1376 = ORIENTED_EDGE('',*,*,#1377,.T.);
#1377 = EDGE_CURVE('',#1368,#1378,#1380,.T.);
#1378 = VERTEX_POINT('',#1379);
#1379 = CARTESIAN_POINT('',(2.5,1.2,0.738322070015));
#1380 = LINE('',#1381,#1382);
#1381 = CARTESIAN_POINT('',(2.5,1.2,0.1));
#1382 = VECTOR('',#1383,1.);
#1383 = DIRECTION('',(0.,0.,-1.));
#1384 = ORIENTED_EDGE('',*,*,#1385,.T.);
#1385 = EDGE_CURVE('',#1378,#1386,#1388,.T.);
#1386 = VERTEX_POINT('',#1387);
#1387 = CARTESIAN_POINT('',(2.5,2.2,0.738322070015));
#1388 = LINE('',#1389,#1390);
#1389 = CARTESIAN_POINT('',(2.5,1.005,0.738322070015));
#1390 = VECTOR('',#1391,1.);
#1391 = DIRECTION('',(0.,1.,0.));
#1392 = ORIENTED_EDGE('',*,*,#1393,.T.);
#1393 = EDGE_CURVE('',#1386,#1370,#1394,.T.);
#1394 = LINE('',#1395,#1396);
#1395 = CARTESIAN_POINT('',(2.5,2.2,0.1));
#1396 = VECTOR('',#1397,1.);
#1397 = DIRECTION('',(0.,0.,1.));
#1398 = PLANE('',#1399);
#1399 = AXIS2_PLACEMENT_3D('',#1400,#1401,#1402);
#1400 = CARTESIAN_POINT('',(2.5,-2.5,0.2));
#1401 = DIRECTION('',(-1.,0.,0.));
#1402 = DIRECTION('',(0.,1.,0.));
#1403 = ADVANCED_FACE('',(#1404),#1422,.T.);
#1404 = FACE_BOUND('',#1405,.T.);
#1405 = EDGE_LOOP('',(#1406,#1407,#1415,#1421));
#1406 = ORIENTED_EDGE('',*,*,#1138,.T.);
#1407 = ORIENTED_EDGE('',*,*,#1408,.F.);
#1408 = EDGE_CURVE('',#1409,#1139,#1411,.T.);
#1409 = VERTEX_POINT('',#1410);
#1410 = CARTESIAN_POINT('',(-2.5,1.464466094067,1.32));
#1411 = LINE('',#1412,#1413);
#1412 = CARTESIAN_POINT('',(-3.75,0.214466094067,1.32));
#1413 = VECTOR('',#1414,1.);
#1414 = DIRECTION('',(0.707106781187,0.707106781187,0.));
#1415 = ORIENTED_EDGE('',*,*,#1416,.T.);
#1416 = EDGE_CURVE('',#1409,#1048,#1417,.T.);
#1417 = LINE('',#1418,#1419);
#1418 = CARTESIAN_POINT('',(-2.5,1.464466094067,0.76));
#1419 = VECTOR('',#1420,1.);
#1420 = DIRECTION('',(0.,0.,1.));
#1421 = ORIENTED_EDGE('',*,*,#1047,.F.);
#1422 = PLANE('',#1423);
#1423 = AXIS2_PLACEMENT_3D('',#1424,#1425,#1426);
#1424 = CARTESIAN_POINT('',(-3.75,0.214466094067,1.32));
#1425 = DIRECTION('',(-0.707106781187,0.707106781187,0.));
#1426 = DIRECTION('',(0.707106781187,0.707106781187,0.));
#1427 = ADVANCED_FACE('',(#1428),#1446,.F.);
#1428 = FACE_BOUND('',#1429,.F.);
#1429 = EDGE_LOOP('',(#1430,#1438,#1439,#1440));
#1430 = ORIENTED_EDGE('',*,*,#1431,.T.);
#1431 = EDGE_CURVE('',#1432,#1072,#1434,.T.);
#1432 = VERTEX_POINT('',#1433);
#1433 = CARTESIAN_POINT('',(-2.5,-2.5,0.2));
#1434 = LINE('',#1435,#1436);
#1435 = CARTESIAN_POINT('',(-2.5,-2.5,0.2));
#1436 = VECTOR('',#1437,1.);
#1437 = DIRECTION('',(0.,0.,1.));
#1438 = ORIENTED_EDGE('',*,*,#1071,.T.);
#1439 = ORIENTED_EDGE('',*,*,#1185,.F.);
#1440 = ORIENTED_EDGE('',*,*,#1441,.F.);
#1441 = EDGE_CURVE('',#1432,#1186,#1442,.T.);
#1442 = LINE('',#1443,#1444);
#1443 = CARTESIAN_POINT('',(-2.5,-2.5,0.2));
#1444 = VECTOR('',#1445,1.);
#1445 = DIRECTION('',(1.,0.,0.));
#1446 = PLANE('',#1447);
#1447 = AXIS2_PLACEMENT_3D('',#1448,#1449,#1450);
#1448 = CARTESIAN_POINT('',(-2.5,-2.5,0.2));
#1449 = DIRECTION('',(0.,1.,0.));
#1450 = DIRECTION('',(1.,0.,0.));
#1451 = ADVANCED_FACE('',(#1452,#1566,#1600,#1634),#1668,.F.);
#1452 = FACE_BOUND('',#1453,.F.);
#1453 = EDGE_LOOP('',(#1454,#1455,#1456,#1464,#1472,#1480,#1488,#1496,
    #1504,#1512,#1520,#1528,#1536,#1544,#1552,#1558,#1559,#1565));
#1454 = ORIENTED_EDGE('',*,*,#1096,.T.);
#1455 = ORIENTED_EDGE('',*,*,#1431,.F.);
#1456 = ORIENTED_EDGE('',*,*,#1457,.F.);
#1457 = EDGE_CURVE('',#1458,#1432,#1460,.T.);
#1458 = VERTEX_POINT('',#1459);
#1459 = CARTESIAN_POINT('',(-2.5,-2.2,0.2));
#1460 = LINE('',#1461,#1462);
#1461 = CARTESIAN_POINT('',(-2.5,2.5,0.2));
#1462 = VECTOR('',#1463,1.);
#1463 = DIRECTION('',(0.,-1.,0.));
#1464 = ORIENTED_EDGE('',*,*,#1465,.T.);
#1465 = EDGE_CURVE('',#1458,#1466,#1468,.T.);
#1466 = VERTEX_POINT('',#1467);
#1467 = CARTESIAN_POINT('',(-2.5,-2.2,0.261677929985));
#1468 = LINE('',#1469,#1470);
#1469 = CARTESIAN_POINT('',(-2.5,-2.2,0.1));
#1470 = VECTOR('',#1471,1.);
#1471 = DIRECTION('',(0.,0.,1.));
#1472 = ORIENTED_EDGE('',*,*,#1473,.F.);
#1473 = EDGE_CURVE('',#1474,#1466,#1476,.T.);
#1474 = VERTEX_POINT('',#1475);
#1475 = CARTESIAN_POINT('',(-2.5,-1.2,0.261677929985));
#1476 = LINE('',#1477,#1478);
#1477 = CARTESIAN_POINT('',(-2.5,-1.005,0.261677929985));
#1478 = VECTOR('',#1479,1.);
#1479 = DIRECTION('',(0.,-1.,0.));
#1480 = ORIENTED_EDGE('',*,*,#1481,.T.);
#1481 = EDGE_CURVE('',#1474,#1482,#1484,.T.);
#1482 = VERTEX_POINT('',#1483);
#1483 = CARTESIAN_POINT('',(-2.5,-1.2,0.2));
#1484 = LINE('',#1485,#1486);
#1485 = CARTESIAN_POINT('',(-2.5,-1.2,0.1));
#1486 = VECTOR('',#1487,1.);
#1487 = DIRECTION('',(0.,0.,-1.));
#1488 = ORIENTED_EDGE('',*,*,#1489,.F.);
#1489 = EDGE_CURVE('',#1490,#1482,#1492,.T.);
#1490 = VERTEX_POINT('',#1491);
#1491 = CARTESIAN_POINT('',(-2.5,-0.5,0.2));
#1492 = LINE('',#1493,#1494);
#1493 = CARTESIAN_POINT('',(-2.5,2.5,0.2));
#1494 = VECTOR('',#1495,1.);
#1495 = DIRECTION('',(0.,-1.,0.));
#1496 = ORIENTED_EDGE('',*,*,#1497,.T.);
#1497 = EDGE_CURVE('',#1490,#1498,#1500,.T.);
#1498 = VERTEX_POINT('',#1499);
#1499 = CARTESIAN_POINT('',(-2.5,-0.5,0.261677929985));
#1500 = LINE('',#1501,#1502);
#1501 = CARTESIAN_POINT('',(-2.5,-0.5,0.1));
#1502 = VECTOR('',#1503,1.);
#1503 = DIRECTION('',(0.,0.,1.));
#1504 = ORIENTED_EDGE('',*,*,#1505,.F.);
#1505 = EDGE_CURVE('',#1506,#1498,#1508,.T.);
#1506 = VERTEX_POINT('',#1507);
#1507 = CARTESIAN_POINT('',(-2.5,0.5,0.261677929985));
#1508 = LINE('',#1509,#1510);
#1509 = CARTESIAN_POINT('',(-2.5,0.695,0.261677929985));
#1510 = VECTOR('',#1511,1.);
#1511 = DIRECTION('',(0.,-1.,0.));
#1512 = ORIENTED_EDGE('',*,*,#1513,.T.);
#1513 = EDGE_CURVE('',#1506,#1514,#1516,.T.);
#1514 = VERTEX_POINT('',#1515);
#1515 = CARTESIAN_POINT('',(-2.5,0.5,0.2));
#1516 = LINE('',#1517,#1518);
#1517 = CARTESIAN_POINT('',(-2.5,0.5,0.1));
#1518 = VECTOR('',#1519,1.);
#1519 = DIRECTION('',(0.,0.,-1.));
#1520 = ORIENTED_EDGE('',*,*,#1521,.F.);
#1521 = EDGE_CURVE('',#1522,#1514,#1524,.T.);
#1522 = VERTEX_POINT('',#1523);
#1523 = CARTESIAN_POINT('',(-2.5,1.2,0.2));
#1524 = LINE('',#1525,#1526);
#1525 = CARTESIAN_POINT('',(-2.5,2.5,0.2));
#1526 = VECTOR('',#1527,1.);
#1527 = DIRECTION('',(0.,-1.,0.));
#1528 = ORIENTED_EDGE('',*,*,#1529,.T.);
#1529 = EDGE_CURVE('',#1522,#1530,#1532,.T.);
#1530 = VERTEX_POINT('',#1531);
#1531 = CARTESIAN_POINT('',(-2.5,1.2,0.261677929985));
#1532 = LINE('',#1533,#1534);
#1533 = CARTESIAN_POINT('',(-2.5,1.2,0.1));
#1534 = VECTOR('',#1535,1.);
#1535 = DIRECTION('',(0.,0.,1.));
#1536 = ORIENTED_EDGE('',*,*,#1537,.F.);
#1537 = EDGE_CURVE('',#1538,#1530,#1540,.T.);
#1538 = VERTEX_POINT('',#1539);
#1539 = CARTESIAN_POINT('',(-2.5,2.2,0.261677929985));
#1540 = LINE('',#1541,#1542);
#1541 = CARTESIAN_POINT('',(-2.5,2.395,0.261677929985));
#1542 = VECTOR('',#1543,1.);
#1543 = DIRECTION('',(0.,-1.,0.));
#1544 = ORIENTED_EDGE('',*,*,#1545,.T.);
#1545 = EDGE_CURVE('',#1538,#1546,#1548,.T.);
#1546 = VERTEX_POINT('',#1547);
#1547 = CARTESIAN_POINT('',(-2.5,2.2,0.2));
#1548 = LINE('',#1549,#1550);
#1549 = CARTESIAN_POINT('',(-2.5,2.2,0.1));
#1550 = VECTOR('',#1551,1.);
#1551 = DIRECTION('',(0.,0.,-1.));
#1552 = ORIENTED_EDGE('',*,*,#1553,.F.);
#1553 = EDGE_CURVE('',#1155,#1546,#1554,.T.);
#1554 = LINE('',#1555,#1556);
#1555 = CARTESIAN_POINT('',(-2.5,2.5,0.2));
#1556 = VECTOR('',#1557,1.);
#1557 = DIRECTION('',(0.,-1.,0.));
#1558 = ORIENTED_EDGE('',*,*,#1154,.T.);
#1559 = ORIENTED_EDGE('',*,*,#1560,.T.);
#1560 = EDGE_CURVE('',#1147,#1409,#1561,.T.);
#1561 = LINE('',#1562,#1563);
#1562 = CARTESIAN_POINT('',(-2.5,3.125,1.32));
#1563 = VECTOR('',#1564,1.);
#1564 = DIRECTION('',(0.,-1.,0.));
#1565 = ORIENTED_EDGE('',*,*,#1416,.T.);
#1566 = FACE_BOUND('',#1567,.F.);
#1567 = EDGE_LOOP('',(#1568,#1578,#1586,#1594));
#1568 = ORIENTED_EDGE('',*,*,#1569,.F.);
#1569 = EDGE_CURVE('',#1570,#1572,#1574,.T.);
#1570 = VERTEX_POINT('',#1571);
#1571 = CARTESIAN_POINT('',(-2.5,2.2,1.));
#1572 = VERTEX_POINT('',#1573);
#1573 = CARTESIAN_POINT('',(-2.5,1.2,1.));
#1574 = LINE('',#1575,#1576);
#1575 = CARTESIAN_POINT('',(-2.5,2.1,1.));
#1576 = VECTOR('',#1577,1.);
#1577 = DIRECTION('',(0.,-1.,0.));
#1578 = ORIENTED_EDGE('',*,*,#1579,.T.);
#1579 = EDGE_CURVE('',#1570,#1580,#1582,.T.);
#1580 = VERTEX_POINT('',#1581);
#1581 = CARTESIAN_POINT('',(-2.5,2.2,0.738322070015));
#1582 = LINE('',#1583,#1584);
#1583 = CARTESIAN_POINT('',(-2.5,2.2,0.1));
#1584 = VECTOR('',#1585,1.);
#1585 = DIRECTION('',(0.,0.,-1.));
#1586 = ORIENTED_EDGE('',*,*,#1587,.T.);
#1587 = EDGE_CURVE('',#1580,#1588,#1590,.T.);
#1588 = VERTEX_POINT('',#1589);
#1589 = CARTESIAN_POINT('',(-2.5,1.2,0.738322070015));
#1590 = LINE('',#1591,#1592);
#1591 = CARTESIAN_POINT('',(-2.5,2.395,0.738322070015));
#1592 = VECTOR('',#1593,1.);
#1593 = DIRECTION('',(0.,-1.,0.));
#1594 = ORIENTED_EDGE('',*,*,#1595,.T.);
#1595 = EDGE_CURVE('',#1588,#1572,#1596,.T.);
#1596 = LINE('',#1597,#1598);
#1597 = CARTESIAN_POINT('',(-2.5,1.2,0.1));
#1598 = VECTOR('',#1599,1.);
#1599 = DIRECTION('',(0.,0.,1.));
#1600 = FACE_BOUND('',#1601,.F.);
#1601 = EDGE_LOOP('',(#1602,#1612,#1620,#1628));
#1602 = ORIENTED_EDGE('',*,*,#1603,.F.);
#1603 = EDGE_CURVE('',#1604,#1606,#1608,.T.);
#1604 = VERTEX_POINT('',#1605);
#1605 = CARTESIAN_POINT('',(-2.5,0.5,1.));
#1606 = VERTEX_POINT('',#1607);
#1607 = CARTESIAN_POINT('',(-2.5,-0.5,1.));
#1608 = LINE('',#1609,#1610);
#1609 = CARTESIAN_POINT('',(-2.5,1.25,1.));
#1610 = VECTOR('',#1611,1.);
#1611 = DIRECTION('',(0.,-1.,0.));
#1612 = ORIENTED_EDGE('',*,*,#1613,.T.);
#1613 = EDGE_CURVE('',#1604,#1614,#1616,.T.);
#1614 = VERTEX_POINT('',#1615);
#1615 = CARTESIAN_POINT('',(-2.5,0.5,0.738322070015));
#1616 = LINE('',#1617,#1618);
#1617 = CARTESIAN_POINT('',(-2.5,0.5,0.1));
#1618 = VECTOR('',#1619,1.);
#1619 = DIRECTION('',(0.,0.,-1.));
#1620 = ORIENTED_EDGE('',*,*,#1621,.T.);
#1621 = EDGE_CURVE('',#1614,#1622,#1624,.T.);
#1622 = VERTEX_POINT('',#1623);
#1623 = CARTESIAN_POINT('',(-2.5,-0.5,0.738322070015));
#1624 = LINE('',#1625,#1626);
#1625 = CARTESIAN_POINT('',(-2.5,0.695,0.738322070015));
#1626 = VECTOR('',#1627,1.);
#1627 = DIRECTION('',(0.,-1.,0.));
#1628 = ORIENTED_EDGE('',*,*,#1629,.T.);
#1629 = EDGE_CURVE('',#1622,#1606,#1630,.T.);
#1630 = LINE('',#1631,#1632);
#1631 = CARTESIAN_POINT('',(-2.5,-0.5,0.1));
#1632 = VECTOR('',#1633,1.);
#1633 = DIRECTION('',(0.,0.,1.));
#1634 = FACE_BOUND('',#1635,.F.);
#1635 = EDGE_LOOP('',(#1636,#1646,#1654,#1662));
#1636 = ORIENTED_EDGE('',*,*,#1637,.T.);
#1637 = EDGE_CURVE('',#1638,#1640,#1642,.T.);
#1638 = VERTEX_POINT('',#1639);
#1639 = CARTESIAN_POINT('',(-2.5,-1.2,1.));
#1640 = VERTEX_POINT('',#1641);
#1641 = CARTESIAN_POINT('',(-2.5,-1.2,0.738322070015));
#1642 = LINE('',#1643,#1644);
#1643 = CARTESIAN_POINT('',(-2.5,-1.2,0.1));
#1644 = VECTOR('',#1645,1.);
#1645 = DIRECTION('',(0.,0.,-1.));
#1646 = ORIENTED_EDGE('',*,*,#1647,.T.);
#1647 = EDGE_CURVE('',#1640,#1648,#1650,.T.);
#1648 = VERTEX_POINT('',#1649);
#1649 = CARTESIAN_POINT('',(-2.5,-2.2,0.738322070015));
#1650 = LINE('',#1651,#1652);
#1651 = CARTESIAN_POINT('',(-2.5,-1.005,0.738322070015));
#1652 = VECTOR('',#1653,1.);
#1653 = DIRECTION('',(0.,-1.,0.));
#1654 = ORIENTED_EDGE('',*,*,#1655,.T.);
#1655 = EDGE_CURVE('',#1648,#1656,#1658,.T.);
#1656 = VERTEX_POINT('',#1657);
#1657 = CARTESIAN_POINT('',(-2.5,-2.2,1.));
#1658 = LINE('',#1659,#1660);
#1659 = CARTESIAN_POINT('',(-2.5,-2.2,0.1));
#1660 = VECTOR('',#1661,1.);
#1661 = DIRECTION('',(0.,0.,1.));
#1662 = ORIENTED_EDGE('',*,*,#1663,.F.);
#1663 = EDGE_CURVE('',#1638,#1656,#1664,.T.);
#1664 = LINE('',#1665,#1666);
#1665 = CARTESIAN_POINT('',(-2.5,0.4,1.));
#1666 = VECTOR('',#1667,1.);
#1667 = DIRECTION('',(0.,-1.,0.));
#1668 = PLANE('',#1669);
#1669 = AXIS2_PLACEMENT_3D('',#1670,#1671,#1672);
#1670 = CARTESIAN_POINT('',(-2.5,2.5,0.2));
#1671 = DIRECTION('',(1.,0.,0.));
#1672 = DIRECTION('',(0.,-1.,0.));
#1673 = ADVANCED_FACE('',(#1674),#1677,.T.);
#1674 = FACE_BOUND('',#1675,.T.);
#1675 = EDGE_LOOP('',(#1676));
#1676 = ORIENTED_EDGE('',*,*,#1123,.T.);
#1677 = PLANE('',#1678);
#1678 = AXIS2_PLACEMENT_3D('',#1679,#1680,#1681);
#1679 = CARTESIAN_POINT('',(-1.538370149107E-16,1.370800865949E-16,1.25)
  );
#1680 = DIRECTION('',(0.,0.,1.));
#1681 = DIRECTION('',(1.,0.,-0.));
#1682 = ADVANCED_FACE('',(#1683),#1688,.T.);
#1683 = FACE_BOUND('',#1684,.T.);
#1684 = EDGE_LOOP('',(#1685,#1686,#1687));
#1685 = ORIENTED_EDGE('',*,*,#1560,.T.);
#1686 = ORIENTED_EDGE('',*,*,#1408,.T.);
#1687 = ORIENTED_EDGE('',*,*,#1146,.T.);
#1688 = PLANE('',#1689);
#1689 = AXIS2_PLACEMENT_3D('',#1690,#1691,#1692);
#1690 = CARTESIAN_POINT('',(-3.75,3.75,1.32));
#1691 = DIRECTION('',(0.,0.,1.));
#1692 = DIRECTION('',(0.707106781187,0.707106781187,-0.));
#1693 = ADVANCED_FACE('',(#1694,#1838,#1872,#1906,#1940,#1974,#2008),
  #2042,.F.);
#1694 = FACE_BOUND('',#1695,.F.);
#1695 = EDGE_LOOP('',(#1696,#1697,#1698,#1699,#1707,#1715,#1721,#1722,
    #1730,#1738,#1744,#1745,#1753,#1761,#1767,#1768,#1769,#1770,#1778,
    #1786,#1792,#1793,#1801,#1809,#1815,#1816,#1824,#1832));
#1696 = ORIENTED_EDGE('',*,*,#1457,.T.);
#1697 = ORIENTED_EDGE('',*,*,#1441,.T.);
#1698 = ORIENTED_EDGE('',*,*,#1291,.T.);
#1699 = ORIENTED_EDGE('',*,*,#1700,.T.);
#1700 = EDGE_CURVE('',#1284,#1701,#1703,.T.);
#1701 = VERTEX_POINT('',#1702);
#1702 = CARTESIAN_POINT('',(2.438322070015,-2.2,0.2));
#1703 = LINE('',#1704,#1705);
#1704 = CARTESIAN_POINT('',(0.85,-2.2,0.2));
#1705 = VECTOR('',#1706,1.);
#1706 = DIRECTION('',(-1.,0.,0.));
#1707 = ORIENTED_EDGE('',*,*,#1708,.T.);
#1708 = EDGE_CURVE('',#1701,#1709,#1711,.T.);
#1709 = VERTEX_POINT('',#1710);
#1710 = CARTESIAN_POINT('',(2.438322070015,-1.2,0.2));
#1711 = LINE('',#1712,#1713);
#1712 = CARTESIAN_POINT('',(2.438322070015,-2.395,0.2));
#1713 = VECTOR('',#1714,1.);
#1714 = DIRECTION('',(0.,1.,0.));
#1715 = ORIENTED_EDGE('',*,*,#1716,.T.);
#1716 = EDGE_CURVE('',#1709,#1260,#1717,.T.);
#1717 = LINE('',#1718,#1719);
#1718 = CARTESIAN_POINT('',(1.35,-1.2,0.2));
#1719 = VECTOR('',#1720,1.);
#1720 = DIRECTION('',(1.,0.,0.));
#1721 = ORIENTED_EDGE('',*,*,#1259,.T.);
#1722 = ORIENTED_EDGE('',*,*,#1723,.T.);
#1723 = EDGE_CURVE('',#1252,#1724,#1726,.T.);
#1724 = VERTEX_POINT('',#1725);
#1725 = CARTESIAN_POINT('',(2.438322070015,-0.5,0.2));
#1726 = LINE('',#1727,#1728);
#1727 = CARTESIAN_POINT('',(0.85,-0.5,0.2));
#1728 = VECTOR('',#1729,1.);
#1729 = DIRECTION('',(-1.,0.,0.));
#1730 = ORIENTED_EDGE('',*,*,#1731,.T.);
#1731 = EDGE_CURVE('',#1724,#1732,#1734,.T.);
#1732 = VERTEX_POINT('',#1733);
#1733 = CARTESIAN_POINT('',(2.438322070015,0.5,0.2));
#1734 = LINE('',#1735,#1736);
#1735 = CARTESIAN_POINT('',(2.438322070015,-0.695,0.2));
#1736 = VECTOR('',#1737,1.);
#1737 = DIRECTION('',(0.,1.,0.));
#1738 = ORIENTED_EDGE('',*,*,#1739,.T.);
#1739 = EDGE_CURVE('',#1732,#1228,#1740,.T.);
#1740 = LINE('',#1741,#1742);
#1741 = CARTESIAN_POINT('',(1.35,0.5,0.2));
#1742 = VECTOR('',#1743,1.);
#1743 = DIRECTION('',(1.,0.,0.));
#1744 = ORIENTED_EDGE('',*,*,#1227,.T.);
#1745 = ORIENTED_EDGE('',*,*,#1746,.T.);
#1746 = EDGE_CURVE('',#1220,#1747,#1749,.T.);
#1747 = VERTEX_POINT('',#1748);
#1748 = CARTESIAN_POINT('',(2.438322070015,1.2,0.2));
#1749 = LINE('',#1750,#1751);
#1750 = CARTESIAN_POINT('',(0.85,1.2,0.2));
#1751 = VECTOR('',#1752,1.);
#1752 = DIRECTION('',(-1.,0.,0.));
#1753 = ORIENTED_EDGE('',*,*,#1754,.T.);
#1754 = EDGE_CURVE('',#1747,#1755,#1757,.T.);
#1755 = VERTEX_POINT('',#1756);
#1756 = CARTESIAN_POINT('',(2.438322070015,2.2,0.2));
#1757 = LINE('',#1758,#1759);
#1758 = CARTESIAN_POINT('',(2.438322070015,1.005,0.2));
#1759 = VECTOR('',#1760,1.);
#1760 = DIRECTION('',(0.,1.,0.));
#1761 = ORIENTED_EDGE('',*,*,#1762,.T.);
#1762 = EDGE_CURVE('',#1755,#1196,#1763,.T.);
#1763 = LINE('',#1764,#1765);
#1764 = CARTESIAN_POINT('',(1.35,2.2,0.2));
#1765 = VECTOR('',#1766,1.);
#1766 = DIRECTION('',(1.,0.,0.));
#1767 = ORIENTED_EDGE('',*,*,#1195,.T.);
#1768 = ORIENTED_EDGE('',*,*,#1162,.T.);
#1769 = ORIENTED_EDGE('',*,*,#1553,.T.);
#1770 = ORIENTED_EDGE('',*,*,#1771,.T.);
#1771 = EDGE_CURVE('',#1546,#1772,#1774,.T.);
#1772 = VERTEX_POINT('',#1773);
#1773 = CARTESIAN_POINT('',(-2.438322070015,2.2,0.2));
#1774 = LINE('',#1775,#1776);
#1775 = CARTESIAN_POINT('',(-0.85,2.2,0.2));
#1776 = VECTOR('',#1777,1.);
#1777 = DIRECTION('',(1.,0.,0.));
#1778 = ORIENTED_EDGE('',*,*,#1779,.T.);
#1779 = EDGE_CURVE('',#1772,#1780,#1782,.T.);
#1780 = VERTEX_POINT('',#1781);
#1781 = CARTESIAN_POINT('',(-2.438322070015,1.2,0.2));
#1782 = LINE('',#1783,#1784);
#1783 = CARTESIAN_POINT('',(-2.438322070015,2.395,0.2));
#1784 = VECTOR('',#1785,1.);
#1785 = DIRECTION('',(0.,-1.,0.));
#1786 = ORIENTED_EDGE('',*,*,#1787,.T.);
#1787 = EDGE_CURVE('',#1780,#1522,#1788,.T.);
#1788 = LINE('',#1789,#1790);
#1789 = CARTESIAN_POINT('',(-1.35,1.2,0.2));
#1790 = VECTOR('',#1791,1.);
#1791 = DIRECTION('',(-1.,0.,0.));
#1792 = ORIENTED_EDGE('',*,*,#1521,.T.);
#1793 = ORIENTED_EDGE('',*,*,#1794,.T.);
#1794 = EDGE_CURVE('',#1514,#1795,#1797,.T.);
#1795 = VERTEX_POINT('',#1796);
#1796 = CARTESIAN_POINT('',(-2.438322070015,0.5,0.2));
#1797 = LINE('',#1798,#1799);
#1798 = CARTESIAN_POINT('',(-0.85,0.5,0.2));
#1799 = VECTOR('',#1800,1.);
#1800 = DIRECTION('',(1.,0.,0.));
#1801 = ORIENTED_EDGE('',*,*,#1802,.T.);
#1802 = EDGE_CURVE('',#1795,#1803,#1805,.T.);
#1803 = VERTEX_POINT('',#1804);
#1804 = CARTESIAN_POINT('',(-2.438322070015,-0.5,0.2));
#1805 = LINE('',#1806,#1807);
#1806 = CARTESIAN_POINT('',(-2.438322070015,0.695,0.2));
#1807 = VECTOR('',#1808,1.);
#1808 = DIRECTION('',(0.,-1.,0.));
#1809 = ORIENTED_EDGE('',*,*,#1810,.T.);
#1810 = EDGE_CURVE('',#1803,#1490,#1811,.T.);
#1811 = LINE('',#1812,#1813);
#1812 = CARTESIAN_POINT('',(-1.35,-0.5,0.2));
#1813 = VECTOR('',#1814,1.);
#1814 = DIRECTION('',(-1.,0.,0.));
#1815 = ORIENTED_EDGE('',*,*,#1489,.T.);
#1816 = ORIENTED_EDGE('',*,*,#1817,.T.);
#1817 = EDGE_CURVE('',#1482,#1818,#1820,.T.);
#1818 = VERTEX_POINT('',#1819);
#1819 = CARTESIAN_POINT('',(-2.438322070015,-1.2,0.2));
#1820 = LINE('',#1821,#1822);
#1821 = CARTESIAN_POINT('',(-0.85,-1.2,0.2));
#1822 = VECTOR('',#1823,1.);
#1823 = DIRECTION('',(1.,0.,0.));
#1824 = ORIENTED_EDGE('',*,*,#1825,.T.);
#1825 = EDGE_CURVE('',#1818,#1826,#1828,.T.);
#1826 = VERTEX_POINT('',#1827);
#1827 = CARTESIAN_POINT('',(-2.438322070015,-2.2,0.2));
#1828 = LINE('',#1829,#1830);
#1829 = CARTESIAN_POINT('',(-2.438322070015,-1.005,0.2));
#1830 = VECTOR('',#1831,1.);
#1831 = DIRECTION('',(0.,-1.,0.));
#1832 = ORIENTED_EDGE('',*,*,#1833,.T.);
#1833 = EDGE_CURVE('',#1826,#1458,#1834,.T.);
#1834 = LINE('',#1835,#1836);
#1835 = CARTESIAN_POINT('',(-1.35,-2.2,0.2));
#1836 = VECTOR('',#1837,1.);
#1837 = DIRECTION('',(-1.,0.,0.));
#1838 = FACE_BOUND('',#1839,.F.);
#1839 = EDGE_LOOP('',(#1840,#1850,#1858,#1866));
#1840 = ORIENTED_EDGE('',*,*,#1841,.T.);
#1841 = EDGE_CURVE('',#1842,#1844,#1846,.T.);
#1842 = VERTEX_POINT('',#1843);
#1843 = CARTESIAN_POINT('',(1.961677929985,-1.2,0.2));
#1844 = VERTEX_POINT('',#1845);
#1845 = CARTESIAN_POINT('',(1.961677929985,-2.2,0.2));
#1846 = LINE('',#1847,#1848);
#1847 = CARTESIAN_POINT('',(1.961677929985,-1.005,0.2));
#1848 = VECTOR('',#1849,1.);
#1849 = DIRECTION('',(0.,-1.,0.));
#1850 = ORIENTED_EDGE('',*,*,#1851,.T.);
#1851 = EDGE_CURVE('',#1844,#1852,#1854,.T.);
#1852 = VERTEX_POINT('',#1853);
#1853 = CARTESIAN_POINT('',(1.7,-2.2,0.2));
#1854 = LINE('',#1855,#1856);
#1855 = CARTESIAN_POINT('',(0.85,-2.2,0.2));
#1856 = VECTOR('',#1857,1.);
#1857 = DIRECTION('',(-1.,0.,0.));
#1858 = ORIENTED_EDGE('',*,*,#1859,.T.);
#1859 = EDGE_CURVE('',#1852,#1860,#1862,.T.);
#1860 = VERTEX_POINT('',#1861);
#1861 = CARTESIAN_POINT('',(1.7,-1.2,0.2));
#1862 = LINE('',#1863,#1864);
#1863 = CARTESIAN_POINT('',(1.7,-0.6,0.2));
#1864 = VECTOR('',#1865,1.);
#1865 = DIRECTION('',(0.,1.,0.));
#1866 = ORIENTED_EDGE('',*,*,#1867,.T.);
#1867 = EDGE_CURVE('',#1860,#1842,#1868,.T.);
#1868 = LINE('',#1869,#1870);
#1869 = CARTESIAN_POINT('',(1.35,-1.2,0.2));
#1870 = VECTOR('',#1871,1.);
#1871 = DIRECTION('',(1.,0.,0.));
#1872 = FACE_BOUND('',#1873,.F.);
#1873 = EDGE_LOOP('',(#1874,#1884,#1892,#1900));
#1874 = ORIENTED_EDGE('',*,*,#1875,.T.);
#1875 = EDGE_CURVE('',#1876,#1878,#1880,.T.);
#1876 = VERTEX_POINT('',#1877);
#1877 = CARTESIAN_POINT('',(-1.7,-1.2,0.2));
#1878 = VERTEX_POINT('',#1879);
#1879 = CARTESIAN_POINT('',(-1.7,-2.2,0.2));
#1880 = LINE('',#1881,#1882);
#1881 = CARTESIAN_POINT('',(-1.7,-1.1,0.2));
#1882 = VECTOR('',#1883,1.);
#1883 = DIRECTION('',(0.,-1.,0.));
#1884 = ORIENTED_EDGE('',*,*,#1885,.T.);
#1885 = EDGE_CURVE('',#1878,#1886,#1888,.T.);
#1886 = VERTEX_POINT('',#1887);
#1887 = CARTESIAN_POINT('',(-1.961677929985,-2.2,0.2));
#1888 = LINE('',#1889,#1890);
#1889 = CARTESIAN_POINT('',(-1.35,-2.2,0.2));
#1890 = VECTOR('',#1891,1.);
#1891 = DIRECTION('',(-1.,0.,0.));
#1892 = ORIENTED_EDGE('',*,*,#1893,.T.);
#1893 = EDGE_CURVE('',#1886,#1894,#1896,.T.);
#1894 = VERTEX_POINT('',#1895);
#1895 = CARTESIAN_POINT('',(-1.961677929985,-1.2,0.2));
#1896 = LINE('',#1897,#1898);
#1897 = CARTESIAN_POINT('',(-1.961677929985,-2.395,0.2));
#1898 = VECTOR('',#1899,1.);
#1899 = DIRECTION('',(0.,1.,0.));
#1900 = ORIENTED_EDGE('',*,*,#1901,.T.);
#1901 = EDGE_CURVE('',#1894,#1876,#1902,.T.);
#1902 = LINE('',#1903,#1904);
#1903 = CARTESIAN_POINT('',(-0.85,-1.2,0.2));
#1904 = VECTOR('',#1905,1.);
#1905 = DIRECTION('',(1.,0.,0.));
#1906 = FACE_BOUND('',#1907,.F.);
#1907 = EDGE_LOOP('',(#1908,#1918,#1926,#1934));
#1908 = ORIENTED_EDGE('',*,*,#1909,.T.);
#1909 = EDGE_CURVE('',#1910,#1912,#1914,.T.);
#1910 = VERTEX_POINT('',#1911);
#1911 = CARTESIAN_POINT('',(-1.961677929985,1.2,0.2));
#1912 = VERTEX_POINT('',#1913);
#1913 = CARTESIAN_POINT('',(-1.961677929985,2.2,0.2));
#1914 = LINE('',#1915,#1916);
#1915 = CARTESIAN_POINT('',(-1.961677929985,1.005,0.2));
#1916 = VECTOR('',#1917,1.);
#1917 = DIRECTION('',(0.,1.,0.));
#1918 = ORIENTED_EDGE('',*,*,#1919,.T.);
#1919 = EDGE_CURVE('',#1912,#1920,#1922,.T.);
#1920 = VERTEX_POINT('',#1921);
#1921 = CARTESIAN_POINT('',(-1.7,2.2,0.2));
#1922 = LINE('',#1923,#1924);
#1923 = CARTESIAN_POINT('',(-0.85,2.2,0.2));
#1924 = VECTOR('',#1925,1.);
#1925 = DIRECTION('',(1.,0.,0.));
#1926 = ORIENTED_EDGE('',*,*,#1927,.T.);
#1927 = EDGE_CURVE('',#1920,#1928,#1930,.T.);
#1928 = VERTEX_POINT('',#1929);
#1929 = CARTESIAN_POINT('',(-1.7,1.2,0.2));
#1930 = LINE('',#1931,#1932);
#1931 = CARTESIAN_POINT('',(-1.7,0.6,0.2));
#1932 = VECTOR('',#1933,1.);
#1933 = DIRECTION('',(0.,-1.,0.));
#1934 = ORIENTED_EDGE('',*,*,#1935,.T.);
#1935 = EDGE_CURVE('',#1928,#1910,#1936,.T.);
#1936 = LINE('',#1937,#1938);
#1937 = CARTESIAN_POINT('',(-1.35,1.2,0.2));
#1938 = VECTOR('',#1939,1.);
#1939 = DIRECTION('',(-1.,0.,0.));
#1940 = FACE_BOUND('',#1941,.F.);
#1941 = EDGE_LOOP('',(#1942,#1952,#1960,#1968));
#1942 = ORIENTED_EDGE('',*,*,#1943,.T.);
#1943 = EDGE_CURVE('',#1944,#1946,#1948,.T.);
#1944 = VERTEX_POINT('',#1945);
#1945 = CARTESIAN_POINT('',(-1.961677929985,-0.5,0.2));
#1946 = VERTEX_POINT('',#1947);
#1947 = CARTESIAN_POINT('',(-1.961677929985,0.5,0.2));
#1948 = LINE('',#1949,#1950);
#1949 = CARTESIAN_POINT('',(-1.961677929985,-0.695,0.2));
#1950 = VECTOR('',#1951,1.);
#1951 = DIRECTION('',(0.,1.,0.));
#1952 = ORIENTED_EDGE('',*,*,#1953,.T.);
#1953 = EDGE_CURVE('',#1946,#1954,#1956,.T.);
#1954 = VERTEX_POINT('',#1955);
#1955 = CARTESIAN_POINT('',(-1.7,0.5,0.2));
#1956 = LINE('',#1957,#1958);
#1957 = CARTESIAN_POINT('',(-0.85,0.5,0.2));
#1958 = VECTOR('',#1959,1.);
#1959 = DIRECTION('',(1.,0.,0.));
#1960 = ORIENTED_EDGE('',*,*,#1961,.T.);
#1961 = EDGE_CURVE('',#1954,#1962,#1964,.T.);
#1962 = VERTEX_POINT('',#1963);
#1963 = CARTESIAN_POINT('',(-1.7,-0.5,0.2));
#1964 = LINE('',#1965,#1966);
#1965 = CARTESIAN_POINT('',(-1.7,-0.25,0.2));
#1966 = VECTOR('',#1967,1.);
#1967 = DIRECTION('',(0.,-1.,0.));
#1968 = ORIENTED_EDGE('',*,*,#1969,.T.);
#1969 = EDGE_CURVE('',#1962,#1944,#1970,.T.);
#1970 = LINE('',#1971,#1972);
#1971 = CARTESIAN_POINT('',(-1.35,-0.5,0.2));
#1972 = VECTOR('',#1973,1.);
#1973 = DIRECTION('',(-1.,0.,0.));
#1974 = FACE_BOUND('',#1975,.F.);
#1975 = EDGE_LOOP('',(#1976,#1986,#1994,#2002));
#1976 = ORIENTED_EDGE('',*,*,#1977,.T.);
#1977 = EDGE_CURVE('',#1978,#1980,#1982,.T.);
#1978 = VERTEX_POINT('',#1979);
#1979 = CARTESIAN_POINT('',(1.961677929985,2.2,0.2));
#1980 = VERTEX_POINT('',#1981);
#1981 = CARTESIAN_POINT('',(1.961677929985,1.2,0.2));
#1982 = LINE('',#1983,#1984);
#1983 = CARTESIAN_POINT('',(1.961677929985,2.395,0.2));
#1984 = VECTOR('',#1985,1.);
#1985 = DIRECTION('',(0.,-1.,0.));
#1986 = ORIENTED_EDGE('',*,*,#1987,.T.);
#1987 = EDGE_CURVE('',#1980,#1988,#1990,.T.);
#1988 = VERTEX_POINT('',#1989);
#1989 = CARTESIAN_POINT('',(1.7,1.2,0.2));
#1990 = LINE('',#1991,#1992);
#1991 = CARTESIAN_POINT('',(0.85,1.2,0.2));
#1992 = VECTOR('',#1993,1.);
#1993 = DIRECTION('',(-1.,0.,0.));
#1994 = ORIENTED_EDGE('',*,*,#1995,.T.);
#1995 = EDGE_CURVE('',#1988,#1996,#1998,.T.);
#1996 = VERTEX_POINT('',#1997);
#1997 = CARTESIAN_POINT('',(1.7,2.2,0.2));
#1998 = LINE('',#1999,#2000);
#1999 = CARTESIAN_POINT('',(1.7,1.1,0.2));
#2000 = VECTOR('',#2001,1.);
#2001 = DIRECTION('',(0.,1.,0.));
#2002 = ORIENTED_EDGE('',*,*,#2003,.T.);
#2003 = EDGE_CURVE('',#1996,#1978,#2004,.T.);
#2004 = LINE('',#2005,#2006);
#2005 = CARTESIAN_POINT('',(1.35,2.2,0.2));
#2006 = VECTOR('',#2007,1.);
#2007 = DIRECTION('',(1.,0.,0.));
#2008 = FACE_BOUND('',#2009,.F.);
#2009 = EDGE_LOOP('',(#2010,#2020,#2028,#2036));
#2010 = ORIENTED_EDGE('',*,*,#2011,.T.);
#2011 = EDGE_CURVE('',#2012,#2014,#2016,.T.);
#2012 = VERTEX_POINT('',#2013);
#2013 = CARTESIAN_POINT('',(1.7,-0.5,0.2));
#2014 = VERTEX_POINT('',#2015);
#2015 = CARTESIAN_POINT('',(1.7,0.5,0.2));
#2016 = LINE('',#2017,#2018);
#2017 = CARTESIAN_POINT('',(1.7,0.25,0.2));
#2018 = VECTOR('',#2019,1.);
#2019 = DIRECTION('',(0.,1.,0.));
#2020 = ORIENTED_EDGE('',*,*,#2021,.T.);
#2021 = EDGE_CURVE('',#2014,#2022,#2024,.T.);
#2022 = VERTEX_POINT('',#2023);
#2023 = CARTESIAN_POINT('',(1.961677929985,0.5,0.2));
#2024 = LINE('',#2025,#2026);
#2025 = CARTESIAN_POINT('',(1.35,0.5,0.2));
#2026 = VECTOR('',#2027,1.);
#2027 = DIRECTION('',(1.,0.,0.));
#2028 = ORIENTED_EDGE('',*,*,#2029,.T.);
#2029 = EDGE_CURVE('',#2022,#2030,#2032,.T.);
#2030 = VERTEX_POINT('',#2031);
#2031 = CARTESIAN_POINT('',(1.961677929985,-0.5,0.2));
#2032 = LINE('',#2033,#2034);
#2033 = CARTESIAN_POINT('',(1.961677929985,0.695,0.2));
#2034 = VECTOR('',#2035,1.);
#2035 = DIRECTION('',(0.,-1.,0.));
#2036 = ORIENTED_EDGE('',*,*,#2037,.T.);
#2037 = EDGE_CURVE('',#2030,#2012,#2038,.T.);
#2038 = LINE('',#2039,#2040);
#2039 = CARTESIAN_POINT('',(0.85,-0.5,0.2));
#2040 = VECTOR('',#2041,1.);
#2041 = DIRECTION('',(-1.,0.,0.));
#2042 = PLANE('',#2043);
#2043 = AXIS2_PLACEMENT_3D('',#2044,#2045,#2046);
#2044 = CARTESIAN_POINT('',(0.,0.,0.2));
#2045 = DIRECTION('',(0.,0.,1.));
#2046 = DIRECTION('',(1.,0.,-0.));
#2047 = ADVANCED_FACE('',(#2048),#2150,.F.);
#2048 = FACE_BOUND('',#2049,.F.);
#2049 = EDGE_LOOP('',(#2050,#2060,#2069,#2077,#2083,#2084,#2093,#2101,
    #2108,#2109,#2110,#2119,#2127,#2134,#2135,#2143));
#2050 = ORIENTED_EDGE('',*,*,#2051,.F.);
#2051 = EDGE_CURVE('',#2052,#2054,#2056,.T.);
#2052 = VERTEX_POINT('',#2053);
#2053 = CARTESIAN_POINT('',(2.7,-2.2,9.75E-02));
#2054 = VERTEX_POINT('',#2055);
#2055 = CARTESIAN_POINT('',(2.7,-2.2,0.9025));
#2056 = LINE('',#2057,#2058);
#2057 = CARTESIAN_POINT('',(2.7,-2.2,0.));
#2058 = VECTOR('',#2059,1.);
#2059 = DIRECTION('',(0.,0.,1.));
#2060 = ORIENTED_EDGE('',*,*,#2061,.T.);
#2061 = EDGE_CURVE('',#2052,#2062,#2064,.T.);
#2062 = VERTEX_POINT('',#2063);
#2063 = CARTESIAN_POINT('',(2.6025,-2.2,-2.775557561563E-17));
#2064 = CIRCLE('',#2065,9.75E-02);
#2065 = AXIS2_PLACEMENT_3D('',#2066,#2067,#2068);
#2066 = CARTESIAN_POINT('',(2.6025,-2.2,9.75E-02));
#2067 = DIRECTION('',(0.,1.,0.));
#2068 = DIRECTION('',(0.,-0.,1.));
#2069 = ORIENTED_EDGE('',*,*,#2070,.F.);
#2070 = EDGE_CURVE('',#2071,#2062,#2073,.T.);
#2071 = VERTEX_POINT('',#2072);
#2072 = CARTESIAN_POINT('',(1.7,-2.2,0.));
#2073 = LINE('',#2074,#2075);
#2074 = CARTESIAN_POINT('',(1.7,-2.2,0.));
#2075 = VECTOR('',#2076,1.);
#2076 = DIRECTION('',(1.,0.,0.));
#2077 = ORIENTED_EDGE('',*,*,#2078,.T.);
#2078 = EDGE_CURVE('',#2071,#1852,#2079,.T.);
#2079 = LINE('',#2080,#2081);
#2080 = CARTESIAN_POINT('',(1.7,-2.2,0.));
#2081 = VECTOR('',#2082,1.);
#2082 = DIRECTION('',(0.,0.,1.));
#2083 = ORIENTED_EDGE('',*,*,#1851,.F.);
#2084 = ORIENTED_EDGE('',*,*,#2085,.T.);
#2085 = EDGE_CURVE('',#1844,#2086,#2088,.T.);
#2086 = VERTEX_POINT('',#2087);
#2087 = CARTESIAN_POINT('',(1.9925,-2.2,0.195));
#2088 = CIRCLE('',#2089,9.75E-02);
#2089 = AXIS2_PLACEMENT_3D('',#2090,#2091,#2092);
#2090 = CARTESIAN_POINT('',(1.9925,-2.2,0.2925));
#2091 = DIRECTION('',(0.,-1.,0.));
#2092 = DIRECTION('',(-1.,0.,0.));
#2093 = ORIENTED_EDGE('',*,*,#2094,.T.);
#2094 = EDGE_CURVE('',#2086,#2095,#2097,.T.);
#2095 = VERTEX_POINT('',#2096);
#2096 = CARTESIAN_POINT('',(2.4075,-2.2,0.195));
#2097 = LINE('',#2098,#2099);
#2098 = CARTESIAN_POINT('',(1.95,-2.2,0.195));
#2099 = VECTOR('',#2100,1.);
#2100 = DIRECTION('',(1.,0.,6.906640467053E-32));
#2101 = ORIENTED_EDGE('',*,*,#2102,.F.);
#2102 = EDGE_CURVE('',#1701,#2095,#2103,.T.);
#2103 = CIRCLE('',#2104,9.75E-02);
#2104 = AXIS2_PLACEMENT_3D('',#2105,#2106,#2107);
#2105 = CARTESIAN_POINT('',(2.4075,-2.2,0.2925));
#2106 = DIRECTION('',(0.,1.,0.));
#2107 = DIRECTION('',(6.906640467053E-32,0.,-1.));
#2108 = ORIENTED_EDGE('',*,*,#1700,.F.);
#2109 = ORIENTED_EDGE('',*,*,#1283,.F.);
#2110 = ORIENTED_EDGE('',*,*,#2111,.F.);
#2111 = EDGE_CURVE('',#2112,#1276,#2114,.T.);
#2112 = VERTEX_POINT('',#2113);
#2113 = CARTESIAN_POINT('',(2.505,-2.2,0.2925));
#2114 = CIRCLE('',#2115,9.75E-02);
#2115 = AXIS2_PLACEMENT_3D('',#2116,#2117,#2118);
#2116 = CARTESIAN_POINT('',(2.4075,-2.2,0.2925));
#2117 = DIRECTION('',(0.,1.,0.));
#2118 = DIRECTION('',(6.906640467053E-32,0.,-1.));
#2119 = ORIENTED_EDGE('',*,*,#2120,.T.);
#2120 = EDGE_CURVE('',#2112,#2121,#2123,.T.);
#2121 = VERTEX_POINT('',#2122);
#2122 = CARTESIAN_POINT('',(2.505,-2.2,0.7075));
#2123 = LINE('',#2124,#2125);
#2124 = CARTESIAN_POINT('',(2.505,-2.2,9.75E-02));
#2125 = VECTOR('',#2126,1.);
#2126 = DIRECTION('',(0.,0.,1.));
#2127 = ORIENTED_EDGE('',*,*,#2128,.F.);
#2128 = EDGE_CURVE('',#1310,#2121,#2129,.T.);
#2129 = CIRCLE('',#2130,9.75E-02);
#2130 = AXIS2_PLACEMENT_3D('',#2131,#2132,#2133);
#2131 = CARTESIAN_POINT('',(2.4075,-2.2,0.7075));
#2132 = DIRECTION('',(-0.,1.,0.));
#2133 = DIRECTION('',(1.,0.,0.));
#2134 = ORIENTED_EDGE('',*,*,#1309,.F.);
#2135 = ORIENTED_EDGE('',*,*,#2136,.T.);
#2136 = EDGE_CURVE('',#1300,#2137,#2139,.T.);
#2137 = VERTEX_POINT('',#2138);
#2138 = CARTESIAN_POINT('',(2.6025,-2.2,1.));
#2139 = LINE('',#2140,#2141);
#2140 = CARTESIAN_POINT('',(1.7,-2.2,1.));
#2141 = VECTOR('',#2142,1.);
#2142 = DIRECTION('',(1.,0.,0.));
#2143 = ORIENTED_EDGE('',*,*,#2144,.T.);
#2144 = EDGE_CURVE('',#2137,#2054,#2145,.T.);
#2145 = CIRCLE('',#2146,9.75E-02);
#2146 = AXIS2_PLACEMENT_3D('',#2147,#2148,#2149);
#2147 = CARTESIAN_POINT('',(2.6025,-2.2,0.9025));
#2148 = DIRECTION('',(0.,1.,0.));
#2149 = DIRECTION('',(0.,-0.,1.));
#2150 = PLANE('',#2151);
#2151 = AXIS2_PLACEMENT_3D('',#2152,#2153,#2154);
#2152 = CARTESIAN_POINT('',(1.7,-2.2,0.));
#2153 = DIRECTION('',(0.,1.,0.));
#2154 = DIRECTION('',(1.,0.,0.));
#2155 = ADVANCED_FACE('',(#2156),#2175,.F.);
#2156 = FACE_BOUND('',#2157,.F.);
#2157 = EDGE_LOOP('',(#2158,#2167,#2173,#2174));
#2158 = ORIENTED_EDGE('',*,*,#2159,.F.);
#2159 = EDGE_CURVE('',#2160,#1268,#2162,.T.);
#2160 = VERTEX_POINT('',#2161);
#2161 = CARTESIAN_POINT('',(2.505,-1.2,0.2925));
#2162 = CIRCLE('',#2163,9.75E-02);
#2163 = AXIS2_PLACEMENT_3D('',#2164,#2165,#2166);
#2164 = CARTESIAN_POINT('',(2.4075,-1.2,0.2925));
#2165 = DIRECTION('',(0.,1.,0.));
#2166 = DIRECTION('',(6.906640467053E-32,0.,-1.));
#2167 = ORIENTED_EDGE('',*,*,#2168,.F.);
#2168 = EDGE_CURVE('',#2112,#2160,#2169,.T.);
#2169 = LINE('',#2170,#2171);
#2170 = CARTESIAN_POINT('',(2.505,-2.395,0.2925));
#2171 = VECTOR('',#2172,1.);
#2172 = DIRECTION('',(0.,1.,0.));
#2173 = ORIENTED_EDGE('',*,*,#2111,.T.);
#2174 = ORIENTED_EDGE('',*,*,#1275,.T.);
#2175 = CYLINDRICAL_SURFACE('',#2176,9.75E-02);
#2176 = AXIS2_PLACEMENT_3D('',#2177,#2178,#2179);
#2177 = CARTESIAN_POINT('',(2.4075,-2.395,0.2925));
#2178 = DIRECTION('',(0.,1.,0.));
#2179 = DIRECTION('',(6.906640467053E-32,0.,-1.));
#2180 = ADVANCED_FACE('',(#2181),#2275,.F.);
#2181 = FACE_BOUND('',#2182,.F.);
#2182 = EDGE_LOOP('',(#2183,#2194,#2202,#2211,#2217,#2218,#2227,#2233,
    #2234,#2235,#2236,#2245,#2253,#2260,#2261,#2269));
#2183 = ORIENTED_EDGE('',*,*,#2184,.F.);
#2184 = EDGE_CURVE('',#2185,#2187,#2189,.T.);
#2185 = VERTEX_POINT('',#2186);
#2186 = CARTESIAN_POINT('',(2.7,-1.2,9.75E-02));
#2187 = VERTEX_POINT('',#2188);
#2188 = CARTESIAN_POINT('',(2.6025,-1.2,-2.775557561563E-17));
#2189 = CIRCLE('',#2190,9.75E-02);
#2190 = AXIS2_PLACEMENT_3D('',#2191,#2192,#2193);
#2191 = CARTESIAN_POINT('',(2.6025,-1.2,9.75E-02));
#2192 = DIRECTION('',(0.,1.,0.));
#2193 = DIRECTION('',(0.,-0.,1.));
#2194 = ORIENTED_EDGE('',*,*,#2195,.T.);
#2195 = EDGE_CURVE('',#2185,#2196,#2198,.T.);
#2196 = VERTEX_POINT('',#2197);
#2197 = CARTESIAN_POINT('',(2.7,-1.2,0.9025));
#2198 = LINE('',#2199,#2200);
#2199 = CARTESIAN_POINT('',(2.7,-1.2,0.));
#2200 = VECTOR('',#2201,1.);
#2201 = DIRECTION('',(0.,0.,1.));
#2202 = ORIENTED_EDGE('',*,*,#2203,.F.);
#2203 = EDGE_CURVE('',#2204,#2196,#2206,.T.);
#2204 = VERTEX_POINT('',#2205);
#2205 = CARTESIAN_POINT('',(2.6025,-1.2,1.));
#2206 = CIRCLE('',#2207,9.75E-02);
#2207 = AXIS2_PLACEMENT_3D('',#2208,#2209,#2210);
#2208 = CARTESIAN_POINT('',(2.6025,-1.2,0.9025));
#2209 = DIRECTION('',(0.,1.,0.));
#2210 = DIRECTION('',(0.,-0.,1.));
#2211 = ORIENTED_EDGE('',*,*,#2212,.T.);
#2212 = EDGE_CURVE('',#2204,#1302,#2213,.T.);
#2213 = LINE('',#2214,#2215);
#2214 = CARTESIAN_POINT('',(2.7,-1.2,1.));
#2215 = VECTOR('',#2216,1.);
#2216 = DIRECTION('',(-1.,0.,0.));
#2217 = ORIENTED_EDGE('',*,*,#1325,.F.);
#2218 = ORIENTED_EDGE('',*,*,#2219,.T.);
#2219 = EDGE_CURVE('',#1318,#2220,#2222,.T.);
#2220 = VERTEX_POINT('',#2221);
#2221 = CARTESIAN_POINT('',(2.505,-1.2,0.7075));
#2222 = CIRCLE('',#2223,9.75E-02);
#2223 = AXIS2_PLACEMENT_3D('',#2224,#2225,#2226);
#2224 = CARTESIAN_POINT('',(2.4075,-1.2,0.7075));
#2225 = DIRECTION('',(-0.,1.,0.));
#2226 = DIRECTION('',(1.,0.,0.));
#2227 = ORIENTED_EDGE('',*,*,#2228,.T.);
#2228 = EDGE_CURVE('',#2220,#2160,#2229,.T.);
#2229 = LINE('',#2230,#2231);
#2230 = CARTESIAN_POINT('',(2.505,-1.2,9.75E-02));
#2231 = VECTOR('',#2232,1.);
#2232 = DIRECTION('',(-0.,-0.,-1.));
#2233 = ORIENTED_EDGE('',*,*,#2159,.T.);
#2234 = ORIENTED_EDGE('',*,*,#1267,.F.);
#2235 = ORIENTED_EDGE('',*,*,#1716,.F.);
#2236 = ORIENTED_EDGE('',*,*,#2237,.T.);
#2237 = EDGE_CURVE('',#1709,#2238,#2240,.T.);
#2238 = VERTEX_POINT('',#2239);
#2239 = CARTESIAN_POINT('',(2.4075,-1.2,0.195));
#2240 = CIRCLE('',#2241,9.75E-02);
#2241 = AXIS2_PLACEMENT_3D('',#2242,#2243,#2244);
#2242 = CARTESIAN_POINT('',(2.4075,-1.2,0.2925));
#2243 = DIRECTION('',(0.,1.,0.));
#2244 = DIRECTION('',(6.906640467053E-32,0.,-1.));
#2245 = ORIENTED_EDGE('',*,*,#2246,.T.);
#2246 = EDGE_CURVE('',#2238,#2247,#2249,.T.);
#2247 = VERTEX_POINT('',#2248);
#2248 = CARTESIAN_POINT('',(1.9925,-1.2,0.195));
#2249 = LINE('',#2250,#2251);
#2250 = CARTESIAN_POINT('',(2.45,-1.2,0.195));
#2251 = VECTOR('',#2252,1.);
#2252 = DIRECTION('',(-1.,-0.,-6.906640467053E-32));
#2253 = ORIENTED_EDGE('',*,*,#2254,.F.);
#2254 = EDGE_CURVE('',#1842,#2247,#2255,.T.);
#2255 = CIRCLE('',#2256,9.75E-02);
#2256 = AXIS2_PLACEMENT_3D('',#2257,#2258,#2259);
#2257 = CARTESIAN_POINT('',(1.9925,-1.2,0.2925));
#2258 = DIRECTION('',(0.,-1.,0.));
#2259 = DIRECTION('',(-1.,0.,0.));
#2260 = ORIENTED_EDGE('',*,*,#1867,.F.);
#2261 = ORIENTED_EDGE('',*,*,#2262,.F.);
#2262 = EDGE_CURVE('',#2263,#1860,#2265,.T.);
#2263 = VERTEX_POINT('',#2264);
#2264 = CARTESIAN_POINT('',(1.7,-1.2,0.));
#2265 = LINE('',#2266,#2267);
#2266 = CARTESIAN_POINT('',(1.7,-1.2,0.));
#2267 = VECTOR('',#2268,1.);
#2268 = DIRECTION('',(0.,0.,1.));
#2269 = ORIENTED_EDGE('',*,*,#2270,.F.);
#2270 = EDGE_CURVE('',#2187,#2263,#2271,.T.);
#2271 = LINE('',#2272,#2273);
#2272 = CARTESIAN_POINT('',(2.7,-1.2,0.));
#2273 = VECTOR('',#2274,1.);
#2274 = DIRECTION('',(-1.,0.,0.));
#2275 = PLANE('',#2276);
#2276 = AXIS2_PLACEMENT_3D('',#2277,#2278,#2279);
#2277 = CARTESIAN_POINT('',(2.7,-1.2,0.));
#2278 = DIRECTION('',(0.,-1.,0.));
#2279 = DIRECTION('',(-1.,0.,0.));
#2280 = ADVANCED_FACE('',(#2281),#2383,.F.);
#2281 = FACE_BOUND('',#2282,.F.);
#2282 = EDGE_LOOP('',(#2283,#2293,#2302,#2310,#2316,#2317,#2326,#2334,
    #2341,#2342,#2343,#2352,#2360,#2367,#2368,#2376));
#2283 = ORIENTED_EDGE('',*,*,#2284,.F.);
#2284 = EDGE_CURVE('',#2285,#2287,#2289,.T.);
#2285 = VERTEX_POINT('',#2286);
#2286 = CARTESIAN_POINT('',(2.7,-0.5,9.75E-02));
#2287 = VERTEX_POINT('',#2288);
#2288 = CARTESIAN_POINT('',(2.7,-0.5,0.9025));
#2289 = LINE('',#2290,#2291);
#2290 = CARTESIAN_POINT('',(2.7,-0.5,0.));
#2291 = VECTOR('',#2292,1.);
#2292 = DIRECTION('',(0.,0.,1.));
#2293 = ORIENTED_EDGE('',*,*,#2294,.T.);
#2294 = EDGE_CURVE('',#2285,#2295,#2297,.T.);
#2295 = VERTEX_POINT('',#2296);
#2296 = CARTESIAN_POINT('',(2.6025,-0.5,-2.775557561563E-17));
#2297 = CIRCLE('',#2298,9.75E-02);
#2298 = AXIS2_PLACEMENT_3D('',#2299,#2300,#2301);
#2299 = CARTESIAN_POINT('',(2.6025,-0.5,9.75E-02));
#2300 = DIRECTION('',(0.,1.,0.));
#2301 = DIRECTION('',(0.,-0.,1.));
#2302 = ORIENTED_EDGE('',*,*,#2303,.F.);
#2303 = EDGE_CURVE('',#2304,#2295,#2306,.T.);
#2304 = VERTEX_POINT('',#2305);
#2305 = CARTESIAN_POINT('',(1.7,-0.5,0.));
#2306 = LINE('',#2307,#2308);
#2307 = CARTESIAN_POINT('',(1.7,-0.5,0.));
#2308 = VECTOR('',#2309,1.);
#2309 = DIRECTION('',(1.,0.,0.));
#2310 = ORIENTED_EDGE('',*,*,#2311,.T.);
#2311 = EDGE_CURVE('',#2304,#2012,#2312,.T.);
#2312 = LINE('',#2313,#2314);
#2313 = CARTESIAN_POINT('',(1.7,-0.5,0.));
#2314 = VECTOR('',#2315,1.);
#2315 = DIRECTION('',(0.,0.,1.));
#2316 = ORIENTED_EDGE('',*,*,#2037,.F.);
#2317 = ORIENTED_EDGE('',*,*,#2318,.T.);
#2318 = EDGE_CURVE('',#2030,#2319,#2321,.T.);
#2319 = VERTEX_POINT('',#2320);
#2320 = CARTESIAN_POINT('',(1.9925,-0.5,0.195));
#2321 = CIRCLE('',#2322,9.75E-02);
#2322 = AXIS2_PLACEMENT_3D('',#2323,#2324,#2325);
#2323 = CARTESIAN_POINT('',(1.9925,-0.5,0.2925));
#2324 = DIRECTION('',(0.,-1.,0.));
#2325 = DIRECTION('',(-1.,0.,0.));
#2326 = ORIENTED_EDGE('',*,*,#2327,.T.);
#2327 = EDGE_CURVE('',#2319,#2328,#2330,.T.);
#2328 = VERTEX_POINT('',#2329);
#2329 = CARTESIAN_POINT('',(2.4075,-0.5,0.195));
#2330 = LINE('',#2331,#2332);
#2331 = CARTESIAN_POINT('',(1.95,-0.5,0.195));
#2332 = VECTOR('',#2333,1.);
#2333 = DIRECTION('',(1.,0.,6.906640467053E-32));
#2334 = ORIENTED_EDGE('',*,*,#2335,.F.);
#2335 = EDGE_CURVE('',#1724,#2328,#2336,.T.);
#2336 = CIRCLE('',#2337,9.75E-02);
#2337 = AXIS2_PLACEMENT_3D('',#2338,#2339,#2340);
#2338 = CARTESIAN_POINT('',(2.4075,-0.5,0.2925));
#2339 = DIRECTION('',(0.,1.,0.));
#2340 = DIRECTION('',(6.906640467053E-32,0.,-1.));
#2341 = ORIENTED_EDGE('',*,*,#1723,.F.);
#2342 = ORIENTED_EDGE('',*,*,#1251,.F.);
#2343 = ORIENTED_EDGE('',*,*,#2344,.F.);
#2344 = EDGE_CURVE('',#2345,#1244,#2347,.T.);
#2345 = VERTEX_POINT('',#2346);
#2346 = CARTESIAN_POINT('',(2.505,-0.5,0.2925));
#2347 = CIRCLE('',#2348,9.75E-02);
#2348 = AXIS2_PLACEMENT_3D('',#2349,#2350,#2351);
#2349 = CARTESIAN_POINT('',(2.4075,-0.5,0.2925));
#2350 = DIRECTION('',(0.,1.,0.));
#2351 = DIRECTION('',(6.906640467053E-32,0.,-1.));
#2352 = ORIENTED_EDGE('',*,*,#2353,.T.);
#2353 = EDGE_CURVE('',#2345,#2354,#2356,.T.);
#2354 = VERTEX_POINT('',#2355);
#2355 = CARTESIAN_POINT('',(2.505,-0.5,0.7075));
#2356 = LINE('',#2357,#2358);
#2357 = CARTESIAN_POINT('',(2.505,-0.5,9.75E-02));
#2358 = VECTOR('',#2359,1.);
#2359 = DIRECTION('',(0.,0.,1.));
#2360 = ORIENTED_EDGE('',*,*,#2361,.F.);
#2361 = EDGE_CURVE('',#1334,#2354,#2362,.T.);
#2362 = CIRCLE('',#2363,9.75E-02);
#2363 = AXIS2_PLACEMENT_3D('',#2364,#2365,#2366);
#2364 = CARTESIAN_POINT('',(2.4075,-0.5,0.7075));
#2365 = DIRECTION('',(-0.,1.,0.));
#2366 = DIRECTION('',(1.,0.,0.));
#2367 = ORIENTED_EDGE('',*,*,#1359,.F.);
#2368 = ORIENTED_EDGE('',*,*,#2369,.T.);
#2369 = EDGE_CURVE('',#1352,#2370,#2372,.T.);
#2370 = VERTEX_POINT('',#2371);
#2371 = CARTESIAN_POINT('',(2.6025,-0.5,1.));
#2372 = LINE('',#2373,#2374);
#2373 = CARTESIAN_POINT('',(1.7,-0.5,1.));
#2374 = VECTOR('',#2375,1.);
#2375 = DIRECTION('',(1.,0.,0.));
#2376 = ORIENTED_EDGE('',*,*,#2377,.T.);
#2377 = EDGE_CURVE('',#2370,#2287,#2378,.T.);
#2378 = CIRCLE('',#2379,9.75E-02);
#2379 = AXIS2_PLACEMENT_3D('',#2380,#2381,#2382);
#2380 = CARTESIAN_POINT('',(2.6025,-0.5,0.9025));
#2381 = DIRECTION('',(0.,1.,0.));
#2382 = DIRECTION('',(0.,-0.,1.));
#2383 = PLANE('',#2384);
#2384 = AXIS2_PLACEMENT_3D('',#2385,#2386,#2387);
#2385 = CARTESIAN_POINT('',(1.7,-0.5,0.));
#2386 = DIRECTION('',(0.,1.,0.));
#2387 = DIRECTION('',(1.,0.,0.));
#2388 = ADVANCED_FACE('',(#2389),#2408,.F.);
#2389 = FACE_BOUND('',#2390,.F.);
#2390 = EDGE_LOOP('',(#2391,#2400,#2406,#2407));
#2391 = ORIENTED_EDGE('',*,*,#2392,.F.);
#2392 = EDGE_CURVE('',#2393,#1236,#2395,.T.);
#2393 = VERTEX_POINT('',#2394);
#2394 = CARTESIAN_POINT('',(2.505,0.5,0.2925));
#2395 = CIRCLE('',#2396,9.75E-02);
#2396 = AXIS2_PLACEMENT_3D('',#2397,#2398,#2399);
#2397 = CARTESIAN_POINT('',(2.4075,0.5,0.2925));
#2398 = DIRECTION('',(0.,1.,0.));
#2399 = DIRECTION('',(6.906640467053E-32,0.,-1.));
#2400 = ORIENTED_EDGE('',*,*,#2401,.F.);
#2401 = EDGE_CURVE('',#2345,#2393,#2402,.T.);
#2402 = LINE('',#2403,#2404);
#2403 = CARTESIAN_POINT('',(2.505,-0.695,0.2925));
#2404 = VECTOR('',#2405,1.);
#2405 = DIRECTION('',(0.,1.,0.));
#2406 = ORIENTED_EDGE('',*,*,#2344,.T.);
#2407 = ORIENTED_EDGE('',*,*,#1243,.T.);
#2408 = CYLINDRICAL_SURFACE('',#2409,9.75E-02);
#2409 = AXIS2_PLACEMENT_3D('',#2410,#2411,#2412);
#2410 = CARTESIAN_POINT('',(2.4075,-0.695,0.2925));
#2411 = DIRECTION('',(0.,1.,0.));
#2412 = DIRECTION('',(6.906640467053E-32,0.,-1.));
#2413 = ADVANCED_FACE('',(#2414),#2508,.F.);
#2414 = FACE_BOUND('',#2415,.F.);
#2415 = EDGE_LOOP('',(#2416,#2427,#2435,#2444,#2450,#2451,#2460,#2466,
    #2467,#2468,#2469,#2478,#2486,#2493,#2494,#2502));
#2416 = ORIENTED_EDGE('',*,*,#2417,.F.);
#2417 = EDGE_CURVE('',#2418,#2420,#2422,.T.);
#2418 = VERTEX_POINT('',#2419);
#2419 = CARTESIAN_POINT('',(2.7,0.5,9.75E-02));
#2420 = VERTEX_POINT('',#2421);
#2421 = CARTESIAN_POINT('',(2.6025,0.5,-2.775557561563E-17));
#2422 = CIRCLE('',#2423,9.75E-02);
#2423 = AXIS2_PLACEMENT_3D('',#2424,#2425,#2426);
#2424 = CARTESIAN_POINT('',(2.6025,0.5,9.75E-02));
#2425 = DIRECTION('',(0.,1.,0.));
#2426 = DIRECTION('',(0.,-0.,1.));
#2427 = ORIENTED_EDGE('',*,*,#2428,.T.);
#2428 = EDGE_CURVE('',#2418,#2429,#2431,.T.);
#2429 = VERTEX_POINT('',#2430);
#2430 = CARTESIAN_POINT('',(2.7,0.5,0.9025));
#2431 = LINE('',#2432,#2433);
#2432 = CARTESIAN_POINT('',(2.7,0.5,0.));
#2433 = VECTOR('',#2434,1.);
#2434 = DIRECTION('',(0.,0.,1.));
#2435 = ORIENTED_EDGE('',*,*,#2436,.F.);
#2436 = EDGE_CURVE('',#2437,#2429,#2439,.T.);
#2437 = VERTEX_POINT('',#2438);
#2438 = CARTESIAN_POINT('',(2.6025,0.5,1.));
#2439 = CIRCLE('',#2440,9.75E-02);
#2440 = AXIS2_PLACEMENT_3D('',#2441,#2442,#2443);
#2441 = CARTESIAN_POINT('',(2.6025,0.5,0.9025));
#2442 = DIRECTION('',(0.,1.,0.));
#2443 = DIRECTION('',(0.,-0.,1.));
#2444 = ORIENTED_EDGE('',*,*,#2445,.T.);
#2445 = EDGE_CURVE('',#2437,#1344,#2446,.T.);
#2446 = LINE('',#2447,#2448);
#2447 = CARTESIAN_POINT('',(2.7,0.5,1.));
#2448 = VECTOR('',#2449,1.);
#2449 = DIRECTION('',(-1.,0.,0.));
#2450 = ORIENTED_EDGE('',*,*,#1343,.F.);
#2451 = ORIENTED_EDGE('',*,*,#2452,.T.);
#2452 = EDGE_CURVE('',#1336,#2453,#2455,.T.);
#2453 = VERTEX_POINT('',#2454);
#2454 = CARTESIAN_POINT('',(2.505,0.5,0.7075));
#2455 = CIRCLE('',#2456,9.75E-02);
#2456 = AXIS2_PLACEMENT_3D('',#2457,#2458,#2459);
#2457 = CARTESIAN_POINT('',(2.4075,0.5,0.7075));
#2458 = DIRECTION('',(-0.,1.,0.));
#2459 = DIRECTION('',(1.,0.,0.));
#2460 = ORIENTED_EDGE('',*,*,#2461,.T.);
#2461 = EDGE_CURVE('',#2453,#2393,#2462,.T.);
#2462 = LINE('',#2463,#2464);
#2463 = CARTESIAN_POINT('',(2.505,0.5,9.75E-02));
#2464 = VECTOR('',#2465,1.);
#2465 = DIRECTION('',(-0.,-0.,-1.));
#2466 = ORIENTED_EDGE('',*,*,#2392,.T.);
#2467 = ORIENTED_EDGE('',*,*,#1235,.F.);
#2468 = ORIENTED_EDGE('',*,*,#1739,.F.);
#2469 = ORIENTED_EDGE('',*,*,#2470,.T.);
#2470 = EDGE_CURVE('',#1732,#2471,#2473,.T.);
#2471 = VERTEX_POINT('',#2472);
#2472 = CARTESIAN_POINT('',(2.4075,0.5,0.195));
#2473 = CIRCLE('',#2474,9.75E-02);
#2474 = AXIS2_PLACEMENT_3D('',#2475,#2476,#2477);
#2475 = CARTESIAN_POINT('',(2.4075,0.5,0.2925));
#2476 = DIRECTION('',(0.,1.,0.));
#2477 = DIRECTION('',(6.906640467053E-32,0.,-1.));
#2478 = ORIENTED_EDGE('',*,*,#2479,.T.);
#2479 = EDGE_CURVE('',#2471,#2480,#2482,.T.);
#2480 = VERTEX_POINT('',#2481);
#2481 = CARTESIAN_POINT('',(1.9925,0.5,0.195));
#2482 = LINE('',#2483,#2484);
#2483 = CARTESIAN_POINT('',(2.45,0.5,0.195));
#2484 = VECTOR('',#2485,1.);
#2485 = DIRECTION('',(-1.,-0.,-6.906640467053E-32));
#2486 = ORIENTED_EDGE('',*,*,#2487,.F.);
#2487 = EDGE_CURVE('',#2022,#2480,#2488,.T.);
#2488 = CIRCLE('',#2489,9.75E-02);
#2489 = AXIS2_PLACEMENT_3D('',#2490,#2491,#2492);
#2490 = CARTESIAN_POINT('',(1.9925,0.5,0.2925));
#2491 = DIRECTION('',(0.,-1.,0.));
#2492 = DIRECTION('',(-1.,0.,0.));
#2493 = ORIENTED_EDGE('',*,*,#2021,.F.);
#2494 = ORIENTED_EDGE('',*,*,#2495,.F.);
#2495 = EDGE_CURVE('',#2496,#2014,#2498,.T.);
#2496 = VERTEX_POINT('',#2497);
#2497 = CARTESIAN_POINT('',(1.7,0.5,0.));
#2498 = LINE('',#2499,#2500);
#2499 = CARTESIAN_POINT('',(1.7,0.5,0.));
#2500 = VECTOR('',#2501,1.);
#2501 = DIRECTION('',(0.,0.,1.));
#2502 = ORIENTED_EDGE('',*,*,#2503,.F.);
#2503 = EDGE_CURVE('',#2420,#2496,#2504,.T.);
#2504 = LINE('',#2505,#2506);
#2505 = CARTESIAN_POINT('',(2.7,0.5,0.));
#2506 = VECTOR('',#2507,1.);
#2507 = DIRECTION('',(-1.,0.,0.));
#2508 = PLANE('',#2509);
#2509 = AXIS2_PLACEMENT_3D('',#2510,#2511,#2512);
#2510 = CARTESIAN_POINT('',(2.7,0.5,0.));
#2511 = DIRECTION('',(0.,-1.,0.));
#2512 = DIRECTION('',(-1.,0.,0.));
#2513 = ADVANCED_FACE('',(#2514),#2616,.F.);
#2514 = FACE_BOUND('',#2515,.F.);
#2515 = EDGE_LOOP('',(#2516,#2526,#2535,#2543,#2549,#2550,#2559,#2567,
    #2574,#2575,#2576,#2585,#2593,#2600,#2601,#2609));
#2516 = ORIENTED_EDGE('',*,*,#2517,.F.);
#2517 = EDGE_CURVE('',#2518,#2520,#2522,.T.);
#2518 = VERTEX_POINT('',#2519);
#2519 = CARTESIAN_POINT('',(2.7,1.2,9.75E-02));
#2520 = VERTEX_POINT('',#2521);
#2521 = CARTESIAN_POINT('',(2.7,1.2,0.9025));
#2522 = LINE('',#2523,#2524);
#2523 = CARTESIAN_POINT('',(2.7,1.2,0.));
#2524 = VECTOR('',#2525,1.);
#2525 = DIRECTION('',(0.,0.,1.));
#2526 = ORIENTED_EDGE('',*,*,#2527,.T.);
#2527 = EDGE_CURVE('',#2518,#2528,#2530,.T.);
#2528 = VERTEX_POINT('',#2529);
#2529 = CARTESIAN_POINT('',(2.6025,1.2,-2.775557561563E-17));
#2530 = CIRCLE('',#2531,9.75E-02);
#2531 = AXIS2_PLACEMENT_3D('',#2532,#2533,#2534);
#2532 = CARTESIAN_POINT('',(2.6025,1.2,9.75E-02));
#2533 = DIRECTION('',(0.,1.,0.));
#2534 = DIRECTION('',(0.,-0.,1.));
#2535 = ORIENTED_EDGE('',*,*,#2536,.F.);
#2536 = EDGE_CURVE('',#2537,#2528,#2539,.T.);
#2537 = VERTEX_POINT('',#2538);
#2538 = CARTESIAN_POINT('',(1.7,1.2,0.));
#2539 = LINE('',#2540,#2541);
#2540 = CARTESIAN_POINT('',(1.7,1.2,0.));
#2541 = VECTOR('',#2542,1.);
#2542 = DIRECTION('',(1.,0.,0.));
#2543 = ORIENTED_EDGE('',*,*,#2544,.T.);
#2544 = EDGE_CURVE('',#2537,#1988,#2545,.T.);
#2545 = LINE('',#2546,#2547);
#2546 = CARTESIAN_POINT('',(1.7,1.2,0.));
#2547 = VECTOR('',#2548,1.);
#2548 = DIRECTION('',(0.,0.,1.));
#2549 = ORIENTED_EDGE('',*,*,#1987,.F.);
#2550 = ORIENTED_EDGE('',*,*,#2551,.T.);
#2551 = EDGE_CURVE('',#1980,#2552,#2554,.T.);
#2552 = VERTEX_POINT('',#2553);
#2553 = CARTESIAN_POINT('',(1.9925,1.2,0.195));
#2554 = CIRCLE('',#2555,9.75E-02);
#2555 = AXIS2_PLACEMENT_3D('',#2556,#2557,#2558);
#2556 = CARTESIAN_POINT('',(1.9925,1.2,0.2925));
#2557 = DIRECTION('',(0.,-1.,0.));
#2558 = DIRECTION('',(-1.,0.,0.));
#2559 = ORIENTED_EDGE('',*,*,#2560,.T.);
#2560 = EDGE_CURVE('',#2552,#2561,#2563,.T.);
#2561 = VERTEX_POINT('',#2562);
#2562 = CARTESIAN_POINT('',(2.4075,1.2,0.195));
#2563 = LINE('',#2564,#2565);
#2564 = CARTESIAN_POINT('',(1.95,1.2,0.195));
#2565 = VECTOR('',#2566,1.);
#2566 = DIRECTION('',(1.,0.,6.906640467053E-32));
#2567 = ORIENTED_EDGE('',*,*,#2568,.F.);
#2568 = EDGE_CURVE('',#1747,#2561,#2569,.T.);
#2569 = CIRCLE('',#2570,9.75E-02);
#2570 = AXIS2_PLACEMENT_3D('',#2571,#2572,#2573);
#2571 = CARTESIAN_POINT('',(2.4075,1.2,0.2925));
#2572 = DIRECTION('',(0.,1.,0.));
#2573 = DIRECTION('',(6.906640467053E-32,0.,-1.));
#2574 = ORIENTED_EDGE('',*,*,#1746,.F.);
#2575 = ORIENTED_EDGE('',*,*,#1219,.F.);
#2576 = ORIENTED_EDGE('',*,*,#2577,.F.);
#2577 = EDGE_CURVE('',#2578,#1212,#2580,.T.);
#2578 = VERTEX_POINT('',#2579);
#2579 = CARTESIAN_POINT('',(2.505,1.2,0.2925));
#2580 = CIRCLE('',#2581,9.75E-02);
#2581 = AXIS2_PLACEMENT_3D('',#2582,#2583,#2584);
#2582 = CARTESIAN_POINT('',(2.4075,1.2,0.2925));
#2583 = DIRECTION('',(0.,1.,0.));
#2584 = DIRECTION('',(6.906640467053E-32,0.,-1.));
#2585 = ORIENTED_EDGE('',*,*,#2586,.T.);
#2586 = EDGE_CURVE('',#2578,#2587,#2589,.T.);
#2587 = VERTEX_POINT('',#2588);
#2588 = CARTESIAN_POINT('',(2.505,1.2,0.7075));
#2589 = LINE('',#2590,#2591);
#2590 = CARTESIAN_POINT('',(2.505,1.2,9.75E-02));
#2591 = VECTOR('',#2592,1.);
#2592 = DIRECTION('',(0.,0.,1.));
#2593 = ORIENTED_EDGE('',*,*,#2594,.F.);
#2594 = EDGE_CURVE('',#1378,#2587,#2595,.T.);
#2595 = CIRCLE('',#2596,9.75E-02);
#2596 = AXIS2_PLACEMENT_3D('',#2597,#2598,#2599);
#2597 = CARTESIAN_POINT('',(2.4075,1.2,0.7075));
#2598 = DIRECTION('',(-0.,1.,0.));
#2599 = DIRECTION('',(1.,0.,0.));
#2600 = ORIENTED_EDGE('',*,*,#1377,.F.);
#2601 = ORIENTED_EDGE('',*,*,#2602,.T.);
#2602 = EDGE_CURVE('',#1368,#2603,#2605,.T.);
#2603 = VERTEX_POINT('',#2604);
#2604 = CARTESIAN_POINT('',(2.6025,1.2,1.));
#2605 = LINE('',#2606,#2607);
#2606 = CARTESIAN_POINT('',(1.7,1.2,1.));
#2607 = VECTOR('',#2608,1.);
#2608 = DIRECTION('',(1.,0.,0.));
#2609 = ORIENTED_EDGE('',*,*,#2610,.T.);
#2610 = EDGE_CURVE('',#2603,#2520,#2611,.T.);
#2611 = CIRCLE('',#2612,9.75E-02);
#2612 = AXIS2_PLACEMENT_3D('',#2613,#2614,#2615);
#2613 = CARTESIAN_POINT('',(2.6025,1.2,0.9025));
#2614 = DIRECTION('',(0.,1.,0.));
#2615 = DIRECTION('',(0.,-0.,1.));
#2616 = PLANE('',#2617);
#2617 = AXIS2_PLACEMENT_3D('',#2618,#2619,#2620);
#2618 = CARTESIAN_POINT('',(1.7,1.2,0.));
#2619 = DIRECTION('',(0.,1.,0.));
#2620 = DIRECTION('',(1.,0.,0.));
#2621 = ADVANCED_FACE('',(#2622),#2641,.F.);
#2622 = FACE_BOUND('',#2623,.F.);
#2623 = EDGE_LOOP('',(#2624,#2633,#2639,#2640));
#2624 = ORIENTED_EDGE('',*,*,#2625,.F.);
#2625 = EDGE_CURVE('',#2626,#1204,#2628,.T.);
#2626 = VERTEX_POINT('',#2627);
#2627 = CARTESIAN_POINT('',(2.505,2.2,0.2925));
#2628 = CIRCLE('',#2629,9.75E-02);
#2629 = AXIS2_PLACEMENT_3D('',#2630,#2631,#2632);
#2630 = CARTESIAN_POINT('',(2.4075,2.2,0.2925));
#2631 = DIRECTION('',(0.,1.,0.));
#2632 = DIRECTION('',(6.906640467053E-32,0.,-1.));
#2633 = ORIENTED_EDGE('',*,*,#2634,.F.);
#2634 = EDGE_CURVE('',#2578,#2626,#2635,.T.);
#2635 = LINE('',#2636,#2637);
#2636 = CARTESIAN_POINT('',(2.505,1.005,0.2925));
#2637 = VECTOR('',#2638,1.);
#2638 = DIRECTION('',(0.,1.,0.));
#2639 = ORIENTED_EDGE('',*,*,#2577,.T.);
#2640 = ORIENTED_EDGE('',*,*,#1211,.T.);
#2641 = CYLINDRICAL_SURFACE('',#2642,9.75E-02);
#2642 = AXIS2_PLACEMENT_3D('',#2643,#2644,#2645);
#2643 = CARTESIAN_POINT('',(2.4075,1.005,0.2925));
#2644 = DIRECTION('',(0.,1.,0.));
#2645 = DIRECTION('',(6.906640467053E-32,0.,-1.));
#2646 = ADVANCED_FACE('',(#2647),#2741,.F.);
#2647 = FACE_BOUND('',#2648,.F.);
#2648 = EDGE_LOOP('',(#2649,#2660,#2668,#2677,#2683,#2684,#2693,#2699,
    #2700,#2701,#2702,#2711,#2719,#2726,#2727,#2735));
#2649 = ORIENTED_EDGE('',*,*,#2650,.F.);
#2650 = EDGE_CURVE('',#2651,#2653,#2655,.T.);
#2651 = VERTEX_POINT('',#2652);
#2652 = CARTESIAN_POINT('',(2.7,2.2,9.75E-02));
#2653 = VERTEX_POINT('',#2654);
#2654 = CARTESIAN_POINT('',(2.6025,2.2,-2.775557561563E-17));
#2655 = CIRCLE('',#2656,9.75E-02);
#2656 = AXIS2_PLACEMENT_3D('',#2657,#2658,#2659);
#2657 = CARTESIAN_POINT('',(2.6025,2.2,9.75E-02));
#2658 = DIRECTION('',(0.,1.,0.));
#2659 = DIRECTION('',(0.,-0.,1.));
#2660 = ORIENTED_EDGE('',*,*,#2661,.T.);
#2661 = EDGE_CURVE('',#2651,#2662,#2664,.T.);
#2662 = VERTEX_POINT('',#2663);
#2663 = CARTESIAN_POINT('',(2.7,2.2,0.9025));
#2664 = LINE('',#2665,#2666);
#2665 = CARTESIAN_POINT('',(2.7,2.2,0.));
#2666 = VECTOR('',#2667,1.);
#2667 = DIRECTION('',(0.,0.,1.));
#2668 = ORIENTED_EDGE('',*,*,#2669,.F.);
#2669 = EDGE_CURVE('',#2670,#2662,#2672,.T.);
#2670 = VERTEX_POINT('',#2671);
#2671 = CARTESIAN_POINT('',(2.6025,2.2,1.));
#2672 = CIRCLE('',#2673,9.75E-02);
#2673 = AXIS2_PLACEMENT_3D('',#2674,#2675,#2676);
#2674 = CARTESIAN_POINT('',(2.6025,2.2,0.9025));
#2675 = DIRECTION('',(0.,1.,0.));
#2676 = DIRECTION('',(0.,-0.,1.));
#2677 = ORIENTED_EDGE('',*,*,#2678,.T.);
#2678 = EDGE_CURVE('',#2670,#1370,#2679,.T.);
#2679 = LINE('',#2680,#2681);
#2680 = CARTESIAN_POINT('',(2.7,2.2,1.));
#2681 = VECTOR('',#2682,1.);
#2682 = DIRECTION('',(-1.,0.,0.));
#2683 = ORIENTED_EDGE('',*,*,#1393,.F.);
#2684 = ORIENTED_EDGE('',*,*,#2685,.T.);
#2685 = EDGE_CURVE('',#1386,#2686,#2688,.T.);
#2686 = VERTEX_POINT('',#2687);
#2687 = CARTESIAN_POINT('',(2.505,2.2,0.7075));
#2688 = CIRCLE('',#2689,9.75E-02);
#2689 = AXIS2_PLACEMENT_3D('',#2690,#2691,#2692);
#2690 = CARTESIAN_POINT('',(2.4075,2.2,0.7075));
#2691 = DIRECTION('',(-0.,1.,0.));
#2692 = DIRECTION('',(1.,0.,0.));
#2693 = ORIENTED_EDGE('',*,*,#2694,.T.);
#2694 = EDGE_CURVE('',#2686,#2626,#2695,.T.);
#2695 = LINE('',#2696,#2697);
#2696 = CARTESIAN_POINT('',(2.505,2.2,9.75E-02));
#2697 = VECTOR('',#2698,1.);
#2698 = DIRECTION('',(-0.,-0.,-1.));
#2699 = ORIENTED_EDGE('',*,*,#2625,.T.);
#2700 = ORIENTED_EDGE('',*,*,#1203,.F.);
#2701 = ORIENTED_EDGE('',*,*,#1762,.F.);
#2702 = ORIENTED_EDGE('',*,*,#2703,.T.);
#2703 = EDGE_CURVE('',#1755,#2704,#2706,.T.);
#2704 = VERTEX_POINT('',#2705);
#2705 = CARTESIAN_POINT('',(2.4075,2.2,0.195));
#2706 = CIRCLE('',#2707,9.75E-02);
#2707 = AXIS2_PLACEMENT_3D('',#2708,#2709,#2710);
#2708 = CARTESIAN_POINT('',(2.4075,2.2,0.2925));
#2709 = DIRECTION('',(0.,1.,0.));
#2710 = DIRECTION('',(6.906640467053E-32,0.,-1.));
#2711 = ORIENTED_EDGE('',*,*,#2712,.T.);
#2712 = EDGE_CURVE('',#2704,#2713,#2715,.T.);
#2713 = VERTEX_POINT('',#2714);
#2714 = CARTESIAN_POINT('',(1.9925,2.2,0.195));
#2715 = LINE('',#2716,#2717);
#2716 = CARTESIAN_POINT('',(2.45,2.2,0.195));
#2717 = VECTOR('',#2718,1.);
#2718 = DIRECTION('',(-1.,-0.,-6.906640467053E-32));
#2719 = ORIENTED_EDGE('',*,*,#2720,.F.);
#2720 = EDGE_CURVE('',#1978,#2713,#2721,.T.);
#2721 = CIRCLE('',#2722,9.75E-02);
#2722 = AXIS2_PLACEMENT_3D('',#2723,#2724,#2725);
#2723 = CARTESIAN_POINT('',(1.9925,2.2,0.2925));
#2724 = DIRECTION('',(0.,-1.,0.));
#2725 = DIRECTION('',(-1.,0.,0.));
#2726 = ORIENTED_EDGE('',*,*,#2003,.F.);
#2727 = ORIENTED_EDGE('',*,*,#2728,.F.);
#2728 = EDGE_CURVE('',#2729,#1996,#2731,.T.);
#2729 = VERTEX_POINT('',#2730);
#2730 = CARTESIAN_POINT('',(1.7,2.2,0.));
#2731 = LINE('',#2732,#2733);
#2732 = CARTESIAN_POINT('',(1.7,2.2,0.));
#2733 = VECTOR('',#2734,1.);
#2734 = DIRECTION('',(0.,0.,1.));
#2735 = ORIENTED_EDGE('',*,*,#2736,.F.);
#2736 = EDGE_CURVE('',#2653,#2729,#2737,.T.);
#2737 = LINE('',#2738,#2739);
#2738 = CARTESIAN_POINT('',(2.7,2.2,0.));
#2739 = VECTOR('',#2740,1.);
#2740 = DIRECTION('',(-1.,0.,0.));
#2741 = PLANE('',#2742);
#2742 = AXIS2_PLACEMENT_3D('',#2743,#2744,#2745);
#2743 = CARTESIAN_POINT('',(2.7,2.2,0.));
#2744 = DIRECTION('',(0.,-1.,0.));
#2745 = DIRECTION('',(-1.,0.,0.));
#2746 = ADVANCED_FACE('',(#2747),#2758,.T.);
#2747 = FACE_BOUND('',#2748,.T.);
#2748 = EDGE_LOOP('',(#2749,#2750,#2751,#2757));
#2749 = ORIENTED_EDGE('',*,*,#1299,.F.);
#2750 = ORIENTED_EDGE('',*,*,#2136,.T.);
#2751 = ORIENTED_EDGE('',*,*,#2752,.T.);
#2752 = EDGE_CURVE('',#2137,#2204,#2753,.T.);
#2753 = LINE('',#2754,#2755);
#2754 = CARTESIAN_POINT('',(2.6025,-2.2,1.));
#2755 = VECTOR('',#2756,1.);
#2756 = DIRECTION('',(0.,1.,0.));
#2757 = ORIENTED_EDGE('',*,*,#2212,.T.);
#2758 = PLANE('',#2759);
#2759 = AXIS2_PLACEMENT_3D('',#2760,#2761,#2762);
#2760 = CARTESIAN_POINT('',(2.2,-1.7,1.));
#2761 = DIRECTION('',(0.,0.,1.));
#2762 = DIRECTION('',(1.,0.,-0.));
#2763 = ADVANCED_FACE('',(#2764),#2775,.F.);
#2764 = FACE_BOUND('',#2765,.F.);
#2765 = EDGE_LOOP('',(#2766,#2772,#2773,#2774));
#2766 = ORIENTED_EDGE('',*,*,#2767,.T.);
#2767 = EDGE_CURVE('',#2121,#2220,#2768,.T.);
#2768 = LINE('',#2769,#2770);
#2769 = CARTESIAN_POINT('',(2.505,-2.395,0.7075));
#2770 = VECTOR('',#2771,1.);
#2771 = DIRECTION('',(0.,1.,0.));
#2772 = ORIENTED_EDGE('',*,*,#2219,.F.);
#2773 = ORIENTED_EDGE('',*,*,#1317,.F.);
#2774 = ORIENTED_EDGE('',*,*,#2128,.T.);
#2775 = CYLINDRICAL_SURFACE('',#2776,9.75E-02);
#2776 = AXIS2_PLACEMENT_3D('',#2777,#2778,#2779);
#2777 = CARTESIAN_POINT('',(2.4075,-2.395,0.7075));
#2778 = DIRECTION('',(0.,1.,0.));
#2779 = DIRECTION('',(1.,0.,0.));
#2780 = ADVANCED_FACE('',(#2781),#2792,.F.);
#2781 = FACE_BOUND('',#2782,.F.);
#2782 = EDGE_LOOP('',(#2783,#2789,#2790,#2791));
#2783 = ORIENTED_EDGE('',*,*,#2784,.T.);
#2784 = EDGE_CURVE('',#2354,#2453,#2785,.T.);
#2785 = LINE('',#2786,#2787);
#2786 = CARTESIAN_POINT('',(2.505,-0.695,0.7075));
#2787 = VECTOR('',#2788,1.);
#2788 = DIRECTION('',(0.,1.,0.));
#2789 = ORIENTED_EDGE('',*,*,#2452,.F.);
#2790 = ORIENTED_EDGE('',*,*,#1333,.F.);
#2791 = ORIENTED_EDGE('',*,*,#2361,.T.);
#2792 = CYLINDRICAL_SURFACE('',#2793,9.75E-02);
#2793 = AXIS2_PLACEMENT_3D('',#2794,#2795,#2796);
#2794 = CARTESIAN_POINT('',(2.4075,-0.695,0.7075));
#2795 = DIRECTION('',(0.,1.,0.));
#2796 = DIRECTION('',(1.,0.,0.));
#2797 = ADVANCED_FACE('',(#2798),#2809,.T.);
#2798 = FACE_BOUND('',#2799,.T.);
#2799 = EDGE_LOOP('',(#2800,#2801,#2802,#2808));
#2800 = ORIENTED_EDGE('',*,*,#1351,.F.);
#2801 = ORIENTED_EDGE('',*,*,#2369,.T.);
#2802 = ORIENTED_EDGE('',*,*,#2803,.T.);
#2803 = EDGE_CURVE('',#2370,#2437,#2804,.T.);
#2804 = LINE('',#2805,#2806);
#2805 = CARTESIAN_POINT('',(2.6025,-0.5,1.));
#2806 = VECTOR('',#2807,1.);
#2807 = DIRECTION('',(0.,1.,0.));
#2808 = ORIENTED_EDGE('',*,*,#2445,.T.);
#2809 = PLANE('',#2810);
#2810 = AXIS2_PLACEMENT_3D('',#2811,#2812,#2813);
#2811 = CARTESIAN_POINT('',(2.2,0.,1.));
#2812 = DIRECTION('',(0.,0.,1.));
#2813 = DIRECTION('',(1.,0.,-0.));
#2814 = ADVANCED_FACE('',(#2815),#2826,.T.);
#2815 = FACE_BOUND('',#2816,.T.);
#2816 = EDGE_LOOP('',(#2817,#2818,#2819,#2825));
#2817 = ORIENTED_EDGE('',*,*,#1367,.F.);
#2818 = ORIENTED_EDGE('',*,*,#2602,.T.);
#2819 = ORIENTED_EDGE('',*,*,#2820,.T.);
#2820 = EDGE_CURVE('',#2603,#2670,#2821,.T.);
#2821 = LINE('',#2822,#2823);
#2822 = CARTESIAN_POINT('',(2.6025,1.2,1.));
#2823 = VECTOR('',#2824,1.);
#2824 = DIRECTION('',(0.,1.,0.));
#2825 = ORIENTED_EDGE('',*,*,#2678,.T.);
#2826 = PLANE('',#2827);
#2827 = AXIS2_PLACEMENT_3D('',#2828,#2829,#2830);
#2828 = CARTESIAN_POINT('',(2.2,1.7,1.));
#2829 = DIRECTION('',(0.,0.,1.));
#2830 = DIRECTION('',(1.,0.,-0.));
#2831 = ADVANCED_FACE('',(#2832),#2843,.F.);
#2832 = FACE_BOUND('',#2833,.F.);
#2833 = EDGE_LOOP('',(#2834,#2840,#2841,#2842));
#2834 = ORIENTED_EDGE('',*,*,#2835,.T.);
#2835 = EDGE_CURVE('',#2587,#2686,#2836,.T.);
#2836 = LINE('',#2837,#2838);
#2837 = CARTESIAN_POINT('',(2.505,1.005,0.7075));
#2838 = VECTOR('',#2839,1.);
#2839 = DIRECTION('',(0.,1.,0.));
#2840 = ORIENTED_EDGE('',*,*,#2685,.F.);
#2841 = ORIENTED_EDGE('',*,*,#1385,.F.);
#2842 = ORIENTED_EDGE('',*,*,#2594,.T.);
#2843 = CYLINDRICAL_SURFACE('',#2844,9.75E-02);
#2844 = AXIS2_PLACEMENT_3D('',#2845,#2846,#2847);
#2845 = CARTESIAN_POINT('',(2.4075,1.005,0.7075));
#2846 = DIRECTION('',(0.,1.,0.));
#2847 = DIRECTION('',(1.,0.,0.));
#2848 = ADVANCED_FACE('',(#2849),#2951,.F.);
#2849 = FACE_BOUND('',#2850,.F.);
#2850 = EDGE_LOOP('',(#2851,#2861,#2870,#2878,#2884,#2885,#2894,#2902,
    #2909,#2910,#2911,#2920,#2928,#2935,#2936,#2944));
#2851 = ORIENTED_EDGE('',*,*,#2852,.F.);
#2852 = EDGE_CURVE('',#2853,#2855,#2857,.T.);
#2853 = VERTEX_POINT('',#2854);
#2854 = CARTESIAN_POINT('',(-2.7,2.2,9.75E-02));
#2855 = VERTEX_POINT('',#2856);
#2856 = CARTESIAN_POINT('',(-2.7,2.2,0.9025));
#2857 = LINE('',#2858,#2859);
#2858 = CARTESIAN_POINT('',(-2.7,2.2,0.));
#2859 = VECTOR('',#2860,1.);
#2860 = DIRECTION('',(0.,0.,1.));
#2861 = ORIENTED_EDGE('',*,*,#2862,.T.);
#2862 = EDGE_CURVE('',#2853,#2863,#2865,.T.);
#2863 = VERTEX_POINT('',#2864);
#2864 = CARTESIAN_POINT('',(-2.6025,2.2,-2.775557561563E-17));
#2865 = CIRCLE('',#2866,9.75E-02);
#2866 = AXIS2_PLACEMENT_3D('',#2867,#2868,#2869);
#2867 = CARTESIAN_POINT('',(-2.6025,2.2,9.75E-02));
#2868 = DIRECTION('',(0.,-1.,0.));
#2869 = DIRECTION('',(0.,0.,-1.));
#2870 = ORIENTED_EDGE('',*,*,#2871,.F.);
#2871 = EDGE_CURVE('',#2872,#2863,#2874,.T.);
#2872 = VERTEX_POINT('',#2873);
#2873 = CARTESIAN_POINT('',(-1.7,2.2,0.));
#2874 = LINE('',#2875,#2876);
#2875 = CARTESIAN_POINT('',(-1.7,2.2,0.));
#2876 = VECTOR('',#2877,1.);
#2877 = DIRECTION('',(-1.,0.,0.));
#2878 = ORIENTED_EDGE('',*,*,#2879,.T.);
#2879 = EDGE_CURVE('',#2872,#1920,#2880,.T.);
#2880 = LINE('',#2881,#2882);
#2881 = CARTESIAN_POINT('',(-1.7,2.2,0.));
#2882 = VECTOR('',#2883,1.);
#2883 = DIRECTION('',(0.,0.,1.));
#2884 = ORIENTED_EDGE('',*,*,#1919,.F.);
#2885 = ORIENTED_EDGE('',*,*,#2886,.T.);
#2886 = EDGE_CURVE('',#1912,#2887,#2889,.T.);
#2887 = VERTEX_POINT('',#2888);
#2888 = CARTESIAN_POINT('',(-1.9925,2.2,0.195));
#2889 = CIRCLE('',#2890,9.75E-02);
#2890 = AXIS2_PLACEMENT_3D('',#2891,#2892,#2893);
#2891 = CARTESIAN_POINT('',(-1.9925,2.2,0.2925));
#2892 = DIRECTION('',(0.,1.,0.));
#2893 = DIRECTION('',(-6.906640467053E-32,0.,-1.));
#2894 = ORIENTED_EDGE('',*,*,#2895,.T.);
#2895 = EDGE_CURVE('',#2887,#2896,#2898,.T.);
#2896 = VERTEX_POINT('',#2897);
#2897 = CARTESIAN_POINT('',(-2.4075,2.2,0.195));
#2898 = LINE('',#2899,#2900);
#2899 = CARTESIAN_POINT('',(-1.95,2.2,0.195));
#2900 = VECTOR('',#2901,1.);
#2901 = DIRECTION('',(-1.,0.,6.906640467053E-32));
#2902 = ORIENTED_EDGE('',*,*,#2903,.F.);
#2903 = EDGE_CURVE('',#1772,#2896,#2904,.T.);
#2904 = CIRCLE('',#2905,9.75E-02);
#2905 = AXIS2_PLACEMENT_3D('',#2906,#2907,#2908);
#2906 = CARTESIAN_POINT('',(-2.4075,2.2,0.2925));
#2907 = DIRECTION('',(0.,-1.,0.));
#2908 = DIRECTION('',(-1.,0.,0.));
#2909 = ORIENTED_EDGE('',*,*,#1771,.F.);
#2910 = ORIENTED_EDGE('',*,*,#1545,.F.);
#2911 = ORIENTED_EDGE('',*,*,#2912,.F.);
#2912 = EDGE_CURVE('',#2913,#1538,#2915,.T.);
#2913 = VERTEX_POINT('',#2914);
#2914 = CARTESIAN_POINT('',(-2.505,2.2,0.2925));
#2915 = CIRCLE('',#2916,9.75E-02);
#2916 = AXIS2_PLACEMENT_3D('',#2917,#2918,#2919);
#2917 = CARTESIAN_POINT('',(-2.4075,2.2,0.2925));
#2918 = DIRECTION('',(0.,-1.,0.));
#2919 = DIRECTION('',(-1.,0.,0.));
#2920 = ORIENTED_EDGE('',*,*,#2921,.T.);
#2921 = EDGE_CURVE('',#2913,#2922,#2924,.T.);
#2922 = VERTEX_POINT('',#2923);
#2923 = CARTESIAN_POINT('',(-2.505,2.2,0.7075));
#2924 = LINE('',#2925,#2926);
#2925 = CARTESIAN_POINT('',(-2.505,2.2,9.75E-02));
#2926 = VECTOR('',#2927,1.);
#2927 = DIRECTION('',(0.,0.,1.));
#2928 = ORIENTED_EDGE('',*,*,#2929,.F.);
#2929 = EDGE_CURVE('',#1580,#2922,#2930,.T.);
#2930 = CIRCLE('',#2931,9.75E-02);
#2931 = AXIS2_PLACEMENT_3D('',#2932,#2933,#2934);
#2932 = CARTESIAN_POINT('',(-2.4075,2.2,0.7075));
#2933 = DIRECTION('',(0.,-1.,0.));
#2934 = DIRECTION('',(-1.,0.,0.));
#2935 = ORIENTED_EDGE('',*,*,#1579,.F.);
#2936 = ORIENTED_EDGE('',*,*,#2937,.T.);
#2937 = EDGE_CURVE('',#1570,#2938,#2940,.T.);
#2938 = VERTEX_POINT('',#2939);
#2939 = CARTESIAN_POINT('',(-2.6025,2.2,1.));
#2940 = LINE('',#2941,#2942);
#2941 = CARTESIAN_POINT('',(-1.7,2.2,1.));
#2942 = VECTOR('',#2943,1.);
#2943 = DIRECTION('',(-1.,0.,0.));
#2944 = ORIENTED_EDGE('',*,*,#2945,.F.);
#2945 = EDGE_CURVE('',#2855,#2938,#2946,.T.);
#2946 = CIRCLE('',#2947,9.75E-02);
#2947 = AXIS2_PLACEMENT_3D('',#2948,#2949,#2950);
#2948 = CARTESIAN_POINT('',(-2.6025,2.2,0.9025));
#2949 = DIRECTION('',(0.,1.,0.));
#2950 = DIRECTION('',(0.,0.,-1.));
#2951 = PLANE('',#2952);
#2952 = AXIS2_PLACEMENT_3D('',#2953,#2954,#2955);
#2953 = CARTESIAN_POINT('',(-1.7,2.2,0.));
#2954 = DIRECTION('',(0.,-1.,0.));
#2955 = DIRECTION('',(-1.,0.,0.));
#2956 = ADVANCED_FACE('',(#2957),#2976,.F.);
#2957 = FACE_BOUND('',#2958,.F.);
#2958 = EDGE_LOOP('',(#2959,#2967,#2968,#2969));
#2959 = ORIENTED_EDGE('',*,*,#2960,.F.);
#2960 = EDGE_CURVE('',#2913,#2961,#2963,.T.);
#2961 = VERTEX_POINT('',#2962);
#2962 = CARTESIAN_POINT('',(-2.505,1.2,0.2925));
#2963 = LINE('',#2964,#2965);
#2964 = CARTESIAN_POINT('',(-2.505,2.395,0.2925));
#2965 = VECTOR('',#2966,1.);
#2966 = DIRECTION('',(0.,-1.,0.));
#2967 = ORIENTED_EDGE('',*,*,#2912,.T.);
#2968 = ORIENTED_EDGE('',*,*,#1537,.T.);
#2969 = ORIENTED_EDGE('',*,*,#2970,.F.);
#2970 = EDGE_CURVE('',#2961,#1530,#2971,.T.);
#2971 = CIRCLE('',#2972,9.75E-02);
#2972 = AXIS2_PLACEMENT_3D('',#2973,#2974,#2975);
#2973 = CARTESIAN_POINT('',(-2.4075,1.2,0.2925));
#2974 = DIRECTION('',(0.,-1.,0.));
#2975 = DIRECTION('',(-1.,0.,0.));
#2976 = CYLINDRICAL_SURFACE('',#2977,9.75E-02);
#2977 = AXIS2_PLACEMENT_3D('',#2978,#2979,#2980);
#2978 = CARTESIAN_POINT('',(-2.4075,2.395,0.2925));
#2979 = DIRECTION('',(0.,-1.,0.));
#2980 = DIRECTION('',(-1.,0.,0.));
#2981 = ADVANCED_FACE('',(#2982),#3076,.F.);
#2982 = FACE_BOUND('',#2983,.F.);
#2983 = EDGE_LOOP('',(#2984,#2995,#3003,#3012,#3018,#3019,#3028,#3034,
    #3035,#3036,#3037,#3046,#3054,#3061,#3062,#3070));
#2984 = ORIENTED_EDGE('',*,*,#2985,.F.);
#2985 = EDGE_CURVE('',#2986,#2988,#2990,.T.);
#2986 = VERTEX_POINT('',#2987);
#2987 = CARTESIAN_POINT('',(-2.7,1.2,9.75E-02));
#2988 = VERTEX_POINT('',#2989);
#2989 = CARTESIAN_POINT('',(-2.6025,1.2,-2.775557561563E-17));
#2990 = CIRCLE('',#2991,9.75E-02);
#2991 = AXIS2_PLACEMENT_3D('',#2992,#2993,#2994);
#2992 = CARTESIAN_POINT('',(-2.6025,1.2,9.75E-02));
#2993 = DIRECTION('',(0.,-1.,0.));
#2994 = DIRECTION('',(0.,0.,-1.));
#2995 = ORIENTED_EDGE('',*,*,#2996,.T.);
#2996 = EDGE_CURVE('',#2986,#2997,#2999,.T.);
#2997 = VERTEX_POINT('',#2998);
#2998 = CARTESIAN_POINT('',(-2.7,1.2,0.9025));
#2999 = LINE('',#3000,#3001);
#3000 = CARTESIAN_POINT('',(-2.7,1.2,0.));
#3001 = VECTOR('',#3002,1.);
#3002 = DIRECTION('',(0.,0.,1.));
#3003 = ORIENTED_EDGE('',*,*,#3004,.T.);
#3004 = EDGE_CURVE('',#2997,#3005,#3007,.T.);
#3005 = VERTEX_POINT('',#3006);
#3006 = CARTESIAN_POINT('',(-2.6025,1.2,1.));
#3007 = CIRCLE('',#3008,9.75E-02);
#3008 = AXIS2_PLACEMENT_3D('',#3009,#3010,#3011);
#3009 = CARTESIAN_POINT('',(-2.6025,1.2,0.9025));
#3010 = DIRECTION('',(0.,1.,0.));
#3011 = DIRECTION('',(0.,0.,-1.));
#3012 = ORIENTED_EDGE('',*,*,#3013,.T.);
#3013 = EDGE_CURVE('',#3005,#1572,#3014,.T.);
#3014 = LINE('',#3015,#3016);
#3015 = CARTESIAN_POINT('',(-2.7,1.2,1.));
#3016 = VECTOR('',#3017,1.);
#3017 = DIRECTION('',(1.,0.,0.));
#3018 = ORIENTED_EDGE('',*,*,#1595,.F.);
#3019 = ORIENTED_EDGE('',*,*,#3020,.T.);
#3020 = EDGE_CURVE('',#1588,#3021,#3023,.T.);
#3021 = VERTEX_POINT('',#3022);
#3022 = CARTESIAN_POINT('',(-2.505,1.2,0.7075));
#3023 = CIRCLE('',#3024,9.75E-02);
#3024 = AXIS2_PLACEMENT_3D('',#3025,#3026,#3027);
#3025 = CARTESIAN_POINT('',(-2.4075,1.2,0.7075));
#3026 = DIRECTION('',(0.,-1.,0.));
#3027 = DIRECTION('',(-1.,0.,0.));
#3028 = ORIENTED_EDGE('',*,*,#3029,.T.);
#3029 = EDGE_CURVE('',#3021,#2961,#3030,.T.);
#3030 = LINE('',#3031,#3032);
#3031 = CARTESIAN_POINT('',(-2.505,1.2,9.75E-02));
#3032 = VECTOR('',#3033,1.);
#3033 = DIRECTION('',(0.,0.,-1.));
#3034 = ORIENTED_EDGE('',*,*,#2970,.T.);
#3035 = ORIENTED_EDGE('',*,*,#1529,.F.);
#3036 = ORIENTED_EDGE('',*,*,#1787,.F.);
#3037 = ORIENTED_EDGE('',*,*,#3038,.T.);
#3038 = EDGE_CURVE('',#1780,#3039,#3041,.T.);
#3039 = VERTEX_POINT('',#3040);
#3040 = CARTESIAN_POINT('',(-2.4075,1.2,0.195));
#3041 = CIRCLE('',#3042,9.75E-02);
#3042 = AXIS2_PLACEMENT_3D('',#3043,#3044,#3045);
#3043 = CARTESIAN_POINT('',(-2.4075,1.2,0.2925));
#3044 = DIRECTION('',(0.,-1.,0.));
#3045 = DIRECTION('',(-1.,0.,0.));
#3046 = ORIENTED_EDGE('',*,*,#3047,.T.);
#3047 = EDGE_CURVE('',#3039,#3048,#3050,.T.);
#3048 = VERTEX_POINT('',#3049);
#3049 = CARTESIAN_POINT('',(-1.9925,1.2,0.195));
#3050 = LINE('',#3051,#3052);
#3051 = CARTESIAN_POINT('',(-2.45,1.2,0.195));
#3052 = VECTOR('',#3053,1.);
#3053 = DIRECTION('',(1.,0.,-6.906640467053E-32));
#3054 = ORIENTED_EDGE('',*,*,#3055,.F.);
#3055 = EDGE_CURVE('',#1910,#3048,#3056,.T.);
#3056 = CIRCLE('',#3057,9.75E-02);
#3057 = AXIS2_PLACEMENT_3D('',#3058,#3059,#3060);
#3058 = CARTESIAN_POINT('',(-1.9925,1.2,0.2925));
#3059 = DIRECTION('',(0.,1.,0.));
#3060 = DIRECTION('',(-6.906640467053E-32,0.,-1.));
#3061 = ORIENTED_EDGE('',*,*,#1935,.F.);
#3062 = ORIENTED_EDGE('',*,*,#3063,.F.);
#3063 = EDGE_CURVE('',#3064,#1928,#3066,.T.);
#3064 = VERTEX_POINT('',#3065);
#3065 = CARTESIAN_POINT('',(-1.7,1.2,0.));
#3066 = LINE('',#3067,#3068);
#3067 = CARTESIAN_POINT('',(-1.7,1.2,0.));
#3068 = VECTOR('',#3069,1.);
#3069 = DIRECTION('',(0.,0.,1.));
#3070 = ORIENTED_EDGE('',*,*,#3071,.F.);
#3071 = EDGE_CURVE('',#2988,#3064,#3072,.T.);
#3072 = LINE('',#3073,#3074);
#3073 = CARTESIAN_POINT('',(-2.7,1.2,0.));
#3074 = VECTOR('',#3075,1.);
#3075 = DIRECTION('',(1.,0.,0.));
#3076 = PLANE('',#3077);
#3077 = AXIS2_PLACEMENT_3D('',#3078,#3079,#3080);
#3078 = CARTESIAN_POINT('',(-2.7,1.2,0.));
#3079 = DIRECTION('',(0.,1.,0.));
#3080 = DIRECTION('',(1.,0.,0.));
#3081 = ADVANCED_FACE('',(#3082),#3184,.F.);
#3082 = FACE_BOUND('',#3083,.F.);
#3083 = EDGE_LOOP('',(#3084,#3094,#3103,#3111,#3117,#3118,#3127,#3135,
    #3142,#3143,#3144,#3153,#3161,#3168,#3169,#3177));
#3084 = ORIENTED_EDGE('',*,*,#3085,.F.);
#3085 = EDGE_CURVE('',#3086,#3088,#3090,.T.);
#3086 = VERTEX_POINT('',#3087);
#3087 = CARTESIAN_POINT('',(-2.7,0.5,9.75E-02));
#3088 = VERTEX_POINT('',#3089);
#3089 = CARTESIAN_POINT('',(-2.7,0.5,0.9025));
#3090 = LINE('',#3091,#3092);
#3091 = CARTESIAN_POINT('',(-2.7,0.5,0.));
#3092 = VECTOR('',#3093,1.);
#3093 = DIRECTION('',(0.,0.,1.));
#3094 = ORIENTED_EDGE('',*,*,#3095,.T.);
#3095 = EDGE_CURVE('',#3086,#3096,#3098,.T.);
#3096 = VERTEX_POINT('',#3097);
#3097 = CARTESIAN_POINT('',(-2.6025,0.5,-2.775557561563E-17));
#3098 = CIRCLE('',#3099,9.75E-02);
#3099 = AXIS2_PLACEMENT_3D('',#3100,#3101,#3102);
#3100 = CARTESIAN_POINT('',(-2.6025,0.5,9.75E-02));
#3101 = DIRECTION('',(0.,-1.,0.));
#3102 = DIRECTION('',(0.,0.,-1.));
#3103 = ORIENTED_EDGE('',*,*,#3104,.F.);
#3104 = EDGE_CURVE('',#3105,#3096,#3107,.T.);
#3105 = VERTEX_POINT('',#3106);
#3106 = CARTESIAN_POINT('',(-1.7,0.5,0.));
#3107 = LINE('',#3108,#3109);
#3108 = CARTESIAN_POINT('',(-1.7,0.5,0.));
#3109 = VECTOR('',#3110,1.);
#3110 = DIRECTION('',(-1.,0.,0.));
#3111 = ORIENTED_EDGE('',*,*,#3112,.T.);
#3112 = EDGE_CURVE('',#3105,#1954,#3113,.T.);
#3113 = LINE('',#3114,#3115);
#3114 = CARTESIAN_POINT('',(-1.7,0.5,0.));
#3115 = VECTOR('',#3116,1.);
#3116 = DIRECTION('',(0.,0.,1.));
#3117 = ORIENTED_EDGE('',*,*,#1953,.F.);
#3118 = ORIENTED_EDGE('',*,*,#3119,.T.);
#3119 = EDGE_CURVE('',#1946,#3120,#3122,.T.);
#3120 = VERTEX_POINT('',#3121);
#3121 = CARTESIAN_POINT('',(-1.9925,0.5,0.195));
#3122 = CIRCLE('',#3123,9.75E-02);
#3123 = AXIS2_PLACEMENT_3D('',#3124,#3125,#3126);
#3124 = CARTESIAN_POINT('',(-1.9925,0.5,0.2925));
#3125 = DIRECTION('',(0.,1.,0.));
#3126 = DIRECTION('',(-6.906640467053E-32,0.,-1.));
#3127 = ORIENTED_EDGE('',*,*,#3128,.T.);
#3128 = EDGE_CURVE('',#3120,#3129,#3131,.T.);
#3129 = VERTEX_POINT('',#3130);
#3130 = CARTESIAN_POINT('',(-2.4075,0.5,0.195));
#3131 = LINE('',#3132,#3133);
#3132 = CARTESIAN_POINT('',(-1.95,0.5,0.195));
#3133 = VECTOR('',#3134,1.);
#3134 = DIRECTION('',(-1.,0.,6.906640467053E-32));
#3135 = ORIENTED_EDGE('',*,*,#3136,.F.);
#3136 = EDGE_CURVE('',#1795,#3129,#3137,.T.);
#3137 = CIRCLE('',#3138,9.75E-02);
#3138 = AXIS2_PLACEMENT_3D('',#3139,#3140,#3141);
#3139 = CARTESIAN_POINT('',(-2.4075,0.5,0.2925));
#3140 = DIRECTION('',(0.,-1.,0.));
#3141 = DIRECTION('',(-1.,0.,0.));
#3142 = ORIENTED_EDGE('',*,*,#1794,.F.);
#3143 = ORIENTED_EDGE('',*,*,#1513,.F.);
#3144 = ORIENTED_EDGE('',*,*,#3145,.F.);
#3145 = EDGE_CURVE('',#3146,#1506,#3148,.T.);
#3146 = VERTEX_POINT('',#3147);
#3147 = CARTESIAN_POINT('',(-2.505,0.5,0.2925));
#3148 = CIRCLE('',#3149,9.75E-02);
#3149 = AXIS2_PLACEMENT_3D('',#3150,#3151,#3152);
#3150 = CARTESIAN_POINT('',(-2.4075,0.5,0.2925));
#3151 = DIRECTION('',(0.,-1.,0.));
#3152 = DIRECTION('',(-1.,0.,0.));
#3153 = ORIENTED_EDGE('',*,*,#3154,.T.);
#3154 = EDGE_CURVE('',#3146,#3155,#3157,.T.);
#3155 = VERTEX_POINT('',#3156);
#3156 = CARTESIAN_POINT('',(-2.505,0.5,0.7075));
#3157 = LINE('',#3158,#3159);
#3158 = CARTESIAN_POINT('',(-2.505,0.5,9.75E-02));
#3159 = VECTOR('',#3160,1.);
#3160 = DIRECTION('',(0.,0.,1.));
#3161 = ORIENTED_EDGE('',*,*,#3162,.F.);
#3162 = EDGE_CURVE('',#1614,#3155,#3163,.T.);
#3163 = CIRCLE('',#3164,9.75E-02);
#3164 = AXIS2_PLACEMENT_3D('',#3165,#3166,#3167);
#3165 = CARTESIAN_POINT('',(-2.4075,0.5,0.7075));
#3166 = DIRECTION('',(0.,-1.,0.));
#3167 = DIRECTION('',(-1.,0.,0.));
#3168 = ORIENTED_EDGE('',*,*,#1613,.F.);
#3169 = ORIENTED_EDGE('',*,*,#3170,.T.);
#3170 = EDGE_CURVE('',#1604,#3171,#3173,.T.);
#3171 = VERTEX_POINT('',#3172);
#3172 = CARTESIAN_POINT('',(-2.6025,0.5,1.));
#3173 = LINE('',#3174,#3175);
#3174 = CARTESIAN_POINT('',(-1.7,0.5,1.));
#3175 = VECTOR('',#3176,1.);
#3176 = DIRECTION('',(-1.,0.,0.));
#3177 = ORIENTED_EDGE('',*,*,#3178,.F.);
#3178 = EDGE_CURVE('',#3088,#3171,#3179,.T.);
#3179 = CIRCLE('',#3180,9.75E-02);
#3180 = AXIS2_PLACEMENT_3D('',#3181,#3182,#3183);
#3181 = CARTESIAN_POINT('',(-2.6025,0.5,0.9025));
#3182 = DIRECTION('',(0.,1.,0.));
#3183 = DIRECTION('',(0.,0.,-1.));
#3184 = PLANE('',#3185);
#3185 = AXIS2_PLACEMENT_3D('',#3186,#3187,#3188);
#3186 = CARTESIAN_POINT('',(-1.7,0.5,0.));
#3187 = DIRECTION('',(0.,-1.,0.));
#3188 = DIRECTION('',(-1.,0.,0.));
#3189 = ADVANCED_FACE('',(#3190),#3209,.F.);
#3190 = FACE_BOUND('',#3191,.F.);
#3191 = EDGE_LOOP('',(#3192,#3200,#3201,#3202));
#3192 = ORIENTED_EDGE('',*,*,#3193,.F.);
#3193 = EDGE_CURVE('',#3146,#3194,#3196,.T.);
#3194 = VERTEX_POINT('',#3195);
#3195 = CARTESIAN_POINT('',(-2.505,-0.5,0.2925));
#3196 = LINE('',#3197,#3198);
#3197 = CARTESIAN_POINT('',(-2.505,0.695,0.2925));
#3198 = VECTOR('',#3199,1.);
#3199 = DIRECTION('',(0.,-1.,0.));
#3200 = ORIENTED_EDGE('',*,*,#3145,.T.);
#3201 = ORIENTED_EDGE('',*,*,#1505,.T.);
#3202 = ORIENTED_EDGE('',*,*,#3203,.F.);
#3203 = EDGE_CURVE('',#3194,#1498,#3204,.T.);
#3204 = CIRCLE('',#3205,9.75E-02);
#3205 = AXIS2_PLACEMENT_3D('',#3206,#3207,#3208);
#3206 = CARTESIAN_POINT('',(-2.4075,-0.5,0.2925));
#3207 = DIRECTION('',(0.,-1.,0.));
#3208 = DIRECTION('',(-1.,0.,0.));
#3209 = CYLINDRICAL_SURFACE('',#3210,9.75E-02);
#3210 = AXIS2_PLACEMENT_3D('',#3211,#3212,#3213);
#3211 = CARTESIAN_POINT('',(-2.4075,0.695,0.2925));
#3212 = DIRECTION('',(0.,-1.,0.));
#3213 = DIRECTION('',(-1.,0.,0.));
#3214 = ADVANCED_FACE('',(#3215),#3309,.F.);
#3215 = FACE_BOUND('',#3216,.F.);
#3216 = EDGE_LOOP('',(#3217,#3228,#3236,#3245,#3251,#3252,#3261,#3267,
    #3268,#3269,#3270,#3279,#3287,#3294,#3295,#3303));
#3217 = ORIENTED_EDGE('',*,*,#3218,.F.);
#3218 = EDGE_CURVE('',#3219,#3221,#3223,.T.);
#3219 = VERTEX_POINT('',#3220);
#3220 = CARTESIAN_POINT('',(-2.7,-0.5,9.75E-02));
#3221 = VERTEX_POINT('',#3222);
#3222 = CARTESIAN_POINT('',(-2.6025,-0.5,-2.775557561563E-17));
#3223 = CIRCLE('',#3224,9.75E-02);
#3224 = AXIS2_PLACEMENT_3D('',#3225,#3226,#3227);
#3225 = CARTESIAN_POINT('',(-2.6025,-0.5,9.75E-02));
#3226 = DIRECTION('',(0.,-1.,0.));
#3227 = DIRECTION('',(0.,0.,-1.));
#3228 = ORIENTED_EDGE('',*,*,#3229,.T.);
#3229 = EDGE_CURVE('',#3219,#3230,#3232,.T.);
#3230 = VERTEX_POINT('',#3231);
#3231 = CARTESIAN_POINT('',(-2.7,-0.5,0.9025));
#3232 = LINE('',#3233,#3234);
#3233 = CARTESIAN_POINT('',(-2.7,-0.5,0.));
#3234 = VECTOR('',#3235,1.);
#3235 = DIRECTION('',(0.,0.,1.));
#3236 = ORIENTED_EDGE('',*,*,#3237,.T.);
#3237 = EDGE_CURVE('',#3230,#3238,#3240,.T.);
#3238 = VERTEX_POINT('',#3239);
#3239 = CARTESIAN_POINT('',(-2.6025,-0.5,1.));
#3240 = CIRCLE('',#3241,9.75E-02);
#3241 = AXIS2_PLACEMENT_3D('',#3242,#3243,#3244);
#3242 = CARTESIAN_POINT('',(-2.6025,-0.5,0.9025));
#3243 = DIRECTION('',(0.,1.,0.));
#3244 = DIRECTION('',(0.,0.,-1.));
#3245 = ORIENTED_EDGE('',*,*,#3246,.T.);
#3246 = EDGE_CURVE('',#3238,#1606,#3247,.T.);
#3247 = LINE('',#3248,#3249);
#3248 = CARTESIAN_POINT('',(-2.7,-0.5,1.));
#3249 = VECTOR('',#3250,1.);
#3250 = DIRECTION('',(1.,0.,0.));
#3251 = ORIENTED_EDGE('',*,*,#1629,.F.);
#3252 = ORIENTED_EDGE('',*,*,#3253,.T.);
#3253 = EDGE_CURVE('',#1622,#3254,#3256,.T.);
#3254 = VERTEX_POINT('',#3255);
#3255 = CARTESIAN_POINT('',(-2.505,-0.5,0.7075));
#3256 = CIRCLE('',#3257,9.75E-02);
#3257 = AXIS2_PLACEMENT_3D('',#3258,#3259,#3260);
#3258 = CARTESIAN_POINT('',(-2.4075,-0.5,0.7075));
#3259 = DIRECTION('',(0.,-1.,0.));
#3260 = DIRECTION('',(-1.,0.,0.));
#3261 = ORIENTED_EDGE('',*,*,#3262,.T.);
#3262 = EDGE_CURVE('',#3254,#3194,#3263,.T.);
#3263 = LINE('',#3264,#3265);
#3264 = CARTESIAN_POINT('',(-2.505,-0.5,9.75E-02));
#3265 = VECTOR('',#3266,1.);
#3266 = DIRECTION('',(0.,0.,-1.));
#3267 = ORIENTED_EDGE('',*,*,#3203,.T.);
#3268 = ORIENTED_EDGE('',*,*,#1497,.F.);
#3269 = ORIENTED_EDGE('',*,*,#1810,.F.);
#3270 = ORIENTED_EDGE('',*,*,#3271,.T.);
#3271 = EDGE_CURVE('',#1803,#3272,#3274,.T.);
#3272 = VERTEX_POINT('',#3273);
#3273 = CARTESIAN_POINT('',(-2.4075,-0.5,0.195));
#3274 = CIRCLE('',#3275,9.75E-02);
#3275 = AXIS2_PLACEMENT_3D('',#3276,#3277,#3278);
#3276 = CARTESIAN_POINT('',(-2.4075,-0.5,0.2925));
#3277 = DIRECTION('',(0.,-1.,0.));
#3278 = DIRECTION('',(-1.,0.,0.));
#3279 = ORIENTED_EDGE('',*,*,#3280,.T.);
#3280 = EDGE_CURVE('',#3272,#3281,#3283,.T.);
#3281 = VERTEX_POINT('',#3282);
#3282 = CARTESIAN_POINT('',(-1.9925,-0.5,0.195));
#3283 = LINE('',#3284,#3285);
#3284 = CARTESIAN_POINT('',(-2.45,-0.5,0.195));
#3285 = VECTOR('',#3286,1.);
#3286 = DIRECTION('',(1.,0.,-6.906640467053E-32));
#3287 = ORIENTED_EDGE('',*,*,#3288,.F.);
#3288 = EDGE_CURVE('',#1944,#3281,#3289,.T.);
#3289 = CIRCLE('',#3290,9.75E-02);
#3290 = AXIS2_PLACEMENT_3D('',#3291,#3292,#3293);
#3291 = CARTESIAN_POINT('',(-1.9925,-0.5,0.2925));
#3292 = DIRECTION('',(0.,1.,0.));
#3293 = DIRECTION('',(-6.906640467053E-32,0.,-1.));
#3294 = ORIENTED_EDGE('',*,*,#1969,.F.);
#3295 = ORIENTED_EDGE('',*,*,#3296,.F.);
#3296 = EDGE_CURVE('',#3297,#1962,#3299,.T.);
#3297 = VERTEX_POINT('',#3298);
#3298 = CARTESIAN_POINT('',(-1.7,-0.5,0.));
#3299 = LINE('',#3300,#3301);
#3300 = CARTESIAN_POINT('',(-1.7,-0.5,0.));
#3301 = VECTOR('',#3302,1.);
#3302 = DIRECTION('',(0.,0.,1.));
#3303 = ORIENTED_EDGE('',*,*,#3304,.F.);
#3304 = EDGE_CURVE('',#3221,#3297,#3305,.T.);
#3305 = LINE('',#3306,#3307);
#3306 = CARTESIAN_POINT('',(-2.7,-0.5,0.));
#3307 = VECTOR('',#3308,1.);
#3308 = DIRECTION('',(1.,0.,0.));
#3309 = PLANE('',#3310);
#3310 = AXIS2_PLACEMENT_3D('',#3311,#3312,#3313);
#3311 = CARTESIAN_POINT('',(-2.7,-0.5,0.));
#3312 = DIRECTION('',(0.,1.,0.));
#3313 = DIRECTION('',(1.,0.,0.));
#3314 = ADVANCED_FACE('',(#3315),#3417,.F.);
#3315 = FACE_BOUND('',#3316,.F.);
#3316 = EDGE_LOOP('',(#3317,#3327,#3336,#3344,#3350,#3351,#3360,#3368,
    #3375,#3376,#3377,#3386,#3394,#3401,#3402,#3410));
#3317 = ORIENTED_EDGE('',*,*,#3318,.F.);
#3318 = EDGE_CURVE('',#3319,#3321,#3323,.T.);
#3319 = VERTEX_POINT('',#3320);
#3320 = CARTESIAN_POINT('',(-2.7,-1.2,9.75E-02));
#3321 = VERTEX_POINT('',#3322);
#3322 = CARTESIAN_POINT('',(-2.7,-1.2,0.9025));
#3323 = LINE('',#3324,#3325);
#3324 = CARTESIAN_POINT('',(-2.7,-1.2,0.));
#3325 = VECTOR('',#3326,1.);
#3326 = DIRECTION('',(0.,0.,1.));
#3327 = ORIENTED_EDGE('',*,*,#3328,.T.);
#3328 = EDGE_CURVE('',#3319,#3329,#3331,.T.);
#3329 = VERTEX_POINT('',#3330);
#3330 = CARTESIAN_POINT('',(-2.6025,-1.2,-2.775557561563E-17));
#3331 = CIRCLE('',#3332,9.75E-02);
#3332 = AXIS2_PLACEMENT_3D('',#3333,#3334,#3335);
#3333 = CARTESIAN_POINT('',(-2.6025,-1.2,9.75E-02));
#3334 = DIRECTION('',(0.,-1.,0.));
#3335 = DIRECTION('',(0.,0.,-1.));
#3336 = ORIENTED_EDGE('',*,*,#3337,.F.);
#3337 = EDGE_CURVE('',#3338,#3329,#3340,.T.);
#3338 = VERTEX_POINT('',#3339);
#3339 = CARTESIAN_POINT('',(-1.7,-1.2,0.));
#3340 = LINE('',#3341,#3342);
#3341 = CARTESIAN_POINT('',(-1.7,-1.2,0.));
#3342 = VECTOR('',#3343,1.);
#3343 = DIRECTION('',(-1.,0.,0.));
#3344 = ORIENTED_EDGE('',*,*,#3345,.T.);
#3345 = EDGE_CURVE('',#3338,#1876,#3346,.T.);
#3346 = LINE('',#3347,#3348);
#3347 = CARTESIAN_POINT('',(-1.7,-1.2,0.));
#3348 = VECTOR('',#3349,1.);
#3349 = DIRECTION('',(0.,0.,1.));
#3350 = ORIENTED_EDGE('',*,*,#1901,.F.);
#3351 = ORIENTED_EDGE('',*,*,#3352,.T.);
#3352 = EDGE_CURVE('',#1894,#3353,#3355,.T.);
#3353 = VERTEX_POINT('',#3354);
#3354 = CARTESIAN_POINT('',(-1.9925,-1.2,0.195));
#3355 = CIRCLE('',#3356,9.75E-02);
#3356 = AXIS2_PLACEMENT_3D('',#3357,#3358,#3359);
#3357 = CARTESIAN_POINT('',(-1.9925,-1.2,0.2925));
#3358 = DIRECTION('',(0.,1.,0.));
#3359 = DIRECTION('',(-6.906640467053E-32,0.,-1.));
#3360 = ORIENTED_EDGE('',*,*,#3361,.T.);
#3361 = EDGE_CURVE('',#3353,#3362,#3364,.T.);
#3362 = VERTEX_POINT('',#3363);
#3363 = CARTESIAN_POINT('',(-2.4075,-1.2,0.195));
#3364 = LINE('',#3365,#3366);
#3365 = CARTESIAN_POINT('',(-1.95,-1.2,0.195));
#3366 = VECTOR('',#3367,1.);
#3367 = DIRECTION('',(-1.,0.,6.906640467053E-32));
#3368 = ORIENTED_EDGE('',*,*,#3369,.F.);
#3369 = EDGE_CURVE('',#1818,#3362,#3370,.T.);
#3370 = CIRCLE('',#3371,9.75E-02);
#3371 = AXIS2_PLACEMENT_3D('',#3372,#3373,#3374);
#3372 = CARTESIAN_POINT('',(-2.4075,-1.2,0.2925));
#3373 = DIRECTION('',(0.,-1.,0.));
#3374 = DIRECTION('',(-1.,0.,0.));
#3375 = ORIENTED_EDGE('',*,*,#1817,.F.);
#3376 = ORIENTED_EDGE('',*,*,#1481,.F.);
#3377 = ORIENTED_EDGE('',*,*,#3378,.F.);
#3378 = EDGE_CURVE('',#3379,#1474,#3381,.T.);
#3379 = VERTEX_POINT('',#3380);
#3380 = CARTESIAN_POINT('',(-2.505,-1.2,0.2925));
#3381 = CIRCLE('',#3382,9.75E-02);
#3382 = AXIS2_PLACEMENT_3D('',#3383,#3384,#3385);
#3383 = CARTESIAN_POINT('',(-2.4075,-1.2,0.2925));
#3384 = DIRECTION('',(0.,-1.,0.));
#3385 = DIRECTION('',(-1.,0.,0.));
#3386 = ORIENTED_EDGE('',*,*,#3387,.T.);
#3387 = EDGE_CURVE('',#3379,#3388,#3390,.T.);
#3388 = VERTEX_POINT('',#3389);
#3389 = CARTESIAN_POINT('',(-2.505,-1.2,0.7075));
#3390 = LINE('',#3391,#3392);
#3391 = CARTESIAN_POINT('',(-2.505,-1.2,9.75E-02));
#3392 = VECTOR('',#3393,1.);
#3393 = DIRECTION('',(0.,0.,1.));
#3394 = ORIENTED_EDGE('',*,*,#3395,.F.);
#3395 = EDGE_CURVE('',#1640,#3388,#3396,.T.);
#3396 = CIRCLE('',#3397,9.75E-02);
#3397 = AXIS2_PLACEMENT_3D('',#3398,#3399,#3400);
#3398 = CARTESIAN_POINT('',(-2.4075,-1.2,0.7075));
#3399 = DIRECTION('',(0.,-1.,0.));
#3400 = DIRECTION('',(-1.,0.,0.));
#3401 = ORIENTED_EDGE('',*,*,#1637,.F.);
#3402 = ORIENTED_EDGE('',*,*,#3403,.T.);
#3403 = EDGE_CURVE('',#1638,#3404,#3406,.T.);
#3404 = VERTEX_POINT('',#3405);
#3405 = CARTESIAN_POINT('',(-2.6025,-1.2,1.));
#3406 = LINE('',#3407,#3408);
#3407 = CARTESIAN_POINT('',(-1.7,-1.2,1.));
#3408 = VECTOR('',#3409,1.);
#3409 = DIRECTION('',(-1.,0.,0.));
#3410 = ORIENTED_EDGE('',*,*,#3411,.F.);
#3411 = EDGE_CURVE('',#3321,#3404,#3412,.T.);
#3412 = CIRCLE('',#3413,9.75E-02);
#3413 = AXIS2_PLACEMENT_3D('',#3414,#3415,#3416);
#3414 = CARTESIAN_POINT('',(-2.6025,-1.2,0.9025));
#3415 = DIRECTION('',(0.,1.,0.));
#3416 = DIRECTION('',(0.,0.,-1.));
#3417 = PLANE('',#3418);
#3418 = AXIS2_PLACEMENT_3D('',#3419,#3420,#3421);
#3419 = CARTESIAN_POINT('',(-1.7,-1.2,0.));
#3420 = DIRECTION('',(0.,-1.,0.));
#3421 = DIRECTION('',(-1.,0.,0.));
#3422 = ADVANCED_FACE('',(#3423),#3442,.F.);
#3423 = FACE_BOUND('',#3424,.F.);
#3424 = EDGE_LOOP('',(#3425,#3433,#3434,#3435));
#3425 = ORIENTED_EDGE('',*,*,#3426,.F.);
#3426 = EDGE_CURVE('',#3379,#3427,#3429,.T.);
#3427 = VERTEX_POINT('',#3428);
#3428 = CARTESIAN_POINT('',(-2.505,-2.2,0.2925));
#3429 = LINE('',#3430,#3431);
#3430 = CARTESIAN_POINT('',(-2.505,-1.005,0.2925));
#3431 = VECTOR('',#3432,1.);
#3432 = DIRECTION('',(0.,-1.,0.));
#3433 = ORIENTED_EDGE('',*,*,#3378,.T.);
#3434 = ORIENTED_EDGE('',*,*,#1473,.T.);
#3435 = ORIENTED_EDGE('',*,*,#3436,.F.);
#3436 = EDGE_CURVE('',#3427,#1466,#3437,.T.);
#3437 = CIRCLE('',#3438,9.75E-02);
#3438 = AXIS2_PLACEMENT_3D('',#3439,#3440,#3441);
#3439 = CARTESIAN_POINT('',(-2.4075,-2.2,0.2925));
#3440 = DIRECTION('',(0.,-1.,0.));
#3441 = DIRECTION('',(-1.,0.,0.));
#3442 = CYLINDRICAL_SURFACE('',#3443,9.75E-02);
#3443 = AXIS2_PLACEMENT_3D('',#3444,#3445,#3446);
#3444 = CARTESIAN_POINT('',(-2.4075,-1.005,0.2925));
#3445 = DIRECTION('',(0.,-1.,0.));
#3446 = DIRECTION('',(-1.,0.,0.));
#3447 = ADVANCED_FACE('',(#3448),#3542,.F.);
#3448 = FACE_BOUND('',#3449,.F.);
#3449 = EDGE_LOOP('',(#3450,#3461,#3469,#3478,#3484,#3485,#3494,#3500,
    #3501,#3502,#3503,#3512,#3520,#3527,#3528,#3536));
#3450 = ORIENTED_EDGE('',*,*,#3451,.F.);
#3451 = EDGE_CURVE('',#3452,#3454,#3456,.T.);
#3452 = VERTEX_POINT('',#3453);
#3453 = CARTESIAN_POINT('',(-2.7,-2.2,9.75E-02));
#3454 = VERTEX_POINT('',#3455);
#3455 = CARTESIAN_POINT('',(-2.6025,-2.2,-2.775557561563E-17));
#3456 = CIRCLE('',#3457,9.75E-02);
#3457 = AXIS2_PLACEMENT_3D('',#3458,#3459,#3460);
#3458 = CARTESIAN_POINT('',(-2.6025,-2.2,9.75E-02));
#3459 = DIRECTION('',(0.,-1.,0.));
#3460 = DIRECTION('',(0.,0.,-1.));
#3461 = ORIENTED_EDGE('',*,*,#3462,.T.);
#3462 = EDGE_CURVE('',#3452,#3463,#3465,.T.);
#3463 = VERTEX_POINT('',#3464);
#3464 = CARTESIAN_POINT('',(-2.7,-2.2,0.9025));
#3465 = LINE('',#3466,#3467);
#3466 = CARTESIAN_POINT('',(-2.7,-2.2,0.));
#3467 = VECTOR('',#3468,1.);
#3468 = DIRECTION('',(0.,0.,1.));
#3469 = ORIENTED_EDGE('',*,*,#3470,.T.);
#3470 = EDGE_CURVE('',#3463,#3471,#3473,.T.);
#3471 = VERTEX_POINT('',#3472);
#3472 = CARTESIAN_POINT('',(-2.6025,-2.2,1.));
#3473 = CIRCLE('',#3474,9.75E-02);
#3474 = AXIS2_PLACEMENT_3D('',#3475,#3476,#3477);
#3475 = CARTESIAN_POINT('',(-2.6025,-2.2,0.9025));
#3476 = DIRECTION('',(0.,1.,0.));
#3477 = DIRECTION('',(0.,0.,-1.));
#3478 = ORIENTED_EDGE('',*,*,#3479,.T.);
#3479 = EDGE_CURVE('',#3471,#1656,#3480,.T.);
#3480 = LINE('',#3481,#3482);
#3481 = CARTESIAN_POINT('',(-2.7,-2.2,1.));
#3482 = VECTOR('',#3483,1.);
#3483 = DIRECTION('',(1.,0.,0.));
#3484 = ORIENTED_EDGE('',*,*,#1655,.F.);
#3485 = ORIENTED_EDGE('',*,*,#3486,.T.);
#3486 = EDGE_CURVE('',#1648,#3487,#3489,.T.);
#3487 = VERTEX_POINT('',#3488);
#3488 = CARTESIAN_POINT('',(-2.505,-2.2,0.7075));
#3489 = CIRCLE('',#3490,9.75E-02);
#3490 = AXIS2_PLACEMENT_3D('',#3491,#3492,#3493);
#3491 = CARTESIAN_POINT('',(-2.4075,-2.2,0.7075));
#3492 = DIRECTION('',(0.,-1.,0.));
#3493 = DIRECTION('',(-1.,0.,0.));
#3494 = ORIENTED_EDGE('',*,*,#3495,.T.);
#3495 = EDGE_CURVE('',#3487,#3427,#3496,.T.);
#3496 = LINE('',#3497,#3498);
#3497 = CARTESIAN_POINT('',(-2.505,-2.2,9.75E-02));
#3498 = VECTOR('',#3499,1.);
#3499 = DIRECTION('',(0.,0.,-1.));
#3500 = ORIENTED_EDGE('',*,*,#3436,.T.);
#3501 = ORIENTED_EDGE('',*,*,#1465,.F.);
#3502 = ORIENTED_EDGE('',*,*,#1833,.F.);
#3503 = ORIENTED_EDGE('',*,*,#3504,.T.);
#3504 = EDGE_CURVE('',#1826,#3505,#3507,.T.);
#3505 = VERTEX_POINT('',#3506);
#3506 = CARTESIAN_POINT('',(-2.4075,-2.2,0.195));
#3507 = CIRCLE('',#3508,9.75E-02);
#3508 = AXIS2_PLACEMENT_3D('',#3509,#3510,#3511);
#3509 = CARTESIAN_POINT('',(-2.4075,-2.2,0.2925));
#3510 = DIRECTION('',(0.,-1.,0.));
#3511 = DIRECTION('',(-1.,0.,0.));
#3512 = ORIENTED_EDGE('',*,*,#3513,.T.);
#3513 = EDGE_CURVE('',#3505,#3514,#3516,.T.);
#3514 = VERTEX_POINT('',#3515);
#3515 = CARTESIAN_POINT('',(-1.9925,-2.2,0.195));
#3516 = LINE('',#3517,#3518);
#3517 = CARTESIAN_POINT('',(-2.45,-2.2,0.195));
#3518 = VECTOR('',#3519,1.);
#3519 = DIRECTION('',(1.,0.,-6.906640467053E-32));
#3520 = ORIENTED_EDGE('',*,*,#3521,.F.);
#3521 = EDGE_CURVE('',#1886,#3514,#3522,.T.);
#3522 = CIRCLE('',#3523,9.75E-02);
#3523 = AXIS2_PLACEMENT_3D('',#3524,#3525,#3526);
#3524 = CARTESIAN_POINT('',(-1.9925,-2.2,0.2925));
#3525 = DIRECTION('',(0.,1.,0.));
#3526 = DIRECTION('',(-6.906640467053E-32,0.,-1.));
#3527 = ORIENTED_EDGE('',*,*,#1885,.F.);
#3528 = ORIENTED_EDGE('',*,*,#3529,.F.);
#3529 = EDGE_CURVE('',#3530,#1878,#3532,.T.);
#3530 = VERTEX_POINT('',#3531);
#3531 = CARTESIAN_POINT('',(-1.7,-2.2,0.));
#3532 = LINE('',#3533,#3534);
#3533 = CARTESIAN_POINT('',(-1.7,-2.2,0.));
#3534 = VECTOR('',#3535,1.);
#3535 = DIRECTION('',(0.,0.,1.));
#3536 = ORIENTED_EDGE('',*,*,#3537,.F.);
#3537 = EDGE_CURVE('',#3454,#3530,#3538,.T.);
#3538 = LINE('',#3539,#3540);
#3539 = CARTESIAN_POINT('',(-2.7,-2.2,0.));
#3540 = VECTOR('',#3541,1.);
#3541 = DIRECTION('',(1.,0.,0.));
#3542 = PLANE('',#3543);
#3543 = AXIS2_PLACEMENT_3D('',#3544,#3545,#3546);
#3544 = CARTESIAN_POINT('',(-2.7,-2.2,0.));
#3545 = DIRECTION('',(0.,1.,0.));
#3546 = DIRECTION('',(1.,0.,0.));
#3547 = ADVANCED_FACE('',(#3548),#3559,.T.);
#3548 = FACE_BOUND('',#3549,.T.);
#3549 = EDGE_LOOP('',(#3550,#3556,#3557,#3558));
#3550 = ORIENTED_EDGE('',*,*,#3551,.T.);
#3551 = EDGE_CURVE('',#2938,#3005,#3552,.T.);
#3552 = LINE('',#3553,#3554);
#3553 = CARTESIAN_POINT('',(-2.6025,2.2,1.));
#3554 = VECTOR('',#3555,1.);
#3555 = DIRECTION('',(0.,-1.,0.));
#3556 = ORIENTED_EDGE('',*,*,#3013,.T.);
#3557 = ORIENTED_EDGE('',*,*,#1569,.F.);
#3558 = ORIENTED_EDGE('',*,*,#2937,.T.);
#3559 = PLANE('',#3560);
#3560 = AXIS2_PLACEMENT_3D('',#3561,#3562,#3563);
#3561 = CARTESIAN_POINT('',(-2.2,1.7,1.));
#3562 = DIRECTION('',(0.,0.,1.));
#3563 = DIRECTION('',(1.,0.,-0.));
#3564 = ADVANCED_FACE('',(#3565),#3576,.F.);
#3565 = FACE_BOUND('',#3566,.F.);
#3566 = EDGE_LOOP('',(#3567,#3573,#3574,#3575));
#3567 = ORIENTED_EDGE('',*,*,#3568,.T.);
#3568 = EDGE_CURVE('',#2922,#3021,#3569,.T.);
#3569 = LINE('',#3570,#3571);
#3570 = CARTESIAN_POINT('',(-2.505,2.395,0.7075));
#3571 = VECTOR('',#3572,1.);
#3572 = DIRECTION('',(0.,-1.,0.));
#3573 = ORIENTED_EDGE('',*,*,#3020,.F.);
#3574 = ORIENTED_EDGE('',*,*,#1587,.F.);
#3575 = ORIENTED_EDGE('',*,*,#2929,.T.);
#3576 = CYLINDRICAL_SURFACE('',#3577,9.75E-02);
#3577 = AXIS2_PLACEMENT_3D('',#3578,#3579,#3580);
#3578 = CARTESIAN_POINT('',(-2.4075,2.395,0.7075));
#3579 = DIRECTION('',(0.,-1.,0.));
#3580 = DIRECTION('',(-1.,0.,0.));
#3581 = ADVANCED_FACE('',(#3582),#3593,.T.);
#3582 = FACE_BOUND('',#3583,.T.);
#3583 = EDGE_LOOP('',(#3584,#3590,#3591,#3592));
#3584 = ORIENTED_EDGE('',*,*,#3585,.T.);
#3585 = EDGE_CURVE('',#3171,#3238,#3586,.T.);
#3586 = LINE('',#3587,#3588);
#3587 = CARTESIAN_POINT('',(-2.6025,0.5,1.));
#3588 = VECTOR('',#3589,1.);
#3589 = DIRECTION('',(0.,-1.,0.));
#3590 = ORIENTED_EDGE('',*,*,#3246,.T.);
#3591 = ORIENTED_EDGE('',*,*,#1603,.F.);
#3592 = ORIENTED_EDGE('',*,*,#3170,.T.);
#3593 = PLANE('',#3594);
#3594 = AXIS2_PLACEMENT_3D('',#3595,#3596,#3597);
#3595 = CARTESIAN_POINT('',(-2.2,0.,1.));
#3596 = DIRECTION('',(0.,0.,1.));
#3597 = DIRECTION('',(1.,0.,-0.));
#3598 = ADVANCED_FACE('',(#3599),#3610,.F.);
#3599 = FACE_BOUND('',#3600,.F.);
#3600 = EDGE_LOOP('',(#3601,#3607,#3608,#3609));
#3601 = ORIENTED_EDGE('',*,*,#3602,.T.);
#3602 = EDGE_CURVE('',#3155,#3254,#3603,.T.);
#3603 = LINE('',#3604,#3605);
#3604 = CARTESIAN_POINT('',(-2.505,0.695,0.7075));
#3605 = VECTOR('',#3606,1.);
#3606 = DIRECTION('',(0.,-1.,0.));
#3607 = ORIENTED_EDGE('',*,*,#3253,.F.);
#3608 = ORIENTED_EDGE('',*,*,#1621,.F.);
#3609 = ORIENTED_EDGE('',*,*,#3162,.T.);
#3610 = CYLINDRICAL_SURFACE('',#3611,9.75E-02);
#3611 = AXIS2_PLACEMENT_3D('',#3612,#3613,#3614);
#3612 = CARTESIAN_POINT('',(-2.4075,0.695,0.7075));
#3613 = DIRECTION('',(0.,-1.,0.));
#3614 = DIRECTION('',(-1.,0.,0.));
#3615 = ADVANCED_FACE('',(#3616),#3627,.T.);
#3616 = FACE_BOUND('',#3617,.T.);
#3617 = EDGE_LOOP('',(#3618,#3624,#3625,#3626));
#3618 = ORIENTED_EDGE('',*,*,#3619,.T.);
#3619 = EDGE_CURVE('',#3404,#3471,#3620,.T.);
#3620 = LINE('',#3621,#3622);
#3621 = CARTESIAN_POINT('',(-2.6025,-1.2,1.));
#3622 = VECTOR('',#3623,1.);
#3623 = DIRECTION('',(0.,-1.,0.));
#3624 = ORIENTED_EDGE('',*,*,#3479,.T.);
#3625 = ORIENTED_EDGE('',*,*,#1663,.F.);
#3626 = ORIENTED_EDGE('',*,*,#3403,.T.);
#3627 = PLANE('',#3628);
#3628 = AXIS2_PLACEMENT_3D('',#3629,#3630,#3631);
#3629 = CARTESIAN_POINT('',(-2.2,-1.7,1.));
#3630 = DIRECTION('',(0.,0.,1.));
#3631 = DIRECTION('',(1.,0.,-0.));
#3632 = ADVANCED_FACE('',(#3633),#3644,.F.);
#3633 = FACE_BOUND('',#3634,.F.);
#3634 = EDGE_LOOP('',(#3635,#3641,#3642,#3643));
#3635 = ORIENTED_EDGE('',*,*,#3636,.T.);
#3636 = EDGE_CURVE('',#3388,#3487,#3637,.T.);
#3637 = LINE('',#3638,#3639);
#3638 = CARTESIAN_POINT('',(-2.505,-1.005,0.7075));
#3639 = VECTOR('',#3640,1.);
#3640 = DIRECTION('',(0.,-1.,0.));
#3641 = ORIENTED_EDGE('',*,*,#3486,.F.);
#3642 = ORIENTED_EDGE('',*,*,#1647,.F.);
#3643 = ORIENTED_EDGE('',*,*,#3395,.T.);
#3644 = CYLINDRICAL_SURFACE('',#3645,9.75E-02);
#3645 = AXIS2_PLACEMENT_3D('',#3646,#3647,#3648);
#3646 = CARTESIAN_POINT('',(-2.4075,-1.005,0.7075));
#3647 = DIRECTION('',(0.,-1.,0.));
#3648 = DIRECTION('',(-1.,0.,0.));
#3649 = ADVANCED_FACE('',(#3650),#3661,.F.);
#3650 = FACE_BOUND('',#3651,.F.);
#3651 = EDGE_LOOP('',(#3652,#3653,#3654,#3660));
#3652 = ORIENTED_EDGE('',*,*,#1825,.F.);
#3653 = ORIENTED_EDGE('',*,*,#3369,.T.);
#3654 = ORIENTED_EDGE('',*,*,#3655,.T.);
#3655 = EDGE_CURVE('',#3362,#3505,#3656,.T.);
#3656 = LINE('',#3657,#3658);
#3657 = CARTESIAN_POINT('',(-2.4075,-1.005,0.195));
#3658 = VECTOR('',#3659,1.);
#3659 = DIRECTION('',(0.,-1.,0.));
#3660 = ORIENTED_EDGE('',*,*,#3504,.F.);
#3661 = CYLINDRICAL_SURFACE('',#3662,9.75E-02);
#3662 = AXIS2_PLACEMENT_3D('',#3663,#3664,#3665);
#3663 = CARTESIAN_POINT('',(-2.4075,-1.005,0.2925));
#3664 = DIRECTION('',(0.,-1.,0.));
#3665 = DIRECTION('',(-1.,0.,0.));
#3666 = ADVANCED_FACE('',(#3667),#3678,.F.);
#3667 = FACE_BOUND('',#3668,.F.);
#3668 = EDGE_LOOP('',(#3669,#3670,#3671,#3677));
#3669 = ORIENTED_EDGE('',*,*,#1802,.F.);
#3670 = ORIENTED_EDGE('',*,*,#3136,.T.);
#3671 = ORIENTED_EDGE('',*,*,#3672,.T.);
#3672 = EDGE_CURVE('',#3129,#3272,#3673,.T.);
#3673 = LINE('',#3674,#3675);
#3674 = CARTESIAN_POINT('',(-2.4075,0.695,0.195));
#3675 = VECTOR('',#3676,1.);
#3676 = DIRECTION('',(0.,-1.,0.));
#3677 = ORIENTED_EDGE('',*,*,#3271,.F.);
#3678 = CYLINDRICAL_SURFACE('',#3679,9.75E-02);
#3679 = AXIS2_PLACEMENT_3D('',#3680,#3681,#3682);
#3680 = CARTESIAN_POINT('',(-2.4075,0.695,0.2925));
#3681 = DIRECTION('',(0.,-1.,0.));
#3682 = DIRECTION('',(-1.,0.,0.));
#3683 = ADVANCED_FACE('',(#3684),#3695,.F.);
#3684 = FACE_BOUND('',#3685,.F.);
#3685 = EDGE_LOOP('',(#3686,#3687,#3688,#3694));
#3686 = ORIENTED_EDGE('',*,*,#1779,.F.);
#3687 = ORIENTED_EDGE('',*,*,#2903,.T.);
#3688 = ORIENTED_EDGE('',*,*,#3689,.T.);
#3689 = EDGE_CURVE('',#2896,#3039,#3690,.T.);
#3690 = LINE('',#3691,#3692);
#3691 = CARTESIAN_POINT('',(-2.4075,2.395,0.195));
#3692 = VECTOR('',#3693,1.);
#3693 = DIRECTION('',(0.,-1.,0.));
#3694 = ORIENTED_EDGE('',*,*,#3038,.F.);
#3695 = CYLINDRICAL_SURFACE('',#3696,9.75E-02);
#3696 = AXIS2_PLACEMENT_3D('',#3697,#3698,#3699);
#3697 = CARTESIAN_POINT('',(-2.4075,2.395,0.2925));
#3698 = DIRECTION('',(0.,-1.,0.));
#3699 = DIRECTION('',(-1.,0.,0.));
#3700 = ADVANCED_FACE('',(#3701),#3712,.F.);
#3701 = FACE_BOUND('',#3702,.F.);
#3702 = EDGE_LOOP('',(#3703,#3704,#3705,#3706));
#3703 = ORIENTED_EDGE('',*,*,#2703,.F.);
#3704 = ORIENTED_EDGE('',*,*,#1754,.F.);
#3705 = ORIENTED_EDGE('',*,*,#2568,.T.);
#3706 = ORIENTED_EDGE('',*,*,#3707,.T.);
#3707 = EDGE_CURVE('',#2561,#2704,#3708,.T.);
#3708 = LINE('',#3709,#3710);
#3709 = CARTESIAN_POINT('',(2.4075,1.005,0.195));
#3710 = VECTOR('',#3711,1.);
#3711 = DIRECTION('',(0.,1.,0.));
#3712 = CYLINDRICAL_SURFACE('',#3713,9.75E-02);
#3713 = AXIS2_PLACEMENT_3D('',#3714,#3715,#3716);
#3714 = CARTESIAN_POINT('',(2.4075,1.005,0.2925));
#3715 = DIRECTION('',(0.,1.,0.));
#3716 = DIRECTION('',(6.906640467053E-32,0.,-1.));
#3717 = ADVANCED_FACE('',(#3718),#3729,.F.);
#3718 = FACE_BOUND('',#3719,.F.);
#3719 = EDGE_LOOP('',(#3720,#3721,#3722,#3723));
#3720 = ORIENTED_EDGE('',*,*,#2470,.F.);
#3721 = ORIENTED_EDGE('',*,*,#1731,.F.);
#3722 = ORIENTED_EDGE('',*,*,#2335,.T.);
#3723 = ORIENTED_EDGE('',*,*,#3724,.T.);
#3724 = EDGE_CURVE('',#2328,#2471,#3725,.T.);
#3725 = LINE('',#3726,#3727);
#3726 = CARTESIAN_POINT('',(2.4075,-0.695,0.195));
#3727 = VECTOR('',#3728,1.);
#3728 = DIRECTION('',(0.,1.,0.));
#3729 = CYLINDRICAL_SURFACE('',#3730,9.75E-02);
#3730 = AXIS2_PLACEMENT_3D('',#3731,#3732,#3733);
#3731 = CARTESIAN_POINT('',(2.4075,-0.695,0.2925));
#3732 = DIRECTION('',(0.,1.,0.));
#3733 = DIRECTION('',(6.906640467053E-32,0.,-1.));
#3734 = ADVANCED_FACE('',(#3735),#3746,.F.);
#3735 = FACE_BOUND('',#3736,.F.);
#3736 = EDGE_LOOP('',(#3737,#3738,#3739,#3740));
#3737 = ORIENTED_EDGE('',*,*,#2237,.F.);
#3738 = ORIENTED_EDGE('',*,*,#1708,.F.);
#3739 = ORIENTED_EDGE('',*,*,#2102,.T.);
#3740 = ORIENTED_EDGE('',*,*,#3741,.T.);
#3741 = EDGE_CURVE('',#2095,#2238,#3742,.T.);
#3742 = LINE('',#3743,#3744);
#3743 = CARTESIAN_POINT('',(2.4075,-2.395,0.195));
#3744 = VECTOR('',#3745,1.);
#3745 = DIRECTION('',(0.,1.,0.));
#3746 = CYLINDRICAL_SURFACE('',#3747,9.75E-02);
#3747 = AXIS2_PLACEMENT_3D('',#3748,#3749,#3750);
#3748 = CARTESIAN_POINT('',(2.4075,-2.395,0.2925));
#3749 = DIRECTION('',(0.,1.,0.));
#3750 = DIRECTION('',(6.906640467053E-32,0.,-1.));
#3751 = ADVANCED_FACE('',(#3752),#3763,.F.);
#3752 = FACE_BOUND('',#3753,.F.);
#3753 = EDGE_LOOP('',(#3754,#3755,#3756,#3762));
#3754 = ORIENTED_EDGE('',*,*,#1841,.F.);
#3755 = ORIENTED_EDGE('',*,*,#2254,.T.);
#3756 = ORIENTED_EDGE('',*,*,#3757,.T.);
#3757 = EDGE_CURVE('',#2247,#2086,#3758,.T.);
#3758 = LINE('',#3759,#3760);
#3759 = CARTESIAN_POINT('',(1.9925,-1.005,0.195));
#3760 = VECTOR('',#3761,1.);
#3761 = DIRECTION('',(0.,-1.,0.));
#3762 = ORIENTED_EDGE('',*,*,#2085,.F.);
#3763 = CYLINDRICAL_SURFACE('',#3764,9.75E-02);
#3764 = AXIS2_PLACEMENT_3D('',#3765,#3766,#3767);
#3765 = CARTESIAN_POINT('',(1.9925,-1.005,0.2925));
#3766 = DIRECTION('',(0.,-1.,0.));
#3767 = DIRECTION('',(-1.,0.,0.));
#3768 = ADVANCED_FACE('',(#3769),#3780,.F.);
#3769 = FACE_BOUND('',#3770,.F.);
#3770 = EDGE_LOOP('',(#3771,#3777,#3778,#3779));
#3771 = ORIENTED_EDGE('',*,*,#3772,.F.);
#3772 = EDGE_CURVE('',#2263,#2071,#3773,.T.);
#3773 = LINE('',#3774,#3775);
#3774 = CARTESIAN_POINT('',(1.7,-1.2,0.));
#3775 = VECTOR('',#3776,1.);
#3776 = DIRECTION('',(0.,-1.,0.));
#3777 = ORIENTED_EDGE('',*,*,#2262,.T.);
#3778 = ORIENTED_EDGE('',*,*,#1859,.F.);
#3779 = ORIENTED_EDGE('',*,*,#2078,.F.);
#3780 = PLANE('',#3781);
#3781 = AXIS2_PLACEMENT_3D('',#3782,#3783,#3784);
#3782 = CARTESIAN_POINT('',(1.7,-1.2,0.));
#3783 = DIRECTION('',(1.,0.,0.));
#3784 = DIRECTION('',(0.,-1.,0.));
#3785 = ADVANCED_FACE('',(#3786),#3797,.F.);
#3786 = FACE_BOUND('',#3787,.F.);
#3787 = EDGE_LOOP('',(#3788,#3794,#3795,#3796));
#3788 = ORIENTED_EDGE('',*,*,#3789,.F.);
#3789 = EDGE_CURVE('',#3530,#3338,#3790,.T.);
#3790 = LINE('',#3791,#3792);
#3791 = CARTESIAN_POINT('',(-1.7,-2.2,0.));
#3792 = VECTOR('',#3793,1.);
#3793 = DIRECTION('',(0.,1.,0.));
#3794 = ORIENTED_EDGE('',*,*,#3529,.T.);
#3795 = ORIENTED_EDGE('',*,*,#1875,.F.);
#3796 = ORIENTED_EDGE('',*,*,#3345,.F.);
#3797 = PLANE('',#3798);
#3798 = AXIS2_PLACEMENT_3D('',#3799,#3800,#3801);
#3799 = CARTESIAN_POINT('',(-1.7,-2.2,0.));
#3800 = DIRECTION('',(-1.,0.,0.));
#3801 = DIRECTION('',(0.,1.,0.));
#3802 = ADVANCED_FACE('',(#3803),#3814,.F.);
#3803 = FACE_BOUND('',#3804,.F.);
#3804 = EDGE_LOOP('',(#3805,#3806,#3807,#3808));
#3805 = ORIENTED_EDGE('',*,*,#3352,.F.);
#3806 = ORIENTED_EDGE('',*,*,#1893,.F.);
#3807 = ORIENTED_EDGE('',*,*,#3521,.T.);
#3808 = ORIENTED_EDGE('',*,*,#3809,.T.);
#3809 = EDGE_CURVE('',#3514,#3353,#3810,.T.);
#3810 = LINE('',#3811,#3812);
#3811 = CARTESIAN_POINT('',(-1.9925,-2.395,0.195));
#3812 = VECTOR('',#3813,1.);
#3813 = DIRECTION('',(0.,1.,0.));
#3814 = CYLINDRICAL_SURFACE('',#3815,9.75E-02);
#3815 = AXIS2_PLACEMENT_3D('',#3816,#3817,#3818);
#3816 = CARTESIAN_POINT('',(-1.9925,-2.395,0.2925));
#3817 = DIRECTION('',(0.,1.,0.));
#3818 = DIRECTION('',(-6.906640467053E-32,0.,-1.));
#3819 = ADVANCED_FACE('',(#3820),#3831,.F.);
#3820 = FACE_BOUND('',#3821,.F.);
#3821 = EDGE_LOOP('',(#3822,#3823,#3824,#3825));
#3822 = ORIENTED_EDGE('',*,*,#2886,.F.);
#3823 = ORIENTED_EDGE('',*,*,#1909,.F.);
#3824 = ORIENTED_EDGE('',*,*,#3055,.T.);
#3825 = ORIENTED_EDGE('',*,*,#3826,.T.);
#3826 = EDGE_CURVE('',#3048,#2887,#3827,.T.);
#3827 = LINE('',#3828,#3829);
#3828 = CARTESIAN_POINT('',(-1.9925,1.005,0.195));
#3829 = VECTOR('',#3830,1.);
#3830 = DIRECTION('',(0.,1.,0.));
#3831 = CYLINDRICAL_SURFACE('',#3832,9.75E-02);
#3832 = AXIS2_PLACEMENT_3D('',#3833,#3834,#3835);
#3833 = CARTESIAN_POINT('',(-1.9925,1.005,0.2925));
#3834 = DIRECTION('',(0.,1.,0.));
#3835 = DIRECTION('',(-6.906640467053E-32,0.,-1.));
#3836 = ADVANCED_FACE('',(#3837),#3848,.F.);
#3837 = FACE_BOUND('',#3838,.F.);
#3838 = EDGE_LOOP('',(#3839,#3845,#3846,#3847));
#3839 = ORIENTED_EDGE('',*,*,#3840,.F.);
#3840 = EDGE_CURVE('',#3064,#2872,#3841,.T.);
#3841 = LINE('',#3842,#3843);
#3842 = CARTESIAN_POINT('',(-1.7,1.2,0.));
#3843 = VECTOR('',#3844,1.);
#3844 = DIRECTION('',(0.,1.,0.));
#3845 = ORIENTED_EDGE('',*,*,#3063,.T.);
#3846 = ORIENTED_EDGE('',*,*,#1927,.F.);
#3847 = ORIENTED_EDGE('',*,*,#2879,.F.);
#3848 = PLANE('',#3849);
#3849 = AXIS2_PLACEMENT_3D('',#3850,#3851,#3852);
#3850 = CARTESIAN_POINT('',(-1.7,1.2,0.));
#3851 = DIRECTION('',(-1.,0.,0.));
#3852 = DIRECTION('',(0.,1.,0.));
#3853 = ADVANCED_FACE('',(#3854),#3865,.F.);
#3854 = FACE_BOUND('',#3855,.F.);
#3855 = EDGE_LOOP('',(#3856,#3857,#3858,#3859));
#3856 = ORIENTED_EDGE('',*,*,#3119,.F.);
#3857 = ORIENTED_EDGE('',*,*,#1943,.F.);
#3858 = ORIENTED_EDGE('',*,*,#3288,.T.);
#3859 = ORIENTED_EDGE('',*,*,#3860,.T.);
#3860 = EDGE_CURVE('',#3281,#3120,#3861,.T.);
#3861 = LINE('',#3862,#3863);
#3862 = CARTESIAN_POINT('',(-1.9925,-0.695,0.195));
#3863 = VECTOR('',#3864,1.);
#3864 = DIRECTION('',(0.,1.,0.));
#3865 = CYLINDRICAL_SURFACE('',#3866,9.75E-02);
#3866 = AXIS2_PLACEMENT_3D('',#3867,#3868,#3869);
#3867 = CARTESIAN_POINT('',(-1.9925,-0.695,0.2925));
#3868 = DIRECTION('',(0.,1.,0.));
#3869 = DIRECTION('',(-6.906640467053E-32,0.,-1.));
#3870 = ADVANCED_FACE('',(#3871),#3882,.F.);
#3871 = FACE_BOUND('',#3872,.F.);
#3872 = EDGE_LOOP('',(#3873,#3879,#3880,#3881));
#3873 = ORIENTED_EDGE('',*,*,#3874,.F.);
#3874 = EDGE_CURVE('',#3297,#3105,#3875,.T.);
#3875 = LINE('',#3876,#3877);
#3876 = CARTESIAN_POINT('',(-1.7,-0.5,0.));
#3877 = VECTOR('',#3878,1.);
#3878 = DIRECTION('',(0.,1.,0.));
#3879 = ORIENTED_EDGE('',*,*,#3296,.T.);
#3880 = ORIENTED_EDGE('',*,*,#1961,.F.);
#3881 = ORIENTED_EDGE('',*,*,#3112,.F.);
#3882 = PLANE('',#3883);
#3883 = AXIS2_PLACEMENT_3D('',#3884,#3885,#3886);
#3884 = CARTESIAN_POINT('',(-1.7,-0.5,0.));
#3885 = DIRECTION('',(-1.,0.,0.));
#3886 = DIRECTION('',(0.,1.,0.));
#3887 = ADVANCED_FACE('',(#3888),#3899,.F.);
#3888 = FACE_BOUND('',#3889,.F.);
#3889 = EDGE_LOOP('',(#3890,#3891,#3892,#3898));
#3890 = ORIENTED_EDGE('',*,*,#1977,.F.);
#3891 = ORIENTED_EDGE('',*,*,#2720,.T.);
#3892 = ORIENTED_EDGE('',*,*,#3893,.T.);
#3893 = EDGE_CURVE('',#2713,#2552,#3894,.T.);
#3894 = LINE('',#3895,#3896);
#3895 = CARTESIAN_POINT('',(1.9925,2.395,0.195));
#3896 = VECTOR('',#3897,1.);
#3897 = DIRECTION('',(0.,-1.,0.));
#3898 = ORIENTED_EDGE('',*,*,#2551,.F.);
#3899 = CYLINDRICAL_SURFACE('',#3900,9.75E-02);
#3900 = AXIS2_PLACEMENT_3D('',#3901,#3902,#3903);
#3901 = CARTESIAN_POINT('',(1.9925,2.395,0.2925));
#3902 = DIRECTION('',(0.,-1.,0.));
#3903 = DIRECTION('',(-1.,0.,0.));
#3904 = ADVANCED_FACE('',(#3905),#3916,.F.);
#3905 = FACE_BOUND('',#3906,.F.);
#3906 = EDGE_LOOP('',(#3907,#3913,#3914,#3915));
#3907 = ORIENTED_EDGE('',*,*,#3908,.F.);
#3908 = EDGE_CURVE('',#2729,#2537,#3909,.T.);
#3909 = LINE('',#3910,#3911);
#3910 = CARTESIAN_POINT('',(1.7,2.2,0.));
#3911 = VECTOR('',#3912,1.);
#3912 = DIRECTION('',(0.,-1.,0.));
#3913 = ORIENTED_EDGE('',*,*,#2728,.T.);
#3914 = ORIENTED_EDGE('',*,*,#1995,.F.);
#3915 = ORIENTED_EDGE('',*,*,#2544,.F.);
#3916 = PLANE('',#3917);
#3917 = AXIS2_PLACEMENT_3D('',#3918,#3919,#3920);
#3918 = CARTESIAN_POINT('',(1.7,2.2,0.));
#3919 = DIRECTION('',(1.,0.,0.));
#3920 = DIRECTION('',(0.,-1.,0.));
#3921 = ADVANCED_FACE('',(#3922),#3933,.F.);
#3922 = FACE_BOUND('',#3923,.F.);
#3923 = EDGE_LOOP('',(#3924,#3930,#3931,#3932));
#3924 = ORIENTED_EDGE('',*,*,#3925,.F.);
#3925 = EDGE_CURVE('',#2496,#2304,#3926,.T.);
#3926 = LINE('',#3927,#3928);
#3927 = CARTESIAN_POINT('',(1.7,0.5,0.));
#3928 = VECTOR('',#3929,1.);
#3929 = DIRECTION('',(0.,-1.,0.));
#3930 = ORIENTED_EDGE('',*,*,#2495,.T.);
#3931 = ORIENTED_EDGE('',*,*,#2011,.F.);
#3932 = ORIENTED_EDGE('',*,*,#2311,.F.);
#3933 = PLANE('',#3934);
#3934 = AXIS2_PLACEMENT_3D('',#3935,#3936,#3937);
#3935 = CARTESIAN_POINT('',(1.7,0.5,0.));
#3936 = DIRECTION('',(1.,0.,0.));
#3937 = DIRECTION('',(0.,-1.,0.));
#3938 = ADVANCED_FACE('',(#3939),#3950,.F.);
#3939 = FACE_BOUND('',#3940,.F.);
#3940 = EDGE_LOOP('',(#3941,#3942,#3943,#3949));
#3941 = ORIENTED_EDGE('',*,*,#2029,.F.);
#3942 = ORIENTED_EDGE('',*,*,#2487,.T.);
#3943 = ORIENTED_EDGE('',*,*,#3944,.T.);
#3944 = EDGE_CURVE('',#2480,#2319,#3945,.T.);
#3945 = LINE('',#3946,#3947);
#3946 = CARTESIAN_POINT('',(1.9925,0.695,0.195));
#3947 = VECTOR('',#3948,1.);
#3948 = DIRECTION('',(0.,-1.,0.));
#3949 = ORIENTED_EDGE('',*,*,#2318,.F.);
#3950 = CYLINDRICAL_SURFACE('',#3951,9.75E-02);
#3951 = AXIS2_PLACEMENT_3D('',#3952,#3953,#3954);
#3952 = CARTESIAN_POINT('',(1.9925,0.695,0.2925));
#3953 = DIRECTION('',(0.,-1.,0.));
#3954 = DIRECTION('',(-1.,0.,0.));
#3955 = ADVANCED_FACE('',(#3956),#3972,.F.);
#3956 = FACE_BOUND('',#3957,.F.);
#3957 = EDGE_LOOP('',(#3958,#3959,#3965,#3966));
#3958 = ORIENTED_EDGE('',*,*,#2051,.T.);
#3959 = ORIENTED_EDGE('',*,*,#3960,.T.);
#3960 = EDGE_CURVE('',#2054,#2196,#3961,.T.);
#3961 = LINE('',#3962,#3963);
#3962 = CARTESIAN_POINT('',(2.7,-2.2,0.9025));
#3963 = VECTOR('',#3964,1.);
#3964 = DIRECTION('',(0.,1.,0.));
#3965 = ORIENTED_EDGE('',*,*,#2195,.F.);
#3966 = ORIENTED_EDGE('',*,*,#3967,.F.);
#3967 = EDGE_CURVE('',#2052,#2185,#3968,.T.);
#3968 = LINE('',#3969,#3970);
#3969 = CARTESIAN_POINT('',(2.7,-2.2,9.75E-02));
#3970 = VECTOR('',#3971,1.);
#3971 = DIRECTION('',(0.,1.,0.));
#3972 = PLANE('',#3973);
#3973 = AXIS2_PLACEMENT_3D('',#3974,#3975,#3976);
#3974 = CARTESIAN_POINT('',(2.7,-2.2,0.));
#3975 = DIRECTION('',(-1.,0.,0.));
#3976 = DIRECTION('',(0.,1.,0.));
#3977 = ADVANCED_FACE('',(#3978),#3984,.T.);
#3978 = FACE_BOUND('',#3979,.T.);
#3979 = EDGE_LOOP('',(#3980,#3981,#3982,#3983));
#3980 = ORIENTED_EDGE('',*,*,#2144,.T.);
#3981 = ORIENTED_EDGE('',*,*,#3960,.T.);
#3982 = ORIENTED_EDGE('',*,*,#2203,.F.);
#3983 = ORIENTED_EDGE('',*,*,#2752,.F.);
#3984 = CYLINDRICAL_SURFACE('',#3985,9.75E-02);
#3985 = AXIS2_PLACEMENT_3D('',#3986,#3987,#3988);
#3986 = CARTESIAN_POINT('',(2.6025,-2.2,0.9025));
#3987 = DIRECTION('',(0.,1.,0.));
#3988 = DIRECTION('',(0.,-0.,1.));
#3989 = ADVANCED_FACE('',(#3990),#3996,.T.);
#3990 = FACE_BOUND('',#3991,.T.);
#3991 = EDGE_LOOP('',(#3992,#3993,#3994,#3995));
#3992 = ORIENTED_EDGE('',*,*,#2168,.F.);
#3993 = ORIENTED_EDGE('',*,*,#2120,.T.);
#3994 = ORIENTED_EDGE('',*,*,#2767,.T.);
#3995 = ORIENTED_EDGE('',*,*,#2228,.T.);
#3996 = PLANE('',#3997);
#3997 = AXIS2_PLACEMENT_3D('',#3998,#3999,#4000);
#3998 = CARTESIAN_POINT('',(2.505,-2.395,0.195));
#3999 = DIRECTION('',(-1.,0.,0.));
#4000 = DIRECTION('',(0.,1.,0.));
#4001 = ADVANCED_FACE('',(#4002),#4008,.T.);
#4002 = FACE_BOUND('',#4003,.T.);
#4003 = EDGE_LOOP('',(#4004,#4005,#4006,#4007));
#4004 = ORIENTED_EDGE('',*,*,#2094,.T.);
#4005 = ORIENTED_EDGE('',*,*,#3741,.T.);
#4006 = ORIENTED_EDGE('',*,*,#2246,.T.);
#4007 = ORIENTED_EDGE('',*,*,#3757,.T.);
#4008 = PLANE('',#4009);
#4009 = AXIS2_PLACEMENT_3D('',#4010,#4011,#4012);
#4010 = CARTESIAN_POINT('',(2.2,-1.7,0.195));
#4011 = DIRECTION('',(-6.906640467053E-32,2.660277333254E-32,1.));
#4012 = DIRECTION('',(1.,0.,6.906640467053E-32));
#4013 = ADVANCED_FACE('',(#4014),#4025,.F.);
#4014 = FACE_BOUND('',#4015,.F.);
#4015 = EDGE_LOOP('',(#4016,#4017,#4023,#4024));
#4016 = ORIENTED_EDGE('',*,*,#2070,.T.);
#4017 = ORIENTED_EDGE('',*,*,#4018,.T.);
#4018 = EDGE_CURVE('',#2062,#2187,#4019,.T.);
#4019 = LINE('',#4020,#4021);
#4020 = CARTESIAN_POINT('',(2.6025,-2.2,-2.775557561563E-17));
#4021 = VECTOR('',#4022,1.);
#4022 = DIRECTION('',(0.,1.,0.));
#4023 = ORIENTED_EDGE('',*,*,#2270,.T.);
#4024 = ORIENTED_EDGE('',*,*,#3772,.T.);
#4025 = PLANE('',#4026);
#4026 = AXIS2_PLACEMENT_3D('',#4027,#4028,#4029);
#4027 = CARTESIAN_POINT('',(2.2,-1.7,0.));
#4028 = DIRECTION('',(0.,0.,1.));
#4029 = DIRECTION('',(1.,0.,-0.));
#4030 = ADVANCED_FACE('',(#4031),#4037,.T.);
#4031 = FACE_BOUND('',#4032,.T.);
#4032 = EDGE_LOOP('',(#4033,#4034,#4035,#4036));
#4033 = ORIENTED_EDGE('',*,*,#2061,.T.);
#4034 = ORIENTED_EDGE('',*,*,#4018,.T.);
#4035 = ORIENTED_EDGE('',*,*,#2184,.F.);
#4036 = ORIENTED_EDGE('',*,*,#3967,.F.);
#4037 = CYLINDRICAL_SURFACE('',#4038,9.75E-02);
#4038 = AXIS2_PLACEMENT_3D('',#4039,#4040,#4041);
#4039 = CARTESIAN_POINT('',(2.6025,-2.2,9.75E-02));
#4040 = DIRECTION('',(0.,1.,0.));
#4041 = DIRECTION('',(1.,0.,0.));
#4042 = ADVANCED_FACE('',(#4043),#4059,.F.);
#4043 = FACE_BOUND('',#4044,.F.);
#4044 = EDGE_LOOP('',(#4045,#4046,#4052,#4053));
#4045 = ORIENTED_EDGE('',*,*,#2284,.T.);
#4046 = ORIENTED_EDGE('',*,*,#4047,.T.);
#4047 = EDGE_CURVE('',#2287,#2429,#4048,.T.);
#4048 = LINE('',#4049,#4050);
#4049 = CARTESIAN_POINT('',(2.7,-0.5,0.9025));
#4050 = VECTOR('',#4051,1.);
#4051 = DIRECTION('',(0.,1.,0.));
#4052 = ORIENTED_EDGE('',*,*,#2428,.F.);
#4053 = ORIENTED_EDGE('',*,*,#4054,.F.);
#4054 = EDGE_CURVE('',#2285,#2418,#4055,.T.);
#4055 = LINE('',#4056,#4057);
#4056 = CARTESIAN_POINT('',(2.7,-0.5,9.75E-02));
#4057 = VECTOR('',#4058,1.);
#4058 = DIRECTION('',(0.,1.,0.));
#4059 = PLANE('',#4060);
#4060 = AXIS2_PLACEMENT_3D('',#4061,#4062,#4063);
#4061 = CARTESIAN_POINT('',(2.7,-0.5,0.));
#4062 = DIRECTION('',(-1.,0.,0.));
#4063 = DIRECTION('',(0.,1.,0.));
#4064 = ADVANCED_FACE('',(#4065),#4071,.T.);
#4065 = FACE_BOUND('',#4066,.T.);
#4066 = EDGE_LOOP('',(#4067,#4068,#4069,#4070));
#4067 = ORIENTED_EDGE('',*,*,#2377,.T.);
#4068 = ORIENTED_EDGE('',*,*,#4047,.T.);
#4069 = ORIENTED_EDGE('',*,*,#2436,.F.);
#4070 = ORIENTED_EDGE('',*,*,#2803,.F.);
#4071 = CYLINDRICAL_SURFACE('',#4072,9.75E-02);
#4072 = AXIS2_PLACEMENT_3D('',#4073,#4074,#4075);
#4073 = CARTESIAN_POINT('',(2.6025,-0.5,0.9025));
#4074 = DIRECTION('',(0.,1.,0.));
#4075 = DIRECTION('',(0.,-0.,1.));
#4076 = ADVANCED_FACE('',(#4077),#4083,.T.);
#4077 = FACE_BOUND('',#4078,.T.);
#4078 = EDGE_LOOP('',(#4079,#4080,#4081,#4082));
#4079 = ORIENTED_EDGE('',*,*,#2401,.F.);
#4080 = ORIENTED_EDGE('',*,*,#2353,.T.);
#4081 = ORIENTED_EDGE('',*,*,#2784,.T.);
#4082 = ORIENTED_EDGE('',*,*,#2461,.T.);
#4083 = PLANE('',#4084);
#4084 = AXIS2_PLACEMENT_3D('',#4085,#4086,#4087);
#4085 = CARTESIAN_POINT('',(2.505,-0.695,0.195));
#4086 = DIRECTION('',(-1.,0.,0.));
#4087 = DIRECTION('',(0.,1.,0.));
#4088 = ADVANCED_FACE('',(#4089),#4095,.T.);
#4089 = FACE_BOUND('',#4090,.T.);
#4090 = EDGE_LOOP('',(#4091,#4092,#4093,#4094));
#4091 = ORIENTED_EDGE('',*,*,#2327,.T.);
#4092 = ORIENTED_EDGE('',*,*,#3724,.T.);
#4093 = ORIENTED_EDGE('',*,*,#2479,.T.);
#4094 = ORIENTED_EDGE('',*,*,#3944,.T.);
#4095 = PLANE('',#4096);
#4096 = AXIS2_PLACEMENT_3D('',#4097,#4098,#4099);
#4097 = CARTESIAN_POINT('',(2.2,0.,0.195));
#4098 = DIRECTION('',(-6.906640467053E-32,0.,1.));
#4099 = DIRECTION('',(1.,0.,6.906640467053E-32));
#4100 = ADVANCED_FACE('',(#4101),#4112,.F.);
#4101 = FACE_BOUND('',#4102,.F.);
#4102 = EDGE_LOOP('',(#4103,#4104,#4110,#4111));
#4103 = ORIENTED_EDGE('',*,*,#2303,.T.);
#4104 = ORIENTED_EDGE('',*,*,#4105,.T.);
#4105 = EDGE_CURVE('',#2295,#2420,#4106,.T.);
#4106 = LINE('',#4107,#4108);
#4107 = CARTESIAN_POINT('',(2.6025,-0.5,-2.775557561563E-17));
#4108 = VECTOR('',#4109,1.);
#4109 = DIRECTION('',(0.,1.,0.));
#4110 = ORIENTED_EDGE('',*,*,#2503,.T.);
#4111 = ORIENTED_EDGE('',*,*,#3925,.T.);
#4112 = PLANE('',#4113);
#4113 = AXIS2_PLACEMENT_3D('',#4114,#4115,#4116);
#4114 = CARTESIAN_POINT('',(2.2,0.,0.));
#4115 = DIRECTION('',(0.,0.,1.));
#4116 = DIRECTION('',(1.,0.,-0.));
#4117 = ADVANCED_FACE('',(#4118),#4124,.T.);
#4118 = FACE_BOUND('',#4119,.T.);
#4119 = EDGE_LOOP('',(#4120,#4121,#4122,#4123));
#4120 = ORIENTED_EDGE('',*,*,#2294,.T.);
#4121 = ORIENTED_EDGE('',*,*,#4105,.T.);
#4122 = ORIENTED_EDGE('',*,*,#2417,.F.);
#4123 = ORIENTED_EDGE('',*,*,#4054,.F.);
#4124 = CYLINDRICAL_SURFACE('',#4125,9.75E-02);
#4125 = AXIS2_PLACEMENT_3D('',#4126,#4127,#4128);
#4126 = CARTESIAN_POINT('',(2.6025,-0.5,9.75E-02));
#4127 = DIRECTION('',(0.,1.,0.));
#4128 = DIRECTION('',(1.,0.,0.));
#4129 = ADVANCED_FACE('',(#4130),#4146,.F.);
#4130 = FACE_BOUND('',#4131,.F.);
#4131 = EDGE_LOOP('',(#4132,#4133,#4139,#4140));
#4132 = ORIENTED_EDGE('',*,*,#2517,.T.);
#4133 = ORIENTED_EDGE('',*,*,#4134,.T.);
#4134 = EDGE_CURVE('',#2520,#2662,#4135,.T.);
#4135 = LINE('',#4136,#4137);
#4136 = CARTESIAN_POINT('',(2.7,1.2,0.9025));
#4137 = VECTOR('',#4138,1.);
#4138 = DIRECTION('',(0.,1.,0.));
#4139 = ORIENTED_EDGE('',*,*,#2661,.F.);
#4140 = ORIENTED_EDGE('',*,*,#4141,.F.);
#4141 = EDGE_CURVE('',#2518,#2651,#4142,.T.);
#4142 = LINE('',#4143,#4144);
#4143 = CARTESIAN_POINT('',(2.7,1.2,9.75E-02));
#4144 = VECTOR('',#4145,1.);
#4145 = DIRECTION('',(0.,1.,0.));
#4146 = PLANE('',#4147);
#4147 = AXIS2_PLACEMENT_3D('',#4148,#4149,#4150);
#4148 = CARTESIAN_POINT('',(2.7,1.2,0.));
#4149 = DIRECTION('',(-1.,0.,0.));
#4150 = DIRECTION('',(0.,1.,0.));
#4151 = ADVANCED_FACE('',(#4152),#4158,.T.);
#4152 = FACE_BOUND('',#4153,.T.);
#4153 = EDGE_LOOP('',(#4154,#4155,#4156,#4157));
#4154 = ORIENTED_EDGE('',*,*,#2610,.T.);
#4155 = ORIENTED_EDGE('',*,*,#4134,.T.);
#4156 = ORIENTED_EDGE('',*,*,#2669,.F.);
#4157 = ORIENTED_EDGE('',*,*,#2820,.F.);
#4158 = CYLINDRICAL_SURFACE('',#4159,9.75E-02);
#4159 = AXIS2_PLACEMENT_3D('',#4160,#4161,#4162);
#4160 = CARTESIAN_POINT('',(2.6025,1.2,0.9025));
#4161 = DIRECTION('',(0.,1.,0.));
#4162 = DIRECTION('',(0.,-0.,1.));
#4163 = ADVANCED_FACE('',(#4164),#4170,.T.);
#4164 = FACE_BOUND('',#4165,.T.);
#4165 = EDGE_LOOP('',(#4166,#4167,#4168,#4169));
#4166 = ORIENTED_EDGE('',*,*,#2634,.F.);
#4167 = ORIENTED_EDGE('',*,*,#2586,.T.);
#4168 = ORIENTED_EDGE('',*,*,#2835,.T.);
#4169 = ORIENTED_EDGE('',*,*,#2694,.T.);
#4170 = PLANE('',#4171);
#4171 = AXIS2_PLACEMENT_3D('',#4172,#4173,#4174);
#4172 = CARTESIAN_POINT('',(2.505,1.005,0.195));
#4173 = DIRECTION('',(-1.,0.,0.));
#4174 = DIRECTION('',(0.,1.,0.));
#4175 = ADVANCED_FACE('',(#4176),#4182,.T.);
#4176 = FACE_BOUND('',#4177,.T.);
#4177 = EDGE_LOOP('',(#4178,#4179,#4180,#4181));
#4178 = ORIENTED_EDGE('',*,*,#2560,.T.);
#4179 = ORIENTED_EDGE('',*,*,#3707,.T.);
#4180 = ORIENTED_EDGE('',*,*,#2712,.T.);
#4181 = ORIENTED_EDGE('',*,*,#3893,.T.);
#4182 = PLANE('',#4183);
#4183 = AXIS2_PLACEMENT_3D('',#4184,#4185,#4186);
#4184 = CARTESIAN_POINT('',(2.2,1.7,0.195));
#4185 = DIRECTION('',(-6.906640467053E-32,-2.660277333254E-32,1.));
#4186 = DIRECTION('',(1.,0.,6.906640467053E-32));
#4187 = ADVANCED_FACE('',(#4188),#4199,.F.);
#4188 = FACE_BOUND('',#4189,.F.);
#4189 = EDGE_LOOP('',(#4190,#4191,#4197,#4198));
#4190 = ORIENTED_EDGE('',*,*,#2536,.T.);
#4191 = ORIENTED_EDGE('',*,*,#4192,.T.);
#4192 = EDGE_CURVE('',#2528,#2653,#4193,.T.);
#4193 = LINE('',#4194,#4195);
#4194 = CARTESIAN_POINT('',(2.6025,1.2,-2.775557561563E-17));
#4195 = VECTOR('',#4196,1.);
#4196 = DIRECTION('',(0.,1.,0.));
#4197 = ORIENTED_EDGE('',*,*,#2736,.T.);
#4198 = ORIENTED_EDGE('',*,*,#3908,.T.);
#4199 = PLANE('',#4200);
#4200 = AXIS2_PLACEMENT_3D('',#4201,#4202,#4203);
#4201 = CARTESIAN_POINT('',(2.2,1.7,0.));
#4202 = DIRECTION('',(0.,0.,1.));
#4203 = DIRECTION('',(1.,0.,-0.));
#4204 = ADVANCED_FACE('',(#4205),#4211,.T.);
#4205 = FACE_BOUND('',#4206,.T.);
#4206 = EDGE_LOOP('',(#4207,#4208,#4209,#4210));
#4207 = ORIENTED_EDGE('',*,*,#2527,.T.);
#4208 = ORIENTED_EDGE('',*,*,#4192,.T.);
#4209 = ORIENTED_EDGE('',*,*,#2650,.F.);
#4210 = ORIENTED_EDGE('',*,*,#4141,.F.);
#4211 = CYLINDRICAL_SURFACE('',#4212,9.75E-02);
#4212 = AXIS2_PLACEMENT_3D('',#4213,#4214,#4215);
#4213 = CARTESIAN_POINT('',(2.6025,1.2,9.75E-02));
#4214 = DIRECTION('',(0.,1.,0.));
#4215 = DIRECTION('',(1.,0.,0.));
#4216 = ADVANCED_FACE('',(#4217),#4233,.F.);
#4217 = FACE_BOUND('',#4218,.F.);
#4218 = EDGE_LOOP('',(#4219,#4220,#4226,#4227));
#4219 = ORIENTED_EDGE('',*,*,#2852,.T.);
#4220 = ORIENTED_EDGE('',*,*,#4221,.T.);
#4221 = EDGE_CURVE('',#2855,#2997,#4222,.T.);
#4222 = LINE('',#4223,#4224);
#4223 = CARTESIAN_POINT('',(-2.7,2.2,0.9025));
#4224 = VECTOR('',#4225,1.);
#4225 = DIRECTION('',(0.,-1.,0.));
#4226 = ORIENTED_EDGE('',*,*,#2996,.F.);
#4227 = ORIENTED_EDGE('',*,*,#4228,.F.);
#4228 = EDGE_CURVE('',#2853,#2986,#4229,.T.);
#4229 = LINE('',#4230,#4231);
#4230 = CARTESIAN_POINT('',(-2.7,2.2,9.75E-02));
#4231 = VECTOR('',#4232,1.);
#4232 = DIRECTION('',(0.,-1.,0.));
#4233 = PLANE('',#4234);
#4234 = AXIS2_PLACEMENT_3D('',#4235,#4236,#4237);
#4235 = CARTESIAN_POINT('',(-2.7,2.2,0.));
#4236 = DIRECTION('',(1.,0.,0.));
#4237 = DIRECTION('',(0.,-1.,0.));
#4238 = ADVANCED_FACE('',(#4239),#4245,.T.);
#4239 = FACE_BOUND('',#4240,.T.);
#4240 = EDGE_LOOP('',(#4241,#4242,#4243,#4244));
#4241 = ORIENTED_EDGE('',*,*,#4221,.T.);
#4242 = ORIENTED_EDGE('',*,*,#3004,.T.);
#4243 = ORIENTED_EDGE('',*,*,#3551,.F.);
#4244 = ORIENTED_EDGE('',*,*,#2945,.F.);
#4245 = CYLINDRICAL_SURFACE('',#4246,9.75E-02);
#4246 = AXIS2_PLACEMENT_3D('',#4247,#4248,#4249);
#4247 = CARTESIAN_POINT('',(-2.6025,2.2,0.9025));
#4248 = DIRECTION('',(0.,-1.,0.));
#4249 = DIRECTION('',(-1.,0.,0.));
#4250 = ADVANCED_FACE('',(#4251),#4257,.T.);
#4251 = FACE_BOUND('',#4252,.T.);
#4252 = EDGE_LOOP('',(#4253,#4254,#4255,#4256));
#4253 = ORIENTED_EDGE('',*,*,#2960,.F.);
#4254 = ORIENTED_EDGE('',*,*,#2921,.T.);
#4255 = ORIENTED_EDGE('',*,*,#3568,.T.);
#4256 = ORIENTED_EDGE('',*,*,#3029,.T.);
#4257 = PLANE('',#4258);
#4258 = AXIS2_PLACEMENT_3D('',#4259,#4260,#4261);
#4259 = CARTESIAN_POINT('',(-2.505,2.395,0.195));
#4260 = DIRECTION('',(1.,0.,0.));
#4261 = DIRECTION('',(0.,-1.,0.));
#4262 = ADVANCED_FACE('',(#4263),#4269,.T.);
#4263 = FACE_BOUND('',#4264,.T.);
#4264 = EDGE_LOOP('',(#4265,#4266,#4267,#4268));
#4265 = ORIENTED_EDGE('',*,*,#3047,.T.);
#4266 = ORIENTED_EDGE('',*,*,#3826,.T.);
#4267 = ORIENTED_EDGE('',*,*,#2895,.T.);
#4268 = ORIENTED_EDGE('',*,*,#3689,.T.);
#4269 = PLANE('',#4270);
#4270 = AXIS2_PLACEMENT_3D('',#4271,#4272,#4273);
#4271 = CARTESIAN_POINT('',(-2.2,1.7,0.195));
#4272 = DIRECTION('',(6.906640467053E-32,-2.660277333254E-32,1.));
#4273 = DIRECTION('',(1.,0.,-6.906640467053E-32));
#4274 = ADVANCED_FACE('',(#4275),#4286,.F.);
#4275 = FACE_BOUND('',#4276,.F.);
#4276 = EDGE_LOOP('',(#4277,#4278,#4279,#4280));
#4277 = ORIENTED_EDGE('',*,*,#3071,.T.);
#4278 = ORIENTED_EDGE('',*,*,#3840,.T.);
#4279 = ORIENTED_EDGE('',*,*,#2871,.T.);
#4280 = ORIENTED_EDGE('',*,*,#4281,.T.);
#4281 = EDGE_CURVE('',#2863,#2988,#4282,.T.);
#4282 = LINE('',#4283,#4284);
#4283 = CARTESIAN_POINT('',(-2.6025,2.2,-2.775557561563E-17));
#4284 = VECTOR('',#4285,1.);
#4285 = DIRECTION('',(0.,-1.,0.));
#4286 = PLANE('',#4287);
#4287 = AXIS2_PLACEMENT_3D('',#4288,#4289,#4290);
#4288 = CARTESIAN_POINT('',(-2.2,1.7,0.));
#4289 = DIRECTION('',(0.,0.,1.));
#4290 = DIRECTION('',(1.,0.,-0.));
#4291 = ADVANCED_FACE('',(#4292),#4298,.T.);
#4292 = FACE_BOUND('',#4293,.T.);
#4293 = EDGE_LOOP('',(#4294,#4295,#4296,#4297));
#4294 = ORIENTED_EDGE('',*,*,#2862,.T.);
#4295 = ORIENTED_EDGE('',*,*,#4281,.T.);
#4296 = ORIENTED_EDGE('',*,*,#2985,.F.);
#4297 = ORIENTED_EDGE('',*,*,#4228,.F.);
#4298 = CYLINDRICAL_SURFACE('',#4299,9.75E-02);
#4299 = AXIS2_PLACEMENT_3D('',#4300,#4301,#4302);
#4300 = CARTESIAN_POINT('',(-2.6025,2.2,9.75E-02));
#4301 = DIRECTION('',(0.,-1.,0.));
#4302 = DIRECTION('',(-1.,0.,0.));
#4303 = ADVANCED_FACE('',(#4304),#4320,.F.);
#4304 = FACE_BOUND('',#4305,.F.);
#4305 = EDGE_LOOP('',(#4306,#4307,#4313,#4314));
#4306 = ORIENTED_EDGE('',*,*,#3085,.T.);
#4307 = ORIENTED_EDGE('',*,*,#4308,.T.);
#4308 = EDGE_CURVE('',#3088,#3230,#4309,.T.);
#4309 = LINE('',#4310,#4311);
#4310 = CARTESIAN_POINT('',(-2.7,0.5,0.9025));
#4311 = VECTOR('',#4312,1.);
#4312 = DIRECTION('',(0.,-1.,0.));
#4313 = ORIENTED_EDGE('',*,*,#3229,.F.);
#4314 = ORIENTED_EDGE('',*,*,#4315,.F.);
#4315 = EDGE_CURVE('',#3086,#3219,#4316,.T.);
#4316 = LINE('',#4317,#4318);
#4317 = CARTESIAN_POINT('',(-2.7,0.5,9.75E-02));
#4318 = VECTOR('',#4319,1.);
#4319 = DIRECTION('',(0.,-1.,0.));
#4320 = PLANE('',#4321);
#4321 = AXIS2_PLACEMENT_3D('',#4322,#4323,#4324);
#4322 = CARTESIAN_POINT('',(-2.7,0.5,0.));
#4323 = DIRECTION('',(1.,0.,0.));
#4324 = DIRECTION('',(0.,-1.,0.));
#4325 = ADVANCED_FACE('',(#4326),#4332,.T.);
#4326 = FACE_BOUND('',#4327,.T.);
#4327 = EDGE_LOOP('',(#4328,#4329,#4330,#4331));
#4328 = ORIENTED_EDGE('',*,*,#4308,.T.);
#4329 = ORIENTED_EDGE('',*,*,#3237,.T.);
#4330 = ORIENTED_EDGE('',*,*,#3585,.F.);
#4331 = ORIENTED_EDGE('',*,*,#3178,.F.);
#4332 = CYLINDRICAL_SURFACE('',#4333,9.75E-02);
#4333 = AXIS2_PLACEMENT_3D('',#4334,#4335,#4336);
#4334 = CARTESIAN_POINT('',(-2.6025,0.5,0.9025));
#4335 = DIRECTION('',(0.,-1.,0.));
#4336 = DIRECTION('',(-1.,0.,0.));
#4337 = ADVANCED_FACE('',(#4338),#4344,.T.);
#4338 = FACE_BOUND('',#4339,.T.);
#4339 = EDGE_LOOP('',(#4340,#4341,#4342,#4343));
#4340 = ORIENTED_EDGE('',*,*,#3193,.F.);
#4341 = ORIENTED_EDGE('',*,*,#3154,.T.);
#4342 = ORIENTED_EDGE('',*,*,#3602,.T.);
#4343 = ORIENTED_EDGE('',*,*,#3262,.T.);
#4344 = PLANE('',#4345);
#4345 = AXIS2_PLACEMENT_3D('',#4346,#4347,#4348);
#4346 = CARTESIAN_POINT('',(-2.505,0.695,0.195));
#4347 = DIRECTION('',(1.,0.,0.));
#4348 = DIRECTION('',(0.,-1.,0.));
#4349 = ADVANCED_FACE('',(#4350),#4356,.T.);
#4350 = FACE_BOUND('',#4351,.T.);
#4351 = EDGE_LOOP('',(#4352,#4353,#4354,#4355));
#4352 = ORIENTED_EDGE('',*,*,#3280,.T.);
#4353 = ORIENTED_EDGE('',*,*,#3860,.T.);
#4354 = ORIENTED_EDGE('',*,*,#3128,.T.);
#4355 = ORIENTED_EDGE('',*,*,#3672,.T.);
#4356 = PLANE('',#4357);
#4357 = AXIS2_PLACEMENT_3D('',#4358,#4359,#4360);
#4358 = CARTESIAN_POINT('',(-2.2,0.,0.195));
#4359 = DIRECTION('',(6.906640467053E-32,0.,1.));
#4360 = DIRECTION('',(1.,0.,-6.906640467053E-32));
#4361 = ADVANCED_FACE('',(#4362),#4373,.F.);
#4362 = FACE_BOUND('',#4363,.F.);
#4363 = EDGE_LOOP('',(#4364,#4365,#4366,#4367));
#4364 = ORIENTED_EDGE('',*,*,#3304,.T.);
#4365 = ORIENTED_EDGE('',*,*,#3874,.T.);
#4366 = ORIENTED_EDGE('',*,*,#3104,.T.);
#4367 = ORIENTED_EDGE('',*,*,#4368,.T.);
#4368 = EDGE_CURVE('',#3096,#3221,#4369,.T.);
#4369 = LINE('',#4370,#4371);
#4370 = CARTESIAN_POINT('',(-2.6025,0.5,-2.775557561563E-17));
#4371 = VECTOR('',#4372,1.);
#4372 = DIRECTION('',(0.,-1.,0.));
#4373 = PLANE('',#4374);
#4374 = AXIS2_PLACEMENT_3D('',#4375,#4376,#4377);
#4375 = CARTESIAN_POINT('',(-2.2,0.,0.));
#4376 = DIRECTION('',(0.,0.,1.));
#4377 = DIRECTION('',(1.,0.,-0.));
#4378 = ADVANCED_FACE('',(#4379),#4385,.T.);
#4379 = FACE_BOUND('',#4380,.T.);
#4380 = EDGE_LOOP('',(#4381,#4382,#4383,#4384));
#4381 = ORIENTED_EDGE('',*,*,#3095,.T.);
#4382 = ORIENTED_EDGE('',*,*,#4368,.T.);
#4383 = ORIENTED_EDGE('',*,*,#3218,.F.);
#4384 = ORIENTED_EDGE('',*,*,#4315,.F.);
#4385 = CYLINDRICAL_SURFACE('',#4386,9.75E-02);
#4386 = AXIS2_PLACEMENT_3D('',#4387,#4388,#4389);
#4387 = CARTESIAN_POINT('',(-2.6025,0.5,9.75E-02));
#4388 = DIRECTION('',(0.,-1.,0.));
#4389 = DIRECTION('',(-1.,0.,0.));
#4390 = ADVANCED_FACE('',(#4391),#4407,.F.);
#4391 = FACE_BOUND('',#4392,.F.);
#4392 = EDGE_LOOP('',(#4393,#4394,#4400,#4401));
#4393 = ORIENTED_EDGE('',*,*,#3318,.T.);
#4394 = ORIENTED_EDGE('',*,*,#4395,.T.);
#4395 = EDGE_CURVE('',#3321,#3463,#4396,.T.);
#4396 = LINE('',#4397,#4398);
#4397 = CARTESIAN_POINT('',(-2.7,-1.2,0.9025));
#4398 = VECTOR('',#4399,1.);
#4399 = DIRECTION('',(0.,-1.,0.));
#4400 = ORIENTED_EDGE('',*,*,#3462,.F.);
#4401 = ORIENTED_EDGE('',*,*,#4402,.F.);
#4402 = EDGE_CURVE('',#3319,#3452,#4403,.T.);
#4403 = LINE('',#4404,#4405);
#4404 = CARTESIAN_POINT('',(-2.7,-1.2,9.75E-02));
#4405 = VECTOR('',#4406,1.);
#4406 = DIRECTION('',(0.,-1.,0.));
#4407 = PLANE('',#4408);
#4408 = AXIS2_PLACEMENT_3D('',#4409,#4410,#4411);
#4409 = CARTESIAN_POINT('',(-2.7,-1.2,0.));
#4410 = DIRECTION('',(1.,0.,0.));
#4411 = DIRECTION('',(0.,-1.,0.));
#4412 = ADVANCED_FACE('',(#4413),#4419,.T.);
#4413 = FACE_BOUND('',#4414,.T.);
#4414 = EDGE_LOOP('',(#4415,#4416,#4417,#4418));
#4415 = ORIENTED_EDGE('',*,*,#4395,.T.);
#4416 = ORIENTED_EDGE('',*,*,#3470,.T.);
#4417 = ORIENTED_EDGE('',*,*,#3619,.F.);
#4418 = ORIENTED_EDGE('',*,*,#3411,.F.);
#4419 = CYLINDRICAL_SURFACE('',#4420,9.75E-02);
#4420 = AXIS2_PLACEMENT_3D('',#4421,#4422,#4423);
#4421 = CARTESIAN_POINT('',(-2.6025,-1.2,0.9025));
#4422 = DIRECTION('',(0.,-1.,0.));
#4423 = DIRECTION('',(-1.,0.,0.));
#4424 = ADVANCED_FACE('',(#4425),#4431,.T.);
#4425 = FACE_BOUND('',#4426,.T.);
#4426 = EDGE_LOOP('',(#4427,#4428,#4429,#4430));
#4427 = ORIENTED_EDGE('',*,*,#3426,.F.);
#4428 = ORIENTED_EDGE('',*,*,#3387,.T.);
#4429 = ORIENTED_EDGE('',*,*,#3636,.T.);
#4430 = ORIENTED_EDGE('',*,*,#3495,.T.);
#4431 = PLANE('',#4432);
#4432 = AXIS2_PLACEMENT_3D('',#4433,#4434,#4435);
#4433 = CARTESIAN_POINT('',(-2.505,-1.005,0.195));
#4434 = DIRECTION('',(1.,0.,0.));
#4435 = DIRECTION('',(0.,-1.,0.));
#4436 = ADVANCED_FACE('',(#4437),#4443,.T.);
#4437 = FACE_BOUND('',#4438,.T.);
#4438 = EDGE_LOOP('',(#4439,#4440,#4441,#4442));
#4439 = ORIENTED_EDGE('',*,*,#3513,.T.);
#4440 = ORIENTED_EDGE('',*,*,#3809,.T.);
#4441 = ORIENTED_EDGE('',*,*,#3361,.T.);
#4442 = ORIENTED_EDGE('',*,*,#3655,.T.);
#4443 = PLANE('',#4444);
#4444 = AXIS2_PLACEMENT_3D('',#4445,#4446,#4447);
#4445 = CARTESIAN_POINT('',(-2.2,-1.7,0.195));
#4446 = DIRECTION('',(6.906640467053E-32,2.660277333254E-32,1.));
#4447 = DIRECTION('',(1.,0.,-6.906640467053E-32));
#4448 = ADVANCED_FACE('',(#4449),#4460,.F.);
#4449 = FACE_BOUND('',#4450,.F.);
#4450 = EDGE_LOOP('',(#4451,#4452,#4453,#4454));
#4451 = ORIENTED_EDGE('',*,*,#3537,.T.);
#4452 = ORIENTED_EDGE('',*,*,#3789,.T.);
#4453 = ORIENTED_EDGE('',*,*,#3337,.T.);
#4454 = ORIENTED_EDGE('',*,*,#4455,.T.);
#4455 = EDGE_CURVE('',#3329,#3454,#4456,.T.);
#4456 = LINE('',#4457,#4458);
#4457 = CARTESIAN_POINT('',(-2.6025,-1.2,-2.775557561563E-17));
#4458 = VECTOR('',#4459,1.);
#4459 = DIRECTION('',(0.,-1.,0.));
#4460 = PLANE('',#4461);
#4461 = AXIS2_PLACEMENT_3D('',#4462,#4463,#4464);
#4462 = CARTESIAN_POINT('',(-2.2,-1.7,0.));
#4463 = DIRECTION('',(0.,0.,1.));
#4464 = DIRECTION('',(1.,0.,-0.));
#4465 = ADVANCED_FACE('',(#4466),#4472,.T.);
#4466 = FACE_BOUND('',#4467,.T.);
#4467 = EDGE_LOOP('',(#4468,#4469,#4470,#4471));
#4468 = ORIENTED_EDGE('',*,*,#3328,.T.);
#4469 = ORIENTED_EDGE('',*,*,#4455,.T.);
#4470 = ORIENTED_EDGE('',*,*,#3451,.F.);
#4471 = ORIENTED_EDGE('',*,*,#4402,.F.);
#4472 = CYLINDRICAL_SURFACE('',#4473,9.75E-02);
#4473 = AXIS2_PLACEMENT_3D('',#4474,#4475,#4476);
#4474 = CARTESIAN_POINT('',(-2.6025,-1.2,9.75E-02));
#4475 = DIRECTION('',(0.,-1.,0.));
#4476 = DIRECTION('',(-1.,0.,0.));
#4477 = ( GEOMETRIC_REPRESENTATION_CONTEXT(3) 
GLOBAL_UNCERTAINTY_ASSIGNED_CONTEXT((#4481)) 
GLOBAL_UNIT_ASSIGNED_CONTEXT((#4478,#4479,#4480)) REPRESENTATION_CONTEXT
('Context #1','3D Context with UNIT and UNCERTAINTY') );
#4478 = ( LENGTH_UNIT() NAMED_UNIT(*) SI_UNIT(.MILLI.,.METRE.) );
#4479 = ( NAMED_UNIT(*) PLANE_ANGLE_UNIT() SI_UNIT($,.RADIAN.) );
#4480 = ( NAMED_UNIT(*) SI_UNIT($,.STERADIAN.) SOLID_ANGLE_UNIT() );
#4481 = UNCERTAINTY_MEASURE_WITH_UNIT(LENGTH_MEASURE(1.E-07),#4478,
  'distance_accuracy_value','confusion accuracy');
#4482 = CONTEXT_DEPENDENT_SHAPE_REPRESENTATION(#4483,#4485);
#4483 = ( REPRESENTATION_RELATIONSHIP('','',#897,#10) 
REPRESENTATION_RELATIONSHIP_WITH_TRANSFORMATION(#4484) 
SHAPE_REPRESENTATION_RELATIONSHIP() );
#4484 = ITEM_DEFINED_TRANSFORMATION('','',#11,#19);
#4485 = PRODUCT_DEFINITION_SHAPE('Placement','Placement of an item',
  #4486);
#4486 = NEXT_ASSEMBLY_USAGE_OCCURRENCE('2','D2','',#5,#892,$);
#4487 = PRODUCT_RELATED_PRODUCT_CATEGORY('part',$,(#894));
#4488 = CONTEXT_DEPENDENT_SHAPE_REPRESENTATION(#4489,#4491);
#4489 = ( REPRESENTATION_RELATIONSHIP('','',#897,#10) 
REPRESENTATION_RELATIONSHIP_WITH_TRANSFORMATION(#4490) 
SHAPE_REPRESENTATION_RELATIONSHIP() );
#4490 = ITEM_DEFINED_TRANSFORMATION('','',#11,#23);
#4491 = PRODUCT_DEFINITION_SHAPE('Placement','Placement of an item',
  #4492);
#4492 = NEXT_ASSEMBLY_USAGE_OCCURRENCE('3','D1','',#5,#892,$);
#4493 = CONTEXT_DEPENDENT_SHAPE_REPRESENTATION(#4494,#4496);
#4494 = ( REPRESENTATION_RELATIONSHIP('','',#88,#10) 
REPRESENTATION_RELATIONSHIP_WITH_TRANSFORMATION(#4495) 
SHAPE_REPRESENTATION_RELATIONSHIP() );
#4495 = ITEM_DEFINED_TRANSFORMATION('','',#11,#27);
#4496 = PRODUCT_DEFINITION_SHAPE('Placement','Placement of an item',
  #4497);
#4497 = NEXT_ASSEMBLY_USAGE_OCCURRENCE('4','R7','',#5,#83,$);
#4498 = CONTEXT_DEPENDENT_SHAPE_REPRESENTATION(#4499,#4501);
#4499 = ( REPRESENTATION_RELATIONSHIP('','',#88,#10) 
REPRESENTATION_RELATIONSHIP_WITH_TRANSFORMATION(#4500) 
SHAPE_REPRESENTATION_RELATIONSHIP() );
#4500 = ITEM_DEFINED_TRANSFORMATION('','',#11,#31);
#4501 = PRODUCT_DEFINITION_SHAPE('Placement','Placement of an item',
  #4502);
#4502 = NEXT_ASSEMBLY_USAGE_OCCURRENCE('5','R9','',#5,#83,$);
#4503 = CONTEXT_DEPENDENT_SHAPE_REPRESENTATION(#4504,#4506);
#4504 = ( REPRESENTATION_RELATIONSHIP('','',#88,#10) 
REPRESENTATION_RELATIONSHIP_WITH_TRANSFORMATION(#4505) 
SHAPE_REPRESENTATION_RELATIONSHIP() );
#4505 = ITEM_DEFINED_TRANSFORMATION('','',#11,#35);
#4506 = PRODUCT_DEFINITION_SHAPE('Placement','Placement of an item',
  #4507);
#4507 = NEXT_ASSEMBLY_USAGE_OCCURRENCE('6','R3','',#5,#83,$);
#4508 = CONTEXT_DEPENDENT_SHAPE_REPRESENTATION(#4509,#4511);
#4509 = ( REPRESENTATION_RELATIONSHIP('','',#88,#10) 
REPRESENTATION_RELATIONSHIP_WITH_TRANSFORMATION(#4510) 
SHAPE_REPRESENTATION_RELATIONSHIP() );
#4510 = ITEM_DEFINED_TRANSFORMATION('','',#11,#39);
#4511 = PRODUCT_DEFINITION_SHAPE('Placement','Placement of an item',
  #4512);
#4512 = NEXT_ASSEMBLY_USAGE_OCCURRENCE('7','R6','',#5,#83,$);
#4513 = CONTEXT_DEPENDENT_SHAPE_REPRESENTATION(#4514,#4516);
#4514 = ( REPRESENTATION_RELATIONSHIP('','',#897,#10) 
REPRESENTATION_RELATIONSHIP_WITH_TRANSFORMATION(#4515) 
SHAPE_REPRESENTATION_RELATIONSHIP() );
#4515 = ITEM_DEFINED_TRANSFORMATION('','',#11,#43);
#4516 = PRODUCT_DEFINITION_SHAPE('Placement','Placement of an item',
  #4517);
#4517 = NEXT_ASSEMBLY_USAGE_OCCURRENCE('8','D3','',#5,#892,$);
#4518 = SHAPE_DEFINITION_REPRESENTATION(#4519,#4525);
#4519 = PRODUCT_DEFINITION_SHAPE('','',#4520);
#4520 = PRODUCT_DEFINITION('design','',#4521,#4524);
#4521 = PRODUCT_DEFINITION_FORMATION('','',#4522);
#4522 = PRODUCT('JST_GH_SM04B-GHS-TB_1x04-1MP_P1.25mm_Horizontal',
  'JST_GH_SM04B-GHS-TB_1x04-1MP_P1.25mm_Horizontal','',(#4523));
#4523 = PRODUCT_CONTEXT('',#2,'mechanical');
#4524 = PRODUCT_DEFINITION_CONTEXT('part definition',#2,'design');
#4525 = ADVANCED_BREP_SHAPE_REPRESENTATION('',(#11,#4526),#10925);
#4526 = MANIFOLD_SOLID_BREP('',#4527);
#4527 = CLOSED_SHELL('',(#4528,#4664,#4727,#4767,#4791,#4847,#4871,#5406
    ,#5462,#5486,#5510,#5534,#5558,#5639,#5791,#5815,#5839,#5984,#6072,
    #6112,#6145,#6178,#6202,#6269,#6293,#6317,#6334,#6358,#6453,#6477,
    #6502,#6534,#6551,#6573,#6590,#6641,#6653,#6684,#6708,#6732,#6756,
    #6780,#6804,#6828,#6852,#6876,#6900,#6932,#6956,#6996,#7028,#7052,
    #7092,#7132,#7156,#7188,#7228,#7252,#7284,#7308,#7332,#7356,#7380,
    #7412,#7436,#7476,#7508,#7532,#7572,#7612,#7636,#7668,#7708,#7732,
    #7764,#7788,#7805,#7836,#7860,#7884,#7901,#7932,#7956,#7980,#7997,
    #8037,#8054,#8068,#8085,#8143,#8167,#8230,#8254,#8317,#8341,#8404,
    #8428,#8491,#8515,#8578,#8602,#8665,#8689,#8752,#8769,#8781,#8798,
    #8810,#8827,#8839,#8856,#8868,#8885,#8902,#8937,#8954,#8966,#8983,
    #9000,#9018,#9035,#9053,#9065,#9077,#9101,#9125,#9142,#9154,#9177,
    #9201,#9217,#9229,#9489,#9521,#9538,#9555,#9581,#9613,#9644,#9661,
    #9673,#9698,#9723,#9755,#9772,#9789,#9815,#9847,#9878,#9895,#9907,
    #9932,#9957,#9969,#9981,#9998,#10015,#10032,#10044,#10061,#10078,
    #10095,#10107,#10124,#10141,#10158,#10170,#10187,#10204,#10221,
    #10233,#10245,#10262,#10279,#10296,#10313,#10352,#10376,#10408,
    #10425,#10464,#10488,#10520,#10537,#10576,#10600,#10632,#10649,
    #10680,#10712,#10736,#10761,#10773,#10785,#10797,#10809,#10826,
    #10838,#10855,#10867,#10884,#10896,#10913));
#4528 = ADVANCED_FACE('',(#4529),#4659,.F.);
#4529 = FACE_BOUND('',#4530,.F.);
#4530 = EDGE_LOOP('',(#4531,#4541,#4549,#4557,#4565,#4573,#4581,#4589,
    #4597,#4605,#4613,#4621,#4629,#4637,#4645,#4653));
#4531 = ORIENTED_EDGE('',*,*,#4532,.F.);
#4532 = EDGE_CURVE('',#4533,#4535,#4537,.T.);
#4533 = VERTEX_POINT('',#4534);
#4534 = CARTESIAN_POINT('',(-4.125,0.93,-5.E-03));
#4535 = VERTEX_POINT('',#4536);
#4536 = CARTESIAN_POINT('',(-4.125,-0.22,-4.999999999999E-03));
#4537 = LINE('',#4538,#4539);
#4538 = CARTESIAN_POINT('',(-4.125,1.58,-5.E-03));
#4539 = VECTOR('',#4540,1.);
#4540 = DIRECTION('',(0.,-1.,2.22044604925E-16));
#4541 = ORIENTED_EDGE('',*,*,#4542,.F.);
#4542 = EDGE_CURVE('',#4543,#4533,#4545,.T.);
#4543 = VERTEX_POINT('',#4544);
#4544 = CARTESIAN_POINT('',(-4.125,0.93,0.195));
#4545 = LINE('',#4546,#4547);
#4546 = CARTESIAN_POINT('',(-4.125,0.93,0.195));
#4547 = VECTOR('',#4548,1.);
#4548 = DIRECTION('',(0.,-2.22044604925E-16,-1.));
#4549 = ORIENTED_EDGE('',*,*,#4550,.F.);
#4550 = EDGE_CURVE('',#4551,#4543,#4553,.T.);
#4551 = VERTEX_POINT('',#4552);
#4552 = CARTESIAN_POINT('',(-4.125,1.08,0.195));
#4553 = LINE('',#4554,#4555);
#4554 = CARTESIAN_POINT('',(-4.125,1.08,0.195));
#4555 = VECTOR('',#4556,1.);
#4556 = DIRECTION('',(0.,-1.,2.22044604925E-16));
#4557 = ORIENTED_EDGE('',*,*,#4558,.F.);
#4558 = EDGE_CURVE('',#4559,#4551,#4561,.T.);
#4559 = VERTEX_POINT('',#4560);
#4560 = CARTESIAN_POINT('',(-4.125,1.08,0.945));
#4561 = LINE('',#4562,#4563);
#4562 = CARTESIAN_POINT('',(-4.125,1.08,0.945));
#4563 = VECTOR('',#4564,1.);
#4564 = DIRECTION('',(0.,-2.22044604925E-16,-1.));
#4565 = ORIENTED_EDGE('',*,*,#4566,.F.);
#4566 = EDGE_CURVE('',#4567,#4559,#4569,.T.);
#4567 = VERTEX_POINT('',#4568);
#4568 = CARTESIAN_POINT('',(-4.125,1.58,0.945));
#4569 = LINE('',#4570,#4571);
#4570 = CARTESIAN_POINT('',(-4.125,1.58,0.945));
#4571 = VECTOR('',#4572,1.);
#4572 = DIRECTION('',(0.,-1.,2.22044604925E-16));
#4573 = ORIENTED_EDGE('',*,*,#4574,.T.);
#4574 = EDGE_CURVE('',#4567,#4575,#4577,.T.);
#4575 = VERTEX_POINT('',#4576);
#4576 = CARTESIAN_POINT('',(-4.125,1.58,1.995));
#4577 = LINE('',#4578,#4579);
#4578 = CARTESIAN_POINT('',(-4.125,1.58,-5.E-03));
#4579 = VECTOR('',#4580,1.);
#4580 = DIRECTION('',(0.,2.22044604925E-16,1.));
#4581 = ORIENTED_EDGE('',*,*,#4582,.T.);
#4582 = EDGE_CURVE('',#4575,#4583,#4585,.T.);
#4583 = VERTEX_POINT('',#4584);
#4584 = CARTESIAN_POINT('',(-4.125,0.98,1.995));
#4585 = LINE('',#4586,#4587);
#4586 = CARTESIAN_POINT('',(-4.125,1.58,1.995));
#4587 = VECTOR('',#4588,1.);
#4588 = DIRECTION('',(0.,-1.,2.22044604925E-16));
#4589 = ORIENTED_EDGE('',*,*,#4590,.T.);
#4590 = EDGE_CURVE('',#4583,#4591,#4593,.T.);
#4591 = VERTEX_POINT('',#4592);
#4592 = CARTESIAN_POINT('',(-4.125,0.98,3.595));
#4593 = LINE('',#4594,#4595);
#4594 = CARTESIAN_POINT('',(-4.125,0.98,1.995));
#4595 = VECTOR('',#4596,1.);
#4596 = DIRECTION('',(0.,2.22044604925E-16,1.));
#4597 = ORIENTED_EDGE('',*,*,#4598,.T.);
#4598 = EDGE_CURVE('',#4591,#4599,#4601,.T.);
#4599 = VERTEX_POINT('',#4600);
#4600 = CARTESIAN_POINT('',(-4.125,-0.32,3.595));
#4601 = LINE('',#4602,#4603);
#4602 = CARTESIAN_POINT('',(-4.125,0.98,3.595));
#4603 = VECTOR('',#4604,1.);
#4604 = DIRECTION('',(0.,-1.,2.22044604925E-16));
#4605 = ORIENTED_EDGE('',*,*,#4606,.T.);
#4606 = EDGE_CURVE('',#4599,#4607,#4609,.T.);
#4607 = VERTEX_POINT('',#4608);
#4608 = CARTESIAN_POINT('',(-4.125,-0.32,4.245));
#4609 = LINE('',#4610,#4611);
#4610 = CARTESIAN_POINT('',(-4.125,-0.32,3.595));
#4611 = VECTOR('',#4612,1.);
#4612 = DIRECTION('',(0.,2.22044604925E-16,1.));
#4613 = ORIENTED_EDGE('',*,*,#4614,.T.);
#4614 = EDGE_CURVE('',#4607,#4615,#4617,.T.);
#4615 = VERTEX_POINT('',#4616);
#4616 = CARTESIAN_POINT('',(-4.125,-2.47,4.245));
#4617 = LINE('',#4618,#4619);
#4618 = CARTESIAN_POINT('',(-4.125,1.58,4.245));
#4619 = VECTOR('',#4620,1.);
#4620 = DIRECTION('',(0.,-1.,2.22044604925E-16));
#4621 = ORIENTED_EDGE('',*,*,#4622,.F.);
#4622 = EDGE_CURVE('',#4623,#4615,#4625,.T.);
#4623 = VERTEX_POINT('',#4624);
#4624 = CARTESIAN_POINT('',(-4.125,-2.47,1.945));
#4625 = LINE('',#4626,#4627);
#4626 = CARTESIAN_POINT('',(-4.125,-2.47,-4.999999999999E-03));
#4627 = VECTOR('',#4628,1.);
#4628 = DIRECTION('',(0.,2.22044604925E-16,1.));
#4629 = ORIENTED_EDGE('',*,*,#4630,.T.);
#4630 = EDGE_CURVE('',#4623,#4631,#4633,.T.);
#4631 = VERTEX_POINT('',#4632);
#4632 = CARTESIAN_POINT('',(-4.125,-1.82,1.945));
#4633 = LINE('',#4634,#4635);
#4634 = CARTESIAN_POINT('',(-4.125,-2.47,1.945));
#4635 = VECTOR('',#4636,1.);
#4636 = DIRECTION('',(0.,1.,-2.22044604925E-16));
#4637 = ORIENTED_EDGE('',*,*,#4638,.T.);
#4638 = EDGE_CURVE('',#4631,#4639,#4641,.T.);
#4639 = VERTEX_POINT('',#4640);
#4640 = CARTESIAN_POINT('',(-4.125,-1.82,0.595));
#4641 = LINE('',#4642,#4643);
#4642 = CARTESIAN_POINT('',(-4.125,-1.82,1.945));
#4643 = VECTOR('',#4644,1.);
#4644 = DIRECTION('',(0.,-2.22044604925E-16,-1.));
#4645 = ORIENTED_EDGE('',*,*,#4646,.T.);
#4646 = EDGE_CURVE('',#4639,#4647,#4649,.T.);
#4647 = VERTEX_POINT('',#4648);
#4648 = CARTESIAN_POINT('',(-4.125,-0.22,0.595));
#4649 = LINE('',#4650,#4651);
#4650 = CARTESIAN_POINT('',(-4.125,-1.82,0.595));
#4651 = VECTOR('',#4652,1.);
#4652 = DIRECTION('',(0.,1.,-2.22044604925E-16));
#4653 = ORIENTED_EDGE('',*,*,#4654,.T.);
#4654 = EDGE_CURVE('',#4647,#4535,#4655,.T.);
#4655 = LINE('',#4656,#4657);
#4656 = CARTESIAN_POINT('',(-4.125,-0.22,0.595));
#4657 = VECTOR('',#4658,1.);
#4658 = DIRECTION('',(0.,-2.22044604925E-16,-1.));
#4659 = PLANE('',#4660);
#4660 = AXIS2_PLACEMENT_3D('',#4661,#4662,#4663);
#4661 = CARTESIAN_POINT('',(-4.125,1.58,-5.E-03));
#4662 = DIRECTION('',(1.,0.,0.));
#4663 = DIRECTION('',(0.,-1.,2.22044604925E-16));
#4664 = ADVANCED_FACE('',(#4665),#4722,.F.);
#4665 = FACE_BOUND('',#4666,.F.);
#4666 = EDGE_LOOP('',(#4667,#4675,#4676,#4684,#4692,#4700,#4708,#4716));
#4667 = ORIENTED_EDGE('',*,*,#4668,.F.);
#4668 = EDGE_CURVE('',#4533,#4669,#4671,.T.);
#4669 = VERTEX_POINT('',#4670);
#4670 = CARTESIAN_POINT('',(4.125,0.93,-5.E-03));
#4671 = LINE('',#4672,#4673);
#4672 = CARTESIAN_POINT('',(-4.125,0.93,-5.E-03));
#4673 = VECTOR('',#4674,1.);
#4674 = DIRECTION('',(1.,0.,0.));
#4675 = ORIENTED_EDGE('',*,*,#4532,.T.);
#4676 = ORIENTED_EDGE('',*,*,#4677,.T.);
#4677 = EDGE_CURVE('',#4535,#4678,#4680,.T.);
#4678 = VERTEX_POINT('',#4679);
#4679 = CARTESIAN_POINT('',(-3.625,-0.22,-4.999999999999E-03));
#4680 = LINE('',#4681,#4682);
#4681 = CARTESIAN_POINT('',(-4.125,-0.22,-4.999999999999E-03));
#4682 = VECTOR('',#4683,1.);
#4683 = DIRECTION('',(1.,0.,0.));
#4684 = ORIENTED_EDGE('',*,*,#4685,.T.);
#4685 = EDGE_CURVE('',#4678,#4686,#4688,.T.);
#4686 = VERTEX_POINT('',#4687);
#4687 = CARTESIAN_POINT('',(-3.625,-2.47,-4.999999999999E-03));
#4688 = LINE('',#4689,#4690);
#4689 = CARTESIAN_POINT('',(-3.625,-0.22,-4.999999999999E-03));
#4690 = VECTOR('',#4691,1.);
#4691 = DIRECTION('',(0.,-1.,2.22044604925E-16));
#4692 = ORIENTED_EDGE('',*,*,#4693,.T.);
#4693 = EDGE_CURVE('',#4686,#4694,#4696,.T.);
#4694 = VERTEX_POINT('',#4695);
#4695 = CARTESIAN_POINT('',(3.625,-2.47,-4.999999999999E-03));
#4696 = LINE('',#4697,#4698);
#4697 = CARTESIAN_POINT('',(-4.125,-2.47,-4.999999999999E-03));
#4698 = VECTOR('',#4699,1.);
#4699 = DIRECTION('',(1.,0.,0.));
#4700 = ORIENTED_EDGE('',*,*,#4701,.F.);
#4701 = EDGE_CURVE('',#4702,#4694,#4704,.T.);
#4702 = VERTEX_POINT('',#4703);
#4703 = CARTESIAN_POINT('',(3.625,-0.22,-4.999999999999E-03));
#4704 = LINE('',#4705,#4706);
#4705 = CARTESIAN_POINT('',(3.625,-0.22,-4.999999999999E-03));
#4706 = VECTOR('',#4707,1.);
#4707 = DIRECTION('',(0.,-1.,2.22044604925E-16));
#4708 = ORIENTED_EDGE('',*,*,#4709,.T.);
#4709 = EDGE_CURVE('',#4702,#4710,#4712,.T.);
#4710 = VERTEX_POINT('',#4711);
#4711 = CARTESIAN_POINT('',(4.125,-0.22,-4.999999999999E-03));
#4712 = LINE('',#4713,#4714);
#4713 = CARTESIAN_POINT('',(3.625,-0.22,-4.999999999999E-03));
#4714 = VECTOR('',#4715,1.);
#4715 = DIRECTION('',(1.,0.,0.));
#4716 = ORIENTED_EDGE('',*,*,#4717,.F.);
#4717 = EDGE_CURVE('',#4669,#4710,#4718,.T.);
#4718 = LINE('',#4719,#4720);
#4719 = CARTESIAN_POINT('',(4.125,1.58,-5.E-03));
#4720 = VECTOR('',#4721,1.);
#4721 = DIRECTION('',(0.,-1.,2.22044604925E-16));
#4722 = PLANE('',#4723);
#4723 = AXIS2_PLACEMENT_3D('',#4724,#4725,#4726);
#4724 = CARTESIAN_POINT('',(-4.125,1.58,-5.E-03));
#4725 = DIRECTION('',(0.,2.22044604925E-16,1.));
#4726 = DIRECTION('',(0.,-1.,2.22044604925E-16));
#4727 = ADVANCED_FACE('',(#4728),#4762,.F.);
#4728 = FACE_BOUND('',#4729,.F.);
#4729 = EDGE_LOOP('',(#4730,#4731,#4739,#4747,#4755,#4761));
#4730 = ORIENTED_EDGE('',*,*,#4654,.F.);
#4731 = ORIENTED_EDGE('',*,*,#4732,.T.);
#4732 = EDGE_CURVE('',#4647,#4733,#4735,.T.);
#4733 = VERTEX_POINT('',#4734);
#4734 = CARTESIAN_POINT('',(-3.825,-0.22,0.595));
#4735 = LINE('',#4736,#4737);
#4736 = CARTESIAN_POINT('',(-4.125,-0.22,0.595));
#4737 = VECTOR('',#4738,1.);
#4738 = DIRECTION('',(1.,0.,0.));
#4739 = ORIENTED_EDGE('',*,*,#4740,.F.);
#4740 = EDGE_CURVE('',#4741,#4733,#4743,.T.);
#4741 = VERTEX_POINT('',#4742);
#4742 = CARTESIAN_POINT('',(-3.825,-0.22,0.37));
#4743 = LINE('',#4744,#4745);
#4744 = CARTESIAN_POINT('',(-3.825,-0.22,0.807892234548));
#4745 = VECTOR('',#4746,1.);
#4746 = DIRECTION('',(0.,2.22044604925E-16,1.));
#4747 = ORIENTED_EDGE('',*,*,#4748,.F.);
#4748 = EDGE_CURVE('',#4749,#4741,#4751,.T.);
#4749 = VERTEX_POINT('',#4750);
#4750 = CARTESIAN_POINT('',(-3.625,-0.22,0.37));
#4751 = LINE('',#4752,#4753);
#4752 = CARTESIAN_POINT('',(-3.975,-0.22,0.37));
#4753 = VECTOR('',#4754,1.);
#4754 = DIRECTION('',(-1.,0.,0.));
#4755 = ORIENTED_EDGE('',*,*,#4756,.T.);
#4756 = EDGE_CURVE('',#4749,#4678,#4757,.T.);
#4757 = LINE('',#4758,#4759);
#4758 = CARTESIAN_POINT('',(-3.625,-0.22,0.595));
#4759 = VECTOR('',#4760,1.);
#4760 = DIRECTION('',(0.,-2.22044604925E-16,-1.));
#4761 = ORIENTED_EDGE('',*,*,#4677,.F.);
#4762 = PLANE('',#4763);
#4763 = AXIS2_PLACEMENT_3D('',#4764,#4765,#4766);
#4764 = CARTESIAN_POINT('',(-4.125,-0.22,0.595));
#4765 = DIRECTION('',(0.,1.,-2.22044604925E-16));
#4766 = DIRECTION('',(0.,-2.22044604925E-16,-1.));
#4767 = ADVANCED_FACE('',(#4768),#4786,.F.);
#4768 = FACE_BOUND('',#4769,.F.);
#4769 = EDGE_LOOP('',(#4770,#4771,#4779,#4785));
#4770 = ORIENTED_EDGE('',*,*,#4646,.F.);
#4771 = ORIENTED_EDGE('',*,*,#4772,.T.);
#4772 = EDGE_CURVE('',#4639,#4773,#4775,.T.);
#4773 = VERTEX_POINT('',#4774);
#4774 = CARTESIAN_POINT('',(-3.825,-1.82,0.595));
#4775 = LINE('',#4776,#4777);
#4776 = CARTESIAN_POINT('',(-4.125,-1.82,0.595));
#4777 = VECTOR('',#4778,1.);
#4778 = DIRECTION('',(1.,0.,0.));
#4779 = ORIENTED_EDGE('',*,*,#4780,.F.);
#4780 = EDGE_CURVE('',#4733,#4773,#4781,.T.);
#4781 = LINE('',#4782,#4783);
#4782 = CARTESIAN_POINT('',(-3.825,-1.537444532488,0.595));
#4783 = VECTOR('',#4784,1.);
#4784 = DIRECTION('',(0.,-1.,2.22044604925E-16));
#4785 = ORIENTED_EDGE('',*,*,#4732,.F.);
#4786 = PLANE('',#4787);
#4787 = AXIS2_PLACEMENT_3D('',#4788,#4789,#4790);
#4788 = CARTESIAN_POINT('',(-4.125,-1.82,0.595));
#4789 = DIRECTION('',(0.,2.22044604925E-16,1.));
#4790 = DIRECTION('',(0.,1.,-2.22044604925E-16));
#4791 = ADVANCED_FACE('',(#4792),#4842,.F.);
#4792 = FACE_BOUND('',#4793,.F.);
#4793 = EDGE_LOOP('',(#4794,#4795,#4803,#4811,#4819,#4827,#4835,#4841));
#4794 = ORIENTED_EDGE('',*,*,#4638,.F.);
#4795 = ORIENTED_EDGE('',*,*,#4796,.T.);
#4796 = EDGE_CURVE('',#4631,#4797,#4799,.T.);
#4797 = VERTEX_POINT('',#4798);
#4798 = CARTESIAN_POINT('',(-3.825,-1.82,1.945));
#4799 = LINE('',#4800,#4801);
#4800 = CARTESIAN_POINT('',(-4.125,-1.82,1.945));
#4801 = VECTOR('',#4802,1.);
#4802 = DIRECTION('',(1.,0.,0.));
#4803 = ORIENTED_EDGE('',*,*,#4804,.F.);
#4804 = EDGE_CURVE('',#4805,#4797,#4807,.T.);
#4805 = VERTEX_POINT('',#4806);
#4806 = CARTESIAN_POINT('',(-3.825,-1.82,1.51));
#4807 = LINE('',#4808,#4809);
#4808 = CARTESIAN_POINT('',(-3.825,-1.82,1.482892234548));
#4809 = VECTOR('',#4810,1.);
#4810 = DIRECTION('',(0.,2.22044604925E-16,1.));
#4811 = ORIENTED_EDGE('',*,*,#4812,.F.);
#4812 = EDGE_CURVE('',#4813,#4805,#4815,.T.);
#4813 = VERTEX_POINT('',#4814);
#4814 = CARTESIAN_POINT('',(-3.625,-1.82,1.51));
#4815 = LINE('',#4816,#4817);
#4816 = CARTESIAN_POINT('',(-3.975,-1.82,1.51));
#4817 = VECTOR('',#4818,1.);
#4818 = DIRECTION('',(-1.,0.,0.));
#4819 = ORIENTED_EDGE('',*,*,#4820,.T.);
#4820 = EDGE_CURVE('',#4813,#4821,#4823,.T.);
#4821 = VERTEX_POINT('',#4822);
#4822 = CARTESIAN_POINT('',(-3.625,-1.82,0.8));
#4823 = LINE('',#4824,#4825);
#4824 = CARTESIAN_POINT('',(-3.625,-1.82,1.945));
#4825 = VECTOR('',#4826,1.);
#4826 = DIRECTION('',(0.,-2.22044604925E-16,-1.));
#4827 = ORIENTED_EDGE('',*,*,#4828,.F.);
#4828 = EDGE_CURVE('',#4829,#4821,#4831,.T.);
#4829 = VERTEX_POINT('',#4830);
#4830 = CARTESIAN_POINT('',(-3.825,-1.82,0.8));
#4831 = LINE('',#4832,#4833);
#4832 = CARTESIAN_POINT('',(-3.975,-1.82,0.8));
#4833 = VECTOR('',#4834,1.);
#4834 = DIRECTION('',(1.,0.,0.));
#4835 = ORIENTED_EDGE('',*,*,#4836,.F.);
#4836 = EDGE_CURVE('',#4773,#4829,#4837,.T.);
#4837 = LINE('',#4838,#4839);
#4838 = CARTESIAN_POINT('',(-3.825,-1.82,1.482892234548));
#4839 = VECTOR('',#4840,1.);
#4840 = DIRECTION('',(0.,2.22044604925E-16,1.));
#4841 = ORIENTED_EDGE('',*,*,#4772,.F.);
#4842 = PLANE('',#4843);
#4843 = AXIS2_PLACEMENT_3D('',#4844,#4845,#4846);
#4844 = CARTESIAN_POINT('',(-4.125,-1.82,1.945));
#4845 = DIRECTION('',(0.,1.,-2.22044604925E-16));
#4846 = DIRECTION('',(0.,-2.22044604925E-16,-1.));
#4847 = ADVANCED_FACE('',(#4848),#4866,.F.);
#4848 = FACE_BOUND('',#4849,.F.);
#4849 = EDGE_LOOP('',(#4850,#4851,#4859,#4865));
#4850 = ORIENTED_EDGE('',*,*,#4630,.F.);
#4851 = ORIENTED_EDGE('',*,*,#4852,.T.);
#4852 = EDGE_CURVE('',#4623,#4853,#4855,.T.);
#4853 = VERTEX_POINT('',#4854);
#4854 = CARTESIAN_POINT('',(-3.825,-2.47,1.945));
#4855 = LINE('',#4856,#4857);
#4856 = CARTESIAN_POINT('',(-4.125,-2.47,1.945));
#4857 = VECTOR('',#4858,1.);
#4858 = DIRECTION('',(1.,0.,0.));
#4859 = ORIENTED_EDGE('',*,*,#4860,.F.);
#4860 = EDGE_CURVE('',#4797,#4853,#4861,.T.);
#4861 = LINE('',#4862,#4863);
#4862 = CARTESIAN_POINT('',(-3.825,-1.862444532488,1.945));
#4863 = VECTOR('',#4864,1.);
#4864 = DIRECTION('',(0.,-1.,2.22044604925E-16));
#4865 = ORIENTED_EDGE('',*,*,#4796,.F.);
#4866 = PLANE('',#4867);
#4867 = AXIS2_PLACEMENT_3D('',#4868,#4869,#4870);
#4868 = CARTESIAN_POINT('',(-4.125,-2.47,1.945));
#4869 = DIRECTION('',(0.,2.22044604925E-16,1.));
#4870 = DIRECTION('',(0.,1.,-2.22044604925E-16));
#4871 = ADVANCED_FACE('',(#4872,#4977,#5011,#5333,#5367),#5401,.T.);
#4872 = FACE_BOUND('',#4873,.T.);
#4873 = EDGE_LOOP('',(#4874,#4875,#4876,#4884,#4892,#4900,#4908,#4914,
    #4915,#4923,#4931,#4939,#4947,#4955,#4963,#4971));
#4874 = ORIENTED_EDGE('',*,*,#4622,.F.);
#4875 = ORIENTED_EDGE('',*,*,#4852,.T.);
#4876 = ORIENTED_EDGE('',*,*,#4877,.F.);
#4877 = EDGE_CURVE('',#4878,#4853,#4880,.T.);
#4878 = VERTEX_POINT('',#4879);
#4879 = CARTESIAN_POINT('',(-3.825,-2.47,2.05));
#4880 = LINE('',#4881,#4882);
#4881 = CARTESIAN_POINT('',(-3.825,-2.47,0.507892234548));
#4882 = VECTOR('',#4883,1.);
#4883 = DIRECTION('',(0.,-2.22044604925E-16,-1.));
#4884 = ORIENTED_EDGE('',*,*,#4885,.F.);
#4885 = EDGE_CURVE('',#4886,#4878,#4888,.T.);
#4886 = VERTEX_POINT('',#4887);
#4887 = CARTESIAN_POINT('',(-3.625,-2.47,2.05));
#4888 = LINE('',#4889,#4890);
#4889 = CARTESIAN_POINT('',(-3.975,-2.47,2.05));
#4890 = VECTOR('',#4891,1.);
#4891 = DIRECTION('',(-1.,0.,0.));
#4892 = ORIENTED_EDGE('',*,*,#4893,.T.);
#4893 = EDGE_CURVE('',#4886,#4894,#4896,.T.);
#4894 = VERTEX_POINT('',#4895);
#4895 = CARTESIAN_POINT('',(-3.625,-2.47,1.945));
#4896 = LINE('',#4897,#4898);
#4897 = CARTESIAN_POINT('',(-3.625,-2.47,0.507892234548));
#4898 = VECTOR('',#4899,1.);
#4899 = DIRECTION('',(0.,-2.22044604925E-16,-1.));
#4900 = ORIENTED_EDGE('',*,*,#4901,.F.);
#4901 = EDGE_CURVE('',#4902,#4894,#4904,.T.);
#4902 = VERTEX_POINT('',#4903);
#4903 = CARTESIAN_POINT('',(-3.625,-2.47,-1.875376730785E-19));
#4904 = LINE('',#4905,#4906);
#4905 = CARTESIAN_POINT('',(-3.625,-2.47,-4.999999999999E-03));
#4906 = VECTOR('',#4907,1.);
#4907 = DIRECTION('',(0.,2.22044604925E-16,1.));
#4908 = ORIENTED_EDGE('',*,*,#4909,.F.);
#4909 = EDGE_CURVE('',#4686,#4902,#4910,.T.);
#4910 = LINE('',#4911,#4912);
#4911 = CARTESIAN_POINT('',(-3.625,-2.47,-4.999999999999E-03));
#4912 = VECTOR('',#4913,1.);
#4913 = DIRECTION('',(0.,2.22044604925E-16,1.));
#4914 = ORIENTED_EDGE('',*,*,#4693,.T.);
#4915 = ORIENTED_EDGE('',*,*,#4916,.T.);
#4916 = EDGE_CURVE('',#4694,#4917,#4919,.T.);
#4917 = VERTEX_POINT('',#4918);
#4918 = CARTESIAN_POINT('',(3.625,-2.47,-1.875376730785E-19));
#4919 = LINE('',#4920,#4921);
#4920 = CARTESIAN_POINT('',(3.625,-2.47,-4.999999999999E-03));
#4921 = VECTOR('',#4922,1.);
#4922 = DIRECTION('',(0.,2.22044604925E-16,1.));
#4923 = ORIENTED_EDGE('',*,*,#4924,.T.);
#4924 = EDGE_CURVE('',#4917,#4925,#4927,.T.);
#4925 = VERTEX_POINT('',#4926);
#4926 = CARTESIAN_POINT('',(3.625,-2.47,1.945));
#4927 = LINE('',#4928,#4929);
#4928 = CARTESIAN_POINT('',(3.625,-2.47,-4.999999999999E-03));
#4929 = VECTOR('',#4930,1.);
#4930 = DIRECTION('',(0.,2.22044604925E-16,1.));
#4931 = ORIENTED_EDGE('',*,*,#4932,.F.);
#4932 = EDGE_CURVE('',#4933,#4925,#4935,.T.);
#4933 = VERTEX_POINT('',#4934);
#4934 = CARTESIAN_POINT('',(3.625,-2.47,2.05));
#4935 = LINE('',#4936,#4937);
#4936 = CARTESIAN_POINT('',(3.625,-2.47,0.507892234548));
#4937 = VECTOR('',#4938,1.);
#4938 = DIRECTION('',(0.,-2.22044604925E-16,-1.));
#4939 = ORIENTED_EDGE('',*,*,#4940,.F.);
#4940 = EDGE_CURVE('',#4941,#4933,#4943,.T.);
#4941 = VERTEX_POINT('',#4942);
#4942 = CARTESIAN_POINT('',(3.825,-2.47,2.05));
#4943 = LINE('',#4944,#4945);
#4944 = CARTESIAN_POINT('',(-0.25,-2.47,2.05));
#4945 = VECTOR('',#4946,1.);
#4946 = DIRECTION('',(-1.,0.,0.));
#4947 = ORIENTED_EDGE('',*,*,#4948,.T.);
#4948 = EDGE_CURVE('',#4941,#4949,#4951,.T.);
#4949 = VERTEX_POINT('',#4950);
#4950 = CARTESIAN_POINT('',(3.825,-2.47,1.945));
#4951 = LINE('',#4952,#4953);
#4952 = CARTESIAN_POINT('',(3.825,-2.47,0.507892234548));
#4953 = VECTOR('',#4954,1.);
#4954 = DIRECTION('',(0.,-2.22044604925E-16,-1.));
#4955 = ORIENTED_EDGE('',*,*,#4956,.T.);
#4956 = EDGE_CURVE('',#4949,#4957,#4959,.T.);
#4957 = VERTEX_POINT('',#4958);
#4958 = CARTESIAN_POINT('',(4.125,-2.47,1.945));
#4959 = LINE('',#4960,#4961);
#4960 = CARTESIAN_POINT('',(3.625,-2.47,1.945));
#4961 = VECTOR('',#4962,1.);
#4962 = DIRECTION('',(1.,0.,0.));
#4963 = ORIENTED_EDGE('',*,*,#4964,.T.);
#4964 = EDGE_CURVE('',#4957,#4965,#4967,.T.);
#4965 = VERTEX_POINT('',#4966);
#4966 = CARTESIAN_POINT('',(4.125,-2.47,4.245));
#4967 = LINE('',#4968,#4969);
#4968 = CARTESIAN_POINT('',(4.125,-2.47,-4.999999999999E-03));
#4969 = VECTOR('',#4970,1.);
#4970 = DIRECTION('',(0.,2.22044604925E-16,1.));
#4971 = ORIENTED_EDGE('',*,*,#4972,.F.);
#4972 = EDGE_CURVE('',#4615,#4965,#4973,.T.);
#4973 = LINE('',#4974,#4975);
#4974 = CARTESIAN_POINT('',(-4.125,-2.47,4.245));
#4975 = VECTOR('',#4976,1.);
#4976 = DIRECTION('',(1.,0.,0.));
#4977 = FACE_BOUND('',#4978,.T.);
#4978 = EDGE_LOOP('',(#4979,#4989,#4997,#5005));
#4979 = ORIENTED_EDGE('',*,*,#4980,.T.);
#4980 = EDGE_CURVE('',#4981,#4983,#4985,.T.);
#4981 = VERTEX_POINT('',#4982);
#4982 = CARTESIAN_POINT('',(-2.225,-2.47,2.44));
#4983 = VERTEX_POINT('',#4984);
#4984 = CARTESIAN_POINT('',(-2.225,-2.47,3.84));
#4985 = LINE('',#4986,#4987);
#4986 = CARTESIAN_POINT('',(-2.225,-2.47,2.44));
#4987 = VECTOR('',#4988,1.);
#4988 = DIRECTION('',(0.,2.22044604925E-16,1.));
#4989 = ORIENTED_EDGE('',*,*,#4990,.T.);
#4990 = EDGE_CURVE('',#4983,#4991,#4993,.T.);
#4991 = VERTEX_POINT('',#4992);
#4992 = CARTESIAN_POINT('',(2.225,-2.47,3.84));
#4993 = LINE('',#4994,#4995);
#4994 = CARTESIAN_POINT('',(-2.225,-2.47,3.84));
#4995 = VECTOR('',#4996,1.);
#4996 = DIRECTION('',(1.,0.,0.));
#4997 = ORIENTED_EDGE('',*,*,#4998,.F.);
#4998 = EDGE_CURVE('',#4999,#4991,#5001,.T.);
#4999 = VERTEX_POINT('',#5000);
#5000 = CARTESIAN_POINT('',(2.225,-2.47,2.44));
#5001 = LINE('',#5002,#5003);
#5002 = CARTESIAN_POINT('',(2.225,-2.47,2.44));
#5003 = VECTOR('',#5004,1.);
#5004 = DIRECTION('',(0.,2.22044604925E-16,1.));
#5005 = ORIENTED_EDGE('',*,*,#5006,.F.);
#5006 = EDGE_CURVE('',#4981,#4999,#5007,.T.);
#5007 = LINE('',#5008,#5009);
#5008 = CARTESIAN_POINT('',(-2.225,-2.47,2.44));
#5009 = VECTOR('',#5010,1.);
#5010 = DIRECTION('',(1.,0.,0.));
#5011 = FACE_BOUND('',#5012,.T.);
#5012 = EDGE_LOOP('',(#5013,#5023,#5031,#5039,#5047,#5055,#5063,#5071,
    #5079,#5087,#5095,#5103,#5111,#5119,#5127,#5135,#5143,#5151,#5159,
    #5167,#5175,#5183,#5191,#5199,#5207,#5215,#5223,#5231,#5239,#5247,
    #5255,#5263,#5271,#5279,#5287,#5295,#5303,#5311,#5319,#5327));
#5013 = ORIENTED_EDGE('',*,*,#5014,.F.);
#5014 = EDGE_CURVE('',#5015,#5017,#5019,.T.);
#5015 = VERTEX_POINT('',#5016);
#5016 = CARTESIAN_POINT('',(3.125,-2.47,0.595));
#5017 = VERTEX_POINT('',#5018);
#5018 = CARTESIAN_POINT('',(3.125,-2.47,2.645));
#5019 = LINE('',#5020,#5021);
#5020 = CARTESIAN_POINT('',(3.125,-2.47,0.595));
#5021 = VECTOR('',#5022,1.);
#5022 = DIRECTION('',(0.,2.22044604925E-16,1.));
#5023 = ORIENTED_EDGE('',*,*,#5024,.F.);
#5024 = EDGE_CURVE('',#5025,#5015,#5027,.T.);
#5025 = VERTEX_POINT('',#5026);
#5026 = CARTESIAN_POINT('',(-3.125,-2.47,0.595));
#5027 = LINE('',#5028,#5029);
#5028 = CARTESIAN_POINT('',(-3.125,-2.47,0.595));
#5029 = VECTOR('',#5030,1.);
#5030 = DIRECTION('',(1.,0.,0.));
#5031 = ORIENTED_EDGE('',*,*,#5032,.F.);
#5032 = EDGE_CURVE('',#5033,#5025,#5035,.T.);
#5033 = VERTEX_POINT('',#5034);
#5034 = CARTESIAN_POINT('',(-3.125,-2.47,2.645));
#5035 = LINE('',#5036,#5037);
#5036 = CARTESIAN_POINT('',(-3.125,-2.47,2.645));
#5037 = VECTOR('',#5038,1.);
#5038 = DIRECTION('',(0.,-2.22044604925E-16,-1.));
#5039 = ORIENTED_EDGE('',*,*,#5040,.F.);
#5040 = EDGE_CURVE('',#5041,#5033,#5043,.T.);
#5041 = VERTEX_POINT('',#5042);
#5042 = CARTESIAN_POINT('',(-2.625,-2.47,2.645));
#5043 = LINE('',#5044,#5045);
#5044 = CARTESIAN_POINT('',(-2.625,-2.47,2.645));
#5045 = VECTOR('',#5046,1.);
#5046 = DIRECTION('',(-1.,0.,0.));
#5047 = ORIENTED_EDGE('',*,*,#5048,.F.);
#5048 = EDGE_CURVE('',#5049,#5041,#5051,.T.);
#5049 = VERTEX_POINT('',#5050);
#5050 = CARTESIAN_POINT('',(-2.625,-2.47,2.145));
#5051 = LINE('',#5052,#5053);
#5052 = CARTESIAN_POINT('',(-2.625,-2.47,2.145));
#5053 = VECTOR('',#5054,1.);
#5054 = DIRECTION('',(0.,2.22044604925E-16,1.));
#5055 = ORIENTED_EDGE('',*,*,#5056,.F.);
#5056 = EDGE_CURVE('',#5057,#5049,#5059,.T.);
#5057 = VERTEX_POINT('',#5058);
#5058 = CARTESIAN_POINT('',(-2.125,-2.47,2.145));
#5059 = LINE('',#5060,#5061);
#5060 = CARTESIAN_POINT('',(-2.125,-2.47,2.145));
#5061 = VECTOR('',#5062,1.);
#5062 = DIRECTION('',(-1.,0.,0.));
#5063 = ORIENTED_EDGE('',*,*,#5064,.F.);
#5064 = EDGE_CURVE('',#5065,#5057,#5067,.T.);
#5065 = VERTEX_POINT('',#5066);
#5066 = CARTESIAN_POINT('',(-2.125,-2.47,1.945));
#5067 = LINE('',#5068,#5069);
#5068 = CARTESIAN_POINT('',(-2.125,-2.47,1.945));
#5069 = VECTOR('',#5070,1.);
#5070 = DIRECTION('',(0.,2.22044604925E-16,1.));
#5071 = ORIENTED_EDGE('',*,*,#5072,.F.);
#5072 = EDGE_CURVE('',#5073,#5065,#5075,.T.);
#5073 = VERTEX_POINT('',#5074);
#5074 = CARTESIAN_POINT('',(-1.975,-2.47,1.945));
#5075 = LINE('',#5076,#5077);
#5076 = CARTESIAN_POINT('',(-1.975,-2.47,1.945));
#5077 = VECTOR('',#5078,1.);
#5078 = DIRECTION('',(-1.,0.,0.));
#5079 = ORIENTED_EDGE('',*,*,#5080,.F.);
#5080 = EDGE_CURVE('',#5081,#5073,#5083,.T.);
#5081 = VERTEX_POINT('',#5082);
#5082 = CARTESIAN_POINT('',(-1.975,-2.47,2.145));
#5083 = LINE('',#5084,#5085);
#5084 = CARTESIAN_POINT('',(-1.975,-2.47,2.145));
#5085 = VECTOR('',#5086,1.);
#5086 = DIRECTION('',(0.,-2.22044604925E-16,-1.));
#5087 = ORIENTED_EDGE('',*,*,#5088,.F.);
#5088 = EDGE_CURVE('',#5089,#5081,#5091,.T.);
#5089 = VERTEX_POINT('',#5090);
#5090 = CARTESIAN_POINT('',(-1.775,-2.47,2.145));
#5091 = LINE('',#5092,#5093);
#5092 = CARTESIAN_POINT('',(-1.775,-2.47,2.145));
#5093 = VECTOR('',#5094,1.);
#5094 = DIRECTION('',(-1.,0.,0.));
#5095 = ORIENTED_EDGE('',*,*,#5096,.F.);
#5096 = EDGE_CURVE('',#5097,#5089,#5099,.T.);
#5097 = VERTEX_POINT('',#5098);
#5098 = CARTESIAN_POINT('',(-1.775,-2.47,1.945));
#5099 = LINE('',#5100,#5101);
#5100 = CARTESIAN_POINT('',(-1.775,-2.47,1.945));
#5101 = VECTOR('',#5102,1.);
#5102 = DIRECTION('',(0.,2.22044604925E-16,1.));
#5103 = ORIENTED_EDGE('',*,*,#5104,.F.);
#5104 = EDGE_CURVE('',#5105,#5097,#5107,.T.);
#5105 = VERTEX_POINT('',#5106);
#5106 = CARTESIAN_POINT('',(-1.625,-2.47,1.945));
#5107 = LINE('',#5108,#5109);
#5108 = CARTESIAN_POINT('',(-1.625,-2.47,1.945));
#5109 = VECTOR('',#5110,1.);
#5110 = DIRECTION('',(-1.,0.,0.));
#5111 = ORIENTED_EDGE('',*,*,#5112,.F.);
#5112 = EDGE_CURVE('',#5113,#5105,#5115,.T.);
#5113 = VERTEX_POINT('',#5114);
#5114 = CARTESIAN_POINT('',(-1.625,-2.47,2.145));
#5115 = LINE('',#5116,#5117);
#5116 = CARTESIAN_POINT('',(-1.625,-2.47,2.145));
#5117 = VECTOR('',#5118,1.);
#5118 = DIRECTION('',(0.,-2.22044604925E-16,-1.));
#5119 = ORIENTED_EDGE('',*,*,#5120,.F.);
#5120 = EDGE_CURVE('',#5121,#5113,#5123,.T.);
#5121 = VERTEX_POINT('',#5122);
#5122 = CARTESIAN_POINT('',(-0.875,-2.47,2.145));
#5123 = LINE('',#5124,#5125);
#5124 = CARTESIAN_POINT('',(-0.875,-2.47,2.145));
#5125 = VECTOR('',#5126,1.);
#5126 = DIRECTION('',(-1.,0.,0.));
#5127 = ORIENTED_EDGE('',*,*,#5128,.F.);
#5128 = EDGE_CURVE('',#5129,#5121,#5131,.T.);
#5129 = VERTEX_POINT('',#5130);
#5130 = CARTESIAN_POINT('',(-0.875,-2.47,1.945));
#5131 = LINE('',#5132,#5133);
#5132 = CARTESIAN_POINT('',(-0.875,-2.47,1.945));
#5133 = VECTOR('',#5134,1.);
#5134 = DIRECTION('',(0.,2.22044604925E-16,1.));
#5135 = ORIENTED_EDGE('',*,*,#5136,.F.);
#5136 = EDGE_CURVE('',#5137,#5129,#5139,.T.);
#5137 = VERTEX_POINT('',#5138);
#5138 = CARTESIAN_POINT('',(-0.725,-2.47,1.945));
#5139 = LINE('',#5140,#5141);
#5140 = CARTESIAN_POINT('',(-0.725,-2.47,1.945));
#5141 = VECTOR('',#5142,1.);
#5142 = DIRECTION('',(-1.,0.,0.));
#5143 = ORIENTED_EDGE('',*,*,#5144,.F.);
#5144 = EDGE_CURVE('',#5145,#5137,#5147,.T.);
#5145 = VERTEX_POINT('',#5146);
#5146 = CARTESIAN_POINT('',(-0.725,-2.47,2.145));
#5147 = LINE('',#5148,#5149);
#5148 = CARTESIAN_POINT('',(-0.725,-2.47,2.145));
#5149 = VECTOR('',#5150,1.);
#5150 = DIRECTION('',(0.,-2.22044604925E-16,-1.));
#5151 = ORIENTED_EDGE('',*,*,#5152,.F.);
#5152 = EDGE_CURVE('',#5153,#5145,#5155,.T.);
#5153 = VERTEX_POINT('',#5154);
#5154 = CARTESIAN_POINT('',(-0.525,-2.47,2.145));
#5155 = LINE('',#5156,#5157);
#5156 = CARTESIAN_POINT('',(-0.525,-2.47,2.145));
#5157 = VECTOR('',#5158,1.);
#5158 = DIRECTION('',(-1.,0.,0.));
#5159 = ORIENTED_EDGE('',*,*,#5160,.F.);
#5160 = EDGE_CURVE('',#5161,#5153,#5163,.T.);
#5161 = VERTEX_POINT('',#5162);
#5162 = CARTESIAN_POINT('',(-0.525,-2.47,1.945));
#5163 = LINE('',#5164,#5165);
#5164 = CARTESIAN_POINT('',(-0.525,-2.47,1.945));
#5165 = VECTOR('',#5166,1.);
#5166 = DIRECTION('',(0.,2.22044604925E-16,1.));
#5167 = ORIENTED_EDGE('',*,*,#5168,.F.);
#5168 = EDGE_CURVE('',#5169,#5161,#5171,.T.);
#5169 = VERTEX_POINT('',#5170);
#5170 = CARTESIAN_POINT('',(-0.375,-2.47,1.945));
#5171 = LINE('',#5172,#5173);
#5172 = CARTESIAN_POINT('',(-0.375,-2.47,1.945));
#5173 = VECTOR('',#5174,1.);
#5174 = DIRECTION('',(-1.,0.,0.));
#5175 = ORIENTED_EDGE('',*,*,#5176,.F.);
#5176 = EDGE_CURVE('',#5177,#5169,#5179,.T.);
#5177 = VERTEX_POINT('',#5178);
#5178 = CARTESIAN_POINT('',(-0.375,-2.47,2.145));
#5179 = LINE('',#5180,#5181);
#5180 = CARTESIAN_POINT('',(-0.375,-2.47,2.145));
#5181 = VECTOR('',#5182,1.);
#5182 = DIRECTION('',(0.,-2.22044604925E-16,-1.));
#5183 = ORIENTED_EDGE('',*,*,#5184,.F.);
#5184 = EDGE_CURVE('',#5185,#5177,#5187,.T.);
#5185 = VERTEX_POINT('',#5186);
#5186 = CARTESIAN_POINT('',(0.375,-2.47,2.145));
#5187 = LINE('',#5188,#5189);
#5188 = CARTESIAN_POINT('',(0.375,-2.47,2.145));
#5189 = VECTOR('',#5190,1.);
#5190 = DIRECTION('',(-1.,0.,0.));
#5191 = ORIENTED_EDGE('',*,*,#5192,.F.);
#5192 = EDGE_CURVE('',#5193,#5185,#5195,.T.);
#5193 = VERTEX_POINT('',#5194);
#5194 = CARTESIAN_POINT('',(0.375,-2.47,1.945));
#5195 = LINE('',#5196,#5197);
#5196 = CARTESIAN_POINT('',(0.375,-2.47,1.945));
#5197 = VECTOR('',#5198,1.);
#5198 = DIRECTION('',(0.,2.22044604925E-16,1.));
#5199 = ORIENTED_EDGE('',*,*,#5200,.F.);
#5200 = EDGE_CURVE('',#5201,#5193,#5203,.T.);
#5201 = VERTEX_POINT('',#5202);
#5202 = CARTESIAN_POINT('',(0.525,-2.47,1.945));
#5203 = LINE('',#5204,#5205);
#5204 = CARTESIAN_POINT('',(0.525,-2.47,1.945));
#5205 = VECTOR('',#5206,1.);
#5206 = DIRECTION('',(-1.,0.,0.));
#5207 = ORIENTED_EDGE('',*,*,#5208,.F.);
#5208 = EDGE_CURVE('',#5209,#5201,#5211,.T.);
#5209 = VERTEX_POINT('',#5210);
#5210 = CARTESIAN_POINT('',(0.525,-2.47,2.145));
#5211 = LINE('',#5212,#5213);
#5212 = CARTESIAN_POINT('',(0.525,-2.47,2.145));
#5213 = VECTOR('',#5214,1.);
#5214 = DIRECTION('',(0.,-2.22044604925E-16,-1.));
#5215 = ORIENTED_EDGE('',*,*,#5216,.F.);
#5216 = EDGE_CURVE('',#5217,#5209,#5219,.T.);
#5217 = VERTEX_POINT('',#5218);
#5218 = CARTESIAN_POINT('',(0.725,-2.47,2.145));
#5219 = LINE('',#5220,#5221);
#5220 = CARTESIAN_POINT('',(0.725,-2.47,2.145));
#5221 = VECTOR('',#5222,1.);
#5222 = DIRECTION('',(-1.,0.,0.));
#5223 = ORIENTED_EDGE('',*,*,#5224,.F.);
#5224 = EDGE_CURVE('',#5225,#5217,#5227,.T.);
#5225 = VERTEX_POINT('',#5226);
#5226 = CARTESIAN_POINT('',(0.725,-2.47,1.945));
#5227 = LINE('',#5228,#5229);
#5228 = CARTESIAN_POINT('',(0.725,-2.47,1.945));
#5229 = VECTOR('',#5230,1.);
#5230 = DIRECTION('',(0.,2.22044604925E-16,1.));
#5231 = ORIENTED_EDGE('',*,*,#5232,.F.);
#5232 = EDGE_CURVE('',#5233,#5225,#5235,.T.);
#5233 = VERTEX_POINT('',#5234);
#5234 = CARTESIAN_POINT('',(0.875,-2.47,1.945));
#5235 = LINE('',#5236,#5237);
#5236 = CARTESIAN_POINT('',(0.875,-2.47,1.945));
#5237 = VECTOR('',#5238,1.);
#5238 = DIRECTION('',(-1.,0.,0.));
#5239 = ORIENTED_EDGE('',*,*,#5240,.F.);
#5240 = EDGE_CURVE('',#5241,#5233,#5243,.T.);
#5241 = VERTEX_POINT('',#5242);
#5242 = CARTESIAN_POINT('',(0.875,-2.47,2.145));
#5243 = LINE('',#5244,#5245);
#5244 = CARTESIAN_POINT('',(0.875,-2.47,2.145));
#5245 = VECTOR('',#5246,1.);
#5246 = DIRECTION('',(0.,-2.22044604925E-16,-1.));
#5247 = ORIENTED_EDGE('',*,*,#5248,.F.);
#5248 = EDGE_CURVE('',#5249,#5241,#5251,.T.);
#5249 = VERTEX_POINT('',#5250);
#5250 = CARTESIAN_POINT('',(1.625,-2.47,2.145));
#5251 = LINE('',#5252,#5253);
#5252 = CARTESIAN_POINT('',(1.625,-2.47,2.145));
#5253 = VECTOR('',#5254,1.);
#5254 = DIRECTION('',(-1.,0.,0.));
#5255 = ORIENTED_EDGE('',*,*,#5256,.F.);
#5256 = EDGE_CURVE('',#5257,#5249,#5259,.T.);
#5257 = VERTEX_POINT('',#5258);
#5258 = CARTESIAN_POINT('',(1.625,-2.47,1.945));
#5259 = LINE('',#5260,#5261);
#5260 = CARTESIAN_POINT('',(1.625,-2.47,1.945));
#5261 = VECTOR('',#5262,1.);
#5262 = DIRECTION('',(0.,2.22044604925E-16,1.));
#5263 = ORIENTED_EDGE('',*,*,#5264,.F.);
#5264 = EDGE_CURVE('',#5265,#5257,#5267,.T.);
#5265 = VERTEX_POINT('',#5266);
#5266 = CARTESIAN_POINT('',(1.775,-2.47,1.945));
#5267 = LINE('',#5268,#5269);
#5268 = CARTESIAN_POINT('',(1.775,-2.47,1.945));
#5269 = VECTOR('',#5270,1.);
#5270 = DIRECTION('',(-1.,0.,0.));
#5271 = ORIENTED_EDGE('',*,*,#5272,.F.);
#5272 = EDGE_CURVE('',#5273,#5265,#5275,.T.);
#5273 = VERTEX_POINT('',#5274);
#5274 = CARTESIAN_POINT('',(1.775,-2.47,2.145));
#5275 = LINE('',#5276,#5277);
#5276 = CARTESIAN_POINT('',(1.775,-2.47,2.145));
#5277 = VECTOR('',#5278,1.);
#5278 = DIRECTION('',(0.,-2.22044604925E-16,-1.));
#5279 = ORIENTED_EDGE('',*,*,#5280,.F.);
#5280 = EDGE_CURVE('',#5281,#5273,#5283,.T.);
#5281 = VERTEX_POINT('',#5282);
#5282 = CARTESIAN_POINT('',(1.975,-2.47,2.145));
#5283 = LINE('',#5284,#5285);
#5284 = CARTESIAN_POINT('',(1.975,-2.47,2.145));
#5285 = VECTOR('',#5286,1.);
#5286 = DIRECTION('',(-1.,0.,0.));
#5287 = ORIENTED_EDGE('',*,*,#5288,.F.);
#5288 = EDGE_CURVE('',#5289,#5281,#5291,.T.);
#5289 = VERTEX_POINT('',#5290);
#5290 = CARTESIAN_POINT('',(1.975,-2.47,1.945));
#5291 = LINE('',#5292,#5293);
#5292 = CARTESIAN_POINT('',(1.975,-2.47,1.945));
#5293 = VECTOR('',#5294,1.);
#5294 = DIRECTION('',(0.,2.22044604925E-16,1.));
#5295 = ORIENTED_EDGE('',*,*,#5296,.F.);
#5296 = EDGE_CURVE('',#5297,#5289,#5299,.T.);
#5297 = VERTEX_POINT('',#5298);
#5298 = CARTESIAN_POINT('',(2.125,-2.47,1.945));
#5299 = LINE('',#5300,#5301);
#5300 = CARTESIAN_POINT('',(2.125,-2.47,1.945));
#5301 = VECTOR('',#5302,1.);
#5302 = DIRECTION('',(-1.,0.,0.));
#5303 = ORIENTED_EDGE('',*,*,#5304,.F.);
#5304 = EDGE_CURVE('',#5305,#5297,#5307,.T.);
#5305 = VERTEX_POINT('',#5306);
#5306 = CARTESIAN_POINT('',(2.125,-2.47,2.145));
#5307 = LINE('',#5308,#5309);
#5308 = CARTESIAN_POINT('',(2.125,-2.47,2.145));
#5309 = VECTOR('',#5310,1.);
#5310 = DIRECTION('',(0.,-2.22044604925E-16,-1.));
#5311 = ORIENTED_EDGE('',*,*,#5312,.F.);
#5312 = EDGE_CURVE('',#5313,#5305,#5315,.T.);
#5313 = VERTEX_POINT('',#5314);
#5314 = CARTESIAN_POINT('',(2.625,-2.47,2.145));
#5315 = LINE('',#5316,#5317);
#5316 = CARTESIAN_POINT('',(2.625,-2.47,2.145));
#5317 = VECTOR('',#5318,1.);
#5318 = DIRECTION('',(-1.,0.,0.));
#5319 = ORIENTED_EDGE('',*,*,#5320,.F.);
#5320 = EDGE_CURVE('',#5321,#5313,#5323,.T.);
#5321 = VERTEX_POINT('',#5322);
#5322 = CARTESIAN_POINT('',(2.625,-2.47,2.645));
#5323 = LINE('',#5324,#5325);
#5324 = CARTESIAN_POINT('',(2.625,-2.47,2.645));
#5325 = VECTOR('',#5326,1.);
#5326 = DIRECTION('',(0.,-2.22044604925E-16,-1.));
#5327 = ORIENTED_EDGE('',*,*,#5328,.F.);
#5328 = EDGE_CURVE('',#5017,#5321,#5329,.T.);
#5329 = LINE('',#5330,#5331);
#5330 = CARTESIAN_POINT('',(3.125,-2.47,2.645));
#5331 = VECTOR('',#5332,1.);
#5332 = DIRECTION('',(-1.,0.,0.));
#5333 = FACE_BOUND('',#5334,.T.);
#5334 = EDGE_LOOP('',(#5335,#5345,#5353,#5361));
#5335 = ORIENTED_EDGE('',*,*,#5336,.T.);
#5336 = EDGE_CURVE('',#5337,#5339,#5341,.T.);
#5337 = VERTEX_POINT('',#5338);
#5338 = CARTESIAN_POINT('',(-3.775,-2.47,3.295));
#5339 = VERTEX_POINT('',#5340);
#5340 = CARTESIAN_POINT('',(-3.775,-2.47,3.895));
#5341 = LINE('',#5342,#5343);
#5342 = CARTESIAN_POINT('',(-3.775,-2.47,3.295));
#5343 = VECTOR('',#5344,1.);
#5344 = DIRECTION('',(0.,2.22044604925E-16,1.));
#5345 = ORIENTED_EDGE('',*,*,#5346,.T.);
#5346 = EDGE_CURVE('',#5339,#5347,#5349,.T.);
#5347 = VERTEX_POINT('',#5348);
#5348 = CARTESIAN_POINT('',(-2.675,-2.47,3.895));
#5349 = LINE('',#5350,#5351);
#5350 = CARTESIAN_POINT('',(-3.775,-2.47,3.895));
#5351 = VECTOR('',#5352,1.);
#5352 = DIRECTION('',(1.,0.,0.));
#5353 = ORIENTED_EDGE('',*,*,#5354,.F.);
#5354 = EDGE_CURVE('',#5355,#5347,#5357,.T.);
#5355 = VERTEX_POINT('',#5356);
#5356 = CARTESIAN_POINT('',(-2.675,-2.47,3.295));
#5357 = LINE('',#5358,#5359);
#5358 = CARTESIAN_POINT('',(-2.675,-2.47,3.295));
#5359 = VECTOR('',#5360,1.);
#5360 = DIRECTION('',(0.,2.22044604925E-16,1.));
#5361 = ORIENTED_EDGE('',*,*,#5362,.F.);
#5362 = EDGE_CURVE('',#5337,#5355,#5363,.T.);
#5363 = LINE('',#5364,#5365);
#5364 = CARTESIAN_POINT('',(-3.775,-2.47,3.295));
#5365 = VECTOR('',#5366,1.);
#5366 = DIRECTION('',(1.,0.,0.));
#5367 = FACE_BOUND('',#5368,.T.);
#5368 = EDGE_LOOP('',(#5369,#5379,#5387,#5395));
#5369 = ORIENTED_EDGE('',*,*,#5370,.T.);
#5370 = EDGE_CURVE('',#5371,#5373,#5375,.T.);
#5371 = VERTEX_POINT('',#5372);
#5372 = CARTESIAN_POINT('',(2.675,-2.47,3.295));
#5373 = VERTEX_POINT('',#5374);
#5374 = CARTESIAN_POINT('',(2.675,-2.47,3.895));
#5375 = LINE('',#5376,#5377);
#5376 = CARTESIAN_POINT('',(2.675,-2.47,3.295));
#5377 = VECTOR('',#5378,1.);
#5378 = DIRECTION('',(0.,2.22044604925E-16,1.));
#5379 = ORIENTED_EDGE('',*,*,#5380,.T.);
#5380 = EDGE_CURVE('',#5373,#5381,#5383,.T.);
#5381 = VERTEX_POINT('',#5382);
#5382 = CARTESIAN_POINT('',(3.775,-2.47,3.895));
#5383 = LINE('',#5384,#5385);
#5384 = CARTESIAN_POINT('',(2.675,-2.47,3.895));
#5385 = VECTOR('',#5386,1.);
#5386 = DIRECTION('',(1.,0.,0.));
#5387 = ORIENTED_EDGE('',*,*,#5388,.F.);
#5388 = EDGE_CURVE('',#5389,#5381,#5391,.T.);
#5389 = VERTEX_POINT('',#5390);
#5390 = CARTESIAN_POINT('',(3.775,-2.47,3.295));
#5391 = LINE('',#5392,#5393);
#5392 = CARTESIAN_POINT('',(3.775,-2.47,3.295));
#5393 = VECTOR('',#5394,1.);
#5394 = DIRECTION('',(0.,2.22044604925E-16,1.));
#5395 = ORIENTED_EDGE('',*,*,#5396,.F.);
#5396 = EDGE_CURVE('',#5371,#5389,#5397,.T.);
#5397 = LINE('',#5398,#5399);
#5398 = CARTESIAN_POINT('',(2.675,-2.47,3.295));
#5399 = VECTOR('',#5400,1.);
#5400 = DIRECTION('',(1.,0.,0.));
#5401 = PLANE('',#5402);
#5402 = AXIS2_PLACEMENT_3D('',#5403,#5404,#5405);
#5403 = CARTESIAN_POINT('',(-4.125,-2.47,-4.999999999999E-03));
#5404 = DIRECTION('',(0.,-1.,2.22044604925E-16));
#5405 = DIRECTION('',(1.,0.,0.));
#5406 = ADVANCED_FACE('',(#5407),#5457,.T.);
#5407 = FACE_BOUND('',#5408,.T.);
#5408 = EDGE_LOOP('',(#5409,#5419,#5427,#5433,#5434,#5435,#5443,#5451));
#5409 = ORIENTED_EDGE('',*,*,#5410,.F.);
#5410 = EDGE_CURVE('',#5411,#5413,#5415,.T.);
#5411 = VERTEX_POINT('',#5412);
#5412 = CARTESIAN_POINT('',(-3.625,1.58,4.245));
#5413 = VERTEX_POINT('',#5414);
#5414 = CARTESIAN_POINT('',(3.625,1.58,4.245));
#5415 = LINE('',#5416,#5417);
#5416 = CARTESIAN_POINT('',(-4.125,1.58,4.245));
#5417 = VECTOR('',#5418,1.);
#5418 = DIRECTION('',(1.,0.,0.));
#5419 = ORIENTED_EDGE('',*,*,#5420,.F.);
#5420 = EDGE_CURVE('',#5421,#5411,#5423,.T.);
#5421 = VERTEX_POINT('',#5422);
#5422 = CARTESIAN_POINT('',(-3.625,-0.32,4.245));
#5423 = LINE('',#5424,#5425);
#5424 = CARTESIAN_POINT('',(-3.625,-0.32,4.245));
#5425 = VECTOR('',#5426,1.);
#5426 = DIRECTION('',(0.,1.,-2.22044604925E-16));
#5427 = ORIENTED_EDGE('',*,*,#5428,.F.);
#5428 = EDGE_CURVE('',#4607,#5421,#5429,.T.);
#5429 = LINE('',#5430,#5431);
#5430 = CARTESIAN_POINT('',(-4.125,-0.32,4.245));
#5431 = VECTOR('',#5432,1.);
#5432 = DIRECTION('',(1.,0.,0.));
#5433 = ORIENTED_EDGE('',*,*,#4614,.T.);
#5434 = ORIENTED_EDGE('',*,*,#4972,.T.);
#5435 = ORIENTED_EDGE('',*,*,#5436,.F.);
#5436 = EDGE_CURVE('',#5437,#4965,#5439,.T.);
#5437 = VERTEX_POINT('',#5438);
#5438 = CARTESIAN_POINT('',(4.125,-0.32,4.245));
#5439 = LINE('',#5440,#5441);
#5440 = CARTESIAN_POINT('',(4.125,1.58,4.245));
#5441 = VECTOR('',#5442,1.);
#5442 = DIRECTION('',(0.,-1.,2.22044604925E-16));
#5443 = ORIENTED_EDGE('',*,*,#5444,.F.);
#5444 = EDGE_CURVE('',#5445,#5437,#5447,.T.);
#5445 = VERTEX_POINT('',#5446);
#5446 = CARTESIAN_POINT('',(3.625,-0.32,4.245));
#5447 = LINE('',#5448,#5449);
#5448 = CARTESIAN_POINT('',(3.625,-0.32,4.245));
#5449 = VECTOR('',#5450,1.);
#5450 = DIRECTION('',(1.,0.,0.));
#5451 = ORIENTED_EDGE('',*,*,#5452,.T.);
#5452 = EDGE_CURVE('',#5445,#5413,#5453,.T.);
#5453 = LINE('',#5454,#5455);
#5454 = CARTESIAN_POINT('',(3.625,-0.32,4.245));
#5455 = VECTOR('',#5456,1.);
#5456 = DIRECTION('',(0.,1.,-2.22044604925E-16));
#5457 = PLANE('',#5458);
#5458 = AXIS2_PLACEMENT_3D('',#5459,#5460,#5461);
#5459 = CARTESIAN_POINT('',(-4.125,1.58,4.245));
#5460 = DIRECTION('',(0.,2.22044604925E-16,1.));
#5461 = DIRECTION('',(0.,-1.,2.22044604925E-16));
#5462 = ADVANCED_FACE('',(#5463),#5481,.F.);
#5463 = FACE_BOUND('',#5464,.F.);
#5464 = EDGE_LOOP('',(#5465,#5473,#5479,#5480));
#5465 = ORIENTED_EDGE('',*,*,#5466,.T.);
#5466 = EDGE_CURVE('',#4599,#5467,#5469,.T.);
#5467 = VERTEX_POINT('',#5468);
#5468 = CARTESIAN_POINT('',(-3.625,-0.32,3.595));
#5469 = LINE('',#5470,#5471);
#5470 = CARTESIAN_POINT('',(-4.125,-0.32,3.595));
#5471 = VECTOR('',#5472,1.);
#5472 = DIRECTION('',(1.,0.,0.));
#5473 = ORIENTED_EDGE('',*,*,#5474,.T.);
#5474 = EDGE_CURVE('',#5467,#5421,#5475,.T.);
#5475 = LINE('',#5476,#5477);
#5476 = CARTESIAN_POINT('',(-3.625,-0.32,3.595));
#5477 = VECTOR('',#5478,1.);
#5478 = DIRECTION('',(0.,2.22044604925E-16,1.));
#5479 = ORIENTED_EDGE('',*,*,#5428,.F.);
#5480 = ORIENTED_EDGE('',*,*,#4606,.F.);
#5481 = PLANE('',#5482);
#5482 = AXIS2_PLACEMENT_3D('',#5483,#5484,#5485);
#5483 = CARTESIAN_POINT('',(-4.125,-0.32,3.595));
#5484 = DIRECTION('',(0.,-1.,2.22044604925E-16));
#5485 = DIRECTION('',(0.,2.22044604925E-16,1.));
#5486 = ADVANCED_FACE('',(#5487),#5505,.F.);
#5487 = FACE_BOUND('',#5488,.F.);
#5488 = EDGE_LOOP('',(#5489,#5497,#5503,#5504));
#5489 = ORIENTED_EDGE('',*,*,#5490,.T.);
#5490 = EDGE_CURVE('',#4591,#5491,#5493,.T.);
#5491 = VERTEX_POINT('',#5492);
#5492 = CARTESIAN_POINT('',(-3.625,0.98,3.595));
#5493 = LINE('',#5494,#5495);
#5494 = CARTESIAN_POINT('',(-4.125,0.98,3.595));
#5495 = VECTOR('',#5496,1.);
#5496 = DIRECTION('',(1.,0.,0.));
#5497 = ORIENTED_EDGE('',*,*,#5498,.T.);
#5498 = EDGE_CURVE('',#5491,#5467,#5499,.T.);
#5499 = LINE('',#5500,#5501);
#5500 = CARTESIAN_POINT('',(-3.625,0.98,3.595));
#5501 = VECTOR('',#5502,1.);
#5502 = DIRECTION('',(0.,-1.,2.22044604925E-16));
#5503 = ORIENTED_EDGE('',*,*,#5466,.F.);
#5504 = ORIENTED_EDGE('',*,*,#4598,.F.);
#5505 = PLANE('',#5506);
#5506 = AXIS2_PLACEMENT_3D('',#5507,#5508,#5509);
#5507 = CARTESIAN_POINT('',(-4.125,0.98,3.595));
#5508 = DIRECTION('',(0.,-2.22044604925E-16,-1.));
#5509 = DIRECTION('',(0.,-1.,2.22044604925E-16));
#5510 = ADVANCED_FACE('',(#5511),#5529,.F.);
#5511 = FACE_BOUND('',#5512,.F.);
#5512 = EDGE_LOOP('',(#5513,#5521,#5527,#5528));
#5513 = ORIENTED_EDGE('',*,*,#5514,.T.);
#5514 = EDGE_CURVE('',#4583,#5515,#5517,.T.);
#5515 = VERTEX_POINT('',#5516);
#5516 = CARTESIAN_POINT('',(-3.625,0.98,1.995));
#5517 = LINE('',#5518,#5519);
#5518 = CARTESIAN_POINT('',(-4.125,0.98,1.995));
#5519 = VECTOR('',#5520,1.);
#5520 = DIRECTION('',(1.,0.,0.));
#5521 = ORIENTED_EDGE('',*,*,#5522,.T.);
#5522 = EDGE_CURVE('',#5515,#5491,#5523,.T.);
#5523 = LINE('',#5524,#5525);
#5524 = CARTESIAN_POINT('',(-3.625,0.98,1.995));
#5525 = VECTOR('',#5526,1.);
#5526 = DIRECTION('',(0.,2.22044604925E-16,1.));
#5527 = ORIENTED_EDGE('',*,*,#5490,.F.);
#5528 = ORIENTED_EDGE('',*,*,#4590,.F.);
#5529 = PLANE('',#5530);
#5530 = AXIS2_PLACEMENT_3D('',#5531,#5532,#5533);
#5531 = CARTESIAN_POINT('',(-4.125,0.98,1.995));
#5532 = DIRECTION('',(0.,-1.,2.22044604925E-16));
#5533 = DIRECTION('',(0.,2.22044604925E-16,1.));
#5534 = ADVANCED_FACE('',(#5535),#5553,.F.);
#5535 = FACE_BOUND('',#5536,.F.);
#5536 = EDGE_LOOP('',(#5537,#5545,#5551,#5552));
#5537 = ORIENTED_EDGE('',*,*,#5538,.T.);
#5538 = EDGE_CURVE('',#4575,#5539,#5541,.T.);
#5539 = VERTEX_POINT('',#5540);
#5540 = CARTESIAN_POINT('',(-3.625,1.58,1.995));
#5541 = LINE('',#5542,#5543);
#5542 = CARTESIAN_POINT('',(-4.125,1.58,1.995));
#5543 = VECTOR('',#5544,1.);
#5544 = DIRECTION('',(1.,0.,0.));
#5545 = ORIENTED_EDGE('',*,*,#5546,.T.);
#5546 = EDGE_CURVE('',#5539,#5515,#5547,.T.);
#5547 = LINE('',#5548,#5549);
#5548 = CARTESIAN_POINT('',(-3.625,1.58,1.995));
#5549 = VECTOR('',#5550,1.);
#5550 = DIRECTION('',(0.,-1.,2.22044604925E-16));
#5551 = ORIENTED_EDGE('',*,*,#5514,.F.);
#5552 = ORIENTED_EDGE('',*,*,#4582,.F.);
#5553 = PLANE('',#5554);
#5554 = AXIS2_PLACEMENT_3D('',#5555,#5556,#5557);
#5555 = CARTESIAN_POINT('',(-4.125,1.58,1.995));
#5556 = DIRECTION('',(0.,-2.22044604925E-16,-1.));
#5557 = DIRECTION('',(0.,-1.,2.22044604925E-16));
#5558 = ADVANCED_FACE('',(#5559,#5600),#5634,.F.);
#5559 = FACE_BOUND('',#5560,.F.);
#5560 = EDGE_LOOP('',(#5561,#5562,#5570,#5578,#5586,#5592,#5593,#5599));
#5561 = ORIENTED_EDGE('',*,*,#4574,.F.);
#5562 = ORIENTED_EDGE('',*,*,#5563,.T.);
#5563 = EDGE_CURVE('',#4567,#5564,#5566,.T.);
#5564 = VERTEX_POINT('',#5565);
#5565 = CARTESIAN_POINT('',(4.125,1.58,0.945));
#5566 = LINE('',#5567,#5568);
#5567 = CARTESIAN_POINT('',(-4.125,1.58,0.945));
#5568 = VECTOR('',#5569,1.);
#5569 = DIRECTION('',(1.,0.,0.));
#5570 = ORIENTED_EDGE('',*,*,#5571,.T.);
#5571 = EDGE_CURVE('',#5564,#5572,#5574,.T.);
#5572 = VERTEX_POINT('',#5573);
#5573 = CARTESIAN_POINT('',(4.125,1.58,1.995));
#5574 = LINE('',#5575,#5576);
#5575 = CARTESIAN_POINT('',(4.125,1.58,-5.E-03));
#5576 = VECTOR('',#5577,1.);
#5577 = DIRECTION('',(0.,2.22044604925E-16,1.));
#5578 = ORIENTED_EDGE('',*,*,#5579,.F.);
#5579 = EDGE_CURVE('',#5580,#5572,#5582,.T.);
#5580 = VERTEX_POINT('',#5581);
#5581 = CARTESIAN_POINT('',(3.625,1.58,1.995));
#5582 = LINE('',#5583,#5584);
#5583 = CARTESIAN_POINT('',(3.625,1.58,1.995));
#5584 = VECTOR('',#5585,1.);
#5585 = DIRECTION('',(1.,0.,0.));
#5586 = ORIENTED_EDGE('',*,*,#5587,.F.);
#5587 = EDGE_CURVE('',#5413,#5580,#5588,.T.);
#5588 = LINE('',#5589,#5590);
#5589 = CARTESIAN_POINT('',(3.625,1.58,4.245));
#5590 = VECTOR('',#5591,1.);
#5591 = DIRECTION('',(0.,-2.22044604925E-16,-1.));
#5592 = ORIENTED_EDGE('',*,*,#5410,.F.);
#5593 = ORIENTED_EDGE('',*,*,#5594,.T.);
#5594 = EDGE_CURVE('',#5411,#5539,#5595,.T.);
#5595 = LINE('',#5596,#5597);
#5596 = CARTESIAN_POINT('',(-3.625,1.58,4.245));
#5597 = VECTOR('',#5598,1.);
#5598 = DIRECTION('',(0.,-2.22044604925E-16,-1.));
#5599 = ORIENTED_EDGE('',*,*,#5538,.F.);
#5600 = FACE_BOUND('',#5601,.F.);
#5601 = EDGE_LOOP('',(#5602,#5612,#5620,#5628));
#5602 = ORIENTED_EDGE('',*,*,#5603,.T.);
#5603 = EDGE_CURVE('',#5604,#5606,#5608,.T.);
#5604 = VERTEX_POINT('',#5605);
#5605 = CARTESIAN_POINT('',(-2.225,1.58,2.44));
#5606 = VERTEX_POINT('',#5607);
#5607 = CARTESIAN_POINT('',(-2.225,1.58,3.84));
#5608 = LINE('',#5609,#5610);
#5609 = CARTESIAN_POINT('',(-2.225,1.58,2.44));
#5610 = VECTOR('',#5611,1.);
#5611 = DIRECTION('',(0.,2.22044604925E-16,1.));
#5612 = ORIENTED_EDGE('',*,*,#5613,.T.);
#5613 = EDGE_CURVE('',#5606,#5614,#5616,.T.);
#5614 = VERTEX_POINT('',#5615);
#5615 = CARTESIAN_POINT('',(2.225,1.58,3.84));
#5616 = LINE('',#5617,#5618);
#5617 = CARTESIAN_POINT('',(-2.225,1.58,3.84));
#5618 = VECTOR('',#5619,1.);
#5619 = DIRECTION('',(1.,0.,0.));
#5620 = ORIENTED_EDGE('',*,*,#5621,.F.);
#5621 = EDGE_CURVE('',#5622,#5614,#5624,.T.);
#5622 = VERTEX_POINT('',#5623);
#5623 = CARTESIAN_POINT('',(2.225,1.58,2.44));
#5624 = LINE('',#5625,#5626);
#5625 = CARTESIAN_POINT('',(2.225,1.58,2.44));
#5626 = VECTOR('',#5627,1.);
#5627 = DIRECTION('',(0.,2.22044604925E-16,1.));
#5628 = ORIENTED_EDGE('',*,*,#5629,.F.);
#5629 = EDGE_CURVE('',#5604,#5622,#5630,.T.);
#5630 = LINE('',#5631,#5632);
#5631 = CARTESIAN_POINT('',(-2.225,1.58,2.44));
#5632 = VECTOR('',#5633,1.);
#5633 = DIRECTION('',(1.,0.,0.));
#5634 = PLANE('',#5635);
#5635 = AXIS2_PLACEMENT_3D('',#5636,#5637,#5638);
#5636 = CARTESIAN_POINT('',(-4.125,1.58,-5.E-03));
#5637 = DIRECTION('',(0.,-1.,2.22044604925E-16));
#5638 = DIRECTION('',(1.,0.,0.));
#5639 = ADVANCED_FACE('',(#5640),#5786,.T.);
#5640 = FACE_BOUND('',#5641,.T.);
#5641 = EDGE_LOOP('',(#5642,#5643,#5644,#5652,#5660,#5668,#5676,#5684,
    #5692,#5700,#5708,#5716,#5724,#5732,#5740,#5748,#5756,#5764,#5772,
    #5780));
#5642 = ORIENTED_EDGE('',*,*,#4566,.F.);
#5643 = ORIENTED_EDGE('',*,*,#5563,.T.);
#5644 = ORIENTED_EDGE('',*,*,#5645,.T.);
#5645 = EDGE_CURVE('',#5564,#5646,#5648,.T.);
#5646 = VERTEX_POINT('',#5647);
#5647 = CARTESIAN_POINT('',(4.125,1.08,0.945));
#5648 = LINE('',#5649,#5650);
#5649 = CARTESIAN_POINT('',(4.125,1.58,0.945));
#5650 = VECTOR('',#5651,1.);
#5651 = DIRECTION('',(0.,-1.,2.22044604925E-16));
#5652 = ORIENTED_EDGE('',*,*,#5653,.F.);
#5653 = EDGE_CURVE('',#5654,#5646,#5656,.T.);
#5654 = VERTEX_POINT('',#5655);
#5655 = CARTESIAN_POINT('',(1.975,1.08,0.945));
#5656 = LINE('',#5657,#5658);
#5657 = CARTESIAN_POINT('',(-4.125,1.08,0.945));
#5658 = VECTOR('',#5659,1.);
#5659 = DIRECTION('',(1.,0.,0.));
#5660 = ORIENTED_EDGE('',*,*,#5661,.F.);
#5661 = EDGE_CURVE('',#5662,#5654,#5664,.T.);
#5662 = VERTEX_POINT('',#5663);
#5663 = CARTESIAN_POINT('',(1.975,1.1054,0.945));
#5664 = LINE('',#5665,#5666);
#5665 = CARTESIAN_POINT('',(1.975,0.796465540115,0.945));
#5666 = VECTOR('',#5667,1.);
#5667 = DIRECTION('',(-1.250603656852E-18,-1.,2.22044604925E-16));
#5668 = ORIENTED_EDGE('',*,*,#5669,.T.);
#5669 = EDGE_CURVE('',#5662,#5670,#5672,.T.);
#5670 = VERTEX_POINT('',#5671);
#5671 = CARTESIAN_POINT('',(1.775,1.1054,0.945));
#5672 = LINE('',#5673,#5674);
#5673 = CARTESIAN_POINT('',(-1.175,1.1054,0.945));
#5674 = VECTOR('',#5675,1.);
#5675 = DIRECTION('',(-1.,0.,0.));
#5676 = ORIENTED_EDGE('',*,*,#5677,.T.);
#5677 = EDGE_CURVE('',#5670,#5678,#5680,.T.);
#5678 = VERTEX_POINT('',#5679);
#5679 = CARTESIAN_POINT('',(1.775,1.08,0.945));
#5680 = LINE('',#5681,#5682);
#5681 = CARTESIAN_POINT('',(1.775,0.796465540115,0.945));
#5682 = VECTOR('',#5683,1.);
#5683 = DIRECTION('',(-1.250603656852E-18,-1.,2.22044604925E-16));
#5684 = ORIENTED_EDGE('',*,*,#5685,.F.);
#5685 = EDGE_CURVE('',#5686,#5678,#5688,.T.);
#5686 = VERTEX_POINT('',#5687);
#5687 = CARTESIAN_POINT('',(0.725,1.08,0.945));
#5688 = LINE('',#5689,#5690);
#5689 = CARTESIAN_POINT('',(-4.125,1.08,0.945));
#5690 = VECTOR('',#5691,1.);
#5691 = DIRECTION('',(1.,0.,0.));
#5692 = ORIENTED_EDGE('',*,*,#5693,.F.);
#5693 = EDGE_CURVE('',#5694,#5686,#5696,.T.);
#5694 = VERTEX_POINT('',#5695);
#5695 = CARTESIAN_POINT('',(0.725,1.1054,0.945));
#5696 = LINE('',#5697,#5698);
#5697 = CARTESIAN_POINT('',(0.725,0.796465540115,0.945));
#5698 = VECTOR('',#5699,1.);
#5699 = DIRECTION('',(-1.250603656852E-18,-1.,2.22044604925E-16));
#5700 = ORIENTED_EDGE('',*,*,#5701,.T.);
#5701 = EDGE_CURVE('',#5694,#5702,#5704,.T.);
#5702 = VERTEX_POINT('',#5703);
#5703 = CARTESIAN_POINT('',(0.525,1.1054,0.945));
#5704 = LINE('',#5705,#5706);
#5705 = CARTESIAN_POINT('',(-1.8,1.1054,0.945));
#5706 = VECTOR('',#5707,1.);
#5707 = DIRECTION('',(-1.,0.,0.));
#5708 = ORIENTED_EDGE('',*,*,#5709,.T.);
#5709 = EDGE_CURVE('',#5702,#5710,#5712,.T.);
#5710 = VERTEX_POINT('',#5711);
#5711 = CARTESIAN_POINT('',(0.525,1.08,0.945));
#5712 = LINE('',#5713,#5714);
#5713 = CARTESIAN_POINT('',(0.525,0.796465540115,0.945));
#5714 = VECTOR('',#5715,1.);
#5715 = DIRECTION('',(-1.250603656852E-18,-1.,2.22044604925E-16));
#5716 = ORIENTED_EDGE('',*,*,#5717,.F.);
#5717 = EDGE_CURVE('',#5718,#5710,#5720,.T.);
#5718 = VERTEX_POINT('',#5719);
#5719 = CARTESIAN_POINT('',(-0.525,1.08,0.945));
#5720 = LINE('',#5721,#5722);
#5721 = CARTESIAN_POINT('',(-4.125,1.08,0.945));
#5722 = VECTOR('',#5723,1.);
#5723 = DIRECTION('',(1.,0.,0.));
#5724 = ORIENTED_EDGE('',*,*,#5725,.F.);
#5725 = EDGE_CURVE('',#5726,#5718,#5728,.T.);
#5726 = VERTEX_POINT('',#5727);
#5727 = CARTESIAN_POINT('',(-0.525,1.1054,0.945));
#5728 = LINE('',#5729,#5730);
#5729 = CARTESIAN_POINT('',(-0.525,0.796465540115,0.945));
#5730 = VECTOR('',#5731,1.);
#5731 = DIRECTION('',(-1.250603656852E-18,-1.,2.22044604925E-16));
#5732 = ORIENTED_EDGE('',*,*,#5733,.T.);
#5733 = EDGE_CURVE('',#5726,#5734,#5736,.T.);
#5734 = VERTEX_POINT('',#5735);
#5735 = CARTESIAN_POINT('',(-0.725,1.1054,0.945));
#5736 = LINE('',#5737,#5738);
#5737 = CARTESIAN_POINT('',(-2.425,1.1054,0.945));
#5738 = VECTOR('',#5739,1.);
#5739 = DIRECTION('',(-1.,0.,0.));
#5740 = ORIENTED_EDGE('',*,*,#5741,.T.);
#5741 = EDGE_CURVE('',#5734,#5742,#5744,.T.);
#5742 = VERTEX_POINT('',#5743);
#5743 = CARTESIAN_POINT('',(-0.725,1.08,0.945));
#5744 = LINE('',#5745,#5746);
#5745 = CARTESIAN_POINT('',(-0.725,0.796465540115,0.945));
#5746 = VECTOR('',#5747,1.);
#5747 = DIRECTION('',(-1.250603656852E-18,-1.,2.22044604925E-16));
#5748 = ORIENTED_EDGE('',*,*,#5749,.F.);
#5749 = EDGE_CURVE('',#5750,#5742,#5752,.T.);
#5750 = VERTEX_POINT('',#5751);
#5751 = CARTESIAN_POINT('',(-1.775,1.08,0.945));
#5752 = LINE('',#5753,#5754);
#5753 = CARTESIAN_POINT('',(-4.125,1.08,0.945));
#5754 = VECTOR('',#5755,1.);
#5755 = DIRECTION('',(1.,0.,0.));
#5756 = ORIENTED_EDGE('',*,*,#5757,.F.);
#5757 = EDGE_CURVE('',#5758,#5750,#5760,.T.);
#5758 = VERTEX_POINT('',#5759);
#5759 = CARTESIAN_POINT('',(-1.775,1.1054,0.945));
#5760 = LINE('',#5761,#5762);
#5761 = CARTESIAN_POINT('',(-1.775,0.796465540115,0.945));
#5762 = VECTOR('',#5763,1.);
#5763 = DIRECTION('',(-1.250603656852E-18,-1.,2.22044604925E-16));
#5764 = ORIENTED_EDGE('',*,*,#5765,.T.);
#5765 = EDGE_CURVE('',#5758,#5766,#5768,.T.);
#5766 = VERTEX_POINT('',#5767);
#5767 = CARTESIAN_POINT('',(-1.975,1.1054,0.945));
#5768 = LINE('',#5769,#5770);
#5769 = CARTESIAN_POINT('',(-3.05,1.1054,0.945));
#5770 = VECTOR('',#5771,1.);
#5771 = DIRECTION('',(-1.,0.,0.));
#5772 = ORIENTED_EDGE('',*,*,#5773,.T.);
#5773 = EDGE_CURVE('',#5766,#5774,#5776,.T.);
#5774 = VERTEX_POINT('',#5775);
#5775 = CARTESIAN_POINT('',(-1.975,1.08,0.945));
#5776 = LINE('',#5777,#5778);
#5777 = CARTESIAN_POINT('',(-1.975,0.796465540115,0.945));
#5778 = VECTOR('',#5779,1.);
#5779 = DIRECTION('',(-1.250603656852E-18,-1.,2.22044604925E-16));
#5780 = ORIENTED_EDGE('',*,*,#5781,.F.);
#5781 = EDGE_CURVE('',#4559,#5774,#5782,.T.);
#5782 = LINE('',#5783,#5784);
#5783 = CARTESIAN_POINT('',(-4.125,1.08,0.945));
#5784 = VECTOR('',#5785,1.);
#5785 = DIRECTION('',(1.,0.,0.));
#5786 = PLANE('',#5787);
#5787 = AXIS2_PLACEMENT_3D('',#5788,#5789,#5790);
#5788 = CARTESIAN_POINT('',(-4.125,1.58,0.945));
#5789 = DIRECTION('',(0.,-2.22044604925E-16,-1.));
#5790 = DIRECTION('',(0.,-1.,2.22044604925E-16));
#5791 = ADVANCED_FACE('',(#5792),#5810,.T.);
#5792 = FACE_BOUND('',#5793,.T.);
#5793 = EDGE_LOOP('',(#5794,#5795,#5796,#5804));
#5794 = ORIENTED_EDGE('',*,*,#4558,.F.);
#5795 = ORIENTED_EDGE('',*,*,#5781,.T.);
#5796 = ORIENTED_EDGE('',*,*,#5797,.T.);
#5797 = EDGE_CURVE('',#5774,#5798,#5800,.T.);
#5798 = VERTEX_POINT('',#5799);
#5799 = CARTESIAN_POINT('',(-1.975,1.08,0.195));
#5800 = LINE('',#5801,#5802);
#5801 = CARTESIAN_POINT('',(-1.975,1.08,1.036141805844));
#5802 = VECTOR('',#5803,1.);
#5803 = DIRECTION('',(2.809082092746E-18,-2.22044604925E-16,-1.));
#5804 = ORIENTED_EDGE('',*,*,#5805,.F.);
#5805 = EDGE_CURVE('',#4551,#5798,#5806,.T.);
#5806 = LINE('',#5807,#5808);
#5807 = CARTESIAN_POINT('',(-4.125,1.08,0.195));
#5808 = VECTOR('',#5809,1.);
#5809 = DIRECTION('',(1.,0.,0.));
#5810 = PLANE('',#5811);
#5811 = AXIS2_PLACEMENT_3D('',#5812,#5813,#5814);
#5812 = CARTESIAN_POINT('',(-4.125,1.08,0.945));
#5813 = DIRECTION('',(0.,1.,-2.22044604925E-16));
#5814 = DIRECTION('',(0.,-2.22044604925E-16,-1.));
#5815 = ADVANCED_FACE('',(#5816),#5834,.T.);
#5816 = FACE_BOUND('',#5817,.T.);
#5817 = EDGE_LOOP('',(#5818,#5819,#5820,#5828));
#5818 = ORIENTED_EDGE('',*,*,#4550,.F.);
#5819 = ORIENTED_EDGE('',*,*,#5805,.T.);
#5820 = ORIENTED_EDGE('',*,*,#5821,.T.);
#5821 = EDGE_CURVE('',#5798,#5822,#5824,.T.);
#5822 = VERTEX_POINT('',#5823);
#5823 = CARTESIAN_POINT('',(-1.975,0.93,0.195));
#5824 = LINE('',#5825,#5826);
#5825 = CARTESIAN_POINT('',(-1.975,0.546465540115,0.195));
#5826 = VECTOR('',#5827,1.);
#5827 = DIRECTION('',(-1.250603656852E-18,-1.,2.22044604925E-16));
#5828 = ORIENTED_EDGE('',*,*,#5829,.F.);
#5829 = EDGE_CURVE('',#4543,#5822,#5830,.T.);
#5830 = LINE('',#5831,#5832);
#5831 = CARTESIAN_POINT('',(-4.125,0.93,0.195));
#5832 = VECTOR('',#5833,1.);
#5833 = DIRECTION('',(1.,0.,0.));
#5834 = PLANE('',#5835);
#5835 = AXIS2_PLACEMENT_3D('',#5836,#5837,#5838);
#5836 = CARTESIAN_POINT('',(-4.125,1.08,0.195));
#5837 = DIRECTION('',(0.,-2.22044604925E-16,-1.));
#5838 = DIRECTION('',(0.,-1.,2.22044604925E-16));
#5839 = ADVANCED_FACE('',(#5840),#5979,.T.);
#5840 = FACE_BOUND('',#5841,.T.);
#5841 = EDGE_LOOP('',(#5842,#5843,#5844,#5852,#5860,#5868,#5876,#5884,
    #5892,#5900,#5908,#5916,#5924,#5932,#5940,#5948,#5956,#5964,#5972,
    #5978));
#5842 = ORIENTED_EDGE('',*,*,#4542,.F.);
#5843 = ORIENTED_EDGE('',*,*,#5829,.T.);
#5844 = ORIENTED_EDGE('',*,*,#5845,.T.);
#5845 = EDGE_CURVE('',#5822,#5846,#5848,.T.);
#5846 = VERTEX_POINT('',#5847);
#5847 = CARTESIAN_POINT('',(-1.975,0.93,-3.492429378532E-04));
#5848 = LINE('',#5849,#5850);
#5849 = CARTESIAN_POINT('',(-1.975,0.93,0.661141805844));
#5850 = VECTOR('',#5851,1.);
#5851 = DIRECTION('',(2.809082092746E-18,-2.22044604925E-16,-1.));
#5852 = ORIENTED_EDGE('',*,*,#5853,.T.);
#5853 = EDGE_CURVE('',#5846,#5854,#5856,.T.);
#5854 = VERTEX_POINT('',#5855);
#5855 = CARTESIAN_POINT('',(-1.775,0.93,-3.492429378532E-04));
#5856 = LINE('',#5857,#5858);
#5857 = CARTESIAN_POINT('',(-3.05,0.93,-3.492429378532E-04));
#5858 = VECTOR('',#5859,1.);
#5859 = DIRECTION('',(1.,0.,0.));
#5860 = ORIENTED_EDGE('',*,*,#5861,.F.);
#5861 = EDGE_CURVE('',#5862,#5854,#5864,.T.);
#5862 = VERTEX_POINT('',#5863);
#5863 = CARTESIAN_POINT('',(-1.775,0.93,0.195));
#5864 = LINE('',#5865,#5866);
#5865 = CARTESIAN_POINT('',(-1.775,0.93,0.661141805844));
#5866 = VECTOR('',#5867,1.);
#5867 = DIRECTION('',(2.809082092746E-18,-2.22044604925E-16,-1.));
#5868 = ORIENTED_EDGE('',*,*,#5869,.T.);
#5869 = EDGE_CURVE('',#5862,#5870,#5872,.T.);
#5870 = VERTEX_POINT('',#5871);
#5871 = CARTESIAN_POINT('',(-0.725,0.93,0.195));
#5872 = LINE('',#5873,#5874);
#5873 = CARTESIAN_POINT('',(-4.125,0.93,0.195));
#5874 = VECTOR('',#5875,1.);
#5875 = DIRECTION('',(1.,0.,0.));
#5876 = ORIENTED_EDGE('',*,*,#5877,.T.);
#5877 = EDGE_CURVE('',#5870,#5878,#5880,.T.);
#5878 = VERTEX_POINT('',#5879);
#5879 = CARTESIAN_POINT('',(-0.725,0.93,-3.492429378532E-04));
#5880 = LINE('',#5881,#5882);
#5881 = CARTESIAN_POINT('',(-0.725,0.93,0.661141805844));
#5882 = VECTOR('',#5883,1.);
#5883 = DIRECTION('',(2.809082092746E-18,-2.22044604925E-16,-1.));
#5884 = ORIENTED_EDGE('',*,*,#5885,.T.);
#5885 = EDGE_CURVE('',#5878,#5886,#5888,.T.);
#5886 = VERTEX_POINT('',#5887);
#5887 = CARTESIAN_POINT('',(-0.525,0.93,-3.492429378532E-04));
#5888 = LINE('',#5889,#5890);
#5889 = CARTESIAN_POINT('',(-2.425,0.93,-3.492429378532E-04));
#5890 = VECTOR('',#5891,1.);
#5891 = DIRECTION('',(1.,0.,0.));
#5892 = ORIENTED_EDGE('',*,*,#5893,.F.);
#5893 = EDGE_CURVE('',#5894,#5886,#5896,.T.);
#5894 = VERTEX_POINT('',#5895);
#5895 = CARTESIAN_POINT('',(-0.525,0.93,0.195));
#5896 = LINE('',#5897,#5898);
#5897 = CARTESIAN_POINT('',(-0.525,0.93,0.661141805844));
#5898 = VECTOR('',#5899,1.);
#5899 = DIRECTION('',(2.809082092746E-18,-2.22044604925E-16,-1.));
#5900 = ORIENTED_EDGE('',*,*,#5901,.T.);
#5901 = EDGE_CURVE('',#5894,#5902,#5904,.T.);
#5902 = VERTEX_POINT('',#5903);
#5903 = CARTESIAN_POINT('',(0.525,0.93,0.195));
#5904 = LINE('',#5905,#5906);
#5905 = CARTESIAN_POINT('',(-4.125,0.93,0.195));
#5906 = VECTOR('',#5907,1.);
#5907 = DIRECTION('',(1.,0.,0.));
#5908 = ORIENTED_EDGE('',*,*,#5909,.T.);
#5909 = EDGE_CURVE('',#5902,#5910,#5912,.T.);
#5910 = VERTEX_POINT('',#5911);
#5911 = CARTESIAN_POINT('',(0.525,0.93,-3.492429378532E-04));
#5912 = LINE('',#5913,#5914);
#5913 = CARTESIAN_POINT('',(0.525,0.93,0.661141805844));
#5914 = VECTOR('',#5915,1.);
#5915 = DIRECTION('',(2.809082092746E-18,-2.22044604925E-16,-1.));
#5916 = ORIENTED_EDGE('',*,*,#5917,.T.);
#5917 = EDGE_CURVE('',#5910,#5918,#5920,.T.);
#5918 = VERTEX_POINT('',#5919);
#5919 = CARTESIAN_POINT('',(0.725,0.93,-3.492429378532E-04));
#5920 = LINE('',#5921,#5922);
#5921 = CARTESIAN_POINT('',(-1.8,0.93,-3.492429378532E-04));
#5922 = VECTOR('',#5923,1.);
#5923 = DIRECTION('',(1.,0.,0.));
#5924 = ORIENTED_EDGE('',*,*,#5925,.F.);
#5925 = EDGE_CURVE('',#5926,#5918,#5928,.T.);
#5926 = VERTEX_POINT('',#5927);
#5927 = CARTESIAN_POINT('',(0.725,0.93,0.195));
#5928 = LINE('',#5929,#5930);
#5929 = CARTESIAN_POINT('',(0.725,0.93,0.661141805844));
#5930 = VECTOR('',#5931,1.);
#5931 = DIRECTION('',(2.809082092746E-18,-2.22044604925E-16,-1.));
#5932 = ORIENTED_EDGE('',*,*,#5933,.T.);
#5933 = EDGE_CURVE('',#5926,#5934,#5936,.T.);
#5934 = VERTEX_POINT('',#5935);
#5935 = CARTESIAN_POINT('',(1.775,0.93,0.195));
#5936 = LINE('',#5937,#5938);
#5937 = CARTESIAN_POINT('',(-4.125,0.93,0.195));
#5938 = VECTOR('',#5939,1.);
#5939 = DIRECTION('',(1.,0.,0.));
#5940 = ORIENTED_EDGE('',*,*,#5941,.T.);
#5941 = EDGE_CURVE('',#5934,#5942,#5944,.T.);
#5942 = VERTEX_POINT('',#5943);
#5943 = CARTESIAN_POINT('',(1.775,0.93,-3.492429378532E-04));
#5944 = LINE('',#5945,#5946);
#5945 = CARTESIAN_POINT('',(1.775,0.93,0.661141805844));
#5946 = VECTOR('',#5947,1.);
#5947 = DIRECTION('',(2.809082092746E-18,-2.22044604925E-16,-1.));
#5948 = ORIENTED_EDGE('',*,*,#5949,.T.);
#5949 = EDGE_CURVE('',#5942,#5950,#5952,.T.);
#5950 = VERTEX_POINT('',#5951);
#5951 = CARTESIAN_POINT('',(1.975,0.93,-3.492429378532E-04));
#5952 = LINE('',#5953,#5954);
#5953 = CARTESIAN_POINT('',(-1.175,0.93,-3.492429378532E-04));
#5954 = VECTOR('',#5955,1.);
#5955 = DIRECTION('',(1.,0.,0.));
#5956 = ORIENTED_EDGE('',*,*,#5957,.F.);
#5957 = EDGE_CURVE('',#5958,#5950,#5960,.T.);
#5958 = VERTEX_POINT('',#5959);
#5959 = CARTESIAN_POINT('',(1.975,0.93,0.195));
#5960 = LINE('',#5961,#5962);
#5961 = CARTESIAN_POINT('',(1.975,0.93,0.661141805844));
#5962 = VECTOR('',#5963,1.);
#5963 = DIRECTION('',(2.809082092746E-18,-2.22044604925E-16,-1.));
#5964 = ORIENTED_EDGE('',*,*,#5965,.T.);
#5965 = EDGE_CURVE('',#5958,#5966,#5968,.T.);
#5966 = VERTEX_POINT('',#5967);
#5967 = CARTESIAN_POINT('',(4.125,0.93,0.195));
#5968 = LINE('',#5969,#5970);
#5969 = CARTESIAN_POINT('',(-4.125,0.93,0.195));
#5970 = VECTOR('',#5971,1.);
#5971 = DIRECTION('',(1.,0.,0.));
#5972 = ORIENTED_EDGE('',*,*,#5973,.T.);
#5973 = EDGE_CURVE('',#5966,#4669,#5974,.T.);
#5974 = LINE('',#5975,#5976);
#5975 = CARTESIAN_POINT('',(4.125,0.93,0.195));
#5976 = VECTOR('',#5977,1.);
#5977 = DIRECTION('',(0.,-2.22044604925E-16,-1.));
#5978 = ORIENTED_EDGE('',*,*,#4668,.F.);
#5979 = PLANE('',#5980);
#5980 = AXIS2_PLACEMENT_3D('',#5981,#5982,#5983);
#5981 = CARTESIAN_POINT('',(-4.125,0.93,0.195));
#5982 = DIRECTION('',(0.,1.,-2.22044604925E-16));
#5983 = DIRECTION('',(0.,-2.22044604925E-16,-1.));
#5984 = ADVANCED_FACE('',(#5985),#6067,.T.);
#5985 = FACE_BOUND('',#5986,.T.);
#5986 = EDGE_LOOP('',(#5987,#5988,#5989,#5997,#6003,#6004,#6005,#6013,
    #6021,#6029,#6035,#6036,#6037,#6045,#6053,#6061));
#5987 = ORIENTED_EDGE('',*,*,#4717,.F.);
#5988 = ORIENTED_EDGE('',*,*,#5973,.F.);
#5989 = ORIENTED_EDGE('',*,*,#5990,.F.);
#5990 = EDGE_CURVE('',#5991,#5966,#5993,.T.);
#5991 = VERTEX_POINT('',#5992);
#5992 = CARTESIAN_POINT('',(4.125,1.08,0.195));
#5993 = LINE('',#5994,#5995);
#5994 = CARTESIAN_POINT('',(4.125,1.08,0.195));
#5995 = VECTOR('',#5996,1.);
#5996 = DIRECTION('',(0.,-1.,2.22044604925E-16));
#5997 = ORIENTED_EDGE('',*,*,#5998,.F.);
#5998 = EDGE_CURVE('',#5646,#5991,#5999,.T.);
#5999 = LINE('',#6000,#6001);
#6000 = CARTESIAN_POINT('',(4.125,1.08,0.945));
#6001 = VECTOR('',#6002,1.);
#6002 = DIRECTION('',(0.,-2.22044604925E-16,-1.));
#6003 = ORIENTED_EDGE('',*,*,#5645,.F.);
#6004 = ORIENTED_EDGE('',*,*,#5571,.T.);
#6005 = ORIENTED_EDGE('',*,*,#6006,.T.);
#6006 = EDGE_CURVE('',#5572,#6007,#6009,.T.);
#6007 = VERTEX_POINT('',#6008);
#6008 = CARTESIAN_POINT('',(4.125,0.98,1.995));
#6009 = LINE('',#6010,#6011);
#6010 = CARTESIAN_POINT('',(4.125,1.58,1.995));
#6011 = VECTOR('',#6012,1.);
#6012 = DIRECTION('',(0.,-1.,2.22044604925E-16));
#6013 = ORIENTED_EDGE('',*,*,#6014,.T.);
#6014 = EDGE_CURVE('',#6007,#6015,#6017,.T.);
#6015 = VERTEX_POINT('',#6016);
#6016 = CARTESIAN_POINT('',(4.125,0.98,3.595));
#6017 = LINE('',#6018,#6019);
#6018 = CARTESIAN_POINT('',(4.125,0.98,1.995));
#6019 = VECTOR('',#6020,1.);
#6020 = DIRECTION('',(0.,2.22044604925E-16,1.));
#6021 = ORIENTED_EDGE('',*,*,#6022,.T.);
#6022 = EDGE_CURVE('',#6015,#6023,#6025,.T.);
#6023 = VERTEX_POINT('',#6024);
#6024 = CARTESIAN_POINT('',(4.125,-0.32,3.595));
#6025 = LINE('',#6026,#6027);
#6026 = CARTESIAN_POINT('',(4.125,0.98,3.595));
#6027 = VECTOR('',#6028,1.);
#6028 = DIRECTION('',(0.,-1.,2.22044604925E-16));
#6029 = ORIENTED_EDGE('',*,*,#6030,.T.);
#6030 = EDGE_CURVE('',#6023,#5437,#6031,.T.);
#6031 = LINE('',#6032,#6033);
#6032 = CARTESIAN_POINT('',(4.125,-0.32,3.595));
#6033 = VECTOR('',#6034,1.);
#6034 = DIRECTION('',(0.,2.22044604925E-16,1.));
#6035 = ORIENTED_EDGE('',*,*,#5436,.T.);
#6036 = ORIENTED_EDGE('',*,*,#4964,.F.);
#6037 = ORIENTED_EDGE('',*,*,#6038,.T.);
#6038 = EDGE_CURVE('',#4957,#6039,#6041,.T.);
#6039 = VERTEX_POINT('',#6040);
#6040 = CARTESIAN_POINT('',(4.125,-1.82,1.945));
#6041 = LINE('',#6042,#6043);
#6042 = CARTESIAN_POINT('',(4.125,-2.47,1.945));
#6043 = VECTOR('',#6044,1.);
#6044 = DIRECTION('',(0.,1.,-2.22044604925E-16));
#6045 = ORIENTED_EDGE('',*,*,#6046,.T.);
#6046 = EDGE_CURVE('',#6039,#6047,#6049,.T.);
#6047 = VERTEX_POINT('',#6048);
#6048 = CARTESIAN_POINT('',(4.125,-1.82,0.595));
#6049 = LINE('',#6050,#6051);
#6050 = CARTESIAN_POINT('',(4.125,-1.82,1.945));
#6051 = VECTOR('',#6052,1.);
#6052 = DIRECTION('',(0.,-2.22044604925E-16,-1.));
#6053 = ORIENTED_EDGE('',*,*,#6054,.T.);
#6054 = EDGE_CURVE('',#6047,#6055,#6057,.T.);
#6055 = VERTEX_POINT('',#6056);
#6056 = CARTESIAN_POINT('',(4.125,-0.22,0.595));
#6057 = LINE('',#6058,#6059);
#6058 = CARTESIAN_POINT('',(4.125,-1.82,0.595));
#6059 = VECTOR('',#6060,1.);
#6060 = DIRECTION('',(0.,1.,-2.22044604925E-16));
#6061 = ORIENTED_EDGE('',*,*,#6062,.T.);
#6062 = EDGE_CURVE('',#6055,#4710,#6063,.T.);
#6063 = LINE('',#6064,#6065);
#6064 = CARTESIAN_POINT('',(4.125,-0.22,0.595));
#6065 = VECTOR('',#6066,1.);
#6066 = DIRECTION('',(0.,-2.22044604925E-16,-1.));
#6067 = PLANE('',#6068);
#6068 = AXIS2_PLACEMENT_3D('',#6069,#6070,#6071);
#6069 = CARTESIAN_POINT('',(4.125,1.58,-5.E-03));
#6070 = DIRECTION('',(1.,0.,0.));
#6071 = DIRECTION('',(0.,-1.,2.22044604925E-16));
#6072 = ADVANCED_FACE('',(#6073),#6107,.F.);
#6073 = FACE_BOUND('',#6074,.F.);
#6074 = EDGE_LOOP('',(#6075,#6085,#6091,#6092,#6093,#6101));
#6075 = ORIENTED_EDGE('',*,*,#6076,.T.);
#6076 = EDGE_CURVE('',#6077,#6079,#6081,.T.);
#6077 = VERTEX_POINT('',#6078);
#6078 = CARTESIAN_POINT('',(3.825,-0.22,0.37));
#6079 = VERTEX_POINT('',#6080);
#6080 = CARTESIAN_POINT('',(3.825,-0.22,0.595));
#6081 = LINE('',#6082,#6083);
#6082 = CARTESIAN_POINT('',(3.825,-0.22,0.807892234548));
#6083 = VECTOR('',#6084,1.);
#6084 = DIRECTION('',(0.,2.22044604925E-16,1.));
#6085 = ORIENTED_EDGE('',*,*,#6086,.T.);
#6086 = EDGE_CURVE('',#6079,#6055,#6087,.T.);
#6087 = LINE('',#6088,#6089);
#6088 = CARTESIAN_POINT('',(3.625,-0.22,0.595));
#6089 = VECTOR('',#6090,1.);
#6090 = DIRECTION('',(1.,0.,0.));
#6091 = ORIENTED_EDGE('',*,*,#6062,.T.);
#6092 = ORIENTED_EDGE('',*,*,#4709,.F.);
#6093 = ORIENTED_EDGE('',*,*,#6094,.F.);
#6094 = EDGE_CURVE('',#6095,#4702,#6097,.T.);
#6095 = VERTEX_POINT('',#6096);
#6096 = CARTESIAN_POINT('',(3.625,-0.22,0.37));
#6097 = LINE('',#6098,#6099);
#6098 = CARTESIAN_POINT('',(3.625,-0.22,0.595));
#6099 = VECTOR('',#6100,1.);
#6100 = DIRECTION('',(0.,-2.22044604925E-16,-1.));
#6101 = ORIENTED_EDGE('',*,*,#6102,.F.);
#6102 = EDGE_CURVE('',#6077,#6095,#6103,.T.);
#6103 = LINE('',#6104,#6105);
#6104 = CARTESIAN_POINT('',(3.625,-0.22,0.37));
#6105 = VECTOR('',#6106,1.);
#6106 = DIRECTION('',(-1.,0.,0.));
#6107 = PLANE('',#6108);
#6108 = AXIS2_PLACEMENT_3D('',#6109,#6110,#6111);
#6109 = CARTESIAN_POINT('',(3.625,-0.22,0.595));
#6110 = DIRECTION('',(0.,1.,-2.22044604925E-16));
#6111 = DIRECTION('',(0.,-2.22044604925E-16,-1.));
#6112 = ADVANCED_FACE('',(#6113),#6140,.F.);
#6113 = FACE_BOUND('',#6114,.F.);
#6114 = EDGE_LOOP('',(#6115,#6116,#6117,#6125,#6133,#6139));
#6115 = ORIENTED_EDGE('',*,*,#4701,.T.);
#6116 = ORIENTED_EDGE('',*,*,#4916,.T.);
#6117 = ORIENTED_EDGE('',*,*,#6118,.F.);
#6118 = EDGE_CURVE('',#6119,#4917,#6121,.T.);
#6119 = VERTEX_POINT('',#6120);
#6120 = CARTESIAN_POINT('',(3.625,-0.255,-1.665334536938E-16));
#6121 = LINE('',#6122,#6123);
#6122 = CARTESIAN_POINT('',(3.625,-0.255,-1.665334536938E-16));
#6123 = VECTOR('',#6124,1.);
#6124 = DIRECTION('',(0.,-1.,7.501506923143E-17));
#6125 = ORIENTED_EDGE('',*,*,#6126,.F.);
#6126 = EDGE_CURVE('',#6127,#6119,#6129,.T.);
#6127 = VERTEX_POINT('',#6128);
#6128 = CARTESIAN_POINT('',(3.625,-0.255,0.37));
#6129 = LINE('',#6130,#6131);
#6130 = CARTESIAN_POINT('',(3.625,-0.255,0.37));
#6131 = VECTOR('',#6132,1.);
#6132 = DIRECTION('',(0.,0.,-1.));
#6133 = ORIENTED_EDGE('',*,*,#6134,.F.);
#6134 = EDGE_CURVE('',#6095,#6127,#6135,.T.);
#6135 = LINE('',#6136,#6137);
#6136 = CARTESIAN_POINT('',(3.625,0.235,0.37));
#6137 = VECTOR('',#6138,1.);
#6138 = DIRECTION('',(0.,-1.,0.));
#6139 = ORIENTED_EDGE('',*,*,#6094,.T.);
#6140 = PLANE('',#6141);
#6141 = AXIS2_PLACEMENT_3D('',#6142,#6143,#6144);
#6142 = CARTESIAN_POINT('',(3.625,-1.602142857143,0.712857142857));
#6143 = DIRECTION('',(-1.,1.11927691467E-30,1.146375123746E-30));
#6144 = DIRECTION('',(-1.146375123746E-30,-2.22044604925E-16,-1.));
#6145 = ADVANCED_FACE('',(#6146),#6173,.T.);
#6146 = FACE_BOUND('',#6147,.T.);
#6147 = EDGE_LOOP('',(#6148,#6149,#6150,#6158,#6166,#6172));
#6148 = ORIENTED_EDGE('',*,*,#4685,.T.);
#6149 = ORIENTED_EDGE('',*,*,#4909,.T.);
#6150 = ORIENTED_EDGE('',*,*,#6151,.F.);
#6151 = EDGE_CURVE('',#6152,#4902,#6154,.T.);
#6152 = VERTEX_POINT('',#6153);
#6153 = CARTESIAN_POINT('',(-3.625,-0.255,-1.665334536938E-16));
#6154 = LINE('',#6155,#6156);
#6155 = CARTESIAN_POINT('',(-3.625,-0.255,-1.665334536938E-16));
#6156 = VECTOR('',#6157,1.);
#6157 = DIRECTION('',(0.,-1.,7.501506923143E-17));
#6158 = ORIENTED_EDGE('',*,*,#6159,.F.);
#6159 = EDGE_CURVE('',#6160,#6152,#6162,.T.);
#6160 = VERTEX_POINT('',#6161);
#6161 = CARTESIAN_POINT('',(-3.625,-0.255,0.37));
#6162 = LINE('',#6163,#6164);
#6163 = CARTESIAN_POINT('',(-3.625,-0.255,0.37));
#6164 = VECTOR('',#6165,1.);
#6165 = DIRECTION('',(0.,0.,-1.));
#6166 = ORIENTED_EDGE('',*,*,#6167,.F.);
#6167 = EDGE_CURVE('',#4749,#6160,#6168,.T.);
#6168 = LINE('',#6169,#6170);
#6169 = CARTESIAN_POINT('',(-3.625,0.235,0.37));
#6170 = VECTOR('',#6171,1.);
#6171 = DIRECTION('',(0.,-1.,0.));
#6172 = ORIENTED_EDGE('',*,*,#4756,.T.);
#6173 = PLANE('',#6174);
#6174 = AXIS2_PLACEMENT_3D('',#6175,#6176,#6177);
#6175 = CARTESIAN_POINT('',(-3.625,-1.602142857143,0.712857142857));
#6176 = DIRECTION('',(-1.,1.11927691467E-30,1.146375123746E-30));
#6177 = DIRECTION('',(-1.146375123746E-30,-2.22044604925E-16,-1.));
#6178 = ADVANCED_FACE('',(#6179),#6197,.T.);
#6179 = FACE_BOUND('',#6180,.T.);
#6180 = EDGE_LOOP('',(#6181,#6189,#6190,#6191));
#6181 = ORIENTED_EDGE('',*,*,#6182,.F.);
#6182 = EDGE_CURVE('',#4741,#6183,#6185,.T.);
#6183 = VERTEX_POINT('',#6184);
#6184 = CARTESIAN_POINT('',(-3.825,-0.255,0.37));
#6185 = LINE('',#6186,#6187);
#6186 = CARTESIAN_POINT('',(-3.825,0.235,0.37));
#6187 = VECTOR('',#6188,1.);
#6188 = DIRECTION('',(0.,-1.,0.));
#6189 = ORIENTED_EDGE('',*,*,#4748,.F.);
#6190 = ORIENTED_EDGE('',*,*,#6167,.T.);
#6191 = ORIENTED_EDGE('',*,*,#6192,.F.);
#6192 = EDGE_CURVE('',#6183,#6160,#6193,.T.);
#6193 = LINE('',#6194,#6195);
#6194 = CARTESIAN_POINT('',(-3.825,-0.255,0.37));
#6195 = VECTOR('',#6196,1.);
#6196 = DIRECTION('',(1.,0.,0.));
#6197 = PLANE('',#6198);
#6198 = AXIS2_PLACEMENT_3D('',#6199,#6200,#6201);
#6199 = CARTESIAN_POINT('',(-3.825,0.235,0.37));
#6200 = DIRECTION('',(0.,0.,-1.));
#6201 = DIRECTION('',(0.,-1.,0.));
#6202 = ADVANCED_FACE('',(#6203),#6264,.T.);
#6203 = FACE_BOUND('',#6204,.T.);
#6204 = EDGE_LOOP('',(#6205,#6215,#6223,#6229,#6230,#6231,#6232,#6240,
    #6248,#6254,#6255,#6256,#6257,#6258));
#6205 = ORIENTED_EDGE('',*,*,#6206,.T.);
#6206 = EDGE_CURVE('',#6207,#6209,#6211,.T.);
#6207 = VERTEX_POINT('',#6208);
#6208 = CARTESIAN_POINT('',(-3.825,-0.255,-1.665334536938E-16));
#6209 = VERTEX_POINT('',#6210);
#6210 = CARTESIAN_POINT('',(-3.825,-2.475,0.));
#6211 = LINE('',#6212,#6213);
#6212 = CARTESIAN_POINT('',(-3.825,-0.255,-1.665334536938E-16));
#6213 = VECTOR('',#6214,1.);
#6214 = DIRECTION('',(0.,-1.,7.501506923143E-17));
#6215 = ORIENTED_EDGE('',*,*,#6216,.T.);
#6216 = EDGE_CURVE('',#6209,#6217,#6219,.T.);
#6217 = VERTEX_POINT('',#6218);
#6218 = CARTESIAN_POINT('',(-3.825,-2.475,2.05));
#6219 = LINE('',#6220,#6221);
#6220 = CARTESIAN_POINT('',(-3.825,-2.475,0.));
#6221 = VECTOR('',#6222,1.);
#6222 = DIRECTION('',(0.,0.,1.));
#6223 = ORIENTED_EDGE('',*,*,#6224,.T.);
#6224 = EDGE_CURVE('',#6217,#4878,#6225,.T.);
#6225 = LINE('',#6226,#6227);
#6226 = CARTESIAN_POINT('',(-3.825,-2.475,2.05));
#6227 = VECTOR('',#6228,1.);
#6228 = DIRECTION('',(0.,1.,0.));
#6229 = ORIENTED_EDGE('',*,*,#4877,.T.);
#6230 = ORIENTED_EDGE('',*,*,#4860,.F.);
#6231 = ORIENTED_EDGE('',*,*,#4804,.F.);
#6232 = ORIENTED_EDGE('',*,*,#6233,.T.);
#6233 = EDGE_CURVE('',#4805,#6234,#6236,.T.);
#6234 = VERTEX_POINT('',#6235);
#6235 = CARTESIAN_POINT('',(-3.825,-1.825,1.51));
#6236 = LINE('',#6237,#6238);
#6237 = CARTESIAN_POINT('',(-3.825,-0.275,1.51));
#6238 = VECTOR('',#6239,1.);
#6239 = DIRECTION('',(0.,-1.,0.));
#6240 = ORIENTED_EDGE('',*,*,#6241,.T.);
#6241 = EDGE_CURVE('',#6234,#6242,#6244,.T.);
#6242 = VERTEX_POINT('',#6243);
#6243 = CARTESIAN_POINT('',(-3.825,-1.825,0.8));
#6244 = LINE('',#6245,#6246);
#6245 = CARTESIAN_POINT('',(-3.825,-1.825,1.51));
#6246 = VECTOR('',#6247,1.);
#6247 = DIRECTION('',(0.,0.,-1.));
#6248 = ORIENTED_EDGE('',*,*,#6249,.T.);
#6249 = EDGE_CURVE('',#6242,#4829,#6250,.T.);
#6250 = LINE('',#6251,#6252);
#6251 = CARTESIAN_POINT('',(-3.825,-1.825,0.8));
#6252 = VECTOR('',#6253,1.);
#6253 = DIRECTION('',(0.,1.,0.));
#6254 = ORIENTED_EDGE('',*,*,#4836,.F.);
#6255 = ORIENTED_EDGE('',*,*,#4780,.F.);
#6256 = ORIENTED_EDGE('',*,*,#4740,.F.);
#6257 = ORIENTED_EDGE('',*,*,#6182,.T.);
#6258 = ORIENTED_EDGE('',*,*,#6259,.T.);
#6259 = EDGE_CURVE('',#6183,#6207,#6260,.T.);
#6260 = LINE('',#6261,#6262);
#6261 = CARTESIAN_POINT('',(-3.825,-0.255,0.37));
#6262 = VECTOR('',#6263,1.);
#6263 = DIRECTION('',(0.,0.,-1.));
#6264 = PLANE('',#6265);
#6265 = AXIS2_PLACEMENT_3D('',#6266,#6267,#6268);
#6266 = CARTESIAN_POINT('',(-3.825,-1.254889064976,1.020784469097));
#6267 = DIRECTION('',(-1.,-0.,-0.));
#6268 = DIRECTION('',(0.,0.,-1.));
#6269 = ADVANCED_FACE('',(#6270),#6288,.T.);
#6270 = FACE_BOUND('',#6271,.T.);
#6271 = EDGE_LOOP('',(#6272,#6273,#6281,#6287));
#6272 = ORIENTED_EDGE('',*,*,#6249,.F.);
#6273 = ORIENTED_EDGE('',*,*,#6274,.T.);
#6274 = EDGE_CURVE('',#6242,#6275,#6277,.T.);
#6275 = VERTEX_POINT('',#6276);
#6276 = CARTESIAN_POINT('',(-3.625,-1.825,0.8));
#6277 = LINE('',#6278,#6279);
#6278 = CARTESIAN_POINT('',(-3.825,-1.825,0.8));
#6279 = VECTOR('',#6280,1.);
#6280 = DIRECTION('',(1.,0.,0.));
#6281 = ORIENTED_EDGE('',*,*,#6282,.T.);
#6282 = EDGE_CURVE('',#6275,#4821,#6283,.T.);
#6283 = LINE('',#6284,#6285);
#6284 = CARTESIAN_POINT('',(-3.625,-1.825,0.8));
#6285 = VECTOR('',#6286,1.);
#6286 = DIRECTION('',(0.,1.,0.));
#6287 = ORIENTED_EDGE('',*,*,#4828,.F.);
#6288 = PLANE('',#6289);
#6289 = AXIS2_PLACEMENT_3D('',#6290,#6291,#6292);
#6290 = CARTESIAN_POINT('',(-3.825,-1.825,0.8));
#6291 = DIRECTION('',(0.,0.,1.));
#6292 = DIRECTION('',(0.,1.,0.));
#6293 = ADVANCED_FACE('',(#6294),#6312,.T.);
#6294 = FACE_BOUND('',#6295,.T.);
#6295 = EDGE_LOOP('',(#6296,#6304,#6305,#6306));
#6296 = ORIENTED_EDGE('',*,*,#6297,.F.);
#6297 = EDGE_CURVE('',#4813,#6298,#6300,.T.);
#6298 = VERTEX_POINT('',#6299);
#6299 = CARTESIAN_POINT('',(-3.625,-1.825,1.51));
#6300 = LINE('',#6301,#6302);
#6301 = CARTESIAN_POINT('',(-3.625,-0.275,1.51));
#6302 = VECTOR('',#6303,1.);
#6303 = DIRECTION('',(0.,-1.,0.));
#6304 = ORIENTED_EDGE('',*,*,#4820,.T.);
#6305 = ORIENTED_EDGE('',*,*,#6282,.F.);
#6306 = ORIENTED_EDGE('',*,*,#6307,.F.);
#6307 = EDGE_CURVE('',#6298,#6275,#6308,.T.);
#6308 = LINE('',#6309,#6310);
#6309 = CARTESIAN_POINT('',(-3.625,-1.825,1.51));
#6310 = VECTOR('',#6311,1.);
#6311 = DIRECTION('',(0.,0.,-1.));
#6312 = PLANE('',#6313);
#6313 = AXIS2_PLACEMENT_3D('',#6314,#6315,#6316);
#6314 = CARTESIAN_POINT('',(-3.625,-1.602142857143,0.712857142857));
#6315 = DIRECTION('',(-1.,1.11927691467E-30,1.146375123746E-30));
#6316 = DIRECTION('',(-1.146375123746E-30,-2.22044604925E-16,-1.));
#6317 = ADVANCED_FACE('',(#6318),#6329,.T.);
#6318 = FACE_BOUND('',#6319,.T.);
#6319 = EDGE_LOOP('',(#6320,#6321,#6322,#6323));
#6320 = ORIENTED_EDGE('',*,*,#6233,.F.);
#6321 = ORIENTED_EDGE('',*,*,#4812,.F.);
#6322 = ORIENTED_EDGE('',*,*,#6297,.T.);
#6323 = ORIENTED_EDGE('',*,*,#6324,.F.);
#6324 = EDGE_CURVE('',#6234,#6298,#6325,.T.);
#6325 = LINE('',#6326,#6327);
#6326 = CARTESIAN_POINT('',(-3.825,-1.825,1.51));
#6327 = VECTOR('',#6328,1.);
#6328 = DIRECTION('',(1.,0.,0.));
#6329 = PLANE('',#6330);
#6330 = AXIS2_PLACEMENT_3D('',#6331,#6332,#6333);
#6331 = CARTESIAN_POINT('',(-3.825,-0.275,1.51));
#6332 = DIRECTION('',(0.,0.,-1.));
#6333 = DIRECTION('',(0.,-1.,0.));
#6334 = ADVANCED_FACE('',(#6335),#6353,.F.);
#6335 = FACE_BOUND('',#6336,.F.);
#6336 = EDGE_LOOP('',(#6337,#6345,#6346,#6347));
#6337 = ORIENTED_EDGE('',*,*,#6338,.T.);
#6338 = EDGE_CURVE('',#6339,#4949,#6341,.T.);
#6339 = VERTEX_POINT('',#6340);
#6340 = CARTESIAN_POINT('',(3.825,-1.82,1.945));
#6341 = LINE('',#6342,#6343);
#6342 = CARTESIAN_POINT('',(3.825,-1.862444532488,1.945));
#6343 = VECTOR('',#6344,1.);
#6344 = DIRECTION('',(0.,-1.,2.22044604925E-16));
#6345 = ORIENTED_EDGE('',*,*,#4956,.T.);
#6346 = ORIENTED_EDGE('',*,*,#6038,.T.);
#6347 = ORIENTED_EDGE('',*,*,#6348,.F.);
#6348 = EDGE_CURVE('',#6339,#6039,#6349,.T.);
#6349 = LINE('',#6350,#6351);
#6350 = CARTESIAN_POINT('',(3.625,-1.82,1.945));
#6351 = VECTOR('',#6352,1.);
#6352 = DIRECTION('',(1.,0.,0.));
#6353 = PLANE('',#6354);
#6354 = AXIS2_PLACEMENT_3D('',#6355,#6356,#6357);
#6355 = CARTESIAN_POINT('',(3.625,-2.47,1.945));
#6356 = DIRECTION('',(0.,2.22044604925E-16,1.));
#6357 = DIRECTION('',(0.,1.,-2.22044604925E-16));
#6358 = ADVANCED_FACE('',(#6359),#6448,.F.);
#6359 = FACE_BOUND('',#6360,.F.);
#6360 = EDGE_LOOP('',(#6361,#6371,#6379,#6385,#6386,#6387,#6395,#6403,
    #6411,#6419,#6427,#6433,#6434,#6442));
#6361 = ORIENTED_EDGE('',*,*,#6362,.T.);
#6362 = EDGE_CURVE('',#6363,#6365,#6367,.T.);
#6363 = VERTEX_POINT('',#6364);
#6364 = CARTESIAN_POINT('',(3.825,-0.255,-1.665334536938E-16));
#6365 = VERTEX_POINT('',#6366);
#6366 = CARTESIAN_POINT('',(3.825,-2.475,0.));
#6367 = LINE('',#6368,#6369);
#6368 = CARTESIAN_POINT('',(3.825,-0.255,-1.665334536938E-16));
#6369 = VECTOR('',#6370,1.);
#6370 = DIRECTION('',(0.,-1.,7.501506923143E-17));
#6371 = ORIENTED_EDGE('',*,*,#6372,.T.);
#6372 = EDGE_CURVE('',#6365,#6373,#6375,.T.);
#6373 = VERTEX_POINT('',#6374);
#6374 = CARTESIAN_POINT('',(3.825,-2.475,2.05));
#6375 = LINE('',#6376,#6377);
#6376 = CARTESIAN_POINT('',(3.825,-2.475,0.));
#6377 = VECTOR('',#6378,1.);
#6378 = DIRECTION('',(0.,0.,1.));
#6379 = ORIENTED_EDGE('',*,*,#6380,.T.);
#6380 = EDGE_CURVE('',#6373,#4941,#6381,.T.);
#6381 = LINE('',#6382,#6383);
#6382 = CARTESIAN_POINT('',(3.825,-2.475,2.05));
#6383 = VECTOR('',#6384,1.);
#6384 = DIRECTION('',(0.,1.,0.));
#6385 = ORIENTED_EDGE('',*,*,#4948,.T.);
#6386 = ORIENTED_EDGE('',*,*,#6338,.F.);
#6387 = ORIENTED_EDGE('',*,*,#6388,.F.);
#6388 = EDGE_CURVE('',#6389,#6339,#6391,.T.);
#6389 = VERTEX_POINT('',#6390);
#6390 = CARTESIAN_POINT('',(3.825,-1.82,1.51));
#6391 = LINE('',#6392,#6393);
#6392 = CARTESIAN_POINT('',(3.825,-1.82,1.482892234548));
#6393 = VECTOR('',#6394,1.);
#6394 = DIRECTION('',(0.,2.22044604925E-16,1.));
#6395 = ORIENTED_EDGE('',*,*,#6396,.T.);
#6396 = EDGE_CURVE('',#6389,#6397,#6399,.T.);
#6397 = VERTEX_POINT('',#6398);
#6398 = CARTESIAN_POINT('',(3.825,-1.825,1.51));
#6399 = LINE('',#6400,#6401);
#6400 = CARTESIAN_POINT('',(3.825,-0.275,1.51));
#6401 = VECTOR('',#6402,1.);
#6402 = DIRECTION('',(0.,-1.,0.));
#6403 = ORIENTED_EDGE('',*,*,#6404,.T.);
#6404 = EDGE_CURVE('',#6397,#6405,#6407,.T.);
#6405 = VERTEX_POINT('',#6406);
#6406 = CARTESIAN_POINT('',(3.825,-1.825,0.8));
#6407 = LINE('',#6408,#6409);
#6408 = CARTESIAN_POINT('',(3.825,-1.825,1.51));
#6409 = VECTOR('',#6410,1.);
#6410 = DIRECTION('',(0.,0.,-1.));
#6411 = ORIENTED_EDGE('',*,*,#6412,.T.);
#6412 = EDGE_CURVE('',#6405,#6413,#6415,.T.);
#6413 = VERTEX_POINT('',#6414);
#6414 = CARTESIAN_POINT('',(3.825,-1.82,0.8));
#6415 = LINE('',#6416,#6417);
#6416 = CARTESIAN_POINT('',(3.825,-1.825,0.8));
#6417 = VECTOR('',#6418,1.);
#6418 = DIRECTION('',(0.,1.,0.));
#6419 = ORIENTED_EDGE('',*,*,#6420,.F.);
#6420 = EDGE_CURVE('',#6421,#6413,#6423,.T.);
#6421 = VERTEX_POINT('',#6422);
#6422 = CARTESIAN_POINT('',(3.825,-1.82,0.595));
#6423 = LINE('',#6424,#6425);
#6424 = CARTESIAN_POINT('',(3.825,-1.82,1.482892234548));
#6425 = VECTOR('',#6426,1.);
#6426 = DIRECTION('',(0.,2.22044604925E-16,1.));
#6427 = ORIENTED_EDGE('',*,*,#6428,.F.);
#6428 = EDGE_CURVE('',#6079,#6421,#6429,.T.);
#6429 = LINE('',#6430,#6431);
#6430 = CARTESIAN_POINT('',(3.825,-1.537444532488,0.595));
#6431 = VECTOR('',#6432,1.);
#6432 = DIRECTION('',(0.,-1.,2.22044604925E-16));
#6433 = ORIENTED_EDGE('',*,*,#6076,.F.);
#6434 = ORIENTED_EDGE('',*,*,#6435,.T.);
#6435 = EDGE_CURVE('',#6077,#6436,#6438,.T.);
#6436 = VERTEX_POINT('',#6437);
#6437 = CARTESIAN_POINT('',(3.825,-0.255,0.37));
#6438 = LINE('',#6439,#6440);
#6439 = CARTESIAN_POINT('',(3.825,0.235,0.37));
#6440 = VECTOR('',#6441,1.);
#6441 = DIRECTION('',(0.,-1.,0.));
#6442 = ORIENTED_EDGE('',*,*,#6443,.T.);
#6443 = EDGE_CURVE('',#6436,#6363,#6444,.T.);
#6444 = LINE('',#6445,#6446);
#6445 = CARTESIAN_POINT('',(3.825,-0.255,0.37));
#6446 = VECTOR('',#6447,1.);
#6447 = DIRECTION('',(0.,0.,-1.));
#6448 = PLANE('',#6449);
#6449 = AXIS2_PLACEMENT_3D('',#6450,#6451,#6452);
#6450 = CARTESIAN_POINT('',(3.825,-1.254889064976,1.020784469097));
#6451 = DIRECTION('',(-1.,-0.,-0.));
#6452 = DIRECTION('',(0.,0.,-1.));
#6453 = ADVANCED_FACE('',(#6454),#6472,.T.);
#6454 = FACE_BOUND('',#6455,.T.);
#6455 = EDGE_LOOP('',(#6456,#6464,#6470,#6471));
#6456 = ORIENTED_EDGE('',*,*,#6457,.F.);
#6457 = EDGE_CURVE('',#6458,#4933,#6460,.T.);
#6458 = VERTEX_POINT('',#6459);
#6459 = CARTESIAN_POINT('',(3.625,-2.475,2.05));
#6460 = LINE('',#6461,#6462);
#6461 = CARTESIAN_POINT('',(3.625,-2.475,2.05));
#6462 = VECTOR('',#6463,1.);
#6463 = DIRECTION('',(0.,1.,0.));
#6464 = ORIENTED_EDGE('',*,*,#6465,.T.);
#6465 = EDGE_CURVE('',#6458,#6373,#6466,.T.);
#6466 = LINE('',#6467,#6468);
#6467 = CARTESIAN_POINT('',(3.625,-2.475,2.05));
#6468 = VECTOR('',#6469,1.);
#6469 = DIRECTION('',(1.,0.,0.));
#6470 = ORIENTED_EDGE('',*,*,#6380,.T.);
#6471 = ORIENTED_EDGE('',*,*,#4940,.T.);
#6472 = PLANE('',#6473);
#6473 = AXIS2_PLACEMENT_3D('',#6474,#6475,#6476);
#6474 = CARTESIAN_POINT('',(3.625,-2.475,2.05));
#6475 = DIRECTION('',(0.,0.,1.));
#6476 = DIRECTION('',(0.,1.,0.));
#6477 = ADVANCED_FACE('',(#6478),#6497,.T.);
#6478 = FACE_BOUND('',#6479,.T.);
#6479 = EDGE_LOOP('',(#6480,#6488,#6494,#6495,#6496));
#6480 = ORIENTED_EDGE('',*,*,#6481,.T.);
#6481 = EDGE_CURVE('',#4917,#6482,#6484,.T.);
#6482 = VERTEX_POINT('',#6483);
#6483 = CARTESIAN_POINT('',(3.625,-2.475,0.));
#6484 = LINE('',#6485,#6486);
#6485 = CARTESIAN_POINT('',(3.625,-0.255,-1.665334536938E-16));
#6486 = VECTOR('',#6487,1.);
#6487 = DIRECTION('',(0.,-1.,7.501506923143E-17));
#6488 = ORIENTED_EDGE('',*,*,#6489,.T.);
#6489 = EDGE_CURVE('',#6482,#6458,#6490,.T.);
#6490 = LINE('',#6491,#6492);
#6491 = CARTESIAN_POINT('',(3.625,-2.475,0.));
#6492 = VECTOR('',#6493,1.);
#6493 = DIRECTION('',(0.,0.,1.));
#6494 = ORIENTED_EDGE('',*,*,#6457,.T.);
#6495 = ORIENTED_EDGE('',*,*,#4932,.T.);
#6496 = ORIENTED_EDGE('',*,*,#4924,.F.);
#6497 = PLANE('',#6498);
#6498 = AXIS2_PLACEMENT_3D('',#6499,#6500,#6501);
#6499 = CARTESIAN_POINT('',(3.625,-1.254889064976,1.020784469097));
#6500 = DIRECTION('',(-1.,-0.,-0.));
#6501 = DIRECTION('',(0.,0.,-1.));
#6502 = ADVANCED_FACE('',(#6503),#6529,.F.);
#6503 = FACE_BOUND('',#6504,.F.);
#6504 = EDGE_LOOP('',(#6505,#6513,#6521,#6527,#6528));
#6505 = ORIENTED_EDGE('',*,*,#6506,.T.);
#6506 = EDGE_CURVE('',#4902,#6507,#6509,.T.);
#6507 = VERTEX_POINT('',#6508);
#6508 = CARTESIAN_POINT('',(-3.625,-2.475,0.));
#6509 = LINE('',#6510,#6511);
#6510 = CARTESIAN_POINT('',(-3.625,-0.255,-1.665334536938E-16));
#6511 = VECTOR('',#6512,1.);
#6512 = DIRECTION('',(0.,-1.,7.501506923143E-17));
#6513 = ORIENTED_EDGE('',*,*,#6514,.T.);
#6514 = EDGE_CURVE('',#6507,#6515,#6517,.T.);
#6515 = VERTEX_POINT('',#6516);
#6516 = CARTESIAN_POINT('',(-3.625,-2.475,2.05));
#6517 = LINE('',#6518,#6519);
#6518 = CARTESIAN_POINT('',(-3.625,-2.475,0.));
#6519 = VECTOR('',#6520,1.);
#6520 = DIRECTION('',(0.,0.,1.));
#6521 = ORIENTED_EDGE('',*,*,#6522,.T.);
#6522 = EDGE_CURVE('',#6515,#4886,#6523,.T.);
#6523 = LINE('',#6524,#6525);
#6524 = CARTESIAN_POINT('',(-3.625,-2.475,2.05));
#6525 = VECTOR('',#6526,1.);
#6526 = DIRECTION('',(0.,1.,0.));
#6527 = ORIENTED_EDGE('',*,*,#4893,.T.);
#6528 = ORIENTED_EDGE('',*,*,#4901,.F.);
#6529 = PLANE('',#6530);
#6530 = AXIS2_PLACEMENT_3D('',#6531,#6532,#6533);
#6531 = CARTESIAN_POINT('',(-3.625,-1.254889064976,1.020784469097));
#6532 = DIRECTION('',(-1.,-0.,-0.));
#6533 = DIRECTION('',(0.,0.,-1.));
#6534 = ADVANCED_FACE('',(#6535),#6546,.T.);
#6535 = FACE_BOUND('',#6536,.T.);
#6536 = EDGE_LOOP('',(#6537,#6538,#6544,#6545));
#6537 = ORIENTED_EDGE('',*,*,#6224,.F.);
#6538 = ORIENTED_EDGE('',*,*,#6539,.T.);
#6539 = EDGE_CURVE('',#6217,#6515,#6540,.T.);
#6540 = LINE('',#6541,#6542);
#6541 = CARTESIAN_POINT('',(-3.825,-2.475,2.05));
#6542 = VECTOR('',#6543,1.);
#6543 = DIRECTION('',(1.,0.,0.));
#6544 = ORIENTED_EDGE('',*,*,#6522,.T.);
#6545 = ORIENTED_EDGE('',*,*,#4885,.T.);
#6546 = PLANE('',#6547);
#6547 = AXIS2_PLACEMENT_3D('',#6548,#6549,#6550);
#6548 = CARTESIAN_POINT('',(-3.825,-2.475,2.05));
#6549 = DIRECTION('',(0.,0.,1.));
#6550 = DIRECTION('',(0.,1.,0.));
#6551 = ADVANCED_FACE('',(#6552),#6568,.T.);
#6552 = FACE_BOUND('',#6553,.T.);
#6553 = EDGE_LOOP('',(#6554,#6560,#6561,#6567));
#6554 = ORIENTED_EDGE('',*,*,#6555,.F.);
#6555 = EDGE_CURVE('',#5604,#4981,#6556,.T.);
#6556 = LINE('',#6557,#6558);
#6557 = CARTESIAN_POINT('',(-2.225,1.58,2.44));
#6558 = VECTOR('',#6559,1.);
#6559 = DIRECTION('',(0.,-1.,2.22044604925E-16));
#6560 = ORIENTED_EDGE('',*,*,#5603,.T.);
#6561 = ORIENTED_EDGE('',*,*,#6562,.T.);
#6562 = EDGE_CURVE('',#5606,#4983,#6563,.T.);
#6563 = LINE('',#6564,#6565);
#6564 = CARTESIAN_POINT('',(-2.225,1.58,3.84));
#6565 = VECTOR('',#6566,1.);
#6566 = DIRECTION('',(0.,-1.,2.22044604925E-16));
#6567 = ORIENTED_EDGE('',*,*,#4980,.F.);
#6568 = PLANE('',#6569);
#6569 = AXIS2_PLACEMENT_3D('',#6570,#6571,#6572);
#6570 = CARTESIAN_POINT('',(-2.225,1.58,2.44));
#6571 = DIRECTION('',(1.,0.,0.));
#6572 = DIRECTION('',(0.,-1.,2.22044604925E-16));
#6573 = ADVANCED_FACE('',(#6574),#6585,.F.);
#6574 = FACE_BOUND('',#6575,.F.);
#6575 = EDGE_LOOP('',(#6576,#6577,#6578,#6579));
#6576 = ORIENTED_EDGE('',*,*,#5613,.F.);
#6577 = ORIENTED_EDGE('',*,*,#6562,.T.);
#6578 = ORIENTED_EDGE('',*,*,#4990,.T.);
#6579 = ORIENTED_EDGE('',*,*,#6580,.F.);
#6580 = EDGE_CURVE('',#5614,#4991,#6581,.T.);
#6581 = LINE('',#6582,#6583);
#6582 = CARTESIAN_POINT('',(2.225,1.58,3.84));
#6583 = VECTOR('',#6584,1.);
#6584 = DIRECTION('',(0.,-1.,2.22044604925E-16));
#6585 = PLANE('',#6586);
#6586 = AXIS2_PLACEMENT_3D('',#6587,#6588,#6589);
#6587 = CARTESIAN_POINT('',(-2.225,1.58,3.84));
#6588 = DIRECTION('',(0.,2.22044604925E-16,1.));
#6589 = DIRECTION('',(0.,-1.,2.22044604925E-16));
#6590 = ADVANCED_FACE('',(#6591,#6602),#6636,.T.);
#6591 = FACE_BOUND('',#6592,.T.);
#6592 = EDGE_LOOP('',(#6593,#6594,#6595,#6596));
#6593 = ORIENTED_EDGE('',*,*,#5629,.F.);
#6594 = ORIENTED_EDGE('',*,*,#6555,.T.);
#6595 = ORIENTED_EDGE('',*,*,#5006,.T.);
#6596 = ORIENTED_EDGE('',*,*,#6597,.F.);
#6597 = EDGE_CURVE('',#5622,#4999,#6598,.T.);
#6598 = LINE('',#6599,#6600);
#6599 = CARTESIAN_POINT('',(2.225,1.58,2.44));
#6600 = VECTOR('',#6601,1.);
#6601 = DIRECTION('',(0.,-1.,2.22044604925E-16));
#6602 = FACE_BOUND('',#6603,.T.);
#6603 = EDGE_LOOP('',(#6604,#6614,#6622,#6630));
#6604 = ORIENTED_EDGE('',*,*,#6605,.T.);
#6605 = EDGE_CURVE('',#6606,#6608,#6610,.T.);
#6606 = VERTEX_POINT('',#6607);
#6607 = CARTESIAN_POINT('',(-1.225,-1.67,2.44));
#6608 = VERTEX_POINT('',#6609);
#6609 = CARTESIAN_POINT('',(-1.225,-0.67,2.44));
#6610 = LINE('',#6611,#6612);
#6611 = CARTESIAN_POINT('',(-1.225,-1.67,2.44));
#6612 = VECTOR('',#6613,1.);
#6613 = DIRECTION('',(0.,1.,-1.665334536938E-16));
#6614 = ORIENTED_EDGE('',*,*,#6615,.T.);
#6615 = EDGE_CURVE('',#6608,#6616,#6618,.T.);
#6616 = VERTEX_POINT('',#6617);
#6617 = CARTESIAN_POINT('',(1.225,-0.67,2.44));
#6618 = LINE('',#6619,#6620);
#6619 = CARTESIAN_POINT('',(-1.225,-0.67,2.44));
#6620 = VECTOR('',#6621,1.);
#6621 = DIRECTION('',(1.,0.,0.));
#6622 = ORIENTED_EDGE('',*,*,#6623,.F.);
#6623 = EDGE_CURVE('',#6624,#6616,#6626,.T.);
#6624 = VERTEX_POINT('',#6625);
#6625 = CARTESIAN_POINT('',(1.225,-1.67,2.44));
#6626 = LINE('',#6627,#6628);
#6627 = CARTESIAN_POINT('',(1.225,-1.67,2.44));
#6628 = VECTOR('',#6629,1.);
#6629 = DIRECTION('',(0.,1.,-1.665334536938E-16));
#6630 = ORIENTED_EDGE('',*,*,#6631,.F.);
#6631 = EDGE_CURVE('',#6606,#6624,#6632,.T.);
#6632 = LINE('',#6633,#6634);
#6633 = CARTESIAN_POINT('',(-1.225,-1.67,2.44));
#6634 = VECTOR('',#6635,1.);
#6635 = DIRECTION('',(1.,0.,0.));
#6636 = PLANE('',#6637);
#6637 = AXIS2_PLACEMENT_3D('',#6638,#6639,#6640);
#6638 = CARTESIAN_POINT('',(-2.225,1.58,2.44));
#6639 = DIRECTION('',(0.,2.22044604925E-16,1.));
#6640 = DIRECTION('',(0.,-1.,2.22044604925E-16));
#6641 = ADVANCED_FACE('',(#6642),#6648,.F.);
#6642 = FACE_BOUND('',#6643,.F.);
#6643 = EDGE_LOOP('',(#6644,#6645,#6646,#6647));
#6644 = ORIENTED_EDGE('',*,*,#6597,.F.);
#6645 = ORIENTED_EDGE('',*,*,#5621,.T.);
#6646 = ORIENTED_EDGE('',*,*,#6580,.T.);
#6647 = ORIENTED_EDGE('',*,*,#4998,.F.);
#6648 = PLANE('',#6649);
#6649 = AXIS2_PLACEMENT_3D('',#6650,#6651,#6652);
#6650 = CARTESIAN_POINT('',(2.225,1.58,2.44));
#6651 = DIRECTION('',(1.,0.,0.));
#6652 = DIRECTION('',(0.,-1.,2.22044604925E-16));
#6653 = ADVANCED_FACE('',(#6654),#6679,.F.);
#6654 = FACE_BOUND('',#6655,.F.);
#6655 = EDGE_LOOP('',(#6656,#6664,#6672,#6678));
#6656 = ORIENTED_EDGE('',*,*,#6657,.T.);
#6657 = EDGE_CURVE('',#5015,#6658,#6660,.T.);
#6658 = VERTEX_POINT('',#6659);
#6659 = CARTESIAN_POINT('',(3.125,0.13,0.595));
#6660 = LINE('',#6661,#6662);
#6661 = CARTESIAN_POINT('',(3.125,-2.47,0.595));
#6662 = VECTOR('',#6663,1.);
#6663 = DIRECTION('',(-0.,1.,-2.22044604925E-16));
#6664 = ORIENTED_EDGE('',*,*,#6665,.T.);
#6665 = EDGE_CURVE('',#6658,#6666,#6668,.T.);
#6666 = VERTEX_POINT('',#6667);
#6667 = CARTESIAN_POINT('',(3.125,0.13,2.645));
#6668 = LINE('',#6669,#6670);
#6669 = CARTESIAN_POINT('',(3.125,0.13,0.595));
#6670 = VECTOR('',#6671,1.);
#6671 = DIRECTION('',(0.,2.22044604925E-16,1.));
#6672 = ORIENTED_EDGE('',*,*,#6673,.F.);
#6673 = EDGE_CURVE('',#5017,#6666,#6674,.T.);
#6674 = LINE('',#6675,#6676);
#6675 = CARTESIAN_POINT('',(3.125,-2.47,2.645));
#6676 = VECTOR('',#6677,1.);
#6677 = DIRECTION('',(-0.,1.,-2.22044604925E-16));
#6678 = ORIENTED_EDGE('',*,*,#5014,.F.);
#6679 = PLANE('',#6680);
#6680 = AXIS2_PLACEMENT_3D('',#6681,#6682,#6683);
#6681 = CARTESIAN_POINT('',(3.125,-2.47,0.595));
#6682 = DIRECTION('',(1.,0.,0.));
#6683 = DIRECTION('',(-0.,2.22044604925E-16,1.));
#6684 = ADVANCED_FACE('',(#6685),#6703,.F.);
#6685 = FACE_BOUND('',#6686,.F.);
#6686 = EDGE_LOOP('',(#6687,#6695,#6701,#6702));
#6687 = ORIENTED_EDGE('',*,*,#6688,.T.);
#6688 = EDGE_CURVE('',#5025,#6689,#6691,.T.);
#6689 = VERTEX_POINT('',#6690);
#6690 = CARTESIAN_POINT('',(-3.125,0.13,0.595));
#6691 = LINE('',#6692,#6693);
#6692 = CARTESIAN_POINT('',(-3.125,-2.47,0.595));
#6693 = VECTOR('',#6694,1.);
#6694 = DIRECTION('',(-0.,1.,-2.22044604925E-16));
#6695 = ORIENTED_EDGE('',*,*,#6696,.T.);
#6696 = EDGE_CURVE('',#6689,#6658,#6697,.T.);
#6697 = LINE('',#6698,#6699);
#6698 = CARTESIAN_POINT('',(-3.125,0.13,0.595));
#6699 = VECTOR('',#6700,1.);
#6700 = DIRECTION('',(1.,0.,0.));
#6701 = ORIENTED_EDGE('',*,*,#6657,.F.);
#6702 = ORIENTED_EDGE('',*,*,#5024,.F.);
#6703 = PLANE('',#6704);
#6704 = AXIS2_PLACEMENT_3D('',#6705,#6706,#6707);
#6705 = CARTESIAN_POINT('',(-3.125,-2.47,0.595));
#6706 = DIRECTION('',(0.,-2.22044604925E-16,-1.));
#6707 = DIRECTION('',(1.,0.,0.));
#6708 = ADVANCED_FACE('',(#6709),#6727,.F.);
#6709 = FACE_BOUND('',#6710,.F.);
#6710 = EDGE_LOOP('',(#6711,#6712,#6720,#6726));
#6711 = ORIENTED_EDGE('',*,*,#6673,.T.);
#6712 = ORIENTED_EDGE('',*,*,#6713,.T.);
#6713 = EDGE_CURVE('',#6666,#6714,#6716,.T.);
#6714 = VERTEX_POINT('',#6715);
#6715 = CARTESIAN_POINT('',(2.625,0.13,2.645));
#6716 = LINE('',#6717,#6718);
#6717 = CARTESIAN_POINT('',(3.125,0.13,2.645));
#6718 = VECTOR('',#6719,1.);
#6719 = DIRECTION('',(-1.,0.,0.));
#6720 = ORIENTED_EDGE('',*,*,#6721,.F.);
#6721 = EDGE_CURVE('',#5321,#6714,#6722,.T.);
#6722 = LINE('',#6723,#6724);
#6723 = CARTESIAN_POINT('',(2.625,-2.47,2.645));
#6724 = VECTOR('',#6725,1.);
#6725 = DIRECTION('',(-0.,1.,-2.22044604925E-16));
#6726 = ORIENTED_EDGE('',*,*,#5328,.F.);
#6727 = PLANE('',#6728);
#6728 = AXIS2_PLACEMENT_3D('',#6729,#6730,#6731);
#6729 = CARTESIAN_POINT('',(3.125,-2.47,2.645));
#6730 = DIRECTION('',(0.,2.22044604925E-16,1.));
#6731 = DIRECTION('',(-1.,0.,0.));
#6732 = ADVANCED_FACE('',(#6733),#6751,.F.);
#6733 = FACE_BOUND('',#6734,.F.);
#6734 = EDGE_LOOP('',(#6735,#6743,#6749,#6750));
#6735 = ORIENTED_EDGE('',*,*,#6736,.T.);
#6736 = EDGE_CURVE('',#5033,#6737,#6739,.T.);
#6737 = VERTEX_POINT('',#6738);
#6738 = CARTESIAN_POINT('',(-3.125,0.13,2.645));
#6739 = LINE('',#6740,#6741);
#6740 = CARTESIAN_POINT('',(-3.125,-2.47,2.645));
#6741 = VECTOR('',#6742,1.);
#6742 = DIRECTION('',(-0.,1.,-2.22044604925E-16));
#6743 = ORIENTED_EDGE('',*,*,#6744,.T.);
#6744 = EDGE_CURVE('',#6737,#6689,#6745,.T.);
#6745 = LINE('',#6746,#6747);
#6746 = CARTESIAN_POINT('',(-3.125,0.13,2.645));
#6747 = VECTOR('',#6748,1.);
#6748 = DIRECTION('',(0.,-2.22044604925E-16,-1.));
#6749 = ORIENTED_EDGE('',*,*,#6688,.F.);
#6750 = ORIENTED_EDGE('',*,*,#5032,.F.);
#6751 = PLANE('',#6752);
#6752 = AXIS2_PLACEMENT_3D('',#6753,#6754,#6755);
#6753 = CARTESIAN_POINT('',(-3.125,-2.47,2.645));
#6754 = DIRECTION('',(-1.,0.,0.));
#6755 = DIRECTION('',(-0.,-2.22044604925E-16,-1.));
#6756 = ADVANCED_FACE('',(#6757),#6775,.F.);
#6757 = FACE_BOUND('',#6758,.F.);
#6758 = EDGE_LOOP('',(#6759,#6760,#6768,#6774));
#6759 = ORIENTED_EDGE('',*,*,#6721,.T.);
#6760 = ORIENTED_EDGE('',*,*,#6761,.T.);
#6761 = EDGE_CURVE('',#6714,#6762,#6764,.T.);
#6762 = VERTEX_POINT('',#6763);
#6763 = CARTESIAN_POINT('',(2.625,0.13,2.145));
#6764 = LINE('',#6765,#6766);
#6765 = CARTESIAN_POINT('',(2.625,0.13,2.645));
#6766 = VECTOR('',#6767,1.);
#6767 = DIRECTION('',(0.,-2.22044604925E-16,-1.));
#6768 = ORIENTED_EDGE('',*,*,#6769,.F.);
#6769 = EDGE_CURVE('',#5313,#6762,#6770,.T.);
#6770 = LINE('',#6771,#6772);
#6771 = CARTESIAN_POINT('',(2.625,-2.47,2.145));
#6772 = VECTOR('',#6773,1.);
#6773 = DIRECTION('',(-0.,1.,-2.22044604925E-16));
#6774 = ORIENTED_EDGE('',*,*,#5320,.F.);
#6775 = PLANE('',#6776);
#6776 = AXIS2_PLACEMENT_3D('',#6777,#6778,#6779);
#6777 = CARTESIAN_POINT('',(2.625,-2.47,2.645));
#6778 = DIRECTION('',(-1.,0.,0.));
#6779 = DIRECTION('',(-0.,-2.22044604925E-16,-1.));
#6780 = ADVANCED_FACE('',(#6781),#6799,.F.);
#6781 = FACE_BOUND('',#6782,.F.);
#6782 = EDGE_LOOP('',(#6783,#6791,#6797,#6798));
#6783 = ORIENTED_EDGE('',*,*,#6784,.T.);
#6784 = EDGE_CURVE('',#5041,#6785,#6787,.T.);
#6785 = VERTEX_POINT('',#6786);
#6786 = CARTESIAN_POINT('',(-2.625,0.13,2.645));
#6787 = LINE('',#6788,#6789);
#6788 = CARTESIAN_POINT('',(-2.625,-2.47,2.645));
#6789 = VECTOR('',#6790,1.);
#6790 = DIRECTION('',(-0.,1.,-2.22044604925E-16));
#6791 = ORIENTED_EDGE('',*,*,#6792,.T.);
#6792 = EDGE_CURVE('',#6785,#6737,#6793,.T.);
#6793 = LINE('',#6794,#6795);
#6794 = CARTESIAN_POINT('',(-2.625,0.13,2.645));
#6795 = VECTOR('',#6796,1.);
#6796 = DIRECTION('',(-1.,0.,0.));
#6797 = ORIENTED_EDGE('',*,*,#6736,.F.);
#6798 = ORIENTED_EDGE('',*,*,#5040,.F.);
#6799 = PLANE('',#6800);
#6800 = AXIS2_PLACEMENT_3D('',#6801,#6802,#6803);
#6801 = CARTESIAN_POINT('',(-2.625,-2.47,2.645));
#6802 = DIRECTION('',(0.,2.22044604925E-16,1.));
#6803 = DIRECTION('',(-1.,0.,0.));
#6804 = ADVANCED_FACE('',(#6805),#6823,.F.);
#6805 = FACE_BOUND('',#6806,.F.);
#6806 = EDGE_LOOP('',(#6807,#6808,#6816,#6822));
#6807 = ORIENTED_EDGE('',*,*,#6769,.T.);
#6808 = ORIENTED_EDGE('',*,*,#6809,.T.);
#6809 = EDGE_CURVE('',#6762,#6810,#6812,.T.);
#6810 = VERTEX_POINT('',#6811);
#6811 = CARTESIAN_POINT('',(2.125,0.13,2.145));
#6812 = LINE('',#6813,#6814);
#6813 = CARTESIAN_POINT('',(2.625,0.13,2.145));
#6814 = VECTOR('',#6815,1.);
#6815 = DIRECTION('',(-1.,0.,0.));
#6816 = ORIENTED_EDGE('',*,*,#6817,.F.);
#6817 = EDGE_CURVE('',#5305,#6810,#6818,.T.);
#6818 = LINE('',#6819,#6820);
#6819 = CARTESIAN_POINT('',(2.125,-2.47,2.145));
#6820 = VECTOR('',#6821,1.);
#6821 = DIRECTION('',(-0.,1.,-2.22044604925E-16));
#6822 = ORIENTED_EDGE('',*,*,#5312,.F.);
#6823 = PLANE('',#6824);
#6824 = AXIS2_PLACEMENT_3D('',#6825,#6826,#6827);
#6825 = CARTESIAN_POINT('',(2.625,-2.47,2.145));
#6826 = DIRECTION('',(0.,2.22044604925E-16,1.));
#6827 = DIRECTION('',(-1.,0.,0.));
#6828 = ADVANCED_FACE('',(#6829),#6847,.F.);
#6829 = FACE_BOUND('',#6830,.F.);
#6830 = EDGE_LOOP('',(#6831,#6839,#6845,#6846));
#6831 = ORIENTED_EDGE('',*,*,#6832,.T.);
#6832 = EDGE_CURVE('',#5049,#6833,#6835,.T.);
#6833 = VERTEX_POINT('',#6834);
#6834 = CARTESIAN_POINT('',(-2.625,0.13,2.145));
#6835 = LINE('',#6836,#6837);
#6836 = CARTESIAN_POINT('',(-2.625,-2.47,2.145));
#6837 = VECTOR('',#6838,1.);
#6838 = DIRECTION('',(-0.,1.,-2.22044604925E-16));
#6839 = ORIENTED_EDGE('',*,*,#6840,.T.);
#6840 = EDGE_CURVE('',#6833,#6785,#6841,.T.);
#6841 = LINE('',#6842,#6843);
#6842 = CARTESIAN_POINT('',(-2.625,0.13,2.145));
#6843 = VECTOR('',#6844,1.);
#6844 = DIRECTION('',(0.,2.22044604925E-16,1.));
#6845 = ORIENTED_EDGE('',*,*,#6784,.F.);
#6846 = ORIENTED_EDGE('',*,*,#5048,.F.);
#6847 = PLANE('',#6848);
#6848 = AXIS2_PLACEMENT_3D('',#6849,#6850,#6851);
#6849 = CARTESIAN_POINT('',(-2.625,-2.47,2.145));
#6850 = DIRECTION('',(1.,0.,0.));
#6851 = DIRECTION('',(-0.,2.22044604925E-16,1.));
#6852 = ADVANCED_FACE('',(#6853),#6871,.F.);
#6853 = FACE_BOUND('',#6854,.F.);
#6854 = EDGE_LOOP('',(#6855,#6856,#6864,#6870));
#6855 = ORIENTED_EDGE('',*,*,#6817,.T.);
#6856 = ORIENTED_EDGE('',*,*,#6857,.T.);
#6857 = EDGE_CURVE('',#6810,#6858,#6860,.T.);
#6858 = VERTEX_POINT('',#6859);
#6859 = CARTESIAN_POINT('',(2.125,0.13,1.945));
#6860 = LINE('',#6861,#6862);
#6861 = CARTESIAN_POINT('',(2.125,0.13,2.145));
#6862 = VECTOR('',#6863,1.);
#6863 = DIRECTION('',(0.,-2.22044604925E-16,-1.));
#6864 = ORIENTED_EDGE('',*,*,#6865,.F.);
#6865 = EDGE_CURVE('',#5297,#6858,#6866,.T.);
#6866 = LINE('',#6867,#6868);
#6867 = CARTESIAN_POINT('',(2.125,-2.47,1.945));
#6868 = VECTOR('',#6869,1.);
#6869 = DIRECTION('',(-0.,1.,-2.22044604925E-16));
#6870 = ORIENTED_EDGE('',*,*,#5304,.F.);
#6871 = PLANE('',#6872);
#6872 = AXIS2_PLACEMENT_3D('',#6873,#6874,#6875);
#6873 = CARTESIAN_POINT('',(2.125,-2.47,2.145));
#6874 = DIRECTION('',(-1.,0.,0.));
#6875 = DIRECTION('',(-0.,-2.22044604925E-16,-1.));
#6876 = ADVANCED_FACE('',(#6877),#6895,.F.);
#6877 = FACE_BOUND('',#6878,.F.);
#6878 = EDGE_LOOP('',(#6879,#6887,#6893,#6894));
#6879 = ORIENTED_EDGE('',*,*,#6880,.T.);
#6880 = EDGE_CURVE('',#5057,#6881,#6883,.T.);
#6881 = VERTEX_POINT('',#6882);
#6882 = CARTESIAN_POINT('',(-2.125,0.13,2.145));
#6883 = LINE('',#6884,#6885);
#6884 = CARTESIAN_POINT('',(-2.125,-2.47,2.145));
#6885 = VECTOR('',#6886,1.);
#6886 = DIRECTION('',(-0.,1.,-2.22044604925E-16));
#6887 = ORIENTED_EDGE('',*,*,#6888,.T.);
#6888 = EDGE_CURVE('',#6881,#6833,#6889,.T.);
#6889 = LINE('',#6890,#6891);
#6890 = CARTESIAN_POINT('',(-2.125,0.13,2.145));
#6891 = VECTOR('',#6892,1.);
#6892 = DIRECTION('',(-1.,0.,0.));
#6893 = ORIENTED_EDGE('',*,*,#6832,.F.);
#6894 = ORIENTED_EDGE('',*,*,#5056,.F.);
#6895 = PLANE('',#6896);
#6896 = AXIS2_PLACEMENT_3D('',#6897,#6898,#6899);
#6897 = CARTESIAN_POINT('',(-2.125,-2.47,2.145));
#6898 = DIRECTION('',(0.,2.22044604925E-16,1.));
#6899 = DIRECTION('',(-1.,0.,0.));
#6900 = ADVANCED_FACE('',(#6901),#6927,.F.);
#6901 = FACE_BOUND('',#6902,.F.);
#6902 = EDGE_LOOP('',(#6903,#6904,#6912,#6920,#6926));
#6903 = ORIENTED_EDGE('',*,*,#6865,.T.);
#6904 = ORIENTED_EDGE('',*,*,#6905,.T.);
#6905 = EDGE_CURVE('',#6858,#6906,#6908,.T.);
#6906 = VERTEX_POINT('',#6907);
#6907 = CARTESIAN_POINT('',(1.975,0.13,1.945));
#6908 = LINE('',#6909,#6910);
#6909 = CARTESIAN_POINT('',(2.125,0.13,1.945));
#6910 = VECTOR('',#6911,1.);
#6911 = DIRECTION('',(-1.,0.,0.));
#6912 = ORIENTED_EDGE('',*,*,#6913,.F.);
#6913 = EDGE_CURVE('',#6914,#6906,#6916,.T.);
#6914 = VERTEX_POINT('',#6915);
#6915 = CARTESIAN_POINT('',(1.975,-2.12,1.945));
#6916 = LINE('',#6917,#6918);
#6917 = CARTESIAN_POINT('',(1.975,-2.47,1.945));
#6918 = VECTOR('',#6919,1.);
#6919 = DIRECTION('',(-0.,1.,-2.22044604925E-16));
#6920 = ORIENTED_EDGE('',*,*,#6921,.F.);
#6921 = EDGE_CURVE('',#5289,#6914,#6922,.T.);
#6922 = LINE('',#6923,#6924);
#6923 = CARTESIAN_POINT('',(1.975,-2.47,1.945));
#6924 = VECTOR('',#6925,1.);
#6925 = DIRECTION('',(-0.,1.,-2.22044604925E-16));
#6926 = ORIENTED_EDGE('',*,*,#5296,.F.);
#6927 = PLANE('',#6928);
#6928 = AXIS2_PLACEMENT_3D('',#6929,#6930,#6931);
#6929 = CARTESIAN_POINT('',(2.125,-2.47,1.945));
#6930 = DIRECTION('',(0.,2.22044604925E-16,1.));
#6931 = DIRECTION('',(-1.,0.,0.));
#6932 = ADVANCED_FACE('',(#6933),#6951,.F.);
#6933 = FACE_BOUND('',#6934,.F.);
#6934 = EDGE_LOOP('',(#6935,#6943,#6949,#6950));
#6935 = ORIENTED_EDGE('',*,*,#6936,.T.);
#6936 = EDGE_CURVE('',#5065,#6937,#6939,.T.);
#6937 = VERTEX_POINT('',#6938);
#6938 = CARTESIAN_POINT('',(-2.125,0.13,1.945));
#6939 = LINE('',#6940,#6941);
#6940 = CARTESIAN_POINT('',(-2.125,-2.47,1.945));
#6941 = VECTOR('',#6942,1.);
#6942 = DIRECTION('',(-0.,1.,-2.22044604925E-16));
#6943 = ORIENTED_EDGE('',*,*,#6944,.T.);
#6944 = EDGE_CURVE('',#6937,#6881,#6945,.T.);
#6945 = LINE('',#6946,#6947);
#6946 = CARTESIAN_POINT('',(-2.125,0.13,1.945));
#6947 = VECTOR('',#6948,1.);
#6948 = DIRECTION('',(0.,2.22044604925E-16,1.));
#6949 = ORIENTED_EDGE('',*,*,#6880,.F.);
#6950 = ORIENTED_EDGE('',*,*,#5064,.F.);
#6951 = PLANE('',#6952);
#6952 = AXIS2_PLACEMENT_3D('',#6953,#6954,#6955);
#6953 = CARTESIAN_POINT('',(-2.125,-2.47,1.945));
#6954 = DIRECTION('',(1.,0.,0.));
#6955 = DIRECTION('',(-0.,2.22044604925E-16,1.));
#6956 = ADVANCED_FACE('',(#6957),#6991,.F.);
#6957 = FACE_BOUND('',#6958,.F.);
#6958 = EDGE_LOOP('',(#6959,#6960,#6961,#6969,#6977,#6985));
#6959 = ORIENTED_EDGE('',*,*,#5288,.F.);
#6960 = ORIENTED_EDGE('',*,*,#6921,.T.);
#6961 = ORIENTED_EDGE('',*,*,#6962,.F.);
#6962 = EDGE_CURVE('',#6963,#6914,#6965,.T.);
#6963 = VERTEX_POINT('',#6964);
#6964 = CARTESIAN_POINT('',(1.975,-2.2446,2.0696));
#6965 = LINE('',#6966,#6967);
#6966 = CARTESIAN_POINT('',(1.975,-2.2446,2.0696));
#6967 = VECTOR('',#6968,1.);
#6968 = DIRECTION('',(0.,0.707106781187,-0.707106781187));
#6969 = ORIENTED_EDGE('',*,*,#6970,.F.);
#6970 = EDGE_CURVE('',#6971,#6963,#6973,.T.);
#6971 = VERTEX_POINT('',#6972);
#6972 = CARTESIAN_POINT('',(1.975,0.13,2.0696));
#6973 = LINE('',#6974,#6975);
#6974 = CARTESIAN_POINT('',(1.975,1.1054,2.0696));
#6975 = VECTOR('',#6976,1.);
#6976 = DIRECTION('',(0.,-1.,0.));
#6977 = ORIENTED_EDGE('',*,*,#6978,.T.);
#6978 = EDGE_CURVE('',#6971,#6979,#6981,.T.);
#6979 = VERTEX_POINT('',#6980);
#6980 = CARTESIAN_POINT('',(1.975,0.13,2.145));
#6981 = LINE('',#6982,#6983);
#6982 = CARTESIAN_POINT('',(1.975,0.13,1.945));
#6983 = VECTOR('',#6984,1.);
#6984 = DIRECTION('',(0.,2.22044604925E-16,1.));
#6985 = ORIENTED_EDGE('',*,*,#6986,.F.);
#6986 = EDGE_CURVE('',#5281,#6979,#6987,.T.);
#6987 = LINE('',#6988,#6989);
#6988 = CARTESIAN_POINT('',(1.975,-2.47,2.145));
#6989 = VECTOR('',#6990,1.);
#6990 = DIRECTION('',(-0.,1.,-2.22044604925E-16));
#6991 = PLANE('',#6992);
#6992 = AXIS2_PLACEMENT_3D('',#6993,#6994,#6995);
#6993 = CARTESIAN_POINT('',(1.975,-2.47,1.945));
#6994 = DIRECTION('',(1.,0.,0.));
#6995 = DIRECTION('',(-0.,2.22044604925E-16,1.));
#6996 = ADVANCED_FACE('',(#6997),#7023,.F.);
#6997 = FACE_BOUND('',#6998,.F.);
#6998 = EDGE_LOOP('',(#6999,#7007,#7015,#7021,#7022));
#6999 = ORIENTED_EDGE('',*,*,#7000,.T.);
#7000 = EDGE_CURVE('',#5073,#7001,#7003,.T.);
#7001 = VERTEX_POINT('',#7002);
#7002 = CARTESIAN_POINT('',(-1.975,-2.12,1.945));
#7003 = LINE('',#7004,#7005);
#7004 = CARTESIAN_POINT('',(-1.975,-2.47,1.945));
#7005 = VECTOR('',#7006,1.);
#7006 = DIRECTION('',(-0.,1.,-2.22044604925E-16));
#7007 = ORIENTED_EDGE('',*,*,#7008,.T.);
#7008 = EDGE_CURVE('',#7001,#7009,#7011,.T.);
#7009 = VERTEX_POINT('',#7010);
#7010 = CARTESIAN_POINT('',(-1.975,0.13,1.945));
#7011 = LINE('',#7012,#7013);
#7012 = CARTESIAN_POINT('',(-1.975,-2.47,1.945));
#7013 = VECTOR('',#7014,1.);
#7014 = DIRECTION('',(-0.,1.,-2.22044604925E-16));
#7015 = ORIENTED_EDGE('',*,*,#7016,.T.);
#7016 = EDGE_CURVE('',#7009,#6937,#7017,.T.);
#7017 = LINE('',#7018,#7019);
#7018 = CARTESIAN_POINT('',(-1.975,0.13,1.945));
#7019 = VECTOR('',#7020,1.);
#7020 = DIRECTION('',(-1.,0.,0.));
#7021 = ORIENTED_EDGE('',*,*,#6936,.F.);
#7022 = ORIENTED_EDGE('',*,*,#5072,.F.);
#7023 = PLANE('',#7024);
#7024 = AXIS2_PLACEMENT_3D('',#7025,#7026,#7027);
#7025 = CARTESIAN_POINT('',(-1.975,-2.47,1.945));
#7026 = DIRECTION('',(0.,2.22044604925E-16,1.));
#7027 = DIRECTION('',(-1.,0.,0.));
#7028 = ADVANCED_FACE('',(#7029),#7047,.F.);
#7029 = FACE_BOUND('',#7030,.F.);
#7030 = EDGE_LOOP('',(#7031,#7032,#7040,#7046));
#7031 = ORIENTED_EDGE('',*,*,#6986,.T.);
#7032 = ORIENTED_EDGE('',*,*,#7033,.T.);
#7033 = EDGE_CURVE('',#6979,#7034,#7036,.T.);
#7034 = VERTEX_POINT('',#7035);
#7035 = CARTESIAN_POINT('',(1.775,0.13,2.145));
#7036 = LINE('',#7037,#7038);
#7037 = CARTESIAN_POINT('',(1.975,0.13,2.145));
#7038 = VECTOR('',#7039,1.);
#7039 = DIRECTION('',(-1.,0.,0.));
#7040 = ORIENTED_EDGE('',*,*,#7041,.F.);
#7041 = EDGE_CURVE('',#5273,#7034,#7042,.T.);
#7042 = LINE('',#7043,#7044);
#7043 = CARTESIAN_POINT('',(1.775,-2.47,2.145));
#7044 = VECTOR('',#7045,1.);
#7045 = DIRECTION('',(-0.,1.,-2.22044604925E-16));
#7046 = ORIENTED_EDGE('',*,*,#5280,.F.);
#7047 = PLANE('',#7048);
#7048 = AXIS2_PLACEMENT_3D('',#7049,#7050,#7051);
#7049 = CARTESIAN_POINT('',(1.975,-2.47,2.145));
#7050 = DIRECTION('',(0.,2.22044604925E-16,1.));
#7051 = DIRECTION('',(-1.,0.,0.));
#7052 = ADVANCED_FACE('',(#7053),#7087,.F.);
#7053 = FACE_BOUND('',#7054,.F.);
#7054 = EDGE_LOOP('',(#7055,#7056,#7064,#7072,#7080,#7086));
#7055 = ORIENTED_EDGE('',*,*,#5080,.F.);
#7056 = ORIENTED_EDGE('',*,*,#7057,.T.);
#7057 = EDGE_CURVE('',#5081,#7058,#7060,.T.);
#7058 = VERTEX_POINT('',#7059);
#7059 = CARTESIAN_POINT('',(-1.975,0.13,2.145));
#7060 = LINE('',#7061,#7062);
#7061 = CARTESIAN_POINT('',(-1.975,-2.47,2.145));
#7062 = VECTOR('',#7063,1.);
#7063 = DIRECTION('',(-0.,1.,-2.22044604925E-16));
#7064 = ORIENTED_EDGE('',*,*,#7065,.T.);
#7065 = EDGE_CURVE('',#7058,#7066,#7068,.T.);
#7066 = VERTEX_POINT('',#7067);
#7067 = CARTESIAN_POINT('',(-1.975,0.13,2.0696));
#7068 = LINE('',#7069,#7070);
#7069 = CARTESIAN_POINT('',(-1.975,0.13,2.145));
#7070 = VECTOR('',#7071,1.);
#7071 = DIRECTION('',(0.,-2.22044604925E-16,-1.));
#7072 = ORIENTED_EDGE('',*,*,#7073,.T.);
#7073 = EDGE_CURVE('',#7066,#7074,#7076,.T.);
#7074 = VERTEX_POINT('',#7075);
#7075 = CARTESIAN_POINT('',(-1.975,-2.2446,2.0696));
#7076 = LINE('',#7077,#7078);
#7077 = CARTESIAN_POINT('',(-1.975,1.1054,2.0696));
#7078 = VECTOR('',#7079,1.);
#7079 = DIRECTION('',(0.,-1.,0.));
#7080 = ORIENTED_EDGE('',*,*,#7081,.T.);
#7081 = EDGE_CURVE('',#7074,#7001,#7082,.T.);
#7082 = LINE('',#7083,#7084);
#7083 = CARTESIAN_POINT('',(-1.975,-2.2446,2.0696));
#7084 = VECTOR('',#7085,1.);
#7085 = DIRECTION('',(0.,0.707106781187,-0.707106781187));
#7086 = ORIENTED_EDGE('',*,*,#7000,.F.);
#7087 = PLANE('',#7088);
#7088 = AXIS2_PLACEMENT_3D('',#7089,#7090,#7091);
#7089 = CARTESIAN_POINT('',(-1.975,-2.47,2.145));
#7090 = DIRECTION('',(-1.,0.,0.));
#7091 = DIRECTION('',(-0.,-2.22044604925E-16,-1.));
#7092 = ADVANCED_FACE('',(#7093),#7127,.F.);
#7093 = FACE_BOUND('',#7094,.F.);
#7094 = EDGE_LOOP('',(#7095,#7096,#7097,#7105,#7113,#7121));
#7095 = ORIENTED_EDGE('',*,*,#5272,.F.);
#7096 = ORIENTED_EDGE('',*,*,#7041,.T.);
#7097 = ORIENTED_EDGE('',*,*,#7098,.T.);
#7098 = EDGE_CURVE('',#7034,#7099,#7101,.T.);
#7099 = VERTEX_POINT('',#7100);
#7100 = CARTESIAN_POINT('',(1.775,0.13,2.0696));
#7101 = LINE('',#7102,#7103);
#7102 = CARTESIAN_POINT('',(1.775,0.13,2.145));
#7103 = VECTOR('',#7104,1.);
#7104 = DIRECTION('',(0.,-2.22044604925E-16,-1.));
#7105 = ORIENTED_EDGE('',*,*,#7106,.T.);
#7106 = EDGE_CURVE('',#7099,#7107,#7109,.T.);
#7107 = VERTEX_POINT('',#7108);
#7108 = CARTESIAN_POINT('',(1.775,-2.2446,2.0696));
#7109 = LINE('',#7110,#7111);
#7110 = CARTESIAN_POINT('',(1.775,1.1054,2.0696));
#7111 = VECTOR('',#7112,1.);
#7112 = DIRECTION('',(0.,-1.,0.));
#7113 = ORIENTED_EDGE('',*,*,#7114,.T.);
#7114 = EDGE_CURVE('',#7107,#7115,#7117,.T.);
#7115 = VERTEX_POINT('',#7116);
#7116 = CARTESIAN_POINT('',(1.775,-2.12,1.945));
#7117 = LINE('',#7118,#7119);
#7118 = CARTESIAN_POINT('',(1.775,-2.2446,2.0696));
#7119 = VECTOR('',#7120,1.);
#7120 = DIRECTION('',(0.,0.707106781187,-0.707106781187));
#7121 = ORIENTED_EDGE('',*,*,#7122,.F.);
#7122 = EDGE_CURVE('',#5265,#7115,#7123,.T.);
#7123 = LINE('',#7124,#7125);
#7124 = CARTESIAN_POINT('',(1.775,-2.47,1.945));
#7125 = VECTOR('',#7126,1.);
#7126 = DIRECTION('',(-0.,1.,-2.22044604925E-16));
#7127 = PLANE('',#7128);
#7128 = AXIS2_PLACEMENT_3D('',#7129,#7130,#7131);
#7129 = CARTESIAN_POINT('',(1.775,-2.47,2.145));
#7130 = DIRECTION('',(-1.,0.,0.));
#7131 = DIRECTION('',(-0.,-2.22044604925E-16,-1.));
#7132 = ADVANCED_FACE('',(#7133),#7151,.F.);
#7133 = FACE_BOUND('',#7134,.F.);
#7134 = EDGE_LOOP('',(#7135,#7143,#7149,#7150));
#7135 = ORIENTED_EDGE('',*,*,#7136,.T.);
#7136 = EDGE_CURVE('',#5089,#7137,#7139,.T.);
#7137 = VERTEX_POINT('',#7138);
#7138 = CARTESIAN_POINT('',(-1.775,0.13,2.145));
#7139 = LINE('',#7140,#7141);
#7140 = CARTESIAN_POINT('',(-1.775,-2.47,2.145));
#7141 = VECTOR('',#7142,1.);
#7142 = DIRECTION('',(-0.,1.,-2.22044604925E-16));
#7143 = ORIENTED_EDGE('',*,*,#7144,.T.);
#7144 = EDGE_CURVE('',#7137,#7058,#7145,.T.);
#7145 = LINE('',#7146,#7147);
#7146 = CARTESIAN_POINT('',(-1.775,0.13,2.145));
#7147 = VECTOR('',#7148,1.);
#7148 = DIRECTION('',(-1.,0.,0.));
#7149 = ORIENTED_EDGE('',*,*,#7057,.F.);
#7150 = ORIENTED_EDGE('',*,*,#5088,.F.);
#7151 = PLANE('',#7152);
#7152 = AXIS2_PLACEMENT_3D('',#7153,#7154,#7155);
#7153 = CARTESIAN_POINT('',(-1.775,-2.47,2.145));
#7154 = DIRECTION('',(0.,2.22044604925E-16,1.));
#7155 = DIRECTION('',(-1.,0.,0.));
#7156 = ADVANCED_FACE('',(#7157),#7183,.F.);
#7157 = FACE_BOUND('',#7158,.F.);
#7158 = EDGE_LOOP('',(#7159,#7160,#7168,#7176,#7182));
#7159 = ORIENTED_EDGE('',*,*,#7122,.T.);
#7160 = ORIENTED_EDGE('',*,*,#7161,.T.);
#7161 = EDGE_CURVE('',#7115,#7162,#7164,.T.);
#7162 = VERTEX_POINT('',#7163);
#7163 = CARTESIAN_POINT('',(1.775,0.13,1.945));
#7164 = LINE('',#7165,#7166);
#7165 = CARTESIAN_POINT('',(1.775,-2.47,1.945));
#7166 = VECTOR('',#7167,1.);
#7167 = DIRECTION('',(-0.,1.,-2.22044604925E-16));
#7168 = ORIENTED_EDGE('',*,*,#7169,.T.);
#7169 = EDGE_CURVE('',#7162,#7170,#7172,.T.);
#7170 = VERTEX_POINT('',#7171);
#7171 = CARTESIAN_POINT('',(1.625,0.13,1.945));
#7172 = LINE('',#7173,#7174);
#7173 = CARTESIAN_POINT('',(1.775,0.13,1.945));
#7174 = VECTOR('',#7175,1.);
#7175 = DIRECTION('',(-1.,0.,0.));
#7176 = ORIENTED_EDGE('',*,*,#7177,.F.);
#7177 = EDGE_CURVE('',#5257,#7170,#7178,.T.);
#7178 = LINE('',#7179,#7180);
#7179 = CARTESIAN_POINT('',(1.625,-2.47,1.945));
#7180 = VECTOR('',#7181,1.);
#7181 = DIRECTION('',(-0.,1.,-2.22044604925E-16));
#7182 = ORIENTED_EDGE('',*,*,#5264,.F.);
#7183 = PLANE('',#7184);
#7184 = AXIS2_PLACEMENT_3D('',#7185,#7186,#7187);
#7185 = CARTESIAN_POINT('',(1.775,-2.47,1.945));
#7186 = DIRECTION('',(0.,2.22044604925E-16,1.));
#7187 = DIRECTION('',(-1.,0.,0.));
#7188 = ADVANCED_FACE('',(#7189),#7223,.F.);
#7189 = FACE_BOUND('',#7190,.F.);
#7190 = EDGE_LOOP('',(#7191,#7192,#7200,#7208,#7216,#7222));
#7191 = ORIENTED_EDGE('',*,*,#5096,.F.);
#7192 = ORIENTED_EDGE('',*,*,#7193,.T.);
#7193 = EDGE_CURVE('',#5097,#7194,#7196,.T.);
#7194 = VERTEX_POINT('',#7195);
#7195 = CARTESIAN_POINT('',(-1.775,-2.12,1.945));
#7196 = LINE('',#7197,#7198);
#7197 = CARTESIAN_POINT('',(-1.775,-2.47,1.945));
#7198 = VECTOR('',#7199,1.);
#7199 = DIRECTION('',(-0.,1.,-2.22044604925E-16));
#7200 = ORIENTED_EDGE('',*,*,#7201,.F.);
#7201 = EDGE_CURVE('',#7202,#7194,#7204,.T.);
#7202 = VERTEX_POINT('',#7203);
#7203 = CARTESIAN_POINT('',(-1.775,-2.2446,2.0696));
#7204 = LINE('',#7205,#7206);
#7205 = CARTESIAN_POINT('',(-1.775,-2.2446,2.0696));
#7206 = VECTOR('',#7207,1.);
#7207 = DIRECTION('',(0.,0.707106781187,-0.707106781187));
#7208 = ORIENTED_EDGE('',*,*,#7209,.F.);
#7209 = EDGE_CURVE('',#7210,#7202,#7212,.T.);
#7210 = VERTEX_POINT('',#7211);
#7211 = CARTESIAN_POINT('',(-1.775,0.13,2.0696));
#7212 = LINE('',#7213,#7214);
#7213 = CARTESIAN_POINT('',(-1.775,1.1054,2.0696));
#7214 = VECTOR('',#7215,1.);
#7215 = DIRECTION('',(0.,-1.,0.));
#7216 = ORIENTED_EDGE('',*,*,#7217,.T.);
#7217 = EDGE_CURVE('',#7210,#7137,#7218,.T.);
#7218 = LINE('',#7219,#7220);
#7219 = CARTESIAN_POINT('',(-1.775,0.13,1.945));
#7220 = VECTOR('',#7221,1.);
#7221 = DIRECTION('',(0.,2.22044604925E-16,1.));
#7222 = ORIENTED_EDGE('',*,*,#7136,.F.);
#7223 = PLANE('',#7224);
#7224 = AXIS2_PLACEMENT_3D('',#7225,#7226,#7227);
#7225 = CARTESIAN_POINT('',(-1.775,-2.47,1.945));
#7226 = DIRECTION('',(1.,0.,0.));
#7227 = DIRECTION('',(-0.,2.22044604925E-16,1.));
#7228 = ADVANCED_FACE('',(#7229),#7247,.F.);
#7229 = FACE_BOUND('',#7230,.F.);
#7230 = EDGE_LOOP('',(#7231,#7232,#7240,#7246));
#7231 = ORIENTED_EDGE('',*,*,#7177,.T.);
#7232 = ORIENTED_EDGE('',*,*,#7233,.T.);
#7233 = EDGE_CURVE('',#7170,#7234,#7236,.T.);
#7234 = VERTEX_POINT('',#7235);
#7235 = CARTESIAN_POINT('',(1.625,0.13,2.145));
#7236 = LINE('',#7237,#7238);
#7237 = CARTESIAN_POINT('',(1.625,0.13,1.945));
#7238 = VECTOR('',#7239,1.);
#7239 = DIRECTION('',(0.,2.22044604925E-16,1.));
#7240 = ORIENTED_EDGE('',*,*,#7241,.F.);
#7241 = EDGE_CURVE('',#5249,#7234,#7242,.T.);
#7242 = LINE('',#7243,#7244);
#7243 = CARTESIAN_POINT('',(1.625,-2.47,2.145));
#7244 = VECTOR('',#7245,1.);
#7245 = DIRECTION('',(-0.,1.,-2.22044604925E-16));
#7246 = ORIENTED_EDGE('',*,*,#5256,.F.);
#7247 = PLANE('',#7248);
#7248 = AXIS2_PLACEMENT_3D('',#7249,#7250,#7251);
#7249 = CARTESIAN_POINT('',(1.625,-2.47,1.945));
#7250 = DIRECTION('',(1.,0.,0.));
#7251 = DIRECTION('',(-0.,2.22044604925E-16,1.));
#7252 = ADVANCED_FACE('',(#7253),#7279,.F.);
#7253 = FACE_BOUND('',#7254,.F.);
#7254 = EDGE_LOOP('',(#7255,#7263,#7271,#7277,#7278));
#7255 = ORIENTED_EDGE('',*,*,#7256,.T.);
#7256 = EDGE_CURVE('',#5105,#7257,#7259,.T.);
#7257 = VERTEX_POINT('',#7258);
#7258 = CARTESIAN_POINT('',(-1.625,0.13,1.945));
#7259 = LINE('',#7260,#7261);
#7260 = CARTESIAN_POINT('',(-1.625,-2.47,1.945));
#7261 = VECTOR('',#7262,1.);
#7262 = DIRECTION('',(-0.,1.,-2.22044604925E-16));
#7263 = ORIENTED_EDGE('',*,*,#7264,.T.);
#7264 = EDGE_CURVE('',#7257,#7265,#7267,.T.);
#7265 = VERTEX_POINT('',#7266);
#7266 = CARTESIAN_POINT('',(-1.775,0.13,1.945));
#7267 = LINE('',#7268,#7269);
#7268 = CARTESIAN_POINT('',(-1.625,0.13,1.945));
#7269 = VECTOR('',#7270,1.);
#7270 = DIRECTION('',(-1.,0.,0.));
#7271 = ORIENTED_EDGE('',*,*,#7272,.F.);
#7272 = EDGE_CURVE('',#7194,#7265,#7273,.T.);
#7273 = LINE('',#7274,#7275);
#7274 = CARTESIAN_POINT('',(-1.775,-2.47,1.945));
#7275 = VECTOR('',#7276,1.);
#7276 = DIRECTION('',(-0.,1.,-2.22044604925E-16));
#7277 = ORIENTED_EDGE('',*,*,#7193,.F.);
#7278 = ORIENTED_EDGE('',*,*,#5104,.F.);
#7279 = PLANE('',#7280);
#7280 = AXIS2_PLACEMENT_3D('',#7281,#7282,#7283);
#7281 = CARTESIAN_POINT('',(-1.625,-2.47,1.945));
#7282 = DIRECTION('',(0.,2.22044604925E-16,1.));
#7283 = DIRECTION('',(-1.,0.,0.));
#7284 = ADVANCED_FACE('',(#7285),#7303,.F.);
#7285 = FACE_BOUND('',#7286,.F.);
#7286 = EDGE_LOOP('',(#7287,#7288,#7296,#7302));
#7287 = ORIENTED_EDGE('',*,*,#7241,.T.);
#7288 = ORIENTED_EDGE('',*,*,#7289,.T.);
#7289 = EDGE_CURVE('',#7234,#7290,#7292,.T.);
#7290 = VERTEX_POINT('',#7291);
#7291 = CARTESIAN_POINT('',(0.875,0.13,2.145));
#7292 = LINE('',#7293,#7294);
#7293 = CARTESIAN_POINT('',(1.625,0.13,2.145));
#7294 = VECTOR('',#7295,1.);
#7295 = DIRECTION('',(-1.,0.,0.));
#7296 = ORIENTED_EDGE('',*,*,#7297,.F.);
#7297 = EDGE_CURVE('',#5241,#7290,#7298,.T.);
#7298 = LINE('',#7299,#7300);
#7299 = CARTESIAN_POINT('',(0.875,-2.47,2.145));
#7300 = VECTOR('',#7301,1.);
#7301 = DIRECTION('',(-0.,1.,-2.22044604925E-16));
#7302 = ORIENTED_EDGE('',*,*,#5248,.F.);
#7303 = PLANE('',#7304);
#7304 = AXIS2_PLACEMENT_3D('',#7305,#7306,#7307);
#7305 = CARTESIAN_POINT('',(1.625,-2.47,2.145));
#7306 = DIRECTION('',(0.,2.22044604925E-16,1.));
#7307 = DIRECTION('',(-1.,0.,0.));
#7308 = ADVANCED_FACE('',(#7309),#7327,.F.);
#7309 = FACE_BOUND('',#7310,.F.);
#7310 = EDGE_LOOP('',(#7311,#7319,#7325,#7326));
#7311 = ORIENTED_EDGE('',*,*,#7312,.T.);
#7312 = EDGE_CURVE('',#5113,#7313,#7315,.T.);
#7313 = VERTEX_POINT('',#7314);
#7314 = CARTESIAN_POINT('',(-1.625,0.13,2.145));
#7315 = LINE('',#7316,#7317);
#7316 = CARTESIAN_POINT('',(-1.625,-2.47,2.145));
#7317 = VECTOR('',#7318,1.);
#7318 = DIRECTION('',(-0.,1.,-2.22044604925E-16));
#7319 = ORIENTED_EDGE('',*,*,#7320,.T.);
#7320 = EDGE_CURVE('',#7313,#7257,#7321,.T.);
#7321 = LINE('',#7322,#7323);
#7322 = CARTESIAN_POINT('',(-1.625,0.13,2.145));
#7323 = VECTOR('',#7324,1.);
#7324 = DIRECTION('',(0.,-2.22044604925E-16,-1.));
#7325 = ORIENTED_EDGE('',*,*,#7256,.F.);
#7326 = ORIENTED_EDGE('',*,*,#5112,.F.);
#7327 = PLANE('',#7328);
#7328 = AXIS2_PLACEMENT_3D('',#7329,#7330,#7331);
#7329 = CARTESIAN_POINT('',(-1.625,-2.47,2.145));
#7330 = DIRECTION('',(-1.,0.,0.));
#7331 = DIRECTION('',(-0.,-2.22044604925E-16,-1.));
#7332 = ADVANCED_FACE('',(#7333),#7351,.F.);
#7333 = FACE_BOUND('',#7334,.F.);
#7334 = EDGE_LOOP('',(#7335,#7336,#7344,#7350));
#7335 = ORIENTED_EDGE('',*,*,#7297,.T.);
#7336 = ORIENTED_EDGE('',*,*,#7337,.T.);
#7337 = EDGE_CURVE('',#7290,#7338,#7340,.T.);
#7338 = VERTEX_POINT('',#7339);
#7339 = CARTESIAN_POINT('',(0.875,0.13,1.945));
#7340 = LINE('',#7341,#7342);
#7341 = CARTESIAN_POINT('',(0.875,0.13,2.145));
#7342 = VECTOR('',#7343,1.);
#7343 = DIRECTION('',(0.,-2.22044604925E-16,-1.));
#7344 = ORIENTED_EDGE('',*,*,#7345,.F.);
#7345 = EDGE_CURVE('',#5233,#7338,#7346,.T.);
#7346 = LINE('',#7347,#7348);
#7347 = CARTESIAN_POINT('',(0.875,-2.47,1.945));
#7348 = VECTOR('',#7349,1.);
#7349 = DIRECTION('',(-0.,1.,-2.22044604925E-16));
#7350 = ORIENTED_EDGE('',*,*,#5240,.F.);
#7351 = PLANE('',#7352);
#7352 = AXIS2_PLACEMENT_3D('',#7353,#7354,#7355);
#7353 = CARTESIAN_POINT('',(0.875,-2.47,2.145));
#7354 = DIRECTION('',(-1.,0.,0.));
#7355 = DIRECTION('',(-0.,-2.22044604925E-16,-1.));
#7356 = ADVANCED_FACE('',(#7357),#7375,.F.);
#7357 = FACE_BOUND('',#7358,.F.);
#7358 = EDGE_LOOP('',(#7359,#7367,#7373,#7374));
#7359 = ORIENTED_EDGE('',*,*,#7360,.T.);
#7360 = EDGE_CURVE('',#5121,#7361,#7363,.T.);
#7361 = VERTEX_POINT('',#7362);
#7362 = CARTESIAN_POINT('',(-0.875,0.13,2.145));
#7363 = LINE('',#7364,#7365);
#7364 = CARTESIAN_POINT('',(-0.875,-2.47,2.145));
#7365 = VECTOR('',#7366,1.);
#7366 = DIRECTION('',(-0.,1.,-2.22044604925E-16));
#7367 = ORIENTED_EDGE('',*,*,#7368,.T.);
#7368 = EDGE_CURVE('',#7361,#7313,#7369,.T.);
#7369 = LINE('',#7370,#7371);
#7370 = CARTESIAN_POINT('',(-0.875,0.13,2.145));
#7371 = VECTOR('',#7372,1.);
#7372 = DIRECTION('',(-1.,0.,0.));
#7373 = ORIENTED_EDGE('',*,*,#7312,.F.);
#7374 = ORIENTED_EDGE('',*,*,#5120,.F.);
#7375 = PLANE('',#7376);
#7376 = AXIS2_PLACEMENT_3D('',#7377,#7378,#7379);
#7377 = CARTESIAN_POINT('',(-0.875,-2.47,2.145));
#7378 = DIRECTION('',(0.,2.22044604925E-16,1.));
#7379 = DIRECTION('',(-1.,0.,0.));
#7380 = ADVANCED_FACE('',(#7381),#7407,.F.);
#7381 = FACE_BOUND('',#7382,.F.);
#7382 = EDGE_LOOP('',(#7383,#7384,#7392,#7400,#7406));
#7383 = ORIENTED_EDGE('',*,*,#7345,.T.);
#7384 = ORIENTED_EDGE('',*,*,#7385,.T.);
#7385 = EDGE_CURVE('',#7338,#7386,#7388,.T.);
#7386 = VERTEX_POINT('',#7387);
#7387 = CARTESIAN_POINT('',(0.725,0.13,1.945));
#7388 = LINE('',#7389,#7390);
#7389 = CARTESIAN_POINT('',(0.875,0.13,1.945));
#7390 = VECTOR('',#7391,1.);
#7391 = DIRECTION('',(-1.,0.,0.));
#7392 = ORIENTED_EDGE('',*,*,#7393,.F.);
#7393 = EDGE_CURVE('',#7394,#7386,#7396,.T.);
#7394 = VERTEX_POINT('',#7395);
#7395 = CARTESIAN_POINT('',(0.725,-2.12,1.945));
#7396 = LINE('',#7397,#7398);
#7397 = CARTESIAN_POINT('',(0.725,-2.47,1.945));
#7398 = VECTOR('',#7399,1.);
#7399 = DIRECTION('',(-0.,1.,-2.22044604925E-16));
#7400 = ORIENTED_EDGE('',*,*,#7401,.F.);
#7401 = EDGE_CURVE('',#5225,#7394,#7402,.T.);
#7402 = LINE('',#7403,#7404);
#7403 = CARTESIAN_POINT('',(0.725,-2.47,1.945));
#7404 = VECTOR('',#7405,1.);
#7405 = DIRECTION('',(-0.,1.,-2.22044604925E-16));
#7406 = ORIENTED_EDGE('',*,*,#5232,.F.);
#7407 = PLANE('',#7408);
#7408 = AXIS2_PLACEMENT_3D('',#7409,#7410,#7411);
#7409 = CARTESIAN_POINT('',(0.875,-2.47,1.945));
#7410 = DIRECTION('',(0.,2.22044604925E-16,1.));
#7411 = DIRECTION('',(-1.,0.,0.));
#7412 = ADVANCED_FACE('',(#7413),#7431,.F.);
#7413 = FACE_BOUND('',#7414,.F.);
#7414 = EDGE_LOOP('',(#7415,#7423,#7429,#7430));
#7415 = ORIENTED_EDGE('',*,*,#7416,.T.);
#7416 = EDGE_CURVE('',#5129,#7417,#7419,.T.);
#7417 = VERTEX_POINT('',#7418);
#7418 = CARTESIAN_POINT('',(-0.875,0.13,1.945));
#7419 = LINE('',#7420,#7421);
#7420 = CARTESIAN_POINT('',(-0.875,-2.47,1.945));
#7421 = VECTOR('',#7422,1.);
#7422 = DIRECTION('',(-0.,1.,-2.22044604925E-16));
#7423 = ORIENTED_EDGE('',*,*,#7424,.T.);
#7424 = EDGE_CURVE('',#7417,#7361,#7425,.T.);
#7425 = LINE('',#7426,#7427);
#7426 = CARTESIAN_POINT('',(-0.875,0.13,1.945));
#7427 = VECTOR('',#7428,1.);
#7428 = DIRECTION('',(0.,2.22044604925E-16,1.));
#7429 = ORIENTED_EDGE('',*,*,#7360,.F.);
#7430 = ORIENTED_EDGE('',*,*,#5128,.F.);
#7431 = PLANE('',#7432);
#7432 = AXIS2_PLACEMENT_3D('',#7433,#7434,#7435);
#7433 = CARTESIAN_POINT('',(-0.875,-2.47,1.945));
#7434 = DIRECTION('',(1.,0.,0.));
#7435 = DIRECTION('',(-0.,2.22044604925E-16,1.));
#7436 = ADVANCED_FACE('',(#7437),#7471,.F.);
#7437 = FACE_BOUND('',#7438,.F.);
#7438 = EDGE_LOOP('',(#7439,#7440,#7441,#7449,#7457,#7465));
#7439 = ORIENTED_EDGE('',*,*,#5224,.F.);
#7440 = ORIENTED_EDGE('',*,*,#7401,.T.);
#7441 = ORIENTED_EDGE('',*,*,#7442,.F.);
#7442 = EDGE_CURVE('',#7443,#7394,#7445,.T.);
#7443 = VERTEX_POINT('',#7444);
#7444 = CARTESIAN_POINT('',(0.725,-2.2446,2.0696));
#7445 = LINE('',#7446,#7447);
#7446 = CARTESIAN_POINT('',(0.725,-2.2446,2.0696));
#7447 = VECTOR('',#7448,1.);
#7448 = DIRECTION('',(0.,0.707106781187,-0.707106781187));
#7449 = ORIENTED_EDGE('',*,*,#7450,.F.);
#7450 = EDGE_CURVE('',#7451,#7443,#7453,.T.);
#7451 = VERTEX_POINT('',#7452);
#7452 = CARTESIAN_POINT('',(0.725,0.13,2.0696));
#7453 = LINE('',#7454,#7455);
#7454 = CARTESIAN_POINT('',(0.725,1.1054,2.0696));
#7455 = VECTOR('',#7456,1.);
#7456 = DIRECTION('',(0.,-1.,0.));
#7457 = ORIENTED_EDGE('',*,*,#7458,.T.);
#7458 = EDGE_CURVE('',#7451,#7459,#7461,.T.);
#7459 = VERTEX_POINT('',#7460);
#7460 = CARTESIAN_POINT('',(0.725,0.13,2.145));
#7461 = LINE('',#7462,#7463);
#7462 = CARTESIAN_POINT('',(0.725,0.13,1.945));
#7463 = VECTOR('',#7464,1.);
#7464 = DIRECTION('',(0.,2.22044604925E-16,1.));
#7465 = ORIENTED_EDGE('',*,*,#7466,.F.);
#7466 = EDGE_CURVE('',#5217,#7459,#7467,.T.);
#7467 = LINE('',#7468,#7469);
#7468 = CARTESIAN_POINT('',(0.725,-2.47,2.145));
#7469 = VECTOR('',#7470,1.);
#7470 = DIRECTION('',(-0.,1.,-2.22044604925E-16));
#7471 = PLANE('',#7472);
#7472 = AXIS2_PLACEMENT_3D('',#7473,#7474,#7475);
#7473 = CARTESIAN_POINT('',(0.725,-2.47,1.945));
#7474 = DIRECTION('',(1.,0.,0.));
#7475 = DIRECTION('',(-0.,2.22044604925E-16,1.));
#7476 = ADVANCED_FACE('',(#7477),#7503,.F.);
#7477 = FACE_BOUND('',#7478,.F.);
#7478 = EDGE_LOOP('',(#7479,#7487,#7495,#7501,#7502));
#7479 = ORIENTED_EDGE('',*,*,#7480,.T.);
#7480 = EDGE_CURVE('',#5137,#7481,#7483,.T.);
#7481 = VERTEX_POINT('',#7482);
#7482 = CARTESIAN_POINT('',(-0.725,-2.12,1.945));
#7483 = LINE('',#7484,#7485);
#7484 = CARTESIAN_POINT('',(-0.725,-2.47,1.945));
#7485 = VECTOR('',#7486,1.);
#7486 = DIRECTION('',(-0.,1.,-2.22044604925E-16));
#7487 = ORIENTED_EDGE('',*,*,#7488,.T.);
#7488 = EDGE_CURVE('',#7481,#7489,#7491,.T.);
#7489 = VERTEX_POINT('',#7490);
#7490 = CARTESIAN_POINT('',(-0.725,0.13,1.945));
#7491 = LINE('',#7492,#7493);
#7492 = CARTESIAN_POINT('',(-0.725,-2.47,1.945));
#7493 = VECTOR('',#7494,1.);
#7494 = DIRECTION('',(-0.,1.,-2.22044604925E-16));
#7495 = ORIENTED_EDGE('',*,*,#7496,.T.);
#7496 = EDGE_CURVE('',#7489,#7417,#7497,.T.);
#7497 = LINE('',#7498,#7499);
#7498 = CARTESIAN_POINT('',(-0.725,0.13,1.945));
#7499 = VECTOR('',#7500,1.);
#7500 = DIRECTION('',(-1.,0.,0.));
#7501 = ORIENTED_EDGE('',*,*,#7416,.F.);
#7502 = ORIENTED_EDGE('',*,*,#5136,.F.);
#7503 = PLANE('',#7504);
#7504 = AXIS2_PLACEMENT_3D('',#7505,#7506,#7507);
#7505 = CARTESIAN_POINT('',(-0.725,-2.47,1.945));
#7506 = DIRECTION('',(0.,2.22044604925E-16,1.));
#7507 = DIRECTION('',(-1.,0.,0.));
#7508 = ADVANCED_FACE('',(#7509),#7527,.F.);
#7509 = FACE_BOUND('',#7510,.F.);
#7510 = EDGE_LOOP('',(#7511,#7512,#7520,#7526));
#7511 = ORIENTED_EDGE('',*,*,#7466,.T.);
#7512 = ORIENTED_EDGE('',*,*,#7513,.T.);
#7513 = EDGE_CURVE('',#7459,#7514,#7516,.T.);
#7514 = VERTEX_POINT('',#7515);
#7515 = CARTESIAN_POINT('',(0.525,0.13,2.145));
#7516 = LINE('',#7517,#7518);
#7517 = CARTESIAN_POINT('',(0.725,0.13,2.145));
#7518 = VECTOR('',#7519,1.);
#7519 = DIRECTION('',(-1.,0.,0.));
#7520 = ORIENTED_EDGE('',*,*,#7521,.F.);
#7521 = EDGE_CURVE('',#5209,#7514,#7522,.T.);
#7522 = LINE('',#7523,#7524);
#7523 = CARTESIAN_POINT('',(0.525,-2.47,2.145));
#7524 = VECTOR('',#7525,1.);
#7525 = DIRECTION('',(-0.,1.,-2.22044604925E-16));
#7526 = ORIENTED_EDGE('',*,*,#5216,.F.);
#7527 = PLANE('',#7528);
#7528 = AXIS2_PLACEMENT_3D('',#7529,#7530,#7531);
#7529 = CARTESIAN_POINT('',(0.725,-2.47,2.145));
#7530 = DIRECTION('',(0.,2.22044604925E-16,1.));
#7531 = DIRECTION('',(-1.,0.,0.));
#7532 = ADVANCED_FACE('',(#7533),#7567,.F.);
#7533 = FACE_BOUND('',#7534,.F.);
#7534 = EDGE_LOOP('',(#7535,#7536,#7544,#7552,#7560,#7566));
#7535 = ORIENTED_EDGE('',*,*,#5144,.F.);
#7536 = ORIENTED_EDGE('',*,*,#7537,.T.);
#7537 = EDGE_CURVE('',#5145,#7538,#7540,.T.);
#7538 = VERTEX_POINT('',#7539);
#7539 = CARTESIAN_POINT('',(-0.725,0.13,2.145));
#7540 = LINE('',#7541,#7542);
#7541 = CARTESIAN_POINT('',(-0.725,-2.47,2.145));
#7542 = VECTOR('',#7543,1.);
#7543 = DIRECTION('',(-0.,1.,-2.22044604925E-16));
#7544 = ORIENTED_EDGE('',*,*,#7545,.T.);
#7545 = EDGE_CURVE('',#7538,#7546,#7548,.T.);
#7546 = VERTEX_POINT('',#7547);
#7547 = CARTESIAN_POINT('',(-0.725,0.13,2.0696));
#7548 = LINE('',#7549,#7550);
#7549 = CARTESIAN_POINT('',(-0.725,0.13,2.145));
#7550 = VECTOR('',#7551,1.);
#7551 = DIRECTION('',(0.,-2.22044604925E-16,-1.));
#7552 = ORIENTED_EDGE('',*,*,#7553,.T.);
#7553 = EDGE_CURVE('',#7546,#7554,#7556,.T.);
#7554 = VERTEX_POINT('',#7555);
#7555 = CARTESIAN_POINT('',(-0.725,-2.2446,2.0696));
#7556 = LINE('',#7557,#7558);
#7557 = CARTESIAN_POINT('',(-0.725,1.1054,2.0696));
#7558 = VECTOR('',#7559,1.);
#7559 = DIRECTION('',(0.,-1.,0.));
#7560 = ORIENTED_EDGE('',*,*,#7561,.T.);
#7561 = EDGE_CURVE('',#7554,#7481,#7562,.T.);
#7562 = LINE('',#7563,#7564);
#7563 = CARTESIAN_POINT('',(-0.725,-2.2446,2.0696));
#7564 = VECTOR('',#7565,1.);
#7565 = DIRECTION('',(0.,0.707106781187,-0.707106781187));
#7566 = ORIENTED_EDGE('',*,*,#7480,.F.);
#7567 = PLANE('',#7568);
#7568 = AXIS2_PLACEMENT_3D('',#7569,#7570,#7571);
#7569 = CARTESIAN_POINT('',(-0.725,-2.47,2.145));
#7570 = DIRECTION('',(-1.,0.,0.));
#7571 = DIRECTION('',(-0.,-2.22044604925E-16,-1.));
#7572 = ADVANCED_FACE('',(#7573),#7607,.F.);
#7573 = FACE_BOUND('',#7574,.F.);
#7574 = EDGE_LOOP('',(#7575,#7576,#7577,#7585,#7593,#7601));
#7575 = ORIENTED_EDGE('',*,*,#5208,.F.);
#7576 = ORIENTED_EDGE('',*,*,#7521,.T.);
#7577 = ORIENTED_EDGE('',*,*,#7578,.T.);
#7578 = EDGE_CURVE('',#7514,#7579,#7581,.T.);
#7579 = VERTEX_POINT('',#7580);
#7580 = CARTESIAN_POINT('',(0.525,0.13,2.0696));
#7581 = LINE('',#7582,#7583);
#7582 = CARTESIAN_POINT('',(0.525,0.13,2.145));
#7583 = VECTOR('',#7584,1.);
#7584 = DIRECTION('',(0.,-2.22044604925E-16,-1.));
#7585 = ORIENTED_EDGE('',*,*,#7586,.T.);
#7586 = EDGE_CURVE('',#7579,#7587,#7589,.T.);
#7587 = VERTEX_POINT('',#7588);
#7588 = CARTESIAN_POINT('',(0.525,-2.2446,2.0696));
#7589 = LINE('',#7590,#7591);
#7590 = CARTESIAN_POINT('',(0.525,1.1054,2.0696));
#7591 = VECTOR('',#7592,1.);
#7592 = DIRECTION('',(0.,-1.,0.));
#7593 = ORIENTED_EDGE('',*,*,#7594,.T.);
#7594 = EDGE_CURVE('',#7587,#7595,#7597,.T.);
#7595 = VERTEX_POINT('',#7596);
#7596 = CARTESIAN_POINT('',(0.525,-2.12,1.945));
#7597 = LINE('',#7598,#7599);
#7598 = CARTESIAN_POINT('',(0.525,-2.2446,2.0696));
#7599 = VECTOR('',#7600,1.);
#7600 = DIRECTION('',(0.,0.707106781187,-0.707106781187));
#7601 = ORIENTED_EDGE('',*,*,#7602,.F.);
#7602 = EDGE_CURVE('',#5201,#7595,#7603,.T.);
#7603 = LINE('',#7604,#7605);
#7604 = CARTESIAN_POINT('',(0.525,-2.47,1.945));
#7605 = VECTOR('',#7606,1.);
#7606 = DIRECTION('',(-0.,1.,-2.22044604925E-16));
#7607 = PLANE('',#7608);
#7608 = AXIS2_PLACEMENT_3D('',#7609,#7610,#7611);
#7609 = CARTESIAN_POINT('',(0.525,-2.47,2.145));
#7610 = DIRECTION('',(-1.,0.,0.));
#7611 = DIRECTION('',(-0.,-2.22044604925E-16,-1.));
#7612 = ADVANCED_FACE('',(#7613),#7631,.F.);
#7613 = FACE_BOUND('',#7614,.F.);
#7614 = EDGE_LOOP('',(#7615,#7623,#7629,#7630));
#7615 = ORIENTED_EDGE('',*,*,#7616,.T.);
#7616 = EDGE_CURVE('',#5153,#7617,#7619,.T.);
#7617 = VERTEX_POINT('',#7618);
#7618 = CARTESIAN_POINT('',(-0.525,0.13,2.145));
#7619 = LINE('',#7620,#7621);
#7620 = CARTESIAN_POINT('',(-0.525,-2.47,2.145));
#7621 = VECTOR('',#7622,1.);
#7622 = DIRECTION('',(-0.,1.,-2.22044604925E-16));
#7623 = ORIENTED_EDGE('',*,*,#7624,.T.);
#7624 = EDGE_CURVE('',#7617,#7538,#7625,.T.);
#7625 = LINE('',#7626,#7627);
#7626 = CARTESIAN_POINT('',(-0.525,0.13,2.145));
#7627 = VECTOR('',#7628,1.);
#7628 = DIRECTION('',(-1.,0.,0.));
#7629 = ORIENTED_EDGE('',*,*,#7537,.F.);
#7630 = ORIENTED_EDGE('',*,*,#5152,.F.);
#7631 = PLANE('',#7632);
#7632 = AXIS2_PLACEMENT_3D('',#7633,#7634,#7635);
#7633 = CARTESIAN_POINT('',(-0.525,-2.47,2.145));
#7634 = DIRECTION('',(0.,2.22044604925E-16,1.));
#7635 = DIRECTION('',(-1.,0.,0.));
#7636 = ADVANCED_FACE('',(#7637),#7663,.F.);
#7637 = FACE_BOUND('',#7638,.F.);
#7638 = EDGE_LOOP('',(#7639,#7640,#7648,#7656,#7662));
#7639 = ORIENTED_EDGE('',*,*,#7602,.T.);
#7640 = ORIENTED_EDGE('',*,*,#7641,.T.);
#7641 = EDGE_CURVE('',#7595,#7642,#7644,.T.);
#7642 = VERTEX_POINT('',#7643);
#7643 = CARTESIAN_POINT('',(0.525,0.13,1.945));
#7644 = LINE('',#7645,#7646);
#7645 = CARTESIAN_POINT('',(0.525,-2.47,1.945));
#7646 = VECTOR('',#7647,1.);
#7647 = DIRECTION('',(-0.,1.,-2.22044604925E-16));
#7648 = ORIENTED_EDGE('',*,*,#7649,.T.);
#7649 = EDGE_CURVE('',#7642,#7650,#7652,.T.);
#7650 = VERTEX_POINT('',#7651);
#7651 = CARTESIAN_POINT('',(0.375,0.13,1.945));
#7652 = LINE('',#7653,#7654);
#7653 = CARTESIAN_POINT('',(0.525,0.13,1.945));
#7654 = VECTOR('',#7655,1.);
#7655 = DIRECTION('',(-1.,0.,0.));
#7656 = ORIENTED_EDGE('',*,*,#7657,.F.);
#7657 = EDGE_CURVE('',#5193,#7650,#7658,.T.);
#7658 = LINE('',#7659,#7660);
#7659 = CARTESIAN_POINT('',(0.375,-2.47,1.945));
#7660 = VECTOR('',#7661,1.);
#7661 = DIRECTION('',(-0.,1.,-2.22044604925E-16));
#7662 = ORIENTED_EDGE('',*,*,#5200,.F.);
#7663 = PLANE('',#7664);
#7664 = AXIS2_PLACEMENT_3D('',#7665,#7666,#7667);
#7665 = CARTESIAN_POINT('',(0.525,-2.47,1.945));
#7666 = DIRECTION('',(0.,2.22044604925E-16,1.));
#7667 = DIRECTION('',(-1.,0.,0.));
#7668 = ADVANCED_FACE('',(#7669),#7703,.F.);
#7669 = FACE_BOUND('',#7670,.F.);
#7670 = EDGE_LOOP('',(#7671,#7672,#7680,#7688,#7696,#7702));
#7671 = ORIENTED_EDGE('',*,*,#5160,.F.);
#7672 = ORIENTED_EDGE('',*,*,#7673,.T.);
#7673 = EDGE_CURVE('',#5161,#7674,#7676,.T.);
#7674 = VERTEX_POINT('',#7675);
#7675 = CARTESIAN_POINT('',(-0.525,-2.12,1.945));
#7676 = LINE('',#7677,#7678);
#7677 = CARTESIAN_POINT('',(-0.525,-2.47,1.945));
#7678 = VECTOR('',#7679,1.);
#7679 = DIRECTION('',(-0.,1.,-2.22044604925E-16));
#7680 = ORIENTED_EDGE('',*,*,#7681,.F.);
#7681 = EDGE_CURVE('',#7682,#7674,#7684,.T.);
#7682 = VERTEX_POINT('',#7683);
#7683 = CARTESIAN_POINT('',(-0.525,-2.2446,2.0696));
#7684 = LINE('',#7685,#7686);
#7685 = CARTESIAN_POINT('',(-0.525,-2.2446,2.0696));
#7686 = VECTOR('',#7687,1.);
#7687 = DIRECTION('',(0.,0.707106781187,-0.707106781187));
#7688 = ORIENTED_EDGE('',*,*,#7689,.F.);
#7689 = EDGE_CURVE('',#7690,#7682,#7692,.T.);
#7690 = VERTEX_POINT('',#7691);
#7691 = CARTESIAN_POINT('',(-0.525,0.13,2.0696));
#7692 = LINE('',#7693,#7694);
#7693 = CARTESIAN_POINT('',(-0.525,1.1054,2.0696));
#7694 = VECTOR('',#7695,1.);
#7695 = DIRECTION('',(0.,-1.,0.));
#7696 = ORIENTED_EDGE('',*,*,#7697,.T.);
#7697 = EDGE_CURVE('',#7690,#7617,#7698,.T.);
#7698 = LINE('',#7699,#7700);
#7699 = CARTESIAN_POINT('',(-0.525,0.13,1.945));
#7700 = VECTOR('',#7701,1.);
#7701 = DIRECTION('',(0.,2.22044604925E-16,1.));
#7702 = ORIENTED_EDGE('',*,*,#7616,.F.);
#7703 = PLANE('',#7704);
#7704 = AXIS2_PLACEMENT_3D('',#7705,#7706,#7707);
#7705 = CARTESIAN_POINT('',(-0.525,-2.47,1.945));
#7706 = DIRECTION('',(1.,0.,0.));
#7707 = DIRECTION('',(-0.,2.22044604925E-16,1.));
#7708 = ADVANCED_FACE('',(#7709),#7727,.F.);
#7709 = FACE_BOUND('',#7710,.F.);
#7710 = EDGE_LOOP('',(#7711,#7712,#7720,#7726));
#7711 = ORIENTED_EDGE('',*,*,#7657,.T.);
#7712 = ORIENTED_EDGE('',*,*,#7713,.T.);
#7713 = EDGE_CURVE('',#7650,#7714,#7716,.T.);
#7714 = VERTEX_POINT('',#7715);
#7715 = CARTESIAN_POINT('',(0.375,0.13,2.145));
#7716 = LINE('',#7717,#7718);
#7717 = CARTESIAN_POINT('',(0.375,0.13,1.945));
#7718 = VECTOR('',#7719,1.);
#7719 = DIRECTION('',(0.,2.22044604925E-16,1.));
#7720 = ORIENTED_EDGE('',*,*,#7721,.F.);
#7721 = EDGE_CURVE('',#5185,#7714,#7722,.T.);
#7722 = LINE('',#7723,#7724);
#7723 = CARTESIAN_POINT('',(0.375,-2.47,2.145));
#7724 = VECTOR('',#7725,1.);
#7725 = DIRECTION('',(-0.,1.,-2.22044604925E-16));
#7726 = ORIENTED_EDGE('',*,*,#5192,.F.);
#7727 = PLANE('',#7728);
#7728 = AXIS2_PLACEMENT_3D('',#7729,#7730,#7731);
#7729 = CARTESIAN_POINT('',(0.375,-2.47,1.945));
#7730 = DIRECTION('',(1.,0.,0.));
#7731 = DIRECTION('',(-0.,2.22044604925E-16,1.));
#7732 = ADVANCED_FACE('',(#7733),#7759,.F.);
#7733 = FACE_BOUND('',#7734,.F.);
#7734 = EDGE_LOOP('',(#7735,#7743,#7751,#7757,#7758));
#7735 = ORIENTED_EDGE('',*,*,#7736,.T.);
#7736 = EDGE_CURVE('',#5169,#7737,#7739,.T.);
#7737 = VERTEX_POINT('',#7738);
#7738 = CARTESIAN_POINT('',(-0.375,0.13,1.945));
#7739 = LINE('',#7740,#7741);
#7740 = CARTESIAN_POINT('',(-0.375,-2.47,1.945));
#7741 = VECTOR('',#7742,1.);
#7742 = DIRECTION('',(-0.,1.,-2.22044604925E-16));
#7743 = ORIENTED_EDGE('',*,*,#7744,.T.);
#7744 = EDGE_CURVE('',#7737,#7745,#7747,.T.);
#7745 = VERTEX_POINT('',#7746);
#7746 = CARTESIAN_POINT('',(-0.525,0.13,1.945));
#7747 = LINE('',#7748,#7749);
#7748 = CARTESIAN_POINT('',(-0.375,0.13,1.945));
#7749 = VECTOR('',#7750,1.);
#7750 = DIRECTION('',(-1.,0.,0.));
#7751 = ORIENTED_EDGE('',*,*,#7752,.F.);
#7752 = EDGE_CURVE('',#7674,#7745,#7753,.T.);
#7753 = LINE('',#7754,#7755);
#7754 = CARTESIAN_POINT('',(-0.525,-2.47,1.945));
#7755 = VECTOR('',#7756,1.);
#7756 = DIRECTION('',(-0.,1.,-2.22044604925E-16));
#7757 = ORIENTED_EDGE('',*,*,#7673,.F.);
#7758 = ORIENTED_EDGE('',*,*,#5168,.F.);
#7759 = PLANE('',#7760);
#7760 = AXIS2_PLACEMENT_3D('',#7761,#7762,#7763);
#7761 = CARTESIAN_POINT('',(-0.375,-2.47,1.945));
#7762 = DIRECTION('',(0.,2.22044604925E-16,1.));
#7763 = DIRECTION('',(-1.,0.,0.));
#7764 = ADVANCED_FACE('',(#7765),#7783,.F.);
#7765 = FACE_BOUND('',#7766,.F.);
#7766 = EDGE_LOOP('',(#7767,#7768,#7776,#7782));
#7767 = ORIENTED_EDGE('',*,*,#7721,.T.);
#7768 = ORIENTED_EDGE('',*,*,#7769,.T.);
#7769 = EDGE_CURVE('',#7714,#7770,#7772,.T.);
#7770 = VERTEX_POINT('',#7771);
#7771 = CARTESIAN_POINT('',(-0.375,0.13,2.145));
#7772 = LINE('',#7773,#7774);
#7773 = CARTESIAN_POINT('',(0.375,0.13,2.145));
#7774 = VECTOR('',#7775,1.);
#7775 = DIRECTION('',(-1.,0.,0.));
#7776 = ORIENTED_EDGE('',*,*,#7777,.F.);
#7777 = EDGE_CURVE('',#5177,#7770,#7778,.T.);
#7778 = LINE('',#7779,#7780);
#7779 = CARTESIAN_POINT('',(-0.375,-2.47,2.145));
#7780 = VECTOR('',#7781,1.);
#7781 = DIRECTION('',(-0.,1.,-2.22044604925E-16));
#7782 = ORIENTED_EDGE('',*,*,#5184,.F.);
#7783 = PLANE('',#7784);
#7784 = AXIS2_PLACEMENT_3D('',#7785,#7786,#7787);
#7785 = CARTESIAN_POINT('',(0.375,-2.47,2.145));
#7786 = DIRECTION('',(0.,2.22044604925E-16,1.));
#7787 = DIRECTION('',(-1.,0.,0.));
#7788 = ADVANCED_FACE('',(#7789),#7800,.F.);
#7789 = FACE_BOUND('',#7790,.F.);
#7790 = EDGE_LOOP('',(#7791,#7792,#7798,#7799));
#7791 = ORIENTED_EDGE('',*,*,#7777,.T.);
#7792 = ORIENTED_EDGE('',*,*,#7793,.T.);
#7793 = EDGE_CURVE('',#7770,#7737,#7794,.T.);
#7794 = LINE('',#7795,#7796);
#7795 = CARTESIAN_POINT('',(-0.375,0.13,2.145));
#7796 = VECTOR('',#7797,1.);
#7797 = DIRECTION('',(0.,-2.22044604925E-16,-1.));
#7798 = ORIENTED_EDGE('',*,*,#7736,.F.);
#7799 = ORIENTED_EDGE('',*,*,#5176,.F.);
#7800 = PLANE('',#7801);
#7801 = AXIS2_PLACEMENT_3D('',#7802,#7803,#7804);
#7802 = CARTESIAN_POINT('',(-0.375,-2.47,2.145));
#7803 = DIRECTION('',(-1.,0.,0.));
#7804 = DIRECTION('',(-0.,-2.22044604925E-16,-1.));
#7805 = ADVANCED_FACE('',(#7806),#7831,.T.);
#7806 = FACE_BOUND('',#7807,.T.);
#7807 = EDGE_LOOP('',(#7808,#7816,#7824,#7830));
#7808 = ORIENTED_EDGE('',*,*,#7809,.F.);
#7809 = EDGE_CURVE('',#7810,#5337,#7812,.T.);
#7810 = VERTEX_POINT('',#7811);
#7811 = CARTESIAN_POINT('',(-3.775,-1.47,3.295));
#7812 = LINE('',#7813,#7814);
#7813 = CARTESIAN_POINT('',(-3.775,-1.47,3.295));
#7814 = VECTOR('',#7815,1.);
#7815 = DIRECTION('',(0.,-1.,2.22044604925E-16));
#7816 = ORIENTED_EDGE('',*,*,#7817,.T.);
#7817 = EDGE_CURVE('',#7810,#7818,#7820,.T.);
#7818 = VERTEX_POINT('',#7819);
#7819 = CARTESIAN_POINT('',(-3.775,-1.47,3.895));
#7820 = LINE('',#7821,#7822);
#7821 = CARTESIAN_POINT('',(-3.775,-1.47,3.295));
#7822 = VECTOR('',#7823,1.);
#7823 = DIRECTION('',(0.,2.22044604925E-16,1.));
#7824 = ORIENTED_EDGE('',*,*,#7825,.T.);
#7825 = EDGE_CURVE('',#7818,#5339,#7826,.T.);
#7826 = LINE('',#7827,#7828);
#7827 = CARTESIAN_POINT('',(-3.775,-1.47,3.895));
#7828 = VECTOR('',#7829,1.);
#7829 = DIRECTION('',(0.,-1.,2.22044604925E-16));
#7830 = ORIENTED_EDGE('',*,*,#5336,.F.);
#7831 = PLANE('',#7832);
#7832 = AXIS2_PLACEMENT_3D('',#7833,#7834,#7835);
#7833 = CARTESIAN_POINT('',(-3.775,-1.47,3.295));
#7834 = DIRECTION('',(1.,0.,0.));
#7835 = DIRECTION('',(0.,-1.,2.22044604925E-16));
#7836 = ADVANCED_FACE('',(#7837),#7855,.F.);
#7837 = FACE_BOUND('',#7838,.F.);
#7838 = EDGE_LOOP('',(#7839,#7847,#7848,#7849));
#7839 = ORIENTED_EDGE('',*,*,#7840,.F.);
#7840 = EDGE_CURVE('',#7818,#7841,#7843,.T.);
#7841 = VERTEX_POINT('',#7842);
#7842 = CARTESIAN_POINT('',(-2.675,-1.47,3.895));
#7843 = LINE('',#7844,#7845);
#7844 = CARTESIAN_POINT('',(-3.775,-1.47,3.895));
#7845 = VECTOR('',#7846,1.);
#7846 = DIRECTION('',(1.,0.,0.));
#7847 = ORIENTED_EDGE('',*,*,#7825,.T.);
#7848 = ORIENTED_EDGE('',*,*,#5346,.T.);
#7849 = ORIENTED_EDGE('',*,*,#7850,.F.);
#7850 = EDGE_CURVE('',#7841,#5347,#7851,.T.);
#7851 = LINE('',#7852,#7853);
#7852 = CARTESIAN_POINT('',(-2.675,-1.47,3.895));
#7853 = VECTOR('',#7854,1.);
#7854 = DIRECTION('',(0.,-1.,2.22044604925E-16));
#7855 = PLANE('',#7856);
#7856 = AXIS2_PLACEMENT_3D('',#7857,#7858,#7859);
#7857 = CARTESIAN_POINT('',(-3.775,-1.47,3.895));
#7858 = DIRECTION('',(0.,2.22044604925E-16,1.));
#7859 = DIRECTION('',(0.,-1.,2.22044604925E-16));
#7860 = ADVANCED_FACE('',(#7861),#7879,.T.);
#7861 = FACE_BOUND('',#7862,.T.);
#7862 = EDGE_LOOP('',(#7863,#7871,#7872,#7873));
#7863 = ORIENTED_EDGE('',*,*,#7864,.F.);
#7864 = EDGE_CURVE('',#7810,#7865,#7867,.T.);
#7865 = VERTEX_POINT('',#7866);
#7866 = CARTESIAN_POINT('',(-2.675,-1.47,3.295));
#7867 = LINE('',#7868,#7869);
#7868 = CARTESIAN_POINT('',(-3.775,-1.47,3.295));
#7869 = VECTOR('',#7870,1.);
#7870 = DIRECTION('',(1.,0.,0.));
#7871 = ORIENTED_EDGE('',*,*,#7809,.T.);
#7872 = ORIENTED_EDGE('',*,*,#5362,.T.);
#7873 = ORIENTED_EDGE('',*,*,#7874,.F.);
#7874 = EDGE_CURVE('',#7865,#5355,#7875,.T.);
#7875 = LINE('',#7876,#7877);
#7876 = CARTESIAN_POINT('',(-2.675,-1.47,3.295));
#7877 = VECTOR('',#7878,1.);
#7878 = DIRECTION('',(0.,-1.,2.22044604925E-16));
#7879 = PLANE('',#7880);
#7880 = AXIS2_PLACEMENT_3D('',#7881,#7882,#7883);
#7881 = CARTESIAN_POINT('',(-3.775,-1.47,3.295));
#7882 = DIRECTION('',(0.,2.22044604925E-16,1.));
#7883 = DIRECTION('',(0.,-1.,2.22044604925E-16));
#7884 = ADVANCED_FACE('',(#7885),#7896,.F.);
#7885 = FACE_BOUND('',#7886,.F.);
#7886 = EDGE_LOOP('',(#7887,#7888,#7894,#7895));
#7887 = ORIENTED_EDGE('',*,*,#7874,.F.);
#7888 = ORIENTED_EDGE('',*,*,#7889,.T.);
#7889 = EDGE_CURVE('',#7865,#7841,#7890,.T.);
#7890 = LINE('',#7891,#7892);
#7891 = CARTESIAN_POINT('',(-2.675,-1.47,3.295));
#7892 = VECTOR('',#7893,1.);
#7893 = DIRECTION('',(0.,2.22044604925E-16,1.));
#7894 = ORIENTED_EDGE('',*,*,#7850,.T.);
#7895 = ORIENTED_EDGE('',*,*,#5354,.F.);
#7896 = PLANE('',#7897);
#7897 = AXIS2_PLACEMENT_3D('',#7898,#7899,#7900);
#7898 = CARTESIAN_POINT('',(-2.675,-1.47,3.295));
#7899 = DIRECTION('',(1.,0.,0.));
#7900 = DIRECTION('',(0.,-1.,2.22044604925E-16));
#7901 = ADVANCED_FACE('',(#7902),#7927,.T.);
#7902 = FACE_BOUND('',#7903,.T.);
#7903 = EDGE_LOOP('',(#7904,#7912,#7920,#7926));
#7904 = ORIENTED_EDGE('',*,*,#7905,.F.);
#7905 = EDGE_CURVE('',#7906,#5371,#7908,.T.);
#7906 = VERTEX_POINT('',#7907);
#7907 = CARTESIAN_POINT('',(2.675,-1.47,3.295));
#7908 = LINE('',#7909,#7910);
#7909 = CARTESIAN_POINT('',(2.675,-1.47,3.295));
#7910 = VECTOR('',#7911,1.);
#7911 = DIRECTION('',(0.,-1.,2.22044604925E-16));
#7912 = ORIENTED_EDGE('',*,*,#7913,.T.);
#7913 = EDGE_CURVE('',#7906,#7914,#7916,.T.);
#7914 = VERTEX_POINT('',#7915);
#7915 = CARTESIAN_POINT('',(2.675,-1.47,3.895));
#7916 = LINE('',#7917,#7918);
#7917 = CARTESIAN_POINT('',(2.675,-1.47,3.295));
#7918 = VECTOR('',#7919,1.);
#7919 = DIRECTION('',(0.,2.22044604925E-16,1.));
#7920 = ORIENTED_EDGE('',*,*,#7921,.T.);
#7921 = EDGE_CURVE('',#7914,#5373,#7922,.T.);
#7922 = LINE('',#7923,#7924);
#7923 = CARTESIAN_POINT('',(2.675,-1.47,3.895));
#7924 = VECTOR('',#7925,1.);
#7925 = DIRECTION('',(0.,-1.,2.22044604925E-16));
#7926 = ORIENTED_EDGE('',*,*,#5370,.F.);
#7927 = PLANE('',#7928);
#7928 = AXIS2_PLACEMENT_3D('',#7929,#7930,#7931);
#7929 = CARTESIAN_POINT('',(2.675,-1.47,3.295));
#7930 = DIRECTION('',(1.,0.,0.));
#7931 = DIRECTION('',(0.,-1.,2.22044604925E-16));
#7932 = ADVANCED_FACE('',(#7933),#7951,.F.);
#7933 = FACE_BOUND('',#7934,.F.);
#7934 = EDGE_LOOP('',(#7935,#7943,#7944,#7945));
#7935 = ORIENTED_EDGE('',*,*,#7936,.F.);
#7936 = EDGE_CURVE('',#7914,#7937,#7939,.T.);
#7937 = VERTEX_POINT('',#7938);
#7938 = CARTESIAN_POINT('',(3.775,-1.47,3.895));
#7939 = LINE('',#7940,#7941);
#7940 = CARTESIAN_POINT('',(2.675,-1.47,3.895));
#7941 = VECTOR('',#7942,1.);
#7942 = DIRECTION('',(1.,0.,0.));
#7943 = ORIENTED_EDGE('',*,*,#7921,.T.);
#7944 = ORIENTED_EDGE('',*,*,#5380,.T.);
#7945 = ORIENTED_EDGE('',*,*,#7946,.F.);
#7946 = EDGE_CURVE('',#7937,#5381,#7947,.T.);
#7947 = LINE('',#7948,#7949);
#7948 = CARTESIAN_POINT('',(3.775,-1.47,3.895));
#7949 = VECTOR('',#7950,1.);
#7950 = DIRECTION('',(0.,-1.,2.22044604925E-16));
#7951 = PLANE('',#7952);
#7952 = AXIS2_PLACEMENT_3D('',#7953,#7954,#7955);
#7953 = CARTESIAN_POINT('',(2.675,-1.47,3.895));
#7954 = DIRECTION('',(0.,2.22044604925E-16,1.));
#7955 = DIRECTION('',(0.,-1.,2.22044604925E-16));
#7956 = ADVANCED_FACE('',(#7957),#7975,.T.);
#7957 = FACE_BOUND('',#7958,.T.);
#7958 = EDGE_LOOP('',(#7959,#7967,#7968,#7969));
#7959 = ORIENTED_EDGE('',*,*,#7960,.F.);
#7960 = EDGE_CURVE('',#7906,#7961,#7963,.T.);
#7961 = VERTEX_POINT('',#7962);
#7962 = CARTESIAN_POINT('',(3.775,-1.47,3.295));
#7963 = LINE('',#7964,#7965);
#7964 = CARTESIAN_POINT('',(2.675,-1.47,3.295));
#7965 = VECTOR('',#7966,1.);
#7966 = DIRECTION('',(1.,0.,0.));
#7967 = ORIENTED_EDGE('',*,*,#7905,.T.);
#7968 = ORIENTED_EDGE('',*,*,#5396,.T.);
#7969 = ORIENTED_EDGE('',*,*,#7970,.F.);
#7970 = EDGE_CURVE('',#7961,#5389,#7971,.T.);
#7971 = LINE('',#7972,#7973);
#7972 = CARTESIAN_POINT('',(3.775,-1.47,3.295));
#7973 = VECTOR('',#7974,1.);
#7974 = DIRECTION('',(0.,-1.,2.22044604925E-16));
#7975 = PLANE('',#7976);
#7976 = AXIS2_PLACEMENT_3D('',#7977,#7978,#7979);
#7977 = CARTESIAN_POINT('',(2.675,-1.47,3.295));
#7978 = DIRECTION('',(0.,2.22044604925E-16,1.));
#7979 = DIRECTION('',(0.,-1.,2.22044604925E-16));
#7980 = ADVANCED_FACE('',(#7981),#7992,.F.);
#7981 = FACE_BOUND('',#7982,.F.);
#7982 = EDGE_LOOP('',(#7983,#7984,#7990,#7991));
#7983 = ORIENTED_EDGE('',*,*,#7970,.F.);
#7984 = ORIENTED_EDGE('',*,*,#7985,.T.);
#7985 = EDGE_CURVE('',#7961,#7937,#7986,.T.);
#7986 = LINE('',#7987,#7988);
#7987 = CARTESIAN_POINT('',(3.775,-1.47,3.295));
#7988 = VECTOR('',#7989,1.);
#7989 = DIRECTION('',(0.,2.22044604925E-16,1.));
#7990 = ORIENTED_EDGE('',*,*,#7946,.T.);
#7991 = ORIENTED_EDGE('',*,*,#5388,.F.);
#7992 = PLANE('',#7993);
#7993 = AXIS2_PLACEMENT_3D('',#7994,#7995,#7996);
#7994 = CARTESIAN_POINT('',(3.775,-1.47,3.295));
#7995 = DIRECTION('',(1.,0.,0.));
#7996 = DIRECTION('',(0.,-1.,2.22044604925E-16));
#7997 = ADVANCED_FACE('',(#7998),#8032,.F.);
#7998 = FACE_BOUND('',#7999,.F.);
#7999 = EDGE_LOOP('',(#8000,#8001,#8009,#8017,#8025,#8031));
#8000 = ORIENTED_EDGE('',*,*,#5587,.T.);
#8001 = ORIENTED_EDGE('',*,*,#8002,.T.);
#8002 = EDGE_CURVE('',#5580,#8003,#8005,.T.);
#8003 = VERTEX_POINT('',#8004);
#8004 = CARTESIAN_POINT('',(3.625,0.98,1.995));
#8005 = LINE('',#8006,#8007);
#8006 = CARTESIAN_POINT('',(3.625,1.58,1.995));
#8007 = VECTOR('',#8008,1.);
#8008 = DIRECTION('',(0.,-1.,2.22044604925E-16));
#8009 = ORIENTED_EDGE('',*,*,#8010,.T.);
#8010 = EDGE_CURVE('',#8003,#8011,#8013,.T.);
#8011 = VERTEX_POINT('',#8012);
#8012 = CARTESIAN_POINT('',(3.625,0.98,3.595));
#8013 = LINE('',#8014,#8015);
#8014 = CARTESIAN_POINT('',(3.625,0.98,1.995));
#8015 = VECTOR('',#8016,1.);
#8016 = DIRECTION('',(0.,2.22044604925E-16,1.));
#8017 = ORIENTED_EDGE('',*,*,#8018,.T.);
#8018 = EDGE_CURVE('',#8011,#8019,#8021,.T.);
#8019 = VERTEX_POINT('',#8020);
#8020 = CARTESIAN_POINT('',(3.625,-0.32,3.595));
#8021 = LINE('',#8022,#8023);
#8022 = CARTESIAN_POINT('',(3.625,0.98,3.595));
#8023 = VECTOR('',#8024,1.);
#8024 = DIRECTION('',(0.,-1.,2.22044604925E-16));
#8025 = ORIENTED_EDGE('',*,*,#8026,.T.);
#8026 = EDGE_CURVE('',#8019,#5445,#8027,.T.);
#8027 = LINE('',#8028,#8029);
#8028 = CARTESIAN_POINT('',(3.625,-0.32,3.595));
#8029 = VECTOR('',#8030,1.);
#8030 = DIRECTION('',(0.,2.22044604925E-16,1.));
#8031 = ORIENTED_EDGE('',*,*,#5452,.T.);
#8032 = PLANE('',#8033);
#8033 = AXIS2_PLACEMENT_3D('',#8034,#8035,#8036);
#8034 = CARTESIAN_POINT('',(3.625,0.880602409639,3.370602409639));
#8035 = DIRECTION('',(-1.,1.979652642008E-31,-1.895603593819E-31));
#8036 = DIRECTION('',(1.979652642008E-31,1.,-2.22044604925E-16));
#8037 = ADVANCED_FACE('',(#8038),#8049,.F.);
#8038 = FACE_BOUND('',#8039,.F.);
#8039 = EDGE_LOOP('',(#8040,#8046,#8047,#8048));
#8040 = ORIENTED_EDGE('',*,*,#8041,.T.);
#8041 = EDGE_CURVE('',#8019,#6023,#8042,.T.);
#8042 = LINE('',#8043,#8044);
#8043 = CARTESIAN_POINT('',(3.625,-0.32,3.595));
#8044 = VECTOR('',#8045,1.);
#8045 = DIRECTION('',(1.,0.,0.));
#8046 = ORIENTED_EDGE('',*,*,#6030,.T.);
#8047 = ORIENTED_EDGE('',*,*,#5444,.F.);
#8048 = ORIENTED_EDGE('',*,*,#8026,.F.);
#8049 = PLANE('',#8050);
#8050 = AXIS2_PLACEMENT_3D('',#8051,#8052,#8053);
#8051 = CARTESIAN_POINT('',(3.625,-0.32,3.595));
#8052 = DIRECTION('',(0.,-1.,2.22044604925E-16));
#8053 = DIRECTION('',(0.,2.22044604925E-16,1.));
#8054 = ADVANCED_FACE('',(#8055),#8063,.T.);
#8055 = FACE_BOUND('',#8056,.T.);
#8056 = EDGE_LOOP('',(#8057,#8058,#8059,#8060,#8061,#8062));
#8057 = ORIENTED_EDGE('',*,*,#5594,.T.);
#8058 = ORIENTED_EDGE('',*,*,#5546,.T.);
#8059 = ORIENTED_EDGE('',*,*,#5522,.T.);
#8060 = ORIENTED_EDGE('',*,*,#5498,.T.);
#8061 = ORIENTED_EDGE('',*,*,#5474,.T.);
#8062 = ORIENTED_EDGE('',*,*,#5420,.T.);
#8063 = PLANE('',#8064);
#8064 = AXIS2_PLACEMENT_3D('',#8065,#8066,#8067);
#8065 = CARTESIAN_POINT('',(-3.625,0.880602409639,3.370602409639));
#8066 = DIRECTION('',(-1.,1.979652642008E-31,-1.895603593819E-31));
#8067 = DIRECTION('',(1.979652642008E-31,1.,-2.22044604925E-16));
#8068 = ADVANCED_FACE('',(#8069),#8080,.F.);
#8069 = FACE_BOUND('',#8070,.F.);
#8070 = EDGE_LOOP('',(#8071,#8072,#8073,#8079));
#8071 = ORIENTED_EDGE('',*,*,#5579,.T.);
#8072 = ORIENTED_EDGE('',*,*,#6006,.T.);
#8073 = ORIENTED_EDGE('',*,*,#8074,.F.);
#8074 = EDGE_CURVE('',#8003,#6007,#8075,.T.);
#8075 = LINE('',#8076,#8077);
#8076 = CARTESIAN_POINT('',(3.625,0.98,1.995));
#8077 = VECTOR('',#8078,1.);
#8078 = DIRECTION('',(1.,0.,0.));
#8079 = ORIENTED_EDGE('',*,*,#8002,.F.);
#8080 = PLANE('',#8081);
#8081 = AXIS2_PLACEMENT_3D('',#8082,#8083,#8084);
#8082 = CARTESIAN_POINT('',(3.625,1.58,1.995));
#8083 = DIRECTION('',(0.,-2.22044604925E-16,-1.));
#8084 = DIRECTION('',(0.,-1.,2.22044604925E-16));
#8085 = ADVANCED_FACE('',(#8086),#8138,.F.);
#8086 = FACE_BOUND('',#8087,.F.);
#8087 = EDGE_LOOP('',(#8088,#8096,#8104,#8112,#8120,#8128,#8134,#8135,
    #8136,#8137));
#8088 = ORIENTED_EDGE('',*,*,#8089,.T.);
#8089 = EDGE_CURVE('',#5846,#8090,#8092,.T.);
#8090 = VERTEX_POINT('',#8091);
#8091 = CARTESIAN_POINT('',(-1.975,2.4754,0.));
#8092 = LINE('',#8093,#8094);
#8093 = CARTESIAN_POINT('',(-1.975,0.7054,-4.000000000001E-04));
#8094 = VECTOR('',#8095,1.);
#8095 = DIRECTION('',(0.,0.999999974465,2.259886947942E-04));
#8096 = ORIENTED_EDGE('',*,*,#8097,.T.);
#8097 = EDGE_CURVE('',#8090,#8098,#8100,.T.);
#8098 = VERTEX_POINT('',#8099);
#8099 = CARTESIAN_POINT('',(-1.975,2.4754,0.3));
#8100 = LINE('',#8101,#8102);
#8101 = CARTESIAN_POINT('',(-1.975,2.4754,0.));
#8102 = VECTOR('',#8103,1.);
#8103 = DIRECTION('',(-7.401486830834E-16,0.,1.));
#8104 = ORIENTED_EDGE('',*,*,#8105,.T.);
#8105 = EDGE_CURVE('',#8098,#8106,#8108,.T.);
#8106 = VERTEX_POINT('',#8107);
#8107 = CARTESIAN_POINT('',(-1.975,1.7754,0.3));
#8108 = LINE('',#8109,#8110);
#8109 = CARTESIAN_POINT('',(-1.975,2.4754,0.3));
#8110 = VECTOR('',#8111,1.);
#8111 = DIRECTION('',(0.,-1.,0.));
#8112 = ORIENTED_EDGE('',*,*,#8113,.T.);
#8113 = EDGE_CURVE('',#8106,#8114,#8116,.T.);
#8114 = VERTEX_POINT('',#8115);
#8115 = CARTESIAN_POINT('',(-1.975,1.7754,0.65));
#8116 = LINE('',#8117,#8118);
#8117 = CARTESIAN_POINT('',(-1.975,1.7754,0.3));
#8118 = VECTOR('',#8119,1.);
#8119 = DIRECTION('',(0.,0.,1.));
#8120 = ORIENTED_EDGE('',*,*,#8121,.T.);
#8121 = EDGE_CURVE('',#8114,#8122,#8124,.T.);
#8122 = VERTEX_POINT('',#8123);
#8123 = CARTESIAN_POINT('',(-1.975,1.1054,0.65));
#8124 = LINE('',#8125,#8126);
#8125 = CARTESIAN_POINT('',(-1.975,1.7754,0.65));
#8126 = VECTOR('',#8127,1.);
#8127 = DIRECTION('',(0.,-1.,0.));
#8128 = ORIENTED_EDGE('',*,*,#8129,.T.);
#8129 = EDGE_CURVE('',#8122,#5766,#8130,.T.);
#8130 = LINE('',#8131,#8132);
#8131 = CARTESIAN_POINT('',(-1.975,1.1054,0.65));
#8132 = VECTOR('',#8133,1.);
#8133 = DIRECTION('',(0.,0.,1.));
#8134 = ORIENTED_EDGE('',*,*,#5773,.T.);
#8135 = ORIENTED_EDGE('',*,*,#5797,.T.);
#8136 = ORIENTED_EDGE('',*,*,#5821,.T.);
#8137 = ORIENTED_EDGE('',*,*,#5845,.T.);
#8138 = PLANE('',#8139);
#8139 = AXIS2_PLACEMENT_3D('',#8140,#8141,#8142);
#8140 = CARTESIAN_POINT('',(-1.975,1.293108022955E-02,1.127283611688));
#8141 = DIRECTION('',(1.,-1.250603656852E-18,2.809082092746E-18));
#8142 = DIRECTION('',(-2.809082092746E-18,0.,1.));
#8143 = ADVANCED_FACE('',(#8144),#8162,.F.);
#8144 = FACE_BOUND('',#8145,.F.);
#8145 = EDGE_LOOP('',(#8146,#8147,#8155,#8161));
#8146 = ORIENTED_EDGE('',*,*,#8129,.F.);
#8147 = ORIENTED_EDGE('',*,*,#8148,.T.);
#8148 = EDGE_CURVE('',#8122,#8149,#8151,.T.);
#8149 = VERTEX_POINT('',#8150);
#8150 = CARTESIAN_POINT('',(-1.775,1.1054,0.65));
#8151 = LINE('',#8152,#8153);
#8152 = CARTESIAN_POINT('',(-1.975,1.1054,0.65));
#8153 = VECTOR('',#8154,1.);
#8154 = DIRECTION('',(1.,0.,0.));
#8155 = ORIENTED_EDGE('',*,*,#8156,.T.);
#8156 = EDGE_CURVE('',#8149,#5758,#8157,.T.);
#8157 = LINE('',#8158,#8159);
#8158 = CARTESIAN_POINT('',(-1.775,1.1054,0.65));
#8159 = VECTOR('',#8160,1.);
#8160 = DIRECTION('',(0.,0.,1.));
#8161 = ORIENTED_EDGE('',*,*,#5765,.T.);
#8162 = PLANE('',#8163);
#8163 = AXIS2_PLACEMENT_3D('',#8164,#8165,#8166);
#8164 = CARTESIAN_POINT('',(-1.975,1.1054,0.65));
#8165 = DIRECTION('',(0.,-1.,0.));
#8166 = DIRECTION('',(0.,0.,1.));
#8167 = ADVANCED_FACE('',(#8168),#8225,.T.);
#8168 = FACE_BOUND('',#8169,.T.);
#8169 = EDGE_LOOP('',(#8170,#8178,#8186,#8194,#8202,#8208,#8209,#8210,
    #8218,#8224));
#8170 = ORIENTED_EDGE('',*,*,#8171,.T.);
#8171 = EDGE_CURVE('',#5854,#8172,#8174,.T.);
#8172 = VERTEX_POINT('',#8173);
#8173 = CARTESIAN_POINT('',(-1.775,2.4754,0.));
#8174 = LINE('',#8175,#8176);
#8175 = CARTESIAN_POINT('',(-1.775,0.7054,-4.000000000001E-04));
#8176 = VECTOR('',#8177,1.);
#8177 = DIRECTION('',(0.,0.999999974465,2.259886947942E-04));
#8178 = ORIENTED_EDGE('',*,*,#8179,.T.);
#8179 = EDGE_CURVE('',#8172,#8180,#8182,.T.);
#8180 = VERTEX_POINT('',#8181);
#8181 = CARTESIAN_POINT('',(-1.775,2.4754,0.3));
#8182 = LINE('',#8183,#8184);
#8183 = CARTESIAN_POINT('',(-1.775,2.4754,0.));
#8184 = VECTOR('',#8185,1.);
#8185 = DIRECTION('',(-7.401486830834E-16,0.,1.));
#8186 = ORIENTED_EDGE('',*,*,#8187,.T.);
#8187 = EDGE_CURVE('',#8180,#8188,#8190,.T.);
#8188 = VERTEX_POINT('',#8189);
#8189 = CARTESIAN_POINT('',(-1.775,1.7754,0.3));
#8190 = LINE('',#8191,#8192);
#8191 = CARTESIAN_POINT('',(-1.775,2.4754,0.3));
#8192 = VECTOR('',#8193,1.);
#8193 = DIRECTION('',(0.,-1.,0.));
#8194 = ORIENTED_EDGE('',*,*,#8195,.T.);
#8195 = EDGE_CURVE('',#8188,#8196,#8198,.T.);
#8196 = VERTEX_POINT('',#8197);
#8197 = CARTESIAN_POINT('',(-1.775,1.7754,0.65));
#8198 = LINE('',#8199,#8200);
#8199 = CARTESIAN_POINT('',(-1.775,1.7754,0.3));
#8200 = VECTOR('',#8201,1.);
#8201 = DIRECTION('',(0.,0.,1.));
#8202 = ORIENTED_EDGE('',*,*,#8203,.T.);
#8203 = EDGE_CURVE('',#8196,#8149,#8204,.T.);
#8204 = LINE('',#8205,#8206);
#8205 = CARTESIAN_POINT('',(-1.775,1.7754,0.65));
#8206 = VECTOR('',#8207,1.);
#8207 = DIRECTION('',(0.,-1.,0.));
#8208 = ORIENTED_EDGE('',*,*,#8156,.T.);
#8209 = ORIENTED_EDGE('',*,*,#5757,.T.);
#8210 = ORIENTED_EDGE('',*,*,#8211,.T.);
#8211 = EDGE_CURVE('',#5750,#8212,#8214,.T.);
#8212 = VERTEX_POINT('',#8213);
#8213 = CARTESIAN_POINT('',(-1.775,1.08,0.195));
#8214 = LINE('',#8215,#8216);
#8215 = CARTESIAN_POINT('',(-1.775,1.08,1.036141805844));
#8216 = VECTOR('',#8217,1.);
#8217 = DIRECTION('',(2.809082092746E-18,-2.22044604925E-16,-1.));
#8218 = ORIENTED_EDGE('',*,*,#8219,.T.);
#8219 = EDGE_CURVE('',#8212,#5862,#8220,.T.);
#8220 = LINE('',#8221,#8222);
#8221 = CARTESIAN_POINT('',(-1.775,0.546465540115,0.195));
#8222 = VECTOR('',#8223,1.);
#8223 = DIRECTION('',(-1.250603656852E-18,-1.,2.22044604925E-16));
#8224 = ORIENTED_EDGE('',*,*,#5861,.T.);
#8225 = PLANE('',#8226);
#8226 = AXIS2_PLACEMENT_3D('',#8227,#8228,#8229);
#8227 = CARTESIAN_POINT('',(-1.775,1.293108022955E-02,1.127283611688));
#8228 = DIRECTION('',(1.,-1.250603656852E-18,2.809082092746E-18));
#8229 = DIRECTION('',(-2.809082092746E-18,0.,1.));
#8230 = ADVANCED_FACE('',(#8231),#8249,.T.);
#8231 = FACE_BOUND('',#8232,.T.);
#8232 = EDGE_LOOP('',(#8233,#8234,#8235,#8243));
#8233 = ORIENTED_EDGE('',*,*,#8211,.F.);
#8234 = ORIENTED_EDGE('',*,*,#5749,.T.);
#8235 = ORIENTED_EDGE('',*,*,#8236,.T.);
#8236 = EDGE_CURVE('',#5742,#8237,#8239,.T.);
#8237 = VERTEX_POINT('',#8238);
#8238 = CARTESIAN_POINT('',(-0.725,1.08,0.195));
#8239 = LINE('',#8240,#8241);
#8240 = CARTESIAN_POINT('',(-0.725,1.08,1.036141805844));
#8241 = VECTOR('',#8242,1.);
#8242 = DIRECTION('',(2.809082092746E-18,-2.22044604925E-16,-1.));
#8243 = ORIENTED_EDGE('',*,*,#8244,.F.);
#8244 = EDGE_CURVE('',#8212,#8237,#8245,.T.);
#8245 = LINE('',#8246,#8247);
#8246 = CARTESIAN_POINT('',(-4.125,1.08,0.195));
#8247 = VECTOR('',#8248,1.);
#8248 = DIRECTION('',(1.,0.,0.));
#8249 = PLANE('',#8250);
#8250 = AXIS2_PLACEMENT_3D('',#8251,#8252,#8253);
#8251 = CARTESIAN_POINT('',(-4.125,1.08,0.945));
#8252 = DIRECTION('',(0.,1.,-2.22044604925E-16));
#8253 = DIRECTION('',(0.,-2.22044604925E-16,-1.));
#8254 = ADVANCED_FACE('',(#8255),#8312,.F.);
#8255 = FACE_BOUND('',#8256,.F.);
#8256 = EDGE_LOOP('',(#8257,#8265,#8273,#8281,#8289,#8297,#8303,#8304,
    #8305,#8311));
#8257 = ORIENTED_EDGE('',*,*,#8258,.T.);
#8258 = EDGE_CURVE('',#5878,#8259,#8261,.T.);
#8259 = VERTEX_POINT('',#8260);
#8260 = CARTESIAN_POINT('',(-0.725,2.4754,0.));
#8261 = LINE('',#8262,#8263);
#8262 = CARTESIAN_POINT('',(-0.725,0.7054,-4.000000000001E-04));
#8263 = VECTOR('',#8264,1.);
#8264 = DIRECTION('',(0.,0.999999974465,2.259886947942E-04));
#8265 = ORIENTED_EDGE('',*,*,#8266,.T.);
#8266 = EDGE_CURVE('',#8259,#8267,#8269,.T.);
#8267 = VERTEX_POINT('',#8268);
#8268 = CARTESIAN_POINT('',(-0.725,2.4754,0.3));
#8269 = LINE('',#8270,#8271);
#8270 = CARTESIAN_POINT('',(-0.725,2.4754,0.));
#8271 = VECTOR('',#8272,1.);
#8272 = DIRECTION('',(-7.401486830834E-16,0.,1.));
#8273 = ORIENTED_EDGE('',*,*,#8274,.T.);
#8274 = EDGE_CURVE('',#8267,#8275,#8277,.T.);
#8275 = VERTEX_POINT('',#8276);
#8276 = CARTESIAN_POINT('',(-0.725,1.7754,0.3));
#8277 = LINE('',#8278,#8279);
#8278 = CARTESIAN_POINT('',(-0.725,2.4754,0.3));
#8279 = VECTOR('',#8280,1.);
#8280 = DIRECTION('',(0.,-1.,0.));
#8281 = ORIENTED_EDGE('',*,*,#8282,.T.);
#8282 = EDGE_CURVE('',#8275,#8283,#8285,.T.);
#8283 = VERTEX_POINT('',#8284);
#8284 = CARTESIAN_POINT('',(-0.725,1.7754,0.65));
#8285 = LINE('',#8286,#8287);
#8286 = CARTESIAN_POINT('',(-0.725,1.7754,0.3));
#8287 = VECTOR('',#8288,1.);
#8288 = DIRECTION('',(0.,0.,1.));
#8289 = ORIENTED_EDGE('',*,*,#8290,.T.);
#8290 = EDGE_CURVE('',#8283,#8291,#8293,.T.);
#8291 = VERTEX_POINT('',#8292);
#8292 = CARTESIAN_POINT('',(-0.725,1.1054,0.65));
#8293 = LINE('',#8294,#8295);
#8294 = CARTESIAN_POINT('',(-0.725,1.7754,0.65));
#8295 = VECTOR('',#8296,1.);
#8296 = DIRECTION('',(0.,-1.,0.));
#8297 = ORIENTED_EDGE('',*,*,#8298,.T.);
#8298 = EDGE_CURVE('',#8291,#5734,#8299,.T.);
#8299 = LINE('',#8300,#8301);
#8300 = CARTESIAN_POINT('',(-0.725,1.1054,0.65));
#8301 = VECTOR('',#8302,1.);
#8302 = DIRECTION('',(0.,0.,1.));
#8303 = ORIENTED_EDGE('',*,*,#5741,.T.);
#8304 = ORIENTED_EDGE('',*,*,#8236,.T.);
#8305 = ORIENTED_EDGE('',*,*,#8306,.T.);
#8306 = EDGE_CURVE('',#8237,#5870,#8307,.T.);
#8307 = LINE('',#8308,#8309);
#8308 = CARTESIAN_POINT('',(-0.725,0.546465540115,0.195));
#8309 = VECTOR('',#8310,1.);
#8310 = DIRECTION('',(-1.250603656852E-18,-1.,2.22044604925E-16));
#8311 = ORIENTED_EDGE('',*,*,#5877,.T.);
#8312 = PLANE('',#8313);
#8313 = AXIS2_PLACEMENT_3D('',#8314,#8315,#8316);
#8314 = CARTESIAN_POINT('',(-0.725,1.293108022955E-02,1.127283611688));
#8315 = DIRECTION('',(1.,-1.250603656852E-18,2.809082092746E-18));
#8316 = DIRECTION('',(-2.809082092746E-18,0.,1.));
#8317 = ADVANCED_FACE('',(#8318),#8336,.F.);
#8318 = FACE_BOUND('',#8319,.F.);
#8319 = EDGE_LOOP('',(#8320,#8321,#8329,#8335));
#8320 = ORIENTED_EDGE('',*,*,#8298,.F.);
#8321 = ORIENTED_EDGE('',*,*,#8322,.T.);
#8322 = EDGE_CURVE('',#8291,#8323,#8325,.T.);
#8323 = VERTEX_POINT('',#8324);
#8324 = CARTESIAN_POINT('',(-0.525,1.1054,0.65));
#8325 = LINE('',#8326,#8327);
#8326 = CARTESIAN_POINT('',(-0.725,1.1054,0.65));
#8327 = VECTOR('',#8328,1.);
#8328 = DIRECTION('',(1.,0.,0.));
#8329 = ORIENTED_EDGE('',*,*,#8330,.T.);
#8330 = EDGE_CURVE('',#8323,#5726,#8331,.T.);
#8331 = LINE('',#8332,#8333);
#8332 = CARTESIAN_POINT('',(-0.525,1.1054,0.65));
#8333 = VECTOR('',#8334,1.);
#8334 = DIRECTION('',(0.,0.,1.));
#8335 = ORIENTED_EDGE('',*,*,#5733,.T.);
#8336 = PLANE('',#8337);
#8337 = AXIS2_PLACEMENT_3D('',#8338,#8339,#8340);
#8338 = CARTESIAN_POINT('',(-0.725,1.1054,0.65));
#8339 = DIRECTION('',(0.,-1.,0.));
#8340 = DIRECTION('',(0.,0.,1.));
#8341 = ADVANCED_FACE('',(#8342),#8399,.T.);
#8342 = FACE_BOUND('',#8343,.T.);
#8343 = EDGE_LOOP('',(#8344,#8352,#8360,#8368,#8376,#8382,#8383,#8384,
    #8392,#8398));
#8344 = ORIENTED_EDGE('',*,*,#8345,.T.);
#8345 = EDGE_CURVE('',#5886,#8346,#8348,.T.);
#8346 = VERTEX_POINT('',#8347);
#8347 = CARTESIAN_POINT('',(-0.525,2.4754,0.));
#8348 = LINE('',#8349,#8350);
#8349 = CARTESIAN_POINT('',(-0.525,0.7054,-4.000000000001E-04));
#8350 = VECTOR('',#8351,1.);
#8351 = DIRECTION('',(0.,0.999999974465,2.259886947942E-04));
#8352 = ORIENTED_EDGE('',*,*,#8353,.T.);
#8353 = EDGE_CURVE('',#8346,#8354,#8356,.T.);
#8354 = VERTEX_POINT('',#8355);
#8355 = CARTESIAN_POINT('',(-0.525,2.4754,0.3));
#8356 = LINE('',#8357,#8358);
#8357 = CARTESIAN_POINT('',(-0.525,2.4754,0.));
#8358 = VECTOR('',#8359,1.);
#8359 = DIRECTION('',(-7.401486830834E-16,0.,1.));
#8360 = ORIENTED_EDGE('',*,*,#8361,.T.);
#8361 = EDGE_CURVE('',#8354,#8362,#8364,.T.);
#8362 = VERTEX_POINT('',#8363);
#8363 = CARTESIAN_POINT('',(-0.525,1.7754,0.3));
#8364 = LINE('',#8365,#8366);
#8365 = CARTESIAN_POINT('',(-0.525,2.4754,0.3));
#8366 = VECTOR('',#8367,1.);
#8367 = DIRECTION('',(0.,-1.,0.));
#8368 = ORIENTED_EDGE('',*,*,#8369,.T.);
#8369 = EDGE_CURVE('',#8362,#8370,#8372,.T.);
#8370 = VERTEX_POINT('',#8371);
#8371 = CARTESIAN_POINT('',(-0.525,1.7754,0.65));
#8372 = LINE('',#8373,#8374);
#8373 = CARTESIAN_POINT('',(-0.525,1.7754,0.3));
#8374 = VECTOR('',#8375,1.);
#8375 = DIRECTION('',(0.,0.,1.));
#8376 = ORIENTED_EDGE('',*,*,#8377,.T.);
#8377 = EDGE_CURVE('',#8370,#8323,#8378,.T.);
#8378 = LINE('',#8379,#8380);
#8379 = CARTESIAN_POINT('',(-0.525,1.7754,0.65));
#8380 = VECTOR('',#8381,1.);
#8381 = DIRECTION('',(0.,-1.,0.));
#8382 = ORIENTED_EDGE('',*,*,#8330,.T.);
#8383 = ORIENTED_EDGE('',*,*,#5725,.T.);
#8384 = ORIENTED_EDGE('',*,*,#8385,.T.);
#8385 = EDGE_CURVE('',#5718,#8386,#8388,.T.);
#8386 = VERTEX_POINT('',#8387);
#8387 = CARTESIAN_POINT('',(-0.525,1.08,0.195));
#8388 = LINE('',#8389,#8390);
#8389 = CARTESIAN_POINT('',(-0.525,1.08,1.036141805844));
#8390 = VECTOR('',#8391,1.);
#8391 = DIRECTION('',(2.809082092746E-18,-2.22044604925E-16,-1.));
#8392 = ORIENTED_EDGE('',*,*,#8393,.T.);
#8393 = EDGE_CURVE('',#8386,#5894,#8394,.T.);
#8394 = LINE('',#8395,#8396);
#8395 = CARTESIAN_POINT('',(-0.525,0.546465540115,0.195));
#8396 = VECTOR('',#8397,1.);
#8397 = DIRECTION('',(-1.250603656852E-18,-1.,2.22044604925E-16));
#8398 = ORIENTED_EDGE('',*,*,#5893,.T.);
#8399 = PLANE('',#8400);
#8400 = AXIS2_PLACEMENT_3D('',#8401,#8402,#8403);
#8401 = CARTESIAN_POINT('',(-0.525,1.293108022955E-02,1.127283611688));
#8402 = DIRECTION('',(1.,-1.250603656852E-18,2.809082092746E-18));
#8403 = DIRECTION('',(-2.809082092746E-18,0.,1.));
#8404 = ADVANCED_FACE('',(#8405),#8423,.T.);
#8405 = FACE_BOUND('',#8406,.T.);
#8406 = EDGE_LOOP('',(#8407,#8408,#8409,#8417));
#8407 = ORIENTED_EDGE('',*,*,#8385,.F.);
#8408 = ORIENTED_EDGE('',*,*,#5717,.T.);
#8409 = ORIENTED_EDGE('',*,*,#8410,.T.);
#8410 = EDGE_CURVE('',#5710,#8411,#8413,.T.);
#8411 = VERTEX_POINT('',#8412);
#8412 = CARTESIAN_POINT('',(0.525,1.08,0.195));
#8413 = LINE('',#8414,#8415);
#8414 = CARTESIAN_POINT('',(0.525,1.08,1.036141805844));
#8415 = VECTOR('',#8416,1.);
#8416 = DIRECTION('',(2.809082092746E-18,-2.22044604925E-16,-1.));
#8417 = ORIENTED_EDGE('',*,*,#8418,.F.);
#8418 = EDGE_CURVE('',#8386,#8411,#8419,.T.);
#8419 = LINE('',#8420,#8421);
#8420 = CARTESIAN_POINT('',(-4.125,1.08,0.195));
#8421 = VECTOR('',#8422,1.);
#8422 = DIRECTION('',(1.,0.,0.));
#8423 = PLANE('',#8424);
#8424 = AXIS2_PLACEMENT_3D('',#8425,#8426,#8427);
#8425 = CARTESIAN_POINT('',(-4.125,1.08,0.945));
#8426 = DIRECTION('',(0.,1.,-2.22044604925E-16));
#8427 = DIRECTION('',(0.,-2.22044604925E-16,-1.));
#8428 = ADVANCED_FACE('',(#8429),#8486,.F.);
#8429 = FACE_BOUND('',#8430,.F.);
#8430 = EDGE_LOOP('',(#8431,#8439,#8447,#8455,#8463,#8471,#8477,#8478,
    #8479,#8485));
#8431 = ORIENTED_EDGE('',*,*,#8432,.T.);
#8432 = EDGE_CURVE('',#5910,#8433,#8435,.T.);
#8433 = VERTEX_POINT('',#8434);
#8434 = CARTESIAN_POINT('',(0.525,2.4754,0.));
#8435 = LINE('',#8436,#8437);
#8436 = CARTESIAN_POINT('',(0.525,0.7054,-4.000000000001E-04));
#8437 = VECTOR('',#8438,1.);
#8438 = DIRECTION('',(0.,0.999999974465,2.259886947942E-04));
#8439 = ORIENTED_EDGE('',*,*,#8440,.T.);
#8440 = EDGE_CURVE('',#8433,#8441,#8443,.T.);
#8441 = VERTEX_POINT('',#8442);
#8442 = CARTESIAN_POINT('',(0.525,2.4754,0.3));
#8443 = LINE('',#8444,#8445);
#8444 = CARTESIAN_POINT('',(0.525,2.4754,0.));
#8445 = VECTOR('',#8446,1.);
#8446 = DIRECTION('',(-7.401486830834E-16,0.,1.));
#8447 = ORIENTED_EDGE('',*,*,#8448,.T.);
#8448 = EDGE_CURVE('',#8441,#8449,#8451,.T.);
#8449 = VERTEX_POINT('',#8450);
#8450 = CARTESIAN_POINT('',(0.525,1.7754,0.3));
#8451 = LINE('',#8452,#8453);
#8452 = CARTESIAN_POINT('',(0.525,2.4754,0.3));
#8453 = VECTOR('',#8454,1.);
#8454 = DIRECTION('',(0.,-1.,0.));
#8455 = ORIENTED_EDGE('',*,*,#8456,.T.);
#8456 = EDGE_CURVE('',#8449,#8457,#8459,.T.);
#8457 = VERTEX_POINT('',#8458);
#8458 = CARTESIAN_POINT('',(0.525,1.7754,0.65));
#8459 = LINE('',#8460,#8461);
#8460 = CARTESIAN_POINT('',(0.525,1.7754,0.3));
#8461 = VECTOR('',#8462,1.);
#8462 = DIRECTION('',(0.,0.,1.));
#8463 = ORIENTED_EDGE('',*,*,#8464,.T.);
#8464 = EDGE_CURVE('',#8457,#8465,#8467,.T.);
#8465 = VERTEX_POINT('',#8466);
#8466 = CARTESIAN_POINT('',(0.525,1.1054,0.65));
#8467 = LINE('',#8468,#8469);
#8468 = CARTESIAN_POINT('',(0.525,1.7754,0.65));
#8469 = VECTOR('',#8470,1.);
#8470 = DIRECTION('',(0.,-1.,0.));
#8471 = ORIENTED_EDGE('',*,*,#8472,.T.);
#8472 = EDGE_CURVE('',#8465,#5702,#8473,.T.);
#8473 = LINE('',#8474,#8475);
#8474 = CARTESIAN_POINT('',(0.525,1.1054,0.65));
#8475 = VECTOR('',#8476,1.);
#8476 = DIRECTION('',(0.,0.,1.));
#8477 = ORIENTED_EDGE('',*,*,#5709,.T.);
#8478 = ORIENTED_EDGE('',*,*,#8410,.T.);
#8479 = ORIENTED_EDGE('',*,*,#8480,.T.);
#8480 = EDGE_CURVE('',#8411,#5902,#8481,.T.);
#8481 = LINE('',#8482,#8483);
#8482 = CARTESIAN_POINT('',(0.525,0.546465540115,0.195));
#8483 = VECTOR('',#8484,1.);
#8484 = DIRECTION('',(-1.250603656852E-18,-1.,2.22044604925E-16));
#8485 = ORIENTED_EDGE('',*,*,#5909,.T.);
#8486 = PLANE('',#8487);
#8487 = AXIS2_PLACEMENT_3D('',#8488,#8489,#8490);
#8488 = CARTESIAN_POINT('',(0.525,1.293108022955E-02,1.127283611688));
#8489 = DIRECTION('',(1.,-1.250603656852E-18,2.809082092746E-18));
#8490 = DIRECTION('',(-2.809082092746E-18,0.,1.));
#8491 = ADVANCED_FACE('',(#8492),#8510,.F.);
#8492 = FACE_BOUND('',#8493,.F.);
#8493 = EDGE_LOOP('',(#8494,#8495,#8503,#8509));
#8494 = ORIENTED_EDGE('',*,*,#8472,.F.);
#8495 = ORIENTED_EDGE('',*,*,#8496,.T.);
#8496 = EDGE_CURVE('',#8465,#8497,#8499,.T.);
#8497 = VERTEX_POINT('',#8498);
#8498 = CARTESIAN_POINT('',(0.725,1.1054,0.65));
#8499 = LINE('',#8500,#8501);
#8500 = CARTESIAN_POINT('',(0.525,1.1054,0.65));
#8501 = VECTOR('',#8502,1.);
#8502 = DIRECTION('',(1.,0.,0.));
#8503 = ORIENTED_EDGE('',*,*,#8504,.T.);
#8504 = EDGE_CURVE('',#8497,#5694,#8505,.T.);
#8505 = LINE('',#8506,#8507);
#8506 = CARTESIAN_POINT('',(0.725,1.1054,0.65));
#8507 = VECTOR('',#8508,1.);
#8508 = DIRECTION('',(0.,0.,1.));
#8509 = ORIENTED_EDGE('',*,*,#5701,.T.);
#8510 = PLANE('',#8511);
#8511 = AXIS2_PLACEMENT_3D('',#8512,#8513,#8514);
#8512 = CARTESIAN_POINT('',(0.525,1.1054,0.65));
#8513 = DIRECTION('',(0.,-1.,0.));
#8514 = DIRECTION('',(0.,0.,1.));
#8515 = ADVANCED_FACE('',(#8516),#8573,.T.);
#8516 = FACE_BOUND('',#8517,.T.);
#8517 = EDGE_LOOP('',(#8518,#8526,#8534,#8542,#8550,#8556,#8557,#8558,
    #8566,#8572));
#8518 = ORIENTED_EDGE('',*,*,#8519,.T.);
#8519 = EDGE_CURVE('',#5918,#8520,#8522,.T.);
#8520 = VERTEX_POINT('',#8521);
#8521 = CARTESIAN_POINT('',(0.725,2.4754,0.));
#8522 = LINE('',#8523,#8524);
#8523 = CARTESIAN_POINT('',(0.725,0.7054,-4.000000000001E-04));
#8524 = VECTOR('',#8525,1.);
#8525 = DIRECTION('',(0.,0.999999974465,2.259886947942E-04));
#8526 = ORIENTED_EDGE('',*,*,#8527,.T.);
#8527 = EDGE_CURVE('',#8520,#8528,#8530,.T.);
#8528 = VERTEX_POINT('',#8529);
#8529 = CARTESIAN_POINT('',(0.725,2.4754,0.3));
#8530 = LINE('',#8531,#8532);
#8531 = CARTESIAN_POINT('',(0.725,2.4754,0.));
#8532 = VECTOR('',#8533,1.);
#8533 = DIRECTION('',(-7.401486830834E-16,0.,1.));
#8534 = ORIENTED_EDGE('',*,*,#8535,.T.);
#8535 = EDGE_CURVE('',#8528,#8536,#8538,.T.);
#8536 = VERTEX_POINT('',#8537);
#8537 = CARTESIAN_POINT('',(0.725,1.7754,0.3));
#8538 = LINE('',#8539,#8540);
#8539 = CARTESIAN_POINT('',(0.725,2.4754,0.3));
#8540 = VECTOR('',#8541,1.);
#8541 = DIRECTION('',(0.,-1.,0.));
#8542 = ORIENTED_EDGE('',*,*,#8543,.T.);
#8543 = EDGE_CURVE('',#8536,#8544,#8546,.T.);
#8544 = VERTEX_POINT('',#8545);
#8545 = CARTESIAN_POINT('',(0.725,1.7754,0.65));
#8546 = LINE('',#8547,#8548);
#8547 = CARTESIAN_POINT('',(0.725,1.7754,0.3));
#8548 = VECTOR('',#8549,1.);
#8549 = DIRECTION('',(0.,0.,1.));
#8550 = ORIENTED_EDGE('',*,*,#8551,.T.);
#8551 = EDGE_CURVE('',#8544,#8497,#8552,.T.);
#8552 = LINE('',#8553,#8554);
#8553 = CARTESIAN_POINT('',(0.725,1.7754,0.65));
#8554 = VECTOR('',#8555,1.);
#8555 = DIRECTION('',(0.,-1.,0.));
#8556 = ORIENTED_EDGE('',*,*,#8504,.T.);
#8557 = ORIENTED_EDGE('',*,*,#5693,.T.);
#8558 = ORIENTED_EDGE('',*,*,#8559,.T.);
#8559 = EDGE_CURVE('',#5686,#8560,#8562,.T.);
#8560 = VERTEX_POINT('',#8561);
#8561 = CARTESIAN_POINT('',(0.725,1.08,0.195));
#8562 = LINE('',#8563,#8564);
#8563 = CARTESIAN_POINT('',(0.725,1.08,1.036141805844));
#8564 = VECTOR('',#8565,1.);
#8565 = DIRECTION('',(2.809082092746E-18,-2.22044604925E-16,-1.));
#8566 = ORIENTED_EDGE('',*,*,#8567,.T.);
#8567 = EDGE_CURVE('',#8560,#5926,#8568,.T.);
#8568 = LINE('',#8569,#8570);
#8569 = CARTESIAN_POINT('',(0.725,0.546465540115,0.195));
#8570 = VECTOR('',#8571,1.);
#8571 = DIRECTION('',(-1.250603656852E-18,-1.,2.22044604925E-16));
#8572 = ORIENTED_EDGE('',*,*,#5925,.T.);
#8573 = PLANE('',#8574);
#8574 = AXIS2_PLACEMENT_3D('',#8575,#8576,#8577);
#8575 = CARTESIAN_POINT('',(0.725,1.293108022955E-02,1.127283611688));
#8576 = DIRECTION('',(1.,-1.250603656852E-18,2.809082092746E-18));
#8577 = DIRECTION('',(-2.809082092746E-18,0.,1.));
#8578 = ADVANCED_FACE('',(#8579),#8597,.T.);
#8579 = FACE_BOUND('',#8580,.T.);
#8580 = EDGE_LOOP('',(#8581,#8582,#8583,#8591));
#8581 = ORIENTED_EDGE('',*,*,#8559,.F.);
#8582 = ORIENTED_EDGE('',*,*,#5685,.T.);
#8583 = ORIENTED_EDGE('',*,*,#8584,.T.);
#8584 = EDGE_CURVE('',#5678,#8585,#8587,.T.);
#8585 = VERTEX_POINT('',#8586);
#8586 = CARTESIAN_POINT('',(1.775,1.08,0.195));
#8587 = LINE('',#8588,#8589);
#8588 = CARTESIAN_POINT('',(1.775,1.08,1.036141805844));
#8589 = VECTOR('',#8590,1.);
#8590 = DIRECTION('',(2.809082092746E-18,-2.22044604925E-16,-1.));
#8591 = ORIENTED_EDGE('',*,*,#8592,.F.);
#8592 = EDGE_CURVE('',#8560,#8585,#8593,.T.);
#8593 = LINE('',#8594,#8595);
#8594 = CARTESIAN_POINT('',(-4.125,1.08,0.195));
#8595 = VECTOR('',#8596,1.);
#8596 = DIRECTION('',(1.,0.,0.));
#8597 = PLANE('',#8598);
#8598 = AXIS2_PLACEMENT_3D('',#8599,#8600,#8601);
#8599 = CARTESIAN_POINT('',(-4.125,1.08,0.945));
#8600 = DIRECTION('',(0.,1.,-2.22044604925E-16));
#8601 = DIRECTION('',(0.,-2.22044604925E-16,-1.));
#8602 = ADVANCED_FACE('',(#8603),#8660,.F.);
#8603 = FACE_BOUND('',#8604,.F.);
#8604 = EDGE_LOOP('',(#8605,#8613,#8621,#8629,#8637,#8645,#8651,#8652,
    #8653,#8659));
#8605 = ORIENTED_EDGE('',*,*,#8606,.T.);
#8606 = EDGE_CURVE('',#5942,#8607,#8609,.T.);
#8607 = VERTEX_POINT('',#8608);
#8608 = CARTESIAN_POINT('',(1.775,2.4754,0.));
#8609 = LINE('',#8610,#8611);
#8610 = CARTESIAN_POINT('',(1.775,0.7054,-4.000000000001E-04));
#8611 = VECTOR('',#8612,1.);
#8612 = DIRECTION('',(0.,0.999999974465,2.259886947942E-04));
#8613 = ORIENTED_EDGE('',*,*,#8614,.T.);
#8614 = EDGE_CURVE('',#8607,#8615,#8617,.T.);
#8615 = VERTEX_POINT('',#8616);
#8616 = CARTESIAN_POINT('',(1.775,2.4754,0.3));
#8617 = LINE('',#8618,#8619);
#8618 = CARTESIAN_POINT('',(1.775,2.4754,0.));
#8619 = VECTOR('',#8620,1.);
#8620 = DIRECTION('',(-7.401486830834E-16,0.,1.));
#8621 = ORIENTED_EDGE('',*,*,#8622,.T.);
#8622 = EDGE_CURVE('',#8615,#8623,#8625,.T.);
#8623 = VERTEX_POINT('',#8624);
#8624 = CARTESIAN_POINT('',(1.775,1.7754,0.3));
#8625 = LINE('',#8626,#8627);
#8626 = CARTESIAN_POINT('',(1.775,2.4754,0.3));
#8627 = VECTOR('',#8628,1.);
#8628 = DIRECTION('',(0.,-1.,0.));
#8629 = ORIENTED_EDGE('',*,*,#8630,.T.);
#8630 = EDGE_CURVE('',#8623,#8631,#8633,.T.);
#8631 = VERTEX_POINT('',#8632);
#8632 = CARTESIAN_POINT('',(1.775,1.7754,0.65));
#8633 = LINE('',#8634,#8635);
#8634 = CARTESIAN_POINT('',(1.775,1.7754,0.3));
#8635 = VECTOR('',#8636,1.);
#8636 = DIRECTION('',(0.,0.,1.));
#8637 = ORIENTED_EDGE('',*,*,#8638,.T.);
#8638 = EDGE_CURVE('',#8631,#8639,#8641,.T.);
#8639 = VERTEX_POINT('',#8640);
#8640 = CARTESIAN_POINT('',(1.775,1.1054,0.65));
#8641 = LINE('',#8642,#8643);
#8642 = CARTESIAN_POINT('',(1.775,1.7754,0.65));
#8643 = VECTOR('',#8644,1.);
#8644 = DIRECTION('',(0.,-1.,0.));
#8645 = ORIENTED_EDGE('',*,*,#8646,.T.);
#8646 = EDGE_CURVE('',#8639,#5670,#8647,.T.);
#8647 = LINE('',#8648,#8649);
#8648 = CARTESIAN_POINT('',(1.775,1.1054,0.65));
#8649 = VECTOR('',#8650,1.);
#8650 = DIRECTION('',(0.,0.,1.));
#8651 = ORIENTED_EDGE('',*,*,#5677,.T.);
#8652 = ORIENTED_EDGE('',*,*,#8584,.T.);
#8653 = ORIENTED_EDGE('',*,*,#8654,.T.);
#8654 = EDGE_CURVE('',#8585,#5934,#8655,.T.);
#8655 = LINE('',#8656,#8657);
#8656 = CARTESIAN_POINT('',(1.775,0.546465540115,0.195));
#8657 = VECTOR('',#8658,1.);
#8658 = DIRECTION('',(-1.250603656852E-18,-1.,2.22044604925E-16));
#8659 = ORIENTED_EDGE('',*,*,#5941,.T.);
#8660 = PLANE('',#8661);
#8661 = AXIS2_PLACEMENT_3D('',#8662,#8663,#8664);
#8662 = CARTESIAN_POINT('',(1.775,1.293108022955E-02,1.127283611688));
#8663 = DIRECTION('',(1.,-1.250603656852E-18,2.809082092746E-18));
#8664 = DIRECTION('',(-2.809082092746E-18,0.,1.));
#8665 = ADVANCED_FACE('',(#8666),#8684,.F.);
#8666 = FACE_BOUND('',#8667,.F.);
#8667 = EDGE_LOOP('',(#8668,#8669,#8677,#8683));
#8668 = ORIENTED_EDGE('',*,*,#8646,.F.);
#8669 = ORIENTED_EDGE('',*,*,#8670,.T.);
#8670 = EDGE_CURVE('',#8639,#8671,#8673,.T.);
#8671 = VERTEX_POINT('',#8672);
#8672 = CARTESIAN_POINT('',(1.975,1.1054,0.65));
#8673 = LINE('',#8674,#8675);
#8674 = CARTESIAN_POINT('',(1.775,1.1054,0.65));
#8675 = VECTOR('',#8676,1.);
#8676 = DIRECTION('',(1.,0.,0.));
#8677 = ORIENTED_EDGE('',*,*,#8678,.T.);
#8678 = EDGE_CURVE('',#8671,#5662,#8679,.T.);
#8679 = LINE('',#8680,#8681);
#8680 = CARTESIAN_POINT('',(1.975,1.1054,0.65));
#8681 = VECTOR('',#8682,1.);
#8682 = DIRECTION('',(0.,0.,1.));
#8683 = ORIENTED_EDGE('',*,*,#5669,.T.);
#8684 = PLANE('',#8685);
#8685 = AXIS2_PLACEMENT_3D('',#8686,#8687,#8688);
#8686 = CARTESIAN_POINT('',(1.775,1.1054,0.65));
#8687 = DIRECTION('',(0.,-1.,0.));
#8688 = DIRECTION('',(0.,0.,1.));
#8689 = ADVANCED_FACE('',(#8690),#8747,.T.);
#8690 = FACE_BOUND('',#8691,.T.);
#8691 = EDGE_LOOP('',(#8692,#8700,#8708,#8716,#8724,#8730,#8731,#8732,
    #8740,#8746));
#8692 = ORIENTED_EDGE('',*,*,#8693,.T.);
#8693 = EDGE_CURVE('',#5950,#8694,#8696,.T.);
#8694 = VERTEX_POINT('',#8695);
#8695 = CARTESIAN_POINT('',(1.975,2.4754,0.));
#8696 = LINE('',#8697,#8698);
#8697 = CARTESIAN_POINT('',(1.975,0.7054,-4.000000000001E-04));
#8698 = VECTOR('',#8699,1.);
#8699 = DIRECTION('',(0.,0.999999974465,2.259886947942E-04));
#8700 = ORIENTED_EDGE('',*,*,#8701,.T.);
#8701 = EDGE_CURVE('',#8694,#8702,#8704,.T.);
#8702 = VERTEX_POINT('',#8703);
#8703 = CARTESIAN_POINT('',(1.975,2.4754,0.3));
#8704 = LINE('',#8705,#8706);
#8705 = CARTESIAN_POINT('',(1.975,2.4754,0.));
#8706 = VECTOR('',#8707,1.);
#8707 = DIRECTION('',(-7.401486830834E-16,0.,1.));
#8708 = ORIENTED_EDGE('',*,*,#8709,.T.);
#8709 = EDGE_CURVE('',#8702,#8710,#8712,.T.);
#8710 = VERTEX_POINT('',#8711);
#8711 = CARTESIAN_POINT('',(1.975,1.7754,0.3));
#8712 = LINE('',#8713,#8714);
#8713 = CARTESIAN_POINT('',(1.975,2.4754,0.3));
#8714 = VECTOR('',#8715,1.);
#8715 = DIRECTION('',(0.,-1.,0.));
#8716 = ORIENTED_EDGE('',*,*,#8717,.T.);
#8717 = EDGE_CURVE('',#8710,#8718,#8720,.T.);
#8718 = VERTEX_POINT('',#8719);
#8719 = CARTESIAN_POINT('',(1.975,1.7754,0.65));
#8720 = LINE('',#8721,#8722);
#8721 = CARTESIAN_POINT('',(1.975,1.7754,0.3));
#8722 = VECTOR('',#8723,1.);
#8723 = DIRECTION('',(0.,0.,1.));
#8724 = ORIENTED_EDGE('',*,*,#8725,.T.);
#8725 = EDGE_CURVE('',#8718,#8671,#8726,.T.);
#8726 = LINE('',#8727,#8728);
#8727 = CARTESIAN_POINT('',(1.975,1.7754,0.65));
#8728 = VECTOR('',#8729,1.);
#8729 = DIRECTION('',(0.,-1.,0.));
#8730 = ORIENTED_EDGE('',*,*,#8678,.T.);
#8731 = ORIENTED_EDGE('',*,*,#5661,.T.);
#8732 = ORIENTED_EDGE('',*,*,#8733,.T.);
#8733 = EDGE_CURVE('',#5654,#8734,#8736,.T.);
#8734 = VERTEX_POINT('',#8735);
#8735 = CARTESIAN_POINT('',(1.975,1.08,0.195));
#8736 = LINE('',#8737,#8738);
#8737 = CARTESIAN_POINT('',(1.975,1.08,1.036141805844));
#8738 = VECTOR('',#8739,1.);
#8739 = DIRECTION('',(2.809082092746E-18,-2.22044604925E-16,-1.));
#8740 = ORIENTED_EDGE('',*,*,#8741,.T.);
#8741 = EDGE_CURVE('',#8734,#5958,#8742,.T.);
#8742 = LINE('',#8743,#8744);
#8743 = CARTESIAN_POINT('',(1.975,0.546465540115,0.195));
#8744 = VECTOR('',#8745,1.);
#8745 = DIRECTION('',(-1.250603656852E-18,-1.,2.22044604925E-16));
#8746 = ORIENTED_EDGE('',*,*,#5957,.T.);
#8747 = PLANE('',#8748);
#8748 = AXIS2_PLACEMENT_3D('',#8749,#8750,#8751);
#8749 = CARTESIAN_POINT('',(1.975,1.293108022955E-02,1.127283611688));
#8750 = DIRECTION('',(1.,-1.250603656852E-18,2.809082092746E-18));
#8751 = DIRECTION('',(-2.809082092746E-18,0.,1.));
#8752 = ADVANCED_FACE('',(#8753),#8764,.T.);
#8753 = FACE_BOUND('',#8754,.T.);
#8754 = EDGE_LOOP('',(#8755,#8756,#8757,#8758));
#8755 = ORIENTED_EDGE('',*,*,#8733,.F.);
#8756 = ORIENTED_EDGE('',*,*,#5653,.T.);
#8757 = ORIENTED_EDGE('',*,*,#5998,.T.);
#8758 = ORIENTED_EDGE('',*,*,#8759,.F.);
#8759 = EDGE_CURVE('',#8734,#5991,#8760,.T.);
#8760 = LINE('',#8761,#8762);
#8761 = CARTESIAN_POINT('',(-4.125,1.08,0.195));
#8762 = VECTOR('',#8763,1.);
#8763 = DIRECTION('',(1.,0.,0.));
#8764 = PLANE('',#8765);
#8765 = AXIS2_PLACEMENT_3D('',#8766,#8767,#8768);
#8766 = CARTESIAN_POINT('',(-4.125,1.08,0.945));
#8767 = DIRECTION('',(0.,1.,-2.22044604925E-16));
#8768 = DIRECTION('',(0.,-2.22044604925E-16,-1.));
#8769 = ADVANCED_FACE('',(#8770),#8776,.T.);
#8770 = FACE_BOUND('',#8771,.T.);
#8771 = EDGE_LOOP('',(#8772,#8773,#8774,#8775));
#8772 = ORIENTED_EDGE('',*,*,#8741,.F.);
#8773 = ORIENTED_EDGE('',*,*,#8759,.T.);
#8774 = ORIENTED_EDGE('',*,*,#5990,.T.);
#8775 = ORIENTED_EDGE('',*,*,#5965,.F.);
#8776 = PLANE('',#8777);
#8777 = AXIS2_PLACEMENT_3D('',#8778,#8779,#8780);
#8778 = CARTESIAN_POINT('',(-4.125,1.08,0.195));
#8779 = DIRECTION('',(0.,-2.22044604925E-16,-1.));
#8780 = DIRECTION('',(0.,-1.,2.22044604925E-16));
#8781 = ADVANCED_FACE('',(#8782),#8793,.F.);
#8782 = FACE_BOUND('',#8783,.F.);
#8783 = EDGE_LOOP('',(#8784,#8785,#8786,#8787));
#8784 = ORIENTED_EDGE('',*,*,#8606,.F.);
#8785 = ORIENTED_EDGE('',*,*,#5949,.T.);
#8786 = ORIENTED_EDGE('',*,*,#8693,.T.);
#8787 = ORIENTED_EDGE('',*,*,#8788,.F.);
#8788 = EDGE_CURVE('',#8607,#8694,#8789,.T.);
#8789 = LINE('',#8790,#8791);
#8790 = CARTESIAN_POINT('',(1.775,2.4754,0.));
#8791 = VECTOR('',#8792,1.);
#8792 = DIRECTION('',(1.,0.,0.));
#8793 = PLANE('',#8794);
#8794 = AXIS2_PLACEMENT_3D('',#8795,#8796,#8797);
#8795 = CARTESIAN_POINT('',(1.775,0.7054,-4.000000000001E-04));
#8796 = DIRECTION('',(0.,-2.259886947942E-04,0.999999974465));
#8797 = DIRECTION('',(0.,0.999999974465,2.259886947942E-04));
#8798 = ADVANCED_FACE('',(#8799),#8805,.T.);
#8799 = FACE_BOUND('',#8800,.T.);
#8800 = EDGE_LOOP('',(#8801,#8802,#8803,#8804));
#8801 = ORIENTED_EDGE('',*,*,#8567,.F.);
#8802 = ORIENTED_EDGE('',*,*,#8592,.T.);
#8803 = ORIENTED_EDGE('',*,*,#8654,.T.);
#8804 = ORIENTED_EDGE('',*,*,#5933,.F.);
#8805 = PLANE('',#8806);
#8806 = AXIS2_PLACEMENT_3D('',#8807,#8808,#8809);
#8807 = CARTESIAN_POINT('',(-4.125,1.08,0.195));
#8808 = DIRECTION('',(0.,-2.22044604925E-16,-1.));
#8809 = DIRECTION('',(0.,-1.,2.22044604925E-16));
#8810 = ADVANCED_FACE('',(#8811),#8822,.F.);
#8811 = FACE_BOUND('',#8812,.F.);
#8812 = EDGE_LOOP('',(#8813,#8814,#8815,#8816));
#8813 = ORIENTED_EDGE('',*,*,#8432,.F.);
#8814 = ORIENTED_EDGE('',*,*,#5917,.T.);
#8815 = ORIENTED_EDGE('',*,*,#8519,.T.);
#8816 = ORIENTED_EDGE('',*,*,#8817,.F.);
#8817 = EDGE_CURVE('',#8433,#8520,#8818,.T.);
#8818 = LINE('',#8819,#8820);
#8819 = CARTESIAN_POINT('',(0.525,2.4754,0.));
#8820 = VECTOR('',#8821,1.);
#8821 = DIRECTION('',(1.,0.,0.));
#8822 = PLANE('',#8823);
#8823 = AXIS2_PLACEMENT_3D('',#8824,#8825,#8826);
#8824 = CARTESIAN_POINT('',(0.525,0.7054,-4.000000000001E-04));
#8825 = DIRECTION('',(0.,-2.259886947942E-04,0.999999974465));
#8826 = DIRECTION('',(0.,0.999999974465,2.259886947942E-04));
#8827 = ADVANCED_FACE('',(#8828),#8834,.T.);
#8828 = FACE_BOUND('',#8829,.T.);
#8829 = EDGE_LOOP('',(#8830,#8831,#8832,#8833));
#8830 = ORIENTED_EDGE('',*,*,#8393,.F.);
#8831 = ORIENTED_EDGE('',*,*,#8418,.T.);
#8832 = ORIENTED_EDGE('',*,*,#8480,.T.);
#8833 = ORIENTED_EDGE('',*,*,#5901,.F.);
#8834 = PLANE('',#8835);
#8835 = AXIS2_PLACEMENT_3D('',#8836,#8837,#8838);
#8836 = CARTESIAN_POINT('',(-4.125,1.08,0.195));
#8837 = DIRECTION('',(0.,-2.22044604925E-16,-1.));
#8838 = DIRECTION('',(0.,-1.,2.22044604925E-16));
#8839 = ADVANCED_FACE('',(#8840),#8851,.F.);
#8840 = FACE_BOUND('',#8841,.F.);
#8841 = EDGE_LOOP('',(#8842,#8843,#8844,#8845));
#8842 = ORIENTED_EDGE('',*,*,#8258,.F.);
#8843 = ORIENTED_EDGE('',*,*,#5885,.T.);
#8844 = ORIENTED_EDGE('',*,*,#8345,.T.);
#8845 = ORIENTED_EDGE('',*,*,#8846,.F.);
#8846 = EDGE_CURVE('',#8259,#8346,#8847,.T.);
#8847 = LINE('',#8848,#8849);
#8848 = CARTESIAN_POINT('',(-0.725,2.4754,0.));
#8849 = VECTOR('',#8850,1.);
#8850 = DIRECTION('',(1.,0.,0.));
#8851 = PLANE('',#8852);
#8852 = AXIS2_PLACEMENT_3D('',#8853,#8854,#8855);
#8853 = CARTESIAN_POINT('',(-0.725,0.7054,-4.000000000001E-04));
#8854 = DIRECTION('',(0.,-2.259886947942E-04,0.999999974465));
#8855 = DIRECTION('',(0.,0.999999974465,2.259886947942E-04));
#8856 = ADVANCED_FACE('',(#8857),#8863,.T.);
#8857 = FACE_BOUND('',#8858,.T.);
#8858 = EDGE_LOOP('',(#8859,#8860,#8861,#8862));
#8859 = ORIENTED_EDGE('',*,*,#8219,.F.);
#8860 = ORIENTED_EDGE('',*,*,#8244,.T.);
#8861 = ORIENTED_EDGE('',*,*,#8306,.T.);
#8862 = ORIENTED_EDGE('',*,*,#5869,.F.);
#8863 = PLANE('',#8864);
#8864 = AXIS2_PLACEMENT_3D('',#8865,#8866,#8867);
#8865 = CARTESIAN_POINT('',(-4.125,1.08,0.195));
#8866 = DIRECTION('',(0.,-2.22044604925E-16,-1.));
#8867 = DIRECTION('',(0.,-1.,2.22044604925E-16));
#8868 = ADVANCED_FACE('',(#8869),#8880,.F.);
#8869 = FACE_BOUND('',#8870,.F.);
#8870 = EDGE_LOOP('',(#8871,#8872,#8873,#8874));
#8871 = ORIENTED_EDGE('',*,*,#8089,.F.);
#8872 = ORIENTED_EDGE('',*,*,#5853,.T.);
#8873 = ORIENTED_EDGE('',*,*,#8171,.T.);
#8874 = ORIENTED_EDGE('',*,*,#8875,.F.);
#8875 = EDGE_CURVE('',#8090,#8172,#8876,.T.);
#8876 = LINE('',#8877,#8878);
#8877 = CARTESIAN_POINT('',(-1.975,2.4754,0.));
#8878 = VECTOR('',#8879,1.);
#8879 = DIRECTION('',(1.,0.,0.));
#8880 = PLANE('',#8881);
#8881 = AXIS2_PLACEMENT_3D('',#8882,#8883,#8884);
#8882 = CARTESIAN_POINT('',(-1.975,0.7054,-4.000000000001E-04));
#8883 = DIRECTION('',(0.,-2.259886947942E-04,0.999999974465));
#8884 = DIRECTION('',(0.,0.999999974465,2.259886947942E-04));
#8885 = ADVANCED_FACE('',(#8886),#8897,.F.);
#8886 = FACE_BOUND('',#8887,.F.);
#8887 = EDGE_LOOP('',(#8888,#8889,#8895,#8896));
#8888 = ORIENTED_EDGE('',*,*,#6428,.T.);
#8889 = ORIENTED_EDGE('',*,*,#8890,.T.);
#8890 = EDGE_CURVE('',#6421,#6047,#8891,.T.);
#8891 = LINE('',#8892,#8893);
#8892 = CARTESIAN_POINT('',(3.625,-1.82,0.595));
#8893 = VECTOR('',#8894,1.);
#8894 = DIRECTION('',(1.,0.,0.));
#8895 = ORIENTED_EDGE('',*,*,#6054,.T.);
#8896 = ORIENTED_EDGE('',*,*,#6086,.F.);
#8897 = PLANE('',#8898);
#8898 = AXIS2_PLACEMENT_3D('',#8899,#8900,#8901);
#8899 = CARTESIAN_POINT('',(3.625,-1.82,0.595));
#8900 = DIRECTION('',(0.,2.22044604925E-16,1.));
#8901 = DIRECTION('',(0.,1.,-2.22044604925E-16));
#8902 = ADVANCED_FACE('',(#8903),#8932,.F.);
#8903 = FACE_BOUND('',#8904,.F.);
#8904 = EDGE_LOOP('',(#8905,#8906,#8907,#8908,#8909,#8910,#8918,#8926));
#8905 = ORIENTED_EDGE('',*,*,#6388,.T.);
#8906 = ORIENTED_EDGE('',*,*,#6348,.T.);
#8907 = ORIENTED_EDGE('',*,*,#6046,.T.);
#8908 = ORIENTED_EDGE('',*,*,#8890,.F.);
#8909 = ORIENTED_EDGE('',*,*,#6420,.T.);
#8910 = ORIENTED_EDGE('',*,*,#8911,.F.);
#8911 = EDGE_CURVE('',#8912,#6413,#8914,.T.);
#8912 = VERTEX_POINT('',#8913);
#8913 = CARTESIAN_POINT('',(3.625,-1.82,0.8));
#8914 = LINE('',#8915,#8916);
#8915 = CARTESIAN_POINT('',(3.625,-1.82,0.8));
#8916 = VECTOR('',#8917,1.);
#8917 = DIRECTION('',(1.,0.,0.));
#8918 = ORIENTED_EDGE('',*,*,#8919,.F.);
#8919 = EDGE_CURVE('',#8920,#8912,#8922,.T.);
#8920 = VERTEX_POINT('',#8921);
#8921 = CARTESIAN_POINT('',(3.625,-1.82,1.51));
#8922 = LINE('',#8923,#8924);
#8923 = CARTESIAN_POINT('',(3.625,-1.82,1.945));
#8924 = VECTOR('',#8925,1.);
#8925 = DIRECTION('',(0.,-2.22044604925E-16,-1.));
#8926 = ORIENTED_EDGE('',*,*,#8927,.F.);
#8927 = EDGE_CURVE('',#6389,#8920,#8928,.T.);
#8928 = LINE('',#8929,#8930);
#8929 = CARTESIAN_POINT('',(3.625,-1.82,1.51));
#8930 = VECTOR('',#8931,1.);
#8931 = DIRECTION('',(-1.,0.,0.));
#8932 = PLANE('',#8933);
#8933 = AXIS2_PLACEMENT_3D('',#8934,#8935,#8936);
#8934 = CARTESIAN_POINT('',(3.625,-1.82,1.945));
#8935 = DIRECTION('',(0.,1.,-2.22044604925E-16));
#8936 = DIRECTION('',(0.,-2.22044604925E-16,-1.));
#8937 = ADVANCED_FACE('',(#8938),#8949,.F.);
#8938 = FACE_BOUND('',#8939,.F.);
#8939 = EDGE_LOOP('',(#8940,#8946,#8947,#8948));
#8940 = ORIENTED_EDGE('',*,*,#8941,.T.);
#8941 = EDGE_CURVE('',#8011,#6015,#8942,.T.);
#8942 = LINE('',#8943,#8944);
#8943 = CARTESIAN_POINT('',(3.625,0.98,3.595));
#8944 = VECTOR('',#8945,1.);
#8945 = DIRECTION('',(1.,0.,0.));
#8946 = ORIENTED_EDGE('',*,*,#6022,.T.);
#8947 = ORIENTED_EDGE('',*,*,#8041,.F.);
#8948 = ORIENTED_EDGE('',*,*,#8018,.F.);
#8949 = PLANE('',#8950);
#8950 = AXIS2_PLACEMENT_3D('',#8951,#8952,#8953);
#8951 = CARTESIAN_POINT('',(3.625,0.98,3.595));
#8952 = DIRECTION('',(0.,-2.22044604925E-16,-1.));
#8953 = DIRECTION('',(0.,-1.,2.22044604925E-16));
#8954 = ADVANCED_FACE('',(#8955),#8961,.F.);
#8955 = FACE_BOUND('',#8956,.F.);
#8956 = EDGE_LOOP('',(#8957,#8958,#8959,#8960));
#8957 = ORIENTED_EDGE('',*,*,#8074,.T.);
#8958 = ORIENTED_EDGE('',*,*,#6014,.T.);
#8959 = ORIENTED_EDGE('',*,*,#8941,.F.);
#8960 = ORIENTED_EDGE('',*,*,#8010,.F.);
#8961 = PLANE('',#8962);
#8962 = AXIS2_PLACEMENT_3D('',#8963,#8964,#8965);
#8963 = CARTESIAN_POINT('',(3.625,0.98,1.995));
#8964 = DIRECTION('',(0.,-1.,2.22044604925E-16));
#8965 = DIRECTION('',(0.,2.22044604925E-16,1.));
#8966 = ADVANCED_FACE('',(#8967),#8978,.T.);
#8967 = FACE_BOUND('',#8968,.T.);
#8968 = EDGE_LOOP('',(#8969,#8970,#8971,#8972));
#8969 = ORIENTED_EDGE('',*,*,#6134,.F.);
#8970 = ORIENTED_EDGE('',*,*,#6102,.F.);
#8971 = ORIENTED_EDGE('',*,*,#6435,.T.);
#8972 = ORIENTED_EDGE('',*,*,#8973,.F.);
#8973 = EDGE_CURVE('',#6127,#6436,#8974,.T.);
#8974 = LINE('',#8975,#8976);
#8975 = CARTESIAN_POINT('',(3.625,-0.255,0.37));
#8976 = VECTOR('',#8977,1.);
#8977 = DIRECTION('',(1.,0.,0.));
#8978 = PLANE('',#8979);
#8979 = AXIS2_PLACEMENT_3D('',#8980,#8981,#8982);
#8980 = CARTESIAN_POINT('',(3.625,0.235,0.37));
#8981 = DIRECTION('',(0.,0.,-1.));
#8982 = DIRECTION('',(0.,-1.,0.));
#8983 = ADVANCED_FACE('',(#8984),#8995,.T.);
#8984 = FACE_BOUND('',#8985,.T.);
#8985 = EDGE_LOOP('',(#8986,#8987,#8988,#8994));
#8986 = ORIENTED_EDGE('',*,*,#8973,.T.);
#8987 = ORIENTED_EDGE('',*,*,#6443,.T.);
#8988 = ORIENTED_EDGE('',*,*,#8989,.F.);
#8989 = EDGE_CURVE('',#6119,#6363,#8990,.T.);
#8990 = LINE('',#8991,#8992);
#8991 = CARTESIAN_POINT('',(3.625,-0.255,-1.665334536938E-16));
#8992 = VECTOR('',#8993,1.);
#8993 = DIRECTION('',(1.,0.,0.));
#8994 = ORIENTED_EDGE('',*,*,#6126,.F.);
#8995 = PLANE('',#8996);
#8996 = AXIS2_PLACEMENT_3D('',#8997,#8998,#8999);
#8997 = CARTESIAN_POINT('',(3.625,-0.255,0.37));
#8998 = DIRECTION('',(0.,1.,0.));
#8999 = DIRECTION('',(0.,0.,-1.));
#9000 = ADVANCED_FACE('',(#9001),#9013,.T.);
#9001 = FACE_BOUND('',#9002,.T.);
#9002 = EDGE_LOOP('',(#9003,#9004,#9005,#9011,#9012));
#9003 = ORIENTED_EDGE('',*,*,#8989,.T.);
#9004 = ORIENTED_EDGE('',*,*,#6362,.T.);
#9005 = ORIENTED_EDGE('',*,*,#9006,.F.);
#9006 = EDGE_CURVE('',#6482,#6365,#9007,.T.);
#9007 = LINE('',#9008,#9009);
#9008 = CARTESIAN_POINT('',(3.625,-2.475,0.));
#9009 = VECTOR('',#9010,1.);
#9010 = DIRECTION('',(1.,0.,0.));
#9011 = ORIENTED_EDGE('',*,*,#6481,.F.);
#9012 = ORIENTED_EDGE('',*,*,#6118,.F.);
#9013 = PLANE('',#9014);
#9014 = AXIS2_PLACEMENT_3D('',#9015,#9016,#9017);
#9015 = CARTESIAN_POINT('',(3.625,-0.255,-1.665334536938E-16));
#9016 = DIRECTION('',(0.,-7.501506923143E-17,-1.));
#9017 = DIRECTION('',(0.,-1.,7.501506923143E-17));
#9018 = ADVANCED_FACE('',(#9019),#9030,.T.);
#9019 = FACE_BOUND('',#9020,.T.);
#9020 = EDGE_LOOP('',(#9021,#9022,#9023,#9029));
#9021 = ORIENTED_EDGE('',*,*,#6192,.T.);
#9022 = ORIENTED_EDGE('',*,*,#6159,.T.);
#9023 = ORIENTED_EDGE('',*,*,#9024,.F.);
#9024 = EDGE_CURVE('',#6207,#6152,#9025,.T.);
#9025 = LINE('',#9026,#9027);
#9026 = CARTESIAN_POINT('',(-3.825,-0.255,-1.665334536938E-16));
#9027 = VECTOR('',#9028,1.);
#9028 = DIRECTION('',(1.,0.,0.));
#9029 = ORIENTED_EDGE('',*,*,#6259,.F.);
#9030 = PLANE('',#9031);
#9031 = AXIS2_PLACEMENT_3D('',#9032,#9033,#9034);
#9032 = CARTESIAN_POINT('',(-3.825,-0.255,0.37));
#9033 = DIRECTION('',(0.,1.,0.));
#9034 = DIRECTION('',(0.,0.,-1.));
#9035 = ADVANCED_FACE('',(#9036),#9048,.T.);
#9036 = FACE_BOUND('',#9037,.T.);
#9037 = EDGE_LOOP('',(#9038,#9039,#9040,#9041,#9047));
#9038 = ORIENTED_EDGE('',*,*,#9024,.T.);
#9039 = ORIENTED_EDGE('',*,*,#6151,.T.);
#9040 = ORIENTED_EDGE('',*,*,#6506,.T.);
#9041 = ORIENTED_EDGE('',*,*,#9042,.F.);
#9042 = EDGE_CURVE('',#6209,#6507,#9043,.T.);
#9043 = LINE('',#9044,#9045);
#9044 = CARTESIAN_POINT('',(-3.825,-2.475,0.));
#9045 = VECTOR('',#9046,1.);
#9046 = DIRECTION('',(1.,0.,0.));
#9047 = ORIENTED_EDGE('',*,*,#6206,.F.);
#9048 = PLANE('',#9049);
#9049 = AXIS2_PLACEMENT_3D('',#9050,#9051,#9052);
#9050 = CARTESIAN_POINT('',(-3.825,-0.255,-1.665334536938E-16));
#9051 = DIRECTION('',(0.,-7.501506923143E-17,-1.));
#9052 = DIRECTION('',(0.,-1.,7.501506923143E-17));
#9053 = ADVANCED_FACE('',(#9054),#9060,.T.);
#9054 = FACE_BOUND('',#9055,.T.);
#9055 = EDGE_LOOP('',(#9056,#9057,#9058,#9059));
#9056 = ORIENTED_EDGE('',*,*,#6324,.T.);
#9057 = ORIENTED_EDGE('',*,*,#6307,.T.);
#9058 = ORIENTED_EDGE('',*,*,#6274,.F.);
#9059 = ORIENTED_EDGE('',*,*,#6241,.F.);
#9060 = PLANE('',#9061);
#9061 = AXIS2_PLACEMENT_3D('',#9062,#9063,#9064);
#9062 = CARTESIAN_POINT('',(-3.825,-1.825,1.51));
#9063 = DIRECTION('',(0.,1.,0.));
#9064 = DIRECTION('',(0.,0.,-1.));
#9065 = ADVANCED_FACE('',(#9066),#9072,.T.);
#9066 = FACE_BOUND('',#9067,.T.);
#9067 = EDGE_LOOP('',(#9068,#9069,#9070,#9071));
#9068 = ORIENTED_EDGE('',*,*,#9042,.T.);
#9069 = ORIENTED_EDGE('',*,*,#6514,.T.);
#9070 = ORIENTED_EDGE('',*,*,#6539,.F.);
#9071 = ORIENTED_EDGE('',*,*,#6216,.F.);
#9072 = PLANE('',#9073);
#9073 = AXIS2_PLACEMENT_3D('',#9074,#9075,#9076);
#9074 = CARTESIAN_POINT('',(-3.825,-2.475,0.));
#9075 = DIRECTION('',(0.,-1.,0.));
#9076 = DIRECTION('',(0.,0.,1.));
#9077 = ADVANCED_FACE('',(#9078),#9096,.T.);
#9078 = FACE_BOUND('',#9079,.T.);
#9079 = EDGE_LOOP('',(#9080,#9088,#9094,#9095));
#9080 = ORIENTED_EDGE('',*,*,#9081,.F.);
#9081 = EDGE_CURVE('',#9082,#8912,#9084,.T.);
#9082 = VERTEX_POINT('',#9083);
#9083 = CARTESIAN_POINT('',(3.625,-1.825,0.8));
#9084 = LINE('',#9085,#9086);
#9085 = CARTESIAN_POINT('',(3.625,-1.825,0.8));
#9086 = VECTOR('',#9087,1.);
#9087 = DIRECTION('',(0.,1.,0.));
#9088 = ORIENTED_EDGE('',*,*,#9089,.T.);
#9089 = EDGE_CURVE('',#9082,#6405,#9090,.T.);
#9090 = LINE('',#9091,#9092);
#9091 = CARTESIAN_POINT('',(3.625,-1.825,0.8));
#9092 = VECTOR('',#9093,1.);
#9093 = DIRECTION('',(1.,0.,0.));
#9094 = ORIENTED_EDGE('',*,*,#6412,.T.);
#9095 = ORIENTED_EDGE('',*,*,#8911,.F.);
#9096 = PLANE('',#9097);
#9097 = AXIS2_PLACEMENT_3D('',#9098,#9099,#9100);
#9098 = CARTESIAN_POINT('',(3.625,-1.825,0.8));
#9099 = DIRECTION('',(0.,0.,1.));
#9100 = DIRECTION('',(0.,1.,0.));
#9101 = ADVANCED_FACE('',(#9102),#9120,.T.);
#9102 = FACE_BOUND('',#9103,.T.);
#9103 = EDGE_LOOP('',(#9104,#9112,#9113,#9114));
#9104 = ORIENTED_EDGE('',*,*,#9105,.T.);
#9105 = EDGE_CURVE('',#9106,#6397,#9108,.T.);
#9106 = VERTEX_POINT('',#9107);
#9107 = CARTESIAN_POINT('',(3.625,-1.825,1.51));
#9108 = LINE('',#9109,#9110);
#9109 = CARTESIAN_POINT('',(3.625,-1.825,1.51));
#9110 = VECTOR('',#9111,1.);
#9111 = DIRECTION('',(1.,0.,0.));
#9112 = ORIENTED_EDGE('',*,*,#6404,.T.);
#9113 = ORIENTED_EDGE('',*,*,#9089,.F.);
#9114 = ORIENTED_EDGE('',*,*,#9115,.F.);
#9115 = EDGE_CURVE('',#9106,#9082,#9116,.T.);
#9116 = LINE('',#9117,#9118);
#9117 = CARTESIAN_POINT('',(3.625,-1.825,1.51));
#9118 = VECTOR('',#9119,1.);
#9119 = DIRECTION('',(0.,0.,-1.));
#9120 = PLANE('',#9121);
#9121 = AXIS2_PLACEMENT_3D('',#9122,#9123,#9124);
#9122 = CARTESIAN_POINT('',(3.625,-1.825,1.51));
#9123 = DIRECTION('',(0.,1.,0.));
#9124 = DIRECTION('',(0.,0.,-1.));
#9125 = ADVANCED_FACE('',(#9126),#9137,.T.);
#9126 = FACE_BOUND('',#9127,.T.);
#9127 = EDGE_LOOP('',(#9128,#9134,#9135,#9136));
#9128 = ORIENTED_EDGE('',*,*,#9129,.F.);
#9129 = EDGE_CURVE('',#8920,#9106,#9130,.T.);
#9130 = LINE('',#9131,#9132);
#9131 = CARTESIAN_POINT('',(3.625,-0.275,1.51));
#9132 = VECTOR('',#9133,1.);
#9133 = DIRECTION('',(0.,-1.,0.));
#9134 = ORIENTED_EDGE('',*,*,#8927,.F.);
#9135 = ORIENTED_EDGE('',*,*,#6396,.T.);
#9136 = ORIENTED_EDGE('',*,*,#9105,.F.);
#9137 = PLANE('',#9138);
#9138 = AXIS2_PLACEMENT_3D('',#9139,#9140,#9141);
#9139 = CARTESIAN_POINT('',(3.625,-0.275,1.51));
#9140 = DIRECTION('',(0.,0.,-1.));
#9141 = DIRECTION('',(0.,-1.,0.));
#9142 = ADVANCED_FACE('',(#9143),#9149,.T.);
#9143 = FACE_BOUND('',#9144,.T.);
#9144 = EDGE_LOOP('',(#9145,#9146,#9147,#9148));
#9145 = ORIENTED_EDGE('',*,*,#9006,.T.);
#9146 = ORIENTED_EDGE('',*,*,#6372,.T.);
#9147 = ORIENTED_EDGE('',*,*,#6465,.F.);
#9148 = ORIENTED_EDGE('',*,*,#6489,.F.);
#9149 = PLANE('',#9150);
#9150 = AXIS2_PLACEMENT_3D('',#9151,#9152,#9153);
#9151 = CARTESIAN_POINT('',(3.625,-2.475,0.));
#9152 = DIRECTION('',(0.,-1.,0.));
#9153 = DIRECTION('',(0.,0.,1.));
#9154 = ADVANCED_FACE('',(#9155),#9172,.F.);
#9155 = FACE_BOUND('',#9156,.F.);
#9156 = EDGE_LOOP('',(#9157,#9165,#9171));
#9157 = ORIENTED_EDGE('',*,*,#9158,.T.);
#9158 = EDGE_CURVE('',#6608,#9159,#9161,.T.);
#9159 = VERTEX_POINT('',#9160);
#9160 = CARTESIAN_POINT('',(-1.225,-0.67,2.84));
#9161 = LINE('',#9162,#9163);
#9162 = CARTESIAN_POINT('',(-1.225,-0.67,2.44));
#9163 = VECTOR('',#9164,1.);
#9164 = DIRECTION('',(0.,2.22044604925E-16,1.));
#9165 = ORIENTED_EDGE('',*,*,#9166,.T.);
#9166 = EDGE_CURVE('',#9159,#6606,#9167,.T.);
#9167 = LINE('',#9168,#9169);
#9168 = CARTESIAN_POINT('',(-1.225,-0.67,2.84));
#9169 = VECTOR('',#9170,1.);
#9170 = DIRECTION('',(0.,-0.928476690885,-0.371390676354));
#9171 = ORIENTED_EDGE('',*,*,#6605,.T.);
#9172 = PLANE('',#9173);
#9173 = AXIS2_PLACEMENT_3D('',#9174,#9175,#9176);
#9174 = CARTESIAN_POINT('',(-1.225,-1.089258240357,2.559258240357));
#9175 = DIRECTION('',(1.,0.,0.));
#9176 = DIRECTION('',(0.,-1.,2.22044604925E-16));
#9177 = ADVANCED_FACE('',(#9178),#9196,.F.);
#9178 = FACE_BOUND('',#9179,.F.);
#9179 = EDGE_LOOP('',(#9180,#9188,#9194,#9195));
#9180 = ORIENTED_EDGE('',*,*,#9181,.T.);
#9181 = EDGE_CURVE('',#9159,#9182,#9184,.T.);
#9182 = VERTEX_POINT('',#9183);
#9183 = CARTESIAN_POINT('',(1.225,-0.67,2.84));
#9184 = LINE('',#9185,#9186);
#9185 = CARTESIAN_POINT('',(-1.225,-0.67,2.84));
#9186 = VECTOR('',#9187,1.);
#9187 = DIRECTION('',(1.,0.,0.));
#9188 = ORIENTED_EDGE('',*,*,#9189,.T.);
#9189 = EDGE_CURVE('',#9182,#6624,#9190,.T.);
#9190 = LINE('',#9191,#9192);
#9191 = CARTESIAN_POINT('',(1.225,-0.67,2.84));
#9192 = VECTOR('',#9193,1.);
#9193 = DIRECTION('',(0.,-0.928476690885,-0.371390676354));
#9194 = ORIENTED_EDGE('',*,*,#6631,.F.);
#9195 = ORIENTED_EDGE('',*,*,#9166,.F.);
#9196 = PLANE('',#9197);
#9197 = AXIS2_PLACEMENT_3D('',#9198,#9199,#9200);
#9198 = CARTESIAN_POINT('',(-1.225,-0.67,2.84));
#9199 = DIRECTION('',(0.,0.371390676354,-0.928476690885));
#9200 = DIRECTION('',(0.,-0.928476690885,-0.371390676354));
#9201 = ADVANCED_FACE('',(#9202),#9212,.T.);
#9202 = FACE_BOUND('',#9203,.T.);
#9203 = EDGE_LOOP('',(#9204,#9210,#9211));
#9204 = ORIENTED_EDGE('',*,*,#9205,.T.);
#9205 = EDGE_CURVE('',#6616,#9182,#9206,.T.);
#9206 = LINE('',#9207,#9208);
#9207 = CARTESIAN_POINT('',(1.225,-0.67,2.44));
#9208 = VECTOR('',#9209,1.);
#9209 = DIRECTION('',(0.,2.22044604925E-16,1.));
#9210 = ORIENTED_EDGE('',*,*,#9189,.T.);
#9211 = ORIENTED_EDGE('',*,*,#6623,.T.);
#9212 = PLANE('',#9213);
#9213 = AXIS2_PLACEMENT_3D('',#9214,#9215,#9216);
#9214 = CARTESIAN_POINT('',(1.225,-1.089258240357,2.559258240357));
#9215 = DIRECTION('',(1.,0.,0.));
#9216 = DIRECTION('',(0.,-1.,2.22044604925E-16));
#9217 = ADVANCED_FACE('',(#9218),#9224,.F.);
#9218 = FACE_BOUND('',#9219,.F.);
#9219 = EDGE_LOOP('',(#9220,#9221,#9222,#9223));
#9220 = ORIENTED_EDGE('',*,*,#6615,.T.);
#9221 = ORIENTED_EDGE('',*,*,#9205,.T.);
#9222 = ORIENTED_EDGE('',*,*,#9181,.F.);
#9223 = ORIENTED_EDGE('',*,*,#9158,.F.);
#9224 = PLANE('',#9225);
#9225 = AXIS2_PLACEMENT_3D('',#9226,#9227,#9228);
#9226 = CARTESIAN_POINT('',(-1.225,-0.67,2.44));
#9227 = DIRECTION('',(0.,-1.,2.22044604925E-16));
#9228 = DIRECTION('',(0.,2.22044604925E-16,1.));
#9229 = ADVANCED_FACE('',(#9230,#9348,#9382,#9416,#9450),#9484,.T.);
#9230 = FACE_BOUND('',#9231,.T.);
#9231 = EDGE_LOOP('',(#9232,#9233,#9234,#9235,#9236,#9237,#9238,#9239,
    #9247,#9255,#9261,#9262,#9263,#9264,#9265,#9266,#9274,#9282,#9288,
    #9289,#9290,#9291,#9292,#9293,#9301,#9309,#9315,#9316,#9317,#9318,
    #9319,#9320,#9328,#9336,#9342,#9343,#9344,#9345,#9346,#9347));
#9232 = ORIENTED_EDGE('',*,*,#6696,.T.);
#9233 = ORIENTED_EDGE('',*,*,#6665,.T.);
#9234 = ORIENTED_EDGE('',*,*,#6713,.T.);
#9235 = ORIENTED_EDGE('',*,*,#6761,.T.);
#9236 = ORIENTED_EDGE('',*,*,#6809,.T.);
#9237 = ORIENTED_EDGE('',*,*,#6857,.T.);
#9238 = ORIENTED_EDGE('',*,*,#6905,.T.);
#9239 = ORIENTED_EDGE('',*,*,#9240,.F.);
#9240 = EDGE_CURVE('',#9241,#6906,#9243,.T.);
#9241 = VERTEX_POINT('',#9242);
#9242 = CARTESIAN_POINT('',(1.975,0.13,1.7396));
#9243 = LINE('',#9244,#9245);
#9244 = CARTESIAN_POINT('',(1.975,0.13,1.356093728921));
#9245 = VECTOR('',#9246,1.);
#9246 = DIRECTION('',(-2.809082092746E-18,2.22044604925E-16,1.));
#9247 = ORIENTED_EDGE('',*,*,#9248,.T.);
#9248 = EDGE_CURVE('',#9241,#9249,#9251,.T.);
#9249 = VERTEX_POINT('',#9250);
#9250 = CARTESIAN_POINT('',(1.775,0.13,1.7396));
#9251 = LINE('',#9252,#9253);
#9252 = CARTESIAN_POINT('',(0.8875,0.13,1.7396));
#9253 = VECTOR('',#9254,1.);
#9254 = DIRECTION('',(-1.,7.73633724206E-47,0.));
#9255 = ORIENTED_EDGE('',*,*,#9256,.T.);
#9256 = EDGE_CURVE('',#9249,#7162,#9257,.T.);
#9257 = LINE('',#9258,#9259);
#9258 = CARTESIAN_POINT('',(1.775,0.13,1.356093728921));
#9259 = VECTOR('',#9260,1.);
#9260 = DIRECTION('',(-2.809082092746E-18,2.22044604925E-16,1.));
#9261 = ORIENTED_EDGE('',*,*,#7169,.T.);
#9262 = ORIENTED_EDGE('',*,*,#7233,.T.);
#9263 = ORIENTED_EDGE('',*,*,#7289,.T.);
#9264 = ORIENTED_EDGE('',*,*,#7337,.T.);
#9265 = ORIENTED_EDGE('',*,*,#7385,.T.);
#9266 = ORIENTED_EDGE('',*,*,#9267,.F.);
#9267 = EDGE_CURVE('',#9268,#7386,#9270,.T.);
#9268 = VERTEX_POINT('',#9269);
#9269 = CARTESIAN_POINT('',(0.725,0.13,1.7396));
#9270 = LINE('',#9271,#9272);
#9271 = CARTESIAN_POINT('',(0.725,0.13,1.356093728921));
#9272 = VECTOR('',#9273,1.);
#9273 = DIRECTION('',(-2.809082092746E-18,2.22044604925E-16,1.));
#9274 = ORIENTED_EDGE('',*,*,#9275,.T.);
#9275 = EDGE_CURVE('',#9268,#9276,#9278,.T.);
#9276 = VERTEX_POINT('',#9277);
#9277 = CARTESIAN_POINT('',(0.525,0.13,1.7396));
#9278 = LINE('',#9279,#9280);
#9279 = CARTESIAN_POINT('',(0.2625,0.13,1.7396));
#9280 = VECTOR('',#9281,1.);
#9281 = DIRECTION('',(-1.,7.73633724206E-47,0.));
#9282 = ORIENTED_EDGE('',*,*,#9283,.T.);
#9283 = EDGE_CURVE('',#9276,#7642,#9284,.T.);
#9284 = LINE('',#9285,#9286);
#9285 = CARTESIAN_POINT('',(0.525,0.13,1.356093728921));
#9286 = VECTOR('',#9287,1.);
#9287 = DIRECTION('',(-2.809082092746E-18,2.22044604925E-16,1.));
#9288 = ORIENTED_EDGE('',*,*,#7649,.T.);
#9289 = ORIENTED_EDGE('',*,*,#7713,.T.);
#9290 = ORIENTED_EDGE('',*,*,#7769,.T.);
#9291 = ORIENTED_EDGE('',*,*,#7793,.T.);
#9292 = ORIENTED_EDGE('',*,*,#7744,.T.);
#9293 = ORIENTED_EDGE('',*,*,#9294,.F.);
#9294 = EDGE_CURVE('',#9295,#7745,#9297,.T.);
#9295 = VERTEX_POINT('',#9296);
#9296 = CARTESIAN_POINT('',(-0.525,0.13,1.7396));
#9297 = LINE('',#9298,#9299);
#9298 = CARTESIAN_POINT('',(-0.525,0.13,1.356093728921));
#9299 = VECTOR('',#9300,1.);
#9300 = DIRECTION('',(-2.809082092746E-18,2.22044604925E-16,1.));
#9301 = ORIENTED_EDGE('',*,*,#9302,.T.);
#9302 = EDGE_CURVE('',#9295,#9303,#9305,.T.);
#9303 = VERTEX_POINT('',#9304);
#9304 = CARTESIAN_POINT('',(-0.725,0.13,1.7396));
#9305 = LINE('',#9306,#9307);
#9306 = CARTESIAN_POINT('',(-0.3625,0.13,1.7396));
#9307 = VECTOR('',#9308,1.);
#9308 = DIRECTION('',(-1.,7.73633724206E-47,0.));
#9309 = ORIENTED_EDGE('',*,*,#9310,.T.);
#9310 = EDGE_CURVE('',#9303,#7489,#9311,.T.);
#9311 = LINE('',#9312,#9313);
#9312 = CARTESIAN_POINT('',(-0.725,0.13,1.356093728921));
#9313 = VECTOR('',#9314,1.);
#9314 = DIRECTION('',(-2.809082092746E-18,2.22044604925E-16,1.));
#9315 = ORIENTED_EDGE('',*,*,#7496,.T.);
#9316 = ORIENTED_EDGE('',*,*,#7424,.T.);
#9317 = ORIENTED_EDGE('',*,*,#7368,.T.);
#9318 = ORIENTED_EDGE('',*,*,#7320,.T.);
#9319 = ORIENTED_EDGE('',*,*,#7264,.T.);
#9320 = ORIENTED_EDGE('',*,*,#9321,.F.);
#9321 = EDGE_CURVE('',#9322,#7265,#9324,.T.);
#9322 = VERTEX_POINT('',#9323);
#9323 = CARTESIAN_POINT('',(-1.775,0.13,1.7396));
#9324 = LINE('',#9325,#9326);
#9325 = CARTESIAN_POINT('',(-1.775,0.13,1.356093728921));
#9326 = VECTOR('',#9327,1.);
#9327 = DIRECTION('',(-2.809082092746E-18,2.22044604925E-16,1.));
#9328 = ORIENTED_EDGE('',*,*,#9329,.T.);
#9329 = EDGE_CURVE('',#9322,#9330,#9332,.T.);
#9330 = VERTEX_POINT('',#9331);
#9331 = CARTESIAN_POINT('',(-1.975,0.13,1.7396));
#9332 = LINE('',#9333,#9334);
#9333 = CARTESIAN_POINT('',(-0.9875,0.13,1.7396));
#9334 = VECTOR('',#9335,1.);
#9335 = DIRECTION('',(-1.,7.73633724206E-47,0.));
#9336 = ORIENTED_EDGE('',*,*,#9337,.T.);
#9337 = EDGE_CURVE('',#9330,#7009,#9338,.T.);
#9338 = LINE('',#9339,#9340);
#9339 = CARTESIAN_POINT('',(-1.975,0.13,1.356093728921));
#9340 = VECTOR('',#9341,1.);
#9341 = DIRECTION('',(-2.809082092746E-18,2.22044604925E-16,1.));
#9342 = ORIENTED_EDGE('',*,*,#7016,.T.);
#9343 = ORIENTED_EDGE('',*,*,#6944,.T.);
#9344 = ORIENTED_EDGE('',*,*,#6888,.T.);
#9345 = ORIENTED_EDGE('',*,*,#6840,.T.);
#9346 = ORIENTED_EDGE('',*,*,#6792,.T.);
#9347 = ORIENTED_EDGE('',*,*,#6744,.T.);
#9348 = FACE_BOUND('',#9349,.T.);
#9349 = EDGE_LOOP('',(#9350,#9360,#9368,#9376));
#9350 = ORIENTED_EDGE('',*,*,#9351,.T.);
#9351 = EDGE_CURVE('',#9352,#9354,#9356,.T.);
#9352 = VERTEX_POINT('',#9353);
#9353 = CARTESIAN_POINT('',(1.775,0.13,0.6696));
#9354 = VERTEX_POINT('',#9355);
#9355 = CARTESIAN_POINT('',(1.775,0.13,0.9996));
#9356 = LINE('',#9357,#9358);
#9357 = CARTESIAN_POINT('',(1.775,0.13,1.356093728921));
#9358 = VECTOR('',#9359,1.);
#9359 = DIRECTION('',(-2.809082092746E-18,2.22044604925E-16,1.));
#9360 = ORIENTED_EDGE('',*,*,#9361,.T.);
#9361 = EDGE_CURVE('',#9354,#9362,#9364,.T.);
#9362 = VERTEX_POINT('',#9363);
#9363 = CARTESIAN_POINT('',(1.975,0.13,0.9996));
#9364 = LINE('',#9365,#9366);
#9365 = CARTESIAN_POINT('',(0.8875,0.13,0.9996));
#9366 = VECTOR('',#9367,1.);
#9367 = DIRECTION('',(1.,-7.73633724206E-47,0.));
#9368 = ORIENTED_EDGE('',*,*,#9369,.F.);
#9369 = EDGE_CURVE('',#9370,#9362,#9372,.T.);
#9370 = VERTEX_POINT('',#9371);
#9371 = CARTESIAN_POINT('',(1.975,0.13,0.6696));
#9372 = LINE('',#9373,#9374);
#9373 = CARTESIAN_POINT('',(1.975,0.13,1.356093728921));
#9374 = VECTOR('',#9375,1.);
#9375 = DIRECTION('',(-2.809082092746E-18,2.22044604925E-16,1.));
#9376 = ORIENTED_EDGE('',*,*,#9377,.T.);
#9377 = EDGE_CURVE('',#9370,#9352,#9378,.T.);
#9378 = LINE('',#9379,#9380);
#9379 = CARTESIAN_POINT('',(0.8875,0.13,0.6696));
#9380 = VECTOR('',#9381,1.);
#9381 = DIRECTION('',(-1.,7.73633724206E-47,0.));
#9382 = FACE_BOUND('',#9383,.T.);
#9383 = EDGE_LOOP('',(#9384,#9394,#9402,#9410));
#9384 = ORIENTED_EDGE('',*,*,#9385,.T.);
#9385 = EDGE_CURVE('',#9386,#9388,#9390,.T.);
#9386 = VERTEX_POINT('',#9387);
#9387 = CARTESIAN_POINT('',(0.525,0.13,0.6696));
#9388 = VERTEX_POINT('',#9389);
#9389 = CARTESIAN_POINT('',(0.525,0.13,0.9996));
#9390 = LINE('',#9391,#9392);
#9391 = CARTESIAN_POINT('',(0.525,0.13,1.356093728921));
#9392 = VECTOR('',#9393,1.);
#9393 = DIRECTION('',(-2.809082092746E-18,2.22044604925E-16,1.));
#9394 = ORIENTED_EDGE('',*,*,#9395,.T.);
#9395 = EDGE_CURVE('',#9388,#9396,#9398,.T.);
#9396 = VERTEX_POINT('',#9397);
#9397 = CARTESIAN_POINT('',(0.725,0.13,0.9996));
#9398 = LINE('',#9399,#9400);
#9399 = CARTESIAN_POINT('',(0.2625,0.13,0.9996));
#9400 = VECTOR('',#9401,1.);
#9401 = DIRECTION('',(1.,-7.73633724206E-47,0.));
#9402 = ORIENTED_EDGE('',*,*,#9403,.F.);
#9403 = EDGE_CURVE('',#9404,#9396,#9406,.T.);
#9404 = VERTEX_POINT('',#9405);
#9405 = CARTESIAN_POINT('',(0.725,0.13,0.6696));
#9406 = LINE('',#9407,#9408);
#9407 = CARTESIAN_POINT('',(0.725,0.13,1.356093728921));
#9408 = VECTOR('',#9409,1.);
#9409 = DIRECTION('',(-2.809082092746E-18,2.22044604925E-16,1.));
#9410 = ORIENTED_EDGE('',*,*,#9411,.T.);
#9411 = EDGE_CURVE('',#9404,#9386,#9412,.T.);
#9412 = LINE('',#9413,#9414);
#9413 = CARTESIAN_POINT('',(0.2625,0.13,0.6696));
#9414 = VECTOR('',#9415,1.);
#9415 = DIRECTION('',(-1.,7.73633724206E-47,0.));
#9416 = FACE_BOUND('',#9417,.T.);
#9417 = EDGE_LOOP('',(#9418,#9428,#9436,#9444));
#9418 = ORIENTED_EDGE('',*,*,#9419,.T.);
#9419 = EDGE_CURVE('',#9420,#9422,#9424,.T.);
#9420 = VERTEX_POINT('',#9421);
#9421 = CARTESIAN_POINT('',(-0.725,0.13,0.6696));
#9422 = VERTEX_POINT('',#9423);
#9423 = CARTESIAN_POINT('',(-0.725,0.13,0.9996));
#9424 = LINE('',#9425,#9426);
#9425 = CARTESIAN_POINT('',(-0.725,0.13,1.356093728921));
#9426 = VECTOR('',#9427,1.);
#9427 = DIRECTION('',(-2.809082092746E-18,2.22044604925E-16,1.));
#9428 = ORIENTED_EDGE('',*,*,#9429,.T.);
#9429 = EDGE_CURVE('',#9422,#9430,#9432,.T.);
#9430 = VERTEX_POINT('',#9431);
#9431 = CARTESIAN_POINT('',(-0.525,0.13,0.9996));
#9432 = LINE('',#9433,#9434);
#9433 = CARTESIAN_POINT('',(-0.3625,0.13,0.9996));
#9434 = VECTOR('',#9435,1.);
#9435 = DIRECTION('',(1.,-7.73633724206E-47,0.));
#9436 = ORIENTED_EDGE('',*,*,#9437,.F.);
#9437 = EDGE_CURVE('',#9438,#9430,#9440,.T.);
#9438 = VERTEX_POINT('',#9439);
#9439 = CARTESIAN_POINT('',(-0.525,0.13,0.6696));
#9440 = LINE('',#9441,#9442);
#9441 = CARTESIAN_POINT('',(-0.525,0.13,1.356093728921));
#9442 = VECTOR('',#9443,1.);
#9443 = DIRECTION('',(-2.809082092746E-18,2.22044604925E-16,1.));
#9444 = ORIENTED_EDGE('',*,*,#9445,.T.);
#9445 = EDGE_CURVE('',#9438,#9420,#9446,.T.);
#9446 = LINE('',#9447,#9448);
#9447 = CARTESIAN_POINT('',(-0.3625,0.13,0.6696));
#9448 = VECTOR('',#9449,1.);
#9449 = DIRECTION('',(-1.,7.73633724206E-47,0.));
#9450 = FACE_BOUND('',#9451,.T.);
#9451 = EDGE_LOOP('',(#9452,#9462,#9470,#9478));
#9452 = ORIENTED_EDGE('',*,*,#9453,.T.);
#9453 = EDGE_CURVE('',#9454,#9456,#9458,.T.);
#9454 = VERTEX_POINT('',#9455);
#9455 = CARTESIAN_POINT('',(-1.775,0.13,0.6696));
#9456 = VERTEX_POINT('',#9457);
#9457 = CARTESIAN_POINT('',(-1.975,0.13,0.6696));
#9458 = LINE('',#9459,#9460);
#9459 = CARTESIAN_POINT('',(-0.9875,0.13,0.6696));
#9460 = VECTOR('',#9461,1.);
#9461 = DIRECTION('',(-1.,7.73633724206E-47,0.));
#9462 = ORIENTED_EDGE('',*,*,#9463,.T.);
#9463 = EDGE_CURVE('',#9456,#9464,#9466,.T.);
#9464 = VERTEX_POINT('',#9465);
#9465 = CARTESIAN_POINT('',(-1.975,0.13,0.9996));
#9466 = LINE('',#9467,#9468);
#9467 = CARTESIAN_POINT('',(-1.975,0.13,1.356093728921));
#9468 = VECTOR('',#9469,1.);
#9469 = DIRECTION('',(-2.809082092746E-18,2.22044604925E-16,1.));
#9470 = ORIENTED_EDGE('',*,*,#9471,.T.);
#9471 = EDGE_CURVE('',#9464,#9472,#9474,.T.);
#9472 = VERTEX_POINT('',#9473);
#9473 = CARTESIAN_POINT('',(-1.775,0.13,0.9996));
#9474 = LINE('',#9475,#9476);
#9475 = CARTESIAN_POINT('',(-0.9875,0.13,0.9996));
#9476 = VECTOR('',#9477,1.);
#9477 = DIRECTION('',(1.,-7.73633724206E-47,0.));
#9478 = ORIENTED_EDGE('',*,*,#9479,.F.);
#9479 = EDGE_CURVE('',#9454,#9472,#9480,.T.);
#9480 = LINE('',#9481,#9482);
#9481 = CARTESIAN_POINT('',(-1.775,0.13,1.356093728921));
#9482 = VECTOR('',#9483,1.);
#9483 = DIRECTION('',(-2.809082092746E-18,2.22044604925E-16,1.));
#9484 = PLANE('',#9485);
#9485 = AXIS2_PLACEMENT_3D('',#9486,#9487,#9488);
#9486 = CARTESIAN_POINT('',(0.,0.13,1.584903846154));
#9487 = DIRECTION('',(-7.73633724206E-47,-1.,2.22044604925E-16));
#9488 = DIRECTION('',(0.,2.22044604925E-16,1.));
#9489 = ADVANCED_FACE('',(#9490),#9516,.T.);
#9490 = FACE_BOUND('',#9491,.T.);
#9491 = EDGE_LOOP('',(#9492,#9493,#9494,#9502,#9510));
#9492 = ORIENTED_EDGE('',*,*,#9240,.T.);
#9493 = ORIENTED_EDGE('',*,*,#6913,.F.);
#9494 = ORIENTED_EDGE('',*,*,#9495,.T.);
#9495 = EDGE_CURVE('',#6914,#9496,#9498,.T.);
#9496 = VERTEX_POINT('',#9497);
#9497 = CARTESIAN_POINT('',(1.975,-1.8446,1.6696));
#9498 = LINE('',#9499,#9500);
#9499 = CARTESIAN_POINT('',(1.975,-2.2446,2.0696));
#9500 = VECTOR('',#9501,1.);
#9501 = DIRECTION('',(0.,0.707106781187,-0.707106781187));
#9502 = ORIENTED_EDGE('',*,*,#9503,.T.);
#9503 = EDGE_CURVE('',#9496,#9504,#9506,.T.);
#9504 = VERTEX_POINT('',#9505);
#9505 = CARTESIAN_POINT('',(1.975,-1.8446,1.7396));
#9506 = LINE('',#9507,#9508);
#9507 = CARTESIAN_POINT('',(1.975,-1.8446,1.6696));
#9508 = VECTOR('',#9509,1.);
#9509 = DIRECTION('',(0.,0.,1.));
#9510 = ORIENTED_EDGE('',*,*,#9511,.T.);
#9511 = EDGE_CURVE('',#9504,#9241,#9512,.T.);
#9512 = LINE('',#9513,#9514);
#9513 = CARTESIAN_POINT('',(1.975,-1.8446,1.7396));
#9514 = VECTOR('',#9515,1.);
#9515 = DIRECTION('',(0.,1.,0.));
#9516 = PLANE('',#9517);
#9517 = AXIS2_PLACEMENT_3D('',#9518,#9519,#9520);
#9518 = CARTESIAN_POINT('',(1.975,1.293108022955E-02,1.127283611688));
#9519 = DIRECTION('',(1.,-1.250603656852E-18,2.809082092746E-18));
#9520 = DIRECTION('',(-2.809082092746E-18,0.,1.));
#9521 = ADVANCED_FACE('',(#9522),#9533,.T.);
#9522 = FACE_BOUND('',#9523,.T.);
#9523 = EDGE_LOOP('',(#9524,#9530,#9531,#9532));
#9524 = ORIENTED_EDGE('',*,*,#9525,.T.);
#9525 = EDGE_CURVE('',#7099,#6971,#9526,.T.);
#9526 = LINE('',#9527,#9528);
#9527 = CARTESIAN_POINT('',(0.8875,0.13,2.0696));
#9528 = VECTOR('',#9529,1.);
#9529 = DIRECTION('',(1.,-7.73633724206E-47,0.));
#9530 = ORIENTED_EDGE('',*,*,#6978,.T.);
#9531 = ORIENTED_EDGE('',*,*,#7033,.T.);
#9532 = ORIENTED_EDGE('',*,*,#7098,.T.);
#9533 = PLANE('',#9534);
#9534 = AXIS2_PLACEMENT_3D('',#9535,#9536,#9537);
#9535 = CARTESIAN_POINT('',(0.,0.13,1.584903846154));
#9536 = DIRECTION('',(-7.73633724206E-47,-1.,2.22044604925E-16));
#9537 = DIRECTION('',(0.,2.22044604925E-16,1.));
#9538 = ADVANCED_FACE('',(#9539),#9550,.F.);
#9539 = FACE_BOUND('',#9540,.F.);
#9540 = EDGE_LOOP('',(#9541,#9542,#9543,#9544));
#9541 = ORIENTED_EDGE('',*,*,#7106,.F.);
#9542 = ORIENTED_EDGE('',*,*,#9525,.T.);
#9543 = ORIENTED_EDGE('',*,*,#6970,.T.);
#9544 = ORIENTED_EDGE('',*,*,#9545,.F.);
#9545 = EDGE_CURVE('',#7107,#6963,#9546,.T.);
#9546 = LINE('',#9547,#9548);
#9547 = CARTESIAN_POINT('',(1.775,-2.2446,2.0696));
#9548 = VECTOR('',#9549,1.);
#9549 = DIRECTION('',(1.,0.,0.));
#9550 = PLANE('',#9551);
#9551 = AXIS2_PLACEMENT_3D('',#9552,#9553,#9554);
#9552 = CARTESIAN_POINT('',(1.775,1.1054,2.0696));
#9553 = DIRECTION('',(0.,0.,-1.));
#9554 = DIRECTION('',(0.,-1.,0.));
#9555 = ADVANCED_FACE('',(#9556),#9576,.F.);
#9556 = FACE_BOUND('',#9557,.F.);
#9557 = EDGE_LOOP('',(#9558,#9559,#9560,#9561,#9569,#9575));
#9558 = ORIENTED_EDGE('',*,*,#9545,.T.);
#9559 = ORIENTED_EDGE('',*,*,#6962,.T.);
#9560 = ORIENTED_EDGE('',*,*,#9495,.T.);
#9561 = ORIENTED_EDGE('',*,*,#9562,.F.);
#9562 = EDGE_CURVE('',#9563,#9496,#9565,.T.);
#9563 = VERTEX_POINT('',#9564);
#9564 = CARTESIAN_POINT('',(1.775,-1.8446,1.6696));
#9565 = LINE('',#9566,#9567);
#9566 = CARTESIAN_POINT('',(1.775,-1.8446,1.6696));
#9567 = VECTOR('',#9568,1.);
#9568 = DIRECTION('',(1.,0.,0.));
#9569 = ORIENTED_EDGE('',*,*,#9570,.F.);
#9570 = EDGE_CURVE('',#7115,#9563,#9571,.T.);
#9571 = LINE('',#9572,#9573);
#9572 = CARTESIAN_POINT('',(1.775,-2.2446,2.0696));
#9573 = VECTOR('',#9574,1.);
#9574 = DIRECTION('',(0.,0.707106781187,-0.707106781187));
#9575 = ORIENTED_EDGE('',*,*,#7114,.F.);
#9576 = PLANE('',#9577);
#9577 = AXIS2_PLACEMENT_3D('',#9578,#9579,#9580);
#9578 = CARTESIAN_POINT('',(1.775,-2.2446,2.0696));
#9579 = DIRECTION('',(0.,0.707106781187,0.707106781187));
#9580 = DIRECTION('',(0.,0.707106781187,-0.707106781187));
#9581 = ADVANCED_FACE('',(#9582),#9608,.F.);
#9582 = FACE_BOUND('',#9583,.F.);
#9583 = EDGE_LOOP('',(#9584,#9585,#9586,#9594,#9602));
#9584 = ORIENTED_EDGE('',*,*,#9337,.T.);
#9585 = ORIENTED_EDGE('',*,*,#7008,.F.);
#9586 = ORIENTED_EDGE('',*,*,#9587,.T.);
#9587 = EDGE_CURVE('',#7001,#9588,#9590,.T.);
#9588 = VERTEX_POINT('',#9589);
#9589 = CARTESIAN_POINT('',(-1.975,-1.8446,1.6696));
#9590 = LINE('',#9591,#9592);
#9591 = CARTESIAN_POINT('',(-1.975,-2.2446,2.0696));
#9592 = VECTOR('',#9593,1.);
#9593 = DIRECTION('',(0.,0.707106781187,-0.707106781187));
#9594 = ORIENTED_EDGE('',*,*,#9595,.T.);
#9595 = EDGE_CURVE('',#9588,#9596,#9598,.T.);
#9596 = VERTEX_POINT('',#9597);
#9597 = CARTESIAN_POINT('',(-1.975,-1.8446,1.7396));
#9598 = LINE('',#9599,#9600);
#9599 = CARTESIAN_POINT('',(-1.975,-1.8446,1.6696));
#9600 = VECTOR('',#9601,1.);
#9601 = DIRECTION('',(0.,0.,1.));
#9602 = ORIENTED_EDGE('',*,*,#9603,.T.);
#9603 = EDGE_CURVE('',#9596,#9330,#9604,.T.);
#9604 = LINE('',#9605,#9606);
#9605 = CARTESIAN_POINT('',(-1.975,-1.8446,1.7396));
#9606 = VECTOR('',#9607,1.);
#9607 = DIRECTION('',(0.,1.,0.));
#9608 = PLANE('',#9609);
#9609 = AXIS2_PLACEMENT_3D('',#9610,#9611,#9612);
#9610 = CARTESIAN_POINT('',(-1.975,1.293108022955E-02,1.127283611688));
#9611 = DIRECTION('',(1.,-1.250603656852E-18,2.809082092746E-18));
#9612 = DIRECTION('',(-2.809082092746E-18,0.,1.));
#9613 = ADVANCED_FACE('',(#9614),#9639,.F.);
#9614 = FACE_BOUND('',#9615,.F.);
#9615 = EDGE_LOOP('',(#9616,#9622,#9623,#9631,#9637,#9638));
#9616 = ORIENTED_EDGE('',*,*,#9617,.T.);
#9617 = EDGE_CURVE('',#7074,#7202,#9618,.T.);
#9618 = LINE('',#9619,#9620);
#9619 = CARTESIAN_POINT('',(-1.975,-2.2446,2.0696));
#9620 = VECTOR('',#9621,1.);
#9621 = DIRECTION('',(1.,0.,0.));
#9622 = ORIENTED_EDGE('',*,*,#7201,.T.);
#9623 = ORIENTED_EDGE('',*,*,#9624,.T.);
#9624 = EDGE_CURVE('',#7194,#9625,#9627,.T.);
#9625 = VERTEX_POINT('',#9626);
#9626 = CARTESIAN_POINT('',(-1.775,-1.8446,1.6696));
#9627 = LINE('',#9628,#9629);
#9628 = CARTESIAN_POINT('',(-1.775,-2.2446,2.0696));
#9629 = VECTOR('',#9630,1.);
#9630 = DIRECTION('',(0.,0.707106781187,-0.707106781187));
#9631 = ORIENTED_EDGE('',*,*,#9632,.F.);
#9632 = EDGE_CURVE('',#9588,#9625,#9633,.T.);
#9633 = LINE('',#9634,#9635);
#9634 = CARTESIAN_POINT('',(-1.975,-1.8446,1.6696));
#9635 = VECTOR('',#9636,1.);
#9636 = DIRECTION('',(1.,0.,0.));
#9637 = ORIENTED_EDGE('',*,*,#9587,.F.);
#9638 = ORIENTED_EDGE('',*,*,#7081,.F.);
#9639 = PLANE('',#9640);
#9640 = AXIS2_PLACEMENT_3D('',#9641,#9642,#9643);
#9641 = CARTESIAN_POINT('',(-1.975,-2.2446,2.0696));
#9642 = DIRECTION('',(0.,0.707106781187,0.707106781187));
#9643 = DIRECTION('',(0.,0.707106781187,-0.707106781187));
#9644 = ADVANCED_FACE('',(#9645),#9656,.F.);
#9645 = FACE_BOUND('',#9646,.F.);
#9646 = EDGE_LOOP('',(#9647,#9648,#9654,#9655));
#9647 = ORIENTED_EDGE('',*,*,#7073,.F.);
#9648 = ORIENTED_EDGE('',*,*,#9649,.T.);
#9649 = EDGE_CURVE('',#7066,#7210,#9650,.T.);
#9650 = LINE('',#9651,#9652);
#9651 = CARTESIAN_POINT('',(-0.9875,0.13,2.0696));
#9652 = VECTOR('',#9653,1.);
#9653 = DIRECTION('',(1.,-7.73633724206E-47,0.));
#9654 = ORIENTED_EDGE('',*,*,#7209,.T.);
#9655 = ORIENTED_EDGE('',*,*,#9617,.F.);
#9656 = PLANE('',#9657);
#9657 = AXIS2_PLACEMENT_3D('',#9658,#9659,#9660);
#9658 = CARTESIAN_POINT('',(-1.975,1.1054,2.0696));
#9659 = DIRECTION('',(0.,0.,-1.));
#9660 = DIRECTION('',(0.,-1.,0.));
#9661 = ADVANCED_FACE('',(#9662),#9668,.T.);
#9662 = FACE_BOUND('',#9663,.T.);
#9663 = EDGE_LOOP('',(#9664,#9665,#9666,#9667));
#9664 = ORIENTED_EDGE('',*,*,#7065,.T.);
#9665 = ORIENTED_EDGE('',*,*,#9649,.T.);
#9666 = ORIENTED_EDGE('',*,*,#7217,.T.);
#9667 = ORIENTED_EDGE('',*,*,#7144,.T.);
#9668 = PLANE('',#9669);
#9669 = AXIS2_PLACEMENT_3D('',#9670,#9671,#9672);
#9670 = CARTESIAN_POINT('',(0.,0.13,1.584903846154));
#9671 = DIRECTION('',(-7.73633724206E-47,-1.,2.22044604925E-16));
#9672 = DIRECTION('',(0.,2.22044604925E-16,1.));
#9673 = ADVANCED_FACE('',(#9674),#9693,.F.);
#9674 = FACE_BOUND('',#9675,.F.);
#9675 = EDGE_LOOP('',(#9676,#9677,#9678,#9679,#9687));
#9676 = ORIENTED_EDGE('',*,*,#9256,.T.);
#9677 = ORIENTED_EDGE('',*,*,#7161,.F.);
#9678 = ORIENTED_EDGE('',*,*,#9570,.T.);
#9679 = ORIENTED_EDGE('',*,*,#9680,.T.);
#9680 = EDGE_CURVE('',#9563,#9681,#9683,.T.);
#9681 = VERTEX_POINT('',#9682);
#9682 = CARTESIAN_POINT('',(1.775,-1.8446,1.7396));
#9683 = LINE('',#9684,#9685);
#9684 = CARTESIAN_POINT('',(1.775,-1.8446,1.6696));
#9685 = VECTOR('',#9686,1.);
#9686 = DIRECTION('',(0.,0.,1.));
#9687 = ORIENTED_EDGE('',*,*,#9688,.T.);
#9688 = EDGE_CURVE('',#9681,#9249,#9689,.T.);
#9689 = LINE('',#9690,#9691);
#9690 = CARTESIAN_POINT('',(1.775,-1.8446,1.7396));
#9691 = VECTOR('',#9692,1.);
#9692 = DIRECTION('',(0.,1.,0.));
#9693 = PLANE('',#9694);
#9694 = AXIS2_PLACEMENT_3D('',#9695,#9696,#9697);
#9695 = CARTESIAN_POINT('',(1.775,1.293108022955E-02,1.127283611688));
#9696 = DIRECTION('',(1.,-1.250603656852E-18,2.809082092746E-18));
#9697 = DIRECTION('',(-2.809082092746E-18,0.,1.));
#9698 = ADVANCED_FACE('',(#9699),#9718,.T.);
#9699 = FACE_BOUND('',#9700,.T.);
#9700 = EDGE_LOOP('',(#9701,#9702,#9703,#9704,#9712));
#9701 = ORIENTED_EDGE('',*,*,#9321,.T.);
#9702 = ORIENTED_EDGE('',*,*,#7272,.F.);
#9703 = ORIENTED_EDGE('',*,*,#9624,.T.);
#9704 = ORIENTED_EDGE('',*,*,#9705,.T.);
#9705 = EDGE_CURVE('',#9625,#9706,#9708,.T.);
#9706 = VERTEX_POINT('',#9707);
#9707 = CARTESIAN_POINT('',(-1.775,-1.8446,1.7396));
#9708 = LINE('',#9709,#9710);
#9709 = CARTESIAN_POINT('',(-1.775,-1.8446,1.6696));
#9710 = VECTOR('',#9711,1.);
#9711 = DIRECTION('',(0.,0.,1.));
#9712 = ORIENTED_EDGE('',*,*,#9713,.T.);
#9713 = EDGE_CURVE('',#9706,#9322,#9714,.T.);
#9714 = LINE('',#9715,#9716);
#9715 = CARTESIAN_POINT('',(-1.775,-1.8446,1.7396));
#9716 = VECTOR('',#9717,1.);
#9717 = DIRECTION('',(0.,1.,0.));
#9718 = PLANE('',#9719);
#9719 = AXIS2_PLACEMENT_3D('',#9720,#9721,#9722);
#9720 = CARTESIAN_POINT('',(-1.775,1.293108022955E-02,1.127283611688));
#9721 = DIRECTION('',(1.,-1.250603656852E-18,2.809082092746E-18));
#9722 = DIRECTION('',(-2.809082092746E-18,0.,1.));
#9723 = ADVANCED_FACE('',(#9724),#9750,.T.);
#9724 = FACE_BOUND('',#9725,.T.);
#9725 = EDGE_LOOP('',(#9726,#9727,#9728,#9736,#9744));
#9726 = ORIENTED_EDGE('',*,*,#9267,.T.);
#9727 = ORIENTED_EDGE('',*,*,#7393,.F.);
#9728 = ORIENTED_EDGE('',*,*,#9729,.T.);
#9729 = EDGE_CURVE('',#7394,#9730,#9732,.T.);
#9730 = VERTEX_POINT('',#9731);
#9731 = CARTESIAN_POINT('',(0.725,-1.8446,1.6696));
#9732 = LINE('',#9733,#9734);
#9733 = CARTESIAN_POINT('',(0.725,-2.2446,2.0696));
#9734 = VECTOR('',#9735,1.);
#9735 = DIRECTION('',(0.,0.707106781187,-0.707106781187));
#9736 = ORIENTED_EDGE('',*,*,#9737,.T.);
#9737 = EDGE_CURVE('',#9730,#9738,#9740,.T.);
#9738 = VERTEX_POINT('',#9739);
#9739 = CARTESIAN_POINT('',(0.725,-1.8446,1.7396));
#9740 = LINE('',#9741,#9742);
#9741 = CARTESIAN_POINT('',(0.725,-1.8446,1.6696));
#9742 = VECTOR('',#9743,1.);
#9743 = DIRECTION('',(0.,0.,1.));
#9744 = ORIENTED_EDGE('',*,*,#9745,.T.);
#9745 = EDGE_CURVE('',#9738,#9268,#9746,.T.);
#9746 = LINE('',#9747,#9748);
#9747 = CARTESIAN_POINT('',(0.725,-1.8446,1.7396));
#9748 = VECTOR('',#9749,1.);
#9749 = DIRECTION('',(0.,1.,0.));
#9750 = PLANE('',#9751);
#9751 = AXIS2_PLACEMENT_3D('',#9752,#9753,#9754);
#9752 = CARTESIAN_POINT('',(0.725,1.293108022955E-02,1.127283611688));
#9753 = DIRECTION('',(1.,-1.250603656852E-18,2.809082092746E-18));
#9754 = DIRECTION('',(-2.809082092746E-18,0.,1.));
#9755 = ADVANCED_FACE('',(#9756),#9767,.T.);
#9756 = FACE_BOUND('',#9757,.T.);
#9757 = EDGE_LOOP('',(#9758,#9764,#9765,#9766));
#9758 = ORIENTED_EDGE('',*,*,#9759,.T.);
#9759 = EDGE_CURVE('',#7579,#7451,#9760,.T.);
#9760 = LINE('',#9761,#9762);
#9761 = CARTESIAN_POINT('',(0.2625,0.13,2.0696));
#9762 = VECTOR('',#9763,1.);
#9763 = DIRECTION('',(1.,-7.73633724206E-47,0.));
#9764 = ORIENTED_EDGE('',*,*,#7458,.T.);
#9765 = ORIENTED_EDGE('',*,*,#7513,.T.);
#9766 = ORIENTED_EDGE('',*,*,#7578,.T.);
#9767 = PLANE('',#9768);
#9768 = AXIS2_PLACEMENT_3D('',#9769,#9770,#9771);
#9769 = CARTESIAN_POINT('',(0.,0.13,1.584903846154));
#9770 = DIRECTION('',(-7.73633724206E-47,-1.,2.22044604925E-16));
#9771 = DIRECTION('',(0.,2.22044604925E-16,1.));
#9772 = ADVANCED_FACE('',(#9773),#9784,.F.);
#9773 = FACE_BOUND('',#9774,.F.);
#9774 = EDGE_LOOP('',(#9775,#9776,#9777,#9778));
#9775 = ORIENTED_EDGE('',*,*,#7586,.F.);
#9776 = ORIENTED_EDGE('',*,*,#9759,.T.);
#9777 = ORIENTED_EDGE('',*,*,#7450,.T.);
#9778 = ORIENTED_EDGE('',*,*,#9779,.F.);
#9779 = EDGE_CURVE('',#7587,#7443,#9780,.T.);
#9780 = LINE('',#9781,#9782);
#9781 = CARTESIAN_POINT('',(0.525,-2.2446,2.0696));
#9782 = VECTOR('',#9783,1.);
#9783 = DIRECTION('',(1.,0.,0.));
#9784 = PLANE('',#9785);
#9785 = AXIS2_PLACEMENT_3D('',#9786,#9787,#9788);
#9786 = CARTESIAN_POINT('',(0.525,1.1054,2.0696));
#9787 = DIRECTION('',(0.,0.,-1.));
#9788 = DIRECTION('',(0.,-1.,0.));
#9789 = ADVANCED_FACE('',(#9790),#9810,.F.);
#9790 = FACE_BOUND('',#9791,.F.);
#9791 = EDGE_LOOP('',(#9792,#9793,#9794,#9795,#9803,#9809));
#9792 = ORIENTED_EDGE('',*,*,#9779,.T.);
#9793 = ORIENTED_EDGE('',*,*,#7442,.T.);
#9794 = ORIENTED_EDGE('',*,*,#9729,.T.);
#9795 = ORIENTED_EDGE('',*,*,#9796,.F.);
#9796 = EDGE_CURVE('',#9797,#9730,#9799,.T.);
#9797 = VERTEX_POINT('',#9798);
#9798 = CARTESIAN_POINT('',(0.525,-1.8446,1.6696));
#9799 = LINE('',#9800,#9801);
#9800 = CARTESIAN_POINT('',(0.525,-1.8446,1.6696));
#9801 = VECTOR('',#9802,1.);
#9802 = DIRECTION('',(1.,0.,0.));
#9803 = ORIENTED_EDGE('',*,*,#9804,.F.);
#9804 = EDGE_CURVE('',#7595,#9797,#9805,.T.);
#9805 = LINE('',#9806,#9807);
#9806 = CARTESIAN_POINT('',(0.525,-2.2446,2.0696));
#9807 = VECTOR('',#9808,1.);
#9808 = DIRECTION('',(0.,0.707106781187,-0.707106781187));
#9809 = ORIENTED_EDGE('',*,*,#7594,.F.);
#9810 = PLANE('',#9811);
#9811 = AXIS2_PLACEMENT_3D('',#9812,#9813,#9814);
#9812 = CARTESIAN_POINT('',(0.525,-2.2446,2.0696));
#9813 = DIRECTION('',(0.,0.707106781187,0.707106781187));
#9814 = DIRECTION('',(0.,0.707106781187,-0.707106781187));
#9815 = ADVANCED_FACE('',(#9816),#9842,.F.);
#9816 = FACE_BOUND('',#9817,.F.);
#9817 = EDGE_LOOP('',(#9818,#9819,#9820,#9828,#9836));
#9818 = ORIENTED_EDGE('',*,*,#9310,.T.);
#9819 = ORIENTED_EDGE('',*,*,#7488,.F.);
#9820 = ORIENTED_EDGE('',*,*,#9821,.T.);
#9821 = EDGE_CURVE('',#7481,#9822,#9824,.T.);
#9822 = VERTEX_POINT('',#9823);
#9823 = CARTESIAN_POINT('',(-0.725,-1.8446,1.6696));
#9824 = LINE('',#9825,#9826);
#9825 = CARTESIAN_POINT('',(-0.725,-2.2446,2.0696));
#9826 = VECTOR('',#9827,1.);
#9827 = DIRECTION('',(0.,0.707106781187,-0.707106781187));
#9828 = ORIENTED_EDGE('',*,*,#9829,.T.);
#9829 = EDGE_CURVE('',#9822,#9830,#9832,.T.);
#9830 = VERTEX_POINT('',#9831);
#9831 = CARTESIAN_POINT('',(-0.725,-1.8446,1.7396));
#9832 = LINE('',#9833,#9834);
#9833 = CARTESIAN_POINT('',(-0.725,-1.8446,1.6696));
#9834 = VECTOR('',#9835,1.);
#9835 = DIRECTION('',(0.,0.,1.));
#9836 = ORIENTED_EDGE('',*,*,#9837,.T.);
#9837 = EDGE_CURVE('',#9830,#9303,#9838,.T.);
#9838 = LINE('',#9839,#9840);
#9839 = CARTESIAN_POINT('',(-0.725,-1.8446,1.7396));
#9840 = VECTOR('',#9841,1.);
#9841 = DIRECTION('',(0.,1.,0.));
#9842 = PLANE('',#9843);
#9843 = AXIS2_PLACEMENT_3D('',#9844,#9845,#9846);
#9844 = CARTESIAN_POINT('',(-0.725,1.293108022955E-02,1.127283611688));
#9845 = DIRECTION('',(1.,-1.250603656852E-18,2.809082092746E-18));
#9846 = DIRECTION('',(-2.809082092746E-18,0.,1.));
#9847 = ADVANCED_FACE('',(#9848),#9873,.F.);
#9848 = FACE_BOUND('',#9849,.F.);
#9849 = EDGE_LOOP('',(#9850,#9856,#9857,#9865,#9871,#9872));
#9850 = ORIENTED_EDGE('',*,*,#9851,.T.);
#9851 = EDGE_CURVE('',#7554,#7682,#9852,.T.);
#9852 = LINE('',#9853,#9854);
#9853 = CARTESIAN_POINT('',(-0.725,-2.2446,2.0696));
#9854 = VECTOR('',#9855,1.);
#9855 = DIRECTION('',(1.,0.,0.));
#9856 = ORIENTED_EDGE('',*,*,#7681,.T.);
#9857 = ORIENTED_EDGE('',*,*,#9858,.T.);
#9858 = EDGE_CURVE('',#7674,#9859,#9861,.T.);
#9859 = VERTEX_POINT('',#9860);
#9860 = CARTESIAN_POINT('',(-0.525,-1.8446,1.6696));
#9861 = LINE('',#9862,#9863);
#9862 = CARTESIAN_POINT('',(-0.525,-2.2446,2.0696));
#9863 = VECTOR('',#9864,1.);
#9864 = DIRECTION('',(0.,0.707106781187,-0.707106781187));
#9865 = ORIENTED_EDGE('',*,*,#9866,.F.);
#9866 = EDGE_CURVE('',#9822,#9859,#9867,.T.);
#9867 = LINE('',#9868,#9869);
#9868 = CARTESIAN_POINT('',(-0.725,-1.8446,1.6696));
#9869 = VECTOR('',#9870,1.);
#9870 = DIRECTION('',(1.,0.,0.));
#9871 = ORIENTED_EDGE('',*,*,#9821,.F.);
#9872 = ORIENTED_EDGE('',*,*,#7561,.F.);
#9873 = PLANE('',#9874);
#9874 = AXIS2_PLACEMENT_3D('',#9875,#9876,#9877);
#9875 = CARTESIAN_POINT('',(-0.725,-2.2446,2.0696));
#9876 = DIRECTION('',(0.,0.707106781187,0.707106781187));
#9877 = DIRECTION('',(0.,0.707106781187,-0.707106781187));
#9878 = ADVANCED_FACE('',(#9879),#9890,.F.);
#9879 = FACE_BOUND('',#9880,.F.);
#9880 = EDGE_LOOP('',(#9881,#9882,#9888,#9889));
#9881 = ORIENTED_EDGE('',*,*,#7553,.F.);
#9882 = ORIENTED_EDGE('',*,*,#9883,.T.);
#9883 = EDGE_CURVE('',#7546,#7690,#9884,.T.);
#9884 = LINE('',#9885,#9886);
#9885 = CARTESIAN_POINT('',(-0.3625,0.13,2.0696));
#9886 = VECTOR('',#9887,1.);
#9887 = DIRECTION('',(1.,-7.73633724206E-47,0.));
#9888 = ORIENTED_EDGE('',*,*,#7689,.T.);
#9889 = ORIENTED_EDGE('',*,*,#9851,.F.);
#9890 = PLANE('',#9891);
#9891 = AXIS2_PLACEMENT_3D('',#9892,#9893,#9894);
#9892 = CARTESIAN_POINT('',(-0.725,1.1054,2.0696));
#9893 = DIRECTION('',(0.,0.,-1.));
#9894 = DIRECTION('',(0.,-1.,0.));
#9895 = ADVANCED_FACE('',(#9896),#9902,.T.);
#9896 = FACE_BOUND('',#9897,.T.);
#9897 = EDGE_LOOP('',(#9898,#9899,#9900,#9901));
#9898 = ORIENTED_EDGE('',*,*,#7545,.T.);
#9899 = ORIENTED_EDGE('',*,*,#9883,.T.);
#9900 = ORIENTED_EDGE('',*,*,#7697,.T.);
#9901 = ORIENTED_EDGE('',*,*,#7624,.T.);
#9902 = PLANE('',#9903);
#9903 = AXIS2_PLACEMENT_3D('',#9904,#9905,#9906);
#9904 = CARTESIAN_POINT('',(0.,0.13,1.584903846154));
#9905 = DIRECTION('',(-7.73633724206E-47,-1.,2.22044604925E-16));
#9906 = DIRECTION('',(0.,2.22044604925E-16,1.));
#9907 = ADVANCED_FACE('',(#9908),#9927,.F.);
#9908 = FACE_BOUND('',#9909,.F.);
#9909 = EDGE_LOOP('',(#9910,#9911,#9912,#9913,#9921));
#9910 = ORIENTED_EDGE('',*,*,#9283,.T.);
#9911 = ORIENTED_EDGE('',*,*,#7641,.F.);
#9912 = ORIENTED_EDGE('',*,*,#9804,.T.);
#9913 = ORIENTED_EDGE('',*,*,#9914,.T.);
#9914 = EDGE_CURVE('',#9797,#9915,#9917,.T.);
#9915 = VERTEX_POINT('',#9916);
#9916 = CARTESIAN_POINT('',(0.525,-1.8446,1.7396));
#9917 = LINE('',#9918,#9919);
#9918 = CARTESIAN_POINT('',(0.525,-1.8446,1.6696));
#9919 = VECTOR('',#9920,1.);
#9920 = DIRECTION('',(0.,0.,1.));
#9921 = ORIENTED_EDGE('',*,*,#9922,.T.);
#9922 = EDGE_CURVE('',#9915,#9276,#9923,.T.);
#9923 = LINE('',#9924,#9925);
#9924 = CARTESIAN_POINT('',(0.525,-1.8446,1.7396));
#9925 = VECTOR('',#9926,1.);
#9926 = DIRECTION('',(0.,1.,0.));
#9927 = PLANE('',#9928);
#9928 = AXIS2_PLACEMENT_3D('',#9929,#9930,#9931);
#9929 = CARTESIAN_POINT('',(0.525,1.293108022955E-02,1.127283611688));
#9930 = DIRECTION('',(1.,-1.250603656852E-18,2.809082092746E-18));
#9931 = DIRECTION('',(-2.809082092746E-18,0.,1.));
#9932 = ADVANCED_FACE('',(#9933),#9952,.T.);
#9933 = FACE_BOUND('',#9934,.T.);
#9934 = EDGE_LOOP('',(#9935,#9936,#9937,#9938,#9946));
#9935 = ORIENTED_EDGE('',*,*,#9294,.T.);
#9936 = ORIENTED_EDGE('',*,*,#7752,.F.);
#9937 = ORIENTED_EDGE('',*,*,#9858,.T.);
#9938 = ORIENTED_EDGE('',*,*,#9939,.T.);
#9939 = EDGE_CURVE('',#9859,#9940,#9942,.T.);
#9940 = VERTEX_POINT('',#9941);
#9941 = CARTESIAN_POINT('',(-0.525,-1.8446,1.7396));
#9942 = LINE('',#9943,#9944);
#9943 = CARTESIAN_POINT('',(-0.525,-1.8446,1.6696));
#9944 = VECTOR('',#9945,1.);
#9945 = DIRECTION('',(0.,0.,1.));
#9946 = ORIENTED_EDGE('',*,*,#9947,.T.);
#9947 = EDGE_CURVE('',#9940,#9295,#9948,.T.);
#9948 = LINE('',#9949,#9950);
#9949 = CARTESIAN_POINT('',(-0.525,-1.8446,1.7396));
#9950 = VECTOR('',#9951,1.);
#9951 = DIRECTION('',(0.,1.,0.));
#9952 = PLANE('',#9953);
#9953 = AXIS2_PLACEMENT_3D('',#9954,#9955,#9956);
#9954 = CARTESIAN_POINT('',(-0.525,1.293108022955E-02,1.127283611688));
#9955 = DIRECTION('',(1.,-1.250603656852E-18,2.809082092746E-18));
#9956 = DIRECTION('',(-2.809082092746E-18,0.,1.));
#9957 = ADVANCED_FACE('',(#9958),#9964,.T.);
#9958 = FACE_BOUND('',#9959,.T.);
#9959 = EDGE_LOOP('',(#9960,#9961,#9962,#9963));
#9960 = ORIENTED_EDGE('',*,*,#7817,.F.);
#9961 = ORIENTED_EDGE('',*,*,#7864,.T.);
#9962 = ORIENTED_EDGE('',*,*,#7889,.T.);
#9963 = ORIENTED_EDGE('',*,*,#7840,.F.);
#9964 = PLANE('',#9965);
#9965 = AXIS2_PLACEMENT_3D('',#9966,#9967,#9968);
#9966 = CARTESIAN_POINT('',(-3.775,-1.47,3.295));
#9967 = DIRECTION('',(0.,-1.,2.22044604925E-16));
#9968 = DIRECTION('',(1.,0.,0.));
#9969 = ADVANCED_FACE('',(#9970),#9976,.T.);
#9970 = FACE_BOUND('',#9971,.T.);
#9971 = EDGE_LOOP('',(#9972,#9973,#9974,#9975));
#9972 = ORIENTED_EDGE('',*,*,#7913,.F.);
#9973 = ORIENTED_EDGE('',*,*,#7960,.T.);
#9974 = ORIENTED_EDGE('',*,*,#7985,.T.);
#9975 = ORIENTED_EDGE('',*,*,#7936,.F.);
#9976 = PLANE('',#9977);
#9977 = AXIS2_PLACEMENT_3D('',#9978,#9979,#9980);
#9978 = CARTESIAN_POINT('',(2.675,-1.47,3.295));
#9979 = DIRECTION('',(0.,-1.,2.22044604925E-16));
#9980 = DIRECTION('',(1.,0.,0.));
#9981 = ADVANCED_FACE('',(#9982),#9993,.F.);
#9982 = FACE_BOUND('',#9983,.F.);
#9983 = EDGE_LOOP('',(#9984,#9990,#9991,#9992));
#9984 = ORIENTED_EDGE('',*,*,#9985,.T.);
#9985 = EDGE_CURVE('',#8114,#8196,#9986,.T.);
#9986 = LINE('',#9987,#9988);
#9987 = CARTESIAN_POINT('',(-1.975,1.7754,0.65));
#9988 = VECTOR('',#9989,1.);
#9989 = DIRECTION('',(1.,0.,0.));
#9990 = ORIENTED_EDGE('',*,*,#8203,.T.);
#9991 = ORIENTED_EDGE('',*,*,#8148,.F.);
#9992 = ORIENTED_EDGE('',*,*,#8121,.F.);
#9993 = PLANE('',#9994);
#9994 = AXIS2_PLACEMENT_3D('',#9995,#9996,#9997);
#9995 = CARTESIAN_POINT('',(-1.975,1.7754,0.65));
#9996 = DIRECTION('',(0.,0.,-1.));
#9997 = DIRECTION('',(0.,-1.,0.));
#9998 = ADVANCED_FACE('',(#9999),#10010,.F.);
#9999 = FACE_BOUND('',#10000,.F.);
#10000 = EDGE_LOOP('',(#10001,#10007,#10008,#10009));
#10001 = ORIENTED_EDGE('',*,*,#10002,.T.);
#10002 = EDGE_CURVE('',#8106,#8188,#10003,.T.);
#10003 = LINE('',#10004,#10005);
#10004 = CARTESIAN_POINT('',(-1.975,1.7754,0.3));
#10005 = VECTOR('',#10006,1.);
#10006 = DIRECTION('',(1.,0.,0.));
#10007 = ORIENTED_EDGE('',*,*,#8195,.T.);
#10008 = ORIENTED_EDGE('',*,*,#9985,.F.);
#10009 = ORIENTED_EDGE('',*,*,#8113,.F.);
#10010 = PLANE('',#10011);
#10011 = AXIS2_PLACEMENT_3D('',#10012,#10013,#10014);
#10012 = CARTESIAN_POINT('',(-1.975,1.7754,0.3));
#10013 = DIRECTION('',(0.,-1.,0.));
#10014 = DIRECTION('',(0.,0.,1.));
#10015 = ADVANCED_FACE('',(#10016),#10027,.F.);
#10016 = FACE_BOUND('',#10017,.F.);
#10017 = EDGE_LOOP('',(#10018,#10024,#10025,#10026));
#10018 = ORIENTED_EDGE('',*,*,#10019,.T.);
#10019 = EDGE_CURVE('',#8098,#8180,#10020,.T.);
#10020 = LINE('',#10021,#10022);
#10021 = CARTESIAN_POINT('',(-1.975,2.4754,0.3));
#10022 = VECTOR('',#10023,1.);
#10023 = DIRECTION('',(1.,0.,0.));
#10024 = ORIENTED_EDGE('',*,*,#8187,.T.);
#10025 = ORIENTED_EDGE('',*,*,#10002,.F.);
#10026 = ORIENTED_EDGE('',*,*,#8105,.F.);
#10027 = PLANE('',#10028);
#10028 = AXIS2_PLACEMENT_3D('',#10029,#10030,#10031);
#10029 = CARTESIAN_POINT('',(-1.975,2.4754,0.3));
#10030 = DIRECTION('',(0.,0.,-1.));
#10031 = DIRECTION('',(0.,-1.,0.));
#10032 = ADVANCED_FACE('',(#10033),#10039,.F.);
#10033 = FACE_BOUND('',#10034,.F.);
#10034 = EDGE_LOOP('',(#10035,#10036,#10037,#10038));
#10035 = ORIENTED_EDGE('',*,*,#8875,.T.);
#10036 = ORIENTED_EDGE('',*,*,#8179,.T.);
#10037 = ORIENTED_EDGE('',*,*,#10019,.F.);
#10038 = ORIENTED_EDGE('',*,*,#8097,.F.);
#10039 = PLANE('',#10040);
#10040 = AXIS2_PLACEMENT_3D('',#10041,#10042,#10043);
#10041 = CARTESIAN_POINT('',(-1.975,2.4754,0.));
#10042 = DIRECTION('',(0.,-1.,0.));
#10043 = DIRECTION('',(-7.401486830834E-16,0.,1.));
#10044 = ADVANCED_FACE('',(#10045),#10056,.F.);
#10045 = FACE_BOUND('',#10046,.F.);
#10046 = EDGE_LOOP('',(#10047,#10053,#10054,#10055));
#10047 = ORIENTED_EDGE('',*,*,#10048,.T.);
#10048 = EDGE_CURVE('',#8283,#8370,#10049,.T.);
#10049 = LINE('',#10050,#10051);
#10050 = CARTESIAN_POINT('',(-0.725,1.7754,0.65));
#10051 = VECTOR('',#10052,1.);
#10052 = DIRECTION('',(1.,0.,0.));
#10053 = ORIENTED_EDGE('',*,*,#8377,.T.);
#10054 = ORIENTED_EDGE('',*,*,#8322,.F.);
#10055 = ORIENTED_EDGE('',*,*,#8290,.F.);
#10056 = PLANE('',#10057);
#10057 = AXIS2_PLACEMENT_3D('',#10058,#10059,#10060);
#10058 = CARTESIAN_POINT('',(-0.725,1.7754,0.65));
#10059 = DIRECTION('',(0.,0.,-1.));
#10060 = DIRECTION('',(0.,-1.,0.));
#10061 = ADVANCED_FACE('',(#10062),#10073,.F.);
#10062 = FACE_BOUND('',#10063,.F.);
#10063 = EDGE_LOOP('',(#10064,#10070,#10071,#10072));
#10064 = ORIENTED_EDGE('',*,*,#10065,.T.);
#10065 = EDGE_CURVE('',#8275,#8362,#10066,.T.);
#10066 = LINE('',#10067,#10068);
#10067 = CARTESIAN_POINT('',(-0.725,1.7754,0.3));
#10068 = VECTOR('',#10069,1.);
#10069 = DIRECTION('',(1.,0.,0.));
#10070 = ORIENTED_EDGE('',*,*,#8369,.T.);
#10071 = ORIENTED_EDGE('',*,*,#10048,.F.);
#10072 = ORIENTED_EDGE('',*,*,#8282,.F.);
#10073 = PLANE('',#10074);
#10074 = AXIS2_PLACEMENT_3D('',#10075,#10076,#10077);
#10075 = CARTESIAN_POINT('',(-0.725,1.7754,0.3));
#10076 = DIRECTION('',(0.,-1.,0.));
#10077 = DIRECTION('',(0.,0.,1.));
#10078 = ADVANCED_FACE('',(#10079),#10090,.F.);
#10079 = FACE_BOUND('',#10080,.F.);
#10080 = EDGE_LOOP('',(#10081,#10087,#10088,#10089));
#10081 = ORIENTED_EDGE('',*,*,#10082,.T.);
#10082 = EDGE_CURVE('',#8267,#8354,#10083,.T.);
#10083 = LINE('',#10084,#10085);
#10084 = CARTESIAN_POINT('',(-0.725,2.4754,0.3));
#10085 = VECTOR('',#10086,1.);
#10086 = DIRECTION('',(1.,0.,0.));
#10087 = ORIENTED_EDGE('',*,*,#8361,.T.);
#10088 = ORIENTED_EDGE('',*,*,#10065,.F.);
#10089 = ORIENTED_EDGE('',*,*,#8274,.F.);
#10090 = PLANE('',#10091);
#10091 = AXIS2_PLACEMENT_3D('',#10092,#10093,#10094);
#10092 = CARTESIAN_POINT('',(-0.725,2.4754,0.3));
#10093 = DIRECTION('',(0.,0.,-1.));
#10094 = DIRECTION('',(0.,-1.,0.));
#10095 = ADVANCED_FACE('',(#10096),#10102,.F.);
#10096 = FACE_BOUND('',#10097,.F.);
#10097 = EDGE_LOOP('',(#10098,#10099,#10100,#10101));
#10098 = ORIENTED_EDGE('',*,*,#8846,.T.);
#10099 = ORIENTED_EDGE('',*,*,#8353,.T.);
#10100 = ORIENTED_EDGE('',*,*,#10082,.F.);
#10101 = ORIENTED_EDGE('',*,*,#8266,.F.);
#10102 = PLANE('',#10103);
#10103 = AXIS2_PLACEMENT_3D('',#10104,#10105,#10106);
#10104 = CARTESIAN_POINT('',(-0.725,2.4754,0.));
#10105 = DIRECTION('',(0.,-1.,0.));
#10106 = DIRECTION('',(-7.401486830834E-16,0.,1.));
#10107 = ADVANCED_FACE('',(#10108),#10119,.F.);
#10108 = FACE_BOUND('',#10109,.F.);
#10109 = EDGE_LOOP('',(#10110,#10116,#10117,#10118));
#10110 = ORIENTED_EDGE('',*,*,#10111,.T.);
#10111 = EDGE_CURVE('',#8457,#8544,#10112,.T.);
#10112 = LINE('',#10113,#10114);
#10113 = CARTESIAN_POINT('',(0.525,1.7754,0.65));
#10114 = VECTOR('',#10115,1.);
#10115 = DIRECTION('',(1.,0.,0.));
#10116 = ORIENTED_EDGE('',*,*,#8551,.T.);
#10117 = ORIENTED_EDGE('',*,*,#8496,.F.);
#10118 = ORIENTED_EDGE('',*,*,#8464,.F.);
#10119 = PLANE('',#10120);
#10120 = AXIS2_PLACEMENT_3D('',#10121,#10122,#10123);
#10121 = CARTESIAN_POINT('',(0.525,1.7754,0.65));
#10122 = DIRECTION('',(0.,0.,-1.));
#10123 = DIRECTION('',(0.,-1.,0.));
#10124 = ADVANCED_FACE('',(#10125),#10136,.F.);
#10125 = FACE_BOUND('',#10126,.F.);
#10126 = EDGE_LOOP('',(#10127,#10133,#10134,#10135));
#10127 = ORIENTED_EDGE('',*,*,#10128,.T.);
#10128 = EDGE_CURVE('',#8449,#8536,#10129,.T.);
#10129 = LINE('',#10130,#10131);
#10130 = CARTESIAN_POINT('',(0.525,1.7754,0.3));
#10131 = VECTOR('',#10132,1.);
#10132 = DIRECTION('',(1.,0.,0.));
#10133 = ORIENTED_EDGE('',*,*,#8543,.T.);
#10134 = ORIENTED_EDGE('',*,*,#10111,.F.);
#10135 = ORIENTED_EDGE('',*,*,#8456,.F.);
#10136 = PLANE('',#10137);
#10137 = AXIS2_PLACEMENT_3D('',#10138,#10139,#10140);
#10138 = CARTESIAN_POINT('',(0.525,1.7754,0.3));
#10139 = DIRECTION('',(0.,-1.,0.));
#10140 = DIRECTION('',(0.,0.,1.));
#10141 = ADVANCED_FACE('',(#10142),#10153,.F.);
#10142 = FACE_BOUND('',#10143,.F.);
#10143 = EDGE_LOOP('',(#10144,#10150,#10151,#10152));
#10144 = ORIENTED_EDGE('',*,*,#10145,.T.);
#10145 = EDGE_CURVE('',#8441,#8528,#10146,.T.);
#10146 = LINE('',#10147,#10148);
#10147 = CARTESIAN_POINT('',(0.525,2.4754,0.3));
#10148 = VECTOR('',#10149,1.);
#10149 = DIRECTION('',(1.,0.,0.));
#10150 = ORIENTED_EDGE('',*,*,#8535,.T.);
#10151 = ORIENTED_EDGE('',*,*,#10128,.F.);
#10152 = ORIENTED_EDGE('',*,*,#8448,.F.);
#10153 = PLANE('',#10154);
#10154 = AXIS2_PLACEMENT_3D('',#10155,#10156,#10157);
#10155 = CARTESIAN_POINT('',(0.525,2.4754,0.3));
#10156 = DIRECTION('',(0.,0.,-1.));
#10157 = DIRECTION('',(0.,-1.,0.));
#10158 = ADVANCED_FACE('',(#10159),#10165,.F.);
#10159 = FACE_BOUND('',#10160,.F.);
#10160 = EDGE_LOOP('',(#10161,#10162,#10163,#10164));
#10161 = ORIENTED_EDGE('',*,*,#8817,.T.);
#10162 = ORIENTED_EDGE('',*,*,#8527,.T.);
#10163 = ORIENTED_EDGE('',*,*,#10145,.F.);
#10164 = ORIENTED_EDGE('',*,*,#8440,.F.);
#10165 = PLANE('',#10166);
#10166 = AXIS2_PLACEMENT_3D('',#10167,#10168,#10169);
#10167 = CARTESIAN_POINT('',(0.525,2.4754,0.));
#10168 = DIRECTION('',(0.,-1.,0.));
#10169 = DIRECTION('',(-7.401486830834E-16,0.,1.));
#10170 = ADVANCED_FACE('',(#10171),#10182,.F.);
#10171 = FACE_BOUND('',#10172,.F.);
#10172 = EDGE_LOOP('',(#10173,#10179,#10180,#10181));
#10173 = ORIENTED_EDGE('',*,*,#10174,.T.);
#10174 = EDGE_CURVE('',#8631,#8718,#10175,.T.);
#10175 = LINE('',#10176,#10177);
#10176 = CARTESIAN_POINT('',(1.775,1.7754,0.65));
#10177 = VECTOR('',#10178,1.);
#10178 = DIRECTION('',(1.,0.,0.));
#10179 = ORIENTED_EDGE('',*,*,#8725,.T.);
#10180 = ORIENTED_EDGE('',*,*,#8670,.F.);
#10181 = ORIENTED_EDGE('',*,*,#8638,.F.);
#10182 = PLANE('',#10183);
#10183 = AXIS2_PLACEMENT_3D('',#10184,#10185,#10186);
#10184 = CARTESIAN_POINT('',(1.775,1.7754,0.65));
#10185 = DIRECTION('',(0.,0.,-1.));
#10186 = DIRECTION('',(0.,-1.,0.));
#10187 = ADVANCED_FACE('',(#10188),#10199,.F.);
#10188 = FACE_BOUND('',#10189,.F.);
#10189 = EDGE_LOOP('',(#10190,#10196,#10197,#10198));
#10190 = ORIENTED_EDGE('',*,*,#10191,.T.);
#10191 = EDGE_CURVE('',#8623,#8710,#10192,.T.);
#10192 = LINE('',#10193,#10194);
#10193 = CARTESIAN_POINT('',(1.775,1.7754,0.3));
#10194 = VECTOR('',#10195,1.);
#10195 = DIRECTION('',(1.,0.,0.));
#10196 = ORIENTED_EDGE('',*,*,#8717,.T.);
#10197 = ORIENTED_EDGE('',*,*,#10174,.F.);
#10198 = ORIENTED_EDGE('',*,*,#8630,.F.);
#10199 = PLANE('',#10200);
#10200 = AXIS2_PLACEMENT_3D('',#10201,#10202,#10203);
#10201 = CARTESIAN_POINT('',(1.775,1.7754,0.3));
#10202 = DIRECTION('',(0.,-1.,0.));
#10203 = DIRECTION('',(0.,0.,1.));
#10204 = ADVANCED_FACE('',(#10205),#10216,.F.);
#10205 = FACE_BOUND('',#10206,.F.);
#10206 = EDGE_LOOP('',(#10207,#10213,#10214,#10215));
#10207 = ORIENTED_EDGE('',*,*,#10208,.T.);
#10208 = EDGE_CURVE('',#8615,#8702,#10209,.T.);
#10209 = LINE('',#10210,#10211);
#10210 = CARTESIAN_POINT('',(1.775,2.4754,0.3));
#10211 = VECTOR('',#10212,1.);
#10212 = DIRECTION('',(1.,0.,0.));
#10213 = ORIENTED_EDGE('',*,*,#8709,.T.);
#10214 = ORIENTED_EDGE('',*,*,#10191,.F.);
#10215 = ORIENTED_EDGE('',*,*,#8622,.F.);
#10216 = PLANE('',#10217);
#10217 = AXIS2_PLACEMENT_3D('',#10218,#10219,#10220);
#10218 = CARTESIAN_POINT('',(1.775,2.4754,0.3));
#10219 = DIRECTION('',(0.,0.,-1.));
#10220 = DIRECTION('',(0.,-1.,0.));
#10221 = ADVANCED_FACE('',(#10222),#10228,.F.);
#10222 = FACE_BOUND('',#10223,.F.);
#10223 = EDGE_LOOP('',(#10224,#10225,#10226,#10227));
#10224 = ORIENTED_EDGE('',*,*,#8788,.T.);
#10225 = ORIENTED_EDGE('',*,*,#8701,.T.);
#10226 = ORIENTED_EDGE('',*,*,#10208,.F.);
#10227 = ORIENTED_EDGE('',*,*,#8614,.F.);
#10228 = PLANE('',#10229);
#10229 = AXIS2_PLACEMENT_3D('',#10230,#10231,#10232);
#10230 = CARTESIAN_POINT('',(1.775,2.4754,0.));
#10231 = DIRECTION('',(0.,-1.,0.));
#10232 = DIRECTION('',(-7.401486830834E-16,0.,1.));
#10233 = ADVANCED_FACE('',(#10234),#10240,.F.);
#10234 = FACE_BOUND('',#10235,.F.);
#10235 = EDGE_LOOP('',(#10236,#10237,#10238,#10239));
#10236 = ORIENTED_EDGE('',*,*,#9129,.F.);
#10237 = ORIENTED_EDGE('',*,*,#8919,.T.);
#10238 = ORIENTED_EDGE('',*,*,#9081,.F.);
#10239 = ORIENTED_EDGE('',*,*,#9115,.F.);
#10240 = PLANE('',#10241);
#10241 = AXIS2_PLACEMENT_3D('',#10242,#10243,#10244);
#10242 = CARTESIAN_POINT('',(3.625,-1.602142857143,0.712857142857));
#10243 = DIRECTION('',(-1.,1.11927691467E-30,1.146375123746E-30));
#10244 = DIRECTION('',(-1.146375123746E-30,-2.22044604925E-16,-1.));
#10245 = ADVANCED_FACE('',(#10246),#10257,.F.);
#10246 = FACE_BOUND('',#10247,.F.);
#10247 = EDGE_LOOP('',(#10248,#10249,#10255,#10256));
#10248 = ORIENTED_EDGE('',*,*,#9603,.F.);
#10249 = ORIENTED_EDGE('',*,*,#10250,.T.);
#10250 = EDGE_CURVE('',#9596,#9706,#10251,.T.);
#10251 = LINE('',#10252,#10253);
#10252 = CARTESIAN_POINT('',(-1.975,-1.8446,1.7396));
#10253 = VECTOR('',#10254,1.);
#10254 = DIRECTION('',(1.,0.,0.));
#10255 = ORIENTED_EDGE('',*,*,#9713,.T.);
#10256 = ORIENTED_EDGE('',*,*,#9329,.T.);
#10257 = PLANE('',#10258);
#10258 = AXIS2_PLACEMENT_3D('',#10259,#10260,#10261);
#10259 = CARTESIAN_POINT('',(-1.975,-1.8446,1.7396));
#10260 = DIRECTION('',(0.,0.,1.));
#10261 = DIRECTION('',(0.,1.,0.));
#10262 = ADVANCED_FACE('',(#10263),#10274,.F.);
#10263 = FACE_BOUND('',#10264,.F.);
#10264 = EDGE_LOOP('',(#10265,#10266,#10272,#10273));
#10265 = ORIENTED_EDGE('',*,*,#9837,.F.);
#10266 = ORIENTED_EDGE('',*,*,#10267,.T.);
#10267 = EDGE_CURVE('',#9830,#9940,#10268,.T.);
#10268 = LINE('',#10269,#10270);
#10269 = CARTESIAN_POINT('',(-0.725,-1.8446,1.7396));
#10270 = VECTOR('',#10271,1.);
#10271 = DIRECTION('',(1.,0.,0.));
#10272 = ORIENTED_EDGE('',*,*,#9947,.T.);
#10273 = ORIENTED_EDGE('',*,*,#9302,.T.);
#10274 = PLANE('',#10275);
#10275 = AXIS2_PLACEMENT_3D('',#10276,#10277,#10278);
#10276 = CARTESIAN_POINT('',(-0.725,-1.8446,1.7396));
#10277 = DIRECTION('',(0.,0.,1.));
#10278 = DIRECTION('',(0.,1.,0.));
#10279 = ADVANCED_FACE('',(#10280),#10291,.F.);
#10280 = FACE_BOUND('',#10281,.F.);
#10281 = EDGE_LOOP('',(#10282,#10283,#10289,#10290));
#10282 = ORIENTED_EDGE('',*,*,#9922,.F.);
#10283 = ORIENTED_EDGE('',*,*,#10284,.T.);
#10284 = EDGE_CURVE('',#9915,#9738,#10285,.T.);
#10285 = LINE('',#10286,#10287);
#10286 = CARTESIAN_POINT('',(0.525,-1.8446,1.7396));
#10287 = VECTOR('',#10288,1.);
#10288 = DIRECTION('',(1.,0.,0.));
#10289 = ORIENTED_EDGE('',*,*,#9745,.T.);
#10290 = ORIENTED_EDGE('',*,*,#9275,.T.);
#10291 = PLANE('',#10292);
#10292 = AXIS2_PLACEMENT_3D('',#10293,#10294,#10295);
#10293 = CARTESIAN_POINT('',(0.525,-1.8446,1.7396));
#10294 = DIRECTION('',(0.,0.,1.));
#10295 = DIRECTION('',(0.,1.,0.));
#10296 = ADVANCED_FACE('',(#10297),#10308,.F.);
#10297 = FACE_BOUND('',#10298,.F.);
#10298 = EDGE_LOOP('',(#10299,#10300,#10306,#10307));
#10299 = ORIENTED_EDGE('',*,*,#9688,.F.);
#10300 = ORIENTED_EDGE('',*,*,#10301,.T.);
#10301 = EDGE_CURVE('',#9681,#9504,#10302,.T.);
#10302 = LINE('',#10303,#10304);
#10303 = CARTESIAN_POINT('',(1.775,-1.8446,1.7396));
#10304 = VECTOR('',#10305,1.);
#10305 = DIRECTION('',(1.,0.,0.));
#10306 = ORIENTED_EDGE('',*,*,#9511,.T.);
#10307 = ORIENTED_EDGE('',*,*,#9248,.T.);
#10308 = PLANE('',#10309);
#10309 = AXIS2_PLACEMENT_3D('',#10310,#10311,#10312);
#10310 = CARTESIAN_POINT('',(1.775,-1.8446,1.7396));
#10311 = DIRECTION('',(0.,0.,1.));
#10312 = DIRECTION('',(0.,1.,0.));
#10313 = ADVANCED_FACE('',(#10314),#10347,.F.);
#10314 = FACE_BOUND('',#10315,.F.);
#10315 = EDGE_LOOP('',(#10316,#10324,#10325,#10333,#10341));
#10316 = ORIENTED_EDGE('',*,*,#10317,.T.);
#10317 = EDGE_CURVE('',#10318,#9352,#10320,.T.);
#10318 = VERTEX_POINT('',#10319);
#10319 = CARTESIAN_POINT('',(1.775,-2.0946,0.6696));
#10320 = LINE('',#10321,#10322);
#10321 = CARTESIAN_POINT('',(1.775,-2.0946,0.6696));
#10322 = VECTOR('',#10323,1.);
#10323 = DIRECTION('',(0.,1.,0.));
#10324 = ORIENTED_EDGE('',*,*,#9351,.T.);
#10325 = ORIENTED_EDGE('',*,*,#10326,.T.);
#10326 = EDGE_CURVE('',#9354,#10327,#10329,.T.);
#10327 = VERTEX_POINT('',#10328);
#10328 = CARTESIAN_POINT('',(1.775,-1.6946,0.9996));
#10329 = LINE('',#10330,#10331);
#10330 = CARTESIAN_POINT('',(1.775,0.7054,0.9996));
#10331 = VECTOR('',#10332,1.);
#10332 = DIRECTION('',(0.,-1.,0.));
#10333 = ORIENTED_EDGE('',*,*,#10334,.T.);
#10334 = EDGE_CURVE('',#10327,#10335,#10337,.T.);
#10335 = VERTEX_POINT('',#10336);
#10336 = CARTESIAN_POINT('',(1.775,-2.0946,0.8396));
#10337 = LINE('',#10338,#10339);
#10338 = CARTESIAN_POINT('',(1.775,-1.6946,0.9996));
#10339 = VECTOR('',#10340,1.);
#10340 = DIRECTION('',(0.,-0.928476690885,-0.371390676354));
#10341 = ORIENTED_EDGE('',*,*,#10342,.T.);
#10342 = EDGE_CURVE('',#10335,#10318,#10343,.T.);
#10343 = LINE('',#10344,#10345);
#10344 = CARTESIAN_POINT('',(1.775,-2.0946,0.8396));
#10345 = VECTOR('',#10346,1.);
#10346 = DIRECTION('',(0.,0.,-1.));
#10347 = PLANE('',#10348);
#10348 = AXIS2_PLACEMENT_3D('',#10349,#10350,#10351);
#10349 = CARTESIAN_POINT('',(1.775,1.293108022955E-02,1.127283611688));
#10350 = DIRECTION('',(1.,-1.250603656852E-18,2.809082092746E-18));
#10351 = DIRECTION('',(-2.809082092746E-18,0.,1.));
#10352 = ADVANCED_FACE('',(#10353),#10371,.F.);
#10353 = FACE_BOUND('',#10354,.F.);
#10354 = EDGE_LOOP('',(#10355,#10356,#10364,#10370));
#10355 = ORIENTED_EDGE('',*,*,#10317,.F.);
#10356 = ORIENTED_EDGE('',*,*,#10357,.T.);
#10357 = EDGE_CURVE('',#10318,#10358,#10360,.T.);
#10358 = VERTEX_POINT('',#10359);
#10359 = CARTESIAN_POINT('',(1.975,-2.0946,0.6696));
#10360 = LINE('',#10361,#10362);
#10361 = CARTESIAN_POINT('',(1.775,-2.0946,0.6696));
#10362 = VECTOR('',#10363,1.);
#10363 = DIRECTION('',(1.,0.,0.));
#10364 = ORIENTED_EDGE('',*,*,#10365,.T.);
#10365 = EDGE_CURVE('',#10358,#9370,#10366,.T.);
#10366 = LINE('',#10367,#10368);
#10367 = CARTESIAN_POINT('',(1.975,-2.0946,0.6696));
#10368 = VECTOR('',#10369,1.);
#10369 = DIRECTION('',(0.,1.,0.));
#10370 = ORIENTED_EDGE('',*,*,#9377,.T.);
#10371 = PLANE('',#10372);
#10372 = AXIS2_PLACEMENT_3D('',#10373,#10374,#10375);
#10373 = CARTESIAN_POINT('',(1.775,-2.0946,0.6696));
#10374 = DIRECTION('',(0.,0.,1.));
#10375 = DIRECTION('',(0.,1.,0.));
#10376 = ADVANCED_FACE('',(#10377),#10403,.T.);
#10377 = FACE_BOUND('',#10378,.T.);
#10378 = EDGE_LOOP('',(#10379,#10380,#10381,#10389,#10397));
#10379 = ORIENTED_EDGE('',*,*,#10365,.T.);
#10380 = ORIENTED_EDGE('',*,*,#9369,.T.);
#10381 = ORIENTED_EDGE('',*,*,#10382,.T.);
#10382 = EDGE_CURVE('',#9362,#10383,#10385,.T.);
#10383 = VERTEX_POINT('',#10384);
#10384 = CARTESIAN_POINT('',(1.975,-1.6946,0.9996));
#10385 = LINE('',#10386,#10387);
#10386 = CARTESIAN_POINT('',(1.975,0.7054,0.9996));
#10387 = VECTOR('',#10388,1.);
#10388 = DIRECTION('',(0.,-1.,0.));
#10389 = ORIENTED_EDGE('',*,*,#10390,.T.);
#10390 = EDGE_CURVE('',#10383,#10391,#10393,.T.);
#10391 = VERTEX_POINT('',#10392);
#10392 = CARTESIAN_POINT('',(1.975,-2.0946,0.8396));
#10393 = LINE('',#10394,#10395);
#10394 = CARTESIAN_POINT('',(1.975,-1.6946,0.9996));
#10395 = VECTOR('',#10396,1.);
#10396 = DIRECTION('',(0.,-0.928476690885,-0.371390676354));
#10397 = ORIENTED_EDGE('',*,*,#10398,.T.);
#10398 = EDGE_CURVE('',#10391,#10358,#10399,.T.);
#10399 = LINE('',#10400,#10401);
#10400 = CARTESIAN_POINT('',(1.975,-2.0946,0.8396));
#10401 = VECTOR('',#10402,1.);
#10402 = DIRECTION('',(0.,0.,-1.));
#10403 = PLANE('',#10404);
#10404 = AXIS2_PLACEMENT_3D('',#10405,#10406,#10407);
#10405 = CARTESIAN_POINT('',(1.975,1.293108022955E-02,1.127283611688));
#10406 = DIRECTION('',(1.,-1.250603656852E-18,2.809082092746E-18));
#10407 = DIRECTION('',(-2.809082092746E-18,0.,1.));
#10408 = ADVANCED_FACE('',(#10409),#10420,.F.);
#10409 = FACE_BOUND('',#10410,.F.);
#10410 = EDGE_LOOP('',(#10411,#10412,#10413,#10414));
#10411 = ORIENTED_EDGE('',*,*,#10326,.F.);
#10412 = ORIENTED_EDGE('',*,*,#9361,.T.);
#10413 = ORIENTED_EDGE('',*,*,#10382,.T.);
#10414 = ORIENTED_EDGE('',*,*,#10415,.F.);
#10415 = EDGE_CURVE('',#10327,#10383,#10416,.T.);
#10416 = LINE('',#10417,#10418);
#10417 = CARTESIAN_POINT('',(1.775,-1.6946,0.9996));
#10418 = VECTOR('',#10419,1.);
#10419 = DIRECTION('',(1.,0.,0.));
#10420 = PLANE('',#10421);
#10421 = AXIS2_PLACEMENT_3D('',#10422,#10423,#10424);
#10422 = CARTESIAN_POINT('',(1.775,0.7054,0.9996));
#10423 = DIRECTION('',(0.,0.,-1.));
#10424 = DIRECTION('',(0.,-1.,0.));
#10425 = ADVANCED_FACE('',(#10426),#10459,.F.);
#10426 = FACE_BOUND('',#10427,.F.);
#10427 = EDGE_LOOP('',(#10428,#10436,#10437,#10445,#10453));
#10428 = ORIENTED_EDGE('',*,*,#10429,.T.);
#10429 = EDGE_CURVE('',#10430,#9386,#10432,.T.);
#10430 = VERTEX_POINT('',#10431);
#10431 = CARTESIAN_POINT('',(0.525,-2.0946,0.6696));
#10432 = LINE('',#10433,#10434);
#10433 = CARTESIAN_POINT('',(0.525,-2.0946,0.6696));
#10434 = VECTOR('',#10435,1.);
#10435 = DIRECTION('',(0.,1.,0.));
#10436 = ORIENTED_EDGE('',*,*,#9385,.T.);
#10437 = ORIENTED_EDGE('',*,*,#10438,.T.);
#10438 = EDGE_CURVE('',#9388,#10439,#10441,.T.);
#10439 = VERTEX_POINT('',#10440);
#10440 = CARTESIAN_POINT('',(0.525,-1.6946,0.9996));
#10441 = LINE('',#10442,#10443);
#10442 = CARTESIAN_POINT('',(0.525,0.7054,0.9996));
#10443 = VECTOR('',#10444,1.);
#10444 = DIRECTION('',(0.,-1.,0.));
#10445 = ORIENTED_EDGE('',*,*,#10446,.T.);
#10446 = EDGE_CURVE('',#10439,#10447,#10449,.T.);
#10447 = VERTEX_POINT('',#10448);
#10448 = CARTESIAN_POINT('',(0.525,-2.0946,0.8396));
#10449 = LINE('',#10450,#10451);
#10450 = CARTESIAN_POINT('',(0.525,-1.6946,0.9996));
#10451 = VECTOR('',#10452,1.);
#10452 = DIRECTION('',(0.,-0.928476690885,-0.371390676354));
#10453 = ORIENTED_EDGE('',*,*,#10454,.T.);
#10454 = EDGE_CURVE('',#10447,#10430,#10455,.T.);
#10455 = LINE('',#10456,#10457);
#10456 = CARTESIAN_POINT('',(0.525,-2.0946,0.8396));
#10457 = VECTOR('',#10458,1.);
#10458 = DIRECTION('',(0.,0.,-1.));
#10459 = PLANE('',#10460);
#10460 = AXIS2_PLACEMENT_3D('',#10461,#10462,#10463);
#10461 = CARTESIAN_POINT('',(0.525,1.293108022955E-02,1.127283611688));
#10462 = DIRECTION('',(1.,-1.250603656852E-18,2.809082092746E-18));
#10463 = DIRECTION('',(-2.809082092746E-18,0.,1.));
#10464 = ADVANCED_FACE('',(#10465),#10483,.F.);
#10465 = FACE_BOUND('',#10466,.F.);
#10466 = EDGE_LOOP('',(#10467,#10468,#10476,#10482));
#10467 = ORIENTED_EDGE('',*,*,#10429,.F.);
#10468 = ORIENTED_EDGE('',*,*,#10469,.T.);
#10469 = EDGE_CURVE('',#10430,#10470,#10472,.T.);
#10470 = VERTEX_POINT('',#10471);
#10471 = CARTESIAN_POINT('',(0.725,-2.0946,0.6696));
#10472 = LINE('',#10473,#10474);
#10473 = CARTESIAN_POINT('',(0.525,-2.0946,0.6696));
#10474 = VECTOR('',#10475,1.);
#10475 = DIRECTION('',(1.,0.,0.));
#10476 = ORIENTED_EDGE('',*,*,#10477,.T.);
#10477 = EDGE_CURVE('',#10470,#9404,#10478,.T.);
#10478 = LINE('',#10479,#10480);
#10479 = CARTESIAN_POINT('',(0.725,-2.0946,0.6696));
#10480 = VECTOR('',#10481,1.);
#10481 = DIRECTION('',(0.,1.,0.));
#10482 = ORIENTED_EDGE('',*,*,#9411,.T.);
#10483 = PLANE('',#10484);
#10484 = AXIS2_PLACEMENT_3D('',#10485,#10486,#10487);
#10485 = CARTESIAN_POINT('',(0.525,-2.0946,0.6696));
#10486 = DIRECTION('',(0.,0.,1.));
#10487 = DIRECTION('',(0.,1.,0.));
#10488 = ADVANCED_FACE('',(#10489),#10515,.T.);
#10489 = FACE_BOUND('',#10490,.T.);
#10490 = EDGE_LOOP('',(#10491,#10492,#10493,#10501,#10509));
#10491 = ORIENTED_EDGE('',*,*,#10477,.T.);
#10492 = ORIENTED_EDGE('',*,*,#9403,.T.);
#10493 = ORIENTED_EDGE('',*,*,#10494,.T.);
#10494 = EDGE_CURVE('',#9396,#10495,#10497,.T.);
#10495 = VERTEX_POINT('',#10496);
#10496 = CARTESIAN_POINT('',(0.725,-1.6946,0.9996));
#10497 = LINE('',#10498,#10499);
#10498 = CARTESIAN_POINT('',(0.725,0.7054,0.9996));
#10499 = VECTOR('',#10500,1.);
#10500 = DIRECTION('',(0.,-1.,0.));
#10501 = ORIENTED_EDGE('',*,*,#10502,.T.);
#10502 = EDGE_CURVE('',#10495,#10503,#10505,.T.);
#10503 = VERTEX_POINT('',#10504);
#10504 = CARTESIAN_POINT('',(0.725,-2.0946,0.8396));
#10505 = LINE('',#10506,#10507);
#10506 = CARTESIAN_POINT('',(0.725,-1.6946,0.9996));
#10507 = VECTOR('',#10508,1.);
#10508 = DIRECTION('',(0.,-0.928476690885,-0.371390676354));
#10509 = ORIENTED_EDGE('',*,*,#10510,.T.);
#10510 = EDGE_CURVE('',#10503,#10470,#10511,.T.);
#10511 = LINE('',#10512,#10513);
#10512 = CARTESIAN_POINT('',(0.725,-2.0946,0.8396));
#10513 = VECTOR('',#10514,1.);
#10514 = DIRECTION('',(0.,0.,-1.));
#10515 = PLANE('',#10516);
#10516 = AXIS2_PLACEMENT_3D('',#10517,#10518,#10519);
#10517 = CARTESIAN_POINT('',(0.725,1.293108022955E-02,1.127283611688));
#10518 = DIRECTION('',(1.,-1.250603656852E-18,2.809082092746E-18));
#10519 = DIRECTION('',(-2.809082092746E-18,0.,1.));
#10520 = ADVANCED_FACE('',(#10521),#10532,.F.);
#10521 = FACE_BOUND('',#10522,.F.);
#10522 = EDGE_LOOP('',(#10523,#10524,#10525,#10526));
#10523 = ORIENTED_EDGE('',*,*,#10438,.F.);
#10524 = ORIENTED_EDGE('',*,*,#9395,.T.);
#10525 = ORIENTED_EDGE('',*,*,#10494,.T.);
#10526 = ORIENTED_EDGE('',*,*,#10527,.F.);
#10527 = EDGE_CURVE('',#10439,#10495,#10528,.T.);
#10528 = LINE('',#10529,#10530);
#10529 = CARTESIAN_POINT('',(0.525,-1.6946,0.9996));
#10530 = VECTOR('',#10531,1.);
#10531 = DIRECTION('',(1.,0.,0.));
#10532 = PLANE('',#10533);
#10533 = AXIS2_PLACEMENT_3D('',#10534,#10535,#10536);
#10534 = CARTESIAN_POINT('',(0.525,0.7054,0.9996));
#10535 = DIRECTION('',(0.,0.,-1.));
#10536 = DIRECTION('',(0.,-1.,0.));
#10537 = ADVANCED_FACE('',(#10538),#10571,.F.);
#10538 = FACE_BOUND('',#10539,.F.);
#10539 = EDGE_LOOP('',(#10540,#10548,#10549,#10557,#10565));
#10540 = ORIENTED_EDGE('',*,*,#10541,.T.);
#10541 = EDGE_CURVE('',#10542,#9420,#10544,.T.);
#10542 = VERTEX_POINT('',#10543);
#10543 = CARTESIAN_POINT('',(-0.725,-2.0946,0.6696));
#10544 = LINE('',#10545,#10546);
#10545 = CARTESIAN_POINT('',(-0.725,-2.0946,0.6696));
#10546 = VECTOR('',#10547,1.);
#10547 = DIRECTION('',(0.,1.,0.));
#10548 = ORIENTED_EDGE('',*,*,#9419,.T.);
#10549 = ORIENTED_EDGE('',*,*,#10550,.T.);
#10550 = EDGE_CURVE('',#9422,#10551,#10553,.T.);
#10551 = VERTEX_POINT('',#10552);
#10552 = CARTESIAN_POINT('',(-0.725,-1.6946,0.9996));
#10553 = LINE('',#10554,#10555);
#10554 = CARTESIAN_POINT('',(-0.725,0.7054,0.9996));
#10555 = VECTOR('',#10556,1.);
#10556 = DIRECTION('',(0.,-1.,0.));
#10557 = ORIENTED_EDGE('',*,*,#10558,.T.);
#10558 = EDGE_CURVE('',#10551,#10559,#10561,.T.);
#10559 = VERTEX_POINT('',#10560);
#10560 = CARTESIAN_POINT('',(-0.725,-2.0946,0.8396));
#10561 = LINE('',#10562,#10563);
#10562 = CARTESIAN_POINT('',(-0.725,-1.6946,0.9996));
#10563 = VECTOR('',#10564,1.);
#10564 = DIRECTION('',(0.,-0.928476690885,-0.371390676354));
#10565 = ORIENTED_EDGE('',*,*,#10566,.T.);
#10566 = EDGE_CURVE('',#10559,#10542,#10567,.T.);
#10567 = LINE('',#10568,#10569);
#10568 = CARTESIAN_POINT('',(-0.725,-2.0946,0.8396));
#10569 = VECTOR('',#10570,1.);
#10570 = DIRECTION('',(0.,0.,-1.));
#10571 = PLANE('',#10572);
#10572 = AXIS2_PLACEMENT_3D('',#10573,#10574,#10575);
#10573 = CARTESIAN_POINT('',(-0.725,1.293108022955E-02,1.127283611688));
#10574 = DIRECTION('',(1.,-1.250603656852E-18,2.809082092746E-18));
#10575 = DIRECTION('',(-2.809082092746E-18,0.,1.));
#10576 = ADVANCED_FACE('',(#10577),#10595,.F.);
#10577 = FACE_BOUND('',#10578,.F.);
#10578 = EDGE_LOOP('',(#10579,#10580,#10588,#10594));
#10579 = ORIENTED_EDGE('',*,*,#10541,.F.);
#10580 = ORIENTED_EDGE('',*,*,#10581,.T.);
#10581 = EDGE_CURVE('',#10542,#10582,#10584,.T.);
#10582 = VERTEX_POINT('',#10583);
#10583 = CARTESIAN_POINT('',(-0.525,-2.0946,0.6696));
#10584 = LINE('',#10585,#10586);
#10585 = CARTESIAN_POINT('',(-0.725,-2.0946,0.6696));
#10586 = VECTOR('',#10587,1.);
#10587 = DIRECTION('',(1.,0.,0.));
#10588 = ORIENTED_EDGE('',*,*,#10589,.T.);
#10589 = EDGE_CURVE('',#10582,#9438,#10590,.T.);
#10590 = LINE('',#10591,#10592);
#10591 = CARTESIAN_POINT('',(-0.525,-2.0946,0.6696));
#10592 = VECTOR('',#10593,1.);
#10593 = DIRECTION('',(0.,1.,0.));
#10594 = ORIENTED_EDGE('',*,*,#9445,.T.);
#10595 = PLANE('',#10596);
#10596 = AXIS2_PLACEMENT_3D('',#10597,#10598,#10599);
#10597 = CARTESIAN_POINT('',(-0.725,-2.0946,0.6696));
#10598 = DIRECTION('',(0.,0.,1.));
#10599 = DIRECTION('',(0.,1.,0.));
#10600 = ADVANCED_FACE('',(#10601),#10627,.T.);
#10601 = FACE_BOUND('',#10602,.T.);
#10602 = EDGE_LOOP('',(#10603,#10604,#10605,#10613,#10621));
#10603 = ORIENTED_EDGE('',*,*,#10589,.T.);
#10604 = ORIENTED_EDGE('',*,*,#9437,.T.);
#10605 = ORIENTED_EDGE('',*,*,#10606,.T.);
#10606 = EDGE_CURVE('',#9430,#10607,#10609,.T.);
#10607 = VERTEX_POINT('',#10608);
#10608 = CARTESIAN_POINT('',(-0.525,-1.6946,0.9996));
#10609 = LINE('',#10610,#10611);
#10610 = CARTESIAN_POINT('',(-0.525,0.7054,0.9996));
#10611 = VECTOR('',#10612,1.);
#10612 = DIRECTION('',(0.,-1.,0.));
#10613 = ORIENTED_EDGE('',*,*,#10614,.T.);
#10614 = EDGE_CURVE('',#10607,#10615,#10617,.T.);
#10615 = VERTEX_POINT('',#10616);
#10616 = CARTESIAN_POINT('',(-0.525,-2.0946,0.8396));
#10617 = LINE('',#10618,#10619);
#10618 = CARTESIAN_POINT('',(-0.525,-1.6946,0.9996));
#10619 = VECTOR('',#10620,1.);
#10620 = DIRECTION('',(0.,-0.928476690885,-0.371390676354));
#10621 = ORIENTED_EDGE('',*,*,#10622,.T.);
#10622 = EDGE_CURVE('',#10615,#10582,#10623,.T.);
#10623 = LINE('',#10624,#10625);
#10624 = CARTESIAN_POINT('',(-0.525,-2.0946,0.8396));
#10625 = VECTOR('',#10626,1.);
#10626 = DIRECTION('',(0.,0.,-1.));
#10627 = PLANE('',#10628);
#10628 = AXIS2_PLACEMENT_3D('',#10629,#10630,#10631);
#10629 = CARTESIAN_POINT('',(-0.525,1.293108022955E-02,1.127283611688));
#10630 = DIRECTION('',(1.,-1.250603656852E-18,2.809082092746E-18));
#10631 = DIRECTION('',(-2.809082092746E-18,0.,1.));
#10632 = ADVANCED_FACE('',(#10633),#10644,.F.);
#10633 = FACE_BOUND('',#10634,.F.);
#10634 = EDGE_LOOP('',(#10635,#10636,#10637,#10638));
#10635 = ORIENTED_EDGE('',*,*,#10550,.F.);
#10636 = ORIENTED_EDGE('',*,*,#9429,.T.);
#10637 = ORIENTED_EDGE('',*,*,#10606,.T.);
#10638 = ORIENTED_EDGE('',*,*,#10639,.F.);
#10639 = EDGE_CURVE('',#10551,#10607,#10640,.T.);
#10640 = LINE('',#10641,#10642);
#10641 = CARTESIAN_POINT('',(-0.725,-1.6946,0.9996));
#10642 = VECTOR('',#10643,1.);
#10643 = DIRECTION('',(1.,0.,0.));
#10644 = PLANE('',#10645);
#10645 = AXIS2_PLACEMENT_3D('',#10646,#10647,#10648);
#10646 = CARTESIAN_POINT('',(-0.725,0.7054,0.9996));
#10647 = DIRECTION('',(0.,0.,-1.));
#10648 = DIRECTION('',(0.,-1.,0.));
#10649 = ADVANCED_FACE('',(#10650),#10675,.F.);
#10650 = FACE_BOUND('',#10651,.F.);
#10651 = EDGE_LOOP('',(#10652,#10660,#10668,#10674));
#10652 = ORIENTED_EDGE('',*,*,#10653,.F.);
#10653 = EDGE_CURVE('',#10654,#9456,#10656,.T.);
#10654 = VERTEX_POINT('',#10655);
#10655 = CARTESIAN_POINT('',(-1.975,-2.0946,0.6696));
#10656 = LINE('',#10657,#10658);
#10657 = CARTESIAN_POINT('',(-1.975,-2.0946,0.6696));
#10658 = VECTOR('',#10659,1.);
#10659 = DIRECTION('',(0.,1.,0.));
#10660 = ORIENTED_EDGE('',*,*,#10661,.T.);
#10661 = EDGE_CURVE('',#10654,#10662,#10664,.T.);
#10662 = VERTEX_POINT('',#10663);
#10663 = CARTESIAN_POINT('',(-1.775,-2.0946,0.6696));
#10664 = LINE('',#10665,#10666);
#10665 = CARTESIAN_POINT('',(-1.975,-2.0946,0.6696));
#10666 = VECTOR('',#10667,1.);
#10667 = DIRECTION('',(1.,0.,0.));
#10668 = ORIENTED_EDGE('',*,*,#10669,.T.);
#10669 = EDGE_CURVE('',#10662,#9454,#10670,.T.);
#10670 = LINE('',#10671,#10672);
#10671 = CARTESIAN_POINT('',(-1.775,-2.0946,0.6696));
#10672 = VECTOR('',#10673,1.);
#10673 = DIRECTION('',(0.,1.,0.));
#10674 = ORIENTED_EDGE('',*,*,#9453,.T.);
#10675 = PLANE('',#10676);
#10676 = AXIS2_PLACEMENT_3D('',#10677,#10678,#10679);
#10677 = CARTESIAN_POINT('',(-1.975,-2.0946,0.6696));
#10678 = DIRECTION('',(0.,0.,1.));
#10679 = DIRECTION('',(0.,1.,0.));
#10680 = ADVANCED_FACE('',(#10681),#10707,.T.);
#10681 = FACE_BOUND('',#10682,.T.);
#10682 = EDGE_LOOP('',(#10683,#10684,#10685,#10693,#10701));
#10683 = ORIENTED_EDGE('',*,*,#10669,.T.);
#10684 = ORIENTED_EDGE('',*,*,#9479,.T.);
#10685 = ORIENTED_EDGE('',*,*,#10686,.T.);
#10686 = EDGE_CURVE('',#9472,#10687,#10689,.T.);
#10687 = VERTEX_POINT('',#10688);
#10688 = CARTESIAN_POINT('',(-1.775,-1.6946,0.9996));
#10689 = LINE('',#10690,#10691);
#10690 = CARTESIAN_POINT('',(-1.775,0.7054,0.9996));
#10691 = VECTOR('',#10692,1.);
#10692 = DIRECTION('',(0.,-1.,0.));
#10693 = ORIENTED_EDGE('',*,*,#10694,.T.);
#10694 = EDGE_CURVE('',#10687,#10695,#10697,.T.);
#10695 = VERTEX_POINT('',#10696);
#10696 = CARTESIAN_POINT('',(-1.775,-2.0946,0.8396));
#10697 = LINE('',#10698,#10699);
#10698 = CARTESIAN_POINT('',(-1.775,-1.6946,0.9996));
#10699 = VECTOR('',#10700,1.);
#10700 = DIRECTION('',(0.,-0.928476690885,-0.371390676354));
#10701 = ORIENTED_EDGE('',*,*,#10702,.T.);
#10702 = EDGE_CURVE('',#10695,#10662,#10703,.T.);
#10703 = LINE('',#10704,#10705);
#10704 = CARTESIAN_POINT('',(-1.775,-2.0946,0.8396));
#10705 = VECTOR('',#10706,1.);
#10706 = DIRECTION('',(0.,0.,-1.));
#10707 = PLANE('',#10708);
#10708 = AXIS2_PLACEMENT_3D('',#10709,#10710,#10711);
#10709 = CARTESIAN_POINT('',(-1.775,1.293108022955E-02,1.127283611688));
#10710 = DIRECTION('',(1.,-1.250603656852E-18,2.809082092746E-18));
#10711 = DIRECTION('',(-2.809082092746E-18,0.,1.));
#10712 = ADVANCED_FACE('',(#10713),#10731,.F.);
#10713 = FACE_BOUND('',#10714,.F.);
#10714 = EDGE_LOOP('',(#10715,#10723,#10724,#10725));
#10715 = ORIENTED_EDGE('',*,*,#10716,.F.);
#10716 = EDGE_CURVE('',#9464,#10717,#10719,.T.);
#10717 = VERTEX_POINT('',#10718);
#10718 = CARTESIAN_POINT('',(-1.975,-1.6946,0.9996));
#10719 = LINE('',#10720,#10721);
#10720 = CARTESIAN_POINT('',(-1.975,0.7054,0.9996));
#10721 = VECTOR('',#10722,1.);
#10722 = DIRECTION('',(0.,-1.,0.));
#10723 = ORIENTED_EDGE('',*,*,#9471,.T.);
#10724 = ORIENTED_EDGE('',*,*,#10686,.T.);
#10725 = ORIENTED_EDGE('',*,*,#10726,.F.);
#10726 = EDGE_CURVE('',#10717,#10687,#10727,.T.);
#10727 = LINE('',#10728,#10729);
#10728 = CARTESIAN_POINT('',(-1.975,-1.6946,0.9996));
#10729 = VECTOR('',#10730,1.);
#10730 = DIRECTION('',(1.,0.,0.));
#10731 = PLANE('',#10732);
#10732 = AXIS2_PLACEMENT_3D('',#10733,#10734,#10735);
#10733 = CARTESIAN_POINT('',(-1.975,0.7054,0.9996));
#10734 = DIRECTION('',(0.,0.,-1.));
#10735 = DIRECTION('',(0.,-1.,0.));
#10736 = ADVANCED_FACE('',(#10737),#10756,.F.);
#10737 = FACE_BOUND('',#10738,.F.);
#10738 = EDGE_LOOP('',(#10739,#10740,#10741,#10742,#10750));
#10739 = ORIENTED_EDGE('',*,*,#10653,.T.);
#10740 = ORIENTED_EDGE('',*,*,#9463,.T.);
#10741 = ORIENTED_EDGE('',*,*,#10716,.T.);
#10742 = ORIENTED_EDGE('',*,*,#10743,.T.);
#10743 = EDGE_CURVE('',#10717,#10744,#10746,.T.);
#10744 = VERTEX_POINT('',#10745);
#10745 = CARTESIAN_POINT('',(-1.975,-2.0946,0.8396));
#10746 = LINE('',#10747,#10748);
#10747 = CARTESIAN_POINT('',(-1.975,-1.6946,0.9996));
#10748 = VECTOR('',#10749,1.);
#10749 = DIRECTION('',(0.,-0.928476690885,-0.371390676354));
#10750 = ORIENTED_EDGE('',*,*,#10751,.T.);
#10751 = EDGE_CURVE('',#10744,#10654,#10752,.T.);
#10752 = LINE('',#10753,#10754);
#10753 = CARTESIAN_POINT('',(-1.975,-2.0946,0.8396));
#10754 = VECTOR('',#10755,1.);
#10755 = DIRECTION('',(0.,0.,-1.));
#10756 = PLANE('',#10757);
#10757 = AXIS2_PLACEMENT_3D('',#10758,#10759,#10760);
#10758 = CARTESIAN_POINT('',(-1.975,1.293108022955E-02,1.127283611688));
#10759 = DIRECTION('',(1.,-1.250603656852E-18,2.809082092746E-18));
#10760 = DIRECTION('',(-2.809082092746E-18,0.,1.));
#10761 = ADVANCED_FACE('',(#10762),#10768,.F.);
#10762 = FACE_BOUND('',#10763,.F.);
#10763 = EDGE_LOOP('',(#10764,#10765,#10766,#10767));
#10764 = ORIENTED_EDGE('',*,*,#9562,.T.);
#10765 = ORIENTED_EDGE('',*,*,#9503,.T.);
#10766 = ORIENTED_EDGE('',*,*,#10301,.F.);
#10767 = ORIENTED_EDGE('',*,*,#9680,.F.);
#10768 = PLANE('',#10769);
#10769 = AXIS2_PLACEMENT_3D('',#10770,#10771,#10772);
#10770 = CARTESIAN_POINT('',(1.775,-1.8446,1.6696));
#10771 = DIRECTION('',(0.,-1.,0.));
#10772 = DIRECTION('',(0.,0.,1.));
#10773 = ADVANCED_FACE('',(#10774),#10780,.F.);
#10774 = FACE_BOUND('',#10775,.F.);
#10775 = EDGE_LOOP('',(#10776,#10777,#10778,#10779));
#10776 = ORIENTED_EDGE('',*,*,#9632,.T.);
#10777 = ORIENTED_EDGE('',*,*,#9705,.T.);
#10778 = ORIENTED_EDGE('',*,*,#10250,.F.);
#10779 = ORIENTED_EDGE('',*,*,#9595,.F.);
#10780 = PLANE('',#10781);
#10781 = AXIS2_PLACEMENT_3D('',#10782,#10783,#10784);
#10782 = CARTESIAN_POINT('',(-1.975,-1.8446,1.6696));
#10783 = DIRECTION('',(0.,-1.,0.));
#10784 = DIRECTION('',(0.,0.,1.));
#10785 = ADVANCED_FACE('',(#10786),#10792,.F.);
#10786 = FACE_BOUND('',#10787,.F.);
#10787 = EDGE_LOOP('',(#10788,#10789,#10790,#10791));
#10788 = ORIENTED_EDGE('',*,*,#9796,.T.);
#10789 = ORIENTED_EDGE('',*,*,#9737,.T.);
#10790 = ORIENTED_EDGE('',*,*,#10284,.F.);
#10791 = ORIENTED_EDGE('',*,*,#9914,.F.);
#10792 = PLANE('',#10793);
#10793 = AXIS2_PLACEMENT_3D('',#10794,#10795,#10796);
#10794 = CARTESIAN_POINT('',(0.525,-1.8446,1.6696));
#10795 = DIRECTION('',(0.,-1.,0.));
#10796 = DIRECTION('',(0.,0.,1.));
#10797 = ADVANCED_FACE('',(#10798),#10804,.F.);
#10798 = FACE_BOUND('',#10799,.F.);
#10799 = EDGE_LOOP('',(#10800,#10801,#10802,#10803));
#10800 = ORIENTED_EDGE('',*,*,#9866,.T.);
#10801 = ORIENTED_EDGE('',*,*,#9939,.T.);
#10802 = ORIENTED_EDGE('',*,*,#10267,.F.);
#10803 = ORIENTED_EDGE('',*,*,#9829,.F.);
#10804 = PLANE('',#10805);
#10805 = AXIS2_PLACEMENT_3D('',#10806,#10807,#10808);
#10806 = CARTESIAN_POINT('',(-0.725,-1.8446,1.6696));
#10807 = DIRECTION('',(0.,-1.,0.));
#10808 = DIRECTION('',(0.,0.,1.));
#10809 = ADVANCED_FACE('',(#10810),#10821,.F.);
#10810 = FACE_BOUND('',#10811,.F.);
#10811 = EDGE_LOOP('',(#10812,#10818,#10819,#10820));
#10812 = ORIENTED_EDGE('',*,*,#10813,.T.);
#10813 = EDGE_CURVE('',#10335,#10391,#10814,.T.);
#10814 = LINE('',#10815,#10816);
#10815 = CARTESIAN_POINT('',(1.775,-2.0946,0.8396));
#10816 = VECTOR('',#10817,1.);
#10817 = DIRECTION('',(1.,0.,0.));
#10818 = ORIENTED_EDGE('',*,*,#10398,.T.);
#10819 = ORIENTED_EDGE('',*,*,#10357,.F.);
#10820 = ORIENTED_EDGE('',*,*,#10342,.F.);
#10821 = PLANE('',#10822);
#10822 = AXIS2_PLACEMENT_3D('',#10823,#10824,#10825);
#10823 = CARTESIAN_POINT('',(1.775,-2.0946,0.8396));
#10824 = DIRECTION('',(0.,1.,0.));
#10825 = DIRECTION('',(0.,0.,-1.));
#10826 = ADVANCED_FACE('',(#10827),#10833,.F.);
#10827 = FACE_BOUND('',#10828,.F.);
#10828 = EDGE_LOOP('',(#10829,#10830,#10831,#10832));
#10829 = ORIENTED_EDGE('',*,*,#10415,.T.);
#10830 = ORIENTED_EDGE('',*,*,#10390,.T.);
#10831 = ORIENTED_EDGE('',*,*,#10813,.F.);
#10832 = ORIENTED_EDGE('',*,*,#10334,.F.);
#10833 = PLANE('',#10834);
#10834 = AXIS2_PLACEMENT_3D('',#10835,#10836,#10837);
#10835 = CARTESIAN_POINT('',(1.775,-1.6946,0.9996));
#10836 = DIRECTION('',(0.,0.371390676354,-0.928476690885));
#10837 = DIRECTION('',(0.,-0.928476690885,-0.371390676354));
#10838 = ADVANCED_FACE('',(#10839),#10850,.F.);
#10839 = FACE_BOUND('',#10840,.F.);
#10840 = EDGE_LOOP('',(#10841,#10847,#10848,#10849));
#10841 = ORIENTED_EDGE('',*,*,#10842,.T.);
#10842 = EDGE_CURVE('',#10447,#10503,#10843,.T.);
#10843 = LINE('',#10844,#10845);
#10844 = CARTESIAN_POINT('',(0.525,-2.0946,0.8396));
#10845 = VECTOR('',#10846,1.);
#10846 = DIRECTION('',(1.,0.,0.));
#10847 = ORIENTED_EDGE('',*,*,#10510,.T.);
#10848 = ORIENTED_EDGE('',*,*,#10469,.F.);
#10849 = ORIENTED_EDGE('',*,*,#10454,.F.);
#10850 = PLANE('',#10851);
#10851 = AXIS2_PLACEMENT_3D('',#10852,#10853,#10854);
#10852 = CARTESIAN_POINT('',(0.525,-2.0946,0.8396));
#10853 = DIRECTION('',(0.,1.,0.));
#10854 = DIRECTION('',(0.,0.,-1.));
#10855 = ADVANCED_FACE('',(#10856),#10862,.F.);
#10856 = FACE_BOUND('',#10857,.F.);
#10857 = EDGE_LOOP('',(#10858,#10859,#10860,#10861));
#10858 = ORIENTED_EDGE('',*,*,#10527,.T.);
#10859 = ORIENTED_EDGE('',*,*,#10502,.T.);
#10860 = ORIENTED_EDGE('',*,*,#10842,.F.);
#10861 = ORIENTED_EDGE('',*,*,#10446,.F.);
#10862 = PLANE('',#10863);
#10863 = AXIS2_PLACEMENT_3D('',#10864,#10865,#10866);
#10864 = CARTESIAN_POINT('',(0.525,-1.6946,0.9996));
#10865 = DIRECTION('',(0.,0.371390676354,-0.928476690885));
#10866 = DIRECTION('',(0.,-0.928476690885,-0.371390676354));
#10867 = ADVANCED_FACE('',(#10868),#10879,.F.);
#10868 = FACE_BOUND('',#10869,.F.);
#10869 = EDGE_LOOP('',(#10870,#10876,#10877,#10878));
#10870 = ORIENTED_EDGE('',*,*,#10871,.T.);
#10871 = EDGE_CURVE('',#10559,#10615,#10872,.T.);
#10872 = LINE('',#10873,#10874);
#10873 = CARTESIAN_POINT('',(-0.725,-2.0946,0.8396));
#10874 = VECTOR('',#10875,1.);
#10875 = DIRECTION('',(1.,0.,0.));
#10876 = ORIENTED_EDGE('',*,*,#10622,.T.);
#10877 = ORIENTED_EDGE('',*,*,#10581,.F.);
#10878 = ORIENTED_EDGE('',*,*,#10566,.F.);
#10879 = PLANE('',#10880);
#10880 = AXIS2_PLACEMENT_3D('',#10881,#10882,#10883);
#10881 = CARTESIAN_POINT('',(-0.725,-2.0946,0.8396));
#10882 = DIRECTION('',(0.,1.,0.));
#10883 = DIRECTION('',(0.,0.,-1.));
#10884 = ADVANCED_FACE('',(#10885),#10891,.F.);
#10885 = FACE_BOUND('',#10886,.F.);
#10886 = EDGE_LOOP('',(#10887,#10888,#10889,#10890));
#10887 = ORIENTED_EDGE('',*,*,#10639,.T.);
#10888 = ORIENTED_EDGE('',*,*,#10614,.T.);
#10889 = ORIENTED_EDGE('',*,*,#10871,.F.);
#10890 = ORIENTED_EDGE('',*,*,#10558,.F.);
#10891 = PLANE('',#10892);
#10892 = AXIS2_PLACEMENT_3D('',#10893,#10894,#10895);
#10893 = CARTESIAN_POINT('',(-0.725,-1.6946,0.9996));
#10894 = DIRECTION('',(0.,0.371390676354,-0.928476690885));
#10895 = DIRECTION('',(0.,-0.928476690885,-0.371390676354));
#10896 = ADVANCED_FACE('',(#10897),#10908,.F.);
#10897 = FACE_BOUND('',#10898,.F.);
#10898 = EDGE_LOOP('',(#10899,#10905,#10906,#10907));
#10899 = ORIENTED_EDGE('',*,*,#10900,.T.);
#10900 = EDGE_CURVE('',#10744,#10695,#10901,.T.);
#10901 = LINE('',#10902,#10903);
#10902 = CARTESIAN_POINT('',(-1.975,-2.0946,0.8396));
#10903 = VECTOR('',#10904,1.);
#10904 = DIRECTION('',(1.,0.,0.));
#10905 = ORIENTED_EDGE('',*,*,#10702,.T.);
#10906 = ORIENTED_EDGE('',*,*,#10661,.F.);
#10907 = ORIENTED_EDGE('',*,*,#10751,.F.);
#10908 = PLANE('',#10909);
#10909 = AXIS2_PLACEMENT_3D('',#10910,#10911,#10912);
#10910 = CARTESIAN_POINT('',(-1.975,-2.0946,0.8396));
#10911 = DIRECTION('',(0.,1.,0.));
#10912 = DIRECTION('',(0.,0.,-1.));
#10913 = ADVANCED_FACE('',(#10914),#10920,.F.);
#10914 = FACE_BOUND('',#10915,.F.);
#10915 = EDGE_LOOP('',(#10916,#10917,#10918,#10919));
#10916 = ORIENTED_EDGE('',*,*,#10726,.T.);
#10917 = ORIENTED_EDGE('',*,*,#10694,.T.);
#10918 = ORIENTED_EDGE('',*,*,#10900,.F.);
#10919 = ORIENTED_EDGE('',*,*,#10743,.F.);
#10920 = PLANE('',#10921);
#10921 = AXIS2_PLACEMENT_3D('',#10922,#10923,#10924);
#10922 = CARTESIAN_POINT('',(-1.975,-1.6946,0.9996));
#10923 = DIRECTION('',(0.,0.371390676354,-0.928476690885));
#10924 = DIRECTION('',(0.,-0.928476690885,-0.371390676354));
#10925 = ( GEOMETRIC_REPRESENTATION_CONTEXT(3) 
GLOBAL_UNCERTAINTY_ASSIGNED_CONTEXT((#10929)) 
GLOBAL_UNIT_ASSIGNED_CONTEXT((#10926,#10927,#10928)) 
REPRESENTATION_CONTEXT('Context #1',
  '3D Context with UNIT and UNCERTAINTY') );
#10926 = ( LENGTH_UNIT() NAMED_UNIT(*) SI_UNIT(.MILLI.,.METRE.) );
#10927 = ( NAMED_UNIT(*) PLANE_ANGLE_UNIT() SI_UNIT($,.RADIAN.) );
#10928 = ( NAMED_UNIT(*) SI_UNIT($,.STERADIAN.) SOLID_ANGLE_UNIT() );
#10929 = UNCERTAINTY_MEASURE_WITH_UNIT(LENGTH_MEASURE(1.E-07),#10926,
  'distance_accuracy_value','confusion accuracy');
#10930 = CONTEXT_DEPENDENT_SHAPE_REPRESENTATION(#10931,#10933);
#10931 = ( REPRESENTATION_RELATIONSHIP('','',#4525,#10) 
REPRESENTATION_RELATIONSHIP_WITH_TRANSFORMATION(#10932) 
SHAPE_REPRESENTATION_RELATIONSHIP() );
#10932 = ITEM_DEFINED_TRANSFORMATION('','',#11,#47);
#10933 = PRODUCT_DEFINITION_SHAPE('Placement','Placement of an item',
  #10934);
#10934 = NEXT_ASSEMBLY_USAGE_OCCURRENCE('9','J1','',#5,#4520,$);
#10935 = PRODUCT_RELATED_PRODUCT_CATEGORY('part',$,(#4522));
#10936 = CONTEXT_DEPENDENT_SHAPE_REPRESENTATION(#10937,#10939);
#10937 = ( REPRESENTATION_RELATIONSHIP('','',#88,#10) 
REPRESENTATION_RELATIONSHIP_WITH_TRANSFORMATION(#10938) 
SHAPE_REPRESENTATION_RELATIONSHIP() );
#10938 = ITEM_DEFINED_TRANSFORMATION('','',#11,#51);
#10939 = PRODUCT_DEFINITION_SHAPE('Placement','Placement of an item',
  #10940);
#10940 = NEXT_ASSEMBLY_USAGE_OCCURRENCE('10','R8','',#5,#83,$);
#10941 = CONTEXT_DEPENDENT_SHAPE_REPRESENTATION(#10942,#10944);
#10942 = ( REPRESENTATION_RELATIONSHIP('','',#88,#10) 
REPRESENTATION_RELATIONSHIP_WITH_TRANSFORMATION(#10943) 
SHAPE_REPRESENTATION_RELATIONSHIP() );
#10943 = ITEM_DEFINED_TRANSFORMATION('','',#11,#55);
#10944 = PRODUCT_DEFINITION_SHAPE('Placement','Placement of an item',
  #10945);
#10945 = NEXT_ASSEMBLY_USAGE_OCCURRENCE('11','R2','',#5,#83,$);
#10946 = CONTEXT_DEPENDENT_SHAPE_REPRESENTATION(#10947,#10949);
#10947 = ( REPRESENTATION_RELATIONSHIP('','',#88,#10) 
REPRESENTATION_RELATIONSHIP_WITH_TRANSFORMATION(#10948) 
SHAPE_REPRESENTATION_RELATIONSHIP() );
#10948 = ITEM_DEFINED_TRANSFORMATION('','',#11,#59);
#10949 = PRODUCT_DEFINITION_SHAPE('Placement','Placement of an item',
  #10950);
#10950 = NEXT_ASSEMBLY_USAGE_OCCURRENCE('12','R5','',#5,#83,$);
#10951 = CONTEXT_DEPENDENT_SHAPE_REPRESENTATION(#10952,#10954);
#10952 = ( REPRESENTATION_RELATIONSHIP('','',#88,#10) 
REPRESENTATION_RELATIONSHIP_WITH_TRANSFORMATION(#10953) 
SHAPE_REPRESENTATION_RELATIONSHIP() );
#10953 = ITEM_DEFINED_TRANSFORMATION('','',#11,#63);
#10954 = PRODUCT_DEFINITION_SHAPE('Placement','Placement of an item',
  #10955);
#10955 = NEXT_ASSEMBLY_USAGE_OCCURRENCE('13','R1','',#5,#83,$);
#10956 = SHAPE_DEFINITION_REPRESENTATION(#10957,#10963);
#10957 = PRODUCT_DEFINITION_SHAPE('','',#10958);
#10958 = PRODUCT_DEFINITION('design','',#10959,#10962);
#10959 = PRODUCT_DEFINITION_FORMATION('','',#10960);
#10960 = PRODUCT('SLSS LightRail_silkscreen','SLSS LightRail_silkscreen'
  ,'',(#10961));
#10961 = PRODUCT_CONTEXT('',#2,'mechanical');
#10962 = PRODUCT_DEFINITION_CONTEXT('part definition',#2,'design');
#10963 = SHAPE_REPRESENTATION('',(#11,#10964,#11032,#11084,#11136,#11320
    ,#11462,#11633,#11776,#11947,#12016,#12068,#12120,#12172,#12224,
    #12276,#12328,#12470,#12641,#12709,#12761,#12813,#12997,#13180,
    #13347,#13518,#13689,#13860,#14063,#14376,#14428,#14480,#14532,
    #14584,#14636,#14688,#14756,#14808,#14860,#15044,#15246,#15290,
    #15334,#15505,#15699,#15743,#15821,#15963,#16032,#16203,#16424,
    #16468,#16512,#16556,#16600,#16771,#17007),#17117);
#10964 = SHELL_BASED_SURFACE_MODEL('',(#10965));
#10965 = OPEN_SHELL('',(#10966));
#10966 = ADVANCED_FACE('',(#10967),#11027,.T.);
#10967 = FACE_BOUND('',#10968,.F.);
#10968 = EDGE_LOOP('',(#10969,#10980,#10988,#10996,#11004,#11012,#11021)
  );
#10969 = ORIENTED_EDGE('',*,*,#10970,.T.);
#10970 = EDGE_CURVE('',#10971,#10973,#10975,.T.);
#10971 = VERTEX_POINT('',#10972);
#10972 = CARTESIAN_POINT('',(196.81,-98.86,1.585));
#10973 = VERTEX_POINT('',#10974);
#10974 = CARTESIAN_POINT('',(196.90529,-98.811476,1.585));
#10975 = CIRCLE('',#10976,5.999960095075E-02);
#10976 = AXIS2_PLACEMENT_3D('',#10977,#10978,#10979);
#10977 = CARTESIAN_POINT('',(196.86999960094,-98.85999960094,1.585));
#10978 = DIRECTION('',(0.,0.,-1.));
#10979 = DIRECTION('',(-0.999999999978,-6.650887191707E-06,-0.));
#10980 = ORIENTED_EDGE('',*,*,#10981,.T.);
#10981 = EDGE_CURVE('',#10973,#10982,#10984,.T.);
#10982 = VERTEX_POINT('',#10983);
#10983 = CARTESIAN_POINT('',(197.23529,-99.051476,1.585));
#10984 = LINE('',#10985,#10986);
#10985 = CARTESIAN_POINT('',(196.90529,-98.811476,1.585));
#10986 = VECTOR('',#10987,1.);
#10987 = DIRECTION('',(0.808736084303,-0.588171697675,0.));
#10988 = ORIENTED_EDGE('',*,*,#10989,.T.);
#10989 = EDGE_CURVE('',#10982,#10990,#10992,.T.);
#10990 = VERTEX_POINT('',#10991);
#10991 = CARTESIAN_POINT('',(197.259266,-99.090642,1.585));
#10992 = LINE('',#10993,#10994);
#10993 = CARTESIAN_POINT('',(197.23529,-99.051476,1.585));
#10994 = VECTOR('',#10995,1.);
#10995 = DIRECTION('',(0.522103432673,-0.852882175679,0.));
#10996 = ORIENTED_EDGE('',*,*,#10997,.T.);
#10997 = EDGE_CURVE('',#10990,#10998,#11000,.T.);
#10998 = VERTEX_POINT('',#10999);
#10999 = CARTESIAN_POINT('',(197.248524,-99.13529,1.585));
#11000 = LINE('',#11001,#11002);
#11001 = CARTESIAN_POINT('',(197.259266,-99.090642,1.585));
#11002 = VECTOR('',#11003,1.);
#11003 = DIRECTION('',(-0.233918140202,-0.972256295266,0.));
#11004 = ORIENTED_EDGE('',*,*,#11005,.T.);
#11005 = EDGE_CURVE('',#10998,#11006,#11008,.T.);
#11006 = VERTEX_POINT('',#11007);
#11007 = CARTESIAN_POINT('',(196.90529,-99.388524,1.585));
#11008 = LINE('',#11009,#11010);
#11009 = CARTESIAN_POINT('',(197.248524,-99.13529,1.585));
#11010 = VECTOR('',#11011,1.);
#11011 = DIRECTION('',(-0.804692108267,-0.593692353743,0.));
#11012 = ORIENTED_EDGE('',*,*,#11013,.T.);
#11013 = EDGE_CURVE('',#11006,#11014,#11016,.T.);
#11014 = VERTEX_POINT('',#11015);
#11015 = CARTESIAN_POINT('',(196.81,-99.34,1.585));
#11016 = CIRCLE('',#11017,5.999941814204E-02);
#11017 = AXIS2_PLACEMENT_3D('',#11018,#11019,#11020);
#11018 = CARTESIAN_POINT('',(196.86999941813,-99.34000075805,1.585));
#11019 = DIRECTION('',(-0.,0.,-1.));
#11020 = DIRECTION('',(0.588182068353,-0.808728541891,-0.));
#11021 = ORIENTED_EDGE('',*,*,#11022,.T.);
#11022 = EDGE_CURVE('',#11014,#10971,#11023,.T.);
#11023 = LINE('',#11024,#11025);
#11024 = CARTESIAN_POINT('',(196.81,-99.34,1.585));
#11025 = VECTOR('',#11026,1.);
#11026 = DIRECTION('',(0.,1.,0.));
#11027 = PLANE('',#11028);
#11028 = AXIS2_PLACEMENT_3D('',#11029,#11030,#11031);
#11029 = CARTESIAN_POINT('',(0.,0.,1.585));
#11030 = DIRECTION('',(0.,0.,1.));
#11031 = DIRECTION('',(1.,0.,-0.));
#11032 = SHELL_BASED_SURFACE_MODEL('',(#11033));
#11033 = OPEN_SHELL('',(#11034));
#11034 = ADVANCED_FACE('',(#11035),#11079,.T.);
#11035 = FACE_BOUND('',#11036,.F.);
#11036 = EDGE_LOOP('',(#11037,#11048,#11056,#11065,#11073));
#11037 = ORIENTED_EDGE('',*,*,#11038,.T.);
#11038 = EDGE_CURVE('',#11039,#11041,#11043,.T.);
#11039 = VERTEX_POINT('',#11040);
#11040 = CARTESIAN_POINT('',(196.944567,-93.577039,1.585));
#11041 = VERTEX_POINT('',#11042);
#11042 = CARTESIAN_POINT('',(197.06,-93.6,1.585));
#11043 = CIRCLE('',#11044,6.000007318647E-02);
#11044 = AXIS2_PLACEMENT_3D('',#11045,#11046,#11047);
#11045 = CARTESIAN_POINT('',(196.99999992681,-93.59999982331,1.585));
#11046 = DIRECTION('',(0.,0.,-1.));
#11047 = DIRECTION('',(-0.923880986637,0.382679921777,0.));
#11048 = ORIENTED_EDGE('',*,*,#11049,.T.);
#11049 = EDGE_CURVE('',#11041,#11050,#11052,.T.);
#11050 = VERTEX_POINT('',#11051);
#11051 = CARTESIAN_POINT('',(197.06,-98.6,1.585));
#11052 = LINE('',#11053,#11054);
#11053 = CARTESIAN_POINT('',(197.06,-93.6,1.585));
#11054 = VECTOR('',#11055,1.);
#11055 = DIRECTION('',(0.,-1.,0.));
#11056 = ORIENTED_EDGE('',*,*,#11057,.T.);
#11057 = EDGE_CURVE('',#11050,#11058,#11060,.T.);
#11058 = VERTEX_POINT('',#11059);
#11059 = CARTESIAN_POINT('',(196.94,-98.6,1.585));
#11060 = CIRCLE('',#11061,6.000000000043E-02);
#11061 = AXIS2_PLACEMENT_3D('',#11062,#11063,#11064);
#11062 = CARTESIAN_POINT('',(197.,-98.60000022558,1.585));
#11063 = DIRECTION('',(0.,0.,-1.));
#11064 = DIRECTION('',(0.999999999993,3.759794253684E-06,0.));
#11065 = ORIENTED_EDGE('',*,*,#11066,.T.);
#11066 = EDGE_CURVE('',#11058,#11067,#11069,.T.);
#11067 = VERTEX_POINT('',#11068);
#11068 = CARTESIAN_POINT('',(196.94,-93.6,1.585));
#11069 = LINE('',#11070,#11071);
#11070 = CARTESIAN_POINT('',(196.94,-98.6,1.585));
#11071 = VECTOR('',#11072,1.);
#11072 = DIRECTION('',(0.,1.,0.));
#11073 = ORIENTED_EDGE('',*,*,#11074,.T.);
#11074 = EDGE_CURVE('',#11067,#11039,#11075,.T.);
#11075 = LINE('',#11076,#11077);
#11076 = CARTESIAN_POINT('',(196.94,-93.6,1.585));
#11077 = VECTOR('',#11078,1.);
#11078 = DIRECTION('',(0.195081000118,0.980787134598,0.));
#11079 = PLANE('',#11080);
#11080 = AXIS2_PLACEMENT_3D('',#11081,#11082,#11083);
#11081 = CARTESIAN_POINT('',(0.,0.,1.585));
#11082 = DIRECTION('',(0.,0.,1.));
#11083 = DIRECTION('',(1.,0.,-0.));
#11084 = SHELL_BASED_SURFACE_MODEL('',(#11085));
#11085 = OPEN_SHELL('',(#11086));
#11086 = ADVANCED_FACE('',(#11087),#11131,.T.);
#11087 = FACE_BOUND('',#11088,.F.);
#11088 = EDGE_LOOP('',(#11089,#11100,#11108,#11117,#11125));
#11089 = ORIENTED_EDGE('',*,*,#11090,.T.);
#11090 = EDGE_CURVE('',#11091,#11093,#11095,.T.);
#11091 = VERTEX_POINT('',#11092);
#11092 = CARTESIAN_POINT('',(202.344567,-93.577039,1.585));
#11093 = VERTEX_POINT('',#11094);
#11094 = CARTESIAN_POINT('',(202.46,-93.6,1.585));
#11095 = CIRCLE('',#11096,6.000007318648E-02);
#11096 = AXIS2_PLACEMENT_3D('',#11097,#11098,#11099);
#11097 = CARTESIAN_POINT('',(202.39999992681,-93.59999982331,1.585));
#11098 = DIRECTION('',(0.,0.,-1.));
#11099 = DIRECTION('',(-0.923880986636,0.382679921778,0.));
#11100 = ORIENTED_EDGE('',*,*,#11101,.T.);
#11101 = EDGE_CURVE('',#11093,#11102,#11104,.T.);
#11102 = VERTEX_POINT('',#11103);
#11103 = CARTESIAN_POINT('',(202.46,-98.6,1.585));
#11104 = LINE('',#11105,#11106);
#11105 = CARTESIAN_POINT('',(202.46,-93.6,1.585));
#11106 = VECTOR('',#11107,1.);
#11107 = DIRECTION('',(0.,-1.,0.));
#11108 = ORIENTED_EDGE('',*,*,#11109,.T.);
#11109 = EDGE_CURVE('',#11102,#11110,#11112,.T.);
#11110 = VERTEX_POINT('',#11111);
#11111 = CARTESIAN_POINT('',(202.34,-98.6,1.585));
#11112 = CIRCLE('',#11113,6.000000000042E-02);
#11113 = AXIS2_PLACEMENT_3D('',#11114,#11115,#11116);
#11114 = CARTESIAN_POINT('',(202.4,-98.60000022558,1.585));
#11115 = DIRECTION('',(0.,0.,-1.));
#11116 = DIRECTION('',(0.999999999993,3.759794016838E-06,0.));
#11117 = ORIENTED_EDGE('',*,*,#11118,.T.);
#11118 = EDGE_CURVE('',#11110,#11119,#11121,.T.);
#11119 = VERTEX_POINT('',#11120);
#11120 = CARTESIAN_POINT('',(202.34,-93.6,1.585));
#11121 = LINE('',#11122,#11123);
#11122 = CARTESIAN_POINT('',(202.34,-98.6,1.585));
#11123 = VECTOR('',#11124,1.);
#11124 = DIRECTION('',(0.,1.,0.));
#11125 = ORIENTED_EDGE('',*,*,#11126,.T.);
#11126 = EDGE_CURVE('',#11119,#11091,#11127,.T.);
#11127 = LINE('',#11128,#11129);
#11128 = CARTESIAN_POINT('',(202.34,-93.6,1.585));
#11129 = VECTOR('',#11130,1.);
#11130 = DIRECTION('',(0.195081000118,0.980787134598,0.));
#11131 = PLANE('',#11132);
#11132 = AXIS2_PLACEMENT_3D('',#11133,#11134,#11135);
#11133 = CARTESIAN_POINT('',(0.,0.,1.585));
#11134 = DIRECTION('',(0.,0.,1.));
#11135 = DIRECTION('',(1.,0.,-0.));
#11136 = SHELL_BASED_SURFACE_MODEL('',(#11137));
#11137 = OPEN_SHELL('',(#11138));
#11138 = ADVANCED_FACE('',(#11139,#11240),#11315,.T.);
#11139 = FACE_BOUND('',#11140,.F.);
#11140 = EDGE_LOOP('',(#11141,#11152,#11160,#11168,#11176,#11184,#11192,
    #11201,#11209,#11218,#11226,#11234));
#11141 = ORIENTED_EDGE('',*,*,#11142,.T.);
#11142 = EDGE_CURVE('',#11143,#11145,#11147,.T.);
#11143 = VERTEX_POINT('',#11144);
#11144 = CARTESIAN_POINT('',(195.75784,-95.398784,1.585));
#11145 = VERTEX_POINT('',#11146);
#11146 = CARTESIAN_POINT('',(196.2288,-95.291917,1.585));
#11147 = CIRCLE('',#11148,0.768531889865);
#11148 = AXIS2_PLACEMENT_3D('',#11149,#11150,#11151);
#11149 = CARTESIAN_POINT('',(196.15477434751,-96.05687547502,1.585));
#11150 = DIRECTION('',(0.,0.,-1.));
#11151 = DIRECTION('',(-0.516483899693,0.856296900238,0.));
#11152 = ORIENTED_EDGE('',*,*,#11153,.T.);
#11153 = EDGE_CURVE('',#11145,#11154,#11156,.T.);
#11154 = VERTEX_POINT('',#11155);
#11155 = CARTESIAN_POINT('',(196.450264,-95.347203,1.585));
#11156 = LINE('',#11157,#11158);
#11157 = CARTESIAN_POINT('',(196.2288,-95.291917,1.585));
#11158 = VECTOR('',#11159,1.);
#11159 = DIRECTION('',(0.970224909195,-0.242205750505,0.));
#11160 = ORIENTED_EDGE('',*,*,#11161,.T.);
#11161 = EDGE_CURVE('',#11154,#11162,#11164,.T.);
#11162 = VERTEX_POINT('',#11163);
#11163 = CARTESIAN_POINT('',(196.559244,-95.404152,1.585));
#11164 = LINE('',#11165,#11166);
#11165 = CARTESIAN_POINT('',(196.450264,-95.347203,1.585));
#11166 = VECTOR('',#11167,1.);
#11167 = DIRECTION('',(0.886284927965,-0.46314039606,0.));
#11168 = ORIENTED_EDGE('',*,*,#11169,.T.);
#11169 = EDGE_CURVE('',#11162,#11170,#11172,.T.);
#11170 = VERTEX_POINT('',#11171);
#11171 = CARTESIAN_POINT('',(196.672357,-95.519999,1.585));
#11172 = LINE('',#11173,#11174);
#11173 = CARTESIAN_POINT('',(196.559244,-95.404152,1.585));
#11174 = VECTOR('',#11175,1.);
#11175 = DIRECTION('',(0.698613449619,-0.715499299798,0.));
#11176 = ORIENTED_EDGE('',*,*,#11177,.T.);
#11177 = EDGE_CURVE('',#11170,#11178,#11180,.T.);
#11178 = VERTEX_POINT('',#11179);
#11179 = CARTESIAN_POINT('',(196.729089,-95.692592,1.585));
#11180 = LINE('',#11181,#11182);
#11181 = CARTESIAN_POINT('',(196.672357,-95.519999,1.585));
#11182 = VECTOR('',#11183,1.);
#11183 = DIRECTION('',(0.312266910039,-0.949994408876,0.));
#11184 = ORIENTED_EDGE('',*,*,#11185,.T.);
#11185 = EDGE_CURVE('',#11178,#11186,#11188,.T.);
#11186 = VERTEX_POINT('',#11187);
#11187 = CARTESIAN_POINT('',(196.728378,-95.952726,1.585));
#11188 = LINE('',#11189,#11190);
#11189 = CARTESIAN_POINT('',(196.729089,-95.692592,1.585));
#11190 = VECTOR('',#11191,1.);
#11191 = DIRECTION('',(-2.733196522855E-03,-0.999996264811,0.));
#11192 = ORIENTED_EDGE('',*,*,#11193,.T.);
#11193 = EDGE_CURVE('',#11186,#11194,#11196,.T.);
#11194 = VERTEX_POINT('',#11195);
#11195 = CARTESIAN_POINT('',(196.654819,-96.013094,1.585));
#11196 = CIRCLE('',#11197,7.500074938991E-02);
#11197 = AXIS2_PLACEMENT_3D('',#11198,#11199,#11200);
#11198 = CARTESIAN_POINT('',(196.65481853389,-95.93809325061,1.585));
#11199 = DIRECTION('',(0.,0.,-1.));
#11200 = DIRECTION('',(0.980783081614,-0.195101375753,0.));
#11201 = ORIENTED_EDGE('',*,*,#11202,.T.);
#11202 = EDGE_CURVE('',#11194,#11203,#11205,.T.);
#11203 = VERTEX_POINT('',#11204);
#11204 = CARTESIAN_POINT('',(195.640187,-96.011653,1.585));
#11205 = LINE('',#11206,#11207);
#11206 = CARTESIAN_POINT('',(196.654819,-96.013094,1.585));
#11207 = VECTOR('',#11208,1.);
#11208 = DIRECTION('',(-0.99999899149,1.420217918158E-03,0.));
#11209 = ORIENTED_EDGE('',*,*,#11210,.T.);
#11210 = EDGE_CURVE('',#11203,#11211,#11213,.T.);
#11211 = VERTEX_POINT('',#11212);
#11212 = CARTESIAN_POINT('',(195.579819,-95.938094,1.585));
#11213 = CIRCLE('',#11214,7.500074938982E-02);
#11214 = AXIS2_PLACEMENT_3D('',#11215,#11216,#11217);
#11215 = CARTESIAN_POINT('',(195.65481974938,-95.93809353389,1.585));
#11216 = DIRECTION('',(0.,0.,-1.));
#11217 = DIRECTION('',(-0.195101375752,-0.980783081614,-0.));
#11218 = ORIENTED_EDGE('',*,*,#11219,.T.);
#11219 = EDGE_CURVE('',#11211,#11220,#11222,.T.);
#11220 = VERTEX_POINT('',#11221);
#11221 = CARTESIAN_POINT('',(195.582018,-95.683535,1.585));
#11222 = LINE('',#11223,#11224);
#11223 = CARTESIAN_POINT('',(195.579819,-95.938094,1.585));
#11224 = VECTOR('',#11225,1.);
#11225 = DIRECTION('',(8.638146584733E-03,0.999962690516,0.));
#11226 = ORIENTED_EDGE('',*,*,#11227,.T.);
#11227 = EDGE_CURVE('',#11220,#11228,#11230,.T.);
#11228 = VERTEX_POINT('',#11229);
#11229 = CARTESIAN_POINT('',(195.640078,-95.515474,1.585));
#11230 = LINE('',#11231,#11232);
#11231 = CARTESIAN_POINT('',(195.582018,-95.683535,1.585));
#11232 = VECTOR('',#11233,1.);
#11233 = DIRECTION('',(0.326533133634,0.945185755626,0.));
#11234 = ORIENTED_EDGE('',*,*,#11235,.T.);
#11235 = EDGE_CURVE('',#11228,#11143,#11236,.T.);
#11236 = LINE('',#11237,#11238);
#11237 = CARTESIAN_POINT('',(195.640078,-95.515474,1.585));
#11238 = VECTOR('',#11239,1.);
#11239 = DIRECTION('',(0.710332505875,0.70386627359,0.));
#11240 = FACE_BOUND('',#11241,.F.);
#11241 = EDGE_LOOP('',(#11242,#11253,#11261,#11269,#11277,#11285,#11293,
    #11301,#11309));
#11242 = ORIENTED_EDGE('',*,*,#11243,.T.);
#11243 = EDGE_CURVE('',#11244,#11246,#11248,.T.);
#11244 = VERTEX_POINT('',#11245);
#11245 = CARTESIAN_POINT('',(196.390547,-95.485049,1.585));
#11246 = VERTEX_POINT('',#11247);
#11247 = CARTESIAN_POINT('',(195.842103,-95.523543,1.585));
#11248 = CIRCLE('',#11249,0.618603201895);
#11249 = AXIS2_PLACEMENT_3D('',#11250,#11251,#11252);
#11250 = CARTESIAN_POINT('',(196.155125275,-96.05710365892,1.585));
#11251 = DIRECTION('',(0.,0.,1.));
#11252 = DIRECTION('',(0.380569845546,0.924752179052,-0.));
#11253 = ORIENTED_EDGE('',*,*,#11254,.T.);
#11254 = EDGE_CURVE('',#11246,#11255,#11257,.T.);
#11255 = VERTEX_POINT('',#11256);
#11256 = CARTESIAN_POINT('',(195.76799,-95.597655,1.585));
#11257 = LINE('',#11258,#11259);
#11258 = CARTESIAN_POINT('',(195.842103,-95.523543,1.585));
#11259 = VECTOR('',#11260,1.);
#11260 = DIRECTION('',(-0.707111551667,-0.707102010674,0.));
#11261 = ORIENTED_EDGE('',*,*,#11262,.T.);
#11262 = EDGE_CURVE('',#11255,#11263,#11265,.T.);
#11263 = VERTEX_POINT('',#11264);
#11264 = CARTESIAN_POINT('',(195.729819,-95.712169,1.585));
#11265 = LINE('',#11266,#11267);
#11266 = CARTESIAN_POINT('',(195.76799,-95.597655,1.585));
#11267 = VECTOR('',#11268,1.);
#11268 = DIRECTION('',(-0.316225280684,-0.948684126491,0.));
#11269 = ORIENTED_EDGE('',*,*,#11270,.T.);
#11270 = EDGE_CURVE('',#11263,#11271,#11273,.T.);
#11271 = VERTEX_POINT('',#11272);
#11272 = CARTESIAN_POINT('',(195.729819,-95.863094,1.585));
#11273 = LINE('',#11274,#11275);
#11274 = CARTESIAN_POINT('',(195.729819,-95.712169,1.585));
#11275 = VECTOR('',#11276,1.);
#11276 = DIRECTION('',(0.,-1.,0.));
#11277 = ORIENTED_EDGE('',*,*,#11278,.T.);
#11278 = EDGE_CURVE('',#11271,#11279,#11281,.T.);
#11279 = VERTEX_POINT('',#11280);
#11280 = CARTESIAN_POINT('',(196.579819,-95.863094,1.585));
#11281 = LINE('',#11282,#11283);
#11282 = CARTESIAN_POINT('',(195.729819,-95.863094,1.585));
#11283 = VECTOR('',#11284,1.);
#11284 = DIRECTION('',(1.,0.,0.));
#11285 = ORIENTED_EDGE('',*,*,#11286,.T.);
#11286 = EDGE_CURVE('',#11279,#11287,#11289,.T.);
#11287 = VERTEX_POINT('',#11288);
#11288 = CARTESIAN_POINT('',(196.579819,-95.712169,1.585));
#11289 = LINE('',#11290,#11291);
#11290 = CARTESIAN_POINT('',(196.579819,-95.863094,1.585));
#11291 = VECTOR('',#11292,1.);
#11292 = DIRECTION('',(0.,1.,0.));
#11293 = ORIENTED_EDGE('',*,*,#11294,.T.);
#11294 = EDGE_CURVE('',#11287,#11295,#11297,.T.);
#11295 = VERTEX_POINT('',#11296);
#11296 = CARTESIAN_POINT('',(196.541648,-95.597656,1.585));
#11297 = LINE('',#11298,#11299);
#11298 = CARTESIAN_POINT('',(196.579819,-95.712169,1.585));
#11299 = VECTOR('',#11300,1.);
#11300 = DIRECTION('',(-0.316227766017,0.948683298051,0.));
#11301 = ORIENTED_EDGE('',*,*,#11302,.T.);
#11302 = EDGE_CURVE('',#11295,#11303,#11305,.T.);
#11303 = VERTEX_POINT('',#11304);
#11304 = CARTESIAN_POINT('',(196.467534,-95.523543,1.585));
#11305 = LINE('',#11306,#11307);
#11306 = CARTESIAN_POINT('',(196.541648,-95.597656,1.585));
#11307 = VECTOR('',#11308,1.);
#11308 = DIRECTION('',(-0.707111551602,0.707102010739,0.));
#11309 = ORIENTED_EDGE('',*,*,#11310,.T.);
#11310 = EDGE_CURVE('',#11303,#11244,#11311,.T.);
#11311 = LINE('',#11312,#11313);
#11312 = CARTESIAN_POINT('',(196.467534,-95.523543,1.585));
#11313 = VECTOR('',#11314,1.);
#11314 = DIRECTION('',(-0.894424867414,0.447218242641,0.));
#11315 = PLANE('',#11316);
#11316 = AXIS2_PLACEMENT_3D('',#11317,#11318,#11319);
#11317 = CARTESIAN_POINT('',(0.,0.,1.585));
#11318 = DIRECTION('',(0.,0.,1.));
#11319 = DIRECTION('',(1.,0.,-0.));
#11320 = SHELL_BASED_SURFACE_MODEL('',(#11321));
#11321 = OPEN_SHELL('',(#11322));
#11322 = ADVANCED_FACE('',(#11323),#11457,.T.);
#11323 = FACE_BOUND('',#11324,.F.);
#11324 = EDGE_LOOP('',(#11325,#11336,#11344,#11353,#11361,#11369,#11377,
    #11385,#11394,#11402,#11410,#11418,#11427,#11435,#11443,#11451));
#11325 = ORIENTED_EDGE('',*,*,#11326,.T.);
#11326 = EDGE_CURVE('',#11327,#11329,#11331,.T.);
#11327 = VERTEX_POINT('',#11328);
#11328 = CARTESIAN_POINT('',(196.613151,-94.351925,1.585));
#11329 = VERTEX_POINT('',#11330);
#11330 = CARTESIAN_POINT('',(196.729819,-94.414285,1.585));
#11331 = CIRCLE('',#11332,7.500000000003E-02);
#11332 = AXIS2_PLACEMENT_3D('',#11333,#11334,#11335);
#11333 = CARTESIAN_POINT('',(196.654819,-94.41428506555,1.585));
#11334 = DIRECTION('',(0.,0.,-1.));
#11335 = DIRECTION('',(-0.555573333333,0.831467540731,0.));
#11336 = ORIENTED_EDGE('',*,*,#11337,.T.);
#11337 = EDGE_CURVE('',#11329,#11338,#11340,.T.);
#11338 = VERTEX_POINT('',#11339);
#11339 = CARTESIAN_POINT('',(196.728378,-95.000345,1.585));
#11340 = LINE('',#11341,#11342);
#11341 = CARTESIAN_POINT('',(196.729819,-94.414285,1.585));
#11342 = VECTOR('',#11343,1.);
#11343 = DIRECTION('',(-2.458785182611E-03,-0.999996977183,0.));
#11344 = ORIENTED_EDGE('',*,*,#11345,.T.);
#11345 = EDGE_CURVE('',#11338,#11346,#11348,.T.);
#11346 = VERTEX_POINT('',#11347);
#11347 = CARTESIAN_POINT('',(196.579819,-94.985713,1.585));
#11348 = CIRCLE('',#11349,7.500006711464E-02);
#11349 = AXIS2_PLACEMENT_3D('',#11350,#11351,#11352);
#11350 = CARTESIAN_POINT('',(196.65481906711,-94.98571306711,1.585));
#11351 = DIRECTION('',(-0.,0.,-1.));
#11352 = DIRECTION('',(0.980784894138,-0.195092263891,-0.));
#11353 = ORIENTED_EDGE('',*,*,#11354,.T.);
#11354 = EDGE_CURVE('',#11346,#11355,#11357,.T.);
#11355 = VERTEX_POINT('',#11356);
#11356 = CARTESIAN_POINT('',(196.579819,-94.774999,1.585));
#11357 = LINE('',#11358,#11359);
#11358 = CARTESIAN_POINT('',(196.579819,-94.985713,1.585));
#11359 = VECTOR('',#11360,1.);
#11360 = DIRECTION('',(0.,1.,0.));
#11361 = ORIENTED_EDGE('',*,*,#11362,.T.);
#11362 = EDGE_CURVE('',#11355,#11363,#11365,.T.);
#11363 = VERTEX_POINT('',#11364);
#11364 = CARTESIAN_POINT('',(195.883504,-94.774999,1.585));
#11365 = LINE('',#11366,#11367);
#11366 = CARTESIAN_POINT('',(196.579819,-94.774999,1.585));
#11367 = VECTOR('',#11368,1.);
#11368 = DIRECTION('',(-1.,0.,0.));
#11369 = ORIENTED_EDGE('',*,*,#11370,.T.);
#11370 = EDGE_CURVE('',#11363,#11371,#11373,.T.);
#11371 = VERTEX_POINT('',#11372);
#11372 = CARTESIAN_POINT('',(195.956033,-94.850639,1.585));
#11373 = LINE('',#11374,#11375);
#11374 = CARTESIAN_POINT('',(195.883504,-94.774999,1.585));
#11375 = VECTOR('',#11376,1.);
#11376 = DIRECTION('',(0.692107619701,-0.72179432164,0.));
#11377 = ORIENTED_EDGE('',*,*,#11378,.T.);
#11378 = EDGE_CURVE('',#11371,#11379,#11381,.T.);
#11379 = VERTEX_POINT('',#11380);
#11380 = CARTESIAN_POINT('',(196.01287,-94.965903,1.585));
#11381 = LINE('',#11382,#11383);
#11382 = CARTESIAN_POINT('',(195.956033,-94.850639,1.585));
#11383 = VECTOR('',#11384,1.);
#11384 = DIRECTION('',(0.442257930733,-0.896887909777,0.));
#11385 = ORIENTED_EDGE('',*,*,#11386,.T.);
#11386 = EDGE_CURVE('',#11379,#11387,#11389,.T.);
#11387 = VERTEX_POINT('',#11388);
#11388 = CARTESIAN_POINT('',(195.873451,-95.019254,1.585));
#11389 = CIRCLE('',#11390,7.500029440469E-02);
#11390 = AXIS2_PLACEMENT_3D('',#11391,#11392,#11393);
#11391 = CARTESIAN_POINT('',(195.94053305397,-94.98571235132,1.585));
#11392 = DIRECTION('',(0.,0.,-1.));
#11393 = DIRECTION('',(0.964488827732,0.264123647522,0.));
#11394 = ORIENTED_EDGE('',*,*,#11395,.T.);
#11395 = EDGE_CURVE('',#11387,#11396,#11398,.T.);
#11396 = VERTEX_POINT('',#11397);
#11397 = CARTESIAN_POINT('',(195.831275,-94.934902,1.585));
#11398 = LINE('',#11399,#11400);
#11399 = CARTESIAN_POINT('',(195.873451,-95.019254,1.585));
#11400 = VECTOR('',#11401,1.);
#11401 = DIRECTION('',(-0.4472135955,0.894427191,0.));
#11402 = ORIENTED_EDGE('',*,*,#11403,.T.);
#11403 = EDGE_CURVE('',#11396,#11404,#11406,.T.);
#11404 = VERTEX_POINT('',#11405);
#11405 = CARTESIAN_POINT('',(195.749894,-94.853521,1.585));
#11406 = LINE('',#11407,#11408);
#11407 = CARTESIAN_POINT('',(195.831275,-94.934902,1.585));
#11408 = VECTOR('',#11409,1.);
#11409 = DIRECTION('',(-0.707106781187,0.707106781187,0.));
#11410 = ORIENTED_EDGE('',*,*,#11411,.T.);
#11411 = EDGE_CURVE('',#11404,#11412,#11414,.T.);
#11412 = VERTEX_POINT('',#11413);
#11413 = CARTESIAN_POINT('',(195.601841,-94.753087,1.585));
#11414 = LINE('',#11415,#11416);
#11415 = CARTESIAN_POINT('',(195.749894,-94.853521,1.585));
#11416 = VECTOR('',#11417,1.);
#11417 = DIRECTION('',(-0.827555069925,0.561384544,0.));
#11418 = ORIENTED_EDGE('',*,*,#11419,.T.);
#11419 = EDGE_CURVE('',#11412,#11420,#11422,.T.);
#11420 = VERTEX_POINT('',#11421);
#11421 = CARTESIAN_POINT('',(195.654819,-94.624999,1.585));
#11422 = CIRCLE('',#11423,7.499993751707E-02);
#11423 = AXIS2_PLACEMENT_3D('',#11424,#11425,#11426);
#11424 = CARTESIAN_POINT('',(195.65481880902,-94.69999893751,1.585));
#11425 = DIRECTION('',(0.,0.,-1.));
#11426 = DIRECTION('',(-0.706371375515,-0.707841422815,-0.));
#11427 = ORIENTED_EDGE('',*,*,#11428,.T.);
#11428 = EDGE_CURVE('',#11420,#11429,#11431,.T.);
#11429 = VERTEX_POINT('',#11430);
#11430 = CARTESIAN_POINT('',(196.579819,-94.624999,1.585));
#11431 = LINE('',#11432,#11433);
#11432 = CARTESIAN_POINT('',(195.654819,-94.624999,1.585));
#11433 = VECTOR('',#11434,1.);
#11434 = DIRECTION('',(1.,0.,0.));
#11435 = ORIENTED_EDGE('',*,*,#11436,.T.);
#11436 = EDGE_CURVE('',#11429,#11437,#11439,.T.);
#11437 = VERTEX_POINT('',#11438);
#11438 = CARTESIAN_POINT('',(196.58126,-94.399653,1.585));
#11439 = LINE('',#11440,#11441);
#11440 = CARTESIAN_POINT('',(196.579819,-94.624999,1.585));
#11441 = VECTOR('',#11442,1.);
#11442 = DIRECTION('',(6.394480216655E-03,0.999979555102,0.));
#11443 = ORIENTED_EDGE('',*,*,#11444,.T.);
#11444 = EDGE_CURVE('',#11437,#11445,#11447,.T.);
#11445 = VERTEX_POINT('',#11446);
#11446 = CARTESIAN_POINT('',(196.592459,-94.372617,1.585));
#11447 = LINE('',#11448,#11449);
#11448 = CARTESIAN_POINT('',(196.58126,-94.399653,1.585));
#11449 = VECTOR('',#11450,1.);
#11450 = DIRECTION('',(0.38269282806,0.923875640631,0.));
#11451 = ORIENTED_EDGE('',*,*,#11452,.T.);
#11452 = EDGE_CURVE('',#11445,#11327,#11453,.T.);
#11453 = LINE('',#11454,#11455);
#11454 = CARTESIAN_POINT('',(196.592459,-94.372617,1.585));
#11455 = VECTOR('',#11456,1.);
#11456 = DIRECTION('',(0.707106781186,0.707106781187,0.));
#11457 = PLANE('',#11458);
#11458 = AXIS2_PLACEMENT_3D('',#11459,#11460,#11461);
#11459 = CARTESIAN_POINT('',(0.,0.,1.585));
#11460 = DIRECTION('',(0.,0.,1.));
#11461 = DIRECTION('',(1.,0.,-0.));
#11462 = SHELL_BASED_SURFACE_MODEL('',(#11463));
#11463 = OPEN_SHELL('',(#11464));
#11464 = ADVANCED_FACE('',(#11465,#11576),#11628,.T.);
#11465 = FACE_BOUND('',#11466,.F.);
#11466 = EDGE_LOOP('',(#11467,#11478,#11486,#11495,#11503,#11512,#11520,
    #11528,#11537,#11545,#11553,#11561,#11570));
#11467 = ORIENTED_EDGE('',*,*,#11468,.T.);
#11468 = EDGE_CURVE('',#11469,#11471,#11473,.T.);
#11469 = VERTEX_POINT('',#11470);
#11470 = CARTESIAN_POINT('',(195.188346,-91.940187,1.585));
#11471 = VERTEX_POINT('',#11472);
#11472 = CARTESIAN_POINT('',(195.261905,-91.879819,1.585));
#11473 = CIRCLE('',#11474,7.500074938989E-02);
#11474 = AXIS2_PLACEMENT_3D('',#11475,#11476,#11477);
#11475 = CARTESIAN_POINT('',(195.26190546611,-91.95481974938,1.585));
#11476 = DIRECTION('',(0.,0.,-1.));
#11477 = DIRECTION('',(-0.980783081614,0.195101375753,0.));
#11478 = ORIENTED_EDGE('',*,*,#11479,.T.);
#11479 = EDGE_CURVE('',#11471,#11480,#11482,.T.);
#11480 = VERTEX_POINT('',#11481);
#11481 = CARTESIAN_POINT('',(195.657489,-91.88126,1.585));
#11482 = LINE('',#11483,#11484);
#11483 = CARTESIAN_POINT('',(195.261905,-91.879819,1.585));
#11484 = VECTOR('',#11485,1.);
#11485 = DIRECTION('',(0.999993365378,-3.642691411961E-03,0.));
#11486 = ORIENTED_EDGE('',*,*,#11487,.T.);
#11487 = EDGE_CURVE('',#11480,#11488,#11490,.T.);
#11488 = VERTEX_POINT('',#11489);
#11489 = CARTESIAN_POINT('',(195.906892,-92.130663,1.585));
#11490 = CIRCLE('',#11491,0.347870264855);
#11491 = AXIS2_PLACEMENT_3D('',#11492,#11493,#11494);
#11492 = CARTESIAN_POINT('',(195.57016126502,-92.21799073497,1.585));
#11493 = DIRECTION('',(0.,0.,-1.));
#11494 = DIRECTION('',(0.251035353678,0.967977918758,0.));
#11495 = ORIENTED_EDGE('',*,*,#11496,.T.);
#11496 = EDGE_CURVE('',#11488,#11497,#11499,.T.);
#11497 = VERTEX_POINT('',#11498);
#11498 = CARTESIAN_POINT('',(195.90567,-92.307962,1.585));
#11499 = LINE('',#11500,#11501);
#11500 = CARTESIAN_POINT('',(195.906892,-92.130663,1.585));
#11501 = VECTOR('',#11502,1.);
#11502 = DIRECTION('',(-6.892148157212E-03,-0.999976248865,0.));
#11503 = ORIENTED_EDGE('',*,*,#11504,.T.);
#11504 = EDGE_CURVE('',#11497,#11505,#11507,.T.);
#11505 = VERTEX_POINT('',#11506);
#11506 = CARTESIAN_POINT('',(195.657489,-92.552187,1.585));
#11507 = CIRCLE('',#11508,0.348632345848);
#11508 = AXIS2_PLACEMENT_3D('',#11509,#11510,#11511);
#11509 = CARTESIAN_POINT('',(195.56972019403,-92.2147834593,1.585));
#11510 = DIRECTION('',(0.,0.,-1.));
#11511 = DIRECTION('',(0.963622021775,-0.267268776985,0.));
#11512 = ORIENTED_EDGE('',*,*,#11513,.T.);
#11513 = EDGE_CURVE('',#11505,#11514,#11516,.T.);
#11514 = VERTEX_POINT('',#11515);
#11515 = CARTESIAN_POINT('',(195.643972,-92.553518,1.585));
#11516 = LINE('',#11517,#11518);
#11517 = CARTESIAN_POINT('',(195.657489,-92.552187,1.585));
#11518 = VECTOR('',#11519,1.);
#11519 = DIRECTION('',(-0.995186940545,-9.799465989924E-02,0.));
#11520 = ORIENTED_EDGE('',*,*,#11521,.T.);
#11521 = EDGE_CURVE('',#11514,#11522,#11524,.T.);
#11522 = VERTEX_POINT('',#11523);
#11523 = CARTESIAN_POINT('',(195.901986,-92.924623,1.585));
#11524 = LINE('',#11525,#11526);
#11525 = CARTESIAN_POINT('',(195.643972,-92.553518,1.585));
#11526 = VECTOR('',#11527,1.);
#11527 = DIRECTION('',(0.570846789809,-0.821056601316,0.));
#11528 = ORIENTED_EDGE('',*,*,#11529,.T.);
#11529 = EDGE_CURVE('',#11522,#11530,#11532,.T.);
#11530 = VERTEX_POINT('',#11531);
#11531 = CARTESIAN_POINT('',(195.771891,-92.997829,1.585));
#11532 = CIRCLE('',#11533,7.500005951701E-02);
#11533 = AXIS2_PLACEMENT_3D('',#11534,#11535,#11536);
#11534 = CARTESIAN_POINT('',(195.83333306294,-92.95481874739,1.585));
#11535 = DIRECTION('',(0.,0.,-1.));
#11536 = DIRECTION('',(0.915371767707,0.402609645791,0.));
#11537 = ORIENTED_EDGE('',*,*,#11538,.T.);
#11538 = EDGE_CURVE('',#11530,#11539,#11541,.T.);
#11539 = VERTEX_POINT('',#11540);
#11540 = CARTESIAN_POINT('',(195.460951,-92.553628,1.585));
#11541 = LINE('',#11542,#11543);
#11542 = CARTESIAN_POINT('',(195.771891,-92.997829,1.585));
#11543 = VECTOR('',#11544,1.);
#11544 = DIRECTION('',(-0.573461477921,0.819232527028,0.));
#11545 = ORIENTED_EDGE('',*,*,#11546,.T.);
#11546 = EDGE_CURVE('',#11539,#11547,#11549,.T.);
#11547 = VERTEX_POINT('',#11548);
#11548 = CARTESIAN_POINT('',(195.336905,-92.553628,1.585));
#11549 = LINE('',#11550,#11551);
#11550 = CARTESIAN_POINT('',(195.460951,-92.553628,1.585));
#11551 = VECTOR('',#11552,1.);
#11552 = DIRECTION('',(-1.,0.,0.));
#11553 = ORIENTED_EDGE('',*,*,#11554,.T.);
#11554 = EDGE_CURVE('',#11547,#11555,#11557,.T.);
#11555 = VERTEX_POINT('',#11556);
#11556 = CARTESIAN_POINT('',(195.335464,-92.969451,1.585));
#11557 = LINE('',#11558,#11559);
#11558 = CARTESIAN_POINT('',(195.336905,-92.553628,1.585));
#11559 = VECTOR('',#11560,1.);
#11560 = DIRECTION('',(-3.465395967783E-03,-0.999993995497,0.));
#11561 = ORIENTED_EDGE('',*,*,#11562,.T.);
#11562 = EDGE_CURVE('',#11555,#11563,#11565,.T.);
#11563 = VERTEX_POINT('',#11564);
#11564 = CARTESIAN_POINT('',(195.186905,-92.954819,1.585));
#11565 = CIRCLE('',#11566,7.500006711463E-02);
#11566 = AXIS2_PLACEMENT_3D('',#11567,#11568,#11569);
#11567 = CARTESIAN_POINT('',(195.26190506711,-92.95481906711,1.585));
#11568 = DIRECTION('',(-0.,0.,-1.));
#11569 = DIRECTION('',(0.980784894138,-0.195092263891,-0.));
#11570 = ORIENTED_EDGE('',*,*,#11571,.T.);
#11571 = EDGE_CURVE('',#11563,#11469,#11572,.T.);
#11572 = LINE('',#11573,#11574);
#11573 = CARTESIAN_POINT('',(195.186905,-92.954819,1.585));
#11574 = VECTOR('',#11575,1.);
#11575 = DIRECTION('',(1.420217918158E-03,0.99999899149,0.));
#11576 = FACE_BOUND('',#11577,.F.);
#11577 = EDGE_LOOP('',(#11578,#11589,#11597,#11605,#11613,#11622));
#11578 = ORIENTED_EDGE('',*,*,#11579,.T.);
#11579 = EDGE_CURVE('',#11580,#11582,#11584,.T.);
#11580 = VERTEX_POINT('',#11581);
#11581 = CARTESIAN_POINT('',(195.758333,-92.163,1.585));
#11582 = VERTEX_POINT('',#11583);
#11583 = CARTESIAN_POINT('',(195.625152,-92.029819,1.585));
#11584 = CIRCLE('',#11585,0.18686440374);
#11585 = AXIS2_PLACEMENT_3D('',#11586,#11587,#11588);
#11586 = CARTESIAN_POINT('',(195.577616,-92.210536,1.585));
#11587 = DIRECTION('',(0.,0.,1.));
#11588 = DIRECTION('',(0.967102328658,0.254387668537,-0.));
#11589 = ORIENTED_EDGE('',*,*,#11590,.T.);
#11590 = EDGE_CURVE('',#11582,#11591,#11593,.T.);
#11591 = VERTEX_POINT('',#11592);
#11592 = CARTESIAN_POINT('',(195.336905,-92.029819,1.585));
#11593 = LINE('',#11594,#11595);
#11594 = CARTESIAN_POINT('',(195.625152,-92.029819,1.585));
#11595 = VECTOR('',#11596,1.);
#11596 = DIRECTION('',(-1.,0.,0.));
#11597 = ORIENTED_EDGE('',*,*,#11598,.T.);
#11598 = EDGE_CURVE('',#11591,#11599,#11601,.T.);
#11599 = VERTEX_POINT('',#11600);
#11600 = CARTESIAN_POINT('',(195.336905,-92.403628,1.585));
#11601 = LINE('',#11602,#11603);
#11602 = CARTESIAN_POINT('',(195.336905,-92.029819,1.585));
#11603 = VECTOR('',#11604,1.);
#11604 = DIRECTION('',(0.,-1.,0.));
#11605 = ORIENTED_EDGE('',*,*,#11606,.T.);
#11606 = EDGE_CURVE('',#11599,#11607,#11609,.T.);
#11607 = VERTEX_POINT('',#11608);
#11608 = CARTESIAN_POINT('',(195.625152,-92.403628,1.585));
#11609 = LINE('',#11610,#11611);
#11610 = CARTESIAN_POINT('',(195.336905,-92.403628,1.585));
#11611 = VECTOR('',#11612,1.);
#11612 = DIRECTION('',(1.,0.,0.));
#11613 = ORIENTED_EDGE('',*,*,#11614,.T.);
#11614 = EDGE_CURVE('',#11607,#11615,#11617,.T.);
#11615 = VERTEX_POINT('',#11616);
#11616 = CARTESIAN_POINT('',(195.758333,-92.270447,1.585));
#11617 = CIRCLE('',#11618,0.18686440374);
#11618 = AXIS2_PLACEMENT_3D('',#11619,#11620,#11621);
#11619 = CARTESIAN_POINT('',(195.577616,-92.222911,1.585));
#11620 = DIRECTION('',(0.,0.,1.));
#11621 = DIRECTION('',(0.254387668538,-0.967102328658,0.));
#11622 = ORIENTED_EDGE('',*,*,#11623,.T.);
#11623 = EDGE_CURVE('',#11615,#11580,#11624,.T.);
#11624 = LINE('',#11625,#11626);
#11625 = CARTESIAN_POINT('',(195.758333,-92.270447,1.585));
#11626 = VECTOR('',#11627,1.);
#11627 = DIRECTION('',(0.,1.,0.));
#11628 = PLANE('',#11629);
#11629 = AXIS2_PLACEMENT_3D('',#11630,#11631,#11632);
#11630 = CARTESIAN_POINT('',(0.,0.,1.585));
#11631 = DIRECTION('',(0.,0.,1.));
#11632 = DIRECTION('',(1.,0.,-0.));
#11633 = SHELL_BASED_SURFACE_MODEL('',(#11634));
#11634 = OPEN_SHELL('',(#11635));
#11635 = ADVANCED_FACE('',(#11636),#11771,.T.);
#11636 = FACE_BOUND('',#11637,.F.);
#11637 = EDGE_LOOP('',(#11638,#11649,#11657,#11665,#11673,#11682,#11690,
    #11698,#11707,#11715,#11723,#11732,#11740,#11748,#11757,#11765));
#11638 = ORIENTED_EDGE('',*,*,#11639,.T.);
#11639 = EDGE_CURVE('',#11640,#11642,#11644,.T.);
#11640 = VERTEX_POINT('',#11641);
#11641 = CARTESIAN_POINT('',(196.406398,-91.847951,1.585));
#11642 = VERTEX_POINT('',#11643);
#11643 = CARTESIAN_POINT('',(196.523532,-91.930918,1.585));
#11644 = CIRCLE('',#11645,7.499955990672E-02);
#11645 = AXIS2_PLACEMENT_3D('',#11646,#11647,#11648);
#11646 = CARTESIAN_POINT('',(196.45238150095,-91.90720006435,1.585));
#11647 = DIRECTION('',(0.,0.,-1.));
#11648 = DIRECTION('',(-0.613116943749,0.78999216027,0.));
#11649 = ORIENTED_EDGE('',*,*,#11650,.T.);
#11650 = EDGE_CURVE('',#11642,#11651,#11653,.T.);
#11651 = VERTEX_POINT('',#11652);
#11652 = CARTESIAN_POINT('',(196.318343,-92.546485,1.585));
#11653 = LINE('',#11654,#11655);
#11654 = CARTESIAN_POINT('',(196.523532,-91.930918,1.585));
#11655 = VECTOR('',#11656,1.);
#11656 = DIRECTION('',(-0.316227766017,-0.948683298051,0.));
#11657 = ORIENTED_EDGE('',*,*,#11658,.T.);
#11658 = EDGE_CURVE('',#11651,#11659,#11661,.T.);
#11659 = VERTEX_POINT('',#11660);
#11660 = CARTESIAN_POINT('',(196.615476,-92.546485,1.585));
#11661 = LINE('',#11662,#11663);
#11662 = CARTESIAN_POINT('',(196.318343,-92.546485,1.585));
#11663 = VECTOR('',#11664,1.);
#11664 = DIRECTION('',(1.,0.,0.));
#11665 = ORIENTED_EDGE('',*,*,#11666,.T.);
#11666 = EDGE_CURVE('',#11659,#11667,#11669,.T.);
#11667 = VERTEX_POINT('',#11668);
#11668 = CARTESIAN_POINT('',(196.616917,-92.27352,1.585));
#11669 = LINE('',#11670,#11671);
#11670 = CARTESIAN_POINT('',(196.615476,-92.546485,1.585));
#11671 = VECTOR('',#11672,1.);
#11672 = DIRECTION('',(5.278991523254E-03,0.999986066027,0.));
#11673 = ORIENTED_EDGE('',*,*,#11674,.T.);
#11674 = EDGE_CURVE('',#11667,#11675,#11677,.T.);
#11675 = VERTEX_POINT('',#11676);
#11676 = CARTESIAN_POINT('',(196.765476,-92.288152,1.585));
#11677 = CIRCLE('',#11678,7.500006711464E-02);
#11678 = AXIS2_PLACEMENT_3D('',#11679,#11680,#11681);
#11679 = CARTESIAN_POINT('',(196.69047593288,-92.28815193288,1.585));
#11680 = DIRECTION('',(0.,0.,-1.));
#11681 = DIRECTION('',(-0.980784894138,0.195092263891,0.));
#11682 = ORIENTED_EDGE('',*,*,#11683,.T.);
#11683 = EDGE_CURVE('',#11675,#11684,#11686,.T.);
#11684 = VERTEX_POINT('',#11685);
#11685 = CARTESIAN_POINT('',(196.765476,-92.546485,1.585));
#11686 = LINE('',#11687,#11688);
#11687 = CARTESIAN_POINT('',(196.765476,-92.288152,1.585));
#11688 = VECTOR('',#11689,1.);
#11689 = DIRECTION('',(0.,-1.,0.));
#11690 = ORIENTED_EDGE('',*,*,#11691,.T.);
#11691 = EDGE_CURVE('',#11684,#11692,#11694,.T.);
#11692 = VERTEX_POINT('',#11693);
#11693 = CARTESIAN_POINT('',(196.847965,-92.547926,1.585));
#11694 = LINE('',#11695,#11696);
#11695 = CARTESIAN_POINT('',(196.765476,-92.546485,1.585));
#11696 = VECTOR('',#11697,1.);
#11697 = DIRECTION('',(0.999847452005,-1.746633100583E-02,0.));
#11698 = ORIENTED_EDGE('',*,*,#11699,.T.);
#11699 = EDGE_CURVE('',#11692,#11700,#11702,.T.);
#11700 = VERTEX_POINT('',#11701);
#11701 = CARTESIAN_POINT('',(196.833333,-92.696485,1.585));
#11702 = CIRCLE('',#11703,7.500006711462E-02);
#11703 = AXIS2_PLACEMENT_3D('',#11704,#11705,#11706);
#11704 = CARTESIAN_POINT('',(196.83333306711,-92.62148493288,1.585));
#11705 = DIRECTION('',(0.,0.,-1.));
#11706 = DIRECTION('',(0.195092263891,0.980784894138,0.));
#11707 = ORIENTED_EDGE('',*,*,#11708,.T.);
#11708 = EDGE_CURVE('',#11700,#11709,#11711,.T.);
#11709 = VERTEX_POINT('',#11710);
#11710 = CARTESIAN_POINT('',(196.765476,-92.696485,1.585));
#11711 = LINE('',#11712,#11713);
#11712 = CARTESIAN_POINT('',(196.833333,-92.696485,1.585));
#11713 = VECTOR('',#11714,1.);
#11714 = DIRECTION('',(-1.,0.,0.));
#11715 = ORIENTED_EDGE('',*,*,#11716,.T.);
#11716 = EDGE_CURVE('',#11709,#11717,#11719,.T.);
#11717 = VERTEX_POINT('',#11718);
#11718 = CARTESIAN_POINT('',(196.764035,-92.969451,1.585));
#11719 = LINE('',#11720,#11721);
#11720 = CARTESIAN_POINT('',(196.765476,-92.696485,1.585));
#11721 = VECTOR('',#11722,1.);
#11722 = DIRECTION('',(-5.278972184419E-03,-0.999986066129,0.));
#11723 = ORIENTED_EDGE('',*,*,#11724,.T.);
#11724 = EDGE_CURVE('',#11717,#11725,#11727,.T.);
#11725 = VERTEX_POINT('',#11726);
#11726 = CARTESIAN_POINT('',(196.615476,-92.954819,1.585));
#11727 = CIRCLE('',#11728,7.500006711464E-02);
#11728 = AXIS2_PLACEMENT_3D('',#11729,#11730,#11731);
#11729 = CARTESIAN_POINT('',(196.69047606711,-92.95481906711,1.585));
#11730 = DIRECTION('',(-0.,0.,-1.));
#11731 = DIRECTION('',(0.980784894138,-0.195092263891,-0.));
#11732 = ORIENTED_EDGE('',*,*,#11733,.T.);
#11733 = EDGE_CURVE('',#11725,#11734,#11736,.T.);
#11734 = VERTEX_POINT('',#11735);
#11735 = CARTESIAN_POINT('',(196.615476,-92.696485,1.585));
#11736 = LINE('',#11737,#11738);
#11737 = CARTESIAN_POINT('',(196.615476,-92.954819,1.585));
#11738 = VECTOR('',#11739,1.);
#11739 = DIRECTION('',(0.,1.,0.));
#11740 = ORIENTED_EDGE('',*,*,#11741,.T.);
#11741 = EDGE_CURVE('',#11734,#11742,#11744,.T.);
#11742 = VERTEX_POINT('',#11743);
#11743 = CARTESIAN_POINT('',(196.199654,-92.695044,1.585));
#11744 = LINE('',#11745,#11746);
#11745 = CARTESIAN_POINT('',(196.615476,-92.696485,1.585));
#11746 = VECTOR('',#11747,1.);
#11747 = DIRECTION('',(-0.999993995468,3.465404301528E-03,0.));
#11748 = ORIENTED_EDGE('',*,*,#11749,.T.);
#11749 = EDGE_CURVE('',#11742,#11750,#11752,.T.);
#11750 = VERTEX_POINT('',#11751);
#11751 = CARTESIAN_POINT('',(196.143135,-92.597768,1.585));
#11752 = CIRCLE('',#11753,7.499997045038E-02);
#11753 = AXIS2_PLACEMENT_3D('',#11754,#11755,#11756);
#11754 = CARTESIAN_POINT('',(196.21428617257,-92.62148521335,1.585));
#11755 = DIRECTION('',(0.,0.,-1.));
#11756 = DIRECTION('',(-0.195095711168,-0.980784208419,-0.));
#11757 = ORIENTED_EDGE('',*,*,#11758,.T.);
#11758 = EDGE_CURVE('',#11750,#11759,#11761,.T.);
#11759 = VERTEX_POINT('',#11760);
#11760 = CARTESIAN_POINT('',(196.387224,-91.870058,1.585));
#11761 = LINE('',#11762,#11763);
#11762 = CARTESIAN_POINT('',(196.143135,-92.597768,1.585));
#11763 = VECTOR('',#11764,1.);
#11764 = DIRECTION('',(0.318008317924,0.948087922996,0.));
#11765 = ORIENTED_EDGE('',*,*,#11766,.T.);
#11766 = EDGE_CURVE('',#11759,#11640,#11767,.T.);
#11767 = LINE('',#11768,#11769);
#11768 = CARTESIAN_POINT('',(196.387224,-91.870058,1.585));
#11769 = VECTOR('',#11770,1.);
#11770 = DIRECTION('',(0.65521540373,0.755442105469,0.));
#11771 = PLANE('',#11772);
#11772 = AXIS2_PLACEMENT_3D('',#11773,#11774,#11775);
#11773 = CARTESIAN_POINT('',(0.,0.,1.585));
#11774 = DIRECTION('',(0.,0.,1.));
#11775 = DIRECTION('',(1.,0.,-0.));
#11776 = SHELL_BASED_SURFACE_MODEL('',(#11777));
#11777 = OPEN_SHELL('',(#11778));
#11778 = ADVANCED_FACE('',(#11779,#11890),#11942,.T.);
#11779 = FACE_BOUND('',#11780,.F.);
#11780 = EDGE_LOOP('',(#11781,#11792,#11800,#11809,#11817,#11826,#11834,
    #11842,#11851,#11859,#11867,#11875,#11884));
#11781 = ORIENTED_EDGE('',*,*,#11782,.T.);
#11782 = EDGE_CURVE('',#11783,#11785,#11787,.T.);
#11783 = VERTEX_POINT('',#11784);
#11784 = CARTESIAN_POINT('',(202.688346,-90.440187,1.585));
#11785 = VERTEX_POINT('',#11786);
#11786 = CARTESIAN_POINT('',(202.761905,-90.379819,1.585));
#11787 = CIRCLE('',#11788,7.500074938989E-02);
#11788 = AXIS2_PLACEMENT_3D('',#11789,#11790,#11791);
#11789 = CARTESIAN_POINT('',(202.76190546611,-90.45481974938,1.585));
#11790 = DIRECTION('',(0.,0.,-1.));
#11791 = DIRECTION('',(-0.980783081614,0.195101375753,0.));
#11792 = ORIENTED_EDGE('',*,*,#11793,.T.);
#11793 = EDGE_CURVE('',#11785,#11794,#11796,.T.);
#11794 = VERTEX_POINT('',#11795);
#11795 = CARTESIAN_POINT('',(203.157489,-90.38126,1.585));
#11796 = LINE('',#11797,#11798);
#11797 = CARTESIAN_POINT('',(202.761905,-90.379819,1.585));
#11798 = VECTOR('',#11799,1.);
#11799 = DIRECTION('',(0.999993365378,-3.642691411961E-03,0.));
#11800 = ORIENTED_EDGE('',*,*,#11801,.T.);
#11801 = EDGE_CURVE('',#11794,#11802,#11804,.T.);
#11802 = VERTEX_POINT('',#11803);
#11803 = CARTESIAN_POINT('',(203.406892,-90.630663,1.585));
#11804 = CIRCLE('',#11805,0.347870264855);
#11805 = AXIS2_PLACEMENT_3D('',#11806,#11807,#11808);
#11806 = CARTESIAN_POINT('',(203.07016126502,-90.71799073497,1.585));
#11807 = DIRECTION('',(0.,0.,-1.));
#11808 = DIRECTION('',(0.251035353678,0.967977918758,0.));
#11809 = ORIENTED_EDGE('',*,*,#11810,.T.);
#11810 = EDGE_CURVE('',#11802,#11811,#11813,.T.);
#11811 = VERTEX_POINT('',#11812);
#11812 = CARTESIAN_POINT('',(203.40567,-90.807962,1.585));
#11813 = LINE('',#11814,#11815);
#11814 = CARTESIAN_POINT('',(203.406892,-90.630663,1.585));
#11815 = VECTOR('',#11816,1.);
#11816 = DIRECTION('',(-6.892148157212E-03,-0.999976248865,0.));
#11817 = ORIENTED_EDGE('',*,*,#11818,.T.);
#11818 = EDGE_CURVE('',#11811,#11819,#11821,.T.);
#11819 = VERTEX_POINT('',#11820);
#11820 = CARTESIAN_POINT('',(203.157489,-91.052187,1.585));
#11821 = CIRCLE('',#11822,0.348632345848);
#11822 = AXIS2_PLACEMENT_3D('',#11823,#11824,#11825);
#11823 = CARTESIAN_POINT('',(203.06972019403,-90.7147834593,1.585));
#11824 = DIRECTION('',(0.,0.,-1.));
#11825 = DIRECTION('',(0.963622021775,-0.267268776985,0.));
#11826 = ORIENTED_EDGE('',*,*,#11827,.T.);
#11827 = EDGE_CURVE('',#11819,#11828,#11830,.T.);
#11828 = VERTEX_POINT('',#11829);
#11829 = CARTESIAN_POINT('',(203.143972,-91.053518,1.585));
#11830 = LINE('',#11831,#11832);
#11831 = CARTESIAN_POINT('',(203.157489,-91.052187,1.585));
#11832 = VECTOR('',#11833,1.);
#11833 = DIRECTION('',(-0.995186940545,-9.799465989924E-02,0.));
#11834 = ORIENTED_EDGE('',*,*,#11835,.T.);
#11835 = EDGE_CURVE('',#11828,#11836,#11838,.T.);
#11836 = VERTEX_POINT('',#11837);
#11837 = CARTESIAN_POINT('',(203.401986,-91.424623,1.585));
#11838 = LINE('',#11839,#11840);
#11839 = CARTESIAN_POINT('',(203.143972,-91.053518,1.585));
#11840 = VECTOR('',#11841,1.);
#11841 = DIRECTION('',(0.570846789809,-0.821056601316,0.));
#11842 = ORIENTED_EDGE('',*,*,#11843,.T.);
#11843 = EDGE_CURVE('',#11836,#11844,#11846,.T.);
#11844 = VERTEX_POINT('',#11845);
#11845 = CARTESIAN_POINT('',(203.271891,-91.497829,1.585));
#11846 = CIRCLE('',#11847,7.500005951701E-02);
#11847 = AXIS2_PLACEMENT_3D('',#11848,#11849,#11850);
#11848 = CARTESIAN_POINT('',(203.33333306294,-91.45481874739,1.585));
#11849 = DIRECTION('',(0.,0.,-1.));
#11850 = DIRECTION('',(0.915371767707,0.402609645791,0.));
#11851 = ORIENTED_EDGE('',*,*,#11852,.T.);
#11852 = EDGE_CURVE('',#11844,#11853,#11855,.T.);
#11853 = VERTEX_POINT('',#11854);
#11854 = CARTESIAN_POINT('',(202.960951,-91.053628,1.585));
#11855 = LINE('',#11856,#11857);
#11856 = CARTESIAN_POINT('',(203.271891,-91.497829,1.585));
#11857 = VECTOR('',#11858,1.);
#11858 = DIRECTION('',(-0.573461477921,0.819232527028,0.));
#11859 = ORIENTED_EDGE('',*,*,#11860,.T.);
#11860 = EDGE_CURVE('',#11853,#11861,#11863,.T.);
#11861 = VERTEX_POINT('',#11862);
#11862 = CARTESIAN_POINT('',(202.836905,-91.053628,1.585));
#11863 = LINE('',#11864,#11865);
#11864 = CARTESIAN_POINT('',(202.960951,-91.053628,1.585));
#11865 = VECTOR('',#11866,1.);
#11866 = DIRECTION('',(-1.,0.,0.));
#11867 = ORIENTED_EDGE('',*,*,#11868,.T.);
#11868 = EDGE_CURVE('',#11861,#11869,#11871,.T.);
#11869 = VERTEX_POINT('',#11870);
#11870 = CARTESIAN_POINT('',(202.835464,-91.469451,1.585));
#11871 = LINE('',#11872,#11873);
#11872 = CARTESIAN_POINT('',(202.836905,-91.053628,1.585));
#11873 = VECTOR('',#11874,1.);
#11874 = DIRECTION('',(-3.465395967783E-03,-0.999993995497,0.));
#11875 = ORIENTED_EDGE('',*,*,#11876,.T.);
#11876 = EDGE_CURVE('',#11869,#11877,#11879,.T.);
#11877 = VERTEX_POINT('',#11878);
#11878 = CARTESIAN_POINT('',(202.686905,-91.454819,1.585));
#11879 = CIRCLE('',#11880,7.500006711463E-02);
#11880 = AXIS2_PLACEMENT_3D('',#11881,#11882,#11883);
#11881 = CARTESIAN_POINT('',(202.76190506711,-91.45481906711,1.585));
#11882 = DIRECTION('',(-0.,0.,-1.));
#11883 = DIRECTION('',(0.980784894138,-0.195092263891,-0.));
#11884 = ORIENTED_EDGE('',*,*,#11885,.T.);
#11885 = EDGE_CURVE('',#11877,#11783,#11886,.T.);
#11886 = LINE('',#11887,#11888);
#11887 = CARTESIAN_POINT('',(202.686905,-91.454819,1.585));
#11888 = VECTOR('',#11889,1.);
#11889 = DIRECTION('',(1.420217918158E-03,0.99999899149,0.));
#11890 = FACE_BOUND('',#11891,.F.);
#11891 = EDGE_LOOP('',(#11892,#11903,#11911,#11919,#11927,#11936));
#11892 = ORIENTED_EDGE('',*,*,#11893,.T.);
#11893 = EDGE_CURVE('',#11894,#11896,#11898,.T.);
#11894 = VERTEX_POINT('',#11895);
#11895 = CARTESIAN_POINT('',(203.258333,-90.663,1.585));
#11896 = VERTEX_POINT('',#11897);
#11897 = CARTESIAN_POINT('',(203.125152,-90.529819,1.585));
#11898 = CIRCLE('',#11899,0.18686440374);
#11899 = AXIS2_PLACEMENT_3D('',#11900,#11901,#11902);
#11900 = CARTESIAN_POINT('',(203.077616,-90.710536,1.585));
#11901 = DIRECTION('',(0.,0.,1.));
#11902 = DIRECTION('',(0.967102328658,0.254387668537,-0.));
#11903 = ORIENTED_EDGE('',*,*,#11904,.T.);
#11904 = EDGE_CURVE('',#11896,#11905,#11907,.T.);
#11905 = VERTEX_POINT('',#11906);
#11906 = CARTESIAN_POINT('',(202.836905,-90.529819,1.585));
#11907 = LINE('',#11908,#11909);
#11908 = CARTESIAN_POINT('',(203.125152,-90.529819,1.585));
#11909 = VECTOR('',#11910,1.);
#11910 = DIRECTION('',(-1.,0.,0.));
#11911 = ORIENTED_EDGE('',*,*,#11912,.T.);
#11912 = EDGE_CURVE('',#11905,#11913,#11915,.T.);
#11913 = VERTEX_POINT('',#11914);
#11914 = CARTESIAN_POINT('',(202.836905,-90.903628,1.585));
#11915 = LINE('',#11916,#11917);
#11916 = CARTESIAN_POINT('',(202.836905,-90.529819,1.585));
#11917 = VECTOR('',#11918,1.);
#11918 = DIRECTION('',(0.,-1.,0.));
#11919 = ORIENTED_EDGE('',*,*,#11920,.T.);
#11920 = EDGE_CURVE('',#11913,#11921,#11923,.T.);
#11921 = VERTEX_POINT('',#11922);
#11922 = CARTESIAN_POINT('',(203.125152,-90.903628,1.585));
#11923 = LINE('',#11924,#11925);
#11924 = CARTESIAN_POINT('',(202.836905,-90.903628,1.585));
#11925 = VECTOR('',#11926,1.);
#11926 = DIRECTION('',(1.,0.,0.));
#11927 = ORIENTED_EDGE('',*,*,#11928,.T.);
#11928 = EDGE_CURVE('',#11921,#11929,#11931,.T.);
#11929 = VERTEX_POINT('',#11930);
#11930 = CARTESIAN_POINT('',(203.258333,-90.770447,1.585));
#11931 = CIRCLE('',#11932,0.18686440374);
#11932 = AXIS2_PLACEMENT_3D('',#11933,#11934,#11935);
#11933 = CARTESIAN_POINT('',(203.077616,-90.722911,1.585));
#11934 = DIRECTION('',(0.,0.,1.));
#11935 = DIRECTION('',(0.254387668538,-0.967102328658,0.));
#11936 = ORIENTED_EDGE('',*,*,#11937,.T.);
#11937 = EDGE_CURVE('',#11929,#11894,#11938,.T.);
#11938 = LINE('',#11939,#11940);
#11939 = CARTESIAN_POINT('',(203.258333,-90.770447,1.585));
#11940 = VECTOR('',#11941,1.);
#11941 = DIRECTION('',(0.,1.,0.));
#11942 = PLANE('',#11943);
#11943 = AXIS2_PLACEMENT_3D('',#11944,#11945,#11946);
#11944 = CARTESIAN_POINT('',(0.,0.,1.585));
#11945 = DIRECTION('',(0.,0.,1.));
#11946 = DIRECTION('',(1.,0.,-0.));
#11947 = SHELL_BASED_SURFACE_MODEL('',(#11948));
#11948 = OPEN_SHELL('',(#11949));
#11949 = ADVANCED_FACE('',(#11950),#12011,.T.);
#11950 = FACE_BOUND('',#11951,.F.);
#11951 = EDGE_LOOP('',(#11952,#11963,#11971,#11980,#11988,#11997,#12005)
  );
#11952 = ORIENTED_EDGE('',*,*,#11953,.T.);
#11953 = EDGE_CURVE('',#11954,#11956,#11958,.T.);
#11954 = VERTEX_POINT('',#11955);
#11955 = CARTESIAN_POINT('',(203.652035,-90.528378,1.585));
#11956 = VERTEX_POINT('',#11957);
#11957 = CARTESIAN_POINT('',(203.666667,-90.379819,1.585));
#11958 = CIRCLE('',#11959,7.500006711464E-02);
#11959 = AXIS2_PLACEMENT_3D('',#11960,#11961,#11962);
#11960 = CARTESIAN_POINT('',(203.66666693288,-90.45481906711,1.585));
#11961 = DIRECTION('',(0.,0.,-1.));
#11962 = DIRECTION('',(-0.195092263891,-0.980784894138,-0.));
#11963 = ORIENTED_EDGE('',*,*,#11964,.T.);
#11964 = EDGE_CURVE('',#11956,#11965,#11967,.T.);
#11965 = VERTEX_POINT('',#11966);
#11966 = CARTESIAN_POINT('',(204.347965,-90.38126,1.585));
#11967 = LINE('',#11968,#11969);
#11968 = CARTESIAN_POINT('',(203.666667,-90.379819,1.585));
#11969 = VECTOR('',#11970,1.);
#11970 = DIRECTION('',(0.999997763225,-2.115075600996E-03,0.));
#11971 = ORIENTED_EDGE('',*,*,#11972,.T.);
#11972 = EDGE_CURVE('',#11965,#11973,#11975,.T.);
#11973 = VERTEX_POINT('',#11974);
#11974 = CARTESIAN_POINT('',(204.402269,-90.484363,1.585));
#11975 = CIRCLE('',#11976,7.500015546833E-02);
#11976 = AXIS2_PLACEMENT_3D('',#11977,#11978,#11979);
#11977 = CARTESIAN_POINT('',(204.33333297422,-90.45481900449,1.585));
#11978 = DIRECTION('',(0.,0.,-1.));
#11979 = DIRECTION('',(0.195093272598,0.980784693491,0.));
#11980 = ORIENTED_EDGE('',*,*,#11981,.T.);
#11981 = EDGE_CURVE('',#11973,#11982,#11984,.T.);
#11982 = VERTEX_POINT('',#11983);
#11983 = CARTESIAN_POINT('',(203.96661,-91.497244,1.585));
#11984 = LINE('',#11985,#11986);
#11985 = CARTESIAN_POINT('',(204.402269,-90.484363,1.585));
#11986 = VECTOR('',#11987,1.);
#11987 = DIRECTION('',(-0.395119729311,-0.918629631304,0.));
#11988 = ORIENTED_EDGE('',*,*,#11989,.T.);
#11989 = EDGE_CURVE('',#11982,#11990,#11992,.T.);
#11990 = VERTEX_POINT('',#11991);
#11991 = CARTESIAN_POINT('',(203.835826,-91.425275,1.585));
#11992 = CIRCLE('',#11993,7.500030178422E-02);
#11993 = AXIS2_PLACEMENT_3D('',#11994,#11995,#11996);
#11994 = CARTESIAN_POINT('',(203.90476234698,-91.45481861745,1.585));
#11995 = DIRECTION('',(-0.,0.,-1.));
#11996 = DIRECTION('',(0.824632055419,-0.565669491112,-0.));
#11997 = ORIENTED_EDGE('',*,*,#11998,.T.);
#11998 = EDGE_CURVE('',#11990,#11999,#12001,.T.);
#11999 = VERTEX_POINT('',#12000);
#12000 = CARTESIAN_POINT('',(204.219592,-90.529819,1.585));
#12001 = LINE('',#12002,#12003);
#12002 = CARTESIAN_POINT('',(203.835826,-91.425275,1.585));
#12003 = VECTOR('',#12004,1.);
#12004 = DIRECTION('',(0.393918555284,0.919145348573,0.));
#12005 = ORIENTED_EDGE('',*,*,#12006,.T.);
#12006 = EDGE_CURVE('',#11999,#11954,#12007,.T.);
#12007 = LINE('',#12008,#12009);
#12008 = CARTESIAN_POINT('',(204.219592,-90.529819,1.585));
#12009 = VECTOR('',#12010,1.);
#12010 = DIRECTION('',(-0.999996776877,2.538943851418E-03,0.));
#12011 = PLANE('',#12012);
#12012 = AXIS2_PLACEMENT_3D('',#12013,#12014,#12015);
#12013 = CARTESIAN_POINT('',(0.,0.,1.585));
#12014 = DIRECTION('',(0.,0.,1.));
#12015 = DIRECTION('',(1.,0.,-0.));
#12016 = SHELL_BASED_SURFACE_MODEL('',(#12017));
#12017 = OPEN_SHELL('',(#12018));
#12018 = ADVANCED_FACE('',(#12019),#12063,.T.);
#12019 = FACE_BOUND('',#12020,.F.);
#12020 = EDGE_LOOP('',(#12021,#12032,#12040,#12049,#12057));
#12021 = ORIENTED_EDGE('',*,*,#12022,.T.);
#12022 = EDGE_CURVE('',#12023,#12025,#12027,.T.);
#12023 = VERTEX_POINT('',#12024);
#12024 = CARTESIAN_POINT('',(195.534567,-88.787475,1.585));
#12025 = VERTEX_POINT('',#12026);
#12026 = CARTESIAN_POINT('',(195.65,-88.810436,1.585));
#12027 = CIRCLE('',#12028,6.000007318647E-02);
#12028 = AXIS2_PLACEMENT_3D('',#12029,#12030,#12031);
#12029 = CARTESIAN_POINT('',(195.58999992681,-88.81043582331,1.585));
#12030 = DIRECTION('',(0.,0.,-1.));
#12031 = DIRECTION('',(-0.923880986637,0.382679921777,0.));
#12032 = ORIENTED_EDGE('',*,*,#12033,.T.);
#12033 = EDGE_CURVE('',#12025,#12034,#12036,.T.);
#12034 = VERTEX_POINT('',#12035);
#12035 = CARTESIAN_POINT('',(195.65,-90.264564,1.585));
#12036 = LINE('',#12037,#12038);
#12037 = CARTESIAN_POINT('',(195.65,-88.810436,1.585));
#12038 = VECTOR('',#12039,1.);
#12039 = DIRECTION('',(0.,-1.,0.));
#12040 = ORIENTED_EDGE('',*,*,#12041,.T.);
#12041 = EDGE_CURVE('',#12034,#12042,#12044,.T.);
#12042 = VERTEX_POINT('',#12043);
#12043 = CARTESIAN_POINT('',(195.53,-90.264564,1.585));
#12044 = CIRCLE('',#12045,6.000000000042E-02);
#12045 = AXIS2_PLACEMENT_3D('',#12046,#12047,#12048);
#12046 = CARTESIAN_POINT('',(195.59,-90.26456422558,1.585));
#12047 = DIRECTION('',(0.,0.,-1.));
#12048 = DIRECTION('',(0.999999999993,3.759794490531E-06,0.));
#12049 = ORIENTED_EDGE('',*,*,#12050,.T.);
#12050 = EDGE_CURVE('',#12042,#12051,#12053,.T.);
#12051 = VERTEX_POINT('',#12052);
#12052 = CARTESIAN_POINT('',(195.53,-88.810436,1.585));
#12053 = LINE('',#12054,#12055);
#12054 = CARTESIAN_POINT('',(195.53,-90.264564,1.585));
#12055 = VECTOR('',#12056,1.);
#12056 = DIRECTION('',(0.,1.,0.));
#12057 = ORIENTED_EDGE('',*,*,#12058,.T.);
#12058 = EDGE_CURVE('',#12051,#12023,#12059,.T.);
#12059 = LINE('',#12060,#12061);
#12060 = CARTESIAN_POINT('',(195.53,-88.810436,1.585));
#12061 = VECTOR('',#12062,1.);
#12062 = DIRECTION('',(0.195081000118,0.980787134598,0.));
#12063 = PLANE('',#12064);
#12064 = AXIS2_PLACEMENT_3D('',#12065,#12066,#12067);
#12065 = CARTESIAN_POINT('',(0.,0.,1.585));
#12066 = DIRECTION('',(0.,0.,1.));
#12067 = DIRECTION('',(1.,0.,-0.));
#12068 = SHELL_BASED_SURFACE_MODEL('',(#12069));
#12069 = OPEN_SHELL('',(#12070));
#12070 = ADVANCED_FACE('',(#12071),#12115,.T.);
#12071 = FACE_BOUND('',#12072,.F.);
#12072 = EDGE_LOOP('',(#12073,#12084,#12092,#12101,#12109));
#12073 = ORIENTED_EDGE('',*,*,#12074,.T.);
#12074 = EDGE_CURVE('',#12075,#12077,#12079,.T.);
#12075 = VERTEX_POINT('',#12076);
#12076 = CARTESIAN_POINT('',(197.354567,-88.787475,1.585));
#12077 = VERTEX_POINT('',#12078);
#12078 = CARTESIAN_POINT('',(197.47,-88.810436,1.585));
#12079 = CIRCLE('',#12080,6.000007318647E-02);
#12080 = AXIS2_PLACEMENT_3D('',#12081,#12082,#12083);
#12081 = CARTESIAN_POINT('',(197.40999992681,-88.81043582331,1.585));
#12082 = DIRECTION('',(0.,0.,-1.));
#12083 = DIRECTION('',(-0.923880986637,0.382679921777,0.));
#12084 = ORIENTED_EDGE('',*,*,#12085,.T.);
#12085 = EDGE_CURVE('',#12077,#12086,#12088,.T.);
#12086 = VERTEX_POINT('',#12087);
#12087 = CARTESIAN_POINT('',(197.47,-90.264564,1.585));
#12088 = LINE('',#12089,#12090);
#12089 = CARTESIAN_POINT('',(197.47,-88.810436,1.585));
#12090 = VECTOR('',#12091,1.);
#12091 = DIRECTION('',(0.,-1.,0.));
#12092 = ORIENTED_EDGE('',*,*,#12093,.T.);
#12093 = EDGE_CURVE('',#12086,#12094,#12096,.T.);
#12094 = VERTEX_POINT('',#12095);
#12095 = CARTESIAN_POINT('',(197.35,-90.264564,1.585));
#12096 = CIRCLE('',#12097,6.000000000042E-02);
#12097 = AXIS2_PLACEMENT_3D('',#12098,#12099,#12100);
#12098 = CARTESIAN_POINT('',(197.41,-90.26456422558,1.585));
#12099 = DIRECTION('',(0.,0.,-1.));
#12100 = DIRECTION('',(0.999999999993,3.759794490531E-06,0.));
#12101 = ORIENTED_EDGE('',*,*,#12102,.T.);
#12102 = EDGE_CURVE('',#12094,#12103,#12105,.T.);
#12103 = VERTEX_POINT('',#12104);
#12104 = CARTESIAN_POINT('',(197.35,-88.810436,1.585));
#12105 = LINE('',#12106,#12107);
#12106 = CARTESIAN_POINT('',(197.35,-90.264564,1.585));
#12107 = VECTOR('',#12108,1.);
#12108 = DIRECTION('',(0.,1.,0.));
#12109 = ORIENTED_EDGE('',*,*,#12110,.T.);
#12110 = EDGE_CURVE('',#12103,#12075,#12111,.T.);
#12111 = LINE('',#12112,#12113);
#12112 = CARTESIAN_POINT('',(197.35,-88.810436,1.585));
#12113 = VECTOR('',#12114,1.);
#12114 = DIRECTION('',(0.195081000118,0.980787134598,0.));
#12115 = PLANE('',#12116);
#12116 = AXIS2_PLACEMENT_3D('',#12117,#12118,#12119);
#12117 = CARTESIAN_POINT('',(0.,0.,1.585));
#12118 = DIRECTION('',(0.,0.,1.));
#12119 = DIRECTION('',(1.,0.,-0.));
#12120 = SHELL_BASED_SURFACE_MODEL('',(#12121));
#12121 = OPEN_SHELL('',(#12122));
#12122 = ADVANCED_FACE('',(#12123),#12167,.T.);
#12123 = FACE_BOUND('',#12124,.F.);
#12124 = EDGE_LOOP('',(#12125,#12136,#12144,#12153,#12161));
#12125 = ORIENTED_EDGE('',*,*,#12126,.T.);
#12126 = EDGE_CURVE('',#12127,#12129,#12131,.T.);
#12127 = VERTEX_POINT('',#12128);
#12128 = CARTESIAN_POINT('',(198.034567,-88.787475,1.585));
#12129 = VERTEX_POINT('',#12130);
#12130 = CARTESIAN_POINT('',(198.15,-88.810436,1.585));
#12131 = CIRCLE('',#12132,6.000007318647E-02);
#12132 = AXIS2_PLACEMENT_3D('',#12133,#12134,#12135);
#12133 = CARTESIAN_POINT('',(198.08999992681,-88.81043582331,1.585));
#12134 = DIRECTION('',(0.,0.,-1.));
#12135 = DIRECTION('',(-0.923880986637,0.382679921777,0.));
#12136 = ORIENTED_EDGE('',*,*,#12137,.T.);
#12137 = EDGE_CURVE('',#12129,#12138,#12140,.T.);
#12138 = VERTEX_POINT('',#12139);
#12139 = CARTESIAN_POINT('',(198.15,-90.264564,1.585));
#12140 = LINE('',#12141,#12142);
#12141 = CARTESIAN_POINT('',(198.15,-88.810436,1.585));
#12142 = VECTOR('',#12143,1.);
#12143 = DIRECTION('',(0.,-1.,0.));
#12144 = ORIENTED_EDGE('',*,*,#12145,.T.);
#12145 = EDGE_CURVE('',#12138,#12146,#12148,.T.);
#12146 = VERTEX_POINT('',#12147);
#12147 = CARTESIAN_POINT('',(198.03,-90.264564,1.585));
#12148 = CIRCLE('',#12149,6.000000000042E-02);
#12149 = AXIS2_PLACEMENT_3D('',#12150,#12151,#12152);
#12150 = CARTESIAN_POINT('',(198.09,-90.26456422558,1.585));
#12151 = DIRECTION('',(0.,0.,-1.));
#12152 = DIRECTION('',(0.999999999993,3.759794490531E-06,0.));
#12153 = ORIENTED_EDGE('',*,*,#12154,.T.);
#12154 = EDGE_CURVE('',#12146,#12155,#12157,.T.);
#12155 = VERTEX_POINT('',#12156);
#12156 = CARTESIAN_POINT('',(198.03,-88.810436,1.585));
#12157 = LINE('',#12158,#12159);
#12158 = CARTESIAN_POINT('',(198.03,-90.264564,1.585));
#12159 = VECTOR('',#12160,1.);
#12160 = DIRECTION('',(0.,1.,0.));
#12161 = ORIENTED_EDGE('',*,*,#12162,.T.);
#12162 = EDGE_CURVE('',#12155,#12127,#12163,.T.);
#12163 = LINE('',#12164,#12165);
#12164 = CARTESIAN_POINT('',(198.03,-88.810436,1.585));
#12165 = VECTOR('',#12166,1.);
#12166 = DIRECTION('',(0.195081000118,0.980787134598,0.));
#12167 = PLANE('',#12168);
#12168 = AXIS2_PLACEMENT_3D('',#12169,#12170,#12171);
#12169 = CARTESIAN_POINT('',(0.,0.,1.585));
#12170 = DIRECTION('',(0.,0.,1.));
#12171 = DIRECTION('',(1.,0.,-0.));
#12172 = SHELL_BASED_SURFACE_MODEL('',(#12173));
#12173 = OPEN_SHELL('',(#12174));
#12174 = ADVANCED_FACE('',(#12175),#12219,.T.);
#12175 = FACE_BOUND('',#12176,.F.);
#12176 = EDGE_LOOP('',(#12177,#12188,#12196,#12205,#12213));
#12177 = ORIENTED_EDGE('',*,*,#12178,.T.);
#12178 = EDGE_CURVE('',#12179,#12181,#12183,.T.);
#12179 = VERTEX_POINT('',#12180);
#12180 = CARTESIAN_POINT('',(199.854567,-88.787475,1.585));
#12181 = VERTEX_POINT('',#12182);
#12182 = CARTESIAN_POINT('',(199.97,-88.810436,1.585));
#12183 = CIRCLE('',#12184,6.000007318647E-02);
#12184 = AXIS2_PLACEMENT_3D('',#12185,#12186,#12187);
#12185 = CARTESIAN_POINT('',(199.90999992681,-88.81043582331,1.585));
#12186 = DIRECTION('',(0.,0.,-1.));
#12187 = DIRECTION('',(-0.923880986637,0.382679921777,0.));
#12188 = ORIENTED_EDGE('',*,*,#12189,.T.);
#12189 = EDGE_CURVE('',#12181,#12190,#12192,.T.);
#12190 = VERTEX_POINT('',#12191);
#12191 = CARTESIAN_POINT('',(199.97,-90.264564,1.585));
#12192 = LINE('',#12193,#12194);
#12193 = CARTESIAN_POINT('',(199.97,-88.810436,1.585));
#12194 = VECTOR('',#12195,1.);
#12195 = DIRECTION('',(0.,-1.,0.));
#12196 = ORIENTED_EDGE('',*,*,#12197,.T.);
#12197 = EDGE_CURVE('',#12190,#12198,#12200,.T.);
#12198 = VERTEX_POINT('',#12199);
#12199 = CARTESIAN_POINT('',(199.85,-90.264564,1.585));
#12200 = CIRCLE('',#12201,6.000000000042E-02);
#12201 = AXIS2_PLACEMENT_3D('',#12202,#12203,#12204);
#12202 = CARTESIAN_POINT('',(199.91,-90.26456422558,1.585));
#12203 = DIRECTION('',(0.,0.,-1.));
#12204 = DIRECTION('',(0.999999999993,3.759794490531E-06,0.));
#12205 = ORIENTED_EDGE('',*,*,#12206,.T.);
#12206 = EDGE_CURVE('',#12198,#12207,#12209,.T.);
#12207 = VERTEX_POINT('',#12208);
#12208 = CARTESIAN_POINT('',(199.85,-88.810436,1.585));
#12209 = LINE('',#12210,#12211);
#12210 = CARTESIAN_POINT('',(199.85,-90.264564,1.585));
#12211 = VECTOR('',#12212,1.);
#12212 = DIRECTION('',(0.,1.,0.));
#12213 = ORIENTED_EDGE('',*,*,#12214,.T.);
#12214 = EDGE_CURVE('',#12207,#12179,#12215,.T.);
#12215 = LINE('',#12216,#12217);
#12216 = CARTESIAN_POINT('',(199.85,-88.810436,1.585));
#12217 = VECTOR('',#12218,1.);
#12218 = DIRECTION('',(0.195081000118,0.980787134598,0.));
#12219 = PLANE('',#12220);
#12220 = AXIS2_PLACEMENT_3D('',#12221,#12222,#12223);
#12221 = CARTESIAN_POINT('',(0.,0.,1.585));
#12222 = DIRECTION('',(0.,0.,1.));
#12223 = DIRECTION('',(1.,0.,-0.));
#12224 = SHELL_BASED_SURFACE_MODEL('',(#12225));
#12225 = OPEN_SHELL('',(#12226));
#12226 = ADVANCED_FACE('',(#12227),#12271,.T.);
#12227 = FACE_BOUND('',#12228,.F.);
#12228 = EDGE_LOOP('',(#12229,#12240,#12248,#12257,#12265));
#12229 = ORIENTED_EDGE('',*,*,#12230,.T.);
#12230 = EDGE_CURVE('',#12231,#12233,#12235,.T.);
#12231 = VERTEX_POINT('',#12232);
#12232 = CARTESIAN_POINT('',(200.534567,-88.787475,1.585));
#12233 = VERTEX_POINT('',#12234);
#12234 = CARTESIAN_POINT('',(200.65,-88.810436,1.585));
#12235 = CIRCLE('',#12236,6.000007318647E-02);
#12236 = AXIS2_PLACEMENT_3D('',#12237,#12238,#12239);
#12237 = CARTESIAN_POINT('',(200.58999992681,-88.81043582331,1.585));
#12238 = DIRECTION('',(0.,0.,-1.));
#12239 = DIRECTION('',(-0.923880986637,0.382679921777,0.));
#12240 = ORIENTED_EDGE('',*,*,#12241,.T.);
#12241 = EDGE_CURVE('',#12233,#12242,#12244,.T.);
#12242 = VERTEX_POINT('',#12243);
#12243 = CARTESIAN_POINT('',(200.65,-90.264564,1.585));
#12244 = LINE('',#12245,#12246);
#12245 = CARTESIAN_POINT('',(200.65,-88.810436,1.585));
#12246 = VECTOR('',#12247,1.);
#12247 = DIRECTION('',(0.,-1.,0.));
#12248 = ORIENTED_EDGE('',*,*,#12249,.T.);
#12249 = EDGE_CURVE('',#12242,#12250,#12252,.T.);
#12250 = VERTEX_POINT('',#12251);
#12251 = CARTESIAN_POINT('',(200.53,-90.264564,1.585));
#12252 = CIRCLE('',#12253,6.000000000042E-02);
#12253 = AXIS2_PLACEMENT_3D('',#12254,#12255,#12256);
#12254 = CARTESIAN_POINT('',(200.59,-90.26456422558,1.585));
#12255 = DIRECTION('',(0.,0.,-1.));
#12256 = DIRECTION('',(0.999999999993,3.759794490531E-06,0.));
#12257 = ORIENTED_EDGE('',*,*,#12258,.T.);
#12258 = EDGE_CURVE('',#12250,#12259,#12261,.T.);
#12259 = VERTEX_POINT('',#12260);
#12260 = CARTESIAN_POINT('',(200.53,-88.810436,1.585));
#12261 = LINE('',#12262,#12263);
#12262 = CARTESIAN_POINT('',(200.53,-90.264564,1.585));
#12263 = VECTOR('',#12264,1.);
#12264 = DIRECTION('',(0.,1.,0.));
#12265 = ORIENTED_EDGE('',*,*,#12266,.T.);
#12266 = EDGE_CURVE('',#12259,#12231,#12267,.T.);
#12267 = LINE('',#12268,#12269);
#12268 = CARTESIAN_POINT('',(200.53,-88.810436,1.585));
#12269 = VECTOR('',#12270,1.);
#12270 = DIRECTION('',(0.195081000118,0.980787134598,0.));
#12271 = PLANE('',#12272);
#12272 = AXIS2_PLACEMENT_3D('',#12273,#12274,#12275);
#12273 = CARTESIAN_POINT('',(0.,0.,1.585));
#12274 = DIRECTION('',(0.,0.,1.));
#12275 = DIRECTION('',(1.,0.,-0.));
#12276 = SHELL_BASED_SURFACE_MODEL('',(#12277));
#12277 = OPEN_SHELL('',(#12278));
#12278 = ADVANCED_FACE('',(#12279),#12323,.T.);
#12279 = FACE_BOUND('',#12280,.F.);
#12280 = EDGE_LOOP('',(#12281,#12292,#12300,#12309,#12317));
#12281 = ORIENTED_EDGE('',*,*,#12282,.T.);
#12282 = EDGE_CURVE('',#12283,#12285,#12287,.T.);
#12283 = VERTEX_POINT('',#12284);
#12284 = CARTESIAN_POINT('',(202.354567,-88.787475,1.585));
#12285 = VERTEX_POINT('',#12286);
#12286 = CARTESIAN_POINT('',(202.47,-88.810436,1.585));
#12287 = CIRCLE('',#12288,6.000007318647E-02);
#12288 = AXIS2_PLACEMENT_3D('',#12289,#12290,#12291);
#12289 = CARTESIAN_POINT('',(202.40999992681,-88.81043582331,1.585));
#12290 = DIRECTION('',(0.,0.,-1.));
#12291 = DIRECTION('',(-0.923880986637,0.382679921777,0.));
#12292 = ORIENTED_EDGE('',*,*,#12293,.T.);
#12293 = EDGE_CURVE('',#12285,#12294,#12296,.T.);
#12294 = VERTEX_POINT('',#12295);
#12295 = CARTESIAN_POINT('',(202.47,-90.264564,1.585));
#12296 = LINE('',#12297,#12298);
#12297 = CARTESIAN_POINT('',(202.47,-88.810436,1.585));
#12298 = VECTOR('',#12299,1.);
#12299 = DIRECTION('',(0.,-1.,0.));
#12300 = ORIENTED_EDGE('',*,*,#12301,.T.);
#12301 = EDGE_CURVE('',#12294,#12302,#12304,.T.);
#12302 = VERTEX_POINT('',#12303);
#12303 = CARTESIAN_POINT('',(202.35,-90.264564,1.585));
#12304 = CIRCLE('',#12305,6.000000000042E-02);
#12305 = AXIS2_PLACEMENT_3D('',#12306,#12307,#12308);
#12306 = CARTESIAN_POINT('',(202.41,-90.26456422558,1.585));
#12307 = DIRECTION('',(0.,0.,-1.));
#12308 = DIRECTION('',(0.999999999993,3.759794490531E-06,0.));
#12309 = ORIENTED_EDGE('',*,*,#12310,.T.);
#12310 = EDGE_CURVE('',#12302,#12311,#12313,.T.);
#12311 = VERTEX_POINT('',#12312);
#12312 = CARTESIAN_POINT('',(202.35,-88.810436,1.585));
#12313 = LINE('',#12314,#12315);
#12314 = CARTESIAN_POINT('',(202.35,-90.264564,1.585));
#12315 = VECTOR('',#12316,1.);
#12316 = DIRECTION('',(0.,1.,0.));
#12317 = ORIENTED_EDGE('',*,*,#12318,.T.);
#12318 = EDGE_CURVE('',#12311,#12283,#12319,.T.);
#12319 = LINE('',#12320,#12321);
#12320 = CARTESIAN_POINT('',(202.35,-88.810436,1.585));
#12321 = VECTOR('',#12322,1.);
#12322 = DIRECTION('',(0.195081000118,0.980787134598,0.));
#12323 = PLANE('',#12324);
#12324 = AXIS2_PLACEMENT_3D('',#12325,#12326,#12327);
#12325 = CARTESIAN_POINT('',(0.,0.,1.585));
#12326 = DIRECTION('',(0.,0.,1.));
#12327 = DIRECTION('',(1.,0.,-0.));
#12328 = SHELL_BASED_SURFACE_MODEL('',(#12329));
#12329 = OPEN_SHELL('',(#12330));
#12330 = ADVANCED_FACE('',(#12331),#12465,.T.);
#12331 = FACE_BOUND('',#12332,.F.);
#12332 = EDGE_LOOP('',(#12333,#12343,#12351,#12360,#12368,#12376,#12385,
    #12393,#12402,#12410,#12418,#12426,#12434,#12443,#12451,#12459));
#12333 = ORIENTED_EDGE('',*,*,#12334,.T.);
#12334 = EDGE_CURVE('',#12335,#12337,#12339,.T.);
#12335 = VERTEX_POINT('',#12336);
#12336 = CARTESIAN_POINT('',(200.946912,-85.901841,1.585));
#12337 = VERTEX_POINT('',#12338);
#12338 = CARTESIAN_POINT('',(200.985368,-85.88126,1.585));
#12339 = LINE('',#12340,#12341);
#12340 = CARTESIAN_POINT('',(200.946912,-85.901841,1.585));
#12341 = VECTOR('',#12342,1.);
#12342 = DIRECTION('',(0.881674852639,0.471857451169,0.));
#12343 = ORIENTED_EDGE('',*,*,#12344,.T.);
#12344 = EDGE_CURVE('',#12337,#12345,#12347,.T.);
#12345 = VERTEX_POINT('',#12346);
#12346 = CARTESIAN_POINT('',(201.007205,-85.88126,1.585));
#12347 = LINE('',#12348,#12349);
#12348 = CARTESIAN_POINT('',(200.985368,-85.88126,1.585));
#12349 = VECTOR('',#12350,1.);
#12350 = DIRECTION('',(1.,0.,0.));
#12351 = ORIENTED_EDGE('',*,*,#12352,.T.);
#12352 = EDGE_CURVE('',#12345,#12353,#12355,.T.);
#12353 = VERTEX_POINT('',#12354);
#12354 = CARTESIAN_POINT('',(201.075,-85.954819,1.585));
#12355 = CIRCLE('',#12356,7.216898094231E-02);
#12356 = AXIS2_PLACEMENT_3D('',#12357,#12358,#12359);
#12357 = CARTESIAN_POINT('',(201.00284706389,-85.95329728342,1.585));
#12358 = DIRECTION('',(0.,0.,-1.));
#12359 = DIRECTION('',(6.038516895301E-02,0.998175150648,0.));
#12360 = ORIENTED_EDGE('',*,*,#12361,.T.);
#12361 = EDGE_CURVE('',#12353,#12362,#12364,.T.);
#12362 = VERTEX_POINT('',#12363);
#12363 = CARTESIAN_POINT('',(201.075,-86.879819,1.585));
#12364 = LINE('',#12365,#12366);
#12365 = CARTESIAN_POINT('',(201.075,-85.954819,1.585));
#12366 = VECTOR('',#12367,1.);
#12367 = DIRECTION('',(0.,-1.,0.));
#12368 = ORIENTED_EDGE('',*,*,#12369,.T.);
#12369 = EDGE_CURVE('',#12362,#12370,#12372,.T.);
#12370 = VERTEX_POINT('',#12371);
#12371 = CARTESIAN_POINT('',(201.300346,-86.88126,1.585));
#12372 = LINE('',#12373,#12374);
#12373 = CARTESIAN_POINT('',(201.075,-86.879819,1.585));
#12374 = VECTOR('',#12375,1.);
#12375 = DIRECTION('',(0.999979555102,-6.394480216655E-03,0.));
#12376 = ORIENTED_EDGE('',*,*,#12377,.T.);
#12377 = EDGE_CURVE('',#12370,#12378,#12380,.T.);
#12378 = VERTEX_POINT('',#12379);
#12379 = CARTESIAN_POINT('',(201.285714,-87.029819,1.585));
#12380 = CIRCLE('',#12381,7.500006711464E-02);
#12381 = AXIS2_PLACEMENT_3D('',#12382,#12383,#12384);
#12382 = CARTESIAN_POINT('',(201.28571406711,-86.95481893288,1.585));
#12383 = DIRECTION('',(0.,0.,-1.));
#12384 = DIRECTION('',(0.195092263891,0.980784894138,0.));
#12385 = ORIENTED_EDGE('',*,*,#12386,.T.);
#12386 = EDGE_CURVE('',#12378,#12387,#12389,.T.);
#12387 = VERTEX_POINT('',#12388);
#12388 = CARTESIAN_POINT('',(200.699654,-87.028378,1.585));
#12389 = LINE('',#12390,#12391);
#12390 = CARTESIAN_POINT('',(201.285714,-87.029819,1.585));
#12391 = VECTOR('',#12392,1.);
#12392 = DIRECTION('',(-0.999996977183,2.45878518261E-03,0.));
#12393 = ORIENTED_EDGE('',*,*,#12394,.T.);
#12394 = EDGE_CURVE('',#12387,#12395,#12397,.T.);
#12395 = VERTEX_POINT('',#12396);
#12396 = CARTESIAN_POINT('',(200.714286,-86.879819,1.585));
#12397 = CIRCLE('',#12398,7.500006711464E-02);
#12398 = AXIS2_PLACEMENT_3D('',#12399,#12400,#12401);
#12399 = CARTESIAN_POINT('',(200.71428593288,-86.95481906711,1.585));
#12400 = DIRECTION('',(0.,0.,-1.));
#12401 = DIRECTION('',(-0.195092263891,-0.980784894138,-0.));
#12402 = ORIENTED_EDGE('',*,*,#12403,.T.);
#12403 = EDGE_CURVE('',#12395,#12404,#12406,.T.);
#12404 = VERTEX_POINT('',#12405);
#12405 = CARTESIAN_POINT('',(200.925,-86.879819,1.585));
#12406 = LINE('',#12407,#12408);
#12407 = CARTESIAN_POINT('',(200.714286,-86.879819,1.585));
#12408 = VECTOR('',#12409,1.);
#12409 = DIRECTION('',(1.,0.,0.));
#12410 = ORIENTED_EDGE('',*,*,#12411,.T.);
#12411 = EDGE_CURVE('',#12404,#12412,#12414,.T.);
#12412 = VERTEX_POINT('',#12413);
#12413 = CARTESIAN_POINT('',(200.925,-86.183504,1.585));
#12414 = LINE('',#12415,#12416);
#12415 = CARTESIAN_POINT('',(200.925,-86.879819,1.585));
#12416 = VECTOR('',#12417,1.);
#12417 = DIRECTION('',(0.,1.,0.));
#12418 = ORIENTED_EDGE('',*,*,#12419,.T.);
#12419 = EDGE_CURVE('',#12412,#12420,#12422,.T.);
#12420 = VERTEX_POINT('',#12421);
#12421 = CARTESIAN_POINT('',(200.849364,-86.256031,1.585));
#12422 = LINE('',#12423,#12424);
#12423 = CARTESIAN_POINT('',(200.925,-86.183504,1.585));
#12424 = VECTOR('',#12425,1.);
#12425 = DIRECTION('',(-0.721785571396,-0.692116745156,0.));
#12426 = ORIENTED_EDGE('',*,*,#12427,.T.);
#12427 = EDGE_CURVE('',#12420,#12428,#12430,.T.);
#12428 = VERTEX_POINT('',#12429);
#12429 = CARTESIAN_POINT('',(200.734095,-86.31287,1.585));
#12430 = LINE('',#12431,#12432);
#12431 = CARTESIAN_POINT('',(200.849364,-86.256031,1.585));
#12432 = VECTOR('',#12433,1.);
#12433 = DIRECTION('',(-0.896889346494,-0.442255017094,0.));
#12434 = ORIENTED_EDGE('',*,*,#12435,.T.);
#12435 = EDGE_CURVE('',#12428,#12436,#12438,.T.);
#12436 = VERTEX_POINT('',#12437);
#12437 = CARTESIAN_POINT('',(200.680745,-86.173451,1.585));
#12438 = CIRCLE('',#12439,7.500005272362E-02);
#12439 = AXIS2_PLACEMENT_3D('',#12440,#12441,#12442);
#12440 = CARTESIAN_POINT('',(200.71428555676,-86.24053332972,1.585));
#12441 = DIRECTION('',(0.,0.,-1.));
#12442 = DIRECTION('',(0.264125724195,-0.964488259036,0.));
#12443 = ORIENTED_EDGE('',*,*,#12444,.T.);
#12444 = EDGE_CURVE('',#12436,#12445,#12447,.T.);
#12445 = VERTEX_POINT('',#12446);
#12446 = CARTESIAN_POINT('',(200.765097,-86.131275,1.585));
#12447 = LINE('',#12448,#12449);
#12448 = CARTESIAN_POINT('',(200.680745,-86.173451,1.585));
#12449 = VECTOR('',#12450,1.);
#12450 = DIRECTION('',(0.894427191,0.4472135955,0.));
#12451 = ORIENTED_EDGE('',*,*,#12452,.T.);
#12452 = EDGE_CURVE('',#12445,#12453,#12455,.T.);
#12453 = VERTEX_POINT('',#12454);
#12454 = CARTESIAN_POINT('',(200.846476,-86.049896,1.585));
#12455 = LINE('',#12456,#12457);
#12456 = CARTESIAN_POINT('',(200.765097,-86.131275,1.585));
#12457 = VECTOR('',#12458,1.);
#12458 = DIRECTION('',(0.707106781187,0.707106781187,0.));
#12459 = ORIENTED_EDGE('',*,*,#12460,.T.);
#12460 = EDGE_CURVE('',#12453,#12335,#12461,.T.);
#12461 = LINE('',#12462,#12463);
#12462 = CARTESIAN_POINT('',(200.846476,-86.049896,1.585));
#12463 = VECTOR('',#12464,1.);
#12464 = DIRECTION('',(0.561387006404,0.82755339951,0.));
#12465 = PLANE('',#12466);
#12466 = AXIS2_PLACEMENT_3D('',#12467,#12468,#12469);
#12467 = CARTESIAN_POINT('',(0.,0.,1.585));
#12468 = DIRECTION('',(0.,0.,1.));
#12469 = DIRECTION('',(1.,0.,-0.));
#12470 = SHELL_BASED_SURFACE_MODEL('',(#12471));
#12471 = OPEN_SHELL('',(#12472));
#12472 = ADVANCED_FACE('',(#12473,#12584),#12636,.T.);
#12473 = FACE_BOUND('',#12474,.F.);
#12474 = EDGE_LOOP('',(#12475,#12486,#12494,#12503,#12511,#12520,#12528,
    #12536,#12545,#12553,#12561,#12569,#12578));
#12475 = ORIENTED_EDGE('',*,*,#12476,.T.);
#12476 = EDGE_CURVE('',#12477,#12479,#12481,.T.);
#12477 = VERTEX_POINT('',#12478);
#12478 = CARTESIAN_POINT('',(199.688346,-85.940187,1.585));
#12479 = VERTEX_POINT('',#12480);
#12480 = CARTESIAN_POINT('',(199.761905,-85.879819,1.585));
#12481 = CIRCLE('',#12482,7.500074938989E-02);
#12482 = AXIS2_PLACEMENT_3D('',#12483,#12484,#12485);
#12483 = CARTESIAN_POINT('',(199.76190546611,-85.95481974938,1.585));
#12484 = DIRECTION('',(0.,0.,-1.));
#12485 = DIRECTION('',(-0.980783081614,0.195101375753,0.));
#12486 = ORIENTED_EDGE('',*,*,#12487,.T.);
#12487 = EDGE_CURVE('',#12479,#12488,#12490,.T.);
#12488 = VERTEX_POINT('',#12489);
#12489 = CARTESIAN_POINT('',(200.157489,-85.88126,1.585));
#12490 = LINE('',#12491,#12492);
#12491 = CARTESIAN_POINT('',(199.761905,-85.879819,1.585));
#12492 = VECTOR('',#12493,1.);
#12493 = DIRECTION('',(0.999993365378,-3.642691411961E-03,0.));
#12494 = ORIENTED_EDGE('',*,*,#12495,.T.);
#12495 = EDGE_CURVE('',#12488,#12496,#12498,.T.);
#12496 = VERTEX_POINT('',#12497);
#12497 = CARTESIAN_POINT('',(200.406892,-86.130663,1.585));
#12498 = CIRCLE('',#12499,0.347870264855);
#12499 = AXIS2_PLACEMENT_3D('',#12500,#12501,#12502);
#12500 = CARTESIAN_POINT('',(200.07016126502,-86.21799073497,1.585));
#12501 = DIRECTION('',(0.,0.,-1.));
#12502 = DIRECTION('',(0.251035353678,0.967977918758,0.));
#12503 = ORIENTED_EDGE('',*,*,#12504,.T.);
#12504 = EDGE_CURVE('',#12496,#12505,#12507,.T.);
#12505 = VERTEX_POINT('',#12506);
#12506 = CARTESIAN_POINT('',(200.40567,-86.307962,1.585));
#12507 = LINE('',#12508,#12509);
#12508 = CARTESIAN_POINT('',(200.406892,-86.130663,1.585));
#12509 = VECTOR('',#12510,1.);
#12510 = DIRECTION('',(-6.892148157212E-03,-0.999976248865,0.));
#12511 = ORIENTED_EDGE('',*,*,#12512,.T.);
#12512 = EDGE_CURVE('',#12505,#12513,#12515,.T.);
#12513 = VERTEX_POINT('',#12514);
#12514 = CARTESIAN_POINT('',(200.157489,-86.552187,1.585));
#12515 = CIRCLE('',#12516,0.348632345848);
#12516 = AXIS2_PLACEMENT_3D('',#12517,#12518,#12519);
#12517 = CARTESIAN_POINT('',(200.06972019403,-86.2147834593,1.585));
#12518 = DIRECTION('',(0.,0.,-1.));
#12519 = DIRECTION('',(0.963622021775,-0.267268776985,0.));
#12520 = ORIENTED_EDGE('',*,*,#12521,.T.);
#12521 = EDGE_CURVE('',#12513,#12522,#12524,.T.);
#12522 = VERTEX_POINT('',#12523);
#12523 = CARTESIAN_POINT('',(200.143972,-86.553518,1.585));
#12524 = LINE('',#12525,#12526);
#12525 = CARTESIAN_POINT('',(200.157489,-86.552187,1.585));
#12526 = VECTOR('',#12527,1.);
#12527 = DIRECTION('',(-0.995186940545,-9.799465989924E-02,0.));
#12528 = ORIENTED_EDGE('',*,*,#12529,.T.);
#12529 = EDGE_CURVE('',#12522,#12530,#12532,.T.);
#12530 = VERTEX_POINT('',#12531);
#12531 = CARTESIAN_POINT('',(200.401986,-86.924623,1.585));
#12532 = LINE('',#12533,#12534);
#12533 = CARTESIAN_POINT('',(200.143972,-86.553518,1.585));
#12534 = VECTOR('',#12535,1.);
#12535 = DIRECTION('',(0.570846789809,-0.821056601316,0.));
#12536 = ORIENTED_EDGE('',*,*,#12537,.T.);
#12537 = EDGE_CURVE('',#12530,#12538,#12540,.T.);
#12538 = VERTEX_POINT('',#12539);
#12539 = CARTESIAN_POINT('',(200.271891,-86.997829,1.585));
#12540 = CIRCLE('',#12541,7.500005951701E-02);
#12541 = AXIS2_PLACEMENT_3D('',#12542,#12543,#12544);
#12542 = CARTESIAN_POINT('',(200.33333306294,-86.95481874739,1.585));
#12543 = DIRECTION('',(0.,0.,-1.));
#12544 = DIRECTION('',(0.915371767707,0.402609645791,0.));
#12545 = ORIENTED_EDGE('',*,*,#12546,.T.);
#12546 = EDGE_CURVE('',#12538,#12547,#12549,.T.);
#12547 = VERTEX_POINT('',#12548);
#12548 = CARTESIAN_POINT('',(199.960951,-86.553628,1.585));
#12549 = LINE('',#12550,#12551);
#12550 = CARTESIAN_POINT('',(200.271891,-86.997829,1.585));
#12551 = VECTOR('',#12552,1.);
#12552 = DIRECTION('',(-0.573461477921,0.819232527028,0.));
#12553 = ORIENTED_EDGE('',*,*,#12554,.T.);
#12554 = EDGE_CURVE('',#12547,#12555,#12557,.T.);
#12555 = VERTEX_POINT('',#12556);
#12556 = CARTESIAN_POINT('',(199.836905,-86.553628,1.585));
#12557 = LINE('',#12558,#12559);
#12558 = CARTESIAN_POINT('',(199.960951,-86.553628,1.585));
#12559 = VECTOR('',#12560,1.);
#12560 = DIRECTION('',(-1.,0.,0.));
#12561 = ORIENTED_EDGE('',*,*,#12562,.T.);
#12562 = EDGE_CURVE('',#12555,#12563,#12565,.T.);
#12563 = VERTEX_POINT('',#12564);
#12564 = CARTESIAN_POINT('',(199.835464,-86.969451,1.585));
#12565 = LINE('',#12566,#12567);
#12566 = CARTESIAN_POINT('',(199.836905,-86.553628,1.585));
#12567 = VECTOR('',#12568,1.);
#12568 = DIRECTION('',(-3.465395967783E-03,-0.999993995497,0.));
#12569 = ORIENTED_EDGE('',*,*,#12570,.T.);
#12570 = EDGE_CURVE('',#12563,#12571,#12573,.T.);
#12571 = VERTEX_POINT('',#12572);
#12572 = CARTESIAN_POINT('',(199.686905,-86.954819,1.585));
#12573 = CIRCLE('',#12574,7.500006711463E-02);
#12574 = AXIS2_PLACEMENT_3D('',#12575,#12576,#12577);
#12575 = CARTESIAN_POINT('',(199.76190506711,-86.95481906711,1.585));
#12576 = DIRECTION('',(-0.,0.,-1.));
#12577 = DIRECTION('',(0.980784894138,-0.195092263891,-0.));
#12578 = ORIENTED_EDGE('',*,*,#12579,.T.);
#12579 = EDGE_CURVE('',#12571,#12477,#12580,.T.);
#12580 = LINE('',#12581,#12582);
#12581 = CARTESIAN_POINT('',(199.686905,-86.954819,1.585));
#12582 = VECTOR('',#12583,1.);
#12583 = DIRECTION('',(1.420217918158E-03,0.99999899149,0.));
#12584 = FACE_BOUND('',#12585,.F.);
#12585 = EDGE_LOOP('',(#12586,#12597,#12605,#12613,#12621,#12630));
#12586 = ORIENTED_EDGE('',*,*,#12587,.T.);
#12587 = EDGE_CURVE('',#12588,#12590,#12592,.T.);
#12588 = VERTEX_POINT('',#12589);
#12589 = CARTESIAN_POINT('',(200.258333,-86.163,1.585));
#12590 = VERTEX_POINT('',#12591);
#12591 = CARTESIAN_POINT('',(200.125152,-86.029819,1.585));
#12592 = CIRCLE('',#12593,0.18686440374);
#12593 = AXIS2_PLACEMENT_3D('',#12594,#12595,#12596);
#12594 = CARTESIAN_POINT('',(200.077616,-86.210536,1.585));
#12595 = DIRECTION('',(0.,0.,1.));
#12596 = DIRECTION('',(0.967102328658,0.254387668537,-0.));
#12597 = ORIENTED_EDGE('',*,*,#12598,.T.);
#12598 = EDGE_CURVE('',#12590,#12599,#12601,.T.);
#12599 = VERTEX_POINT('',#12600);
#12600 = CARTESIAN_POINT('',(199.836905,-86.029819,1.585));
#12601 = LINE('',#12602,#12603);
#12602 = CARTESIAN_POINT('',(200.125152,-86.029819,1.585));
#12603 = VECTOR('',#12604,1.);
#12604 = DIRECTION('',(-1.,0.,0.));
#12605 = ORIENTED_EDGE('',*,*,#12606,.T.);
#12606 = EDGE_CURVE('',#12599,#12607,#12609,.T.);
#12607 = VERTEX_POINT('',#12608);
#12608 = CARTESIAN_POINT('',(199.836905,-86.403628,1.585));
#12609 = LINE('',#12610,#12611);
#12610 = CARTESIAN_POINT('',(199.836905,-86.029819,1.585));
#12611 = VECTOR('',#12612,1.);
#12612 = DIRECTION('',(0.,-1.,0.));
#12613 = ORIENTED_EDGE('',*,*,#12614,.T.);
#12614 = EDGE_CURVE('',#12607,#12615,#12617,.T.);
#12615 = VERTEX_POINT('',#12616);
#12616 = CARTESIAN_POINT('',(200.125152,-86.403628,1.585));
#12617 = LINE('',#12618,#12619);
#12618 = CARTESIAN_POINT('',(199.836905,-86.403628,1.585));
#12619 = VECTOR('',#12620,1.);
#12620 = DIRECTION('',(1.,0.,0.));
#12621 = ORIENTED_EDGE('',*,*,#12622,.T.);
#12622 = EDGE_CURVE('',#12615,#12623,#12625,.T.);
#12623 = VERTEX_POINT('',#12624);
#12624 = CARTESIAN_POINT('',(200.258333,-86.270447,1.585));
#12625 = CIRCLE('',#12626,0.18686440374);
#12626 = AXIS2_PLACEMENT_3D('',#12627,#12628,#12629);
#12627 = CARTESIAN_POINT('',(200.077616,-86.222911,1.585));
#12628 = DIRECTION('',(0.,0.,1.));
#12629 = DIRECTION('',(0.254387668538,-0.967102328658,0.));
#12630 = ORIENTED_EDGE('',*,*,#12631,.T.);
#12631 = EDGE_CURVE('',#12623,#12588,#12632,.T.);
#12632 = LINE('',#12633,#12634);
#12633 = CARTESIAN_POINT('',(200.258333,-86.270447,1.585));
#12634 = VECTOR('',#12635,1.);
#12635 = DIRECTION('',(0.,1.,0.));
#12636 = PLANE('',#12637);
#12637 = AXIS2_PLACEMENT_3D('',#12638,#12639,#12640);
#12638 = CARTESIAN_POINT('',(0.,0.,1.585));
#12639 = DIRECTION('',(0.,0.,1.));
#12640 = DIRECTION('',(1.,0.,-0.));
#12641 = SHELL_BASED_SURFACE_MODEL('',(#12642));
#12642 = OPEN_SHELL('',(#12643));
#12643 = ADVANCED_FACE('',(#12644),#12704,.T.);
#12644 = FACE_BOUND('',#12645,.F.);
#12645 = EDGE_LOOP('',(#12646,#12657,#12665,#12673,#12681,#12689,#12698)
  );
#12646 = ORIENTED_EDGE('',*,*,#12647,.T.);
#12647 = EDGE_CURVE('',#12648,#12650,#12652,.T.);
#12648 = VERTEX_POINT('',#12649);
#12649 = CARTESIAN_POINT('',(193.91,-85.36,1.585));
#12650 = VERTEX_POINT('',#12651);
#12651 = CARTESIAN_POINT('',(194.00529,-85.311476,1.585));
#12652 = CIRCLE('',#12653,5.999960095073E-02);
#12653 = AXIS2_PLACEMENT_3D('',#12654,#12655,#12656);
#12654 = CARTESIAN_POINT('',(193.96999960094,-85.35999960094,1.585));
#12655 = DIRECTION('',(0.,0.,-1.));
#12656 = DIRECTION('',(-0.999999999978,-6.650887665409E-06,-0.));
#12657 = ORIENTED_EDGE('',*,*,#12658,.T.);
#12658 = EDGE_CURVE('',#12650,#12659,#12661,.T.);
#12659 = VERTEX_POINT('',#12660);
#12660 = CARTESIAN_POINT('',(194.33529,-85.551476,1.585));
#12661 = LINE('',#12662,#12663);
#12662 = CARTESIAN_POINT('',(194.00529,-85.311476,1.585));
#12663 = VECTOR('',#12664,1.);
#12664 = DIRECTION('',(0.808736084303,-0.588171697675,0.));
#12665 = ORIENTED_EDGE('',*,*,#12666,.T.);
#12666 = EDGE_CURVE('',#12659,#12667,#12669,.T.);
#12667 = VERTEX_POINT('',#12668);
#12668 = CARTESIAN_POINT('',(194.359266,-85.590642,1.585));
#12669 = LINE('',#12670,#12671);
#12670 = CARTESIAN_POINT('',(194.33529,-85.551476,1.585));
#12671 = VECTOR('',#12672,1.);
#12672 = DIRECTION('',(0.522103432673,-0.852882175679,0.));
#12673 = ORIENTED_EDGE('',*,*,#12674,.T.);
#12674 = EDGE_CURVE('',#12667,#12675,#12677,.T.);
#12675 = VERTEX_POINT('',#12676);
#12676 = CARTESIAN_POINT('',(194.348524,-85.63529,1.585));
#12677 = LINE('',#12678,#12679);
#12678 = CARTESIAN_POINT('',(194.359266,-85.590642,1.585));
#12679 = VECTOR('',#12680,1.);
#12680 = DIRECTION('',(-0.233918140202,-0.972256295266,0.));
#12681 = ORIENTED_EDGE('',*,*,#12682,.T.);
#12682 = EDGE_CURVE('',#12675,#12683,#12685,.T.);
#12683 = VERTEX_POINT('',#12684);
#12684 = CARTESIAN_POINT('',(194.00529,-85.888524,1.585));
#12685 = LINE('',#12686,#12687);
#12686 = CARTESIAN_POINT('',(194.348524,-85.63529,1.585));
#12687 = VECTOR('',#12688,1.);
#12688 = DIRECTION('',(-0.804692108267,-0.593692353743,0.));
#12689 = ORIENTED_EDGE('',*,*,#12690,.T.);
#12690 = EDGE_CURVE('',#12683,#12691,#12693,.T.);
#12691 = VERTEX_POINT('',#12692);
#12692 = CARTESIAN_POINT('',(193.91,-85.84,1.585));
#12693 = CIRCLE('',#12694,5.999941814205E-02);
#12694 = AXIS2_PLACEMENT_3D('',#12695,#12696,#12697);
#12695 = CARTESIAN_POINT('',(193.96999941813,-85.84000075805,1.585));
#12696 = DIRECTION('',(-0.,0.,-1.));
#12697 = DIRECTION('',(0.588182068353,-0.80872854189,-0.));
#12698 = ORIENTED_EDGE('',*,*,#12699,.T.);
#12699 = EDGE_CURVE('',#12691,#12648,#12700,.T.);
#12700 = LINE('',#12701,#12702);
#12701 = CARTESIAN_POINT('',(193.91,-85.84,1.585));
#12702 = VECTOR('',#12703,1.);
#12703 = DIRECTION('',(0.,1.,0.));
#12704 = PLANE('',#12705);
#12705 = AXIS2_PLACEMENT_3D('',#12706,#12707,#12708);
#12706 = CARTESIAN_POINT('',(0.,0.,1.585));
#12707 = DIRECTION('',(0.,0.,1.));
#12708 = DIRECTION('',(1.,0.,-0.));
#12709 = SHELL_BASED_SURFACE_MODEL('',(#12710));
#12710 = OPEN_SHELL('',(#12711));
#12711 = ADVANCED_FACE('',(#12712),#12756,.T.);
#12712 = FACE_BOUND('',#12713,.F.);
#12713 = EDGE_LOOP('',(#12714,#12725,#12733,#12742,#12750));
#12714 = ORIENTED_EDGE('',*,*,#12715,.T.);
#12715 = EDGE_CURVE('',#12716,#12718,#12720,.T.);
#12716 = VERTEX_POINT('',#12717);
#12717 = CARTESIAN_POINT('',(194.044567,-80.077039,1.585));
#12718 = VERTEX_POINT('',#12719);
#12719 = CARTESIAN_POINT('',(194.16,-80.1,1.585));
#12720 = CIRCLE('',#12721,6.000007318647E-02);
#12721 = AXIS2_PLACEMENT_3D('',#12722,#12723,#12724);
#12722 = CARTESIAN_POINT('',(194.09999992681,-80.09999982331,1.585));
#12723 = DIRECTION('',(0.,0.,-1.));
#12724 = DIRECTION('',(-0.923880986637,0.382679921777,0.));
#12725 = ORIENTED_EDGE('',*,*,#12726,.T.);
#12726 = EDGE_CURVE('',#12718,#12727,#12729,.T.);
#12727 = VERTEX_POINT('',#12728);
#12728 = CARTESIAN_POINT('',(194.16,-85.1,1.585));
#12729 = LINE('',#12730,#12731);
#12730 = CARTESIAN_POINT('',(194.16,-80.1,1.585));
#12731 = VECTOR('',#12732,1.);
#12732 = DIRECTION('',(0.,-1.,0.));
#12733 = ORIENTED_EDGE('',*,*,#12734,.T.);
#12734 = EDGE_CURVE('',#12727,#12735,#12737,.T.);
#12735 = VERTEX_POINT('',#12736);
#12736 = CARTESIAN_POINT('',(194.04,-85.1,1.585));
#12737 = CIRCLE('',#12738,6.000000000043E-02);
#12738 = AXIS2_PLACEMENT_3D('',#12739,#12740,#12741);
#12739 = CARTESIAN_POINT('',(194.1,-85.10000022558,1.585));
#12740 = DIRECTION('',(0.,0.,-1.));
#12741 = DIRECTION('',(0.999999999993,3.759794253684E-06,0.));
#12742 = ORIENTED_EDGE('',*,*,#12743,.T.);
#12743 = EDGE_CURVE('',#12735,#12744,#12746,.T.);
#12744 = VERTEX_POINT('',#12745);
#12745 = CARTESIAN_POINT('',(194.04,-80.1,1.585));
#12746 = LINE('',#12747,#12748);
#12747 = CARTESIAN_POINT('',(194.04,-85.1,1.585));
#12748 = VECTOR('',#12749,1.);
#12749 = DIRECTION('',(0.,1.,0.));
#12750 = ORIENTED_EDGE('',*,*,#12751,.T.);
#12751 = EDGE_CURVE('',#12744,#12716,#12752,.T.);
#12752 = LINE('',#12753,#12754);
#12753 = CARTESIAN_POINT('',(194.04,-80.1,1.585));
#12754 = VECTOR('',#12755,1.);
#12755 = DIRECTION('',(0.195081000118,0.980787134598,0.));
#12756 = PLANE('',#12757);
#12757 = AXIS2_PLACEMENT_3D('',#12758,#12759,#12760);
#12758 = CARTESIAN_POINT('',(0.,0.,1.585));
#12759 = DIRECTION('',(0.,0.,1.));
#12760 = DIRECTION('',(1.,0.,-0.));
#12761 = SHELL_BASED_SURFACE_MODEL('',(#12762));
#12762 = OPEN_SHELL('',(#12763));
#12763 = ADVANCED_FACE('',(#12764),#12808,.T.);
#12764 = FACE_BOUND('',#12765,.F.);
#12765 = EDGE_LOOP('',(#12766,#12777,#12785,#12794,#12802));
#12766 = ORIENTED_EDGE('',*,*,#12767,.T.);
#12767 = EDGE_CURVE('',#12768,#12770,#12772,.T.);
#12768 = VERTEX_POINT('',#12769);
#12769 = CARTESIAN_POINT('',(199.444567,-80.077039,1.585));
#12770 = VERTEX_POINT('',#12771);
#12771 = CARTESIAN_POINT('',(199.56,-80.1,1.585));
#12772 = CIRCLE('',#12773,6.000007318647E-02);
#12773 = AXIS2_PLACEMENT_3D('',#12774,#12775,#12776);
#12774 = CARTESIAN_POINT('',(199.49999992681,-80.09999982331,1.585));
#12775 = DIRECTION('',(0.,0.,-1.));
#12776 = DIRECTION('',(-0.923880986637,0.382679921777,0.));
#12777 = ORIENTED_EDGE('',*,*,#12778,.T.);
#12778 = EDGE_CURVE('',#12770,#12779,#12781,.T.);
#12779 = VERTEX_POINT('',#12780);
#12780 = CARTESIAN_POINT('',(199.56,-85.1,1.585));
#12781 = LINE('',#12782,#12783);
#12782 = CARTESIAN_POINT('',(199.56,-80.1,1.585));
#12783 = VECTOR('',#12784,1.);
#12784 = DIRECTION('',(0.,-1.,0.));
#12785 = ORIENTED_EDGE('',*,*,#12786,.T.);
#12786 = EDGE_CURVE('',#12779,#12787,#12789,.T.);
#12787 = VERTEX_POINT('',#12788);
#12788 = CARTESIAN_POINT('',(199.44,-85.1,1.585));
#12789 = CIRCLE('',#12790,6.000000000043E-02);
#12790 = AXIS2_PLACEMENT_3D('',#12791,#12792,#12793);
#12791 = CARTESIAN_POINT('',(199.5,-85.10000022558,1.585));
#12792 = DIRECTION('',(0.,0.,-1.));
#12793 = DIRECTION('',(0.999999999993,3.759794253684E-06,0.));
#12794 = ORIENTED_EDGE('',*,*,#12795,.T.);
#12795 = EDGE_CURVE('',#12787,#12796,#12798,.T.);
#12796 = VERTEX_POINT('',#12797);
#12797 = CARTESIAN_POINT('',(199.44,-80.1,1.585));
#12798 = LINE('',#12799,#12800);
#12799 = CARTESIAN_POINT('',(199.44,-85.1,1.585));
#12800 = VECTOR('',#12801,1.);
#12801 = DIRECTION('',(0.,1.,0.));
#12802 = ORIENTED_EDGE('',*,*,#12803,.T.);
#12803 = EDGE_CURVE('',#12796,#12768,#12804,.T.);
#12804 = LINE('',#12805,#12806);
#12805 = CARTESIAN_POINT('',(199.44,-80.1,1.585));
#12806 = VECTOR('',#12807,1.);
#12807 = DIRECTION('',(0.195081000118,0.980787134598,0.));
#12808 = PLANE('',#12809);
#12809 = AXIS2_PLACEMENT_3D('',#12810,#12811,#12812);
#12810 = CARTESIAN_POINT('',(0.,0.,1.585));
#12811 = DIRECTION('',(0.,0.,1.));
#12812 = DIRECTION('',(1.,0.,-0.));
#12813 = SHELL_BASED_SURFACE_MODEL('',(#12814));
#12814 = OPEN_SHELL('',(#12815));
#12815 = ADVANCED_FACE('',(#12816,#12917),#12992,.T.);
#12816 = FACE_BOUND('',#12817,.F.);
#12817 = EDGE_LOOP('',(#12818,#12829,#12837,#12845,#12853,#12861,#12869,
    #12878,#12886,#12895,#12903,#12911));
#12818 = ORIENTED_EDGE('',*,*,#12819,.T.);
#12819 = EDGE_CURVE('',#12820,#12822,#12824,.T.);
#12820 = VERTEX_POINT('',#12821);
#12821 = CARTESIAN_POINT('',(192.85784,-82.798784,1.585));
#12822 = VERTEX_POINT('',#12823);
#12823 = CARTESIAN_POINT('',(193.3288,-82.691917,1.585));
#12824 = CIRCLE('',#12825,0.768531889864);
#12825 = AXIS2_PLACEMENT_3D('',#12826,#12827,#12828);
#12826 = CARTESIAN_POINT('',(193.25477434751,-83.45687547502,1.585));
#12827 = DIRECTION('',(0.,0.,-1.));
#12828 = DIRECTION('',(-0.516483899693,0.856296900238,0.));
#12829 = ORIENTED_EDGE('',*,*,#12830,.T.);
#12830 = EDGE_CURVE('',#12822,#12831,#12833,.T.);
#12831 = VERTEX_POINT('',#12832);
#12832 = CARTESIAN_POINT('',(193.550264,-82.747203,1.585));
#12833 = LINE('',#12834,#12835);
#12834 = CARTESIAN_POINT('',(193.3288,-82.691917,1.585));
#12835 = VECTOR('',#12836,1.);
#12836 = DIRECTION('',(0.970224909195,-0.242205750505,0.));
#12837 = ORIENTED_EDGE('',*,*,#12838,.T.);
#12838 = EDGE_CURVE('',#12831,#12839,#12841,.T.);
#12839 = VERTEX_POINT('',#12840);
#12840 = CARTESIAN_POINT('',(193.659244,-82.804152,1.585));
#12841 = LINE('',#12842,#12843);
#12842 = CARTESIAN_POINT('',(193.550264,-82.747203,1.585));
#12843 = VECTOR('',#12844,1.);
#12844 = DIRECTION('',(0.886284927965,-0.46314039606,0.));
#12845 = ORIENTED_EDGE('',*,*,#12846,.T.);
#12846 = EDGE_CURVE('',#12839,#12847,#12849,.T.);
#12847 = VERTEX_POINT('',#12848);
#12848 = CARTESIAN_POINT('',(193.772357,-82.919999,1.585));
#12849 = LINE('',#12850,#12851);
#12850 = CARTESIAN_POINT('',(193.659244,-82.804152,1.585));
#12851 = VECTOR('',#12852,1.);
#12852 = DIRECTION('',(0.698613449619,-0.715499299798,0.));
#12853 = ORIENTED_EDGE('',*,*,#12854,.T.);
#12854 = EDGE_CURVE('',#12847,#12855,#12857,.T.);
#12855 = VERTEX_POINT('',#12856);
#12856 = CARTESIAN_POINT('',(193.829089,-83.092592,1.585));
#12857 = LINE('',#12858,#12859);
#12858 = CARTESIAN_POINT('',(193.772357,-82.919999,1.585));
#12859 = VECTOR('',#12860,1.);
#12860 = DIRECTION('',(0.312266910039,-0.949994408876,0.));
#12861 = ORIENTED_EDGE('',*,*,#12862,.T.);
#12862 = EDGE_CURVE('',#12855,#12863,#12865,.T.);
#12863 = VERTEX_POINT('',#12864);
#12864 = CARTESIAN_POINT('',(193.828378,-83.352726,1.585));
#12865 = LINE('',#12866,#12867);
#12866 = CARTESIAN_POINT('',(193.829089,-83.092592,1.585));
#12867 = VECTOR('',#12868,1.);
#12868 = DIRECTION('',(-2.733196522964E-03,-0.999996264811,0.));
#12869 = ORIENTED_EDGE('',*,*,#12870,.T.);
#12870 = EDGE_CURVE('',#12863,#12871,#12873,.T.);
#12871 = VERTEX_POINT('',#12872);
#12872 = CARTESIAN_POINT('',(193.754819,-83.413094,1.585));
#12873 = CIRCLE('',#12874,7.500074938978E-02);
#12874 = AXIS2_PLACEMENT_3D('',#12875,#12876,#12877);
#12875 = CARTESIAN_POINT('',(193.75481853389,-83.33809325061,1.585));
#12876 = DIRECTION('',(0.,0.,-1.));
#12877 = DIRECTION('',(0.980783081614,-0.195101375752,0.));
#12878 = ORIENTED_EDGE('',*,*,#12879,.T.);
#12879 = EDGE_CURVE('',#12871,#12880,#12882,.T.);
#12880 = VERTEX_POINT('',#12881);
#12881 = CARTESIAN_POINT('',(192.740187,-83.411653,1.585));
#12882 = LINE('',#12883,#12884);
#12883 = CARTESIAN_POINT('',(193.754819,-83.413094,1.585));
#12884 = VECTOR('',#12885,1.);
#12885 = DIRECTION('',(-0.99999899149,1.420217918158E-03,0.));
#12886 = ORIENTED_EDGE('',*,*,#12887,.T.);
#12887 = EDGE_CURVE('',#12880,#12888,#12890,.T.);
#12888 = VERTEX_POINT('',#12889);
#12889 = CARTESIAN_POINT('',(192.679819,-83.338094,1.585));
#12890 = CIRCLE('',#12891,7.500074938992E-02);
#12891 = AXIS2_PLACEMENT_3D('',#12892,#12893,#12894);
#12892 = CARTESIAN_POINT('',(192.75481974938,-83.33809353389,1.585));
#12893 = DIRECTION('',(0.,0.,-1.));
#12894 = DIRECTION('',(-0.195101375753,-0.980783081613,-0.));
#12895 = ORIENTED_EDGE('',*,*,#12896,.T.);
#12896 = EDGE_CURVE('',#12888,#12897,#12899,.T.);
#12897 = VERTEX_POINT('',#12898);
#12898 = CARTESIAN_POINT('',(192.682018,-83.083535,1.585));
#12899 = LINE('',#12900,#12901);
#12900 = CARTESIAN_POINT('',(192.679819,-83.338094,1.585));
#12901 = VECTOR('',#12902,1.);
#12902 = DIRECTION('',(8.638146584621E-03,0.999962690516,0.));
#12903 = ORIENTED_EDGE('',*,*,#12904,.T.);
#12904 = EDGE_CURVE('',#12897,#12905,#12907,.T.);
#12905 = VERTEX_POINT('',#12906);
#12906 = CARTESIAN_POINT('',(192.740078,-82.915474,1.585));
#12907 = LINE('',#12908,#12909);
#12908 = CARTESIAN_POINT('',(192.682018,-83.083535,1.585));
#12909 = VECTOR('',#12910,1.);
#12910 = DIRECTION('',(0.326533133634,0.945185755626,0.));
#12911 = ORIENTED_EDGE('',*,*,#12912,.T.);
#12912 = EDGE_CURVE('',#12905,#12820,#12913,.T.);
#12913 = LINE('',#12914,#12915);
#12914 = CARTESIAN_POINT('',(192.740078,-82.915474,1.585));
#12915 = VECTOR('',#12916,1.);
#12916 = DIRECTION('',(0.710332505875,0.70386627359,0.));
#12917 = FACE_BOUND('',#12918,.F.);
#12918 = EDGE_LOOP('',(#12919,#12930,#12938,#12946,#12954,#12962,#12970,
    #12978,#12986));
#12919 = ORIENTED_EDGE('',*,*,#12920,.T.);
#12920 = EDGE_CURVE('',#12921,#12923,#12925,.T.);
#12921 = VERTEX_POINT('',#12922);
#12922 = CARTESIAN_POINT('',(193.490547,-82.885049,1.585));
#12923 = VERTEX_POINT('',#12924);
#12924 = CARTESIAN_POINT('',(192.942103,-82.923543,1.585));
#12925 = CIRCLE('',#12926,0.618603201895);
#12926 = AXIS2_PLACEMENT_3D('',#12927,#12928,#12929);
#12927 = CARTESIAN_POINT('',(193.255125275,-83.45710365892,1.585));
#12928 = DIRECTION('',(0.,0.,1.));
#12929 = DIRECTION('',(0.380569845546,0.924752179052,-0.));
#12930 = ORIENTED_EDGE('',*,*,#12931,.T.);
#12931 = EDGE_CURVE('',#12923,#12932,#12934,.T.);
#12932 = VERTEX_POINT('',#12933);
#12933 = CARTESIAN_POINT('',(192.86799,-82.997655,1.585));
#12934 = LINE('',#12935,#12936);
#12935 = CARTESIAN_POINT('',(192.942103,-82.923543,1.585));
#12936 = VECTOR('',#12937,1.);
#12937 = DIRECTION('',(-0.707111551667,-0.707102010674,0.));
#12938 = ORIENTED_EDGE('',*,*,#12939,.T.);
#12939 = EDGE_CURVE('',#12932,#12940,#12942,.T.);
#12940 = VERTEX_POINT('',#12941);
#12941 = CARTESIAN_POINT('',(192.829819,-83.112169,1.585));
#12942 = LINE('',#12943,#12944);
#12943 = CARTESIAN_POINT('',(192.86799,-82.997655,1.585));
#12944 = VECTOR('',#12945,1.);
#12945 = DIRECTION('',(-0.316225280684,-0.948684126491,0.));
#12946 = ORIENTED_EDGE('',*,*,#12947,.T.);
#12947 = EDGE_CURVE('',#12940,#12948,#12950,.T.);
#12948 = VERTEX_POINT('',#12949);
#12949 = CARTESIAN_POINT('',(192.829819,-83.263094,1.585));
#12950 = LINE('',#12951,#12952);
#12951 = CARTESIAN_POINT('',(192.829819,-83.112169,1.585));
#12952 = VECTOR('',#12953,1.);
#12953 = DIRECTION('',(0.,-1.,0.));
#12954 = ORIENTED_EDGE('',*,*,#12955,.T.);
#12955 = EDGE_CURVE('',#12948,#12956,#12958,.T.);
#12956 = VERTEX_POINT('',#12957);
#12957 = CARTESIAN_POINT('',(193.679819,-83.263094,1.585));
#12958 = LINE('',#12959,#12960);
#12959 = CARTESIAN_POINT('',(192.829819,-83.263094,1.585));
#12960 = VECTOR('',#12961,1.);
#12961 = DIRECTION('',(1.,0.,0.));
#12962 = ORIENTED_EDGE('',*,*,#12963,.T.);
#12963 = EDGE_CURVE('',#12956,#12964,#12966,.T.);
#12964 = VERTEX_POINT('',#12965);
#12965 = CARTESIAN_POINT('',(193.679819,-83.112169,1.585));
#12966 = LINE('',#12967,#12968);
#12967 = CARTESIAN_POINT('',(193.679819,-83.263094,1.585));
#12968 = VECTOR('',#12969,1.);
#12969 = DIRECTION('',(0.,1.,0.));
#12970 = ORIENTED_EDGE('',*,*,#12971,.T.);
#12971 = EDGE_CURVE('',#12964,#12972,#12974,.T.);
#12972 = VERTEX_POINT('',#12973);
#12973 = CARTESIAN_POINT('',(193.641648,-82.997656,1.585));
#12974 = LINE('',#12975,#12976);
#12975 = CARTESIAN_POINT('',(193.679819,-83.112169,1.585));
#12976 = VECTOR('',#12977,1.);
#12977 = DIRECTION('',(-0.316227766017,0.94868329805,0.));
#12978 = ORIENTED_EDGE('',*,*,#12979,.T.);
#12979 = EDGE_CURVE('',#12972,#12980,#12982,.T.);
#12980 = VERTEX_POINT('',#12981);
#12981 = CARTESIAN_POINT('',(193.567534,-82.923543,1.585));
#12982 = LINE('',#12983,#12984);
#12983 = CARTESIAN_POINT('',(193.641648,-82.997656,1.585));
#12984 = VECTOR('',#12985,1.);
#12985 = DIRECTION('',(-0.707111551602,0.707102010739,0.));
#12986 = ORIENTED_EDGE('',*,*,#12987,.T.);
#12987 = EDGE_CURVE('',#12980,#12921,#12988,.T.);
#12988 = LINE('',#12989,#12990);
#12989 = CARTESIAN_POINT('',(193.567534,-82.923543,1.585));
#12990 = VECTOR('',#12991,1.);
#12991 = DIRECTION('',(-0.894424867414,0.447218242641,0.));
#12992 = PLANE('',#12993);
#12993 = AXIS2_PLACEMENT_3D('',#12994,#12995,#12996);
#12994 = CARTESIAN_POINT('',(0.,0.,1.585));
#12995 = DIRECTION('',(0.,0.,1.));
#12996 = DIRECTION('',(1.,0.,-0.));
#12997 = SHELL_BASED_SURFACE_MODEL('',(#12998));
#12998 = OPEN_SHELL('',(#12999));
#12999 = ADVANCED_FACE('',(#13000),#13175,.T.);
#13000 = FACE_BOUND('',#13001,.F.);
#13001 = EDGE_LOOP('',(#13002,#13012,#13020,#13028,#13036,#13044,#13053,
    #13061,#13070,#13078,#13086,#13094,#13102,#13110,#13119,#13127,
    #13135,#13143,#13152,#13160,#13169));
#13002 = ORIENTED_EDGE('',*,*,#13003,.T.);
#13003 = EDGE_CURVE('',#13004,#13006,#13008,.T.);
#13004 = VERTEX_POINT('',#13005);
#13005 = CARTESIAN_POINT('',(192.810216,-81.798786,1.585));
#13006 = VERTEX_POINT('',#13007);
#13007 = CARTESIAN_POINT('',(192.930663,-81.740726,1.585));
#13008 = LINE('',#13009,#13010);
#13009 = CARTESIAN_POINT('',(192.810216,-81.798786,1.585));
#13010 = VECTOR('',#13011,1.);
#13011 = DIRECTION('',(0.900805720197,0.434222356012,0.));
#13012 = ORIENTED_EDGE('',*,*,#13013,.T.);
#13013 = EDGE_CURVE('',#13006,#13014,#13016,.T.);
#13014 = VERTEX_POINT('',#13015);
#13015 = CARTESIAN_POINT('',(193.047938,-81.740014,1.585));
#13016 = LINE('',#13017,#13018);
#13017 = CARTESIAN_POINT('',(192.930663,-81.740726,1.585));
#13018 = VECTOR('',#13019,1.);
#13019 = DIRECTION('',(0.999981570774,6.071088282958E-03,0.));
#13020 = ORIENTED_EDGE('',*,*,#13021,.T.);
#13021 = EDGE_CURVE('',#13014,#13022,#13024,.T.);
#13022 = VERTEX_POINT('',#13023);
#13023 = CARTESIAN_POINT('',(193.225058,-81.799544,1.585));
#13024 = LINE('',#13025,#13026);
#13025 = CARTESIAN_POINT('',(193.047938,-81.740014,1.585));
#13026 = VECTOR('',#13027,1.);
#13027 = DIRECTION('',(0.947893661994,-0.318586888542,0.));
#13028 = ORIENTED_EDGE('',*,*,#13029,.T.);
#13029 = EDGE_CURVE('',#13022,#13030,#13032,.T.);
#13030 = VERTEX_POINT('',#13031);
#13031 = CARTESIAN_POINT('',(193.679819,-82.252266,1.585));
#13032 = LINE('',#13033,#13034);
#13033 = CARTESIAN_POINT('',(193.225058,-81.799544,1.585));
#13034 = VECTOR('',#13035,1.);
#13035 = DIRECTION('',(0.708693772163,-0.705516220435,0.));
#13036 = ORIENTED_EDGE('',*,*,#13037,.T.);
#13037 = EDGE_CURVE('',#13030,#13038,#13040,.T.);
#13038 = VERTEX_POINT('',#13039);
#13039 = CARTESIAN_POINT('',(193.68126,-81.799653,1.585));
#13040 = LINE('',#13041,#13042);
#13041 = CARTESIAN_POINT('',(193.679819,-82.252266,1.585));
#13042 = VECTOR('',#13043,1.);
#13043 = DIRECTION('',(3.183719197072E-03,0.999994931953,0.));
#13044 = ORIENTED_EDGE('',*,*,#13045,.T.);
#13045 = EDGE_CURVE('',#13038,#13046,#13048,.T.);
#13046 = VERTEX_POINT('',#13047);
#13047 = CARTESIAN_POINT('',(193.829819,-81.814285,1.585));
#13048 = CIRCLE('',#13049,7.500006711462E-02);
#13049 = AXIS2_PLACEMENT_3D('',#13050,#13051,#13052);
#13050 = CARTESIAN_POINT('',(193.75481893288,-81.81428493288,1.585));
#13051 = DIRECTION('',(0.,0.,-1.));
#13052 = DIRECTION('',(-0.980784894138,0.195092263891,0.));
#13053 = ORIENTED_EDGE('',*,*,#13054,.T.);
#13054 = EDGE_CURVE('',#13046,#13055,#13057,.T.);
#13055 = VERTEX_POINT('',#13056);
#13056 = CARTESIAN_POINT('',(193.828378,-82.447964,1.585));
#13057 = LINE('',#13058,#13059);
#13058 = CARTESIAN_POINT('',(193.829819,-81.814285,1.585));
#13059 = VECTOR('',#13060,1.);
#13060 = DIRECTION('',(-2.274016140951E-03,-0.999997414422,0.));
#13061 = ORIENTED_EDGE('',*,*,#13062,.T.);
#13062 = EDGE_CURVE('',#13055,#13063,#13065,.T.);
#13063 = VERTEX_POINT('',#13064);
#13064 = CARTESIAN_POINT('',(193.769451,-82.506891,1.585));
#13065 = CIRCLE('',#13066,7.499663284008E-02);
#13066 = AXIS2_PLACEMENT_3D('',#13067,#13068,#13069);
#13067 = CARTESIAN_POINT('',(193.75482198775,-82.43333498775,1.585));
#13068 = DIRECTION('',(0.,0.,-1.));
#13069 = DIRECTION('',(0.980790863049,-0.195062254064,0.));
#13070 = ORIENTED_EDGE('',*,*,#13071,.T.);
#13071 = EDGE_CURVE('',#13063,#13072,#13074,.T.);
#13072 = VERTEX_POINT('',#13073);
#13073 = CARTESIAN_POINT('',(193.732268,-82.503611,1.585));
#13074 = LINE('',#13075,#13076);
#13075 = CARTESIAN_POINT('',(193.769451,-82.506891,1.585));
#13076 = VECTOR('',#13077,1.);
#13077 = DIRECTION('',(-0.996131850393,8.787113652145E-02,0.));
#13078 = ORIENTED_EDGE('',*,*,#13079,.T.);
#13079 = EDGE_CURVE('',#13072,#13080,#13082,.T.);
#13080 = VERTEX_POINT('',#13081);
#13081 = CARTESIAN_POINT('',(193.701786,-82.486365,1.585));
#13082 = LINE('',#13083,#13084);
#13083 = CARTESIAN_POINT('',(193.732268,-82.503611,1.585));
#13084 = VECTOR('',#13085,1.);
#13085 = DIRECTION('',(-0.870354298731,0.492426029654,0.));
#13086 = ORIENTED_EDGE('',*,*,#13087,.T.);
#13087 = EDGE_CURVE('',#13080,#13088,#13090,.T.);
#13088 = VERTEX_POINT('',#13089);
#13089 = CARTESIAN_POINT('',(193.142876,-81.927456,1.585));
#13090 = LINE('',#13091,#13092);
#13091 = CARTESIAN_POINT('',(193.701786,-82.486365,1.585));
#13092 = VECTOR('',#13093,1.);
#13093 = DIRECTION('',(-0.707107413763,0.707106148609,0.));
#13094 = ORIENTED_EDGE('',*,*,#13095,.T.);
#13095 = EDGE_CURVE('',#13088,#13096,#13098,.T.);
#13096 = VERTEX_POINT('',#13097);
#13097 = CARTESIAN_POINT('',(193.028363,-81.889285,1.585));
#13098 = LINE('',#13099,#13100);
#13099 = CARTESIAN_POINT('',(193.142876,-81.927456,1.585));
#13100 = VECTOR('',#13101,1.);
#13101 = DIRECTION('',(-0.94868329805,0.316227766017,0.));
#13102 = ORIENTED_EDGE('',*,*,#13103,.T.);
#13103 = EDGE_CURVE('',#13096,#13104,#13106,.T.);
#13104 = VERTEX_POINT('',#13105);
#13105 = CARTESIAN_POINT('',(192.963,-81.889285,1.585));
#13106 = LINE('',#13107,#13108);
#13107 = CARTESIAN_POINT('',(193.028363,-81.889285,1.585));
#13108 = VECTOR('',#13109,1.);
#13109 = DIRECTION('',(-1.,0.,0.));
#13110 = ORIENTED_EDGE('',*,*,#13111,.T.);
#13111 = EDGE_CURVE('',#13104,#13112,#13114,.T.);
#13112 = VERTEX_POINT('',#13113);
#13113 = CARTESIAN_POINT('',(192.829819,-82.022466,1.585));
#13114 = CIRCLE('',#13115,0.18686440374);
#13115 = AXIS2_PLACEMENT_3D('',#13116,#13117,#13118);
#13116 = CARTESIAN_POINT('',(193.010536,-82.070002,1.585));
#13117 = DIRECTION('',(0.,0.,1.));
#13118 = DIRECTION('',(-0.254387668538,0.967102328658,0.));
#13119 = ORIENTED_EDGE('',*,*,#13120,.T.);
#13120 = EDGE_CURVE('',#13112,#13121,#13123,.T.);
#13121 = VERTEX_POINT('',#13122);
#13122 = CARTESIAN_POINT('',(192.829819,-82.225151,1.585));
#13123 = LINE('',#13124,#13125);
#13124 = CARTESIAN_POINT('',(192.829819,-82.022466,1.585));
#13125 = VECTOR('',#13126,1.);
#13126 = DIRECTION('',(0.,-1.,0.));
#13127 = ORIENTED_EDGE('',*,*,#13128,.T.);
#13128 = EDGE_CURVE('',#13121,#13129,#13131,.T.);
#13129 = VERTEX_POINT('',#13130);
#13130 = CARTESIAN_POINT('',(192.864077,-82.293667,1.585));
#13131 = LINE('',#13132,#13133);
#13132 = CARTESIAN_POINT('',(192.829819,-82.225151,1.585));
#13133 = VECTOR('',#13134,1.);
#13134 = DIRECTION('',(0.4472135955,-0.894427191,0.));
#13135 = ORIENTED_EDGE('',*,*,#13136,.T.);
#13136 = EDGE_CURVE('',#13129,#13137,#13139,.T.);
#13137 = VERTEX_POINT('',#13138);
#13138 = CARTESIAN_POINT('',(192.912417,-82.344045,1.585));
#13139 = LINE('',#13140,#13141);
#13140 = CARTESIAN_POINT('',(192.864077,-82.293667,1.585));
#13141 = VECTOR('',#13142,1.);
#13142 = DIRECTION('',(0.692361271629,-0.721551016594,0.));
#13143 = ORIENTED_EDGE('',*,*,#13144,.T.);
#13144 = EDGE_CURVE('',#13137,#13145,#13147,.T.);
#13145 = VERTEX_POINT('',#13146);
#13146 = CARTESIAN_POINT('',(192.797024,-82.438746,1.585));
#13147 = CIRCLE('',#13148,7.500003178657E-02);
#13148 = AXIS2_PLACEMENT_3D('',#13149,#13150,#13151);
#13149 = CARTESIAN_POINT('',(192.85005656212,-82.3857125,1.585));
#13150 = DIRECTION('',(0.,0.,-1.));
#13151 = DIRECTION('',(0.831472152581,0.555566431206,0.));
#13152 = ORIENTED_EDGE('',*,*,#13153,.T.);
#13153 = EDGE_CURVE('',#13145,#13154,#13156,.T.);
#13154 = VERTEX_POINT('',#13155);
#13155 = CARTESIAN_POINT('',(192.735356,-82.371635,1.585));
#13156 = LINE('',#13157,#13158);
#13157 = CARTESIAN_POINT('',(192.797024,-82.438746,1.585));
#13158 = VECTOR('',#13159,1.);
#13159 = DIRECTION('',(-0.676615964248,0.736336089652,0.));
#13160 = ORIENTED_EDGE('',*,*,#13161,.T.);
#13161 = EDGE_CURVE('',#13154,#13162,#13164,.T.);
#13162 = VERTEX_POINT('',#13163);
#13163 = CARTESIAN_POINT('',(192.744686,-81.862239,1.585));
#13164 = CIRCLE('',#13165,0.450051227017);
#13165 = AXIS2_PLACEMENT_3D('',#13166,#13167,#13168);
#13166 = CARTESIAN_POINT('',(193.11097532415,-82.12373132866,1.585));
#13167 = DIRECTION('',(0.,0.,-1.));
#13168 = DIRECTION('',(-0.834614598528,-0.550834341634,-0.));
#13169 = ORIENTED_EDGE('',*,*,#13170,.T.);
#13170 = EDGE_CURVE('',#13162,#13004,#13171,.T.);
#13171 = LINE('',#13172,#13173);
#13172 = CARTESIAN_POINT('',(192.744686,-81.862239,1.585));
#13173 = VECTOR('',#13174,1.);
#13174 = DIRECTION('',(0.718400113328,0.695630129574,0.));
#13175 = PLANE('',#13176);
#13176 = AXIS2_PLACEMENT_3D('',#13177,#13178,#13179);
#13177 = CARTESIAN_POINT('',(0.,0.,1.585));
#13178 = DIRECTION('',(0.,0.,1.));
#13179 = DIRECTION('',(1.,0.,-0.));
#13180 = SHELL_BASED_SURFACE_MODEL('',(#13181));
#13181 = OPEN_SHELL('',(#13182));
#13182 = ADVANCED_FACE('',(#13183),#13342,.T.);
#13183 = FACE_BOUND('',#13184,.F.);
#13184 = EDGE_LOOP('',(#13185,#13196,#13204,#13212,#13220,#13228,#13236,
    #13244,#13253,#13261,#13270,#13278,#13286,#13294,#13303,#13311,
    #13319,#13327,#13336));
#13185 = ORIENTED_EDGE('',*,*,#13186,.T.);
#13186 = EDGE_CURVE('',#13187,#13189,#13191,.T.);
#13187 = VERTEX_POINT('',#13188);
#13188 = CARTESIAN_POINT('',(191.728364,-77.935356,1.585));
#13189 = VERTEX_POINT('',#13190);
#13190 = CARTESIAN_POINT('',(192.237759,-77.944686,1.585));
#13191 = CIRCLE('',#13192,0.450326844012);
#13192 = AXIS2_PLACEMENT_3D('',#13193,#13194,#13195);
#13193 = CARTESIAN_POINT('',(191.9762610301,-78.31130989199,1.585));
#13194 = DIRECTION('',(0.,0.,-1.));
#13195 = DIRECTION('',(-0.550482462684,0.834846727416,0.));
#13196 = ORIENTED_EDGE('',*,*,#13197,.T.);
#13197 = EDGE_CURVE('',#13189,#13198,#13200,.T.);
#13198 = VERTEX_POINT('',#13199);
#13199 = CARTESIAN_POINT('',(192.301212,-78.010216,1.585));
#13200 = LINE('',#13201,#13202);
#13201 = CARTESIAN_POINT('',(192.237759,-77.944686,1.585));
#13202 = VECTOR('',#13203,1.);
#13203 = DIRECTION('',(0.695630129574,-0.718400113328,0.));
#13204 = ORIENTED_EDGE('',*,*,#13205,.T.);
#13205 = EDGE_CURVE('',#13198,#13206,#13208,.T.);
#13206 = VERTEX_POINT('',#13207);
#13207 = CARTESIAN_POINT('',(192.359273,-78.130663,1.585));
#13208 = LINE('',#13209,#13210);
#13209 = CARTESIAN_POINT('',(192.301212,-78.010216,1.585));
#13210 = VECTOR('',#13211,1.);
#13211 = DIRECTION('',(0.434228424707,-0.900802794831,0.));
#13212 = ORIENTED_EDGE('',*,*,#13213,.T.);
#13213 = EDGE_CURVE('',#13206,#13214,#13216,.T.);
#13214 = VERTEX_POINT('',#13215);
#13215 = CARTESIAN_POINT('',(192.358514,-78.256995,1.585));
#13216 = LINE('',#13217,#13218);
#13217 = CARTESIAN_POINT('',(192.359273,-78.130663,1.585));
#13218 = VECTOR('',#13219,1.);
#13219 = DIRECTION('',(-6.007870547433E-03,-0.999981952583,0.));
#13220 = ORIENTED_EDGE('',*,*,#13221,.T.);
#13221 = EDGE_CURVE('',#13214,#13222,#13224,.T.);
#13222 = VERTEX_POINT('',#13223);
#13223 = CARTESIAN_POINT('',(192.300456,-78.425058,1.585));
#13224 = LINE('',#13225,#13226);
#13225 = CARTESIAN_POINT('',(192.358514,-78.256995,1.585));
#13226 = VECTOR('',#13227,1.);
#13227 = DIRECTION('',(-0.326519613327,-0.945190426376,0.));
#13228 = ORIENTED_EDGE('',*,*,#13229,.T.);
#13229 = EDGE_CURVE('',#13222,#13230,#13232,.T.);
#13230 = VERTEX_POINT('',#13231);
#13231 = CARTESIAN_POINT('',(191.847733,-78.879819,1.585));
#13232 = LINE('',#13233,#13234);
#13233 = CARTESIAN_POINT('',(192.300456,-78.425058,1.585));
#13234 = VECTOR('',#13235,1.);
#13235 = DIRECTION('',(-0.705517003129,-0.708692992978,0.));
#13236 = ORIENTED_EDGE('',*,*,#13237,.T.);
#13237 = EDGE_CURVE('',#13230,#13238,#13240,.T.);
#13238 = VERTEX_POINT('',#13239);
#13239 = CARTESIAN_POINT('',(192.300346,-78.88126,1.585));
#13240 = LINE('',#13241,#13242);
#13241 = CARTESIAN_POINT('',(191.847733,-78.879819,1.585));
#13242 = VECTOR('',#13243,1.);
#13243 = DIRECTION('',(0.999994931953,-3.183719197072E-03,0.));
#13244 = ORIENTED_EDGE('',*,*,#13245,.T.);
#13245 = EDGE_CURVE('',#13238,#13246,#13248,.T.);
#13246 = VERTEX_POINT('',#13247);
#13247 = CARTESIAN_POINT('',(192.285714,-79.029819,1.585));
#13248 = CIRCLE('',#13249,7.500006711464E-02);
#13249 = AXIS2_PLACEMENT_3D('',#13250,#13251,#13252);
#13250 = CARTESIAN_POINT('',(192.28571406711,-78.95481893288,1.585));
#13251 = DIRECTION('',(0.,0.,-1.));
#13252 = DIRECTION('',(0.195092263891,0.980784894138,0.));
#13253 = ORIENTED_EDGE('',*,*,#13254,.T.);
#13254 = EDGE_CURVE('',#13246,#13255,#13257,.T.);
#13255 = VERTEX_POINT('',#13256);
#13256 = CARTESIAN_POINT('',(191.652035,-79.028378,1.585));
#13257 = LINE('',#13258,#13259);
#13258 = CARTESIAN_POINT('',(192.285714,-79.029819,1.585));
#13259 = VECTOR('',#13260,1.);
#13260 = DIRECTION('',(-0.999997414422,2.274016140951E-03,0.));
#13261 = ORIENTED_EDGE('',*,*,#13262,.T.);
#13262 = EDGE_CURVE('',#13255,#13263,#13265,.T.);
#13263 = VERTEX_POINT('',#13264);
#13264 = CARTESIAN_POINT('',(191.613634,-78.901786,1.585));
#13265 = CIRCLE('',#13266,7.500021013111E-02);
#13266 = AXIS2_PLACEMENT_3D('',#13267,#13268,#13269);
#13267 = CARTESIAN_POINT('',(191.6666673167,-78.95481899764,1.585));
#13268 = DIRECTION('',(0.,0.,-1.));
#13269 = DIRECTION('',(-0.195097009436,-0.980783950169,-0.));
#13270 = ORIENTED_EDGE('',*,*,#13271,.T.);
#13271 = EDGE_CURVE('',#13263,#13272,#13274,.T.);
#13272 = VERTEX_POINT('',#13273);
#13273 = CARTESIAN_POINT('',(192.172542,-78.342876,1.585));
#13274 = LINE('',#13275,#13276);
#13275 = CARTESIAN_POINT('',(191.613634,-78.901786,1.585));
#13276 = VECTOR('',#13277,1.);
#13277 = DIRECTION('',(0.70710551603,0.707108046341,0.));
#13278 = ORIENTED_EDGE('',*,*,#13279,.T.);
#13279 = EDGE_CURVE('',#13272,#13280,#13282,.T.);
#13280 = VERTEX_POINT('',#13281);
#13281 = CARTESIAN_POINT('',(192.210714,-78.228363,1.585));
#13282 = LINE('',#13283,#13284);
#13283 = CARTESIAN_POINT('',(192.172542,-78.342876,1.585));
#13284 = VECTOR('',#13285,1.);
#13285 = DIRECTION('',(0.31623522204,0.948680812677,0.));
#13286 = ORIENTED_EDGE('',*,*,#13287,.T.);
#13287 = EDGE_CURVE('',#13280,#13288,#13290,.T.);
#13288 = VERTEX_POINT('',#13289);
#13289 = CARTESIAN_POINT('',(192.210714,-78.163,1.585));
#13290 = LINE('',#13291,#13292);
#13291 = CARTESIAN_POINT('',(192.210714,-78.228363,1.585));
#13292 = VECTOR('',#13293,1.);
#13293 = DIRECTION('',(0.,1.,0.));
#13294 = ORIENTED_EDGE('',*,*,#13295,.T.);
#13295 = EDGE_CURVE('',#13288,#13296,#13298,.T.);
#13296 = VERTEX_POINT('',#13297);
#13297 = CARTESIAN_POINT('',(192.077533,-78.029819,1.585));
#13298 = CIRCLE('',#13299,0.18686440374);
#13299 = AXIS2_PLACEMENT_3D('',#13300,#13301,#13302);
#13300 = CARTESIAN_POINT('',(192.029997,-78.210536,1.585));
#13301 = DIRECTION('',(0.,0.,1.));
#13302 = DIRECTION('',(0.967102328658,0.254387668537,-0.));
#13303 = ORIENTED_EDGE('',*,*,#13304,.T.);
#13304 = EDGE_CURVE('',#13296,#13305,#13307,.T.);
#13305 = VERTEX_POINT('',#13306);
#13306 = CARTESIAN_POINT('',(191.874848,-78.029819,1.585));
#13307 = LINE('',#13308,#13309);
#13308 = CARTESIAN_POINT('',(192.077533,-78.029819,1.585));
#13309 = VECTOR('',#13310,1.);
#13310 = DIRECTION('',(-1.,0.,0.));
#13311 = ORIENTED_EDGE('',*,*,#13312,.T.);
#13312 = EDGE_CURVE('',#13305,#13313,#13315,.T.);
#13313 = VERTEX_POINT('',#13314);
#13314 = CARTESIAN_POINT('',(191.806332,-78.064077,1.585));
#13315 = LINE('',#13316,#13317);
#13316 = CARTESIAN_POINT('',(191.874848,-78.029819,1.585));
#13317 = VECTOR('',#13318,1.);
#13318 = DIRECTION('',(-0.894427191,-0.4472135955,0.));
#13319 = ORIENTED_EDGE('',*,*,#13320,.T.);
#13320 = EDGE_CURVE('',#13313,#13321,#13323,.T.);
#13321 = VERTEX_POINT('',#13322);
#13322 = CARTESIAN_POINT('',(191.755954,-78.112417,1.585));
#13323 = LINE('',#13324,#13325);
#13324 = CARTESIAN_POINT('',(191.806332,-78.064077,1.585));
#13325 = VECTOR('',#13326,1.);
#13326 = DIRECTION('',(-0.721551016594,-0.692361271629,0.));
#13327 = ORIENTED_EDGE('',*,*,#13328,.T.);
#13328 = EDGE_CURVE('',#13321,#13329,#13331,.T.);
#13329 = VERTEX_POINT('',#13330);
#13330 = CARTESIAN_POINT('',(191.661253,-77.997024,1.585));
#13331 = CIRCLE('',#13332,7.499996838528E-02);
#13332 = AXIS2_PLACEMENT_3D('',#13333,#13334,#13335);
#13333 = CARTESIAN_POINT('',(191.714286,-78.05005697246,1.585));
#13334 = DIRECTION('',(0.,0.,-1.));
#13335 = DIRECTION('',(0.555573567524,-0.831467384248,0.));
#13336 = ORIENTED_EDGE('',*,*,#13337,.T.);
#13337 = EDGE_CURVE('',#13329,#13187,#13338,.T.);
#13338 = LINE('',#13339,#13340);
#13339 = CARTESIAN_POINT('',(191.661253,-77.997024,1.585));
#13340 = VECTOR('',#13341,1.);
#13341 = DIRECTION('',(0.736336089652,0.676615964248,0.));
#13342 = PLANE('',#13343);
#13343 = AXIS2_PLACEMENT_3D('',#13344,#13345,#13346);
#13344 = CARTESIAN_POINT('',(0.,0.,1.585));
#13345 = DIRECTION('',(0.,0.,1.));
#13346 = DIRECTION('',(1.,0.,-0.));
#13347 = SHELL_BASED_SURFACE_MODEL('',(#13348));
#13348 = OPEN_SHELL('',(#13349));
#13349 = ADVANCED_FACE('',(#13350,#13461),#13513,.T.);
#13350 = FACE_BOUND('',#13351,.F.);
#13351 = EDGE_LOOP('',(#13352,#13363,#13371,#13380,#13388,#13397,#13405,
    #13413,#13422,#13430,#13438,#13446,#13455));
#13352 = ORIENTED_EDGE('',*,*,#13353,.T.);
#13353 = EDGE_CURVE('',#13354,#13356,#13358,.T.);
#13354 = VERTEX_POINT('',#13355);
#13355 = CARTESIAN_POINT('',(190.688346,-77.940187,1.585));
#13356 = VERTEX_POINT('',#13357);
#13357 = CARTESIAN_POINT('',(190.761905,-77.879819,1.585));
#13358 = CIRCLE('',#13359,7.500074938989E-02);
#13359 = AXIS2_PLACEMENT_3D('',#13360,#13361,#13362);
#13360 = CARTESIAN_POINT('',(190.76190546611,-77.95481974938,1.585));
#13361 = DIRECTION('',(0.,0.,-1.));
#13362 = DIRECTION('',(-0.980783081614,0.195101375753,0.));
#13363 = ORIENTED_EDGE('',*,*,#13364,.T.);
#13364 = EDGE_CURVE('',#13356,#13365,#13367,.T.);
#13365 = VERTEX_POINT('',#13366);
#13366 = CARTESIAN_POINT('',(191.157489,-77.88126,1.585));
#13367 = LINE('',#13368,#13369);
#13368 = CARTESIAN_POINT('',(190.761905,-77.879819,1.585));
#13369 = VECTOR('',#13370,1.);
#13370 = DIRECTION('',(0.999993365378,-3.642691411961E-03,0.));
#13371 = ORIENTED_EDGE('',*,*,#13372,.T.);
#13372 = EDGE_CURVE('',#13365,#13373,#13375,.T.);
#13373 = VERTEX_POINT('',#13374);
#13374 = CARTESIAN_POINT('',(191.406892,-78.130663,1.585));
#13375 = CIRCLE('',#13376,0.347870264855);
#13376 = AXIS2_PLACEMENT_3D('',#13377,#13378,#13379);
#13377 = CARTESIAN_POINT('',(191.07016126502,-78.21799073497,1.585));
#13378 = DIRECTION('',(0.,0.,-1.));
#13379 = DIRECTION('',(0.251035353678,0.967977918758,0.));
#13380 = ORIENTED_EDGE('',*,*,#13381,.T.);
#13381 = EDGE_CURVE('',#13373,#13382,#13384,.T.);
#13382 = VERTEX_POINT('',#13383);
#13383 = CARTESIAN_POINT('',(191.40567,-78.307962,1.585));
#13384 = LINE('',#13385,#13386);
#13385 = CARTESIAN_POINT('',(191.406892,-78.130663,1.585));
#13386 = VECTOR('',#13387,1.);
#13387 = DIRECTION('',(-6.892148157212E-03,-0.999976248865,0.));
#13388 = ORIENTED_EDGE('',*,*,#13389,.T.);
#13389 = EDGE_CURVE('',#13382,#13390,#13392,.T.);
#13390 = VERTEX_POINT('',#13391);
#13391 = CARTESIAN_POINT('',(191.157489,-78.552187,1.585));
#13392 = CIRCLE('',#13393,0.348632345848);
#13393 = AXIS2_PLACEMENT_3D('',#13394,#13395,#13396);
#13394 = CARTESIAN_POINT('',(191.06972019403,-78.2147834593,1.585));
#13395 = DIRECTION('',(0.,0.,-1.));
#13396 = DIRECTION('',(0.963622021775,-0.267268776985,0.));
#13397 = ORIENTED_EDGE('',*,*,#13398,.T.);
#13398 = EDGE_CURVE('',#13390,#13399,#13401,.T.);
#13399 = VERTEX_POINT('',#13400);
#13400 = CARTESIAN_POINT('',(191.143972,-78.553518,1.585));
#13401 = LINE('',#13402,#13403);
#13402 = CARTESIAN_POINT('',(191.157489,-78.552187,1.585));
#13403 = VECTOR('',#13404,1.);
#13404 = DIRECTION('',(-0.995186940545,-9.799465989924E-02,0.));
#13405 = ORIENTED_EDGE('',*,*,#13406,.T.);
#13406 = EDGE_CURVE('',#13399,#13407,#13409,.T.);
#13407 = VERTEX_POINT('',#13408);
#13408 = CARTESIAN_POINT('',(191.401986,-78.924623,1.585));
#13409 = LINE('',#13410,#13411);
#13410 = CARTESIAN_POINT('',(191.143972,-78.553518,1.585));
#13411 = VECTOR('',#13412,1.);
#13412 = DIRECTION('',(0.570846789809,-0.821056601316,0.));
#13413 = ORIENTED_EDGE('',*,*,#13414,.T.);
#13414 = EDGE_CURVE('',#13407,#13415,#13417,.T.);
#13415 = VERTEX_POINT('',#13416);
#13416 = CARTESIAN_POINT('',(191.271891,-78.997829,1.585));
#13417 = CIRCLE('',#13418,7.500005951701E-02);
#13418 = AXIS2_PLACEMENT_3D('',#13419,#13420,#13421);
#13419 = CARTESIAN_POINT('',(191.33333306294,-78.95481874739,1.585));
#13420 = DIRECTION('',(0.,0.,-1.));
#13421 = DIRECTION('',(0.915371767707,0.402609645791,0.));
#13422 = ORIENTED_EDGE('',*,*,#13423,.T.);
#13423 = EDGE_CURVE('',#13415,#13424,#13426,.T.);
#13424 = VERTEX_POINT('',#13425);
#13425 = CARTESIAN_POINT('',(190.960951,-78.553628,1.585));
#13426 = LINE('',#13427,#13428);
#13427 = CARTESIAN_POINT('',(191.271891,-78.997829,1.585));
#13428 = VECTOR('',#13429,1.);
#13429 = DIRECTION('',(-0.573461477921,0.819232527028,0.));
#13430 = ORIENTED_EDGE('',*,*,#13431,.T.);
#13431 = EDGE_CURVE('',#13424,#13432,#13434,.T.);
#13432 = VERTEX_POINT('',#13433);
#13433 = CARTESIAN_POINT('',(190.836905,-78.553628,1.585));
#13434 = LINE('',#13435,#13436);
#13435 = CARTESIAN_POINT('',(190.960951,-78.553628,1.585));
#13436 = VECTOR('',#13437,1.);
#13437 = DIRECTION('',(-1.,0.,0.));
#13438 = ORIENTED_EDGE('',*,*,#13439,.T.);
#13439 = EDGE_CURVE('',#13432,#13440,#13442,.T.);
#13440 = VERTEX_POINT('',#13441);
#13441 = CARTESIAN_POINT('',(190.835464,-78.969451,1.585));
#13442 = LINE('',#13443,#13444);
#13443 = CARTESIAN_POINT('',(190.836905,-78.553628,1.585));
#13444 = VECTOR('',#13445,1.);
#13445 = DIRECTION('',(-3.465395967783E-03,-0.999993995497,0.));
#13446 = ORIENTED_EDGE('',*,*,#13447,.T.);
#13447 = EDGE_CURVE('',#13440,#13448,#13450,.T.);
#13448 = VERTEX_POINT('',#13449);
#13449 = CARTESIAN_POINT('',(190.686905,-78.954819,1.585));
#13450 = CIRCLE('',#13451,7.500006711463E-02);
#13451 = AXIS2_PLACEMENT_3D('',#13452,#13453,#13454);
#13452 = CARTESIAN_POINT('',(190.76190506711,-78.95481906711,1.585));
#13453 = DIRECTION('',(-0.,0.,-1.));
#13454 = DIRECTION('',(0.980784894138,-0.195092263891,-0.));
#13455 = ORIENTED_EDGE('',*,*,#13456,.T.);
#13456 = EDGE_CURVE('',#13448,#13354,#13457,.T.);
#13457 = LINE('',#13458,#13459);
#13458 = CARTESIAN_POINT('',(190.686905,-78.954819,1.585));
#13459 = VECTOR('',#13460,1.);
#13460 = DIRECTION('',(1.420217918158E-03,0.99999899149,0.));
#13461 = FACE_BOUND('',#13462,.F.);
#13462 = EDGE_LOOP('',(#13463,#13474,#13482,#13490,#13498,#13507));
#13463 = ORIENTED_EDGE('',*,*,#13464,.T.);
#13464 = EDGE_CURVE('',#13465,#13467,#13469,.T.);
#13465 = VERTEX_POINT('',#13466);
#13466 = CARTESIAN_POINT('',(191.258333,-78.163,1.585));
#13467 = VERTEX_POINT('',#13468);
#13468 = CARTESIAN_POINT('',(191.125152,-78.029819,1.585));
#13469 = CIRCLE('',#13470,0.18686440374);
#13470 = AXIS2_PLACEMENT_3D('',#13471,#13472,#13473);
#13471 = CARTESIAN_POINT('',(191.077616,-78.210536,1.585));
#13472 = DIRECTION('',(0.,0.,1.));
#13473 = DIRECTION('',(0.967102328658,0.254387668537,-0.));
#13474 = ORIENTED_EDGE('',*,*,#13475,.T.);
#13475 = EDGE_CURVE('',#13467,#13476,#13478,.T.);
#13476 = VERTEX_POINT('',#13477);
#13477 = CARTESIAN_POINT('',(190.836905,-78.029819,1.585));
#13478 = LINE('',#13479,#13480);
#13479 = CARTESIAN_POINT('',(191.125152,-78.029819,1.585));
#13480 = VECTOR('',#13481,1.);
#13481 = DIRECTION('',(-1.,0.,0.));
#13482 = ORIENTED_EDGE('',*,*,#13483,.T.);
#13483 = EDGE_CURVE('',#13476,#13484,#13486,.T.);
#13484 = VERTEX_POINT('',#13485);
#13485 = CARTESIAN_POINT('',(190.836905,-78.403628,1.585));
#13486 = LINE('',#13487,#13488);
#13487 = CARTESIAN_POINT('',(190.836905,-78.029819,1.585));
#13488 = VECTOR('',#13489,1.);
#13489 = DIRECTION('',(0.,-1.,0.));
#13490 = ORIENTED_EDGE('',*,*,#13491,.T.);
#13491 = EDGE_CURVE('',#13484,#13492,#13494,.T.);
#13492 = VERTEX_POINT('',#13493);
#13493 = CARTESIAN_POINT('',(191.125152,-78.403628,1.585));
#13494 = LINE('',#13495,#13496);
#13495 = CARTESIAN_POINT('',(190.836905,-78.403628,1.585));
#13496 = VECTOR('',#13497,1.);
#13497 = DIRECTION('',(1.,0.,0.));
#13498 = ORIENTED_EDGE('',*,*,#13499,.T.);
#13499 = EDGE_CURVE('',#13492,#13500,#13502,.T.);
#13500 = VERTEX_POINT('',#13501);
#13501 = CARTESIAN_POINT('',(191.258333,-78.270447,1.585));
#13502 = CIRCLE('',#13503,0.18686440374);
#13503 = AXIS2_PLACEMENT_3D('',#13504,#13505,#13506);
#13504 = CARTESIAN_POINT('',(191.077616,-78.222911,1.585));
#13505 = DIRECTION('',(0.,0.,1.));
#13506 = DIRECTION('',(0.254387668538,-0.967102328658,0.));
#13507 = ORIENTED_EDGE('',*,*,#13508,.T.);
#13508 = EDGE_CURVE('',#13500,#13465,#13509,.T.);
#13509 = LINE('',#13510,#13511);
#13510 = CARTESIAN_POINT('',(191.258333,-78.270447,1.585));
#13511 = VECTOR('',#13512,1.);
#13512 = DIRECTION('',(0.,1.,0.));
#13513 = PLANE('',#13514);
#13514 = AXIS2_PLACEMENT_3D('',#13515,#13516,#13517);
#13515 = CARTESIAN_POINT('',(0.,0.,1.585));
#13516 = DIRECTION('',(0.,0.,1.));
#13517 = DIRECTION('',(1.,0.,-0.));
#13518 = SHELL_BASED_SURFACE_MODEL('',(#13519));
#13519 = OPEN_SHELL('',(#13520));
#13520 = ADVANCED_FACE('',(#13521,#13632),#13684,.T.);
#13521 = FACE_BOUND('',#13522,.F.);
#13522 = EDGE_LOOP('',(#13523,#13534,#13542,#13551,#13559,#13568,#13576,
    #13584,#13593,#13601,#13609,#13617,#13626));
#13523 = ORIENTED_EDGE('',*,*,#13524,.T.);
#13524 = EDGE_CURVE('',#13525,#13527,#13529,.T.);
#13525 = VERTEX_POINT('',#13526);
#13526 = CARTESIAN_POINT('',(193.188346,-77.940187,1.585));
#13527 = VERTEX_POINT('',#13528);
#13528 = CARTESIAN_POINT('',(193.261905,-77.879819,1.585));
#13529 = CIRCLE('',#13530,7.500074938989E-02);
#13530 = AXIS2_PLACEMENT_3D('',#13531,#13532,#13533);
#13531 = CARTESIAN_POINT('',(193.26190546611,-77.95481974938,1.585));
#13532 = DIRECTION('',(0.,0.,-1.));
#13533 = DIRECTION('',(-0.980783081614,0.195101375753,0.));
#13534 = ORIENTED_EDGE('',*,*,#13535,.T.);
#13535 = EDGE_CURVE('',#13527,#13536,#13538,.T.);
#13536 = VERTEX_POINT('',#13537);
#13537 = CARTESIAN_POINT('',(193.657489,-77.88126,1.585));
#13538 = LINE('',#13539,#13540);
#13539 = CARTESIAN_POINT('',(193.261905,-77.879819,1.585));
#13540 = VECTOR('',#13541,1.);
#13541 = DIRECTION('',(0.999993365378,-3.642691411961E-03,0.));
#13542 = ORIENTED_EDGE('',*,*,#13543,.T.);
#13543 = EDGE_CURVE('',#13536,#13544,#13546,.T.);
#13544 = VERTEX_POINT('',#13545);
#13545 = CARTESIAN_POINT('',(193.906892,-78.130663,1.585));
#13546 = CIRCLE('',#13547,0.347870264855);
#13547 = AXIS2_PLACEMENT_3D('',#13548,#13549,#13550);
#13548 = CARTESIAN_POINT('',(193.57016126502,-78.21799073497,1.585));
#13549 = DIRECTION('',(0.,0.,-1.));
#13550 = DIRECTION('',(0.251035353678,0.967977918758,0.));
#13551 = ORIENTED_EDGE('',*,*,#13552,.T.);
#13552 = EDGE_CURVE('',#13544,#13553,#13555,.T.);
#13553 = VERTEX_POINT('',#13554);
#13554 = CARTESIAN_POINT('',(193.90567,-78.307962,1.585));
#13555 = LINE('',#13556,#13557);
#13556 = CARTESIAN_POINT('',(193.906892,-78.130663,1.585));
#13557 = VECTOR('',#13558,1.);
#13558 = DIRECTION('',(-6.892148157212E-03,-0.999976248865,0.));
#13559 = ORIENTED_EDGE('',*,*,#13560,.T.);
#13560 = EDGE_CURVE('',#13553,#13561,#13563,.T.);
#13561 = VERTEX_POINT('',#13562);
#13562 = CARTESIAN_POINT('',(193.657489,-78.552187,1.585));
#13563 = CIRCLE('',#13564,0.348632345848);
#13564 = AXIS2_PLACEMENT_3D('',#13565,#13566,#13567);
#13565 = CARTESIAN_POINT('',(193.56972019403,-78.2147834593,1.585));
#13566 = DIRECTION('',(0.,0.,-1.));
#13567 = DIRECTION('',(0.963622021775,-0.267268776985,0.));
#13568 = ORIENTED_EDGE('',*,*,#13569,.T.);
#13569 = EDGE_CURVE('',#13561,#13570,#13572,.T.);
#13570 = VERTEX_POINT('',#13571);
#13571 = CARTESIAN_POINT('',(193.643972,-78.553518,1.585));
#13572 = LINE('',#13573,#13574);
#13573 = CARTESIAN_POINT('',(193.657489,-78.552187,1.585));
#13574 = VECTOR('',#13575,1.);
#13575 = DIRECTION('',(-0.995186940545,-9.799465989924E-02,0.));
#13576 = ORIENTED_EDGE('',*,*,#13577,.T.);
#13577 = EDGE_CURVE('',#13570,#13578,#13580,.T.);
#13578 = VERTEX_POINT('',#13579);
#13579 = CARTESIAN_POINT('',(193.901986,-78.924623,1.585));
#13580 = LINE('',#13581,#13582);
#13581 = CARTESIAN_POINT('',(193.643972,-78.553518,1.585));
#13582 = VECTOR('',#13583,1.);
#13583 = DIRECTION('',(0.570846789809,-0.821056601316,0.));
#13584 = ORIENTED_EDGE('',*,*,#13585,.T.);
#13585 = EDGE_CURVE('',#13578,#13586,#13588,.T.);
#13586 = VERTEX_POINT('',#13587);
#13587 = CARTESIAN_POINT('',(193.771891,-78.997829,1.585));
#13588 = CIRCLE('',#13589,7.500005951701E-02);
#13589 = AXIS2_PLACEMENT_3D('',#13590,#13591,#13592);
#13590 = CARTESIAN_POINT('',(193.83333306294,-78.95481874739,1.585));
#13591 = DIRECTION('',(0.,0.,-1.));
#13592 = DIRECTION('',(0.915371767707,0.402609645791,0.));
#13593 = ORIENTED_EDGE('',*,*,#13594,.T.);
#13594 = EDGE_CURVE('',#13586,#13595,#13597,.T.);
#13595 = VERTEX_POINT('',#13596);
#13596 = CARTESIAN_POINT('',(193.460951,-78.553628,1.585));
#13597 = LINE('',#13598,#13599);
#13598 = CARTESIAN_POINT('',(193.771891,-78.997829,1.585));
#13599 = VECTOR('',#13600,1.);
#13600 = DIRECTION('',(-0.573461477921,0.819232527028,0.));
#13601 = ORIENTED_EDGE('',*,*,#13602,.T.);
#13602 = EDGE_CURVE('',#13595,#13603,#13605,.T.);
#13603 = VERTEX_POINT('',#13604);
#13604 = CARTESIAN_POINT('',(193.336905,-78.553628,1.585));
#13605 = LINE('',#13606,#13607);
#13606 = CARTESIAN_POINT('',(193.460951,-78.553628,1.585));
#13607 = VECTOR('',#13608,1.);
#13608 = DIRECTION('',(-1.,0.,0.));
#13609 = ORIENTED_EDGE('',*,*,#13610,.T.);
#13610 = EDGE_CURVE('',#13603,#13611,#13613,.T.);
#13611 = VERTEX_POINT('',#13612);
#13612 = CARTESIAN_POINT('',(193.335464,-78.969451,1.585));
#13613 = LINE('',#13614,#13615);
#13614 = CARTESIAN_POINT('',(193.336905,-78.553628,1.585));
#13615 = VECTOR('',#13616,1.);
#13616 = DIRECTION('',(-3.465395967783E-03,-0.999993995497,0.));
#13617 = ORIENTED_EDGE('',*,*,#13618,.T.);
#13618 = EDGE_CURVE('',#13611,#13619,#13621,.T.);
#13619 = VERTEX_POINT('',#13620);
#13620 = CARTESIAN_POINT('',(193.186905,-78.954819,1.585));
#13621 = CIRCLE('',#13622,7.500006711463E-02);
#13622 = AXIS2_PLACEMENT_3D('',#13623,#13624,#13625);
#13623 = CARTESIAN_POINT('',(193.26190506711,-78.95481906711,1.585));
#13624 = DIRECTION('',(-0.,0.,-1.));
#13625 = DIRECTION('',(0.980784894138,-0.195092263891,-0.));
#13626 = ORIENTED_EDGE('',*,*,#13627,.T.);
#13627 = EDGE_CURVE('',#13619,#13525,#13628,.T.);
#13628 = LINE('',#13629,#13630);
#13629 = CARTESIAN_POINT('',(193.186905,-78.954819,1.585));
#13630 = VECTOR('',#13631,1.);
#13631 = DIRECTION('',(1.420217918158E-03,0.99999899149,0.));
#13632 = FACE_BOUND('',#13633,.F.);
#13633 = EDGE_LOOP('',(#13634,#13645,#13653,#13661,#13669,#13678));
#13634 = ORIENTED_EDGE('',*,*,#13635,.T.);
#13635 = EDGE_CURVE('',#13636,#13638,#13640,.T.);
#13636 = VERTEX_POINT('',#13637);
#13637 = CARTESIAN_POINT('',(193.758333,-78.163,1.585));
#13638 = VERTEX_POINT('',#13639);
#13639 = CARTESIAN_POINT('',(193.625152,-78.029819,1.585));
#13640 = CIRCLE('',#13641,0.18686440374);
#13641 = AXIS2_PLACEMENT_3D('',#13642,#13643,#13644);
#13642 = CARTESIAN_POINT('',(193.577616,-78.210536,1.585));
#13643 = DIRECTION('',(0.,0.,1.));
#13644 = DIRECTION('',(0.967102328658,0.254387668537,-0.));
#13645 = ORIENTED_EDGE('',*,*,#13646,.T.);
#13646 = EDGE_CURVE('',#13638,#13647,#13649,.T.);
#13647 = VERTEX_POINT('',#13648);
#13648 = CARTESIAN_POINT('',(193.336905,-78.029819,1.585));
#13649 = LINE('',#13650,#13651);
#13650 = CARTESIAN_POINT('',(193.625152,-78.029819,1.585));
#13651 = VECTOR('',#13652,1.);
#13652 = DIRECTION('',(-1.,0.,0.));
#13653 = ORIENTED_EDGE('',*,*,#13654,.T.);
#13654 = EDGE_CURVE('',#13647,#13655,#13657,.T.);
#13655 = VERTEX_POINT('',#13656);
#13656 = CARTESIAN_POINT('',(193.336905,-78.403628,1.585));
#13657 = LINE('',#13658,#13659);
#13658 = CARTESIAN_POINT('',(193.336905,-78.029819,1.585));
#13659 = VECTOR('',#13660,1.);
#13660 = DIRECTION('',(0.,-1.,0.));
#13661 = ORIENTED_EDGE('',*,*,#13662,.T.);
#13662 = EDGE_CURVE('',#13655,#13663,#13665,.T.);
#13663 = VERTEX_POINT('',#13664);
#13664 = CARTESIAN_POINT('',(193.625152,-78.403628,1.585));
#13665 = LINE('',#13666,#13667);
#13666 = CARTESIAN_POINT('',(193.336905,-78.403628,1.585));
#13667 = VECTOR('',#13668,1.);
#13668 = DIRECTION('',(1.,0.,0.));
#13669 = ORIENTED_EDGE('',*,*,#13670,.T.);
#13670 = EDGE_CURVE('',#13663,#13671,#13673,.T.);
#13671 = VERTEX_POINT('',#13672);
#13672 = CARTESIAN_POINT('',(193.758333,-78.270447,1.585));
#13673 = CIRCLE('',#13674,0.18686440374);
#13674 = AXIS2_PLACEMENT_3D('',#13675,#13676,#13677);
#13675 = CARTESIAN_POINT('',(193.577616,-78.222911,1.585));
#13676 = DIRECTION('',(0.,0.,1.));
#13677 = DIRECTION('',(0.254387668538,-0.967102328658,0.));
#13678 = ORIENTED_EDGE('',*,*,#13679,.T.);
#13679 = EDGE_CURVE('',#13671,#13636,#13680,.T.);
#13680 = LINE('',#13681,#13682);
#13681 = CARTESIAN_POINT('',(193.758333,-78.270447,1.585));
#13682 = VECTOR('',#13683,1.);
#13683 = DIRECTION('',(0.,1.,0.));
#13684 = PLANE('',#13685);
#13685 = AXIS2_PLACEMENT_3D('',#13686,#13687,#13688);
#13686 = CARTESIAN_POINT('',(0.,0.,1.585));
#13687 = DIRECTION('',(0.,0.,1.));
#13688 = DIRECTION('',(1.,0.,-0.));
#13689 = SHELL_BASED_SURFACE_MODEL('',(#13690));
#13690 = OPEN_SHELL('',(#13691));
#13691 = ADVANCED_FACE('',(#13692,#13803),#13855,.T.);
#13692 = FACE_BOUND('',#13693,.F.);
#13693 = EDGE_LOOP('',(#13694,#13705,#13713,#13722,#13730,#13739,#13747,
    #13755,#13764,#13772,#13780,#13788,#13797));
#13694 = ORIENTED_EDGE('',*,*,#13695,.T.);
#13695 = EDGE_CURVE('',#13696,#13698,#13700,.T.);
#13696 = VERTEX_POINT('',#13697);
#13697 = CARTESIAN_POINT('',(195.688346,-77.940187,1.585));
#13698 = VERTEX_POINT('',#13699);
#13699 = CARTESIAN_POINT('',(195.761905,-77.879819,1.585));
#13700 = CIRCLE('',#13701,7.500074938989E-02);
#13701 = AXIS2_PLACEMENT_3D('',#13702,#13703,#13704);
#13702 = CARTESIAN_POINT('',(195.76190546611,-77.95481974938,1.585));
#13703 = DIRECTION('',(0.,0.,-1.));
#13704 = DIRECTION('',(-0.980783081614,0.195101375753,0.));
#13705 = ORIENTED_EDGE('',*,*,#13706,.T.);
#13706 = EDGE_CURVE('',#13698,#13707,#13709,.T.);
#13707 = VERTEX_POINT('',#13708);
#13708 = CARTESIAN_POINT('',(196.157489,-77.88126,1.585));
#13709 = LINE('',#13710,#13711);
#13710 = CARTESIAN_POINT('',(195.761905,-77.879819,1.585));
#13711 = VECTOR('',#13712,1.);
#13712 = DIRECTION('',(0.999993365378,-3.642691411961E-03,0.));
#13713 = ORIENTED_EDGE('',*,*,#13714,.T.);
#13714 = EDGE_CURVE('',#13707,#13715,#13717,.T.);
#13715 = VERTEX_POINT('',#13716);
#13716 = CARTESIAN_POINT('',(196.406892,-78.130663,1.585));
#13717 = CIRCLE('',#13718,0.347870264855);
#13718 = AXIS2_PLACEMENT_3D('',#13719,#13720,#13721);
#13719 = CARTESIAN_POINT('',(196.07016126502,-78.21799073497,1.585));
#13720 = DIRECTION('',(0.,0.,-1.));
#13721 = DIRECTION('',(0.251035353678,0.967977918758,0.));
#13722 = ORIENTED_EDGE('',*,*,#13723,.T.);
#13723 = EDGE_CURVE('',#13715,#13724,#13726,.T.);
#13724 = VERTEX_POINT('',#13725);
#13725 = CARTESIAN_POINT('',(196.40567,-78.307962,1.585));
#13726 = LINE('',#13727,#13728);
#13727 = CARTESIAN_POINT('',(196.406892,-78.130663,1.585));
#13728 = VECTOR('',#13729,1.);
#13729 = DIRECTION('',(-6.892148157212E-03,-0.999976248865,0.));
#13730 = ORIENTED_EDGE('',*,*,#13731,.T.);
#13731 = EDGE_CURVE('',#13724,#13732,#13734,.T.);
#13732 = VERTEX_POINT('',#13733);
#13733 = CARTESIAN_POINT('',(196.157489,-78.552187,1.585));
#13734 = CIRCLE('',#13735,0.348632345848);
#13735 = AXIS2_PLACEMENT_3D('',#13736,#13737,#13738);
#13736 = CARTESIAN_POINT('',(196.06972019403,-78.2147834593,1.585));
#13737 = DIRECTION('',(0.,0.,-1.));
#13738 = DIRECTION('',(0.963622021775,-0.267268776985,0.));
#13739 = ORIENTED_EDGE('',*,*,#13740,.T.);
#13740 = EDGE_CURVE('',#13732,#13741,#13743,.T.);
#13741 = VERTEX_POINT('',#13742);
#13742 = CARTESIAN_POINT('',(196.143972,-78.553518,1.585));
#13743 = LINE('',#13744,#13745);
#13744 = CARTESIAN_POINT('',(196.157489,-78.552187,1.585));
#13745 = VECTOR('',#13746,1.);
#13746 = DIRECTION('',(-0.995186940545,-9.799465989924E-02,0.));
#13747 = ORIENTED_EDGE('',*,*,#13748,.T.);
#13748 = EDGE_CURVE('',#13741,#13749,#13751,.T.);
#13749 = VERTEX_POINT('',#13750);
#13750 = CARTESIAN_POINT('',(196.401986,-78.924623,1.585));
#13751 = LINE('',#13752,#13753);
#13752 = CARTESIAN_POINT('',(196.143972,-78.553518,1.585));
#13753 = VECTOR('',#13754,1.);
#13754 = DIRECTION('',(0.570846789809,-0.821056601316,0.));
#13755 = ORIENTED_EDGE('',*,*,#13756,.T.);
#13756 = EDGE_CURVE('',#13749,#13757,#13759,.T.);
#13757 = VERTEX_POINT('',#13758);
#13758 = CARTESIAN_POINT('',(196.271891,-78.997829,1.585));
#13759 = CIRCLE('',#13760,7.500005951701E-02);
#13760 = AXIS2_PLACEMENT_3D('',#13761,#13762,#13763);
#13761 = CARTESIAN_POINT('',(196.33333306294,-78.95481874739,1.585));
#13762 = DIRECTION('',(0.,0.,-1.));
#13763 = DIRECTION('',(0.915371767707,0.402609645791,0.));
#13764 = ORIENTED_EDGE('',*,*,#13765,.T.);
#13765 = EDGE_CURVE('',#13757,#13766,#13768,.T.);
#13766 = VERTEX_POINT('',#13767);
#13767 = CARTESIAN_POINT('',(195.960951,-78.553628,1.585));
#13768 = LINE('',#13769,#13770);
#13769 = CARTESIAN_POINT('',(196.271891,-78.997829,1.585));
#13770 = VECTOR('',#13771,1.);
#13771 = DIRECTION('',(-0.573461477921,0.819232527028,0.));
#13772 = ORIENTED_EDGE('',*,*,#13773,.T.);
#13773 = EDGE_CURVE('',#13766,#13774,#13776,.T.);
#13774 = VERTEX_POINT('',#13775);
#13775 = CARTESIAN_POINT('',(195.836905,-78.553628,1.585));
#13776 = LINE('',#13777,#13778);
#13777 = CARTESIAN_POINT('',(195.960951,-78.553628,1.585));
#13778 = VECTOR('',#13779,1.);
#13779 = DIRECTION('',(-1.,0.,0.));
#13780 = ORIENTED_EDGE('',*,*,#13781,.T.);
#13781 = EDGE_CURVE('',#13774,#13782,#13784,.T.);
#13782 = VERTEX_POINT('',#13783);
#13783 = CARTESIAN_POINT('',(195.835464,-78.969451,1.585));
#13784 = LINE('',#13785,#13786);
#13785 = CARTESIAN_POINT('',(195.836905,-78.553628,1.585));
#13786 = VECTOR('',#13787,1.);
#13787 = DIRECTION('',(-3.465395967783E-03,-0.999993995497,0.));
#13788 = ORIENTED_EDGE('',*,*,#13789,.T.);
#13789 = EDGE_CURVE('',#13782,#13790,#13792,.T.);
#13790 = VERTEX_POINT('',#13791);
#13791 = CARTESIAN_POINT('',(195.686905,-78.954819,1.585));
#13792 = CIRCLE('',#13793,7.500006711463E-02);
#13793 = AXIS2_PLACEMENT_3D('',#13794,#13795,#13796);
#13794 = CARTESIAN_POINT('',(195.76190506711,-78.95481906711,1.585));
#13795 = DIRECTION('',(-0.,0.,-1.));
#13796 = DIRECTION('',(0.980784894138,-0.195092263891,-0.));
#13797 = ORIENTED_EDGE('',*,*,#13798,.T.);
#13798 = EDGE_CURVE('',#13790,#13696,#13799,.T.);
#13799 = LINE('',#13800,#13801);
#13800 = CARTESIAN_POINT('',(195.686905,-78.954819,1.585));
#13801 = VECTOR('',#13802,1.);
#13802 = DIRECTION('',(1.420217918158E-03,0.99999899149,0.));
#13803 = FACE_BOUND('',#13804,.F.);
#13804 = EDGE_LOOP('',(#13805,#13816,#13824,#13832,#13840,#13849));
#13805 = ORIENTED_EDGE('',*,*,#13806,.T.);
#13806 = EDGE_CURVE('',#13807,#13809,#13811,.T.);
#13807 = VERTEX_POINT('',#13808);
#13808 = CARTESIAN_POINT('',(196.258333,-78.163,1.585));
#13809 = VERTEX_POINT('',#13810);
#13810 = CARTESIAN_POINT('',(196.125152,-78.029819,1.585));
#13811 = CIRCLE('',#13812,0.18686440374);
#13812 = AXIS2_PLACEMENT_3D('',#13813,#13814,#13815);
#13813 = CARTESIAN_POINT('',(196.077616,-78.210536,1.585));
#13814 = DIRECTION('',(0.,0.,1.));
#13815 = DIRECTION('',(0.967102328658,0.254387668537,-0.));
#13816 = ORIENTED_EDGE('',*,*,#13817,.T.);
#13817 = EDGE_CURVE('',#13809,#13818,#13820,.T.);
#13818 = VERTEX_POINT('',#13819);
#13819 = CARTESIAN_POINT('',(195.836905,-78.029819,1.585));
#13820 = LINE('',#13821,#13822);
#13821 = CARTESIAN_POINT('',(196.125152,-78.029819,1.585));
#13822 = VECTOR('',#13823,1.);
#13823 = DIRECTION('',(-1.,0.,0.));
#13824 = ORIENTED_EDGE('',*,*,#13825,.T.);
#13825 = EDGE_CURVE('',#13818,#13826,#13828,.T.);
#13826 = VERTEX_POINT('',#13827);
#13827 = CARTESIAN_POINT('',(195.836905,-78.403628,1.585));
#13828 = LINE('',#13829,#13830);
#13829 = CARTESIAN_POINT('',(195.836905,-78.029819,1.585));
#13830 = VECTOR('',#13831,1.);
#13831 = DIRECTION('',(0.,-1.,0.));
#13832 = ORIENTED_EDGE('',*,*,#13833,.T.);
#13833 = EDGE_CURVE('',#13826,#13834,#13836,.T.);
#13834 = VERTEX_POINT('',#13835);
#13835 = CARTESIAN_POINT('',(196.125152,-78.403628,1.585));
#13836 = LINE('',#13837,#13838);
#13837 = CARTESIAN_POINT('',(195.836905,-78.403628,1.585));
#13838 = VECTOR('',#13839,1.);
#13839 = DIRECTION('',(1.,0.,0.));
#13840 = ORIENTED_EDGE('',*,*,#13841,.T.);
#13841 = EDGE_CURVE('',#13834,#13842,#13844,.T.);
#13842 = VERTEX_POINT('',#13843);
#13843 = CARTESIAN_POINT('',(196.258333,-78.270447,1.585));
#13844 = CIRCLE('',#13845,0.18686440374);
#13845 = AXIS2_PLACEMENT_3D('',#13846,#13847,#13848);
#13846 = CARTESIAN_POINT('',(196.077616,-78.222911,1.585));
#13847 = DIRECTION('',(0.,0.,1.));
#13848 = DIRECTION('',(0.254387668538,-0.967102328658,0.));
#13849 = ORIENTED_EDGE('',*,*,#13850,.T.);
#13850 = EDGE_CURVE('',#13842,#13807,#13851,.T.);
#13851 = LINE('',#13852,#13853);
#13852 = CARTESIAN_POINT('',(196.258333,-78.270447,1.585));
#13853 = VECTOR('',#13854,1.);
#13854 = DIRECTION('',(0.,1.,0.));
#13855 = PLANE('',#13856);
#13856 = AXIS2_PLACEMENT_3D('',#13857,#13858,#13859);
#13857 = CARTESIAN_POINT('',(0.,0.,1.585));
#13858 = DIRECTION('',(0.,0.,1.));
#13859 = DIRECTION('',(1.,0.,-0.));
#13860 = SHELL_BASED_SURFACE_MODEL('',(#13861));
#13861 = OPEN_SHELL('',(#13862));
#13862 = ADVANCED_FACE('',(#13863),#14058,.T.);
#13863 = FACE_BOUND('',#13864,.F.);
#13864 = EDGE_LOOP('',(#13865,#13876,#13884,#13893,#13901,#13909,#13917,
    #13925,#13934,#13942,#13951,#13959,#13967,#13975,#13984,#13992,
    #14001,#14009,#14018,#14026,#14035,#14043,#14052));
#13865 = ORIENTED_EDGE('',*,*,#13866,.T.);
#13866 = EDGE_CURVE('',#13867,#13869,#13871,.T.);
#13867 = VERTEX_POINT('',#13868);
#13868 = CARTESIAN_POINT('',(194.190167,-77.93294,1.585));
#13869 = VERTEX_POINT('',#13870);
#13870 = CARTESIAN_POINT('',(194.261905,-77.879819,1.585));
#13871 = CIRCLE('',#13872,7.500336100768E-02);
#13872 = AXIS2_PLACEMENT_3D('',#13873,#13874,#13875);
#13873 = CARTESIAN_POINT('',(194.2619072707,-77.95482236097,1.585));
#13874 = DIRECTION('',(0.,0.,-1.));
#13875 = DIRECTION('',(-0.956494078934,0.29175173858,0.));
#13876 = ORIENTED_EDGE('',*,*,#13877,.T.);
#13877 = EDGE_CURVE('',#13869,#13878,#13880,.T.);
#13878 = VERTEX_POINT('',#13879);
#13879 = CARTESIAN_POINT('',(194.752727,-77.88126,1.585));
#13880 = LINE('',#13881,#13882);
#13881 = CARTESIAN_POINT('',(194.261905,-77.879819,1.585));
#13882 = VECTOR('',#13883,1.);
#13883 = DIRECTION('',(0.999995690299,-2.935878566407E-03,0.));
#13884 = ORIENTED_EDGE('',*,*,#13885,.T.);
#13885 = EDGE_CURVE('',#13878,#13886,#13888,.T.);
#13886 = VERTEX_POINT('',#13887);
#13887 = CARTESIAN_POINT('',(194.738095,-78.029819,1.585));
#13888 = CIRCLE('',#13889,7.500006711464E-02);
#13889 = AXIS2_PLACEMENT_3D('',#13890,#13891,#13892);
#13890 = CARTESIAN_POINT('',(194.73809506711,-77.95481893288,1.585));
#13891 = DIRECTION('',(0.,0.,-1.));
#13892 = DIRECTION('',(0.195092263891,0.980784894138,0.));
#13893 = ORIENTED_EDGE('',*,*,#13894,.T.);
#13894 = EDGE_CURVE('',#13886,#13895,#13897,.T.);
#13895 = VERTEX_POINT('',#13896);
#13896 = CARTESIAN_POINT('',(194.329779,-78.029819,1.585));
#13897 = LINE('',#13898,#13899);
#13898 = CARTESIAN_POINT('',(194.738095,-78.029819,1.585));
#13899 = VECTOR('',#13900,1.);
#13900 = DIRECTION('',(-1.,0.,0.));
#13901 = ORIENTED_EDGE('',*,*,#13902,.T.);
#13902 = EDGE_CURVE('',#13895,#13903,#13905,.T.);
#13903 = VERTEX_POINT('',#13904);
#13904 = CARTESIAN_POINT('',(194.30496,-78.278009,1.585));
#13905 = LINE('',#13906,#13907);
#13906 = CARTESIAN_POINT('',(194.329779,-78.029819,1.585));
#13907 = VECTOR('',#13908,1.);
#13908 = DIRECTION('',(-9.950371902103E-02,-0.99503719021,0.));
#13909 = ORIENTED_EDGE('',*,*,#13910,.T.);
#13910 = EDGE_CURVE('',#13903,#13911,#13913,.T.);
#13911 = VERTEX_POINT('',#13912);
#13912 = CARTESIAN_POINT('',(194.342511,-78.262212,1.585));
#13913 = LINE('',#13914,#13915);
#13914 = CARTESIAN_POINT('',(194.30496,-78.278009,1.585));
#13915 = VECTOR('',#13916,1.);
#13916 = DIRECTION('',(0.92175777459,0.387766173076,0.));
#13917 = ORIENTED_EDGE('',*,*,#13918,.T.);
#13918 = EDGE_CURVE('',#13911,#13919,#13921,.T.);
#13919 = VERTEX_POINT('',#13920);
#13920 = CARTESIAN_POINT('',(194.615047,-78.263434,1.585));
#13921 = LINE('',#13922,#13923);
#13922 = CARTESIAN_POINT('',(194.342511,-78.262212,1.585));
#13923 = VECTOR('',#13924,1.);
#13924 = DIRECTION('',(0.99998994787,-4.483766241139E-03,0.));
#13925 = ORIENTED_EDGE('',*,*,#13926,.T.);
#13926 = EDGE_CURVE('',#13919,#13927,#13929,.T.);
#13927 = VERTEX_POINT('',#13928);
#13928 = CARTESIAN_POINT('',(194.859273,-78.511615,1.585));
#13929 = CIRCLE('',#13930,0.348625649748);
#13930 = AXIS2_PLACEMENT_3D('',#13931,#13932,#13933);
#13931 = CARTESIAN_POINT('',(194.52187504586,-78.59937868387,1.585));
#13932 = DIRECTION('',(0.,0.,-1.));
#13933 = DIRECTION('',(0.267255017531,0.96362583797,0.));
#13934 = ORIENTED_EDGE('',*,*,#13935,.T.);
#13935 = EDGE_CURVE('',#13927,#13936,#13938,.T.);
#13936 = VERTEX_POINT('',#13937);
#13937 = CARTESIAN_POINT('',(194.858051,-78.784152,1.585));
#13938 = LINE('',#13939,#13940);
#13939 = CARTESIAN_POINT('',(194.859273,-78.511615,1.585));
#13940 = VECTOR('',#13941,1.);
#13941 = DIRECTION('',(-4.483749789568E-03,-0.999989947943,0.));
#13942 = ORIENTED_EDGE('',*,*,#13943,.T.);
#13943 = EDGE_CURVE('',#13936,#13944,#13946,.T.);
#13944 = VERTEX_POINT('',#13945);
#13945 = CARTESIAN_POINT('',(194.60987,-79.028378,1.585));
#13946 = CIRCLE('',#13947,0.348635327447);
#13947 = AXIS2_PLACEMENT_3D('',#13948,#13949,#13950);
#13948 = CARTESIAN_POINT('',(194.52209848129,-78.69097208415,1.585));
#13949 = DIRECTION('',(0.,0.,-1.));
#13950 = DIRECTION('',(0.963621561732,-0.267270435638,0.));
#13951 = ORIENTED_EDGE('',*,*,#13952,.T.);
#13952 = EDGE_CURVE('',#13944,#13953,#13955,.T.);
#13953 = VERTEX_POINT('',#13954);
#13954 = CARTESIAN_POINT('',(194.337333,-79.027156,1.585));
#13955 = LINE('',#13956,#13957);
#13956 = CARTESIAN_POINT('',(194.60987,-79.028378,1.585));
#13957 = VECTOR('',#13958,1.);
#13958 = DIRECTION('',(-0.999989947943,4.483749789516E-03,0.));
#13959 = ORIENTED_EDGE('',*,*,#13960,.T.);
#13960 = EDGE_CURVE('',#13953,#13961,#13963,.T.);
#13961 = VERTEX_POINT('',#13962);
#13962 = CARTESIAN_POINT('',(194.21462,-78.96495,1.585));
#13963 = LINE('',#13964,#13965);
#13964 = CARTESIAN_POINT('',(194.337333,-79.027156,1.585));
#13965 = VECTOR('',#13966,1.);
#13966 = DIRECTION('',(-0.891943702445,0.452146471477,0.));
#13967 = ORIENTED_EDGE('',*,*,#13968,.T.);
#13968 = EDGE_CURVE('',#13961,#13969,#13971,.T.);
#13969 = VERTEX_POINT('',#13970);
#13970 = CARTESIAN_POINT('',(194.151925,-78.901247,1.585));
#13971 = LINE('',#13972,#13973);
#13972 = CARTESIAN_POINT('',(194.21462,-78.96495,1.585));
#13973 = VECTOR('',#13974,1.);
#13974 = DIRECTION('',(-0.701445434384,0.712723159847,0.));
#13975 = ORIENTED_EDGE('',*,*,#13976,.T.);
#13976 = EDGE_CURVE('',#13969,#13977,#13979,.T.);
#13977 = VERTEX_POINT('',#13978);
#13978 = CARTESIAN_POINT('',(194.26732,-78.806548,1.585));
#13979 = CIRCLE('',#13980,7.50001266804E-02);
#13980 = AXIS2_PLACEMENT_3D('',#13981,#13982,#13983);
#13981 = CARTESIAN_POINT('',(194.21428605199,-78.85958024831,1.585));
#13982 = DIRECTION('',(0.,0.,-1.));
#13983 = DIRECTION('',(-0.831479288827,-0.555555750804,-0.));
#13984 = ORIENTED_EDGE('',*,*,#13985,.T.);
#13985 = EDGE_CURVE('',#13977,#13986,#13988,.T.);
#13986 = VERTEX_POINT('',#13987);
#13987 = CARTESIAN_POINT('',(194.306332,-78.845561,1.585));
#13988 = LINE('',#13989,#13990);
#13989 = CARTESIAN_POINT('',(194.26732,-78.806548,1.585));
#13990 = VECTOR('',#13991,1.);
#13991 = DIRECTION('',(0.707097718561,-0.707115843695,0.));
#13992 = ORIENTED_EDGE('',*,*,#13993,.T.);
#13993 = EDGE_CURVE('',#13986,#13994,#13996,.T.);
#13994 = VERTEX_POINT('',#13995);
#13995 = CARTESIAN_POINT('',(194.646048,-78.845561,1.585));
#13996 = CIRCLE('',#13997,0.305620374329);
#13997 = AXIS2_PLACEMENT_3D('',#13998,#13999,#14000);
#13998 = CARTESIAN_POINT('',(194.47619,-78.59149,1.585));
#13999 = DIRECTION('',(0.,0.,1.));
#14000 = DIRECTION('',(-0.555781008949,-0.831328737679,0.));
#14001 = ORIENTED_EDGE('',*,*,#14002,.T.);
#14002 = EDGE_CURVE('',#13994,#14003,#14005,.T.);
#14003 = VERTEX_POINT('',#14004);
#14004 = CARTESIAN_POINT('',(194.676455,-78.815153,1.585));
#14005 = LINE('',#14006,#14007);
#14006 = CARTESIAN_POINT('',(194.646048,-78.845561,1.585));
#14007 = VECTOR('',#14008,1.);
#14008 = DIRECTION('',(0.707095153914,0.707118408268,0.));
#14009 = ORIENTED_EDGE('',*,*,#14010,.T.);
#14010 = EDGE_CURVE('',#14003,#14011,#14013,.T.);
#14011 = VERTEX_POINT('',#14012);
#14012 = CARTESIAN_POINT('',(194.676456,-78.475436,1.585));
#14013 = CIRCLE('',#14014,0.305616146029);
#14014 = AXIS2_PLACEMENT_3D('',#14015,#14016,#14017);
#14015 = CARTESIAN_POINT('',(194.42238992049,-78.64529375212,1.585));
#14016 = DIRECTION('',(0.,-0.,1.));
#14017 = DIRECTION('',(0.831320867071,-0.555792781505,-0.));
#14018 = ORIENTED_EDGE('',*,*,#14019,.T.);
#14019 = EDGE_CURVE('',#14011,#14020,#14022,.T.);
#14020 = VERTEX_POINT('',#14021);
#14021 = CARTESIAN_POINT('',(194.646049,-78.445029,1.585));
#14022 = LINE('',#14023,#14024);
#14023 = CARTESIAN_POINT('',(194.676456,-78.475436,1.585));
#14024 = VECTOR('',#14025,1.);
#14025 = DIRECTION('',(-0.707106781187,0.707106781187,0.));
#14026 = ORIENTED_EDGE('',*,*,#14027,.T.);
#14027 = EDGE_CURVE('',#14020,#14028,#14030,.T.);
#14028 = VERTEX_POINT('',#14029);
#14029 = CARTESIAN_POINT('',(194.306332,-78.445029,1.585));
#14030 = CIRCLE('',#14031,0.305621483548);
#14031 = AXIS2_PLACEMENT_3D('',#14032,#14033,#14034);
#14032 = CARTESIAN_POINT('',(194.4761905,-78.699101,1.585));
#14033 = DIRECTION('',(0.,0.,1.));
#14034 = DIRECTION('',(0.555780627814,0.831328992485,-0.));
#14035 = ORIENTED_EDGE('',*,*,#14036,.T.);
#14036 = EDGE_CURVE('',#14028,#14037,#14039,.T.);
#14037 = VERTEX_POINT('',#14038);
#14038 = CARTESIAN_POINT('',(194.249542,-78.497206,1.585));
#14039 = LINE('',#14040,#14041);
#14040 = CARTESIAN_POINT('',(194.306332,-78.445029,1.585));
#14041 = VECTOR('',#14042,1.);
#14042 = DIRECTION('',(-0.736381819545,-0.676566194724,0.));
#14043 = ORIENTED_EDGE('',*,*,#14044,.T.);
#14044 = EDGE_CURVE('',#14037,#14045,#14047,.T.);
#14045 = VERTEX_POINT('',#14046);
#14046 = CARTESIAN_POINT('',(194.139636,-78.438249,1.585));
#14047 = CIRCLE('',#14048,7.500024172474E-02);
#14048 = AXIS2_PLACEMENT_3D('',#14049,#14050,#14051);
#14049 = CARTESIAN_POINT('',(194.21428597002,-78.43100895619,1.585));
#14050 = DIRECTION('',(-0.,0.,-1.));
#14051 = DIRECTION('',(0.470078884632,-0.882624406088,-0.));
#14052 = ORIENTED_EDGE('',*,*,#14053,.T.);
#14053 = EDGE_CURVE('',#14045,#13867,#14054,.T.);
#14054 = LINE('',#14055,#14056);
#14055 = CARTESIAN_POINT('',(194.139636,-78.438249,1.585));
#14056 = VECTOR('',#14057,1.);
#14057 = DIRECTION('',(9.950391398792E-02,0.995037170713,0.));
#14058 = PLANE('',#14059);
#14059 = AXIS2_PLACEMENT_3D('',#14060,#14061,#14062);
#14060 = CARTESIAN_POINT('',(0.,0.,1.585));
#14061 = DIRECTION('',(0.,0.,1.));
#14062 = DIRECTION('',(1.,0.,-0.));
#14063 = SHELL_BASED_SURFACE_MODEL('',(#14064));
#14064 = OPEN_SHELL('',(#14065));
#14065 = ADVANCED_FACE('',(#14066,#14216,#14286),#14371,.T.);
#14066 = FACE_BOUND('',#14067,.F.);
#14067 = EDGE_LOOP('',(#14068,#14079,#14087,#14095,#14103,#14111,#14119,
    #14127,#14136,#14144,#14153,#14161,#14170,#14178,#14186,#14194,
    #14202,#14210));
#14068 = ORIENTED_EDGE('',*,*,#14069,.T.);
#14069 = EDGE_CURVE('',#14070,#14072,#14074,.T.);
#14070 = VERTEX_POINT('',#14071);
#14071 = CARTESIAN_POINT('',(196.769683,-77.93932,1.585));
#14072 = VERTEX_POINT('',#14073);
#14073 = CARTESIAN_POINT('',(197.237759,-77.944686,1.585));
#14074 = CIRCLE('',#14075,0.397581403297);
#14075 = AXIS2_PLACEMENT_3D('',#14076,#14077,#14078);
#14076 = CARTESIAN_POINT('',(197.00003687062,-78.26336948161,1.585));
#14077 = DIRECTION('',(0.,0.,-1.));
#14078 = DIRECTION('',(-0.579387940978,0.815051908684,0.));
#14079 = ORIENTED_EDGE('',*,*,#14080,.T.);
#14080 = EDGE_CURVE('',#14072,#14081,#14083,.T.);
#14081 = VERTEX_POINT('',#14082);
#14082 = CARTESIAN_POINT('',(197.301212,-78.010216,1.585));
#14083 = LINE('',#14084,#14085);
#14084 = CARTESIAN_POINT('',(197.237759,-77.944686,1.585));
#14085 = VECTOR('',#14086,1.);
#14086 = DIRECTION('',(0.695630129574,-0.718400113328,0.));
#14087 = ORIENTED_EDGE('',*,*,#14088,.T.);
#14088 = EDGE_CURVE('',#14081,#14089,#14091,.T.);
#14089 = VERTEX_POINT('',#14090);
#14090 = CARTESIAN_POINT('',(197.359273,-78.130663,1.585));
#14091 = LINE('',#14092,#14093);
#14092 = CARTESIAN_POINT('',(197.301212,-78.010216,1.585));
#14093 = VECTOR('',#14094,1.);
#14094 = DIRECTION('',(0.434228424707,-0.900802794831,0.));
#14095 = ORIENTED_EDGE('',*,*,#14096,.T.);
#14096 = EDGE_CURVE('',#14089,#14097,#14099,.T.);
#14097 = VERTEX_POINT('',#14098);
#14098 = CARTESIAN_POINT('',(197.358051,-78.212724,1.585));
#14099 = LINE('',#14100,#14101);
#14100 = CARTESIAN_POINT('',(197.359273,-78.130663,1.585));
#14101 = VECTOR('',#14102,1.);
#14102 = DIRECTION('',(-1.488971047975E-02,-0.999889142116,0.));
#14103 = ORIENTED_EDGE('',*,*,#14104,.T.);
#14104 = EDGE_CURVE('',#14097,#14105,#14107,.T.);
#14105 = VERTEX_POINT('',#14106);
#14106 = CARTESIAN_POINT('',(197.295846,-78.335435,1.585));
#14107 = LINE('',#14108,#14109);
#14108 = CARTESIAN_POINT('',(197.358051,-78.212724,1.585));
#14109 = VECTOR('',#14110,1.);
#14110 = DIRECTION('',(-0.452146551539,-0.891943661859,0.));
#14111 = ORIENTED_EDGE('',*,*,#14112,.T.);
#14112 = EDGE_CURVE('',#14105,#14113,#14115,.T.);
#14113 = VERTEX_POINT('',#14114);
#14114 = CARTESIAN_POINT('',(197.248923,-78.38339,1.585));
#14115 = LINE('',#14116,#14117);
#14116 = CARTESIAN_POINT('',(197.295846,-78.335435,1.585));
#14117 = VECTOR('',#14118,1.);
#14118 = DIRECTION('',(-0.699374120429,-0.714755790234,0.));
#14119 = ORIENTED_EDGE('',*,*,#14120,.T.);
#14120 = EDGE_CURVE('',#14113,#14121,#14123,.T.);
#14121 = VERTEX_POINT('',#14122);
#14122 = CARTESIAN_POINT('',(197.305177,-78.445087,1.585));
#14123 = LINE('',#14124,#14125);
#14124 = CARTESIAN_POINT('',(197.248923,-78.38339,1.585));
#14125 = VECTOR('',#14126,1.);
#14126 = DIRECTION('',(0.673759436039,-0.738950757729,0.));
#14127 = ORIENTED_EDGE('',*,*,#14128,.T.);
#14128 = EDGE_CURVE('',#14121,#14129,#14131,.T.);
#14129 = VERTEX_POINT('',#14130);
#14130 = CARTESIAN_POINT('',(197.295846,-78.906863,1.585));
#14131 = CIRCLE('',#14132,0.395774657874);
#14132 = AXIS2_PLACEMENT_3D('',#14133,#14134,#14135);
#14133 = CARTESIAN_POINT('',(196.97916374421,-78.66948160079,1.585));
#14134 = DIRECTION('',(0.,0.,-1.));
#14135 = DIRECTION('',(0.823734540094,0.566975667428,0.));
#14136 = ORIENTED_EDGE('',*,*,#14137,.T.);
#14137 = EDGE_CURVE('',#14129,#14138,#14140,.T.);
#14138 = VERTEX_POINT('',#14139);
#14139 = CARTESIAN_POINT('',(197.230316,-78.970317,1.585));
#14140 = LINE('',#14141,#14142);
#14141 = CARTESIAN_POINT('',(197.295846,-78.906863,1.585));
#14142 = VECTOR('',#14143,1.);
#14143 = DIRECTION('',(-0.718394634729,-0.695635787458,0.));
#14144 = ORIENTED_EDGE('',*,*,#14145,.T.);
#14145 = EDGE_CURVE('',#14138,#14146,#14148,.T.);
#14146 = VERTEX_POINT('',#14147);
#14147 = CARTESIAN_POINT('',(196.762239,-78.96495,1.585));
#14148 = CIRCLE('',#14149,0.397464151365);
#14149 = AXIS2_PLACEMENT_3D('',#14150,#14151,#14152);
#14150 = CARTESIAN_POINT('',(196.99996064058,-78.64641244614,1.585));
#14151 = DIRECTION('',(-0.,0.,-1.));
#14152 = DIRECTION('',(0.579562606145,-0.814927717996,-0.));
#14153 = ORIENTED_EDGE('',*,*,#14154,.T.);
#14154 = EDGE_CURVE('',#14146,#14155,#14157,.T.);
#14155 = VERTEX_POINT('',#14156);
#14156 = CARTESIAN_POINT('',(196.698786,-78.899417,1.585));
#14157 = LINE('',#14158,#14159);
#14158 = CARTESIAN_POINT('',(196.762239,-78.96495,1.585));
#14159 = VECTOR('',#14160,1.);
#14160 = DIRECTION('',(-0.695613693927,0.718416027676,0.));
#14161 = ORIENTED_EDGE('',*,*,#14162,.T.);
#14162 = EDGE_CURVE('',#14155,#14163,#14165,.T.);
#14163 = VERTEX_POINT('',#14164);
#14164 = CARTESIAN_POINT('',(196.704153,-78.431344,1.585));
#14165 = CIRCLE('',#14166,0.397465551155);
#14166 = AXIS2_PLACEMENT_3D('',#14167,#14168,#14169);
#14167 = CARTESIAN_POINT('',(197.02269374227,-78.66906370862,1.585));
#14168 = DIRECTION('',(0.,0.,-1.));
#14169 = DIRECTION('',(-0.814932869863,-0.579555361995,-0.));
#14170 = ORIENTED_EDGE('',*,*,#14171,.T.);
#14171 = EDGE_CURVE('',#14163,#14172,#14174,.T.);
#14172 = VERTEX_POINT('',#14173);
#14173 = CARTESIAN_POINT('',(196.751077,-78.38339,1.585));
#14174 = LINE('',#14175,#14176);
#14175 = CARTESIAN_POINT('',(196.704153,-78.431344,1.585));
#14176 = VECTOR('',#14177,1.);
#14177 = DIRECTION('',(0.699389185334,0.714741049218,0.));
#14178 = ORIENTED_EDGE('',*,*,#14179,.T.);
#14179 = EDGE_CURVE('',#14172,#14180,#14182,.T.);
#14180 = VERTEX_POINT('',#14181);
#14181 = CARTESIAN_POINT('',(196.694823,-78.321693,1.585));
#14182 = LINE('',#14183,#14184);
#14183 = CARTESIAN_POINT('',(196.751077,-78.38339,1.585));
#14184 = VECTOR('',#14185,1.);
#14185 = DIRECTION('',(-0.673759436039,0.738950757729,0.));
#14186 = ORIENTED_EDGE('',*,*,#14187,.T.);
#14187 = EDGE_CURVE('',#14180,#14188,#14190,.T.);
#14188 = VERTEX_POINT('',#14189);
#14189 = CARTESIAN_POINT('',(196.640727,-78.207546,1.585));
#14190 = LINE('',#14191,#14192);
#14191 = CARTESIAN_POINT('',(196.694823,-78.321693,1.585));
#14192 = VECTOR('',#14193,1.);
#14193 = DIRECTION('',(-0.428256830769,0.903657062662,0.));
#14194 = ORIENTED_EDGE('',*,*,#14195,.T.);
#14195 = EDGE_CURVE('',#14188,#14196,#14198,.T.);
#14196 = VERTEX_POINT('',#14197);
#14197 = CARTESIAN_POINT('',(196.641949,-78.125486,1.585));
#14198 = LINE('',#14199,#14200);
#14199 = CARTESIAN_POINT('',(196.640727,-78.207546,1.585));
#14200 = VECTOR('',#14201,1.);
#14201 = DIRECTION('',(1.488989188859E-02,0.999889139415,0.));
#14202 = ORIENTED_EDGE('',*,*,#14203,.T.);
#14203 = EDGE_CURVE('',#14196,#14204,#14206,.T.);
#14204 = VERTEX_POINT('',#14205);
#14205 = CARTESIAN_POINT('',(196.704153,-78.002773,1.585));
#14206 = LINE('',#14207,#14208);
#14207 = CARTESIAN_POINT('',(196.641949,-78.125486,1.585));
#14208 = VECTOR('',#14209,1.);
#14209 = DIRECTION('',(0.4521349062,0.891949565052,0.));
#14210 = ORIENTED_EDGE('',*,*,#14211,.T.);
#14211 = EDGE_CURVE('',#14204,#14070,#14212,.T.);
#14212 = LINE('',#14213,#14214);
#14213 = CARTESIAN_POINT('',(196.704153,-78.002773,1.585));
#14214 = VECTOR('',#14215,1.);
#14215 = DIRECTION('',(0.718400113327,0.695630129574,0.));
#14216 = FACE_BOUND('',#14217,.F.);
#14217 = EDGE_LOOP('',(#14218,#14229,#14237,#14246,#14254,#14263,#14271,
    #14280));
#14218 = ORIENTED_EDGE('',*,*,#14219,.T.);
#14219 = EDGE_CURVE('',#14220,#14222,#14224,.T.);
#14220 = VERTEX_POINT('',#14221);
#14221 = CARTESIAN_POINT('',(197.146049,-78.492648,1.585));
#14222 = VERTEX_POINT('',#14223);
#14223 = CARTESIAN_POINT('',(196.853951,-78.492648,1.585));
#14224 = CIRCLE('',#14225,0.252889603602);
#14225 = AXIS2_PLACEMENT_3D('',#14226,#14227,#14228);
#14226 = CARTESIAN_POINT('',(197.,-78.699101,1.585));
#14227 = DIRECTION('',(0.,0.,1.));
#14228 = DIRECTION('',(0.577520775547,0.816375988018,-0.));
#14229 = ORIENTED_EDGE('',*,*,#14230,.T.);
#14230 = EDGE_CURVE('',#14222,#14231,#14233,.T.);
#14231 = VERTEX_POINT('',#14232);
#14232 = CARTESIAN_POINT('',(196.823544,-78.523055,1.585));
#14233 = LINE('',#14234,#14235);
#14234 = CARTESIAN_POINT('',(196.853951,-78.492648,1.585));
#14235 = VECTOR('',#14236,1.);
#14236 = DIRECTION('',(-0.707106781187,-0.707106781187,0.));
#14237 = ORIENTED_EDGE('',*,*,#14238,.T.);
#14238 = EDGE_CURVE('',#14231,#14239,#14241,.T.);
#14239 = VERTEX_POINT('',#14240);
#14240 = CARTESIAN_POINT('',(196.823544,-78.815153,1.585));
#14241 = CIRCLE('',#14242,0.252889603602);
#14242 = AXIS2_PLACEMENT_3D('',#14243,#14244,#14245);
#14243 = CARTESIAN_POINT('',(197.029997,-78.669104,1.585));
#14244 = DIRECTION('',(0.,0.,1.));
#14245 = DIRECTION('',(-0.816375988018,0.577520775547,0.));
#14246 = ORIENTED_EDGE('',*,*,#14247,.T.);
#14247 = EDGE_CURVE('',#14239,#14248,#14250,.T.);
#14248 = VERTEX_POINT('',#14249);
#14249 = CARTESIAN_POINT('',(196.853951,-78.845561,1.585));
#14250 = LINE('',#14251,#14252);
#14251 = CARTESIAN_POINT('',(196.823544,-78.815153,1.585));
#14252 = VECTOR('',#14253,1.);
#14253 = DIRECTION('',(0.707095153914,-0.707118408268,0.));
#14254 = ORIENTED_EDGE('',*,*,#14255,.T.);
#14255 = EDGE_CURVE('',#14248,#14256,#14258,.T.);
#14256 = VERTEX_POINT('',#14257);
#14257 = CARTESIAN_POINT('',(197.146048,-78.845561,1.585));
#14258 = CIRCLE('',#14259,0.252888498466);
#14259 = AXIS2_PLACEMENT_3D('',#14260,#14261,#14262);
#14260 = CARTESIAN_POINT('',(196.9999995,-78.639109,1.585));
#14261 = DIRECTION('',(0.,0.,1.));
#14262 = DIRECTION('',(-0.577521322188,-0.816375601313,0.));
#14263 = ORIENTED_EDGE('',*,*,#14264,.T.);
#14264 = EDGE_CURVE('',#14256,#14265,#14267,.T.);
#14265 = VERTEX_POINT('',#14266);
#14266 = CARTESIAN_POINT('',(197.176455,-78.815153,1.585));
#14267 = LINE('',#14268,#14269);
#14268 = CARTESIAN_POINT('',(197.146048,-78.845561,1.585));
#14269 = VECTOR('',#14270,1.);
#14270 = DIRECTION('',(0.707095153914,0.707118408268,0.));
#14271 = ORIENTED_EDGE('',*,*,#14272,.T.);
#14272 = EDGE_CURVE('',#14265,#14273,#14275,.T.);
#14273 = VERTEX_POINT('',#14274);
#14274 = CARTESIAN_POINT('',(197.176456,-78.523055,1.585));
#14275 = CIRCLE('',#14276,0.252885429722);
#14276 = AXIS2_PLACEMENT_3D('',#14277,#14278,#14279);
#14277 = CARTESIAN_POINT('',(196.97000761271,-78.66910329322,1.585));
#14278 = DIRECTION('',(0.,-0.,1.));
#14279 = DIRECTION('',(0.816367267624,-0.577533102387,-0.));
#14280 = ORIENTED_EDGE('',*,*,#14281,.T.);
#14281 = EDGE_CURVE('',#14273,#14220,#14282,.T.);
#14282 = LINE('',#14283,#14284);
#14283 = CARTESIAN_POINT('',(197.176456,-78.523055,1.585));
#14284 = VECTOR('',#14285,1.);
#14285 = DIRECTION('',(-0.707106781187,0.707106781187,0.));
#14286 = FACE_BOUND('',#14287,.F.);
#14287 = EDGE_LOOP('',(#14288,#14299,#14307,#14315,#14323,#14332,#14340,
    #14349,#14357,#14365));
#14288 = ORIENTED_EDGE('',*,*,#14289,.T.);
#14289 = EDGE_CURVE('',#14290,#14292,#14294,.T.);
#14290 = VERTEX_POINT('',#14291);
#14291 = CARTESIAN_POINT('',(197.146049,-78.064077,1.585));
#14292 = VERTEX_POINT('',#14293);
#14293 = CARTESIAN_POINT('',(196.853951,-78.064077,1.585));
#14294 = CIRCLE('',#14295,0.252889603602);
#14295 = AXIS2_PLACEMENT_3D('',#14296,#14297,#14298);
#14296 = CARTESIAN_POINT('',(197.,-78.27053,1.585));
#14297 = DIRECTION('',(0.,0.,1.));
#14298 = DIRECTION('',(0.577520775547,0.816375988018,-0.));
#14299 = ORIENTED_EDGE('',*,*,#14300,.T.);
#14300 = EDGE_CURVE('',#14292,#14301,#14303,.T.);
#14301 = VERTEX_POINT('',#14302);
#14302 = CARTESIAN_POINT('',(196.823544,-78.094484,1.585));
#14303 = LINE('',#14304,#14305);
#14304 = CARTESIAN_POINT('',(196.853951,-78.064077,1.585));
#14305 = VECTOR('',#14306,1.);
#14306 = DIRECTION('',(-0.707106781187,-0.707106781187,0.));
#14307 = ORIENTED_EDGE('',*,*,#14308,.T.);
#14308 = EDGE_CURVE('',#14301,#14309,#14311,.T.);
#14309 = VERTEX_POINT('',#14310);
#14310 = CARTESIAN_POINT('',(196.789286,-78.163,1.585));
#14311 = LINE('',#14312,#14313);
#14312 = CARTESIAN_POINT('',(196.823544,-78.094484,1.585));
#14313 = VECTOR('',#14314,1.);
#14314 = DIRECTION('',(-0.4472135955,-0.894427191,0.));
#14315 = ORIENTED_EDGE('',*,*,#14316,.T.);
#14316 = EDGE_CURVE('',#14309,#14317,#14319,.T.);
#14317 = VERTEX_POINT('',#14318);
#14318 = CARTESIAN_POINT('',(196.789286,-78.175209,1.585));
#14319 = LINE('',#14320,#14321);
#14320 = CARTESIAN_POINT('',(196.789286,-78.163,1.585));
#14321 = VECTOR('',#14322,1.);
#14322 = DIRECTION('',(0.,-1.,0.));
#14323 = ORIENTED_EDGE('',*,*,#14324,.T.);
#14324 = EDGE_CURVE('',#14317,#14325,#14327,.T.);
#14325 = VERTEX_POINT('',#14326);
#14326 = CARTESIAN_POINT('',(196.922467,-78.30839,1.585));
#14327 = CIRCLE('',#14328,0.18686440374);
#14328 = AXIS2_PLACEMENT_3D('',#14329,#14330,#14331);
#14329 = CARTESIAN_POINT('',(196.970003,-78.127673,1.585));
#14330 = DIRECTION('',(0.,0.,1.));
#14331 = DIRECTION('',(-0.967102328658,-0.254387668537,0.));
#14332 = ORIENTED_EDGE('',*,*,#14333,.T.);
#14333 = EDGE_CURVE('',#14325,#14334,#14336,.T.);
#14334 = VERTEX_POINT('',#14335);
#14335 = CARTESIAN_POINT('',(197.077533,-78.30839,1.585));
#14336 = LINE('',#14337,#14338);
#14337 = CARTESIAN_POINT('',(196.922467,-78.30839,1.585));
#14338 = VECTOR('',#14339,1.);
#14339 = DIRECTION('',(1.,0.,0.));
#14340 = ORIENTED_EDGE('',*,*,#14341,.T.);
#14341 = EDGE_CURVE('',#14334,#14342,#14344,.T.);
#14342 = VERTEX_POINT('',#14343);
#14343 = CARTESIAN_POINT('',(197.210714,-78.175209,1.585));
#14344 = CIRCLE('',#14345,0.18686440374);
#14345 = AXIS2_PLACEMENT_3D('',#14346,#14347,#14348);
#14346 = CARTESIAN_POINT('',(197.029997,-78.127673,1.585));
#14347 = DIRECTION('',(0.,0.,1.));
#14348 = DIRECTION('',(0.254387668538,-0.967102328658,0.));
#14349 = ORIENTED_EDGE('',*,*,#14350,.T.);
#14350 = EDGE_CURVE('',#14342,#14351,#14353,.T.);
#14351 = VERTEX_POINT('',#14352);
#14352 = CARTESIAN_POINT('',(197.210714,-78.163,1.585));
#14353 = LINE('',#14354,#14355);
#14354 = CARTESIAN_POINT('',(197.210714,-78.175209,1.585));
#14355 = VECTOR('',#14356,1.);
#14356 = DIRECTION('',(0.,1.,0.));
#14357 = ORIENTED_EDGE('',*,*,#14358,.T.);
#14358 = EDGE_CURVE('',#14351,#14359,#14361,.T.);
#14359 = VERTEX_POINT('',#14360);
#14360 = CARTESIAN_POINT('',(197.176456,-78.094484,1.585));
#14361 = LINE('',#14362,#14363);
#14362 = CARTESIAN_POINT('',(197.210714,-78.163,1.585));
#14363 = VECTOR('',#14364,1.);
#14364 = DIRECTION('',(-0.4472135955,0.894427191,0.));
#14365 = ORIENTED_EDGE('',*,*,#14366,.T.);
#14366 = EDGE_CURVE('',#14359,#14290,#14367,.T.);
#14367 = LINE('',#14368,#14369);
#14368 = CARTESIAN_POINT('',(197.176456,-78.094484,1.585));
#14369 = VECTOR('',#14370,1.);
#14370 = DIRECTION('',(-0.707106781187,0.707106781187,0.));
#14371 = PLANE('',#14372);
#14372 = AXIS2_PLACEMENT_3D('',#14373,#14374,#14375);
#14373 = CARTESIAN_POINT('',(0.,0.,1.585));
#14374 = DIRECTION('',(0.,0.,1.));
#14375 = DIRECTION('',(1.,0.,-0.));
#14376 = SHELL_BASED_SURFACE_MODEL('',(#14377));
#14377 = OPEN_SHELL('',(#14378));
#14378 = ADVANCED_FACE('',(#14379),#14423,.T.);
#14379 = FACE_BOUND('',#14380,.F.);
#14380 = EDGE_LOOP('',(#14381,#14392,#14400,#14409,#14417));
#14381 = ORIENTED_EDGE('',*,*,#14382,.T.);
#14382 = EDGE_CURVE('',#14383,#14385,#14387,.T.);
#14383 = VERTEX_POINT('',#14384);
#14384 = CARTESIAN_POINT('',(193.034567,-74.824975,1.585));
#14385 = VERTEX_POINT('',#14386);
#14386 = CARTESIAN_POINT('',(193.15,-74.847936,1.585));
#14387 = CIRCLE('',#14388,6.000007318647E-02);
#14388 = AXIS2_PLACEMENT_3D('',#14389,#14390,#14391);
#14389 = CARTESIAN_POINT('',(193.08999992681,-74.84793582331,1.585));
#14390 = DIRECTION('',(0.,0.,-1.));
#14391 = DIRECTION('',(-0.923880986637,0.382679921777,0.));
#14392 = ORIENTED_EDGE('',*,*,#14393,.T.);
#14393 = EDGE_CURVE('',#14385,#14394,#14396,.T.);
#14394 = VERTEX_POINT('',#14395);
#14395 = CARTESIAN_POINT('',(193.15,-76.302064,1.585));
#14396 = LINE('',#14397,#14398);
#14397 = CARTESIAN_POINT('',(193.15,-74.847936,1.585));
#14398 = VECTOR('',#14399,1.);
#14399 = DIRECTION('',(0.,-1.,0.));
#14400 = ORIENTED_EDGE('',*,*,#14401,.T.);
#14401 = EDGE_CURVE('',#14394,#14402,#14404,.T.);
#14402 = VERTEX_POINT('',#14403);
#14403 = CARTESIAN_POINT('',(193.03,-76.302064,1.585));
#14404 = CIRCLE('',#14405,6.000000000043E-02);
#14405 = AXIS2_PLACEMENT_3D('',#14406,#14407,#14408);
#14406 = CARTESIAN_POINT('',(193.09,-76.30206422558,1.585));
#14407 = DIRECTION('',(0.,0.,-1.));
#14408 = DIRECTION('',(0.999999999993,3.759794016836E-06,0.));
#14409 = ORIENTED_EDGE('',*,*,#14410,.T.);
#14410 = EDGE_CURVE('',#14402,#14411,#14413,.T.);
#14411 = VERTEX_POINT('',#14412);
#14412 = CARTESIAN_POINT('',(193.03,-74.847936,1.585));
#14413 = LINE('',#14414,#14415);
#14414 = CARTESIAN_POINT('',(193.03,-76.302064,1.585));
#14415 = VECTOR('',#14416,1.);
#14416 = DIRECTION('',(0.,1.,0.));
#14417 = ORIENTED_EDGE('',*,*,#14418,.T.);
#14418 = EDGE_CURVE('',#14411,#14383,#14419,.T.);
#14419 = LINE('',#14420,#14421);
#14420 = CARTESIAN_POINT('',(193.03,-74.847936,1.585));
#14421 = VECTOR('',#14422,1.);
#14422 = DIRECTION('',(0.195081000118,0.980787134598,0.));
#14423 = PLANE('',#14424);
#14424 = AXIS2_PLACEMENT_3D('',#14425,#14426,#14427);
#14425 = CARTESIAN_POINT('',(0.,0.,1.585));
#14426 = DIRECTION('',(0.,0.,1.));
#14427 = DIRECTION('',(1.,0.,-0.));
#14428 = SHELL_BASED_SURFACE_MODEL('',(#14429));
#14429 = OPEN_SHELL('',(#14430));
#14430 = ADVANCED_FACE('',(#14431),#14475,.T.);
#14431 = FACE_BOUND('',#14432,.F.);
#14432 = EDGE_LOOP('',(#14433,#14444,#14452,#14461,#14469));
#14433 = ORIENTED_EDGE('',*,*,#14434,.T.);
#14434 = EDGE_CURVE('',#14435,#14437,#14439,.T.);
#14435 = VERTEX_POINT('',#14436);
#14436 = CARTESIAN_POINT('',(194.854567,-74.824975,1.585));
#14437 = VERTEX_POINT('',#14438);
#14438 = CARTESIAN_POINT('',(194.97,-74.847936,1.585));
#14439 = CIRCLE('',#14440,6.000007318647E-02);
#14440 = AXIS2_PLACEMENT_3D('',#14441,#14442,#14443);
#14441 = CARTESIAN_POINT('',(194.90999992681,-74.84793582331,1.585));
#14442 = DIRECTION('',(0.,0.,-1.));
#14443 = DIRECTION('',(-0.923880986637,0.382679921777,0.));
#14444 = ORIENTED_EDGE('',*,*,#14445,.T.);
#14445 = EDGE_CURVE('',#14437,#14446,#14448,.T.);
#14446 = VERTEX_POINT('',#14447);
#14447 = CARTESIAN_POINT('',(194.97,-76.302064,1.585));
#14448 = LINE('',#14449,#14450);
#14449 = CARTESIAN_POINT('',(194.97,-74.847936,1.585));
#14450 = VECTOR('',#14451,1.);
#14451 = DIRECTION('',(0.,-1.,0.));
#14452 = ORIENTED_EDGE('',*,*,#14453,.T.);
#14453 = EDGE_CURVE('',#14446,#14454,#14456,.T.);
#14454 = VERTEX_POINT('',#14455);
#14455 = CARTESIAN_POINT('',(194.85,-76.302064,1.585));
#14456 = CIRCLE('',#14457,6.000000000043E-02);
#14457 = AXIS2_PLACEMENT_3D('',#14458,#14459,#14460);
#14458 = CARTESIAN_POINT('',(194.91,-76.30206422558,1.585));
#14459 = DIRECTION('',(0.,0.,-1.));
#14460 = DIRECTION('',(0.999999999993,3.759794016836E-06,0.));
#14461 = ORIENTED_EDGE('',*,*,#14462,.T.);
#14462 = EDGE_CURVE('',#14454,#14463,#14465,.T.);
#14463 = VERTEX_POINT('',#14464);
#14464 = CARTESIAN_POINT('',(194.85,-74.847936,1.585));
#14465 = LINE('',#14466,#14467);
#14466 = CARTESIAN_POINT('',(194.85,-76.302064,1.585));
#14467 = VECTOR('',#14468,1.);
#14468 = DIRECTION('',(0.,1.,0.));
#14469 = ORIENTED_EDGE('',*,*,#14470,.T.);
#14470 = EDGE_CURVE('',#14463,#14435,#14471,.T.);
#14471 = LINE('',#14472,#14473);
#14472 = CARTESIAN_POINT('',(194.85,-74.847936,1.585));
#14473 = VECTOR('',#14474,1.);
#14474 = DIRECTION('',(0.195081000118,0.980787134598,0.));
#14475 = PLANE('',#14476);
#14476 = AXIS2_PLACEMENT_3D('',#14477,#14478,#14479);
#14477 = CARTESIAN_POINT('',(0.,0.,1.585));
#14478 = DIRECTION('',(0.,0.,1.));
#14479 = DIRECTION('',(1.,0.,-0.));
#14480 = SHELL_BASED_SURFACE_MODEL('',(#14481));
#14481 = OPEN_SHELL('',(#14482));
#14482 = ADVANCED_FACE('',(#14483),#14527,.T.);
#14483 = FACE_BOUND('',#14484,.F.);
#14484 = EDGE_LOOP('',(#14485,#14496,#14504,#14513,#14521));
#14485 = ORIENTED_EDGE('',*,*,#14486,.T.);
#14486 = EDGE_CURVE('',#14487,#14489,#14491,.T.);
#14487 = VERTEX_POINT('',#14488);
#14488 = CARTESIAN_POINT('',(190.534567,-74.787475,1.585));
#14489 = VERTEX_POINT('',#14490);
#14490 = CARTESIAN_POINT('',(190.65,-74.810436,1.585));
#14491 = CIRCLE('',#14492,6.000007318647E-02);
#14492 = AXIS2_PLACEMENT_3D('',#14493,#14494,#14495);
#14493 = CARTESIAN_POINT('',(190.58999992681,-74.81043582331,1.585));
#14494 = DIRECTION('',(0.,0.,-1.));
#14495 = DIRECTION('',(-0.923880986637,0.382679921777,0.));
#14496 = ORIENTED_EDGE('',*,*,#14497,.T.);
#14497 = EDGE_CURVE('',#14489,#14498,#14500,.T.);
#14498 = VERTEX_POINT('',#14499);
#14499 = CARTESIAN_POINT('',(190.65,-76.264564,1.585));
#14500 = LINE('',#14501,#14502);
#14501 = CARTESIAN_POINT('',(190.65,-74.810436,1.585));
#14502 = VECTOR('',#14503,1.);
#14503 = DIRECTION('',(0.,-1.,0.));
#14504 = ORIENTED_EDGE('',*,*,#14505,.T.);
#14505 = EDGE_CURVE('',#14498,#14506,#14508,.T.);
#14506 = VERTEX_POINT('',#14507);
#14507 = CARTESIAN_POINT('',(190.53,-76.264564,1.585));
#14508 = CIRCLE('',#14509,6.000000000042E-02);
#14509 = AXIS2_PLACEMENT_3D('',#14510,#14511,#14512);
#14510 = CARTESIAN_POINT('',(190.59,-76.26456422558,1.585));
#14511 = DIRECTION('',(0.,0.,-1.));
#14512 = DIRECTION('',(0.999999999993,3.759794490531E-06,0.));
#14513 = ORIENTED_EDGE('',*,*,#14514,.T.);
#14514 = EDGE_CURVE('',#14506,#14515,#14517,.T.);
#14515 = VERTEX_POINT('',#14516);
#14516 = CARTESIAN_POINT('',(190.53,-74.810436,1.585));
#14517 = LINE('',#14518,#14519);
#14518 = CARTESIAN_POINT('',(190.53,-76.264564,1.585));
#14519 = VECTOR('',#14520,1.);
#14520 = DIRECTION('',(0.,1.,0.));
#14521 = ORIENTED_EDGE('',*,*,#14522,.T.);
#14522 = EDGE_CURVE('',#14515,#14487,#14523,.T.);
#14523 = LINE('',#14524,#14525);
#14524 = CARTESIAN_POINT('',(190.53,-74.810436,1.585));
#14525 = VECTOR('',#14526,1.);
#14526 = DIRECTION('',(0.195081000118,0.980787134598,0.));
#14527 = PLANE('',#14528);
#14528 = AXIS2_PLACEMENT_3D('',#14529,#14530,#14531);
#14529 = CARTESIAN_POINT('',(0.,0.,1.585));
#14530 = DIRECTION('',(0.,0.,1.));
#14531 = DIRECTION('',(1.,0.,-0.));
#14532 = SHELL_BASED_SURFACE_MODEL('',(#14533));
#14533 = OPEN_SHELL('',(#14534));
#14534 = ADVANCED_FACE('',(#14535),#14579,.T.);
#14535 = FACE_BOUND('',#14536,.F.);
#14536 = EDGE_LOOP('',(#14537,#14548,#14556,#14565,#14573));
#14537 = ORIENTED_EDGE('',*,*,#14538,.T.);
#14538 = EDGE_CURVE('',#14539,#14541,#14543,.T.);
#14539 = VERTEX_POINT('',#14540);
#14540 = CARTESIAN_POINT('',(192.354567,-74.787475,1.585));
#14541 = VERTEX_POINT('',#14542);
#14542 = CARTESIAN_POINT('',(192.47,-74.810436,1.585));
#14543 = CIRCLE('',#14544,6.000007318647E-02);
#14544 = AXIS2_PLACEMENT_3D('',#14545,#14546,#14547);
#14545 = CARTESIAN_POINT('',(192.40999992681,-74.81043582331,1.585));
#14546 = DIRECTION('',(0.,0.,-1.));
#14547 = DIRECTION('',(-0.923880986637,0.382679921777,0.));
#14548 = ORIENTED_EDGE('',*,*,#14549,.T.);
#14549 = EDGE_CURVE('',#14541,#14550,#14552,.T.);
#14550 = VERTEX_POINT('',#14551);
#14551 = CARTESIAN_POINT('',(192.47,-76.264564,1.585));
#14552 = LINE('',#14553,#14554);
#14553 = CARTESIAN_POINT('',(192.47,-74.810436,1.585));
#14554 = VECTOR('',#14555,1.);
#14555 = DIRECTION('',(0.,-1.,0.));
#14556 = ORIENTED_EDGE('',*,*,#14557,.T.);
#14557 = EDGE_CURVE('',#14550,#14558,#14560,.T.);
#14558 = VERTEX_POINT('',#14559);
#14559 = CARTESIAN_POINT('',(192.35,-76.264564,1.585));
#14560 = CIRCLE('',#14561,6.000000000042E-02);
#14561 = AXIS2_PLACEMENT_3D('',#14562,#14563,#14564);
#14562 = CARTESIAN_POINT('',(192.41,-76.26456422558,1.585));
#14563 = DIRECTION('',(0.,0.,-1.));
#14564 = DIRECTION('',(0.999999999993,3.759794490531E-06,0.));
#14565 = ORIENTED_EDGE('',*,*,#14566,.T.);
#14566 = EDGE_CURVE('',#14558,#14567,#14569,.T.);
#14567 = VERTEX_POINT('',#14568);
#14568 = CARTESIAN_POINT('',(192.35,-74.810436,1.585));
#14569 = LINE('',#14570,#14571);
#14570 = CARTESIAN_POINT('',(192.35,-76.264564,1.585));
#14571 = VECTOR('',#14572,1.);
#14572 = DIRECTION('',(0.,1.,0.));
#14573 = ORIENTED_EDGE('',*,*,#14574,.T.);
#14574 = EDGE_CURVE('',#14567,#14539,#14575,.T.);
#14575 = LINE('',#14576,#14577);
#14576 = CARTESIAN_POINT('',(192.35,-74.810436,1.585));
#14577 = VECTOR('',#14578,1.);
#14578 = DIRECTION('',(0.195081000118,0.980787134598,0.));
#14579 = PLANE('',#14580);
#14580 = AXIS2_PLACEMENT_3D('',#14581,#14582,#14583);
#14581 = CARTESIAN_POINT('',(0.,0.,1.585));
#14582 = DIRECTION('',(0.,0.,1.));
#14583 = DIRECTION('',(1.,0.,-0.));
#14584 = SHELL_BASED_SURFACE_MODEL('',(#14585));
#14585 = OPEN_SHELL('',(#14586));
#14586 = ADVANCED_FACE('',(#14587),#14631,.T.);
#14587 = FACE_BOUND('',#14588,.F.);
#14588 = EDGE_LOOP('',(#14589,#14600,#14608,#14617,#14625));
#14589 = ORIENTED_EDGE('',*,*,#14590,.T.);
#14590 = EDGE_CURVE('',#14591,#14593,#14595,.T.);
#14591 = VERTEX_POINT('',#14592);
#14592 = CARTESIAN_POINT('',(195.534567,-74.787475,1.585));
#14593 = VERTEX_POINT('',#14594);
#14594 = CARTESIAN_POINT('',(195.65,-74.810436,1.585));
#14595 = CIRCLE('',#14596,6.000007318647E-02);
#14596 = AXIS2_PLACEMENT_3D('',#14597,#14598,#14599);
#14597 = CARTESIAN_POINT('',(195.58999992681,-74.81043582331,1.585));
#14598 = DIRECTION('',(0.,0.,-1.));
#14599 = DIRECTION('',(-0.923880986637,0.382679921777,0.));
#14600 = ORIENTED_EDGE('',*,*,#14601,.T.);
#14601 = EDGE_CURVE('',#14593,#14602,#14604,.T.);
#14602 = VERTEX_POINT('',#14603);
#14603 = CARTESIAN_POINT('',(195.65,-76.264564,1.585));
#14604 = LINE('',#14605,#14606);
#14605 = CARTESIAN_POINT('',(195.65,-74.810436,1.585));
#14606 = VECTOR('',#14607,1.);
#14607 = DIRECTION('',(0.,-1.,0.));
#14608 = ORIENTED_EDGE('',*,*,#14609,.T.);
#14609 = EDGE_CURVE('',#14602,#14610,#14612,.T.);
#14610 = VERTEX_POINT('',#14611);
#14611 = CARTESIAN_POINT('',(195.53,-76.264564,1.585));
#14612 = CIRCLE('',#14613,6.000000000042E-02);
#14613 = AXIS2_PLACEMENT_3D('',#14614,#14615,#14616);
#14614 = CARTESIAN_POINT('',(195.59,-76.26456422558,1.585));
#14615 = DIRECTION('',(0.,0.,-1.));
#14616 = DIRECTION('',(0.999999999993,3.759794490531E-06,0.));
#14617 = ORIENTED_EDGE('',*,*,#14618,.T.);
#14618 = EDGE_CURVE('',#14610,#14619,#14621,.T.);
#14619 = VERTEX_POINT('',#14620);
#14620 = CARTESIAN_POINT('',(195.53,-74.810436,1.585));
#14621 = LINE('',#14622,#14623);
#14622 = CARTESIAN_POINT('',(195.53,-76.264564,1.585));
#14623 = VECTOR('',#14624,1.);
#14624 = DIRECTION('',(0.,1.,0.));
#14625 = ORIENTED_EDGE('',*,*,#14626,.T.);
#14626 = EDGE_CURVE('',#14619,#14591,#14627,.T.);
#14627 = LINE('',#14628,#14629);
#14628 = CARTESIAN_POINT('',(195.53,-74.810436,1.585));
#14629 = VECTOR('',#14630,1.);
#14630 = DIRECTION('',(0.195081000118,0.980787134598,0.));
#14631 = PLANE('',#14632);
#14632 = AXIS2_PLACEMENT_3D('',#14633,#14634,#14635);
#14633 = CARTESIAN_POINT('',(0.,0.,1.585));
#14634 = DIRECTION('',(0.,0.,1.));
#14635 = DIRECTION('',(1.,0.,-0.));
#14636 = SHELL_BASED_SURFACE_MODEL('',(#14637));
#14637 = OPEN_SHELL('',(#14638));
#14638 = ADVANCED_FACE('',(#14639),#14683,.T.);
#14639 = FACE_BOUND('',#14640,.F.);
#14640 = EDGE_LOOP('',(#14641,#14652,#14660,#14669,#14677));
#14641 = ORIENTED_EDGE('',*,*,#14642,.T.);
#14642 = EDGE_CURVE('',#14643,#14645,#14647,.T.);
#14643 = VERTEX_POINT('',#14644);
#14644 = CARTESIAN_POINT('',(197.354567,-74.787475,1.585));
#14645 = VERTEX_POINT('',#14646);
#14646 = CARTESIAN_POINT('',(197.47,-74.810436,1.585));
#14647 = CIRCLE('',#14648,6.000007318647E-02);
#14648 = AXIS2_PLACEMENT_3D('',#14649,#14650,#14651);
#14649 = CARTESIAN_POINT('',(197.40999992681,-74.81043582331,1.585));
#14650 = DIRECTION('',(0.,0.,-1.));
#14651 = DIRECTION('',(-0.923880986637,0.382679921777,0.));
#14652 = ORIENTED_EDGE('',*,*,#14653,.T.);
#14653 = EDGE_CURVE('',#14645,#14654,#14656,.T.);
#14654 = VERTEX_POINT('',#14655);
#14655 = CARTESIAN_POINT('',(197.47,-76.264564,1.585));
#14656 = LINE('',#14657,#14658);
#14657 = CARTESIAN_POINT('',(197.47,-74.810436,1.585));
#14658 = VECTOR('',#14659,1.);
#14659 = DIRECTION('',(0.,-1.,0.));
#14660 = ORIENTED_EDGE('',*,*,#14661,.T.);
#14661 = EDGE_CURVE('',#14654,#14662,#14664,.T.);
#14662 = VERTEX_POINT('',#14663);
#14663 = CARTESIAN_POINT('',(197.35,-76.264564,1.585));
#14664 = CIRCLE('',#14665,6.000000000042E-02);
#14665 = AXIS2_PLACEMENT_3D('',#14666,#14667,#14668);
#14666 = CARTESIAN_POINT('',(197.41,-76.26456422558,1.585));
#14667 = DIRECTION('',(0.,0.,-1.));
#14668 = DIRECTION('',(0.999999999993,3.759794490531E-06,0.));
#14669 = ORIENTED_EDGE('',*,*,#14670,.T.);
#14670 = EDGE_CURVE('',#14662,#14671,#14673,.T.);
#14671 = VERTEX_POINT('',#14672);
#14672 = CARTESIAN_POINT('',(197.35,-74.810436,1.585));
#14673 = LINE('',#14674,#14675);
#14674 = CARTESIAN_POINT('',(197.35,-76.264564,1.585));
#14675 = VECTOR('',#14676,1.);
#14676 = DIRECTION('',(0.,1.,0.));
#14677 = ORIENTED_EDGE('',*,*,#14678,.T.);
#14678 = EDGE_CURVE('',#14671,#14643,#14679,.T.);
#14679 = LINE('',#14680,#14681);
#14680 = CARTESIAN_POINT('',(197.35,-74.810436,1.585));
#14681 = VECTOR('',#14682,1.);
#14682 = DIRECTION('',(0.195081000118,0.980787134598,0.));
#14683 = PLANE('',#14684);
#14684 = AXIS2_PLACEMENT_3D('',#14685,#14686,#14687);
#14685 = CARTESIAN_POINT('',(0.,0.,1.585));
#14686 = DIRECTION('',(0.,0.,1.));
#14687 = DIRECTION('',(1.,0.,-0.));
#14688 = SHELL_BASED_SURFACE_MODEL('',(#14689));
#14689 = OPEN_SHELL('',(#14690));
#14690 = ADVANCED_FACE('',(#14691),#14751,.T.);
#14691 = FACE_BOUND('',#14692,.F.);
#14692 = EDGE_LOOP('',(#14693,#14704,#14712,#14720,#14728,#14736,#14745)
  );
#14693 = ORIENTED_EDGE('',*,*,#14694,.T.);
#14694 = EDGE_CURVE('',#14695,#14697,#14699,.T.);
#14695 = VERTEX_POINT('',#14696);
#14696 = CARTESIAN_POINT('',(186.21,-71.06,1.585));
#14697 = VERTEX_POINT('',#14698);
#14698 = CARTESIAN_POINT('',(186.30529,-71.011476,1.585));
#14699 = CIRCLE('',#14700,5.999960095073E-02);
#14700 = AXIS2_PLACEMENT_3D('',#14701,#14702,#14703);
#14701 = CARTESIAN_POINT('',(186.26999960094,-71.05999960094,1.585));
#14702 = DIRECTION('',(0.,0.,-1.));
#14703 = DIRECTION('',(-0.999999999978,-6.650887665409E-06,-0.));
#14704 = ORIENTED_EDGE('',*,*,#14705,.T.);
#14705 = EDGE_CURVE('',#14697,#14706,#14708,.T.);
#14706 = VERTEX_POINT('',#14707);
#14707 = CARTESIAN_POINT('',(186.63529,-71.251476,1.585));
#14708 = LINE('',#14709,#14710);
#14709 = CARTESIAN_POINT('',(186.30529,-71.011476,1.585));
#14710 = VECTOR('',#14711,1.);
#14711 = DIRECTION('',(0.808736084303,-0.588171697675,0.));
#14712 = ORIENTED_EDGE('',*,*,#14713,.T.);
#14713 = EDGE_CURVE('',#14706,#14714,#14716,.T.);
#14714 = VERTEX_POINT('',#14715);
#14715 = CARTESIAN_POINT('',(186.659266,-71.290642,1.585));
#14716 = LINE('',#14717,#14718);
#14717 = CARTESIAN_POINT('',(186.63529,-71.251476,1.585));
#14718 = VECTOR('',#14719,1.);
#14719 = DIRECTION('',(0.522103432673,-0.852882175679,0.));
#14720 = ORIENTED_EDGE('',*,*,#14721,.T.);
#14721 = EDGE_CURVE('',#14714,#14722,#14724,.T.);
#14722 = VERTEX_POINT('',#14723);
#14723 = CARTESIAN_POINT('',(186.648524,-71.33529,1.585));
#14724 = LINE('',#14725,#14726);
#14725 = CARTESIAN_POINT('',(186.659266,-71.290642,1.585));
#14726 = VECTOR('',#14727,1.);
#14727 = DIRECTION('',(-0.233918140202,-0.972256295266,0.));
#14728 = ORIENTED_EDGE('',*,*,#14729,.T.);
#14729 = EDGE_CURVE('',#14722,#14730,#14732,.T.);
#14730 = VERTEX_POINT('',#14731);
#14731 = CARTESIAN_POINT('',(186.30529,-71.588524,1.585));
#14732 = LINE('',#14733,#14734);
#14733 = CARTESIAN_POINT('',(186.648524,-71.33529,1.585));
#14734 = VECTOR('',#14735,1.);
#14735 = DIRECTION('',(-0.804692108267,-0.593692353743,0.));
#14736 = ORIENTED_EDGE('',*,*,#14737,.T.);
#14737 = EDGE_CURVE('',#14730,#14738,#14740,.T.);
#14738 = VERTEX_POINT('',#14739);
#14739 = CARTESIAN_POINT('',(186.21,-71.54,1.585));
#14740 = CIRCLE('',#14741,5.999941814202E-02);
#14741 = AXIS2_PLACEMENT_3D('',#14742,#14743,#14744);
#14742 = CARTESIAN_POINT('',(186.26999941813,-71.54000075805,1.585));
#14743 = DIRECTION('',(-0.,0.,-1.));
#14744 = DIRECTION('',(0.588182068353,-0.80872854189,-0.));
#14745 = ORIENTED_EDGE('',*,*,#14746,.T.);
#14746 = EDGE_CURVE('',#14738,#14695,#14747,.T.);
#14747 = LINE('',#14748,#14749);
#14748 = CARTESIAN_POINT('',(186.21,-71.54,1.585));
#14749 = VECTOR('',#14750,1.);
#14750 = DIRECTION('',(0.,1.,0.));
#14751 = PLANE('',#14752);
#14752 = AXIS2_PLACEMENT_3D('',#14753,#14754,#14755);
#14753 = CARTESIAN_POINT('',(0.,0.,1.585));
#14754 = DIRECTION('',(0.,0.,1.));
#14755 = DIRECTION('',(1.,0.,-0.));
#14756 = SHELL_BASED_SURFACE_MODEL('',(#14757));
#14757 = OPEN_SHELL('',(#14758));
#14758 = ADVANCED_FACE('',(#14759),#14803,.T.);
#14759 = FACE_BOUND('',#14760,.F.);
#14760 = EDGE_LOOP('',(#14761,#14772,#14780,#14789,#14797));
#14761 = ORIENTED_EDGE('',*,*,#14762,.T.);
#14762 = EDGE_CURVE('',#14763,#14765,#14767,.T.);
#14763 = VERTEX_POINT('',#14764);
#14764 = CARTESIAN_POINT('',(186.344567,-65.777039,1.585));
#14765 = VERTEX_POINT('',#14766);
#14766 = CARTESIAN_POINT('',(186.46,-65.8,1.585));
#14767 = CIRCLE('',#14768,6.000007318648E-02);
#14768 = AXIS2_PLACEMENT_3D('',#14769,#14770,#14771);
#14769 = CARTESIAN_POINT('',(186.39999992681,-65.79999982331,1.585));
#14770 = DIRECTION('',(0.,0.,-1.));
#14771 = DIRECTION('',(-0.923880986636,0.382679921778,0.));
#14772 = ORIENTED_EDGE('',*,*,#14773,.T.);
#14773 = EDGE_CURVE('',#14765,#14774,#14776,.T.);
#14774 = VERTEX_POINT('',#14775);
#14775 = CARTESIAN_POINT('',(186.46,-70.8,1.585));
#14776 = LINE('',#14777,#14778);
#14777 = CARTESIAN_POINT('',(186.46,-65.8,1.585));
#14778 = VECTOR('',#14779,1.);
#14779 = DIRECTION('',(0.,-1.,0.));
#14780 = ORIENTED_EDGE('',*,*,#14781,.T.);
#14781 = EDGE_CURVE('',#14774,#14782,#14784,.T.);
#14782 = VERTEX_POINT('',#14783);
#14783 = CARTESIAN_POINT('',(186.34,-70.8,1.585));
#14784 = CIRCLE('',#14785,6.000000000042E-02);
#14785 = AXIS2_PLACEMENT_3D('',#14786,#14787,#14788);
#14786 = CARTESIAN_POINT('',(186.4,-70.80000022558,1.585));
#14787 = DIRECTION('',(0.,0.,-1.));
#14788 = DIRECTION('',(0.999999999993,3.759794253685E-06,0.));
#14789 = ORIENTED_EDGE('',*,*,#14790,.T.);
#14790 = EDGE_CURVE('',#14782,#14791,#14793,.T.);
#14791 = VERTEX_POINT('',#14792);
#14792 = CARTESIAN_POINT('',(186.34,-65.8,1.585));
#14793 = LINE('',#14794,#14795);
#14794 = CARTESIAN_POINT('',(186.34,-70.8,1.585));
#14795 = VECTOR('',#14796,1.);
#14796 = DIRECTION('',(0.,1.,0.));
#14797 = ORIENTED_EDGE('',*,*,#14798,.T.);
#14798 = EDGE_CURVE('',#14791,#14763,#14799,.T.);
#14799 = LINE('',#14800,#14801);
#14800 = CARTESIAN_POINT('',(186.34,-65.8,1.585));
#14801 = VECTOR('',#14802,1.);
#14802 = DIRECTION('',(0.195081000118,0.980787134598,0.));
#14803 = PLANE('',#14804);
#14804 = AXIS2_PLACEMENT_3D('',#14805,#14806,#14807);
#14805 = CARTESIAN_POINT('',(0.,0.,1.585));
#14806 = DIRECTION('',(0.,0.,1.));
#14807 = DIRECTION('',(1.,0.,-0.));
#14808 = SHELL_BASED_SURFACE_MODEL('',(#14809));
#14809 = OPEN_SHELL('',(#14810));
#14810 = ADVANCED_FACE('',(#14811),#14855,.T.);
#14811 = FACE_BOUND('',#14812,.F.);
#14812 = EDGE_LOOP('',(#14813,#14824,#14832,#14841,#14849));
#14813 = ORIENTED_EDGE('',*,*,#14814,.T.);
#14814 = EDGE_CURVE('',#14815,#14817,#14819,.T.);
#14815 = VERTEX_POINT('',#14816);
#14816 = CARTESIAN_POINT('',(191.744567,-65.777039,1.585));
#14817 = VERTEX_POINT('',#14818);
#14818 = CARTESIAN_POINT('',(191.86,-65.8,1.585));
#14819 = CIRCLE('',#14820,6.000007318649E-02);
#14820 = AXIS2_PLACEMENT_3D('',#14821,#14822,#14823);
#14821 = CARTESIAN_POINT('',(191.79999992681,-65.79999982331,1.585));
#14822 = DIRECTION('',(0.,0.,-1.));
#14823 = DIRECTION('',(-0.923880986636,0.382679921777,0.));
#14824 = ORIENTED_EDGE('',*,*,#14825,.T.);
#14825 = EDGE_CURVE('',#14817,#14826,#14828,.T.);
#14826 = VERTEX_POINT('',#14827);
#14827 = CARTESIAN_POINT('',(191.86,-70.8,1.585));
#14828 = LINE('',#14829,#14830);
#14829 = CARTESIAN_POINT('',(191.86,-65.8,1.585));
#14830 = VECTOR('',#14831,1.);
#14831 = DIRECTION('',(0.,-1.,0.));
#14832 = ORIENTED_EDGE('',*,*,#14833,.T.);
#14833 = EDGE_CURVE('',#14826,#14834,#14836,.T.);
#14834 = VERTEX_POINT('',#14835);
#14835 = CARTESIAN_POINT('',(191.74,-70.8,1.585));
#14836 = CIRCLE('',#14837,6.000000000042E-02);
#14837 = AXIS2_PLACEMENT_3D('',#14838,#14839,#14840);
#14838 = CARTESIAN_POINT('',(191.8,-70.80000022558,1.585));
#14839 = DIRECTION('',(0.,0.,-1.));
#14840 = DIRECTION('',(0.999999999993,3.759794253684E-06,0.));
#14841 = ORIENTED_EDGE('',*,*,#14842,.T.);
#14842 = EDGE_CURVE('',#14834,#14843,#14845,.T.);
#14843 = VERTEX_POINT('',#14844);
#14844 = CARTESIAN_POINT('',(191.74,-65.8,1.585));
#14845 = LINE('',#14846,#14847);
#14846 = CARTESIAN_POINT('',(191.74,-70.8,1.585));
#14847 = VECTOR('',#14848,1.);
#14848 = DIRECTION('',(0.,1.,0.));
#14849 = ORIENTED_EDGE('',*,*,#14850,.T.);
#14850 = EDGE_CURVE('',#14843,#14815,#14851,.T.);
#14851 = LINE('',#14852,#14853);
#14852 = CARTESIAN_POINT('',(191.74,-65.8,1.585));
#14853 = VECTOR('',#14854,1.);
#14854 = DIRECTION('',(0.195081000117,0.980787134598,0.));
#14855 = PLANE('',#14856);
#14856 = AXIS2_PLACEMENT_3D('',#14857,#14858,#14859);
#14857 = CARTESIAN_POINT('',(0.,0.,1.585));
#14858 = DIRECTION('',(0.,0.,1.));
#14859 = DIRECTION('',(1.,0.,-0.));
#14860 = SHELL_BASED_SURFACE_MODEL('',(#14861));
#14861 = OPEN_SHELL('',(#14862));
#14862 = ADVANCED_FACE('',(#14863,#14964),#15039,.T.);
#14863 = FACE_BOUND('',#14864,.F.);
#14864 = EDGE_LOOP('',(#14865,#14876,#14884,#14892,#14900,#14908,#14916,
    #14925,#14933,#14942,#14950,#14958));
#14865 = ORIENTED_EDGE('',*,*,#14866,.T.);
#14866 = EDGE_CURVE('',#14867,#14869,#14871,.T.);
#14867 = VERTEX_POINT('',#14868);
#14868 = CARTESIAN_POINT('',(185.15784,-68.498784,1.585));
#14869 = VERTEX_POINT('',#14870);
#14870 = CARTESIAN_POINT('',(185.6288,-68.391917,1.585));
#14871 = CIRCLE('',#14872,0.768531889865);
#14872 = AXIS2_PLACEMENT_3D('',#14873,#14874,#14875);
#14873 = CARTESIAN_POINT('',(185.55477434751,-69.15687547502,1.585));
#14874 = DIRECTION('',(0.,0.,-1.));
#14875 = DIRECTION('',(-0.516483899693,0.856296900238,0.));
#14876 = ORIENTED_EDGE('',*,*,#14877,.T.);
#14877 = EDGE_CURVE('',#14869,#14878,#14880,.T.);
#14878 = VERTEX_POINT('',#14879);
#14879 = CARTESIAN_POINT('',(185.850264,-68.447203,1.585));
#14880 = LINE('',#14881,#14882);
#14881 = CARTESIAN_POINT('',(185.6288,-68.391917,1.585));
#14882 = VECTOR('',#14883,1.);
#14883 = DIRECTION('',(0.970224909195,-0.242205750505,0.));
#14884 = ORIENTED_EDGE('',*,*,#14885,.T.);
#14885 = EDGE_CURVE('',#14878,#14886,#14888,.T.);
#14886 = VERTEX_POINT('',#14887);
#14887 = CARTESIAN_POINT('',(185.959244,-68.504152,1.585));
#14888 = LINE('',#14889,#14890);
#14889 = CARTESIAN_POINT('',(185.850264,-68.447203,1.585));
#14890 = VECTOR('',#14891,1.);
#14891 = DIRECTION('',(0.886284927965,-0.46314039606,0.));
#14892 = ORIENTED_EDGE('',*,*,#14893,.T.);
#14893 = EDGE_CURVE('',#14886,#14894,#14896,.T.);
#14894 = VERTEX_POINT('',#14895);
#14895 = CARTESIAN_POINT('',(186.072357,-68.619999,1.585));
#14896 = LINE('',#14897,#14898);
#14897 = CARTESIAN_POINT('',(185.959244,-68.504152,1.585));
#14898 = VECTOR('',#14899,1.);
#14899 = DIRECTION('',(0.698613449619,-0.715499299798,0.));
#14900 = ORIENTED_EDGE('',*,*,#14901,.T.);
#14901 = EDGE_CURVE('',#14894,#14902,#14904,.T.);
#14902 = VERTEX_POINT('',#14903);
#14903 = CARTESIAN_POINT('',(186.129089,-68.792592,1.585));
#14904 = LINE('',#14905,#14906);
#14905 = CARTESIAN_POINT('',(186.072357,-68.619999,1.585));
#14906 = VECTOR('',#14907,1.);
#14907 = DIRECTION('',(0.312266910039,-0.949994408876,0.));
#14908 = ORIENTED_EDGE('',*,*,#14909,.T.);
#14909 = EDGE_CURVE('',#14902,#14910,#14912,.T.);
#14910 = VERTEX_POINT('',#14911);
#14911 = CARTESIAN_POINT('',(186.128378,-69.052726,1.585));
#14912 = LINE('',#14913,#14914);
#14913 = CARTESIAN_POINT('',(186.129089,-68.792592,1.585));
#14914 = VECTOR('',#14915,1.);
#14915 = DIRECTION('',(-2.733196522855E-03,-0.999996264811,0.));
#14916 = ORIENTED_EDGE('',*,*,#14917,.T.);
#14917 = EDGE_CURVE('',#14910,#14918,#14920,.T.);
#14918 = VERTEX_POINT('',#14919);
#14919 = CARTESIAN_POINT('',(186.054819,-69.113094,1.585));
#14920 = CIRCLE('',#14921,7.500074938985E-02);
#14921 = AXIS2_PLACEMENT_3D('',#14922,#14923,#14924);
#14922 = CARTESIAN_POINT('',(186.05481853389,-69.03809325061,1.585));
#14923 = DIRECTION('',(0.,0.,-1.));
#14924 = DIRECTION('',(0.980783081614,-0.195101375752,0.));
#14925 = ORIENTED_EDGE('',*,*,#14926,.T.);
#14926 = EDGE_CURVE('',#14918,#14927,#14929,.T.);
#14927 = VERTEX_POINT('',#14928);
#14928 = CARTESIAN_POINT('',(185.040187,-69.111653,1.585));
#14929 = LINE('',#14930,#14931);
#14930 = CARTESIAN_POINT('',(186.054819,-69.113094,1.585));
#14931 = VECTOR('',#14932,1.);
#14932 = DIRECTION('',(-0.99999899149,1.420217918158E-03,0.));
#14933 = ORIENTED_EDGE('',*,*,#14934,.T.);
#14934 = EDGE_CURVE('',#14927,#14935,#14937,.T.);
#14935 = VERTEX_POINT('',#14936);
#14936 = CARTESIAN_POINT('',(184.979819,-69.038094,1.585));
#14937 = CIRCLE('',#14938,7.500074938985E-02);
#14938 = AXIS2_PLACEMENT_3D('',#14939,#14940,#14941);
#14939 = CARTESIAN_POINT('',(185.05481974938,-69.03809353389,1.585));
#14940 = DIRECTION('',(0.,0.,-1.));
#14941 = DIRECTION('',(-0.195101375752,-0.980783081614,-0.));
#14942 = ORIENTED_EDGE('',*,*,#14943,.T.);
#14943 = EDGE_CURVE('',#14935,#14944,#14946,.T.);
#14944 = VERTEX_POINT('',#14945);
#14945 = CARTESIAN_POINT('',(184.982018,-68.783535,1.585));
#14946 = LINE('',#14947,#14948);
#14947 = CARTESIAN_POINT('',(184.979819,-69.038094,1.585));
#14948 = VECTOR('',#14949,1.);
#14949 = DIRECTION('',(8.638146584733E-03,0.999962690516,0.));
#14950 = ORIENTED_EDGE('',*,*,#14951,.T.);
#14951 = EDGE_CURVE('',#14944,#14952,#14954,.T.);
#14952 = VERTEX_POINT('',#14953);
#14953 = CARTESIAN_POINT('',(185.040078,-68.615474,1.585));
#14954 = LINE('',#14955,#14956);
#14955 = CARTESIAN_POINT('',(184.982018,-68.783535,1.585));
#14956 = VECTOR('',#14957,1.);
#14957 = DIRECTION('',(0.326533133634,0.945185755626,0.));
#14958 = ORIENTED_EDGE('',*,*,#14959,.T.);
#14959 = EDGE_CURVE('',#14952,#14867,#14960,.T.);
#14960 = LINE('',#14961,#14962);
#14961 = CARTESIAN_POINT('',(185.040078,-68.615474,1.585));
#14962 = VECTOR('',#14963,1.);
#14963 = DIRECTION('',(0.710332505875,0.70386627359,0.));
#14964 = FACE_BOUND('',#14965,.F.);
#14965 = EDGE_LOOP('',(#14966,#14977,#14985,#14993,#15001,#15009,#15017,
    #15025,#15033));
#14966 = ORIENTED_EDGE('',*,*,#14967,.T.);
#14967 = EDGE_CURVE('',#14968,#14970,#14972,.T.);
#14968 = VERTEX_POINT('',#14969);
#14969 = CARTESIAN_POINT('',(185.790547,-68.585049,1.585));
#14970 = VERTEX_POINT('',#14971);
#14971 = CARTESIAN_POINT('',(185.242103,-68.623543,1.585));
#14972 = CIRCLE('',#14973,0.618603201895);
#14973 = AXIS2_PLACEMENT_3D('',#14974,#14975,#14976);
#14974 = CARTESIAN_POINT('',(185.555125275,-69.15710365892,1.585));
#14975 = DIRECTION('',(0.,0.,1.));
#14976 = DIRECTION('',(0.380569845546,0.924752179052,-0.));
#14977 = ORIENTED_EDGE('',*,*,#14978,.T.);
#14978 = EDGE_CURVE('',#14970,#14979,#14981,.T.);
#14979 = VERTEX_POINT('',#14980);
#14980 = CARTESIAN_POINT('',(185.16799,-68.697655,1.585));
#14981 = LINE('',#14982,#14983);
#14982 = CARTESIAN_POINT('',(185.242103,-68.623543,1.585));
#14983 = VECTOR('',#14984,1.);
#14984 = DIRECTION('',(-0.707111551666,-0.707102010674,0.));
#14985 = ORIENTED_EDGE('',*,*,#14986,.T.);
#14986 = EDGE_CURVE('',#14979,#14987,#14989,.T.);
#14987 = VERTEX_POINT('',#14988);
#14988 = CARTESIAN_POINT('',(185.129819,-68.812169,1.585));
#14989 = LINE('',#14990,#14991);
#14990 = CARTESIAN_POINT('',(185.16799,-68.697655,1.585));
#14991 = VECTOR('',#14992,1.);
#14992 = DIRECTION('',(-0.316225280684,-0.948684126491,0.));
#14993 = ORIENTED_EDGE('',*,*,#14994,.T.);
#14994 = EDGE_CURVE('',#14987,#14995,#14997,.T.);
#14995 = VERTEX_POINT('',#14996);
#14996 = CARTESIAN_POINT('',(185.129819,-68.963094,1.585));
#14997 = LINE('',#14998,#14999);
#14998 = CARTESIAN_POINT('',(185.129819,-68.812169,1.585));
#14999 = VECTOR('',#15000,1.);
#15000 = DIRECTION('',(0.,-1.,0.));
#15001 = ORIENTED_EDGE('',*,*,#15002,.T.);
#15002 = EDGE_CURVE('',#14995,#15003,#15005,.T.);
#15003 = VERTEX_POINT('',#15004);
#15004 = CARTESIAN_POINT('',(185.979819,-68.963094,1.585));
#15005 = LINE('',#15006,#15007);
#15006 = CARTESIAN_POINT('',(185.129819,-68.963094,1.585));
#15007 = VECTOR('',#15008,1.);
#15008 = DIRECTION('',(1.,0.,0.));
#15009 = ORIENTED_EDGE('',*,*,#15010,.T.);
#15010 = EDGE_CURVE('',#15003,#15011,#15013,.T.);
#15011 = VERTEX_POINT('',#15012);
#15012 = CARTESIAN_POINT('',(185.979819,-68.812169,1.585));
#15013 = LINE('',#15014,#15015);
#15014 = CARTESIAN_POINT('',(185.979819,-68.963094,1.585));
#15015 = VECTOR('',#15016,1.);
#15016 = DIRECTION('',(0.,1.,0.));
#15017 = ORIENTED_EDGE('',*,*,#15018,.T.);
#15018 = EDGE_CURVE('',#15011,#15019,#15021,.T.);
#15019 = VERTEX_POINT('',#15020);
#15020 = CARTESIAN_POINT('',(185.941648,-68.697656,1.585));
#15021 = LINE('',#15022,#15023);
#15022 = CARTESIAN_POINT('',(185.979819,-68.812169,1.585));
#15023 = VECTOR('',#15024,1.);
#15024 = DIRECTION('',(-0.316227766017,0.948683298051,0.));
#15025 = ORIENTED_EDGE('',*,*,#15026,.T.);
#15026 = EDGE_CURVE('',#15019,#15027,#15029,.T.);
#15027 = VERTEX_POINT('',#15028);
#15028 = CARTESIAN_POINT('',(185.867534,-68.623543,1.585));
#15029 = LINE('',#15030,#15031);
#15030 = CARTESIAN_POINT('',(185.941648,-68.697656,1.585));
#15031 = VECTOR('',#15032,1.);
#15032 = DIRECTION('',(-0.707111551602,0.707102010739,0.));
#15033 = ORIENTED_EDGE('',*,*,#15034,.T.);
#15034 = EDGE_CURVE('',#15027,#14968,#15035,.T.);
#15035 = LINE('',#15036,#15037);
#15036 = CARTESIAN_POINT('',(185.867534,-68.623543,1.585));
#15037 = VECTOR('',#15038,1.);
#15038 = DIRECTION('',(-0.894424867414,0.447218242641,0.));
#15039 = PLANE('',#15040);
#15040 = AXIS2_PLACEMENT_3D('',#15041,#15042,#15043);
#15041 = CARTESIAN_POINT('',(0.,0.,1.585));
#15042 = DIRECTION('',(0.,0.,1.));
#15043 = DIRECTION('',(1.,0.,-0.));
#15044 = SHELL_BASED_SURFACE_MODEL('',(#15045));
#15045 = OPEN_SHELL('',(#15046));
#15046 = ADVANCED_FACE('',(#15047),#15241,.T.);
#15047 = FACE_BOUND('',#15048,.F.);
#15048 = EDGE_LOOP('',(#15049,#15060,#15068,#15077,#15085,#15094,#15102,
    #15110,#15118,#15127,#15135,#15144,#15152,#15161,#15169,#15177,
    #15185,#15194,#15202,#15210,#15219,#15227,#15235));
#15049 = ORIENTED_EDGE('',*,*,#15050,.T.);
#15050 = EDGE_CURVE('',#15051,#15053,#15055,.T.);
#15051 = VERTEX_POINT('',#15052);
#15052 = CARTESIAN_POINT('',(185.013151,-67.451925,1.585));
#15053 = VERTEX_POINT('',#15054);
#15054 = CARTESIAN_POINT('',(185.104207,-67.457842,1.585));
#15055 = CIRCLE('',#15056,7.499904172406E-02);
#15056 = AXIS2_PLACEMENT_3D('',#15057,#15058,#15059);
#15057 = CARTESIAN_POINT('',(185.05481904495,-67.51428388299,1.585));
#15058 = DIRECTION('',(0.,0.,-1.));
#15059 = DIRECTION('',(-0.555581031454,0.831462396918,0.));
#15060 = ORIENTED_EDGE('',*,*,#15061,.T.);
#15061 = EDGE_CURVE('',#15053,#15062,#15064,.T.);
#15062 = VERTEX_POINT('',#15063);
#15063 = CARTESIAN_POINT('',(185.363516,-67.684737,1.585));
#15064 = LINE('',#15065,#15066);
#15065 = CARTESIAN_POINT('',(185.104207,-67.457842,1.585));
#15066 = VECTOR('',#15067,1.);
#15067 = DIRECTION('',(0.752577234061,-0.658503991463,0.));
#15068 = ORIENTED_EDGE('',*,*,#15069,.T.);
#15069 = EDGE_CURVE('',#15062,#15070,#15072,.T.);
#15070 = VERTEX_POINT('',#15071);
#15071 = CARTESIAN_POINT('',(185.611615,-67.440726,1.585));
#15072 = CIRCLE('',#15073,0.348517853143);
#15073 = AXIS2_PLACEMENT_3D('',#15074,#15075,#15076);
#15074 = CARTESIAN_POINT('',(185.69931548686,-67.77802900704,1.585));
#15075 = DIRECTION('',(0.,0.,-1.));
#15076 = DIRECTION('',(-0.963507274705,0.267682146568,0.));
#15077 = ORIENTED_EDGE('',*,*,#15078,.T.);
#15078 = EDGE_CURVE('',#15070,#15079,#15081,.T.);
#15079 = VERTEX_POINT('',#15080);
#15080 = CARTESIAN_POINT('',(185.878974,-67.440726,1.585));
#15081 = LINE('',#15082,#15083);
#15082 = CARTESIAN_POINT('',(185.611615,-67.440726,1.585));
#15083 = VECTOR('',#15084,1.);
#15084 = DIRECTION('',(1.,0.,0.));
#15085 = ORIENTED_EDGE('',*,*,#15086,.T.);
#15086 = EDGE_CURVE('',#15079,#15087,#15089,.T.);
#15087 = VERTEX_POINT('',#15088);
#15088 = CARTESIAN_POINT('',(186.128378,-67.690129,1.585));
#15089 = CIRCLE('',#15090,0.347873191155);
#15090 = AXIS2_PLACEMENT_3D('',#15091,#15092,#15093);
#15091 = CARTESIAN_POINT('',(185.79164493659,-67.77745941356,1.585));
#15092 = DIRECTION('',(0.,0.,-1.));
#15093 = DIRECTION('',(0.251037060709,0.967977476055,0.));
#15094 = ORIENTED_EDGE('',*,*,#15095,.T.);
#15095 = EDGE_CURVE('',#15087,#15096,#15098,.T.);
#15096 = VERTEX_POINT('',#15097);
#15097 = CARTESIAN_POINT('',(186.127156,-68.010285,1.585));
#15098 = LINE('',#15099,#15100);
#15099 = CARTESIAN_POINT('',(186.128378,-67.690129,1.585));
#15100 = VECTOR('',#15101,1.);
#15101 = DIRECTION('',(-3.816861463288E-03,-0.999992715758,0.));
#15102 = ORIENTED_EDGE('',*,*,#15103,.T.);
#15103 = EDGE_CURVE('',#15096,#15104,#15106,.T.);
#15104 = VERTEX_POINT('',#15105);
#15105 = CARTESIAN_POINT('',(186.06495,-68.132997,1.585));
#15106 = LINE('',#15107,#15108);
#15107 = CARTESIAN_POINT('',(186.127156,-68.010285,1.585));
#15108 = VECTOR('',#15109,1.);
#15109 = DIRECTION('',(-0.452149402815,-0.891942216477,0.));
#15110 = ORIENTED_EDGE('',*,*,#15111,.T.);
#15111 = EDGE_CURVE('',#15104,#15112,#15114,.T.);
#15112 = VERTEX_POINT('',#15113);
#15113 = CARTESIAN_POINT('',(186.001247,-68.195693,1.585));
#15114 = LINE('',#15115,#15116);
#15115 = CARTESIAN_POINT('',(186.06495,-68.132997,1.585));
#15116 = VECTOR('',#15117,1.);
#15117 = DIRECTION('',(-0.712717566469,-0.701451117645,0.));
#15118 = ORIENTED_EDGE('',*,*,#15119,.T.);
#15119 = EDGE_CURVE('',#15112,#15120,#15122,.T.);
#15120 = VERTEX_POINT('',#15121);
#15121 = CARTESIAN_POINT('',(185.906548,-68.080298,1.585));
#15122 = CIRCLE('',#15123,7.500012668042E-02);
#15123 = AXIS2_PLACEMENT_3D('',#15124,#15125,#15126);
#15124 = CARTESIAN_POINT('',(185.95958024831,-68.133331948,1.585));
#15125 = DIRECTION('',(0.,0.,-1.));
#15126 = DIRECTION('',(0.555555750804,-0.831479288827,0.));
#15127 = ORIENTED_EDGE('',*,*,#15128,.T.);
#15128 = EDGE_CURVE('',#15120,#15129,#15131,.T.);
#15129 = VERTEX_POINT('',#15130);
#15130 = CARTESIAN_POINT('',(185.945561,-68.041285,1.585));
#15131 = LINE('',#15132,#15133);
#15132 = CARTESIAN_POINT('',(185.906548,-68.080298,1.585));
#15133 = VECTOR('',#15134,1.);
#15134 = DIRECTION('',(0.707106781187,0.707106781186,0.));
#15135 = ORIENTED_EDGE('',*,*,#15136,.T.);
#15136 = EDGE_CURVE('',#15129,#15137,#15139,.T.);
#15137 = VERTEX_POINT('',#15138);
#15138 = CARTESIAN_POINT('',(185.945561,-67.65395,1.585));
#15139 = CIRCLE('',#15140,0.358499305983);
#15140 = AXIS2_PLACEMENT_3D('',#15141,#15142,#15143);
#15141 = CARTESIAN_POINT('',(185.64387465322,-67.8476175,1.585));
#15142 = DIRECTION('',(0.,-0.,1.));
#15143 = DIRECTION('',(0.841525608965,-0.540217224324,-0.));
#15144 = ORIENTED_EDGE('',*,*,#15145,.T.);
#15145 = EDGE_CURVE('',#15137,#15146,#15148,.T.);
#15146 = VERTEX_POINT('',#15147);
#15147 = CARTESIAN_POINT('',(185.915153,-67.623543,1.585));
#15148 = LINE('',#15149,#15150);
#15149 = CARTESIAN_POINT('',(185.945561,-67.65395,1.585));
#15150 = VECTOR('',#15151,1.);
#15151 = DIRECTION('',(-0.707118408268,0.707095153914,0.));
#15152 = ORIENTED_EDGE('',*,*,#15153,.T.);
#15153 = EDGE_CURVE('',#15146,#15154,#15156,.T.);
#15154 = VERTEX_POINT('',#15155);
#15155 = CARTESIAN_POINT('',(185.575436,-67.623543,1.585));
#15156 = CIRCLE('',#15157,0.305621483548);
#15157 = AXIS2_PLACEMENT_3D('',#15158,#15159,#15160);
#15158 = CARTESIAN_POINT('',(185.7452945,-67.877615,1.585));
#15159 = DIRECTION('',(0.,0.,1.));
#15160 = DIRECTION('',(0.555780627814,0.831328992485,-0.));
#15161 = ORIENTED_EDGE('',*,*,#15162,.T.);
#15162 = EDGE_CURVE('',#15154,#15163,#15165,.T.);
#15163 = VERTEX_POINT('',#15164);
#15164 = CARTESIAN_POINT('',(185.545029,-67.65395,1.585));
#15165 = LINE('',#15166,#15167);
#15166 = CARTESIAN_POINT('',(185.575436,-67.623543,1.585));
#15167 = VECTOR('',#15168,1.);
#15168 = DIRECTION('',(-0.707106781187,-0.707106781187,0.));
#15169 = ORIENTED_EDGE('',*,*,#15170,.T.);
#15170 = EDGE_CURVE('',#15163,#15171,#15173,.T.);
#15171 = VERTEX_POINT('',#15172);
#15172 = CARTESIAN_POINT('',(185.510771,-67.722466,1.585));
#15173 = LINE('',#15174,#15175);
#15174 = CARTESIAN_POINT('',(185.545029,-67.65395,1.585));
#15175 = VECTOR('',#15176,1.);
#15176 = DIRECTION('',(-0.4472135955,-0.894427191,0.));
#15177 = ORIENTED_EDGE('',*,*,#15178,.T.);
#15178 = EDGE_CURVE('',#15171,#15179,#15181,.T.);
#15179 = VERTEX_POINT('',#15180);
#15180 = CARTESIAN_POINT('',(185.50933,-67.86225,1.585));
#15181 = LINE('',#15182,#15183);
#15182 = CARTESIAN_POINT('',(185.510771,-67.722466,1.585));
#15183 = VECTOR('',#15184,1.);
#15184 = DIRECTION('',(-1.030821437469E-02,-0.999946868947,0.));
#15185 = ORIENTED_EDGE('',*,*,#15186,.T.);
#15186 = EDGE_CURVE('',#15179,#15187,#15189,.T.);
#15187 = VERTEX_POINT('',#15188);
#15188 = CARTESIAN_POINT('',(185.386383,-67.904061,1.585));
#15189 = CIRCLE('',#15190,7.500015628755E-02);
#15190 = AXIS2_PLACEMENT_3D('',#15191,#15192,#15193);
#15191 = CARTESIAN_POINT('',(185.4357710461,-67.84761771567,1.585));
#15192 = DIRECTION('',(-0.,0.,-1.));
#15193 = DIRECTION('',(0.980784008184,-0.195096717785,-0.));
#15194 = ORIENTED_EDGE('',*,*,#15195,.T.);
#15195 = EDGE_CURVE('',#15187,#15196,#15198,.T.);
#15196 = VERTEX_POINT('',#15197);
#15197 = CARTESIAN_POINT('',(185.129819,-67.679567,1.585));
#15198 = LINE('',#15199,#15200);
#15199 = CARTESIAN_POINT('',(185.386383,-67.904061,1.585));
#15200 = VECTOR('',#15201,1.);
#15201 = DIRECTION('',(-0.752575967874,0.658505438534,0.));
#15202 = ORIENTED_EDGE('',*,*,#15203,.T.);
#15203 = EDGE_CURVE('',#15196,#15204,#15206,.T.);
#15204 = VERTEX_POINT('',#15205);
#15205 = CARTESIAN_POINT('',(185.128378,-68.147964,1.585));
#15206 = LINE('',#15207,#15208);
#15207 = CARTESIAN_POINT('',(185.129819,-67.679567,1.585));
#15208 = VECTOR('',#15209,1.);
#15209 = DIRECTION('',(-3.076435546862E-03,-0.999995267761,0.));
#15210 = ORIENTED_EDGE('',*,*,#15211,.T.);
#15211 = EDGE_CURVE('',#15204,#15212,#15214,.T.);
#15212 = VERTEX_POINT('',#15213);
#15213 = CARTESIAN_POINT('',(184.979819,-68.133332,1.585));
#15214 = CIRCLE('',#15215,7.500006711464E-02);
#15215 = AXIS2_PLACEMENT_3D('',#15216,#15217,#15218);
#15216 = CARTESIAN_POINT('',(185.05481906711,-68.13333206711,1.585));
#15217 = DIRECTION('',(-0.,0.,-1.));
#15218 = DIRECTION('',(0.980784894138,-0.195092263891,-0.));
#15219 = ORIENTED_EDGE('',*,*,#15220,.T.);
#15220 = EDGE_CURVE('',#15212,#15221,#15223,.T.);
#15221 = VERTEX_POINT('',#15222);
#15222 = CARTESIAN_POINT('',(184.98126,-67.499653,1.585));
#15223 = LINE('',#15224,#15225);
#15224 = CARTESIAN_POINT('',(184.979819,-68.133332,1.585));
#15225 = VECTOR('',#15226,1.);
#15226 = DIRECTION('',(2.274016140951E-03,0.999997414422,0.));
#15227 = ORIENTED_EDGE('',*,*,#15228,.T.);
#15228 = EDGE_CURVE('',#15221,#15229,#15231,.T.);
#15229 = VERTEX_POINT('',#15230);
#15230 = CARTESIAN_POINT('',(184.992459,-67.472617,1.585));
#15231 = LINE('',#15232,#15233);
#15232 = CARTESIAN_POINT('',(184.98126,-67.499653,1.585));
#15233 = VECTOR('',#15234,1.);
#15234 = DIRECTION('',(0.38269282806,0.923875640631,0.));
#15235 = ORIENTED_EDGE('',*,*,#15236,.T.);
#15236 = EDGE_CURVE('',#15229,#15051,#15237,.T.);
#15237 = LINE('',#15238,#15239);
#15238 = CARTESIAN_POINT('',(184.992459,-67.472617,1.585));
#15239 = VECTOR('',#15240,1.);
#15240 = DIRECTION('',(0.707106781187,0.707106781187,0.));
#15241 = PLANE('',#15242);
#15242 = AXIS2_PLACEMENT_3D('',#15243,#15244,#15245);
#15243 = CARTESIAN_POINT('',(0.,0.,1.585));
#15244 = DIRECTION('',(0.,0.,1.));
#15245 = DIRECTION('',(1.,0.,-0.));
#15246 = SHELL_BASED_SURFACE_MODEL('',(#15247));
#15247 = OPEN_SHELL('',(#15248));
#15248 = ADVANCED_FACE('',(#15249),#15285,.T.);
#15249 = FACE_BOUND('',#15250,.F.);
#15250 = EDGE_LOOP('',(#15251,#15262,#15270,#15279));
#15251 = ORIENTED_EDGE('',*,*,#15252,.T.);
#15252 = EDGE_CURVE('',#15253,#15255,#15257,.T.);
#15253 = VERTEX_POINT('',#15254);
#15254 = CARTESIAN_POINT('',(182.810436,-66.47,1.585));
#15255 = VERTEX_POINT('',#15256);
#15256 = CARTESIAN_POINT('',(182.810436,-66.35,1.585));
#15257 = CIRCLE('',#15258,6.000000000042E-02);
#15258 = AXIS2_PLACEMENT_3D('',#15259,#15260,#15261);
#15259 = CARTESIAN_POINT('',(182.81043577441,-66.41,1.585));
#15260 = DIRECTION('',(0.,0.,-1.));
#15261 = DIRECTION('',(3.759794727379E-06,-0.999999999993,0.));
#15262 = ORIENTED_EDGE('',*,*,#15263,.T.);
#15263 = EDGE_CURVE('',#15255,#15264,#15266,.T.);
#15264 = VERTEX_POINT('',#15265);
#15265 = CARTESIAN_POINT('',(184.264564,-66.35,1.585));
#15266 = LINE('',#15267,#15268);
#15267 = CARTESIAN_POINT('',(182.810436,-66.35,1.585));
#15268 = VECTOR('',#15269,1.);
#15269 = DIRECTION('',(1.,0.,0.));
#15270 = ORIENTED_EDGE('',*,*,#15271,.T.);
#15271 = EDGE_CURVE('',#15264,#15272,#15274,.T.);
#15272 = VERTEX_POINT('',#15273);
#15273 = CARTESIAN_POINT('',(184.264564,-66.47,1.585));
#15274 = CIRCLE('',#15275,6.000000000043E-02);
#15275 = AXIS2_PLACEMENT_3D('',#15276,#15277,#15278);
#15276 = CARTESIAN_POINT('',(184.26456422558,-66.41,1.585));
#15277 = DIRECTION('',(0.,0.,-1.));
#15278 = DIRECTION('',(-3.759793779989E-06,0.999999999993,-0.));
#15279 = ORIENTED_EDGE('',*,*,#15280,.T.);
#15280 = EDGE_CURVE('',#15272,#15253,#15281,.T.);
#15281 = LINE('',#15282,#15283);
#15282 = CARTESIAN_POINT('',(184.264564,-66.47,1.585));
#15283 = VECTOR('',#15284,1.);
#15284 = DIRECTION('',(-1.,0.,0.));
#15285 = PLANE('',#15286);
#15286 = AXIS2_PLACEMENT_3D('',#15287,#15288,#15289);
#15287 = CARTESIAN_POINT('',(0.,0.,1.585));
#15288 = DIRECTION('',(0.,0.,1.));
#15289 = DIRECTION('',(1.,0.,-0.));
#15290 = SHELL_BASED_SURFACE_MODEL('',(#15291));
#15291 = OPEN_SHELL('',(#15292));
#15292 = ADVANCED_FACE('',(#15293),#15329,.T.);
#15293 = FACE_BOUND('',#15294,.F.);
#15294 = EDGE_LOOP('',(#15295,#15306,#15314,#15323));
#15295 = ORIENTED_EDGE('',*,*,#15296,.T.);
#15296 = EDGE_CURVE('',#15297,#15299,#15301,.T.);
#15297 = VERTEX_POINT('',#15298);
#15298 = CARTESIAN_POINT('',(182.810436,-64.65,1.585));
#15299 = VERTEX_POINT('',#15300);
#15300 = CARTESIAN_POINT('',(182.810436,-64.53,1.585));
#15301 = CIRCLE('',#15302,6.000000000042E-02);
#15302 = AXIS2_PLACEMENT_3D('',#15303,#15304,#15305);
#15303 = CARTESIAN_POINT('',(182.81043577441,-64.59,1.585));
#15304 = DIRECTION('',(0.,0.,-1.));
#15305 = DIRECTION('',(3.759794727379E-06,-0.999999999993,0.));
#15306 = ORIENTED_EDGE('',*,*,#15307,.T.);
#15307 = EDGE_CURVE('',#15299,#15308,#15310,.T.);
#15308 = VERTEX_POINT('',#15309);
#15309 = CARTESIAN_POINT('',(184.264564,-64.53,1.585));
#15310 = LINE('',#15311,#15312);
#15311 = CARTESIAN_POINT('',(182.810436,-64.53,1.585));
#15312 = VECTOR('',#15313,1.);
#15313 = DIRECTION('',(1.,0.,0.));
#15314 = ORIENTED_EDGE('',*,*,#15315,.T.);
#15315 = EDGE_CURVE('',#15308,#15316,#15318,.T.);
#15316 = VERTEX_POINT('',#15317);
#15317 = CARTESIAN_POINT('',(184.264564,-64.65,1.585));
#15318 = CIRCLE('',#15319,6.000000000042E-02);
#15319 = AXIS2_PLACEMENT_3D('',#15320,#15321,#15322);
#15320 = CARTESIAN_POINT('',(184.26456422558,-64.59,1.585));
#15321 = DIRECTION('',(0.,0.,-1.));
#15322 = DIRECTION('',(-3.759794253684E-06,0.999999999993,-0.));
#15323 = ORIENTED_EDGE('',*,*,#15324,.T.);
#15324 = EDGE_CURVE('',#15316,#15297,#15325,.T.);
#15325 = LINE('',#15326,#15327);
#15326 = CARTESIAN_POINT('',(184.264564,-64.65,1.585));
#15327 = VECTOR('',#15328,1.);
#15328 = DIRECTION('',(-1.,0.,0.));
#15329 = PLANE('',#15330);
#15330 = AXIS2_PLACEMENT_3D('',#15331,#15332,#15333);
#15331 = CARTESIAN_POINT('',(0.,0.,1.585));
#15332 = DIRECTION('',(0.,0.,1.));
#15333 = DIRECTION('',(1.,0.,-0.));
#15334 = SHELL_BASED_SURFACE_MODEL('',(#15335));
#15335 = OPEN_SHELL('',(#15336));
#15336 = ADVANCED_FACE('',(#15337,#15448),#15500,.T.);
#15337 = FACE_BOUND('',#15338,.F.);
#15338 = EDGE_LOOP('',(#15339,#15350,#15358,#15367,#15375,#15384,#15392,
    #15400,#15409,#15417,#15425,#15433,#15442));
#15339 = ORIENTED_EDGE('',*,*,#15340,.T.);
#15340 = EDGE_CURVE('',#15341,#15343,#15345,.T.);
#15341 = VERTEX_POINT('',#15342);
#15342 = CARTESIAN_POINT('',(186.688346,-63.440187,1.585));
#15343 = VERTEX_POINT('',#15344);
#15344 = CARTESIAN_POINT('',(186.761905,-63.379819,1.585));
#15345 = CIRCLE('',#15346,7.500074938989E-02);
#15346 = AXIS2_PLACEMENT_3D('',#15347,#15348,#15349);
#15347 = CARTESIAN_POINT('',(186.76190546611,-63.45481974938,1.585));
#15348 = DIRECTION('',(0.,0.,-1.));
#15349 = DIRECTION('',(-0.980783081614,0.195101375752,0.));
#15350 = ORIENTED_EDGE('',*,*,#15351,.T.);
#15351 = EDGE_CURVE('',#15343,#15352,#15354,.T.);
#15352 = VERTEX_POINT('',#15353);
#15353 = CARTESIAN_POINT('',(187.157489,-63.38126,1.585));
#15354 = LINE('',#15355,#15356);
#15355 = CARTESIAN_POINT('',(186.761905,-63.379819,1.585));
#15356 = VECTOR('',#15357,1.);
#15357 = DIRECTION('',(0.999993365378,-3.642691411961E-03,0.));
#15358 = ORIENTED_EDGE('',*,*,#15359,.T.);
#15359 = EDGE_CURVE('',#15352,#15360,#15362,.T.);
#15360 = VERTEX_POINT('',#15361);
#15361 = CARTESIAN_POINT('',(187.406892,-63.630663,1.585));
#15362 = CIRCLE('',#15363,0.347870264855);
#15363 = AXIS2_PLACEMENT_3D('',#15364,#15365,#15366);
#15364 = CARTESIAN_POINT('',(187.07016126502,-63.71799073497,1.585));
#15365 = DIRECTION('',(0.,0.,-1.));
#15366 = DIRECTION('',(0.251035353678,0.967977918758,0.));
#15367 = ORIENTED_EDGE('',*,*,#15368,.T.);
#15368 = EDGE_CURVE('',#15360,#15369,#15371,.T.);
#15369 = VERTEX_POINT('',#15370);
#15370 = CARTESIAN_POINT('',(187.40567,-63.807962,1.585));
#15371 = LINE('',#15372,#15373);
#15372 = CARTESIAN_POINT('',(187.406892,-63.630663,1.585));
#15373 = VECTOR('',#15374,1.);
#15374 = DIRECTION('',(-6.892148157212E-03,-0.999976248865,0.));
#15375 = ORIENTED_EDGE('',*,*,#15376,.T.);
#15376 = EDGE_CURVE('',#15369,#15377,#15379,.T.);
#15377 = VERTEX_POINT('',#15378);
#15378 = CARTESIAN_POINT('',(187.157489,-64.052187,1.585));
#15379 = CIRCLE('',#15380,0.348632345848);
#15380 = AXIS2_PLACEMENT_3D('',#15381,#15382,#15383);
#15381 = CARTESIAN_POINT('',(187.06972019403,-63.7147834593,1.585));
#15382 = DIRECTION('',(0.,0.,-1.));
#15383 = DIRECTION('',(0.963622021775,-0.267268776985,0.));
#15384 = ORIENTED_EDGE('',*,*,#15385,.T.);
#15385 = EDGE_CURVE('',#15377,#15386,#15388,.T.);
#15386 = VERTEX_POINT('',#15387);
#15387 = CARTESIAN_POINT('',(187.143972,-64.053518,1.585));
#15388 = LINE('',#15389,#15390);
#15389 = CARTESIAN_POINT('',(187.157489,-64.052187,1.585));
#15390 = VECTOR('',#15391,1.);
#15391 = DIRECTION('',(-0.995186940545,-9.799465989924E-02,0.));
#15392 = ORIENTED_EDGE('',*,*,#15393,.T.);
#15393 = EDGE_CURVE('',#15386,#15394,#15396,.T.);
#15394 = VERTEX_POINT('',#15395);
#15395 = CARTESIAN_POINT('',(187.401986,-64.424623,1.585));
#15396 = LINE('',#15397,#15398);
#15397 = CARTESIAN_POINT('',(187.143972,-64.053518,1.585));
#15398 = VECTOR('',#15399,1.);
#15399 = DIRECTION('',(0.570846789809,-0.821056601316,0.));
#15400 = ORIENTED_EDGE('',*,*,#15401,.T.);
#15401 = EDGE_CURVE('',#15394,#15402,#15404,.T.);
#15402 = VERTEX_POINT('',#15403);
#15403 = CARTESIAN_POINT('',(187.271891,-64.497829,1.585));
#15404 = CIRCLE('',#15405,7.500005951701E-02);
#15405 = AXIS2_PLACEMENT_3D('',#15406,#15407,#15408);
#15406 = CARTESIAN_POINT('',(187.33333306294,-64.45481874739,1.585));
#15407 = DIRECTION('',(0.,0.,-1.));
#15408 = DIRECTION('',(0.915371767707,0.402609645791,0.));
#15409 = ORIENTED_EDGE('',*,*,#15410,.T.);
#15410 = EDGE_CURVE('',#15402,#15411,#15413,.T.);
#15411 = VERTEX_POINT('',#15412);
#15412 = CARTESIAN_POINT('',(186.960951,-64.053628,1.585));
#15413 = LINE('',#15414,#15415);
#15414 = CARTESIAN_POINT('',(187.271891,-64.497829,1.585));
#15415 = VECTOR('',#15416,1.);
#15416 = DIRECTION('',(-0.573461477921,0.819232527028,0.));
#15417 = ORIENTED_EDGE('',*,*,#15418,.T.);
#15418 = EDGE_CURVE('',#15411,#15419,#15421,.T.);
#15419 = VERTEX_POINT('',#15420);
#15420 = CARTESIAN_POINT('',(186.836905,-64.053628,1.585));
#15421 = LINE('',#15422,#15423);
#15422 = CARTESIAN_POINT('',(186.960951,-64.053628,1.585));
#15423 = VECTOR('',#15424,1.);
#15424 = DIRECTION('',(-1.,0.,0.));
#15425 = ORIENTED_EDGE('',*,*,#15426,.T.);
#15426 = EDGE_CURVE('',#15419,#15427,#15429,.T.);
#15427 = VERTEX_POINT('',#15428);
#15428 = CARTESIAN_POINT('',(186.835464,-64.469451,1.585));
#15429 = LINE('',#15430,#15431);
#15430 = CARTESIAN_POINT('',(186.836905,-64.053628,1.585));
#15431 = VECTOR('',#15432,1.);
#15432 = DIRECTION('',(-3.465395967783E-03,-0.999993995497,0.));
#15433 = ORIENTED_EDGE('',*,*,#15434,.T.);
#15434 = EDGE_CURVE('',#15427,#15435,#15437,.T.);
#15435 = VERTEX_POINT('',#15436);
#15436 = CARTESIAN_POINT('',(186.686905,-64.454819,1.585));
#15437 = CIRCLE('',#15438,7.500006711463E-02);
#15438 = AXIS2_PLACEMENT_3D('',#15439,#15440,#15441);
#15439 = CARTESIAN_POINT('',(186.76190506711,-64.45481906711,1.585));
#15440 = DIRECTION('',(-0.,0.,-1.));
#15441 = DIRECTION('',(0.980784894138,-0.195092263891,-0.));
#15442 = ORIENTED_EDGE('',*,*,#15443,.T.);
#15443 = EDGE_CURVE('',#15435,#15341,#15444,.T.);
#15444 = LINE('',#15445,#15446);
#15445 = CARTESIAN_POINT('',(186.686905,-64.454819,1.585));
#15446 = VECTOR('',#15447,1.);
#15447 = DIRECTION('',(1.420217918158E-03,0.99999899149,0.));
#15448 = FACE_BOUND('',#15449,.F.);
#15449 = EDGE_LOOP('',(#15450,#15461,#15469,#15477,#15485,#15494));
#15450 = ORIENTED_EDGE('',*,*,#15451,.T.);
#15451 = EDGE_CURVE('',#15452,#15454,#15456,.T.);
#15452 = VERTEX_POINT('',#15453);
#15453 = CARTESIAN_POINT('',(187.258333,-63.663,1.585));
#15454 = VERTEX_POINT('',#15455);
#15455 = CARTESIAN_POINT('',(187.125152,-63.529819,1.585));
#15456 = CIRCLE('',#15457,0.18686440374);
#15457 = AXIS2_PLACEMENT_3D('',#15458,#15459,#15460);
#15458 = CARTESIAN_POINT('',(187.077616,-63.710536,1.585));
#15459 = DIRECTION('',(0.,0.,1.));
#15460 = DIRECTION('',(0.967102328658,0.254387668537,-0.));
#15461 = ORIENTED_EDGE('',*,*,#15462,.T.);
#15462 = EDGE_CURVE('',#15454,#15463,#15465,.T.);
#15463 = VERTEX_POINT('',#15464);
#15464 = CARTESIAN_POINT('',(186.836905,-63.529819,1.585));
#15465 = LINE('',#15466,#15467);
#15466 = CARTESIAN_POINT('',(187.125152,-63.529819,1.585));
#15467 = VECTOR('',#15468,1.);
#15468 = DIRECTION('',(-1.,0.,0.));
#15469 = ORIENTED_EDGE('',*,*,#15470,.T.);
#15470 = EDGE_CURVE('',#15463,#15471,#15473,.T.);
#15471 = VERTEX_POINT('',#15472);
#15472 = CARTESIAN_POINT('',(186.836905,-63.903628,1.585));
#15473 = LINE('',#15474,#15475);
#15474 = CARTESIAN_POINT('',(186.836905,-63.529819,1.585));
#15475 = VECTOR('',#15476,1.);
#15476 = DIRECTION('',(0.,-1.,0.));
#15477 = ORIENTED_EDGE('',*,*,#15478,.T.);
#15478 = EDGE_CURVE('',#15471,#15479,#15481,.T.);
#15479 = VERTEX_POINT('',#15480);
#15480 = CARTESIAN_POINT('',(187.125152,-63.903628,1.585));
#15481 = LINE('',#15482,#15483);
#15482 = CARTESIAN_POINT('',(186.836905,-63.903628,1.585));
#15483 = VECTOR('',#15484,1.);
#15484 = DIRECTION('',(1.,0.,0.));
#15485 = ORIENTED_EDGE('',*,*,#15486,.T.);
#15486 = EDGE_CURVE('',#15479,#15487,#15489,.T.);
#15487 = VERTEX_POINT('',#15488);
#15488 = CARTESIAN_POINT('',(187.258333,-63.770447,1.585));
#15489 = CIRCLE('',#15490,0.18686440374);
#15490 = AXIS2_PLACEMENT_3D('',#15491,#15492,#15493);
#15491 = CARTESIAN_POINT('',(187.077616,-63.722911,1.585));
#15492 = DIRECTION('',(0.,0.,1.));
#15493 = DIRECTION('',(0.254387668537,-0.967102328658,0.));
#15494 = ORIENTED_EDGE('',*,*,#15495,.T.);
#15495 = EDGE_CURVE('',#15487,#15452,#15496,.T.);
#15496 = LINE('',#15497,#15498);
#15497 = CARTESIAN_POINT('',(187.258333,-63.770447,1.585));
#15498 = VECTOR('',#15499,1.);
#15499 = DIRECTION('',(0.,1.,0.));
#15500 = PLANE('',#15501);
#15501 = AXIS2_PLACEMENT_3D('',#15502,#15503,#15504);
#15502 = CARTESIAN_POINT('',(0.,0.,1.585));
#15503 = DIRECTION('',(0.,0.,1.));
#15504 = DIRECTION('',(1.,0.,-0.));
#15505 = SHELL_BASED_SURFACE_MODEL('',(#15506));
#15506 = OPEN_SHELL('',(#15507));
#15507 = ADVANCED_FACE('',(#15508),#15694,.T.);
#15508 = FACE_BOUND('',#15509,.F.);
#15509 = EDGE_LOOP('',(#15510,#15521,#15529,#15538,#15546,#15554,#15563,
    #15571,#15580,#15588,#15596,#15604,#15613,#15621,#15630,#15638,
    #15647,#15655,#15663,#15671,#15680,#15688));
#15510 = ORIENTED_EDGE('',*,*,#15511,.T.);
#15511 = EDGE_CURVE('',#15512,#15514,#15516,.T.);
#15512 = VERTEX_POINT('',#15513);
#15513 = CARTESIAN_POINT('',(187.652035,-63.528378,1.585));
#15514 = VERTEX_POINT('',#15515);
#15515 = CARTESIAN_POINT('',(187.666667,-63.379819,1.585));
#15516 = CIRCLE('',#15517,7.500006711464E-02);
#15517 = AXIS2_PLACEMENT_3D('',#15518,#15519,#15520);
#15518 = CARTESIAN_POINT('',(187.66666693288,-63.45481906711,1.585));
#15519 = DIRECTION('',(0.,0.,-1.));
#15520 = DIRECTION('',(-0.195092263891,-0.980784894138,-0.));
#15521 = ORIENTED_EDGE('',*,*,#15522,.T.);
#15522 = EDGE_CURVE('',#15514,#15523,#15525,.T.);
#15523 = VERTEX_POINT('',#15524);
#15524 = CARTESIAN_POINT('',(188.293452,-63.380581,1.585));
#15525 = LINE('',#15526,#15527);
#15526 = CARTESIAN_POINT('',(187.666667,-63.379819,1.585));
#15527 = VECTOR('',#15528,1.);
#15528 = DIRECTION('',(0.999999261004,-1.215726982756E-03,0.));
#15529 = ORIENTED_EDGE('',*,*,#15530,.T.);
#15530 = EDGE_CURVE('',#15523,#15531,#15533,.T.);
#15531 = VERTEX_POINT('',#15532);
#15532 = CARTESIAN_POINT('',(188.359273,-63.469451,1.585));
#15533 = CIRCLE('',#15534,7.447391611626E-02);
#15534 = AXIS2_PLACEMENT_3D('',#15535,#15536,#15537);
#15535 = CARTESIAN_POINT('',(188.28627292664,-63.4547080874,1.585));
#15536 = DIRECTION('',(0.,0.,-1.));
#15537 = DIRECTION('',(9.639715124814E-02,0.995342950561,0.));
#15538 = ORIENTED_EDGE('',*,*,#15539,.T.);
#15539 = EDGE_CURVE('',#15531,#15540,#15542,.T.);
#15540 = VERTEX_POINT('',#15541);
#15541 = CARTESIAN_POINT('',(188.342157,-63.504207,1.585));
#15542 = LINE('',#15543,#15544);
#15543 = CARTESIAN_POINT('',(188.359273,-63.469451,1.585));
#15544 = VECTOR('',#15545,1.);
#15545 = DIRECTION('',(-0.441795255027,-0.897115908139,0.));
#15546 = ORIENTED_EDGE('',*,*,#15547,.T.);
#15547 = EDGE_CURVE('',#15540,#15548,#15550,.T.);
#15548 = VERTEX_POINT('',#15549);
#15549 = CARTESIAN_POINT('',(188.115261,-63.763516,1.585));
#15550 = LINE('',#15551,#15552);
#15551 = CARTESIAN_POINT('',(188.342157,-63.504207,1.585));
#15552 = VECTOR('',#15553,1.);
#15553 = DIRECTION('',(-0.658505635208,-0.752575795784,0.));
#15554 = ORIENTED_EDGE('',*,*,#15555,.T.);
#15555 = EDGE_CURVE('',#15548,#15556,#15558,.T.);
#15556 = VERTEX_POINT('',#15557);
#15557 = CARTESIAN_POINT('',(188.359273,-64.011615,1.585));
#15558 = CIRCLE('',#15559,0.348520834816);
#15559 = AXIS2_PLACEMENT_3D('',#15560,#15561,#15562);
#15560 = CARTESIAN_POINT('',(188.0219676174,-64.09931819931,1.585));
#15561 = DIRECTION('',(0.,0.,-1.));
#15562 = DIRECTION('',(0.267683803321,0.963506814423,0.));
#15563 = ORIENTED_EDGE('',*,*,#15564,.T.);
#15564 = EDGE_CURVE('',#15556,#15565,#15567,.T.);
#15565 = VERTEX_POINT('',#15566);
#15566 = CARTESIAN_POINT('',(188.358051,-64.284152,1.585));
#15567 = LINE('',#15568,#15569);
#15568 = CARTESIAN_POINT('',(188.359273,-64.011615,1.585));
#15569 = VECTOR('',#15570,1.);
#15570 = DIRECTION('',(-4.483749789568E-03,-0.999989947943,0.));
#15571 = ORIENTED_EDGE('',*,*,#15572,.T.);
#15572 = EDGE_CURVE('',#15565,#15573,#15575,.T.);
#15573 = VERTEX_POINT('',#15574);
#15574 = CARTESIAN_POINT('',(188.10987,-64.528378,1.585));
#15575 = CIRCLE('',#15576,0.348635327447);
#15576 = AXIS2_PLACEMENT_3D('',#15577,#15578,#15579);
#15577 = CARTESIAN_POINT('',(188.02209848129,-64.19097208415,1.585));
#15578 = DIRECTION('',(0.,0.,-1.));
#15579 = DIRECTION('',(0.963621561732,-0.267270435638,0.));
#15580 = ORIENTED_EDGE('',*,*,#15581,.T.);
#15581 = EDGE_CURVE('',#15573,#15582,#15584,.T.);
#15582 = VERTEX_POINT('',#15583);
#15583 = CARTESIAN_POINT('',(187.789714,-64.527156,1.585));
#15584 = LINE('',#15585,#15586);
#15585 = CARTESIAN_POINT('',(188.10987,-64.528378,1.585));
#15586 = VECTOR('',#15587,1.);
#15587 = DIRECTION('',(-0.999992715758,3.816861463332E-03,0.));
#15588 = ORIENTED_EDGE('',*,*,#15589,.T.);
#15589 = EDGE_CURVE('',#15582,#15590,#15592,.T.);
#15590 = VERTEX_POINT('',#15591);
#15591 = CARTESIAN_POINT('',(187.667001,-64.46495,1.585));
#15592 = LINE('',#15593,#15594);
#15593 = CARTESIAN_POINT('',(187.789714,-64.527156,1.585));
#15594 = VECTOR('',#15595,1.);
#15595 = DIRECTION('',(-0.891943702445,0.452146471477,0.));
#15596 = ORIENTED_EDGE('',*,*,#15597,.T.);
#15597 = EDGE_CURVE('',#15590,#15598,#15600,.T.);
#15598 = VERTEX_POINT('',#15599);
#15599 = CARTESIAN_POINT('',(187.604306,-64.401247,1.585));
#15600 = LINE('',#15601,#15602);
#15601 = CARTESIAN_POINT('',(187.667001,-64.46495,1.585));
#15602 = VECTOR('',#15603,1.);
#15603 = DIRECTION('',(-0.701445434384,0.712723159847,0.));
#15604 = ORIENTED_EDGE('',*,*,#15605,.T.);
#15605 = EDGE_CURVE('',#15598,#15606,#15608,.T.);
#15606 = VERTEX_POINT('',#15607);
#15607 = CARTESIAN_POINT('',(187.719701,-64.306548,1.585));
#15608 = CIRCLE('',#15609,7.500012668038E-02);
#15609 = AXIS2_PLACEMENT_3D('',#15610,#15611,#15612);
#15610 = CARTESIAN_POINT('',(187.66666705199,-64.35958024831,1.585));
#15611 = DIRECTION('',(0.,0.,-1.));
#15612 = DIRECTION('',(-0.831479288827,-0.555555750804,-0.));
#15613 = ORIENTED_EDGE('',*,*,#15614,.T.);
#15614 = EDGE_CURVE('',#15606,#15615,#15617,.T.);
#15615 = VERTEX_POINT('',#15616);
#15616 = CARTESIAN_POINT('',(187.758713,-64.345561,1.585));
#15617 = LINE('',#15618,#15619);
#15618 = CARTESIAN_POINT('',(187.719701,-64.306548,1.585));
#15619 = VECTOR('',#15620,1.);
#15620 = DIRECTION('',(0.707097718562,-0.707115843695,0.));
#15621 = ORIENTED_EDGE('',*,*,#15622,.T.);
#15622 = EDGE_CURVE('',#15615,#15623,#15625,.T.);
#15623 = VERTEX_POINT('',#15624);
#15624 = CARTESIAN_POINT('',(188.146048,-64.345561,1.585));
#15625 = CIRCLE('',#15626,0.358502380266);
#15626 = AXIS2_PLACEMENT_3D('',#15627,#15628,#15629);
#15627 = CARTESIAN_POINT('',(187.9523805,-64.043871,1.585));
#15628 = DIRECTION('',(0.,0.,1.));
#15629 = DIRECTION('',(-0.540212591772,-0.841528582813,0.));
#15630 = ORIENTED_EDGE('',*,*,#15631,.T.);
#15631 = EDGE_CURVE('',#15623,#15632,#15634,.T.);
#15632 = VERTEX_POINT('',#15633);
#15633 = CARTESIAN_POINT('',(188.176455,-64.315153,1.585));
#15634 = LINE('',#15635,#15636);
#15635 = CARTESIAN_POINT('',(188.146048,-64.345561,1.585));
#15636 = VECTOR('',#15637,1.);
#15637 = DIRECTION('',(0.707095153914,0.707118408268,0.));
#15638 = ORIENTED_EDGE('',*,*,#15639,.T.);
#15639 = EDGE_CURVE('',#15632,#15640,#15642,.T.);
#15640 = VERTEX_POINT('',#15641);
#15641 = CARTESIAN_POINT('',(188.176456,-63.975436,1.585));
#15642 = CIRCLE('',#15643,0.305616146029);
#15643 = AXIS2_PLACEMENT_3D('',#15644,#15645,#15646);
#15644 = CARTESIAN_POINT('',(187.92238992049,-64.14529375212,1.585));
#15645 = DIRECTION('',(0.,-0.,1.));
#15646 = DIRECTION('',(0.831320867071,-0.555792781505,-0.));
#15647 = ORIENTED_EDGE('',*,*,#15648,.T.);
#15648 = EDGE_CURVE('',#15640,#15649,#15651,.T.);
#15649 = VERTEX_POINT('',#15650);
#15650 = CARTESIAN_POINT('',(188.146049,-63.945029,1.585));
#15651 = LINE('',#15652,#15653);
#15652 = CARTESIAN_POINT('',(188.176456,-63.975436,1.585));
#15653 = VECTOR('',#15654,1.);
#15654 = DIRECTION('',(-0.707106781186,0.707106781187,0.));
#15655 = ORIENTED_EDGE('',*,*,#15656,.T.);
#15656 = EDGE_CURVE('',#15649,#15657,#15659,.T.);
#15657 = VERTEX_POINT('',#15658);
#15658 = CARTESIAN_POINT('',(188.077533,-63.910771,1.585));
#15659 = LINE('',#15660,#15661);
#15660 = CARTESIAN_POINT('',(188.146049,-63.945029,1.585));
#15661 = VECTOR('',#15662,1.);
#15662 = DIRECTION('',(-0.894427191,0.4472135955,0.));
#15663 = ORIENTED_EDGE('',*,*,#15664,.T.);
#15664 = EDGE_CURVE('',#15657,#15665,#15667,.T.);
#15665 = VERTEX_POINT('',#15666);
#15666 = CARTESIAN_POINT('',(187.937749,-63.90933,1.585));
#15667 = LINE('',#15668,#15669);
#15668 = CARTESIAN_POINT('',(188.077533,-63.910771,1.585));
#15669 = VECTOR('',#15670,1.);
#15670 = DIRECTION('',(-0.999946868947,1.030821437469E-02,0.));
#15671 = ORIENTED_EDGE('',*,*,#15672,.T.);
#15672 = EDGE_CURVE('',#15665,#15673,#15675,.T.);
#15673 = VERTEX_POINT('',#15674);
#15674 = CARTESIAN_POINT('',(187.895938,-63.786383,1.585));
#15675 = CIRCLE('',#15676,7.500015628753E-02);
#15676 = AXIS2_PLACEMENT_3D('',#15677,#15678,#15679);
#15677 = CARTESIAN_POINT('',(187.95238128432,-63.8357710461,1.585));
#15678 = DIRECTION('',(0.,0.,-1.));
#15679 = DIRECTION('',(-0.195096717784,-0.980784008184,-0.));
#15680 = ORIENTED_EDGE('',*,*,#15681,.T.);
#15681 = EDGE_CURVE('',#15673,#15682,#15684,.T.);
#15682 = VERTEX_POINT('',#15683);
#15683 = CARTESIAN_POINT('',(188.120432,-63.529819,1.585));
#15684 = LINE('',#15685,#15686);
#15685 = CARTESIAN_POINT('',(187.895938,-63.786383,1.585));
#15686 = VECTOR('',#15687,1.);
#15687 = DIRECTION('',(0.658505438534,0.752575967874,0.));
#15688 = ORIENTED_EDGE('',*,*,#15689,.T.);
#15689 = EDGE_CURVE('',#15682,#15512,#15690,.T.);
#15690 = LINE('',#15691,#15692);
#15691 = CARTESIAN_POINT('',(188.120432,-63.529819,1.585));
#15692 = VECTOR('',#15693,1.);
#15693 = DIRECTION('',(-0.999995267761,3.076435546877E-03,0.));
#15694 = PLANE('',#15695);
#15695 = AXIS2_PLACEMENT_3D('',#15696,#15697,#15698);
#15696 = CARTESIAN_POINT('',(0.,0.,1.585));
#15697 = DIRECTION('',(0.,0.,1.));
#15698 = DIRECTION('',(1.,0.,-0.));
#15699 = SHELL_BASED_SURFACE_MODEL('',(#15700));
#15700 = OPEN_SHELL('',(#15701));
#15701 = ADVANCED_FACE('',(#15702),#15738,.T.);
#15702 = FACE_BOUND('',#15703,.F.);
#15703 = EDGE_LOOP('',(#15704,#15715,#15723,#15732));
#15704 = ORIENTED_EDGE('',*,*,#15705,.T.);
#15705 = EDGE_CURVE('',#15706,#15708,#15710,.T.);
#15706 = VERTEX_POINT('',#15707);
#15707 = CARTESIAN_POINT('',(183.310436,-63.97,1.585));
#15708 = VERTEX_POINT('',#15709);
#15709 = CARTESIAN_POINT('',(183.310436,-63.85,1.585));
#15710 = CIRCLE('',#15711,6.000000000042E-02);
#15711 = AXIS2_PLACEMENT_3D('',#15712,#15713,#15714);
#15712 = CARTESIAN_POINT('',(183.31043577441,-63.91,1.585));
#15713 = DIRECTION('',(0.,0.,-1.));
#15714 = DIRECTION('',(3.759794727379E-06,-0.999999999993,0.));
#15715 = ORIENTED_EDGE('',*,*,#15716,.T.);
#15716 = EDGE_CURVE('',#15708,#15717,#15719,.T.);
#15717 = VERTEX_POINT('',#15718);
#15718 = CARTESIAN_POINT('',(184.764564,-63.85,1.585));
#15719 = LINE('',#15720,#15721);
#15720 = CARTESIAN_POINT('',(183.310436,-63.85,1.585));
#15721 = VECTOR('',#15722,1.);
#15722 = DIRECTION('',(1.,0.,0.));
#15723 = ORIENTED_EDGE('',*,*,#15724,.T.);
#15724 = EDGE_CURVE('',#15717,#15725,#15727,.T.);
#15725 = VERTEX_POINT('',#15726);
#15726 = CARTESIAN_POINT('',(184.764564,-63.97,1.585));
#15727 = CIRCLE('',#15728,6.000000000042E-02);
#15728 = AXIS2_PLACEMENT_3D('',#15729,#15730,#15731);
#15729 = CARTESIAN_POINT('',(184.76456422558,-63.91,1.585));
#15730 = DIRECTION('',(0.,0.,-1.));
#15731 = DIRECTION('',(-3.759794253684E-06,0.999999999993,-0.));
#15732 = ORIENTED_EDGE('',*,*,#15733,.T.);
#15733 = EDGE_CURVE('',#15725,#15706,#15734,.T.);
#15734 = LINE('',#15735,#15736);
#15735 = CARTESIAN_POINT('',(184.764564,-63.97,1.585));
#15736 = VECTOR('',#15737,1.);
#15737 = DIRECTION('',(-1.,0.,0.));
#15738 = PLANE('',#15739);
#15739 = AXIS2_PLACEMENT_3D('',#15740,#15741,#15742);
#15740 = CARTESIAN_POINT('',(0.,0.,1.585));
#15741 = DIRECTION('',(0.,0.,1.));
#15742 = DIRECTION('',(1.,0.,-0.));
#15743 = SHELL_BASED_SURFACE_MODEL('',(#15744));
#15744 = OPEN_SHELL('',(#15745));
#15745 = ADVANCED_FACE('',(#15746),#15816,.T.);
#15746 = FACE_BOUND('',#15747,.F.);
#15747 = EDGE_LOOP('',(#15748,#15759,#15767,#15776,#15784,#15793,#15801,
    #15810));
#15748 = ORIENTED_EDGE('',*,*,#15749,.T.);
#15749 = EDGE_CURVE('',#15750,#15752,#15754,.T.);
#15750 = VERTEX_POINT('',#15751);
#15751 = CARTESIAN_POINT('',(179.030439,-63.31841,1.585));
#15752 = VERTEX_POINT('',#15753);
#15753 = CARTESIAN_POINT('',(179.152383,-63.794241,1.585));
#15754 = CIRCLE('',#15755,0.381846438075);
#15755 = AXIS2_PLACEMENT_3D('',#15756,#15757,#15758);
#15756 = CARTESIAN_POINT('',(178.8081851159,-63.62890945777,1.585));
#15757 = DIRECTION('',(0.,0.,-1.));
#15758 = DIRECTION('',(0.582050431619,0.813152688646,0.));
#15759 = ORIENTED_EDGE('',*,*,#15760,.T.);
#15760 = EDGE_CURVE('',#15752,#15761,#15763,.T.);
#15761 = VERTEX_POINT('',#15762);
#15762 = CARTESIAN_POINT('',(179.093129,-63.89545,1.585));
#15763 = LINE('',#15764,#15765);
#15764 = CARTESIAN_POINT('',(179.152383,-63.794241,1.585));
#15765 = VECTOR('',#15766,1.);
#15766 = DIRECTION('',(-0.505240847877,-0.862978380747,0.));
#15767 = ORIENTED_EDGE('',*,*,#15768,.T.);
#15768 = EDGE_CURVE('',#15761,#15769,#15771,.T.);
#15769 = VERTEX_POINT('',#15770);
#15770 = CARTESIAN_POINT('',(178.971789,-63.808499,1.585));
#15771 = CIRCLE('',#15772,7.500004727907E-02);
#15772 = AXIS2_PLACEMENT_3D('',#15773,#15774,#15775);
#15773 = CARTESIAN_POINT('',(179.03674086798,-63.84599915915,1.585));
#15774 = DIRECTION('',(-0.,0.,-1.));
#15775 = DIRECTION('',(0.751841286234,-0.659344128899,-0.));
#15776 = ORIENTED_EDGE('',*,*,#15777,.T.);
#15777 = EDGE_CURVE('',#15769,#15778,#15780,.T.);
#15778 = VERTEX_POINT('',#15779);
#15779 = CARTESIAN_POINT('',(179.013323,-63.73656,1.585));
#15780 = LINE('',#15781,#15782);
#15781 = CARTESIAN_POINT('',(178.971789,-63.808499,1.585));
#15782 = VECTOR('',#15783,1.);
#15783 = DIRECTION('',(0.499999990834,0.866025409077,0.));
#15784 = ORIENTED_EDGE('',*,*,#15785,.T.);
#15785 = EDGE_CURVE('',#15778,#15786,#15788,.T.);
#15786 = VERTEX_POINT('',#15787);
#15787 = CARTESIAN_POINT('',(178.931742,-63.432094,1.585));
#15788 = CIRCLE('',#15789,0.23943402313);
#15789 = AXIS2_PLACEMENT_3D('',#15790,#15791,#15792);
#15790 = CARTESIAN_POINT('',(178.79842474466,-63.63097879293,1.585));
#15791 = DIRECTION('',(0.,-0.,1.));
#15792 = DIRECTION('',(0.89752597617,-0.44096158801,-0.));
#15793 = ORIENTED_EDGE('',*,*,#15794,.T.);
#15794 = EDGE_CURVE('',#15786,#15795,#15797,.T.);
#15795 = VERTEX_POINT('',#15796);
#15796 = CARTESIAN_POINT('',(178.311741,-63.072472,1.585));
#15797 = LINE('',#15798,#15799);
#15798 = CARTESIAN_POINT('',(178.931742,-63.432094,1.585));
#15799 = VECTOR('',#15800,1.);
#15800 = DIRECTION('',(-0.865018218857,0.501740451873,0.));
#15801 = ORIENTED_EDGE('',*,*,#15802,.T.);
#15802 = EDGE_CURVE('',#15795,#15803,#15805,.T.);
#15803 = VERTEX_POINT('',#15804);
#15804 = CARTESIAN_POINT('',(178.3853,-62.945064,1.585));
#15805 = CIRCLE('',#15806,7.500028830063E-02);
#15806 = AXIS2_PLACEMENT_3D('',#15807,#15808,#15809);
#15807 = CARTESIAN_POINT('',(178.36119267636,-63.01608428014,1.585));
#15808 = DIRECTION('',(0.,0.,-1.));
#15809 = DIRECTION('',(-0.659353150261,-0.751833374652,-0.));
#15810 = ORIENTED_EDGE('',*,*,#15811,.T.);
#15811 = EDGE_CURVE('',#15803,#15750,#15812,.T.);
#15812 = LINE('',#15813,#15814);
#15813 = CARTESIAN_POINT('',(178.3853,-62.945064,1.585));
#15814 = VECTOR('',#15815,1.);
#15815 = DIRECTION('',(0.865516745688,-0.500879988554,0.));
#15816 = PLANE('',#15817);
#15817 = AXIS2_PLACEMENT_3D('',#15818,#15819,#15820);
#15818 = CARTESIAN_POINT('',(0.,0.,1.585));
#15819 = DIRECTION('',(0.,0.,1.));
#15820 = DIRECTION('',(1.,0.,-0.));
#15821 = SHELL_BASED_SURFACE_MODEL('',(#15822));
#15822 = OPEN_SHELL('',(#15823));
#15823 = ADVANCED_FACE('',(#15824),#15958,.T.);
#15824 = FACE_BOUND('',#15825,.F.);
#15825 = EDGE_LOOP('',(#15826,#15837,#15845,#15853,#15861,#15869,#15878,
    #15886,#15895,#15903,#15911,#15919,#15927,#15936,#15944,#15952));
#15826 = ORIENTED_EDGE('',*,*,#15827,.T.);
#15827 = EDGE_CURVE('',#15828,#15830,#15832,.T.);
#15828 = VERTEX_POINT('',#15829);
#15829 = CARTESIAN_POINT('',(178.645911,-62.416982,1.585));
#15830 = VERTEX_POINT('',#15831);
#15831 = CARTESIAN_POINT('',(178.713429,-62.322656,1.585));
#15832 = CIRCLE('',#15833,7.499885866797E-02);
#15833 = AXIS2_PLACEMENT_3D('',#15834,#15835,#15836);
#15834 = CARTESIAN_POINT('',(178.71833377655,-62.39749430548,1.585));
#15835 = DIRECTION('',(0.,0.,-1.));
#15836 = DIRECTION('',(-0.965651715808,-0.259839880997,-0.));
#15837 = ORIENTED_EDGE('',*,*,#15838,.T.);
#15838 = EDGE_CURVE('',#15830,#15839,#15841,.T.);
#15839 = VERTEX_POINT('',#15840);
#15840 = CARTESIAN_POINT('',(178.720715,-62.323615,1.585));
#15841 = LINE('',#15842,#15843);
#15842 = CARTESIAN_POINT('',(178.713429,-62.322656,1.585));
#15843 = VECTOR('',#15844,1.);
#15844 = DIRECTION('',(0.991448736745,-0.130496752475,0.));
#15845 = ORIENTED_EDGE('',*,*,#15846,.T.);
#15846 = EDGE_CURVE('',#15839,#15847,#15849,.T.);
#15847 = VERTEX_POINT('',#15848);
#15848 = CARTESIAN_POINT('',(178.755835,-62.332543,1.585));
#15849 = LINE('',#15850,#15851);
#15850 = CARTESIAN_POINT('',(178.720715,-62.323615,1.585));
#15851 = VECTOR('',#15852,1.);
#15852 = DIRECTION('',(0.969173892216,-0.246377691051,0.));
#15853 = ORIENTED_EDGE('',*,*,#15854,.T.);
#15854 = EDGE_CURVE('',#15847,#15855,#15857,.T.);
#15855 = VERTEX_POINT('',#15856);
#15856 = CARTESIAN_POINT('',(179.556908,-62.795042,1.585));
#15857 = LINE('',#15858,#15859);
#15858 = CARTESIAN_POINT('',(178.755835,-62.332543,1.585));
#15859 = VECTOR('',#15860,1.);
#15860 = DIRECTION('',(0.866025737177,-0.499999422548,0.));
#15861 = ORIENTED_EDGE('',*,*,#15862,.T.);
#15862 = EDGE_CURVE('',#15855,#15863,#15865,.T.);
#15863 = VERTEX_POINT('',#15864);
#15864 = CARTESIAN_POINT('',(179.67083,-62.600608,1.585));
#15865 = LINE('',#15866,#15867);
#15866 = CARTESIAN_POINT('',(179.556908,-62.795042,1.585));
#15867 = VECTOR('',#15868,1.);
#15868 = DIRECTION('',(0.505532718742,0.862807435226,0.));
#15869 = ORIENTED_EDGE('',*,*,#15870,.T.);
#15870 = EDGE_CURVE('',#15863,#15871,#15873,.T.);
#15871 = VERTEX_POINT('',#15872);
#15872 = CARTESIAN_POINT('',(179.79217,-62.687559,1.585));
#15873 = CIRCLE('',#15874,7.500004727907E-02);
#15874 = AXIS2_PLACEMENT_3D('',#15875,#15876,#15877);
#15875 = CARTESIAN_POINT('',(179.72721813201,-62.65005884084,1.585));
#15876 = DIRECTION('',(0.,0.,-1.));
#15877 = DIRECTION('',(-0.751841286234,0.659344128899,0.));
#15878 = ORIENTED_EDGE('',*,*,#15879,.T.);
#15879 = EDGE_CURVE('',#15871,#15880,#15882,.T.);
#15880 = VERTEX_POINT('',#15881);
#15881 = CARTESIAN_POINT('',(179.497891,-63.194381,1.585));
#15882 = LINE('',#15883,#15884);
#15883 = CARTESIAN_POINT('',(179.79217,-62.687559,1.585));
#15884 = VECTOR('',#15885,1.);
#15885 = DIRECTION('',(-0.502129466302,-0.864792460115,0.));
#15886 = ORIENTED_EDGE('',*,*,#15887,.T.);
#15887 = EDGE_CURVE('',#15880,#15888,#15890,.T.);
#15888 = VERTEX_POINT('',#15889);
#15889 = CARTESIAN_POINT('',(179.376551,-63.10743,1.585));
#15890 = CIRCLE('',#15891,7.500004727907E-02);
#15891 = AXIS2_PLACEMENT_3D('',#15892,#15893,#15894);
#15892 = CARTESIAN_POINT('',(179.44150286798,-63.14493015915,1.585));
#15893 = DIRECTION('',(-0.,0.,-1.));
#15894 = DIRECTION('',(0.751841286234,-0.659344128899,-0.));
#15895 = ORIENTED_EDGE('',*,*,#15896,.T.);
#15896 = EDGE_CURVE('',#15888,#15897,#15899,.T.);
#15897 = VERTEX_POINT('',#15898);
#15898 = CARTESIAN_POINT('',(179.481908,-62.924946,1.585));
#15899 = LINE('',#15900,#15901);
#15900 = CARTESIAN_POINT('',(179.376551,-63.10743,1.585));
#15901 = VECTOR('',#15902,1.);
#15902 = DIRECTION('',(0.499999336105,0.866025787084,0.));
#15903 = ORIENTED_EDGE('',*,*,#15904,.T.);
#15904 = EDGE_CURVE('',#15897,#15905,#15907,.T.);
#15905 = VERTEX_POINT('',#15906);
#15906 = CARTESIAN_POINT('',(178.878882,-62.576789,1.585));
#15907 = LINE('',#15908,#15909);
#15908 = CARTESIAN_POINT('',(179.481908,-62.924946,1.585));
#15909 = VECTOR('',#15910,1.);
#15910 = DIRECTION('',(-0.866025542726,0.499999759345,0.));
#15911 = ORIENTED_EDGE('',*,*,#15912,.T.);
#15912 = EDGE_CURVE('',#15905,#15913,#15915,.T.);
#15913 = VERTEX_POINT('',#15914);
#15914 = CARTESIAN_POINT('',(178.903874,-62.678553,1.585));
#15915 = LINE('',#15916,#15917);
#15916 = CARTESIAN_POINT('',(178.878882,-62.576789,1.585));
#15917 = VECTOR('',#15918,1.);
#15918 = DIRECTION('',(0.238500734851,-0.971142316798,0.));
#15919 = ORIENTED_EDGE('',*,*,#15920,.T.);
#15920 = EDGE_CURVE('',#15913,#15921,#15923,.T.);
#15921 = VERTEX_POINT('',#15922);
#15922 = CARTESIAN_POINT('',(178.895464,-62.8068,1.585));
#15923 = LINE('',#15924,#15925);
#15924 = CARTESIAN_POINT('',(178.903874,-62.678553,1.585));
#15925 = VECTOR('',#15926,1.);
#15926 = DIRECTION('',(-6.543603671486E-02,-0.997856765823,0.));
#15927 = ORIENTED_EDGE('',*,*,#15928,.T.);
#15928 = EDGE_CURVE('',#15921,#15929,#15931,.T.);
#15929 = VERTEX_POINT('',#15930);
#15930 = CARTESIAN_POINT('',(178.748049,-62.783293,1.585));
#15931 = CIRCLE('',#15932,7.499979488983E-02);
#15932 = AXIS2_PLACEMENT_3D('',#15933,#15934,#15935);
#15933 = CARTESIAN_POINT('',(178.82291398689,-62.78778777152,1.585));
#15934 = DIRECTION('',(-0.,0.,-1.));
#15935 = DIRECTION('',(0.967336153567,-0.253497072965,-0.));
#15936 = ORIENTED_EDGE('',*,*,#15937,.T.);
#15937 = EDGE_CURVE('',#15929,#15938,#15940,.T.);
#15938 = VERTEX_POINT('',#15939);
#15939 = CARTESIAN_POINT('',(178.753699,-62.689153,1.585));
#15940 = LINE('',#15941,#15942);
#15941 = CARTESIAN_POINT('',(178.748049,-62.783293,1.585));
#15942 = VECTOR('',#15943,1.);
#15943 = DIRECTION('',(5.990919529874E-02,0.998203831048,0.));
#15944 = ORIENTED_EDGE('',*,*,#15945,.T.);
#15945 = EDGE_CURVE('',#15938,#15946,#15948,.T.);
#15946 = VERTEX_POINT('',#15947);
#15947 = CARTESIAN_POINT('',(178.723912,-62.577989,1.585));
#15948 = LINE('',#15949,#15950);
#15949 = CARTESIAN_POINT('',(178.753699,-62.689153,1.585));
#15950 = VECTOR('',#15951,1.);
#15951 = DIRECTION('',(-0.25882468743,0.965924314414,0.));
#15952 = ORIENTED_EDGE('',*,*,#15953,.T.);
#15953 = EDGE_CURVE('',#15946,#15828,#15954,.T.);
#15954 = LINE('',#15955,#15956);
#15955 = CARTESIAN_POINT('',(178.723912,-62.577989,1.585));
#15956 = VECTOR('',#15957,1.);
#15957 = DIRECTION('',(-0.435988369085,0.899952299859,0.));
#15958 = PLANE('',#15959);
#15959 = AXIS2_PLACEMENT_3D('',#15960,#15961,#15962);
#15960 = CARTESIAN_POINT('',(0.,0.,1.585));
#15961 = DIRECTION('',(0.,0.,1.));
#15962 = DIRECTION('',(1.,0.,-0.));
#15963 = SHELL_BASED_SURFACE_MODEL('',(#15964));
#15964 = OPEN_SHELL('',(#15965));
#15965 = ADVANCED_FACE('',(#15966),#16027,.T.);
#15966 = FACE_BOUND('',#15967,.F.);
#15967 = EDGE_LOOP('',(#15968,#15979,#15987,#15996,#16004,#16013,#16021)
  );
#15968 = ORIENTED_EDGE('',*,*,#15969,.T.);
#15969 = EDGE_CURVE('',#15970,#15972,#15974,.T.);
#15970 = VERTEX_POINT('',#15971);
#15971 = CARTESIAN_POINT('',(178.546794,-61.384974,1.585));
#15972 = VERTEX_POINT('',#15973);
#15973 = CARTESIAN_POINT('',(178.650717,-61.444974,1.585));
#15974 = CIRCLE('',#15975,5.999997902072E-02);
#15975 = AXIS2_PLACEMENT_3D('',#15976,#15977,#15978);
#15976 = CARTESIAN_POINT('',(178.59875574351,-61.41497357821,1.585));
#15977 = DIRECTION('',(0.,0.,-1.));
#15978 = DIRECTION('',(-0.866029361451,0.499993145057,0.));
#15979 = ORIENTED_EDGE('',*,*,#15980,.T.);
#15980 = EDGE_CURVE('',#15972,#15981,#15983,.T.);
#15981 = VERTEX_POINT('',#15982);
#15982 = CARTESIAN_POINT('',(177.750718,-63.003821,1.585));
#15983 = LINE('',#15984,#15985);
#15984 = CARTESIAN_POINT('',(178.650717,-61.444974,1.585));
#15985 = VECTOR('',#15986,1.);
#15986 = DIRECTION('',(-0.499999277052,-0.866025821178,0.));
#15987 = ORIENTED_EDGE('',*,*,#15988,.T.);
#15988 = EDGE_CURVE('',#15981,#15989,#15991,.T.);
#15989 = VERTEX_POINT('',#15990);
#15990 = CARTESIAN_POINT('',(177.668756,-63.025782,1.585));
#15991 = CIRCLE('',#15992,6.000056962804E-02);
#15992 = AXIS2_PLACEMENT_3D('',#15993,#15994,#15995);
#15993 = CARTESIAN_POINT('',(177.69875637533,-62.97382003472,1.585));
#15994 = DIRECTION('',(0.,0.,-1.));
#15995 = DIRECTION('',(0.866018855977,-0.500011340963,0.));
#15996 = ORIENTED_EDGE('',*,*,#15997,.T.);
#15997 = EDGE_CURVE('',#15989,#15998,#16000,.T.);
#15998 = VERTEX_POINT('',#15999);
#15999 = CARTESIAN_POINT('',(176.413019,-62.30078,1.585));
#16000 = LINE('',#16001,#16002);
#16001 = CARTESIAN_POINT('',(177.668756,-63.025782,1.585));
#16002 = VECTOR('',#16003,1.);
#16003 = DIRECTION('',(-0.86602483489,0.500000985353,0.));
#16004 = ORIENTED_EDGE('',*,*,#16005,.T.);
#16005 = EDGE_CURVE('',#15998,#16006,#16008,.T.);
#16006 = VERTEX_POINT('',#16007);
#16007 = CARTESIAN_POINT('',(176.473019,-62.196858,1.585));
#16008 = CIRCLE('',#16009,5.999954601311E-02);
#16009 = AXIS2_PLACEMENT_3D('',#16010,#16011,#16012);
#16010 = CARTESIAN_POINT('',(176.44301823548,-62.2488185586,1.585));
#16011 = DIRECTION('',(0.,0.,-1.));
#16012 = DIRECTION('',(-0.499991041169,-0.866030576106,-0.));
#16013 = ORIENTED_EDGE('',*,*,#16014,.T.);
#16014 = EDGE_CURVE('',#16006,#16015,#16017,.T.);
#16015 = VERTEX_POINT('',#16016);
#16016 = CARTESIAN_POINT('',(177.676794,-62.891858,1.585));
#16017 = LINE('',#16018,#16019);
#16018 = CARTESIAN_POINT('',(176.473019,-62.196858,1.585));
#16019 = VECTOR('',#16020,1.);
#16020 = DIRECTION('',(0.866025347802,-0.500000096964,0.));
#16021 = ORIENTED_EDGE('',*,*,#16022,.T.);
#16022 = EDGE_CURVE('',#16015,#15970,#16023,.T.);
#16023 = LINE('',#16024,#16025);
#16024 = CARTESIAN_POINT('',(177.676794,-62.891858,1.585));
#16025 = VECTOR('',#16026,1.);
#16026 = DIRECTION('',(0.500000050415,0.866025374677,0.));
#16027 = PLANE('',#16028);
#16028 = AXIS2_PLACEMENT_3D('',#16029,#16030,#16031);
#16029 = CARTESIAN_POINT('',(0.,0.,1.585));
#16030 = DIRECTION('',(0.,0.,1.));
#16031 = DIRECTION('',(1.,0.,-0.));
#16032 = SHELL_BASED_SURFACE_MODEL('',(#16033));
#16033 = OPEN_SHELL('',(#16034));
#16034 = ADVANCED_FACE('',(#16035,#16146),#16198,.T.);
#16035 = FACE_BOUND('',#16036,.F.);
#16036 = EDGE_LOOP('',(#16037,#16048,#16056,#16065,#16073,#16082,#16090,
    #16098,#16107,#16115,#16123,#16131,#16140));
#16037 = ORIENTED_EDGE('',*,*,#16038,.T.);
#16038 = EDGE_CURVE('',#16039,#16041,#16043,.T.);
#16039 = VERTEX_POINT('',#16040);
#16040 = CARTESIAN_POINT('',(186.688346,-61.940187,1.585));
#16041 = VERTEX_POINT('',#16042);
#16042 = CARTESIAN_POINT('',(186.761905,-61.879819,1.585));
#16043 = CIRCLE('',#16044,7.500074938989E-02);
#16044 = AXIS2_PLACEMENT_3D('',#16045,#16046,#16047);
#16045 = CARTESIAN_POINT('',(186.76190546611,-61.95481974938,1.585));
#16046 = DIRECTION('',(0.,0.,-1.));
#16047 = DIRECTION('',(-0.980783081614,0.195101375752,0.));
#16048 = ORIENTED_EDGE('',*,*,#16049,.T.);
#16049 = EDGE_CURVE('',#16041,#16050,#16052,.T.);
#16050 = VERTEX_POINT('',#16051);
#16051 = CARTESIAN_POINT('',(187.157489,-61.88126,1.585));
#16052 = LINE('',#16053,#16054);
#16053 = CARTESIAN_POINT('',(186.761905,-61.879819,1.585));
#16054 = VECTOR('',#16055,1.);
#16055 = DIRECTION('',(0.999993365378,-3.642691411961E-03,0.));
#16056 = ORIENTED_EDGE('',*,*,#16057,.T.);
#16057 = EDGE_CURVE('',#16050,#16058,#16060,.T.);
#16058 = VERTEX_POINT('',#16059);
#16059 = CARTESIAN_POINT('',(187.406892,-62.130663,1.585));
#16060 = CIRCLE('',#16061,0.347870264855);
#16061 = AXIS2_PLACEMENT_3D('',#16062,#16063,#16064);
#16062 = CARTESIAN_POINT('',(187.07016126502,-62.21799073497,1.585));
#16063 = DIRECTION('',(0.,0.,-1.));
#16064 = DIRECTION('',(0.251035353678,0.967977918758,0.));
#16065 = ORIENTED_EDGE('',*,*,#16066,.T.);
#16066 = EDGE_CURVE('',#16058,#16067,#16069,.T.);
#16067 = VERTEX_POINT('',#16068);
#16068 = CARTESIAN_POINT('',(187.40567,-62.307962,1.585));
#16069 = LINE('',#16070,#16071);
#16070 = CARTESIAN_POINT('',(187.406892,-62.130663,1.585));
#16071 = VECTOR('',#16072,1.);
#16072 = DIRECTION('',(-6.892148157212E-03,-0.999976248865,0.));
#16073 = ORIENTED_EDGE('',*,*,#16074,.T.);
#16074 = EDGE_CURVE('',#16067,#16075,#16077,.T.);
#16075 = VERTEX_POINT('',#16076);
#16076 = CARTESIAN_POINT('',(187.157489,-62.552187,1.585));
#16077 = CIRCLE('',#16078,0.348632345848);
#16078 = AXIS2_PLACEMENT_3D('',#16079,#16080,#16081);
#16079 = CARTESIAN_POINT('',(187.06972019403,-62.2147834593,1.585));
#16080 = DIRECTION('',(0.,0.,-1.));
#16081 = DIRECTION('',(0.963622021775,-0.267268776985,0.));
#16082 = ORIENTED_EDGE('',*,*,#16083,.T.);
#16083 = EDGE_CURVE('',#16075,#16084,#16086,.T.);
#16084 = VERTEX_POINT('',#16085);
#16085 = CARTESIAN_POINT('',(187.143972,-62.553518,1.585));
#16086 = LINE('',#16087,#16088);
#16087 = CARTESIAN_POINT('',(187.157489,-62.552187,1.585));
#16088 = VECTOR('',#16089,1.);
#16089 = DIRECTION('',(-0.995186940545,-9.799465989924E-02,0.));
#16090 = ORIENTED_EDGE('',*,*,#16091,.T.);
#16091 = EDGE_CURVE('',#16084,#16092,#16094,.T.);
#16092 = VERTEX_POINT('',#16093);
#16093 = CARTESIAN_POINT('',(187.401986,-62.924623,1.585));
#16094 = LINE('',#16095,#16096);
#16095 = CARTESIAN_POINT('',(187.143972,-62.553518,1.585));
#16096 = VECTOR('',#16097,1.);
#16097 = DIRECTION('',(0.570846789809,-0.821056601316,0.));
#16098 = ORIENTED_EDGE('',*,*,#16099,.T.);
#16099 = EDGE_CURVE('',#16092,#16100,#16102,.T.);
#16100 = VERTEX_POINT('',#16101);
#16101 = CARTESIAN_POINT('',(187.271891,-62.997829,1.585));
#16102 = CIRCLE('',#16103,7.500005951702E-02);
#16103 = AXIS2_PLACEMENT_3D('',#16104,#16105,#16106);
#16104 = CARTESIAN_POINT('',(187.33333306294,-62.95481874739,1.585));
#16105 = DIRECTION('',(0.,0.,-1.));
#16106 = DIRECTION('',(0.915371767707,0.402609645791,0.));
#16107 = ORIENTED_EDGE('',*,*,#16108,.T.);
#16108 = EDGE_CURVE('',#16100,#16109,#16111,.T.);
#16109 = VERTEX_POINT('',#16110);
#16110 = CARTESIAN_POINT('',(186.960951,-62.553628,1.585));
#16111 = LINE('',#16112,#16113);
#16112 = CARTESIAN_POINT('',(187.271891,-62.997829,1.585));
#16113 = VECTOR('',#16114,1.);
#16114 = DIRECTION('',(-0.573461477921,0.819232527028,0.));
#16115 = ORIENTED_EDGE('',*,*,#16116,.T.);
#16116 = EDGE_CURVE('',#16109,#16117,#16119,.T.);
#16117 = VERTEX_POINT('',#16118);
#16118 = CARTESIAN_POINT('',(186.836905,-62.553628,1.585));
#16119 = LINE('',#16120,#16121);
#16120 = CARTESIAN_POINT('',(186.960951,-62.553628,1.585));
#16121 = VECTOR('',#16122,1.);
#16122 = DIRECTION('',(-1.,0.,0.));
#16123 = ORIENTED_EDGE('',*,*,#16124,.T.);
#16124 = EDGE_CURVE('',#16117,#16125,#16127,.T.);
#16125 = VERTEX_POINT('',#16126);
#16126 = CARTESIAN_POINT('',(186.835464,-62.969451,1.585));
#16127 = LINE('',#16128,#16129);
#16128 = CARTESIAN_POINT('',(186.836905,-62.553628,1.585));
#16129 = VECTOR('',#16130,1.);
#16130 = DIRECTION('',(-3.465395967783E-03,-0.999993995497,0.));
#16131 = ORIENTED_EDGE('',*,*,#16132,.T.);
#16132 = EDGE_CURVE('',#16125,#16133,#16135,.T.);
#16133 = VERTEX_POINT('',#16134);
#16134 = CARTESIAN_POINT('',(186.686905,-62.954819,1.585));
#16135 = CIRCLE('',#16136,7.500006711464E-02);
#16136 = AXIS2_PLACEMENT_3D('',#16137,#16138,#16139);
#16137 = CARTESIAN_POINT('',(186.76190506711,-62.95481906711,1.585));
#16138 = DIRECTION('',(-0.,0.,-1.));
#16139 = DIRECTION('',(0.980784894138,-0.195092263891,-0.));
#16140 = ORIENTED_EDGE('',*,*,#16141,.T.);
#16141 = EDGE_CURVE('',#16133,#16039,#16142,.T.);
#16142 = LINE('',#16143,#16144);
#16143 = CARTESIAN_POINT('',(186.686905,-62.954819,1.585));
#16144 = VECTOR('',#16145,1.);
#16145 = DIRECTION('',(1.420217918158E-03,0.99999899149,0.));
#16146 = FACE_BOUND('',#16147,.F.);
#16147 = EDGE_LOOP('',(#16148,#16159,#16167,#16175,#16183,#16192));
#16148 = ORIENTED_EDGE('',*,*,#16149,.T.);
#16149 = EDGE_CURVE('',#16150,#16152,#16154,.T.);
#16150 = VERTEX_POINT('',#16151);
#16151 = CARTESIAN_POINT('',(187.258333,-62.163,1.585));
#16152 = VERTEX_POINT('',#16153);
#16153 = CARTESIAN_POINT('',(187.125152,-62.029819,1.585));
#16154 = CIRCLE('',#16155,0.18686440374);
#16155 = AXIS2_PLACEMENT_3D('',#16156,#16157,#16158);
#16156 = CARTESIAN_POINT('',(187.077616,-62.210536,1.585));
#16157 = DIRECTION('',(0.,0.,1.));
#16158 = DIRECTION('',(0.967102328658,0.254387668537,-0.));
#16159 = ORIENTED_EDGE('',*,*,#16160,.T.);
#16160 = EDGE_CURVE('',#16152,#16161,#16163,.T.);
#16161 = VERTEX_POINT('',#16162);
#16162 = CARTESIAN_POINT('',(186.836905,-62.029819,1.585));
#16163 = LINE('',#16164,#16165);
#16164 = CARTESIAN_POINT('',(187.125152,-62.029819,1.585));
#16165 = VECTOR('',#16166,1.);
#16166 = DIRECTION('',(-1.,0.,0.));
#16167 = ORIENTED_EDGE('',*,*,#16168,.T.);
#16168 = EDGE_CURVE('',#16161,#16169,#16171,.T.);
#16169 = VERTEX_POINT('',#16170);
#16170 = CARTESIAN_POINT('',(186.836905,-62.403628,1.585));
#16171 = LINE('',#16172,#16173);
#16172 = CARTESIAN_POINT('',(186.836905,-62.029819,1.585));
#16173 = VECTOR('',#16174,1.);
#16174 = DIRECTION('',(0.,-1.,0.));
#16175 = ORIENTED_EDGE('',*,*,#16176,.T.);
#16176 = EDGE_CURVE('',#16169,#16177,#16179,.T.);
#16177 = VERTEX_POINT('',#16178);
#16178 = CARTESIAN_POINT('',(187.125152,-62.403628,1.585));
#16179 = LINE('',#16180,#16181);
#16180 = CARTESIAN_POINT('',(186.836905,-62.403628,1.585));
#16181 = VECTOR('',#16182,1.);
#16182 = DIRECTION('',(1.,0.,0.));
#16183 = ORIENTED_EDGE('',*,*,#16184,.T.);
#16184 = EDGE_CURVE('',#16177,#16185,#16187,.T.);
#16185 = VERTEX_POINT('',#16186);
#16186 = CARTESIAN_POINT('',(187.258333,-62.270447,1.585));
#16187 = CIRCLE('',#16188,0.18686440374);
#16188 = AXIS2_PLACEMENT_3D('',#16189,#16190,#16191);
#16189 = CARTESIAN_POINT('',(187.077616,-62.222911,1.585));
#16190 = DIRECTION('',(0.,0.,1.));
#16191 = DIRECTION('',(0.254387668537,-0.967102328658,0.));
#16192 = ORIENTED_EDGE('',*,*,#16193,.T.);
#16193 = EDGE_CURVE('',#16185,#16150,#16194,.T.);
#16194 = LINE('',#16195,#16196);
#16195 = CARTESIAN_POINT('',(187.258333,-62.270447,1.585));
#16196 = VECTOR('',#16197,1.);
#16197 = DIRECTION('',(0.,1.,0.));
#16198 = PLANE('',#16199);
#16199 = AXIS2_PLACEMENT_3D('',#16200,#16201,#16202);
#16200 = CARTESIAN_POINT('',(0.,0.,1.585));
#16201 = DIRECTION('',(0.,0.,1.));
#16202 = DIRECTION('',(1.,0.,-0.));
#16203 = SHELL_BASED_SURFACE_MODEL('',(#16204));
#16204 = OPEN_SHELL('',(#16205));
#16205 = ADVANCED_FACE('',(#16206,#16349),#16419,.T.);
#16206 = FACE_BOUND('',#16207,.F.);
#16207 = EDGE_LOOP('',(#16208,#16219,#16227,#16235,#16244,#16252,#16260,
    #16268,#16276,#16284,#16292,#16300,#16309,#16317,#16326,#16334,
    #16343));
#16208 = ORIENTED_EDGE('',*,*,#16209,.T.);
#16209 = EDGE_CURVE('',#16210,#16212,#16214,.T.);
#16210 = VERTEX_POINT('',#16211);
#16211 = CARTESIAN_POINT('',(187.641525,-62.3652,1.585));
#16212 = VERTEX_POINT('',#16213);
#16213 = CARTESIAN_POINT('',(187.871221,-61.935356,1.585));
#16214 = CIRCLE('',#16215,0.610092147705);
#16215 = AXIS2_PLACEMENT_3D('',#16216,#16217,#16218);
#16216 = CARTESIAN_POINT('',(188.24967174024,-62.41388234817,1.585));
#16217 = DIRECTION('',(0.,0.,-1.));
#16218 = DIRECTION('',(-0.99681128913,7.979507417354E-02,0.));
#16219 = ORIENTED_EDGE('',*,*,#16220,.T.);
#16220 = EDGE_CURVE('',#16212,#16221,#16223,.T.);
#16221 = VERTEX_POINT('',#16222);
#16222 = CARTESIAN_POINT('',(187.985368,-61.88126,1.585));
#16223 = LINE('',#16224,#16225);
#16224 = CARTESIAN_POINT('',(187.871221,-61.935356,1.585));
#16225 = VECTOR('',#16226,1.);
#16226 = DIRECTION('',(0.903657062662,0.428256830769,0.));
#16227 = ORIENTED_EDGE('',*,*,#16228,.T.);
#16228 = EDGE_CURVE('',#16221,#16229,#16231,.T.);
#16229 = VERTEX_POINT('',#16230);
#16230 = CARTESIAN_POINT('',(188.205108,-61.88126,1.585));
#16231 = LINE('',#16232,#16233);
#16232 = CARTESIAN_POINT('',(187.985368,-61.88126,1.585));
#16233 = VECTOR('',#16234,1.);
#16234 = DIRECTION('',(1.,0.,0.));
#16235 = ORIENTED_EDGE('',*,*,#16236,.T.);
#16236 = EDGE_CURVE('',#16229,#16237,#16239,.T.);
#16237 = VERTEX_POINT('',#16238);
#16238 = CARTESIAN_POINT('',(188.190476,-62.029819,1.585));
#16239 = CIRCLE('',#16240,7.500006711464E-02);
#16240 = AXIS2_PLACEMENT_3D('',#16241,#16242,#16243);
#16241 = CARTESIAN_POINT('',(188.19047606711,-61.95481893288,1.585));
#16242 = DIRECTION('',(0.,0.,-1.));
#16243 = DIRECTION('',(0.195092263891,0.980784894138,0.));
#16244 = ORIENTED_EDGE('',*,*,#16245,.T.);
#16245 = EDGE_CURVE('',#16237,#16246,#16248,.T.);
#16246 = VERTEX_POINT('',#16247);
#16247 = CARTESIAN_POINT('',(188.017705,-62.029819,1.585));
#16248 = LINE('',#16249,#16250);
#16249 = CARTESIAN_POINT('',(188.190476,-62.029819,1.585));
#16250 = VECTOR('',#16251,1.);
#16251 = DIRECTION('',(-1.,0.,0.));
#16252 = ORIENTED_EDGE('',*,*,#16253,.T.);
#16253 = EDGE_CURVE('',#16246,#16254,#16256,.T.);
#16254 = VERTEX_POINT('',#16255);
#16255 = CARTESIAN_POINT('',(187.949189,-62.064077,1.585));
#16256 = LINE('',#16257,#16258);
#16257 = CARTESIAN_POINT('',(188.017705,-62.029819,1.585));
#16258 = VECTOR('',#16259,1.);
#16259 = DIRECTION('',(-0.894427191,-0.4472135955,0.));
#16260 = ORIENTED_EDGE('',*,*,#16261,.T.);
#16261 = EDGE_CURVE('',#16254,#16262,#16264,.T.);
#16262 = VERTEX_POINT('',#16263);
#16263 = CARTESIAN_POINT('',(187.915427,-62.097838,1.585));
#16264 = LINE('',#16265,#16266);
#16265 = CARTESIAN_POINT('',(187.949189,-62.064077,1.585));
#16266 = VECTOR('',#16267,1.);
#16267 = DIRECTION('',(-0.707117253197,-0.707096309021,0.));
#16268 = ORIENTED_EDGE('',*,*,#16269,.T.);
#16269 = EDGE_CURVE('',#16262,#16270,#16272,.T.);
#16270 = VERTEX_POINT('',#16271);
#16271 = CARTESIAN_POINT('',(187.831515,-62.223707,1.585));
#16272 = LINE('',#16273,#16274);
#16273 = CARTESIAN_POINT('',(187.915427,-62.097838,1.585));
#16274 = VECTOR('',#16275,1.);
#16275 = DIRECTION('',(-0.554697145239,-0.832052328321,0.));
#16276 = ORIENTED_EDGE('',*,*,#16277,.T.);
#16277 = EDGE_CURVE('',#16270,#16278,#16280,.T.);
#16278 = VERTEX_POINT('',#16279);
#16279 = CARTESIAN_POINT('',(187.812991,-62.297804,1.585));
#16280 = LINE('',#16281,#16282);
#16281 = CARTESIAN_POINT('',(187.831515,-62.223707,1.585));
#16282 = VECTOR('',#16283,1.);
#16283 = DIRECTION('',(-0.242532544357,-0.97014327031,0.));
#16284 = ORIENTED_EDGE('',*,*,#16285,.T.);
#16285 = EDGE_CURVE('',#16278,#16286,#16288,.T.);
#16286 = VERTEX_POINT('',#16287);
#16287 = CARTESIAN_POINT('',(187.89013,-62.262212,1.585));
#16288 = LINE('',#16289,#16290);
#16289 = CARTESIAN_POINT('',(187.812991,-62.297804,1.585));
#16290 = VECTOR('',#16291,1.);
#16291 = DIRECTION('',(0.90800692221,0.418955163734,0.));
#16292 = ORIENTED_EDGE('',*,*,#16293,.T.);
#16293 = EDGE_CURVE('',#16286,#16294,#16296,.T.);
#16294 = VERTEX_POINT('',#16295);
#16295 = CARTESIAN_POINT('',(188.115047,-62.263434,1.585));
#16296 = LINE('',#16297,#16298);
#16297 = CARTESIAN_POINT('',(187.89013,-62.262212,1.585));
#16298 = VECTOR('',#16299,1.);
#16299 = DIRECTION('',(0.999985240956,-5.433035139391E-03,0.));
#16300 = ORIENTED_EDGE('',*,*,#16301,.T.);
#16301 = EDGE_CURVE('',#16294,#16302,#16304,.T.);
#16302 = VERTEX_POINT('',#16303);
#16303 = CARTESIAN_POINT('',(188.359273,-62.511615,1.585));
#16304 = CIRCLE('',#16305,0.348625649748);
#16305 = AXIS2_PLACEMENT_3D('',#16306,#16307,#16308);
#16306 = CARTESIAN_POINT('',(188.02187504586,-62.59937868387,1.585));
#16307 = DIRECTION('',(0.,0.,-1.));
#16308 = DIRECTION('',(0.267255017531,0.96362583797,0.));
#16309 = ORIENTED_EDGE('',*,*,#16310,.T.);
#16310 = EDGE_CURVE('',#16302,#16311,#16313,.T.);
#16311 = VERTEX_POINT('',#16312);
#16312 = CARTESIAN_POINT('',(188.358051,-62.784152,1.585));
#16313 = LINE('',#16314,#16315);
#16314 = CARTESIAN_POINT('',(188.359273,-62.511615,1.585));
#16315 = VECTOR('',#16316,1.);
#16316 = DIRECTION('',(-4.483749789568E-03,-0.999989947943,0.));
#16317 = ORIENTED_EDGE('',*,*,#16318,.T.);
#16318 = EDGE_CURVE('',#16311,#16319,#16321,.T.);
#16319 = VERTEX_POINT('',#16320);
#16320 = CARTESIAN_POINT('',(188.10987,-63.028378,1.585));
#16321 = CIRCLE('',#16322,0.348635327447);
#16322 = AXIS2_PLACEMENT_3D('',#16323,#16324,#16325);
#16323 = CARTESIAN_POINT('',(188.02209848129,-62.69097208415,1.585));
#16324 = DIRECTION('',(0.,0.,-1.));
#16325 = DIRECTION('',(0.963621561732,-0.267270435637,0.));
#16326 = ORIENTED_EDGE('',*,*,#16327,.T.);
#16327 = EDGE_CURVE('',#16319,#16328,#16330,.T.);
#16328 = VERTEX_POINT('',#16329);
#16329 = CARTESIAN_POINT('',(187.884952,-63.027156,1.585));
#16330 = LINE('',#16331,#16332);
#16331 = CARTESIAN_POINT('',(188.10987,-63.028378,1.585));
#16332 = VECTOR('',#16333,1.);
#16333 = DIRECTION('',(-0.999985241087,5.433010984477E-03,0.));
#16334 = ORIENTED_EDGE('',*,*,#16335,.T.);
#16335 = EDGE_CURVE('',#16328,#16336,#16338,.T.);
#16336 = VERTEX_POINT('',#16337);
#16337 = CARTESIAN_POINT('',(187.640727,-62.778974,1.585));
#16338 = CIRCLE('',#16339,0.348628446662);
#16339 = AXIS2_PLACEMENT_3D('',#16340,#16341,#16342);
#16340 = CARTESIAN_POINT('',(187.97812761322,-62.69120942847,1.585));
#16341 = DIRECTION('',(0.,0.,-1.));
#16342 = DIRECTION('',(-0.267263369124,-0.963623521674,-0.));
#16343 = ORIENTED_EDGE('',*,*,#16344,.T.);
#16344 = EDGE_CURVE('',#16336,#16210,#16345,.T.);
#16345 = LINE('',#16346,#16347);
#16346 = CARTESIAN_POINT('',(187.640727,-62.778974,1.585));
#16347 = VECTOR('',#16348,1.);
#16348 = DIRECTION('',(1.928585449894E-03,0.999998140277,0.));
#16349 = FACE_BOUND('',#16350,.F.);
#16350 = EDGE_LOOP('',(#16351,#16362,#16370,#16379,#16387,#16396,#16404,
    #16413));
#16351 = ORIENTED_EDGE('',*,*,#16352,.T.);
#16352 = EDGE_CURVE('',#16353,#16355,#16357,.T.);
#16353 = VERTEX_POINT('',#16354);
#16354 = CARTESIAN_POINT('',(188.146049,-62.445029,1.585));
#16355 = VERTEX_POINT('',#16356);
#16356 = CARTESIAN_POINT('',(187.853951,-62.445029,1.585));
#16357 = CIRCLE('',#16358,0.252889603602);
#16358 = AXIS2_PLACEMENT_3D('',#16359,#16360,#16361);
#16359 = CARTESIAN_POINT('',(188.,-62.651482,1.585));
#16360 = DIRECTION('',(0.,0.,1.));
#16361 = DIRECTION('',(0.577520775547,0.816375988018,-0.));
#16362 = ORIENTED_EDGE('',*,*,#16363,.T.);
#16363 = EDGE_CURVE('',#16355,#16364,#16366,.T.);
#16364 = VERTEX_POINT('',#16365);
#16365 = CARTESIAN_POINT('',(187.823544,-62.475436,1.585));
#16366 = LINE('',#16367,#16368);
#16367 = CARTESIAN_POINT('',(187.853951,-62.445029,1.585));
#16368 = VECTOR('',#16369,1.);
#16369 = DIRECTION('',(-0.707106781186,-0.707106781187,0.));
#16370 = ORIENTED_EDGE('',*,*,#16371,.T.);
#16371 = EDGE_CURVE('',#16364,#16372,#16374,.T.);
#16372 = VERTEX_POINT('',#16373);
#16373 = CARTESIAN_POINT('',(187.823544,-62.815153,1.585));
#16374 = CIRCLE('',#16375,0.305621483548);
#16375 = AXIS2_PLACEMENT_3D('',#16376,#16377,#16378);
#16376 = CARTESIAN_POINT('',(188.077616,-62.6452945,1.585));
#16377 = DIRECTION('',(0.,0.,1.));
#16378 = DIRECTION('',(-0.831328992485,0.555780627814,0.));
#16379 = ORIENTED_EDGE('',*,*,#16380,.T.);
#16380 = EDGE_CURVE('',#16372,#16381,#16383,.T.);
#16381 = VERTEX_POINT('',#16382);
#16382 = CARTESIAN_POINT('',(187.853951,-62.845561,1.585));
#16383 = LINE('',#16384,#16385);
#16384 = CARTESIAN_POINT('',(187.823544,-62.815153,1.585));
#16385 = VECTOR('',#16386,1.);
#16386 = DIRECTION('',(0.707095153914,-0.707118408268,0.));
#16387 = ORIENTED_EDGE('',*,*,#16388,.T.);
#16388 = EDGE_CURVE('',#16381,#16389,#16391,.T.);
#16389 = VERTEX_POINT('',#16390);
#16390 = CARTESIAN_POINT('',(188.146048,-62.845561,1.585));
#16391 = CIRCLE('',#16392,0.252888498466);
#16392 = AXIS2_PLACEMENT_3D('',#16393,#16394,#16395);
#16393 = CARTESIAN_POINT('',(187.9999995,-62.639109,1.585));
#16394 = DIRECTION('',(0.,0.,1.));
#16395 = DIRECTION('',(-0.577521322188,-0.816375601313,0.));
#16396 = ORIENTED_EDGE('',*,*,#16397,.T.);
#16397 = EDGE_CURVE('',#16389,#16398,#16400,.T.);
#16398 = VERTEX_POINT('',#16399);
#16399 = CARTESIAN_POINT('',(188.176455,-62.815153,1.585));
#16400 = LINE('',#16401,#16402);
#16401 = CARTESIAN_POINT('',(188.146048,-62.845561,1.585));
#16402 = VECTOR('',#16403,1.);
#16403 = DIRECTION('',(0.707095153914,0.707118408268,0.));
#16404 = ORIENTED_EDGE('',*,*,#16405,.T.);
#16405 = EDGE_CURVE('',#16398,#16406,#16408,.T.);
#16406 = VERTEX_POINT('',#16407);
#16407 = CARTESIAN_POINT('',(188.176456,-62.475436,1.585));
#16408 = CIRCLE('',#16409,0.305616146029);
#16409 = AXIS2_PLACEMENT_3D('',#16410,#16411,#16412);
#16410 = CARTESIAN_POINT('',(187.92238992049,-62.64529375212,1.585));
#16411 = DIRECTION('',(0.,-0.,1.));
#16412 = DIRECTION('',(0.831320867071,-0.555792781505,-0.));
#16413 = ORIENTED_EDGE('',*,*,#16414,.T.);
#16414 = EDGE_CURVE('',#16406,#16353,#16415,.T.);
#16415 = LINE('',#16416,#16417);
#16416 = CARTESIAN_POINT('',(188.176456,-62.475436,1.585));
#16417 = VECTOR('',#16418,1.);
#16418 = DIRECTION('',(-0.707106781186,0.707106781187,0.));
#16419 = PLANE('',#16420);
#16420 = AXIS2_PLACEMENT_3D('',#16421,#16422,#16423);
#16421 = CARTESIAN_POINT('',(0.,0.,1.585));
#16422 = DIRECTION('',(0.,0.,1.));
#16423 = DIRECTION('',(1.,0.,-0.));
#16424 = SHELL_BASED_SURFACE_MODEL('',(#16425));
#16425 = OPEN_SHELL('',(#16426));
#16426 = ADVANCED_FACE('',(#16427),#16463,.T.);
#16427 = FACE_BOUND('',#16428,.F.);
#16428 = EDGE_LOOP('',(#16429,#16440,#16448,#16457));
#16429 = ORIENTED_EDGE('',*,*,#16430,.T.);
#16430 = EDGE_CURVE('',#16431,#16433,#16435,.T.);
#16431 = VERTEX_POINT('',#16432);
#16432 = CARTESIAN_POINT('',(183.310436,-62.15,1.585));
#16433 = VERTEX_POINT('',#16434);
#16434 = CARTESIAN_POINT('',(183.310436,-62.03,1.585));
#16435 = CIRCLE('',#16436,6.000000000042E-02);
#16436 = AXIS2_PLACEMENT_3D('',#16437,#16438,#16439);
#16437 = CARTESIAN_POINT('',(183.31043577441,-62.09,1.585));
#16438 = DIRECTION('',(0.,0.,-1.));
#16439 = DIRECTION('',(3.759794727379E-06,-0.999999999993,0.));
#16440 = ORIENTED_EDGE('',*,*,#16441,.T.);
#16441 = EDGE_CURVE('',#16433,#16442,#16444,.T.);
#16442 = VERTEX_POINT('',#16443);
#16443 = CARTESIAN_POINT('',(184.764564,-62.03,1.585));
#16444 = LINE('',#16445,#16446);
#16445 = CARTESIAN_POINT('',(183.310436,-62.03,1.585));
#16446 = VECTOR('',#16447,1.);
#16447 = DIRECTION('',(1.,0.,0.));
#16448 = ORIENTED_EDGE('',*,*,#16449,.T.);
#16449 = EDGE_CURVE('',#16442,#16450,#16452,.T.);
#16450 = VERTEX_POINT('',#16451);
#16451 = CARTESIAN_POINT('',(184.764564,-62.15,1.585));
#16452 = CIRCLE('',#16453,6.000000000043E-02);
#16453 = AXIS2_PLACEMENT_3D('',#16454,#16455,#16456);
#16454 = CARTESIAN_POINT('',(184.76456422558,-62.09,1.585));
#16455 = DIRECTION('',(0.,0.,-1.));
#16456 = DIRECTION('',(-3.759793779989E-06,0.999999999993,-0.));
#16457 = ORIENTED_EDGE('',*,*,#16458,.T.);
#16458 = EDGE_CURVE('',#16450,#16431,#16459,.T.);
#16459 = LINE('',#16460,#16461);
#16460 = CARTESIAN_POINT('',(184.764564,-62.15,1.585));
#16461 = VECTOR('',#16462,1.);
#16462 = DIRECTION('',(-1.,0.,0.));
#16463 = PLANE('',#16464);
#16464 = AXIS2_PLACEMENT_3D('',#16465,#16466,#16467);
#16465 = CARTESIAN_POINT('',(0.,0.,1.585));
#16466 = DIRECTION('',(0.,0.,1.));
#16467 = DIRECTION('',(1.,0.,-0.));
#16468 = SHELL_BASED_SURFACE_MODEL('',(#16469));
#16469 = OPEN_SHELL('',(#16470));
#16470 = ADVANCED_FACE('',(#16471),#16507,.T.);
#16471 = FACE_BOUND('',#16472,.F.);
#16472 = EDGE_LOOP('',(#16473,#16484,#16492,#16501));
#16473 = ORIENTED_EDGE('',*,*,#16474,.T.);
#16474 = EDGE_CURVE('',#16475,#16477,#16479,.T.);
#16475 = VERTEX_POINT('',#16476);
#16476 = CARTESIAN_POINT('',(183.310436,-61.47,1.585));
#16477 = VERTEX_POINT('',#16478);
#16478 = CARTESIAN_POINT('',(183.310436,-61.35,1.585));
#16479 = CIRCLE('',#16480,6.000000000042E-02);
#16480 = AXIS2_PLACEMENT_3D('',#16481,#16482,#16483);
#16481 = CARTESIAN_POINT('',(183.31043577441,-61.41,1.585));
#16482 = DIRECTION('',(0.,0.,-1.));
#16483 = DIRECTION('',(3.759794727379E-06,-0.999999999993,0.));
#16484 = ORIENTED_EDGE('',*,*,#16485,.T.);
#16485 = EDGE_CURVE('',#16477,#16486,#16488,.T.);
#16486 = VERTEX_POINT('',#16487);
#16487 = CARTESIAN_POINT('',(184.764564,-61.35,1.585));
#16488 = LINE('',#16489,#16490);
#16489 = CARTESIAN_POINT('',(183.310436,-61.35,1.585));
#16490 = VECTOR('',#16491,1.);
#16491 = DIRECTION('',(1.,0.,0.));
#16492 = ORIENTED_EDGE('',*,*,#16493,.T.);
#16493 = EDGE_CURVE('',#16486,#16494,#16496,.T.);
#16494 = VERTEX_POINT('',#16495);
#16495 = CARTESIAN_POINT('',(184.764564,-61.47,1.585));
#16496 = CIRCLE('',#16497,6.000000000042E-02);
#16497 = AXIS2_PLACEMENT_3D('',#16498,#16499,#16500);
#16498 = CARTESIAN_POINT('',(184.76456422558,-61.41,1.585));
#16499 = DIRECTION('',(0.,0.,-1.));
#16500 = DIRECTION('',(-3.759794253684E-06,0.999999999993,-0.));
#16501 = ORIENTED_EDGE('',*,*,#16502,.T.);
#16502 = EDGE_CURVE('',#16494,#16475,#16503,.T.);
#16503 = LINE('',#16504,#16505);
#16504 = CARTESIAN_POINT('',(184.764564,-61.47,1.585));
#16505 = VECTOR('',#16506,1.);
#16506 = DIRECTION('',(-1.,0.,0.));
#16507 = PLANE('',#16508);
#16508 = AXIS2_PLACEMENT_3D('',#16509,#16510,#16511);
#16509 = CARTESIAN_POINT('',(0.,0.,1.585));
#16510 = DIRECTION('',(0.,0.,1.));
#16511 = DIRECTION('',(1.,0.,-0.));
#16512 = SHELL_BASED_SURFACE_MODEL('',(#16513));
#16513 = OPEN_SHELL('',(#16514));
#16514 = ADVANCED_FACE('',(#16515),#16551,.T.);
#16515 = FACE_BOUND('',#16516,.F.);
#16516 = EDGE_LOOP('',(#16517,#16528,#16536,#16545));
#16517 = ORIENTED_EDGE('',*,*,#16518,.T.);
#16518 = EDGE_CURVE('',#16519,#16521,#16523,.T.);
#16519 = VERTEX_POINT('',#16520);
#16520 = CARTESIAN_POINT('',(177.548865,-54.573437,1.585));
#16521 = VERTEX_POINT('',#16522);
#16522 = CARTESIAN_POINT('',(177.652788,-54.633437,1.585));
#16523 = CIRCLE('',#16524,5.999997902072E-02);
#16524 = AXIS2_PLACEMENT_3D('',#16525,#16526,#16527);
#16525 = CARTESIAN_POINT('',(177.60082674351,-54.60343657821,1.585));
#16526 = DIRECTION('',(0.,0.,-1.));
#16527 = DIRECTION('',(-0.866029361451,0.499993145057,0.));
#16528 = ORIENTED_EDGE('',*,*,#16529,.T.);
#16529 = EDGE_CURVE('',#16521,#16530,#16532,.T.);
#16530 = VERTEX_POINT('',#16531);
#16531 = CARTESIAN_POINT('',(174.687789,-59.768967,1.585));
#16532 = LINE('',#16533,#16534);
#16533 = CARTESIAN_POINT('',(177.652788,-54.633437,1.585));
#16534 = VECTOR('',#16535,1.);
#16535 = DIRECTION('',(-0.499999920582,-0.866025449636,0.));
#16536 = ORIENTED_EDGE('',*,*,#16537,.T.);
#16537 = EDGE_CURVE('',#16530,#16538,#16540,.T.);
#16538 = VERTEX_POINT('',#16539);
#16539 = CARTESIAN_POINT('',(174.583865,-59.708967,1.585));
#16540 = CIRCLE('',#16541,6.000041203195E-02);
#16541 = AXIS2_PLACEMENT_3D('',#16542,#16543,#16544);
#16542 = CARTESIAN_POINT('',(174.63582702728,-59.73896695273,1.585));
#16543 = DIRECTION('',(-0.,0.,-1.));
#16544 = DIRECTION('',(0.866026931331,-0.499997354202,-0.));
#16545 = ORIENTED_EDGE('',*,*,#16546,.T.);
#16546 = EDGE_CURVE('',#16538,#16519,#16547,.T.);
#16547 = LINE('',#16548,#16549);
#16548 = CARTESIAN_POINT('',(174.583865,-59.708967,1.585));
#16549 = VECTOR('',#16550,1.);
#16550 = DIRECTION('',(0.500000047058,0.866025376616,0.));
#16551 = PLANE('',#16552);
#16552 = AXIS2_PLACEMENT_3D('',#16553,#16554,#16555);
#16553 = CARTESIAN_POINT('',(0.,0.,1.585));
#16554 = DIRECTION('',(0.,0.,1.));
#16555 = DIRECTION('',(1.,0.,-0.));
#16556 = SHELL_BASED_SURFACE_MODEL('',(#16557));
#16557 = OPEN_SHELL('',(#16558));
#16558 = ADVANCED_FACE('',(#16559),#16595,.T.);
#16559 = FACE_BOUND('',#16560,.F.);
#16560 = EDGE_LOOP('',(#16561,#16572,#16580,#16589));
#16561 = ORIENTED_EDGE('',*,*,#16562,.T.);
#16562 = EDGE_CURVE('',#16563,#16565,#16567,.T.);
#16563 = VERTEX_POINT('',#16564);
#16564 = CARTESIAN_POINT('',(183.310436,-59.65,1.585));
#16565 = VERTEX_POINT('',#16566);
#16566 = CARTESIAN_POINT('',(183.310436,-59.53,1.585));
#16567 = CIRCLE('',#16568,6.000000000042E-02);
#16568 = AXIS2_PLACEMENT_3D('',#16569,#16570,#16571);
#16569 = CARTESIAN_POINT('',(183.31043577441,-59.59,1.585));
#16570 = DIRECTION('',(0.,0.,-1.));
#16571 = DIRECTION('',(3.759794727379E-06,-0.999999999993,0.));
#16572 = ORIENTED_EDGE('',*,*,#16573,.T.);
#16573 = EDGE_CURVE('',#16565,#16574,#16576,.T.);
#16574 = VERTEX_POINT('',#16575);
#16575 = CARTESIAN_POINT('',(184.764564,-59.53,1.585));
#16576 = LINE('',#16577,#16578);
#16577 = CARTESIAN_POINT('',(183.310436,-59.53,1.585));
#16578 = VECTOR('',#16579,1.);
#16579 = DIRECTION('',(1.,0.,0.));
#16580 = ORIENTED_EDGE('',*,*,#16581,.T.);
#16581 = EDGE_CURVE('',#16574,#16582,#16584,.T.);
#16582 = VERTEX_POINT('',#16583);
#16583 = CARTESIAN_POINT('',(184.764564,-59.65,1.585));
#16584 = CIRCLE('',#16585,6.000000000043E-02);
#16585 = AXIS2_PLACEMENT_3D('',#16586,#16587,#16588);
#16586 = CARTESIAN_POINT('',(184.76456422558,-59.59,1.585));
#16587 = DIRECTION('',(0.,0.,-1.));
#16588 = DIRECTION('',(-3.759793779989E-06,0.999999999993,-0.));
#16589 = ORIENTED_EDGE('',*,*,#16590,.T.);
#16590 = EDGE_CURVE('',#16582,#16563,#16591,.T.);
#16591 = LINE('',#16592,#16593);
#16592 = CARTESIAN_POINT('',(184.764564,-59.65,1.585));
#16593 = VECTOR('',#16594,1.);
#16594 = DIRECTION('',(-1.,0.,0.));
#16595 = PLANE('',#16596);
#16596 = AXIS2_PLACEMENT_3D('',#16597,#16598,#16599);
#16597 = CARTESIAN_POINT('',(0.,0.,1.585));
#16598 = DIRECTION('',(0.,0.,1.));
#16599 = DIRECTION('',(1.,0.,-0.));
#16600 = SHELL_BASED_SURFACE_MODEL('',(#16601));
#16601 = OPEN_SHELL('',(#16602));
#16602 = ADVANCED_FACE('',(#16603,#16714),#16766,.T.);
#16603 = FACE_BOUND('',#16604,.F.);
#16604 = EDGE_LOOP('',(#16605,#16616,#16624,#16633,#16641,#16650,#16658,
    #16666,#16675,#16683,#16691,#16699,#16708));
#16605 = ORIENTED_EDGE('',*,*,#16606,.T.);
#16606 = EDGE_CURVE('',#16607,#16609,#16611,.T.);
#16607 = VERTEX_POINT('',#16608);
#16608 = CARTESIAN_POINT('',(183.188346,-57.940187,1.585));
#16609 = VERTEX_POINT('',#16610);
#16610 = CARTESIAN_POINT('',(183.261905,-57.879819,1.585));
#16611 = CIRCLE('',#16612,7.500074938989E-02);
#16612 = AXIS2_PLACEMENT_3D('',#16613,#16614,#16615);
#16613 = CARTESIAN_POINT('',(183.26190546611,-57.95481974938,1.585));
#16614 = DIRECTION('',(0.,0.,-1.));
#16615 = DIRECTION('',(-0.980783081614,0.195101375752,0.));
#16616 = ORIENTED_EDGE('',*,*,#16617,.T.);
#16617 = EDGE_CURVE('',#16609,#16618,#16620,.T.);
#16618 = VERTEX_POINT('',#16619);
#16619 = CARTESIAN_POINT('',(183.657489,-57.88126,1.585));
#16620 = LINE('',#16621,#16622);
#16621 = CARTESIAN_POINT('',(183.261905,-57.879819,1.585));
#16622 = VECTOR('',#16623,1.);
#16623 = DIRECTION('',(0.999993365378,-3.642691411961E-03,0.));
#16624 = ORIENTED_EDGE('',*,*,#16625,.T.);
#16625 = EDGE_CURVE('',#16618,#16626,#16628,.T.);
#16626 = VERTEX_POINT('',#16627);
#16627 = CARTESIAN_POINT('',(183.906892,-58.130663,1.585));
#16628 = CIRCLE('',#16629,0.347870264855);
#16629 = AXIS2_PLACEMENT_3D('',#16630,#16631,#16632);
#16630 = CARTESIAN_POINT('',(183.57016126502,-58.21799073497,1.585));
#16631 = DIRECTION('',(0.,0.,-1.));
#16632 = DIRECTION('',(0.251035353678,0.967977918758,0.));
#16633 = ORIENTED_EDGE('',*,*,#16634,.T.);
#16634 = EDGE_CURVE('',#16626,#16635,#16637,.T.);
#16635 = VERTEX_POINT('',#16636);
#16636 = CARTESIAN_POINT('',(183.90567,-58.307962,1.585));
#16637 = LINE('',#16638,#16639);
#16638 = CARTESIAN_POINT('',(183.906892,-58.130663,1.585));
#16639 = VECTOR('',#16640,1.);
#16640 = DIRECTION('',(-6.892148157212E-03,-0.999976248865,0.));
#16641 = ORIENTED_EDGE('',*,*,#16642,.T.);
#16642 = EDGE_CURVE('',#16635,#16643,#16645,.T.);
#16643 = VERTEX_POINT('',#16644);
#16644 = CARTESIAN_POINT('',(183.657489,-58.552187,1.585));
#16645 = CIRCLE('',#16646,0.348632345848);
#16646 = AXIS2_PLACEMENT_3D('',#16647,#16648,#16649);
#16647 = CARTESIAN_POINT('',(183.56972019403,-58.2147834593,1.585));
#16648 = DIRECTION('',(0.,0.,-1.));
#16649 = DIRECTION('',(0.963622021775,-0.267268776985,0.));
#16650 = ORIENTED_EDGE('',*,*,#16651,.T.);
#16651 = EDGE_CURVE('',#16643,#16652,#16654,.T.);
#16652 = VERTEX_POINT('',#16653);
#16653 = CARTESIAN_POINT('',(183.643972,-58.553518,1.585));
#16654 = LINE('',#16655,#16656);
#16655 = CARTESIAN_POINT('',(183.657489,-58.552187,1.585));
#16656 = VECTOR('',#16657,1.);
#16657 = DIRECTION('',(-0.995186940545,-9.799465989924E-02,0.));
#16658 = ORIENTED_EDGE('',*,*,#16659,.T.);
#16659 = EDGE_CURVE('',#16652,#16660,#16662,.T.);
#16660 = VERTEX_POINT('',#16661);
#16661 = CARTESIAN_POINT('',(183.901986,-58.924623,1.585));
#16662 = LINE('',#16663,#16664);
#16663 = CARTESIAN_POINT('',(183.643972,-58.553518,1.585));
#16664 = VECTOR('',#16665,1.);
#16665 = DIRECTION('',(0.570846789809,-0.821056601316,0.));
#16666 = ORIENTED_EDGE('',*,*,#16667,.T.);
#16667 = EDGE_CURVE('',#16660,#16668,#16670,.T.);
#16668 = VERTEX_POINT('',#16669);
#16669 = CARTESIAN_POINT('',(183.771891,-58.997829,1.585));
#16670 = CIRCLE('',#16671,7.500005951702E-02);
#16671 = AXIS2_PLACEMENT_3D('',#16672,#16673,#16674);
#16672 = CARTESIAN_POINT('',(183.83333306294,-58.95481874739,1.585));
#16673 = DIRECTION('',(0.,0.,-1.));
#16674 = DIRECTION('',(0.915371767707,0.402609645791,0.));
#16675 = ORIENTED_EDGE('',*,*,#16676,.T.);
#16676 = EDGE_CURVE('',#16668,#16677,#16679,.T.);
#16677 = VERTEX_POINT('',#16678);
#16678 = CARTESIAN_POINT('',(183.460951,-58.553628,1.585));
#16679 = LINE('',#16680,#16681);
#16680 = CARTESIAN_POINT('',(183.771891,-58.997829,1.585));
#16681 = VECTOR('',#16682,1.);
#16682 = DIRECTION('',(-0.573461477921,0.819232527028,0.));
#16683 = ORIENTED_EDGE('',*,*,#16684,.T.);
#16684 = EDGE_CURVE('',#16677,#16685,#16687,.T.);
#16685 = VERTEX_POINT('',#16686);
#16686 = CARTESIAN_POINT('',(183.336905,-58.553628,1.585));
#16687 = LINE('',#16688,#16689);
#16688 = CARTESIAN_POINT('',(183.460951,-58.553628,1.585));
#16689 = VECTOR('',#16690,1.);
#16690 = DIRECTION('',(-1.,0.,0.));
#16691 = ORIENTED_EDGE('',*,*,#16692,.T.);
#16692 = EDGE_CURVE('',#16685,#16693,#16695,.T.);
#16693 = VERTEX_POINT('',#16694);
#16694 = CARTESIAN_POINT('',(183.335464,-58.969451,1.585));
#16695 = LINE('',#16696,#16697);
#16696 = CARTESIAN_POINT('',(183.336905,-58.553628,1.585));
#16697 = VECTOR('',#16698,1.);
#16698 = DIRECTION('',(-3.465395967783E-03,-0.999993995497,0.));
#16699 = ORIENTED_EDGE('',*,*,#16700,.T.);
#16700 = EDGE_CURVE('',#16693,#16701,#16703,.T.);
#16701 = VERTEX_POINT('',#16702);
#16702 = CARTESIAN_POINT('',(183.186905,-58.954819,1.585));
#16703 = CIRCLE('',#16704,7.500006711464E-02);
#16704 = AXIS2_PLACEMENT_3D('',#16705,#16706,#16707);
#16705 = CARTESIAN_POINT('',(183.26190506711,-58.95481906711,1.585));
#16706 = DIRECTION('',(-0.,0.,-1.));
#16707 = DIRECTION('',(0.980784894138,-0.195092263891,-0.));
#16708 = ORIENTED_EDGE('',*,*,#16709,.T.);
#16709 = EDGE_CURVE('',#16701,#16607,#16710,.T.);
#16710 = LINE('',#16711,#16712);
#16711 = CARTESIAN_POINT('',(183.186905,-58.954819,1.585));
#16712 = VECTOR('',#16713,1.);
#16713 = DIRECTION('',(1.420217918158E-03,0.99999899149,0.));
#16714 = FACE_BOUND('',#16715,.F.);
#16715 = EDGE_LOOP('',(#16716,#16727,#16735,#16743,#16751,#16760));
#16716 = ORIENTED_EDGE('',*,*,#16717,.T.);
#16717 = EDGE_CURVE('',#16718,#16720,#16722,.T.);
#16718 = VERTEX_POINT('',#16719);
#16719 = CARTESIAN_POINT('',(183.758333,-58.163,1.585));
#16720 = VERTEX_POINT('',#16721);
#16721 = CARTESIAN_POINT('',(183.625152,-58.029819,1.585));
#16722 = CIRCLE('',#16723,0.18686440374);
#16723 = AXIS2_PLACEMENT_3D('',#16724,#16725,#16726);
#16724 = CARTESIAN_POINT('',(183.577616,-58.210536,1.585));
#16725 = DIRECTION('',(0.,0.,1.));
#16726 = DIRECTION('',(0.967102328658,0.254387668537,-0.));
#16727 = ORIENTED_EDGE('',*,*,#16728,.T.);
#16728 = EDGE_CURVE('',#16720,#16729,#16731,.T.);
#16729 = VERTEX_POINT('',#16730);
#16730 = CARTESIAN_POINT('',(183.336905,-58.029819,1.585));
#16731 = LINE('',#16732,#16733);
#16732 = CARTESIAN_POINT('',(183.625152,-58.029819,1.585));
#16733 = VECTOR('',#16734,1.);
#16734 = DIRECTION('',(-1.,0.,0.));
#16735 = ORIENTED_EDGE('',*,*,#16736,.T.);
#16736 = EDGE_CURVE('',#16729,#16737,#16739,.T.);
#16737 = VERTEX_POINT('',#16738);
#16738 = CARTESIAN_POINT('',(183.336905,-58.403628,1.585));
#16739 = LINE('',#16740,#16741);
#16740 = CARTESIAN_POINT('',(183.336905,-58.029819,1.585));
#16741 = VECTOR('',#16742,1.);
#16742 = DIRECTION('',(0.,-1.,0.));
#16743 = ORIENTED_EDGE('',*,*,#16744,.T.);
#16744 = EDGE_CURVE('',#16737,#16745,#16747,.T.);
#16745 = VERTEX_POINT('',#16746);
#16746 = CARTESIAN_POINT('',(183.625152,-58.403628,1.585));
#16747 = LINE('',#16748,#16749);
#16748 = CARTESIAN_POINT('',(183.336905,-58.403628,1.585));
#16749 = VECTOR('',#16750,1.);
#16750 = DIRECTION('',(1.,0.,0.));
#16751 = ORIENTED_EDGE('',*,*,#16752,.T.);
#16752 = EDGE_CURVE('',#16745,#16753,#16755,.T.);
#16753 = VERTEX_POINT('',#16754);
#16754 = CARTESIAN_POINT('',(183.758333,-58.270447,1.585));
#16755 = CIRCLE('',#16756,0.18686440374);
#16756 = AXIS2_PLACEMENT_3D('',#16757,#16758,#16759);
#16757 = CARTESIAN_POINT('',(183.577616,-58.222911,1.585));
#16758 = DIRECTION('',(0.,0.,1.));
#16759 = DIRECTION('',(0.254387668537,-0.967102328658,0.));
#16760 = ORIENTED_EDGE('',*,*,#16761,.T.);
#16761 = EDGE_CURVE('',#16753,#16718,#16762,.T.);
#16762 = LINE('',#16763,#16764);
#16763 = CARTESIAN_POINT('',(183.758333,-58.270447,1.585));
#16764 = VECTOR('',#16765,1.);
#16765 = DIRECTION('',(0.,1.,0.));
#16766 = PLANE('',#16767);
#16767 = AXIS2_PLACEMENT_3D('',#16768,#16769,#16770);
#16768 = CARTESIAN_POINT('',(0.,0.,1.585));
#16769 = DIRECTION('',(0.,0.,1.));
#16770 = DIRECTION('',(1.,0.,-0.));
#16771 = SHELL_BASED_SURFACE_MODEL('',(#16772));
#16772 = OPEN_SHELL('',(#16773));
#16773 = ADVANCED_FACE('',(#16774,#16932),#17002,.T.);
#16774 = FACE_BOUND('',#16775,.F.);
#16775 = EDGE_LOOP('',(#16776,#16787,#16795,#16803,#16811,#16820,#16828,
    #16836,#16845,#16853,#16861,#16869,#16877,#16885,#16893,#16901,
    #16910,#16918,#16926));
#16776 = ORIENTED_EDGE('',*,*,#16777,.T.);
#16777 = EDGE_CURVE('',#16778,#16780,#16782,.T.);
#16778 = VERTEX_POINT('',#16779);
#16779 = CARTESIAN_POINT('',(184.269683,-57.93932,1.585));
#16780 = VERTEX_POINT('',#16781);
#16781 = CARTESIAN_POINT('',(184.737759,-57.944686,1.585));
#16782 = CIRCLE('',#16783,0.397581403297);
#16783 = AXIS2_PLACEMENT_3D('',#16784,#16785,#16786);
#16784 = CARTESIAN_POINT('',(184.50003687062,-58.26336948161,1.585));
#16785 = DIRECTION('',(0.,0.,-1.));
#16786 = DIRECTION('',(-0.579387940978,0.815051908684,0.));
#16787 = ORIENTED_EDGE('',*,*,#16788,.T.);
#16788 = EDGE_CURVE('',#16780,#16789,#16791,.T.);
#16789 = VERTEX_POINT('',#16790);
#16790 = CARTESIAN_POINT('',(184.801212,-58.010216,1.585));
#16791 = LINE('',#16792,#16793);
#16792 = CARTESIAN_POINT('',(184.737759,-57.944686,1.585));
#16793 = VECTOR('',#16794,1.);
#16794 = DIRECTION('',(0.695630129574,-0.718400113328,0.));
#16795 = ORIENTED_EDGE('',*,*,#16796,.T.);
#16796 = EDGE_CURVE('',#16789,#16797,#16799,.T.);
#16797 = VERTEX_POINT('',#16798);
#16798 = CARTESIAN_POINT('',(184.859273,-58.130663,1.585));
#16799 = LINE('',#16800,#16801);
#16800 = CARTESIAN_POINT('',(184.801212,-58.010216,1.585));
#16801 = VECTOR('',#16802,1.);
#16802 = DIRECTION('',(0.434228424707,-0.900802794831,0.));
#16803 = ORIENTED_EDGE('',*,*,#16804,.T.);
#16804 = EDGE_CURVE('',#16797,#16805,#16807,.T.);
#16805 = VERTEX_POINT('',#16806);
#16806 = CARTESIAN_POINT('',(184.858475,-58.544437,1.585));
#16807 = LINE('',#16808,#16809);
#16808 = CARTESIAN_POINT('',(184.859273,-58.130663,1.585));
#16809 = VECTOR('',#16810,1.);
#16810 = DIRECTION('',(-1.928585449894E-03,-0.999998140277,0.));
#16811 = ORIENTED_EDGE('',*,*,#16812,.T.);
#16812 = EDGE_CURVE('',#16805,#16813,#16815,.T.);
#16813 = VERTEX_POINT('',#16814);
#16814 = CARTESIAN_POINT('',(184.628779,-58.974282,1.585));
#16815 = CIRCLE('',#16816,0.610117599579);
#16816 = AXIS2_PLACEMENT_3D('',#16817,#16818,#16819);
#16817 = CARTESIAN_POINT('',(184.2503036885,-58.49574263494,1.585));
#16818 = DIRECTION('',(0.,0.,-1.));
#16819 = DIRECTION('',(0.996809978793,-7.981144140804E-02,0.));
#16820 = ORIENTED_EDGE('',*,*,#16821,.T.);
#16821 = EDGE_CURVE('',#16813,#16822,#16824,.T.);
#16822 = VERTEX_POINT('',#16823);
#16823 = CARTESIAN_POINT('',(184.514632,-59.028378,1.585));
#16824 = LINE('',#16825,#16826);
#16825 = CARTESIAN_POINT('',(184.628779,-58.974282,1.585));
#16826 = VECTOR('',#16827,1.);
#16827 = DIRECTION('',(-0.903657062662,-0.428256830769,0.));
#16828 = ORIENTED_EDGE('',*,*,#16829,.T.);
#16829 = EDGE_CURVE('',#16822,#16830,#16832,.T.);
#16830 = VERTEX_POINT('',#16831);
#16831 = CARTESIAN_POINT('',(184.294892,-59.028378,1.585));
#16832 = LINE('',#16833,#16834);
#16833 = CARTESIAN_POINT('',(184.514632,-59.028378,1.585));
#16834 = VECTOR('',#16835,1.);
#16835 = DIRECTION('',(-1.,0.,0.));
#16836 = ORIENTED_EDGE('',*,*,#16837,.T.);
#16837 = EDGE_CURVE('',#16830,#16838,#16840,.T.);
#16838 = VERTEX_POINT('',#16839);
#16839 = CARTESIAN_POINT('',(184.309524,-58.879819,1.585));
#16840 = CIRCLE('',#16841,7.500006711464E-02);
#16841 = AXIS2_PLACEMENT_3D('',#16842,#16843,#16844);
#16842 = CARTESIAN_POINT('',(184.30952393288,-58.95481906711,1.585));
#16843 = DIRECTION('',(0.,0.,-1.));
#16844 = DIRECTION('',(-0.195092263891,-0.980784894138,-0.));
#16845 = ORIENTED_EDGE('',*,*,#16846,.T.);
#16846 = EDGE_CURVE('',#16838,#16847,#16849,.T.);
#16847 = VERTEX_POINT('',#16848);
#16848 = CARTESIAN_POINT('',(184.482295,-58.879819,1.585));
#16849 = LINE('',#16850,#16851);
#16850 = CARTESIAN_POINT('',(184.309524,-58.879819,1.585));
#16851 = VECTOR('',#16852,1.);
#16852 = DIRECTION('',(1.,0.,0.));
#16853 = ORIENTED_EDGE('',*,*,#16854,.T.);
#16854 = EDGE_CURVE('',#16847,#16855,#16857,.T.);
#16855 = VERTEX_POINT('',#16856);
#16856 = CARTESIAN_POINT('',(184.55081,-58.845561,1.585));
#16857 = LINE('',#16858,#16859);
#16858 = CARTESIAN_POINT('',(184.482295,-58.879819,1.585));
#16859 = VECTOR('',#16860,1.);
#16860 = DIRECTION('',(0.894424580098,0.447218817266,0.));
#16861 = ORIENTED_EDGE('',*,*,#16862,.T.);
#16862 = EDGE_CURVE('',#16855,#16863,#16865,.T.);
#16863 = VERTEX_POINT('',#16864);
#16864 = CARTESIAN_POINT('',(184.58457,-58.8118,1.585));
#16865 = LINE('',#16866,#16867);
#16866 = CARTESIAN_POINT('',(184.55081,-58.845561,1.585));
#16867 = VECTOR('',#16868,1.);
#16868 = DIRECTION('',(0.707096308711,0.707117253507,0.));
#16869 = ORIENTED_EDGE('',*,*,#16870,.T.);
#16870 = EDGE_CURVE('',#16863,#16871,#16873,.T.);
#16871 = VERTEX_POINT('',#16872);
#16872 = CARTESIAN_POINT('',(184.668485,-58.685929,1.585));
#16873 = LINE('',#16874,#16875);
#16874 = CARTESIAN_POINT('',(184.58457,-58.8118,1.585));
#16875 = VECTOR('',#16876,1.);
#16876 = DIRECTION('',(0.55470477259,0.83204724341,0.));
#16877 = ORIENTED_EDGE('',*,*,#16878,.T.);
#16878 = EDGE_CURVE('',#16871,#16879,#16881,.T.);
#16879 = VERTEX_POINT('',#16880);
#16880 = CARTESIAN_POINT('',(184.687009,-58.611833,1.585));
#16881 = LINE('',#16882,#16883);
#16882 = CARTESIAN_POINT('',(184.668485,-58.685929,1.585));
#16883 = VECTOR('',#16884,1.);
#16884 = DIRECTION('',(0.242535625036,0.970142500145,0.));
#16885 = ORIENTED_EDGE('',*,*,#16886,.T.);
#16886 = EDGE_CURVE('',#16879,#16887,#16889,.T.);
#16887 = VERTEX_POINT('',#16888);
#16888 = CARTESIAN_POINT('',(184.60987,-58.647425,1.585));
#16889 = LINE('',#16890,#16891);
#16890 = CARTESIAN_POINT('',(184.687009,-58.611833,1.585));
#16891 = VECTOR('',#16892,1.);
#16892 = DIRECTION('',(-0.90800692221,-0.418955163734,0.));
#16893 = ORIENTED_EDGE('',*,*,#16894,.T.);
#16894 = EDGE_CURVE('',#16887,#16895,#16897,.T.);
#16895 = VERTEX_POINT('',#16896);
#16896 = CARTESIAN_POINT('',(184.384952,-58.646203,1.585));
#16897 = LINE('',#16898,#16899);
#16898 = CARTESIAN_POINT('',(184.60987,-58.647425,1.585));
#16899 = VECTOR('',#16900,1.);
#16900 = DIRECTION('',(-0.999985241087,5.433010984477E-03,0.));
#16901 = ORIENTED_EDGE('',*,*,#16902,.T.);
#16902 = EDGE_CURVE('',#16895,#16903,#16905,.T.);
#16903 = VERTEX_POINT('',#16904);
#16904 = CARTESIAN_POINT('',(184.140727,-58.398022,1.585));
#16905 = CIRCLE('',#16906,0.348628078749);
#16906 = AXIS2_PLACEMENT_3D('',#16907,#16908,#16909);
#16907 = CARTESIAN_POINT('',(184.4781270302,-58.31025664857,1.585));
#16908 = DIRECTION('',(0.,0.,-1.));
#16909 = DIRECTION('',(-0.26726197883,-0.963623907275,-0.));
#16910 = ORIENTED_EDGE('',*,*,#16911,.T.);
#16911 = EDGE_CURVE('',#16903,#16912,#16914,.T.);
#16912 = VERTEX_POINT('',#16913);
#16913 = CARTESIAN_POINT('',(184.141949,-58.125486,1.585));
#16914 = LINE('',#16915,#16916);
#16915 = CARTESIAN_POINT('',(184.140727,-58.398022,1.585));
#16916 = VECTOR('',#16917,1.);
#16917 = DIRECTION('',(4.483766241192E-03,0.99998994787,0.));
#16918 = ORIENTED_EDGE('',*,*,#16919,.T.);
#16919 = EDGE_CURVE('',#16912,#16920,#16922,.T.);
#16920 = VERTEX_POINT('',#16921);
#16921 = CARTESIAN_POINT('',(184.204153,-58.002773,1.585));
#16922 = LINE('',#16923,#16924);
#16923 = CARTESIAN_POINT('',(184.141949,-58.125486,1.585));
#16924 = VECTOR('',#16925,1.);
#16925 = DIRECTION('',(0.452134906199,0.891949565052,0.));
#16926 = ORIENTED_EDGE('',*,*,#16927,.T.);
#16927 = EDGE_CURVE('',#16920,#16778,#16928,.T.);
#16928 = LINE('',#16929,#16930);
#16929 = CARTESIAN_POINT('',(184.204153,-58.002773,1.585));
#16930 = VECTOR('',#16931,1.);
#16931 = DIRECTION('',(0.718400113328,0.695630129574,0.));
#16932 = FACE_BOUND('',#16933,.F.);
#16933 = EDGE_LOOP('',(#16934,#16945,#16953,#16962,#16970,#16979,#16987,
    #16996));
#16934 = ORIENTED_EDGE('',*,*,#16935,.T.);
#16935 = EDGE_CURVE('',#16936,#16938,#16940,.T.);
#16936 = VERTEX_POINT('',#16937);
#16937 = CARTESIAN_POINT('',(184.646049,-58.064077,1.585));
#16938 = VERTEX_POINT('',#16939);
#16939 = CARTESIAN_POINT('',(184.353951,-58.064077,1.585));
#16940 = CIRCLE('',#16941,0.252889603602);
#16941 = AXIS2_PLACEMENT_3D('',#16942,#16943,#16944);
#16942 = CARTESIAN_POINT('',(184.5,-58.27053,1.585));
#16943 = DIRECTION('',(0.,0.,1.));
#16944 = DIRECTION('',(0.577520775547,0.816375988018,-0.));
#16945 = ORIENTED_EDGE('',*,*,#16946,.T.);
#16946 = EDGE_CURVE('',#16938,#16947,#16949,.T.);
#16947 = VERTEX_POINT('',#16948);
#16948 = CARTESIAN_POINT('',(184.323544,-58.094484,1.585));
#16949 = LINE('',#16950,#16951);
#16950 = CARTESIAN_POINT('',(184.353951,-58.064077,1.585));
#16951 = VECTOR('',#16952,1.);
#16952 = DIRECTION('',(-0.707106781186,-0.707106781187,0.));
#16953 = ORIENTED_EDGE('',*,*,#16954,.T.);
#16954 = EDGE_CURVE('',#16947,#16955,#16957,.T.);
#16955 = VERTEX_POINT('',#16956);
#16956 = CARTESIAN_POINT('',(184.323544,-58.434201,1.585));
#16957 = CIRCLE('',#16958,0.305621483548);
#16958 = AXIS2_PLACEMENT_3D('',#16959,#16960,#16961);
#16959 = CARTESIAN_POINT('',(184.577616,-58.2643425,1.585));
#16960 = DIRECTION('',(0.,0.,1.));
#16961 = DIRECTION('',(-0.831328992485,0.555780627814,0.));
#16962 = ORIENTED_EDGE('',*,*,#16963,.T.);
#16963 = EDGE_CURVE('',#16955,#16964,#16966,.T.);
#16964 = VERTEX_POINT('',#16965);
#16965 = CARTESIAN_POINT('',(184.353951,-58.464608,1.585));
#16966 = LINE('',#16967,#16968);
#16967 = CARTESIAN_POINT('',(184.323544,-58.434201,1.585));
#16968 = VECTOR('',#16969,1.);
#16969 = DIRECTION('',(0.707106781187,-0.707106781187,0.));
#16970 = ORIENTED_EDGE('',*,*,#16971,.T.);
#16971 = EDGE_CURVE('',#16964,#16972,#16974,.T.);
#16972 = VERTEX_POINT('',#16973);
#16973 = CARTESIAN_POINT('',(184.646049,-58.464608,1.585));
#16974 = CIRCLE('',#16975,0.252889603602);
#16975 = AXIS2_PLACEMENT_3D('',#16976,#16977,#16978);
#16976 = CARTESIAN_POINT('',(184.5,-58.258155,1.585));
#16977 = DIRECTION('',(0.,0.,1.));
#16978 = DIRECTION('',(-0.577520775547,-0.816375988018,0.));
#16979 = ORIENTED_EDGE('',*,*,#16980,.T.);
#16980 = EDGE_CURVE('',#16972,#16981,#16983,.T.);
#16981 = VERTEX_POINT('',#16982);
#16982 = CARTESIAN_POINT('',(184.676456,-58.434201,1.585));
#16983 = LINE('',#16984,#16985);
#16984 = CARTESIAN_POINT('',(184.646049,-58.464608,1.585));
#16985 = VECTOR('',#16986,1.);
#16986 = DIRECTION('',(0.707106781187,0.707106781187,0.));
#16987 = ORIENTED_EDGE('',*,*,#16988,.T.);
#16988 = EDGE_CURVE('',#16981,#16989,#16991,.T.);
#16989 = VERTEX_POINT('',#16990);
#16990 = CARTESIAN_POINT('',(184.676456,-58.094484,1.585));
#16991 = CIRCLE('',#16992,0.305621483548);
#16992 = AXIS2_PLACEMENT_3D('',#16993,#16994,#16995);
#16993 = CARTESIAN_POINT('',(184.422384,-58.2643425,1.585));
#16994 = DIRECTION('',(0.,-0.,1.));
#16995 = DIRECTION('',(0.831328992485,-0.555780627814,-0.));
#16996 = ORIENTED_EDGE('',*,*,#16997,.T.);
#16997 = EDGE_CURVE('',#16989,#16936,#16998,.T.);
#16998 = LINE('',#16999,#17000);
#16999 = CARTESIAN_POINT('',(184.676456,-58.094484,1.585));
#17000 = VECTOR('',#17001,1.);
#17001 = DIRECTION('',(-0.707106781186,0.707106781187,0.));
#17002 = PLANE('',#17003);
#17003 = AXIS2_PLACEMENT_3D('',#17004,#17005,#17006);
#17004 = CARTESIAN_POINT('',(0.,0.,1.585));
#17005 = DIRECTION('',(0.,0.,1.));
#17006 = DIRECTION('',(1.,0.,-0.));
#17007 = SHELL_BASED_SURFACE_MODEL('',(#17008));
#17008 = OPEN_SHELL('',(#17009));
#17009 = ADVANCED_FACE('',(#17010),#17112,.T.);
#17010 = FACE_BOUND('',#17011,.F.);
#17011 = EDGE_LOOP('',(#17012,#17023,#17031,#17040,#17048,#17056,#17065,
    #17073,#17082,#17090,#17098,#17106));
#17012 = ORIENTED_EDGE('',*,*,#17013,.T.);
#17013 = EDGE_CURVE('',#17014,#17016,#17018,.T.);
#17014 = VERTEX_POINT('',#17015);
#17015 = CARTESIAN_POINT('',(180.618532,-54.905753,1.585));
#17016 = VERTEX_POINT('',#17017);
#17017 = CARTESIAN_POINT('',(180.708019,-54.861623,1.585));
#17018 = CIRCLE('',#17019,6.000047151538E-02);
#17019 = AXIS2_PLACEMENT_3D('',#17020,#17021,#17022);
#17020 = CARTESIAN_POINT('',(180.67801909462,-54.91358512331,1.585));
#17021 = DIRECTION('',(0.,0.,-1.));
#17022 = DIRECTION('',(-0.991443785668,0.130534362755,0.));
#17023 = ORIENTED_EDGE('',*,*,#17024,.T.);
#17024 = EDGE_CURVE('',#17016,#17025,#17027,.T.);
#17025 = VERTEX_POINT('',#17026);
#17026 = CARTESIAN_POINT('',(181.963756,-55.586623,1.585));
#17027 = LINE('',#17028,#17029);
#17028 = CARTESIAN_POINT('',(180.708019,-54.861623,1.585));
#17029 = VECTOR('',#17030,1.);
#17030 = DIRECTION('',(0.866025432149,-0.499999950872,0.));
#17031 = ORIENTED_EDGE('',*,*,#17032,.T.);
#17032 = EDGE_CURVE('',#17025,#17033,#17035,.T.);
#17033 = VERTEX_POINT('',#17034);
#17034 = CARTESIAN_POINT('',(181.985717,-55.668584,1.585));
#17035 = CIRCLE('',#17036,5.999537228611E-02);
#17036 = AXIS2_PLACEMENT_3D('',#17037,#17038,#17039);
#17037 = CARTESIAN_POINT('',(181.93376170161,-55.63858247228,1.585));
#17038 = DIRECTION('',(0.,0.,-1.));
#17039 = DIRECTION('',(0.49994353304,0.866058002545,0.));
#17040 = ORIENTED_EDGE('',*,*,#17041,.T.);
#17041 = EDGE_CURVE('',#17033,#17042,#17044,.T.);
#17042 = VERTEX_POINT('',#17043);
#17043 = CARTESIAN_POINT('',(181.115717,-57.175468,1.585));
#17044 = LINE('',#17045,#17046);
#17045 = CARTESIAN_POINT('',(181.985717,-55.668584,1.585));
#17046 = VECTOR('',#17047,1.);
#17047 = DIRECTION('',(-0.500000050415,-0.866025374677,0.));
#17048 = ORIENTED_EDGE('',*,*,#17049,.T.);
#17049 = EDGE_CURVE('',#17042,#17050,#17052,.T.);
#17050 = VERTEX_POINT('',#17051);
#17051 = CARTESIAN_POINT('',(181.921121,-57.640468,1.585));
#17052 = LINE('',#17053,#17054);
#17053 = CARTESIAN_POINT('',(181.115717,-57.175468,1.585));
#17054 = VECTOR('',#17055,1.);
#17055 = DIRECTION('',(0.866025504451,-0.49999982564,0.));
#17056 = ORIENTED_EDGE('',*,*,#17057,.T.);
#17057 = EDGE_CURVE('',#17050,#17058,#17060,.T.);
#17058 = VERTEX_POINT('',#17059);
#17059 = CARTESIAN_POINT('',(181.861121,-57.744391,1.585));
#17060 = CIRCLE('',#17061,5.99999790207E-02);
#17061 = AXIS2_PLACEMENT_3D('',#17062,#17063,#17064);
#17062 = CARTESIAN_POINT('',(181.8911214198,-57.69242974237,1.585));
#17063 = DIRECTION('',(0.,0.,-1.));
#17064 = DIRECTION('',(0.499993178033,0.866029342413,0.));
#17065 = ORIENTED_EDGE('',*,*,#17066,.T.);
#17066 = EDGE_CURVE('',#17058,#17067,#17069,.T.);
#17067 = VERTEX_POINT('',#17068);
#17068 = CARTESIAN_POINT('',(181.003756,-57.24939,1.585));
#17069 = LINE('',#17070,#17071);
#17070 = CARTESIAN_POINT('',(181.861121,-57.744391,1.585));
#17071 = VECTOR('',#17072,1.);
#17072 = DIRECTION('',(-0.866024928583,0.500000823072,0.));
#17073 = ORIENTED_EDGE('',*,*,#17074,.T.);
#17074 = EDGE_CURVE('',#17067,#17075,#17077,.T.);
#17075 = VERTEX_POINT('',#17076);
#17076 = CARTESIAN_POINT('',(180.981794,-57.167429,1.585));
#17077 = CIRCLE('',#17078,5.999904074192E-02);
#17078 = AXIS2_PLACEMENT_3D('',#17079,#17080,#17081);
#17079 = CARTESIAN_POINT('',(181.03375455979,-57.19742875193,1.585));
#17080 = DIRECTION('',(0.,0.,-1.));
#17081 = DIRECTION('',(-0.499983990074,-0.866034646922,-0.));
#17082 = ORIENTED_EDGE('',*,*,#17083,.T.);
#17083 = EDGE_CURVE('',#17075,#17084,#17086,.T.);
#17084 = VERTEX_POINT('',#17085);
#17085 = CARTESIAN_POINT('',(181.851793,-55.660545,1.585));
#17086 = LINE('',#17087,#17088);
#17087 = CARTESIAN_POINT('',(180.981794,-57.167429,1.585));
#17088 = VECTOR('',#17089,1.);
#17089 = DIRECTION('',(0.49999961938,0.866025623535,0.));
#17090 = ORIENTED_EDGE('',*,*,#17091,.T.);
#17091 = EDGE_CURVE('',#17084,#17092,#17094,.T.);
#17092 = VERTEX_POINT('',#17093);
#17093 = CARTESIAN_POINT('',(180.648019,-54.965547,1.585));
#17094 = LINE('',#17095,#17096);
#17095 = CARTESIAN_POINT('',(181.851793,-55.660545,1.585));
#17096 = VECTOR('',#17097,1.);
#17097 = DIRECTION('',(-0.866025790986,0.499999329346,0.));
#17098 = ORIENTED_EDGE('',*,*,#17099,.T.);
#17099 = EDGE_CURVE('',#17092,#17100,#17102,.T.);
#17100 = VERTEX_POINT('',#17101);
#17101 = CARTESIAN_POINT('',(180.630418,-54.950111,1.585));
#17102 = LINE('',#17103,#17104);
#17103 = CARTESIAN_POINT('',(180.648019,-54.965547,1.585));
#17104 = VECTOR('',#17105,1.);
#17105 = DIRECTION('',(-0.751832665656,0.659353958699,0.));
#17106 = ORIENTED_EDGE('',*,*,#17107,.T.);
#17107 = EDGE_CURVE('',#17100,#17014,#17108,.T.);
#17108 = LINE('',#17109,#17110);
#17109 = CARTESIAN_POINT('',(180.630418,-54.950111,1.585));
#17110 = VECTOR('',#17111,1.);
#17111 = DIRECTION('',(-0.258825337708,0.965924140169,0.));
#17112 = PLANE('',#17113);
#17113 = AXIS2_PLACEMENT_3D('',#17114,#17115,#17116);
#17114 = CARTESIAN_POINT('',(0.,0.,1.585));
#17115 = DIRECTION('',(0.,0.,1.));
#17116 = DIRECTION('',(1.,0.,-0.));
#17117 = ( GEOMETRIC_REPRESENTATION_CONTEXT(3) 
GLOBAL_UNCERTAINTY_ASSIGNED_CONTEXT((#17121)) 
GLOBAL_UNIT_ASSIGNED_CONTEXT((#17118,#17119,#17120)) 
REPRESENTATION_CONTEXT('Context #1',
  '3D Context with UNIT and UNCERTAINTY') );
#17118 = ( LENGTH_UNIT() NAMED_UNIT(*) SI_UNIT(.MILLI.,.METRE.) );
#17119 = ( NAMED_UNIT(*) PLANE_ANGLE_UNIT() SI_UNIT($,.RADIAN.) );
#17120 = ( NAMED_UNIT(*) SI_UNIT($,.STERADIAN.) SOLID_ANGLE_UNIT() );
#17121 = UNCERTAINTY_MEASURE_WITH_UNIT(LENGTH_MEASURE(1.E-07),#17118,
  'distance_accuracy_value','confusion accuracy');
#17122 = CONTEXT_DEPENDENT_SHAPE_REPRESENTATION(#17123,#17125);
#17123 = ( REPRESENTATION_RELATIONSHIP('','',#10963,#10) 
REPRESENTATION_RELATIONSHIP_WITH_TRANSFORMATION(#17124) 
SHAPE_REPRESENTATION_RELATIONSHIP() );
#17124 = ITEM_DEFINED_TRANSFORMATION('','',#11,#67);
#17125 = PRODUCT_DEFINITION_SHAPE('Placement','Placement of an item',
  #17126);
#17126 = NEXT_ASSEMBLY_USAGE_OCCURRENCE('14','=>[0:1:1:5]','',#5,#10958,
  $);
#17127 = PRODUCT_RELATED_PRODUCT_CATEGORY('part',$,(#10960));
#17128 = SHAPE_DEFINITION_REPRESENTATION(#17129,#17135);
#17129 = PRODUCT_DEFINITION_SHAPE('','',#17130);
#17130 = PRODUCT_DEFINITION('design','',#17131,#17134);
#17131 = PRODUCT_DEFINITION_FORMATION('','',#17132);
#17132 = PRODUCT('SLSS LightRail_PCB','SLSS LightRail_PCB','',(#17133));
#17133 = PRODUCT_CONTEXT('',#2,'mechanical');
#17134 = PRODUCT_DEFINITION_CONTEXT('part definition',#2,'design');
#17135 = ADVANCED_BREP_SHAPE_REPRESENTATION('',(#11,#17136),#17290);
#17136 = MANIFOLD_SOLID_BREP('',#17137);
#17137 = CLOSED_SHELL('',(#17138,#17180,#17211,#17244,#17266,#17278));
#17138 = ADVANCED_FACE('',(#17139),#17175,.T.);
#17139 = FACE_BOUND('',#17140,.T.);
#17140 = EDGE_LOOP('',(#17141,#17151,#17160,#17168));
#17141 = ORIENTED_EDGE('',*,*,#17142,.T.);
#17142 = EDGE_CURVE('',#17143,#17145,#17147,.T.);
#17143 = VERTEX_POINT('',#17144);
#17144 = CARTESIAN_POINT('',(178.015545,-51.511556,0.));
#17145 = VERTEX_POINT('',#17146);
#17146 = CARTESIAN_POINT('',(178.015545,-51.511556,1.51));
#17147 = LINE('',#17148,#17149);
#17148 = CARTESIAN_POINT('',(178.015545,-51.511556,0.));
#17149 = VECTOR('',#17150,1.);
#17150 = DIRECTION('',(0.,0.,1.));
#17151 = ORIENTED_EDGE('',*,*,#17152,.T.);
#17152 = EDGE_CURVE('',#17145,#17153,#17155,.T.);
#17153 = VERTEX_POINT('',#17154);
#17154 = CARTESIAN_POINT('',(206.,-100.,1.51));
#17155 = CIRCLE('',#17156,55.999999345373);
#17156 = AXIS2_PLACEMENT_3D('',#17157,#17158,#17159);
#17157 = CARTESIAN_POINT('',(150.00000065462,-100.0000000017,1.51));
#17158 = DIRECTION('',(0.,0.,-1.));
#17159 = DIRECTION('',(0.500277583444,0.865865081582,0.));
#17160 = ORIENTED_EDGE('',*,*,#17161,.F.);
#17161 = EDGE_CURVE('',#17162,#17153,#17164,.T.);
#17162 = VERTEX_POINT('',#17163);
#17163 = CARTESIAN_POINT('',(206.,-100.,0.));
#17164 = LINE('',#17165,#17166);
#17165 = CARTESIAN_POINT('',(206.,-100.,0.));
#17166 = VECTOR('',#17167,1.);
#17167 = DIRECTION('',(0.,0.,1.));
#17168 = ORIENTED_EDGE('',*,*,#17169,.F.);
#17169 = EDGE_CURVE('',#17143,#17162,#17170,.T.);
#17170 = CIRCLE('',#17171,55.999999345373);
#17171 = AXIS2_PLACEMENT_3D('',#17172,#17173,#17174);
#17172 = CARTESIAN_POINT('',(150.00000065462,-100.0000000017,0.));
#17173 = DIRECTION('',(0.,0.,-1.));
#17174 = DIRECTION('',(0.500277583444,0.865865081582,0.));
#17175 = CYLINDRICAL_SURFACE('',#17176,55.999999345373);
#17176 = AXIS2_PLACEMENT_3D('',#17177,#17178,#17179);
#17177 = CARTESIAN_POINT('',(150.00000065462,-100.0000000017,0.));
#17178 = DIRECTION('',(0.,0.,-1.));
#17179 = DIRECTION('',(0.500277583444,0.865865081582,0.));
#17180 = ADVANCED_FACE('',(#17181),#17206,.T.);
#17181 = FACE_BOUND('',#17182,.T.);
#17182 = EDGE_LOOP('',(#17183,#17184,#17192,#17200));
#17183 = ORIENTED_EDGE('',*,*,#17161,.T.);
#17184 = ORIENTED_EDGE('',*,*,#17185,.T.);
#17185 = EDGE_CURVE('',#17153,#17186,#17188,.T.);
#17186 = VERTEX_POINT('',#17187);
#17187 = CARTESIAN_POINT('',(194.,-100.,1.51));
#17188 = LINE('',#17189,#17190);
#17189 = CARTESIAN_POINT('',(206.,-100.,1.51));
#17190 = VECTOR('',#17191,1.);
#17191 = DIRECTION('',(-1.,0.,0.));
#17192 = ORIENTED_EDGE('',*,*,#17193,.F.);
#17193 = EDGE_CURVE('',#17194,#17186,#17196,.T.);
#17194 = VERTEX_POINT('',#17195);
#17195 = CARTESIAN_POINT('',(194.,-100.,0.));
#17196 = LINE('',#17197,#17198);
#17197 = CARTESIAN_POINT('',(194.,-100.,0.));
#17198 = VECTOR('',#17199,1.);
#17199 = DIRECTION('',(0.,0.,1.));
#17200 = ORIENTED_EDGE('',*,*,#17201,.F.);
#17201 = EDGE_CURVE('',#17162,#17194,#17202,.T.);
#17202 = LINE('',#17203,#17204);
#17203 = CARTESIAN_POINT('',(206.,-100.,0.));
#17204 = VECTOR('',#17205,1.);
#17205 = DIRECTION('',(-1.,0.,0.));
#17206 = PLANE('',#17207);
#17207 = AXIS2_PLACEMENT_3D('',#17208,#17209,#17210);
#17208 = CARTESIAN_POINT('',(206.,-100.,0.));
#17209 = DIRECTION('',(0.,-1.,0.));
#17210 = DIRECTION('',(-1.,0.,0.));
#17211 = ADVANCED_FACE('',(#17212),#17239,.F.);
#17212 = FACE_BOUND('',#17213,.T.);
#17213 = EDGE_LOOP('',(#17214,#17215,#17224,#17232));
#17214 = ORIENTED_EDGE('',*,*,#17193,.T.);
#17215 = ORIENTED_EDGE('',*,*,#17216,.T.);
#17216 = EDGE_CURVE('',#17186,#17217,#17219,.T.);
#17217 = VERTEX_POINT('',#17218);
#17218 = CARTESIAN_POINT('',(172.012214,-61.901937,1.51));
#17219 = CIRCLE('',#17220,44.000001896675);
#17220 = AXIS2_PLACEMENT_3D('',#17221,#17222,#17223);
#17221 = CARTESIAN_POINT('',(149.99999810332,-100.0000014944,1.51));
#17222 = DIRECTION('',(0.,0.,1.));
#17223 = DIRECTION('',(1.,3.396545120852E-08,-0.));
#17224 = ORIENTED_EDGE('',*,*,#17225,.F.);
#17225 = EDGE_CURVE('',#17226,#17217,#17228,.T.);
#17226 = VERTEX_POINT('',#17227);
#17227 = CARTESIAN_POINT('',(172.012214,-61.901937,0.));
#17228 = LINE('',#17229,#17230);
#17229 = CARTESIAN_POINT('',(172.012214,-61.901937,0.));
#17230 = VECTOR('',#17231,1.);
#17231 = DIRECTION('',(0.,0.,1.));
#17232 = ORIENTED_EDGE('',*,*,#17233,.F.);
#17233 = EDGE_CURVE('',#17194,#17226,#17234,.T.);
#17234 = CIRCLE('',#17235,44.000001896675);
#17235 = AXIS2_PLACEMENT_3D('',#17236,#17237,#17238);
#17236 = CARTESIAN_POINT('',(149.99999810332,-100.0000014944,0.));
#17237 = DIRECTION('',(0.,0.,1.));
#17238 = DIRECTION('',(1.,3.396545120852E-08,-0.));
#17239 = CYLINDRICAL_SURFACE('',#17240,44.000001896675);
#17240 = AXIS2_PLACEMENT_3D('',#17241,#17242,#17243);
#17241 = CARTESIAN_POINT('',(149.99999810332,-100.0000014944,0.));
#17242 = DIRECTION('',(-0.,-0.,-1.));
#17243 = DIRECTION('',(1.,3.396545120852E-08,-0.));
#17244 = ADVANCED_FACE('',(#17245),#17261,.T.);
#17245 = FACE_BOUND('',#17246,.T.);
#17246 = EDGE_LOOP('',(#17247,#17248,#17254,#17255));
#17247 = ORIENTED_EDGE('',*,*,#17225,.T.);
#17248 = ORIENTED_EDGE('',*,*,#17249,.T.);
#17249 = EDGE_CURVE('',#17217,#17145,#17250,.T.);
#17250 = LINE('',#17251,#17252);
#17251 = CARTESIAN_POINT('',(172.012214,-61.901937,1.51));
#17252 = VECTOR('',#17253,1.);
#17253 = DIRECTION('',(0.500277582603,0.865865082068,0.));
#17254 = ORIENTED_EDGE('',*,*,#17142,.F.);
#17255 = ORIENTED_EDGE('',*,*,#17256,.F.);
#17256 = EDGE_CURVE('',#17226,#17143,#17257,.T.);
#17257 = LINE('',#17258,#17259);
#17258 = CARTESIAN_POINT('',(172.012214,-61.901937,0.));
#17259 = VECTOR('',#17260,1.);
#17260 = DIRECTION('',(0.500277582603,0.865865082068,0.));
#17261 = PLANE('',#17262);
#17262 = AXIS2_PLACEMENT_3D('',#17263,#17264,#17265);
#17263 = CARTESIAN_POINT('',(172.012214,-61.901937,0.));
#17264 = DIRECTION('',(-0.865865082068,0.500277582603,0.));
#17265 = DIRECTION('',(0.500277582603,0.865865082068,0.));
#17266 = ADVANCED_FACE('',(#17267),#17273,.F.);
#17267 = FACE_BOUND('',#17268,.T.);
#17268 = EDGE_LOOP('',(#17269,#17270,#17271,#17272));
#17269 = ORIENTED_EDGE('',*,*,#17169,.T.);
#17270 = ORIENTED_EDGE('',*,*,#17201,.T.);
#17271 = ORIENTED_EDGE('',*,*,#17233,.T.);
#17272 = ORIENTED_EDGE('',*,*,#17256,.T.);
#17273 = PLANE('',#17274);
#17274 = AXIS2_PLACEMENT_3D('',#17275,#17276,#17277);
#17275 = CARTESIAN_POINT('',(0.,0.,0.));
#17276 = DIRECTION('',(0.,0.,1.));
#17277 = DIRECTION('',(1.,0.,-0.));
#17278 = ADVANCED_FACE('',(#17279),#17285,.T.);
#17279 = FACE_BOUND('',#17280,.F.);
#17280 = EDGE_LOOP('',(#17281,#17282,#17283,#17284));
#17281 = ORIENTED_EDGE('',*,*,#17152,.T.);
#17282 = ORIENTED_EDGE('',*,*,#17185,.T.);
#17283 = ORIENTED_EDGE('',*,*,#17216,.T.);
#17284 = ORIENTED_EDGE('',*,*,#17249,.T.);
#17285 = PLANE('',#17286);
#17286 = AXIS2_PLACEMENT_3D('',#17287,#17288,#17289);
#17287 = CARTESIAN_POINT('',(0.,0.,1.51));
#17288 = DIRECTION('',(0.,0.,1.));
#17289 = DIRECTION('',(1.,0.,-0.));
#17290 = ( GEOMETRIC_REPRESENTATION_CONTEXT(3) 
GLOBAL_UNCERTAINTY_ASSIGNED_CONTEXT((#17294)) 
GLOBAL_UNIT_ASSIGNED_CONTEXT((#17291,#17292,#17293)) 
REPRESENTATION_CONTEXT('Context #1',
  '3D Context with UNIT and UNCERTAINTY') );
#17291 = ( LENGTH_UNIT() NAMED_UNIT(*) SI_UNIT(.MILLI.,.METRE.) );
#17292 = ( NAMED_UNIT(*) PLANE_ANGLE_UNIT() SI_UNIT($,.RADIAN.) );
#17293 = ( NAMED_UNIT(*) SI_UNIT($,.STERADIAN.) SOLID_ANGLE_UNIT() );
#17294 = UNCERTAINTY_MEASURE_WITH_UNIT(LENGTH_MEASURE(1.E-07),#17291,
  'distance_accuracy_value','confusion accuracy');
#17295 = CONTEXT_DEPENDENT_SHAPE_REPRESENTATION(#17296,#17298);
#17296 = ( REPRESENTATION_RELATIONSHIP('','',#17135,#10) 
REPRESENTATION_RELATIONSHIP_WITH_TRANSFORMATION(#17297) 
SHAPE_REPRESENTATION_RELATIONSHIP() );
#17297 = ITEM_DEFINED_TRANSFORMATION('','',#11,#71);
#17298 = PRODUCT_DEFINITION_SHAPE('Placement','Placement of an item',
  #17299);
#17299 = NEXT_ASSEMBLY_USAGE_OCCURRENCE('15','=>[0:1:1:6]','',#5,#17130,
  $);
#17300 = PRODUCT_RELATED_PRODUCT_CATEGORY('part',$,(#17132));
#17301 = MECHANICAL_DESIGN_GEOMETRIC_PRESENTATION_REPRESENTATION('',(
    #17302),#17290);
#17302 = STYLED_ITEM('color',(#17303),#17136);
#17303 = PRESENTATION_STYLE_ASSIGNMENT((#17304));
#17304 = SURFACE_STYLE_USAGE(.BOTH.,#17305);
#17305 = SURFACE_SIDE_STYLE('',(#17306));
#17306 = SURFACE_STYLE_FILL_AREA(#17307);
#17307 = FILL_AREA_STYLE('',(#17308));
#17308 = FILL_AREA_STYLE_COLOUR('',#17309);
#17309 = COLOUR_RGB('',0.313304153717,0.484529207832,0.410020903123);
#17310 = MECHANICAL_DESIGN_GEOMETRIC_PRESENTATION_REPRESENTATION('',(
    #17311,#17319,#17326,#17333,#17340,#17347,#17354,#17361,#17368,
    #17375,#17382,#17389,#17396,#17403,#17411,#17418,#17425,#17433,
    #17440,#17447,#17454,#17461,#17468,#17475,#17482,#17489,#17496,
    #17503,#17510,#17517,#17524,#17531,#17538,#17545,#17552,#17559,
    #17566,#17573,#17580,#17587,#17594,#17601,#17608,#17615,#17622,
    #17629,#17636,#17643,#17650,#17657,#17664,#17671,#17678,#17685,
    #17692,#17699,#17706,#17713,#17720,#17727,#17734,#17741,#17748,
    #17755,#17762,#17769,#17776,#17783,#17790,#17797,#17804,#17811,
    #17818,#17825,#17832,#17839,#17846,#17853,#17860,#17867,#17874,
    #17881,#17888,#17895,#17902,#17909,#17916,#17923,#17930,#17937,
    #17944,#17951,#17958,#17965,#17972,#17979,#17986,#17993,#18000,
    #18007),#4477);
#17311 = STYLED_ITEM('color',(#17312),#900);
#17312 = PRESENTATION_STYLE_ASSIGNMENT((#17313));
#17313 = SURFACE_STYLE_USAGE(.BOTH.,#17314);
#17314 = SURFACE_SIDE_STYLE('',(#17315));
#17315 = SURFACE_STYLE_FILL_AREA(#17316);
#17316 = FILL_AREA_STYLE('',(#17317));
#17317 = FILL_AREA_STYLE_COLOUR('',#17318);
#17318 = COLOUR_RGB('',0.894999966383,0.890999961016,0.813000030345);
#17319 = STYLED_ITEM('color',(#17320),#959);
#17320 = PRESENTATION_STYLE_ASSIGNMENT((#17321));
#17321 = SURFACE_STYLE_USAGE(.BOTH.,#17322);
#17322 = SURFACE_SIDE_STYLE('',(#17323));
#17323 = SURFACE_STYLE_FILL_AREA(#17324);
#17324 = FILL_AREA_STYLE('',(#17325));
#17325 = FILL_AREA_STYLE_COLOUR('',#17318);
#17326 = STYLED_ITEM('color',(#17327),#984);
#17327 = PRESENTATION_STYLE_ASSIGNMENT((#17328));
#17328 = SURFACE_STYLE_USAGE(.BOTH.,#17329);
#17329 = SURFACE_SIDE_STYLE('',(#17330));
#17330 = SURFACE_STYLE_FILL_AREA(#17331);
#17331 = FILL_AREA_STYLE('',(#17332));
#17332 = FILL_AREA_STYLE_COLOUR('',#17318);
#17333 = STYLED_ITEM('color',(#17334),#1017);
#17334 = PRESENTATION_STYLE_ASSIGNMENT((#17335));
#17335 = SURFACE_STYLE_USAGE(.BOTH.,#17336);
#17336 = SURFACE_SIDE_STYLE('',(#17337));
#17337 = SURFACE_STYLE_FILL_AREA(#17338);
#17338 = FILL_AREA_STYLE('',(#17339));
#17339 = FILL_AREA_STYLE_COLOUR('',#17318);
#17340 = STYLED_ITEM('color',(#17341),#1042);
#17341 = PRESENTATION_STYLE_ASSIGNMENT((#17342));
#17342 = SURFACE_STYLE_USAGE(.BOTH.,#17343);
#17343 = SURFACE_SIDE_STYLE('',(#17344));
#17344 = SURFACE_STYLE_FILL_AREA(#17345);
#17345 = FILL_AREA_STYLE('',(#17346));
#17346 = FILL_AREA_STYLE_COLOUR('',#17318);
#17347 = STYLED_ITEM('color',(#17348),#1067);
#17348 = PRESENTATION_STYLE_ASSIGNMENT((#17349));
#17349 = SURFACE_STYLE_USAGE(.BOTH.,#17350);
#17350 = SURFACE_SIDE_STYLE('',(#17351));
#17351 = SURFACE_STYLE_FILL_AREA(#17352);
#17352 = FILL_AREA_STYLE('',(#17353));
#17353 = FILL_AREA_STYLE_COLOUR('',#17318);
#17354 = STYLED_ITEM('color',(#17355),#1092);
#17355 = PRESENTATION_STYLE_ASSIGNMENT((#17356));
#17356 = SURFACE_STYLE_USAGE(.BOTH.,#17357);
#17357 = SURFACE_SIDE_STYLE('',(#17358));
#17358 = SURFACE_STYLE_FILL_AREA(#17359);
#17359 = FILL_AREA_STYLE('',(#17360));
#17360 = FILL_AREA_STYLE_COLOUR('',#17318);
#17361 = STYLED_ITEM('color',(#17362),#1109);
#17362 = PRESENTATION_STYLE_ASSIGNMENT((#17363));
#17363 = SURFACE_STYLE_USAGE(.BOTH.,#17364);
#17364 = SURFACE_SIDE_STYLE('',(#17365));
#17365 = SURFACE_STYLE_FILL_AREA(#17366);
#17366 = FILL_AREA_STYLE('',(#17367));
#17367 = FILL_AREA_STYLE_COLOUR('',#17318);
#17368 = STYLED_ITEM('color',(#17369),#1134);
#17369 = PRESENTATION_STYLE_ASSIGNMENT((#17370));
#17370 = SURFACE_STYLE_USAGE(.BOTH.,#17371);
#17371 = SURFACE_SIDE_STYLE('',(#17372));
#17372 = SURFACE_STYLE_FILL_AREA(#17373);
#17373 = FILL_AREA_STYLE('',(#17374));
#17374 = FILL_AREA_STYLE_COLOUR('',#17318);
#17375 = STYLED_ITEM('color',(#17376),#1181);
#17376 = PRESENTATION_STYLE_ASSIGNMENT((#17377));
#17377 = SURFACE_STYLE_USAGE(.BOTH.,#17378);
#17378 = SURFACE_SIDE_STYLE('',(#17379));
#17379 = SURFACE_STYLE_FILL_AREA(#17380);
#17380 = FILL_AREA_STYLE('',(#17381));
#17381 = FILL_AREA_STYLE_COLOUR('',#17318);
#17382 = STYLED_ITEM('color',(#17383),#1403);
#17383 = PRESENTATION_STYLE_ASSIGNMENT((#17384));
#17384 = SURFACE_STYLE_USAGE(.BOTH.,#17385);
#17385 = SURFACE_SIDE_STYLE('',(#17386));
#17386 = SURFACE_STYLE_FILL_AREA(#17387);
#17387 = FILL_AREA_STYLE('',(#17388));
#17388 = FILL_AREA_STYLE_COLOUR('',#17318);
#17389 = STYLED_ITEM('color',(#17390),#1427);
#17390 = PRESENTATION_STYLE_ASSIGNMENT((#17391));
#17391 = SURFACE_STYLE_USAGE(.BOTH.,#17392);
#17392 = SURFACE_SIDE_STYLE('',(#17393));
#17393 = SURFACE_STYLE_FILL_AREA(#17394);
#17394 = FILL_AREA_STYLE('',(#17395));
#17395 = FILL_AREA_STYLE_COLOUR('',#17318);
#17396 = STYLED_ITEM('color',(#17397),#1451);
#17397 = PRESENTATION_STYLE_ASSIGNMENT((#17398));
#17398 = SURFACE_STYLE_USAGE(.BOTH.,#17399);
#17399 = SURFACE_SIDE_STYLE('',(#17400));
#17400 = SURFACE_STYLE_FILL_AREA(#17401);
#17401 = FILL_AREA_STYLE('',(#17402));
#17402 = FILL_AREA_STYLE_COLOUR('',#17318);
#17403 = STYLED_ITEM('color',(#17404),#1673);
#17404 = PRESENTATION_STYLE_ASSIGNMENT((#17405));
#17405 = SURFACE_STYLE_USAGE(.BOTH.,#17406);
#17406 = SURFACE_SIDE_STYLE('',(#17407));
#17407 = SURFACE_STYLE_FILL_AREA(#17408);
#17408 = FILL_AREA_STYLE('',(#17409));
#17409 = FILL_AREA_STYLE_COLOUR('',#17410);
#17410 = COLOUR_RGB('',0.136999991899,0.40200001271,0.726999997272);
#17411 = STYLED_ITEM('color',(#17412),#1682);
#17412 = PRESENTATION_STYLE_ASSIGNMENT((#17413));
#17413 = SURFACE_STYLE_USAGE(.BOTH.,#17414);
#17414 = SURFACE_SIDE_STYLE('',(#17415));
#17415 = SURFACE_STYLE_FILL_AREA(#17416);
#17416 = FILL_AREA_STYLE('',(#17417));
#17417 = FILL_AREA_STYLE_COLOUR('',#17318);
#17418 = STYLED_ITEM('color',(#17419),#1693);
#17419 = PRESENTATION_STYLE_ASSIGNMENT((#17420));
#17420 = SURFACE_STYLE_USAGE(.BOTH.,#17421);
#17421 = SURFACE_SIDE_STYLE('',(#17422));
#17422 = SURFACE_STYLE_FILL_AREA(#17423);
#17423 = FILL_AREA_STYLE('',(#17424));
#17424 = FILL_AREA_STYLE_COLOUR('',#17318);
#17425 = STYLED_ITEM('color',(#17426),#2047);
#17426 = PRESENTATION_STYLE_ASSIGNMENT((#17427));
#17427 = SURFACE_STYLE_USAGE(.BOTH.,#17428);
#17428 = SURFACE_SIDE_STYLE('',(#17429));
#17429 = SURFACE_STYLE_FILL_AREA(#17430);
#17430 = FILL_AREA_STYLE('',(#17431));
#17431 = FILL_AREA_STYLE_COLOUR('',#17432);
#17432 = COLOUR_RGB('',0.823999987314,0.819999987296,0.781000009244);
#17433 = STYLED_ITEM('color',(#17434),#2155);
#17434 = PRESENTATION_STYLE_ASSIGNMENT((#17435));
#17435 = SURFACE_STYLE_USAGE(.BOTH.,#17436);
#17436 = SURFACE_SIDE_STYLE('',(#17437));
#17437 = SURFACE_STYLE_FILL_AREA(#17438);
#17438 = FILL_AREA_STYLE('',(#17439));
#17439 = FILL_AREA_STYLE_COLOUR('',#17432);
#17440 = STYLED_ITEM('color',(#17441),#2180);
#17441 = PRESENTATION_STYLE_ASSIGNMENT((#17442));
#17442 = SURFACE_STYLE_USAGE(.BOTH.,#17443);
#17443 = SURFACE_SIDE_STYLE('',(#17444));
#17444 = SURFACE_STYLE_FILL_AREA(#17445);
#17445 = FILL_AREA_STYLE('',(#17446));
#17446 = FILL_AREA_STYLE_COLOUR('',#17432);
#17447 = STYLED_ITEM('color',(#17448),#2280);
#17448 = PRESENTATION_STYLE_ASSIGNMENT((#17449));
#17449 = SURFACE_STYLE_USAGE(.BOTH.,#17450);
#17450 = SURFACE_SIDE_STYLE('',(#17451));
#17451 = SURFACE_STYLE_FILL_AREA(#17452);
#17452 = FILL_AREA_STYLE('',(#17453));
#17453 = FILL_AREA_STYLE_COLOUR('',#17432);
#17454 = STYLED_ITEM('color',(#17455),#2388);
#17455 = PRESENTATION_STYLE_ASSIGNMENT((#17456));
#17456 = SURFACE_STYLE_USAGE(.BOTH.,#17457);
#17457 = SURFACE_SIDE_STYLE('',(#17458));
#17458 = SURFACE_STYLE_FILL_AREA(#17459);
#17459 = FILL_AREA_STYLE('',(#17460));
#17460 = FILL_AREA_STYLE_COLOUR('',#17432);
#17461 = STYLED_ITEM('color',(#17462),#2413);
#17462 = PRESENTATION_STYLE_ASSIGNMENT((#17463));
#17463 = SURFACE_STYLE_USAGE(.BOTH.,#17464);
#17464 = SURFACE_SIDE_STYLE('',(#17465));
#17465 = SURFACE_STYLE_FILL_AREA(#17466);
#17466 = FILL_AREA_STYLE('',(#17467));
#17467 = FILL_AREA_STYLE_COLOUR('',#17432);
#17468 = STYLED_ITEM('color',(#17469),#2513);
#17469 = PRESENTATION_STYLE_ASSIGNMENT((#17470));
#17470 = SURFACE_STYLE_USAGE(.BOTH.,#17471);
#17471 = SURFACE_SIDE_STYLE('',(#17472));
#17472 = SURFACE_STYLE_FILL_AREA(#17473);
#17473 = FILL_AREA_STYLE('',(#17474));
#17474 = FILL_AREA_STYLE_COLOUR('',#17432);
#17475 = STYLED_ITEM('color',(#17476),#2621);
#17476 = PRESENTATION_STYLE_ASSIGNMENT((#17477));
#17477 = SURFACE_STYLE_USAGE(.BOTH.,#17478);
#17478 = SURFACE_SIDE_STYLE('',(#17479));
#17479 = SURFACE_STYLE_FILL_AREA(#17480);
#17480 = FILL_AREA_STYLE('',(#17481));
#17481 = FILL_AREA_STYLE_COLOUR('',#17432);
#17482 = STYLED_ITEM('color',(#17483),#2646);
#17483 = PRESENTATION_STYLE_ASSIGNMENT((#17484));
#17484 = SURFACE_STYLE_USAGE(.BOTH.,#17485);
#17485 = SURFACE_SIDE_STYLE('',(#17486));
#17486 = SURFACE_STYLE_FILL_AREA(#17487);
#17487 = FILL_AREA_STYLE('',(#17488));
#17488 = FILL_AREA_STYLE_COLOUR('',#17432);
#17489 = STYLED_ITEM('color',(#17490),#2746);
#17490 = PRESENTATION_STYLE_ASSIGNMENT((#17491));
#17491 = SURFACE_STYLE_USAGE(.BOTH.,#17492);
#17492 = SURFACE_SIDE_STYLE('',(#17493));
#17493 = SURFACE_STYLE_FILL_AREA(#17494);
#17494 = FILL_AREA_STYLE('',(#17495));
#17495 = FILL_AREA_STYLE_COLOUR('',#17432);
#17496 = STYLED_ITEM('color',(#17497),#2763);
#17497 = PRESENTATION_STYLE_ASSIGNMENT((#17498));
#17498 = SURFACE_STYLE_USAGE(.BOTH.,#17499);
#17499 = SURFACE_SIDE_STYLE('',(#17500));
#17500 = SURFACE_STYLE_FILL_AREA(#17501);
#17501 = FILL_AREA_STYLE('',(#17502));
#17502 = FILL_AREA_STYLE_COLOUR('',#17432);
#17503 = STYLED_ITEM('color',(#17504),#2780);
#17504 = PRESENTATION_STYLE_ASSIGNMENT((#17505));
#17505 = SURFACE_STYLE_USAGE(.BOTH.,#17506);
#17506 = SURFACE_SIDE_STYLE('',(#17507));
#17507 = SURFACE_STYLE_FILL_AREA(#17508);
#17508 = FILL_AREA_STYLE('',(#17509));
#17509 = FILL_AREA_STYLE_COLOUR('',#17432);
#17510 = STYLED_ITEM('color',(#17511),#2797);
#17511 = PRESENTATION_STYLE_ASSIGNMENT((#17512));
#17512 = SURFACE_STYLE_USAGE(.BOTH.,#17513);
#17513 = SURFACE_SIDE_STYLE('',(#17514));
#17514 = SURFACE_STYLE_FILL_AREA(#17515);
#17515 = FILL_AREA_STYLE('',(#17516));
#17516 = FILL_AREA_STYLE_COLOUR('',#17432);
#17517 = STYLED_ITEM('color',(#17518),#2814);
#17518 = PRESENTATION_STYLE_ASSIGNMENT((#17519));
#17519 = SURFACE_STYLE_USAGE(.BOTH.,#17520);
#17520 = SURFACE_SIDE_STYLE('',(#17521));
#17521 = SURFACE_STYLE_FILL_AREA(#17522);
#17522 = FILL_AREA_STYLE('',(#17523));
#17523 = FILL_AREA_STYLE_COLOUR('',#17432);
#17524 = STYLED_ITEM('color',(#17525),#2831);
#17525 = PRESENTATION_STYLE_ASSIGNMENT((#17526));
#17526 = SURFACE_STYLE_USAGE(.BOTH.,#17527);
#17527 = SURFACE_SIDE_STYLE('',(#17528));
#17528 = SURFACE_STYLE_FILL_AREA(#17529);
#17529 = FILL_AREA_STYLE('',(#17530));
#17530 = FILL_AREA_STYLE_COLOUR('',#17432);
#17531 = STYLED_ITEM('color',(#17532),#2848);
#17532 = PRESENTATION_STYLE_ASSIGNMENT((#17533));
#17533 = SURFACE_STYLE_USAGE(.BOTH.,#17534);
#17534 = SURFACE_SIDE_STYLE('',(#17535));
#17535 = SURFACE_STYLE_FILL_AREA(#17536);
#17536 = FILL_AREA_STYLE('',(#17537));
#17537 = FILL_AREA_STYLE_COLOUR('',#17432);
#17538 = STYLED_ITEM('color',(#17539),#2956);
#17539 = PRESENTATION_STYLE_ASSIGNMENT((#17540));
#17540 = SURFACE_STYLE_USAGE(.BOTH.,#17541);
#17541 = SURFACE_SIDE_STYLE('',(#17542));
#17542 = SURFACE_STYLE_FILL_AREA(#17543);
#17543 = FILL_AREA_STYLE('',(#17544));
#17544 = FILL_AREA_STYLE_COLOUR('',#17432);
#17545 = STYLED_ITEM('color',(#17546),#2981);
#17546 = PRESENTATION_STYLE_ASSIGNMENT((#17547));
#17547 = SURFACE_STYLE_USAGE(.BOTH.,#17548);
#17548 = SURFACE_SIDE_STYLE('',(#17549));
#17549 = SURFACE_STYLE_FILL_AREA(#17550);
#17550 = FILL_AREA_STYLE('',(#17551));
#17551 = FILL_AREA_STYLE_COLOUR('',#17432);
#17552 = STYLED_ITEM('color',(#17553),#3081);
#17553 = PRESENTATION_STYLE_ASSIGNMENT((#17554));
#17554 = SURFACE_STYLE_USAGE(.BOTH.,#17555);
#17555 = SURFACE_SIDE_STYLE('',(#17556));
#17556 = SURFACE_STYLE_FILL_AREA(#17557);
#17557 = FILL_AREA_STYLE('',(#17558));
#17558 = FILL_AREA_STYLE_COLOUR('',#17432);
#17559 = STYLED_ITEM('color',(#17560),#3189);
#17560 = PRESENTATION_STYLE_ASSIGNMENT((#17561));
#17561 = SURFACE_STYLE_USAGE(.BOTH.,#17562);
#17562 = SURFACE_SIDE_STYLE('',(#17563));
#17563 = SURFACE_STYLE_FILL_AREA(#17564);
#17564 = FILL_AREA_STYLE('',(#17565));
#17565 = FILL_AREA_STYLE_COLOUR('',#17432);
#17566 = STYLED_ITEM('color',(#17567),#3214);
#17567 = PRESENTATION_STYLE_ASSIGNMENT((#17568));
#17568 = SURFACE_STYLE_USAGE(.BOTH.,#17569);
#17569 = SURFACE_SIDE_STYLE('',(#17570));
#17570 = SURFACE_STYLE_FILL_AREA(#17571);
#17571 = FILL_AREA_STYLE('',(#17572));
#17572 = FILL_AREA_STYLE_COLOUR('',#17432);
#17573 = STYLED_ITEM('color',(#17574),#3314);
#17574 = PRESENTATION_STYLE_ASSIGNMENT((#17575));
#17575 = SURFACE_STYLE_USAGE(.BOTH.,#17576);
#17576 = SURFACE_SIDE_STYLE('',(#17577));
#17577 = SURFACE_STYLE_FILL_AREA(#17578);
#17578 = FILL_AREA_STYLE('',(#17579));
#17579 = FILL_AREA_STYLE_COLOUR('',#17432);
#17580 = STYLED_ITEM('color',(#17581),#3422);
#17581 = PRESENTATION_STYLE_ASSIGNMENT((#17582));
#17582 = SURFACE_STYLE_USAGE(.BOTH.,#17583);
#17583 = SURFACE_SIDE_STYLE('',(#17584));
#17584 = SURFACE_STYLE_FILL_AREA(#17585);
#17585 = FILL_AREA_STYLE('',(#17586));
#17586 = FILL_AREA_STYLE_COLOUR('',#17432);
#17587 = STYLED_ITEM('color',(#17588),#3447);
#17588 = PRESENTATION_STYLE_ASSIGNMENT((#17589));
#17589 = SURFACE_STYLE_USAGE(.BOTH.,#17590);
#17590 = SURFACE_SIDE_STYLE('',(#17591));
#17591 = SURFACE_STYLE_FILL_AREA(#17592);
#17592 = FILL_AREA_STYLE('',(#17593));
#17593 = FILL_AREA_STYLE_COLOUR('',#17432);
#17594 = STYLED_ITEM('color',(#17595),#3547);
#17595 = PRESENTATION_STYLE_ASSIGNMENT((#17596));
#17596 = SURFACE_STYLE_USAGE(.BOTH.,#17597);
#17597 = SURFACE_SIDE_STYLE('',(#17598));
#17598 = SURFACE_STYLE_FILL_AREA(#17599);
#17599 = FILL_AREA_STYLE('',(#17600));
#17600 = FILL_AREA_STYLE_COLOUR('',#17432);
#17601 = STYLED_ITEM('color',(#17602),#3564);
#17602 = PRESENTATION_STYLE_ASSIGNMENT((#17603));
#17603 = SURFACE_STYLE_USAGE(.BOTH.,#17604);
#17604 = SURFACE_SIDE_STYLE('',(#17605));
#17605 = SURFACE_STYLE_FILL_AREA(#17606);
#17606 = FILL_AREA_STYLE('',(#17607));
#17607 = FILL_AREA_STYLE_COLOUR('',#17432);
#17608 = STYLED_ITEM('color',(#17609),#3581);
#17609 = PRESENTATION_STYLE_ASSIGNMENT((#17610));
#17610 = SURFACE_STYLE_USAGE(.BOTH.,#17611);
#17611 = SURFACE_SIDE_STYLE('',(#17612));
#17612 = SURFACE_STYLE_FILL_AREA(#17613);
#17613 = FILL_AREA_STYLE('',(#17614));
#17614 = FILL_AREA_STYLE_COLOUR('',#17432);
#17615 = STYLED_ITEM('color',(#17616),#3598);
#17616 = PRESENTATION_STYLE_ASSIGNMENT((#17617));
#17617 = SURFACE_STYLE_USAGE(.BOTH.,#17618);
#17618 = SURFACE_SIDE_STYLE('',(#17619));
#17619 = SURFACE_STYLE_FILL_AREA(#17620);
#17620 = FILL_AREA_STYLE('',(#17621));
#17621 = FILL_AREA_STYLE_COLOUR('',#17432);
#17622 = STYLED_ITEM('color',(#17623),#3615);
#17623 = PRESENTATION_STYLE_ASSIGNMENT((#17624));
#17624 = SURFACE_STYLE_USAGE(.BOTH.,#17625);
#17625 = SURFACE_SIDE_STYLE('',(#17626));
#17626 = SURFACE_STYLE_FILL_AREA(#17627);
#17627 = FILL_AREA_STYLE('',(#17628));
#17628 = FILL_AREA_STYLE_COLOUR('',#17432);
#17629 = STYLED_ITEM('color',(#17630),#3632);
#17630 = PRESENTATION_STYLE_ASSIGNMENT((#17631));
#17631 = SURFACE_STYLE_USAGE(.BOTH.,#17632);
#17632 = SURFACE_SIDE_STYLE('',(#17633));
#17633 = SURFACE_STYLE_FILL_AREA(#17634);
#17634 = FILL_AREA_STYLE('',(#17635));
#17635 = FILL_AREA_STYLE_COLOUR('',#17432);
#17636 = STYLED_ITEM('color',(#17637),#3649);
#17637 = PRESENTATION_STYLE_ASSIGNMENT((#17638));
#17638 = SURFACE_STYLE_USAGE(.BOTH.,#17639);
#17639 = SURFACE_SIDE_STYLE('',(#17640));
#17640 = SURFACE_STYLE_FILL_AREA(#17641);
#17641 = FILL_AREA_STYLE('',(#17642));
#17642 = FILL_AREA_STYLE_COLOUR('',#17432);
#17643 = STYLED_ITEM('color',(#17644),#3666);
#17644 = PRESENTATION_STYLE_ASSIGNMENT((#17645));
#17645 = SURFACE_STYLE_USAGE(.BOTH.,#17646);
#17646 = SURFACE_SIDE_STYLE('',(#17647));
#17647 = SURFACE_STYLE_FILL_AREA(#17648);
#17648 = FILL_AREA_STYLE('',(#17649));
#17649 = FILL_AREA_STYLE_COLOUR('',#17432);
#17650 = STYLED_ITEM('color',(#17651),#3683);
#17651 = PRESENTATION_STYLE_ASSIGNMENT((#17652));
#17652 = SURFACE_STYLE_USAGE(.BOTH.,#17653);
#17653 = SURFACE_SIDE_STYLE('',(#17654));
#17654 = SURFACE_STYLE_FILL_AREA(#17655);
#17655 = FILL_AREA_STYLE('',(#17656));
#17656 = FILL_AREA_STYLE_COLOUR('',#17432);
#17657 = STYLED_ITEM('color',(#17658),#3700);
#17658 = PRESENTATION_STYLE_ASSIGNMENT((#17659));
#17659 = SURFACE_STYLE_USAGE(.BOTH.,#17660);
#17660 = SURFACE_SIDE_STYLE('',(#17661));
#17661 = SURFACE_STYLE_FILL_AREA(#17662);
#17662 = FILL_AREA_STYLE('',(#17663));
#17663 = FILL_AREA_STYLE_COLOUR('',#17432);
#17664 = STYLED_ITEM('color',(#17665),#3717);
#17665 = PRESENTATION_STYLE_ASSIGNMENT((#17666));
#17666 = SURFACE_STYLE_USAGE(.BOTH.,#17667);
#17667 = SURFACE_SIDE_STYLE('',(#17668));
#17668 = SURFACE_STYLE_FILL_AREA(#17669);
#17669 = FILL_AREA_STYLE('',(#17670));
#17670 = FILL_AREA_STYLE_COLOUR('',#17432);
#17671 = STYLED_ITEM('color',(#17672),#3734);
#17672 = PRESENTATION_STYLE_ASSIGNMENT((#17673));
#17673 = SURFACE_STYLE_USAGE(.BOTH.,#17674);
#17674 = SURFACE_SIDE_STYLE('',(#17675));
#17675 = SURFACE_STYLE_FILL_AREA(#17676);
#17676 = FILL_AREA_STYLE('',(#17677));
#17677 = FILL_AREA_STYLE_COLOUR('',#17432);
#17678 = STYLED_ITEM('color',(#17679),#3751);
#17679 = PRESENTATION_STYLE_ASSIGNMENT((#17680));
#17680 = SURFACE_STYLE_USAGE(.BOTH.,#17681);
#17681 = SURFACE_SIDE_STYLE('',(#17682));
#17682 = SURFACE_STYLE_FILL_AREA(#17683);
#17683 = FILL_AREA_STYLE('',(#17684));
#17684 = FILL_AREA_STYLE_COLOUR('',#17432);
#17685 = STYLED_ITEM('color',(#17686),#3768);
#17686 = PRESENTATION_STYLE_ASSIGNMENT((#17687));
#17687 = SURFACE_STYLE_USAGE(.BOTH.,#17688);
#17688 = SURFACE_SIDE_STYLE('',(#17689));
#17689 = SURFACE_STYLE_FILL_AREA(#17690);
#17690 = FILL_AREA_STYLE('',(#17691));
#17691 = FILL_AREA_STYLE_COLOUR('',#17432);
#17692 = STYLED_ITEM('color',(#17693),#3785);
#17693 = PRESENTATION_STYLE_ASSIGNMENT((#17694));
#17694 = SURFACE_STYLE_USAGE(.BOTH.,#17695);
#17695 = SURFACE_SIDE_STYLE('',(#17696));
#17696 = SURFACE_STYLE_FILL_AREA(#17697);
#17697 = FILL_AREA_STYLE('',(#17698));
#17698 = FILL_AREA_STYLE_COLOUR('',#17432);
#17699 = STYLED_ITEM('color',(#17700),#3802);
#17700 = PRESENTATION_STYLE_ASSIGNMENT((#17701));
#17701 = SURFACE_STYLE_USAGE(.BOTH.,#17702);
#17702 = SURFACE_SIDE_STYLE('',(#17703));
#17703 = SURFACE_STYLE_FILL_AREA(#17704);
#17704 = FILL_AREA_STYLE('',(#17705));
#17705 = FILL_AREA_STYLE_COLOUR('',#17432);
#17706 = STYLED_ITEM('color',(#17707),#3819);
#17707 = PRESENTATION_STYLE_ASSIGNMENT((#17708));
#17708 = SURFACE_STYLE_USAGE(.BOTH.,#17709);
#17709 = SURFACE_SIDE_STYLE('',(#17710));
#17710 = SURFACE_STYLE_FILL_AREA(#17711);
#17711 = FILL_AREA_STYLE('',(#17712));
#17712 = FILL_AREA_STYLE_COLOUR('',#17432);
#17713 = STYLED_ITEM('color',(#17714),#3836);
#17714 = PRESENTATION_STYLE_ASSIGNMENT((#17715));
#17715 = SURFACE_STYLE_USAGE(.BOTH.,#17716);
#17716 = SURFACE_SIDE_STYLE('',(#17717));
#17717 = SURFACE_STYLE_FILL_AREA(#17718);
#17718 = FILL_AREA_STYLE('',(#17719));
#17719 = FILL_AREA_STYLE_COLOUR('',#17432);
#17720 = STYLED_ITEM('color',(#17721),#3853);
#17721 = PRESENTATION_STYLE_ASSIGNMENT((#17722));
#17722 = SURFACE_STYLE_USAGE(.BOTH.,#17723);
#17723 = SURFACE_SIDE_STYLE('',(#17724));
#17724 = SURFACE_STYLE_FILL_AREA(#17725);
#17725 = FILL_AREA_STYLE('',(#17726));
#17726 = FILL_AREA_STYLE_COLOUR('',#17432);
#17727 = STYLED_ITEM('color',(#17728),#3870);
#17728 = PRESENTATION_STYLE_ASSIGNMENT((#17729));
#17729 = SURFACE_STYLE_USAGE(.BOTH.,#17730);
#17730 = SURFACE_SIDE_STYLE('',(#17731));
#17731 = SURFACE_STYLE_FILL_AREA(#17732);
#17732 = FILL_AREA_STYLE('',(#17733));
#17733 = FILL_AREA_STYLE_COLOUR('',#17432);
#17734 = STYLED_ITEM('color',(#17735),#3887);
#17735 = PRESENTATION_STYLE_ASSIGNMENT((#17736));
#17736 = SURFACE_STYLE_USAGE(.BOTH.,#17737);
#17737 = SURFACE_SIDE_STYLE('',(#17738));
#17738 = SURFACE_STYLE_FILL_AREA(#17739);
#17739 = FILL_AREA_STYLE('',(#17740));
#17740 = FILL_AREA_STYLE_COLOUR('',#17432);
#17741 = STYLED_ITEM('color',(#17742),#3904);
#17742 = PRESENTATION_STYLE_ASSIGNMENT((#17743));
#17743 = SURFACE_STYLE_USAGE(.BOTH.,#17744);
#17744 = SURFACE_SIDE_STYLE('',(#17745));
#17745 = SURFACE_STYLE_FILL_AREA(#17746);
#17746 = FILL_AREA_STYLE('',(#17747));
#17747 = FILL_AREA_STYLE_COLOUR('',#17432);
#17748 = STYLED_ITEM('color',(#17749),#3921);
#17749 = PRESENTATION_STYLE_ASSIGNMENT((#17750));
#17750 = SURFACE_STYLE_USAGE(.BOTH.,#17751);
#17751 = SURFACE_SIDE_STYLE('',(#17752));
#17752 = SURFACE_STYLE_FILL_AREA(#17753);
#17753 = FILL_AREA_STYLE('',(#17754));
#17754 = FILL_AREA_STYLE_COLOUR('',#17432);
#17755 = STYLED_ITEM('color',(#17756),#3938);
#17756 = PRESENTATION_STYLE_ASSIGNMENT((#17757));
#17757 = SURFACE_STYLE_USAGE(.BOTH.,#17758);
#17758 = SURFACE_SIDE_STYLE('',(#17759));
#17759 = SURFACE_STYLE_FILL_AREA(#17760);
#17760 = FILL_AREA_STYLE('',(#17761));
#17761 = FILL_AREA_STYLE_COLOUR('',#17432);
#17762 = STYLED_ITEM('color',(#17763),#3955);
#17763 = PRESENTATION_STYLE_ASSIGNMENT((#17764));
#17764 = SURFACE_STYLE_USAGE(.BOTH.,#17765);
#17765 = SURFACE_SIDE_STYLE('',(#17766));
#17766 = SURFACE_STYLE_FILL_AREA(#17767);
#17767 = FILL_AREA_STYLE('',(#17768));
#17768 = FILL_AREA_STYLE_COLOUR('',#17432);
#17769 = STYLED_ITEM('color',(#17770),#3977);
#17770 = PRESENTATION_STYLE_ASSIGNMENT((#17771));
#17771 = SURFACE_STYLE_USAGE(.BOTH.,#17772);
#17772 = SURFACE_SIDE_STYLE('',(#17773));
#17773 = SURFACE_STYLE_FILL_AREA(#17774);
#17774 = FILL_AREA_STYLE('',(#17775));
#17775 = FILL_AREA_STYLE_COLOUR('',#17432);
#17776 = STYLED_ITEM('color',(#17777),#3989);
#17777 = PRESENTATION_STYLE_ASSIGNMENT((#17778));
#17778 = SURFACE_STYLE_USAGE(.BOTH.,#17779);
#17779 = SURFACE_SIDE_STYLE('',(#17780));
#17780 = SURFACE_STYLE_FILL_AREA(#17781);
#17781 = FILL_AREA_STYLE('',(#17782));
#17782 = FILL_AREA_STYLE_COLOUR('',#17432);
#17783 = STYLED_ITEM('color',(#17784),#4001);
#17784 = PRESENTATION_STYLE_ASSIGNMENT((#17785));
#17785 = SURFACE_STYLE_USAGE(.BOTH.,#17786);
#17786 = SURFACE_SIDE_STYLE('',(#17787));
#17787 = SURFACE_STYLE_FILL_AREA(#17788);
#17788 = FILL_AREA_STYLE('',(#17789));
#17789 = FILL_AREA_STYLE_COLOUR('',#17432);
#17790 = STYLED_ITEM('color',(#17791),#4013);
#17791 = PRESENTATION_STYLE_ASSIGNMENT((#17792));
#17792 = SURFACE_STYLE_USAGE(.BOTH.,#17793);
#17793 = SURFACE_SIDE_STYLE('',(#17794));
#17794 = SURFACE_STYLE_FILL_AREA(#17795);
#17795 = FILL_AREA_STYLE('',(#17796));
#17796 = FILL_AREA_STYLE_COLOUR('',#17432);
#17797 = STYLED_ITEM('color',(#17798),#4030);
#17798 = PRESENTATION_STYLE_ASSIGNMENT((#17799));
#17799 = SURFACE_STYLE_USAGE(.BOTH.,#17800);
#17800 = SURFACE_SIDE_STYLE('',(#17801));
#17801 = SURFACE_STYLE_FILL_AREA(#17802);
#17802 = FILL_AREA_STYLE('',(#17803));
#17803 = FILL_AREA_STYLE_COLOUR('',#17432);
#17804 = STYLED_ITEM('color',(#17805),#4042);
#17805 = PRESENTATION_STYLE_ASSIGNMENT((#17806));
#17806 = SURFACE_STYLE_USAGE(.BOTH.,#17807);
#17807 = SURFACE_SIDE_STYLE('',(#17808));
#17808 = SURFACE_STYLE_FILL_AREA(#17809);
#17809 = FILL_AREA_STYLE('',(#17810));
#17810 = FILL_AREA_STYLE_COLOUR('',#17432);
#17811 = STYLED_ITEM('color',(#17812),#4064);
#17812 = PRESENTATION_STYLE_ASSIGNMENT((#17813));
#17813 = SURFACE_STYLE_USAGE(.BOTH.,#17814);
#17814 = SURFACE_SIDE_STYLE('',(#17815));
#17815 = SURFACE_STYLE_FILL_AREA(#17816);
#17816 = FILL_AREA_STYLE('',(#17817));
#17817 = FILL_AREA_STYLE_COLOUR('',#17432);
#17818 = STYLED_ITEM('color',(#17819),#4076);
#17819 = PRESENTATION_STYLE_ASSIGNMENT((#17820));
#17820 = SURFACE_STYLE_USAGE(.BOTH.,#17821);
#17821 = SURFACE_SIDE_STYLE('',(#17822));
#17822 = SURFACE_STYLE_FILL_AREA(#17823);
#17823 = FILL_AREA_STYLE('',(#17824));
#17824 = FILL_AREA_STYLE_COLOUR('',#17432);
#17825 = STYLED_ITEM('color',(#17826),#4088);
#17826 = PRESENTATION_STYLE_ASSIGNMENT((#17827));
#17827 = SURFACE_STYLE_USAGE(.BOTH.,#17828);
#17828 = SURFACE_SIDE_STYLE('',(#17829));
#17829 = SURFACE_STYLE_FILL_AREA(#17830);
#17830 = FILL_AREA_STYLE('',(#17831));
#17831 = FILL_AREA_STYLE_COLOUR('',#17432);
#17832 = STYLED_ITEM('color',(#17833),#4100);
#17833 = PRESENTATION_STYLE_ASSIGNMENT((#17834));
#17834 = SURFACE_STYLE_USAGE(.BOTH.,#17835);
#17835 = SURFACE_SIDE_STYLE('',(#17836));
#17836 = SURFACE_STYLE_FILL_AREA(#17837);
#17837 = FILL_AREA_STYLE('',(#17838));
#17838 = FILL_AREA_STYLE_COLOUR('',#17432);
#17839 = STYLED_ITEM('color',(#17840),#4117);
#17840 = PRESENTATION_STYLE_ASSIGNMENT((#17841));
#17841 = SURFACE_STYLE_USAGE(.BOTH.,#17842);
#17842 = SURFACE_SIDE_STYLE('',(#17843));
#17843 = SURFACE_STYLE_FILL_AREA(#17844);
#17844 = FILL_AREA_STYLE('',(#17845));
#17845 = FILL_AREA_STYLE_COLOUR('',#17432);
#17846 = STYLED_ITEM('color',(#17847),#4129);
#17847 = PRESENTATION_STYLE_ASSIGNMENT((#17848));
#17848 = SURFACE_STYLE_USAGE(.BOTH.,#17849);
#17849 = SURFACE_SIDE_STYLE('',(#17850));
#17850 = SURFACE_STYLE_FILL_AREA(#17851);
#17851 = FILL_AREA_STYLE('',(#17852));
#17852 = FILL_AREA_STYLE_COLOUR('',#17432);
#17853 = STYLED_ITEM('color',(#17854),#4151);
#17854 = PRESENTATION_STYLE_ASSIGNMENT((#17855));
#17855 = SURFACE_STYLE_USAGE(.BOTH.,#17856);
#17856 = SURFACE_SIDE_STYLE('',(#17857));
#17857 = SURFACE_STYLE_FILL_AREA(#17858);
#17858 = FILL_AREA_STYLE('',(#17859));
#17859 = FILL_AREA_STYLE_COLOUR('',#17432);
#17860 = STYLED_ITEM('color',(#17861),#4163);
#17861 = PRESENTATION_STYLE_ASSIGNMENT((#17862));
#17862 = SURFACE_STYLE_USAGE(.BOTH.,#17863);
#17863 = SURFACE_SIDE_STYLE('',(#17864));
#17864 = SURFACE_STYLE_FILL_AREA(#17865);
#17865 = FILL_AREA_STYLE('',(#17866));
#17866 = FILL_AREA_STYLE_COLOUR('',#17432);
#17867 = STYLED_ITEM('color',(#17868),#4175);
#17868 = PRESENTATION_STYLE_ASSIGNMENT((#17869));
#17869 = SURFACE_STYLE_USAGE(.BOTH.,#17870);
#17870 = SURFACE_SIDE_STYLE('',(#17871));
#17871 = SURFACE_STYLE_FILL_AREA(#17872);
#17872 = FILL_AREA_STYLE('',(#17873));
#17873 = FILL_AREA_STYLE_COLOUR('',#17432);
#17874 = STYLED_ITEM('color',(#17875),#4187);
#17875 = PRESENTATION_STYLE_ASSIGNMENT((#17876));
#17876 = SURFACE_STYLE_USAGE(.BOTH.,#17877);
#17877 = SURFACE_SIDE_STYLE('',(#17878));
#17878 = SURFACE_STYLE_FILL_AREA(#17879);
#17879 = FILL_AREA_STYLE('',(#17880));
#17880 = FILL_AREA_STYLE_COLOUR('',#17432);
#17881 = STYLED_ITEM('color',(#17882),#4204);
#17882 = PRESENTATION_STYLE_ASSIGNMENT((#17883));
#17883 = SURFACE_STYLE_USAGE(.BOTH.,#17884);
#17884 = SURFACE_SIDE_STYLE('',(#17885));
#17885 = SURFACE_STYLE_FILL_AREA(#17886);
#17886 = FILL_AREA_STYLE('',(#17887));
#17887 = FILL_AREA_STYLE_COLOUR('',#17432);
#17888 = STYLED_ITEM('color',(#17889),#4216);
#17889 = PRESENTATION_STYLE_ASSIGNMENT((#17890));
#17890 = SURFACE_STYLE_USAGE(.BOTH.,#17891);
#17891 = SURFACE_SIDE_STYLE('',(#17892));
#17892 = SURFACE_STYLE_FILL_AREA(#17893);
#17893 = FILL_AREA_STYLE('',(#17894));
#17894 = FILL_AREA_STYLE_COLOUR('',#17432);
#17895 = STYLED_ITEM('color',(#17896),#4238);
#17896 = PRESENTATION_STYLE_ASSIGNMENT((#17897));
#17897 = SURFACE_STYLE_USAGE(.BOTH.,#17898);
#17898 = SURFACE_SIDE_STYLE('',(#17899));
#17899 = SURFACE_STYLE_FILL_AREA(#17900);
#17900 = FILL_AREA_STYLE('',(#17901));
#17901 = FILL_AREA_STYLE_COLOUR('',#17432);
#17902 = STYLED_ITEM('color',(#17903),#4250);
#17903 = PRESENTATION_STYLE_ASSIGNMENT((#17904));
#17904 = SURFACE_STYLE_USAGE(.BOTH.,#17905);
#17905 = SURFACE_SIDE_STYLE('',(#17906));
#17906 = SURFACE_STYLE_FILL_AREA(#17907);
#17907 = FILL_AREA_STYLE('',(#17908));
#17908 = FILL_AREA_STYLE_COLOUR('',#17432);
#17909 = STYLED_ITEM('color',(#17910),#4262);
#17910 = PRESENTATION_STYLE_ASSIGNMENT((#17911));
#17911 = SURFACE_STYLE_USAGE(.BOTH.,#17912);
#17912 = SURFACE_SIDE_STYLE('',(#17913));
#17913 = SURFACE_STYLE_FILL_AREA(#17914);
#17914 = FILL_AREA_STYLE('',(#17915));
#17915 = FILL_AREA_STYLE_COLOUR('',#17432);
#17916 = STYLED_ITEM('color',(#17917),#4274);
#17917 = PRESENTATION_STYLE_ASSIGNMENT((#17918));
#17918 = SURFACE_STYLE_USAGE(.BOTH.,#17919);
#17919 = SURFACE_SIDE_STYLE('',(#17920));
#17920 = SURFACE_STYLE_FILL_AREA(#17921);
#17921 = FILL_AREA_STYLE('',(#17922));
#17922 = FILL_AREA_STYLE_COLOUR('',#17432);
#17923 = STYLED_ITEM('color',(#17924),#4291);
#17924 = PRESENTATION_STYLE_ASSIGNMENT((#17925));
#17925 = SURFACE_STYLE_USAGE(.BOTH.,#17926);
#17926 = SURFACE_SIDE_STYLE('',(#17927));
#17927 = SURFACE_STYLE_FILL_AREA(#17928);
#17928 = FILL_AREA_STYLE('',(#17929));
#17929 = FILL_AREA_STYLE_COLOUR('',#17432);
#17930 = STYLED_ITEM('color',(#17931),#4303);
#17931 = PRESENTATION_STYLE_ASSIGNMENT((#17932));
#17932 = SURFACE_STYLE_USAGE(.BOTH.,#17933);
#17933 = SURFACE_SIDE_STYLE('',(#17934));
#17934 = SURFACE_STYLE_FILL_AREA(#17935);
#17935 = FILL_AREA_STYLE('',(#17936));
#17936 = FILL_AREA_STYLE_COLOUR('',#17432);
#17937 = STYLED_ITEM('color',(#17938),#4325);
#17938 = PRESENTATION_STYLE_ASSIGNMENT((#17939));
#17939 = SURFACE_STYLE_USAGE(.BOTH.,#17940);
#17940 = SURFACE_SIDE_STYLE('',(#17941));
#17941 = SURFACE_STYLE_FILL_AREA(#17942);
#17942 = FILL_AREA_STYLE('',(#17943));
#17943 = FILL_AREA_STYLE_COLOUR('',#17432);
#17944 = STYLED_ITEM('color',(#17945),#4337);
#17945 = PRESENTATION_STYLE_ASSIGNMENT((#17946));
#17946 = SURFACE_STYLE_USAGE(.BOTH.,#17947);
#17947 = SURFACE_SIDE_STYLE('',(#17948));
#17948 = SURFACE_STYLE_FILL_AREA(#17949);
#17949 = FILL_AREA_STYLE('',(#17950));
#17950 = FILL_AREA_STYLE_COLOUR('',#17432);
#17951 = STYLED_ITEM('color',(#17952),#4349);
#17952 = PRESENTATION_STYLE_ASSIGNMENT((#17953));
#17953 = SURFACE_STYLE_USAGE(.BOTH.,#17954);
#17954 = SURFACE_SIDE_STYLE('',(#17955));
#17955 = SURFACE_STYLE_FILL_AREA(#17956);
#17956 = FILL_AREA_STYLE('',(#17957));
#17957 = FILL_AREA_STYLE_COLOUR('',#17432);
#17958 = STYLED_ITEM('color',(#17959),#4361);
#17959 = PRESENTATION_STYLE_ASSIGNMENT((#17960));
#17960 = SURFACE_STYLE_USAGE(.BOTH.,#17961);
#17961 = SURFACE_SIDE_STYLE('',(#17962));
#17962 = SURFACE_STYLE_FILL_AREA(#17963);
#17963 = FILL_AREA_STYLE('',(#17964));
#17964 = FILL_AREA_STYLE_COLOUR('',#17432);
#17965 = STYLED_ITEM('color',(#17966),#4378);
#17966 = PRESENTATION_STYLE_ASSIGNMENT((#17967));
#17967 = SURFACE_STYLE_USAGE(.BOTH.,#17968);
#17968 = SURFACE_SIDE_STYLE('',(#17969));
#17969 = SURFACE_STYLE_FILL_AREA(#17970);
#17970 = FILL_AREA_STYLE('',(#17971));
#17971 = FILL_AREA_STYLE_COLOUR('',#17432);
#17972 = STYLED_ITEM('color',(#17973),#4390);
#17973 = PRESENTATION_STYLE_ASSIGNMENT((#17974));
#17974 = SURFACE_STYLE_USAGE(.BOTH.,#17975);
#17975 = SURFACE_SIDE_STYLE('',(#17976));
#17976 = SURFACE_STYLE_FILL_AREA(#17977);
#17977 = FILL_AREA_STYLE('',(#17978));
#17978 = FILL_AREA_STYLE_COLOUR('',#17432);
#17979 = STYLED_ITEM('color',(#17980),#4412);
#17980 = PRESENTATION_STYLE_ASSIGNMENT((#17981));
#17981 = SURFACE_STYLE_USAGE(.BOTH.,#17982);
#17982 = SURFACE_SIDE_STYLE('',(#17983));
#17983 = SURFACE_STYLE_FILL_AREA(#17984);
#17984 = FILL_AREA_STYLE('',(#17985));
#17985 = FILL_AREA_STYLE_COLOUR('',#17432);
#17986 = STYLED_ITEM('color',(#17987),#4424);
#17987 = PRESENTATION_STYLE_ASSIGNMENT((#17988));
#17988 = SURFACE_STYLE_USAGE(.BOTH.,#17989);
#17989 = SURFACE_SIDE_STYLE('',(#17990));
#17990 = SURFACE_STYLE_FILL_AREA(#17991);
#17991 = FILL_AREA_STYLE('',(#17992));
#17992 = FILL_AREA_STYLE_COLOUR('',#17432);
#17993 = STYLED_ITEM('color',(#17994),#4436);
#17994 = PRESENTATION_STYLE_ASSIGNMENT((#17995));
#17995 = SURFACE_STYLE_USAGE(.BOTH.,#17996);
#17996 = SURFACE_SIDE_STYLE('',(#17997));
#17997 = SURFACE_STYLE_FILL_AREA(#17998);
#17998 = FILL_AREA_STYLE('',(#17999));
#17999 = FILL_AREA_STYLE_COLOUR('',#17432);
#18000 = STYLED_ITEM('color',(#18001),#4448);
#18001 = PRESENTATION_STYLE_ASSIGNMENT((#18002));
#18002 = SURFACE_STYLE_USAGE(.BOTH.,#18003);
#18003 = SURFACE_SIDE_STYLE('',(#18004));
#18004 = SURFACE_STYLE_FILL_AREA(#18005);
#18005 = FILL_AREA_STYLE('',(#18006));
#18006 = FILL_AREA_STYLE_COLOUR('',#17432);
#18007 = STYLED_ITEM('color',(#18008),#4465);
#18008 = PRESENTATION_STYLE_ASSIGNMENT((#18009));
#18009 = SURFACE_STYLE_USAGE(.BOTH.,#18010);
#18010 = SURFACE_SIDE_STYLE('',(#18011));
#18011 = SURFACE_STYLE_FILL_AREA(#18012);
#18012 = FILL_AREA_STYLE('',(#18013));
#18013 = FILL_AREA_STYLE_COLOUR('',#17432);
#18014 = MECHANICAL_DESIGN_GEOMETRIC_PRESENTATION_REPRESENTATION('',(
    #18015,#18023,#18030,#18037,#18044,#18051,#18058,#18065,#18072,
    #18079,#18086,#18093,#18100,#18107,#18114,#18121,#18128,#18135,
    #18142,#18149,#18156,#18163,#18171,#18178,#18185,#18192,#18199,
    #18206,#18213,#18220,#18227,#18234,#18241,#18248,#18255,#18262,
    #18269,#18276,#18283,#18290,#18297,#18304,#18311,#18318,#18325,
    #18332,#18339,#18346,#18353,#18360,#18367,#18374,#18381,#18388,
    #18395,#18402,#18409,#18416,#18423,#18430,#18437,#18444,#18451,
    #18458,#18465,#18472,#18479,#18486,#18493,#18500,#18507,#18514,
    #18521,#18528,#18535,#18542,#18549,#18556,#18563,#18570,#18577,
    #18584,#18591,#18598,#18605,#18612,#18619,#18626,#18633,#18640,
    #18647,#18654,#18661,#18668,#18675,#18682,#18689,#18696,#18703,
    #18710,#18717,#18724,#18731,#18738,#18745,#18752,#18759,#18766,
    #18773,#18780,#18787,#18794,#18801,#18808,#18815,#18822,#18829,
    #18836,#18843,#18850,#18857,#18864,#18871,#18878,#18885,#18892,
    #18899,#18906,#18913,#18920,#18927,#18934,#18941,#18948,#18955,
    #18962,#18969,#18976,#18983,#18990,#18997,#19004,#19011,#19018,
    #19025,#19032,#19039,#19046,#19053,#19060,#19067,#19074,#19081,
    #19088,#19095,#19102,#19109,#19116,#19123,#19130,#19137,#19144,
    #19151,#19158,#19165,#19172,#19179,#19186,#19193,#19200,#19207,
    #19214,#19221,#19228,#19235,#19242,#19249,#19256,#19263,#19270,
    #19277,#19284,#19291,#19298,#19305,#19312,#19319,#19326,#19333,
    #19340,#19347,#19354,#19361,#19368,#19375,#19382,#19389,#19396,
    #19403,#19410,#19417,#19424,#19431),#10925);
#18015 = STYLED_ITEM('color',(#18016),#4528);
#18016 = PRESENTATION_STYLE_ASSIGNMENT((#18017));
#18017 = SURFACE_STYLE_USAGE(.BOTH.,#18018);
#18018 = SURFACE_SIDE_STYLE('',(#18019));
#18019 = SURFACE_STYLE_FILL_AREA(#18020);
#18020 = FILL_AREA_STYLE('',(#18021));
#18021 = FILL_AREA_STYLE_COLOUR('',#18022);
#18022 = COLOUR_RGB('',0.894117649055,0.890196087049,0.811764731185);
#18023 = STYLED_ITEM('color',(#18024),#4664);
#18024 = PRESENTATION_STYLE_ASSIGNMENT((#18025));
#18025 = SURFACE_STYLE_USAGE(.BOTH.,#18026);
#18026 = SURFACE_SIDE_STYLE('',(#18027));
#18027 = SURFACE_STYLE_FILL_AREA(#18028);
#18028 = FILL_AREA_STYLE('',(#18029));
#18029 = FILL_AREA_STYLE_COLOUR('',#18022);
#18030 = STYLED_ITEM('color',(#18031),#4727);
#18031 = PRESENTATION_STYLE_ASSIGNMENT((#18032));
#18032 = SURFACE_STYLE_USAGE(.BOTH.,#18033);
#18033 = SURFACE_SIDE_STYLE('',(#18034));
#18034 = SURFACE_STYLE_FILL_AREA(#18035);
#18035 = FILL_AREA_STYLE('',(#18036));
#18036 = FILL_AREA_STYLE_COLOUR('',#18022);
#18037 = STYLED_ITEM('color',(#18038),#4767);
#18038 = PRESENTATION_STYLE_ASSIGNMENT((#18039));
#18039 = SURFACE_STYLE_USAGE(.BOTH.,#18040);
#18040 = SURFACE_SIDE_STYLE('',(#18041));
#18041 = SURFACE_STYLE_FILL_AREA(#18042);
#18042 = FILL_AREA_STYLE('',(#18043));
#18043 = FILL_AREA_STYLE_COLOUR('',#18022);
#18044 = STYLED_ITEM('color',(#18045),#4791);
#18045 = PRESENTATION_STYLE_ASSIGNMENT((#18046));
#18046 = SURFACE_STYLE_USAGE(.BOTH.,#18047);
#18047 = SURFACE_SIDE_STYLE('',(#18048));
#18048 = SURFACE_STYLE_FILL_AREA(#18049);
#18049 = FILL_AREA_STYLE('',(#18050));
#18050 = FILL_AREA_STYLE_COLOUR('',#18022);
#18051 = STYLED_ITEM('color',(#18052),#4847);
#18052 = PRESENTATION_STYLE_ASSIGNMENT((#18053));
#18053 = SURFACE_STYLE_USAGE(.BOTH.,#18054);
#18054 = SURFACE_SIDE_STYLE('',(#18055));
#18055 = SURFACE_STYLE_FILL_AREA(#18056);
#18056 = FILL_AREA_STYLE('',(#18057));
#18057 = FILL_AREA_STYLE_COLOUR('',#18022);
#18058 = STYLED_ITEM('color',(#18059),#4871);
#18059 = PRESENTATION_STYLE_ASSIGNMENT((#18060));
#18060 = SURFACE_STYLE_USAGE(.BOTH.,#18061);
#18061 = SURFACE_SIDE_STYLE('',(#18062));
#18062 = SURFACE_STYLE_FILL_AREA(#18063);
#18063 = FILL_AREA_STYLE('',(#18064));
#18064 = FILL_AREA_STYLE_COLOUR('',#18022);
#18065 = STYLED_ITEM('color',(#18066),#5406);
#18066 = PRESENTATION_STYLE_ASSIGNMENT((#18067));
#18067 = SURFACE_STYLE_USAGE(.BOTH.,#18068);
#18068 = SURFACE_SIDE_STYLE('',(#18069));
#18069 = SURFACE_STYLE_FILL_AREA(#18070);
#18070 = FILL_AREA_STYLE('',(#18071));
#18071 = FILL_AREA_STYLE_COLOUR('',#18022);
#18072 = STYLED_ITEM('color',(#18073),#5462);
#18073 = PRESENTATION_STYLE_ASSIGNMENT((#18074));
#18074 = SURFACE_STYLE_USAGE(.BOTH.,#18075);
#18075 = SURFACE_SIDE_STYLE('',(#18076));
#18076 = SURFACE_STYLE_FILL_AREA(#18077);
#18077 = FILL_AREA_STYLE('',(#18078));
#18078 = FILL_AREA_STYLE_COLOUR('',#18022);
#18079 = STYLED_ITEM('color',(#18080),#5486);
#18080 = PRESENTATION_STYLE_ASSIGNMENT((#18081));
#18081 = SURFACE_STYLE_USAGE(.BOTH.,#18082);
#18082 = SURFACE_SIDE_STYLE('',(#18083));
#18083 = SURFACE_STYLE_FILL_AREA(#18084);
#18084 = FILL_AREA_STYLE('',(#18085));
#18085 = FILL_AREA_STYLE_COLOUR('',#18022);
#18086 = STYLED_ITEM('color',(#18087),#5510);
#18087 = PRESENTATION_STYLE_ASSIGNMENT((#18088));
#18088 = SURFACE_STYLE_USAGE(.BOTH.,#18089);
#18089 = SURFACE_SIDE_STYLE('',(#18090));
#18090 = SURFACE_STYLE_FILL_AREA(#18091);
#18091 = FILL_AREA_STYLE('',(#18092));
#18092 = FILL_AREA_STYLE_COLOUR('',#18022);
#18093 = STYLED_ITEM('color',(#18094),#5534);
#18094 = PRESENTATION_STYLE_ASSIGNMENT((#18095));
#18095 = SURFACE_STYLE_USAGE(.BOTH.,#18096);
#18096 = SURFACE_SIDE_STYLE('',(#18097));
#18097 = SURFACE_STYLE_FILL_AREA(#18098);
#18098 = FILL_AREA_STYLE('',(#18099));
#18099 = FILL_AREA_STYLE_COLOUR('',#18022);
#18100 = STYLED_ITEM('color',(#18101),#5558);
#18101 = PRESENTATION_STYLE_ASSIGNMENT((#18102));
#18102 = SURFACE_STYLE_USAGE(.BOTH.,#18103);
#18103 = SURFACE_SIDE_STYLE('',(#18104));
#18104 = SURFACE_STYLE_FILL_AREA(#18105);
#18105 = FILL_AREA_STYLE('',(#18106));
#18106 = FILL_AREA_STYLE_COLOUR('',#18022);
#18107 = STYLED_ITEM('color',(#18108),#5639);
#18108 = PRESENTATION_STYLE_ASSIGNMENT((#18109));
#18109 = SURFACE_STYLE_USAGE(.BOTH.,#18110);
#18110 = SURFACE_SIDE_STYLE('',(#18111));
#18111 = SURFACE_STYLE_FILL_AREA(#18112);
#18112 = FILL_AREA_STYLE('',(#18113));
#18113 = FILL_AREA_STYLE_COLOUR('',#18022);
#18114 = STYLED_ITEM('color',(#18115),#5791);
#18115 = PRESENTATION_STYLE_ASSIGNMENT((#18116));
#18116 = SURFACE_STYLE_USAGE(.BOTH.,#18117);
#18117 = SURFACE_SIDE_STYLE('',(#18118));
#18118 = SURFACE_STYLE_FILL_AREA(#18119);
#18119 = FILL_AREA_STYLE('',(#18120));
#18120 = FILL_AREA_STYLE_COLOUR('',#18022);
#18121 = STYLED_ITEM('color',(#18122),#5815);
#18122 = PRESENTATION_STYLE_ASSIGNMENT((#18123));
#18123 = SURFACE_STYLE_USAGE(.BOTH.,#18124);
#18124 = SURFACE_SIDE_STYLE('',(#18125));
#18125 = SURFACE_STYLE_FILL_AREA(#18126);
#18126 = FILL_AREA_STYLE('',(#18127));
#18127 = FILL_AREA_STYLE_COLOUR('',#18022);
#18128 = STYLED_ITEM('color',(#18129),#5839);
#18129 = PRESENTATION_STYLE_ASSIGNMENT((#18130));
#18130 = SURFACE_STYLE_USAGE(.BOTH.,#18131);
#18131 = SURFACE_SIDE_STYLE('',(#18132));
#18132 = SURFACE_STYLE_FILL_AREA(#18133);
#18133 = FILL_AREA_STYLE('',(#18134));
#18134 = FILL_AREA_STYLE_COLOUR('',#18022);
#18135 = STYLED_ITEM('color',(#18136),#5984);
#18136 = PRESENTATION_STYLE_ASSIGNMENT((#18137));
#18137 = SURFACE_STYLE_USAGE(.BOTH.,#18138);
#18138 = SURFACE_SIDE_STYLE('',(#18139));
#18139 = SURFACE_STYLE_FILL_AREA(#18140);
#18140 = FILL_AREA_STYLE('',(#18141));
#18141 = FILL_AREA_STYLE_COLOUR('',#18022);
#18142 = STYLED_ITEM('color',(#18143),#6072);
#18143 = PRESENTATION_STYLE_ASSIGNMENT((#18144));
#18144 = SURFACE_STYLE_USAGE(.BOTH.,#18145);
#18145 = SURFACE_SIDE_STYLE('',(#18146));
#18146 = SURFACE_STYLE_FILL_AREA(#18147);
#18147 = FILL_AREA_STYLE('',(#18148));
#18148 = FILL_AREA_STYLE_COLOUR('',#18022);
#18149 = STYLED_ITEM('color',(#18150),#6112);
#18150 = PRESENTATION_STYLE_ASSIGNMENT((#18151));
#18151 = SURFACE_STYLE_USAGE(.BOTH.,#18152);
#18152 = SURFACE_SIDE_STYLE('',(#18153));
#18153 = SURFACE_STYLE_FILL_AREA(#18154);
#18154 = FILL_AREA_STYLE('',(#18155));
#18155 = FILL_AREA_STYLE_COLOUR('',#18022);
#18156 = STYLED_ITEM('color',(#18157),#6145);
#18157 = PRESENTATION_STYLE_ASSIGNMENT((#18158));
#18158 = SURFACE_STYLE_USAGE(.BOTH.,#18159);
#18159 = SURFACE_SIDE_STYLE('',(#18160));
#18160 = SURFACE_STYLE_FILL_AREA(#18161);
#18161 = FILL_AREA_STYLE('',(#18162));
#18162 = FILL_AREA_STYLE_COLOUR('',#18022);
#18163 = STYLED_ITEM('color',(#18164),#6178);
#18164 = PRESENTATION_STYLE_ASSIGNMENT((#18165));
#18165 = SURFACE_STYLE_USAGE(.BOTH.,#18166);
#18166 = SURFACE_SIDE_STYLE('',(#18167));
#18167 = SURFACE_STYLE_FILL_AREA(#18168);
#18168 = FILL_AREA_STYLE('',(#18169));
#18169 = FILL_AREA_STYLE_COLOUR('',#18170);
#18170 = COLOUR_RGB('',0.823529417451,0.819607860991,0.780392170416);
#18171 = STYLED_ITEM('color',(#18172),#6202);
#18172 = PRESENTATION_STYLE_ASSIGNMENT((#18173));
#18173 = SURFACE_STYLE_USAGE(.BOTH.,#18174);
#18174 = SURFACE_SIDE_STYLE('',(#18175));
#18175 = SURFACE_STYLE_FILL_AREA(#18176);
#18176 = FILL_AREA_STYLE('',(#18177));
#18177 = FILL_AREA_STYLE_COLOUR('',#18170);
#18178 = STYLED_ITEM('color',(#18179),#6269);
#18179 = PRESENTATION_STYLE_ASSIGNMENT((#18180));
#18180 = SURFACE_STYLE_USAGE(.BOTH.,#18181);
#18181 = SURFACE_SIDE_STYLE('',(#18182));
#18182 = SURFACE_STYLE_FILL_AREA(#18183);
#18183 = FILL_AREA_STYLE('',(#18184));
#18184 = FILL_AREA_STYLE_COLOUR('',#18170);
#18185 = STYLED_ITEM('color',(#18186),#6293);
#18186 = PRESENTATION_STYLE_ASSIGNMENT((#18187));
#18187 = SURFACE_STYLE_USAGE(.BOTH.,#18188);
#18188 = SURFACE_SIDE_STYLE('',(#18189));
#18189 = SURFACE_STYLE_FILL_AREA(#18190);
#18190 = FILL_AREA_STYLE('',(#18191));
#18191 = FILL_AREA_STYLE_COLOUR('',#18022);
#18192 = STYLED_ITEM('color',(#18193),#6317);
#18193 = PRESENTATION_STYLE_ASSIGNMENT((#18194));
#18194 = SURFACE_STYLE_USAGE(.BOTH.,#18195);
#18195 = SURFACE_SIDE_STYLE('',(#18196));
#18196 = SURFACE_STYLE_FILL_AREA(#18197);
#18197 = FILL_AREA_STYLE('',(#18198));
#18198 = FILL_AREA_STYLE_COLOUR('',#18170);
#18199 = STYLED_ITEM('color',(#18200),#6334);
#18200 = PRESENTATION_STYLE_ASSIGNMENT((#18201));
#18201 = SURFACE_STYLE_USAGE(.BOTH.,#18202);
#18202 = SURFACE_SIDE_STYLE('',(#18203));
#18203 = SURFACE_STYLE_FILL_AREA(#18204);
#18204 = FILL_AREA_STYLE('',(#18205));
#18205 = FILL_AREA_STYLE_COLOUR('',#18022);
#18206 = STYLED_ITEM('color',(#18207),#6358);
#18207 = PRESENTATION_STYLE_ASSIGNMENT((#18208));
#18208 = SURFACE_STYLE_USAGE(.BOTH.,#18209);
#18209 = SURFACE_SIDE_STYLE('',(#18210));
#18210 = SURFACE_STYLE_FILL_AREA(#18211);
#18211 = FILL_AREA_STYLE('',(#18212));
#18212 = FILL_AREA_STYLE_COLOUR('',#18170);
#18213 = STYLED_ITEM('color',(#18214),#6453);
#18214 = PRESENTATION_STYLE_ASSIGNMENT((#18215));
#18215 = SURFACE_STYLE_USAGE(.BOTH.,#18216);
#18216 = SURFACE_SIDE_STYLE('',(#18217));
#18217 = SURFACE_STYLE_FILL_AREA(#18218);
#18218 = FILL_AREA_STYLE('',(#18219));
#18219 = FILL_AREA_STYLE_COLOUR('',#18170);
#18220 = STYLED_ITEM('color',(#18221),#6477);
#18221 = PRESENTATION_STYLE_ASSIGNMENT((#18222));
#18222 = SURFACE_STYLE_USAGE(.BOTH.,#18223);
#18223 = SURFACE_SIDE_STYLE('',(#18224));
#18224 = SURFACE_STYLE_FILL_AREA(#18225);
#18225 = FILL_AREA_STYLE('',(#18226));
#18226 = FILL_AREA_STYLE_COLOUR('',#18170);
#18227 = STYLED_ITEM('color',(#18228),#6502);
#18228 = PRESENTATION_STYLE_ASSIGNMENT((#18229));
#18229 = SURFACE_STYLE_USAGE(.BOTH.,#18230);
#18230 = SURFACE_SIDE_STYLE('',(#18231));
#18231 = SURFACE_STYLE_FILL_AREA(#18232);
#18232 = FILL_AREA_STYLE('',(#18233));
#18233 = FILL_AREA_STYLE_COLOUR('',#18170);
#18234 = STYLED_ITEM('color',(#18235),#6534);
#18235 = PRESENTATION_STYLE_ASSIGNMENT((#18236));
#18236 = SURFACE_STYLE_USAGE(.BOTH.,#18237);
#18237 = SURFACE_SIDE_STYLE('',(#18238));
#18238 = SURFACE_STYLE_FILL_AREA(#18239);
#18239 = FILL_AREA_STYLE('',(#18240));
#18240 = FILL_AREA_STYLE_COLOUR('',#18170);
#18241 = STYLED_ITEM('color',(#18242),#6551);
#18242 = PRESENTATION_STYLE_ASSIGNMENT((#18243));
#18243 = SURFACE_STYLE_USAGE(.BOTH.,#18244);
#18244 = SURFACE_SIDE_STYLE('',(#18245));
#18245 = SURFACE_STYLE_FILL_AREA(#18246);
#18246 = FILL_AREA_STYLE('',(#18247));
#18247 = FILL_AREA_STYLE_COLOUR('',#18022);
#18248 = STYLED_ITEM('color',(#18249),#6573);
#18249 = PRESENTATION_STYLE_ASSIGNMENT((#18250));
#18250 = SURFACE_STYLE_USAGE(.BOTH.,#18251);
#18251 = SURFACE_SIDE_STYLE('',(#18252));
#18252 = SURFACE_STYLE_FILL_AREA(#18253);
#18253 = FILL_AREA_STYLE('',(#18254));
#18254 = FILL_AREA_STYLE_COLOUR('',#18022);
#18255 = STYLED_ITEM('color',(#18256),#6590);
#18256 = PRESENTATION_STYLE_ASSIGNMENT((#18257));
#18257 = SURFACE_STYLE_USAGE(.BOTH.,#18258);
#18258 = SURFACE_SIDE_STYLE('',(#18259));
#18259 = SURFACE_STYLE_FILL_AREA(#18260);
#18260 = FILL_AREA_STYLE('',(#18261));
#18261 = FILL_AREA_STYLE_COLOUR('',#18022);
#18262 = STYLED_ITEM('color',(#18263),#6641);
#18263 = PRESENTATION_STYLE_ASSIGNMENT((#18264));
#18264 = SURFACE_STYLE_USAGE(.BOTH.,#18265);
#18265 = SURFACE_SIDE_STYLE('',(#18266));
#18266 = SURFACE_STYLE_FILL_AREA(#18267);
#18267 = FILL_AREA_STYLE('',(#18268));
#18268 = FILL_AREA_STYLE_COLOUR('',#18022);
#18269 = STYLED_ITEM('color',(#18270),#6653);
#18270 = PRESENTATION_STYLE_ASSIGNMENT((#18271));
#18271 = SURFACE_STYLE_USAGE(.BOTH.,#18272);
#18272 = SURFACE_SIDE_STYLE('',(#18273));
#18273 = SURFACE_STYLE_FILL_AREA(#18274);
#18274 = FILL_AREA_STYLE('',(#18275));
#18275 = FILL_AREA_STYLE_COLOUR('',#18022);
#18276 = STYLED_ITEM('color',(#18277),#6684);
#18277 = PRESENTATION_STYLE_ASSIGNMENT((#18278));
#18278 = SURFACE_STYLE_USAGE(.BOTH.,#18279);
#18279 = SURFACE_SIDE_STYLE('',(#18280));
#18280 = SURFACE_STYLE_FILL_AREA(#18281);
#18281 = FILL_AREA_STYLE('',(#18282));
#18282 = FILL_AREA_STYLE_COLOUR('',#18022);
#18283 = STYLED_ITEM('color',(#18284),#6708);
#18284 = PRESENTATION_STYLE_ASSIGNMENT((#18285));
#18285 = SURFACE_STYLE_USAGE(.BOTH.,#18286);
#18286 = SURFACE_SIDE_STYLE('',(#18287));
#18287 = SURFACE_STYLE_FILL_AREA(#18288);
#18288 = FILL_AREA_STYLE('',(#18289));
#18289 = FILL_AREA_STYLE_COLOUR('',#18022);
#18290 = STYLED_ITEM('color',(#18291),#6732);
#18291 = PRESENTATION_STYLE_ASSIGNMENT((#18292));
#18292 = SURFACE_STYLE_USAGE(.BOTH.,#18293);
#18293 = SURFACE_SIDE_STYLE('',(#18294));
#18294 = SURFACE_STYLE_FILL_AREA(#18295);
#18295 = FILL_AREA_STYLE('',(#18296));
#18296 = FILL_AREA_STYLE_COLOUR('',#18022);
#18297 = STYLED_ITEM('color',(#18298),#6756);
#18298 = PRESENTATION_STYLE_ASSIGNMENT((#18299));
#18299 = SURFACE_STYLE_USAGE(.BOTH.,#18300);
#18300 = SURFACE_SIDE_STYLE('',(#18301));
#18301 = SURFACE_STYLE_FILL_AREA(#18302);
#18302 = FILL_AREA_STYLE('',(#18303));
#18303 = FILL_AREA_STYLE_COLOUR('',#18022);
#18304 = STYLED_ITEM('color',(#18305),#6780);
#18305 = PRESENTATION_STYLE_ASSIGNMENT((#18306));
#18306 = SURFACE_STYLE_USAGE(.BOTH.,#18307);
#18307 = SURFACE_SIDE_STYLE('',(#18308));
#18308 = SURFACE_STYLE_FILL_AREA(#18309);
#18309 = FILL_AREA_STYLE('',(#18310));
#18310 = FILL_AREA_STYLE_COLOUR('',#18022);
#18311 = STYLED_ITEM('color',(#18312),#6804);
#18312 = PRESENTATION_STYLE_ASSIGNMENT((#18313));
#18313 = SURFACE_STYLE_USAGE(.BOTH.,#18314);
#18314 = SURFACE_SIDE_STYLE('',(#18315));
#18315 = SURFACE_STYLE_FILL_AREA(#18316);
#18316 = FILL_AREA_STYLE('',(#18317));
#18317 = FILL_AREA_STYLE_COLOUR('',#18022);
#18318 = STYLED_ITEM('color',(#18319),#6828);
#18319 = PRESENTATION_STYLE_ASSIGNMENT((#18320));
#18320 = SURFACE_STYLE_USAGE(.BOTH.,#18321);
#18321 = SURFACE_SIDE_STYLE('',(#18322));
#18322 = SURFACE_STYLE_FILL_AREA(#18323);
#18323 = FILL_AREA_STYLE('',(#18324));
#18324 = FILL_AREA_STYLE_COLOUR('',#18022);
#18325 = STYLED_ITEM('color',(#18326),#6852);
#18326 = PRESENTATION_STYLE_ASSIGNMENT((#18327));
#18327 = SURFACE_STYLE_USAGE(.BOTH.,#18328);
#18328 = SURFACE_SIDE_STYLE('',(#18329));
#18329 = SURFACE_STYLE_FILL_AREA(#18330);
#18330 = FILL_AREA_STYLE('',(#18331));
#18331 = FILL_AREA_STYLE_COLOUR('',#18022);
#18332 = STYLED_ITEM('color',(#18333),#6876);
#18333 = PRESENTATION_STYLE_ASSIGNMENT((#18334));
#18334 = SURFACE_STYLE_USAGE(.BOTH.,#18335);
#18335 = SURFACE_SIDE_STYLE('',(#18336));
#18336 = SURFACE_STYLE_FILL_AREA(#18337);
#18337 = FILL_AREA_STYLE('',(#18338));
#18338 = FILL_AREA_STYLE_COLOUR('',#18022);
#18339 = STYLED_ITEM('color',(#18340),#6900);
#18340 = PRESENTATION_STYLE_ASSIGNMENT((#18341));
#18341 = SURFACE_STYLE_USAGE(.BOTH.,#18342);
#18342 = SURFACE_SIDE_STYLE('',(#18343));
#18343 = SURFACE_STYLE_FILL_AREA(#18344);
#18344 = FILL_AREA_STYLE('',(#18345));
#18345 = FILL_AREA_STYLE_COLOUR('',#18022);
#18346 = STYLED_ITEM('color',(#18347),#6932);
#18347 = PRESENTATION_STYLE_ASSIGNMENT((#18348));
#18348 = SURFACE_STYLE_USAGE(.BOTH.,#18349);
#18349 = SURFACE_SIDE_STYLE('',(#18350));
#18350 = SURFACE_STYLE_FILL_AREA(#18351);
#18351 = FILL_AREA_STYLE('',(#18352));
#18352 = FILL_AREA_STYLE_COLOUR('',#18022);
#18353 = STYLED_ITEM('color',(#18354),#6956);
#18354 = PRESENTATION_STYLE_ASSIGNMENT((#18355));
#18355 = SURFACE_STYLE_USAGE(.BOTH.,#18356);
#18356 = SURFACE_SIDE_STYLE('',(#18357));
#18357 = SURFACE_STYLE_FILL_AREA(#18358);
#18358 = FILL_AREA_STYLE('',(#18359));
#18359 = FILL_AREA_STYLE_COLOUR('',#18022);
#18360 = STYLED_ITEM('color',(#18361),#6996);
#18361 = PRESENTATION_STYLE_ASSIGNMENT((#18362));
#18362 = SURFACE_STYLE_USAGE(.BOTH.,#18363);
#18363 = SURFACE_SIDE_STYLE('',(#18364));
#18364 = SURFACE_STYLE_FILL_AREA(#18365);
#18365 = FILL_AREA_STYLE('',(#18366));
#18366 = FILL_AREA_STYLE_COLOUR('',#18022);
#18367 = STYLED_ITEM('color',(#18368),#7028);
#18368 = PRESENTATION_STYLE_ASSIGNMENT((#18369));
#18369 = SURFACE_STYLE_USAGE(.BOTH.,#18370);
#18370 = SURFACE_SIDE_STYLE('',(#18371));
#18371 = SURFACE_STYLE_FILL_AREA(#18372);
#18372 = FILL_AREA_STYLE('',(#18373));
#18373 = FILL_AREA_STYLE_COLOUR('',#18022);
#18374 = STYLED_ITEM('color',(#18375),#7052);
#18375 = PRESENTATION_STYLE_ASSIGNMENT((#18376));
#18376 = SURFACE_STYLE_USAGE(.BOTH.,#18377);
#18377 = SURFACE_SIDE_STYLE('',(#18378));
#18378 = SURFACE_STYLE_FILL_AREA(#18379);
#18379 = FILL_AREA_STYLE('',(#18380));
#18380 = FILL_AREA_STYLE_COLOUR('',#18022);
#18381 = STYLED_ITEM('color',(#18382),#7092);
#18382 = PRESENTATION_STYLE_ASSIGNMENT((#18383));
#18383 = SURFACE_STYLE_USAGE(.BOTH.,#18384);
#18384 = SURFACE_SIDE_STYLE('',(#18385));
#18385 = SURFACE_STYLE_FILL_AREA(#18386);
#18386 = FILL_AREA_STYLE('',(#18387));
#18387 = FILL_AREA_STYLE_COLOUR('',#18022);
#18388 = STYLED_ITEM('color',(#18389),#7132);
#18389 = PRESENTATION_STYLE_ASSIGNMENT((#18390));
#18390 = SURFACE_STYLE_USAGE(.BOTH.,#18391);
#18391 = SURFACE_SIDE_STYLE('',(#18392));
#18392 = SURFACE_STYLE_FILL_AREA(#18393);
#18393 = FILL_AREA_STYLE('',(#18394));
#18394 = FILL_AREA_STYLE_COLOUR('',#18022);
#18395 = STYLED_ITEM('color',(#18396),#7156);
#18396 = PRESENTATION_STYLE_ASSIGNMENT((#18397));
#18397 = SURFACE_STYLE_USAGE(.BOTH.,#18398);
#18398 = SURFACE_SIDE_STYLE('',(#18399));
#18399 = SURFACE_STYLE_FILL_AREA(#18400);
#18400 = FILL_AREA_STYLE('',(#18401));
#18401 = FILL_AREA_STYLE_COLOUR('',#18022);
#18402 = STYLED_ITEM('color',(#18403),#7188);
#18403 = PRESENTATION_STYLE_ASSIGNMENT((#18404));
#18404 = SURFACE_STYLE_USAGE(.BOTH.,#18405);
#18405 = SURFACE_SIDE_STYLE('',(#18406));
#18406 = SURFACE_STYLE_FILL_AREA(#18407);
#18407 = FILL_AREA_STYLE('',(#18408));
#18408 = FILL_AREA_STYLE_COLOUR('',#18022);
#18409 = STYLED_ITEM('color',(#18410),#7228);
#18410 = PRESENTATION_STYLE_ASSIGNMENT((#18411));
#18411 = SURFACE_STYLE_USAGE(.BOTH.,#18412);
#18412 = SURFACE_SIDE_STYLE('',(#18413));
#18413 = SURFACE_STYLE_FILL_AREA(#18414);
#18414 = FILL_AREA_STYLE('',(#18415));
#18415 = FILL_AREA_STYLE_COLOUR('',#18022);
#18416 = STYLED_ITEM('color',(#18417),#7252);
#18417 = PRESENTATION_STYLE_ASSIGNMENT((#18418));
#18418 = SURFACE_STYLE_USAGE(.BOTH.,#18419);
#18419 = SURFACE_SIDE_STYLE('',(#18420));
#18420 = SURFACE_STYLE_FILL_AREA(#18421);
#18421 = FILL_AREA_STYLE('',(#18422));
#18422 = FILL_AREA_STYLE_COLOUR('',#18022);
#18423 = STYLED_ITEM('color',(#18424),#7284);
#18424 = PRESENTATION_STYLE_ASSIGNMENT((#18425));
#18425 = SURFACE_STYLE_USAGE(.BOTH.,#18426);
#18426 = SURFACE_SIDE_STYLE('',(#18427));
#18427 = SURFACE_STYLE_FILL_AREA(#18428);
#18428 = FILL_AREA_STYLE('',(#18429));
#18429 = FILL_AREA_STYLE_COLOUR('',#18022);
#18430 = STYLED_ITEM('color',(#18431),#7308);
#18431 = PRESENTATION_STYLE_ASSIGNMENT((#18432));
#18432 = SURFACE_STYLE_USAGE(.BOTH.,#18433);
#18433 = SURFACE_SIDE_STYLE('',(#18434));
#18434 = SURFACE_STYLE_FILL_AREA(#18435);
#18435 = FILL_AREA_STYLE('',(#18436));
#18436 = FILL_AREA_STYLE_COLOUR('',#18022);
#18437 = STYLED_ITEM('color',(#18438),#7332);
#18438 = PRESENTATION_STYLE_ASSIGNMENT((#18439));
#18439 = SURFACE_STYLE_USAGE(.BOTH.,#18440);
#18440 = SURFACE_SIDE_STYLE('',(#18441));
#18441 = SURFACE_STYLE_FILL_AREA(#18442);
#18442 = FILL_AREA_STYLE('',(#18443));
#18443 = FILL_AREA_STYLE_COLOUR('',#18022);
#18444 = STYLED_ITEM('color',(#18445),#7356);
#18445 = PRESENTATION_STYLE_ASSIGNMENT((#18446));
#18446 = SURFACE_STYLE_USAGE(.BOTH.,#18447);
#18447 = SURFACE_SIDE_STYLE('',(#18448));
#18448 = SURFACE_STYLE_FILL_AREA(#18449);
#18449 = FILL_AREA_STYLE('',(#18450));
#18450 = FILL_AREA_STYLE_COLOUR('',#18022);
#18451 = STYLED_ITEM('color',(#18452),#7380);
#18452 = PRESENTATION_STYLE_ASSIGNMENT((#18453));
#18453 = SURFACE_STYLE_USAGE(.BOTH.,#18454);
#18454 = SURFACE_SIDE_STYLE('',(#18455));
#18455 = SURFACE_STYLE_FILL_AREA(#18456);
#18456 = FILL_AREA_STYLE('',(#18457));
#18457 = FILL_AREA_STYLE_COLOUR('',#18022);
#18458 = STYLED_ITEM('color',(#18459),#7412);
#18459 = PRESENTATION_STYLE_ASSIGNMENT((#18460));
#18460 = SURFACE_STYLE_USAGE(.BOTH.,#18461);
#18461 = SURFACE_SIDE_STYLE('',(#18462));
#18462 = SURFACE_STYLE_FILL_AREA(#18463);
#18463 = FILL_AREA_STYLE('',(#18464));
#18464 = FILL_AREA_STYLE_COLOUR('',#18022);
#18465 = STYLED_ITEM('color',(#18466),#7436);
#18466 = PRESENTATION_STYLE_ASSIGNMENT((#18467));
#18467 = SURFACE_STYLE_USAGE(.BOTH.,#18468);
#18468 = SURFACE_SIDE_STYLE('',(#18469));
#18469 = SURFACE_STYLE_FILL_AREA(#18470);
#18470 = FILL_AREA_STYLE('',(#18471));
#18471 = FILL_AREA_STYLE_COLOUR('',#18022);
#18472 = STYLED_ITEM('color',(#18473),#7476);
#18473 = PRESENTATION_STYLE_ASSIGNMENT((#18474));
#18474 = SURFACE_STYLE_USAGE(.BOTH.,#18475);
#18475 = SURFACE_SIDE_STYLE('',(#18476));
#18476 = SURFACE_STYLE_FILL_AREA(#18477);
#18477 = FILL_AREA_STYLE('',(#18478));
#18478 = FILL_AREA_STYLE_COLOUR('',#18022);
#18479 = STYLED_ITEM('color',(#18480),#7508);
#18480 = PRESENTATION_STYLE_ASSIGNMENT((#18481));
#18481 = SURFACE_STYLE_USAGE(.BOTH.,#18482);
#18482 = SURFACE_SIDE_STYLE('',(#18483));
#18483 = SURFACE_STYLE_FILL_AREA(#18484);
#18484 = FILL_AREA_STYLE('',(#18485));
#18485 = FILL_AREA_STYLE_COLOUR('',#18022);
#18486 = STYLED_ITEM('color',(#18487),#7532);
#18487 = PRESENTATION_STYLE_ASSIGNMENT((#18488));
#18488 = SURFACE_STYLE_USAGE(.BOTH.,#18489);
#18489 = SURFACE_SIDE_STYLE('',(#18490));
#18490 = SURFACE_STYLE_FILL_AREA(#18491);
#18491 = FILL_AREA_STYLE('',(#18492));
#18492 = FILL_AREA_STYLE_COLOUR('',#18022);
#18493 = STYLED_ITEM('color',(#18494),#7572);
#18494 = PRESENTATION_STYLE_ASSIGNMENT((#18495));
#18495 = SURFACE_STYLE_USAGE(.BOTH.,#18496);
#18496 = SURFACE_SIDE_STYLE('',(#18497));
#18497 = SURFACE_STYLE_FILL_AREA(#18498);
#18498 = FILL_AREA_STYLE('',(#18499));
#18499 = FILL_AREA_STYLE_COLOUR('',#18022);
#18500 = STYLED_ITEM('color',(#18501),#7612);
#18501 = PRESENTATION_STYLE_ASSIGNMENT((#18502));
#18502 = SURFACE_STYLE_USAGE(.BOTH.,#18503);
#18503 = SURFACE_SIDE_STYLE('',(#18504));
#18504 = SURFACE_STYLE_FILL_AREA(#18505);
#18505 = FILL_AREA_STYLE('',(#18506));
#18506 = FILL_AREA_STYLE_COLOUR('',#18022);
#18507 = STYLED_ITEM('color',(#18508),#7636);
#18508 = PRESENTATION_STYLE_ASSIGNMENT((#18509));
#18509 = SURFACE_STYLE_USAGE(.BOTH.,#18510);
#18510 = SURFACE_SIDE_STYLE('',(#18511));
#18511 = SURFACE_STYLE_FILL_AREA(#18512);
#18512 = FILL_AREA_STYLE('',(#18513));
#18513 = FILL_AREA_STYLE_COLOUR('',#18022);
#18514 = STYLED_ITEM('color',(#18515),#7668);
#18515 = PRESENTATION_STYLE_ASSIGNMENT((#18516));
#18516 = SURFACE_STYLE_USAGE(.BOTH.,#18517);
#18517 = SURFACE_SIDE_STYLE('',(#18518));
#18518 = SURFACE_STYLE_FILL_AREA(#18519);
#18519 = FILL_AREA_STYLE('',(#18520));
#18520 = FILL_AREA_STYLE_COLOUR('',#18022);
#18521 = STYLED_ITEM('color',(#18522),#7708);
#18522 = PRESENTATION_STYLE_ASSIGNMENT((#18523));
#18523 = SURFACE_STYLE_USAGE(.BOTH.,#18524);
#18524 = SURFACE_SIDE_STYLE('',(#18525));
#18525 = SURFACE_STYLE_FILL_AREA(#18526);
#18526 = FILL_AREA_STYLE('',(#18527));
#18527 = FILL_AREA_STYLE_COLOUR('',#18022);
#18528 = STYLED_ITEM('color',(#18529),#7732);
#18529 = PRESENTATION_STYLE_ASSIGNMENT((#18530));
#18530 = SURFACE_STYLE_USAGE(.BOTH.,#18531);
#18531 = SURFACE_SIDE_STYLE('',(#18532));
#18532 = SURFACE_STYLE_FILL_AREA(#18533);
#18533 = FILL_AREA_STYLE('',(#18534));
#18534 = FILL_AREA_STYLE_COLOUR('',#18022);
#18535 = STYLED_ITEM('color',(#18536),#7764);
#18536 = PRESENTATION_STYLE_ASSIGNMENT((#18537));
#18537 = SURFACE_STYLE_USAGE(.BOTH.,#18538);
#18538 = SURFACE_SIDE_STYLE('',(#18539));
#18539 = SURFACE_STYLE_FILL_AREA(#18540);
#18540 = FILL_AREA_STYLE('',(#18541));
#18541 = FILL_AREA_STYLE_COLOUR('',#18022);
#18542 = STYLED_ITEM('color',(#18543),#7788);
#18543 = PRESENTATION_STYLE_ASSIGNMENT((#18544));
#18544 = SURFACE_STYLE_USAGE(.BOTH.,#18545);
#18545 = SURFACE_SIDE_STYLE('',(#18546));
#18546 = SURFACE_STYLE_FILL_AREA(#18547);
#18547 = FILL_AREA_STYLE('',(#18548));
#18548 = FILL_AREA_STYLE_COLOUR('',#18022);
#18549 = STYLED_ITEM('color',(#18550),#7805);
#18550 = PRESENTATION_STYLE_ASSIGNMENT((#18551));
#18551 = SURFACE_STYLE_USAGE(.BOTH.,#18552);
#18552 = SURFACE_SIDE_STYLE('',(#18553));
#18553 = SURFACE_STYLE_FILL_AREA(#18554);
#18554 = FILL_AREA_STYLE('',(#18555));
#18555 = FILL_AREA_STYLE_COLOUR('',#18022);
#18556 = STYLED_ITEM('color',(#18557),#7836);
#18557 = PRESENTATION_STYLE_ASSIGNMENT((#18558));
#18558 = SURFACE_STYLE_USAGE(.BOTH.,#18559);
#18559 = SURFACE_SIDE_STYLE('',(#18560));
#18560 = SURFACE_STYLE_FILL_AREA(#18561);
#18561 = FILL_AREA_STYLE('',(#18562));
#18562 = FILL_AREA_STYLE_COLOUR('',#18022);
#18563 = STYLED_ITEM('color',(#18564),#7860);
#18564 = PRESENTATION_STYLE_ASSIGNMENT((#18565));
#18565 = SURFACE_STYLE_USAGE(.BOTH.,#18566);
#18566 = SURFACE_SIDE_STYLE('',(#18567));
#18567 = SURFACE_STYLE_FILL_AREA(#18568);
#18568 = FILL_AREA_STYLE('',(#18569));
#18569 = FILL_AREA_STYLE_COLOUR('',#18022);
#18570 = STYLED_ITEM('color',(#18571),#7884);
#18571 = PRESENTATION_STYLE_ASSIGNMENT((#18572));
#18572 = SURFACE_STYLE_USAGE(.BOTH.,#18573);
#18573 = SURFACE_SIDE_STYLE('',(#18574));
#18574 = SURFACE_STYLE_FILL_AREA(#18575);
#18575 = FILL_AREA_STYLE('',(#18576));
#18576 = FILL_AREA_STYLE_COLOUR('',#18022);
#18577 = STYLED_ITEM('color',(#18578),#7901);
#18578 = PRESENTATION_STYLE_ASSIGNMENT((#18579));
#18579 = SURFACE_STYLE_USAGE(.BOTH.,#18580);
#18580 = SURFACE_SIDE_STYLE('',(#18581));
#18581 = SURFACE_STYLE_FILL_AREA(#18582);
#18582 = FILL_AREA_STYLE('',(#18583));
#18583 = FILL_AREA_STYLE_COLOUR('',#18022);
#18584 = STYLED_ITEM('color',(#18585),#7932);
#18585 = PRESENTATION_STYLE_ASSIGNMENT((#18586));
#18586 = SURFACE_STYLE_USAGE(.BOTH.,#18587);
#18587 = SURFACE_SIDE_STYLE('',(#18588));
#18588 = SURFACE_STYLE_FILL_AREA(#18589);
#18589 = FILL_AREA_STYLE('',(#18590));
#18590 = FILL_AREA_STYLE_COLOUR('',#18022);
#18591 = STYLED_ITEM('color',(#18592),#7956);
#18592 = PRESENTATION_STYLE_ASSIGNMENT((#18593));
#18593 = SURFACE_STYLE_USAGE(.BOTH.,#18594);
#18594 = SURFACE_SIDE_STYLE('',(#18595));
#18595 = SURFACE_STYLE_FILL_AREA(#18596);
#18596 = FILL_AREA_STYLE('',(#18597));
#18597 = FILL_AREA_STYLE_COLOUR('',#18022);
#18598 = STYLED_ITEM('color',(#18599),#7980);
#18599 = PRESENTATION_STYLE_ASSIGNMENT((#18600));
#18600 = SURFACE_STYLE_USAGE(.BOTH.,#18601);
#18601 = SURFACE_SIDE_STYLE('',(#18602));
#18602 = SURFACE_STYLE_FILL_AREA(#18603);
#18603 = FILL_AREA_STYLE('',(#18604));
#18604 = FILL_AREA_STYLE_COLOUR('',#18022);
#18605 = STYLED_ITEM('color',(#18606),#7997);
#18606 = PRESENTATION_STYLE_ASSIGNMENT((#18607));
#18607 = SURFACE_STYLE_USAGE(.BOTH.,#18608);
#18608 = SURFACE_SIDE_STYLE('',(#18609));
#18609 = SURFACE_STYLE_FILL_AREA(#18610);
#18610 = FILL_AREA_STYLE('',(#18611));
#18611 = FILL_AREA_STYLE_COLOUR('',#18022);
#18612 = STYLED_ITEM('color',(#18613),#8037);
#18613 = PRESENTATION_STYLE_ASSIGNMENT((#18614));
#18614 = SURFACE_STYLE_USAGE(.BOTH.,#18615);
#18615 = SURFACE_SIDE_STYLE('',(#18616));
#18616 = SURFACE_STYLE_FILL_AREA(#18617);
#18617 = FILL_AREA_STYLE('',(#18618));
#18618 = FILL_AREA_STYLE_COLOUR('',#18022);
#18619 = STYLED_ITEM('color',(#18620),#8054);
#18620 = PRESENTATION_STYLE_ASSIGNMENT((#18621));
#18621 = SURFACE_STYLE_USAGE(.BOTH.,#18622);
#18622 = SURFACE_SIDE_STYLE('',(#18623));
#18623 = SURFACE_STYLE_FILL_AREA(#18624);
#18624 = FILL_AREA_STYLE('',(#18625));
#18625 = FILL_AREA_STYLE_COLOUR('',#18022);
#18626 = STYLED_ITEM('color',(#18627),#8068);
#18627 = PRESENTATION_STYLE_ASSIGNMENT((#18628));
#18628 = SURFACE_STYLE_USAGE(.BOTH.,#18629);
#18629 = SURFACE_SIDE_STYLE('',(#18630));
#18630 = SURFACE_STYLE_FILL_AREA(#18631);
#18631 = FILL_AREA_STYLE('',(#18632));
#18632 = FILL_AREA_STYLE_COLOUR('',#18022);
#18633 = STYLED_ITEM('color',(#18634),#8085);
#18634 = PRESENTATION_STYLE_ASSIGNMENT((#18635));
#18635 = SURFACE_STYLE_USAGE(.BOTH.,#18636);
#18636 = SURFACE_SIDE_STYLE('',(#18637));
#18637 = SURFACE_STYLE_FILL_AREA(#18638);
#18638 = FILL_AREA_STYLE('',(#18639));
#18639 = FILL_AREA_STYLE_COLOUR('',#18170);
#18640 = STYLED_ITEM('color',(#18641),#8143);
#18641 = PRESENTATION_STYLE_ASSIGNMENT((#18642));
#18642 = SURFACE_STYLE_USAGE(.BOTH.,#18643);
#18643 = SURFACE_SIDE_STYLE('',(#18644));
#18644 = SURFACE_STYLE_FILL_AREA(#18645);
#18645 = FILL_AREA_STYLE('',(#18646));
#18646 = FILL_AREA_STYLE_COLOUR('',#18170);
#18647 = STYLED_ITEM('color',(#18648),#8167);
#18648 = PRESENTATION_STYLE_ASSIGNMENT((#18649));
#18649 = SURFACE_STYLE_USAGE(.BOTH.,#18650);
#18650 = SURFACE_SIDE_STYLE('',(#18651));
#18651 = SURFACE_STYLE_FILL_AREA(#18652);
#18652 = FILL_AREA_STYLE('',(#18653));
#18653 = FILL_AREA_STYLE_COLOUR('',#18170);
#18654 = STYLED_ITEM('color',(#18655),#8230);
#18655 = PRESENTATION_STYLE_ASSIGNMENT((#18656));
#18656 = SURFACE_STYLE_USAGE(.BOTH.,#18657);
#18657 = SURFACE_SIDE_STYLE('',(#18658));
#18658 = SURFACE_STYLE_FILL_AREA(#18659);
#18659 = FILL_AREA_STYLE('',(#18660));
#18660 = FILL_AREA_STYLE_COLOUR('',#18022);
#18661 = STYLED_ITEM('color',(#18662),#8254);
#18662 = PRESENTATION_STYLE_ASSIGNMENT((#18663));
#18663 = SURFACE_STYLE_USAGE(.BOTH.,#18664);
#18664 = SURFACE_SIDE_STYLE('',(#18665));
#18665 = SURFACE_STYLE_FILL_AREA(#18666);
#18666 = FILL_AREA_STYLE('',(#18667));
#18667 = FILL_AREA_STYLE_COLOUR('',#18170);
#18668 = STYLED_ITEM('color',(#18669),#8317);
#18669 = PRESENTATION_STYLE_ASSIGNMENT((#18670));
#18670 = SURFACE_STYLE_USAGE(.BOTH.,#18671);
#18671 = SURFACE_SIDE_STYLE('',(#18672));
#18672 = SURFACE_STYLE_FILL_AREA(#18673);
#18673 = FILL_AREA_STYLE('',(#18674));
#18674 = FILL_AREA_STYLE_COLOUR('',#18170);
#18675 = STYLED_ITEM('color',(#18676),#8341);
#18676 = PRESENTATION_STYLE_ASSIGNMENT((#18677));
#18677 = SURFACE_STYLE_USAGE(.BOTH.,#18678);
#18678 = SURFACE_SIDE_STYLE('',(#18679));
#18679 = SURFACE_STYLE_FILL_AREA(#18680);
#18680 = FILL_AREA_STYLE('',(#18681));
#18681 = FILL_AREA_STYLE_COLOUR('',#18170);
#18682 = STYLED_ITEM('color',(#18683),#8404);
#18683 = PRESENTATION_STYLE_ASSIGNMENT((#18684));
#18684 = SURFACE_STYLE_USAGE(.BOTH.,#18685);
#18685 = SURFACE_SIDE_STYLE('',(#18686));
#18686 = SURFACE_STYLE_FILL_AREA(#18687);
#18687 = FILL_AREA_STYLE('',(#18688));
#18688 = FILL_AREA_STYLE_COLOUR('',#18022);
#18689 = STYLED_ITEM('color',(#18690),#8428);
#18690 = PRESENTATION_STYLE_ASSIGNMENT((#18691));
#18691 = SURFACE_STYLE_USAGE(.BOTH.,#18692);
#18692 = SURFACE_SIDE_STYLE('',(#18693));
#18693 = SURFACE_STYLE_FILL_AREA(#18694);
#18694 = FILL_AREA_STYLE('',(#18695));
#18695 = FILL_AREA_STYLE_COLOUR('',#18170);
#18696 = STYLED_ITEM('color',(#18697),#8491);
#18697 = PRESENTATION_STYLE_ASSIGNMENT((#18698));
#18698 = SURFACE_STYLE_USAGE(.BOTH.,#18699);
#18699 = SURFACE_SIDE_STYLE('',(#18700));
#18700 = SURFACE_STYLE_FILL_AREA(#18701);
#18701 = FILL_AREA_STYLE('',(#18702));
#18702 = FILL_AREA_STYLE_COLOUR('',#18170);
#18703 = STYLED_ITEM('color',(#18704),#8515);
#18704 = PRESENTATION_STYLE_ASSIGNMENT((#18705));
#18705 = SURFACE_STYLE_USAGE(.BOTH.,#18706);
#18706 = SURFACE_SIDE_STYLE('',(#18707));
#18707 = SURFACE_STYLE_FILL_AREA(#18708);
#18708 = FILL_AREA_STYLE('',(#18709));
#18709 = FILL_AREA_STYLE_COLOUR('',#18170);
#18710 = STYLED_ITEM('color',(#18711),#8578);
#18711 = PRESENTATION_STYLE_ASSIGNMENT((#18712));
#18712 = SURFACE_STYLE_USAGE(.BOTH.,#18713);
#18713 = SURFACE_SIDE_STYLE('',(#18714));
#18714 = SURFACE_STYLE_FILL_AREA(#18715);
#18715 = FILL_AREA_STYLE('',(#18716));
#18716 = FILL_AREA_STYLE_COLOUR('',#18022);
#18717 = STYLED_ITEM('color',(#18718),#8602);
#18718 = PRESENTATION_STYLE_ASSIGNMENT((#18719));
#18719 = SURFACE_STYLE_USAGE(.BOTH.,#18720);
#18720 = SURFACE_SIDE_STYLE('',(#18721));
#18721 = SURFACE_STYLE_FILL_AREA(#18722);
#18722 = FILL_AREA_STYLE('',(#18723));
#18723 = FILL_AREA_STYLE_COLOUR('',#18170);
#18724 = STYLED_ITEM('color',(#18725),#8665);
#18725 = PRESENTATION_STYLE_ASSIGNMENT((#18726));
#18726 = SURFACE_STYLE_USAGE(.BOTH.,#18727);
#18727 = SURFACE_SIDE_STYLE('',(#18728));
#18728 = SURFACE_STYLE_FILL_AREA(#18729);
#18729 = FILL_AREA_STYLE('',(#18730));
#18730 = FILL_AREA_STYLE_COLOUR('',#18170);
#18731 = STYLED_ITEM('color',(#18732),#8689);
#18732 = PRESENTATION_STYLE_ASSIGNMENT((#18733));
#18733 = SURFACE_STYLE_USAGE(.BOTH.,#18734);
#18734 = SURFACE_SIDE_STYLE('',(#18735));
#18735 = SURFACE_STYLE_FILL_AREA(#18736);
#18736 = FILL_AREA_STYLE('',(#18737));
#18737 = FILL_AREA_STYLE_COLOUR('',#18170);
#18738 = STYLED_ITEM('color',(#18739),#8752);
#18739 = PRESENTATION_STYLE_ASSIGNMENT((#18740));
#18740 = SURFACE_STYLE_USAGE(.BOTH.,#18741);
#18741 = SURFACE_SIDE_STYLE('',(#18742));
#18742 = SURFACE_STYLE_FILL_AREA(#18743);
#18743 = FILL_AREA_STYLE('',(#18744));
#18744 = FILL_AREA_STYLE_COLOUR('',#18022);
#18745 = STYLED_ITEM('color',(#18746),#8769);
#18746 = PRESENTATION_STYLE_ASSIGNMENT((#18747));
#18747 = SURFACE_STYLE_USAGE(.BOTH.,#18748);
#18748 = SURFACE_SIDE_STYLE('',(#18749));
#18749 = SURFACE_STYLE_FILL_AREA(#18750);
#18750 = FILL_AREA_STYLE('',(#18751));
#18751 = FILL_AREA_STYLE_COLOUR('',#18022);
#18752 = STYLED_ITEM('color',(#18753),#8781);
#18753 = PRESENTATION_STYLE_ASSIGNMENT((#18754));
#18754 = SURFACE_STYLE_USAGE(.BOTH.,#18755);
#18755 = SURFACE_SIDE_STYLE('',(#18756));
#18756 = SURFACE_STYLE_FILL_AREA(#18757);
#18757 = FILL_AREA_STYLE('',(#18758));
#18758 = FILL_AREA_STYLE_COLOUR('',#18170);
#18759 = STYLED_ITEM('color',(#18760),#8798);
#18760 = PRESENTATION_STYLE_ASSIGNMENT((#18761));
#18761 = SURFACE_STYLE_USAGE(.BOTH.,#18762);
#18762 = SURFACE_SIDE_STYLE('',(#18763));
#18763 = SURFACE_STYLE_FILL_AREA(#18764);
#18764 = FILL_AREA_STYLE('',(#18765));
#18765 = FILL_AREA_STYLE_COLOUR('',#18022);
#18766 = STYLED_ITEM('color',(#18767),#8810);
#18767 = PRESENTATION_STYLE_ASSIGNMENT((#18768));
#18768 = SURFACE_STYLE_USAGE(.BOTH.,#18769);
#18769 = SURFACE_SIDE_STYLE('',(#18770));
#18770 = SURFACE_STYLE_FILL_AREA(#18771);
#18771 = FILL_AREA_STYLE('',(#18772));
#18772 = FILL_AREA_STYLE_COLOUR('',#18170);
#18773 = STYLED_ITEM('color',(#18774),#8827);
#18774 = PRESENTATION_STYLE_ASSIGNMENT((#18775));
#18775 = SURFACE_STYLE_USAGE(.BOTH.,#18776);
#18776 = SURFACE_SIDE_STYLE('',(#18777));
#18777 = SURFACE_STYLE_FILL_AREA(#18778);
#18778 = FILL_AREA_STYLE('',(#18779));
#18779 = FILL_AREA_STYLE_COLOUR('',#18022);
#18780 = STYLED_ITEM('color',(#18781),#8839);
#18781 = PRESENTATION_STYLE_ASSIGNMENT((#18782));
#18782 = SURFACE_STYLE_USAGE(.BOTH.,#18783);
#18783 = SURFACE_SIDE_STYLE('',(#18784));
#18784 = SURFACE_STYLE_FILL_AREA(#18785);
#18785 = FILL_AREA_STYLE('',(#18786));
#18786 = FILL_AREA_STYLE_COLOUR('',#18170);
#18787 = STYLED_ITEM('color',(#18788),#8856);
#18788 = PRESENTATION_STYLE_ASSIGNMENT((#18789));
#18789 = SURFACE_STYLE_USAGE(.BOTH.,#18790);
#18790 = SURFACE_SIDE_STYLE('',(#18791));
#18791 = SURFACE_STYLE_FILL_AREA(#18792);
#18792 = FILL_AREA_STYLE('',(#18793));
#18793 = FILL_AREA_STYLE_COLOUR('',#18022);
#18794 = STYLED_ITEM('color',(#18795),#8868);
#18795 = PRESENTATION_STYLE_ASSIGNMENT((#18796));
#18796 = SURFACE_STYLE_USAGE(.BOTH.,#18797);
#18797 = SURFACE_SIDE_STYLE('',(#18798));
#18798 = SURFACE_STYLE_FILL_AREA(#18799);
#18799 = FILL_AREA_STYLE('',(#18800));
#18800 = FILL_AREA_STYLE_COLOUR('',#18170);
#18801 = STYLED_ITEM('color',(#18802),#8885);
#18802 = PRESENTATION_STYLE_ASSIGNMENT((#18803));
#18803 = SURFACE_STYLE_USAGE(.BOTH.,#18804);
#18804 = SURFACE_SIDE_STYLE('',(#18805));
#18805 = SURFACE_STYLE_FILL_AREA(#18806);
#18806 = FILL_AREA_STYLE('',(#18807));
#18807 = FILL_AREA_STYLE_COLOUR('',#18022);
#18808 = STYLED_ITEM('color',(#18809),#8902);
#18809 = PRESENTATION_STYLE_ASSIGNMENT((#18810));
#18810 = SURFACE_STYLE_USAGE(.BOTH.,#18811);
#18811 = SURFACE_SIDE_STYLE('',(#18812));
#18812 = SURFACE_STYLE_FILL_AREA(#18813);
#18813 = FILL_AREA_STYLE('',(#18814));
#18814 = FILL_AREA_STYLE_COLOUR('',#18022);
#18815 = STYLED_ITEM('color',(#18816),#8937);
#18816 = PRESENTATION_STYLE_ASSIGNMENT((#18817));
#18817 = SURFACE_STYLE_USAGE(.BOTH.,#18818);
#18818 = SURFACE_SIDE_STYLE('',(#18819));
#18819 = SURFACE_STYLE_FILL_AREA(#18820);
#18820 = FILL_AREA_STYLE('',(#18821));
#18821 = FILL_AREA_STYLE_COLOUR('',#18022);
#18822 = STYLED_ITEM('color',(#18823),#8954);
#18823 = PRESENTATION_STYLE_ASSIGNMENT((#18824));
#18824 = SURFACE_STYLE_USAGE(.BOTH.,#18825);
#18825 = SURFACE_SIDE_STYLE('',(#18826));
#18826 = SURFACE_STYLE_FILL_AREA(#18827);
#18827 = FILL_AREA_STYLE('',(#18828));
#18828 = FILL_AREA_STYLE_COLOUR('',#18022);
#18829 = STYLED_ITEM('color',(#18830),#8966);
#18830 = PRESENTATION_STYLE_ASSIGNMENT((#18831));
#18831 = SURFACE_STYLE_USAGE(.BOTH.,#18832);
#18832 = SURFACE_SIDE_STYLE('',(#18833));
#18833 = SURFACE_STYLE_FILL_AREA(#18834);
#18834 = FILL_AREA_STYLE('',(#18835));
#18835 = FILL_AREA_STYLE_COLOUR('',#18170);
#18836 = STYLED_ITEM('color',(#18837),#8983);
#18837 = PRESENTATION_STYLE_ASSIGNMENT((#18838));
#18838 = SURFACE_STYLE_USAGE(.BOTH.,#18839);
#18839 = SURFACE_SIDE_STYLE('',(#18840));
#18840 = SURFACE_STYLE_FILL_AREA(#18841);
#18841 = FILL_AREA_STYLE('',(#18842));
#18842 = FILL_AREA_STYLE_COLOUR('',#18170);
#18843 = STYLED_ITEM('color',(#18844),#9000);
#18844 = PRESENTATION_STYLE_ASSIGNMENT((#18845));
#18845 = SURFACE_STYLE_USAGE(.BOTH.,#18846);
#18846 = SURFACE_SIDE_STYLE('',(#18847));
#18847 = SURFACE_STYLE_FILL_AREA(#18848);
#18848 = FILL_AREA_STYLE('',(#18849));
#18849 = FILL_AREA_STYLE_COLOUR('',#18170);
#18850 = STYLED_ITEM('color',(#18851),#9018);
#18851 = PRESENTATION_STYLE_ASSIGNMENT((#18852));
#18852 = SURFACE_STYLE_USAGE(.BOTH.,#18853);
#18853 = SURFACE_SIDE_STYLE('',(#18854));
#18854 = SURFACE_STYLE_FILL_AREA(#18855);
#18855 = FILL_AREA_STYLE('',(#18856));
#18856 = FILL_AREA_STYLE_COLOUR('',#18170);
#18857 = STYLED_ITEM('color',(#18858),#9035);
#18858 = PRESENTATION_STYLE_ASSIGNMENT((#18859));
#18859 = SURFACE_STYLE_USAGE(.BOTH.,#18860);
#18860 = SURFACE_SIDE_STYLE('',(#18861));
#18861 = SURFACE_STYLE_FILL_AREA(#18862);
#18862 = FILL_AREA_STYLE('',(#18863));
#18863 = FILL_AREA_STYLE_COLOUR('',#18170);
#18864 = STYLED_ITEM('color',(#18865),#9053);
#18865 = PRESENTATION_STYLE_ASSIGNMENT((#18866));
#18866 = SURFACE_STYLE_USAGE(.BOTH.,#18867);
#18867 = SURFACE_SIDE_STYLE('',(#18868));
#18868 = SURFACE_STYLE_FILL_AREA(#18869);
#18869 = FILL_AREA_STYLE('',(#18870));
#18870 = FILL_AREA_STYLE_COLOUR('',#18170);
#18871 = STYLED_ITEM('color',(#18872),#9065);
#18872 = PRESENTATION_STYLE_ASSIGNMENT((#18873));
#18873 = SURFACE_STYLE_USAGE(.BOTH.,#18874);
#18874 = SURFACE_SIDE_STYLE('',(#18875));
#18875 = SURFACE_STYLE_FILL_AREA(#18876);
#18876 = FILL_AREA_STYLE('',(#18877));
#18877 = FILL_AREA_STYLE_COLOUR('',#18170);
#18878 = STYLED_ITEM('color',(#18879),#9077);
#18879 = PRESENTATION_STYLE_ASSIGNMENT((#18880));
#18880 = SURFACE_STYLE_USAGE(.BOTH.,#18881);
#18881 = SURFACE_SIDE_STYLE('',(#18882));
#18882 = SURFACE_STYLE_FILL_AREA(#18883);
#18883 = FILL_AREA_STYLE('',(#18884));
#18884 = FILL_AREA_STYLE_COLOUR('',#18170);
#18885 = STYLED_ITEM('color',(#18886),#9101);
#18886 = PRESENTATION_STYLE_ASSIGNMENT((#18887));
#18887 = SURFACE_STYLE_USAGE(.BOTH.,#18888);
#18888 = SURFACE_SIDE_STYLE('',(#18889));
#18889 = SURFACE_STYLE_FILL_AREA(#18890);
#18890 = FILL_AREA_STYLE('',(#18891));
#18891 = FILL_AREA_STYLE_COLOUR('',#18170);
#18892 = STYLED_ITEM('color',(#18893),#9125);
#18893 = PRESENTATION_STYLE_ASSIGNMENT((#18894));
#18894 = SURFACE_STYLE_USAGE(.BOTH.,#18895);
#18895 = SURFACE_SIDE_STYLE('',(#18896));
#18896 = SURFACE_STYLE_FILL_AREA(#18897);
#18897 = FILL_AREA_STYLE('',(#18898));
#18898 = FILL_AREA_STYLE_COLOUR('',#18170);
#18899 = STYLED_ITEM('color',(#18900),#9142);
#18900 = PRESENTATION_STYLE_ASSIGNMENT((#18901));
#18901 = SURFACE_STYLE_USAGE(.BOTH.,#18902);
#18902 = SURFACE_SIDE_STYLE('',(#18903));
#18903 = SURFACE_STYLE_FILL_AREA(#18904);
#18904 = FILL_AREA_STYLE('',(#18905));
#18905 = FILL_AREA_STYLE_COLOUR('',#18170);
#18906 = STYLED_ITEM('color',(#18907),#9154);
#18907 = PRESENTATION_STYLE_ASSIGNMENT((#18908));
#18908 = SURFACE_STYLE_USAGE(.BOTH.,#18909);
#18909 = SURFACE_SIDE_STYLE('',(#18910));
#18910 = SURFACE_STYLE_FILL_AREA(#18911);
#18911 = FILL_AREA_STYLE('',(#18912));
#18912 = FILL_AREA_STYLE_COLOUR('',#18022);
#18913 = STYLED_ITEM('color',(#18914),#9177);
#18914 = PRESENTATION_STYLE_ASSIGNMENT((#18915));
#18915 = SURFACE_STYLE_USAGE(.BOTH.,#18916);
#18916 = SURFACE_SIDE_STYLE('',(#18917));
#18917 = SURFACE_STYLE_FILL_AREA(#18918);
#18918 = FILL_AREA_STYLE('',(#18919));
#18919 = FILL_AREA_STYLE_COLOUR('',#18022);
#18920 = STYLED_ITEM('color',(#18921),#9201);
#18921 = PRESENTATION_STYLE_ASSIGNMENT((#18922));
#18922 = SURFACE_STYLE_USAGE(.BOTH.,#18923);
#18923 = SURFACE_SIDE_STYLE('',(#18924));
#18924 = SURFACE_STYLE_FILL_AREA(#18925);
#18925 = FILL_AREA_STYLE('',(#18926));
#18926 = FILL_AREA_STYLE_COLOUR('',#18022);
#18927 = STYLED_ITEM('color',(#18928),#9217);
#18928 = PRESENTATION_STYLE_ASSIGNMENT((#18929));
#18929 = SURFACE_STYLE_USAGE(.BOTH.,#18930);
#18930 = SURFACE_SIDE_STYLE('',(#18931));
#18931 = SURFACE_STYLE_FILL_AREA(#18932);
#18932 = FILL_AREA_STYLE('',(#18933));
#18933 = FILL_AREA_STYLE_COLOUR('',#18022);
#18934 = STYLED_ITEM('color',(#18935),#9229);
#18935 = PRESENTATION_STYLE_ASSIGNMENT((#18936));
#18936 = SURFACE_STYLE_USAGE(.BOTH.,#18937);
#18937 = SURFACE_SIDE_STYLE('',(#18938));
#18938 = SURFACE_STYLE_FILL_AREA(#18939);
#18939 = FILL_AREA_STYLE('',(#18940));
#18940 = FILL_AREA_STYLE_COLOUR('',#18022);
#18941 = STYLED_ITEM('color',(#18942),#9489);
#18942 = PRESENTATION_STYLE_ASSIGNMENT((#18943));
#18943 = SURFACE_STYLE_USAGE(.BOTH.,#18944);
#18944 = SURFACE_SIDE_STYLE('',(#18945));
#18945 = SURFACE_STYLE_FILL_AREA(#18946);
#18946 = FILL_AREA_STYLE('',(#18947));
#18947 = FILL_AREA_STYLE_COLOUR('',#18170);
#18948 = STYLED_ITEM('color',(#18949),#9521);
#18949 = PRESENTATION_STYLE_ASSIGNMENT((#18950));
#18950 = SURFACE_STYLE_USAGE(.BOTH.,#18951);
#18951 = SURFACE_SIDE_STYLE('',(#18952));
#18952 = SURFACE_STYLE_FILL_AREA(#18953);
#18953 = FILL_AREA_STYLE('',(#18954));
#18954 = FILL_AREA_STYLE_COLOUR('',#18022);
#18955 = STYLED_ITEM('color',(#18956),#9538);
#18956 = PRESENTATION_STYLE_ASSIGNMENT((#18957));
#18957 = SURFACE_STYLE_USAGE(.BOTH.,#18958);
#18958 = SURFACE_SIDE_STYLE('',(#18959));
#18959 = SURFACE_STYLE_FILL_AREA(#18960);
#18960 = FILL_AREA_STYLE('',(#18961));
#18961 = FILL_AREA_STYLE_COLOUR('',#18170);
#18962 = STYLED_ITEM('color',(#18963),#9555);
#18963 = PRESENTATION_STYLE_ASSIGNMENT((#18964));
#18964 = SURFACE_STYLE_USAGE(.BOTH.,#18965);
#18965 = SURFACE_SIDE_STYLE('',(#18966));
#18966 = SURFACE_STYLE_FILL_AREA(#18967);
#18967 = FILL_AREA_STYLE('',(#18968));
#18968 = FILL_AREA_STYLE_COLOUR('',#18170);
#18969 = STYLED_ITEM('color',(#18970),#9581);
#18970 = PRESENTATION_STYLE_ASSIGNMENT((#18971));
#18971 = SURFACE_STYLE_USAGE(.BOTH.,#18972);
#18972 = SURFACE_SIDE_STYLE('',(#18973));
#18973 = SURFACE_STYLE_FILL_AREA(#18974);
#18974 = FILL_AREA_STYLE('',(#18975));
#18975 = FILL_AREA_STYLE_COLOUR('',#18170);
#18976 = STYLED_ITEM('color',(#18977),#9613);
#18977 = PRESENTATION_STYLE_ASSIGNMENT((#18978));
#18978 = SURFACE_STYLE_USAGE(.BOTH.,#18979);
#18979 = SURFACE_SIDE_STYLE('',(#18980));
#18980 = SURFACE_STYLE_FILL_AREA(#18981);
#18981 = FILL_AREA_STYLE('',(#18982));
#18982 = FILL_AREA_STYLE_COLOUR('',#18170);
#18983 = STYLED_ITEM('color',(#18984),#9644);
#18984 = PRESENTATION_STYLE_ASSIGNMENT((#18985));
#18985 = SURFACE_STYLE_USAGE(.BOTH.,#18986);
#18986 = SURFACE_SIDE_STYLE('',(#18987));
#18987 = SURFACE_STYLE_FILL_AREA(#18988);
#18988 = FILL_AREA_STYLE('',(#18989));
#18989 = FILL_AREA_STYLE_COLOUR('',#18170);
#18990 = STYLED_ITEM('color',(#18991),#9661);
#18991 = PRESENTATION_STYLE_ASSIGNMENT((#18992));
#18992 = SURFACE_STYLE_USAGE(.BOTH.,#18993);
#18993 = SURFACE_SIDE_STYLE('',(#18994));
#18994 = SURFACE_STYLE_FILL_AREA(#18995);
#18995 = FILL_AREA_STYLE('',(#18996));
#18996 = FILL_AREA_STYLE_COLOUR('',#18022);
#18997 = STYLED_ITEM('color',(#18998),#9673);
#18998 = PRESENTATION_STYLE_ASSIGNMENT((#18999));
#18999 = SURFACE_STYLE_USAGE(.BOTH.,#19000);
#19000 = SURFACE_SIDE_STYLE('',(#19001));
#19001 = SURFACE_STYLE_FILL_AREA(#19002);
#19002 = FILL_AREA_STYLE('',(#19003));
#19003 = FILL_AREA_STYLE_COLOUR('',#18170);
#19004 = STYLED_ITEM('color',(#19005),#9698);
#19005 = PRESENTATION_STYLE_ASSIGNMENT((#19006));
#19006 = SURFACE_STYLE_USAGE(.BOTH.,#19007);
#19007 = SURFACE_SIDE_STYLE('',(#19008));
#19008 = SURFACE_STYLE_FILL_AREA(#19009);
#19009 = FILL_AREA_STYLE('',(#19010));
#19010 = FILL_AREA_STYLE_COLOUR('',#18170);
#19011 = STYLED_ITEM('color',(#19012),#9723);
#19012 = PRESENTATION_STYLE_ASSIGNMENT((#19013));
#19013 = SURFACE_STYLE_USAGE(.BOTH.,#19014);
#19014 = SURFACE_SIDE_STYLE('',(#19015));
#19015 = SURFACE_STYLE_FILL_AREA(#19016);
#19016 = FILL_AREA_STYLE('',(#19017));
#19017 = FILL_AREA_STYLE_COLOUR('',#18170);
#19018 = STYLED_ITEM('color',(#19019),#9755);
#19019 = PRESENTATION_STYLE_ASSIGNMENT((#19020));
#19020 = SURFACE_STYLE_USAGE(.BOTH.,#19021);
#19021 = SURFACE_SIDE_STYLE('',(#19022));
#19022 = SURFACE_STYLE_FILL_AREA(#19023);
#19023 = FILL_AREA_STYLE('',(#19024));
#19024 = FILL_AREA_STYLE_COLOUR('',#18022);
#19025 = STYLED_ITEM('color',(#19026),#9772);
#19026 = PRESENTATION_STYLE_ASSIGNMENT((#19027));
#19027 = SURFACE_STYLE_USAGE(.BOTH.,#19028);
#19028 = SURFACE_SIDE_STYLE('',(#19029));
#19029 = SURFACE_STYLE_FILL_AREA(#19030);
#19030 = FILL_AREA_STYLE('',(#19031));
#19031 = FILL_AREA_STYLE_COLOUR('',#18170);
#19032 = STYLED_ITEM('color',(#19033),#9789);
#19033 = PRESENTATION_STYLE_ASSIGNMENT((#19034));
#19034 = SURFACE_STYLE_USAGE(.BOTH.,#19035);
#19035 = SURFACE_SIDE_STYLE('',(#19036));
#19036 = SURFACE_STYLE_FILL_AREA(#19037);
#19037 = FILL_AREA_STYLE('',(#19038));
#19038 = FILL_AREA_STYLE_COLOUR('',#18170);
#19039 = STYLED_ITEM('color',(#19040),#9815);
#19040 = PRESENTATION_STYLE_ASSIGNMENT((#19041));
#19041 = SURFACE_STYLE_USAGE(.BOTH.,#19042);
#19042 = SURFACE_SIDE_STYLE('',(#19043));
#19043 = SURFACE_STYLE_FILL_AREA(#19044);
#19044 = FILL_AREA_STYLE('',(#19045));
#19045 = FILL_AREA_STYLE_COLOUR('',#18170);
#19046 = STYLED_ITEM('color',(#19047),#9847);
#19047 = PRESENTATION_STYLE_ASSIGNMENT((#19048));
#19048 = SURFACE_STYLE_USAGE(.BOTH.,#19049);
#19049 = SURFACE_SIDE_STYLE('',(#19050));
#19050 = SURFACE_STYLE_FILL_AREA(#19051);
#19051 = FILL_AREA_STYLE('',(#19052));
#19052 = FILL_AREA_STYLE_COLOUR('',#18170);
#19053 = STYLED_ITEM('color',(#19054),#9878);
#19054 = PRESENTATION_STYLE_ASSIGNMENT((#19055));
#19055 = SURFACE_STYLE_USAGE(.BOTH.,#19056);
#19056 = SURFACE_SIDE_STYLE('',(#19057));
#19057 = SURFACE_STYLE_FILL_AREA(#19058);
#19058 = FILL_AREA_STYLE('',(#19059));
#19059 = FILL_AREA_STYLE_COLOUR('',#18170);
#19060 = STYLED_ITEM('color',(#19061),#9895);
#19061 = PRESENTATION_STYLE_ASSIGNMENT((#19062));
#19062 = SURFACE_STYLE_USAGE(.BOTH.,#19063);
#19063 = SURFACE_SIDE_STYLE('',(#19064));
#19064 = SURFACE_STYLE_FILL_AREA(#19065);
#19065 = FILL_AREA_STYLE('',(#19066));
#19066 = FILL_AREA_STYLE_COLOUR('',#18022);
#19067 = STYLED_ITEM('color',(#19068),#9907);
#19068 = PRESENTATION_STYLE_ASSIGNMENT((#19069));
#19069 = SURFACE_STYLE_USAGE(.BOTH.,#19070);
#19070 = SURFACE_SIDE_STYLE('',(#19071));
#19071 = SURFACE_STYLE_FILL_AREA(#19072);
#19072 = FILL_AREA_STYLE('',(#19073));
#19073 = FILL_AREA_STYLE_COLOUR('',#18170);
#19074 = STYLED_ITEM('color',(#19075),#9932);
#19075 = PRESENTATION_STYLE_ASSIGNMENT((#19076));
#19076 = SURFACE_STYLE_USAGE(.BOTH.,#19077);
#19077 = SURFACE_SIDE_STYLE('',(#19078));
#19078 = SURFACE_STYLE_FILL_AREA(#19079);
#19079 = FILL_AREA_STYLE('',(#19080));
#19080 = FILL_AREA_STYLE_COLOUR('',#18170);
#19081 = STYLED_ITEM('color',(#19082),#9957);
#19082 = PRESENTATION_STYLE_ASSIGNMENT((#19083));
#19083 = SURFACE_STYLE_USAGE(.BOTH.,#19084);
#19084 = SURFACE_SIDE_STYLE('',(#19085));
#19085 = SURFACE_STYLE_FILL_AREA(#19086);
#19086 = FILL_AREA_STYLE('',(#19087));
#19087 = FILL_AREA_STYLE_COLOUR('',#18022);
#19088 = STYLED_ITEM('color',(#19089),#9969);
#19089 = PRESENTATION_STYLE_ASSIGNMENT((#19090));
#19090 = SURFACE_STYLE_USAGE(.BOTH.,#19091);
#19091 = SURFACE_SIDE_STYLE('',(#19092));
#19092 = SURFACE_STYLE_FILL_AREA(#19093);
#19093 = FILL_AREA_STYLE('',(#19094));
#19094 = FILL_AREA_STYLE_COLOUR('',#18022);
#19095 = STYLED_ITEM('color',(#19096),#9981);
#19096 = PRESENTATION_STYLE_ASSIGNMENT((#19097));
#19097 = SURFACE_STYLE_USAGE(.BOTH.,#19098);
#19098 = SURFACE_SIDE_STYLE('',(#19099));
#19099 = SURFACE_STYLE_FILL_AREA(#19100);
#19100 = FILL_AREA_STYLE('',(#19101));
#19101 = FILL_AREA_STYLE_COLOUR('',#18170);
#19102 = STYLED_ITEM('color',(#19103),#9998);
#19103 = PRESENTATION_STYLE_ASSIGNMENT((#19104));
#19104 = SURFACE_STYLE_USAGE(.BOTH.,#19105);
#19105 = SURFACE_SIDE_STYLE('',(#19106));
#19106 = SURFACE_STYLE_FILL_AREA(#19107);
#19107 = FILL_AREA_STYLE('',(#19108));
#19108 = FILL_AREA_STYLE_COLOUR('',#18170);
#19109 = STYLED_ITEM('color',(#19110),#10015);
#19110 = PRESENTATION_STYLE_ASSIGNMENT((#19111));
#19111 = SURFACE_STYLE_USAGE(.BOTH.,#19112);
#19112 = SURFACE_SIDE_STYLE('',(#19113));
#19113 = SURFACE_STYLE_FILL_AREA(#19114);
#19114 = FILL_AREA_STYLE('',(#19115));
#19115 = FILL_AREA_STYLE_COLOUR('',#18170);
#19116 = STYLED_ITEM('color',(#19117),#10032);
#19117 = PRESENTATION_STYLE_ASSIGNMENT((#19118));
#19118 = SURFACE_STYLE_USAGE(.BOTH.,#19119);
#19119 = SURFACE_SIDE_STYLE('',(#19120));
#19120 = SURFACE_STYLE_FILL_AREA(#19121);
#19121 = FILL_AREA_STYLE('',(#19122));
#19122 = FILL_AREA_STYLE_COLOUR('',#18170);
#19123 = STYLED_ITEM('color',(#19124),#10044);
#19124 = PRESENTATION_STYLE_ASSIGNMENT((#19125));
#19125 = SURFACE_STYLE_USAGE(.BOTH.,#19126);
#19126 = SURFACE_SIDE_STYLE('',(#19127));
#19127 = SURFACE_STYLE_FILL_AREA(#19128);
#19128 = FILL_AREA_STYLE('',(#19129));
#19129 = FILL_AREA_STYLE_COLOUR('',#18170);
#19130 = STYLED_ITEM('color',(#19131),#10061);
#19131 = PRESENTATION_STYLE_ASSIGNMENT((#19132));
#19132 = SURFACE_STYLE_USAGE(.BOTH.,#19133);
#19133 = SURFACE_SIDE_STYLE('',(#19134));
#19134 = SURFACE_STYLE_FILL_AREA(#19135);
#19135 = FILL_AREA_STYLE('',(#19136));
#19136 = FILL_AREA_STYLE_COLOUR('',#18170);
#19137 = STYLED_ITEM('color',(#19138),#10078);
#19138 = PRESENTATION_STYLE_ASSIGNMENT((#19139));
#19139 = SURFACE_STYLE_USAGE(.BOTH.,#19140);
#19140 = SURFACE_SIDE_STYLE('',(#19141));
#19141 = SURFACE_STYLE_FILL_AREA(#19142);
#19142 = FILL_AREA_STYLE('',(#19143));
#19143 = FILL_AREA_STYLE_COLOUR('',#18170);
#19144 = STYLED_ITEM('color',(#19145),#10095);
#19145 = PRESENTATION_STYLE_ASSIGNMENT((#19146));
#19146 = SURFACE_STYLE_USAGE(.BOTH.,#19147);
#19147 = SURFACE_SIDE_STYLE('',(#19148));
#19148 = SURFACE_STYLE_FILL_AREA(#19149);
#19149 = FILL_AREA_STYLE('',(#19150));
#19150 = FILL_AREA_STYLE_COLOUR('',#18170);
#19151 = STYLED_ITEM('color',(#19152),#10107);
#19152 = PRESENTATION_STYLE_ASSIGNMENT((#19153));
#19153 = SURFACE_STYLE_USAGE(.BOTH.,#19154);
#19154 = SURFACE_SIDE_STYLE('',(#19155));
#19155 = SURFACE_STYLE_FILL_AREA(#19156);
#19156 = FILL_AREA_STYLE('',(#19157));
#19157 = FILL_AREA_STYLE_COLOUR('',#18170);
#19158 = STYLED_ITEM('color',(#19159),#10124);
#19159 = PRESENTATION_STYLE_ASSIGNMENT((#19160));
#19160 = SURFACE_STYLE_USAGE(.BOTH.,#19161);
#19161 = SURFACE_SIDE_STYLE('',(#19162));
#19162 = SURFACE_STYLE_FILL_AREA(#19163);
#19163 = FILL_AREA_STYLE('',(#19164));
#19164 = FILL_AREA_STYLE_COLOUR('',#18170);
#19165 = STYLED_ITEM('color',(#19166),#10141);
#19166 = PRESENTATION_STYLE_ASSIGNMENT((#19167));
#19167 = SURFACE_STYLE_USAGE(.BOTH.,#19168);
#19168 = SURFACE_SIDE_STYLE('',(#19169));
#19169 = SURFACE_STYLE_FILL_AREA(#19170);
#19170 = FILL_AREA_STYLE('',(#19171));
#19171 = FILL_AREA_STYLE_COLOUR('',#18170);
#19172 = STYLED_ITEM('color',(#19173),#10158);
#19173 = PRESENTATION_STYLE_ASSIGNMENT((#19174));
#19174 = SURFACE_STYLE_USAGE(.BOTH.,#19175);
#19175 = SURFACE_SIDE_STYLE('',(#19176));
#19176 = SURFACE_STYLE_FILL_AREA(#19177);
#19177 = FILL_AREA_STYLE('',(#19178));
#19178 = FILL_AREA_STYLE_COLOUR('',#18170);
#19179 = STYLED_ITEM('color',(#19180),#10170);
#19180 = PRESENTATION_STYLE_ASSIGNMENT((#19181));
#19181 = SURFACE_STYLE_USAGE(.BOTH.,#19182);
#19182 = SURFACE_SIDE_STYLE('',(#19183));
#19183 = SURFACE_STYLE_FILL_AREA(#19184);
#19184 = FILL_AREA_STYLE('',(#19185));
#19185 = FILL_AREA_STYLE_COLOUR('',#18170);
#19186 = STYLED_ITEM('color',(#19187),#10187);
#19187 = PRESENTATION_STYLE_ASSIGNMENT((#19188));
#19188 = SURFACE_STYLE_USAGE(.BOTH.,#19189);
#19189 = SURFACE_SIDE_STYLE('',(#19190));
#19190 = SURFACE_STYLE_FILL_AREA(#19191);
#19191 = FILL_AREA_STYLE('',(#19192));
#19192 = FILL_AREA_STYLE_COLOUR('',#18170);
#19193 = STYLED_ITEM('color',(#19194),#10204);
#19194 = PRESENTATION_STYLE_ASSIGNMENT((#19195));
#19195 = SURFACE_STYLE_USAGE(.BOTH.,#19196);
#19196 = SURFACE_SIDE_STYLE('',(#19197));
#19197 = SURFACE_STYLE_FILL_AREA(#19198);
#19198 = FILL_AREA_STYLE('',(#19199));
#19199 = FILL_AREA_STYLE_COLOUR('',#18170);
#19200 = STYLED_ITEM('color',(#19201),#10221);
#19201 = PRESENTATION_STYLE_ASSIGNMENT((#19202));
#19202 = SURFACE_STYLE_USAGE(.BOTH.,#19203);
#19203 = SURFACE_SIDE_STYLE('',(#19204));
#19204 = SURFACE_STYLE_FILL_AREA(#19205);
#19205 = FILL_AREA_STYLE('',(#19206));
#19206 = FILL_AREA_STYLE_COLOUR('',#18170);
#19207 = STYLED_ITEM('color',(#19208),#10233);
#19208 = PRESENTATION_STYLE_ASSIGNMENT((#19209));
#19209 = SURFACE_STYLE_USAGE(.BOTH.,#19210);
#19210 = SURFACE_SIDE_STYLE('',(#19211));
#19211 = SURFACE_STYLE_FILL_AREA(#19212);
#19212 = FILL_AREA_STYLE('',(#19213));
#19213 = FILL_AREA_STYLE_COLOUR('',#18022);
#19214 = STYLED_ITEM('color',(#19215),#10245);
#19215 = PRESENTATION_STYLE_ASSIGNMENT((#19216));
#19216 = SURFACE_STYLE_USAGE(.BOTH.,#19217);
#19217 = SURFACE_SIDE_STYLE('',(#19218));
#19218 = SURFACE_STYLE_FILL_AREA(#19219);
#19219 = FILL_AREA_STYLE('',(#19220));
#19220 = FILL_AREA_STYLE_COLOUR('',#18170);
#19221 = STYLED_ITEM('color',(#19222),#10262);
#19222 = PRESENTATION_STYLE_ASSIGNMENT((#19223));
#19223 = SURFACE_STYLE_USAGE(.BOTH.,#19224);
#19224 = SURFACE_SIDE_STYLE('',(#19225));
#19225 = SURFACE_STYLE_FILL_AREA(#19226);
#19226 = FILL_AREA_STYLE('',(#19227));
#19227 = FILL_AREA_STYLE_COLOUR('',#18170);
#19228 = STYLED_ITEM('color',(#19229),#10279);
#19229 = PRESENTATION_STYLE_ASSIGNMENT((#19230));
#19230 = SURFACE_STYLE_USAGE(.BOTH.,#19231);
#19231 = SURFACE_SIDE_STYLE('',(#19232));
#19232 = SURFACE_STYLE_FILL_AREA(#19233);
#19233 = FILL_AREA_STYLE('',(#19234));
#19234 = FILL_AREA_STYLE_COLOUR('',#18170);
#19235 = STYLED_ITEM('color',(#19236),#10296);
#19236 = PRESENTATION_STYLE_ASSIGNMENT((#19237));
#19237 = SURFACE_STYLE_USAGE(.BOTH.,#19238);
#19238 = SURFACE_SIDE_STYLE('',(#19239));
#19239 = SURFACE_STYLE_FILL_AREA(#19240);
#19240 = FILL_AREA_STYLE('',(#19241));
#19241 = FILL_AREA_STYLE_COLOUR('',#18170);
#19242 = STYLED_ITEM('color',(#19243),#10313);
#19243 = PRESENTATION_STYLE_ASSIGNMENT((#19244));
#19244 = SURFACE_STYLE_USAGE(.BOTH.,#19245);
#19245 = SURFACE_SIDE_STYLE('',(#19246));
#19246 = SURFACE_STYLE_FILL_AREA(#19247);
#19247 = FILL_AREA_STYLE('',(#19248));
#19248 = FILL_AREA_STYLE_COLOUR('',#18170);
#19249 = STYLED_ITEM('color',(#19250),#10352);
#19250 = PRESENTATION_STYLE_ASSIGNMENT((#19251));
#19251 = SURFACE_STYLE_USAGE(.BOTH.,#19252);
#19252 = SURFACE_SIDE_STYLE('',(#19253));
#19253 = SURFACE_STYLE_FILL_AREA(#19254);
#19254 = FILL_AREA_STYLE('',(#19255));
#19255 = FILL_AREA_STYLE_COLOUR('',#18170);
#19256 = STYLED_ITEM('color',(#19257),#10376);
#19257 = PRESENTATION_STYLE_ASSIGNMENT((#19258));
#19258 = SURFACE_STYLE_USAGE(.BOTH.,#19259);
#19259 = SURFACE_SIDE_STYLE('',(#19260));
#19260 = SURFACE_STYLE_FILL_AREA(#19261);
#19261 = FILL_AREA_STYLE('',(#19262));
#19262 = FILL_AREA_STYLE_COLOUR('',#18170);
#19263 = STYLED_ITEM('color',(#19264),#10408);
#19264 = PRESENTATION_STYLE_ASSIGNMENT((#19265));
#19265 = SURFACE_STYLE_USAGE(.BOTH.,#19266);
#19266 = SURFACE_SIDE_STYLE('',(#19267));
#19267 = SURFACE_STYLE_FILL_AREA(#19268);
#19268 = FILL_AREA_STYLE('',(#19269));
#19269 = FILL_AREA_STYLE_COLOUR('',#18170);
#19270 = STYLED_ITEM('color',(#19271),#10425);
#19271 = PRESENTATION_STYLE_ASSIGNMENT((#19272));
#19272 = SURFACE_STYLE_USAGE(.BOTH.,#19273);
#19273 = SURFACE_SIDE_STYLE('',(#19274));
#19274 = SURFACE_STYLE_FILL_AREA(#19275);
#19275 = FILL_AREA_STYLE('',(#19276));
#19276 = FILL_AREA_STYLE_COLOUR('',#18170);
#19277 = STYLED_ITEM('color',(#19278),#10464);
#19278 = PRESENTATION_STYLE_ASSIGNMENT((#19279));
#19279 = SURFACE_STYLE_USAGE(.BOTH.,#19280);
#19280 = SURFACE_SIDE_STYLE('',(#19281));
#19281 = SURFACE_STYLE_FILL_AREA(#19282);
#19282 = FILL_AREA_STYLE('',(#19283));
#19283 = FILL_AREA_STYLE_COLOUR('',#18170);
#19284 = STYLED_ITEM('color',(#19285),#10488);
#19285 = PRESENTATION_STYLE_ASSIGNMENT((#19286));
#19286 = SURFACE_STYLE_USAGE(.BOTH.,#19287);
#19287 = SURFACE_SIDE_STYLE('',(#19288));
#19288 = SURFACE_STYLE_FILL_AREA(#19289);
#19289 = FILL_AREA_STYLE('',(#19290));
#19290 = FILL_AREA_STYLE_COLOUR('',#18170);
#19291 = STYLED_ITEM('color',(#19292),#10520);
#19292 = PRESENTATION_STYLE_ASSIGNMENT((#19293));
#19293 = SURFACE_STYLE_USAGE(.BOTH.,#19294);
#19294 = SURFACE_SIDE_STYLE('',(#19295));
#19295 = SURFACE_STYLE_FILL_AREA(#19296);
#19296 = FILL_AREA_STYLE('',(#19297));
#19297 = FILL_AREA_STYLE_COLOUR('',#18170);
#19298 = STYLED_ITEM('color',(#19299),#10537);
#19299 = PRESENTATION_STYLE_ASSIGNMENT((#19300));
#19300 = SURFACE_STYLE_USAGE(.BOTH.,#19301);
#19301 = SURFACE_SIDE_STYLE('',(#19302));
#19302 = SURFACE_STYLE_FILL_AREA(#19303);
#19303 = FILL_AREA_STYLE('',(#19304));
#19304 = FILL_AREA_STYLE_COLOUR('',#18170);
#19305 = STYLED_ITEM('color',(#19306),#10576);
#19306 = PRESENTATION_STYLE_ASSIGNMENT((#19307));
#19307 = SURFACE_STYLE_USAGE(.BOTH.,#19308);
#19308 = SURFACE_SIDE_STYLE('',(#19309));
#19309 = SURFACE_STYLE_FILL_AREA(#19310);
#19310 = FILL_AREA_STYLE('',(#19311));
#19311 = FILL_AREA_STYLE_COLOUR('',#18170);
#19312 = STYLED_ITEM('color',(#19313),#10600);
#19313 = PRESENTATION_STYLE_ASSIGNMENT((#19314));
#19314 = SURFACE_STYLE_USAGE(.BOTH.,#19315);
#19315 = SURFACE_SIDE_STYLE('',(#19316));
#19316 = SURFACE_STYLE_FILL_AREA(#19317);
#19317 = FILL_AREA_STYLE('',(#19318));
#19318 = FILL_AREA_STYLE_COLOUR('',#18170);
#19319 = STYLED_ITEM('color',(#19320),#10632);
#19320 = PRESENTATION_STYLE_ASSIGNMENT((#19321));
#19321 = SURFACE_STYLE_USAGE(.BOTH.,#19322);
#19322 = SURFACE_SIDE_STYLE('',(#19323));
#19323 = SURFACE_STYLE_FILL_AREA(#19324);
#19324 = FILL_AREA_STYLE('',(#19325));
#19325 = FILL_AREA_STYLE_COLOUR('',#18170);
#19326 = STYLED_ITEM('color',(#19327),#10649);
#19327 = PRESENTATION_STYLE_ASSIGNMENT((#19328));
#19328 = SURFACE_STYLE_USAGE(.BOTH.,#19329);
#19329 = SURFACE_SIDE_STYLE('',(#19330));
#19330 = SURFACE_STYLE_FILL_AREA(#19331);
#19331 = FILL_AREA_STYLE('',(#19332));
#19332 = FILL_AREA_STYLE_COLOUR('',#18170);
#19333 = STYLED_ITEM('color',(#19334),#10680);
#19334 = PRESENTATION_STYLE_ASSIGNMENT((#19335));
#19335 = SURFACE_STYLE_USAGE(.BOTH.,#19336);
#19336 = SURFACE_SIDE_STYLE('',(#19337));
#19337 = SURFACE_STYLE_FILL_AREA(#19338);
#19338 = FILL_AREA_STYLE('',(#19339));
#19339 = FILL_AREA_STYLE_COLOUR('',#18170);
#19340 = STYLED_ITEM('color',(#19341),#10712);
#19341 = PRESENTATION_STYLE_ASSIGNMENT((#19342));
#19342 = SURFACE_STYLE_USAGE(.BOTH.,#19343);
#19343 = SURFACE_SIDE_STYLE('',(#19344));
#19344 = SURFACE_STYLE_FILL_AREA(#19345);
#19345 = FILL_AREA_STYLE('',(#19346));
#19346 = FILL_AREA_STYLE_COLOUR('',#18170);
#19347 = STYLED_ITEM('color',(#19348),#10736);
#19348 = PRESENTATION_STYLE_ASSIGNMENT((#19349));
#19349 = SURFACE_STYLE_USAGE(.BOTH.,#19350);
#19350 = SURFACE_SIDE_STYLE('',(#19351));
#19351 = SURFACE_STYLE_FILL_AREA(#19352);
#19352 = FILL_AREA_STYLE('',(#19353));
#19353 = FILL_AREA_STYLE_COLOUR('',#18170);
#19354 = STYLED_ITEM('color',(#19355),#10761);
#19355 = PRESENTATION_STYLE_ASSIGNMENT((#19356));
#19356 = SURFACE_STYLE_USAGE(.BOTH.,#19357);
#19357 = SURFACE_SIDE_STYLE('',(#19358));
#19358 = SURFACE_STYLE_FILL_AREA(#19359);
#19359 = FILL_AREA_STYLE('',(#19360));
#19360 = FILL_AREA_STYLE_COLOUR('',#18170);
#19361 = STYLED_ITEM('color',(#19362),#10773);
#19362 = PRESENTATION_STYLE_ASSIGNMENT((#19363));
#19363 = SURFACE_STYLE_USAGE(.BOTH.,#19364);
#19364 = SURFACE_SIDE_STYLE('',(#19365));
#19365 = SURFACE_STYLE_FILL_AREA(#19366);
#19366 = FILL_AREA_STYLE('',(#19367));
#19367 = FILL_AREA_STYLE_COLOUR('',#18170);
#19368 = STYLED_ITEM('color',(#19369),#10785);
#19369 = PRESENTATION_STYLE_ASSIGNMENT((#19370));
#19370 = SURFACE_STYLE_USAGE(.BOTH.,#19371);
#19371 = SURFACE_SIDE_STYLE('',(#19372));
#19372 = SURFACE_STYLE_FILL_AREA(#19373);
#19373 = FILL_AREA_STYLE('',(#19374));
#19374 = FILL_AREA_STYLE_COLOUR('',#18170);
#19375 = STYLED_ITEM('color',(#19376),#10797);
#19376 = PRESENTATION_STYLE_ASSIGNMENT((#19377));
#19377 = SURFACE_STYLE_USAGE(.BOTH.,#19378);
#19378 = SURFACE_SIDE_STYLE('',(#19379));
#19379 = SURFACE_STYLE_FILL_AREA(#19380);
#19380 = FILL_AREA_STYLE('',(#19381));
#19381 = FILL_AREA_STYLE_COLOUR('',#18170);
#19382 = STYLED_ITEM('color',(#19383),#10809);
#19383 = PRESENTATION_STYLE_ASSIGNMENT((#19384));
#19384 = SURFACE_STYLE_USAGE(.BOTH.,#19385);
#19385 = SURFACE_SIDE_STYLE('',(#19386));
#19386 = SURFACE_STYLE_FILL_AREA(#19387);
#19387 = FILL_AREA_STYLE('',(#19388));
#19388 = FILL_AREA_STYLE_COLOUR('',#18170);
#19389 = STYLED_ITEM('color',(#19390),#10826);
#19390 = PRESENTATION_STYLE_ASSIGNMENT((#19391));
#19391 = SURFACE_STYLE_USAGE(.BOTH.,#19392);
#19392 = SURFACE_SIDE_STYLE('',(#19393));
#19393 = SURFACE_STYLE_FILL_AREA(#19394);
#19394 = FILL_AREA_STYLE('',(#19395));
#19395 = FILL_AREA_STYLE_COLOUR('',#18170);
#19396 = STYLED_ITEM('color',(#19397),#10838);
#19397 = PRESENTATION_STYLE_ASSIGNMENT((#19398));
#19398 = SURFACE_STYLE_USAGE(.BOTH.,#19399);
#19399 = SURFACE_SIDE_STYLE('',(#19400));
#19400 = SURFACE_STYLE_FILL_AREA(#19401);
#19401 = FILL_AREA_STYLE('',(#19402));
#19402 = FILL_AREA_STYLE_COLOUR('',#18170);
#19403 = STYLED_ITEM('color',(#19404),#10855);
#19404 = PRESENTATION_STYLE_ASSIGNMENT((#19405));
#19405 = SURFACE_STYLE_USAGE(.BOTH.,#19406);
#19406 = SURFACE_SIDE_STYLE('',(#19407));
#19407 = SURFACE_STYLE_FILL_AREA(#19408);
#19408 = FILL_AREA_STYLE('',(#19409));
#19409 = FILL_AREA_STYLE_COLOUR('',#18170);
#19410 = STYLED_ITEM('color',(#19411),#10867);
#19411 = PRESENTATION_STYLE_ASSIGNMENT((#19412));
#19412 = SURFACE_STYLE_USAGE(.BOTH.,#19413);
#19413 = SURFACE_SIDE_STYLE('',(#19414));
#19414 = SURFACE_STYLE_FILL_AREA(#19415);
#19415 = FILL_AREA_STYLE('',(#19416));
#19416 = FILL_AREA_STYLE_COLOUR('',#18170);
#19417 = STYLED_ITEM('color',(#19418),#10884);
#19418 = PRESENTATION_STYLE_ASSIGNMENT((#19419));
#19419 = SURFACE_STYLE_USAGE(.BOTH.,#19420);
#19420 = SURFACE_SIDE_STYLE('',(#19421));
#19421 = SURFACE_STYLE_FILL_AREA(#19422);
#19422 = FILL_AREA_STYLE('',(#19423));
#19423 = FILL_AREA_STYLE_COLOUR('',#18170);
#19424 = STYLED_ITEM('color',(#19425),#10896);
#19425 = PRESENTATION_STYLE_ASSIGNMENT((#19426));
#19426 = SURFACE_STYLE_USAGE(.BOTH.,#19427);
#19427 = SURFACE_SIDE_STYLE('',(#19428));
#19428 = SURFACE_STYLE_FILL_AREA(#19429);
#19429 = FILL_AREA_STYLE('',(#19430));
#19430 = FILL_AREA_STYLE_COLOUR('',#18170);
#19431 = STYLED_ITEM('color',(#19432),#10913);
#19432 = PRESENTATION_STYLE_ASSIGNMENT((#19433));
#19433 = SURFACE_STYLE_USAGE(.BOTH.,#19434);
#19434 = SURFACE_SIDE_STYLE('',(#19435));
#19435 = SURFACE_STYLE_FILL_AREA(#19436);
#19436 = FILL_AREA_STYLE('',(#19437));
#19437 = FILL_AREA_STYLE_COLOUR('',#18170);
#19438 = MECHANICAL_DESIGN_GEOMETRIC_PRESENTATION_REPRESENTATION('',(
    #19439,#19446,#19453,#19460,#19467,#19474,#19481,#19488,#19495,
    #19502,#19509,#19516,#19523,#19530,#19538,#19545,#19552,#19559,
    #19566,#19573,#19580,#19587,#19594,#19601,#19608,#19615),#879);
#19439 = STYLED_ITEM('color',(#19440),#91);
#19440 = PRESENTATION_STYLE_ASSIGNMENT((#19441));
#19441 = SURFACE_STYLE_USAGE(.BOTH.,#19442);
#19442 = SURFACE_SIDE_STYLE('',(#19443));
#19443 = SURFACE_STYLE_FILL_AREA(#19444);
#19444 = FILL_AREA_STYLE('',(#19445));
#19445 = FILL_AREA_STYLE_COLOUR('',#17432);
#19446 = STYLED_ITEM('color',(#19447),#131);
#19447 = PRESENTATION_STYLE_ASSIGNMENT((#19448));
#19448 = SURFACE_STYLE_USAGE(.BOTH.,#19449);
#19449 = SURFACE_SIDE_STYLE('',(#19450));
#19450 = SURFACE_STYLE_FILL_AREA(#19451);
#19451 = FILL_AREA_STYLE('',(#19452));
#19452 = FILL_AREA_STYLE_COLOUR('',#17432);
#19453 = STYLED_ITEM('color',(#19454),#214);
#19454 = PRESENTATION_STYLE_ASSIGNMENT((#19455));
#19455 = SURFACE_STYLE_USAGE(.BOTH.,#19456);
#19456 = SURFACE_SIDE_STYLE('',(#19457));
#19457 = SURFACE_STYLE_FILL_AREA(#19458);
#19458 = FILL_AREA_STYLE('',(#19459));
#19459 = FILL_AREA_STYLE_COLOUR('',#17432);
#19460 = STYLED_ITEM('color',(#19461),#239);
#19461 = PRESENTATION_STYLE_ASSIGNMENT((#19462));
#19462 = SURFACE_STYLE_USAGE(.BOTH.,#19463);
#19463 = SURFACE_SIDE_STYLE('',(#19464));
#19464 = SURFACE_STYLE_FILL_AREA(#19465);
#19465 = FILL_AREA_STYLE('',(#19466));
#19466 = FILL_AREA_STYLE_COLOUR('',#17432);
#19467 = STYLED_ITEM('color',(#19468),#264);
#19468 = PRESENTATION_STYLE_ASSIGNMENT((#19469));
#19469 = SURFACE_STYLE_USAGE(.BOTH.,#19470);
#19470 = SURFACE_SIDE_STYLE('',(#19471));
#19471 = SURFACE_STYLE_FILL_AREA(#19472);
#19472 = FILL_AREA_STYLE('',(#19473));
#19473 = FILL_AREA_STYLE_COLOUR('',#17432);
#19474 = STYLED_ITEM('color',(#19475),#331);
#19475 = PRESENTATION_STYLE_ASSIGNMENT((#19476));
#19476 = SURFACE_STYLE_USAGE(.BOTH.,#19477);
#19477 = SURFACE_SIDE_STYLE('',(#19478));
#19478 = SURFACE_STYLE_FILL_AREA(#19479);
#19479 = FILL_AREA_STYLE('',(#19480));
#19480 = FILL_AREA_STYLE_COLOUR('',#17432);
#19481 = STYLED_ITEM('color',(#19482),#348);
#19482 = PRESENTATION_STYLE_ASSIGNMENT((#19483));
#19483 = SURFACE_STYLE_USAGE(.BOTH.,#19484);
#19484 = SURFACE_SIDE_STYLE('',(#19485));
#19485 = SURFACE_STYLE_FILL_AREA(#19486);
#19486 = FILL_AREA_STYLE('',(#19487));
#19487 = FILL_AREA_STYLE_COLOUR('',#17432);
#19488 = STYLED_ITEM('color',(#19489),#365);
#19489 = PRESENTATION_STYLE_ASSIGNMENT((#19490));
#19490 = SURFACE_STYLE_USAGE(.BOTH.,#19491);
#19491 = SURFACE_SIDE_STYLE('',(#19492));
#19492 = SURFACE_STYLE_FILL_AREA(#19493);
#19493 = FILL_AREA_STYLE('',(#19494));
#19494 = FILL_AREA_STYLE_COLOUR('',#17318);
#19495 = STYLED_ITEM('color',(#19496),#414);
#19496 = PRESENTATION_STYLE_ASSIGNMENT((#19497));
#19497 = SURFACE_STYLE_USAGE(.BOTH.,#19498);
#19498 = SURFACE_SIDE_STYLE('',(#19499));
#19499 = SURFACE_STYLE_FILL_AREA(#19500);
#19500 = FILL_AREA_STYLE('',(#19501));
#19501 = FILL_AREA_STYLE_COLOUR('',#17432);
#19502 = STYLED_ITEM('color',(#19503),#431);
#19503 = PRESENTATION_STYLE_ASSIGNMENT((#19504));
#19504 = SURFACE_STYLE_USAGE(.BOTH.,#19505);
#19505 = SURFACE_SIDE_STYLE('',(#19506));
#19506 = SURFACE_STYLE_FILL_AREA(#19507);
#19507 = FILL_AREA_STYLE('',(#19508));
#19508 = FILL_AREA_STYLE_COLOUR('',#17432);
#19509 = STYLED_ITEM('color',(#19510),#448);
#19510 = PRESENTATION_STYLE_ASSIGNMENT((#19511));
#19511 = SURFACE_STYLE_USAGE(.BOTH.,#19512);
#19512 = SURFACE_SIDE_STYLE('',(#19513));
#19513 = SURFACE_STYLE_FILL_AREA(#19514);
#19514 = FILL_AREA_STYLE('',(#19515));
#19515 = FILL_AREA_STYLE_COLOUR('',#17318);
#19516 = STYLED_ITEM('color',(#19517),#497);
#19517 = PRESENTATION_STYLE_ASSIGNMENT((#19518));
#19518 = SURFACE_STYLE_USAGE(.BOTH.,#19519);
#19519 = SURFACE_SIDE_STYLE('',(#19520));
#19520 = SURFACE_STYLE_FILL_AREA(#19521);
#19521 = FILL_AREA_STYLE('',(#19522));
#19522 = FILL_AREA_STYLE_COLOUR('',#17318);
#19523 = STYLED_ITEM('color',(#19524),#514);
#19524 = PRESENTATION_STYLE_ASSIGNMENT((#19525));
#19525 = SURFACE_STYLE_USAGE(.BOTH.,#19526);
#19526 = SURFACE_SIDE_STYLE('',(#19527));
#19527 = SURFACE_STYLE_FILL_AREA(#19528);
#19528 = FILL_AREA_STYLE('',(#19529));
#19529 = FILL_AREA_STYLE_COLOUR('',#17432);
#19530 = STYLED_ITEM('color',(#19531),#583);
#19531 = PRESENTATION_STYLE_ASSIGNMENT((#19532));
#19532 = SURFACE_STYLE_USAGE(.BOTH.,#19533);
#19533 = SURFACE_SIDE_STYLE('',(#19534));
#19534 = SURFACE_STYLE_FILL_AREA(#19535);
#19535 = FILL_AREA_STYLE('',(#19536));
#19536 = FILL_AREA_STYLE_COLOUR('',#19537);
#19537 = COLOUR_RGB('',8.200000279077E-02,8.600000121357E-02,
  9.399999706163E-02);
#19538 = STYLED_ITEM('color',(#19539),#614);
#19539 = PRESENTATION_STYLE_ASSIGNMENT((#19540));
#19540 = SURFACE_STYLE_USAGE(.BOTH.,#19541);
#19541 = SURFACE_SIDE_STYLE('',(#19542));
#19542 = SURFACE_STYLE_FILL_AREA(#19543);
#19543 = FILL_AREA_STYLE('',(#19544));
#19544 = FILL_AREA_STYLE_COLOUR('',#19537);
#19545 = STYLED_ITEM('color',(#19546),#638);
#19546 = PRESENTATION_STYLE_ASSIGNMENT((#19547));
#19547 = SURFACE_STYLE_USAGE(.BOTH.,#19548);
#19548 = SURFACE_SIDE_STYLE('',(#19549));
#19549 = SURFACE_STYLE_FILL_AREA(#19550);
#19550 = FILL_AREA_STYLE('',(#19551));
#19551 = FILL_AREA_STYLE_COLOUR('',#17432);
#19552 = STYLED_ITEM('color',(#19553),#707);
#19553 = PRESENTATION_STYLE_ASSIGNMENT((#19554));
#19554 = SURFACE_STYLE_USAGE(.BOTH.,#19555);
#19555 = SURFACE_SIDE_STYLE('',(#19556));
#19556 = SURFACE_STYLE_FILL_AREA(#19557);
#19557 = FILL_AREA_STYLE('',(#19558));
#19558 = FILL_AREA_STYLE_COLOUR('',#19537);
#19559 = STYLED_ITEM('color',(#19560),#731);
#19560 = PRESENTATION_STYLE_ASSIGNMENT((#19561));
#19561 = SURFACE_STYLE_USAGE(.BOTH.,#19562);
#19562 = SURFACE_SIDE_STYLE('',(#19563));
#19563 = SURFACE_STYLE_FILL_AREA(#19564);
#19564 = FILL_AREA_STYLE('',(#19565));
#19565 = FILL_AREA_STYLE_COLOUR('',#17432);
#19566 = STYLED_ITEM('color',(#19567),#748);
#19567 = PRESENTATION_STYLE_ASSIGNMENT((#19568));
#19568 = SURFACE_STYLE_USAGE(.BOTH.,#19569);
#19569 = SURFACE_SIDE_STYLE('',(#19570));
#19570 = SURFACE_STYLE_FILL_AREA(#19571);
#19571 = FILL_AREA_STYLE('',(#19572));
#19572 = FILL_AREA_STYLE_COLOUR('',#17432);
#19573 = STYLED_ITEM('color',(#19574),#765);
#19574 = PRESENTATION_STYLE_ASSIGNMENT((#19575));
#19575 = SURFACE_STYLE_USAGE(.BOTH.,#19576);
#19576 = SURFACE_SIDE_STYLE('',(#19577));
#19577 = SURFACE_STYLE_FILL_AREA(#19578);
#19578 = FILL_AREA_STYLE('',(#19579));
#19579 = FILL_AREA_STYLE_COLOUR('',#17432);
#19580 = STYLED_ITEM('color',(#19581),#782);
#19581 = PRESENTATION_STYLE_ASSIGNMENT((#19582));
#19582 = SURFACE_STYLE_USAGE(.BOTH.,#19583);
#19583 = SURFACE_SIDE_STYLE('',(#19584));
#19584 = SURFACE_STYLE_FILL_AREA(#19585);
#19585 = FILL_AREA_STYLE('',(#19586));
#19586 = FILL_AREA_STYLE_COLOUR('',#17432);
#19587 = STYLED_ITEM('color',(#19588),#799);
#19588 = PRESENTATION_STYLE_ASSIGNMENT((#19589));
#19589 = SURFACE_STYLE_USAGE(.BOTH.,#19590);
#19590 = SURFACE_SIDE_STYLE('',(#19591));
#19591 = SURFACE_STYLE_FILL_AREA(#19592);
#19592 = FILL_AREA_STYLE('',(#19593));
#19593 = FILL_AREA_STYLE_COLOUR('',#17432);
#19594 = STYLED_ITEM('color',(#19595),#816);
#19595 = PRESENTATION_STYLE_ASSIGNMENT((#19596));
#19596 = SURFACE_STYLE_USAGE(.BOTH.,#19597);
#19597 = SURFACE_SIDE_STYLE('',(#19598));
#19598 = SURFACE_STYLE_FILL_AREA(#19599);
#19599 = FILL_AREA_STYLE('',(#19600));
#19600 = FILL_AREA_STYLE_COLOUR('',#17432);
#19601 = STYLED_ITEM('color',(#19602),#833);
#19602 = PRESENTATION_STYLE_ASSIGNMENT((#19603));
#19603 = SURFACE_STYLE_USAGE(.BOTH.,#19604);
#19604 = SURFACE_SIDE_STYLE('',(#19605));
#19605 = SURFACE_STYLE_FILL_AREA(#19606);
#19606 = FILL_AREA_STYLE('',(#19607));
#19607 = FILL_AREA_STYLE_COLOUR('',#17432);
#19608 = STYLED_ITEM('color',(#19609),#850);
#19609 = PRESENTATION_STYLE_ASSIGNMENT((#19610));
#19610 = SURFACE_STYLE_USAGE(.BOTH.,#19611);
#19611 = SURFACE_SIDE_STYLE('',(#19612));
#19612 = SURFACE_STYLE_FILL_AREA(#19613);
#19613 = FILL_AREA_STYLE('',(#19614));
#19614 = FILL_AREA_STYLE_COLOUR('',#19537);
#19615 = STYLED_ITEM('color',(#19616),#867);
#19616 = PRESENTATION_STYLE_ASSIGNMENT((#19617));
#19617 = SURFACE_STYLE_USAGE(.BOTH.,#19618);
#19618 = SURFACE_SIDE_STYLE('',(#19619));
#19619 = SURFACE_STYLE_FILL_AREA(#19620);
#19620 = FILL_AREA_STYLE('',(#19621));
#19621 = FILL_AREA_STYLE_COLOUR('',#19537);
#19622 = MECHANICAL_DESIGN_GEOMETRIC_PRESENTATION_REPRESENTATION('',(
    #19623,#19633,#19642,#19651,#19660,#19669,#19678,#19687,#19696,
    #19705,#19714,#19723,#19732,#19741,#19750,#19759,#19768,#19777,
    #19786,#19795,#19804,#19813,#19822,#19831,#19840,#19849,#19858,
    #19867,#19876,#19885,#19894,#19903,#19912,#19921,#19930,#19939,
    #19948,#19957,#19966,#19975,#19984,#19993,#20002,#20011,#20020,
    #20029,#20038,#20047,#20056,#20065,#20074,#20083,#20092,#20101,
    #20110,#20119),#17117);
#19623 = STYLED_ITEM('color',(#19624),#10966);
#19624 = PRESENTATION_STYLE_ASSIGNMENT((#19625));
#19625 = SURFACE_STYLE_USAGE(.BOTH.,#19626);
#19626 = SURFACE_SIDE_STYLE('',(#19627,#19631));
#19627 = SURFACE_STYLE_FILL_AREA(#19628);
#19628 = FILL_AREA_STYLE('',(#19629));
#19629 = FILL_AREA_STYLE_COLOUR('',#19630);
#19630 = DRAUGHTING_PRE_DEFINED_COLOUR('white');
#19631 = SURFACE_STYLE_RENDERING_WITH_PROPERTIES(.NORMAL_SHADING.,#19630
  ,(#19632));
#19632 = SURFACE_STYLE_TRANSPARENT(0.100000023842);
#19633 = STYLED_ITEM('color',(#19634),#11034);
#19634 = PRESENTATION_STYLE_ASSIGNMENT((#19635));
#19635 = SURFACE_STYLE_USAGE(.BOTH.,#19636);
#19636 = SURFACE_SIDE_STYLE('',(#19637,#19640));
#19637 = SURFACE_STYLE_FILL_AREA(#19638);
#19638 = FILL_AREA_STYLE('',(#19639));
#19639 = FILL_AREA_STYLE_COLOUR('',#19630);
#19640 = SURFACE_STYLE_RENDERING_WITH_PROPERTIES(.NORMAL_SHADING.,#19630
  ,(#19641));
#19641 = SURFACE_STYLE_TRANSPARENT(0.100000023842);
#19642 = STYLED_ITEM('color',(#19643),#11086);
#19643 = PRESENTATION_STYLE_ASSIGNMENT((#19644));
#19644 = SURFACE_STYLE_USAGE(.BOTH.,#19645);
#19645 = SURFACE_SIDE_STYLE('',(#19646,#19649));
#19646 = SURFACE_STYLE_FILL_AREA(#19647);
#19647 = FILL_AREA_STYLE('',(#19648));
#19648 = FILL_AREA_STYLE_COLOUR('',#19630);
#19649 = SURFACE_STYLE_RENDERING_WITH_PROPERTIES(.NORMAL_SHADING.,#19630
  ,(#19650));
#19650 = SURFACE_STYLE_TRANSPARENT(0.100000023842);
#19651 = STYLED_ITEM('color',(#19652),#11138);
#19652 = PRESENTATION_STYLE_ASSIGNMENT((#19653));
#19653 = SURFACE_STYLE_USAGE(.BOTH.,#19654);
#19654 = SURFACE_SIDE_STYLE('',(#19655,#19658));
#19655 = SURFACE_STYLE_FILL_AREA(#19656);
#19656 = FILL_AREA_STYLE('',(#19657));
#19657 = FILL_AREA_STYLE_COLOUR('',#19630);
#19658 = SURFACE_STYLE_RENDERING_WITH_PROPERTIES(.NORMAL_SHADING.,#19630
  ,(#19659));
#19659 = SURFACE_STYLE_TRANSPARENT(0.100000023842);
#19660 = STYLED_ITEM('color',(#19661),#11322);
#19661 = PRESENTATION_STYLE_ASSIGNMENT((#19662));
#19662 = SURFACE_STYLE_USAGE(.BOTH.,#19663);
#19663 = SURFACE_SIDE_STYLE('',(#19664,#19667));
#19664 = SURFACE_STYLE_FILL_AREA(#19665);
#19665 = FILL_AREA_STYLE('',(#19666));
#19666 = FILL_AREA_STYLE_COLOUR('',#19630);
#19667 = SURFACE_STYLE_RENDERING_WITH_PROPERTIES(.NORMAL_SHADING.,#19630
  ,(#19668));
#19668 = SURFACE_STYLE_TRANSPARENT(0.100000023842);
#19669 = STYLED_ITEM('color',(#19670),#11464);
#19670 = PRESENTATION_STYLE_ASSIGNMENT((#19671));
#19671 = SURFACE_STYLE_USAGE(.BOTH.,#19672);
#19672 = SURFACE_SIDE_STYLE('',(#19673,#19676));
#19673 = SURFACE_STYLE_FILL_AREA(#19674);
#19674 = FILL_AREA_STYLE('',(#19675));
#19675 = FILL_AREA_STYLE_COLOUR('',#19630);
#19676 = SURFACE_STYLE_RENDERING_WITH_PROPERTIES(.NORMAL_SHADING.,#19630
  ,(#19677));
#19677 = SURFACE_STYLE_TRANSPARENT(0.100000023842);
#19678 = STYLED_ITEM('color',(#19679),#11635);
#19679 = PRESENTATION_STYLE_ASSIGNMENT((#19680));
#19680 = SURFACE_STYLE_USAGE(.BOTH.,#19681);
#19681 = SURFACE_SIDE_STYLE('',(#19682,#19685));
#19682 = SURFACE_STYLE_FILL_AREA(#19683);
#19683 = FILL_AREA_STYLE('',(#19684));
#19684 = FILL_AREA_STYLE_COLOUR('',#19630);
#19685 = SURFACE_STYLE_RENDERING_WITH_PROPERTIES(.NORMAL_SHADING.,#19630
  ,(#19686));
#19686 = SURFACE_STYLE_TRANSPARENT(0.100000023842);
#19687 = STYLED_ITEM('color',(#19688),#11778);
#19688 = PRESENTATION_STYLE_ASSIGNMENT((#19689));
#19689 = SURFACE_STYLE_USAGE(.BOTH.,#19690);
#19690 = SURFACE_SIDE_STYLE('',(#19691,#19694));
#19691 = SURFACE_STYLE_FILL_AREA(#19692);
#19692 = FILL_AREA_STYLE('',(#19693));
#19693 = FILL_AREA_STYLE_COLOUR('',#19630);
#19694 = SURFACE_STYLE_RENDERING_WITH_PROPERTIES(.NORMAL_SHADING.,#19630
  ,(#19695));
#19695 = SURFACE_STYLE_TRANSPARENT(0.100000023842);
#19696 = STYLED_ITEM('color',(#19697),#11949);
#19697 = PRESENTATION_STYLE_ASSIGNMENT((#19698));
#19698 = SURFACE_STYLE_USAGE(.BOTH.,#19699);
#19699 = SURFACE_SIDE_STYLE('',(#19700,#19703));
#19700 = SURFACE_STYLE_FILL_AREA(#19701);
#19701 = FILL_AREA_STYLE('',(#19702));
#19702 = FILL_AREA_STYLE_COLOUR('',#19630);
#19703 = SURFACE_STYLE_RENDERING_WITH_PROPERTIES(.NORMAL_SHADING.,#19630
  ,(#19704));
#19704 = SURFACE_STYLE_TRANSPARENT(0.100000023842);
#19705 = STYLED_ITEM('color',(#19706),#12018);
#19706 = PRESENTATION_STYLE_ASSIGNMENT((#19707));
#19707 = SURFACE_STYLE_USAGE(.BOTH.,#19708);
#19708 = SURFACE_SIDE_STYLE('',(#19709,#19712));
#19709 = SURFACE_STYLE_FILL_AREA(#19710);
#19710 = FILL_AREA_STYLE('',(#19711));
#19711 = FILL_AREA_STYLE_COLOUR('',#19630);
#19712 = SURFACE_STYLE_RENDERING_WITH_PROPERTIES(.NORMAL_SHADING.,#19630
  ,(#19713));
#19713 = SURFACE_STYLE_TRANSPARENT(0.100000023842);
#19714 = STYLED_ITEM('color',(#19715),#12070);
#19715 = PRESENTATION_STYLE_ASSIGNMENT((#19716));
#19716 = SURFACE_STYLE_USAGE(.BOTH.,#19717);
#19717 = SURFACE_SIDE_STYLE('',(#19718,#19721));
#19718 = SURFACE_STYLE_FILL_AREA(#19719);
#19719 = FILL_AREA_STYLE('',(#19720));
#19720 = FILL_AREA_STYLE_COLOUR('',#19630);
#19721 = SURFACE_STYLE_RENDERING_WITH_PROPERTIES(.NORMAL_SHADING.,#19630
  ,(#19722));
#19722 = SURFACE_STYLE_TRANSPARENT(0.100000023842);
#19723 = STYLED_ITEM('color',(#19724),#12122);
#19724 = PRESENTATION_STYLE_ASSIGNMENT((#19725));
#19725 = SURFACE_STYLE_USAGE(.BOTH.,#19726);
#19726 = SURFACE_SIDE_STYLE('',(#19727,#19730));
#19727 = SURFACE_STYLE_FILL_AREA(#19728);
#19728 = FILL_AREA_STYLE('',(#19729));
#19729 = FILL_AREA_STYLE_COLOUR('',#19630);
#19730 = SURFACE_STYLE_RENDERING_WITH_PROPERTIES(.NORMAL_SHADING.,#19630
  ,(#19731));
#19731 = SURFACE_STYLE_TRANSPARENT(0.100000023842);
#19732 = STYLED_ITEM('color',(#19733),#12174);
#19733 = PRESENTATION_STYLE_ASSIGNMENT((#19734));
#19734 = SURFACE_STYLE_USAGE(.BOTH.,#19735);
#19735 = SURFACE_SIDE_STYLE('',(#19736,#19739));
#19736 = SURFACE_STYLE_FILL_AREA(#19737);
#19737 = FILL_AREA_STYLE('',(#19738));
#19738 = FILL_AREA_STYLE_COLOUR('',#19630);
#19739 = SURFACE_STYLE_RENDERING_WITH_PROPERTIES(.NORMAL_SHADING.,#19630
  ,(#19740));
#19740 = SURFACE_STYLE_TRANSPARENT(0.100000023842);
#19741 = STYLED_ITEM('color',(#19742),#12226);
#19742 = PRESENTATION_STYLE_ASSIGNMENT((#19743));
#19743 = SURFACE_STYLE_USAGE(.BOTH.,#19744);
#19744 = SURFACE_SIDE_STYLE('',(#19745,#19748));
#19745 = SURFACE_STYLE_FILL_AREA(#19746);
#19746 = FILL_AREA_STYLE('',(#19747));
#19747 = FILL_AREA_STYLE_COLOUR('',#19630);
#19748 = SURFACE_STYLE_RENDERING_WITH_PROPERTIES(.NORMAL_SHADING.,#19630
  ,(#19749));
#19749 = SURFACE_STYLE_TRANSPARENT(0.100000023842);
#19750 = STYLED_ITEM('color',(#19751),#12278);
#19751 = PRESENTATION_STYLE_ASSIGNMENT((#19752));
#19752 = SURFACE_STYLE_USAGE(.BOTH.,#19753);
#19753 = SURFACE_SIDE_STYLE('',(#19754,#19757));
#19754 = SURFACE_STYLE_FILL_AREA(#19755);
#19755 = FILL_AREA_STYLE('',(#19756));
#19756 = FILL_AREA_STYLE_COLOUR('',#19630);
#19757 = SURFACE_STYLE_RENDERING_WITH_PROPERTIES(.NORMAL_SHADING.,#19630
  ,(#19758));
#19758 = SURFACE_STYLE_TRANSPARENT(0.100000023842);
#19759 = STYLED_ITEM('color',(#19760),#12330);
#19760 = PRESENTATION_STYLE_ASSIGNMENT((#19761));
#19761 = SURFACE_STYLE_USAGE(.BOTH.,#19762);
#19762 = SURFACE_SIDE_STYLE('',(#19763,#19766));
#19763 = SURFACE_STYLE_FILL_AREA(#19764);
#19764 = FILL_AREA_STYLE('',(#19765));
#19765 = FILL_AREA_STYLE_COLOUR('',#19630);
#19766 = SURFACE_STYLE_RENDERING_WITH_PROPERTIES(.NORMAL_SHADING.,#19630
  ,(#19767));
#19767 = SURFACE_STYLE_TRANSPARENT(0.100000023842);
#19768 = STYLED_ITEM('color',(#19769),#12472);
#19769 = PRESENTATION_STYLE_ASSIGNMENT((#19770));
#19770 = SURFACE_STYLE_USAGE(.BOTH.,#19771);
#19771 = SURFACE_SIDE_STYLE('',(#19772,#19775));
#19772 = SURFACE_STYLE_FILL_AREA(#19773);
#19773 = FILL_AREA_STYLE('',(#19774));
#19774 = FILL_AREA_STYLE_COLOUR('',#19630);
#19775 = SURFACE_STYLE_RENDERING_WITH_PROPERTIES(.NORMAL_SHADING.,#19630
  ,(#19776));
#19776 = SURFACE_STYLE_TRANSPARENT(0.100000023842);
#19777 = STYLED_ITEM('color',(#19778),#12643);
#19778 = PRESENTATION_STYLE_ASSIGNMENT((#19779));
#19779 = SURFACE_STYLE_USAGE(.BOTH.,#19780);
#19780 = SURFACE_SIDE_STYLE('',(#19781,#19784));
#19781 = SURFACE_STYLE_FILL_AREA(#19782);
#19782 = FILL_AREA_STYLE('',(#19783));
#19783 = FILL_AREA_STYLE_COLOUR('',#19630);
#19784 = SURFACE_STYLE_RENDERING_WITH_PROPERTIES(.NORMAL_SHADING.,#19630
  ,(#19785));
#19785 = SURFACE_STYLE_TRANSPARENT(0.100000023842);
#19786 = STYLED_ITEM('color',(#19787),#12711);
#19787 = PRESENTATION_STYLE_ASSIGNMENT((#19788));
#19788 = SURFACE_STYLE_USAGE(.BOTH.,#19789);
#19789 = SURFACE_SIDE_STYLE('',(#19790,#19793));
#19790 = SURFACE_STYLE_FILL_AREA(#19791);
#19791 = FILL_AREA_STYLE('',(#19792));
#19792 = FILL_AREA_STYLE_COLOUR('',#19630);
#19793 = SURFACE_STYLE_RENDERING_WITH_PROPERTIES(.NORMAL_SHADING.,#19630
  ,(#19794));
#19794 = SURFACE_STYLE_TRANSPARENT(0.100000023842);
#19795 = STYLED_ITEM('color',(#19796),#12763);
#19796 = PRESENTATION_STYLE_ASSIGNMENT((#19797));
#19797 = SURFACE_STYLE_USAGE(.BOTH.,#19798);
#19798 = SURFACE_SIDE_STYLE('',(#19799,#19802));
#19799 = SURFACE_STYLE_FILL_AREA(#19800);
#19800 = FILL_AREA_STYLE('',(#19801));
#19801 = FILL_AREA_STYLE_COLOUR('',#19630);
#19802 = SURFACE_STYLE_RENDERING_WITH_PROPERTIES(.NORMAL_SHADING.,#19630
  ,(#19803));
#19803 = SURFACE_STYLE_TRANSPARENT(0.100000023842);
#19804 = STYLED_ITEM('color',(#19805),#12815);
#19805 = PRESENTATION_STYLE_ASSIGNMENT((#19806));
#19806 = SURFACE_STYLE_USAGE(.BOTH.,#19807);
#19807 = SURFACE_SIDE_STYLE('',(#19808,#19811));
#19808 = SURFACE_STYLE_FILL_AREA(#19809);
#19809 = FILL_AREA_STYLE('',(#19810));
#19810 = FILL_AREA_STYLE_COLOUR('',#19630);
#19811 = SURFACE_STYLE_RENDERING_WITH_PROPERTIES(.NORMAL_SHADING.,#19630
  ,(#19812));
#19812 = SURFACE_STYLE_TRANSPARENT(0.100000023842);
#19813 = STYLED_ITEM('color',(#19814),#12999);
#19814 = PRESENTATION_STYLE_ASSIGNMENT((#19815));
#19815 = SURFACE_STYLE_USAGE(.BOTH.,#19816);
#19816 = SURFACE_SIDE_STYLE('',(#19817,#19820));
#19817 = SURFACE_STYLE_FILL_AREA(#19818);
#19818 = FILL_AREA_STYLE('',(#19819));
#19819 = FILL_AREA_STYLE_COLOUR('',#19630);
#19820 = SURFACE_STYLE_RENDERING_WITH_PROPERTIES(.NORMAL_SHADING.,#19630
  ,(#19821));
#19821 = SURFACE_STYLE_TRANSPARENT(0.100000023842);
#19822 = STYLED_ITEM('color',(#19823),#13182);
#19823 = PRESENTATION_STYLE_ASSIGNMENT((#19824));
#19824 = SURFACE_STYLE_USAGE(.BOTH.,#19825);
#19825 = SURFACE_SIDE_STYLE('',(#19826,#19829));
#19826 = SURFACE_STYLE_FILL_AREA(#19827);
#19827 = FILL_AREA_STYLE('',(#19828));
#19828 = FILL_AREA_STYLE_COLOUR('',#19630);
#19829 = SURFACE_STYLE_RENDERING_WITH_PROPERTIES(.NORMAL_SHADING.,#19630
  ,(#19830));
#19830 = SURFACE_STYLE_TRANSPARENT(0.100000023842);
#19831 = STYLED_ITEM('color',(#19832),#13349);
#19832 = PRESENTATION_STYLE_ASSIGNMENT((#19833));
#19833 = SURFACE_STYLE_USAGE(.BOTH.,#19834);
#19834 = SURFACE_SIDE_STYLE('',(#19835,#19838));
#19835 = SURFACE_STYLE_FILL_AREA(#19836);
#19836 = FILL_AREA_STYLE('',(#19837));
#19837 = FILL_AREA_STYLE_COLOUR('',#19630);
#19838 = SURFACE_STYLE_RENDERING_WITH_PROPERTIES(.NORMAL_SHADING.,#19630
  ,(#19839));
#19839 = SURFACE_STYLE_TRANSPARENT(0.100000023842);
#19840 = STYLED_ITEM('color',(#19841),#13520);
#19841 = PRESENTATION_STYLE_ASSIGNMENT((#19842));
#19842 = SURFACE_STYLE_USAGE(.BOTH.,#19843);
#19843 = SURFACE_SIDE_STYLE('',(#19844,#19847));
#19844 = SURFACE_STYLE_FILL_AREA(#19845);
#19845 = FILL_AREA_STYLE('',(#19846));
#19846 = FILL_AREA_STYLE_COLOUR('',#19630);
#19847 = SURFACE_STYLE_RENDERING_WITH_PROPERTIES(.NORMAL_SHADING.,#19630
  ,(#19848));
#19848 = SURFACE_STYLE_TRANSPARENT(0.100000023842);
#19849 = STYLED_ITEM('color',(#19850),#13691);
#19850 = PRESENTATION_STYLE_ASSIGNMENT((#19851));
#19851 = SURFACE_STYLE_USAGE(.BOTH.,#19852);
#19852 = SURFACE_SIDE_STYLE('',(#19853,#19856));
#19853 = SURFACE_STYLE_FILL_AREA(#19854);
#19854 = FILL_AREA_STYLE('',(#19855));
#19855 = FILL_AREA_STYLE_COLOUR('',#19630);
#19856 = SURFACE_STYLE_RENDERING_WITH_PROPERTIES(.NORMAL_SHADING.,#19630
  ,(#19857));
#19857 = SURFACE_STYLE_TRANSPARENT(0.100000023842);
#19858 = STYLED_ITEM('color',(#19859),#13862);
#19859 = PRESENTATION_STYLE_ASSIGNMENT((#19860));
#19860 = SURFACE_STYLE_USAGE(.BOTH.,#19861);
#19861 = SURFACE_SIDE_STYLE('',(#19862,#19865));
#19862 = SURFACE_STYLE_FILL_AREA(#19863);
#19863 = FILL_AREA_STYLE('',(#19864));
#19864 = FILL_AREA_STYLE_COLOUR('',#19630);
#19865 = SURFACE_STYLE_RENDERING_WITH_PROPERTIES(.NORMAL_SHADING.,#19630
  ,(#19866));
#19866 = SURFACE_STYLE_TRANSPARENT(0.100000023842);
#19867 = STYLED_ITEM('color',(#19868),#14065);
#19868 = PRESENTATION_STYLE_ASSIGNMENT((#19869));
#19869 = SURFACE_STYLE_USAGE(.BOTH.,#19870);
#19870 = SURFACE_SIDE_STYLE('',(#19871,#19874));
#19871 = SURFACE_STYLE_FILL_AREA(#19872);
#19872 = FILL_AREA_STYLE('',(#19873));
#19873 = FILL_AREA_STYLE_COLOUR('',#19630);
#19874 = SURFACE_STYLE_RENDERING_WITH_PROPERTIES(.NORMAL_SHADING.,#19630
  ,(#19875));
#19875 = SURFACE_STYLE_TRANSPARENT(0.100000023842);
#19876 = STYLED_ITEM('color',(#19877),#14378);
#19877 = PRESENTATION_STYLE_ASSIGNMENT((#19878));
#19878 = SURFACE_STYLE_USAGE(.BOTH.,#19879);
#19879 = SURFACE_SIDE_STYLE('',(#19880,#19883));
#19880 = SURFACE_STYLE_FILL_AREA(#19881);
#19881 = FILL_AREA_STYLE('',(#19882));
#19882 = FILL_AREA_STYLE_COLOUR('',#19630);
#19883 = SURFACE_STYLE_RENDERING_WITH_PROPERTIES(.NORMAL_SHADING.,#19630
  ,(#19884));
#19884 = SURFACE_STYLE_TRANSPARENT(0.100000023842);
#19885 = STYLED_ITEM('color',(#19886),#14430);
#19886 = PRESENTATION_STYLE_ASSIGNMENT((#19887));
#19887 = SURFACE_STYLE_USAGE(.BOTH.,#19888);
#19888 = SURFACE_SIDE_STYLE('',(#19889,#19892));
#19889 = SURFACE_STYLE_FILL_AREA(#19890);
#19890 = FILL_AREA_STYLE('',(#19891));
#19891 = FILL_AREA_STYLE_COLOUR('',#19630);
#19892 = SURFACE_STYLE_RENDERING_WITH_PROPERTIES(.NORMAL_SHADING.,#19630
  ,(#19893));
#19893 = SURFACE_STYLE_TRANSPARENT(0.100000023842);
#19894 = STYLED_ITEM('color',(#19895),#14482);
#19895 = PRESENTATION_STYLE_ASSIGNMENT((#19896));
#19896 = SURFACE_STYLE_USAGE(.BOTH.,#19897);
#19897 = SURFACE_SIDE_STYLE('',(#19898,#19901));
#19898 = SURFACE_STYLE_FILL_AREA(#19899);
#19899 = FILL_AREA_STYLE('',(#19900));
#19900 = FILL_AREA_STYLE_COLOUR('',#19630);
#19901 = SURFACE_STYLE_RENDERING_WITH_PROPERTIES(.NORMAL_SHADING.,#19630
  ,(#19902));
#19902 = SURFACE_STYLE_TRANSPARENT(0.100000023842);
#19903 = STYLED_ITEM('color',(#19904),#14534);
#19904 = PRESENTATION_STYLE_ASSIGNMENT((#19905));
#19905 = SURFACE_STYLE_USAGE(.BOTH.,#19906);
#19906 = SURFACE_SIDE_STYLE('',(#19907,#19910));
#19907 = SURFACE_STYLE_FILL_AREA(#19908);
#19908 = FILL_AREA_STYLE('',(#19909));
#19909 = FILL_AREA_STYLE_COLOUR('',#19630);
#19910 = SURFACE_STYLE_RENDERING_WITH_PROPERTIES(.NORMAL_SHADING.,#19630
  ,(#19911));
#19911 = SURFACE_STYLE_TRANSPARENT(0.100000023842);
#19912 = STYLED_ITEM('color',(#19913),#14586);
#19913 = PRESENTATION_STYLE_ASSIGNMENT((#19914));
#19914 = SURFACE_STYLE_USAGE(.BOTH.,#19915);
#19915 = SURFACE_SIDE_STYLE('',(#19916,#19919));
#19916 = SURFACE_STYLE_FILL_AREA(#19917);
#19917 = FILL_AREA_STYLE('',(#19918));
#19918 = FILL_AREA_STYLE_COLOUR('',#19630);
#19919 = SURFACE_STYLE_RENDERING_WITH_PROPERTIES(.NORMAL_SHADING.,#19630
  ,(#19920));
#19920 = SURFACE_STYLE_TRANSPARENT(0.100000023842);
#19921 = STYLED_ITEM('color',(#19922),#14638);
#19922 = PRESENTATION_STYLE_ASSIGNMENT((#19923));
#19923 = SURFACE_STYLE_USAGE(.BOTH.,#19924);
#19924 = SURFACE_SIDE_STYLE('',(#19925,#19928));
#19925 = SURFACE_STYLE_FILL_AREA(#19926);
#19926 = FILL_AREA_STYLE('',(#19927));
#19927 = FILL_AREA_STYLE_COLOUR('',#19630);
#19928 = SURFACE_STYLE_RENDERING_WITH_PROPERTIES(.NORMAL_SHADING.,#19630
  ,(#19929));
#19929 = SURFACE_STYLE_TRANSPARENT(0.100000023842);
#19930 = STYLED_ITEM('color',(#19931),#14690);
#19931 = PRESENTATION_STYLE_ASSIGNMENT((#19932));
#19932 = SURFACE_STYLE_USAGE(.BOTH.,#19933);
#19933 = SURFACE_SIDE_STYLE('',(#19934,#19937));
#19934 = SURFACE_STYLE_FILL_AREA(#19935);
#19935 = FILL_AREA_STYLE('',(#19936));
#19936 = FILL_AREA_STYLE_COLOUR('',#19630);
#19937 = SURFACE_STYLE_RENDERING_WITH_PROPERTIES(.NORMAL_SHADING.,#19630
  ,(#19938));
#19938 = SURFACE_STYLE_TRANSPARENT(0.100000023842);
#19939 = STYLED_ITEM('color',(#19940),#14758);
#19940 = PRESENTATION_STYLE_ASSIGNMENT((#19941));
#19941 = SURFACE_STYLE_USAGE(.BOTH.,#19942);
#19942 = SURFACE_SIDE_STYLE('',(#19943,#19946));
#19943 = SURFACE_STYLE_FILL_AREA(#19944);
#19944 = FILL_AREA_STYLE('',(#19945));
#19945 = FILL_AREA_STYLE_COLOUR('',#19630);
#19946 = SURFACE_STYLE_RENDERING_WITH_PROPERTIES(.NORMAL_SHADING.,#19630
  ,(#19947));
#19947 = SURFACE_STYLE_TRANSPARENT(0.100000023842);
#19948 = STYLED_ITEM('color',(#19949),#14810);
#19949 = PRESENTATION_STYLE_ASSIGNMENT((#19950));
#19950 = SURFACE_STYLE_USAGE(.BOTH.,#19951);
#19951 = SURFACE_SIDE_STYLE('',(#19952,#19955));
#19952 = SURFACE_STYLE_FILL_AREA(#19953);
#19953 = FILL_AREA_STYLE('',(#19954));
#19954 = FILL_AREA_STYLE_COLOUR('',#19630);
#19955 = SURFACE_STYLE_RENDERING_WITH_PROPERTIES(.NORMAL_SHADING.,#19630
  ,(#19956));
#19956 = SURFACE_STYLE_TRANSPARENT(0.100000023842);
#19957 = STYLED_ITEM('color',(#19958),#14862);
#19958 = PRESENTATION_STYLE_ASSIGNMENT((#19959));
#19959 = SURFACE_STYLE_USAGE(.BOTH.,#19960);
#19960 = SURFACE_SIDE_STYLE('',(#19961,#19964));
#19961 = SURFACE_STYLE_FILL_AREA(#19962);
#19962 = FILL_AREA_STYLE('',(#19963));
#19963 = FILL_AREA_STYLE_COLOUR('',#19630);
#19964 = SURFACE_STYLE_RENDERING_WITH_PROPERTIES(.NORMAL_SHADING.,#19630
  ,(#19965));
#19965 = SURFACE_STYLE_TRANSPARENT(0.100000023842);
#19966 = STYLED_ITEM('color',(#19967),#15046);
#19967 = PRESENTATION_STYLE_ASSIGNMENT((#19968));
#19968 = SURFACE_STYLE_USAGE(.BOTH.,#19969);
#19969 = SURFACE_SIDE_STYLE('',(#19970,#19973));
#19970 = SURFACE_STYLE_FILL_AREA(#19971);
#19971 = FILL_AREA_STYLE('',(#19972));
#19972 = FILL_AREA_STYLE_COLOUR('',#19630);
#19973 = SURFACE_STYLE_RENDERING_WITH_PROPERTIES(.NORMAL_SHADING.,#19630
  ,(#19974));
#19974 = SURFACE_STYLE_TRANSPARENT(0.100000023842);
#19975 = STYLED_ITEM('color',(#19976),#15248);
#19976 = PRESENTATION_STYLE_ASSIGNMENT((#19977));
#19977 = SURFACE_STYLE_USAGE(.BOTH.,#19978);
#19978 = SURFACE_SIDE_STYLE('',(#19979,#19982));
#19979 = SURFACE_STYLE_FILL_AREA(#19980);
#19980 = FILL_AREA_STYLE('',(#19981));
#19981 = FILL_AREA_STYLE_COLOUR('',#19630);
#19982 = SURFACE_STYLE_RENDERING_WITH_PROPERTIES(.NORMAL_SHADING.,#19630
  ,(#19983));
#19983 = SURFACE_STYLE_TRANSPARENT(0.100000023842);
#19984 = STYLED_ITEM('color',(#19985),#15292);
#19985 = PRESENTATION_STYLE_ASSIGNMENT((#19986));
#19986 = SURFACE_STYLE_USAGE(.BOTH.,#19987);
#19987 = SURFACE_SIDE_STYLE('',(#19988,#19991));
#19988 = SURFACE_STYLE_FILL_AREA(#19989);
#19989 = FILL_AREA_STYLE('',(#19990));
#19990 = FILL_AREA_STYLE_COLOUR('',#19630);
#19991 = SURFACE_STYLE_RENDERING_WITH_PROPERTIES(.NORMAL_SHADING.,#19630
  ,(#19992));
#19992 = SURFACE_STYLE_TRANSPARENT(0.100000023842);
#19993 = STYLED_ITEM('color',(#19994),#15336);
#19994 = PRESENTATION_STYLE_ASSIGNMENT((#19995));
#19995 = SURFACE_STYLE_USAGE(.BOTH.,#19996);
#19996 = SURFACE_SIDE_STYLE('',(#19997,#20000));
#19997 = SURFACE_STYLE_FILL_AREA(#19998);
#19998 = FILL_AREA_STYLE('',(#19999));
#19999 = FILL_AREA_STYLE_COLOUR('',#19630);
#20000 = SURFACE_STYLE_RENDERING_WITH_PROPERTIES(.NORMAL_SHADING.,#19630
  ,(#20001));
#20001 = SURFACE_STYLE_TRANSPARENT(0.100000023842);
#20002 = STYLED_ITEM('color',(#20003),#15507);
#20003 = PRESENTATION_STYLE_ASSIGNMENT((#20004));
#20004 = SURFACE_STYLE_USAGE(.BOTH.,#20005);
#20005 = SURFACE_SIDE_STYLE('',(#20006,#20009));
#20006 = SURFACE_STYLE_FILL_AREA(#20007);
#20007 = FILL_AREA_STYLE('',(#20008));
#20008 = FILL_AREA_STYLE_COLOUR('',#19630);
#20009 = SURFACE_STYLE_RENDERING_WITH_PROPERTIES(.NORMAL_SHADING.,#19630
  ,(#20010));
#20010 = SURFACE_STYLE_TRANSPARENT(0.100000023842);
#20011 = STYLED_ITEM('color',(#20012),#15701);
#20012 = PRESENTATION_STYLE_ASSIGNMENT((#20013));
#20013 = SURFACE_STYLE_USAGE(.BOTH.,#20014);
#20014 = SURFACE_SIDE_STYLE('',(#20015,#20018));
#20015 = SURFACE_STYLE_FILL_AREA(#20016);
#20016 = FILL_AREA_STYLE('',(#20017));
#20017 = FILL_AREA_STYLE_COLOUR('',#19630);
#20018 = SURFACE_STYLE_RENDERING_WITH_PROPERTIES(.NORMAL_SHADING.,#19630
  ,(#20019));
#20019 = SURFACE_STYLE_TRANSPARENT(0.100000023842);
#20020 = STYLED_ITEM('color',(#20021),#15745);
#20021 = PRESENTATION_STYLE_ASSIGNMENT((#20022));
#20022 = SURFACE_STYLE_USAGE(.BOTH.,#20023);
#20023 = SURFACE_SIDE_STYLE('',(#20024,#20027));
#20024 = SURFACE_STYLE_FILL_AREA(#20025);
#20025 = FILL_AREA_STYLE('',(#20026));
#20026 = FILL_AREA_STYLE_COLOUR('',#19630);
#20027 = SURFACE_STYLE_RENDERING_WITH_PROPERTIES(.NORMAL_SHADING.,#19630
  ,(#20028));
#20028 = SURFACE_STYLE_TRANSPARENT(0.100000023842);
#20029 = STYLED_ITEM('color',(#20030),#15823);
#20030 = PRESENTATION_STYLE_ASSIGNMENT((#20031));
#20031 = SURFACE_STYLE_USAGE(.BOTH.,#20032);
#20032 = SURFACE_SIDE_STYLE('',(#20033,#20036));
#20033 = SURFACE_STYLE_FILL_AREA(#20034);
#20034 = FILL_AREA_STYLE('',(#20035));
#20035 = FILL_AREA_STYLE_COLOUR('',#19630);
#20036 = SURFACE_STYLE_RENDERING_WITH_PROPERTIES(.NORMAL_SHADING.,#19630
  ,(#20037));
#20037 = SURFACE_STYLE_TRANSPARENT(0.100000023842);
#20038 = STYLED_ITEM('color',(#20039),#15965);
#20039 = PRESENTATION_STYLE_ASSIGNMENT((#20040));
#20040 = SURFACE_STYLE_USAGE(.BOTH.,#20041);
#20041 = SURFACE_SIDE_STYLE('',(#20042,#20045));
#20042 = SURFACE_STYLE_FILL_AREA(#20043);
#20043 = FILL_AREA_STYLE('',(#20044));
#20044 = FILL_AREA_STYLE_COLOUR('',#19630);
#20045 = SURFACE_STYLE_RENDERING_WITH_PROPERTIES(.NORMAL_SHADING.,#19630
  ,(#20046));
#20046 = SURFACE_STYLE_TRANSPARENT(0.100000023842);
#20047 = STYLED_ITEM('color',(#20048),#16034);
#20048 = PRESENTATION_STYLE_ASSIGNMENT((#20049));
#20049 = SURFACE_STYLE_USAGE(.BOTH.,#20050);
#20050 = SURFACE_SIDE_STYLE('',(#20051,#20054));
#20051 = SURFACE_STYLE_FILL_AREA(#20052);
#20052 = FILL_AREA_STYLE('',(#20053));
#20053 = FILL_AREA_STYLE_COLOUR('',#19630);
#20054 = SURFACE_STYLE_RENDERING_WITH_PROPERTIES(.NORMAL_SHADING.,#19630
  ,(#20055));
#20055 = SURFACE_STYLE_TRANSPARENT(0.100000023842);
#20056 = STYLED_ITEM('color',(#20057),#16205);
#20057 = PRESENTATION_STYLE_ASSIGNMENT((#20058));
#20058 = SURFACE_STYLE_USAGE(.BOTH.,#20059);
#20059 = SURFACE_SIDE_STYLE('',(#20060,#20063));
#20060 = SURFACE_STYLE_FILL_AREA(#20061);
#20061 = FILL_AREA_STYLE('',(#20062));
#20062 = FILL_AREA_STYLE_COLOUR('',#19630);
#20063 = SURFACE_STYLE_RENDERING_WITH_PROPERTIES(.NORMAL_SHADING.,#19630
  ,(#20064));
#20064 = SURFACE_STYLE_TRANSPARENT(0.100000023842);
#20065 = STYLED_ITEM('color',(#20066),#16426);
#20066 = PRESENTATION_STYLE_ASSIGNMENT((#20067));
#20067 = SURFACE_STYLE_USAGE(.BOTH.,#20068);
#20068 = SURFACE_SIDE_STYLE('',(#20069,#20072));
#20069 = SURFACE_STYLE_FILL_AREA(#20070);
#20070 = FILL_AREA_STYLE('',(#20071));
#20071 = FILL_AREA_STYLE_COLOUR('',#19630);
#20072 = SURFACE_STYLE_RENDERING_WITH_PROPERTIES(.NORMAL_SHADING.,#19630
  ,(#20073));
#20073 = SURFACE_STYLE_TRANSPARENT(0.100000023842);
#20074 = STYLED_ITEM('color',(#20075),#16470);
#20075 = PRESENTATION_STYLE_ASSIGNMENT((#20076));
#20076 = SURFACE_STYLE_USAGE(.BOTH.,#20077);
#20077 = SURFACE_SIDE_STYLE('',(#20078,#20081));
#20078 = SURFACE_STYLE_FILL_AREA(#20079);
#20079 = FILL_AREA_STYLE('',(#20080));
#20080 = FILL_AREA_STYLE_COLOUR('',#19630);
#20081 = SURFACE_STYLE_RENDERING_WITH_PROPERTIES(.NORMAL_SHADING.,#19630
  ,(#20082));
#20082 = SURFACE_STYLE_TRANSPARENT(0.100000023842);
#20083 = STYLED_ITEM('color',(#20084),#16514);
#20084 = PRESENTATION_STYLE_ASSIGNMENT((#20085));
#20085 = SURFACE_STYLE_USAGE(.BOTH.,#20086);
#20086 = SURFACE_SIDE_STYLE('',(#20087,#20090));
#20087 = SURFACE_STYLE_FILL_AREA(#20088);
#20088 = FILL_AREA_STYLE('',(#20089));
#20089 = FILL_AREA_STYLE_COLOUR('',#19630);
#20090 = SURFACE_STYLE_RENDERING_WITH_PROPERTIES(.NORMAL_SHADING.,#19630
  ,(#20091));
#20091 = SURFACE_STYLE_TRANSPARENT(0.100000023842);
#20092 = STYLED_ITEM('color',(#20093),#16558);
#20093 = PRESENTATION_STYLE_ASSIGNMENT((#20094));
#20094 = SURFACE_STYLE_USAGE(.BOTH.,#20095);
#20095 = SURFACE_SIDE_STYLE('',(#20096,#20099));
#20096 = SURFACE_STYLE_FILL_AREA(#20097);
#20097 = FILL_AREA_STYLE('',(#20098));
#20098 = FILL_AREA_STYLE_COLOUR('',#19630);
#20099 = SURFACE_STYLE_RENDERING_WITH_PROPERTIES(.NORMAL_SHADING.,#19630
  ,(#20100));
#20100 = SURFACE_STYLE_TRANSPARENT(0.100000023842);
#20101 = STYLED_ITEM('color',(#20102),#16602);
#20102 = PRESENTATION_STYLE_ASSIGNMENT((#20103));
#20103 = SURFACE_STYLE_USAGE(.BOTH.,#20104);
#20104 = SURFACE_SIDE_STYLE('',(#20105,#20108));
#20105 = SURFACE_STYLE_FILL_AREA(#20106);
#20106 = FILL_AREA_STYLE('',(#20107));
#20107 = FILL_AREA_STYLE_COLOUR('',#19630);
#20108 = SURFACE_STYLE_RENDERING_WITH_PROPERTIES(.NORMAL_SHADING.,#19630
  ,(#20109));
#20109 = SURFACE_STYLE_TRANSPARENT(0.100000023842);
#20110 = STYLED_ITEM('color',(#20111),#16773);
#20111 = PRESENTATION_STYLE_ASSIGNMENT((#20112));
#20112 = SURFACE_STYLE_USAGE(.BOTH.,#20113);
#20113 = SURFACE_SIDE_STYLE('',(#20114,#20117));
#20114 = SURFACE_STYLE_FILL_AREA(#20115);
#20115 = FILL_AREA_STYLE('',(#20116));
#20116 = FILL_AREA_STYLE_COLOUR('',#19630);
#20117 = SURFACE_STYLE_RENDERING_WITH_PROPERTIES(.NORMAL_SHADING.,#19630
  ,(#20118));
#20118 = SURFACE_STYLE_TRANSPARENT(0.100000023842);
#20119 = STYLED_ITEM('color',(#20120),#17009);
#20120 = PRESENTATION_STYLE_ASSIGNMENT((#20121));
#20121 = SURFACE_STYLE_USAGE(.BOTH.,#20122);
#20122 = SURFACE_SIDE_STYLE('',(#20123,#20126));
#20123 = SURFACE_STYLE_FILL_AREA(#20124);
#20124 = FILL_AREA_STYLE('',(#20125));
#20125 = FILL_AREA_STYLE_COLOUR('',#19630);
#20126 = SURFACE_STYLE_RENDERING_WITH_PROPERTIES(.NORMAL_SHADING.,#19630
  ,(#20127));
#20127 = SURFACE_STYLE_TRANSPARENT(0.100000023842);
ENDSEC;
END-ISO-10303-21;
