ISO-10303-21;
HEADER;
FILE_DESCRIPTION (( 'STEP AP214' ),
    '1' );
FILE_NAME ('SLSSFRAME2.STEP',
    '2025-11-15T18:19:02',
    ( '' ),
    ( '' ),
    'SwSTEP 2.0',
    'SolidWorks 2025',
    '' );
FILE_SCHEMA (( 'AUTOMOTIVE_DESIGN' ));
ENDSEC;

DATA;
#1 = AXIS2_PLACEMENT_3D ( 'NONE', #4035, #1267, #4368 ) ;
#2 = EDGE_LOOP ( 'NONE', ( #1715, #2373, #3983, #3098 ) ) ;
#3 = DIRECTION ( 'NONE',  ( 0.000000000000000000, 1.000000000000000000, 0.000000000000000000 ) ) ;
#4 = ORIENTED_EDGE ( 'NONE', *, *, #4473, .T. ) ;
#5 = LINE ( 'NONE', #1885, #2966 ) ;
#6 = DIRECTION ( 'NONE',  ( 0.000000000000000000, 0.000000000000000000, -1.000000000000000000 ) ) ;
#7 = AXIS2_PLACEMENT_3D ( 'NONE', #1874, #2657, #3802 ) ;
#8 = CARTESIAN_POINT ( 'NONE',  ( 0.000000000000000000, 0.5108816224763503833, -28.77588399976299982 ) ) ;
#9 = FACE_BOUND ( 'NONE', #3959, .T. ) ;
#10 = CARTESIAN_POINT ( 'NONE',  ( -2.499999999999993339, 2.999999999999999112, -54.00000000000000711 ) ) ;
#11 = ORIENTED_EDGE ( 'NONE', *, *, #591, .T. ) ;
#12 = CARTESIAN_POINT ( 'NONE',  ( 20.00000000000000000, 20.00000000000000355, 44.50000000000000000 ) ) ;
#13 = CIRCLE ( 'NONE', #2823, 71.54700538379245245 ) ;
#14 = CIRCLE ( 'NONE', #1855, 2.999999999999995559 ) ;
#15 = ORIENTED_EDGE ( 'NONE', *, *, #2908, .F. ) ;
#16 = FACE_OUTER_BOUND ( 'NONE', #4675, .T. ) ;
#17 = DIRECTION ( 'NONE',  ( 0.000000000000000000, 1.000000000000000000, 1.640715604224399445E-17 ) ) ;
#18 = CARTESIAN_POINT ( 'NONE',  ( 5.499999999999997335, 4.581572289430548995E-17, -28.17808847982943021 ) ) ;
#19 = EDGE_CURVE ( 'NONE', #1206, #1090, #1079, .T. ) ;
#20 = VECTOR ( 'NONE', #1054, 1000.000000000000000 ) ;
#21 = VERTEX_POINT ( 'NONE', #1085 ) ;
#22 = LINE ( 'NONE', #92, #676 ) ;
#23 = VECTOR ( 'NONE', #4725, 1000.000000000000000 ) ;
#24 = DIRECTION ( 'NONE',  ( 0.000000000000000000, -0.000000000000000000, 1.000000000000000000 ) ) ;
#25 = VERTEX_POINT ( 'NONE', #700 ) ;
#26 = PLANE ( 'NONE',  #1762 ) ;
#27 = CIRCLE ( 'NONE', #2838, 2.000000000000001776 ) ;
#28 = ORIENTED_EDGE ( 'NONE', *, *, #3975, .F. ) ;
#29 = EDGE_LOOP ( 'NONE', ( #1157, #864, #3511, #795, #1016 ) ) ;
#30 = ORIENTED_EDGE ( 'NONE', *, *, #2513, .T. ) ;
#31 = ADVANCED_FACE ( 'NONE', ( #2979 ), #3323, .T. ) ;
#32 = DIRECTION ( 'NONE',  ( 0.000000000000000000, 0.000000000000000000, 1.000000000000000000 ) ) ;
#33 = CARTESIAN_POINT ( 'NONE',  ( -35.29089653438084184, 14.40000000000000568, 48.49999999999999289 ) ) ;
#34 = FACE_OUTER_BOUND ( 'NONE', #1914, .T. ) ;
#35 = FACE_OUTER_BOUND ( 'NONE', #1022, .T. ) ;
#36 = DIRECTION ( 'NONE',  ( -0.000000000000000000, -1.000000000000000000, -0.000000000000000000 ) ) ;
#37 = ORIENTED_EDGE ( 'NONE', *, *, #1434, .T. ) ;
#38 = CARTESIAN_POINT ( 'NONE',  ( -2.499999999999993339, 16.00000000000000000, -52.35000000000000853 ) ) ;
#39 = ORIENTED_EDGE ( 'NONE', *, *, #3850, .F. ) ;
#40 = VECTOR ( 'NONE', #1497, 1000.000000000000000 ) ;
#41 = CARTESIAN_POINT ( 'NONE',  ( -12.00000000000000888, 20.00174510857143417, -55.00000000000000000 ) ) ;
#42 = EDGE_CURVE ( 'NONE', #4792, #253, #4199, .T. ) ;
#43 = CARTESIAN_POINT ( 'NONE',  ( 0.000000000000000000, 3.000000000000000000, 6.000000000000000000 ) ) ;
#44 = VECTOR ( 'NONE', #3464, 1000.000000000000114 ) ;
#45 = EDGE_LOOP ( 'NONE', ( #447, #1546, #4894, #839 ) ) ;
#46 = CARTESIAN_POINT ( 'NONE',  ( 32.25000000000001421, 2.999999999999999112, 38.89999999999999858 ) ) ;
#47 = FACE_OUTER_BOUND ( 'NONE', #2266, .T. ) ;
#48 = VERTEX_POINT ( 'NONE', #4037 ) ;
#49 = CARTESIAN_POINT ( 'NONE',  ( 32.25000000000001421, 20.00000000000000000, -11.25000000000000355 ) ) ;
#50 = VERTEX_POINT ( 'NONE', #4489 ) ;
#51 = ORIENTED_EDGE ( 'NONE', *, *, #3155, .F. ) ;
#52 = ORIENTED_EDGE ( 'NONE', *, *, #4948, .T. ) ;
#53 = DIRECTION ( 'NONE',  ( 0.000000000000000000, -0.1736481776669308863, -0.9848077530122079093 ) ) ;
#54 = CYLINDRICAL_SURFACE ( 'NONE', #2885, 13.00000000000000533 ) ;
#55 = DIRECTION ( 'NONE',  ( -0.000000000000000000, 1.000000000000000000, 1.640715604224399445E-17 ) ) ;
#56 = EDGE_CURVE ( 'NONE', #2107, #4733, #2524, .T. ) ;
#57 = ADVANCED_FACE ( 'NONE', ( #4110 ), #1203, .F. ) ;
#58 = FACE_OUTER_BOUND ( 'NONE', #2614, .T. ) ;
#59 = DIRECTION ( 'NONE',  ( -0.000000000000000000, 1.000000000000000000, 1.640715604224399445E-17 ) ) ;
#60 = VERTEX_POINT ( 'NONE', #757 ) ;
#61 = EDGE_CURVE ( 'NONE', #455, #3587, #1327, .T. ) ;
#62 = ADVANCED_FACE ( 'NONE', ( #35 ), #4165, .T. ) ;
#63 = ORIENTED_EDGE ( 'NONE', *, *, #2889, .T. ) ;
#64 = DIRECTION ( 'NONE',  ( 0.000000000000000000, 0.000000000000000000, 1.000000000000000000 ) ) ;
#65 = DIRECTION ( 'NONE',  ( 0.000000000000000000, 0.000000000000000000, 1.000000000000000000 ) ) ;
#66 = EDGE_LOOP ( 'NONE', ( #3612, #581, #493, #2246 ) ) ;
#67 = LINE ( 'NONE', #1599, #3965 ) ;
#68 = LINE ( 'NONE', #464, #3672 ) ;
#69 = ORIENTED_EDGE ( 'NONE', *, *, #4732, .F. ) ;
#70 = CARTESIAN_POINT ( 'NONE',  ( -4.087713240271465764, 3.000000000000000000, -39.25000000000000000 ) ) ;
#71 = CIRCLE ( 'NONE', #2317, 1.650000000000002132 ) ;
#72 = VERTEX_POINT ( 'NONE', #3130 ) ;
#73 = ORIENTED_EDGE ( 'NONE', *, *, #1807, .T. ) ;
#74 = ORIENTED_EDGE ( 'NONE', *, *, #541, .T. ) ;
#75 = FACE_OUTER_BOUND ( 'NONE', #2639, .T. ) ;
#76 = DIRECTION ( 'NONE',  ( 0.000000000000000000, 0.000000000000000000, -1.000000000000000000 ) ) ;
#77 = LINE ( 'NONE', #1985, #4310 ) ;
#78 = EDGE_CURVE ( 'NONE', #3823, #4752, #4191, .T. ) ;
#79 = AXIS2_PLACEMENT_3D ( 'NONE', #4494, #562, #4825 ) ;
#80 = CARTESIAN_POINT ( 'NONE',  ( 28.99999999999999645, 0.000000000000000000, -35.50000000000000711 ) ) ;
#81 = AXIS2_PLACEMENT_3D ( 'NONE', #1306, #1231, #2056 ) ;
#82 = DIRECTION ( 'NONE',  ( -1.927470528863119049E-16, -1.640715604224399445E-17, 1.000000000000000000 ) ) ;
#83 = EDGE_LOOP ( 'NONE', ( #2884, #4267, #1192, #3162 ) ) ;
#84 = ORIENTED_EDGE ( 'NONE', *, *, #2293, .F. ) ;
#85 = ADVANCED_FACE ( 'NONE', ( #58, #3521 ), #4263, .T. ) ;
#86 = CARTESIAN_POINT ( 'NONE',  ( -20.00000000000000000, -0.001745108571434006439, 44.50000000000000000 ) ) ;
#87 = DIRECTION ( 'NONE',  ( 1.000000000000000000, 0.000000000000000000, 0.000000000000000000 ) ) ;
#88 = CARTESIAN_POINT ( 'NONE',  ( 32.00000000000000000, -7.102951435054641748E-15, 6.000000000000000000 ) ) ;
#89 = ADVANCED_FACE ( 'NONE', ( #9, #1139 ), #452, .T. ) ;
#90 = AXIS2_PLACEMENT_3D ( 'NONE', #905, #1687, #928 ) ;
#91 = ORIENTED_EDGE ( 'NONE', *, *, #2551, .T. ) ;
#92 = CARTESIAN_POINT ( 'NONE',  ( -33.64544826719041026, 14.40000000000000568, 51.34999999999998010 ) ) ;
#93 = AXIS2_PLACEMENT_3D ( 'NONE', #856, #412, #4269 ) ;
#94 = CARTESIAN_POINT ( 'NONE',  ( 55.29089653438087026, 14.40000000000000568, -23.99999999999999289 ) ) ;
#95 = ORIENTED_EDGE ( 'NONE', *, *, #4144, .F. ) ;
#96 = FACE_BOUND ( 'NONE', #275, .T. ) ;
#97 = EDGE_CURVE ( 'NONE', #424, #3971, #3870, .T. ) ;
#98 = CIRCLE ( 'NONE', #2026, 1.649999999999998579 ) ;
#99 = ORIENTED_EDGE ( 'NONE', *, *, #19, .F. ) ;
#100 = ORIENTED_EDGE ( 'NONE', *, *, #4615, .F. ) ;
#101 = ORIENTED_EDGE ( 'NONE', *, *, #1058, .F. ) ;
#102 = AXIS2_PLACEMENT_3D ( 'NONE', #4372, #561, #2149 ) ;
#103 = CARTESIAN_POINT ( 'NONE',  ( -35.00000000000000000, 1.499999999999994005, -6.000000000000000000 ) ) ;
#104 = LINE ( 'NONE', #3639, #2584 ) ;
#105 = CARTESIAN_POINT ( 'NONE',  ( -24.99999999999999645, 1.499999999999992006, -6.000000000000000000 ) ) ;
#106 = ADVANCED_FACE ( 'NONE', ( #808 ), #4938, .F. ) ;
#107 = LINE ( 'NONE', #1640, #3571 ) ;
#108 = ORIENTED_EDGE ( 'NONE', *, *, #2696, .T. ) ;
#109 = ADVANCED_FACE ( 'NONE', ( #1164 ), #2703, .F. ) ;
#110 = DIRECTION ( 'NONE',  ( -0.5000000000000002220, 0.000000000000000000, -0.8660254037844384856 ) ) ;
#111 = ORIENTED_EDGE ( 'NONE', *, *, #1991, .F. ) ;
#112 = ORIENTED_EDGE ( 'NONE', *, *, #2015, .T. ) ;
#113 = CARTESIAN_POINT ( 'NONE',  ( -54.00000000000000000, 14.40000000000000568, -23.64999999999999503 ) ) ;
#114 = DIRECTION ( 'NONE',  ( -0.000000000000000000, -1.000000000000000000, -0.000000000000000000 ) ) ;
#115 = DIRECTION ( 'NONE',  ( 0.000000000000000000, 0.000000000000000000, -1.000000000000000000 ) ) ;
#116 = EDGE_CURVE ( 'NONE', #825, #1601, #3107, .T. ) ;
#117 = ORIENTED_EDGE ( 'NONE', *, *, #3767, .T. ) ;
#118 = CARTESIAN_POINT ( 'NONE',  ( -5.675426480542920871, 17.00000000000000000, -54.00000000000001421 ) ) ;
#119 = CARTESIAN_POINT ( 'NONE',  ( -45.00000000000000000, 2.999999999999999112, 13.00000000000000178 ) ) ;
#120 = FACE_BOUND ( 'NONE', #4231, .T. ) ;
#121 = AXIS2_PLACEMENT_3D ( 'NONE', #830, #779, #1511 ) ;
#122 = ORIENTED_EDGE ( 'NONE', *, *, #1832, .T. ) ;
#123 = ORIENTED_EDGE ( 'NONE', *, *, #1697, .F. ) ;
#124 = CARTESIAN_POINT ( 'NONE',  ( -20.70000000000000995, 0.000000000000000000, -38.25000000000000711 ) ) ;
#125 = DIRECTION ( 'NONE',  ( 0.000000000000000000, 1.000000000000000000, 0.000000000000000000 ) ) ;
#126 = CARTESIAN_POINT ( 'NONE',  ( -55.64544826719042447, 17.00000000000000355, -24.84999999999997655 ) ) ;
#127 = CARTESIAN_POINT ( 'NONE',  ( -49.51540162293184011, 10.00000000000000000, -37.31253143542765116 ) ) ;
#128 = DIRECTION ( 'NONE',  ( 0.000000000000000000, 0.000000000000000000, -1.000000000000000000 ) ) ;
#129 = ORIENTED_EDGE ( 'NONE', *, *, #144, .F. ) ;
#130 = LINE ( 'NONE', #3199, #2737 ) ;
#131 = ORIENTED_EDGE ( 'NONE', *, *, #2194, .T. ) ;
#132 = ORIENTED_EDGE ( 'NONE', *, *, #4121, .T. ) ;
#133 = EDGE_CURVE ( 'NONE', #3506, #1029, #4616, .T. ) ;
#134 = LINE ( 'NONE', #560, #2503 ) ;
#135 = CARTESIAN_POINT ( 'NONE',  ( -2.499999999999993339, 0.000000000000000000, -40.35000000000000142 ) ) ;
#136 = LINE ( 'NONE', #88, #474 ) ;
#137 = VERTEX_POINT ( 'NONE', #3053 ) ;
#138 = EDGE_CURVE ( 'NONE', #1555, #2899, #2319, .T. ) ;
#139 = CARTESIAN_POINT ( 'NONE',  ( -4.087713240271465764, 3.000000000000000000, -39.25000000000000000 ) ) ;
#140 = CARTESIAN_POINT ( 'NONE',  ( -45.00000000000000000, 0.000000000000000000, 14.65000000000000391 ) ) ;
#141 = CARTESIAN_POINT ( 'NONE',  ( -2.499999999999993339, 2.999999999999999112, -52.35000000000000853 ) ) ;
#142 = VERTEX_POINT ( 'NONE', #2347 ) ;
#143 = ORIENTED_EDGE ( 'NONE', *, *, #1251, .T. ) ;
#144 = EDGE_CURVE ( 'NONE', #255, #2185, #4682, .T. ) ;
#145 = VECTOR ( 'NONE', #2620, 1000.000000000000000 ) ;
#146 = AXIS2_PLACEMENT_3D ( 'NONE', #819, #2713, #4605 ) ;
#147 = DIRECTION ( 'NONE',  ( 0.000000000000000000, 0.000000000000000000, 1.000000000000000000 ) ) ;
#148 = DIRECTION ( 'NONE',  ( 0.000000000000000000, 0.000000000000000000, 1.000000000000000000 ) ) ;
#149 = VECTOR ( 'NONE', #1107, 1000.000000000000000 ) ;
#150 = CARTESIAN_POINT ( 'NONE',  ( -30.51565158108295606, 20.00000000000000000, -57.39159353583022494 ) ) ;
#151 = VECTOR ( 'NONE', #1423, 1000.000000000000000 ) ;
#152 = CARTESIAN_POINT ( 'NONE',  ( -6.500000000000001776, 20.00000000000000355, -32.21234139994161438 ) ) ;
#153 = DIRECTION ( 'NONE',  ( 0.000000000000000000, 1.000000000000000000, 0.000000000000000000 ) ) ;
#154 = ORIENTED_EDGE ( 'NONE', *, *, #4532, .F. ) ;
#155 = CARTESIAN_POINT ( 'NONE',  ( -4.087713240271465764, 17.00000000000000000, -39.25000000000000000 ) ) ;
#156 = ORIENTED_EDGE ( 'NONE', *, *, #4128, .F. ) ;
#157 = EDGE_CURVE ( 'NONE', #258, #1087, #3710, .T. ) ;
#158 = ORIENTED_EDGE ( 'NONE', *, *, #3615, .F. ) ;
#159 = CIRCLE ( 'NONE', #3764, 2.899999999999996358 ) ;
#160 = VECTOR ( 'NONE', #268, 1000.000000000000000 ) ;
#161 = VECTOR ( 'NONE', #2302, 1000.000000000000000 ) ;
#162 = ORIENTED_EDGE ( 'NONE', *, *, #4262, .T. ) ;
#163 = DIRECTION ( 'NONE',  ( 0.000000000000000000, 0.000000000000000000, -1.000000000000000000 ) ) ;
#164 = DIRECTION ( 'NONE',  ( -0.000000000000000000, 1.000000000000000000, 1.640715604224399445E-17 ) ) ;
#165 = CIRCLE ( 'NONE', #4243, 3.000000000000002665 ) ;
#166 = LINE ( 'NONE', #512, #3217 ) ;
#167 = ORIENTED_EDGE ( 'NONE', *, *, #4283, .T. ) ;
#168 = CYLINDRICAL_SURFACE ( 'NONE', #1535, 5.000000000000004441 ) ;
#169 = DIRECTION ( 'NONE',  ( 0.5000000000000003331, 0.000000000000000000, 0.8660254037844384856 ) ) ;
#170 = ADVANCED_FACE ( 'NONE', ( #3917 ), #852, .T. ) ;
#171 = FACE_BOUND ( 'NONE', #3198, .T. ) ;
#172 = ORIENTED_EDGE ( 'NONE', *, *, #3706, .F. ) ;
#173 = ORIENTED_EDGE ( 'NONE', *, *, #567, .T. ) ;
#174 = ORIENTED_EDGE ( 'NONE', *, *, #4525, .F. ) ;
#175 = DIRECTION ( 'NONE',  ( 0.7660444431189769032, 0.000000000000000000, -0.6427876096865405842 ) ) ;
#176 = DIRECTION ( 'NONE',  ( 0.000000000000000000, 1.000000000000000000, 0.000000000000000000 ) ) ;
#177 = PLANE ( 'NONE',  #3203 ) ;
#178 = ADVANCED_FACE ( 'NONE', ( #4691 ), #3547, .F. ) ;
#179 = ADVANCED_FACE ( 'NONE', ( #3966 ), #1692, .F. ) ;
#180 = ORIENTED_EDGE ( 'NONE', *, *, #4525, .T. ) ;
#181 = VECTOR ( 'NONE', #1567, 1000.000000000000000 ) ;
#182 = CARTESIAN_POINT ( 'NONE',  ( 0.6754264805429432972, 3.000000000000000000, -54.00000000000001421 ) ) ;
#183 = ORIENTED_EDGE ( 'NONE', *, *, #4341, .T. ) ;
#184 = DIRECTION ( 'NONE',  ( 0.000000000000000000, 0.000000000000000000, 1.000000000000000000 ) ) ;
#185 = ORIENTED_EDGE ( 'NONE', *, *, #885, .T. ) ;
#186 = FACE_OUTER_BOUND ( 'NONE', #1368, .T. ) ;
#187 = FACE_OUTER_BOUND ( 'NONE', #2526, .T. ) ;
#188 = DIRECTION ( 'NONE',  ( -0.000000000000000000, -1.000000000000000000, -0.000000000000000000 ) ) ;
#189 = ORIENTED_EDGE ( 'NONE', *, *, #3186, .T. ) ;
#190 = EDGE_CURVE ( 'NONE', #3649, #4253, #107, .T. ) ;
#191 = CARTESIAN_POINT ( 'NONE',  ( 52.00000000000000000, 17.00000000000000355, -24.00000000000000000 ) ) ;
#192 = LINE ( 'NONE', #3310, #1911 ) ;
#193 = FACE_BOUND ( 'NONE', #3219, .T. ) ;
#194 = EDGE_CURVE ( 'NONE', #2047, #2287, #3173, .T. ) ;
#195 = VERTEX_POINT ( 'NONE', #526 ) ;
#196 = ORIENTED_EDGE ( 'NONE', *, *, #2115, .T. ) ;
#197 = ORIENTED_EDGE ( 'NONE', *, *, #1469, .F. ) ;
#198 = CIRCLE ( 'NONE', #2048, 1.649999999999998579 ) ;
#199 = DIRECTION ( 'NONE',  ( -0.000000000000000000, -1.000000000000000000, -0.000000000000000000 ) ) ;
#200 = DIRECTION ( 'NONE',  ( 1.000000000000000000, 0.000000000000000000, 0.000000000000000000 ) ) ;
#201 = DIRECTION ( 'NONE',  ( -0.000000000000000000, -1.000000000000000000, -0.000000000000000000 ) ) ;
#202 = CIRCLE ( 'NONE', #1568, 1.649999999999995248 ) ;
#203 = ORIENTED_EDGE ( 'NONE', *, *, #1831, .T. ) ;
#204 = EDGE_CURVE ( 'NONE', #258, #2065, #1401, .T. ) ;
#205 = SURFACE_STYLE_FILL_AREA ( #2117 ) ;
#206 = ORIENTED_EDGE ( 'NONE', *, *, #1406, .T. ) ;
#207 = DIRECTION ( 'NONE',  ( 0.000000000000000000, 1.640715604224399445E-17, -1.000000000000000000 ) ) ;
#208 = EDGE_CURVE ( 'NONE', #4255, #2156, #4313, .T. ) ;
#209 = ORIENTED_EDGE ( 'NONE', *, *, #4767, .F. ) ;
#210 = EDGE_CURVE ( 'NONE', #4215, #2698, #879, .T. ) ;
#211 = DIRECTION ( 'NONE',  ( 0.000000000000000000, -1.000000000000000000, 0.000000000000000000 ) ) ;
#212 = ORIENTED_EDGE ( 'NONE', *, *, #639, .F. ) ;
#213 = ADVANCED_FACE ( 'NONE', ( #908 ), #3684, .F. ) ;
#214 = DIRECTION ( 'NONE',  ( 0.000000000000000000, 0.000000000000000000, 1.000000000000000000 ) ) ;
#215 = VERTEX_POINT ( 'NONE', #2186 ) ;
#216 = DIRECTION ( 'NONE',  ( -0.000000000000000000, 1.000000000000000000, 1.640715604224399445E-17 ) ) ;
#217 = DIRECTION ( 'NONE',  ( 0.000000000000000000, 0.000000000000000000, 1.000000000000000000 ) ) ;
#218 = CARTESIAN_POINT ( 'NONE',  ( 24.99999999999999289, 0.000000000000000000, -6.000000000000000000 ) ) ;
#219 = ORIENTED_EDGE ( 'NONE', *, *, #3278, .T. ) ;
#220 = VERTEX_POINT ( 'NONE', #127 ) ;
#221 = ORIENTED_EDGE ( 'NONE', *, *, #190, .T. ) ;
#222 = CARTESIAN_POINT ( 'NONE',  ( -12.00000000000000888, 20.00000000000000355, -55.00000000000000000 ) ) ;
#223 = CARTESIAN_POINT ( 'NONE',  ( 0.000000000000000000, 0.000000000000000000, -4.814824860968089633E-32 ) ) ;
#224 = CYLINDRICAL_SURFACE ( 'NONE', #1366, 2.750000000000001332 ) ;
#225 = ORIENTED_EDGE ( 'NONE', *, *, #4732, .T. ) ;
#226 = VECTOR ( 'NONE', #999, 1000.000000000000000 ) ;
#227 = EDGE_CURVE ( 'NONE', #2033, #1708, #198, .T. ) ;
#228 = LINE ( 'NONE', #3665, #2241 ) ;
#229 = ORIENTED_EDGE ( 'NONE', *, *, #2519, .F. ) ;
#230 = LINE ( 'NONE', #959, #1926 ) ;
#231 = EDGE_CURVE ( 'NONE', #408, #2893, #1739, .T. ) ;
#232 = VECTOR ( 'NONE', #201, 1000.000000000000000 ) ;
#233 = AXIS2_PLACEMENT_3D ( 'NONE', #1004, #3297, #4816 ) ;
#234 = CARTESIAN_POINT ( 'NONE',  ( 52.99999999999999289, 20.00000000000000000, -40.49999999999999289 ) ) ;
#235 = CARTESIAN_POINT ( 'NONE',  ( -20.70000000000000995, 2.999999999999999112, -21.75000000000000711 ) ) ;
#236 = ORIENTED_EDGE ( 'NONE', *, *, #1776, .T. ) ;
#237 = CIRCLE ( 'NONE', #2894, 8.250000000000000000 ) ;
#238 = DIRECTION ( 'NONE',  ( 0.000000000000000000, 1.000000000000000000, 0.000000000000000000 ) ) ;
#239 = FACE_OUTER_BOUND ( 'NONE', #241, .T. ) ;
#240 = ADVANCED_FACE ( 'NONE', ( #1291, #2824 ), #4365, .F. ) ;
#241 = EDGE_LOOP ( 'NONE', ( #4566, #63, #2789, #180 ) ) ;
#242 = CARTESIAN_POINT ( 'NONE',  ( -49.51540162293194669, 20.00000000000000000, -37.31253143542772222 ) ) ;
#243 = AXIS2_PLACEMENT_3D ( 'NONE', #2636, #1979, #4556 ) ;
#244 = DIRECTION ( 'NONE',  ( 0.000000000000000000, 0.000000000000000000, 1.000000000000000000 ) ) ;
#245 = FACE_BOUND ( 'NONE', #4492, .T. ) ;
#246 = ORIENTED_EDGE ( 'NONE', *, *, #1666, .F. ) ;
#247 = CARTESIAN_POINT ( 'NONE',  ( 3.980102097228898231E-16, 20.00000000000000355, -25.61206842268426698 ) ) ;
#248 = PLANE ( 'NONE',  #2724 ) ;
#249 = CYLINDRICAL_SURFACE ( 'NONE', #2021, 5.000000000000004441 ) ;
#250 = EDGE_CURVE ( 'NONE', #2698, #958, #4359, .T. ) ;
#251 = DIRECTION ( 'NONE',  ( -0.000000000000000000, 1.000000000000000000, 1.640715604224399445E-17 ) ) ;
#252 = CIRCLE ( 'NONE', #1135, 2.749999999999997780 ) ;
#253 = VERTEX_POINT ( 'NONE', #616 ) ;
#254 = VECTOR ( 'NONE', #4935, 1000.000000000000000 ) ;
#255 = VERTEX_POINT ( 'NONE', #247 ) ;
#256 = ADVANCED_FACE ( 'NONE', ( #3314 ), #3152, .F. ) ;
#257 = DIRECTION ( 'NONE',  ( 0.000000000000000000, 1.000000000000000000, 1.640715604224399445E-17 ) ) ;
#258 = VERTEX_POINT ( 'NONE', #2689 ) ;
#259 = CARTESIAN_POINT ( 'NONE',  ( 32.00000000000000000, 2.000000000000005329, 48.50000000000000000 ) ) ;
#260 = AXIS2_PLACEMENT_3D ( 'NONE', #448, #776, #53 ) ;
#261 = CARTESIAN_POINT ( 'NONE',  ( 47.15602986954183251, 19.99999999999997158, -33.82200223872987976 ) ) ;
#262 = CARTESIAN_POINT ( 'NONE',  ( 30.82200561187031695, 0.000000000000000000, -32.15611226809464540 ) ) ;
#263 = PLANE ( 'NONE',  #2350 ) ;
#264 = AXIS2_PLACEMENT_3D ( 'NONE', #4214, #2370, #1966 ) ;
#265 = ORIENTED_EDGE ( 'NONE', *, *, #2545, .F. ) ;
#266 = LINE ( 'NONE', #3331, #2417 ) ;
#267 = EDGE_CURVE ( 'NONE', #4483, #21, #1853, .T. ) ;
#268 = DIRECTION ( 'NONE',  ( 0.000000000000000000, -1.000000000000000000, 0.000000000000000000 ) ) ;
#269 = LINE ( 'NONE', #2183, #3606 ) ;
#270 = ORIENTED_EDGE ( 'NONE', *, *, #3430, .F. ) ;
#271 = CARTESIAN_POINT ( 'NONE',  ( 0.000000000000000000, 17.00000000000000355, -4.922146812673198334E-17 ) ) ;
#272 = DIRECTION ( 'NONE',  ( 0.000000000000000000, 1.000000000000000000, 1.640715604224399445E-17 ) ) ;
#273 = LINE ( 'NONE', #2612, #410 ) ;
#274 = DIRECTION ( 'NONE',  ( 0.000000000000000000, 0.000000000000000000, 1.000000000000000000 ) ) ;
#275 = EDGE_LOOP ( 'NONE', ( #4133, #802 ) ) ;
#276 = CARTESIAN_POINT ( 'NONE',  ( -32.24999999999998579, 2.999999999999999112, 37.25000000000000000 ) ) ;
#277 = ORIENTED_EDGE ( 'NONE', *, *, #1131, .F. ) ;
#278 = AXIS2_PLACEMENT_3D ( 'NONE', #1264, #504, #1017 ) ;
#279 = ADVANCED_FACE ( 'NONE', ( #3359 ), #4880, .F. ) ;
#280 = DIRECTION ( 'NONE',  ( 0.000000000000000000, 0.000000000000000000, -1.000000000000000000 ) ) ;
#281 = DIRECTION ( 'NONE',  ( 1.000000000000000000, 0.000000000000000000, 0.000000000000000000 ) ) ;
#282 = AXIS2_PLACEMENT_3D ( 'NONE', #441, #4604, #1929 ) ;
#283 = CARTESIAN_POINT ( 'NONE',  ( 29.15602986954186804, 0.000000000000000000, -42.17799776127016997 ) ) ;
#284 = CARTESIAN_POINT ( 'NONE',  ( 47.00000000000000000, 20.00000000000000355, -34.60730092143498382 ) ) ;
#285 = ORIENTED_EDGE ( 'NONE', *, *, #4630, .T. ) ;
#286 = CARTESIAN_POINT ( 'NONE',  ( 32.00000000000000000, 2.000000000000005329, 48.50000000000000000 ) ) ;
#287 = EDGE_CURVE ( 'NONE', #2460, #2300, #4854, .T. ) ;
#288 = ORIENTED_EDGE ( 'NONE', *, *, #2785, .T. ) ;
#289 = DIRECTION ( 'NONE',  ( 0.000000000000000000, 1.000000000000000000, 1.640715604224399445E-17 ) ) ;
#290 = DIRECTION ( 'NONE',  ( 0.000000000000000000, 0.000000000000000000, -1.000000000000000000 ) ) ;
#291 = CARTESIAN_POINT ( 'NONE',  ( -30.51565158108295606, 20.00000000000000000, -57.39159353583022494 ) ) ;
#292 = VERTEX_POINT ( 'NONE', #665 ) ;
#293 = FACE_OUTER_BOUND ( 'NONE', #2116, .T. ) ;
#294 = FACE_BOUND ( 'NONE', #3782, .T. ) ;
#295 = DIRECTION ( 'NONE',  ( 0.000000000000000000, 0.000000000000000000, 1.000000000000000000 ) ) ;
#296 = CARTESIAN_POINT ( 'NONE',  ( -32.24999999999998579, 2.999999999999999112, 38.89999999999999858 ) ) ;
#297 = ORIENTED_EDGE ( 'NONE', *, *, #4785, .F. ) ;
#298 = CARTESIAN_POINT ( 'NONE',  ( 0.000000000000000000, 27.29267277123862101, -30.19809988236028175 ) ) ;
#299 = EDGE_LOOP ( 'NONE', ( #2623, #1219, #335, #2349 ) ) ;
#300 = FACE_OUTER_BOUND ( 'NONE', #2747, .T. ) ;
#301 = CARTESIAN_POINT ( 'NONE',  ( -5.675426480542940411, 3.000000000000000000, -42.00000000000000711 ) ) ;
#302 = DIRECTION ( 'NONE',  ( 0.000000000000000000, 1.000000000000000000, 0.000000000000000000 ) ) ;
#303 = CARTESIAN_POINT ( 'NONE',  ( 29.82342618513484922, 0.000000000000000000, -32.82336593897034760 ) ) ;
#304 = ORIENTED_EDGE ( 'NONE', *, *, #326, .F. ) ;
#305 = AXIS2_PLACEMENT_3D ( 'NONE', #1696, #4412, #2522 ) ;
#306 = AXIS2_PLACEMENT_3D ( 'NONE', #2895, #3660, #4406 ) ;
#307 = CARTESIAN_POINT ( 'NONE',  ( -32.24999999999999289, 0.000000000000000000, -11.25000000000000711 ) ) ;
#308 = EDGE_CURVE ( 'NONE', #316, #958, #4926, .T. ) ;
#309 = VECTOR ( 'NONE', #2751, 1000.000000000000000 ) ;
#310 = ORIENTED_EDGE ( 'NONE', *, *, #1591, .F. ) ;
#311 = CARTESIAN_POINT ( 'NONE',  ( -30.35455173280956487, 14.40000000000000568, 51.34999999999998010 ) ) ;
#312 = CARTESIAN_POINT ( 'NONE',  ( 50.35455173280955421, 17.00000000000000355, -21.14999999999998082 ) ) ;
#313 = LINE ( 'NONE', #4045, #1693 ) ;
#314 = VECTOR ( 'NONE', #1720, 1000.000000000000000 ) ;
#315 = AXIS2_PLACEMENT_3D ( 'NONE', #444, #2715, #3120 ) ;
#316 = VERTEX_POINT ( 'NONE', #4101 ) ;
#317 = DIRECTION ( 'NONE',  ( 0.000000000000000000, -1.000000000000000000, 0.000000000000000000 ) ) ;
#318 = EDGE_CURVE ( 'NONE', #1078, #2504, #3384, .T. ) ;
#319 = FACE_OUTER_BOUND ( 'NONE', #1656, .T. ) ;
#320 = CARTESIAN_POINT ( 'NONE',  ( -0.9122867597285181374, 17.00000000000000000, -56.74999999999999289 ) ) ;
#321 = DIRECTION ( 'NONE',  ( -0.000000000000000000, -1.000000000000000000, -0.000000000000000000 ) ) ;
#322 = VECTOR ( 'NONE', #791, 1000.000000000000000 ) ;
#323 = ORIENTED_EDGE ( 'NONE', *, *, #2113, .F. ) ;
#324 = CARTESIAN_POINT ( 'NONE',  ( -20.00000000000000000, -1.222268542887955389E-15, 44.50000000000000000 ) ) ;
#325 = ORIENTED_EDGE ( 'NONE', *, *, #1397, .T. ) ;
#326 = EDGE_CURVE ( 'NONE', #3492, #3469, #1449, .T. ) ;
#327 = DIRECTION ( 'NONE',  ( -0.000000000000000000, 1.000000000000000000, 1.640715604224399445E-17 ) ) ;
#328 = CARTESIAN_POINT ( 'NONE',  ( -0.9122867597285264640, 17.00000000000000000, -51.25000000000001421 ) ) ;
#329 = EDGE_CURVE ( 'NONE', #2491, #137, #3012, .T. ) ;
#330 = VECTOR ( 'NONE', #1382, 1000.000000000000114 ) ;
#331 = EDGE_CURVE ( 'NONE', #634, #1951, #2210, .T. ) ;
#332 = AXIS2_PLACEMENT_3D ( 'NONE', #4621, #2734, #4245 ) ;
#333 = CARTESIAN_POINT ( 'NONE',  ( 28.99999999999999645, 0.000000000000000000, -41.39269907856502329 ) ) ;
#334 = CARTESIAN_POINT ( 'NONE',  ( 47.00000000000002842, 19.99999999999999645, -36.50000000000002132 ) ) ;
#335 = ORIENTED_EDGE ( 'NONE', *, *, #4382, .F. ) ;
#336 = DIRECTION ( 'NONE',  ( -0.000000000000000000, -0.000000000000000000, -1.000000000000000000 ) ) ;
#337 = ORIENTED_EDGE ( 'NONE', *, *, #4772, .T. ) ;
#338 = CARTESIAN_POINT ( 'NONE',  ( 50.35455173280955421, 14.40000000000000568, -21.14999999999998082 ) ) ;
#339 = DIRECTION ( 'NONE',  ( 1.000000000000000000, 0.000000000000000000, -0.000000000000000000 ) ) ;
#340 = PLANE ( 'NONE',  #7 ) ;
#341 = ORIENTED_EDGE ( 'NONE', *, *, #2677, .F. ) ;
#342 = CARTESIAN_POINT ( 'NONE',  ( 0.000000000000000000, 1.075238199893875812, -25.57525880247332495 ) ) ;
#343 = DIRECTION ( 'NONE',  ( 0.000000000000000000, -1.640715604224399445E-17, 1.000000000000000000 ) ) ;
#344 = VERTEX_POINT ( 'NONE', #690 ) ;
#345 = PLANE ( 'NONE',  #2828 ) ;
#346 = EDGE_CURVE ( 'NONE', #3306, #2382, #716, .T. ) ;
#347 = FACE_OUTER_BOUND ( 'NONE', #1407, .T. ) ;
#348 = VERTEX_POINT ( 'NONE', #3067 ) ;
#349 = CARTESIAN_POINT ( 'NONE',  ( -12.00000000000000888, 0.000000000000000000, -57.99999999999999289 ) ) ;
#350 = VERTEX_POINT ( 'NONE', #4503 ) ;
#351 = DIRECTION ( 'NONE',  ( 1.000000000000000000, 0.000000000000000000, 0.000000000000000000 ) ) ;
#352 = CARTESIAN_POINT ( 'NONE',  ( -27.99999999999999645, 0.09999999999998955558, -6.000000000000000000 ) ) ;
#353 = DIRECTION ( 'NONE',  ( -0.000000000000000000, 1.000000000000000000, 1.640715604224399445E-17 ) ) ;
#354 = ADVANCED_FACE ( 'NONE', ( #293 ), #2256, .T. ) ;
#355 = DIRECTION ( 'NONE',  ( 0.8660254037844388186, 0.000000000000000000, 0.4999999999999998335 ) ) ;
#356 = ADVANCED_FACE ( 'NONE', ( #2282 ), #1072, .T. ) ;
#357 = FACE_OUTER_BOUND ( 'NONE', #4873, .T. ) ;
#358 = ORIENTED_EDGE ( 'NONE', *, *, #427, .T. ) ;
#359 = CARTESIAN_POINT ( 'NONE',  ( 22.25000000000000000, 10.00000000000000000, 35.25000000000000000 ) ) ;
#360 = ADVANCED_FACE ( 'NONE', ( #367 ), #4478, .F. ) ;
#361 = ORIENTED_EDGE ( 'NONE', *, *, #4797, .T. ) ;
#362 = EDGE_CURVE ( 'NONE', #1582, #2762, #3014, .T. ) ;
#363 = PLANE ( 'NONE',  #1691 ) ;
#364 = PLANE ( 'NONE',  #3127 ) ;
#365 = CARTESIAN_POINT ( 'NONE',  ( -0.9122867597285264640, 17.00000000000000000, -51.25000000000001421 ) ) ;
#366 = ORIENTED_EDGE ( 'NONE', *, *, #2920, .T. ) ;
#367 = FACE_OUTER_BOUND ( 'NONE', #1812, .T. ) ;
#368 = CYLINDRICAL_SURFACE ( 'NONE', #3201, 1.649999999999998579 ) ;
#369 = ORIENTED_EDGE ( 'NONE', *, *, #2500, .F. ) ;
#370 = CARTESIAN_POINT ( 'NONE',  ( 30.35455173280955776, 14.40000000000000568, 51.35000000000000142 ) ) ;
#371 = LINE ( 'NONE', #2286, #3926 ) ;
#372 = ORIENTED_EDGE ( 'NONE', *, *, #3693, .T. ) ;
#373 = CARTESIAN_POINT ( 'NONE',  ( -35.00000000000000000, 1.499999999999994005, 6.000000000000000000 ) ) ;
#374 = ORIENTED_EDGE ( 'NONE', *, *, #4630, .F. ) ;
#375 = CARTESIAN_POINT ( 'NONE',  ( -50.70910346561912974, 17.00000000000000355, -21.99999999999999645 ) ) ;
#376 = DIRECTION ( 'NONE',  ( 0.000000000000000000, 1.000000000000000000, 0.000000000000000000 ) ) ;
#377 = DIRECTION ( 'NONE',  ( 0.000000000000000000, 1.000000000000000000, 0.000000000000000000 ) ) ;
#378 = CARTESIAN_POINT ( 'NONE',  ( -52.35455173280956132, 14.40000000000000568, -19.15000000000000568 ) ) ;
#379 = CARTESIAN_POINT ( 'NONE',  ( 0.000000000000000000, 20.00000000000000000, 0.000000000000000000 ) ) ;
#380 = VERTEX_POINT ( 'NONE', #1097 ) ;
#381 = EDGE_CURVE ( 'NONE', #2762, #1898, #1474, .T. ) ;
#382 = CARTESIAN_POINT ( 'NONE',  ( -45.00000000000000000, 0.000000000000000000, 13.00000000000000178 ) ) ;
#383 = EDGE_LOOP ( 'NONE', ( #1657, #69, #3539, #1053 ) ) ;
#384 = AXIS2_PLACEMENT_3D ( 'NONE', #3718, #2222, #3792 ) ;
#385 = AXIS2_PLACEMENT_3D ( 'NONE', #1199, #2337, #420 ) ;
#386 = PLANE ( 'NONE',  #93 ) ;
#387 = CARTESIAN_POINT ( 'NONE',  ( 28.99999999999999645, 0.000000000000000000, -34.99999999999999289 ) ) ;
#388 = CARTESIAN_POINT ( 'NONE',  ( -33.64544826719041737, 14.40000000000000568, 45.65000000000001990 ) ) ;
#389 = AXIS2_PLACEMENT_3D ( 'NONE', #807, #4637, #430 ) ;
#390 = VECTOR ( 'NONE', #1806, 1000.000000000000114 ) ;
#391 = EDGE_LOOP ( 'NONE', ( #2867, #2164, #3453, #990 ) ) ;
#392 = DIRECTION ( 'NONE',  ( 0.000000000000000000, 1.000000000000000000, 0.000000000000000000 ) ) ;
#393 = CARTESIAN_POINT ( 'NONE',  ( -45.00000000000000000, 3.000000000000000000, 10.10000000000000142 ) ) ;
#394 = ORIENTED_EDGE ( 'NONE', *, *, #1768, .F. ) ;
#395 = FACE_OUTER_BOUND ( 'NONE', #4320, .T. ) ;
#396 = AXIS2_PLACEMENT_3D ( 'NONE', #2229, #1896, #1471 ) ;
#397 = ORIENTED_EDGE ( 'NONE', *, *, #1893, .F. ) ;
#398 = AXIS2_PLACEMENT_3D ( 'NONE', #41, #2352, #457 ) ;
#399 = EDGE_LOOP ( 'NONE', ( #4706, #4507, #73, #3036 ) ) ;
#400 = ORIENTED_EDGE ( 'NONE', *, *, #3407, .F. ) ;
#401 = CARTESIAN_POINT ( 'NONE',  ( -54.00000000000000000, 20.00000000000000355, -23.64999999999999503 ) ) ;
#402 = CARTESIAN_POINT ( 'NONE',  ( -52.35455173280956132, 14.40000000000000568, -19.15000000000000568 ) ) ;
#403 = VECTOR ( 'NONE', #1494, 1000.000000000000000 ) ;
#404 = DIRECTION ( 'NONE',  ( 0.000000000000000000, 0.000000000000000000, 1.000000000000000000 ) ) ;
#405 = ADVANCED_FACE ( 'NONE', ( #1804, #4524 ), #2632, .F. ) ;
#406 = CARTESIAN_POINT ( 'NONE',  ( 47.00000000000001421, 20.00000000000000355, -40.99999999824481733 ) ) ;
#407 = DIRECTION ( 'NONE',  ( 0.000000000000000000, -1.000000000000000000, 0.000000000000000000 ) ) ;
#408 = VERTEX_POINT ( 'NONE', #1276 ) ;
#409 = LINE ( 'NONE', #782, #3472 ) ;
#410 = VECTOR ( 'NONE', #1051, 1000.000000000000000 ) ;
#411 = EDGE_LOOP ( 'NONE', ( #3954, #2305, #3366, #1748 ) ) ;
#412 = DIRECTION ( 'NONE',  ( -1.000000000000000000, 0.000000000000000000, -0.000000000000000000 ) ) ;
#413 = LINE ( 'NONE', #2685, #633 ) ;
#414 = LINE ( 'NONE', #1472, #2173 ) ;
#415 = VECTOR ( 'NONE', #3788, 1000.000000000000000 ) ;
#416 = EDGE_LOOP ( 'NONE', ( #773, #948, #3330, #4225 ) ) ;
#417 = EDGE_CURVE ( 'NONE', #1787, #258, #4676, .T. ) ;
#418 = DIRECTION ( 'NONE',  ( 0.000000000000000000, 0.000000000000000000, -1.000000000000000000 ) ) ;
#419 = ADVANCED_FACE ( 'NONE', ( #463 ), #2004, .F. ) ;
#420 = DIRECTION ( 'NONE',  ( -0.5000000000000009992, 0.000000000000000000, -0.8660254037844380415 ) ) ;
#421 = ORIENTED_EDGE ( 'NONE', *, *, #1525, .F. ) ;
#422 = DIRECTION ( 'NONE',  ( 0.4999999999999997224, 0.000000000000000000, -0.8660254037844388186 ) ) ;
#423 = VECTOR ( 'NONE', #1641, 1000.000000000000000 ) ;
#424 = VERTEX_POINT ( 'NONE', #1250 ) ;
#425 = VERTEX_POINT ( 'NONE', #2810 ) ;
#426 = EDGE_LOOP ( 'NONE', ( #1844, #3183, #3169, #1980 ) ) ;
#427 = EDGE_CURVE ( 'NONE', #1454, #1736, #22, .T. ) ;
#428 = DIRECTION ( 'NONE',  ( -0.5000000000000011102, 0.000000000000000000, 0.8660254037844379305 ) ) ;
#429 = FACE_OUTER_BOUND ( 'NONE', #1683, .T. ) ;
#430 = DIRECTION ( 'NONE',  ( 0.000000000000000000, 0.000000000000000000, -1.000000000000000000 ) ) ;
#431 = EDGE_CURVE ( 'NONE', #4836, #634, #2380, .T. ) ;
#432 = CARTESIAN_POINT ( 'NONE',  ( 28.99999999999996447, 0.000000000000000000, -36.50000000000004974 ) ) ;
#433 = DIRECTION ( 'NONE',  ( 0.000000000000000000, -1.000000000000000000, 0.000000000000000000 ) ) ;
#434 = ORIENTED_EDGE ( 'NONE', *, *, #1047, .F. ) ;
#435 = ORIENTED_EDGE ( 'NONE', *, *, #984, .F. ) ;
#436 = VECTOR ( 'NONE', #4740, 1000.000000000000000 ) ;
#437 = DIRECTION ( 'NONE',  ( 0.000000000000000000, 0.000000000000000000, -1.000000000000000000 ) ) ;
#438 = CARTESIAN_POINT ( 'NONE',  ( -2.499999999999993339, 16.00000000000000000, -42.00000000000000000 ) ) ;
#439 = CIRCLE ( 'NONE', #2610, 13.00000000000000533 ) ;
#440 = VERTEX_POINT ( 'NONE', #894 ) ;
#441 = CARTESIAN_POINT ( 'NONE',  ( 32.00000000000000000, 20.00000000000000355, 48.50000000000000000 ) ) ;
#442 = CARTESIAN_POINT ( 'NONE',  ( -29.10723689272528247, 20.00000000000000000, -54.74275075725344664 ) ) ;
#443 = ORIENTED_EDGE ( 'NONE', *, *, #4429, .T. ) ;
#444 = CARTESIAN_POINT ( 'NONE',  ( 0.000000000000000000, -4.921261423547484970E-16, -9.656686092005091878E-33 ) ) ;
#445 = ORIENTED_EDGE ( 'NONE', *, *, #480, .F. ) ;
#446 = EDGE_LOOP ( 'NONE', ( #3295, #2759, #3827, #4434 ) ) ;
#447 = ORIENTED_EDGE ( 'NONE', *, *, #3730, .F. ) ;
#448 = CARTESIAN_POINT ( 'NONE',  ( 0.000000000000000000, 27.29267277123862101, -30.19809988236028175 ) ) ;
#449 = CYLINDRICAL_SURFACE ( 'NONE', #1116, 65.00000000000000000 ) ;
#450 = DIRECTION ( 'NONE',  ( 0.000000000000000000, 0.000000000000000000, -1.000000000000000000 ) ) ;
#451 = ADVANCED_FACE ( 'NONE', ( #2787 ), #3163, .T. ) ;
#452 = PLANE ( 'NONE',  #2208 ) ;
#453 = DIRECTION ( 'NONE',  ( 0.000000000000000000, -1.000000000000000000, 0.000000000000000000 ) ) ;
#454 = EDGE_LOOP ( 'NONE', ( #1257, #465 ) ) ;
#455 = VERTEX_POINT ( 'NONE', #4624 ) ;
#456 = EDGE_LOOP ( 'NONE', ( #656, #1852 ) ) ;
#457 = DIRECTION ( 'NONE',  ( 0.000000000000000000, 0.000000000000000000, -1.000000000000000000 ) ) ;
#458 = ADVANCED_FACE ( 'NONE', ( #3091 ), #1653, .F. ) ;
#459 = LINE ( 'NONE', #3898, #3312 ) ;
#460 = DIRECTION ( 'NONE',  ( 0.000000000000000000, -1.000000000000000000, 0.000000000000000000 ) ) ;
#461 = AXIS2_PLACEMENT_3D ( 'NONE', #492, #2433, #3239 ) ;
#462 = ORIENTED_EDGE ( 'NONE', *, *, #4945, .T. ) ;
#463 = FACE_OUTER_BOUND ( 'NONE', #2453, .T. ) ;
#464 = CARTESIAN_POINT ( 'NONE',  ( -41.78119462962513353, 20.00000000000000000, -49.79288880273351481 ) ) ;
#465 = ORIENTED_EDGE ( 'NONE', *, *, #4015, .T. ) ;
#466 = AXIS2_PLACEMENT_3D ( 'NONE', #259, #3322, #4841 ) ;
#467 = CARTESIAN_POINT ( 'NONE',  ( -0.9122867597285181374, 17.00000000000000000, -56.74999999999999289 ) ) ;
#468 = VECTOR ( 'NONE', #3148, 1000.000000000000000 ) ;
#469 = VECTOR ( 'NONE', #2269, 1000.000000000000227 ) ;
#470 = ORIENTED_EDGE ( 'NONE', *, *, #2829, .T. ) ;
#471 = EDGE_CURVE ( 'NONE', #3335, #3995, #2406, .T. ) ;
#472 = ORIENTED_EDGE ( 'NONE', *, *, #4164, .F. ) ;
#473 = ORIENTED_EDGE ( 'NONE', *, *, #2654, .F. ) ;
#474 = VECTOR ( 'NONE', #2784, 1000.000000000000000 ) ;
#475 = FACE_BOUND ( 'NONE', #4427, .T. ) ;
#476 = DIRECTION ( 'NONE',  ( -0.000000000000000000, 1.000000000000000000, 1.640715604224399445E-17 ) ) ;
#477 = CARTESIAN_POINT ( 'NONE',  ( -35.00000000000000000, 0.000000000000000000, -6.000000000000000000 ) ) ;
#478 = CARTESIAN_POINT ( 'NONE',  ( 32.00000000000000000, 2.000000000000005329, 48.50000000000000000 ) ) ;
#479 = CIRCLE ( 'NONE', #4318, 59.54700538379245955 ) ;
#480 = EDGE_CURVE ( 'NONE', #60, #3524, #3140, .T. ) ;
#481 = LINE ( 'NONE', #4692, #3282 ) ;
#482 = ORIENTED_EDGE ( 'NONE', *, *, #97, .T. ) ;
#483 = ORIENTED_EDGE ( 'NONE', *, *, #4169, .F. ) ;
#484 = VERTEX_POINT ( 'NONE', #2431 ) ;
#485 = CARTESIAN_POINT ( 'NONE',  ( -24.99999999999999645, 1.499999999999992006, 6.000000000000000000 ) ) ;
#486 = DIRECTION ( 'NONE',  ( 0.000000000000000000, -1.000000000000000000, 0.000000000000000000 ) ) ;
#487 = AXIS2_PLACEMENT_3D ( 'NONE', #3702, #1799, #3031 ) ;
#488 = LINE ( 'NONE', #1625, #713 ) ;
#489 = VECTOR ( 'NONE', #3362, 1000.000000000000000 ) ;
#490 = ORIENTED_EDGE ( 'NONE', *, *, #1680, .T. ) ;
#491 = CARTESIAN_POINT ( 'NONE',  ( 30.35455173280955776, 14.40000000000000568, 51.35000000000000142 ) ) ;
#492 = CARTESIAN_POINT ( 'NONE',  ( -0.9122867597285204688, 17.00000000000000000, -39.25000000000000000 ) ) ;
#493 = ORIENTED_EDGE ( 'NONE', *, *, #1148, .F. ) ;
#494 = FACE_BOUND ( 'NONE', #3486, .T. ) ;
#495 = VECTOR ( 'NONE', #3516, 1000.000000000000000 ) ;
#496 = ORIENTED_EDGE ( 'NONE', *, *, #738, .T. ) ;
#497 = VERTEX_POINT ( 'NONE', #3929 ) ;
#498 = EDGE_LOOP ( 'NONE', ( #4291, #1197, #2080, #3013 ) ) ;
#499 = VECTOR ( 'NONE', #4773, 1000.000000000000000 ) ;
#500 = FACE_OUTER_BOUND ( 'NONE', #4597, .T. ) ;
#501 = CYLINDRICAL_SURFACE ( 'NONE', #2903, 2.750000000000001332 ) ;
#502 = DIRECTION ( 'NONE',  ( 0.000000000000000000, 0.000000000000000000, -1.000000000000000000 ) ) ;
#503 = STYLED_ITEM ( 'NONE', ( #1735 ), #1281 ) ;
#504 = DIRECTION ( 'NONE',  ( -0.000000000000000000, -0.000000000000000000, -1.000000000000000000 ) ) ;
#505 = DIRECTION ( 'NONE',  ( 0.000000000000000000, 0.000000000000000000, 1.000000000000000000 ) ) ;
#506 = ORIENTED_EDGE ( 'NONE', *, *, #4540, .T. ) ;
#507 = CARTESIAN_POINT ( 'NONE',  ( 32.00000000000000000, 17.00000000000000355, 48.50000000000000000 ) ) ;
#508 = EDGE_CURVE ( 'NONE', #3099, #1904, #4702, .T. ) ;
#509 = ORIENTED_EDGE ( 'NONE', *, *, #537, .F. ) ;
#510 = CARTESIAN_POINT ( 'NONE',  ( -32.24999999999999289, 2.999999999999999112, -12.90000000000000568 ) ) ;
#511 = DIRECTION ( 'NONE',  ( -0.000000000000000000, 0.000000000000000000, 1.000000000000000000 ) ) ;
#512 = CARTESIAN_POINT ( 'NONE',  ( 0.000000000000000000, -9.844293625346394943E-16, 60.00000000000000000 ) ) ;
#513 = EDGE_CURVE ( 'NONE', #25, #2662, #3878, .T. ) ;
#514 = EDGE_CURVE ( 'NONE', #810, #3698, #1484, .T. ) ;
#515 = VECTOR ( 'NONE', #2144, 1000.000000000000000 ) ;
#516 = VERTEX_POINT ( 'NONE', #3185 ) ;
#517 = CARTESIAN_POINT ( 'NONE',  ( -30.00000000000000000, 1.499999999999992673, 6.000000000000000000 ) ) ;
#518 = DIRECTION ( 'NONE',  ( 0.000000000000000000, 0.000000000000000000, 1.000000000000000000 ) ) ;
#519 = AXIS2_PLACEMENT_3D ( 'NONE', #1198, #3902, #4653 ) ;
#520 = ORIENTED_EDGE ( 'NONE', *, *, #2519, .T. ) ;
#521 = ORIENTED_EDGE ( 'NONE', *, *, #1956, .F. ) ;
#522 = ORIENTED_EDGE ( 'NONE', *, *, #3088, .F. ) ;
#523 = CARTESIAN_POINT ( 'NONE',  ( 32.00000000000000000, 17.00000000000000355, 46.85000000000000142 ) ) ;
#524 = CARTESIAN_POINT ( 'NONE',  ( -32.24999999999999289, 0.000000000000000000, -11.25000000000000711 ) ) ;
#525 = DIRECTION ( 'NONE',  ( 0.4694715627858913609, 0.000000000000000000, 0.8829475928589266553 ) ) ;
#526 = CARTESIAN_POINT ( 'NONE',  ( -20.70000000000000995, 20.00000000000000355, -17.00000000000000355 ) ) ;
#527 = CARTESIAN_POINT ( 'NONE',  ( 32.00000000000000000, 0.000000000000000000, -41.00000000000000000 ) ) ;
#528 = EDGE_LOOP ( 'NONE', ( #3647, #520, #962, #900 ) ) ;
#529 = LINE ( 'NONE', #2066, #1441 ) ;
#530 = ORIENTED_EDGE ( 'NONE', *, *, #308, .F. ) ;
#531 = EDGE_CURVE ( 'NONE', #2185, #3830, #3487, .T. ) ;
#532 = EDGE_LOOP ( 'NONE', ( #3637, #1531, #3470, #209 ) ) ;
#533 = PLANE ( 'NONE',  #1173 ) ;
#534 = CARTESIAN_POINT ( 'NONE',  ( -30.00000000000000000, 1.499999999999992673, 6.000000000000000000 ) ) ;
#535 = DIRECTION ( 'NONE',  ( -0.000000000000000000, 1.000000000000000000, 1.640715604224399445E-17 ) ) ;
#536 = EDGE_LOOP ( 'NONE', ( #2580, #3202, #4747, #3083 ) ) ;
#537 = EDGE_CURVE ( 'NONE', #3653, #4084, #4763, .T. ) ;
#538 = DIRECTION ( 'NONE',  ( -0.8660254037844383745, 0.000000000000000000, 0.5000000000000004441 ) ) ;
#539 = CARTESIAN_POINT ( 'NONE',  ( -45.00000000000000000, 2.999999999999999112, 11.34999999999999964 ) ) ;
#540 = CARTESIAN_POINT ( 'NONE',  ( 32.25000000000001421, 0.000000000000000000, 37.25000000000000000 ) ) ;
#541 = EDGE_CURVE ( 'NONE', #3423, #21, #2336, .T. ) ;
#542 = VERTEX_POINT ( 'NONE', #46 ) ;
#543 = ORIENTED_EDGE ( 'NONE', *, *, #2889, .F. ) ;
#544 = ORIENTED_EDGE ( 'NONE', *, *, #4118, .F. ) ;
#545 = VECTOR ( 'NONE', #1093, 1000.000000000000000 ) ;
#546 = AXIS2_PLACEMENT_3D ( 'NONE', #4330, #1305, #169 ) ;
#547 = CARTESIAN_POINT ( 'NONE',  ( -41.78119462962513353, 20.00000000000000000, -49.79288880273351481 ) ) ;
#548 = DIRECTION ( 'NONE',  ( 0.000000000000000000, -1.640715604224399445E-17, 1.000000000000000000 ) ) ;
#549 = AXIS2_PLACEMENT_3D ( 'NONE', #527, #2064, #1714 ) ;
#550 = CARTESIAN_POINT ( 'NONE',  ( 28.99999999999999645, 0.000000000000000000, -40.99999999824481733 ) ) ;
#551 = ORIENTED_EDGE ( 'NONE', *, *, #1408, .F. ) ;
#552 = CYLINDRICAL_SURFACE ( 'NONE', #3916, 2.899999999999999911 ) ;
#553 = ORIENTED_EDGE ( 'NONE', *, *, #1741, .F. ) ;
#554 = CARTESIAN_POINT ( 'NONE',  ( -32.24999999999998579, 0.000000000000000000, 37.25000000000000000 ) ) ;
#555 = VECTOR ( 'NONE', #2808, 1000.000000000000000 ) ;
#556 = EDGE_CURVE ( 'NONE', #3823, #2683, #67, .T. ) ;
#557 = CIRCLE ( 'NONE', #2169, 1.650000000000002132 ) ;
#558 = VECTOR ( 'NONE', #281, 1000.000000000000000 ) ;
#559 = VERTEX_POINT ( 'NONE', #2763 ) ;
#560 = CARTESIAN_POINT ( 'NONE',  ( 20.00000000000000000, -0.001745108571434006439, 56.08784048416740120 ) ) ;
#561 = DIRECTION ( 'NONE',  ( 0.000000000000000000, 1.000000000000000000, 0.000000000000000000 ) ) ;
#562 = DIRECTION ( 'NONE',  ( 0.000000000000000000, 1.000000000000000000, 1.640715604224399445E-17 ) ) ;
#563 = VERTEX_POINT ( 'NONE', #4273 ) ;
#564 = CARTESIAN_POINT ( 'NONE',  ( -32.00000000000000000, 20.00000000000000355, 48.50000000000000000 ) ) ;
#565 = DIRECTION ( 'NONE',  ( -0.000000000000000000, -1.000000000000000000, -0.000000000000000000 ) ) ;
#566 = CARTESIAN_POINT ( 'NONE',  ( -32.00000000000000000, 2.000000000000005329, 48.50000000000000000 ) ) ;
#567 = EDGE_CURVE ( 'NONE', #1736, #4241, #840, .T. ) ;
#568 = CIRCLE ( 'NONE', #971, 1.649999999999995248 ) ;
#569 = VERTEX_POINT ( 'NONE', #4397 ) ;
#570 = ORIENTED_EDGE ( 'NONE', *, *, #3504, .F. ) ;
#571 = EDGE_CURVE ( 'NONE', #4808, #4837, #3308, .T. ) ;
#572 = CARTESIAN_POINT ( 'NONE',  ( 3.367778697655220026E-16, 0.000000000000000000, -22.59324211445782993 ) ) ;
#573 = CARTESIAN_POINT ( 'NONE',  ( 0.6754264805429432972, 17.00000000000000000, -54.00000000000001421 ) ) ;
#574 = DIRECTION ( 'NONE',  ( 0.4999999999999992228, 0.000000000000000000, -0.8660254037844390407 ) ) ;
#575 = EDGE_CURVE ( 'NONE', #4253, #3469, #3583, .T. ) ;
#576 = ORIENTED_EDGE ( 'NONE', *, *, #4690, .F. ) ;
#577 = EDGE_CURVE ( 'NONE', #60, #3863, #3259, .T. ) ;
#578 = CARTESIAN_POINT ( 'NONE',  ( 32.00000000000000000, 0.09999999999998952782, 6.000000000000000000 ) ) ;
#579 = ORIENTED_EDGE ( 'NONE', *, *, #2015, .F. ) ;
#580 = CARTESIAN_POINT ( 'NONE',  ( -0.9122867597285264640, 17.00000000000000000, -51.25000000000001421 ) ) ;
#581 = ORIENTED_EDGE ( 'NONE', *, *, #4858, .F. ) ;
#582 = CARTESIAN_POINT ( 'NONE',  ( 28.99999999999999645, 0.000000000000000000, -41.39269907856502329 ) ) ;
#583 = CARTESIAN_POINT ( 'NONE',  ( 20.00000000000000000, -1.412368093250973159E-15, 56.08784048416740120 ) ) ;
#584 = ORIENTED_EDGE ( 'NONE', *, *, #287, .F. ) ;
#585 = LINE ( 'NONE', #242, #1805 ) ;
#586 = CARTESIAN_POINT ( 'NONE',  ( -28.70910346561914039, 17.00000000000000355, 48.49999999999999289 ) ) ;
#587 = EDGE_LOOP ( 'NONE', ( #288, #2659, #3319, #4159 ) ) ;
#588 = ADVANCED_FACE ( 'NONE', ( #4828 ), #2454, .F. ) ;
#589 = ORIENTED_EDGE ( 'NONE', *, *, #1868, .F. ) ;
#590 = ORIENTED_EDGE ( 'NONE', *, *, #2145, .F. ) ;
#591 = EDGE_CURVE ( 'NONE', #1253, #3335, #1723, .T. ) ;
#592 = AXIS2_PLACEMENT_3D ( 'NONE', #2294, #355, #2273 ) ;
#593 = LINE ( 'NONE', #2562, #2561 ) ;
#594 = LINE ( 'NONE', #4834, #4336 ) ;
#595 = LINE ( 'NONE', #3317, #4000 ) ;
#596 = VERTEX_POINT ( 'NONE', #4753 ) ;
#597 = LINE ( 'NONE', #674, #4388 ) ;
#598 = ORIENTED_EDGE ( 'NONE', *, *, #3424, .T. ) ;
#599 = DIRECTION ( 'NONE',  ( 0.000000000000000000, 1.000000000000000000, 1.640715604224399445E-17 ) ) ;
#600 = B_SPLINE_CURVE_WITH_KNOTS ( 'NONE', 1,
 ( #4344, #1320 ),
 .UNSPECIFIED., .F., .F.,
 ( 2, 2 ),
 ( 0.000000000000000000, 1.000000000000000000 ),
 .UNSPECIFIED. ) ;
#601 = EDGE_CURVE ( 'NONE', #4808, #4495, #4729, .T. ) ;
#602 = EDGE_CURVE ( 'NONE', #2209, #2166, #202, .T. ) ;
#603 = CARTESIAN_POINT ( 'NONE',  ( 48.82200561187043064, 20.00000000000005329, -43.84388773190547539 ) ) ;
#604 = CARTESIAN_POINT ( 'NONE',  ( 30.00000000000000000, 1.499999999999992673, -6.000000000000000000 ) ) ;
#605 = EDGE_LOOP ( 'NONE', ( #1258, #664, #1552, #4034 ) ) ;
#606 = DIRECTION ( 'NONE',  ( 0.000000000000000000, 0.000000000000000000, 1.000000000000000000 ) ) ;
#607 = DIRECTION ( 'NONE',  ( 0.000000000000000000, 0.000000000000000000, 1.000000000000000000 ) ) ;
#608 = EDGE_CURVE ( 'NONE', #2521, #559, #3283, .T. ) ;
#609 = EDGE_LOOP ( 'NONE', ( #212, #172 ) ) ;
#610 = DIRECTION ( 'NONE',  ( -0.000000000000000000, -1.000000000000000000, -0.000000000000000000 ) ) ;
#611 = CARTESIAN_POINT ( 'NONE',  ( 0.000000000000000000, 17.00000000000000355, -4.922146812673198334E-17 ) ) ;
#612 = DIRECTION ( 'NONE',  ( -0.000000000000000000, -1.000000000000000000, -0.000000000000000000 ) ) ;
#613 = EDGE_CURVE ( 'NONE', #2911, #2905, #585, .T. ) ;
#614 = VERTEX_POINT ( 'NONE', #2938 ) ;
#615 = ORIENTED_EDGE ( 'NONE', *, *, #907, .T. ) ;
#616 = CARTESIAN_POINT ( 'NONE',  ( 32.25000000000001421, 0.000000000000000000, -9.600000000000001421 ) ) ;
#617 = FACE_OUTER_BOUND ( 'NONE', #3416, .T. ) ;
#618 = CARTESIAN_POINT ( 'NONE',  ( -45.00000000000000000, 13.63095238095237960, 10.10000000000000142 ) ) ;
#619 = DIRECTION ( 'NONE',  ( 0.5000000000000003331, 0.000000000000000000, 0.8660254037844383745 ) ) ;
#620 = ORIENTED_EDGE ( 'NONE', *, *, #3876, .F. ) ;
#621 = DIRECTION ( 'NONE',  ( 0.000000000000000000, -1.640808800309159003E-17, 1.000000000000000000 ) ) ;
#622 = ORIENTED_EDGE ( 'NONE', *, *, #1870, .F. ) ;
#623 = CARTESIAN_POINT ( 'NONE',  ( 33.64544826719042447, 17.00000000000000355, 51.35000000000000142 ) ) ;
#624 = VECTOR ( 'NONE', #2040, 1000.000000000000000 ) ;
#625 = AXIS2_PLACEMENT_3D ( 'NONE', #547, #175, #1337 ) ;
#626 = EDGE_CURVE ( 'NONE', #3318, #4249, #1333, .T. ) ;
#627 = CARTESIAN_POINT ( 'NONE',  ( 48.82200561187026011, 19.99999999999996447, -32.15611226809461698 ) ) ;
#628 = CARTESIAN_POINT ( 'NONE',  ( 51.17799438812953383, 19.99999999999996803, -32.15611226809464540 ) ) ;
#629 = ORIENTED_EDGE ( 'NONE', *, *, #4826, .F. ) ;
#630 = AXIS2_PLACEMENT_3D ( 'NONE', #2377, #939, #3581 ) ;
#631 = DIRECTION ( 'NONE',  ( -0.000000000000000000, -1.000000000000000000, -0.000000000000000000 ) ) ;
#632 = DIRECTION ( 'NONE',  ( -1.000000000000000000, 0.000000000000000000, 0.000000000000000000 ) ) ;
#633 = VECTOR ( 'NONE', #4119, 1000.000000000000000 ) ;
#634 = VERTEX_POINT ( 'NONE', #3654 ) ;
#635 = FACE_OUTER_BOUND ( 'NONE', #1112, .T. ) ;
#636 = AXIS2_PLACEMENT_3D ( 'NONE', #3729, #1353, #3311 ) ;
#637 = DIRECTION ( 'NONE',  ( 0.000000000000000000, 1.000000000000000000, 0.000000000000000000 ) ) ;
#638 = CARTESIAN_POINT ( 'NONE',  ( 0.000000000000000000, 20.00000000000000000, 0.000000000000000000 ) ) ;
#639 = EDGE_CURVE ( 'NONE', #1729, #195, #439, .T. ) ;
#640 = EDGE_LOOP ( 'NONE', ( #1169, #3073 ) ) ;
#641 = CARTESIAN_POINT ( 'NONE',  ( 52.00000000000000000, 2.000000000000005329, -24.00000000000000000 ) ) ;
#642 = DIRECTION ( 'NONE',  ( 0.000000000000000000, 0.000000000000000000, 1.000000000000000000 ) ) ;
#643 = PLANE ( 'NONE',  #3376 ) ;
#644 = CARTESIAN_POINT ( 'NONE',  ( 32.25000000000001421, 2.999999999999999112, 37.25000000000000000 ) ) ;
#645 = VECTOR ( 'NONE', #1519, 1000.000000000000000 ) ;
#646 = EDGE_LOOP ( 'NONE', ( #708, #3904, #1420, #4626 ) ) ;
#647 = AXIS2_PLACEMENT_3D ( 'NONE', #1938, #4561, #6 ) ;
#648 = VERTEX_POINT ( 'NONE', #4353 ) ;
#649 = DIRECTION ( 'NONE',  ( 1.000000000000000000, 0.000000000000000000, 0.000000000000000000 ) ) ;
#650 = DIRECTION ( 'NONE',  ( 0.000000000000000000, -1.000000000000000000, 0.000000000000000000 ) ) ;
#651 = ADVANCED_FACE ( 'NONE', ( #920 ), #4375, .T. ) ;
#652 = VECTOR ( 'NONE', #2313, 1000.000000000000000 ) ;
#653 = CARTESIAN_POINT ( 'NONE',  ( 47.82342618513490606, 20.00000000000004263, -32.82336593897039734 ) ) ;
#654 = AXIS2_PLACEMENT_3D ( 'NONE', #736, #2201, #4515 ) ;
#655 = CARTESIAN_POINT ( 'NONE',  ( 51.17799438812964041, 20.00000000000003908, -43.84388773190533328 ) ) ;
#656 = ORIENTED_EDGE ( 'NONE', *, *, #3525, .T. ) ;
#657 = CARTESIAN_POINT ( 'NONE',  ( 27.99999999999999645, -1.136835273038861628E-14, 6.000000000000000000 ) ) ;
#658 = CARTESIAN_POINT ( 'NONE',  ( 0.000000000000000000, 10.00000000000000000, 0.000000000000000000 ) ) ;
#659 = ORIENTED_EDGE ( 'NONE', *, *, #2822, .T. ) ;
#660 = DIRECTION ( 'NONE',  ( 0.000000000000000000, 1.000000000000000000, 0.000000000000000000 ) ) ;
#661 = CARTESIAN_POINT ( 'NONE',  ( -43.84062043356571081, 20.00000000000000355, -43.84062043356617977 ) ) ;
#662 = ORIENTED_EDGE ( 'NONE', *, *, #1987, .T. ) ;
#663 = DIRECTION ( 'NONE',  ( -0.4999999999999997224, 0.000000000000000000, 0.8660254037844388186 ) ) ;
#664 = ORIENTED_EDGE ( 'NONE', *, *, #1406, .F. ) ;
#665 = CARTESIAN_POINT ( 'NONE',  ( 32.00000000000000000, -7.102951435054641748E-15, 6.000000000000000000 ) ) ;
#666 = CARTESIAN_POINT ( 'NONE',  ( -2.499999999999993339, 16.00000000000000000, -43.64999999999999858 ) ) ;
#667 = DIRECTION ( 'NONE',  ( 0.000000000000000000, -0.000000000000000000, 1.000000000000000000 ) ) ;
#668 = PLANE ( 'NONE',  #3369 ) ;
#669 = ORIENTED_EDGE ( 'NONE', *, *, #3759, .F. ) ;
#670 = CARTESIAN_POINT ( 'NONE',  ( -4.087713240271458659, 17.00000000000000000, -56.74999999999999289 ) ) ;
#671 = ORIENTED_EDGE ( 'NONE', *, *, #2257, .F. ) ;
#672 = VECTOR ( 'NONE', #733, 1000.000000000000000 ) ;
#673 = EDGE_CURVE ( 'NONE', #1598, #1454, #1013, .T. ) ;
#674 = CARTESIAN_POINT ( 'NONE',  ( -32.24999999999999289, 20.00000000000000000, -9.600000000000008527 ) ) ;
#675 = CARTESIAN_POINT ( 'NONE',  ( 8.054930954034051598E-15, 9.844293625346394943E-16, -60.00000000000000000 ) ) ;
#676 = VECTOR ( 'NONE', #1176, 1000.000000000000000 ) ;
#677 = CARTESIAN_POINT ( 'NONE',  ( 34.84397013045818170, 0.000000000000000000, -42.17799776127002076 ) ) ;
#678 = CARTESIAN_POINT ( 'NONE',  ( 53.00000000000000000, 20.00000000000000355, -34.60730092143498382 ) ) ;
#679 = ORIENTED_EDGE ( 'NONE', *, *, #157, .F. ) ;
#680 = DIRECTION ( 'NONE',  ( -0.5000000000000002220, 0.000000000000000000, -0.8660254037844384856 ) ) ;
#681 = VECTOR ( 'NONE', #1239, 1000.000000000000000 ) ;
#682 = EDGE_CURVE ( 'NONE', #4249, #3318, #1299, .T. ) ;
#683 = ORIENTED_EDGE ( 'NONE', *, *, #4695, .F. ) ;
#684 = CARTESIAN_POINT ( 'NONE',  ( 3.980102097228898231E-16, 20.00000000000000355, -25.61206842268426698 ) ) ;
#685 = PLANE ( 'NONE',  #2087 ) ;
#686 = DIRECTION ( 'NONE',  ( 0.000000000000000000, -1.640715604224399445E-17, 1.000000000000000000 ) ) ;
#687 = EDGE_CURVE ( 'NONE', #2902, #3576, #252, .T. ) ;
#688 = EDGE_LOOP ( 'NONE', ( #2297, #1234, #1681, #4925 ) ) ;
#689 = ADVANCED_FACE ( 'NONE', ( #4043 ), #168, .F. ) ;
#690 = CARTESIAN_POINT ( 'NONE',  ( -20.70000000000000995, 0.000000000000000000, -21.75000000000000711 ) ) ;
#691 = DIRECTION ( 'NONE',  ( 0.000000000000000000, 1.000000000000000000, 0.000000000000000000 ) ) ;
#692 = CARTESIAN_POINT ( 'NONE',  ( -0.9122867597285264640, 3.000000000000000000, -51.25000000000001421 ) ) ;
#693 = EDGE_CURVE ( 'NONE', #2185, #255, #1255, .T. ) ;
#694 = FACE_OUTER_BOUND ( 'NONE', #3263, .T. ) ;
#695 = ORIENTED_EDGE ( 'NONE', *, *, #3759, .T. ) ;
#696 = DIRECTION ( 'NONE',  ( 0.000000000000000000, -1.000000000000000000, 0.000000000000000000 ) ) ;
#697 = ORIENTED_EDGE ( 'NONE', *, *, #974, .T. ) ;
#698 = PLANE ( 'NONE',  #233 ) ;
#699 = DIRECTION ( 'NONE',  ( -0.000000000000000000, 1.000000000000000000, 1.640715604224399445E-17 ) ) ;
#700 = CARTESIAN_POINT ( 'NONE',  ( 22.25000000000000000, -1.070566931756420618E-15, 35.25000000000000000 ) ) ;
#701 = CARTESIAN_POINT ( 'NONE',  ( -20.70000000000000995, 20.00174510857143417, -30.00000000000000711 ) ) ;
#702 = ORIENTED_EDGE ( 'NONE', *, *, #707, .F. ) ;
#703 = VECTOR ( 'NONE', #353, 1000.000000000000000 ) ;
#704 = AXIS2_PLACEMENT_3D ( 'NONE', #611, #2939, #1772 ) ;
#705 = CARTESIAN_POINT ( 'NONE',  ( 24.99999999999999289, 1.499999999999994005, 6.000000000000000000 ) ) ;
#706 = AXIS2_PLACEMENT_3D ( 'NONE', #1386, #2220, #621 ) ;
#707 = EDGE_CURVE ( 'NONE', #813, #1275, #2101, .T. ) ;
#708 = ORIENTED_EDGE ( 'NONE', *, *, #513, .T. ) ;
#709 = ADVANCED_FACE ( 'NONE', ( #635 ), #2581, .F. ) ;
#710 = CARTESIAN_POINT ( 'NONE',  ( 32.00000000000000000, 0.09999999999998952782, -6.000000000000000000 ) ) ;
#711 = CARTESIAN_POINT ( 'NONE',  ( -0.9122867597285204688, 3.000000000000000000, -39.25000000000000000 ) ) ;
#712 = DIRECTION ( 'NONE',  ( -0.000000000000000000, 1.000000000000000000, 1.640715604224399445E-17 ) ) ;
#713 = VECTOR ( 'NONE', #2001, 1000.000000000000000 ) ;
#714 = VECTOR ( 'NONE', #422, 1000.000000000000000 ) ;
#715 = EDGE_LOOP ( 'NONE', ( #3514, #902 ) ) ;
#716 = LINE ( 'NONE', #3754, #3803 ) ;
#717 = CARTESIAN_POINT ( 'NONE',  ( -2.499999999999993339, 0.000000000000000000, -52.35000000000000853 ) ) ;
#718 = EDGE_LOOP ( 'NONE', ( #2494, #1478, #4897, #4799 ) ) ;
#719 = CARTESIAN_POINT ( 'NONE',  ( -9.000000000000007105, 0.000000000000000000, -46.00000000000000000 ) ) ;
#720 = LINE ( 'NONE', #4628, #961 ) ;
#721 = ADVANCED_FACE ( 'NONE', ( #4071 ), #3727, .F. ) ;
#722 = ADVANCED_FACE ( 'NONE', ( #1443 ), #2655, .F. ) ;
#723 = ORIENTED_EDGE ( 'NONE', *, *, #3560, .F. ) ;
#724 = DIRECTION ( 'NONE',  ( 0.000000000000000000, -0.9848077530122081313, 0.1736481776669306920 ) ) ;
#725 = ORIENTED_EDGE ( 'NONE', *, *, #138, .F. ) ;
#726 = CARTESIAN_POINT ( 'NONE',  ( -45.00000000000000000, 23.00000000000000000, -29.00000000000000000 ) ) ;
#727 = DIRECTION ( 'NONE',  ( 0.000000000000000000, 0.000000000000000000, 1.000000000000000000 ) ) ;
#728 = DIRECTION ( 'NONE',  ( -0.000000000000000000, 1.000000000000000000, 1.640715604224399445E-17 ) ) ;
#729 = AXIS2_PLACEMENT_3D ( 'NONE', #33, #1561, #3867 ) ;
#730 = EDGE_CURVE ( 'NONE', #3168, #1205, #266, .T. ) ;
#731 = EDGE_CURVE ( 'NONE', #3604, #3466, #3065, .T. ) ;
#732 = CIRCLE ( 'NONE', #3214, 1.649999999999998579 ) ;
#733 = DIRECTION ( 'NONE',  ( 0.000000000000000000, -1.000000000000000000, 0.000000000000000000 ) ) ;
#734 = CARTESIAN_POINT ( 'NONE',  ( 28.99999999999995026, 0.000000000000000000, -39.50000000000002842 ) ) ;
#735 = ORIENTED_EDGE ( 'NONE', *, *, #3746, .T. ) ;
#736 = CARTESIAN_POINT ( 'NONE',  ( -32.00000000000000000, 2.000000000000005329, 48.50000000000000000 ) ) ;
#737 = VECTOR ( 'NONE', #336, 1000.000000000000000 ) ;
#738 = EDGE_CURVE ( 'NONE', #3960, #2436, #2658, .T. ) ;
#739 = VECTOR ( 'NONE', #3925, 1000.000000000000000 ) ;
#740 = ORIENTED_EDGE ( 'NONE', *, *, #1259, .T. ) ;
#741 = DIRECTION ( 'NONE',  ( 0.000000000000000000, -1.000000000000000000, 0.000000000000000000 ) ) ;
#742 = CARTESIAN_POINT ( 'NONE',  ( -32.00000000000000000, 2.000000000000005329, 48.50000000000000000 ) ) ;
#743 = DIRECTION ( 'NONE',  ( 0.000000000000000000, 0.000000000000000000, 1.000000000000000000 ) ) ;
#744 = VERTEX_POINT ( 'NONE', #4498 ) ;
#745 = CARTESIAN_POINT ( 'NONE',  ( -32.24999999999999289, 20.00000000000000000, -12.90000000000000568 ) ) ;
#746 = CARTESIAN_POINT ( 'NONE',  ( -45.00000000000000000, 3.000000000000000000, 13.00000000000000178 ) ) ;
#747 = ORIENTED_EDGE ( 'NONE', *, *, #2113, .T. ) ;
#748 = DIRECTION ( 'NONE',  ( 0.000000000000000000, -1.640715604224399445E-17, 1.000000000000000000 ) ) ;
#749 = PLANE ( 'NONE',  #4562 ) ;
#750 = ADVANCED_FACE ( 'NONE', ( #1417, #4519 ), #2957, .T. ) ;
#751 = ORIENTED_EDGE ( 'NONE', *, *, #4574, .T. ) ;
#752 = CARTESIAN_POINT ( 'NONE',  ( -45.00000000000000000, 23.00000000000000000, 13.00000000000000178 ) ) ;
#753 = ORIENTED_EDGE ( 'NONE', *, *, #116, .F. ) ;
#754 = DIRECTION ( 'NONE',  ( 0.000000000000000000, 0.000000000000000000, -1.000000000000000000 ) ) ;
#755 = CARTESIAN_POINT ( 'NONE',  ( -20.70000000000000995, 23.00000000000000000, -30.00000000000000711 ) ) ;
#756 = DIRECTION ( 'NONE',  ( 0.000000000000000000, 1.000000000000000000, 0.000000000000000000 ) ) ;
#757 = CARTESIAN_POINT ( 'NONE',  ( 30.35455173280955776, 14.40000000000000568, 51.35000000000000142 ) ) ;
#758 = PLANE ( 'NONE',  #264 ) ;
#759 = VERTEX_POINT ( 'NONE', #1872 ) ;
#760 = CARTESIAN_POINT ( 'NONE',  ( -28.70910346561914039, 14.40000000000000568, 48.49999999999999289 ) ) ;
#761 = AXIS2_PLACEMENT_3D ( 'NONE', #1389, #1061, #4136 ) ;
#762 = EDGE_LOOP ( 'NONE', ( #4244, #1003, #366, #854 ) ) ;
#763 = CARTESIAN_POINT ( 'NONE',  ( -30.35455173280956132, 14.40000000000000568, 45.65000000000001990 ) ) ;
#764 = FACE_OUTER_BOUND ( 'NONE', #3483, .T. ) ;
#765 = CARTESIAN_POINT ( 'NONE',  ( -45.00000000000000000, 13.63095238095237960, 15.90000000000000036 ) ) ;
#766 = ORIENTED_EDGE ( 'NONE', *, *, #930, .T. ) ;
#767 = CARTESIAN_POINT ( 'NONE',  ( 53.64544826719043158, 14.40000000000000568, -21.14999999999998082 ) ) ;
#768 = CARTESIAN_POINT ( 'NONE',  ( -2.499999999999993339, 0.000000000000000000, -43.64999999999999858 ) ) ;
#769 = VERTEX_POINT ( 'NONE', #2203 ) ;
#770 = CARTESIAN_POINT ( 'NONE',  ( 0.000000000000000000, 3.000000000000000000, 6.000000000000000000 ) ) ;
#771 = FACE_OUTER_BOUND ( 'NONE', #4618, .T. ) ;
#772 = EDGE_CURVE ( 'NONE', #3805, #1345, #13, .T. ) ;
#773 = ORIENTED_EDGE ( 'NONE', *, *, #3249, .T. ) ;
#774 = DIRECTION ( 'NONE',  ( 0.8660254037844381525, -8.203578021122009550E-18, 0.5000000000000008882 ) ) ;
#775 = ORIENTED_EDGE ( 'NONE', *, *, #907, .F. ) ;
#776 = DIRECTION ( 'NONE',  ( 0.000000000000000000, -0.9848077530122081313, 0.1736481776669306920 ) ) ;
#777 = DIRECTION ( 'NONE',  ( 0.000000000000000000, -0.1736481776669307198, -0.9848077530122079093 ) ) ;
#778 = PLANE ( 'NONE',  #1677 ) ;
#779 = DIRECTION ( 'NONE',  ( -0.000000000000000000, 0.000000000000000000, -1.000000000000000000 ) ) ;
#780 = LINE ( 'NONE', #4640, #1814 ) ;
#781 = EDGE_LOOP ( 'NONE', ( #1036, #2378, #11, #751, #1302, #1308 ) ) ;
#782 = CARTESIAN_POINT ( 'NONE',  ( -9.000000000000008882, 20.00174510857143417, -55.00000000000000000 ) ) ;
#783 = EDGE_CURVE ( 'NONE', #744, #2057, #3352, .T. ) ;
#784 = EDGE_CURVE ( 'NONE', #3561, #48, #3378, .T. ) ;
#785 = VERTEX_POINT ( 'NONE', #3009 ) ;
#786 = VECTOR ( 'NONE', #1147, 1000.000000000000000 ) ;
#787 = AXIS2_PLACEMENT_3D ( 'NONE', #3410, #3433, #1527 ) ;
#788 = CARTESIAN_POINT ( 'NONE',  ( 47.00000000000000711, 20.00000000000000355, -35.00000000000004974 ) ) ;
#789 = AXIS2_PLACEMENT_3D ( 'NONE', #578, #2018, #128 ) ;
#790 = CARTESIAN_POINT ( 'NONE',  ( 0.000000000000000000, 17.00000000000000000, 0.000000000000000000 ) ) ;
#791 = DIRECTION ( 'NONE',  ( -1.000000000000000000, 0.000000000000000000, 0.000000000000000000 ) ) ;
#792 = ORIENTED_EDGE ( 'NONE', *, *, #2328, .F. ) ;
#793 = DIRECTION ( 'NONE',  ( -0.000000000000000000, 1.000000000000000000, 1.640715604224399445E-17 ) ) ;
#794 = FACE_OUTER_BOUND ( 'NONE', #4090, .T. ) ;
#795 = ORIENTED_EDGE ( 'NONE', *, *, #4684, .T. ) ;
#796 = VECTOR ( 'NONE', #2428, 1000.000000000000000 ) ;
#797 = DIRECTION ( 'NONE',  ( 2.312964634635744633E-15, -1.000000000000000000, 0.000000000000000000 ) ) ;
#798 = EDGE_CURVE ( 'NONE', #1513, #2308, #4142, .T. ) ;
#799 = VECTOR ( 'NONE', #3704, 1000.000000000000000 ) ;
#800 = AXIS2_PLACEMENT_3D ( 'NONE', #2303, #3825, #3404 ) ;
#801 = ORIENTED_EDGE ( 'NONE', *, *, #4805, .F. ) ;
#802 = ORIENTED_EDGE ( 'NONE', *, *, #4118, .T. ) ;
#803 = ORIENTED_EDGE ( 'NONE', *, *, #194, .F. ) ;
#804 = CARTESIAN_POINT ( 'NONE',  ( 32.00000000000000000, 17.00000000000000355, 50.14999999999999858 ) ) ;
#805 = DIRECTION ( 'NONE',  ( 0.7071067811865452413, 0.000000000000000000, 0.7071067811865497932 ) ) ;
#806 = VECTOR ( 'NONE', #4500, 1000.000000000000227 ) ;
#807 = CARTESIAN_POINT ( 'NONE',  ( 32.25000000000001421, 20.00000000000000000, 37.25000000000000000 ) ) ;
#808 = FACE_OUTER_BOUND ( 'NONE', #3431, .T. ) ;
#809 = CARTESIAN_POINT ( 'NONE',  ( 53.64544826719041737, 14.40000000000000568, -26.85000000000001918 ) ) ;
#810 = VERTEX_POINT ( 'NONE', #3403 ) ;
#811 = EDGE_CURVE ( 'NONE', #2193, #1787, #2252, .T. ) ;
#812 = AXIS2_PLACEMENT_3D ( 'NONE', #1194, #3874, #437 ) ;
#813 = VERTEX_POINT ( 'NONE', #338 ) ;
#814 = LINE ( 'NONE', #4196, #4477 ) ;
#815 = DIRECTION ( 'NONE',  ( 0.000000000000000000, -0.9848077530122080203, 0.1736481776669306643 ) ) ;
#816 = CIRCLE ( 'NONE', #2267, 1.650000000000002132 ) ;
#817 = ORIENTED_EDGE ( 'NONE', *, *, #3811, .T. ) ;
#818 = DIRECTION ( 'NONE',  ( -1.000000000000000000, 0.000000000000000000, 0.000000000000000000 ) ) ;
#819 = CARTESIAN_POINT ( 'NONE',  ( 30.00000000000000000, 1.499999999999992673, 6.000000000000000000 ) ) ;
#820 = ORIENTED_EDGE ( 'NONE', *, *, #2364, .T. ) ;
#821 = DIRECTION ( 'NONE',  ( -1.000000000000000000, 0.000000000000000000, 0.000000000000000000 ) ) ;
#822 = ORIENTED_EDGE ( 'NONE', *, *, #3444, .F. ) ;
#823 = EDGE_CURVE ( 'NONE', #3121, #2338, #4922, .T. ) ;
#824 = ORIENTED_EDGE ( 'NONE', *, *, #3111, .F. ) ;
#825 = VERTEX_POINT ( 'NONE', #1119 ) ;
#826 = CARTESIAN_POINT ( 'NONE',  ( 52.00000000000000000, 2.000000000000005329, -22.35000000000000497 ) ) ;
#827 = FACE_OUTER_BOUND ( 'NONE', #426, .T. ) ;
#828 = LINE ( 'NONE', #3892, #624 ) ;
#829 = ADVANCED_FACE ( 'NONE', ( #3800 ), #363, .T. ) ;
#830 = CARTESIAN_POINT ( 'NONE',  ( -30.00000000000000000, 0.09999999999998930578, -6.000000000000000000 ) ) ;
#831 = CARTESIAN_POINT ( 'NONE',  ( -5.675426480542920871, 3.000000000000000000, -54.00000000000001421 ) ) ;
#832 = ORIENTED_EDGE ( 'NONE', *, *, #1352, .F. ) ;
#833 = ORIENTED_EDGE ( 'NONE', *, *, #2920, .F. ) ;
#834 = AXIS2_PLACEMENT_3D ( 'NONE', #4201, #1421, #2660 ) ;
#835 = LINE ( 'NONE', #3854, #1453 ) ;
#836 = CARTESIAN_POINT ( 'NONE',  ( -36.49999999999998579, 3.000000000000000000, 41.49999999999999289 ) ) ;
#837 = EDGE_CURVE ( 'NONE', #1009, #4745, #2708, .T. ) ;
#838 = AXIS2_PLACEMENT_3D ( 'NONE', #1745, #538, #4445 ) ;
#839 = ORIENTED_EDGE ( 'NONE', *, *, #556, .T. ) ;
#840 = LINE ( 'NONE', #1350, #3495 ) ;
#841 = CYLINDRICAL_SURFACE ( 'NONE', #3438, 1.649999999999995248 ) ;
#842 = ORIENTED_EDGE ( 'NONE', *, *, #4296, .F. ) ;
#843 = FACE_BOUND ( 'NONE', #1322, .T. ) ;
#844 = EDGE_CURVE ( 'NONE', #1577, #1935, #814, .T. ) ;
#845 = ORIENTED_EDGE ( 'NONE', *, *, #3884, .F. ) ;
#846 = ORIENTED_EDGE ( 'NONE', *, *, #3367, .F. ) ;
#847 = EDGE_LOOP ( 'NONE', ( #3747, #3778, #4908, #4523 ) ) ;
#848 = EDGE_CURVE ( 'NONE', #4837, #1958, #1622, .T. ) ;
#849 = CARTESIAN_POINT ( 'NONE',  ( 27.99999999999999645, -1.136835273038861628E-14, 6.000000000000000000 ) ) ;
#850 = FACE_OUTER_BOUND ( 'NONE', #1282, .T. ) ;
#851 = LINE ( 'NONE', #2722, #4146 ) ;
#852 = PLANE ( 'NONE',  #2607 ) ;
#853 = DIRECTION ( 'NONE',  ( 0.000000000000000000, 0.000000000000000000, 1.000000000000000000 ) ) ;
#854 = ORIENTED_EDGE ( 'NONE', *, *, #1249, .F. ) ;
#855 = EDGE_LOOP ( 'NONE', ( #156, #2236, #4765, #189 ) ) ;
#856 = CARTESIAN_POINT ( 'NONE',  ( 35.00000000000000000, 1.499999999999992006, 6.000000000000000000 ) ) ;
#857 = CARTESIAN_POINT ( 'NONE',  ( -22.25000000000000000, 3.000000000000000000, -9.250000000000000000 ) ) ;
#858 = DIRECTION ( 'NONE',  ( 0.000000000000000000, -1.640715604224399137E-17, 1.000000000000000000 ) ) ;
#859 = EDGE_CURVE ( 'NONE', #4241, #4495, #1595, .T. ) ;
#860 = VECTOR ( 'NONE', #3563, 1000.000000000000000 ) ;
#861 = EDGE_LOOP ( 'NONE', ( #2917, #229, #4070, #2068 ) ) ;
#862 = DIRECTION ( 'NONE',  ( -0.4999999999999995559, 0.000000000000000000, -0.8660254037844389297 ) ) ;
#863 = PLANE ( 'NONE',  #546 ) ;
#864 = ORIENTED_EDGE ( 'NONE', *, *, #329, .T. ) ;
#865 = VECTOR ( 'NONE', #3223, 1000.000000000000000 ) ;
#866 = DIRECTION ( 'NONE',  ( -0.000000000000000000, 1.000000000000000000, 1.640715604224399445E-17 ) ) ;
#867 = AXIS2_PLACEMENT_3D ( 'NONE', #2844, #3194, #1285 ) ;
#868 = VECTOR ( 'NONE', #649, 1000.000000000000000 ) ;
#869 = ORIENTED_EDGE ( 'NONE', *, *, #993, .T. ) ;
#870 = VERTEX_POINT ( 'NONE', #113 ) ;
#871 = VERTEX_POINT ( 'NONE', #788 ) ;
#872 = AXIS2_PLACEMENT_3D ( 'NONE', #3602, #2502, #2879 ) ;
#873 = DIRECTION ( 'NONE',  ( 0.000000000000000000, -0.1736481776669307475, -0.9848077530122080203 ) ) ;
#874 = FACE_OUTER_BOUND ( 'NONE', #781, .T. ) ;
#875 = CARTESIAN_POINT ( 'NONE',  ( 32.25000000000001421, 2.999999999999999112, 35.60000000000000142 ) ) ;
#876 = ADVANCED_FACE ( 'NONE', ( #1220 ), #3924, .F. ) ;
#877 = AXIS2_PLACEMENT_3D ( 'NONE', #4907, #321, #4432 ) ;
#878 = ADVANCED_FACE ( 'NONE', ( #2760 ), #3503, .T. ) ;
#879 = LINE ( 'NONE', #2942, #436 ) ;
#880 = AXIS2_PLACEMENT_3D ( 'NONE', #1632, #3905, #4680 ) ;
#881 = DIRECTION ( 'NONE',  ( 0.000000000000000000, 0.000000000000000000, 1.000000000000000000 ) ) ;
#882 = ORIENTED_EDGE ( 'NONE', *, *, #1361, .T. ) ;
#883 = CARTESIAN_POINT ( 'NONE',  ( 50.00000000000000000, 20.00000000000000355, -34.99999999999999289 ) ) ;
#884 = ADVANCED_FACE ( 'NONE', ( #3824 ), #386, .T. ) ;
#885 = EDGE_CURVE ( 'NONE', #2707, #2771, #4013, .T. ) ;
#886 = ORIENTED_EDGE ( 'NONE', *, *, #575, .T. ) ;
#887 = ORIENTED_EDGE ( 'NONE', *, *, #556, .F. ) ;
#888 = CARTESIAN_POINT ( 'NONE',  ( 30.35455173280956132, 14.40000000000000568, 45.64999999999999147 ) ) ;
#889 = DIRECTION ( 'NONE',  ( -0.000000000000000000, 1.000000000000000000, 1.640715604224399445E-17 ) ) ;
#890 = AXIS2_PLACEMENT_3D ( 'NONE', #2985, #4850, #4469 ) ;
#891 = DIRECTION ( 'NONE',  ( -3.854941057726237604E-16, -0.000000000000000000, -1.000000000000000000 ) ) ;
#892 = AXIS2_PLACEMENT_3D ( 'NONE', #1286, #3617, #3569 ) ;
#893 = VERTEX_POINT ( 'NONE', #1146 ) ;
#894 = CARTESIAN_POINT ( 'NONE',  ( -15.00000000000000711, 20.00000000000000355, -46.00000000000000000 ) ) ;
#895 = DIRECTION ( 'NONE',  ( -1.000000000000000000, -0.000000000000000000, -0.000000000000000000 ) ) ;
#896 = LINE ( 'NONE', #945, #3530 ) ;
#897 =( BOUNDED_CURVE ( )  B_SPLINE_CURVE ( 3, ( #4802, #1376, #3428, #1069 ),
 .UNSPECIFIED., .F., .F. ) 
 B_SPLINE_CURVE_WITH_KNOTS ( ( 4, 4 ),
 ( 4.712388980384689674, 7.853981633974482790 ),
 .UNSPECIFIED. ) 
 CURVE ( )  GEOMETRIC_REPRESENTATION_ITEM ( )  RATIONAL_B_SPLINE_CURVE ( ( 1.000000000000000000, 0.3333333333333333703, 0.3333333333333333703, 1.000000000000000000 ) ) 
 REPRESENTATION_ITEM ( '' )  );
#898 = EDGE_CURVE ( 'NONE', #3506, #3823, #1547, .T. ) ;
#899 = CIRCLE ( 'NONE', #2591, 1.649999999999998579 ) ;
#900 = ORIENTED_EDGE ( 'NONE', *, *, #2301, .F. ) ;
#901 = ORIENTED_EDGE ( 'NONE', *, *, #673, .T. ) ;
#902 = ORIENTED_EDGE ( 'NONE', *, *, #626, .F. ) ;
#903 = AXIS2_PLACEMENT_3D ( 'NONE', #2634, #1099, #3952 ) ;
#904 = DIRECTION ( 'NONE',  ( 1.000000000000000000, 0.000000000000000000, 0.000000000000000000 ) ) ;
#905 = CARTESIAN_POINT ( 'NONE',  ( -15.00000000000000533, 20.00174510857143417, -55.00000000000000000 ) ) ;
#906 = CARTESIAN_POINT ( 'NONE',  ( 33.64544826719043158, 14.40000000000000568, 45.64999999999999147 ) ) ;
#907 = EDGE_CURVE ( 'NONE', #3135, #4116, #835, .T. ) ;
#908 = FACE_OUTER_BOUND ( 'NONE', #4039, .T. ) ;
#909 = CARTESIAN_POINT ( 'NONE',  ( 30.00000000000000000, 0.09999999999998930578, -6.000000000000000000 ) ) ;
#910 = ORIENTED_EDGE ( 'NONE', *, *, #3883, .F. ) ;
#911 = CARTESIAN_POINT ( 'NONE',  ( 32.00000000000000000, 2.000000000000005329, 50.14999999999999858 ) ) ;
#912 = VERTEX_POINT ( 'NONE', #3484 ) ;
#913 = ORIENTED_EDGE ( 'NONE', *, *, #231, .F. ) ;
#914 = EDGE_CURVE ( 'NONE', #3561, #912, #4654, .T. ) ;
#915 = LINE ( 'NONE', #3670, #4608 ) ;
#916 = CYLINDRICAL_SURFACE ( 'NONE', #3080, 8.250000000000000000 ) ;
#917 = CARTESIAN_POINT ( 'NONE',  ( -30.51565158108295606, 20.00000000000000000, -57.39159353583022494 ) ) ;
#918 = VECTOR ( 'NONE', #4237, 1000.000000000000114 ) ;
#919 = VERTEX_POINT ( 'NONE', #3897 ) ;
#920 = FACE_OUTER_BOUND ( 'NONE', #1967, .T. ) ;
#921 = LINE ( 'NONE', #442, #3751 ) ;
#922 = LINE ( 'NONE', #4377, #4398 ) ;
#923 = VECTOR ( 'NONE', #2356, 1000.000000000000000 ) ;
#924 = VERTEX_POINT ( 'NONE', #2375 ) ;
#925 = ORIENTED_EDGE ( 'NONE', *, *, #2890, .F. ) ;
#926 = ORIENTED_EDGE ( 'NONE', *, *, #1721, .F. ) ;
#927 = DIRECTION ( 'NONE',  ( -0.000000000000000000, 1.000000000000000000, 1.640715604224399445E-17 ) ) ;
#928 = DIRECTION ( 'NONE',  ( 1.927470528863119049E-16, 0.000000000000000000, -1.000000000000000000 ) ) ;
#929 = LINE ( 'NONE', #2846, #1031 ) ;
#930 = EDGE_CURVE ( 'NONE', #2166, #2209, #4251, .T. ) ;
#931 = CIRCLE ( 'NONE', #1972, 1.649999999999995248 ) ;
#932 = EDGE_LOOP ( 'NONE', ( #543, #1296, #1335, #4016 ) ) ;
#933 = CARTESIAN_POINT ( 'NONE',  ( -52.35455173280955421, 14.40000000000000568, -24.84999999999997655 ) ) ;
#934 = ORIENTED_EDGE ( 'NONE', *, *, #3349, .F. ) ;
#935 = DIRECTION ( 'NONE',  ( -0.000000000000000000, -0.000000000000000000, -1.000000000000000000 ) ) ;
#936 = EDGE_LOOP ( 'NONE', ( #2559, #4335, #3677, #615 ) ) ;
#937 = CARTESIAN_POINT ( 'NONE',  ( 32.00000000000000000, 14.40000000000000568, 48.50000000000000000 ) ) ;
#938 = FACE_OUTER_BOUND ( 'NONE', #4538, .T. ) ;
#939 = DIRECTION ( 'NONE',  ( 0.000000000000000000, -0.9848077530122080203, 0.1736481776669306920 ) ) ;
#940 = EDGE_CURVE ( 'NONE', #3991, #3995, #1171, .T. ) ;
#941 = EDGE_CURVE ( 'NONE', #2447, #4233, #2326, .T. ) ;
#942 = ORIENTED_EDGE ( 'NONE', *, *, #993, .F. ) ;
#943 = DIRECTION ( 'NONE',  ( 0.5000000000000013323, 0.000000000000000000, 0.8660254037844378194 ) ) ;
#944 = CARTESIAN_POINT ( 'NONE',  ( -20.70000000000000995, 2.999999999999999112, -30.00000000000000711 ) ) ;
#945 = CARTESIAN_POINT ( 'NONE',  ( 57.50000000000001421, 20.00000000000000355, -15.50000000000000711 ) ) ;
#946 = ADVANCED_FACE ( 'NONE', ( #16 ), #3086, .F. ) ;
#947 = EDGE_LOOP ( 'NONE', ( #740, #4303 ) ) ;
#948 = ORIENTED_EDGE ( 'NONE', *, *, #2558, .T. ) ;
#949 = ORIENTED_EDGE ( 'NONE', *, *, #1888, .T. ) ;
#950 = AXIS2_PLACEMENT_3D ( 'NONE', #742, #3801, #1493 ) ;
#951 = VECTOR ( 'NONE', #4526, 1000.000000000000114 ) ;
#952 = PLANE ( 'NONE',  #625 ) ;
#953 = LINE ( 'NONE', #1338, #3301 ) ;
#954 = VECTOR ( 'NONE', #3573, 1000.000000000000114 ) ;
#955 = CARTESIAN_POINT ( 'NONE',  ( 35.00000000000000000, 1.499999999999992006, 6.000000000000000000 ) ) ;
#956 = ORIENTED_EDGE ( 'NONE', *, *, #3309, .T. ) ;
#957 = CARTESIAN_POINT ( 'NONE',  ( 53.64544826719043158, 14.40000000000000568, -21.14999999999998082 ) ) ;
#958 = VERTEX_POINT ( 'NONE', #3114 ) ;
#959 = CARTESIAN_POINT ( 'NONE',  ( 53.00000000000000000, 20.00000000000000355, -41.00000000000000000 ) ) ;
#960 = CIRCLE ( 'NONE', #3134, 60.00000000000000000 ) ;
#961 = VECTOR ( 'NONE', #3861, 1000.000000000000227 ) ;
#962 = ORIENTED_EDGE ( 'NONE', *, *, #1226, .T. ) ;
#963 = PLANE ( 'NONE',  #1572 ) ;
#964 = CARTESIAN_POINT ( 'NONE',  ( -32.00000000000000000, -1.136835273038861628E-14, 6.000000000000000000 ) ) ;
#965 = ORIENTED_EDGE ( 'NONE', *, *, #381, .F. ) ;
#966 = CARTESIAN_POINT ( 'NONE',  ( -28.70910346561914039, 14.40000000000000568, 48.49999999999999289 ) ) ;
#967 = CARTESIAN_POINT ( 'NONE',  ( 36.50000000000001421, 9.299999999999998934, -15.50000000000000711 ) ) ;
#968 = DIRECTION ( 'NONE',  ( -0.000000000000000000, 1.000000000000000000, 1.640715604224399445E-17 ) ) ;
#969 = CIRCLE ( 'NONE', #1385, 2.899999999999999911 ) ;
#970 = EDGE_LOOP ( 'NONE', ( #3411, #2997, #842, #1557 ) ) ;
#971 = AXIS2_PLACEMENT_3D ( 'NONE', #3996, #3579, #2146 ) ;
#972 = ORIENTED_EDGE ( 'NONE', *, *, #4762, .F. ) ;
#973 = ORIENTED_EDGE ( 'NONE', *, *, #4473, .F. ) ;
#974 = EDGE_CURVE ( 'NONE', #2626, #1904, #3151, .T. ) ;
#975 = LINE ( 'NONE', #2514, #226 ) ;
#976 = LINE ( 'NONE', #1424, #4569 ) ;
#977 = CARTESIAN_POINT ( 'NONE',  ( -33.64544826719041737, 14.40000000000000568, 45.65000000000001990 ) ) ;
#978 = EDGE_CURVE ( 'NONE', #2284, #3582, #3380, .T. ) ;
#979 = CIRCLE ( 'NONE', #4896, 2.899999999999999911 ) ;
#980 = EDGE_LOOP ( 'NONE', ( #3907, #1592 ) ) ;
#981 = FILL_AREA_STYLE_COLOUR ( '', #1315 ) ;
#982 = VERTEX_POINT ( 'NONE', #1270 ) ;
#983 = CARTESIAN_POINT ( 'NONE',  ( 0.6754264805429432972, 17.00000000000000000, -54.00000000000001421 ) ) ;
#984 = EDGE_CURVE ( 'NONE', #3895, #4734, #2831, .T. ) ;
#985 = CARTESIAN_POINT ( 'NONE',  ( 34.17657381486517920, 0.000000000000000000, -43.17663406102970214 ) ) ;
#986 = DIRECTION ( 'NONE',  ( -0.8660254037844391517, 8.203578021121983357E-18, -0.4999999999999992784 ) ) ;
#987 = ORIENTED_EDGE ( 'NONE', *, *, #2041, .T. ) ;
#988 = DIRECTION ( 'NONE',  ( -1.000000000000000000, -0.000000000000000000, 0.000000000000000000 ) ) ;
#989 = DIRECTION ( 'NONE',  ( 1.000000000000000000, 0.000000000000000000, 0.000000000000000000 ) ) ;
#990 = ORIENTED_EDGE ( 'NONE', *, *, #331, .F. ) ;
#991 = DIRECTION ( 'NONE',  ( 0.000000000000000000, -0.1736481776669307475, -0.9848077530122080203 ) ) ;
#992 = CARTESIAN_POINT ( 'NONE',  ( 20.00000000000000000, 20.00000000000000355, 56.08784048416740120 ) ) ;
#993 = EDGE_CURVE ( 'NONE', #4585, #4678, #1369, .T. ) ;
#994 = CARTESIAN_POINT ( 'NONE',  ( -55.64544826719042447, 14.40000000000000568, -19.15000000000000568 ) ) ;
#995 = ORIENTED_EDGE ( 'NONE', *, *, #3382, .T. ) ;
#996 = VERTEX_POINT ( 'NONE', #4724 ) ;
#997 = ORIENTED_EDGE ( 'NONE', *, *, #2496, .F. ) ;
#998 = DIRECTION ( 'NONE',  ( 0.000000000000000000, -0.000000000000000000, 1.000000000000000000 ) ) ;
#999 = DIRECTION ( 'NONE',  ( 0.000000000000000000, 0.000000000000000000, -1.000000000000000000 ) ) ;
#1000 = FACE_OUTER_BOUND ( 'NONE', #3588, .T. ) ;
#1001 = CARTESIAN_POINT ( 'NONE',  ( 0.000000000000000000, 27.29267277123861746, -30.19809988236027820 ) ) ;
#1002 = EDGE_CURVE ( 'NONE', #3099, #3142, #568, .T. ) ;
#1003 = ORIENTED_EDGE ( 'NONE', *, *, #1303, .T. ) ;
#1004 = CARTESIAN_POINT ( 'NONE',  ( 0.000000000000000000, 14.40000000000000568, -9.188007383656636644E-17 ) ) ;
#1005 = VERTEX_POINT ( 'NONE', #1699 ) ;
#1006 = DIRECTION ( 'NONE',  ( 0.000000000000000000, 0.000000000000000000, -1.000000000000000000 ) ) ;
#1007 = CARTESIAN_POINT ( 'NONE',  ( 34.84397013045816749, 0.000000000000000000, -33.82200223872997924 ) ) ;
#1008 = CARTESIAN_POINT ( 'NONE',  ( 49.99999999999996447, 19.99999999999996092, -44.07821218377817729 ) ) ;
#1009 = VERTEX_POINT ( 'NONE', #1323 ) ;
#1010 = LINE ( 'NONE', #3997, #23 ) ;
#1011 = LINE ( 'NONE', #2124, #3844 ) ;
#1012 = ORIENTED_EDGE ( 'NONE', *, *, #3693, .F. ) ;
#1013 = LINE ( 'NONE', #2077, #1168 ) ;
#1014 = CARTESIAN_POINT ( 'NONE',  ( -55.64544826719042447, 14.40000000000000568, -24.84999999999997655 ) ) ;
#1015 = FACE_BOUND ( 'NONE', #4356, .T. ) ;
#1016 = ORIENTED_EDGE ( 'NONE', *, *, #4848, .T. ) ;
#1017 = DIRECTION ( 'NONE',  ( -1.000000000000000000, 0.000000000000000000, 0.000000000000000000 ) ) ;
#1018 = EDGE_CURVE ( 'NONE', #2134, #3306, #134, .T. ) ;
#1019 = CARTESIAN_POINT ( 'NONE',  ( -4.087713240271449777, 17.00000000000000000, -51.25000000000001421 ) ) ;
#1020 = LINE ( 'NONE', #2188, #489 ) ;
#1021 = CARTESIAN_POINT ( 'NONE',  ( 0.000000000000000000, 10.00000000000000000, 0.000000000000000000 ) ) ;
#1022 = EDGE_LOOP ( 'NONE', ( #3271, #887, #2781, #337 ) ) ;
#1023 = VECTOR ( 'NONE', #1840, 1000.000000000000000 ) ;
#1024 = VERTEX_POINT ( 'NONE', #2121 ) ;
#1025 = AXIS2_PLACEMENT_3D ( 'NONE', #1045, #290, #1724 ) ;
#1026 = AXIS2_PLACEMENT_3D ( 'NONE', #1536, #1209, #805 ) ;
#1027 = EDGE_CURVE ( 'NONE', #3466, #1380, #4371, .T. ) ;
#1028 = CARTESIAN_POINT ( 'NONE',  ( 22.25000000000000000, 10.00000000000000000, -9.250000000000000000 ) ) ;
#1029 = VERTEX_POINT ( 'NONE', #2425 ) ;
#1030 = FACE_OUTER_BOUND ( 'NONE', #2995, .T. ) ;
#1031 = VECTOR ( 'NONE', #574, 1000.000000000000114 ) ;
#1032 = AXIS2_PLACEMENT_3D ( 'NONE', #2819, #3961, #2387 ) ;
#1033 = CARTESIAN_POINT ( 'NONE',  ( 35.00000000000000000, 0.000000000000000000, -34.60730092143497671 ) ) ;
#1034 = ADVANCED_FACE ( 'NONE', ( #186 ), #4416, .F. ) ;
#1035 = CARTESIAN_POINT ( 'NONE',  ( 30.82200561187035959, 0.000000000000000000, -43.84388773190542565 ) ) ;
#1036 = ORIENTED_EDGE ( 'NONE', *, *, #138, .T. ) ;
#1037 = CARTESIAN_POINT ( 'NONE',  ( -45.00000000000000000, 0.000000000000000000, 11.34999999999999964 ) ) ;
#1038 = DIRECTION ( 'NONE',  ( 0.000000000000000000, 1.000000000000000000, 0.000000000000000000 ) ) ;
#1039 = VECTOR ( 'NONE', #1725, 1000.000000000000000 ) ;
#1040 = AXIS2_PLACEMENT_3D ( 'NONE', #507, #3992, #2422 ) ;
#1041 = VECTOR ( 'NONE', #741, 1000.000000000000000 ) ;
#1042 = ORIENTED_EDGE ( 'NONE', *, *, #1769, .F. ) ;
#1043 = DIRECTION ( 'NONE',  ( 1.000000000000000000, 0.000000000000000000, 0.000000000000000000 ) ) ;
#1044 = VECTOR ( 'NONE', #1773, 1000.000000000000000 ) ;
#1045 = CARTESIAN_POINT ( 'NONE',  ( -30.00000000000000000, 1.499999999999992673, 6.000000000000000000 ) ) ;
#1046 = FACE_BOUND ( 'NONE', #715, .T. ) ;
#1047 = EDGE_CURVE ( 'NONE', #1777, #1242, #732, .T. ) ;
#1048 = ORIENTED_EDGE ( 'NONE', *, *, #3981, .F. ) ;
#1049 = DIRECTION ( 'NONE',  ( 0.8660254037844384856, 0.000000000000000000, 0.5000000000000004441 ) ) ;
#1050 = LINE ( 'NONE', #1779, #2160 ) ;
#1051 = DIRECTION ( 'NONE',  ( 1.000000000000000000, 0.000000000000000000, 0.000000000000000000 ) ) ;
#1052 = FACE_OUTER_BOUND ( 'NONE', #587, .T. ) ;
#1053 = ORIENTED_EDGE ( 'NONE', *, *, #4956, .T. ) ;
#1054 = DIRECTION ( 'NONE',  ( 0.8910071152657399463, 0.4539893396830199657, -0.000000000000000000 ) ) ;
#1055 = ORIENTED_EDGE ( 'NONE', *, *, #4064, .T. ) ;
#1056 = DIRECTION ( 'NONE',  ( 0.000000000000000000, 0.000000000000000000, -1.000000000000000000 ) ) ;
#1057 = LINE ( 'NONE', #3344, #3597 ) ;
#1058 = EDGE_CURVE ( 'NONE', #4171, #48, #3731, .T. ) ;
#1059 =( BOUNDED_CURVE ( )  B_SPLINE_CURVE ( 3, ( #618, #4452, #3338, #4407 ),
 .UNSPECIFIED., .F., .F. ) 
 B_SPLINE_CURVE_WITH_KNOTS ( ( 4, 4 ),
 ( 1.570796326794896558, 4.712388980384689674 ),
 .UNSPECIFIED. ) 
 CURVE ( )  GEOMETRIC_REPRESENTATION_ITEM ( )  RATIONAL_B_SPLINE_CURVE ( ( 1.000000000000000000, 0.3333333333333333703, 0.3333333333333333703, 1.000000000000000000 ) ) 
 REPRESENTATION_ITEM ( '' )  );
#1060 = VECTOR ( 'NONE', #4588, 1000.000000000000000 ) ;
#1061 = DIRECTION ( 'NONE',  ( 0.000000000000000000, 1.000000000000000000, 0.000000000000000000 ) ) ;
#1062 = CARTESIAN_POINT ( 'NONE',  ( 52.84397013045814617, 20.00000000000000000, -42.17799776127007760 ) ) ;
#1063 = VERTEX_POINT ( 'NONE', #4321 ) ;
#1064 = FACE_OUTER_BOUND ( 'NONE', #3567, .T. ) ;
#1065 = EDGE_CURVE ( 'NONE', #2843, #3434, #915, .T. ) ;
#1066 = ADVANCED_FACE ( 'NONE', ( #4391 ), #963, .T. ) ;
#1067 = ORIENTED_EDGE ( 'NONE', *, *, #4496, .F. ) ;
#1068 = DIRECTION ( 'NONE',  ( 0.000000000000000000, -0.000000000000000000, 1.000000000000000000 ) ) ;
#1069 = CARTESIAN_POINT ( 'NONE',  ( -45.00000000000000000, 13.63095238095237960, 10.10000000000000142 ) ) ;
#1070 = FACE_BOUND ( 'NONE', #609, .T. ) ;
#1071 = ORIENTED_EDGE ( 'NONE', *, *, #1080, .F. ) ;
#1072 = PLANE ( 'NONE',  #4838 ) ;
#1073 = LINE ( 'NONE', #2921, #3909 ) ;
#1074 = LINE ( 'NONE', #692, #3230 ) ;
#1075 = CARTESIAN_POINT ( 'NONE',  ( -27.99999999999999645, -7.102951435054641748E-15, 6.000000000000000000 ) ) ;
#1076 = ORIENTED_EDGE ( 'NONE', *, *, #2482, .T. ) ;
#1077 = LINE ( 'NONE', #2265, #415 ) ;
#1078 = VERTEX_POINT ( 'NONE', #510 ) ;
#1079 = CIRCLE ( 'NONE', #2529, 8.250000000000000000 ) ;
#1080 = EDGE_CURVE ( 'NONE', #3471, #813, #3972, .T. ) ;
#1081 = DIRECTION ( 'NONE',  ( 0.000000000000000000, -1.000000000000000000, 0.000000000000000000 ) ) ;
#1082 = FACE_OUTER_BOUND ( 'NONE', #1975, .T. ) ;
#1083 = VECTOR ( 'NONE', #392, 1000.000000000000000 ) ;
#1084 = ADVANCED_FACE ( 'NONE', ( #3232 ), #533, .T. ) ;
#1085 = CARTESIAN_POINT ( 'NONE',  ( -32.00000000000000000, 0.09999999999998876454, -6.000000000000000000 ) ) ;
#1086 = DIRECTION ( 'NONE',  ( 0.000000000000000000, 0.000000000000000000, 1.000000000000000000 ) ) ;
#1087 = VERTEX_POINT ( 'NONE', #4771 ) ;
#1088 = CARTESIAN_POINT ( 'NONE',  ( 0.000000000000000000, 20.00000000000000000, 0.000000000000000000 ) ) ;
#1089 = CIRCLE ( 'NONE', #2862, 1.650000000000002132 ) ;
#1090 = VERTEX_POINT ( 'NONE', #235 ) ;
#1091 = CARTESIAN_POINT ( 'NONE',  ( 33.64544826719043158, 14.40000000000000568, 45.64999999999999147 ) ) ;
#1092 = ADVANCED_FACE ( 'NONE', ( #4748 ), #4323, .F. ) ;
#1093 = DIRECTION ( 'NONE',  ( 0.000000000000000000, -1.000000000000000000, 0.000000000000000000 ) ) ;
#1094 = DIRECTION ( 'NONE',  ( 0.000000000000000000, -1.000000000000000000, -1.640715604224399445E-17 ) ) ;
#1095 = EDGE_CURVE ( 'NONE', #4131, #2630, #4768, .T. ) ;
#1096 = ORIENTED_EDGE ( 'NONE', *, *, #2631, .T. ) ;
#1097 = CARTESIAN_POINT ( 'NONE',  ( -27.99999999999999645, -7.102951435054641748E-15, 6.000000000000000000 ) ) ;
#1098 = CARTESIAN_POINT ( 'NONE',  ( -2.499999999999993339, 16.00000000000000000, -54.00000000000000711 ) ) ;
#1099 = DIRECTION ( 'NONE',  ( 0.000000000000000000, 1.000000000000000000, 0.000000000000000000 ) ) ;
#1100 = EDGE_CURVE ( 'NONE', #870, #1380, #931, .T. ) ;
#1101 = PLANE ( 'NONE',  #243 ) ;
#1102 = ADVANCED_FACE ( 'NONE', ( #1436 ), #2980, .F. ) ;
#1103 = ORIENTED_EDGE ( 'NONE', *, *, #4769, .T. ) ;
#1104 = DIRECTION ( 'NONE',  ( -0.000000000000000000, -1.000000000000000000, -0.000000000000000000 ) ) ;
#1105 = EDGE_LOOP ( 'NONE', ( #2947, #3664 ) ) ;
#1106 = DIRECTION ( 'NONE',  ( -1.000000000000000000, 0.000000000000000000, -0.000000000000000000 ) ) ;
#1107 = DIRECTION ( 'NONE',  ( 0.8910071152657397242, -0.4539893396830202432, 0.000000000000000000 ) ) ;
#1108 = DIRECTION ( 'NONE',  ( -1.000000000000000000, 0.000000000000000000, 0.000000000000000000 ) ) ;
#1109 = AXIS2_PLACEMENT_3D ( 'NONE', #4905, #3016, #1475 ) ;
#1110 = CARTESIAN_POINT ( 'NONE',  ( 28.99999999999999645, -0.000000000000000000, -40.50000000000000000 ) ) ;
#1111 = CARTESIAN_POINT ( 'NONE',  ( 46.99999999999995737, 20.00000000000000355, -37.99999999999996447 ) ) ;
#1112 = EDGE_LOOP ( 'NONE', ( #2122, #1217, #4557, #3358 ) ) ;
#1113 = AXIS2_PLACEMENT_3D ( 'NONE', #4458, #2928, #4438 ) ;
#1114 = AXIS2_PLACEMENT_3D ( 'NONE', #3938, #4662, #873 ) ;
#1115 = DIRECTION ( 'NONE',  ( -0.5000000000000003331, 0.000000000000000000, 0.8660254037844383745 ) ) ;
#1116 = AXIS2_PLACEMENT_3D ( 'NONE', #1984, #3078, #76 ) ;
#1117 = CIRCLE ( 'NONE', #79, 1.649999999999995248 ) ;
#1118 = ORIENTED_EDGE ( 'NONE', *, *, #2667, .T. ) ;
#1119 = CARTESIAN_POINT ( 'NONE',  ( -35.00000000000000000, 0.000000000000000000, 6.000000000000000000 ) ) ;
#1120 = LINE ( 'NONE', #4499, #3451 ) ;
#1121 = ADVANCED_FACE ( 'NONE', ( #357 ), #1565, .F. ) ;
#1122 = FACE_OUTER_BOUND ( 'NONE', #2132, .T. ) ;
#1123 = EDGE_CURVE ( 'NONE', #4302, #2284, #3055, .T. ) ;
#1124 = VERTEX_POINT ( 'NONE', #1140 ) ;
#1125 = DIRECTION ( 'NONE',  ( 0.000000000000000000, -1.000000000000000000, 0.000000000000000000 ) ) ;
#1126 = FACE_OUTER_BOUND ( 'NONE', #4414, .T. ) ;
#1127 = VERTEX_POINT ( 'NONE', #831 ) ;
#1128 = DIRECTION ( 'NONE',  ( 0.000000000000000000, 1.000000000000000000, 0.000000000000000000 ) ) ;
#1129 = CARTESIAN_POINT ( 'NONE',  ( -32.00000000000000000, 20.00000000000000355, 50.14999999999999858 ) ) ;
#1130 = VERTEX_POINT ( 'NONE', #3452 ) ;
#1131 = EDGE_CURVE ( 'NONE', #2972, #137, #3082, .T. ) ;
#1132 = CARTESIAN_POINT ( 'NONE',  ( -52.35455173280956132, 14.40000000000000568, -19.15000000000000568 ) ) ;
#1133 = ORIENTED_EDGE ( 'NONE', *, *, #2148, .T. ) ;
#1134 = LINE ( 'NONE', #3866, #495 ) ;
#1135 = AXIS2_PLACEMENT_3D ( 'NONE', #2913, #4422, #991 ) ;
#1136 = CARTESIAN_POINT ( 'NONE',  ( 0.000000000000000000, 1.075238199893875812, -25.57525880247332495 ) ) ;
#1137 = DIRECTION ( 'NONE',  ( 0.000000000000000000, -1.000000000000000000, 0.000000000000000000 ) ) ;
#1138 = VECTOR ( 'NONE', #1451, 1000.000000000000000 ) ;
#1139 = FACE_OUTER_BOUND ( 'NONE', #2264, .T. ) ;
#1140 = CARTESIAN_POINT ( 'NONE',  ( -45.00000000000000000, 0.000000000000000000, -30.65000000000000213 ) ) ;
#1141 = ORIENTED_EDGE ( 'NONE', *, *, #2207, .T. ) ;
#1142 = LINE ( 'NONE', #2602, #3943 ) ;
#1143 = EDGE_CURVE ( 'NONE', #2972, #440, #780, .T. ) ;
#1144 = CIRCLE ( 'NONE', #4415, 1.650000000000002132 ) ;
#1145 = ORIENTED_EDGE ( 'NONE', *, *, #3293, .F. ) ;
#1146 = CARTESIAN_POINT ( 'NONE',  ( 36.50000000000001421, 3.000000000000000000, 41.49999999999999289 ) ) ;
#1147 = DIRECTION ( 'NONE',  ( 0.000000000000000000, 0.000000000000000000, 1.000000000000000000 ) ) ;
#1148 = EDGE_CURVE ( 'NONE', #3147, #1130, #3499, .T. ) ;
#1149 = CARTESIAN_POINT ( 'NONE',  ( 0.000000000000000000, 0.000000000000000000, -28.17808847982943021 ) ) ;
#1150 = VECTOR ( 'NONE', #4289, 1000.000000000000000 ) ;
#1151 = EDGE_LOOP ( 'NONE', ( #3908, #1154, #1621, #1803 ) ) ;
#1152 = CARTESIAN_POINT ( 'NONE',  ( -0.9122867597285204688, 17.00000000000000000, -39.25000000000000000 ) ) ;
#1153 = DIRECTION ( 'NONE',  ( 0.000000000000000000, -1.000000000000000000, 0.000000000000000000 ) ) ;
#1154 = ORIENTED_EDGE ( 'NONE', *, *, #2215, .F. ) ;
#1155 = LINE ( 'NONE', #770, #3705 ) ;
#1156 = DIRECTION ( 'NONE',  ( 0.000000000000000000, 0.000000000000000000, -1.000000000000000000 ) ) ;
#1157 = ORIENTED_EDGE ( 'NONE', *, *, #1922, .T. ) ;
#1158 = FACE_OUTER_BOUND ( 'NONE', #3950, .T. ) ;
#1159 = VERTEX_POINT ( 'NONE', #2320 ) ;
#1160 = LINE ( 'NONE', #4160, #4069 ) ;
#1161 = DIRECTION ( 'NONE',  ( 0.000000000000000000, -0.9848077530122080203, 0.1736481776669306920 ) ) ;
#1162 = LINE ( 'NONE', #1537, #3440 ) ;
#1163 = ADVANCED_FACE ( 'NONE', ( #3422 ), #1189, .F. ) ;
#1164 = FACE_OUTER_BOUND ( 'NONE', #4279, .T. ) ;
#1165 = DIRECTION ( 'NONE',  ( -1.000000000000000000, 0.000000000000000000, 0.000000000000000000 ) ) ;
#1166 = ORIENTED_EDGE ( 'NONE', *, *, #2194, .F. ) ;
#1167 = DIRECTION ( 'NONE',  ( -0.000000000000000000, -0.000000000000000000, 1.000000000000000000 ) ) ;
#1168 = VECTOR ( 'NONE', #943, 1000.000000000000227 ) ;
#1169 = ORIENTED_EDGE ( 'NONE', *, *, #1627, .T. ) ;
#1170 = ADVANCED_FACE ( 'NONE', ( #3108 ), #1512, .T. ) ;
#1171 = LINE ( 'NONE', #3528, #2099 ) ;
#1172 = FACE_OUTER_BOUND ( 'NONE', #1698, .T. ) ;
#1173 = AXIS2_PLACEMENT_3D ( 'NONE', #3627, #163, #2049 ) ;
#1174 = CARTESIAN_POINT ( 'NONE',  ( -12.00000000000000533, 0.000000000000000000, -46.00000000000000000 ) ) ;
#1175 = ORIENTED_EDGE ( 'NONE', *, *, #4948, .F. ) ;
#1176 = DIRECTION ( 'NONE',  ( -0.000000000000000000, 1.000000000000000000, 1.640715604224399445E-17 ) ) ;
#1177 = CARTESIAN_POINT ( 'NONE',  ( -0.9122867597285181374, 17.00000000000000000, -56.74999999999999289 ) ) ;
#1178 = ORIENTED_EDGE ( 'NONE', *, *, #3884, .T. ) ;
#1179 = CYLINDRICAL_SURFACE ( 'NONE', #4474, 2.000000000000001776 ) ;
#1180 = ORIENTED_EDGE ( 'NONE', *, *, #4870, .F. ) ;
#1181 = ORIENTED_EDGE ( 'NONE', *, *, #2496, .T. ) ;
#1182 = ORIENTED_EDGE ( 'NONE', *, *, #3598, .T. ) ;
#1183 = EDGE_CURVE ( 'NONE', #4255, #563, #1089, .T. ) ;
#1184 = PRODUCT_DEFINITION_CONTEXT ( 'detailed design', #2638, 'design' ) ;
#1185 = CARTESIAN_POINT ( 'NONE',  ( -45.00000000000000000, 20.00000000000000355, -29.00000000000000000 ) ) ;
#1186 = DIRECTION ( 'NONE',  ( 0.000000000000000000, 0.000000000000000000, 1.000000000000000000 ) ) ;
#1187 = PLANE ( 'NONE',  #3279 ) ;
#1188 = CARTESIAN_POINT ( 'NONE',  ( -0.9122867597285283514, 17.00000000000000000, -44.75000000000001421 ) ) ;
#1189 = CYLINDRICAL_SURFACE ( 'NONE', #1340, 65.00000000000014211 ) ;
#1190 = ORIENTED_EDGE ( 'NONE', *, *, #3285, .F. ) ;
#1191 = FACE_OUTER_BOUND ( 'NONE', #2374, .T. ) ;
#1192 = ORIENTED_EDGE ( 'NONE', *, *, #1721, .T. ) ;
#1193 = VECTOR ( 'NONE', #3213, 1000.000000000000000 ) ;
#1194 = CARTESIAN_POINT ( 'NONE',  ( 0.000000000000000000, 20.00000000000000000, 0.000000000000000000 ) ) ;
#1195 = VECTOR ( 'NONE', #2567, 1000.000000000000000 ) ;
#1196 = CARTESIAN_POINT ( 'NONE',  ( 32.00000000000000000, 0.09999999999998952782, 6.000000000000000000 ) ) ;
#1197 = ORIENTED_EDGE ( 'NONE', *, *, #2328, .T. ) ;
#1198 = CARTESIAN_POINT ( 'NONE',  ( 55.29089653438087026, 14.40000000000000568, -23.99999999999999289 ) ) ;
#1199 = CARTESIAN_POINT ( 'NONE',  ( 35.29089653438087026, 14.40000000000000568, 48.49999999999998579 ) ) ;
#1200 = EDGE_LOOP ( 'NONE', ( #2779, #4054 ) ) ;
#1201 = FACE_OUTER_BOUND ( 'NONE', #3179, .T. ) ;
#1202 = ADVANCED_FACE ( 'NONE', ( #2727 ), #758, .T. ) ;
#1203 = B_SPLINE_SURFACE_WITH_KNOTS ( 'NONE', 3, 1, ( 
 ( #3001, #3768 ),
 ( #3719, #333 ),
 ( #1412, #283 ),
 ( #4820, #4892 ),
 ( #603, #1435 ),
 ( #2599, #4843 ),
 ( #4087, #1865 ),
 ( #3669, #985 ),
 ( #3345, #677 ),
 ( #3395, #2930 ),
 ( #234, #2951 ),
 ( #2223, #4439 ),
 ( #1842, #1816 ),
 ( #1763, #4460 ),
 ( #3372, #1462 ),
 ( #4865, #1033 ),
 ( #4512, #1007 ),
 ( #4914, #3300 ),
 ( #1486, #3026 ),
 ( #2546, #4060 ),
 ( #627, #2174 ),
 ( #653, #3695 ),
 ( #261, #1792 ),
 ( #1988, #2648 ),
 ( #2678, #80 ),
 ( #3793, #432 ),
 ( #2754, #4638 ),
 ( #4593, #3845 ),
 ( #2369, #1110 ),
 ( #406, #1212 ) ),
 .UNSPECIFIED., .T., .F., .F.,
 ( 4, 1, 1, 1, 1, 1, 1, 1, 2, 1, 1, 1, 2, 1, 1, 1, 1, 1, 1, 1, 2, 1, 1, 1, 4 ),
 ( 2, 2 ),
 ( 0.000000000000000000, 0.03818846689697855817, 0.07637693379395711635, 0.1145654006909356815, 0.1527538675879142327, 0.1909423344848927839, 0.2291308013818713629, 0.2673192682788498864, 0.3055077351758285209, 0.3541308013818713629, 0.4027538675879143160, 0.4513769337939571580, 0.5000000000000000000, 0.5381884668969785235, 0.5763769337939570470, 0.6145654006909355704, 0.6527538675879143160, 0.6909423344848928394, 0.7291308013818714739, 0.7673192682788499974, 0.8055077351758285209, 0.8541308013818714739, 0.9027538675879143160, 0.9513769337939570470, 1.000000000000000000 ),
 ( 0.000000000000000000, 1.000000000000000000 ),
 .UNSPECIFIED. ) ;
#1204 = VECTOR ( 'NONE', #4883, 1000.000000000000000 ) ;
#1205 = VERTEX_POINT ( 'NONE', #809 ) ;
#1206 = VERTEX_POINT ( 'NONE', #1614 ) ;
#1207 = ORIENTED_EDGE ( 'NONE', *, *, #577, .F. ) ;
#1208 = LINE ( 'NONE', #826, #1997 ) ;
#1209 = DIRECTION ( 'NONE',  ( -0.7071067811865497932, 0.000000000000000000, 0.7071067811865452413 ) ) ;
#1210 = AXIS2_PLACEMENT_3D ( 'NONE', #3381, #2304, #4521 ) ;
#1211 = FACE_OUTER_BOUND ( 'NONE', #498, .T. ) ;
#1212 = CARTESIAN_POINT ( 'NONE',  ( 28.99999999999999645, 0.000000000000000000, -40.99999999824481733 ) ) ;
#1213 = CARTESIAN_POINT ( 'NONE',  ( -32.24999999999998579, 0.000000000000000000, 35.60000000000000142 ) ) ;
#1214 = ORIENTED_EDGE ( 'NONE', *, *, #4501, .T. ) ;
#1215 = ADVANCED_FACE ( 'NONE', ( #4565 ), #3153, .F. ) ;
#1216 = CIRCLE ( 'NONE', #2663, 2.000000000000001776 ) ;
#1217 = ORIENTED_EDGE ( 'NONE', *, *, #4023, .F. ) ;
#1218 = VECTOR ( 'NONE', #4348, 1000.000000000000000 ) ;
#1219 = ORIENTED_EDGE ( 'NONE', *, *, #2357, .T. ) ;
#1220 = FACE_OUTER_BOUND ( 'NONE', #3839, .T. ) ;
#1221 = EDGE_CURVE ( 'NONE', #2483, #1642, #4346, .T. ) ;
#1222 = CYLINDRICAL_SURFACE ( 'NONE', #1757, 1.649999999999998579 ) ;
#1223 = EDGE_CURVE ( 'NONE', #2447, #1248, #3918, .T. ) ;
#1224 =( BOUNDED_CURVE ( )  B_SPLINE_CURVE ( 3, ( #2686, #2736, #18, #1149 ),
 .UNSPECIFIED., .F., .F. ) 
 B_SPLINE_CURVE_WITH_KNOTS ( ( 4, 4 ),
 ( 1.224646799147352714E-16, 3.141592653589793116 ),
 .UNSPECIFIED. ) 
 CURVE ( )  GEOMETRIC_REPRESENTATION_ITEM ( )  RATIONAL_B_SPLINE_CURVE ( ( 1.000000000000000000, 0.3333333333333333703, 0.3333333333333333703, 1.000000000000000000 ) ) 
 REPRESENTATION_ITEM ( '' )  );
#1225 = VECTOR ( 'NONE', #1438, 1000.000000000000000 ) ;
#1226 = EDGE_CURVE ( 'NONE', #3391, #4685, #1989, .T. ) ;
#1227 = EDGE_LOOP ( 'NONE', ( #51, #1894, #723, #2548 ) ) ;
#1228 = DIRECTION ( 'NONE',  ( 0.000000000000000000, -1.000000000000000000, 0.000000000000000000 ) ) ;
#1229 = DIRECTION ( 'NONE',  ( 0.000000000000000000, 0.000000000000000000, 1.000000000000000000 ) ) ;
#1230 = ORIENTED_EDGE ( 'NONE', *, *, #3269, .T. ) ;
#1231 = DIRECTION ( 'NONE',  ( 0.000000000000000000, 1.000000000000000000, 1.640715604224399445E-17 ) ) ;
#1232 = ORIENTED_EDGE ( 'NONE', *, *, #3598, .F. ) ;
#1233 = ORIENTED_EDGE ( 'NONE', *, *, #2946, .T. ) ;
#1234 = ORIENTED_EDGE ( 'NONE', *, *, #3396, .T. ) ;
#1235 = CARTESIAN_POINT ( 'NONE',  ( 0.000000000000000000, 20.00000000000000355, 3.281431208448799629E-16 ) ) ;
#1236 = CARTESIAN_POINT ( 'NONE',  ( 57.50000000000001421, 20.00000000000000355, 41.49999999999999289 ) ) ;
#1237 = DIRECTION ( 'NONE',  ( 0.000000000000000000, -1.000000000000000000, 0.000000000000000000 ) ) ;
#1238 = CARTESIAN_POINT ( 'NONE',  ( 3.980102097228898231E-16, 20.00000000000000355, -25.61206842268426698 ) ) ;
#1239 = DIRECTION ( 'NONE',  ( 0.000000000000000000, -1.000000000000000000, 0.000000000000000000 ) ) ;
#1240 = ORIENTED_EDGE ( 'NONE', *, *, #3975, .T. ) ;
#1241 = EDGE_CURVE ( 'NONE', #1734, #4370, #4584, .T. ) ;
#1242 = VERTEX_POINT ( 'NONE', #1213 ) ;
#1243 = VERTEX_POINT ( 'NONE', #1943 ) ;
#1244 = VECTOR ( 'NONE', #317, 1000.000000000000000 ) ;
#1245 = CARTESIAN_POINT ( 'NONE',  ( 52.00000000000000000, 17.00000000000000355, -24.00000000000000000 ) ) ;
#1246 = DIRECTION ( 'NONE',  ( -0.000000000000000000, 1.000000000000000000, 1.640715604224399445E-17 ) ) ;
#1247 = CARTESIAN_POINT ( 'NONE',  ( 22.25000000000000000, 3.000000000000000000, 35.25000000000000000 ) ) ;
#1248 = VERTEX_POINT ( 'NONE', #2392 ) ;
#1249 = EDGE_CURVE ( 'NONE', #2058, #3094, #4746, .T. ) ;
#1250 = CARTESIAN_POINT ( 'NONE',  ( 35.29089653438087026, 14.40000000000000568, 48.49999999999998579 ) ) ;
#1251 = EDGE_CURVE ( 'NONE', #2483, #253, #3480, .T. ) ;
#1252 = FACE_BOUND ( 'NONE', #4707, .T. ) ;
#1253 = VERTEX_POINT ( 'NONE', #933 ) ;
#1254 = CARTESIAN_POINT ( 'NONE',  ( 35.29089653438087026, 14.40000000000000568, 48.49999999999998579 ) ) ;
#1255 =( BOUNDED_CURVE ( )  B_SPLINE_CURVE ( 3, ( #2054, #4899, #4117, #684 ),
 .UNSPECIFIED., .F., .F. ) 
 B_SPLINE_CURVE_WITH_KNOTS ( ( 4, 4 ),
 ( 3.141592653589793116, 6.283185307179586232 ),
 .UNSPECIFIED. ) 
 CURVE ( )  GEOMETRIC_REPRESENTATION_ITEM ( )  RATIONAL_B_SPLINE_CURVE ( ( 1.000000000000000000, 0.3333333333333333703, 0.3333333333333333703, 1.000000000000000000 ) ) 
 REPRESENTATION_ITEM ( '' )  );
#1256 = ORIENTED_EDGE ( 'NONE', *, *, #514, .T. ) ;
#1257 = ORIENTED_EDGE ( 'NONE', *, *, #537, .T. ) ;
#1258 = ORIENTED_EDGE ( 'NONE', *, *, #210, .F. ) ;
#1259 = EDGE_CURVE ( 'NONE', #3094, #2058, #2597, .T. ) ;
#1260 = EDGE_CURVE ( 'NONE', #1087, #1513, #27, .T. ) ;
#1261 = FACE_BOUND ( 'NONE', #2535, .T. ) ;
#1262 = DIRECTION ( 'NONE',  ( 0.4999999999999996114, 0.000000000000000000, 0.8660254037844388186 ) ) ;
#1263 = DIRECTION ( 'NONE',  ( 0.000000000000000000, -1.000000000000000000, 0.000000000000000000 ) ) ;
#1264 = CARTESIAN_POINT ( 'NONE',  ( 30.00000000000000000, 0.09999999999998930578, 6.000000000000000000 ) ) ;
#1265 = DIRECTION ( 'NONE',  ( 1.000000000000000000, 0.000000000000000000, 0.000000000000000000 ) ) ;
#1266 = ORIENTED_EDGE ( 'NONE', *, *, #267, .F. ) ;
#1267 = DIRECTION ( 'NONE',  ( 0.000000000000000000, 1.000000000000000000, 1.640715604224399445E-17 ) ) ;
#1268 = EDGE_LOOP ( 'NONE', ( #584, #2202, #2552, #4696 ) ) ;
#1269 = ORIENTED_EDGE ( 'NONE', *, *, #2654, .T. ) ;
#1270 = CARTESIAN_POINT ( 'NONE',  ( -34.76969600708472541, 3.000000000000000000, 6.000000000000000000 ) ) ;
#1271 = CARTESIAN_POINT ( 'NONE',  ( -52.35455173280956132, 14.40000000000000568, -19.15000000000000568 ) ) ;
#1272 = DIRECTION ( 'NONE',  ( 0.000000000000000000, -1.000000000000000000, 0.000000000000000000 ) ) ;
#1273 = AXIS2_PLACEMENT_3D ( 'NONE', #883, #599, #184 ) ;
#1274 = VECTOR ( 'NONE', #4275, 1000.000000000000114 ) ;
#1275 = VERTEX_POINT ( 'NONE', #957 ) ;
#1276 = CARTESIAN_POINT ( 'NONE',  ( 0.6754264805429498475, 17.00000000000000000, -42.00000000000000000 ) ) ;
#1277 = DIRECTION ( 'NONE',  ( 0.000000000000000000, -1.000000000000000000, 0.000000000000000000 ) ) ;
#1278 = EDGE_CURVE ( 'NONE', #4921, #25, #2493, .T. ) ;
#1279 = DIRECTION ( 'NONE',  ( 0.8910071152657399463, 0.4539893396830199657, -0.000000000000000000 ) ) ;
#1280 = AXIS2_PLACEMENT_3D ( 'NONE', #1019, #4809, #1753 ) ;
#1281 = MANIFOLD_SOLID_BREP ( 'Cut-Extrude28', #1964 ) ;
#1282 = EDGE_LOOP ( 'NONE', ( #3481, #2780, #4347, #277 ) ) ;
#1283 = EDGE_LOOP ( 'NONE', ( #3209, #4570, #4910, #28 ) ) ;
#1284 = CIRCLE ( 'NONE', #872, 1.650000000000002132 ) ;
#1285 = DIRECTION ( 'NONE',  ( 0.000000000000000000, 0.000000000000000000, -1.000000000000000000 ) ) ;
#1286 = CARTESIAN_POINT ( 'NONE',  ( 0.000000000000000000, 14.40000000000000568, -9.188007383656636644E-17 ) ) ;
#1287 = CARTESIAN_POINT ( 'NONE',  ( -5.499999999999997335, -4.581572289430549612E-17, -22.59324211445782993 ) ) ;
#1288 = AXIS2_PLACEMENT_3D ( 'NONE', #566, #1655, #3980 ) ;
#1289 = AXIS2_PLACEMENT_3D ( 'NONE', #4694, #2851, #4718 ) ;
#1290 = PRODUCT ( 'SLSSFRAME2', 'SLSSFRAME2', '', ( #2150 ) ) ;
#1291 = FACE_OUTER_BOUND ( 'NONE', #1760, .T. ) ;
#1292 = AXIS2_PLACEMENT_3D ( 'NONE', #638, #612, #2940 ) ;
#1293 = CARTESIAN_POINT ( 'NONE',  ( -45.00000000000000000, 23.00000000000000000, 13.00000000000000178 ) ) ;
#1294 = VERTEX_POINT ( 'NONE', #3990 ) ;
#1295 = CARTESIAN_POINT ( 'NONE',  ( -54.00000000000000000, 2.000000000000005329, -23.64999999999999503 ) ) ;
#1296 = ORIENTED_EDGE ( 'NONE', *, *, #3184, .F. ) ;
#1297 = DIRECTION ( 'NONE',  ( 0.000000000000000000, 0.000000000000000000, 1.000000000000000000 ) ) ;
#1298 = DIRECTION ( 'NONE',  ( 0.000000000000000000, 1.000000000000000000, 0.000000000000000000 ) ) ;
#1299 = CIRCLE ( 'NONE', #3933, 1.649999999999998579 ) ;
#1300 = DIRECTION ( 'NONE',  ( 0.000000000000000000, 0.000000000000000000, -1.000000000000000000 ) ) ;
#1301 = AXIS2_PLACEMENT_3D ( 'NONE', #524, #1313, #2845 ) ;
#1302 = ORIENTED_EDGE ( 'NONE', *, *, #2355, .T. ) ;
#1303 = EDGE_CURVE ( 'NONE', #50, #4807, #3835, .T. ) ;
#1304 = CARTESIAN_POINT ( 'NONE',  ( -57.49999999999999289, 20.00000000000000355, -15.50000000000000711 ) ) ;
#1305 = DIRECTION ( 'NONE',  ( -0.8660254037844384856, 0.000000000000000000, 0.5000000000000003331 ) ) ;
#1306 = CARTESIAN_POINT ( 'NONE',  ( 52.00000000000000000, 20.00000000000000355, -24.00000000000000000 ) ) ;
#1307 = VECTOR ( 'NONE', #4533, 1000.000000000000114 ) ;
#1308 = ORIENTED_EDGE ( 'NONE', *, *, #2745, .T. ) ;
#1309 = ORIENTED_EDGE ( 'NONE', *, *, #4322, .F. ) ;
#1310 = ORIENTED_EDGE ( 'NONE', *, *, #3224, .T. ) ;
#1311 = AXIS2_PLACEMENT_3D ( 'NONE', #1743, #3256, #2501 ) ;
#1312 = FACE_BOUND ( 'NONE', #2949, .T. ) ;
#1313 = DIRECTION ( 'NONE',  ( 0.000000000000000000, 1.000000000000000000, 0.000000000000000000 ) ) ;
#1314 = FACE_OUTER_BOUND ( 'NONE', #1414, .T. ) ;
#1315 = COLOUR_RGB ( '',0.7921568627450980005, 0.8196078431372548767, 0.9333333333333333481 ) ;
#1316 = ORIENTED_EDGE ( 'NONE', *, *, #2215, .T. ) ;
#1317 = CARTESIAN_POINT ( 'NONE',  ( 53.64544826719041737, 14.40000000000000568, -26.85000000000001918 ) ) ;
#1318 = ADVANCED_FACE ( 'NONE', ( #4764 ), #2520, .T. ) ;
#1319 = ORIENTED_EDGE ( 'NONE', *, *, #2523, .T. ) ;
#1320 = CARTESIAN_POINT ( 'NONE',  ( 35.00000000000000000, 0.000000000000000000, -34.99999999999999289 ) ) ;
#1321 = EDGE_CURVE ( 'NONE', #3247, #4845, #481, .T. ) ;
#1322 = EDGE_LOOP ( 'NONE', ( #3658, #470, #154, #4576 ) ) ;
#1323 = CARTESIAN_POINT ( 'NONE',  ( -24.99999999999999289, -6.735557395310443404E-15, 6.000000000000000000 ) ) ;
#1324 = EDGE_CURVE ( 'NONE', #1642, #2483, #1596, .T. ) ;
#1325 = DIRECTION ( 'NONE',  ( 0.000000000000000000, 0.000000000000000000, 1.000000000000000000 ) ) ;
#1326 = CARTESIAN_POINT ( 'NONE',  ( -36.49999999999998579, 23.00000000000000000, 41.49999999999999289 ) ) ;
#1327 = CIRCLE ( 'NONE', #2699, 1.649999999999998579 ) ;
#1328 = EDGE_CURVE ( 'NONE', #142, #3895, #2043, .T. ) ;
#1329 = EDGE_LOOP ( 'NONE', ( #659, #2530, #551, #2157 ) ) ;
#1330 = DIRECTION ( 'NONE',  ( 0.000000000000000000, 0.000000000000000000, 1.000000000000000000 ) ) ;
#1331 = DIRECTION ( 'NONE',  ( -1.000000000000000000, 0.000000000000000000, 0.000000000000000000 ) ) ;
#1332 = CARTESIAN_POINT ( 'NONE',  ( -30.35455173280956487, 14.40000000000000568, 51.34999999999998010 ) ) ;
#1333 = CIRCLE ( 'NONE', #2855, 1.649999999999998579 ) ;
#1334 = EDGE_LOOP ( 'NONE', ( #1859, #341, #4222, #735 ) ) ;
#1335 = ORIENTED_EDGE ( 'NONE', *, *, #3215, .T. ) ;
#1336 = ORIENTED_EDGE ( 'NONE', *, *, #1469, .T. ) ;
#1337 = DIRECTION ( 'NONE',  ( -0.6427876096865405842, 0.000000000000000000, -0.7660444431189769032 ) ) ;
#1338 = CARTESIAN_POINT ( 'NONE',  ( -4.087713240271449777, 17.00000000000000000, -51.25000000000001421 ) ) ;
#1339 = CARTESIAN_POINT ( 'NONE',  ( -2.499999999999993339, 16.00000000000000000, -54.00000000000000711 ) ) ;
#1340 = AXIS2_PLACEMENT_3D ( 'NONE', #4939, #433, #1541 ) ;
#1341 = ORIENTED_EDGE ( 'NONE', *, *, #2598, .T. ) ;
#1342 =( NAMED_UNIT ( * ) PLANE_ANGLE_UNIT ( ) SI_UNIT ( $, .RADIAN. ) );
#1343 = ORIENTED_EDGE ( 'NONE', *, *, #3625, .F. ) ;
#1344 = CARTESIAN_POINT ( 'NONE',  ( -32.00000000000000000, 2.000000000000005329, 50.14999999999999858 ) ) ;
#1345 = VERTEX_POINT ( 'NONE', #1663 ) ;
#1346 = CARTESIAN_POINT ( 'NONE',  ( 29.15602986954186804, 0.000000000000000000, -42.17799776127016997 ) ) ;
#1347 = LINE ( 'NONE', #4442, #3156 ) ;
#1348 = ADVANCED_FACE ( 'NONE', ( #4716 ), #552, .F. ) ;
#1349 = VERTEX_POINT ( 'NONE', #3967 ) ;
#1350 = CARTESIAN_POINT ( 'NONE',  ( -33.64544826719041026, 17.00000000000000355, 51.34999999999998010 ) ) ;
#1351 = CARTESIAN_POINT ( 'NONE',  ( -35.00000000000000000, 1.499999999999994005, 6.000000000000000000 ) ) ;
#1352 = EDGE_CURVE ( 'NONE', #4116, #3946, #4548, .T. ) ;
#1353 = DIRECTION ( 'NONE',  ( -0.000000000000000000, 1.000000000000000000, 1.640715604224399445E-17 ) ) ;
#1354 = AXIS2_PLACEMENT_3D ( 'NONE', #517, #4298, #1331 ) ;
#1355 = ORIENTED_EDGE ( 'NONE', *, *, #837, .T. ) ;
#1356 = ORIENTED_EDGE ( 'NONE', *, *, #3796, .F. ) ;
#1357 = VECTOR ( 'NONE', #2345, 1000.000000000000000 ) ;
#1358 = VECTOR ( 'NONE', #1907, 1000.000000000000000 ) ;
#1359 = LINE ( 'NONE', #666, #3044 ) ;
#1360 = DIRECTION ( 'NONE',  ( 0.000000000000000000, -0.000000000000000000, 1.000000000000000000 ) ) ;
#1361 = EDGE_CURVE ( 'NONE', #563, #1124, #3594, .T. ) ;
#1362 = CIRCLE ( 'NONE', #4148, 8.250000000000000000 ) ;
#1363 = CARTESIAN_POINT ( 'NONE',  ( -52.35455173280955421, 17.00000000000000355, -24.84999999999997655 ) ) ;
#1364 = ORIENTED_EDGE ( 'NONE', *, *, #2041, .F. ) ;
#1365 = DIRECTION ( 'NONE',  ( -0.5000000000000004441, 0.000000000000000000, -0.8660254037844383745 ) ) ;
#1366 = AXIS2_PLACEMENT_3D ( 'NONE', #1001, #2590, #1756 ) ;
#1367 = EDGE_CURVE ( 'NONE', #3524, #3760, #4366, .T. ) ;
#1368 = EDGE_LOOP ( 'NONE', ( #4659, #1343, #1528, #3056 ) ) ;
#1369 = LINE ( 'NONE', #3600, #2753 ) ;
#1370 = ORIENTED_EDGE ( 'NONE', *, *, #2924, .T. ) ;
#1371 = CARTESIAN_POINT ( 'NONE',  ( -52.35455173280955421, 14.40000000000000568, -24.84999999999997655 ) ) ;
#1372 =( LENGTH_UNIT ( ) NAMED_UNIT ( * ) SI_UNIT ( .MILLI., .METRE. ) );
#1373 = ORIENTED_EDGE ( 'NONE', *, *, #2143, .T. ) ;
#1374 = CARTESIAN_POINT ( 'NONE',  ( 30.35455173280955776, 14.40000000000000568, 51.35000000000000142 ) ) ;
#1375 = EDGE_CURVE ( 'NONE', #1294, #2321, #597, .T. ) ;
#1376 = CARTESIAN_POINT ( 'NONE',  ( -39.19999999999999574, 10.67571428571428171, 15.90000000000000036 ) ) ;
#1377 = FACE_BOUND ( 'NONE', #2424, .T. ) ;
#1378 = CIRCLE ( 'NONE', #3696, 60.00000000000000000 ) ;
#1379 = ORIENTED_EDGE ( 'NONE', *, *, #3477, .F. ) ;
#1380 = VERTEX_POINT ( 'NONE', #3368 ) ;
#1381 = LINE ( 'NONE', #4855, #151 ) ;
#1382 = DIRECTION ( 'NONE',  ( 0.4999999999999992228, 0.000000000000000000, -0.8660254037844390407 ) ) ;
#1383 = CARTESIAN_POINT ( 'NONE',  ( 52.00000000000000000, 20.00000000000000355, -22.35000000000000497 ) ) ;
#1384 = VECTOR ( 'NONE', #3390, 1000.000000000000114 ) ;
#1385 = AXIS2_PLACEMENT_3D ( 'NONE', #2807, #4527, #4182 ) ;
#1386 = CARTESIAN_POINT ( 'NONE',  ( 0.000000000000000000, -0.001745108571434006439, -2.863226864217682826E-20 ) ) ;
#1387 = EDGE_LOOP ( 'NONE', ( #3119, #1496, #4867, #1319 ) ) ;
#1388 = PLANE ( 'NONE',  #1113 ) ;
#1389 = CARTESIAN_POINT ( 'NONE',  ( 32.25000000000001421, 0.000000000000000000, -11.25000000000000355 ) ) ;
#1390 = CARTESIAN_POINT ( 'NONE',  ( 35.00000000000002842, 0.000000000000000000, -37.99999999999999289 ) ) ;
#1391 = CARTESIAN_POINT ( 'NONE',  ( -20.00000000000000000, -0.001745108571434006439, 44.50000000000000000 ) ) ;
#1392 = DIRECTION ( 'NONE',  ( 0.000000000000000000, 1.000000000000000000, 0.000000000000000000 ) ) ;
#1393 = ORIENTED_EDGE ( 'NONE', *, *, #1807, .F. ) ;
#1394 = DIRECTION ( 'NONE',  ( 1.000000000000000000, 0.000000000000000000, 0.000000000000000000 ) ) ;
#1395 = DIRECTION ( 'NONE',  ( -0.4999999999999997780, 0.000000000000000000, 0.8660254037844388186 ) ) ;
#1396 = CYLINDRICAL_SURFACE ( 'NONE', #636, 1.649999999999995248 ) ;
#1397 = EDGE_CURVE ( 'NONE', #3587, #455, #1755, .T. ) ;
#1398 = VERTEX_POINT ( 'NONE', #4911 ) ;
#1399 = EDGE_CURVE ( 'NONE', #3247, #4623, #2242, .T. ) ;
#1400 = DIRECTION ( 'NONE',  ( 0.000000000000000000, 1.000000000000000000, 1.640715604224399445E-17 ) ) ;
#1401 = CIRCLE ( 'NONE', #278, 2.000000000000001776 ) ;
#1402 = DIRECTION ( 'NONE',  ( 0.4999999999999996114, 0.000000000000000000, 0.8660254037844388186 ) ) ;
#1403 = DIRECTION ( 'NONE',  ( -0.000000000000000000, -0.000000000000000000, 1.000000000000000000 ) ) ;
#1404 = DIRECTION ( 'NONE',  ( -0.000000000000000000, 1.000000000000000000, 1.640715604224399445E-17 ) ) ;
#1405 = ORIENTED_EDGE ( 'NONE', *, *, #673, .F. ) ;
#1406 = EDGE_CURVE ( 'NONE', #316, #4215, #4872, .T. ) ;
#1407 = EDGE_LOOP ( 'NONE', ( #2740, #1355, #2497, #1722 ) ) ;
#1408 = EDGE_CURVE ( 'NONE', #1205, #1473, #228, .T. ) ;
#1409 = CARTESIAN_POINT ( 'NONE',  ( -55.64544826719042447, 17.00000000000000355, -19.15000000000000568 ) ) ;
#1410 = ORIENTED_EDGE ( 'NONE', *, *, #3811, .F. ) ;
#1411 = DIRECTION ( 'NONE',  ( 1.000000000000000000, 1.224646799147328802E-16, 0.000000000000000000 ) ) ;
#1412 = CARTESIAN_POINT ( 'NONE',  ( 47.15602986954197462, 20.00000000000005329, -42.17799776127016287 ) ) ;
#1413 = CARTESIAN_POINT ( 'NONE',  ( 28.99999999999996447, 0.000000000000000000, -36.50000000000004974 ) ) ;
#1414 = EDGE_LOOP ( 'NONE', ( #174, #3085, #4426, #2668 ) ) ;
#1415 = CARTESIAN_POINT ( 'NONE',  ( 35.00000000000000000, -6.735557395310443404E-15, -6.000000000000000000 ) ) ;
#1416 = ORIENTED_EDGE ( 'NONE', *, *, #848, .T. ) ;
#1417 = FACE_OUTER_BOUND ( 'NONE', #3589, .T. ) ;
#1418 = FACE_OUTER_BOUND ( 'NONE', #2719, .T. ) ;
#1419 = LINE ( 'NONE', #2533, #799 ) ;
#1420 = ORIENTED_EDGE ( 'NONE', *, *, #2024, .T. ) ;
#1421 = DIRECTION ( 'NONE',  ( 0.000000000000000000, 1.000000000000000000, 0.000000000000000000 ) ) ;
#1422 = EDGE_CURVE ( 'NONE', #2065, #292, #1759, .T. ) ;
#1423 = DIRECTION ( 'NONE',  ( 0.000000000000000000, -1.000000000000000000, 0.000000000000000000 ) ) ;
#1424 = CARTESIAN_POINT ( 'NONE',  ( 34.76969600708473251, 3.000000000000000000, 6.000000000000000000 ) ) ;
#1425 = DIRECTION ( 'NONE',  ( -0.000000000000000000, 0.000000000000000000, 1.000000000000000000 ) ) ;
#1426 = ORIENTED_EDGE ( 'NONE', *, *, #204, .T. ) ;
#1427 = CIRCLE ( 'NONE', #4226, 3.000000000000002665 ) ;
#1428 = CARTESIAN_POINT ( 'NONE',  ( 57.50000000000001421, 20.00000000000000355, 41.49999999999999289 ) ) ;
#1429 = ORIENTED_EDGE ( 'NONE', *, *, #2881, .T. ) ;
#1430 = AXIS2_PLACEMENT_3D ( 'NONE', #1630, #4655, #1229 ) ;
#1431 = ADVANCED_FACE ( 'NONE', ( #4486, #2542 ), #698, .T. ) ;
#1432 = DIRECTION ( 'NONE',  ( 0.000000000000000000, -1.000000000000000000, 0.000000000000000000 ) ) ;
#1433 = LINE ( 'NONE', #2646, #145 ) ;
#1434 = EDGE_CURVE ( 'NONE', #1901, #2541, #4436, .T. ) ;
#1435 = CARTESIAN_POINT ( 'NONE',  ( 30.82200561187035959, 0.000000000000000000, -43.84388773190542565 ) ) ;
#1436 = FACE_OUTER_BOUND ( 'NONE', #4794, .T. ) ;
#1437 = EDGE_LOOP ( 'NONE', ( #2022, #956, #3139, #833 ) ) ;
#1438 = DIRECTION ( 'NONE',  ( 1.000000000000000000, 1.224646799147328802E-16, 0.000000000000000000 ) ) ;
#1439 = DIRECTION ( 'NONE',  ( -1.927470528863118802E-16, 0.000000000000000000, 1.000000000000000000 ) ) ;
#1440 = AXIS2_PLACEMENT_3D ( 'NONE', #644, #2137, #4811 ) ;
#1441 = VECTOR ( 'NONE', #1365, 1000.000000000000000 ) ;
#1442 = ORIENTED_EDGE ( 'NONE', *, *, #3005, .T. ) ;
#1443 = FACE_OUTER_BOUND ( 'NONE', #970, .T. ) ;
#1444 = VECTOR ( 'NONE', #4471, 1000.000000000000000 ) ;
#1445 = DIRECTION ( 'NONE',  ( 0.000000000000000000, -1.000000000000000000, 0.000000000000000000 ) ) ;
#1446 = PLANE ( 'NONE',  #3610 ) ;
#1447 = ADVANCED_FACE ( 'NONE', ( #2926 ), #3763, .F. ) ;
#1448 = EDGE_LOOP ( 'NONE', ( #2289, #1618, #3901, #3401, #1579, #2616 ) ) ;
#1449 = LINE ( 'NONE', #1152, #3250 ) ;
#1450 = DIRECTION ( 'NONE',  ( 0.000000000000000000, -1.000000000000000000, 0.000000000000000000 ) ) ;
#1451 = DIRECTION ( 'NONE',  ( 1.000000000000000000, 0.000000000000000000, 0.000000000000000000 ) ) ;
#1452 = LINE ( 'NONE', #1075, #4801 ) ;
#1453 = VECTOR ( 'NONE', #1649, 1000.000000000000000 ) ;
#1454 = VERTEX_POINT ( 'NONE', #2167 ) ;
#1455 = DIRECTION ( 'NONE',  ( 0.000000000000000000, 0.000000000000000000, -1.000000000000000000 ) ) ;
#1456 = EDGE_LOOP ( 'NONE', ( #4193, #2384, #1798, #111 ) ) ;
#1457 = CARTESIAN_POINT ( 'NONE',  ( -5.675426480542920871, 3.000000000000000000, -54.00000000000001421 ) ) ;
#1458 = CARTESIAN_POINT ( 'NONE',  ( -35.29089653438084184, 14.40000000000000568, 48.49999999999999289 ) ) ;
#1459 = AXIS2_PLACEMENT_3D ( 'NONE', #307, #4139, #1466 ) ;
#1460 = AXIS2_PLACEMENT_3D ( 'NONE', #298, #724, #4909 ) ;
#1461 = ADVANCED_FACE ( 'NONE', ( #1862 ), #2998, .F. ) ;
#1462 = CARTESIAN_POINT ( 'NONE',  ( 35.00000000000000711, -0.000000000000000000, -35.50000000000000711 ) ) ;
#1463 = ADVANCED_FACE ( 'NONE', ( #300 ), #3023, .F. ) ;
#1464 = CARTESIAN_POINT ( 'NONE',  ( 28.99999999999999645, -0.000000000000000000, -40.50000000000000000 ) ) ;
#1465 = EDGE_LOOP ( 'NONE', ( #4620, #4817, #4327, #2748, #2386 ) ) ;
#1466 = DIRECTION ( 'NONE',  ( 0.000000000000000000, 0.000000000000000000, 1.000000000000000000 ) ) ;
#1467 = EDGE_CURVE ( 'NONE', #2057, #614, #4839, .T. ) ;
#1468 = ORIENTED_EDGE ( 'NONE', *, *, #3883, .T. ) ;
#1469 = EDGE_CURVE ( 'NONE', #4012, #2662, #2948, .T. ) ;
#1470 = CARTESIAN_POINT ( 'NONE',  ( -54.00000000000000000, 2.000000000000005329, -22.00000000000000000 ) ) ;
#1471 = DIRECTION ( 'NONE',  ( 0.000000000000000000, 0.000000000000000000, 1.000000000000000000 ) ) ;
#1472 = CARTESIAN_POINT ( 'NONE',  ( -20.00000000000002842, -0.001745108571434006439, 56.08784048416739410 ) ) ;
#1473 = VERTEX_POINT ( 'NONE', #3740 ) ;
#1474 = LINE ( 'NONE', #1877, #1648 ) ;
#1475 = DIRECTION ( 'NONE',  ( 0.000000000000000000, 0.000000000000000000, -1.000000000000000000 ) ) ;
#1476 = FACE_OUTER_BOUND ( 'NONE', #4367, .T. ) ;
#1477 = LINE ( 'NONE', #1830, #4075 ) ;
#1478 = ORIENTED_EDGE ( 'NONE', *, *, #3161, .T. ) ;
#1479 = CARTESIAN_POINT ( 'NONE',  ( -2.499999999999993339, 0.000000000000000000, -55.65000000000000568 ) ) ;
#1480 = ORIENTED_EDGE ( 'NONE', *, *, #2379, .F. ) ;
#1481 = VECTOR ( 'NONE', #4150, 1000.000000000000000 ) ;
#1482 = DIRECTION ( 'NONE',  ( 0.000000000000000000, 0.000000000000000000, -1.000000000000000000 ) ) ;
#1483 = DIRECTION ( 'NONE',  ( -1.000000000000000000, 0.000000000000000000, 0.000000000000000000 ) ) ;
#1484 = CIRCLE ( 'NONE', #282, 1.649999999999998579 ) ;
#1485 = ADVANCED_FACE ( 'NONE', ( #4085 ), #2195, .F. ) ;
#1486 = CARTESIAN_POINT ( 'NONE',  ( 51.17799438812953383, 19.99999999999996803, -32.15611226809464540 ) ) ;
#1487 = CARTESIAN_POINT ( 'NONE',  ( 52.99999999999998579, 20.00000000000001776, -39.50000000000000711 ) ) ;
#1488 = ORIENTED_EDGE ( 'NONE', *, *, #2379, .T. ) ;
#1489 = EDGE_CURVE ( 'NONE', #1206, #2800, #2595, .T. ) ;
#1490 = DIRECTION ( 'NONE',  ( 0.000000000000000000, 0.000000000000000000, 1.000000000000000000 ) ) ;
#1491 = ORIENTED_EDGE ( 'NONE', *, *, #97, .F. ) ;
#1492 = CARTESIAN_POINT ( 'NONE',  ( -45.00000000000000000, 20.00174510857143417, 11.34999999999999964 ) ) ;
#1493 = DIRECTION ( 'NONE',  ( 0.000000000000000000, 0.000000000000000000, 1.000000000000000000 ) ) ;
#1494 = DIRECTION ( 'NONE',  ( 0.000000000000000000, 0.000000000000000000, -1.000000000000000000 ) ) ;
#1495 = EDGE_CURVE ( 'NONE', #1127, #4849, #1839, .T. ) ;
#1496 = ORIENTED_EDGE ( 'NONE', *, *, #3371, .F. ) ;
#1497 = DIRECTION ( 'NONE',  ( 0.000000000000000000, 0.000000000000000000, -1.000000000000000000 ) ) ;
#1498 = DIRECTION ( 'NONE',  ( 0.000000000000000000, 1.000000000000000000, 1.640715604224399445E-17 ) ) ;
#1499 = ORIENTED_EDGE ( 'NONE', *, *, #1738, .F. ) ;
#1500 = FACE_OUTER_BOUND ( 'NONE', #4281, .T. ) ;
#1501 = LINE ( 'NONE', #2339, #2410 ) ;
#1502 = EDGE_LOOP ( 'NONE', ( #3708, #3553, #4840, #221 ) ) ;
#1503 = DIRECTION ( 'NONE',  ( 0.000000000000000000, 1.000000000000000000, 0.000000000000000000 ) ) ;
#1504 = ORIENTED_EDGE ( 'NONE', *, *, #2523, .F. ) ;
#1505 = EDGE_CURVE ( 'NONE', #3059, #2485, #1517, .T. ) ;
#1506 = LINE ( 'NONE', #4612, #2805 ) ;
#1507 = CARTESIAN_POINT ( 'NONE',  ( -15.00000000000000711, 0.000000000000000000, -46.00000000000000000 ) ) ;
#1508 = LINE ( 'NONE', #4287, #703 ) ;
#1509 = CIRCLE ( 'NONE', #3128, 2.999999999999995559 ) ;
#1510 = ADVANCED_FACE ( 'NONE', ( #827 ), #2367, .T. ) ;
#1511 = DIRECTION ( 'NONE',  ( -1.000000000000000000, 0.000000000000000000, 0.000000000000000000 ) ) ;
#1512 = CYLINDRICAL_SURFACE ( 'NONE', #3260, 62.00000000000000000 ) ;
#1513 = VERTEX_POINT ( 'NONE', #3103 ) ;
#1514 = AXIS2_PLACEMENT_3D ( 'NONE', #2014, #3172, #1639 ) ;
#1515 = AXIS2_PLACEMENT_3D ( 'NONE', #4504, #691, #1828 ) ;
#1516 = DIRECTION ( 'NONE',  ( 0.000000000000000000, -1.000000000000000000, 0.000000000000000000 ) ) ;
#1517 = CIRCLE ( 'NONE', #2318, 1.649999999999998579 ) ;
#1518 = EDGE_LOOP ( 'NONE', ( #620, #2393, #4374, #100 ) ) ;
#1519 = DIRECTION ( 'NONE',  ( 0.4999999999999997224, 0.000000000000000000, 0.8660254037844388186 ) ) ;
#1520 = CARTESIAN_POINT ( 'NONE',  ( -0.9122867597285283514, 17.00000000000000000, -44.75000000000001421 ) ) ;
#1521 = CIRCLE ( 'NONE', #4957, 1.649999999999998579 ) ;
#1522 = LINE ( 'NONE', #2254, #2816 ) ;
#1523 = AXIS2_PLACEMENT_3D ( 'NONE', #4221, #2710, #4198 ) ;
#1524 = ORIENTED_EDGE ( 'NONE', *, *, #56, .F. ) ;
#1525 = EDGE_CURVE ( 'NONE', #195, #4084, #2344, .T. ) ;
#1526 = DIRECTION ( 'NONE',  ( 0.000000000000000000, 0.000000000000000000, -1.000000000000000000 ) ) ;
#1527 = DIRECTION ( 'NONE',  ( 0.000000000000000000, 0.000000000000000000, 1.000000000000000000 ) ) ;
#1528 = ORIENTED_EDGE ( 'NONE', *, *, #3541, .F. ) ;
#1529 = DIRECTION ( 'NONE',  ( 0.000000000000000000, 1.000000000000000000, 1.640715604224399445E-17 ) ) ;
#1530 = DIRECTION ( 'NONE',  ( -0.000000000000000000, 1.000000000000000000, 1.640715604224399445E-17 ) ) ;
#1531 = ORIENTED_EDGE ( 'NONE', *, *, #3525, .F. ) ;
#1532 = CARTESIAN_POINT ( 'NONE',  ( 36.50000000000001421, 9.299999999999998934, 41.49999999999999289 ) ) ;
#1533 = VERTEX_POINT ( 'NONE', #1507 ) ;
#1534 = FACE_OUTER_BOUND ( 'NONE', #4099, .T. ) ;
#1535 = AXIS2_PLACEMENT_3D ( 'NONE', #1703, #3999, #2152 ) ;
#1536 = CARTESIAN_POINT ( 'NONE',  ( -45.96194077712534209, 20.00000000000000000, -45.96194077712582526 ) ) ;
#1537 = CARTESIAN_POINT ( 'NONE',  ( 3.367778697655220026E-16, 27.77020525982267785, -27.48987856157670606 ) ) ;
#1538 = VECTOR ( 'NONE', #476, 1000.000000000000000 ) ;
#1539 = ADVANCED_FACE ( 'NONE', ( #3517 ), #54, .F. ) ;
#1540 = CARTESIAN_POINT ( 'NONE',  ( 0.000000000000000000, -0.001745108571434006439, -2.863226864217682826E-20 ) ) ;
#1541 = DIRECTION ( 'NONE',  ( 0.000000000000000000, 0.000000000000000000, -1.000000000000000000 ) ) ;
#1542 = ORIENTED_EDGE ( 'NONE', *, *, #885, .F. ) ;
#1543 = CARTESIAN_POINT ( 'NONE',  ( -57.29089653438084895, 14.40000000000000568, -21.99999999999999289 ) ) ;
#1544 = AXIS2_PLACEMENT_3D ( 'NONE', #760, #2298, #3821 ) ;
#1545 = AXIS2_PLACEMENT_3D ( 'NONE', #3159, #1246, #2783 ) ;
#1546 = ORIENTED_EDGE ( 'NONE', *, *, #133, .F. ) ;
#1547 = LINE ( 'NONE', #2684, #3623 ) ;
#1548 = CARTESIAN_POINT ( 'NONE',  ( -32.00000000000000000, -1.136835273038861628E-14, -6.000000000000000000 ) ) ;
#1549 = DIRECTION ( 'NONE',  ( 0.000000000000000000, 0.000000000000000000, -1.000000000000000000 ) ) ;
#1550 = AXIS2_PLACEMENT_3D ( 'NONE', #2778, #4594, #1913 ) ;
#1551 = EDGE_CURVE ( 'NONE', #4370, #1734, #3994, .T. ) ;
#1552 = ORIENTED_EDGE ( 'NONE', *, *, #308, .T. ) ;
#1553 = DIRECTION ( 'NONE',  ( 0.000000000000000000, 0.000000000000000000, 1.000000000000000000 ) ) ;
#1554 = CARTESIAN_POINT ( 'NONE',  ( -45.00000000000000000, 23.00000000000000000, 10.10000000000000142 ) ) ;
#1555 = VERTEX_POINT ( 'NONE', #402 ) ;
#1556 = DIRECTION ( 'NONE',  ( -0.000000000000000000, 1.000000000000000000, 1.640715604224399445E-17 ) ) ;
#1557 = ORIENTED_EDGE ( 'NONE', *, *, #4328, .T. ) ;
#1558 = ORIENTED_EDGE ( 'NONE', *, *, #1971, .F. ) ;
#1559 = ORIENTED_EDGE ( 'NONE', *, *, #3328, .F. ) ;
#1560 = CARTESIAN_POINT ( 'NONE',  ( -32.24999999999998579, 2.999999999999999112, 35.60000000000000142 ) ) ;
#1561 = DIRECTION ( 'NONE',  ( -0.8660254037844379305, -8.203578021122020335E-18, 0.5000000000000014433 ) ) ;
#1562 = CARTESIAN_POINT ( 'NONE',  ( 3.980102097228898231E-16, 1.639594777311401241, -22.37463360518364652 ) ) ;
#1563 = AXIS2_PLACEMENT_3D ( 'NONE', #271, #2063, #998 ) ;
#1564 = DIRECTION ( 'NONE',  ( 0.000000000000000000, -0.000000000000000000, 1.000000000000000000 ) ) ;
#1565 = CYLINDRICAL_SURFACE ( 'NONE', #3970, 1.649999999999995248 ) ;
#1566 = ORIENTED_EDGE ( 'NONE', *, *, #3541, .T. ) ;
#1567 = DIRECTION ( 'NONE',  ( 0.000000000000000000, -1.000000000000000000, 0.000000000000000000 ) ) ;
#1568 = AXIS2_PLACEMENT_3D ( 'NONE', #191, #610, #3955 ) ;
#1569 = ORIENTED_EDGE ( 'NONE', *, *, #1221, .F. ) ;
#1570 = DIRECTION ( 'NONE',  ( -0.000000000000000000, -1.000000000000000000, -0.000000000000000000 ) ) ;
#1571 = EDGE_CURVE ( 'NONE', #542, #4271, #3418, .T. ) ;
#1572 = AXIS2_PLACEMENT_3D ( 'NONE', #2499, #2096, #4793 ) ;
#1573 = LINE ( 'NONE', #43, #322 ) ;
#1574 = ORIENTED_EDGE ( 'NONE', *, *, #210, .T. ) ;
#1575 = CARTESIAN_POINT ( 'NONE',  ( -20.70000000000000995, 3.000000000000000000, -30.00000000000000711 ) ) ;
#1576 = PLANE ( 'NONE',  #3276 ) ;
#1577 = VERTEX_POINT ( 'NONE', #1886 ) ;
#1578 = CARTESIAN_POINT ( 'NONE',  ( -20.00000000000000000, 20.00000000000000355, 44.50000000000000000 ) ) ;
#1579 = ORIENTED_EDGE ( 'NONE', *, *, #1080, .T. ) ;
#1580 = EDGE_CURVE ( 'NONE', #2300, #4611, #4636, .T. ) ;
#1581 = ORIENTED_EDGE ( 'NONE', *, *, #1399, .T. ) ;
#1582 = VERTEX_POINT ( 'NONE', #352 ) ;
#1583 = CARTESIAN_POINT ( 'NONE',  ( 20.00000000000000000, -1.317347991217250602E-15, 44.50000000000000000 ) ) ;
#1584 = CARTESIAN_POINT ( 'NONE',  ( -2.499999999999993339, 2.999999999999999112, -54.00000000000000711 ) ) ;
#1585 = FACE_BOUND ( 'NONE', #1200, .T. ) ;
#1586 = EDGE_CURVE ( 'NONE', #2800, #344, #1362, .T. ) ;
#1587 = DIRECTION ( 'NONE',  ( 0.000000000000000000, 1.000000000000000000, 1.640715604224399445E-17 ) ) ;
#1588 = ADVANCED_FACE ( 'NONE', ( #2314 ), #449, .F. ) ;
#1589 = CARTESIAN_POINT ( 'NONE',  ( 36.50000000000001421, 23.00000000000000000, -15.50000000000000711 ) ) ;
#1590 = ORIENTED_EDGE ( 'NONE', *, *, #1321, .F. ) ;
#1591 = EDGE_CURVE ( 'NONE', #3524, #424, #4589, .T. ) ;
#1592 = ORIENTED_EDGE ( 'NONE', *, *, #3796, .T. ) ;
#1593 = AXIS2_PLACEMENT_3D ( 'NONE', #944, #637, #4001 ) ;
#1594 = VECTOR ( 'NONE', #2813, 1000.000000000000114 ) ;
#1595 = LINE ( 'NONE', #3136, #2977 ) ;
#1596 = CIRCLE ( 'NONE', #1999, 1.650000000000002132 ) ;
#1597 = CARTESIAN_POINT ( 'NONE',  ( 32.25000000000001421, 0.000000000000000000, 37.25000000000000000 ) ) ;
#1598 = VERTEX_POINT ( 'NONE', #3051 ) ;
#1599 = CARTESIAN_POINT ( 'NONE',  ( -4.087713240271469317, 17.00000000000000000, -44.75000000000001421 ) ) ;
#1600 = LINE ( 'NONE', #1654, #2394 ) ;
#1601 = VERTEX_POINT ( 'NONE', #2701 ) ;
#1602 = DIRECTION ( 'NONE',  ( -0.000000000000000000, 1.000000000000000000, 1.640715604224399445E-17 ) ) ;
#1603 = PRODUCT_DEFINITION_SHAPE ( 'NONE', 'NONE',  #3092 ) ;
#1604 = EDGE_CURVE ( 'NONE', #4849, #1159, #3791, .T. ) ;
#1605 = VECTOR ( 'NONE', #2864, 1000.000000000000000 ) ;
#1606 = ORIENTED_EDGE ( 'NONE', *, *, #1841, .T. ) ;
#1607 = ORIENTED_EDGE ( 'NONE', *, *, #3105, .F. ) ;
#1608 = ORIENTED_EDGE ( 'NONE', *, *, #4501, .F. ) ;
#1609 = ADVANCED_FACE ( 'NONE', ( #1908 ), #4235, .F. ) ;
#1610 = LINE ( 'NONE', #2487, #468 ) ;
#1611 = CARTESIAN_POINT ( 'NONE',  ( 33.64544826719042447, 14.40000000000000568, 51.35000000000000142 ) ) ;
#1612 = CARTESIAN_POINT ( 'NONE',  ( -30.35455173280956132, 17.00000000000000355, 45.65000000000001990 ) ) ;
#1613 = DIRECTION ( 'NONE',  ( -0.000000000000000000, 1.000000000000000000, 1.640715604224399445E-17 ) ) ;
#1614 = CARTESIAN_POINT ( 'NONE',  ( -20.70000000000000995, 2.999999999999999112, -38.25000000000000711 ) ) ;
#1615 = EDGE_LOOP ( 'NONE', ( #1749, #3968, #1668, #2866 ) ) ;
#1616 = CIRCLE ( 'NONE', #4088, 1.649999999999995248 ) ;
#1617 = EDGE_CURVE ( 'NONE', #3862, #3830, #2749, .T. ) ;
#1618 = ORIENTED_EDGE ( 'NONE', *, *, #730, .T. ) ;
#1619 = VECTOR ( 'NONE', #2806, 1000.000000000000000 ) ;
#1620 = ADVANCED_FACE ( 'NONE', ( #2721 ), #2673, .F. ) ;
#1621 = ORIENTED_EDGE ( 'NONE', *, *, #1697, .T. ) ;
#1622 = LINE ( 'NONE', #763, #161 ) ;
#1623 = CIRCLE ( 'NONE', #3546, 1.649999999999995248 ) ;
#1624 = CYLINDRICAL_SURFACE ( 'NONE', #1545, 1.649999999999995248 ) ;
#1625 = CARTESIAN_POINT ( 'NONE',  ( -24.99999999999999645, 1.499999999999992006, -6.000000000000000000 ) ) ;
#1626 = ADVANCED_FACE ( 'NONE', ( #429 ), #3842, .F. ) ;
#1627 = EDGE_CURVE ( 'NONE', #3466, #3604, #1616, .T. ) ;
#1628 = ORIENTED_EDGE ( 'NONE', *, *, #3822, .T. ) ;
#1629 = CARTESIAN_POINT ( 'NONE',  ( 0.000000000000000000, 26.72831619382109736, -33.39872507964995663 ) ) ;
#1630 = CARTESIAN_POINT ( 'NONE',  ( -32.00000000000000000, 2.000000000000005329, 48.50000000000000000 ) ) ;
#1631 = ORIENTED_EDGE ( 'NONE', *, *, #1027, .F. ) ;
#1632 = CARTESIAN_POINT ( 'NONE',  ( -12.00000000000000888, 20.00000000000000355, -55.00000000000000000 ) ) ;
#1633 = ADVANCED_FACE ( 'NONE', ( #2084 ), #4307, .F. ) ;
#1634 = ORIENTED_EDGE ( 'NONE', *, *, #3986, .F. ) ;
#1635 = EDGE_LOOP ( 'NONE', ( #2733, #3849 ) ) ;
#1636 = EDGE_LOOP ( 'NONE', ( #1717, #2691, #310, #2126 ) ) ;
#1637 = FACE_BOUND ( 'NONE', #3123, .T. ) ;
#1638 = LINE ( 'NONE', #3171, #2423 ) ;
#1639 = DIRECTION ( 'NONE',  ( 0.000000000000000000, 0.000000000000000000, 1.000000000000000000 ) ) ;
#1640 = CARTESIAN_POINT ( 'NONE',  ( -4.087713240271465764, 17.00000000000000000, -39.25000000000000000 ) ) ;
#1641 = DIRECTION ( 'NONE',  ( 1.000000000000000000, 0.000000000000000000, 0.000000000000000000 ) ) ;
#1642 = VERTEX_POINT ( 'NONE', #2796 ) ;
#1643 = CARTESIAN_POINT ( 'NONE',  ( 50.00000000000000000, 20.00000000000000355, -41.00000000000000000 ) ) ;
#1644 = ADVANCED_FACE ( 'NONE', ( #850 ), #4361, .T. ) ;
#1645 = VERTEX_POINT ( 'NONE', #3195 ) ;
#1646 = ADVANCED_FACE ( 'NONE', ( #2462 ), #2869, .T. ) ;
#1647 = ORIENTED_EDGE ( 'NONE', *, *, #4540, .F. ) ;
#1648 = VECTOR ( 'NONE', #3828, 1000.000000000000000 ) ;
#1649 = DIRECTION ( 'NONE',  ( 0.000000000000000000, 0.000000000000000000, -1.000000000000000000 ) ) ;
#1650 = LINE ( 'NONE', #3181, #1774 ) ;
#1651 = PLANE ( 'NONE',  #2002 ) ;
#1652 = EDGE_LOOP ( 'NONE', ( #4280, #3154, #4831, #2109 ) ) ;
#1653 = PLANE ( 'NONE',  #519 ) ;
#1654 = CARTESIAN_POINT ( 'NONE',  ( -35.29089653438084184, 17.00000000000000355, 48.49999999999999289 ) ) ;
#1655 = DIRECTION ( 'NONE',  ( -0.000000000000000000, 1.000000000000000000, 1.640715604224399445E-17 ) ) ;
#1656 = EDGE_LOOP ( 'NONE', ( #4658, #4468, #2138, #3242 ) ) ;
#1657 = ORIENTED_EDGE ( 'NONE', *, *, #1495, .F. ) ;
#1658 = ORIENTED_EDGE ( 'NONE', *, *, #4945, .F. ) ;
#1659 = CYLINDRICAL_SURFACE ( 'NONE', #867, 1.649999999999998579 ) ;
#1660 = CARTESIAN_POINT ( 'NONE',  ( -50.70910346561912974, 14.40000000000000568, -21.99999999999999645 ) ) ;
#1661 = DIRECTION ( 'NONE',  ( 0.000000000000000000, 0.000000000000000000, -1.000000000000000000 ) ) ;
#1662 = CARTESIAN_POINT ( 'NONE',  ( -32.00000000000000000, 14.40000000000000568, 48.50000000000000000 ) ) ;
#1663 = CARTESIAN_POINT ( 'NONE',  ( 0.000000000000000000, 20.00000000000001066, 71.54700538379245245 ) ) ;
#1664 = ORIENTED_EDGE ( 'NONE', *, *, #4157, .T. ) ;
#1665 = PLANE ( 'NONE',  #1834 ) ;
#1666 = EDGE_CURVE ( 'NONE', #3121, #3906, #4735, .T. ) ;
#1667 = ORIENTED_EDGE ( 'NONE', *, *, #4284, .T. ) ;
#1668 = ORIENTED_EDGE ( 'NONE', *, *, #2293, .T. ) ;
#1669 = DIRECTION ( 'NONE',  ( -0.000000000000000000, 1.000000000000000000, 1.640715604224399445E-17 ) ) ;
#1670 = LINE ( 'NONE', #4019, #2675 ) ;
#1671 = LINE ( 'NONE', #3927, #2647 ) ;
#1672 = AXIS2_PLACEMENT_3D ( 'NONE', #3679, #217, #2480 ) ;
#1673 = EDGE_LOOP ( 'NONE', ( #3048, #747, #1379, #3919, #1818, #2448 ) ) ;
#1674 = VECTOR ( 'NONE', #2849, 1000.000000000000000 ) ;
#1675 = CARTESIAN_POINT ( 'NONE',  ( -28.70910346561914039, 14.40000000000000568, 48.49999999999999289 ) ) ;
#1676 = DIRECTION ( 'NONE',  ( 0.000000000000000000, 0.000000000000000000, 1.000000000000000000 ) ) ;
#1677 = AXIS2_PLACEMENT_3D ( 'NONE', #3126, #2752, #4261 ) ;
#1678 = DIRECTION ( 'NONE',  ( 0.000000000000000000, 1.000000000000000000, 0.000000000000000000 ) ) ;
#1679 = AXIS2_PLACEMENT_3D ( 'NONE', #3734, #4881, #3711 ) ;
#1680 = EDGE_CURVE ( 'NONE', #2321, #2504, #3070, .T. ) ;
#1681 = ORIENTED_EDGE ( 'NONE', *, *, #4705, .F. ) ;
#1682 = ORIENTED_EDGE ( 'NONE', *, *, #417, .F. ) ;
#1683 = EDGE_LOOP ( 'NONE', ( #2200, #2841, #1405, #695 ) ) ;
#1684 = ADVANCED_FACE ( 'NONE', ( #874, #4338 ), #3911, .T. ) ;
#1685 = VECTOR ( 'NONE', #2452, 1000.000000000000227 ) ;
#1686 = DIRECTION ( 'NONE',  ( 0.000000000000000000, 0.000000000000000000, -1.000000000000000000 ) ) ;
#1687 = DIRECTION ( 'NONE',  ( 1.000000000000000000, 0.000000000000000000, 1.927470528863119049E-16 ) ) ;
#1688 = LINE ( 'NONE', #3268, #865 ) ;
#1689 = VECTOR ( 'NONE', #4205, 1000.000000000000000 ) ;
#1690 = VECTOR ( 'NONE', #4014, 1000.000000000000227 ) ;
#1691 = AXIS2_PLACEMENT_3D ( 'NONE', #3060, #2553, #3556 ) ;
#1692 = PLANE ( 'NONE',  #2446 ) ;
#1693 = VECTOR ( 'NONE', #4777, 1000.000000000000000 ) ;
#1694 = CARTESIAN_POINT ( 'NONE',  ( -45.00000000000000000, 20.00174510857143417, -30.65000000000000213 ) ) ;
#1695 = ORIENTED_EDGE ( 'NONE', *, *, #4812, .T. ) ;
#1696 = CARTESIAN_POINT ( 'NONE',  ( 0.000000000000000000, 17.00000000000000355, -4.922146812673198334E-17 ) ) ;
#1697 = EDGE_CURVE ( 'NONE', #3565, #1901, #2061, .T. ) ;
#1698 = EDGE_LOOP ( 'NONE', ( #2281, #4299, #3398, #4444, #3146, #3689 ) ) ;
#1699 = CARTESIAN_POINT ( 'NONE',  ( 0.000000000000000000, 0.000000000000000000, -28.17808847982943021 ) ) ;
#1700 = FACE_OUTER_BOUND ( 'NONE', #3008, .T. ) ;
#1701 = DIRECTION ( 'NONE',  ( 0.000000000000000000, -1.000000000000000000, 0.000000000000000000 ) ) ;
#1702 = ORIENTED_EDGE ( 'NONE', *, *, #4296, .T. ) ;
#1703 = CARTESIAN_POINT ( 'NONE',  ( -30.00000000000000000, 1.499999999999992673, 6.000000000000000000 ) ) ;
#1704 = DIRECTION ( 'NONE',  ( 0.000000000000000000, 1.000000000000000000, 1.640715604224399445E-17 ) ) ;
#1705 = FACE_BOUND ( 'NONE', #936, .T. ) ;
#1706 = ADVANCED_FACE ( 'NONE', ( #2111, #2039 ), #4688, .T. ) ;
#1707 = AXIS2_PLACEMENT_3D ( 'NONE', #1132, #774, #2669 ) ;
#1708 = VERTEX_POINT ( 'NONE', #3244 ) ;
#1709 = ORIENTED_EDGE ( 'NONE', *, *, #3645, .F. ) ;
#1710 = CARTESIAN_POINT ( 'NONE',  ( -54.00000000000000000, 2.000000000000005329, -22.00000000000000000 ) ) ;
#1711 = DIRECTION ( 'NONE',  ( 0.000000000000000000, -0.000000000000000000, 1.000000000000000000 ) ) ;
#1712 = FACE_OUTER_BOUND ( 'NONE', #299, .T. ) ;
#1713 = ORIENTED_EDGE ( 'NONE', *, *, #1591, .T. ) ;
#1714 = DIRECTION ( 'NONE',  ( 0.000000000000000000, 0.000000000000000000, 1.000000000000000000 ) ) ;
#1715 = ORIENTED_EDGE ( 'NONE', *, *, #783, .T. ) ;
#1716 = DIRECTION ( 'NONE',  ( 0.000000000000000000, 0.000000000000000000, 1.000000000000000000 ) ) ;
#1717 = ORIENTED_EDGE ( 'NONE', *, *, #2094, .T. ) ;
#1718 = DIRECTION ( 'NONE',  ( -0.4999999999999992228, 0.000000000000000000, 0.8660254037844390407 ) ) ;
#1719 = CYLINDRICAL_SURFACE ( 'NONE', #1311, 3.000000000000002665 ) ;
#1720 = DIRECTION ( 'NONE',  ( 0.000000000000000000, -1.000000000000000000, 0.000000000000000000 ) ) ;
#1721 = EDGE_CURVE ( 'NONE', #4853, #4728, #953, .T. ) ;
#1722 = ORIENTED_EDGE ( 'NONE', *, *, #4769, .F. ) ;
#1723 = LINE ( 'NONE', #3238, #2372 ) ;
#1724 = DIRECTION ( 'NONE',  ( -1.000000000000000000, 0.000000000000000000, 0.000000000000000000 ) ) ;
#1725 = DIRECTION ( 'NONE',  ( 0.000000000000000000, -1.000000000000000000, 0.000000000000000000 ) ) ;
#1726 = AXIS2_PLACEMENT_3D ( 'NONE', #1575, #1976, #1553 ) ;
#1727 = EDGE_LOOP ( 'NONE', ( #2465, #4123, #4697, #3671 ) ) ;
#1728 = EDGE_LOOP ( 'NONE', ( #942, #2108, #3090, #3977 ) ) ;
#1729 = VERTEX_POINT ( 'NONE', #3987 ) ;
#1730 = CARTESIAN_POINT ( 'NONE',  ( -50.70910346561912974, 14.40000000000000568, -21.99999999999999645 ) ) ;
#1731 = DIRECTION ( 'NONE',  ( 0.000000000000000000, -1.000000000000000000, 0.000000000000000000 ) ) ;
#1732 = LINE ( 'NONE', #2821, #3675 ) ;
#1733 = ADVANCED_FACE ( 'NONE', ( #2439 ), #501, .F. ) ;
#1734 = VERTEX_POINT ( 'NONE', #2820 ) ;
#1735 = PRESENTATION_STYLE_ASSIGNMENT (( #3227 ) ) ;
#1736 = VERTEX_POINT ( 'NONE', #2388 ) ;
#1737 = DIRECTION ( 'NONE',  ( 0.000000000000000000, -1.000000000000000000, 0.000000000000000000 ) ) ;
#1738 = EDGE_CURVE ( 'NONE', #4290, #380, #104, .T. ) ;
#1739 = LINE ( 'NONE', #3197, #4114 ) ;
#1740 = CARTESIAN_POINT ( 'NONE',  ( 47.82342618513470001, 19.99999999999994671, -43.17663406102953161 ) ) ;
#1741 = EDGE_CURVE ( 'NONE', #2899, #2653, #3267, .T. ) ;
#1742 = ORIENTED_EDGE ( 'NONE', *, *, #2143, .F. ) ;
#1743 = CARTESIAN_POINT ( 'NONE',  ( -12.00000000000000533, 20.00174510857143417, -46.00000000000000000 ) ) ;
#1744 = EDGE_LOOP ( 'NONE', ( #1882, #2396, #4770, #1310 ) ) ;
#1745 = CARTESIAN_POINT ( 'NONE',  ( 0.6754264805429498475, 17.00000000000000000, -42.00000000000000000 ) ) ;
#1746 = DIRECTION ( 'NONE',  ( 0.000000000000000000, 0.000000000000000000, -1.000000000000000000 ) ) ;
#1747 = LINE ( 'NONE', #4401, #3688 ) ;
#1748 = ORIENTED_EDGE ( 'NONE', *, *, #318, .F. ) ;
#1749 = ORIENTED_EDGE ( 'NONE', *, *, #3249, .F. ) ;
#1750 = ORIENTED_EDGE ( 'NONE', *, *, #250, .T. ) ;
#1751 = VECTOR ( 'NONE', #3518, 1000.000000000000000 ) ;
#1752 = VECTOR ( 'NONE', #3638, 1000.000000000000000 ) ;
#1753 = DIRECTION ( 'NONE',  ( -1.000000000000000000, 0.000000000000000000, -0.000000000000000000 ) ) ;
#1754 = DIRECTION ( 'NONE',  ( -0.000000000000000000, 1.000000000000000000, 1.640715604224399445E-17 ) ) ;
#1755 = CIRCLE ( 'NONE', #2401, 1.649999999999998579 ) ;
#1756 = DIRECTION ( 'NONE',  ( 0.000000000000000000, -0.1736481776669300536, -0.9848077530122080203 ) ) ;
#1757 = AXIS2_PLACEMENT_3D ( 'NONE', #438, #1701, #115 ) ;
#1758 = EDGE_CURVE ( 'NONE', #4752, #3649, #1638, .T. ) ;
#1759 = LINE ( 'NONE', #4863, #2076 ) ;
#1760 = EDGE_LOOP ( 'NONE', ( #3220, #3258, #3873, #4644, #4780, #2179 ) ) ;
#1761 = DIRECTION ( 'NONE',  ( 0.000000000000000000, 0.000000000000000000, -1.000000000000000000 ) ) ;
#1762 = AXIS2_PLACEMENT_3D ( 'NONE', #3490, #2744, #3072 ) ;
#1763 = CARTESIAN_POINT ( 'NONE',  ( 52.99999999999999289, 20.00000000000001066, -36.49999999999999289 ) ) ;
#1764 = CARTESIAN_POINT ( 'NONE',  ( 29.82342618513483146, 0.000000000000000000, -43.17663406102958135 ) ) ;
#1765 = VERTEX_POINT ( 'NONE', #4711 ) ;
#1766 = CARTESIAN_POINT ( 'NONE',  ( 25.23030399291526749, 3.000000000000000000, 6.000000000000000000 ) ) ;
#1767 = CARTESIAN_POINT ( 'NONE',  ( -45.00000000000000000, 3.000000000000000000, 13.00000000000000178 ) ) ;
#1768 = EDGE_CURVE ( 'NONE', #1275, #3168, #3962, .T. ) ;
#1769 = EDGE_CURVE ( 'NONE', #2082, #4585, #1059, .T. ) ;
#1770 = ORIENTED_EDGE ( 'NONE', *, *, #1278, .F. ) ;
#1771 = CARTESIAN_POINT ( 'NONE',  ( -32.00000000000000000, 20.00000000000000355, 48.50000000000000000 ) ) ;
#1772 = DIRECTION ( 'NONE',  ( 0.000000000000000000, -0.000000000000000000, 1.000000000000000000 ) ) ;
#1773 = DIRECTION ( 'NONE',  ( 1.000000000000000000, -3.789450910129534816E-15, 0.000000000000000000 ) ) ;
#1774 = VECTOR ( 'NONE', #2664, 1000.000000000000000 ) ;
#1775 = ADVANCED_FACE ( 'NONE', ( #4051 ), #4080, .T. ) ;
#1776 = EDGE_CURVE ( 'NONE', #3936, #3701, #1378, .T. ) ;
#1777 = VERTEX_POINT ( 'NONE', #2589 ) ;
#1778 = DIRECTION ( 'NONE',  ( 0.000000000000000000, 0.000000000000000000, 1.000000000000000000 ) ) ;
#1779 = CARTESIAN_POINT ( 'NONE',  ( -35.00000000000000000, 0.000000000000000000, 6.000000000000000000 ) ) ;
#1780 = DIRECTION ( 'NONE',  ( 0.000000000000000000, 0.000000000000000000, -1.000000000000000000 ) ) ;
#1781 = DIRECTION ( 'NONE',  ( -0.000000000000000000, -1.000000000000000000, -0.000000000000000000 ) ) ;
#1782 = AXIS2_PLACEMENT_3D ( 'NONE', #752, #1860, #3813 ) ;
#1783 = AXIS2_PLACEMENT_3D ( 'NONE', #534, #214, #2878 ) ;
#1784 = ORIENTED_EDGE ( 'NONE', *, *, #2390, .T. ) ;
#1785 = ORIENTED_EDGE ( 'NONE', *, *, #2677, .T. ) ;
#1786 = CARTESIAN_POINT ( 'NONE',  ( 52.00000000000000000, 2.000000000000005329, -24.00000000000000000 ) ) ;
#1787 = VERTEX_POINT ( 'NONE', #1856 ) ;
#1788 = CARTESIAN_POINT ( 'NONE',  ( -30.35455173280956487, 14.40000000000000568, 51.34999999999998010 ) ) ;
#1789 = ADVANCED_BREP_SHAPE_REPRESENTATION ( 'SLSSFRAME2', ( #1281, #1919 ), #4154 ) ;
#1790 = PRESENTATION_LAYER_ASSIGNMENT (  '', '', ( #503 ) ) ;
#1791 = ADVANCED_FACE ( 'NONE', ( #2213, #4856 ), #4882, .T. ) ;
#1792 = CARTESIAN_POINT ( 'NONE',  ( 29.15602986954182185, 0.000000000000000000, -33.82200223872991529 ) ) ;
#1793 = CARTESIAN_POINT ( 'NONE',  ( 47.15602986954183251, 19.99999999999997158, -33.82200223872987976 ) ) ;
#1794 = VERTEX_POINT ( 'NONE', #2515 ) ;
#1795 = CYLINDRICAL_SURFACE ( 'NONE', #654, 1.649999999999998579 ) ;
#1796 =( NAMED_UNIT ( * ) SI_UNIT ( $, .STERADIAN. ) SOLID_ANGLE_UNIT ( ) );
#1797 = ADVANCED_FACE ( 'NONE', ( #1000 ), #249, .F. ) ;
#1798 = ORIENTED_EDGE ( 'NONE', *, *, #1960, .F. ) ;
#1799 = DIRECTION ( 'NONE',  ( 0.000000000000000000, -1.000000000000000000, 0.000000000000000000 ) ) ;
#1800 = CARTESIAN_POINT ( 'NONE',  ( -20.70000000000000995, 20.00174510857143417, -21.75000000000000711 ) ) ;
#1801 = DIRECTION ( 'NONE',  ( 0.000000000000000000, -1.000000000000000000, 0.000000000000000000 ) ) ;
#1802 = AXIS2_PLACEMENT_3D ( 'NONE', #2726, #4213, #1564 ) ;
#1803 = ORIENTED_EDGE ( 'NONE', *, *, #3088, .T. ) ;
#1804 = FACE_OUTER_BOUND ( 'NONE', #3614, .T. ) ;
#1805 = VECTOR ( 'NONE', #2127, 1000.000000000000000 ) ;
#1806 = DIRECTION ( 'NONE',  ( 0.6427876096865405842, 0.000000000000000000, 0.7660444431189769032 ) ) ;
#1807 = EDGE_CURVE ( 'NONE', #3587, #2033, #594, .T. ) ;
#1808 = DIRECTION ( 'NONE',  ( -0.000000000000000000, 1.000000000000000000, 1.640715604224399445E-17 ) ) ;
#1809 = CARTESIAN_POINT ( 'NONE',  ( -54.00000000000000000, 2.000000000000005329, -22.00000000000000000 ) ) ;
#1810 = EDGE_LOOP ( 'NONE', ( #131, #1770, #270, #3641 ) ) ;
#1811 = DIRECTION ( 'NONE',  ( -1.000000000000000000, 0.000000000000000000, 0.000000000000000000 ) ) ;
#1812 = EDGE_LOOP ( 'NONE', ( #3682, #3864, #394, #2566 ) ) ;
#1813 = DIRECTION ( 'NONE',  ( 0.000000000000000000, 0.000000000000000000, 1.000000000000000000 ) ) ;
#1814 = VECTOR ( 'NONE', #82, 1000.000000000000000 ) ;
#1815 = DIRECTION ( 'NONE',  ( -0.4999999999999993339, 0.000000000000000000, 0.8660254037844389297 ) ) ;
#1816 = CARTESIAN_POINT ( 'NONE',  ( 35.00000000000002842, 0.000000000000000000, -37.99999999999999289 ) ) ;
#1817 = CARTESIAN_POINT ( 'NONE',  ( 29.15602986954182185, 0.000000000000000000, -33.82200223872991529 ) ) ;
#1818 = ORIENTED_EDGE ( 'NONE', *, *, #4396, .T. ) ;
#1819 = DIRECTION ( 'NONE',  ( 0.000000000000000000, -1.000000000000000000, 0.000000000000000000 ) ) ;
#1820 = CARTESIAN_POINT ( 'NONE',  ( -20.70000000000000995, 0.000000000000000000, -30.00000000000000711 ) ) ;
#1821 = ADVANCED_FACE ( 'NONE', ( #4029, #2992 ), #643, .T. ) ;
#1822 = ORIENTED_EDGE ( 'NONE', *, *, #1875, .F. ) ;
#1823 = DIRECTION ( 'NONE',  ( 0.000000000000000000, 0.000000000000000000, 1.000000000000000000 ) ) ;
#1824 = LINE ( 'NONE', #4829, #3833 ) ;
#1825 = FACE_BOUND ( 'NONE', #4441, .T. ) ;
#1826 = EDGE_LOOP ( 'NONE', ( #1190, #3753, #2900, #3493, #4887, #1682, #4268, #792, #803, #576 ) ) ;
#1827 = DIRECTION ( 'NONE',  ( 0.8660254037844391517, -8.203578021121983357E-18, 0.4999999999999992784 ) ) ;
#1828 = DIRECTION ( 'NONE',  ( 0.000000000000000000, -0.000000000000000000, 1.000000000000000000 ) ) ;
#1829 = CARTESIAN_POINT ( 'NONE',  ( -30.00000000000000000, 0.09999999999998930578, -6.000000000000000000 ) ) ;
#1830 = CARTESIAN_POINT ( 'NONE',  ( -52.35455173280956132, 17.00000000000000355, -19.15000000000000568 ) ) ;
#1831 = EDGE_CURVE ( 'NONE', #1454, #3744, #3735, .T. ) ;
#1832 = EDGE_CURVE ( 'NONE', #3604, #870, #2896, .T. ) ;
#1833 = ORIENTED_EDGE ( 'NONE', *, *, #4751, .F. ) ;
#1834 = AXIS2_PLACEMENT_3D ( 'NONE', #2045, #207, #4788 ) ;
#1835 = DIRECTION ( 'NONE',  ( -0.000000000000000000, -1.000000000000000000, -0.000000000000000000 ) ) ;
#1836 = EDGE_LOOP ( 'NONE', ( #473, #369, #1884, #434 ) ) ;
#1837 = VECTOR ( 'NONE', #2506, 1000.000000000000000 ) ;
#1838 = AXIS2_PLACEMENT_3D ( 'NONE', #1786, #4456, #1813 ) ;
#1839 = LINE ( 'NONE', #1457, #4466 ) ;
#1840 = DIRECTION ( 'NONE',  ( -0.000000000000000000, 1.000000000000000000, 1.640715604224399445E-17 ) ) ;
#1841 = EDGE_CURVE ( 'NONE', #1078, #1294, #3937, .T. ) ;
#1842 = CARTESIAN_POINT ( 'NONE',  ( 52.99999999999999289, 19.99999999999999645, -37.99999999999999289 ) ) ;
#1843 = CARTESIAN_POINT ( 'NONE',  ( 29.00000000000004974, 0.000000000000000000, -37.99999999999995737 ) ) ;
#1844 = ORIENTED_EDGE ( 'NONE', *, *, #3144, .F. ) ;
#1845 = DIRECTION ( 'NONE',  ( 0.000000000000000000, 0.000000000000000000, 1.000000000000000000 ) ) ;
#1846 = AXIS2_PLACEMENT_3D ( 'NONE', #3662, #4081, #619 ) ;
#1847 = ORIENTED_EDGE ( 'NONE', *, *, #4064, .F. ) ;
#1848 = DIRECTION ( 'NONE',  ( -0.000000000000000000, 1.000000000000000000, 1.640715604224399445E-17 ) ) ;
#1849 = AXIS2_PLACEMENT_3D ( 'NONE', #4924, #712, #1897 ) ;
#1850 = DIRECTION ( 'NONE',  ( 0.000000000000000000, -1.000000000000000000, 0.000000000000000000 ) ) ;
#1851 = DIRECTION ( 'NONE',  ( 0.000000000000000000, 0.000000000000000000, -1.000000000000000000 ) ) ;
#1852 = ORIENTED_EDGE ( 'NONE', *, *, #4061, .T. ) ;
#1853 = LINE ( 'NONE', #2232, #40 ) ;
#1854 = DIRECTION ( 'NONE',  ( 0.000000000000000000, 1.640715604224399445E-17, -1.000000000000000000 ) ) ;
#1855 = AXIS2_PLACEMENT_3D ( 'NONE', #3017, #1128, #4153 ) ;
#1856 = CARTESIAN_POINT ( 'NONE',  ( 27.99999999999999645, -1.136835273038861628E-14, 6.000000000000000000 ) ) ;
#1857 = DIRECTION ( 'NONE',  ( -0.000000000000000000, 1.000000000000000000, 1.640715604224399445E-17 ) ) ;
#1858 = AXIS2_PLACEMENT_3D ( 'NONE', #4599, #1948, #4292 ) ;
#1859 = ORIENTED_EDGE ( 'NONE', *, *, #2204, .T. ) ;
#1860 = DIRECTION ( 'NONE',  ( 0.000000000000000000, -1.000000000000000000, 0.000000000000000000 ) ) ;
#1861 = ORIENTED_EDGE ( 'NONE', *, *, #2509, .F. ) ;
#1862 = FACE_OUTER_BOUND ( 'NONE', #762, .T. ) ;
#1863 = CARTESIAN_POINT ( 'NONE',  ( -20.70000000000000995, 20.00000000000000355, -30.00000000000000711 ) ) ;
#1864 = CIRCLE ( 'NONE', #4345, 71.54700538379245245 ) ;
#1865 = CARTESIAN_POINT ( 'NONE',  ( 33.17799438812966883, 0.000000000000000000, -43.84388773190534039 ) ) ;
#1866 = CARTESIAN_POINT ( 'NONE',  ( 50.00000000000009237, 20.00000000000003908, -31.92178781622176231 ) ) ;
#1867 = ORIENTED_EDGE ( 'NONE', *, *, #3976, .T. ) ;
#1868 = EDGE_CURVE ( 'NONE', #21, #1582, #1216, .T. ) ;
#1869 = CARTESIAN_POINT ( 'NONE',  ( -32.24999999999999289, 0.000000000000000000, -9.600000000000008527 ) ) ;
#1870 = EDGE_CURVE ( 'NONE', #4302, #3228, #976, .T. ) ;
#1871 = ORIENTED_EDGE ( 'NONE', *, *, #2016, .F. ) ;
#1872 = CARTESIAN_POINT ( 'NONE',  ( 53.64544826719041737, 17.00000000000000355, -26.85000000000001918 ) ) ;
#1873 = CYLINDRICAL_SURFACE ( 'NONE', #800, 1.650000000000002132 ) ;
#1874 = CARTESIAN_POINT ( 'NONE',  ( -22.25000000000000000, 10.00000000000000000, 35.25000000000000000 ) ) ;
#1875 = EDGE_CURVE ( 'NONE', #4623, #4733, #1020, .T. ) ;
#1876 = ORIENTED_EDGE ( 'NONE', *, *, #4351, .F. ) ;
#1877 = CARTESIAN_POINT ( 'NONE',  ( -27.99999999999999645, -7.102951435054641748E-15, -6.000000000000000000 ) ) ;
#1878 = DIRECTION ( 'NONE',  ( 0.000000000000000000, 1.000000000000000000, 0.000000000000000000 ) ) ;
#1879 = ORIENTED_EDGE ( 'NONE', *, *, #4591, .T. ) ;
#1880 = DIRECTION ( 'NONE',  ( 0.000000000000000000, 0.000000000000000000, 1.000000000000000000 ) ) ;
#1881 = PLANE ( 'NONE',  #3137 ) ;
#1882 = ORIENTED_EDGE ( 'NONE', *, *, #2598, .F. ) ;
#1883 = FACE_OUTER_BOUND ( 'NONE', #2192, .T. ) ;
#1884 = ORIENTED_EDGE ( 'NONE', *, *, #4751, .T. ) ;
#1885 = CARTESIAN_POINT ( 'NONE',  ( -34.76969600708472541, 3.000000000000000000, 6.000000000000000000 ) ) ;
#1886 = CARTESIAN_POINT ( 'NONE',  ( -9.000000000000007105, 20.00000000000000355, -46.00000000000000000 ) ) ;
#1887 = CARTESIAN_POINT ( 'NONE',  ( 24.99999999999999289, 0.000000000000000000, 6.000000000000000000 ) ) ;
#1888 = EDGE_CURVE ( 'NONE', #3649, #3492, #273, .T. ) ;
#1889 = DIRECTION ( 'NONE',  ( 0.000000000000000000, -0.000000000000000000, 1.000000000000000000 ) ) ;
#1890 = CARTESIAN_POINT ( 'NONE',  ( -2.499999999999993339, 0.000000000000000000, -42.00000000000000000 ) ) ;
#1891 = ORIENTED_EDGE ( 'NONE', *, *, #3007, .F. ) ;
#1892 = CARTESIAN_POINT ( 'NONE',  ( -4.087713240271458659, 17.00000000000000000, -56.74999999999999289 ) ) ;
#1893 = EDGE_CURVE ( 'NONE', #1159, #142, #1074, .T. ) ;
#1894 = ORIENTED_EDGE ( 'NONE', *, *, #3400, .F. ) ;
#1895 = DIRECTION ( 'NONE',  ( 0.000000000000000000, 1.000000000000000000, 1.640715604224399445E-17 ) ) ;
#1896 = DIRECTION ( 'NONE',  ( 0.000000000000000000, 1.000000000000000000, 0.000000000000000000 ) ) ;
#1897 = DIRECTION ( 'NONE',  ( 0.000000000000000000, -1.640715604224399137E-17, 1.000000000000000000 ) ) ;
#1898 = VERTEX_POINT ( 'NONE', #3756 ) ;
#1899 = DIRECTION ( 'NONE',  ( 0.4999999999999992228, 0.000000000000000000, -0.8660254037844390407 ) ) ;
#1900 = FACE_OUTER_BOUND ( 'NONE', #3389, .T. ) ;
#1901 = VERTEX_POINT ( 'NONE', #320 ) ;
#1902 = CARTESIAN_POINT ( 'NONE',  ( -45.00000000000000000, 23.00000000000000000, -31.89999999999999858 ) ) ;
#1903 = DIRECTION ( 'NONE',  ( 0.5000000000000003331, 0.000000000000000000, 0.8660254037844383745 ) ) ;
#1904 = VERTEX_POINT ( 'NONE', #3071 ) ;
#1905 = CARTESIAN_POINT ( 'NONE',  ( 32.25000000000001421, 2.999999999999999112, -9.600000000000001421 ) ) ;
#1906 = ORIENTED_EDGE ( 'NONE', *, *, #4341, .F. ) ;
#1907 = DIRECTION ( 'NONE',  ( 0.000000000000000000, -1.000000000000000000, 0.000000000000000000 ) ) ;
#1908 = FACE_OUTER_BOUND ( 'NONE', #4357, .T. ) ;
#1909 = CARTESIAN_POINT ( 'NONE',  ( -4.087713240271469317, 17.00000000000000000, -44.75000000000001421 ) ) ;
#1910 = CIRCLE ( 'NONE', #384, 65.00000000000000000 ) ;
#1911 = VECTOR ( 'NONE', #3353, 1000.000000000000000 ) ;
#1912 = CARTESIAN_POINT ( 'NONE',  ( -35.00000000000000000, 0.000000000000000000, 6.000000000000000000 ) ) ;
#1913 = DIRECTION ( 'NONE',  ( 0.000000000000000000, 0.000000000000000000, 1.000000000000000000 ) ) ;
#1914 = EDGE_LOOP ( 'NONE', ( #185, #4541, #1256, #4708 ) ) ;
#1915 = CIRCLE ( 'NONE', #1514, 13.00000000000000178 ) ;
#1916 = EDGE_CURVE ( 'NONE', #3582, #2786, #3783, .T. ) ;
#1917 = CIRCLE ( 'NONE', #4228, 62.00000000000013500 ) ;
#1918 = DIRECTION ( 'NONE',  ( 0.000000000000000000, 1.000000000000000000, 0.000000000000000000 ) ) ;
#1919 = AXIS2_PLACEMENT_3D ( 'NONE', #4847, #2907, #989 ) ;
#1920 = ORIENTED_EDGE ( 'NONE', *, *, #1617, .T. ) ;
#1921 = DIRECTION ( 'NONE',  ( -1.000000000000000000, 0.000000000000000000, 0.000000000000000000 ) ) ;
#1922 = EDGE_CURVE ( 'NONE', #996, #2491, #14, .T. ) ;
#1923 = CARTESIAN_POINT ( 'NONE',  ( -36.49999999999998579, 3.000000000000000000, 41.49999999999999289 ) ) ;
#1924 = AXIS2_PLACEMENT_3D ( 'NONE', #49, #1955, #4155 ) ;
#1925 = CARTESIAN_POINT ( 'NONE',  ( 35.00000000000000000, 1.499999999999993339, -6.000000000000000000 ) ) ;
#1926 = VECTOR ( 'NONE', #935, 1000.000000000000000 ) ;
#1927 = VECTOR ( 'NONE', #4852, 1000.000000000000000 ) ;
#1928 = ORIENTED_EDGE ( 'NONE', *, *, #1251, .F. ) ;
#1929 = DIRECTION ( 'NONE',  ( 0.000000000000000000, 0.000000000000000000, 1.000000000000000000 ) ) ;
#1930 = LINE ( 'NONE', #1554, #1193 ) ;
#1931 = ORIENTED_EDGE ( 'NONE', *, *, #2094, .F. ) ;
#1932 = EDGE_CURVE ( 'NONE', #4837, #3799, #1650, .T. ) ;
#1933 = CARTESIAN_POINT ( 'NONE',  ( -30.00000000000000000, 0.09999999999998930578, 6.000000000000000000 ) ) ;
#1934 = ORIENTED_EDGE ( 'NONE', *, *, #844, .T. ) ;
#1935 = VERTEX_POINT ( 'NONE', #719 ) ;
#1936 = VERTEX_POINT ( 'NONE', #3809 ) ;
#1937 = DIRECTION ( 'NONE',  ( -0.000000000000000000, 1.000000000000000000, 1.640715604224399445E-17 ) ) ;
#1938 = CARTESIAN_POINT ( 'NONE',  ( 20.00000000000000000, -0.001745108571434006439, 56.08784048416740120 ) ) ;
#1939 = CARTESIAN_POINT ( 'NONE',  ( 30.35455173280955776, 17.00000000000000355, 51.35000000000000142 ) ) ;
#1940 = AXIS2_PLACEMENT_3D ( 'NONE', #1236, #2415, #3222 ) ;
#1941 = ADVANCED_FACE ( 'NONE', ( #2261 ), #345, .T. ) ;
#1942 = DIRECTION ( 'NONE',  ( -0.5000000000000009992, 0.000000000000000000, -0.8660254037844380415 ) ) ;
#1943 = CARTESIAN_POINT ( 'NONE',  ( -25.23030399291527104, 3.000000000000000000, 6.000000000000000000 ) ) ;
#1944 = ORIENTED_EDGE ( 'NONE', *, *, #1183, .F. ) ;
#1945 = LINE ( 'NONE', #38, #181 ) ;
#1946 = VECTOR ( 'NONE', #3435, 1000.000000000000000 ) ;
#1947 = ORIENTED_EDGE ( 'NONE', *, *, #61, .F. ) ;
#1948 = DIRECTION ( 'NONE',  ( 0.000000000000000000, -1.640715604224399445E-17, 1.000000000000000000 ) ) ;
#1949 = CARTESIAN_POINT ( 'NONE',  ( -32.24999999999999289, 2.999999999999999112, -11.25000000000000711 ) ) ;
#1950 = AXIS2_PLACEMENT_3D ( 'NONE', #3819, #4666, #3500 ) ;
#1951 = VERTEX_POINT ( 'NONE', #857 ) ;
#1952 = DIRECTION ( 'NONE',  ( 0.000000000000000000, 1.000000000000000000, 0.000000000000000000 ) ) ;
#1953 = CARTESIAN_POINT ( 'NONE',  ( -12.00000000000000888, 20.00174510857143417, -57.99999999999999289 ) ) ;
#1954 = ORIENTED_EDGE ( 'NONE', *, *, #1525, .T. ) ;
#1955 = DIRECTION ( 'NONE',  ( 0.000000000000000000, -1.000000000000000000, 0.000000000000000000 ) ) ;
#1956 = EDGE_CURVE ( 'NONE', #1555, #614, #4953, .T. ) ;
#1957 = ORIENTED_EDGE ( 'NONE', *, *, #2687, .F. ) ;
#1958 = VERTEX_POINT ( 'NONE', #4554 ) ;
#1959 = ORIENTED_EDGE ( 'NONE', *, *, #2400, .F. ) ;
#1960 = EDGE_CURVE ( 'NONE', #484, #3599, #969, .T. ) ;
#1961 = CYLINDRICAL_SURFACE ( 'NONE', #2832, 2.899999999999996358 ) ;
#1962 = DIRECTION ( 'NONE',  ( 0.000000000000000000, 1.640715604224399445E-17, -1.000000000000000000 ) ) ;
#1963 = CARTESIAN_POINT ( 'NONE',  ( -45.00000000000000000, 2.999999999999999112, 14.65000000000000391 ) ) ;
#1964 = CLOSED_SHELL ( 'NONE', ( #2478, #4190, #3177, #2625, #1121, #3064, #4209, #4490, #3804, #4433, #876, #106, #2617, #1539, #1092, #4217, #3889, #419, #2815, #2769, #2131, #256, #1485, #2469, #4784, #4031, #3041, #1461, #4435, #2835, #4583, #3920, #4300, #1348, #3798, #721, #1102, #4645, #1202, #4804, #4130, #1941, #4720, #2635, #2988, #3043, #1215, #3522, #57, #1463, #1706, #3032, #3448, #89, #1791, #1646, #2069, #3559, #1609, #1447, #1163, #31, #878, #1510, #1775, #1588, #2738, #1170, #4032, #4902, #3758, #1644, #2172, #2857, #2965, #2346, #354, #1318, #884, #1797, #3834, #4229, #178, #3255, #3577, #4274, #2676, #4266, #689, #3964, #4248, #109, #3402, #2052, #213, #2766, #1684, #3913, #2419, #1633, #588, #4919, #2871, #2333, #829, #2035, #1431, #240, #360, #946, #4174, #4092, #179, #458, #3787, #3237, #750, #3246, #2929, #1986, #279, #1034, #709, #3006, #170, #2299, #85, #3652, #722, #4651, #1626, #3941, #1620, #2365, #2954, #2219, #3192, #651, #3512, #62, #1066, #1084, #3463, #1821, #3766, #3225, #4399, #356, #451, #2880, #1974, #2716, #1733, #2574, #405 ) ) ;
#1965 = DIRECTION ( 'NONE',  ( 0.000000000000000000, 1.000000000000000000, 0.000000000000000000 ) ) ;
#1966 = DIRECTION ( 'NONE',  ( 1.000000000000000000, 0.000000000000000000, 0.000000000000000000 ) ) ;
#1967 = EDGE_LOOP ( 'NONE', ( #3289, #913, #662, #2467 ) ) ;
#1968 = VECTOR ( 'NONE', #418, 1000.000000000000000 ) ;
#1969 = ORIENTED_EDGE ( 'NONE', *, *, #3420, .T. ) ;
#1970 = DIRECTION ( 'NONE',  ( 0.000000000000000000, -1.000000000000000000, 0.000000000000000000 ) ) ;
#1971 = EDGE_CURVE ( 'NONE', #3599, #484, #979, .T. ) ;
#1972 = AXIS2_PLACEMENT_3D ( 'NONE', #2576, #3397, #1086 ) ;
#1973 = CARTESIAN_POINT ( 'NONE',  ( -28.70910346561914039, 14.40000000000000568, 48.49999999999999289 ) ) ;
#1974 = ADVANCED_FACE ( 'NONE', ( #1476 ), #3412, .F. ) ;
#1975 = EDGE_LOOP ( 'NONE', ( #206, #52 ) ) ;
#1976 = DIRECTION ( 'NONE',  ( 0.000000000000000000, 1.000000000000000000, 0.000000000000000000 ) ) ;
#1977 = CYLINDRICAL_SURFACE ( 'NONE', #1430, 1.649999999999998579 ) ;
#1978 = ORIENTED_EDGE ( 'NONE', *, *, #1960, .T. ) ;
#1979 = DIRECTION ( 'NONE',  ( 1.000000000000000000, 0.000000000000000000, -1.217349807703022609E-16 ) ) ;
#1980 = ORIENTED_EDGE ( 'NONE', *, *, #3586, .T. ) ;
#1981 = ORIENTED_EDGE ( 'NONE', *, *, #1956, .T. ) ;
#1982 = EDGE_LOOP ( 'NONE', ( #2756, #3275, #1076, #2836, #1822, #2511 ) ) ;
#1983 = DIRECTION ( 'NONE',  ( -0.000000000000000000, -1.000000000000000000, -0.000000000000000000 ) ) ;
#1984 = CARTESIAN_POINT ( 'NONE',  ( 0.000000000000000000, 20.00000000000000000, 0.000000000000000000 ) ) ;
#1985 = CARTESIAN_POINT ( 'NONE',  ( 33.64544826719043158, 14.40000000000000568, 45.64999999999999147 ) ) ;
#1986 = ADVANCED_FACE ( 'NONE', ( #1500 ), #4324, .F. ) ;
#1987 = EDGE_CURVE ( 'NONE', #408, #3506, #3040, .T. ) ;
#1988 = CARTESIAN_POINT ( 'NONE',  ( 47.00000000000000000, 20.00000000000000355, -34.60730092143498382 ) ) ;
#1989 = LINE ( 'NONE', #1589, #4100 ) ;
#1990 = EDGE_LOOP ( 'NONE', ( #236, #4, #1364, #972 ) ) ;
#1991 = EDGE_CURVE ( 'NONE', #2891, #484, #4929, .T. ) ;
#1992 = EDGE_CURVE ( 'NONE', #3377, #425, #4179, .T. ) ;
#1993 = VECTOR ( 'NONE', #1395, 1000.000000000000114 ) ;
#1994 = ORIENTED_EDGE ( 'NONE', *, *, #4550, .T. ) ;
#1995 = EDGE_LOOP ( 'NONE', ( #845, #2075, #3003, #2919 ) ) ;
#1996 = VECTOR ( 'NONE', #1137, 1000.000000000000000 ) ;
#1997 = VECTOR ( 'NONE', #1937, 1000.000000000000000 ) ;
#1998 = DIRECTION ( 'NONE',  ( -0.000000000000000000, -1.000000000000000000, -0.000000000000000000 ) ) ;
#1999 = AXIS2_PLACEMENT_3D ( 'NONE', #2420, #3945, #505 ) ;
#2000 = CARTESIAN_POINT ( 'NONE',  ( -32.00000000000000000, 14.40000000000000568, 50.14999999999999858 ) ) ;
#2001 = DIRECTION ( 'NONE',  ( -2.312964634635744633E-15, 1.000000000000000000, -0.000000000000000000 ) ) ;
#2002 = AXIS2_PLACEMENT_3D ( 'NONE', #1326, #1300, #4373 ) ;
#2003 = EDGE_LOOP ( 'NONE', ( #1931, #2363, #2310, #2536, #2681, #3273 ) ) ;
#2004 = CYLINDRICAL_SURFACE ( 'NONE', #3888, 1.649999999999998579 ) ;
#2005 = CARTESIAN_POINT ( 'NONE',  ( -54.00000000000000000, 20.00000000000000355, -22.00000000000000000 ) ) ;
#2006 = ORIENTED_EDGE ( 'NONE', *, *, #1505, .T. ) ;
#2007 = FACE_BOUND ( 'NONE', #4787, .T. ) ;
#2008 = AXIS2_PLACEMENT_3D ( 'NONE', #467, #2840, #3166 ) ;
#2009 = ORIENTED_EDGE ( 'NONE', *, *, #4284, .F. ) ;
#2010 = ORIENTED_EDGE ( 'NONE', *, *, #1916, .T. ) ;
#2011 = VERTEX_POINT ( 'NONE', #4581 ) ;
#2012 = FACE_OUTER_BOUND ( 'NONE', #4005, .T. ) ;
#2013 = CARTESIAN_POINT ( 'NONE',  ( -55.64544826719042447, 14.40000000000000568, -19.15000000000000568 ) ) ;
#2014 = CARTESIAN_POINT ( 'NONE',  ( -20.70000000000000995, 3.000000000000000000, -30.00000000000000711 ) ) ;
#2015 = EDGE_CURVE ( 'NONE', #1243, #982, #1155, .T. ) ;
#2016 = EDGE_CURVE ( 'NONE', #2541, #4734, #2376, .T. ) ;
#2017 = DIRECTION ( 'NONE',  ( 0.000000000000000000, 1.000000000000000000, 1.640715604224399445E-17 ) ) ;
#2018 = DIRECTION ( 'NONE',  ( 1.000000000000000000, 0.000000000000000000, 0.000000000000000000 ) ) ;
#2019 = ORIENTED_EDGE ( 'NONE', *, *, #1303, .F. ) ;
#2020 = CARTESIAN_POINT ( 'NONE',  ( 48.70910346561910842, 14.40000000000000568, -23.99999999999999645 ) ) ;
#2021 = AXIS2_PLACEMENT_3D ( 'NONE', #2563, #1780, #3661 ) ;
#2022 = ORIENTED_EDGE ( 'NONE', *, *, #2517, .T. ) ;
#2023 = ORIENTED_EDGE ( 'NONE', *, *, #4164, .T. ) ;
#2024 = EDGE_CURVE ( 'NONE', #2011, #4921, #459, .T. ) ;
#2025 = CARTESIAN_POINT ( 'NONE',  ( 32.00000000000000000, 17.00000000000000355, 48.50000000000000000 ) ) ;
#2026 = AXIS2_PLACEMENT_3D ( 'NONE', #3020, #1835, #3441 ) ;
#2027 = CARTESIAN_POINT ( 'NONE',  ( 0.000000000000000000, 20.00000000000001066, 3.281431208448800122E-16 ) ) ;
#2028 = FACE_OUTER_BOUND ( 'NONE', #1437, .T. ) ;
#2029 = AXIS2_PLACEMENT_3D ( 'NONE', #3206, #3304, #1325 ) ;
#2030 = ORIENTED_EDGE ( 'NONE', *, *, #1495, .T. ) ;
#2031 = CARTESIAN_POINT ( 'NONE',  ( 22.25000000000000000, 0.000000000000000000, 35.25000000000000000 ) ) ;
#2032 = LINE ( 'NONE', #3879, #1594 ) ;
#2033 = VERTEX_POINT ( 'NONE', #2000 ) ;
#2034 = FACE_BOUND ( 'NONE', #3659, .T. ) ;
#2035 = ADVANCED_FACE ( 'NONE', ( #3529 ), #1624, .F. ) ;
#2036 = ORIENTED_EDGE ( 'NONE', *, *, #2139, .F. ) ;
#2037 = EDGE_LOOP ( 'NONE', ( #4903, #2872, #3770, #822, #297, #4587 ) ) ;
#2038 = LINE ( 'NONE', #4337, #2322 ) ;
#2039 = FACE_OUTER_BOUND ( 'NONE', #454, .T. ) ;
#2040 = DIRECTION ( 'NONE',  ( 0.000000000000000000, -1.000000000000000000, 0.000000000000000000 ) ) ;
#2041 = EDGE_CURVE ( 'NONE', #1345, #3805, #1864, .T. ) ;
#2042 = DIRECTION ( 'NONE',  ( 0.000000000000000000, 0.000000000000000000, 1.000000000000000000 ) ) ;
#2043 = LINE ( 'NONE', #182, #954 ) ;
#2044 = VERTEX_POINT ( 'NONE', #2451 ) ;
#2045 = CARTESIAN_POINT ( 'NONE',  ( -20.00000000000000000, -0.001745108571434006439, 44.50000000000000000 ) ) ;
#2046 = ORIENTED_EDGE ( 'NONE', *, *, #4920, .F. ) ;
#2047 = VERTEX_POINT ( 'NONE', #1766 ) ;
#2048 = AXIS2_PLACEMENT_3D ( 'NONE', #1662, #4078, #4665 ) ;
#2049 = DIRECTION ( 'NONE',  ( -1.000000000000000000, 0.000000000000000000, -0.000000000000000000 ) ) ;
#2050 = CARTESIAN_POINT ( 'NONE',  ( -35.00000000000000000, 0.000000000000000000, 6.000000000000000000 ) ) ;
#2051 = DIRECTION ( 'NONE',  ( 0.000000000000000000, 0.8660254037844398178, 0.4999999999999977796 ) ) ;
#2052 = ADVANCED_FACE ( 'NONE', ( #938 ), #2071, .F. ) ;
#2053 = ORIENTED_EDGE ( 'NONE', *, *, #4532, .T. ) ;
#2054 = CARTESIAN_POINT ( 'NONE',  ( 0.000000000000000000, 20.00000000000000355, -32.21234139994161438 ) ) ;
#2055 = CARTESIAN_POINT ( 'NONE',  ( -39.85283180056550378, 20.00000000000000000, -47.49475547337658554 ) ) ;
#2056 = DIRECTION ( 'NONE',  ( 0.000000000000000000, 0.000000000000000000, 1.000000000000000000 ) ) ;
#2057 = VERTEX_POINT ( 'NONE', #2097 ) ;
#2058 = VERTEX_POINT ( 'NONE', #135 ) ;
#2059 = CARTESIAN_POINT ( 'NONE',  ( -32.00000000000000000, 17.00000000000000355, 46.85000000000000142 ) ) ;
#2060 = EDGE_CURVE ( 'NONE', #563, #4255, #1144, .T. ) ;
#2061 = LINE ( 'NONE', #573, #2260 ) ;
#2062 = LINE ( 'NONE', #477, #232 ) ;
#2063 = DIRECTION ( 'NONE',  ( 0.000000000000000000, 1.000000000000000000, 0.000000000000000000 ) ) ;
#2064 = DIRECTION ( 'NONE',  ( 0.000000000000000000, 1.000000000000000000, 0.000000000000000000 ) ) ;
#2065 = VERTEX_POINT ( 'NONE', #3973 ) ;
#2066 = CARTESIAN_POINT ( 'NONE',  ( 0.6754264805429498475, 3.000000000000000000, -42.00000000000000000 ) ) ;
#2067 = ORIENTED_EDGE ( 'NONE', *, *, #1666, .T. ) ;
#2068 = ORIENTED_EDGE ( 'NONE', *, *, #4695, .T. ) ;
#2069 = ADVANCED_FACE ( 'NONE', ( #2123 ), #2933, .F. ) ;
#2070 = CARTESIAN_POINT ( 'NONE',  ( -32.24999999999998579, 0.000000000000000000, 37.25000000000000000 ) ) ;
#2071 = CYLINDRICAL_SURFACE ( 'NONE', #2029, 1.649999999999998579 ) ;
#2072 = DIRECTION ( 'NONE',  ( -0.000000000000000000, 1.000000000000000000, 1.640715604224399445E-17 ) ) ;
#2073 = CIRCLE ( 'NONE', #2723, 2.999999999999995559 ) ;
#2074 = VECTOR ( 'NONE', #3956, 1000.000000000000000 ) ;
#2075 = ORIENTED_EDGE ( 'NONE', *, *, #3349, .T. ) ;
#2076 = VECTOR ( 'NONE', #4134, 1000.000000000000000 ) ;
#2077 = CARTESIAN_POINT ( 'NONE',  ( -35.29089653438084184, 14.40000000000000568, 48.49999999999999289 ) ) ;
#2078 = PLANE ( 'NONE',  #461 ) ;
#2079 = FACE_BOUND ( 'NONE', #2865, .T. ) ;
#2080 = ORIENTED_EDGE ( 'NONE', *, *, #2935, .T. ) ;
#2081 = EDGE_LOOP ( 'NONE', ( #2728, #2850, #4218, #2963 ) ) ;
#2082 = VERTEX_POINT ( 'NONE', #4749 ) ;
#2083 = CARTESIAN_POINT ( 'NONE',  ( -27.99999999999999645, -3.937717450138558175E-16, -6.000000000000000000 ) ) ;
#2084 = FACE_OUTER_BOUND ( 'NONE', #2874, .T. ) ;
#2085 = CARTESIAN_POINT ( 'NONE',  ( 3.367778697655220026E-16, 0.000000000000000000, -22.59324211445782993 ) ) ;
#2086 = CIRCLE ( 'NONE', #1440, 1.649999999999998579 ) ;
#2087 = AXIS2_PLACEMENT_3D ( 'NONE', #4520, #3775, #339 ) ;
#2088 = ORIENTED_EDGE ( 'NONE', *, *, #3025, .T. ) ;
#2089 = CONICAL_SURFACE ( 'NONE', #1849, 60.00000000000000000, 0.5235987755982963732 ) ;
#2090 = CARTESIAN_POINT ( 'NONE',  ( 33.64544826719042447, 14.40000000000000568, 51.35000000000000142 ) ) ;
#2091 = ORIENTED_EDGE ( 'NONE', *, *, #2249, .F. ) ;
#2092 = LINE ( 'NONE', #580, #1690 ) ;
#2093 = B_SPLINE_CURVE_WITH_KNOTS ( 'NONE', 1,
 ( #3953, #4750 ),
 .UNSPECIFIED., .F., .F.,
 ( 2, 2 ),
 ( 0.000000000000000000, 1.000000000000000000 ),
 .UNSPECIFIED. ) ;
#2094 = EDGE_CURVE ( 'NONE', #3760, #2277, #1347, .T. ) ;
#2095 = VERTEX_POINT ( 'NONE', #2527 ) ;
#2096 = DIRECTION ( 'NONE',  ( 0.8660254037844388186, 0.000000000000000000, -0.4999999999999996114 ) ) ;
#2097 = CARTESIAN_POINT ( 'NONE',  ( -55.64544826719042447, 17.00000000000000355, -19.15000000000000568 ) ) ;
#2098 = CARTESIAN_POINT ( 'NONE',  ( -4.087713240271449777, 17.00000000000000000, -51.25000000000001421 ) ) ;
#2099 = VECTOR ( 'NONE', #1921, 1000.000000000000000 ) ;
#2100 = ORIENTED_EDGE ( 'NONE', *, *, #848, .F. ) ;
#2101 = LINE ( 'NONE', #3748, #4568 ) ;
#2102 = CARTESIAN_POINT ( 'NONE',  ( -51.91130815307381141, 20.00000000000000000, -39.11797650488389877 ) ) ;
#2103 = EDGE_CURVE ( 'NONE', #455, #1708, #1670, .T. ) ;
#2104 = CARTESIAN_POINT ( 'NONE',  ( -2.499999999999993339, 0.000000000000000000, -54.00000000000000711 ) ) ;
#2105 = AXIS2_PLACEMENT_3D ( 'NONE', #1088, #4917, #3326 ) ;
#2106 = VECTOR ( 'NONE', #2238, 1000.000000000000000 ) ;
#2107 = VERTEX_POINT ( 'NONE', #3234 ) ;
#2108 = ORIENTED_EDGE ( 'NONE', *, *, #3394, .T. ) ;
#2109 = ORIENTED_EDGE ( 'NONE', *, *, #1361, .F. ) ;
#2110 = FACE_OUTER_BOUND ( 'NONE', #411, .T. ) ;
#2111 = FACE_BOUND ( 'NONE', #4646, .T. ) ;
#2112 = CARTESIAN_POINT ( 'NONE',  ( -32.00000000000000000, 2.000000000000005329, 50.14999999999999858 ) ) ;
#2113 = EDGE_CURVE ( 'NONE', #559, #2107, #1010, .T. ) ;
#2114 = EDGE_CURVE ( 'NONE', #825, #348, #4066, .T. ) ;
#2115 = EDGE_CURVE ( 'NONE', #348, #4483, #2906, .T. ) ;
#2116 = EDGE_LOOP ( 'NONE', ( #679, #1426, #2803, #4384 ) ) ;
#2117 = FILL_AREA_STYLE ('',( #981 ) ) ;
#2118 = EDGE_LOOP ( 'NONE', ( #4053, #553, #725, #1981 ) ) ;
#2119 = DIRECTION ( 'NONE',  ( -0.000000000000000000, 1.000000000000000000, 1.640715604224399445E-17 ) ) ;
#2120 = EDGE_LOOP ( 'NONE', ( #1947, #4595, #3549, #1393 ) ) ;
#2121 = CARTESIAN_POINT ( 'NONE',  ( 28.70910346561912263, 14.40000000000000568, 48.50000000000000000 ) ) ;
#2122 = ORIENTED_EDGE ( 'NONE', *, *, #3942, .T. ) ;
#2123 = FACE_OUTER_BOUND ( 'NONE', #688, .T. ) ;
#2124 = CARTESIAN_POINT ( 'NONE',  ( -15.00000000000000533, 0.000000000000000000, -55.00000000000000000 ) ) ;
#2125 = AXIS2_PLACEMENT_3D ( 'NONE', #4124, #4551, #2306 ) ;
#2126 = ORIENTED_EDGE ( 'NONE', *, *, #1367, .T. ) ;
#2127 = DIRECTION ( 'NONE',  ( 0.7986355100472866120, -0.000000000000000000, 0.6018150231520564830 ) ) ;
#2128 = DIRECTION ( 'NONE',  ( 0.000000000000000000, 1.000000000000000000, 1.640715604224399445E-17 ) ) ;
#2129 = LINE ( 'NONE', #218, #1044 ) ;
#2130 = VECTOR ( 'NONE', #2505, 1000.000000000000000 ) ;
#2131 = ADVANCED_FACE ( 'NONE', ( #1700 ), #916, .F. ) ;
#2132 = EDGE_LOOP ( 'NONE', ( #973, #361, #4778, #4531 ) ) ;
#2133 = EDGE_LOOP ( 'NONE', ( #2818, #4862 ) ) ;
#2134 = VERTEX_POINT ( 'NONE', #583 ) ;
#2135 = LINE ( 'NONE', #2212, #390 ) ;
#2136 = DIRECTION ( 'NONE',  ( 0.000000000000000000, 1.000000000000000000, 0.000000000000000000 ) ) ;
#2137 = DIRECTION ( 'NONE',  ( -0.000000000000000000, -1.000000000000000000, -0.000000000000000000 ) ) ;
#2138 = ORIENTED_EDGE ( 'NONE', *, *, #3922, .T. ) ;
#2139 = EDGE_CURVE ( 'NONE', #1275, #4027, #3601, .T. ) ;
#2140 = CARTESIAN_POINT ( 'NONE',  ( -57.49999999999999289, 20.00000000000000355, 41.49999999999999289 ) ) ;
#2141 = EDGE_LOOP ( 'NONE', ( #987, #4206 ) ) ;
#2142 = CARTESIAN_POINT ( 'NONE',  ( 33.64544826719043158, 17.00000000000000355, 45.64999999999999147 ) ) ;
#2143 = EDGE_CURVE ( 'NONE', #4745, #1243, #3948, .T. ) ;
#2144 = DIRECTION ( 'NONE',  ( 1.217349807703022609E-16, 0.000000000000000000, 1.000000000000000000 ) ) ;
#2145 = EDGE_CURVE ( 'NONE', #1253, #3991, #2858, .T. ) ;
#2146 = DIRECTION ( 'NONE',  ( 0.000000000000000000, 0.000000000000000000, 1.000000000000000000 ) ) ;
#2147 = ORIENTED_EDGE ( 'NONE', *, *, #514, .F. ) ;
#2148 = EDGE_CURVE ( 'NONE', #4678, #3028, #2429, .T. ) ;
#2149 = DIRECTION ( 'NONE',  ( 0.000000000000000000, 0.000000000000000000, 1.000000000000000000 ) ) ;
#2150 = PRODUCT_CONTEXT ( 'NONE', #3062, 'mechanical' ) ;
#2151 = ORIENTED_EDGE ( 'NONE', *, *, #3360, .T. ) ;
#2152 = DIRECTION ( 'NONE',  ( -1.000000000000000000, 0.000000000000000000, 0.000000000000000000 ) ) ;
#2153 = DIRECTION ( 'NONE',  ( 0.000000000000000000, -1.000000000000000000, 0.000000000000000000 ) ) ;
#2154 = LINE ( 'NONE', #2230, #806 ) ;
#2155 = CIRCLE ( 'NONE', #2802, 1.649999999999995248 ) ;
#2156 = VERTEX_POINT ( 'NONE', #3629 ) ;
#2157 = ORIENTED_EDGE ( 'NONE', *, *, #2295, .T. ) ;
#2158 = DIRECTION ( 'NONE',  ( 0.000000000000000000, -1.640715604224399445E-17, 1.000000000000000000 ) ) ;
#2159 = VECTOR ( 'NONE', #3963, 1000.000000000000000 ) ;
#2160 = VECTOR ( 'NONE', #199, 1000.000000000000000 ) ;
#2161 = FACE_OUTER_BOUND ( 'NONE', #2711, .T. ) ;
#2162 = DIRECTION ( 'NONE',  ( -0.000000000000000000, -1.000000000000000000, -0.000000000000000000 ) ) ;
#2163 = CYLINDRICAL_SURFACE ( 'NONE', #2490, 1.649999999999995248 ) ;
#2164 = ORIENTED_EDGE ( 'NONE', *, *, #2024, .F. ) ;
#2165 = AXIS2_PLACEMENT_3D ( 'NONE', #4067, #607, #632 ) ;
#2166 = VERTEX_POINT ( 'NONE', #3650 ) ;
#2167 = CARTESIAN_POINT ( 'NONE',  ( -33.64544826719041026, 14.40000000000000568, 51.34999999999998010 ) ) ;
#2168 = EDGE_LOOP ( 'NONE', ( #1569, #143, #2565, #2510 ) ) ;
#2169 = AXIS2_PLACEMENT_3D ( 'NONE', #3388, #2923, #4857 ) ;
#2170 = FACE_OUTER_BOUND ( 'NONE', #2459, .T. ) ;
#2171 = CIRCLE ( 'NONE', #1273, 2.999999999999995559 ) ;
#2172 = ADVANCED_FACE ( 'NONE', ( #187 ), #1719, .F. ) ;
#2173 = VECTOR ( 'NONE', #3011, 1000.000000000000000 ) ;
#2174 = CARTESIAN_POINT ( 'NONE',  ( 30.82200561187031695, 0.000000000000000000, -32.15611226809464540 ) ) ;
#2175 = CARTESIAN_POINT ( 'NONE',  ( 33.17799438812968305, 0.000000000000000000, -32.15611226809472356 ) ) ;
#2176 = ORIENTED_EDGE ( 'NONE', *, *, #4684, .F. ) ;
#2177 = CARTESIAN_POINT ( 'NONE',  ( 35.29089653438087026, 17.00000000000000355, 48.49999999999998579 ) ) ;
#2178 = CARTESIAN_POINT ( 'NONE',  ( 32.00000000000000000, -7.102951435054641748E-15, -6.000000000000000000 ) ) ;
#2179 = ORIENTED_EDGE ( 'NONE', *, *, #2631, .F. ) ;
#2180 = AXIS2_PLACEMENT_3D ( 'NONE', #1470, #1895, #1823 ) ;
#2181 = DIRECTION ( 'NONE',  ( 0.000000000000000000, 1.640715604224399445E-17, -1.000000000000000000 ) ) ;
#2182 = LINE ( 'NONE', #3703, #4239 ) ;
#2183 = CARTESIAN_POINT ( 'NONE',  ( 7.347880794884118356E-15, 9.844293625346394943E-16, -60.00000000000000000 ) ) ;
#2184 = VECTOR ( 'NONE', #1754, 1000.000000000000000 ) ;
#2185 = VERTEX_POINT ( 'NONE', #4795 ) ;
#2186 = CARTESIAN_POINT ( 'NONE',  ( 28.70910346561912263, 17.00000000000000355, 48.50000000000000000 ) ) ;
#2187 = PLANE ( 'NONE',  #1515 ) ;
#2188 = CARTESIAN_POINT ( 'NONE',  ( -36.49999999999998579, 23.00000000000000000, 41.49999999999999289 ) ) ;
#2189 = CARTESIAN_POINT ( 'NONE',  ( 52.00000000000000000, 2.000000000000005329, -25.64999999999999503 ) ) ;
#2190 = CIRCLE ( 'NONE', #3628, 1.650000000000002132 ) ;
#2191 = AXIS2_PLACEMENT_3D ( 'NONE', #370, #748, #2285 ) ;
#2192 = EDGE_LOOP ( 'NONE', ( #129, #2385, #1920, #2275 ) ) ;
#2193 = VERTEX_POINT ( 'NONE', #3375 ) ;
#2194 = EDGE_CURVE ( 'NONE', #4836, #25, #2276, .T. ) ;
#2195 = CYLINDRICAL_SURFACE ( 'NONE', #2962, 1.650000000000002132 ) ;
#2196 = DIRECTION ( 'NONE',  ( 0.000000000000000000, 0.000000000000000000, -1.000000000000000000 ) ) ;
#2197 = AXIS2_PLACEMENT_3D ( 'NONE', #10, #3847, #853 ) ;
#2198 = DIRECTION ( 'NONE',  ( 0.6018150231520564830, 0.000000000000000000, -0.7986355100472866120 ) ) ;
#2199 = CARTESIAN_POINT ( 'NONE',  ( 34.84397013045818170, 0.000000000000000000, -42.17799776127002076 ) ) ;
#2200 = ORIENTED_EDGE ( 'NONE', *, *, #3113, .T. ) ;
#2201 = DIRECTION ( 'NONE',  ( -0.000000000000000000, 1.000000000000000000, 1.640715604224399445E-17 ) ) ;
#2202 = ORIENTED_EDGE ( 'NONE', *, *, #4055, .T. ) ;
#2203 = CARTESIAN_POINT ( 'NONE',  ( -41.78119462962513353, 10.00000000000000000, -49.79288880273351481 ) ) ;
#2204 = EDGE_CURVE ( 'NONE', #2435, #2843, #3425, .T. ) ;
#2205 = DIRECTION ( 'NONE',  ( 0.000000000000000000, -1.000000000000000000, 0.000000000000000000 ) ) ;
#2206 = FACE_BOUND ( 'NONE', #1465, .T. ) ;
#2207 = EDGE_CURVE ( 'NONE', #2287, #3582, #4941, .T. ) ;
#2208 = AXIS2_PLACEMENT_3D ( 'NONE', #3818, #1965, #1889 ) ;
#2209 = VERTEX_POINT ( 'NONE', #3797 ) ;
#2210 = LINE ( 'NONE', #4950, #4842 ) ;
#2211 = VECTOR ( 'NONE', #2741, 1000.000000000000000 ) ;
#2212 = CARTESIAN_POINT ( 'NONE',  ( -41.78119462962513353, 10.00000000000000000, -49.79288880273351481 ) ) ;
#2213 = FACE_BOUND ( 'NONE', #2601, .T. ) ;
#2214 = DIRECTION ( 'NONE',  ( 0.000000000000000000, -1.640715604224399445E-17, 1.000000000000000000 ) ) ;
#2215 = EDGE_CURVE ( 'NONE', #3565, #142, #2624, .T. ) ;
#2216 = ORIENTED_EDGE ( 'NONE', *, *, #3785, .F. ) ;
#2217 = DIRECTION ( 'NONE',  ( -0.000000000000000000, 1.000000000000000000, 1.640715604224399445E-17 ) ) ;
#2218 = EDGE_LOOP ( 'NONE', ( #4152, #1876, #2216, #3321, #1906 ) ) ;
#2219 = ADVANCED_FACE ( 'NONE', ( #3029 ), #1795, .F. ) ;
#2220 = DIRECTION ( 'NONE',  ( -0.000000000000000000, 1.000000000000000000, 1.640715604224399445E-17 ) ) ;
#2221 = AXIS2_PLACEMENT_3D ( 'NONE', #379, #36, #2296 ) ;
#2222 = DIRECTION ( 'NONE',  ( 0.000000000000000000, 1.000000000000000000, 0.000000000000000000 ) ) ;
#2223 = CARTESIAN_POINT ( 'NONE',  ( 52.99999999999998579, 20.00000000000001776, -39.50000000000000711 ) ) ;
#2224 = CARTESIAN_POINT ( 'NONE',  ( 52.99999999999999289, 20.00000000000001066, -36.49999999999999289 ) ) ;
#2225 = ORIENTED_EDGE ( 'NONE', *, *, #2509, .T. ) ;
#2226 = CARTESIAN_POINT ( 'NONE',  ( -30.51565158108295606, 10.00000000000000000, -57.39159353583022494 ) ) ;
#2227 = ORIENTED_EDGE ( 'NONE', *, *, #4937, .F. ) ;
#2228 = DIRECTION ( 'NONE',  ( -0.000000000000000000, 1.000000000000000000, 1.640715604224399445E-17 ) ) ;
#2229 = CARTESIAN_POINT ( 'NONE',  ( -45.00000000000000000, 0.000000000000000000, -29.00000000000000000 ) ) ;
#2230 = CARTESIAN_POINT ( 'NONE',  ( -30.51565158108295606, 10.00000000000000000, -57.39159353583022494 ) ) ;
#2231 = ORIENTED_EDGE ( 'NONE', *, *, #1991, .T. ) ;
#2232 = CARTESIAN_POINT ( 'NONE',  ( -32.00000000000000000, 0.09999999999998876454, 6.000000000000000000 ) ) ;
#2233 = FACE_OUTER_BOUND ( 'NONE', #2081, .T. ) ;
#2234 = DIRECTION ( 'NONE',  ( 0.4999999999999993894, 0.000000000000000000, -0.8660254037844389297 ) ) ;
#2235 = CARTESIAN_POINT ( 'NONE',  ( 0.000000000000000000, -4.921261423547484970E-16, -9.656686092005091878E-33 ) ) ;
#2236 = ORIENTED_EDGE ( 'NONE', *, *, #4488, .F. ) ;
#2237 = CIRCLE ( 'NONE', #4868, 1.649999999999995248 ) ;
#2238 = DIRECTION ( 'NONE',  ( 0.000000000000000000, 0.000000000000000000, -1.000000000000000000 ) ) ;
#2239 = ORIENTED_EDGE ( 'NONE', *, *, #4425, .T. ) ;
#2240 = AXIS2_PLACEMENT_3D ( 'NONE', #4072, #565, #3655 ) ;
#2241 = VECTOR ( 'NONE', #4510, 1000.000000000000000 ) ;
#2242 = LINE ( 'NONE', #2140, #149 ) ;
#2243 = CARTESIAN_POINT ( 'NONE',  ( 30.00000000000000000, 1.499999999999992673, -6.000000000000000000 ) ) ;
#2244 = CARTESIAN_POINT ( 'NONE',  ( -36.49999999999999289, 3.000000000000000000, -15.50000000000000711 ) ) ;
#2245 = CARTESIAN_POINT ( 'NONE',  ( 53.00000000000000000, 20.00000000000000355, -41.39269907856502329 ) ) ;
#2246 = ORIENTED_EDGE ( 'NONE', *, *, #3215, .F. ) ;
#2247 = CIRCLE ( 'NONE', #4472, 2.899999999999999911 ) ;
#2248 = DIRECTION ( 'NONE',  ( -0.000000000000000000, 1.000000000000000000, 1.640715604224399445E-17 ) ) ;
#2249 = EDGE_CURVE ( 'NONE', #2541, #3636, #4869, .T. ) ;
#2250 = CIRCLE ( 'NONE', #81, 1.649999999999995248 ) ;
#2251 = ORIENTED_EDGE ( 'NONE', *, *, #3668, .T. ) ;
#2252 = LINE ( 'NONE', #2278, #2332 ) ;
#2253 = DIRECTION ( 'NONE',  ( -1.000000000000000000, -0.000000000000000000, -0.000000000000000000 ) ) ;
#2254 = CARTESIAN_POINT ( 'NONE',  ( 3.980102097228898231E-16, 27.85702934865614822, -26.99747468507060333 ) ) ;
#2255 = ORIENTED_EDGE ( 'NONE', *, *, #4591, .F. ) ;
#2256 = CYLINDRICAL_SURFACE ( 'NONE', #2775, 2.000000000000001776 ) ;
#2257 = EDGE_CURVE ( 'NONE', #380, #1009, #3057, .T. ) ;
#2258 = CARTESIAN_POINT ( 'NONE',  ( 20.00000000000000000, -4.922146812673197472E-16, -8.075843081836307213E-33 ) ) ;
#2259 = ORIENTED_EDGE ( 'NONE', *, *, #2776, .F. ) ;
#2260 = VECTOR ( 'NONE', #4007, 1000.000000000000114 ) ;
#2261 = FACE_OUTER_BOUND ( 'NONE', #4276, .T. ) ;
#2262 = CARTESIAN_POINT ( 'NONE',  ( -30.35455173280956487, 17.00000000000000355, 51.34999999999998010 ) ) ;
#2263 = AXIS2_PLACEMENT_3D ( 'NONE', #2025, #1570, #64 ) ;
#2264 = EDGE_LOOP ( 'NONE', ( #1978, #3896 ) ) ;
#2265 = CARTESIAN_POINT ( 'NONE',  ( 36.50000000000001421, 23.00000000000000000, 41.49999999999999289 ) ) ;
#2266 = EDGE_LOOP ( 'NONE', ( #462, #1133 ) ) ;
#2267 = AXIS2_PLACEMENT_3D ( 'NONE', #3110, #2323, #4619 ) ;
#2268 = DIRECTION ( 'NONE',  ( 0.000000000000000000, 0.000000000000000000, 1.000000000000000000 ) ) ;
#2269 = DIRECTION ( 'NONE',  ( 0.5000000000000007772, 0.000000000000000000, -0.8660254037844381525 ) ) ;
#2270 = CARTESIAN_POINT ( 'NONE',  ( -39.85283180056550378, 10.00000000000000000, -47.49475547337658554 ) ) ;
#2271 = EDGE_CURVE ( 'NONE', #2504, #2321, #4098, .T. ) ;
#2272 = VECTOR ( 'NONE', #4493, 1000.000000000000114 ) ;
#2273 = DIRECTION ( 'NONE',  ( 0.4999999999999997780, 0.000000000000000000, -0.8660254037844387076 ) ) ;
#2274 = DIRECTION ( 'NONE',  ( 0.000000000000000000, -1.000000000000000000, 0.000000000000000000 ) ) ;
#2275 = ORIENTED_EDGE ( 'NONE', *, *, #531, .F. ) ;
#2276 = LINE ( 'NONE', #359, #3780 ) ;
#2277 = VERTEX_POINT ( 'NONE', #2177 ) ;
#2278 = CARTESIAN_POINT ( 'NONE',  ( 24.99999999999999289, 0.000000000000000000, 6.000000000000000000 ) ) ;
#2279 = LINE ( 'NONE', #3379, #4386 ) ;
#2280 = DIRECTION ( 'NONE',  ( -0.000000000000000000, 1.000000000000000000, 1.640715604224399445E-17 ) ) ;
#2281 = ORIENTED_EDGE ( 'NONE', *, *, #3269, .F. ) ;
#2282 = FACE_OUTER_BOUND ( 'NONE', #4083, .T. ) ;
#2283 = CARTESIAN_POINT ( 'NONE',  ( -50.70910346561912974, 14.40000000000000568, -21.99999999999999645 ) ) ;
#2284 = VERTEX_POINT ( 'NONE', #3699 ) ;
#2285 = DIRECTION ( 'NONE',  ( 0.000000000000000000, -1.000000000000000000, -1.640715604224399445E-17 ) ) ;
#2286 = CARTESIAN_POINT ( 'NONE',  ( 28.70910346561912263, 14.40000000000000568, 48.50000000000000000 ) ) ;
#2287 = VERTEX_POINT ( 'NONE', #705 ) ;
#2288 = PLANE ( 'NONE',  #1707 ) ;
#2289 = ORIENTED_EDGE ( 'NONE', *, *, #1768, .T. ) ;
#2290 = FACE_OUTER_BOUND ( 'NONE', #536, .T. ) ;
#2291 = DIRECTION ( 'NONE',  ( 0.000000000000000000, 0.000000000000000000, -1.000000000000000000 ) ) ;
#2292 = DIRECTION ( 'NONE',  ( 0.000000000000000000, -0.000000000000000000, 1.000000000000000000 ) ) ;
#2293 = EDGE_CURVE ( 'NONE', #1765, #2911, #4258, .T. ) ;
#2294 = CARTESIAN_POINT ( 'NONE',  ( -4.087713240271469317, 17.00000000000000000, -44.75000000000001421 ) ) ;
#2295 = EDGE_CURVE ( 'NONE', #1205, #759, #2651, .T. ) ;
#2296 = DIRECTION ( 'NONE',  ( 0.000000000000000000, 0.000000000000000000, 1.000000000000000000 ) ) ;
#2297 = ORIENTED_EDGE ( 'NONE', *, *, #941, .T. ) ;
#2298 = DIRECTION ( 'NONE',  ( 0.8660254037844387076, 8.203578021121994143E-18, -0.4999999999999998890 ) ) ;
#2299 = ADVANCED_FACE ( 'NONE', ( #3745 ), #3004, .F. ) ;
#2300 = VERTEX_POINT ( 'NONE', #1415 ) ;
#2301 = EDGE_CURVE ( 'NONE', #893, #4685, #3771, .T. ) ;
#2302 = DIRECTION ( 'NONE',  ( -1.000000000000000000, 0.000000000000000000, 0.000000000000000000 ) ) ;
#2303 = CARTESIAN_POINT ( 'NONE',  ( 32.25000000000001421, 20.00000000000000000, -11.25000000000000355 ) ) ;
#2304 = DIRECTION ( 'NONE',  ( -0.000000000000000000, -1.000000000000000000, -0.000000000000000000 ) ) ;
#2305 = ORIENTED_EDGE ( 'NONE', *, *, #1375, .T. ) ;
#2306 = DIRECTION ( 'NONE',  ( 0.5000000000000003331, 0.000000000000000000, 0.8660254037844383745 ) ) ;
#2307 = CARTESIAN_POINT ( 'NONE',  ( -54.00000000000000000, 17.00000000000000355, -20.35000000000000497 ) ) ;
#2308 = VERTEX_POINT ( 'NONE', #4895 ) ;
#2309 = DIRECTION ( 'NONE',  ( -0.000000000000000000, 0.000000000000000000, -1.000000000000000000 ) ) ;
#2310 = ORIENTED_EDGE ( 'NONE', *, *, #2924, .F. ) ;
#2311 = ORIENTED_EDGE ( 'NONE', *, *, #3328, .T. ) ;
#2312 = ORIENTED_EDGE ( 'NONE', *, *, #346, .T. ) ;
#2313 = DIRECTION ( 'NONE',  ( -0.000000000000000000, 1.000000000000000000, 1.640715604224399445E-17 ) ) ;
#2314 = FACE_OUTER_BOUND ( 'NONE', #3489, .T. ) ;
#2315 = CYLINDRICAL_SURFACE ( 'NONE', #2804, 1.649999999999998579 ) ;
#2316 = AXIS2_PLACEMENT_3D ( 'NONE', #3370, #4135, #4912 ) ;
#2317 = AXIS2_PLACEMENT_3D ( 'NONE', #119, #4354, #1676 ) ;
#2318 = AXIS2_PLACEMENT_3D ( 'NONE', #4260, #4663, #3497 ) ;
#2319 = LINE ( 'NONE', #378, #918 ) ;
#2320 = CARTESIAN_POINT ( 'NONE',  ( -0.9122867597285264640, 3.000000000000000000, -51.25000000000001421 ) ) ;
#2321 = VERTEX_POINT ( 'NONE', #1869 ) ;
#2322 = VECTOR ( 'NONE', #3568, 1000.000000000000000 ) ;
#2323 = DIRECTION ( 'NONE',  ( 0.000000000000000000, 1.000000000000000000, 0.000000000000000000 ) ) ;
#2324 = AXIS2_PLACEMENT_3D ( 'NONE', #3674, #2550, #3630 ) ;
#2325 = ORIENTED_EDGE ( 'NONE', *, *, #1241, .F. ) ;
#2326 = LINE ( 'NONE', #86, #3776 ) ;
#2327 = DIRECTION ( 'NONE',  ( 0.000000000000000000, 1.000000000000000000, 0.000000000000000000 ) ) ;
#2328 = EDGE_CURVE ( 'NONE', #2287, #2193, #1142, .T. ) ;
#2329 = VECTOR ( 'NONE', #4355, 1000.000000000000000 ) ;
#2330 = LINE ( 'NONE', #3856, #403 ) ;
#2331 = AXIS2_PLACEMENT_3D ( 'NONE', #2243, #3741, #1108 ) ;
#2332 = VECTOR ( 'NONE', #3774, 1000.000000000000000 ) ;
#2333 = ADVANCED_FACE ( 'NONE', ( #1064 ), #263, .F. ) ;
#2334 = VECTOR ( 'NONE', #3429, 1000.000000000000000 ) ;
#2335 = ORIENTED_EDGE ( 'NONE', *, *, #4870, .T. ) ;
#2336 = LINE ( 'NONE', #3858, #4517 ) ;
#2337 = DIRECTION ( 'NONE',  ( 0.8660254037844380415, 8.203578021122014172E-18, -0.5000000000000009992 ) ) ;
#2338 = VERTEX_POINT ( 'NONE', #1037 ) ;
#2339 = CARTESIAN_POINT ( 'NONE',  ( -30.35455173280956132, 17.00000000000000355, 45.65000000000001990 ) ) ;
#2340 = ORIENTED_EDGE ( 'NONE', *, *, #1131, .T. ) ;
#2341 = EDGE_LOOP ( 'NONE', ( #3340, #2395 ) ) ;
#2342 = ORIENTED_EDGE ( 'NONE', *, *, #19, .T. ) ;
#2343 = CYLINDRICAL_SURFACE ( 'NONE', #260, 3.250000000000000444 ) ;
#2344 = LINE ( 'NONE', #3149, #309 ) ;
#2345 = DIRECTION ( 'NONE',  ( 0.000000000000000000, 0.000000000000000000, -1.000000000000000000 ) ) ;
#2346 = ADVANCED_FACE ( 'NONE', ( #2578 ), #4091, .T. ) ;
#2347 = CARTESIAN_POINT ( 'NONE',  ( 0.6754264805429432972, 3.000000000000000000, -54.00000000000001421 ) ) ;
#2348 = CARTESIAN_POINT ( 'NONE',  ( 52.00000000000000000, 2.000000000000005329, -24.00000000000000000 ) ) ;
#2349 = ORIENTED_EDGE ( 'NONE', *, *, #3922, .F. ) ;
#2350 = AXIS2_PLACEMENT_3D ( 'NONE', #4113, #2953, #680 ) ;
#2351 = ORIENTED_EDGE ( 'NONE', *, *, #1095, .T. ) ;
#2352 = DIRECTION ( 'NONE',  ( 0.000000000000000000, -1.000000000000000000, 0.000000000000000000 ) ) ;
#2353 = FACE_OUTER_BOUND ( 'NONE', #3288, .T. ) ;
#2354 = VERTEX_POINT ( 'NONE', #2226 ) ;
#2355 = EDGE_CURVE ( 'NONE', #3958, #4448, #4168, .T. ) ;
#2356 = DIRECTION ( 'NONE',  ( -0.000000000000000000, 1.000000000000000000, 1.640715604224399445E-17 ) ) ;
#2357 = EDGE_CURVE ( 'NONE', #4370, #3059, #1945, .T. ) ;
#2358 = CARTESIAN_POINT ( 'NONE',  ( 0.000000000000000000, 26.81514028265456062, -32.90632120314385389 ) ) ;
#2359 = ORIENTED_EDGE ( 'NONE', *, *, #978, .F. ) ;
#2360 = CARTESIAN_POINT ( 'NONE',  ( -45.00000000000000000, 2.999999999999999112, -27.34999999999999787 ) ) ;
#2361 = ORIENTED_EDGE ( 'NONE', *, *, #4389, .F. ) ;
#2362 = ORIENTED_EDGE ( 'NONE', *, *, #329, .F. ) ;
#2363 = ORIENTED_EDGE ( 'NONE', *, *, #3663, .F. ) ;
#2364 = EDGE_CURVE ( 'NONE', #2338, #3122, #816, .T. ) ;
#2365 = ADVANCED_FACE ( 'NONE', ( #1191 ), #4194, .F. ) ;
#2366 = FACE_OUTER_BOUND ( 'NONE', #1456, .T. ) ;
#2367 = PLANE ( 'NONE',  #1026 ) ;
#2368 = PLANE ( 'NONE',  #4789 ) ;
#2369 = CARTESIAN_POINT ( 'NONE',  ( 47.00000000000001421, 20.00000000000000711, -40.50000000000000000 ) ) ;
#2370 = DIRECTION ( 'NONE',  ( -0.000000000000000000, 0.000000000000000000, 1.000000000000000000 ) ) ;
#2371 = ORIENTED_EDGE ( 'NONE', *, *, #2016, .T. ) ;
#2372 = VECTOR ( 'NONE', #3978, 1000.000000000000000 ) ;
#2373 = ORIENTED_EDGE ( 'NONE', *, *, #3420, .F. ) ;
#2374 = EDGE_LOOP ( 'NONE', ( #506, #4256, #4195, #3820 ) ) ;
#2375 = CARTESIAN_POINT ( 'NONE',  ( -45.00000000000000000, 20.00000000000000355, -26.10000000000000142 ) ) ;
#2376 = LINE ( 'NONE', #2427, #4017 ) ;
#2377 = CARTESIAN_POINT ( 'NONE',  ( 0.000000000000000000, 1.075238199893875812, -25.57525880247332495 ) ) ;
#2378 = ORIENTED_EDGE ( 'NONE', *, *, #3035, .T. ) ;
#2379 = EDGE_CURVE ( 'NONE', #3122, #2338, #2190, .T. ) ;
#2380 = LINE ( 'NONE', #3507, #4115 ) ;
#2381 = CARTESIAN_POINT ( 'NONE',  ( 52.00000000000000000, 2.000000000000005329, -24.00000000000000000 ) ) ;
#2382 = VERTEX_POINT ( 'NONE', #12 ) ;
#2383 = FACE_BOUND ( 'NONE', #646, .T. ) ;
#2384 = ORIENTED_EDGE ( 'NONE', *, *, #2908, .T. ) ;
#2385 = ORIENTED_EDGE ( 'NONE', *, *, #4650, .T. ) ;
#2386 = ORIENTED_EDGE ( 'NONE', *, *, #2791, .F. ) ;
#2387 = DIRECTION ( 'NONE',  ( 0.000000000000000000, -0.000000000000000000, 1.000000000000000000 ) ) ;
#2388 = CARTESIAN_POINT ( 'NONE',  ( -33.64544826719041026, 17.00000000000000355, 51.34999999999998010 ) ) ;
#2389 = DIRECTION ( 'NONE',  ( -0.000000000000000000, 1.000000000000000000, 1.640715604224399445E-17 ) ) ;
#2390 = EDGE_CURVE ( 'NONE', #2436, #1243, #3084, .T. ) ;
#2391 = DIRECTION ( 'NONE',  ( 0.000000000000000000, 0.000000000000000000, -1.000000000000000000 ) ) ;
#2392 = CARTESIAN_POINT ( 'NONE',  ( -20.00000000000002842, -1.469178647012583938E-15, 56.08784048416739410 ) ) ;
#2393 = ORIENTED_EDGE ( 'NONE', *, *, #687, .T. ) ;
#2394 = VECTOR ( 'NONE', #4754, 1000.000000000000227 ) ;
#2395 = ORIENTED_EDGE ( 'NONE', *, *, #4797, .F. ) ;
#2396 = ORIENTED_EDGE ( 'NONE', *, *, #4670, .T. ) ;
#2397 = VECTOR ( 'NONE', #2774, 1000.000000000000000 ) ;
#2398 = AXIS2_PLACEMENT_3D ( 'NONE', #1185, #4560, #2720 ) ;
#2399 = DIRECTION ( 'NONE',  ( 0.000000000000000000, 1.000000000000000000, 1.640715604224399445E-17 ) ) ;
#2400 = EDGE_CURVE ( 'NONE', #1380, #870, #1623, .T. ) ;
#2401 = AXIS2_PLACEMENT_3D ( 'NONE', #4033, #257, #2973 ) ;
#2402 = CARTESIAN_POINT ( 'NONE',  ( 0.6754264805429498475, 17.00000000000000000, -42.00000000000000000 ) ) ;
#2403 = CARTESIAN_POINT ( 'NONE',  ( 57.50000000000001421, 20.00000000000000355, 41.49999999999999289 ) ) ;
#2404 = ORIENTED_EDGE ( 'NONE', *, *, #1100, .F. ) ;
#2405 = EDGE_CURVE ( 'NONE', #2044, #996, #409, .T. ) ;
#2406 = LINE ( 'NONE', #4223, #3252 ) ;
#2407 = CARTESIAN_POINT ( 'NONE',  ( 47.00000000000000711, 20.00000000000000355, -41.00000000000000000 ) ) ;
#2408 = ORIENTED_EDGE ( 'NONE', *, *, #4272, .F. ) ;
#2409 = CARTESIAN_POINT ( 'NONE',  ( 32.25000000000001421, 20.00000000000000000, -12.90000000000000568 ) ) ;
#2410 = VECTOR ( 'NONE', #3042, 1000.000000000000000 ) ;
#2411 = ORIENTED_EDGE ( 'NONE', *, *, #61, .T. ) ;
#2412 = ORIENTED_EDGE ( 'NONE', *, *, #1875, .T. ) ;
#2413 = ORIENTED_EDGE ( 'NONE', *, *, #4679, .T. ) ;
#2414 = PLANE ( 'NONE',  #1032 ) ;
#2415 = DIRECTION ( 'NONE',  ( -0.4539893396830199657, 0.8910071152657399463, 0.000000000000000000 ) ) ;
#2416 = CARTESIAN_POINT ( 'NONE',  ( 53.00000000000000000, 20.00000000000000355, -34.99999999999999289 ) ) ;
#2417 = VECTOR ( 'NONE', #4571, 1000.000000000000114 ) ;
#2418 = DIRECTION ( 'NONE',  ( 0.000000000000000000, -1.000000000000000000, 0.000000000000000000 ) ) ;
#2419 = ADVANCED_FACE ( 'NONE', ( #2593 ), #2288, .F. ) ;
#2420 = CARTESIAN_POINT ( 'NONE',  ( 32.25000000000001421, 2.999999999999999112, -11.25000000000000355 ) ) ;
#2421 = ORIENTED_EDGE ( 'NONE', *, *, #4459, .F. ) ;
#2422 = DIRECTION ( 'NONE',  ( 0.000000000000000000, 0.000000000000000000, 1.000000000000000000 ) ) ;
#2423 = VECTOR ( 'NONE', #1262, 1000.000000000000114 ) ;
#2424 = EDGE_LOOP ( 'NONE', ( #1590, #2594, #2259, #683 ) ) ;
#2425 = CARTESIAN_POINT ( 'NONE',  ( -0.9122867597285283514, 3.000000000000000000, -44.75000000000001421 ) ) ;
#2426 = AXIS2_PLACEMENT_3D ( 'NONE', #276, #1104, #3365 ) ;
#2427 = CARTESIAN_POINT ( 'NONE',  ( -4.087713240271458659, 17.00000000000000000, -56.74999999999999289 ) ) ;
#2428 = DIRECTION ( 'NONE',  ( 0.000000000000000000, -1.000000000000000000, 0.000000000000000000 ) ) ;
#2429 = CIRCLE ( 'NONE', #102, 2.899999999999999911 ) ;
#2430 = ORIENTED_EDGE ( 'NONE', *, *, #567, .F. ) ;
#2431 = CARTESIAN_POINT ( 'NONE',  ( -45.00000000000000000, 3.000000000000000000, -31.89999999999999858 ) ) ;
#2432 = MECHANICAL_DESIGN_GEOMETRIC_PRESENTATION_REPRESENTATION (  '', ( #503 ), #3709 ) ;
#2433 = DIRECTION ( 'NONE',  ( -0.8660254037844389297, 0.000000000000000000, -0.4999999999999995559 ) ) ;
#2434 = LINE ( 'NONE', #1254, #2329 ) ;
#2435 = VERTEX_POINT ( 'NONE', #2641 ) ;
#2436 = VERTEX_POINT ( 'NONE', #4185 ) ;
#2437 = VERTEX_POINT ( 'NONE', #373 ) ;
#2438 = CYLINDRICAL_SURFACE ( 'NONE', #4790, 1.649999999999995248 ) ;
#2439 = FACE_OUTER_BOUND ( 'NONE', #1518, .T. ) ;
#2440 = LINE ( 'NONE', #955, #3837 ) ;
#2441 = EDGE_CURVE ( 'NONE', #1936, #215, #4586, .T. ) ;
#2442 = DIRECTION ( 'NONE',  ( -1.000000000000000000, 0.000000000000000000, 0.000000000000000000 ) ) ;
#2443 = DIRECTION ( 'NONE',  ( 0.000000000000000000, 0.000000000000000000, -1.000000000000000000 ) ) ;
#2444 = ORIENTED_EDGE ( 'NONE', *, *, #1571, .T. ) ;
#2445 = LINE ( 'NONE', #2495, #3846 ) ;
#2446 = AXIS2_PLACEMENT_3D ( 'NONE', #1317, #3944, #1400 ) ;
#2447 = VERTEX_POINT ( 'NONE', #324 ) ;
#2448 = ORIENTED_EDGE ( 'NONE', *, *, #2776, .T. ) ;
#2449 = AXIS2_PLACEMENT_3D ( 'NONE', #118, #4297, #862 ) ;
#2450 = DIRECTION ( 'NONE',  ( 0.5000000000000003331, 0.000000000000000000, 0.8660254037844383745 ) ) ;
#2451 = CARTESIAN_POINT ( 'NONE',  ( -9.000000000000008882, 20.00000000000000355, -55.00000000000000000 ) ) ;
#2452 = DIRECTION ( 'NONE',  ( -0.4694715627858913609, -0.000000000000000000, -0.8829475928589265443 ) ) ;
#2453 = EDGE_LOOP ( 'NONE', ( #3218, #1269, #4025, #1833 ) ) ;
#2454 = PLANE ( 'NONE',  #3329 ) ;
#2455 = VECTOR ( 'NONE', #3951, 1000.000000000000227 ) ;
#2456 = CARTESIAN_POINT ( 'NONE',  ( 34.76969600708473251, 3.000000000000000000, 6.000000000000000000 ) ) ;
#2457 = CYLINDRICAL_SURFACE ( 'NONE', #1288, 1.649999999999998579 ) ;
#2458 = ORIENTED_EDGE ( 'NONE', *, *, #3278, .F. ) ;
#2459 = EDGE_LOOP ( 'NONE', ( #397, #846, #3116, #1316 ) ) ;
#2460 = VERTEX_POINT ( 'NONE', #4558 ) ;
#2461 = CARTESIAN_POINT ( 'NONE',  ( -45.96194077712534209, 20.00000000000000000, -45.96194077712582526 ) ) ;
#2462 = FACE_OUTER_BOUND ( 'NONE', #861, .T. ) ;
#2463 = EDGE_CURVE ( 'NONE', #2707, #3698, #2697, .T. ) ;
#2464 = DIRECTION ( 'NONE',  ( -0.5000000000000006661, 0.000000000000000000, 0.8660254037844382635 ) ) ;
#2465 = ORIENTED_EDGE ( 'NONE', *, *, #4363, .F. ) ;
#2466 = DIRECTION ( 'NONE',  ( 0.000000000000000000, 0.000000000000000000, 1.000000000000000000 ) ) ;
#2467 = ORIENTED_EDGE ( 'NONE', *, *, #133, .T. ) ;
#2468 = CARTESIAN_POINT ( 'NONE',  ( -32.00000000000000000, -1.136835273038861628E-14, 6.000000000000000000 ) ) ;
#2469 = ADVANCED_FACE ( 'NONE', ( #1158 ), #4508, .F. ) ;
#2470 = EDGE_LOOP ( 'NONE', ( #1410, #196, #2892, #4149 ) ) ;
#2471 = CARTESIAN_POINT ( 'NONE',  ( 47.15602986954197462, 20.00000000000005329, -42.17799776127016287 ) ) ;
#2472 = CARTESIAN_POINT ( 'NONE',  ( -45.00000000000000000, 2.999999999999999112, -29.00000000000000000 ) ) ;
#2473 = CARTESIAN_POINT ( 'NONE',  ( -4.087713240271458659, 3.000000000000000000, -56.74999999999999289 ) ) ;
#2474 = AXIS2_PLACEMENT_3D ( 'NONE', #2468, #3947, #1716 ) ;
#2475 = CIRCLE ( 'NONE', #2240, 1.649999999999998579 ) ;
#2476 = ORIENTED_EDGE ( 'NONE', *, *, #4425, .F. ) ;
#2477 = VECTOR ( 'NONE', #4613, 1000.000000000000000 ) ;
#2478 = ADVANCED_FACE ( 'NONE', ( #1883 ), #4530, .F. ) ;
#2479 = DIRECTION ( 'NONE',  ( 1.000000000000000000, 0.000000000000000000, 0.000000000000000000 ) ) ;
#2480 = DIRECTION ( 'NONE',  ( -1.000000000000000000, 0.000000000000000000, 0.000000000000000000 ) ) ;
#2481 = FACE_OUTER_BOUND ( 'NONE', #3762, .T. ) ;
#2482 = EDGE_CURVE ( 'NONE', #569, #893, #1077, .T. ) ;
#2483 = VERTEX_POINT ( 'NONE', #1905 ) ;
#2484 = ORIENTED_EDGE ( 'NONE', *, *, #687, .F. ) ;
#2485 = VERTEX_POINT ( 'NONE', #1479 ) ;
#2486 = CIRCLE ( 'NONE', #630, 3.250000000000000444 ) ;
#2487 = CARTESIAN_POINT ( 'NONE',  ( 0.000000000000000000, 20.00000000000000355, -15.50000000000000711 ) ) ;
#2488 = DIRECTION ( 'NONE',  ( 0.000000000000000000, -0.1736481776669300536, -0.9848077530122080203 ) ) ;
#2489 = DIRECTION ( 'NONE',  ( -0.000000000000000000, 1.000000000000000000, 1.640715604224399445E-17 ) ) ;
#2490 = AXIS2_PLACEMENT_3D ( 'NONE', #1809, #251, #2945 ) ;
#2491 = VERTEX_POINT ( 'NONE', #349 ) ;
#2492 = AXIS2_PLACEMENT_3D ( 'NONE', #1174, #3089, #743 ) ;
#2493 = LINE ( 'NONE', #4011, #423 ) ;
#2494 = ORIENTED_EDGE ( 'NONE', *, *, #4242, .T. ) ;
#2495 = CARTESIAN_POINT ( 'NONE',  ( 28.70910346561912263, 14.40000000000000568, 48.50000000000000000 ) ) ;
#2496 = EDGE_CURVE ( 'NONE', #48, #4171, #98, .T. ) ;
#2497 = ORIENTED_EDGE ( 'NONE', *, *, #2545, .T. ) ;
#2498 = AXIS2_PLACEMENT_3D ( 'NONE', #3316, #2162, #295 ) ;
#2499 = CARTESIAN_POINT ( 'NONE',  ( -5.675426480542940411, 17.00000000000000000, -42.00000000000000711 ) ) ;
#2500 = EDGE_CURVE ( 'NONE', #2630, #4131, #2912, .T. ) ;
#2501 = DIRECTION ( 'NONE',  ( 0.000000000000000000, 0.000000000000000000, -1.000000000000000000 ) ) ;
#2502 = DIRECTION ( 'NONE',  ( 0.000000000000000000, 1.000000000000000000, 0.000000000000000000 ) ) ;
#2503 = VECTOR ( 'NONE', #1669, 1000.000000000000000 ) ;
#2504 = VERTEX_POINT ( 'NONE', #4484 ) ;
#2505 = DIRECTION ( 'NONE',  ( -0.000000000000000000, 1.000000000000000000, 1.640715604224399445E-17 ) ) ;
#2506 = DIRECTION ( 'NONE',  ( -0.000000000000000000, 1.000000000000000000, 1.640715604224399445E-17 ) ) ;
#2507 = LINE ( 'NONE', #2915, #1927 ) ;
#2508 = VECTOR ( 'NONE', #1115, 1000.000000000000227 ) ;
#2509 = EDGE_CURVE ( 'NONE', #4483, #4290, #3233, .T. ) ;
#2510 = ORIENTED_EDGE ( 'NONE', *, *, #4402, .F. ) ;
#2511 = ORIENTED_EDGE ( 'NONE', *, *, #1399, .F. ) ;
#2512 = ORIENTED_EDGE ( 'NONE', *, *, #4382, .T. ) ;
#2513 = EDGE_CURVE ( 'NONE', #350, #1087, #3415, .T. ) ;
#2514 = CARTESIAN_POINT ( 'NONE',  ( 24.99999999999999289, 0.000000000000000000, 6.000000000000000000 ) ) ;
#2515 = CARTESIAN_POINT ( 'NONE',  ( -34.76969600708472541, 3.000000000000000000, -6.000000000000000000 ) ) ;
#2516 = FACE_OUTER_BOUND ( 'NONE', #1334, .T. ) ;
#2517 = EDGE_CURVE ( 'NONE', #4807, #50, #899, .T. ) ;
#2518 = ORIENTED_EDGE ( 'NONE', *, *, #513, .F. ) ;
#2519 = EDGE_CURVE ( 'NONE', #569, #3391, #3047, .T. ) ;
#2520 = PLANE ( 'NONE',  #789 ) ;
#2521 = VERTEX_POINT ( 'NONE', #4105 ) ;
#2522 = DIRECTION ( 'NONE',  ( 0.000000000000000000, -0.000000000000000000, 1.000000000000000000 ) ) ;
#2523 = EDGE_CURVE ( 'NONE', #2905, #220, #4132, .T. ) ;
#2524 = LINE ( 'NONE', #2244, #515 ) ;
#2525 = CARTESIAN_POINT ( 'NONE',  ( 47.00000000000001421, 20.00000000000000355, -40.99999999824481733 ) ) ;
#2526 = EDGE_LOOP ( 'NONE', ( #3666, #1934, #2176, #483 ) ) ;
#2527 = CARTESIAN_POINT ( 'NONE',  ( 30.35455173280956132, 14.40000000000000568, 45.64999999999999147 ) ) ;
#2528 = DIRECTION ( 'NONE',  ( 1.000000000000000000, 1.224646799147328802E-16, 0.000000000000000000 ) ) ;
#2529 = AXIS2_PLACEMENT_3D ( 'NONE', #3923, #302, #3742 ) ;
#2530 = ORIENTED_EDGE ( 'NONE', *, *, #3746, .F. ) ;
#2531 = DIRECTION ( 'NONE',  ( -0.4999999999999998335, 0.000000000000000000, -0.8660254037844387076 ) ) ;
#2532 = CARTESIAN_POINT ( 'NONE',  ( 52.00000000000000000, 20.00000000000000355, -24.00000000000000000 ) ) ;
#2533 = CARTESIAN_POINT ( 'NONE',  ( 0.000000000000000000, 3.000000000000000000, -9.250000000000000000 ) ) ;
#2534 = EDGE_CURVE ( 'NONE', #569, #4845, #4207, .T. ) ;
#2535 = EDGE_LOOP ( 'NONE', ( #1606, #2413 ) ) ;
#2536 = ORIENTED_EDGE ( 'NONE', *, *, #2441, .F. ) ;
#2537 = CARTESIAN_POINT ( 'NONE',  ( 52.00000000000000000, 14.40000000000000568, -24.00000000000000000 ) ) ;
#2538 = DIRECTION ( 'NONE',  ( -0.000000000000000000, 1.000000000000000000, 1.640715604224399445E-17 ) ) ;
#2539 = CARTESIAN_POINT ( 'NONE',  ( -54.00000000000000000, 2.000000000000005329, -23.64999999999999503 ) ) ;
#2540 = CARTESIAN_POINT ( 'NONE',  ( -20.70000000000000995, 3.000000000000000000, -17.00000000000000355 ) ) ;
#2541 = VERTEX_POINT ( 'NONE', #670 ) ;
#2542 = FACE_BOUND ( 'NONE', #3814, .T. ) ;
#2543 = ORIENTED_EDGE ( 'NONE', *, *, #56, .T. ) ;
#2544 = LINE ( 'NONE', #3692, #558 ) ;
#2545 = EDGE_CURVE ( 'NONE', #4745, #3960, #3738, .T. ) ;
#2546 = CARTESIAN_POINT ( 'NONE',  ( 50.00000000000009237, 20.00000000000003908, -31.92178781622176231 ) ) ;
#2547 = CARTESIAN_POINT ( 'NONE',  ( 35.00000000000000711, -0.000000000000000000, -35.50000000000000711 ) ) ;
#2548 = ORIENTED_EDGE ( 'NONE', *, *, #3552, .F. ) ;
#2549 = DIRECTION ( 'NONE',  ( 0.000000000000000000, 0.000000000000000000, 1.000000000000000000 ) ) ;
#2550 = DIRECTION ( 'NONE',  ( -0.8660254037844388186, 8.203578021121994143E-18, -0.4999999999999997780 ) ) ;
#2551 = EDGE_CURVE ( 'NONE', #912, #4171, #3761, .T. ) ;
#2552 = ORIENTED_EDGE ( 'NONE', *, *, #4450, .T. ) ;
#2553 = DIRECTION ( 'NONE',  ( 0.000000000000000000, 1.000000000000000000, 1.640715604224399445E-17 ) ) ;
#2554 = DIRECTION ( 'NONE',  ( 0.000000000000000000, 1.000000000000000000, 0.000000000000000000 ) ) ;
#2555 = FACE_OUTER_BOUND ( 'NONE', #2141, .T. ) ;
#2556 = VECTOR ( 'NONE', #1737, 1000.000000000000000 ) ;
#2557 = VECTOR ( 'NONE', #1854, 1000.000000000000000 ) ;
#2558 = EDGE_CURVE ( 'NONE', #516, #220, #4210, .T. ) ;
#2559 = ORIENTED_EDGE ( 'NONE', *, *, #1352, .T. ) ;
#2560 = CARTESIAN_POINT ( 'NONE',  ( -45.00000000000000000, 20.00174510857143417, -27.34999999999999787 ) ) ;
#2561 = VECTOR ( 'NONE', #1402, 1000.000000000000114 ) ;
#2562 = CARTESIAN_POINT ( 'NONE',  ( -5.675426480542940411, 3.000000000000000000, -42.00000000000000711 ) ) ;
#2563 = CARTESIAN_POINT ( 'NONE',  ( 30.00000000000000000, 1.499999999999992673, 6.000000000000000000 ) ) ;
#2564 = LINE ( 'NONE', #4481, #1204 ) ;
#2565 = ORIENTED_EDGE ( 'NONE', *, *, #42, .F. ) ;
#2566 = ORIENTED_EDGE ( 'NONE', *, *, #2139, .T. ) ;
#2567 = DIRECTION ( 'NONE',  ( 0.000000000000000000, -1.000000000000000000, 0.000000000000000000 ) ) ;
#2568 = ORIENTED_EDGE ( 'NONE', *, *, #3184, .T. ) ;
#2569 = CIRCLE ( 'NONE', #315, 59.54700538379245955 ) ;
#2570 = CYLINDRICAL_SURFACE ( 'NONE', #3915, 1.650000000000002132 ) ;
#2571 = CIRCLE ( 'NONE', #1, 1.649999999999998579 ) ;
#2572 = VECTOR ( 'NONE', #4219, 1000.000000000000000 ) ;
#2573 = VECTOR ( 'NONE', #460, 1000.000000000000000 ) ;
#2574 = ADVANCED_FACE ( 'NONE', ( #2290 ), #2343, .F. ) ;
#2575 = CARTESIAN_POINT ( 'NONE',  ( -49.51540162293194669, 20.00000000000000000, -37.31253143542772222 ) ) ;
#2576 = CARTESIAN_POINT ( 'NONE',  ( -54.00000000000000000, 14.40000000000000568, -22.00000000000000000 ) ) ;
#2577 = ORIENTED_EDGE ( 'NONE', *, *, #1367, .F. ) ;
#2578 = FACE_OUTER_BOUND ( 'NONE', #3931, .T. ) ;
#2579 = LINE ( 'NONE', #2098, #314 ) ;
#2580 = ORIENTED_EDGE ( 'NONE', *, *, #4650, .F. ) ;
#2581 = PLANE ( 'NONE',  #4813 ) ;
#2582 = CARTESIAN_POINT ( 'NONE',  ( -57.49999999999999289, 20.00000000000000355, 41.49999999999999289 ) ) ;
#2583 = FACE_BOUND ( 'NONE', #3189, .T. ) ;
#2584 = VECTOR ( 'NONE', #1731, 1000.000000000000000 ) ;
#2585 = EDGE_CURVE ( 'NONE', #1708, #2033, #3076, .T. ) ;
#2586 = ORIENTED_EDGE ( 'NONE', *, *, #1870, .T. ) ;
#2587 = DIRECTION ( 'NONE',  ( 0.000000000000000000, 0.000000000000000000, -1.000000000000000000 ) ) ;
#2588 = CARTESIAN_POINT ( 'NONE',  ( -51.91130815307381141, 20.00000000000000000, -39.11797650488389877 ) ) ;
#2589 = CARTESIAN_POINT ( 'NONE',  ( -32.24999999999998579, 0.000000000000000000, 38.89999999999999858 ) ) ;
#2590 = DIRECTION ( 'NONE',  ( 0.000000000000000000, -0.9848077530122081313, 0.1736481776669306920 ) ) ;
#2591 = AXIS2_PLACEMENT_3D ( 'NONE', #4861, #3, #2996 ) ;
#2592 = ORIENTED_EDGE ( 'NONE', *, *, #3387, .F. ) ;
#2593 = FACE_OUTER_BOUND ( 'NONE', #2118, .T. ) ;
#2594 = ORIENTED_EDGE ( 'NONE', *, *, #4668, .T. ) ;
#2595 = LINE ( 'NONE', #3343, #4791 ) ;
#2596 = LINE ( 'NONE', #3765, #1023 ) ;
#2597 = CIRCLE ( 'NONE', #3949, 1.649999999999998579 ) ;
#2598 = EDGE_CURVE ( 'NONE', #3142, #2626, #1134, .T. ) ;
#2599 = CARTESIAN_POINT ( 'NONE',  ( 49.99999999999996447, 19.99999999999996092, -44.07821218377817729 ) ) ;
#2600 = CARTESIAN_POINT ( 'NONE',  ( 35.00000000000000000, -0.000000000000000000, -41.39269907856503039 ) ) ;
#2601 = EDGE_LOOP ( 'NONE', ( #1042, #2937 ) ) ;
#2602 = CARTESIAN_POINT ( 'NONE',  ( 24.99999999999999289, 0.000000000000000000, 6.000000000000000000 ) ) ;
#2603 = ORIENTED_EDGE ( 'NONE', *, *, #3113, .F. ) ;
#2604 = DIRECTION ( 'NONE',  ( 0.8660254037844388186, -8.203578021121994143E-18, 0.4999999999999997780 ) ) ;
#2605 = FACE_OUTER_BOUND ( 'NONE', #1995, .T. ) ;
#2606 = LINE ( 'NONE', #3656, #1444 ) ;
#2607 = AXIS2_PLACEMENT_3D ( 'NONE', #478, #2017, #2158 ) ;
#2608 = ORIENTED_EDGE ( 'NONE', *, *, #2791, .T. ) ;
#2609 = DIRECTION ( 'NONE',  ( 0.000000000000000000, 0.000000000000000000, -1.000000000000000000 ) ) ;
#2610 = AXIS2_PLACEMENT_3D ( 'NONE', #3605, #216, #2861 ) ;
#2611 = FACE_OUTER_BOUND ( 'NONE', #1636, .T. ) ;
#2612 = CARTESIAN_POINT ( 'NONE',  ( -4.087713240271465764, 17.00000000000000000, -39.25000000000000000 ) ) ;
#2613 = DIRECTION ( 'NONE',  ( 0.000000000000000000, -1.000000000000000000, 0.000000000000000000 ) ) ;
#2614 = EDGE_LOOP ( 'NONE', ( #1702, #4057, #1416, #3264, #901, #203 ) ) ;
#2615 = DIRECTION ( 'NONE',  ( -0.000000000000000000, -0.000000000000000000, -1.000000000000000000 ) ) ;
#2616 = ORIENTED_EDGE ( 'NONE', *, *, #707, .T. ) ;
#2617 = ADVANCED_FACE ( 'NONE', ( #2366 ), #1961, .F. ) ;
#2618 = DIRECTION ( 'NONE',  ( 0.4999999999999995559, 0.000000000000000000, 0.8660254037844389297 ) ) ;
#2619 = AXIS2_PLACEMENT_3D ( 'NONE', #701, #2274, #3794 ) ;
#2620 = DIRECTION ( 'NONE',  ( -0.5000000000000009992, 0.000000000000000000, -0.8660254037844380415 ) ) ;
#2621 = DIRECTION ( 'NONE',  ( -0.7986355100472866120, 0.000000000000000000, -0.6018150231520564830 ) ) ;
#2622 = CARTESIAN_POINT ( 'NONE',  ( -32.24999999999998579, 2.999999999999999112, 37.25000000000000000 ) ) ;
#2623 = ORIENTED_EDGE ( 'NONE', *, *, #1241, .T. ) ;
#2624 = LINE ( 'NONE', #4539, #2916 ) ;
#2625 = ADVANCED_FACE ( 'NONE', ( #75 ), #3890, .F. ) ;
#2626 = VERTEX_POINT ( 'NONE', #401 ) ;
#2627 = DIRECTION ( 'NONE',  ( 0.4999999999999997224, 0.000000000000000000, -0.8660254037844387076 ) ) ;
#2628 = CYLINDRICAL_SURFACE ( 'NONE', #950, 1.649999999999998579 ) ;
#2629 = DIRECTION ( 'NONE',  ( 0.000000000000000000, 1.640715604224399445E-17, -1.000000000000000000 ) ) ;
#2630 = VERTEX_POINT ( 'NONE', #1560 ) ;
#2631 = EDGE_CURVE ( 'NONE', #1063, #759, #2750, .T. ) ;
#2632 = PLANE ( 'NONE',  #4602 ) ;
#2633 = DIRECTION ( 'NONE',  ( 0.000000000000000000, -1.000000000000000000, 0.000000000000000000 ) ) ;
#2634 = CARTESIAN_POINT ( 'NONE',  ( 0.000000000000000000, 17.00000000000000000, 0.000000000000000000 ) ) ;
#2635 = ADVANCED_FACE ( 'NONE', ( #4187 ), #3473, .T. ) ;
#2636 = CARTESIAN_POINT ( 'NONE',  ( -36.49999999999999289, 23.00000000000000000, -15.50000000000000711 ) ) ;
#2637 = CIRCLE ( 'NONE', #1593, 8.250000000000000000 ) ;
#2638 = APPLICATION_CONTEXT ( 'automotive_design' ) ;
#2639 = EDGE_LOOP ( 'NONE', ( #1356, #91, #997, #4317 ) ) ;
#2640 = AXIS2_PLACEMENT_3D ( 'NONE', #3817, #377, #3447 ) ;
#2641 = CARTESIAN_POINT ( 'NONE',  ( 50.35455173280956132, 17.00000000000000355, -26.85000000000001918 ) ) ;
#2642 = VERTEX_POINT ( 'NONE', #1583 ) ;
#2643 = CONICAL_SURFACE ( 'NONE', #4714, 60.00000000000000000, 0.5235987755982963732 ) ;
#2644 = LINE ( 'NONE', #3124, #1358 ) ;
#2645 = CARTESIAN_POINT ( 'NONE',  ( 35.00000000000000000, 1.499999999999992006, -6.000000000000000000 ) ) ;
#2646 = CARTESIAN_POINT ( 'NONE',  ( 35.29089653438087026, 17.00000000000000355, 48.49999999999998579 ) ) ;
#2647 = VECTOR ( 'NONE', #891, 1000.000000000000000 ) ;
#2648 = CARTESIAN_POINT ( 'NONE',  ( 28.99999999999999645, -0.000000000000000000, -34.60730092143497671 ) ) ;
#2649 = CARTESIAN_POINT ( 'NONE',  ( 34.99999999999997868, 0.000000000000000000, -36.49999999999998579 ) ) ;
#2650 = ORIENTED_EDGE ( 'NONE', *, *, #417, .T. ) ;
#2651 = LINE ( 'NONE', #4464, #2757 ) ;
#2652 = VECTOR ( 'NONE', #2489, 1000.000000000000000 ) ;
#2653 = VERTEX_POINT ( 'NONE', #375 ) ;
#2654 = EDGE_CURVE ( 'NONE', #4131, #1777, #2644, .T. ) ;
#2655 = PLANE ( 'NONE',  #4332 ) ;
#2656 = CYLINDRICAL_SURFACE ( 'NONE', #4627, 2.899999999999996358 ) ;
#2657 = DIRECTION ( 'NONE',  ( 1.000000000000000000, 0.000000000000000000, 0.000000000000000000 ) ) ;
#2658 = CIRCLE ( 'NONE', #890, 5.000000000000004441 ) ;
#2659 = ORIENTED_EDGE ( 'NONE', *, *, #3876, .T. ) ;
#2660 = DIRECTION ( 'NONE',  ( 0.000000000000000000, 0.000000000000000000, 1.000000000000000000 ) ) ;
#2661 = FACE_BOUND ( 'NONE', #4379, .T. ) ;
#2662 = VERTEX_POINT ( 'NONE', #3077 ) ;
#2663 = AXIS2_PLACEMENT_3D ( 'NONE', #1829, #4480, #4505 ) ;
#2664 = DIRECTION ( 'NONE',  ( -0.000000000000000000, 1.000000000000000000, 1.640715604224399445E-17 ) ) ;
#2665 = LINE ( 'NONE', #3832, #1689 ) ;
#2666 = EDGE_CURVE ( 'NONE', #1473, #3471, #1160, .T. ) ;
#2667 = EDGE_CURVE ( 'NONE', #982, #1794, #5, .T. ) ;
#2668 = ORIENTED_EDGE ( 'NONE', *, *, #4496, .T. ) ;
#2669 = DIRECTION ( 'NONE',  ( 0.5000000000000008882, 0.000000000000000000, -0.8660254037844381525 ) ) ;
#2670 = EDGE_LOOP ( 'NONE', ( #3157, #304, #1230, #2860 ) ) ;
#2671 = VECTOR ( 'NONE', #1455, 1000.000000000000000 ) ;
#2672 = CARTESIAN_POINT ( 'NONE',  ( 32.00000000000000000, 2.000000000000005329, 48.50000000000000000 ) ) ;
#2673 = PLANE ( 'NONE',  #4814 ) ;
#2674 = CARTESIAN_POINT ( 'NONE',  ( 0.000000000000000000, 17.00000000000000355, -4.922146812673198334E-17 ) ) ;
#2675 = VECTOR ( 'NONE', #164, 1000.000000000000000 ) ;
#2676 = ADVANCED_FACE ( 'NONE', ( #1534 ), #3790, .T. ) ;
#2677 = EDGE_CURVE ( 'NONE', #3471, #2843, #1506, .T. ) ;
#2678 = CARTESIAN_POINT ( 'NONE',  ( 47.00000000000001421, 20.00000000000000711, -35.50000000000000711 ) ) ;
#2679 = AXIS2_PLACEMENT_3D ( 'NONE', #1890, #3131, #2755 ) ;
#2680 = CARTESIAN_POINT ( 'NONE',  ( 0.000000000000000000, 20.00000000000000000, 0.000000000000000000 ) ) ;
#2681 = ORIENTED_EDGE ( 'NONE', *, *, #3942, .F. ) ;
#2682 = DIRECTION ( 'NONE',  ( 0.000000000000000000, 0.000000000000000000, -1.000000000000000000 ) ) ;
#2683 = VERTEX_POINT ( 'NONE', #2700 ) ;
#2684 = CARTESIAN_POINT ( 'NONE',  ( -0.9122867597285283514, 17.00000000000000000, -44.75000000000001421 ) ) ;
#2685 = CARTESIAN_POINT ( 'NONE',  ( -55.64544826719042447, 14.40000000000000568, -19.15000000000000568 ) ) ;
#2686 = CARTESIAN_POINT ( 'NONE',  ( 3.367778697655220026E-16, 0.000000000000000000, -22.59324211445782993 ) ) ;
#2687 = EDGE_CURVE ( 'NONE', #2209, #4112, #1208, .T. ) ;
#2688 = ORIENTED_EDGE ( 'NONE', *, *, #602, .F. ) ;
#2689 = CARTESIAN_POINT ( 'NONE',  ( 27.99999999999999645, 0.09999999999998930578, 6.000000000000000000 ) ) ;
#2690 = LINE ( 'NONE', #4579, #4387 ) ;
#2691 = ORIENTED_EDGE ( 'NONE', *, *, #4429, .F. ) ;
#2692 = DIRECTION ( 'NONE',  ( 0.000000000000000000, 1.000000000000000000, 0.000000000000000000 ) ) ;
#2693 = LINE ( 'NONE', #1332, #1605 ) ;
#2694 = AXIS2_PLACEMENT_3D ( 'NONE', #3226, #4832, #2442 ) ;
#2695 = ORIENTED_EDGE ( 'NONE', *, *, #4107, .F. ) ;
#2696 = EDGE_CURVE ( 'NONE', #924, #2891, #3204, .T. ) ;
#2697 = LINE ( 'NONE', #3074, #4176 ) ;
#2698 = VERTEX_POINT ( 'NONE', #4234 ) ;
#2699 = AXIS2_PLACEMENT_3D ( 'NONE', #3893, #1587, #4564 ) ;
#2700 = CARTESIAN_POINT ( 'NONE',  ( -4.087713240271469317, 3.000000000000000000, -44.75000000000001421 ) ) ;
#2701 = CARTESIAN_POINT ( 'NONE',  ( -35.00000000000000000, -3.937717450138558175E-16, -6.000000000000000000 ) ) ;
#2702 = CYLINDRICAL_SURFACE ( 'NONE', #389, 1.649999999999998579 ) ;
#2703 = PLANE ( 'NONE',  #121 ) ;
#2704 = DIRECTION ( 'NONE',  ( 0.000000000000000000, 0.000000000000000000, 1.000000000000000000 ) ) ;
#2705 = ORIENTED_EDGE ( 'NONE', *, *, #2400, .T. ) ;
#2706 = CARTESIAN_POINT ( 'NONE',  ( -54.00000000000000000, 14.40000000000000568, -22.00000000000000000 ) ) ;
#2707 = VERTEX_POINT ( 'NONE', #804 ) ;
#2708 = LINE ( 'NONE', #485, #2572 ) ;
#2709 = DIRECTION ( 'NONE',  ( 0.000000000000000000, -0.000000000000000000, 1.000000000000000000 ) ) ;
#2710 = DIRECTION ( 'NONE',  ( 0.000000000000000000, -1.640715604224399445E-17, 1.000000000000000000 ) ) ;
#2711 = EDGE_LOOP ( 'NONE', ( #4184, #4304, #4823, #4631 ) ) ;
#2712 = CARTESIAN_POINT ( 'NONE',  ( -32.24999999999998579, 20.00000000000000000, 37.25000000000000000 ) ) ;
#2713 = DIRECTION ( 'NONE',  ( 0.000000000000000000, 0.000000000000000000, -1.000000000000000000 ) ) ;
#2714 = ORIENTED_EDGE ( 'NONE', *, *, #1260, .T. ) ;
#2715 = DIRECTION ( 'NONE',  ( -0.000000000000000000, 1.000000000000000000, 1.640715604224399445E-17 ) ) ;
#2716 = ADVANCED_FACE ( 'NONE', ( #3616, #500 ), #2414, .T. ) ;
#2717 = ORIENTED_EDGE ( 'NONE', *, *, #2257, .T. ) ;
#2718 = VERTEX_POINT ( 'NONE', #3243 ) ;
#2719 = EDGE_LOOP ( 'NONE', ( #2765, #265, #1373, #3442 ) ) ;
#2720 = DIRECTION ( 'NONE',  ( 0.000000000000000000, 0.000000000000000000, -1.000000000000000000 ) ) ;
#2721 = FACE_OUTER_BOUND ( 'NONE', #4352, .T. ) ;
#2722 = CARTESIAN_POINT ( 'NONE',  ( -22.25000000000000000, 10.00000000000000000, -9.250000000000000000 ) ) ;
#2723 = AXIS2_PLACEMENT_3D ( 'NONE', #1643, #17, #3459 ) ;
#2724 = AXIS2_PLACEMENT_3D ( 'NONE', #4224, #1498, #343 ) ;
#2725 = AXIS2_PLACEMENT_3D ( 'NONE', #2873, #4314, #881 ) ;
#2726 = CARTESIAN_POINT ( 'NONE',  ( 0.000000000000000000, 14.40000000000000568, -9.188007383656636644E-17 ) ) ;
#2727 = FACE_OUTER_BOUND ( 'NONE', #1673, .T. ) ;
#2728 = ORIENTED_EDGE ( 'NONE', *, *, #940, .T. ) ;
#2729 = DIRECTION ( 'NONE',  ( 0.4999999999999997224, 0.000000000000000000, 0.8660254037844388186 ) ) ;
#2730 = EDGE_CURVE ( 'NONE', #3347, #1765, #3170, .T. ) ;
#2731 = EDGE_CURVE ( 'NONE', #4623, #559, #2038, .T. ) ;
#2732 = AXIS2_PLACEMENT_3D ( 'NONE', #658, #1392, #4443 ) ;
#2733 = ORIENTED_EDGE ( 'NONE', *, *, #3611, .T. ) ;
#2734 = DIRECTION ( 'NONE',  ( 0.000000000000000000, 1.000000000000000000, 1.640715604224399445E-17 ) ) ;
#2735 = CIRCLE ( 'NONE', #877, 1.649999999999998579 ) ;
#2736 = CARTESIAN_POINT ( 'NONE',  ( 5.499999999999997335, -4.581572289430548995E-17, -22.59324211445782993 ) ) ;
#2737 = VECTOR ( 'NONE', #2827, 1000.000000000000000 ) ;
#2738 = ADVANCED_FACE ( 'NONE', ( #4736 ), #952, .T. ) ;
#2739 = CIRCLE ( 'NONE', #1210, 1.649999999999995248 ) ;
#2740 = ORIENTED_EDGE ( 'NONE', *, *, #4418, .F. ) ;
#2741 = DIRECTION ( 'NONE',  ( 1.000000000000000000, 0.000000000000000000, 0.000000000000000000 ) ) ;
#2742 = DIRECTION ( 'NONE',  ( -0.4999999999999997224, 0.000000000000000000, 0.8660254037844388186 ) ) ;
#2743 = ORIENTED_EDGE ( 'NONE', *, *, #1893, .T. ) ;
#2744 = DIRECTION ( 'NONE',  ( -0.000000000000000000, 0.000000000000000000, -1.000000000000000000 ) ) ;
#2745 = EDGE_CURVE ( 'NONE', #4448, #1555, #3910, .T. ) ;
#2746 = EDGE_LOOP ( 'NONE', ( #4652, #1341, #697, #3574 ) ) ;
#2747 = EDGE_LOOP ( 'NONE', ( #421, #3414, #3789, #3622 ) ) ;
#2748 = ORIENTED_EDGE ( 'NONE', *, *, #346, .F. ) ;
#2749 = CIRCLE ( 'NONE', #3467, 3.250000000000000444 ) ;
#2750 = LINE ( 'NONE', #3022, #1307 ) ;
#2751 = DIRECTION ( 'NONE',  ( 0.000000000000000000, -1.000000000000000000, 0.000000000000000000 ) ) ;
#2752 = DIRECTION ( 'NONE',  ( -1.000000000000000000, 0.000000000000000000, 0.000000000000000000 ) ) ;
#2753 = VECTOR ( 'NONE', #211, 1000.000000000000000 ) ;
#2754 = CARTESIAN_POINT ( 'NONE',  ( 46.99999999999995737, 20.00000000000000355, -37.99999999999996447 ) ) ;
#2755 = DIRECTION ( 'NONE',  ( 0.000000000000000000, 0.000000000000000000, 1.000000000000000000 ) ) ;
#2756 = ORIENTED_EDGE ( 'NONE', *, *, #1321, .T. ) ;
#2757 = VECTOR ( 'NONE', #4846, 1000.000000000000000 ) ;
#2758 = VERTEX_POINT ( 'NONE', #103 ) ;
#2759 = ORIENTED_EDGE ( 'NONE', *, *, #1841, .F. ) ;
#2760 = FACE_OUTER_BOUND ( 'NONE', #3853, .T. ) ;
#2761 = LINE ( 'NONE', #3531, #555 ) ;
#2762 = VERTEX_POINT ( 'NONE', #2083 ) ;
#2763 = CARTESIAN_POINT ( 'NONE',  ( -36.49999999999999289, 9.299999999999990052, -15.50000000000000711 ) ) ;
#2764 = LINE ( 'NONE', #4703, #860 ) ;
#2765 = ORIENTED_EDGE ( 'NONE', *, *, #738, .F. ) ;
#2766 = ADVANCED_FACE ( 'NONE', ( #4759 ), #2438, .F. ) ;
#2767 = DIRECTION ( 'NONE',  ( 0.000000000000000000, 0.000000000000000000, -1.000000000000000000 ) ) ;
#2768 = ORIENTED_EDGE ( 'NONE', *, *, #3646, .T. ) ;
#2769 = ADVANCED_FACE ( 'NONE', ( #4306 ), #2643, .T. ) ;
#2770 = EDGE_LOOP ( 'NONE', ( #4885, #4693, #3626, #1480 ) ) ;
#2771 = VERTEX_POINT ( 'NONE', #523 ) ;
#2772 = LINE ( 'NONE', #849, #3676 ) ;
#2773 = DIRECTION ( 'NONE',  ( 0.000000000000000000, -1.000000000000000000, -1.640715604224399445E-17 ) ) ;
#2774 = DIRECTION ( 'NONE',  ( 0.4999999999999995559, 0.000000000000000000, -0.8660254037844389297 ) ) ;
#2775 = AXIS2_PLACEMENT_3D ( 'NONE', #3037, #2609, #4577 ) ;
#2776 = EDGE_CURVE ( 'NONE', #785, #2521, #1610, .T. ) ;
#2777 = CARTESIAN_POINT ( 'NONE',  ( -45.00000000000000000, 20.00174510857143417, 13.00000000000000178 ) ) ;
#2778 = CARTESIAN_POINT ( 'NONE',  ( 32.25000000000001421, 2.999999999999999112, -11.25000000000000355 ) ) ;
#2779 = ORIENTED_EDGE ( 'NONE', *, *, #1002, .F. ) ;
#2780 = ORIENTED_EDGE ( 'NONE', *, *, #4169, .T. ) ;
#2781 = ORIENTED_EDGE ( 'NONE', *, *, #78, .T. ) ;
#2782 = DIRECTION ( 'NONE',  ( -1.000000000000000000, 0.000000000000000000, 0.000000000000000000 ) ) ;
#2783 = DIRECTION ( 'NONE',  ( 0.000000000000000000, 0.000000000000000000, 1.000000000000000000 ) ) ;
#2784 = DIRECTION ( 'NONE',  ( 0.000000000000000000, 0.000000000000000000, -1.000000000000000000 ) ) ;
#2785 = EDGE_CURVE ( 'NONE', #3576, #2902, #3280, .T. ) ;
#2786 = VERTEX_POINT ( 'NONE', #3590 ) ;
#2787 = FACE_OUTER_BOUND ( 'NONE', #383, .T. ) ;
#2788 = PLANE ( 'NONE',  #704 ) ;
#2789 = ORIENTED_EDGE ( 'NONE', *, *, #4128, .T. ) ;
#2790 = FACE_BOUND ( 'NONE', #3739, .T. ) ;
#2791 = EDGE_CURVE ( 'NONE', #425, #3306, #3049, .T. ) ;
#2792 = VERTEX_POINT ( 'NONE', #2059 ) ;
#2793 = VERTEX_POINT ( 'NONE', #572 ) ;
#2794 = ORIENTED_EDGE ( 'NONE', *, *, #4242, .F. ) ;
#2795 = CARTESIAN_POINT ( 'NONE',  ( -55.64544826719042447, 14.40000000000000568, -19.15000000000000568 ) ) ;
#2796 = CARTESIAN_POINT ( 'NONE',  ( 32.25000000000001421, 2.999999999999999112, -12.90000000000000568 ) ) ;
#2797 = LINE ( 'NONE', #977, #3046 ) ;
#2798 = DIRECTION ( 'NONE',  ( 0.000000000000000000, -1.000000000000000000, 0.000000000000000000 ) ) ;
#2799 = DIRECTION ( 'NONE',  ( -1.000000000000000000, 0.000000000000000000, 0.000000000000000000 ) ) ;
#2800 = VERTEX_POINT ( 'NONE', #124 ) ;
#2801 = FACE_OUTER_BOUND ( 'NONE', #718, .T. ) ;
#2802 = AXIS2_PLACEMENT_3D ( 'NONE', #2005, #1704, #3584 ) ;
#2803 = ORIENTED_EDGE ( 'NONE', *, *, #4592, .T. ) ;
#2804 = AXIS2_PLACEMENT_3D ( 'NONE', #4236, #2389, #404 ) ;
#2805 = VECTOR ( 'NONE', #3050, 1000.000000000000000 ) ;
#2806 = DIRECTION ( 'NONE',  ( -0.000000000000000000, 1.000000000000000000, 1.640715604224399445E-17 ) ) ;
#2807 = CARTESIAN_POINT ( 'NONE',  ( -45.00000000000000000, 3.000000000000000000, -29.00000000000000000 ) ) ;
#2808 = DIRECTION ( 'NONE',  ( 1.000000000000000000, 0.000000000000000000, 0.000000000000000000 ) ) ;
#2809 = EDGE_LOOP ( 'NONE', ( #2067, #4942, #4358, #4455 ) ) ;
#2810 = CARTESIAN_POINT ( 'NONE',  ( 0.000000000000000000, 20.00000000000000355, 59.54700538379245955 ) ) ;
#2811 = VECTOR ( 'NONE', #1556, 1000.000000000000000 ) ;
#2812 = VECTOR ( 'NONE', #3248, 1000.000000000000114 ) ;
#2813 = DIRECTION ( 'NONE',  ( 0.6427876096865405842, 0.000000000000000000, 0.7660444431189769032 ) ) ;
#2814 = CARTESIAN_POINT ( 'NONE',  ( -30.51565158108295606, 20.00000000000000000, -57.39159353583022494 ) ) ;
#2815 = ADVANCED_FACE ( 'NONE', ( #2110 ), #1659, .F. ) ;
#2816 = VECTOR ( 'NONE', #815, 1000.000000000000114 ) ;
#2817 = ORIENTED_EDGE ( 'NONE', *, *, #381, .T. ) ;
#2818 = ORIENTED_EDGE ( 'NONE', *, *, #227, .T. ) ;
#2819 = CARTESIAN_POINT ( 'NONE',  ( 0.000000000000000000, 3.000000000000000000, 0.000000000000000000 ) ) ;
#2820 = CARTESIAN_POINT ( 'NONE',  ( -2.499999999999993339, 2.999999999999999112, -55.65000000000000568 ) ) ;
#2821 = CARTESIAN_POINT ( 'NONE',  ( -20.70000000000000995, 23.00000000000000000, -43.00000000000000711 ) ) ;
#2822 = EDGE_CURVE ( 'NONE', #759, #2435, #4360, .T. ) ;
#2823 = AXIS2_PLACEMENT_3D ( 'NONE', #4172, #1848, #3427 ) ;
#2824 = FACE_BOUND ( 'NONE', #3303, .T. ) ;
#2825 = CARTESIAN_POINT ( 'NONE',  ( 32.25000000000001421, 20.00000000000000000, -9.600000000000001421 ) ) ;
#2826 = EDGE_LOOP ( 'NONE', ( #3885, #2444, #2476, #3364 ) ) ;
#2827 = DIRECTION ( 'NONE',  ( 1.000000000000000000, -3.789450910129534816E-15, 0.000000000000000000 ) ) ;
#2828 = AXIS2_PLACEMENT_3D ( 'NONE', #4699, #511, #87 ) ;
#2829 = EDGE_CURVE ( 'NONE', #1787, #350, #2772, .T. ) ;
#2830 = EDGE_LOOP ( 'NONE', ( #1096, #3075, #4410, #4756 ) ) ;
#2831 = LINE ( 'NONE', #4698, #1218 ) ;
#2832 = AXIS2_PLACEMENT_3D ( 'NONE', #726, #3815, #3841 ) ;
#2833 = DIRECTION ( 'NONE',  ( 0.000000000000000000, -1.000000000000000000, 0.000000000000000000 ) ) ;
#2834 = LINE ( 'NONE', #4700, #4726 ) ;
#2835 = ADVANCED_FACE ( 'NONE', ( #1312, #3985, #475, #1261, #2012, #3542, #1637, #294 ), #2187, .T. ) ;
#2836 = ORIENTED_EDGE ( 'NONE', *, *, #3424, .F. ) ;
#2837 = DIRECTION ( 'NONE',  ( 0.8910071152657397242, -0.4539893396830202432, 0.000000000000000000 ) ) ;
#2838 = AXIS2_PLACEMENT_3D ( 'NONE', #909, #3548, #2799 ) ;
#2839 = LINE ( 'NONE', #2358, #1274 ) ;
#2840 = DIRECTION ( 'NONE',  ( 0.000000000000000000, 0.000000000000000000, 1.000000000000000000 ) ) ;
#2841 = ORIENTED_EDGE ( 'NONE', *, *, #427, .F. ) ;
#2842 = ORIENTED_EDGE ( 'NONE', *, *, #4418, .T. ) ;
#2843 = VERTEX_POINT ( 'NONE', #4451 ) ;
#2844 = CARTESIAN_POINT ( 'NONE',  ( -32.24999999999999289, 20.00000000000000000, -11.25000000000000711 ) ) ;
#2845 = DIRECTION ( 'NONE',  ( 0.000000000000000000, 0.000000000000000000, 1.000000000000000000 ) ) ;
#2846 = CARTESIAN_POINT ( 'NONE',  ( 53.64544826719043158, 17.00000000000000355, -21.14999999999998082 ) ) ;
#2847 = EDGE_LOOP ( 'NONE', ( #2941, #4667, #3439, #4669, #832, #775 ) ) ;
#2848 = CARTESIAN_POINT ( 'NONE',  ( 27.99999999999999645, 0.09999999999998930578, 6.000000000000000000 ) ) ;
#2849 = DIRECTION ( 'NONE',  ( 0.000000000000000000, -1.000000000000000000, 0.000000000000000000 ) ) ;
#2850 = ORIENTED_EDGE ( 'NONE', *, *, #471, .F. ) ;
#2851 = DIRECTION ( 'NONE',  ( -0.000000000000000000, -1.000000000000000000, -0.000000000000000000 ) ) ;
#2852 = VECTOR ( 'NONE', #1526, 1000.000000000000000 ) ;
#2853 = EDGE_CURVE ( 'NONE', #3636, #4853, #3315, .T. ) ;
#2854 = ORIENTED_EDGE ( 'NONE', *, *, #4283, .F. ) ;
#2855 = AXIS2_PLACEMENT_3D ( 'NONE', #564, #3210, #1330 ) ;
#2856 = CARTESIAN_POINT ( 'NONE',  ( 28.99999999999999645, 0.000000000000000000, -40.99999999824481733 ) ) ;
#2857 = ADVANCED_FACE ( 'NONE', ( #2161 ), #4102, .T. ) ;
#2858 = LINE ( 'NONE', #1371, #4578 ) ;
#2859 = CARTESIAN_POINT ( 'NONE',  ( 0.000000000000000000, 0.000000000000000000, -4.814824860968089633E-32 ) ) ;
#2860 = ORIENTED_EDGE ( 'NONE', *, *, #231, .T. ) ;
#2861 = DIRECTION ( 'NONE',  ( 0.000000000000000000, 0.000000000000000000, -1.000000000000000000 ) ) ;
#2862 = AXIS2_PLACEMENT_3D ( 'NONE', #4264, #4192, #4240 ) ;
#2863 = FACE_OUTER_BOUND ( 'NONE', #2120, .T. ) ;
#2864 = DIRECTION ( 'NONE',  ( -0.000000000000000000, 1.000000000000000000, 1.640715604224399445E-17 ) ) ;
#2865 = EDGE_LOOP ( 'NONE', ( #1867, #4774 ) ) ;
#2866 = ORIENTED_EDGE ( 'NONE', *, *, #3371, .T. ) ;
#2867 = ORIENTED_EDGE ( 'NONE', *, *, #3430, .T. ) ;
#2868 = CARTESIAN_POINT ( 'NONE',  ( 0.000000000000000000, 0.000000000000000000, -4.814824860968089633E-32 ) ) ;
#2869 = PLANE ( 'NONE',  #1940 ) ;
#2870 = CARTESIAN_POINT ( 'NONE',  ( 0.000000000000000000, 0.000000000000000000, -28.17808847982943021 ) ) ;
#2871 = ADVANCED_FACE ( 'NONE', ( #2233 ), #3361, .F. ) ;
#2872 = ORIENTED_EDGE ( 'NONE', *, *, #3620, .T. ) ;
#2873 = CARTESIAN_POINT ( 'NONE',  ( -2.499999999999993339, 2.999999999999999112, -42.00000000000000000 ) ) ;
#2874 = EDGE_LOOP ( 'NONE', ( #3989, #521, #4949, #1969 ) ) ;
#2875 = CARTESIAN_POINT ( 'NONE',  ( -45.00000000000000000, 3.000000000000000000, -26.10000000000000142 ) ) ;
#2876 = ORIENTED_EDGE ( 'NONE', *, *, #639, .T. ) ;
#2877 = DIRECTION ( 'NONE',  ( 0.000000000000000000, 0.000000000000000000, 1.000000000000000000 ) ) ;
#2878 = DIRECTION ( 'NONE',  ( -1.000000000000000000, 0.000000000000000000, 0.000000000000000000 ) ) ;
#2879 = DIRECTION ( 'NONE',  ( 0.000000000000000000, 0.000000000000000000, 1.000000000000000000 ) ) ;
#2880 = ADVANCED_FACE ( 'NONE', ( #4833 ), #3291, .T. ) ;
#2881 = EDGE_CURVE ( 'NONE', #3714, #4253, #593, .T. ) ;
#2882 = AXIS2_PLACEMENT_3D ( 'NONE', #150, #3245, #525 ) ;
#2883 = AXIS2_PLACEMENT_3D ( 'NONE', #4552, #3488, #3807 ) ;
#2884 = ORIENTED_EDGE ( 'NONE', *, *, #1604, .F. ) ;
#2885 = AXIS2_PLACEMENT_3D ( 'NONE', #755, #3474, #2291 ) ;
#2886 = DIRECTION ( 'NONE',  ( -0.000000000000000000, 1.000000000000000000, 1.640715604224399445E-17 ) ) ;
#2887 = DIRECTION ( 'NONE',  ( 0.000000000000000000, 0.000000000000000000, 1.000000000000000000 ) ) ;
#2888 = LINE ( 'NONE', #291, #2978 ) ;
#2889 = EDGE_CURVE ( 'NONE', #769, #3726, #2135, .T. ) ;
#2890 = EDGE_CURVE ( 'NONE', #2437, #825, #1050, .T. ) ;
#2891 = VERTEX_POINT ( 'NONE', #2967 ) ;
#2892 = ORIENTED_EDGE ( 'NONE', *, *, #267, .T. ) ;
#2893 = VERTEX_POINT ( 'NONE', #4079 ) ;
#2894 = AXIS2_PLACEMENT_3D ( 'NONE', #1820, #2934, #3350 ) ;
#2895 = CARTESIAN_POINT ( 'NONE',  ( 33.64544826719042447, 14.40000000000000568, 51.35000000000000142 ) ) ;
#2896 = LINE ( 'NONE', #2539, #2184 ) ;
#2897 = CARTESIAN_POINT ( 'NONE',  ( 22.25000000000000000, 3.000000000000000000, -9.250000000000000000 ) ) ;
#2898 = VECTOR ( 'NONE', #1602, 1000.000000000000000 ) ;
#2899 = VERTEX_POINT ( 'NONE', #1730 ) ;
#2900 = ORIENTED_EDGE ( 'NONE', *, *, #3767, .F. ) ;
#2901 = PLANE ( 'NONE',  #305 ) ;
#2902 = VERTEX_POINT ( 'NONE', #3685 ) ;
#2903 = AXIS2_PLACEMENT_3D ( 'NONE', #4760, #3591, #2488 ) ;
#2904 = CARTESIAN_POINT ( 'NONE',  ( -54.00000000000000000, 2.000000000000005329, -20.35000000000000497 ) ) ;
#2905 = VERTEX_POINT ( 'NONE', #3266 ) ;
#2906 = LINE ( 'NONE', #964, #3551 ) ;
#2907 = DIRECTION ( 'NONE',  ( 0.000000000000000000, 0.000000000000000000, 1.000000000000000000 ) ) ;
#2908 = EDGE_CURVE ( 'NONE', #924, #3599, #1381, .T. ) ;
#2909 = AXIS2_PLACEMENT_3D ( 'NONE', #4672, #2399, #3180 ) ;
#2910 = EDGE_CURVE ( 'NONE', #220, #1349, #1917, .T. ) ;
#2911 = VERTEX_POINT ( 'NONE', #2588 ) ;
#2912 = CIRCLE ( 'NONE', #2426, 1.649999999999998579 ) ;
#2913 = CARTESIAN_POINT ( 'NONE',  ( 0.000000000000000000, 1.075238199893871371, -25.57525880247332140 ) ) ;
#2914 = CARTESIAN_POINT ( 'NONE',  ( -2.499999999999993339, 16.00000000000000000, -40.35000000000000142 ) ) ;
#2915 = CARTESIAN_POINT ( 'NONE',  ( 22.25000000000000000, 3.000000000000000000, 0.000000000000000000 ) ) ;
#2916 = VECTOR ( 'NONE', #1516, 1000.000000000000000 ) ;
#2917 = ORIENTED_EDGE ( 'NONE', *, *, #4396, .F. ) ;
#2918 = ORIENTED_EDGE ( 'NONE', *, *, #914, .F. ) ;
#2919 = ORIENTED_EDGE ( 'NONE', *, *, #682, .T. ) ;
#2920 = EDGE_CURVE ( 'NONE', #4807, #3094, #1359, .T. ) ;
#2921 = CARTESIAN_POINT ( 'NONE',  ( 28.70910346561912263, 17.00000000000000355, 48.50000000000000000 ) ) ;
#2922 = CARTESIAN_POINT ( 'NONE',  ( -57.49999999999999289, 20.00000000000000355, 41.49999999999999289 ) ) ;
#2923 = DIRECTION ( 'NONE',  ( 0.000000000000000000, 1.000000000000000000, 0.000000000000000000 ) ) ;
#2924 = EDGE_CURVE ( 'NONE', #215, #3863, #1073, .T. ) ;
#2925 = EDGE_LOOP ( 'NONE', ( #4186, #934 ) ) ;
#2926 = FACE_OUTER_BOUND ( 'NONE', #1727, .T. ) ;
#2927 = ORIENTED_EDGE ( 'NONE', *, *, #2405, .F. ) ;
#2928 = DIRECTION ( 'NONE',  ( 0.000000000000000000, 1.000000000000000000, 1.640715604224399445E-17 ) ) ;
#2929 = ADVANCED_FACE ( 'NONE', ( #2611 ), #4781, .F. ) ;
#2930 = CARTESIAN_POINT ( 'NONE',  ( 35.00000000000000000, -0.000000000000000000, -41.39269907856503039 ) ) ;
#2931 = CARTESIAN_POINT ( 'NONE',  ( 48.82200561187043064, 20.00000000000005329, -43.84388773190547539 ) ) ;
#2932 = ORIENTED_EDGE ( 'NONE', *, *, #4157, .F. ) ;
#2933 = PLANE ( 'NONE',  #4821 ) ;
#2934 = DIRECTION ( 'NONE',  ( 0.000000000000000000, 1.000000000000000000, 0.000000000000000000 ) ) ;
#2935 = EDGE_CURVE ( 'NONE', #2193, #2786, #975, .T. ) ;
#2936 = VECTOR ( 'NONE', #2798, 1000.000000000000000 ) ;
#2937 = ORIENTED_EDGE ( 'NONE', *, *, #3394, .F. ) ;
#2938 = CARTESIAN_POINT ( 'NONE',  ( -52.35455173280956132, 17.00000000000000355, -19.15000000000000568 ) ) ;
#2939 = DIRECTION ( 'NONE',  ( 0.000000000000000000, 1.000000000000000000, 0.000000000000000000 ) ) ;
#2940 = DIRECTION ( 'NONE',  ( 0.000000000000000000, 0.000000000000000000, 1.000000000000000000 ) ) ;
#2941 = ORIENTED_EDGE ( 'NONE', *, *, #3620, .F. ) ;
#2942 = CARTESIAN_POINT ( 'NONE',  ( 52.00000000000000000, 2.000000000000005329, -25.64999999999999503 ) ) ;
#2943 = DIRECTION ( 'NONE',  ( -0.000000000000000000, -1.000000000000000000, -0.000000000000000000 ) ) ;
#2944 = DIRECTION ( 'NONE',  ( -0.8910071152657397242, 0.4539893396830202432, 0.000000000000000000 ) ) ;
#2945 = DIRECTION ( 'NONE',  ( 0.000000000000000000, 0.000000000000000000, 1.000000000000000000 ) ) ;
#2946 = EDGE_CURVE ( 'NONE', #2044, #919, #1509, .T. ) ;
#2947 = ORIENTED_EDGE ( 'NONE', *, *, #3224, .F. ) ;
#2948 = LINE ( 'NONE', #1028, #1195 ) ;
#2949 = EDGE_LOOP ( 'NONE', ( #4701, #3298 ) ) ;
#2950 = LINE ( 'NONE', #1458, #4463 ) ;
#2951 = CARTESIAN_POINT ( 'NONE',  ( 35.00000000000000000, 0.000000000000000000, -40.49999999999999289 ) ) ;
#2952 = CARTESIAN_POINT ( 'NONE',  ( 35.00000000000000000, 0.000000000000000000, -40.49999999999999289 ) ) ;
#2953 = DIRECTION ( 'NONE',  ( 0.8660254037844385966, 8.203578021122003387E-18, -0.5000000000000003331 ) ) ;
#2954 = ADVANCED_FACE ( 'NONE', ( #617 ), #248, .T. ) ;
#2955 = APPLICATION_PROTOCOL_DEFINITION ( 'draft international standard', 'automotive_design', 1998, #3062 ) ;
#2956 = ORIENTED_EDGE ( 'NONE', *, *, #4798, .F. ) ;
#2957 = PLANE ( 'NONE',  #3694 ) ;
#2958 = LINE ( 'NONE', #3261, #1837 ) ;
#2959 = DIRECTION ( 'NONE',  ( -0.4999999999999998335, 0.000000000000000000, -0.8660254037844387076 ) ) ;
#2960 = AXIS2_PLACEMENT_3D ( 'NONE', #328, #4535, #1815 ) ;
#2961 = CIRCLE ( 'NONE', #4065, 65.00000000000014211 ) ;
#2962 = AXIS2_PLACEMENT_3D ( 'NONE', #3717, #4108, #280 ) ;
#2963 = ORIENTED_EDGE ( 'NONE', *, *, #2145, .T. ) ;
#2964 = CARTESIAN_POINT ( 'NONE',  ( -4.087713240271458659, 17.00000000000000000, -56.74999999999999289 ) ) ;
#2965 = ADVANCED_FACE ( 'NONE', ( #794 ), #4927, .F. ) ;
#2966 = VECTOR ( 'NONE', #3445, 1000.000000000000000 ) ;
#2967 = CARTESIAN_POINT ( 'NONE',  ( -45.00000000000000000, 20.00000000000000355, -31.89999999999999858 ) ) ;
#2968 = CARTESIAN_POINT ( 'NONE',  ( -33.64544826719041026, 14.40000000000000568, 51.34999999999998010 ) ) ;
#2969 = CARTESIAN_POINT ( 'NONE',  ( 32.00000000000000000, 14.40000000000000568, 46.85000000000000142 ) ) ;
#2970 = ORIENTED_EDGE ( 'NONE', *, *, #4574, .F. ) ;
#2971 = CARTESIAN_POINT ( 'NONE',  ( 30.35455173280956132, 17.00000000000000355, 45.64999999999999147 ) ) ;
#2972 = VERTEX_POINT ( 'NONE', #3859 ) ;
#2973 = DIRECTION ( 'NONE',  ( 0.000000000000000000, 0.000000000000000000, 1.000000000000000000 ) ) ;
#2974 = VECTOR ( 'NONE', #3333, 1000.000000000000000 ) ;
#2975 = DIRECTION ( 'NONE',  ( -0.000000000000000000, 1.000000000000000000, 1.640715604224399445E-17 ) ) ;
#2976 = VECTOR ( 'NONE', #4197, 1000.000000000000000 ) ;
#2977 = VECTOR ( 'NONE', #4647, 1000.000000000000000 ) ;
#2978 = VECTOR ( 'NONE', #1801, 1000.000000000000000 ) ;
#2979 = FACE_OUTER_BOUND ( 'NONE', #1387, .T. ) ;
#2980 = CYLINDRICAL_SURFACE ( 'NONE', #2619, 8.250000000000000000 ) ;
#2981 = ORIENTED_EDGE ( 'NONE', *, *, #783, .F. ) ;
#2982 = CARTESIAN_POINT ( 'NONE',  ( 36.50000000000001421, 3.000000000000000000, -15.50000000000000711 ) ) ;
#2983 = LINE ( 'NONE', #2178, #3208 ) ;
#2984 = EDGE_LOOP ( 'NONE', ( #2705, #4295 ) ) ;
#2985 = CARTESIAN_POINT ( 'NONE',  ( -30.00000000000000000, 1.499999999999992673, -6.000000000000000000 ) ) ;
#2986 = CARTESIAN_POINT ( 'NONE',  ( 0.000000000000000000, 3.000000000000000000, -6.000000000000000000 ) ) ;
#2987 = LINE ( 'NONE', #4024, #2974 ) ;
#2988 = ADVANCED_FACE ( 'NONE', ( #3118 ), #3038, .F. ) ;
#2989 = ORIENTED_EDGE ( 'NONE', *, *, #798, .T. ) ;
#2990 = DIRECTION ( 'NONE',  ( 0.000000000000000000, -1.000000000000000000, 0.000000000000000000 ) ) ;
#2991 = DIRECTION ( 'NONE',  ( 0.4999999999999995559, 0.000000000000000000, 0.8660254037844389297 ) ) ;
#2992 = FACE_OUTER_BOUND ( 'NONE', #3097, .T. ) ;
#2993 = PLANE ( 'NONE',  #4877 ) ;
#2994 = AXIS2_PLACEMENT_3D ( 'NONE', #657, #3399, #1490 ) ;
#2995 = EDGE_LOOP ( 'NONE', ( #3513, #3325, #882, #4779 ) ) ;
#2996 = DIRECTION ( 'NONE',  ( 0.000000000000000000, 0.000000000000000000, 1.000000000000000000 ) ) ;
#2997 = ORIENTED_EDGE ( 'NONE', *, *, #601, .F. ) ;
#2998 = CYLINDRICAL_SURFACE ( 'NONE', #4230, 1.649999999999998579 ) ;
#2999 = PLANE ( 'NONE',  #2960 ) ;
#3000 = EDGE_CURVE ( 'NONE', #4042, #4878, #4951, .T. ) ;
#3001 = CARTESIAN_POINT ( 'NONE',  ( 47.00000000000001421, 20.00000000000000355, -40.99999999824481733 ) ) ;
#3002 = CARTESIAN_POINT ( 'NONE',  ( 28.99999999999999645, 0.000000000000000000, -40.99999999824481733 ) ) ;
#3003 = ORIENTED_EDGE ( 'NONE', *, *, #4059, .T. ) ;
#3004 = CYLINDRICAL_SURFACE ( 'NONE', #3865, 1.649999999999998579 ) ;
#3005 = EDGE_CURVE ( 'NONE', #2134, #2642, #4180, .T. ) ;
#3006 = ADVANCED_FACE ( 'NONE', ( #1126 ), #4625, .F. ) ;
#3007 = EDGE_CURVE ( 'NONE', #919, #2491, #3093, .T. ) ;
#3008 = EDGE_LOOP ( 'NONE', ( #2342, #219, #4004, #4364 ) ) ;
#3009 = CARTESIAN_POINT ( 'NONE',  ( 57.50000000000001421, 20.00000000000000355, -15.50000000000000711 ) ) ;
#3010 = CARTESIAN_POINT ( 'NONE',  ( -0.9122867597285204688, 17.00000000000000000, -39.25000000000000000 ) ) ;
#3011 = DIRECTION ( 'NONE',  ( -0.000000000000000000, 1.000000000000000000, 1.640715604224399445E-17 ) ) ;
#3012 = CIRCLE ( 'NONE', #834, 2.999999999999995559 ) ;
#3013 = ORIENTED_EDGE ( 'NONE', *, *, #1916, .F. ) ;
#3014 = LINE ( 'NONE', #3336, #1244 ) ;
#3015 = VECTOR ( 'NONE', #2837, 1000.000000000000000 ) ;
#3016 = DIRECTION ( 'NONE',  ( 0.000000000000000000, -1.000000000000000000, 0.000000000000000000 ) ) ;
#3017 = CARTESIAN_POINT ( 'NONE',  ( -12.00000000000000888, 0.000000000000000000, -55.00000000000000000 ) ) ;
#3018 = CARTESIAN_POINT ( 'NONE',  ( 50.35455173280956132, 14.40000000000000568, -26.85000000000001918 ) ) ;
#3019 = ORIENTED_EDGE ( 'NONE', *, *, #3625, .T. ) ;
#3020 = CARTESIAN_POINT ( 'NONE',  ( 32.00000000000000000, 14.40000000000000568, 48.50000000000000000 ) ) ;
#3021 = ORIENTED_EDGE ( 'NONE', *, *, #3387, .T. ) ;
#3022 = CARTESIAN_POINT ( 'NONE',  ( 55.29089653438087026, 17.00000000000000355, -23.99999999999999289 ) ) ;
#3023 = CYLINDRICAL_SURFACE ( 'NONE', #3357, 13.00000000000000533 ) ;
#3024 = CARTESIAN_POINT ( 'NONE',  ( 32.00000000000000000, 20.00000000000000355, 50.14999999999999858 ) ) ;
#3025 = EDGE_CURVE ( 'NONE', #3995, #744, #2690, .T. ) ;
#3026 = CARTESIAN_POINT ( 'NONE',  ( 33.17799438812968305, 0.000000000000000000, -32.15611226809472356 ) ) ;
#3027 = CARTESIAN_POINT ( 'NONE',  ( 47.00000000000000711, 19.99999999999998579, -39.50000000000001421 ) ) ;
#3028 = VERTEX_POINT ( 'NONE', #393 ) ;
#3029 = FACE_OUTER_BOUND ( 'NONE', #399, .T. ) ;
#3030 = ORIENTED_EDGE ( 'NONE', *, *, #3025, .F. ) ;
#3031 = DIRECTION ( 'NONE',  ( 0.000000000000000000, 0.000000000000000000, -1.000000000000000000 ) ) ;
#3032 = ADVANCED_FACE ( 'NONE', ( #2661, #47 ), #1576, .T. ) ;
#3033 = LINE ( 'NONE', #1923, #2976 ) ;
#3034 = LINE ( 'NONE', #3405, #4884 ) ;
#3035 = EDGE_CURVE ( 'NONE', #2899, #1253, #4252, .T. ) ;
#3036 = ORIENTED_EDGE ( 'NONE', *, *, #2585, .F. ) ;
#3037 = CARTESIAN_POINT ( 'NONE',  ( 30.00000000000000000, 0.09999999999998930578, 6.000000000000000000 ) ) ;
#3038 = CYLINDRICAL_SURFACE ( 'NONE', #2883, 1.649999999999998579 ) ;
#3039 = ORIENTED_EDGE ( 'NONE', *, *, #1467, .F. ) ;
#3040 = LINE ( 'NONE', #2402, #739 ) ;
#3041 = ADVANCED_FACE ( 'NONE', ( #319 ), #368, .F. ) ;
#3042 = DIRECTION ( 'NONE',  ( -1.000000000000000000, 0.000000000000000000, 0.000000000000000000 ) ) ;
#3043 = ADVANCED_FACE ( 'NONE', ( #4202 ), #3385, .F. ) ;
#3044 = VECTOR ( 'NONE', #1450, 1000.000000000000000 ) ;
#3045 = ORIENTED_EDGE ( 'NONE', *, *, #1027, .T. ) ;
#3046 = VECTOR ( 'NONE', #3912, 1000.000000000000000 ) ;
#3047 = LINE ( 'NONE', #1532, #2106 ) ;
#3048 = ORIENTED_EDGE ( 'NONE', *, *, #608, .T. ) ;
#3049 = CIRCLE ( 'NONE', #3840, 59.54700538379245955 ) ;
#3050 = DIRECTION ( 'NONE',  ( -0.000000000000000000, 1.000000000000000000, 1.640715604224399445E-17 ) ) ;
#3051 = CARTESIAN_POINT ( 'NONE',  ( -35.29089653438084184, 14.40000000000000568, 48.49999999999999289 ) ) ;
#3052 = CARTESIAN_POINT ( 'NONE',  ( -0.9122867597285181374, 3.000000000000000000, -56.74999999999999289 ) ) ;
#3053 = CARTESIAN_POINT ( 'NONE',  ( -15.00000000000000533, 0.000000000000000000, -55.00000000000000000 ) ) ;
#3054 = VECTOR ( 'NONE', #866, 1000.000000000000000 ) ;
#3055 = LINE ( 'NONE', #3523, #3334 ) ;
#3056 = ORIENTED_EDGE ( 'NONE', *, *, #4023, .T. ) ;
#3057 = LINE ( 'NONE', #4567, #1225 ) ;
#3058 = CIRCLE ( 'NONE', #880, 2.999999999999995559 ) ;
#3059 = VERTEX_POINT ( 'NONE', #717 ) ;
#3060 = CARTESIAN_POINT ( 'NONE',  ( -54.00000000000000000, 2.000000000000005329, -22.00000000000000000 ) ) ;
#3061 = FACE_OUTER_BOUND ( 'NONE', #45, .T. ) ;
#3062 = APPLICATION_CONTEXT ( 'automotive_design' ) ;
#3063 = LINE ( 'NONE', #4622, #2334 ) ;
#3064 = ADVANCED_FACE ( 'NONE', ( #1900 ), #3781, .F. ) ;
#3065 = CIRCLE ( 'NONE', #2180, 1.649999999999995248 ) ;
#3066 = ORIENTED_EDGE ( 'NONE', *, *, #4668, .F. ) ;
#3067 = CARTESIAN_POINT ( 'NONE',  ( -32.00000000000000000, -1.136835273038861628E-14, 6.000000000000000000 ) ) ;
#3068 = LINE ( 'NONE', #1177, #4542 ) ;
#3069 = EDGE_LOOP ( 'NONE', ( #4403, #2430, #2603, #374, #2854, #1647 ) ) ;
#3070 = CIRCLE ( 'NONE', #1301, 1.649999999999998579 ) ;
#3071 = CARTESIAN_POINT ( 'NONE',  ( -54.00000000000000000, 20.00000000000000355, -20.35000000000000497 ) ) ;
#3072 = DIRECTION ( 'NONE',  ( -1.000000000000000000, 0.000000000000000000, 0.000000000000000000 ) ) ;
#3073 = ORIENTED_EDGE ( 'NONE', *, *, #731, .T. ) ;
#3074 = CARTESIAN_POINT ( 'NONE',  ( 32.00000000000000000, 2.000000000000005329, 50.14999999999999858 ) ) ;
#3075 = ORIENTED_EDGE ( 'NONE', *, *, #2295, .F. ) ;
#3076 = CIRCLE ( 'NONE', #4497, 1.649999999999998579 ) ;
#3077 = CARTESIAN_POINT ( 'NONE',  ( 22.25000000000000000, 0.000000000000000000, -9.250000000000000000 ) ) ;
#3078 = DIRECTION ( 'NONE',  ( 0.000000000000000000, -1.000000000000000000, 0.000000000000000000 ) ) ;
#3079 = DIRECTION ( 'NONE',  ( 1.000000000000000000, -0.000000000000000000, 0.000000000000000000 ) ) ;
#3080 = AXIS2_PLACEMENT_3D ( 'NONE', #4040, #2833, #4349 ) ;
#3081 = CARTESIAN_POINT ( 'NONE',  ( -4.087713240271469317, 17.00000000000000000, -44.75000000000001421 ) ) ;
#3082 = LINE ( 'NONE', #3871, #681 ) ;
#3083 = ORIENTED_EDGE ( 'NONE', *, *, #4805, .T. ) ;
#3084 = LINE ( 'NONE', #4596, #4575 ) ;
#3085 = ORIENTED_EDGE ( 'NONE', *, *, #3186, .F. ) ;
#3086 = PLANE ( 'NONE',  #1858 ) ;
#3087 = LINE ( 'NONE', #387, #3355 ) ;
#3088 = EDGE_CURVE ( 'NONE', #1901, #3895, #3068, .T. ) ;
#3089 = DIRECTION ( 'NONE',  ( 0.000000000000000000, 1.000000000000000000, 0.000000000000000000 ) ) ;
#3090 = ORIENTED_EDGE ( 'NONE', *, *, #3105, .T. ) ;
#3091 = FACE_OUTER_BOUND ( 'NONE', #2830, .T. ) ;
#3092 = PRODUCT_DEFINITION ( 'UNKNOWN', '', #3603, #1184 ) ;
#3093 = LINE ( 'NONE', #1953, #4305 ) ;
#3094 = VERTEX_POINT ( 'NONE', #768 ) ;
#3095 = LINE ( 'NONE', #4607, #2898 ) ;
#3096 = VECTOR ( 'NONE', #3421, 1000.000000000000114 ) ;
#3097 = EDGE_LOOP ( 'NONE', ( #3526, #2768, #3857, #4603, #1429, #886 ) ) ;
#3098 = ORIENTED_EDGE ( 'NONE', *, *, #3293, .T. ) ;
#3099 = VERTEX_POINT ( 'NONE', #2307 ) ;
#3100 = UNCERTAINTY_MEASURE_WITH_UNIT (LENGTH_MEASURE( 1.000000000000000082E-05 ), #3270, 'distance_accuracy_value', 'NONE');
#3101 = VECTOR ( 'NONE', #2886, 1000.000000000000000 ) ;
#3102 = CARTESIAN_POINT ( 'NONE',  ( -22.25000000000000000, 10.00000000000000000, 35.25000000000000000 ) ) ;
#3103 = CARTESIAN_POINT ( 'NONE',  ( 32.00000000000000000, 0.09999999999998952782, -6.000000000000000000 ) ) ;
#3104 = CARTESIAN_POINT ( 'NONE',  ( 8.761981113183986419E-15, 20.00000000000001066, -71.54700538379245245 ) ) ;
#3105 = EDGE_CURVE ( 'NONE', #2082, #3028, #1930, .T. ) ;
#3106 = EDGE_CURVE ( 'NONE', #982, #2437, #4943, .T. ) ;
#3107 = LINE ( 'NONE', #1912, #4681 ) ;
#3108 = FACE_OUTER_BOUND ( 'NONE', #855, .T. ) ;
#3109 = ORIENTED_EDGE ( 'NONE', *, *, #194, .T. ) ;
#3110 = CARTESIAN_POINT ( 'NONE',  ( -45.00000000000000000, 0.000000000000000000, 13.00000000000000178 ) ) ;
#3111 = EDGE_CURVE ( 'NONE', #3906, #3121, #71, .T. ) ;
#3112 = ORIENTED_EDGE ( 'NONE', *, *, #3615, .T. ) ;
#3113 = EDGE_CURVE ( 'NONE', #1398, #1736, #1600, .T. ) ;
#3114 = CARTESIAN_POINT ( 'NONE',  ( 52.00000000000000000, 14.40000000000000568, -22.35000000000000497 ) ) ;
#3115 = LINE ( 'NONE', #388, #3852 ) ;
#3116 = ORIENTED_EDGE ( 'NONE', *, *, #3645, .T. ) ;
#3117 = DIRECTION ( 'NONE',  ( 0.000000000000000000, -0.1736481776669306920, -0.9848077530122080203 ) ) ;
#3118 = FACE_OUTER_BOUND ( 'NONE', #446, .T. ) ;
#3119 = ORIENTED_EDGE ( 'NONE', *, *, #2558, .F. ) ;
#3120 = DIRECTION ( 'NONE',  ( 0.000000000000000000, -1.640715604224399445E-17, 1.000000000000000000 ) ) ;
#3121 = VERTEX_POINT ( 'NONE', #539 ) ;
#3122 = VERTEX_POINT ( 'NONE', #140 ) ;
#3123 = EDGE_LOOP ( 'NONE', ( #2586, #3527, #1664, #3732 ) ) ;
#3124 = CARTESIAN_POINT ( 'NONE',  ( -32.24999999999998579, 20.00000000000000000, 38.89999999999999858 ) ) ;
#3125 = DIRECTION ( 'NONE',  ( 0.000000000000000000, 1.000000000000000000, 0.000000000000000000 ) ) ;
#3126 = CARTESIAN_POINT ( 'NONE',  ( 36.50000000000001421, 23.00000000000000000, -15.50000000000000711 ) ) ;
#3127 = AXIS2_PLACEMENT_3D ( 'NONE', #790, #2327, #2709 ) ;
#3128 = AXIS2_PLACEMENT_3D ( 'NONE', #222, #2538, #4050 ) ;
#3129 = VECTOR ( 'NONE', #4161, 1000.000000000000000 ) ;
#3130 = CARTESIAN_POINT ( 'NONE',  ( 35.00000000000000000, 1.499999999999993339, 6.000000000000000000 ) ) ;
#3131 = DIRECTION ( 'NONE',  ( 0.000000000000000000, 1.000000000000000000, 0.000000000000000000 ) ) ;
#3132 = EDGE_LOOP ( 'NONE', ( #2088, #1145, #2970, #3631 ) ) ;
#3133 = ORIENTED_EDGE ( 'NONE', *, *, #2114, .T. ) ;
#3134 = AXIS2_PLACEMENT_3D ( 'NONE', #2859, #535, #858 ) ;
#3135 = VERTEX_POINT ( 'NONE', #3187 ) ;
#3136 = CARTESIAN_POINT ( 'NONE',  ( -30.35455173280956487, 17.00000000000000355, 51.34999999999998010 ) ) ;
#3137 = AXIS2_PLACEMENT_3D ( 'NONE', #4582, #3413, #797 ) ;
#3138 = LINE ( 'NONE', #4674, #3287 ) ;
#3139 = ORIENTED_EDGE ( 'NONE', *, *, #1259, .F. ) ;
#3140 = LINE ( 'NONE', #491, #2211 ) ;
#3141 = CARTESIAN_POINT ( 'NONE',  ( -54.00000000000000000, 17.00000000000000355, -23.64999999999999503 ) ) ;
#3142 = VERTEX_POINT ( 'NONE', #3141 ) ;
#3143 = CARTESIAN_POINT ( 'NONE',  ( -30.35455173280956487, 14.40000000000000568, 51.34999999999998010 ) ) ;
#3144 = EDGE_CURVE ( 'NONE', #1349, #1645, #2764, .T. ) ;
#3145 = ORIENTED_EDGE ( 'NONE', *, *, #326, .T. ) ;
#3146 = ORIENTED_EDGE ( 'NONE', *, *, #898, .F. ) ;
#3147 = VERTEX_POINT ( 'NONE', #2055 ) ;
#3148 = DIRECTION ( 'NONE',  ( -1.000000000000000000, 0.000000000000000000, 0.000000000000000000 ) ) ;
#3149 = CARTESIAN_POINT ( 'NONE',  ( -20.70000000000000995, 23.00000000000000000, -17.00000000000000355 ) ) ;
#3150 = LINE ( 'NONE', #3419, #1357 ) ;
#3151 = CIRCLE ( 'NONE', #332, 1.649999999999995248 ) ;
#3152 = CYLINDRICAL_SURFACE ( 'NONE', #3406, 1.650000000000002132 ) ;
#3153 = CYLINDRICAL_SURFACE ( 'NONE', #1950, 1.649999999999998579 ) ;
#3154 = ORIENTED_EDGE ( 'NONE', *, *, #208, .T. ) ;
#3155 = EDGE_CURVE ( 'NONE', #4502, #871, #3903, .T. ) ;
#3156 = VECTOR ( 'NONE', #4824, 1000.000000000000227 ) ;
#3157 = ORIENTED_EDGE ( 'NONE', *, *, #3869, .F. ) ;
#3158 = DIRECTION ( 'NONE',  ( 0.000000000000000000, 0.000000000000000000, 1.000000000000000000 ) ) ;
#3159 = CARTESIAN_POINT ( 'NONE',  ( -54.00000000000000000, 2.000000000000005329, -22.00000000000000000 ) ) ;
#3160 = CARTESIAN_POINT ( 'NONE',  ( 32.25000000000001421, 0.000000000000000000, -12.90000000000000568 ) ) ;
#3161 = EDGE_CURVE ( 'NONE', #2382, #4233, #3930, .T. ) ;
#3162 = ORIENTED_EDGE ( 'NONE', *, *, #3367, .T. ) ;
#3163 = PLANE ( 'NONE',  #2449 ) ;
#3164 = DIRECTION ( 'NONE',  ( 0.000000000000000000, 0.000000000000000000, 1.000000000000000000 ) ) ;
#3165 = EDGE_LOOP ( 'NONE', ( #3643, #2484 ) ) ;
#3166 = DIRECTION ( 'NONE',  ( 1.000000000000000000, 0.000000000000000000, -0.000000000000000000 ) ) ;
#3167 = ORIENTED_EDGE ( 'NONE', *, *, #4309, .F. ) ;
#3168 = VERTEX_POINT ( 'NONE', #94 ) ;
#3169 = ORIENTED_EDGE ( 'NONE', *, *, #2730, .T. ) ;
#3170 = LINE ( 'NONE', #2461, #3443 ) ;
#3171 = CARTESIAN_POINT ( 'NONE',  ( -5.675426480542940411, 17.00000000000000000, -42.00000000000000711 ) ) ;
#3172 = DIRECTION ( 'NONE',  ( 0.000000000000000000, 1.000000000000000000, 0.000000000000000000 ) ) ;
#3173 = CIRCLE ( 'NONE', #3882, 5.000000000000004441 ) ;
#3174 = CARTESIAN_POINT ( 'NONE',  ( 30.00000000000000000, 1.499999999999992673, 6.000000000000000000 ) ) ;
#3175 = ORIENTED_EDGE ( 'NONE', *, *, #2731, .F. ) ;
#3176 = CARTESIAN_POINT ( 'NONE',  ( -45.96194077712534209, 20.00000000000000000, -45.96194077712582526 ) ) ;
#3177 = ADVANCED_FACE ( 'NONE', ( #2863 ), #1977, .F. ) ;
#3178 = ORIENTED_EDGE ( 'NONE', *, *, #1065, .T. ) ;
#3179 = EDGE_LOOP ( 'NONE', ( #323, #3175, #2412, #1524 ) ) ;
#3180 = DIRECTION ( 'NONE',  ( 0.000000000000000000, 0.000000000000000000, 1.000000000000000000 ) ) ;
#3181 = CARTESIAN_POINT ( 'NONE',  ( -30.35455173280956132, 14.40000000000000568, 45.65000000000001990 ) ) ;
#3182 = LINE ( 'NONE', #4270, #2573 ) ;
#3183 = ORIENTED_EDGE ( 'NONE', *, *, #3900, .F. ) ;
#3184 = EDGE_CURVE ( 'NONE', #648, #769, #68, .T. ) ;
#3185 = CARTESIAN_POINT ( 'NONE',  ( -51.91130815307381141, 10.00000000000000000, -39.11797650488389877 ) ) ;
#3186 = EDGE_CURVE ( 'NONE', #1130, #596, #921, .T. ) ;
#3187 = CARTESIAN_POINT ( 'NONE',  ( 35.00000000000000000, 0.000000000000000000, -34.99999999999999289 ) ) ;
#3188 = PLANE ( 'NONE',  #2008 ) ;
#3189 = EDGE_LOOP ( 'NONE', ( #1309, #3251 ) ) ;
#3190 = ORIENTED_EDGE ( 'NONE', *, *, #1769, .T. ) ;
#3191 = ORIENTED_EDGE ( 'NONE', *, *, #157, .T. ) ;
#3192 = ADVANCED_FACE ( 'NONE', ( #4376 ), #2078, .T. ) ;
#3193 = EDGE_CURVE ( 'NONE', #3576, #1005, #2839, .T. ) ;
#3194 = DIRECTION ( 'NONE',  ( 0.000000000000000000, -1.000000000000000000, 0.000000000000000000 ) ) ;
#3195 = CARTESIAN_POINT ( 'NONE',  ( -45.96194077712534209, 10.00000000000000000, -45.96194077712582526 ) ) ;
#3196 = PLANE ( 'NONE',  #4546 ) ;
#3197 = CARTESIAN_POINT ( 'NONE',  ( 0.6754264805429498475, 17.00000000000000000, -42.00000000000000000 ) ) ;
#3198 = EDGE_LOOP ( 'NONE', ( #3133, #817, #158, #753 ) ) ;
#3199 = CARTESIAN_POINT ( 'NONE',  ( -35.00000000000000000, 0.000000000000000000, -6.000000000000000000 ) ) ;
#3200 = VECTOR ( 'NONE', #3393, 1000.000000000000000 ) ;
#3201 = AXIS2_PLACEMENT_3D ( 'NONE', #1098, #2633, #4151 ) ;
#3202 = ORIENTED_EDGE ( 'NONE', *, *, #693, .F. ) ;
#3203 = AXIS2_PLACEMENT_3D ( 'NONE', #4712, #3592, #2464 ) ;
#3204 = CIRCLE ( 'NONE', #2398, 2.899999999999996358 ) ;
#3205 = DIRECTION ( 'NONE',  ( 0.000000000000000000, 1.000000000000000000, 0.000000000000000000 ) ) ;
#3206 = CARTESIAN_POINT ( 'NONE',  ( 32.00000000000000000, 2.000000000000005329, 48.50000000000000000 ) ) ;
#3207 = LINE ( 'NONE', #917, #1685 ) ;
#3208 = VECTOR ( 'NONE', #2528, 1000.000000000000000 ) ;
#3209 = ORIENTED_EDGE ( 'NONE', *, *, #3382, .F. ) ;
#3210 = DIRECTION ( 'NONE',  ( 0.000000000000000000, 1.000000000000000000, 1.640715604224399445E-17 ) ) ;
#3211 = CIRCLE ( 'NONE', #4162, 1.649999999999998579 ) ;
#3212 = CIRCLE ( 'NONE', #1040, 1.649999999999998579 ) ;
#3213 = DIRECTION ( 'NONE',  ( 0.000000000000000000, -1.000000000000000000, 0.000000000000000000 ) ) ;
#3214 = AXIS2_PLACEMENT_3D ( 'NONE', #2070, #3205, #1297 ) ;
#3215 = EDGE_CURVE ( 'NONE', #648, #3147, #2032, .T. ) ;
#3216 = LINE ( 'NONE', #3634, #3681 ) ;
#3217 = VECTOR ( 'NONE', #2051, 1000.000000000000114 ) ;
#3218 = ORIENTED_EDGE ( 'NONE', *, *, #1095, .F. ) ;
#3219 = EDGE_LOOP ( 'NONE', ( #2512, #2006 ) ) ;
#3220 = ORIENTED_EDGE ( 'NONE', *, *, #4046, .F. ) ;
#3221 = CARTESIAN_POINT ( 'NONE',  ( 53.64544826719041737, 17.00000000000000355, -26.85000000000001918 ) ) ;
#3222 = DIRECTION ( 'NONE',  ( -0.8910071152657399463, -0.4539893396830199657, 0.000000000000000000 ) ) ;
#3223 = DIRECTION ( 'NONE',  ( -1.000000000000000000, 0.000000000000000000, 0.000000000000000000 ) ) ;
#3224 = EDGE_CURVE ( 'NONE', #1904, #2626, #2155, .T. ) ;
#3225 = ADVANCED_FACE ( 'NONE', ( #3608 ), #863, .T. ) ;
#3226 = CARTESIAN_POINT ( 'NONE',  ( 30.00000000000000000, 0.09999999999998930578, -6.000000000000000000 ) ) ;
#3227 = SURFACE_STYLE_USAGE ( .BOTH. , #4741 ) ;
#3228 = VERTEX_POINT ( 'NONE', #2456 ) ;
#3229 = CARTESIAN_POINT ( 'NONE',  ( 0.000000000000000000, 0.5977057113098136476, -28.28348012325689353 ) ) ;
#3230 = VECTOR ( 'NONE', #2234, 1000.000000000000227 ) ;
#3231 = ORIENTED_EDGE ( 'NONE', *, *, #3035, .F. ) ;
#3232 = FACE_OUTER_BOUND ( 'NONE', #4462, .T. ) ;
#3233 = CIRCLE ( 'NONE', #4819, 2.000000000000001776 ) ;
#3234 = CARTESIAN_POINT ( 'NONE',  ( -36.49999999999999289, 3.000000000000000000, -15.50000000000000711 ) ) ;
#3235 = FACE_OUTER_BOUND ( 'NONE', #1982, .T. ) ;
#3236 = ORIENTED_EDGE ( 'NONE', *, *, #3914, .F. ) ;
#3237 = ADVANCED_FACE ( 'NONE', ( #3979 ), #841, .F. ) ;
#3238 = CARTESIAN_POINT ( 'NONE',  ( -52.35455173280955421, 14.40000000000000568, -24.84999999999997655 ) ) ;
#3239 = DIRECTION ( 'NONE',  ( -0.4999999999999995559, 0.000000000000000000, 0.8660254037844389297 ) ) ;
#3240 = FACE_BOUND ( 'NONE', #29, .T. ) ;
#3241 = ORIENTED_EDGE ( 'NONE', *, *, #3554, .F. ) ;
#3242 = ORIENTED_EDGE ( 'NONE', *, *, #1505, .F. ) ;
#3243 = CARTESIAN_POINT ( 'NONE',  ( 53.00000000000000000, 20.00000000000000355, -41.00000000000000000 ) ) ;
#3244 = CARTESIAN_POINT ( 'NONE',  ( -32.00000000000000000, 14.40000000000000568, 46.85000000000000142 ) ) ;
#3245 = DIRECTION ( 'NONE',  ( -0.8829475928589266553, 0.000000000000000000, 0.4694715627858913609 ) ) ;
#3246 = ADVANCED_FACE ( 'NONE', ( #4677, #1252 ), #2788, .F. ) ;
#3247 = VERTEX_POINT ( 'NONE', #2582 ) ;
#3248 = DIRECTION ( 'NONE',  ( -0.4999999999999992228, 0.000000000000000000, 0.8660254037844390407 ) ) ;
#3249 = EDGE_CURVE ( 'NONE', #1645, #516, #2961, .T. ) ;
#3250 = VECTOR ( 'NONE', #2990, 1000.000000000000000 ) ;
#3251 = ORIENTED_EDGE ( 'NONE', *, *, #2696, .F. ) ;
#3252 = VECTOR ( 'NONE', #793, 1000.000000000000000 ) ;
#3253 = EDGE_CURVE ( 'NONE', #3906, #3122, #192, .T. ) ;
#3254 = DIRECTION ( 'NONE',  ( -0.000000000000000000, -1.000000000000000000, -0.000000000000000000 ) ) ;
#3255 = ADVANCED_FACE ( 'NONE', ( #1418 ), #4851, .F. ) ;
#3256 = DIRECTION ( 'NONE',  ( 0.000000000000000000, -1.000000000000000000, 0.000000000000000000 ) ) ;
#3257 = FACE_OUTER_BOUND ( 'NONE', #3132, .T. ) ;
#3258 = ORIENTED_EDGE ( 'NONE', *, *, #4812, .F. ) ;
#3259 = LINE ( 'NONE', #1374, #2130 ) ;
#3260 = AXIS2_PLACEMENT_3D ( 'NONE', #2680, #407, #4617 ) ;
#3261 = CARTESIAN_POINT ( 'NONE',  ( -57.29089653438084895, 14.40000000000000568, -21.99999999999999289 ) ) ;
#3262 = CARTESIAN_POINT ( 'NONE',  ( 0.000000000000000000, -4.922146812673197472E-16, -8.075843081836307213E-33 ) ) ;
#3263 = EDGE_LOOP ( 'NONE', ( #3178, #2695, #1071, #1785 ) ) ;
#3264 = ORIENTED_EDGE ( 'NONE', *, *, #3981, .T. ) ;
#3265 = EDGE_LOOP ( 'NONE', ( #285, #669, #1048, #1879 ) ) ;
#3266 = CARTESIAN_POINT ( 'NONE',  ( -49.51540162293184011, 20.00000000000000000, -37.31253143542765116 ) ) ;
#3267 = LINE ( 'NONE', #1660, #1538 ) ;
#3268 = CARTESIAN_POINT ( 'NONE',  ( 33.64544826719043158, 17.00000000000000355, 45.64999999999999147 ) ) ;
#3269 = EDGE_CURVE ( 'NONE', #3492, #408, #1824, .T. ) ;
#3270 =( LENGTH_UNIT ( ) NAMED_UNIT ( * ) SI_UNIT ( .MILLI., .METRE. ) );
#3271 = ORIENTED_EDGE ( 'NONE', *, *, #3296, .F. ) ;
#3272 = FACE_BOUND ( 'NONE', #2925, .T. ) ;
#3273 = ORIENTED_EDGE ( 'NONE', *, *, #3700, .F. ) ;
#3274 = CARTESIAN_POINT ( 'NONE',  ( 47.00000000000000711, 20.00000000000000355, -41.39269907856501618 ) ) ;
#3275 = ORIENTED_EDGE ( 'NONE', *, *, #2534, .F. ) ;
#3276 = AXIS2_PLACEMENT_3D ( 'NONE', #746, #1878, #24 ) ;
#3277 = DIRECTION ( 'NONE',  ( -0.000000000000000000, 1.000000000000000000, 1.640715604224399445E-17 ) ) ;
#3278 = EDGE_CURVE ( 'NONE', #1090, #344, #4423, .T. ) ;
#3279 = AXIS2_PLACEMENT_3D ( 'NONE', #1887, #3079, #450 ) ;
#3280 = CIRCLE ( 'NONE', #1114, 2.749999999999997780 ) ;
#3281 = ORIENTED_EDGE ( 'NONE', *, *, #431, .T. ) ;
#3282 = VECTOR ( 'NONE', #1265, 1000.000000000000000 ) ;
#3283 = LINE ( 'NONE', #1304, #3015 ) ;
#3284 = LINE ( 'NONE', #4544, #786 ) ;
#3285 = EDGE_CURVE ( 'NONE', #72, #3228, #3993, .T. ) ;
#3286 = FACE_BOUND ( 'NONE', #4405, .T. ) ;
#3287 = VECTOR ( 'NONE', #2072, 1000.000000000000000 ) ;
#3288 = EDGE_LOOP ( 'NONE', ( #173, #4343, #3928, #358 ) ) ;
#3289 = ORIENTED_EDGE ( 'NONE', *, *, #3646, .F. ) ;
#3290 = ORIENTED_EDGE ( 'NONE', *, *, #190, .F. ) ;
#3291 = PLANE ( 'NONE',  #1280 ) ;
#3292 = CARTESIAN_POINT ( 'NONE',  ( 0.000000000000000000, 10.00000000000000000, 0.000000000000000000 ) ) ;
#3293 = EDGE_CURVE ( 'NONE', #3958, #744, #2958, .T. ) ;
#3294 = LINE ( 'NONE', #3687, #4238 ) ;
#3295 = ORIENTED_EDGE ( 'NONE', *, *, #1375, .F. ) ;
#3296 = EDGE_CURVE ( 'NONE', #2683, #3714, #4875, .T. ) ;
#3297 = DIRECTION ( 'NONE',  ( 0.000000000000000000, 1.000000000000000000, 0.000000000000000000 ) ) ;
#3298 = ORIENTED_EDGE ( 'NONE', *, *, #1221, .T. ) ;
#3299 = CARTESIAN_POINT ( 'NONE',  ( 33.64544826719043158, 14.40000000000000568, 45.64999999999999147 ) ) ;
#3300 = CARTESIAN_POINT ( 'NONE',  ( 34.17657381486515789, 0.000000000000000000, -32.82336593897026944 ) ) ;
#3301 = VECTOR ( 'NONE', #200, 1000.000000000000000 ) ;
#3302 = CARTESIAN_POINT ( 'NONE',  ( 33.17799438812966883, 0.000000000000000000, -43.84388773190534039 ) ) ;
#3303 = EDGE_LOOP ( 'NONE', ( #2688, #3535 ) ) ;
#3304 = DIRECTION ( 'NONE',  ( -0.000000000000000000, 1.000000000000000000, 1.640715604224399445E-17 ) ) ;
#3305 = PLANE ( 'NONE',  #2732 ) ;
#3306 = VERTEX_POINT ( 'NONE', #992 ) ;
#3307 = VECTOR ( 'NONE', #1503, 1000.000000000000000 ) ;
#3308 = LINE ( 'NONE', #966, #3725 ) ;
#3309 = EDGE_CURVE ( 'NONE', #50, #2058, #4096, .T. ) ;
#3310 = CARTESIAN_POINT ( 'NONE',  ( -45.00000000000000000, 20.00174510857143417, 14.65000000000000391 ) ) ;
#3311 = DIRECTION ( 'NONE',  ( 0.000000000000000000, 0.000000000000000000, 1.000000000000000000 ) ) ;
#3312 = VECTOR ( 'NONE', #3557, 1000.000000000000000 ) ;
#3313 = EDGE_LOOP ( 'NONE', ( #4632, #2019 ) ) ;
#3314 = FACE_OUTER_BOUND ( 'NONE', #2809, .T. ) ;
#3315 = LINE ( 'NONE', #3337, #4311 ) ;
#3316 = CARTESIAN_POINT ( 'NONE',  ( -32.24999999999999289, 2.999999999999999112, -11.25000000000000711 ) ) ;
#3317 = CARTESIAN_POINT ( 'NONE',  ( -15.00000000000000711, 20.00174510857143417, -46.00000000000000000 ) ) ;
#3318 = VERTEX_POINT ( 'NONE', #3332 ) ;
#3319 = ORIENTED_EDGE ( 'NONE', *, *, #3976, .F. ) ;
#3320 = CARTESIAN_POINT ( 'NONE',  ( -0.9122867597285181374, 17.00000000000000000, -56.74999999999999289 ) ) ;
#3321 = ORIENTED_EDGE ( 'NONE', *, *, #1143, .F. ) ;
#3322 = DIRECTION ( 'NONE',  ( 0.000000000000000000, 1.000000000000000000, 1.640715604224399445E-17 ) ) ;
#3323 = PLANE ( 'NONE',  #4036 ) ;
#3324 = CARTESIAN_POINT ( 'NONE',  ( 28.99999999999999645, 0.000000000000000000, -35.50000000000000711 ) ) ;
#3325 = ORIENTED_EDGE ( 'NONE', *, *, #1183, .T. ) ;
#3326 = DIRECTION ( 'NONE',  ( 0.000000000000000000, 0.000000000000000000, 1.000000000000000000 ) ) ;
#3327 = DIRECTION ( 'NONE',  ( 0.000000000000000000, 0.000000000000000000, 1.000000000000000000 ) ) ;
#3328 = EDGE_CURVE ( 'NONE', #2436, #1794, #4400, .T. ) ;
#3329 = AXIS2_PLACEMENT_3D ( 'NONE', #3632, #4021, #4775 ) ;
#3330 = ORIENTED_EDGE ( 'NONE', *, *, #2910, .T. ) ;
#3331 = CARTESIAN_POINT ( 'NONE',  ( 55.29089653438087026, 14.40000000000000568, -23.99999999999999289 ) ) ;
#3332 = CARTESIAN_POINT ( 'NONE',  ( -32.00000000000000000, 20.00000000000000355, 46.85000000000000142 ) ) ;
#3333 = DIRECTION ( 'NONE',  ( 0.000000000000000000, 0.000000000000000000, -1.000000000000000000 ) ) ;
#3334 = VECTOR ( 'NONE', #1165, 1000.000000000000000 ) ;
#3335 = VERTEX_POINT ( 'NONE', #1014 ) ;
#3336 = CARTESIAN_POINT ( 'NONE',  ( -27.99999999999999645, 0.09999999999998952782, -6.000000000000000000 ) ) ;
#3337 = CARTESIAN_POINT ( 'NONE',  ( -5.675426480542920871, 17.00000000000000000, -54.00000000000001421 ) ) ;
#3338 = CARTESIAN_POINT ( 'NONE',  ( -50.79999999999999716, 16.58619047619047748, 15.90000000000000036 ) ) ;
#3339 = CYLINDRICAL_SURFACE ( 'NONE', #1924, 1.650000000000002132 ) ;
#3340 = ORIENTED_EDGE ( 'NONE', *, *, #1776, .F. ) ;
#3341 = CARTESIAN_POINT ( 'NONE',  ( -49.51540162293184011, 20.00000000000000000, -37.31253143542765116 ) ) ;
#3342 = ORIENTED_EDGE ( 'NONE', *, *, #287, .T. ) ;
#3343 = CARTESIAN_POINT ( 'NONE',  ( -20.70000000000000995, 20.00174510857143417, -38.25000000000000711 ) ) ;
#3344 = CARTESIAN_POINT ( 'NONE',  ( 32.00000000000000000, -7.102951435054641748E-15, 6.000000000000000000 ) ) ;
#3345 = CARTESIAN_POINT ( 'NONE',  ( 52.84397013045814617, 20.00000000000000000, -42.17799776127007760 ) ) ;
#3346 = CARTESIAN_POINT ( 'NONE',  ( 32.00000000000001421, 0.000000000000000000, -44.07821218377819150 ) ) ;
#3347 = VERTEX_POINT ( 'NONE', #661 ) ;
#3348 = CARTESIAN_POINT ( 'NONE',  ( 24.99999999999999289, 1.499999999999994005, 6.000000000000000000 ) ) ;
#3349 = EDGE_CURVE ( 'NONE', #2792, #3860, #2475, .T. ) ;
#3350 = DIRECTION ( 'NONE',  ( 0.000000000000000000, 0.000000000000000000, 1.000000000000000000 ) ) ;
#3351 = EDGE_LOOP ( 'NONE', ( #4428, #3066, #1581, #4514 ) ) ;
#3352 = LINE ( 'NONE', #4944, #645 ) ;
#3353 = DIRECTION ( 'NONE',  ( 0.000000000000000000, -1.000000000000000000, 0.000000000000000000 ) ) ;
#3354 = FACE_BOUND ( 'NONE', #2218, .T. ) ;
#3355 = VECTOR ( 'NONE', #4600, 1000.000000000000000 ) ;
#3356 = VECTOR ( 'NONE', #2153, 1000.000000000000000 ) ;
#3357 = AXIS2_PLACEMENT_3D ( 'NONE', #4534, #1081, #1056 ) ;
#3358 = ORIENTED_EDGE ( 'NONE', *, *, #3850, .T. ) ;
#3359 = FACE_OUTER_BOUND ( 'NONE', #4334, .T. ) ;
#3360 = EDGE_CURVE ( 'NONE', #1090, #1206, #2637, .T. ) ;
#3361 = PLANE ( 'NONE',  #4467 ) ;
#3362 = DIRECTION ( 'NONE',  ( 0.000000000000000000, -1.000000000000000000, 0.000000000000000000 ) ) ;
#3363 = FACE_OUTER_BOUND ( 'NONE', #3877, .T. ) ;
#3364 = ORIENTED_EDGE ( 'NONE', *, *, #3000, .F. ) ;
#3365 = DIRECTION ( 'NONE',  ( 0.000000000000000000, 0.000000000000000000, 1.000000000000000000 ) ) ;
#3366 = ORIENTED_EDGE ( 'NONE', *, *, #2271, .F. ) ;
#3367 = EDGE_CURVE ( 'NONE', #4728, #1159, #2182, .T. ) ;
#3368 = CARTESIAN_POINT ( 'NONE',  ( -54.00000000000000000, 14.40000000000000568, -20.35000000000000497 ) ) ;
#3369 = AXIS2_PLACEMENT_3D ( 'NONE', #4103, #4030, #1425 ) ;
#3370 = CARTESIAN_POINT ( 'NONE',  ( -12.00000000000000888, 20.00174510857143417, -55.00000000000000000 ) ) ;
#3371 = EDGE_CURVE ( 'NONE', #2911, #516, #3728, .T. ) ;
#3372 = CARTESIAN_POINT ( 'NONE',  ( 52.99999999999999289, 20.00000000000000000, -35.50000000000000000 ) ) ;
#3373 = CARTESIAN_POINT ( 'NONE',  ( 35.00000000000000000, 0.000000000000000000, -39.50000000000002132 ) ) ;
#3374 = ORIENTED_EDGE ( 'NONE', *, *, #4059, .F. ) ;
#3375 = CARTESIAN_POINT ( 'NONE',  ( 24.99999999999999289, 0.000000000000000000, 6.000000000000000000 ) ) ;
#3376 = AXIS2_PLACEMENT_3D ( 'NONE', #4127, #2136, #1360 ) ;
#3377 = VERTEX_POINT ( 'NONE', #4022 ) ;
#3378 = LINE ( 'NONE', #4874, #3461 ) ;
#3379 = CARTESIAN_POINT ( 'NONE',  ( -36.49999999999999289, 3.000000000000000000, -15.50000000000000711 ) ) ;
#3380 = CIRCLE ( 'NONE', #4891, 5.000000000000004441 ) ;
#3381 = CARTESIAN_POINT ( 'NONE',  ( -54.00000000000000000, 17.00000000000000355, -22.00000000000000000 ) ) ;
#3382 = EDGE_CURVE ( 'NONE', #2437, #2758, #3633, .T. ) ;
#3383 = ORIENTED_EDGE ( 'NONE', *, *, #1738, .T. ) ;
#3384 = LINE ( 'NONE', #745, #3491 ) ;
#3385 = CYLINDRICAL_SURFACE ( 'NONE', #1109, 1.649999999999998579 ) ;
#3386 = CARTESIAN_POINT ( 'NONE',  ( -45.00000000000000000, 3.000000000000000000, -29.00000000000000000 ) ) ;
#3387 = EDGE_CURVE ( 'NONE', #4112, #3786, #2237, .T. ) ;
#3388 = CARTESIAN_POINT ( 'NONE',  ( 32.25000000000001421, 0.000000000000000000, -11.25000000000000355 ) ) ;
#3389 = EDGE_LOOP ( 'NONE', ( #4686, #122, #1959, #1631 ) ) ;
#3390 = DIRECTION ( 'NONE',  ( -0.4999999999999992228, 0.000000000000000000, 0.8660254037844390407 ) ) ;
#3391 = VERTEX_POINT ( 'NONE', #967 ) ;
#3392 = DIRECTION ( 'NONE',  ( 0.000000000000000000, -1.000000000000000000, 0.000000000000000000 ) ) ;
#3393 = DIRECTION ( 'NONE',  ( -1.000000000000000000, 0.000000000000000000, 0.000000000000000000 ) ) ;
#3394 = EDGE_CURVE ( 'NONE', #4585, #2082, #897, .T. ) ;
#3395 = CARTESIAN_POINT ( 'NONE',  ( 53.00000000000000000, 20.00000000000000355, -41.39269907856502329 ) ) ;
#3396 = EDGE_CURVE ( 'NONE', #4233, #3377, #3284, .T. ) ;
#3397 = DIRECTION ( 'NONE',  ( -0.000000000000000000, -1.000000000000000000, -0.000000000000000000 ) ) ;
#3398 = ORIENTED_EDGE ( 'NONE', *, *, #1758, .F. ) ;
#3399 = DIRECTION ( 'NONE',  ( -1.000000000000000000, 0.000000000000000000, 0.000000000000000000 ) ) ;
#3400 = EDGE_CURVE ( 'NONE', #2718, #4502, #2073, .T. ) ;
#3401 = ORIENTED_EDGE ( 'NONE', *, *, #2666, .T. ) ;
#3402 = ADVANCED_FACE ( 'NONE', ( #2605 ), #2628, .F. ) ;
#3403 = CARTESIAN_POINT ( 'NONE',  ( 32.00000000000000000, 20.00000000000000355, 46.85000000000000142 ) ) ;
#3404 = DIRECTION ( 'NONE',  ( 0.000000000000000000, 0.000000000000000000, -1.000000000000000000 ) ) ;
#3405 = CARTESIAN_POINT ( 'NONE',  ( -57.49999999999999289, 20.00000000000000355, 41.49999999999999289 ) ) ;
#3406 = AXIS2_PLACEMENT_3D ( 'NONE', #2777, #4178, #2587 ) ;
#3407 = EDGE_CURVE ( 'NONE', #2166, #3786, #1120, .T. ) ;
#3408 = EDGE_LOOP ( 'NONE', ( #4671, #995, #4315, #4417 ) ) ;
#3409 = DIRECTION ( 'NONE',  ( 0.000000000000000000, -0.9848077530122080203, 0.1736481776669306920 ) ) ;
#3410 = CARTESIAN_POINT ( 'NONE',  ( -54.00000000000000000, 2.000000000000005329, -22.00000000000000000 ) ) ;
#3411 = ORIENTED_EDGE ( 'NONE', *, *, #859, .T. ) ;
#3412 = PLANE ( 'NONE',  #903 ) ;
#3413 = DIRECTION ( 'NONE',  ( -1.000000000000000000, -2.312964634635744633E-15, 0.000000000000000000 ) ) ;
#3414 = ORIENTED_EDGE ( 'NONE', *, *, #3706, .T. ) ;
#3415 = LINE ( 'NONE', #4932, #3307 ) ;
#3416 = EDGE_LOOP ( 'NONE', ( #325, #2411 ) ) ;
#3417 = DIRECTION ( 'NONE',  ( -0.000000000000000000, 1.000000000000000000, 1.640715604224399445E-17 ) ) ;
#3418 = LINE ( 'NONE', #3891, #2477 ) ;
#3419 = CARTESIAN_POINT ( 'NONE',  ( -32.00000000000000000, -1.136835273038861628E-14, 6.000000000000000000 ) ) ;
#3420 = EDGE_CURVE ( 'NONE', #4448, #2057, #413, .T. ) ;
#3421 = DIRECTION ( 'NONE',  ( -0.4999999999999997780, 0.000000000000000000, 0.8660254037844388186 ) ) ;
#3422 = FACE_OUTER_BOUND ( 'NONE', #1615, .T. ) ;
#3423 = VERTEX_POINT ( 'NONE', #1548 ) ;
#3424 = EDGE_CURVE ( 'NONE', #4733, #893, #3033, .T. ) ;
#3425 = LINE ( 'NONE', #3722, #2272 ) ;
#3426 = EDGE_LOOP ( 'NONE', ( #1994, #3538, #162, #1055, #1442 ) ) ;
#3427 = DIRECTION ( 'NONE',  ( 0.000000000000000000, 0.000000000000000000, 1.000000000000000000 ) ) ;
#3428 = CARTESIAN_POINT ( 'NONE',  ( -39.19999999999999574, 10.67571428571428171, 10.10000000000000142 ) ) ;
#3429 = DIRECTION ( 'NONE',  ( -0.5000000000000006661, 0.000000000000000000, 0.8660254037844382635 ) ) ;
#3430 = EDGE_CURVE ( 'NONE', #634, #4921, #4572, .T. ) ;
#3431 = EDGE_LOOP ( 'NONE', ( #1847, #4952, #2608, #4933 ) ) ;
#3432 = CARTESIAN_POINT ( 'NONE',  ( 35.00000000000000000, -6.735557395310443404E-15, 6.000000000000000000 ) ) ;
#3433 = DIRECTION ( 'NONE',  ( -0.000000000000000000, 1.000000000000000000, 1.640715604224399445E-17 ) ) ;
#3434 = VERTEX_POINT ( 'NONE', #312 ) ;
#3435 = DIRECTION ( 'NONE',  ( 0.000000000000000000, -1.000000000000000000, 0.000000000000000000 ) ) ;
#3436 = VECTOR ( 'NONE', #1483, 1000.000000000000000 ) ;
#3437 = CARTESIAN_POINT ( 'NONE',  ( 32.25000000000001421, 0.000000000000000000, 38.89999999999999858 ) ) ;
#3438 = AXIS2_PLACEMENT_3D ( 'NONE', #2381, #3534, #3164 ) ;
#3439 = ORIENTED_EDGE ( 'NONE', *, *, #3400, .T. ) ;
#3440 = VECTOR ( 'NONE', #3475, 1000.000000000000114 ) ;
#3441 = DIRECTION ( 'NONE',  ( 0.000000000000000000, 0.000000000000000000, 1.000000000000000000 ) ) ;
#3442 = ORIENTED_EDGE ( 'NONE', *, *, #2390, .F. ) ;
#3443 = VECTOR ( 'NONE', #4710, 1000.000000000000000 ) ;
#3444 = EDGE_CURVE ( 'NONE', #3946, #4553, #3087, .T. ) ;
#3445 = DIRECTION ( 'NONE',  ( 0.000000000000000000, 0.000000000000000000, -1.000000000000000000 ) ) ;
#3446 = CARTESIAN_POINT ( 'NONE',  ( -4.087713240271449777, 3.000000000000000000, -51.25000000000001421 ) ) ;
#3447 = DIRECTION ( 'NONE',  ( 0.000000000000000000, 0.000000000000000000, 1.000000000000000000 ) ) ;
#3448 = ADVANCED_FACE ( 'NONE', ( #3749 ), #2656, .F. ) ;
#3449 = CARTESIAN_POINT ( 'NONE',  ( 35.29089653438087026, 14.40000000000000568, 48.49999999999998579 ) ) ;
#3450 = AXIS2_PLACEMENT_3D ( 'NONE', #3262, #968, #686 ) ;
#3451 = VECTOR ( 'NONE', #4220, 1000.000000000000000 ) ;
#3452 = CARTESIAN_POINT ( 'NONE',  ( -29.10723689272528247, 20.00000000000000355, -54.74275075725344664 ) ) ;
#3453 = ORIENTED_EDGE ( 'NONE', *, *, #3822, .F. ) ;
#3454 = DIRECTION ( 'NONE',  ( 0.000000000000000000, 0.000000000000000000, 1.000000000000000000 ) ) ;
#3455 = CIRCLE ( 'NONE', #1292, 62.00000000000013500 ) ;
#3456 = PRODUCT_RELATED_PRODUCT_CATEGORY ( 'part', '', ( #1290 ) ) ;
#3457 = ORIENTED_EDGE ( 'NONE', *, *, #2060, .F. ) ;
#3458 = DIRECTION ( 'NONE',  ( -0.000000000000000000, 1.000000000000000000, 1.640715604224399445E-17 ) ) ;
#3459 = DIRECTION ( 'NONE',  ( 0.000000000000000000, 0.000000000000000000, 1.000000000000000000 ) ) ;
#3460 = DIRECTION ( 'NONE',  ( 0.000000000000000000, 0.000000000000000000, 1.000000000000000000 ) ) ;
#3461 = VECTOR ( 'NONE', #2228, 1000.000000000000000 ) ;
#3462 = ORIENTED_EDGE ( 'NONE', *, *, #940, .F. ) ;
#3463 = ADVANCED_FACE ( 'NONE', ( #1172 ), #364, .F. ) ;
#3464 = DIRECTION ( 'NONE',  ( 0.000000000000000000, -0.9848077530122080203, 0.1736481776669306643 ) ) ;
#3465 = DIRECTION ( 'NONE',  ( 0.000000000000000000, -1.000000000000000000, 0.000000000000000000 ) ) ;
#3466 = VERTEX_POINT ( 'NONE', #3855 ) ;
#3467 = AXIS2_PLACEMENT_3D ( 'NONE', #1136, #1161, #777 ) ;
#3468 = LINE ( 'NONE', #3143, #714 ) ;
#3469 = VERTEX_POINT ( 'NONE', #711 ) ;
#3470 = ORIENTED_EDGE ( 'NONE', *, *, #3000, .T. ) ;
#3471 = VERTEX_POINT ( 'NONE', #2020 ) ;
#3472 = VECTOR ( 'NONE', #3851, 1000.000000000000000 ) ;
#3473 = PLANE ( 'NONE',  #4739 ) ;
#3474 = DIRECTION ( 'NONE',  ( 0.000000000000000000, -1.000000000000000000, 0.000000000000000000 ) ) ;
#3475 = DIRECTION ( 'NONE',  ( 0.000000000000000000, -0.9848077530122080203, 0.1736481776669306643 ) ) ;
#3476 = AXIS2_PLACEMENT_3D ( 'NONE', #4204, #1529, #4673 ) ;
#3477 = EDGE_CURVE ( 'NONE', #4685, #2107, #2279, .T. ) ;
#3478 = DIRECTION ( 'NONE',  ( 0.000000000000000000, -1.640808800309159003E-17, 1.000000000000000000 ) ) ;
#3479 = VECTOR ( 'NONE', #3642, 1000.000000000000000 ) ;
#3480 = LINE ( 'NONE', #2825, #3479 ) ;
#3481 = ORIENTED_EDGE ( 'NONE', *, *, #1143, .T. ) ;
#3482 = DIRECTION ( 'NONE',  ( -0.000000000000000000, -1.000000000000000000, -0.000000000000000000 ) ) ;
#3483 = EDGE_LOOP ( 'NONE', ( #1928, #4395, #4860, #544 ) ) ;
#3484 = CARTESIAN_POINT ( 'NONE',  ( 32.00000000000000000, 2.000000000000005329, 46.85000000000000142 ) ) ;
#3485 = EDGE_CURVE ( 'NONE', #2156, #1124, #4077, .T. ) ;
#3486 = EDGE_LOOP ( 'NONE', ( #2239, #3532 ) ) ;
#3487 = LINE ( 'NONE', #1629, #44 ) ;
#3488 = DIRECTION ( 'NONE',  ( 0.000000000000000000, -1.000000000000000000, 0.000000000000000000 ) ) ;
#3489 = EDGE_LOOP ( 'NONE', ( #3236, #1067, #4609, #2568 ) ) ;
#3490 = CARTESIAN_POINT ( 'NONE',  ( 30.00000000000000000, 0.09999999999998930578, 6.000000000000000000 ) ) ;
#3491 = VECTOR ( 'NONE', #1125, 1000.000000000000000 ) ;
#3492 = VERTEX_POINT ( 'NONE', #3010 ) ;
#3493 = ORIENTED_EDGE ( 'NONE', *, *, #1422, .F. ) ;
#3494 = ORIENTED_EDGE ( 'NONE', *, *, #1932, .T. ) ;
#3495 = VECTOR ( 'NONE', #1394, 1000.000000000000000 ) ;
#3496 = CARTESIAN_POINT ( 'NONE',  ( -32.00000000000000000, 14.40000000000000568, 48.50000000000000000 ) ) ;
#3497 = DIRECTION ( 'NONE',  ( 0.000000000000000000, 0.000000000000000000, 1.000000000000000000 ) ) ;
#3498 = FACE_OUTER_BOUND ( 'NONE', #4549, .T. ) ;
#3499 = CIRCLE ( 'NONE', #2221, 62.00000000000000000 ) ;
#3500 = DIRECTION ( 'NONE',  ( 0.000000000000000000, 0.000000000000000000, -1.000000000000000000 ) ) ;
#3501 = ORIENTED_EDGE ( 'NONE', *, *, #1551, .F. ) ;
#3502 = ORIENTED_EDGE ( 'NONE', *, *, #3360, .F. ) ;
#3503 = CYLINDRICAL_SURFACE ( 'NONE', #812, 62.00000000000013500 ) ;
#3504 = EDGE_CURVE ( 'NONE', #2653, #3991, #3550, .T. ) ;
#3505 = CARTESIAN_POINT ( 'NONE',  ( -2.499999999999993339, 2.999999999999999112, -43.64999999999999858 ) ) ;
#3506 = VERTEX_POINT ( 'NONE', #1520 ) ;
#3507 = CARTESIAN_POINT ( 'NONE',  ( 0.000000000000000000, 3.000000000000000000, 35.25000000000000000 ) ) ;
#3508 = DIRECTION ( 'NONE',  ( 0.000000000000000000, -1.000000000000000000, 0.000000000000000000 ) ) ;
#3509 = ORIENTED_EDGE ( 'NONE', *, *, #4937, .T. ) ;
#3510 = DIRECTION ( 'NONE',  ( 0.000000000000000000, 0.000000000000000000, -1.000000000000000000 ) ) ;
#3511 = ORIENTED_EDGE ( 'NONE', *, *, #4913, .T. ) ;
#3512 = ADVANCED_FACE ( 'NONE', ( #3061 ), #685, .T. ) ;
#3513 = ORIENTED_EDGE ( 'NONE', *, *, #208, .F. ) ;
#3514 = ORIENTED_EDGE ( 'NONE', *, *, #682, .F. ) ;
#3515 = VECTOR ( 'NONE', #3465, 1000.000000000000000 ) ;
#3516 = DIRECTION ( 'NONE',  ( -0.000000000000000000, 1.000000000000000000, 1.640715604224399445E-17 ) ) ;
#3517 = FACE_OUTER_BOUND ( 'NONE', #3998, .T. ) ;
#3518 = DIRECTION ( 'NONE',  ( 0.000000000000000000, 0.000000000000000000, -1.000000000000000000 ) ) ;
#3519 = CIRCLE ( 'NONE', #466, 1.649999999999998579 ) ;
#3520 = AXIS2_PLACEMENT_3D ( 'NONE', #1584, #3125, #727 ) ;
#3521 = FACE_BOUND ( 'NONE', #2133, .T. ) ;
#3522 = ADVANCED_FACE ( 'NONE', ( #764 ), #1873, .F. ) ;
#3523 = CARTESIAN_POINT ( 'NONE',  ( 0.000000000000000000, 3.000000000000000000, -6.000000000000000000 ) ) ;
#3524 = VERTEX_POINT ( 'NONE', #4923 ) ;
#3525 = EDGE_CURVE ( 'NONE', #4042, #542, #4319, .T. ) ;
#3526 = ORIENTED_EDGE ( 'NONE', *, *, #3869, .T. ) ;
#3527 = ORIENTED_EDGE ( 'NONE', *, *, #4690, .T. ) ;
#3528 = CARTESIAN_POINT ( 'NONE',  ( -52.35455173280955421, 17.00000000000000355, -24.84999999999997655 ) ) ;
#3529 = FACE_OUTER_BOUND ( 'NONE', #4010, .T. ) ;
#3530 = VECTOR ( 'NONE', #1279, 1000.000000000000000 ) ;
#3531 = CARTESIAN_POINT ( 'NONE',  ( 50.35455173280955421, 17.00000000000000355, -21.14999999999998082 ) ) ;
#3532 = ORIENTED_EDGE ( 'NONE', *, *, #4767, .T. ) ;
#3533 = DIRECTION ( 'NONE',  ( 0.000000000000000000, -1.000000000000000000, 0.000000000000000000 ) ) ;
#3534 = DIRECTION ( 'NONE',  ( -0.000000000000000000, 1.000000000000000000, 1.640715604224399445E-17 ) ) ;
#3535 = ORIENTED_EDGE ( 'NONE', *, *, #930, .F. ) ;
#3536 = FACE_BOUND ( 'NONE', #1635, .T. ) ;
#3537 = ORIENTED_EDGE ( 'NONE', *, *, #4107, .T. ) ;
#3538 = ORIENTED_EDGE ( 'NONE', *, *, #1223, .T. ) ;
#3539 = ORIENTED_EDGE ( 'NONE', *, *, #2853, .T. ) ;
#3540 = AXIS2_PLACEMENT_3D ( 'NONE', #3939, #176, #1711 ) ;
#3541 = EDGE_CURVE ( 'NONE', #2095, #1024, #4743, .T. ) ;
#3542 = FACE_BOUND ( 'NONE', #4104, .T. ) ;
#3543 = DIRECTION ( 'NONE',  ( 0.000000000000000000, 1.000000000000000000, 1.640715604224399445E-17 ) ) ;
#3544 = CARTESIAN_POINT ( 'NONE',  ( 53.64544826719043158, 17.00000000000000355, -21.14999999999998082 ) ) ;
#3545 = AXIS2_PLACEMENT_3D ( 'NONE', #1245, #1998, #3158 ) ;
#3546 = AXIS2_PLACEMENT_3D ( 'NONE', #2706, #3482, #4216 ) ;
#3547 = PLANE ( 'NONE',  #2694 ) ;
#3548 = DIRECTION ( 'NONE',  ( -0.000000000000000000, -0.000000000000000000, -1.000000000000000000 ) ) ;
#3549 = ORIENTED_EDGE ( 'NONE', *, *, #227, .F. ) ;
#3550 = LINE ( 'NONE', #4946, #4709 ) ;
#3551 = VECTOR ( 'NONE', #1298, 1000.000000000000000 ) ;
#3552 = EDGE_CURVE ( 'NONE', #871, #3984, #2171, .T. ) ;
#3553 = ORIENTED_EDGE ( 'NONE', *, *, #4772, .F. ) ;
#3554 = EDGE_CURVE ( 'NONE', #3698, #810, #2571, .T. ) ;
#3555 = ORIENTED_EDGE ( 'NONE', *, *, #480, .T. ) ;
#3556 = DIRECTION ( 'NONE',  ( 0.000000000000000000, -1.640715604224399445E-17, 1.000000000000000000 ) ) ;
#3557 = DIRECTION ( 'NONE',  ( -0.000000000000000000, -0.000000000000000000, 1.000000000000000000 ) ) ;
#3558 = DIRECTION ( 'NONE',  ( 0.000000000000000000, 1.000000000000000000, 0.000000000000000000 ) ) ;
#3559 = ADVANCED_FACE ( 'NONE', ( #2801 ), #1665, .F. ) ;
#3560 = EDGE_CURVE ( 'NONE', #3984, #2718, #230, .T. ) ;
#3561 = VERTEX_POINT ( 'NONE', #911 ) ;
#3562 = CARTESIAN_POINT ( 'NONE',  ( 27.99999999999999645, -1.136835273038861628E-14, 6.000000000000000000 ) ) ;
#3563 = DIRECTION ( 'NONE',  ( -0.7071067811865452413, -0.000000000000000000, -0.7071067811865497932 ) ) ;
#3564 = FACE_BOUND ( 'NONE', #3426, .T. ) ;
#3565 = VERTEX_POINT ( 'NONE', #983 ) ;
#3566 = ORIENTED_EDGE ( 'NONE', *, *, #2249, .T. ) ;
#3567 = EDGE_LOOP ( 'NONE', ( #3838, #590, #3231, #3935 ) ) ;
#3568 = DIRECTION ( 'NONE',  ( 0.000000000000000000, 0.000000000000000000, -1.000000000000000000 ) ) ;
#3569 = DIRECTION ( 'NONE',  ( 0.000000000000000000, -0.000000000000000000, 1.000000000000000000 ) ) ;
#3570 = LINE ( 'NONE', #4689, #2159 ) ;
#3571 = VECTOR ( 'NONE', #2418, 1000.000000000000000 ) ;
#3572 = DIRECTION ( 'NONE',  ( -0.000000000000000000, 1.000000000000000000, 1.640715604224399445E-17 ) ) ;
#3573 = DIRECTION ( 'NONE',  ( -0.5000000000000003331, 0.000000000000000000, -0.8660254037844384856 ) ) ;
#3574 = ORIENTED_EDGE ( 'NONE', *, *, #508, .F. ) ;
#3575 = DIRECTION ( 'NONE',  ( 0.000000000000000000, 0.000000000000000000, 1.000000000000000000 ) ) ;
#3576 = VERTEX_POINT ( 'NONE', #3229 ) ;
#3577 = ADVANCED_FACE ( 'NONE', ( #4766 ), #3969, .T. ) ;
#3578 = ORIENTED_EDGE ( 'NONE', *, *, #4920, .T. ) ;
#3579 = DIRECTION ( 'NONE',  ( -0.000000000000000000, -1.000000000000000000, -0.000000000000000000 ) ) ;
#3580 = DIRECTION ( 'NONE',  ( -0.000000000000000000, 1.000000000000000000, 1.640715604224399445E-17 ) ) ;
#3581 = DIRECTION ( 'NONE',  ( 0.000000000000000000, -0.1736481776669307198, -0.9848077530122079093 ) ) ;
#3582 = VERTEX_POINT ( 'NONE', #3644 ) ;
#3583 = LINE ( 'NONE', #139, #4282 ) ;
#3584 = DIRECTION ( 'NONE',  ( 0.000000000000000000, 0.000000000000000000, 1.000000000000000000 ) ) ;
#3585 = LINE ( 'NONE', #3957, #3054 ) ;
#3586 = EDGE_CURVE ( 'NONE', #1765, #1645, #4316, .T. ) ;
#3587 = VERTEX_POINT ( 'NONE', #1344 ) ;
#3588 = EDGE_LOOP ( 'NONE', ( #3109, #1141, #2359, #2932 ) ) ;
#3589 = EDGE_LOOP ( 'NONE', ( #1713, #482, #2251, #1566, #4633, #3555 ) ) ;
#3590 = CARTESIAN_POINT ( 'NONE',  ( 24.99999999999999289, -3.937717450138558175E-16, -6.000000000000000000 ) ) ;
#3591 = DIRECTION ( 'NONE',  ( 0.000000000000000000, -0.9848077530122081313, 0.1736481776669306920 ) ) ;
#3592 = DIRECTION ( 'NONE',  ( -0.8660254037844382635, 8.203578021122008009E-18, -0.5000000000000006661 ) ) ;
#3593 = CARTESIAN_POINT ( 'NONE',  ( 0.000000000000000000, 20.00000000000000355, -32.21234139994161438 ) ) ;
#3594 = LINE ( 'NONE', #1694, #1674 ) ;
#3595 = VERTEX_POINT ( 'NONE', #2142 ) ;
#3596 = CARTESIAN_POINT ( 'NONE',  ( 30.35455173280956132, 14.40000000000000568, 45.64999999999999147 ) ) ;
#3597 = VECTOR ( 'NONE', #1411, 1000.000000000000000 ) ;
#3598 = EDGE_CURVE ( 'NONE', #2771, #2707, #3212, .T. ) ;
#3599 = VERTEX_POINT ( 'NONE', #2875 ) ;
#3600 = CARTESIAN_POINT ( 'NONE',  ( -45.00000000000000000, 23.00000000000000000, 15.90000000000000036 ) ) ;
#3601 = LINE ( 'NONE', #4419, #4744 ) ;
#3602 = CARTESIAN_POINT ( 'NONE',  ( -45.00000000000000000, 0.000000000000000000, -29.00000000000000000 ) ) ;
#3603 = PRODUCT_DEFINITION_FORMATION_WITH_SPECIFIED_SOURCE ( 'ANY', '', #1290, .NOT_KNOWN. ) ;
#3604 = VERTEX_POINT ( 'NONE', #1295 ) ;
#3605 = CARTESIAN_POINT ( 'NONE',  ( -20.70000000000000995, 20.00000000000000355, -30.00000000000000711 ) ) ;
#3606 = VECTOR ( 'NONE', #3750, 1000.000000000000114 ) ;
#3607 = CIRCLE ( 'NONE', #3831, 1.649999999999998579 ) ;
#3608 = FACE_OUTER_BOUND ( 'NONE', #1151, .T. ) ;
#3609 = FACE_BOUND ( 'NONE', #947, .T. ) ;
#3610 = AXIS2_PLACEMENT_3D ( 'NONE', #4175, #1094, #2629 ) ;
#3611 = EDGE_CURVE ( 'NONE', #1242, #1777, #3607, .T. ) ;
#3612 = ORIENTED_EDGE ( 'NONE', *, *, #3707, .F. ) ;
#3613 = ORIENTED_EDGE ( 'NONE', *, *, #4522, .F. ) ;
#3614 = EDGE_LOOP ( 'NONE', ( #801, #3795 ) ) ;
#3615 = EDGE_CURVE ( 'NONE', #1601, #3423, #130, .T. ) ;
#3616 = FACE_BOUND ( 'NONE', #4509, .T. ) ;
#3617 = DIRECTION ( 'NONE',  ( 0.000000000000000000, 1.000000000000000000, 0.000000000000000000 ) ) ;
#3618 = DIRECTION ( 'NONE',  ( 0.000000000000000000, -1.000000000000000000, 0.000000000000000000 ) ) ;
#3619 = ORIENTED_EDGE ( 'NONE', *, *, #3700, .T. ) ;
#3620 = EDGE_CURVE ( 'NONE', #3984, #3135, #600, .T. ) ;
#3621 = CARTESIAN_POINT ( 'NONE',  ( -2.499999999999993339, 0.000000000000000000, -42.00000000000000000 ) ) ;
#3622 = ORIENTED_EDGE ( 'NONE', *, *, #4015, .F. ) ;
#3623 = VECTOR ( 'NONE', #2782, 1000.000000000000000 ) ;
#3624 = FACE_OUTER_BOUND ( 'NONE', #3069, .T. ) ;
#3625 = EDGE_CURVE ( 'NONE', #1024, #215, #2445, .T. ) ;
#3626 = ORIENTED_EDGE ( 'NONE', *, *, #823, .T. ) ;
#3627 = CARTESIAN_POINT ( 'NONE',  ( -4.087713240271465764, 17.00000000000000000, -39.25000000000000000 ) ) ;
#3628 = AXIS2_PLACEMENT_3D ( 'NONE', #382, #1918, #3454 ) ;
#3629 = CARTESIAN_POINT ( 'NONE',  ( -45.00000000000000000, 0.000000000000000000, -27.34999999999999787 ) ) ;
#3630 = DIRECTION ( 'NONE',  ( -0.4999999999999997224, 0.000000000000000000, 0.8660254037844387076 ) ) ;
#3631 = ORIENTED_EDGE ( 'NONE', *, *, #471, .T. ) ;
#3632 = CARTESIAN_POINT ( 'NONE',  ( -57.29089653438084895, 14.40000000000000568, -21.99999999999999289 ) ) ;
#3633 = LINE ( 'NONE', #1351, #4722 ) ;
#3634 = CARTESIAN_POINT ( 'NONE',  ( -24.99999999999999289, -6.735557395310443404E-15, 6.000000000000000000 ) ) ;
#3635 = ORIENTED_EDGE ( 'NONE', *, *, #2463, .T. ) ;
#3636 = VERTEX_POINT ( 'NONE', #3667 ) ;
#3637 = ORIENTED_EDGE ( 'NONE', *, *, #1571, .F. ) ;
#3638 = DIRECTION ( 'NONE',  ( -1.000000000000000000, 0.000000000000000000, 0.000000000000000000 ) ) ;
#3639 = CARTESIAN_POINT ( 'NONE',  ( -27.99999999999999645, 0.09999999999998952782, 6.000000000000000000 ) ) ;
#3640 = DIRECTION ( 'NONE',  ( 1.000000000000000000, -0.000000000000000000, 0.000000000000000000 ) ) ;
#3641 = ORIENTED_EDGE ( 'NONE', *, *, #431, .F. ) ;
#3642 = DIRECTION ( 'NONE',  ( 0.000000000000000000, -1.000000000000000000, 0.000000000000000000 ) ) ;
#3643 = ORIENTED_EDGE ( 'NONE', *, *, #2785, .F. ) ;
#3644 = CARTESIAN_POINT ( 'NONE',  ( 24.99999999999999289, 1.499999999999994005, -6.000000000000000000 ) ) ;
#3645 = EDGE_CURVE ( 'NONE', #4728, #3565, #2092, .T. ) ;
#3646 = EDGE_CURVE ( 'NONE', #2893, #1029, #529, .T. ) ;
#3647 = ORIENTED_EDGE ( 'NONE', *, *, #2482, .F. ) ;
#3648 = DIRECTION ( 'NONE',  ( 0.000000000000000000, 0.000000000000000000, 1.000000000000000000 ) ) ;
#3649 = VERTEX_POINT ( 'NONE', #155 ) ;
#3650 = CARTESIAN_POINT ( 'NONE',  ( 52.00000000000000000, 17.00000000000000355, -25.64999999999999503 ) ) ;
#3651 = SHAPE_DEFINITION_REPRESENTATION ( #1603, #1789 ) ;
#3652 = ADVANCED_FACE ( 'NONE', ( #3624, #3272 ), #2901, .F. ) ;
#3653 = VERTEX_POINT ( 'NONE', #4163 ) ;
#3654 = CARTESIAN_POINT ( 'NONE',  ( -22.25000000000000000, 3.000000000000000000, 35.25000000000000000 ) ) ;
#3655 = DIRECTION ( 'NONE',  ( 0.000000000000000000, 0.000000000000000000, 1.000000000000000000 ) ) ;
#3656 = CARTESIAN_POINT ( 'NONE',  ( 0.000000000000000000, -1.222333125147177497E-15, 44.50000000000000000 ) ) ;
#3657 = ORIENTED_EDGE ( 'NONE', *, *, #4389, .T. ) ;
#3658 = ORIENTED_EDGE ( 'NONE', *, *, #811, .T. ) ;
#3659 = EDGE_LOOP ( 'NONE', ( #4203, #3812 ) ) ;
#3660 = DIRECTION ( 'NONE',  ( 0.8660254037844381525, -8.203578021122009550E-18, 0.5000000000000008882 ) ) ;
#3661 = DIRECTION ( 'NONE',  ( -1.000000000000000000, 0.000000000000000000, 0.000000000000000000 ) ) ;
#3662 = CARTESIAN_POINT ( 'NONE',  ( 48.70910346561910842, 14.40000000000000568, -23.99999999999999645 ) ) ;
#3663 = EDGE_CURVE ( 'NONE', #3863, #3760, #2544, .T. ) ;
#3664 = ORIENTED_EDGE ( 'NONE', *, *, #974, .F. ) ;
#3665 = CARTESIAN_POINT ( 'NONE',  ( 53.64544826719041737, 14.40000000000000568, -26.85000000000001918 ) ) ;
#3666 = ORIENTED_EDGE ( 'NONE', *, *, #3785, .T. ) ;
#3667 = CARTESIAN_POINT ( 'NONE',  ( -5.675426480542920871, 17.00000000000000000, -54.00000000000001421 ) ) ;
#3668 = EDGE_CURVE ( 'NONE', #3971, #2095, #4864, .T. ) ;
#3669 = CARTESIAN_POINT ( 'NONE',  ( 52.17657381486515078, 19.99999999999998934, -43.17663406102965951 ) ) ;
#3670 = CARTESIAN_POINT ( 'NONE',  ( 48.70910346561910842, 17.00000000000000355, -23.99999999999999645 ) ) ;
#3671 = ORIENTED_EDGE ( 'NONE', *, *, #1992, .T. ) ;
#3672 = VECTOR ( 'NONE', #1277, 1000.000000000000000 ) ;
#3673 = DIRECTION ( 'NONE',  ( 0.000000000000000000, 0.000000000000000000, 1.000000000000000000 ) ) ;
#3674 = CARTESIAN_POINT ( 'NONE',  ( -55.64544826719042447, 14.40000000000000568, -24.84999999999997655 ) ) ;
#3675 = VECTOR ( 'NONE', #3618, 1000.000000000000000 ) ;
#3676 = VECTOR ( 'NONE', #1686, 1000.000000000000000 ) ;
#3677 = ORIENTED_EDGE ( 'NONE', *, *, #4643, .T. ) ;
#3678 = DIRECTION ( 'NONE',  ( 0.000000000000000000, 1.000000000000000000, 1.640715604224399445E-17 ) ) ;
#3679 = CARTESIAN_POINT ( 'NONE',  ( 30.00000000000000000, 1.499999999999992673, 6.000000000000000000 ) ) ;
#3680 = CARTESIAN_POINT ( 'NONE',  ( -28.70910346561914039, 17.00000000000000355, 48.49999999999999289 ) ) ;
#3681 = VECTOR ( 'NONE', #2767, 1000.000000000000000 ) ;
#3682 = ORIENTED_EDGE ( 'NONE', *, *, #4046, .T. ) ;
#3683 = ORIENTED_EDGE ( 'NONE', *, *, #2551, .F. ) ;
#3684 = CYLINDRICAL_SURFACE ( 'NONE', #3723, 1.649999999999995248 ) ;
#3685 = CARTESIAN_POINT ( 'NONE',  ( 3.367778697655220026E-16, 1.552770688477929317, -22.86703748168974926 ) ) ;
#3686 = CARTESIAN_POINT ( 'NONE',  ( 53.64544826719043158, 14.40000000000000568, -21.14999999999998082 ) ) ;
#3687 = CARTESIAN_POINT ( 'NONE',  ( 50.35455173280955421, 14.40000000000000568, -21.14999999999998082 ) ) ;
#3688 = VECTOR ( 'NONE', #663, 1000.000000000000000 ) ;
#3689 = ORIENTED_EDGE ( 'NONE', *, *, #1987, .F. ) ;
#3690 = DIRECTION ( 'NONE',  ( 0.000000000000000000, -1.000000000000000000, 0.000000000000000000 ) ) ;
#3691 = ORIENTED_EDGE ( 'NONE', *, *, #1868, .T. ) ;
#3692 = CARTESIAN_POINT ( 'NONE',  ( 30.35455173280955776, 17.00000000000000355, 51.35000000000000142 ) ) ;
#3693 = EDGE_CURVE ( 'NONE', #4611, #4302, #4476, .T. ) ;
#3694 = AXIS2_PLACEMENT_3D ( 'NONE', #4095, #660, #1068 ) ;
#3695 = CARTESIAN_POINT ( 'NONE',  ( 29.82342618513484922, 0.000000000000000000, -32.82336593897034760 ) ) ;
#3696 = AXIS2_PLACEMENT_3D ( 'NONE', #223, #1808, #4810 ) ;
#3697 = CARTESIAN_POINT ( 'NONE',  ( 52.84397013045806801, 20.00000000000001776, -33.82200223872997213 ) ) ;
#3698 = VERTEX_POINT ( 'NONE', #3024 ) ;
#3699 = CARTESIAN_POINT ( 'NONE',  ( 25.23030399291526749, 3.000000000000000000, -6.000000000000000000 ) ) ;
#3700 = EDGE_CURVE ( 'NONE', #2277, #3595, #1433, .T. ) ;
#3701 = VERTEX_POINT ( 'NONE', #675 ) ;
#3702 = CARTESIAN_POINT ( 'NONE',  ( -45.00000000000000000, 20.00174510857143417, 13.00000000000000178 ) ) ;
#3703 = CARTESIAN_POINT ( 'NONE',  ( -0.9122867597285264640, 17.00000000000000000, -51.25000000000001421 ) ) ;
#3704 = DIRECTION ( 'NONE',  ( 1.000000000000000000, -0.000000000000000000, 0.000000000000000000 ) ) ;
#3705 = VECTOR ( 'NONE', #4293, 1000.000000000000000 ) ;
#3706 = EDGE_CURVE ( 'NONE', #195, #1729, #4879, .T. ) ;
#3707 = EDGE_CURVE ( 'NONE', #4390, #648, #1910, .T. ) ;
#3708 = ORIENTED_EDGE ( 'NONE', *, *, #2881, .F. ) ;
#3709 =( GEOMETRIC_REPRESENTATION_CONTEXT ( 3 ) GLOBAL_UNCERTAINTY_ASSIGNED_CONTEXT ( ( #3100 ) ) GLOBAL_UNIT_ASSIGNED_CONTEXT ( ( #3270, #1342, #4409 ) ) REPRESENTATION_CONTEXT ( 'NONE', 'WORKASPACE' ) );
#3710 = LINE ( 'NONE', #2848, #4758 ) ;
#3711 = DIRECTION ( 'NONE',  ( 3.854941057726238097E-16, 0.000000000000000000, 1.000000000000000000 ) ) ;
#3712 = DIRECTION ( 'NONE',  ( 0.4539893396830202432, 0.8910071152657397242, 0.000000000000000000 ) ) ;
#3713 = FACE_OUTER_BOUND ( 'NONE', #2168, .T. ) ;
#3714 = VERTEX_POINT ( 'NONE', #301 ) ;
#3715 = CARTESIAN_POINT ( 'NONE',  ( -30.00000000000000000, 0.09999999999998930578, 6.000000000000000000 ) ) ;
#3716 = ORIENTED_EDGE ( 'NONE', *, *, #984, .T. ) ;
#3717 = CARTESIAN_POINT ( 'NONE',  ( -45.00000000000000000, 20.00174510857143417, -29.00000000000000000 ) ) ;
#3718 = CARTESIAN_POINT ( 'NONE',  ( 0.000000000000000000, 20.00000000000000000, 0.000000000000000000 ) ) ;
#3719 = CARTESIAN_POINT ( 'NONE',  ( 47.00000000000000711, 20.00000000000000355, -41.39269907856501618 ) ) ;
#3720 = CARTESIAN_POINT ( 'NONE',  ( 52.17657381486527157, 19.99999999999999645, -32.82336593897032628 ) ) ;
#3721 = ORIENTED_EDGE ( 'NONE', *, *, #1922, .F. ) ;
#3722 = CARTESIAN_POINT ( 'NONE',  ( 50.35455173280956132, 17.00000000000000355, -26.85000000000001918 ) ) ;
#3723 = AXIS2_PLACEMENT_3D ( 'NONE', #641, #3572, #1778 ) ;
#3724 =( NAMED_UNIT ( * ) PLANE_ANGLE_UNIT ( ) SI_UNIT ( $, .RADIAN. ) );
#3725 = VECTOR ( 'NONE', #2531, 1000.000000000000114 ) ;
#3726 = VERTEX_POINT ( 'NONE', #2270 ) ;
#3727 = CYLINDRICAL_SURFACE ( 'NONE', #487, 1.650000000000002132 ) ;
#3728 = LINE ( 'NONE', #2102, #160 ) ;
#3729 = CARTESIAN_POINT ( 'NONE',  ( 52.00000000000000000, 2.000000000000005329, -24.00000000000000000 ) ) ;
#3730 = EDGE_CURVE ( 'NONE', #1029, #2683, #4109, .T. ) ;
#3731 = CIRCLE ( 'NONE', #4122, 1.649999999999998579 ) ;
#3732 = ORIENTED_EDGE ( 'NONE', *, *, #1123, .F. ) ;
#3733 = DIRECTION ( 'NONE',  ( 0.000000000000000000, 0.000000000000000000, -1.000000000000000000 ) ) ;
#3734 = CARTESIAN_POINT ( 'NONE',  ( -9.000000000000008882, 20.00174510857143417, -55.00000000000000000 ) ) ;
#3735 = LINE ( 'NONE', #2968, #1138 ) ;
#3736 = DIRECTION ( 'NONE',  ( -0.5000000000000011102, 0.000000000000000000, 0.8660254037844380415 ) ) ;
#3737 = ORIENTED_EDGE ( 'NONE', *, *, #837, .F. ) ;
#3738 = LINE ( 'NONE', #4886, #2671 ) ;
#3739 = EDGE_LOOP ( 'NONE', ( #4475, #2335 ) ) ;
#3740 = CARTESIAN_POINT ( 'NONE',  ( 50.35455173280956132, 14.40000000000000568, -26.85000000000001918 ) ) ;
#3741 = DIRECTION ( 'NONE',  ( 0.000000000000000000, 0.000000000000000000, 1.000000000000000000 ) ) ;
#3742 = DIRECTION ( 'NONE',  ( 0.000000000000000000, 0.000000000000000000, 1.000000000000000000 ) ) ;
#3743 = CARTESIAN_POINT ( 'NONE',  ( 52.99999999999999289, 20.00000000000000000, -40.49999999999999289 ) ) ;
#3744 = VERTEX_POINT ( 'NONE', #1788 ) ;
#3745 = FACE_OUTER_BOUND ( 'NONE', #4047, .T. ) ;
#3746 = EDGE_CURVE ( 'NONE', #1473, #2435, #2596, .T. ) ;
#3747 = ORIENTED_EDGE ( 'NONE', *, *, #4592, .F. ) ;
#3748 = CARTESIAN_POINT ( 'NONE',  ( 50.35455173280955421, 14.40000000000000568, -21.14999999999998082 ) ) ;
#3749 = FACE_OUTER_BOUND ( 'NONE', #3808, .T. ) ;
#3750 = DIRECTION ( 'NONE',  ( 6.123233995736737686E-17, 0.8660254037844398178, -0.4999999999999977796 ) ) ;
#3751 = VECTOR ( 'NONE', #3508, 1000.000000000000000 ) ;
#3752 = VECTOR ( 'NONE', #327, 1000.000000000000000 ) ;
#3753 = ORIENTED_EDGE ( 'NONE', *, *, #4055, .F. ) ;
#3754 = CARTESIAN_POINT ( 'NONE',  ( 20.00000000000000000, 20.00000000000000355, 56.08784048416740120 ) ) ;
#3755 = CARTESIAN_POINT ( 'NONE',  ( 32.25000000000001421, 20.00000000000000000, 35.60000000000000142 ) ) ;
#3756 = CARTESIAN_POINT ( 'NONE',  ( -24.99999999999999289, -6.735557395310443404E-15, -6.000000000000000000 ) ) ;
#3757 = CARTESIAN_POINT ( 'NONE',  ( -33.64544826719041737, 17.00000000000000355, 45.65000000000001990 ) ) ;
#3758 = ADVANCED_FACE ( 'NONE', ( #4889 ), #4058, .F. ) ;
#3759 = EDGE_CURVE ( 'NONE', #1598, #1398, #2950, .T. ) ;
#3760 = VERTEX_POINT ( 'NONE', #623 ) ;
#3761 = LINE ( 'NONE', #4158, #652 ) ;
#3762 = EDGE_LOOP ( 'NONE', ( #435, #522, #37, #2371 ) ) ;
#3763 = CYLINDRICAL_SURFACE ( 'NONE', #706, 59.54700538379245955 ) ;
#3764 = AXIS2_PLACEMENT_3D ( 'NONE', #4955, #1530, #1156 ) ;
#3765 = CARTESIAN_POINT ( 'NONE',  ( 50.35455173280956132, 14.40000000000000568, -26.85000000000001918 ) ) ;
#3766 = ADVANCED_FACE ( 'NONE', ( #2170 ), #2999, .T. ) ;
#3767 = EDGE_CURVE ( 'NONE', #292, #2460, #1057, .T. ) ;
#3768 = CARTESIAN_POINT ( 'NONE',  ( 28.99999999999999645, 0.000000000000000000, -40.99999999824481733 ) ) ;
#3769 = CARTESIAN_POINT ( 'NONE',  ( 34.17657381486515789, 0.000000000000000000, -32.82336593897026944 ) ) ;
#3770 = ORIENTED_EDGE ( 'NONE', *, *, #4643, .F. ) ;
#3771 = LINE ( 'NONE', #2982, #737 ) ;
#3772 = AXIS2_PLACEMENT_3D ( 'NONE', #2922, #3712, #2944 ) ;
#3773 = ORIENTED_EDGE ( 'NONE', *, *, #331, .T. ) ;
#3774 = DIRECTION ( 'NONE',  ( 1.000000000000000000, -3.789450910129534816E-15, 0.000000000000000000 ) ) ;
#3775 = DIRECTION ( 'NONE',  ( 0.000000000000000000, 0.000000000000000000, 1.000000000000000000 ) ) ;
#3776 = VECTOR ( 'NONE', #3458, 1000.000000000000000 ) ;
#3777 = FACE_OUTER_BOUND ( 'NONE', #391, .T. ) ;
#3778 = ORIENTED_EDGE ( 'NONE', *, *, #1422, .T. ) ;
#3779 = CARTESIAN_POINT ( 'NONE',  ( 52.00000000000000000, 2.000000000000005329, -22.35000000000000497 ) ) ;
#3780 = VECTOR ( 'NONE', #1819, 1000.000000000000000 ) ;
#3781 = CYLINDRICAL_SURFACE ( 'NONE', #787, 1.649999999999995248 ) ;
#3782 = EDGE_LOOP ( 'NONE', ( #1784, #112, #1118, #1559 ) ) ;
#3783 = LINE ( 'NONE', #4906, #4009 ) ;
#3784 = DIRECTION ( 'NONE',  ( -1.000000000000000000, 0.000000000000000000, 0.000000000000000000 ) ) ;
#3785 = EDGE_CURVE ( 'NONE', #440, #1577, #1427, .T. ) ;
#3786 = VERTEX_POINT ( 'NONE', #4818 ) ;
#3787 = ADVANCED_FACE ( 'NONE', ( #1082 ), #1388, .T. ) ;
#3788 = DIRECTION ( 'NONE',  ( 0.000000000000000000, -1.000000000000000000, 0.000000000000000000 ) ) ;
#3789 = ORIENTED_EDGE ( 'NONE', *, *, #3986, .T. ) ;
#3790 = PLANE ( 'NONE',  #4147 ) ;
#3791 = LINE ( 'NONE', #3446, #254 ) ;
#3792 = DIRECTION ( 'NONE',  ( 0.000000000000000000, 0.000000000000000000, 1.000000000000000000 ) ) ;
#3793 = CARTESIAN_POINT ( 'NONE',  ( 47.00000000000002842, 19.99999999999999645, -36.50000000000002132 ) ) ;
#3794 = DIRECTION ( 'NONE',  ( 0.000000000000000000, 0.000000000000000000, -1.000000000000000000 ) ) ;
#3795 = ORIENTED_EDGE ( 'NONE', *, *, #1617, .F. ) ;
#3796 = EDGE_CURVE ( 'NONE', #912, #3561, #3519, .T. ) ;
#3797 = CARTESIAN_POINT ( 'NONE',  ( 52.00000000000000000, 17.00000000000000355, -22.35000000000000497 ) ) ;
#3798 = ADVANCED_FACE ( 'NONE', ( #1030 ), #2570, .F. ) ;
#3799 = VERTEX_POINT ( 'NONE', #1612 ) ;
#3800 = FACE_OUTER_BOUND ( 'NONE', #640, .T. ) ;
#3801 = DIRECTION ( 'NONE',  ( -0.000000000000000000, 1.000000000000000000, 1.640715604224399445E-17 ) ) ;
#3802 = DIRECTION ( 'NONE',  ( 0.000000000000000000, 0.000000000000000000, -1.000000000000000000 ) ) ;
#3803 = VECTOR ( 'NONE', #4904, 1000.000000000000000 ) ;
#3804 = ADVANCED_FACE ( 'NONE', ( #34 ), #2315, .F. ) ;
#3805 = VERTEX_POINT ( 'NONE', #3104 ) ;
#3806 = DIRECTION ( 'NONE',  ( 0.5000000000000003331, 0.000000000000000000, -0.8660254037844383745 ) ) ;
#3807 = DIRECTION ( 'NONE',  ( 0.000000000000000000, 0.000000000000000000, -1.000000000000000000 ) ) ;
#3808 = EDGE_LOOP ( 'NONE', ( #15, #108, #2231, #1558 ) ) ;
#3809 = CARTESIAN_POINT ( 'NONE',  ( 30.35455173280956132, 17.00000000000000355, 45.64999999999999147 ) ) ;
#3810 = CARTESIAN_POINT ( 'NONE',  ( 20.00000000000000000, -0.001745108571434006439, 44.50000000000000000 ) ) ;
#3811 = EDGE_CURVE ( 'NONE', #348, #3423, #3150, .T. ) ;
#3812 = ORIENTED_EDGE ( 'NONE', *, *, #3485, .T. ) ;
#3813 = DIRECTION ( 'NONE',  ( 0.000000000000000000, 0.000000000000000000, -1.000000000000000000 ) ) ;
#3814 = EDGE_LOOP ( 'NONE', ( #3509, #1750 ) ) ;
#3815 = DIRECTION ( 'NONE',  ( 0.000000000000000000, -1.000000000000000000, 0.000000000000000000 ) ) ;
#3816 = CARTESIAN_POINT ( 'NONE',  ( -20.70000000000000995, 0.000000000000000000, -30.00000000000000711 ) ) ;
#3817 = CARTESIAN_POINT ( 'NONE',  ( 0.000000000000000000, 10.00000000000000000, 0.000000000000000000 ) ) ;
#3818 = CARTESIAN_POINT ( 'NONE',  ( -45.00000000000000000, 3.000000000000000000, -29.00000000000000000 ) ) ;
#3819 = CARTESIAN_POINT ( 'NONE',  ( 32.25000000000001421, 20.00000000000000000, 37.25000000000000000 ) ) ;
#3820 = ORIENTED_EDGE ( 'NONE', *, *, #601, .T. ) ;
#3821 = DIRECTION ( 'NONE',  ( -0.4999999999999998890, 0.000000000000000000, -0.8660254037844387076 ) ) ;
#3822 = EDGE_CURVE ( 'NONE', #1951, #2011, #851, .T. ) ;
#3823 = VERTEX_POINT ( 'NONE', #1909 ) ;
#3824 = FACE_OUTER_BOUND ( 'NONE', #1268, .T. ) ;
#3825 = DIRECTION ( 'NONE',  ( 0.000000000000000000, -1.000000000000000000, 0.000000000000000000 ) ) ;
#3826 = CARTESIAN_POINT ( 'NONE',  ( 32.00000000000000000, 0.000000000000000000, -34.99999999999999289 ) ) ;
#3827 = ORIENTED_EDGE ( 'NONE', *, *, #318, .T. ) ;
#3828 = DIRECTION ( 'NONE',  ( 1.000000000000000000, 1.224646799147328802E-16, 0.000000000000000000 ) ) ;
#3829 = DIRECTION ( 'NONE',  ( 0.000000000000000000, -1.000000000000000000, 0.000000000000000000 ) ) ;
#3830 = VERTEX_POINT ( 'NONE', #8 ) ;
#3831 = AXIS2_PLACEMENT_3D ( 'NONE', #554, #4385, #3575 ) ;
#3832 = CARTESIAN_POINT ( 'NONE',  ( -22.25000000000000000, 0.000000000000000000, -9.250000000000000000 ) ) ;
#3833 = VECTOR ( 'NONE', #4470, 1000.000000000000000 ) ;
#3834 = ADVANCED_FACE ( 'NONE', ( #1211 ), #1187, .T. ) ;
#3835 = CIRCLE ( 'NONE', #2725, 1.649999999999998579 ) ;
#3836 = ORIENTED_EDGE ( 'NONE', *, *, #4450, .F. ) ;
#3837 = VECTOR ( 'NONE', #4362, 1000.000000000000000 ) ;
#3838 = ORIENTED_EDGE ( 'NONE', *, *, #3504, .T. ) ;
#3839 = EDGE_LOOP ( 'NONE', ( #1233, #4026, #3721, #2927 ) ) ;
#3840 = AXIS2_PLACEMENT_3D ( 'NONE', #1235, #4006, #147 ) ;
#3841 = DIRECTION ( 'NONE',  ( 0.000000000000000000, 0.000000000000000000, -1.000000000000000000 ) ) ;
#3842 = PLANE ( 'NONE',  #729 ) ;
#3843 = CARTESIAN_POINT ( 'NONE',  ( -32.00000000000000000, 17.00000000000000355, 50.14999999999999858 ) ) ;
#3844 = VECTOR ( 'NONE', #1439, 1000.000000000000000 ) ;
#3845 = CARTESIAN_POINT ( 'NONE',  ( 28.99999999999995026, 0.000000000000000000, -39.50000000000002842 ) ) ;
#3846 = VECTOR ( 'NONE', #2119, 1000.000000000000000 ) ;
#3847 = DIRECTION ( 'NONE',  ( 0.000000000000000000, 1.000000000000000000, 0.000000000000000000 ) ) ;
#3848 = VECTOR ( 'NONE', #4543, 1000.000000000000000 ) ;
#3849 = ORIENTED_EDGE ( 'NONE', *, *, #1047, .T. ) ;
#3850 = EDGE_CURVE ( 'NONE', #3971, #3595, #77, .T. ) ;
#3851 = DIRECTION ( 'NONE',  ( 0.000000000000000000, -1.000000000000000000, 0.000000000000000000 ) ) ;
#3852 = VECTOR ( 'NONE', #2280, 1000.000000000000000 ) ;
#3853 = EDGE_LOOP ( 'NONE', ( #4454, #1504, #1214, #4437 ) ) ;
#3854 = CARTESIAN_POINT ( 'NONE',  ( 35.00000000000000000, 0.000000000000000000, -34.99999999999999289 ) ) ;
#3855 = CARTESIAN_POINT ( 'NONE',  ( -54.00000000000000000, 2.000000000000005329, -20.35000000000000497 ) ) ;
#3856 = CARTESIAN_POINT ( 'NONE',  ( 57.50000000000001421, 20.00000000000000355, 41.49999999999999289 ) ) ;
#3857 = ORIENTED_EDGE ( 'NONE', *, *, #3730, .T. ) ;
#3858 = CARTESIAN_POINT ( 'NONE',  ( -32.00000000000000000, -1.136835273038861628E-14, -6.000000000000000000 ) ) ;
#3859 = CARTESIAN_POINT ( 'NONE',  ( -15.00000000000000533, 20.00000000000000355, -55.00000000000000000 ) ) ;
#3860 = VERTEX_POINT ( 'NONE', #3843 ) ;
#3861 = DIRECTION ( 'NONE',  ( -0.5000000000000003331, 0.000000000000000000, 0.8660254037844383745 ) ) ;
#3862 = VERTEX_POINT ( 'NONE', #1562 ) ;
#3863 = VERTEX_POINT ( 'NONE', #1939 ) ;
#3864 = ORIENTED_EDGE ( 'NONE', *, *, #4246, .F. ) ;
#3865 = AXIS2_PLACEMENT_3D ( 'NONE', #286, #2248, #1845 ) ;
#3866 = CARTESIAN_POINT ( 'NONE',  ( -54.00000000000000000, 2.000000000000005329, -23.64999999999999503 ) ) ;
#3867 = DIRECTION ( 'NONE',  ( 0.5000000000000013323, 0.000000000000000000, 0.8660254037844378194 ) ) ;
#3868 = LINE ( 'NONE', #4664, #2397 ) ;
#3869 = EDGE_CURVE ( 'NONE', #3469, #2893, #3868, .T. ) ;
#3870 = LINE ( 'NONE', #3449, #4516 ) ;
#3871 = CARTESIAN_POINT ( 'NONE',  ( -15.00000000000000533, 20.00174510857143417, -55.00000000000000000 ) ) ;
#3872 = ORIENTED_EDGE ( 'NONE', *, *, #575, .F. ) ;
#3873 = ORIENTED_EDGE ( 'NONE', *, *, #1065, .F. ) ;
#3874 = DIRECTION ( 'NONE',  ( 0.000000000000000000, -1.000000000000000000, 0.000000000000000000 ) ) ;
#3875 = PLANE ( 'NONE',  #1523 ) ;
#3876 = EDGE_CURVE ( 'NONE', #2902, #2793, #1162, .T. ) ;
#3877 = EDGE_LOOP ( 'NONE', ( #1336, #2518, #1166, #3613 ) ) ;
#3878 = LINE ( 'NONE', #2031, #1968 ) ;
#3879 = CARTESIAN_POINT ( 'NONE',  ( -41.78119462962513353, 20.00000000000000000, -49.79288880273351481 ) ) ;
#3880 = ORIENTED_EDGE ( 'NONE', *, *, #4459, .T. ) ;
#3881 = CARTESIAN_POINT ( 'NONE',  ( -27.99999999999999645, 0.09999999999998955558, 6.000000000000000000 ) ) ;
#3882 = AXIS2_PLACEMENT_3D ( 'NONE', #3174, #2042, #4340 ) ;
#3883 = EDGE_CURVE ( 'NONE', #4290, #1582, #4590, .T. ) ;
#3884 = EDGE_CURVE ( 'NONE', #2792, #3318, #1508, .T. ) ;
#3885 = ORIENTED_EDGE ( 'NONE', *, *, #4061, .F. ) ;
#3886 = ORIENTED_EDGE ( 'NONE', *, *, #602, .T. ) ;
#3887 = ORIENTED_EDGE ( 'NONE', *, *, #3106, .F. ) ;
#3888 = AXIS2_PLACEMENT_3D ( 'NONE', #2712, #3533, #4329 ) ;
#3889 = ADVANCED_FACE ( 'NONE', ( #4614 ), #2702, .F. ) ;
#3890 = CYLINDRICAL_SURFACE ( 'NONE', #4094, 1.649999999999998579 ) ;
#3891 = CARTESIAN_POINT ( 'NONE',  ( 32.25000000000001421, 20.00000000000000000, 38.89999999999999858 ) ) ;
#3892 = CARTESIAN_POINT ( 'NONE',  ( -2.499999999999993339, 16.00000000000000000, -55.65000000000000568 ) ) ;
#3893 = CARTESIAN_POINT ( 'NONE',  ( -32.00000000000000000, 2.000000000000005329, 48.50000000000000000 ) ) ;
#3894 = CARTESIAN_POINT ( 'NONE',  ( -20.00000000000000000, -4.922146812673197472E-16, -8.075843081836307213E-33 ) ) ;
#3895 = VERTEX_POINT ( 'NONE', #3052 ) ;
#3896 = ORIENTED_EDGE ( 'NONE', *, *, #1971, .T. ) ;
#3897 = CARTESIAN_POINT ( 'NONE',  ( -12.00000000000000888, 20.00000000000000355, -57.99999999999999289 ) ) ;
#3898 = CARTESIAN_POINT ( 'NONE',  ( -22.25000000000000000, 0.000000000000000000, 35.25000000000000000 ) ) ;
#3899 = CARTESIAN_POINT ( 'NONE',  ( -5.675426480542940411, 17.00000000000000000, -42.00000000000000711 ) ) ;
#3900 = EDGE_CURVE ( 'NONE', #3347, #1349, #4189, .T. ) ;
#3901 = ORIENTED_EDGE ( 'NONE', *, *, #1408, .T. ) ;
#3902 = DIRECTION ( 'NONE',  ( 0.8660254037844382635, 8.203578021122008009E-18, -0.5000000000000006661 ) ) ;
#3903 = LINE ( 'NONE', #2407, #2074 ) ;
#3904 = ORIENTED_EDGE ( 'NONE', *, *, #4272, .T. ) ;
#3905 = DIRECTION ( 'NONE',  ( -0.000000000000000000, 1.000000000000000000, 1.640715604224399445E-17 ) ) ;
#3906 = VERTEX_POINT ( 'NONE', #1963 ) ;
#3907 = ORIENTED_EDGE ( 'NONE', *, *, #914, .T. ) ;
#3908 = ORIENTED_EDGE ( 'NONE', *, *, #1328, .F. ) ;
#3909 = VECTOR ( 'NONE', #4430, 1000.000000000000114 ) ;
#3910 = LINE ( 'NONE', #2795, #4547 ) ;
#3911 = PLANE ( 'NONE',  #892 ) ;
#3912 = DIRECTION ( 'NONE',  ( -0.5000000000000006661, 0.000000000000000000, 0.8660254037844382635 ) ) ;
#3913 = ADVANCED_FACE ( 'NONE', ( #3498, #1585 ), #2368, .F. ) ;
#3914 = EDGE_CURVE ( 'NONE', #2354, #769, #4713, .T. ) ;
#3915 = AXIS2_PLACEMENT_3D ( 'NONE', #4086, #650, #2196 ) ;
#3916 = AXIS2_PLACEMENT_3D ( 'NONE', #1293, #4342, #2443 ) ;
#3917 = FACE_OUTER_BOUND ( 'NONE', #980, .T. ) ;
#3918 = LINE ( 'NONE', #3894, #1150 ) ;
#3919 = ORIENTED_EDGE ( 'NONE', *, *, #1226, .F. ) ;
#3920 = ADVANCED_FACE ( 'NONE', ( #4212 ), #778, .T. ) ;
#3921 = CIRCLE ( 'NONE', #2165, 5.000000000000004441 ) ;
#3922 = EDGE_CURVE ( 'NONE', #1734, #2485, #828, .T. ) ;
#3923 = CARTESIAN_POINT ( 'NONE',  ( -20.70000000000000995, 2.999999999999999112, -30.00000000000000711 ) ) ;
#3924 = CYLINDRICAL_SURFACE ( 'NONE', #398, 2.999999999999995559 ) ;
#3925 = DIRECTION ( 'NONE',  ( -0.5000000000000004441, 0.000000000000000000, -0.8660254037844383745 ) ) ;
#3926 = VECTOR ( 'NONE', #1903, 1000.000000000000114 ) ;
#3927 = CARTESIAN_POINT ( 'NONE',  ( -9.000000000000008882, 0.000000000000000000, -55.00000000000000000 ) ) ;
#3928 = ORIENTED_EDGE ( 'NONE', *, *, #1831, .F. ) ;
#3929 = CARTESIAN_POINT ( 'NONE',  ( 0.000000000000000000, -1.469123151534974545E-15, 59.54700538379245955 ) ) ;
#3930 = LINE ( 'NONE', #4730, #4141 ) ;
#3931 = EDGE_LOOP ( 'NONE', ( #4048, #2650, #3191, #4257 ) ) ;
#3932 = FACE_OUTER_BOUND ( 'NONE', #2341, .T. ) ;
#3933 = AXIS2_PLACEMENT_3D ( 'NONE', #1771, #3678, #4800 ) ;
#3934 = EDGE_LOOP ( 'NONE', ( #132, #1178, #4717, #3374 ) ) ;
#3935 = ORIENTED_EDGE ( 'NONE', *, *, #1741, .T. ) ;
#3936 = VERTEX_POINT ( 'NONE', #3988 ) ;
#3937 = CIRCLE ( 'NONE', #2498, 1.649999999999998579 ) ;
#3938 = CARTESIAN_POINT ( 'NONE',  ( 0.000000000000000000, 1.075238199893871371, -25.57525880247332140 ) ) ;
#3939 = CARTESIAN_POINT ( 'NONE',  ( -20.70000000000000995, 3.000000000000000000, -30.00000000000000711 ) ) ;
#3940 = CARTESIAN_POINT ( 'NONE',  ( -5.499999999999997335, 4.581572289430550844E-17, -28.17808847982943021 ) ) ;
#3941 = ADVANCED_FACE ( 'NONE', ( #4308 ), #177, .F. ) ;
#3942 = EDGE_CURVE ( 'NONE', #3595, #1936, #1688, .T. ) ;
#3943 = VECTOR ( 'NONE', #631, 1000.000000000000000 ) ;
#3944 = DIRECTION ( 'NONE',  ( 0.000000000000000000, 1.640715604224399445E-17, -1.000000000000000000 ) ) ;
#3945 = DIRECTION ( 'NONE',  ( -0.000000000000000000, -1.000000000000000000, -0.000000000000000000 ) ) ;
#3946 = VERTEX_POINT ( 'NONE', #550 ) ;
#3947 = DIRECTION ( 'NONE',  ( -1.000000000000000000, 0.000000000000000000, 0.000000000000000000 ) ) ;
#3948 = CIRCLE ( 'NONE', #1783, 5.000000000000004441 ) ;
#3949 = AXIS2_PLACEMENT_3D ( 'NONE', #3621, #153, #2466 ) ;
#3950 = EDGE_LOOP ( 'NONE', ( #3190, #869, #1658, #1607 ) ) ;
#3951 = DIRECTION ( 'NONE',  ( 0.5000000000000003331, 0.000000000000000000, 0.8660254037844383745 ) ) ;
#3952 = DIRECTION ( 'NONE',  ( 0.000000000000000000, -0.000000000000000000, 1.000000000000000000 ) ) ;
#3953 = CARTESIAN_POINT ( 'NONE',  ( 47.00000000000001421, 20.00000000000000355, -40.99999999824481733 ) ) ;
#3954 = ORIENTED_EDGE ( 'NONE', *, *, #4679, .F. ) ;
#3955 = DIRECTION ( 'NONE',  ( 0.000000000000000000, 0.000000000000000000, 1.000000000000000000 ) ) ;
#3956 = DIRECTION ( 'NONE',  ( 0.000000000000000000, 0.000000000000000000, 1.000000000000000000 ) ) ;
#3957 = CARTESIAN_POINT ( 'NONE',  ( 0.000000000000000000, -0.001745108571434983522, 59.54700538379245955 ) ) ;
#3958 = VERTEX_POINT ( 'NONE', #4738 ) ;
#3959 = EDGE_LOOP ( 'NONE', ( #3457, #1944 ) ) ;
#3960 = VERTEX_POINT ( 'NONE', #105 ) ;
#3961 = DIRECTION ( 'NONE',  ( 0.000000000000000000, 1.000000000000000000, 0.000000000000000000 ) ) ;
#3962 = LINE ( 'NONE', #3686, #330 ) ;
#3963 = DIRECTION ( 'NONE',  ( -0.000000000000000000, 1.000000000000000000, 1.640715604224399445E-17 ) ) ;
#3964 = ADVANCED_FACE ( 'NONE', ( #4008 ), #3196, .T. ) ;
#3965 = VECTOR ( 'NONE', #1228, 1000.000000000000000 ) ;
#3966 = FACE_OUTER_BOUND ( 'NONE', #1329, .T. ) ;
#3967 = CARTESIAN_POINT ( 'NONE',  ( -43.84062043356571081, 10.00000000000000000, -43.84062043356617977 ) ) ;
#3968 = ORIENTED_EDGE ( 'NONE', *, *, #3586, .F. ) ;
#3969 = PLANE ( 'NONE',  #2474 ) ;
#3970 = AXIS2_PLACEMENT_3D ( 'NONE', #2348, #59, #2704 ) ;
#3971 = VERTEX_POINT ( 'NONE', #906 ) ;
#3972 = LINE ( 'NONE', #4018, #2455 ) ;
#3973 = CARTESIAN_POINT ( 'NONE',  ( 32.00000000000000000, 0.09999999999998952782, 6.000000000000000000 ) ) ;
#3974 = LINE ( 'NONE', #4727, #796 ) ;
#3975 = EDGE_CURVE ( 'NONE', #2758, #1601, #2062, .T. ) ;
#3976 = EDGE_CURVE ( 'NONE', #1005, #2793, #4125, .T. ) ;
#3977 = ORIENTED_EDGE ( 'NONE', *, *, #2148, .F. ) ;
#3978 = DIRECTION ( 'NONE',  ( -1.000000000000000000, 0.000000000000000000, 0.000000000000000000 ) ) ;
#3979 = FACE_OUTER_BOUND ( 'NONE', #605, .T. ) ;
#3980 = DIRECTION ( 'NONE',  ( 0.000000000000000000, 0.000000000000000000, 1.000000000000000000 ) ) ;
#3981 = EDGE_CURVE ( 'NONE', #1958, #1598, #2797, .T. ) ;
#3982 = ORIENTED_EDGE ( 'NONE', *, *, #784, .T. ) ;
#3983 = ORIENTED_EDGE ( 'NONE', *, *, #2355, .F. ) ;
#3984 = VERTEX_POINT ( 'NONE', #2416 ) ;
#3985 = FACE_BOUND ( 'NONE', #456, .T. ) ;
#3986 = EDGE_CURVE ( 'NONE', #1729, #3653, #1732, .T. ) ;
#3987 = CARTESIAN_POINT ( 'NONE',  ( -20.70000000000000995, 20.00000000000000355, -43.00000000000000711 ) ) ;
#3988 = CARTESIAN_POINT ( 'NONE',  ( 0.000000000000000000, -9.844293625346394943E-16, 60.00000000000000000 ) ) ;
#3989 = ORIENTED_EDGE ( 'NONE', *, *, #1467, .T. ) ;
#3990 = CARTESIAN_POINT ( 'NONE',  ( -32.24999999999999289, 2.999999999999999112, -9.600000000000008527 ) ) ;
#3991 = VERTEX_POINT ( 'NONE', #1363 ) ;
#3992 = DIRECTION ( 'NONE',  ( -0.000000000000000000, -1.000000000000000000, -0.000000000000000000 ) ) ;
#3993 = CIRCLE ( 'NONE', #1672, 5.000000000000004441 ) ;
#3994 = CIRCLE ( 'NONE', #3520, 1.649999999999998579 ) ;
#3995 = VERTEX_POINT ( 'NONE', #126 ) ;
#3996 = CARTESIAN_POINT ( 'NONE',  ( -54.00000000000000000, 17.00000000000000355, -22.00000000000000000 ) ) ;
#3997 = CARTESIAN_POINT ( 'NONE',  ( -36.49999999999999289, 23.00000000000000000, -15.50000000000000711 ) ) ;
#3998 = EDGE_LOOP ( 'NONE', ( #2876, #1954, #509, #1634 ) ) ;
#3999 = DIRECTION ( 'NONE',  ( 0.000000000000000000, 0.000000000000000000, -1.000000000000000000 ) ) ;
#4000 = VECTOR ( 'NONE', #2613, 1000.000000000000000 ) ;
#4001 = DIRECTION ( 'NONE',  ( 0.000000000000000000, 0.000000000000000000, 1.000000000000000000 ) ) ;
#4002 = LINE ( 'NONE', #2409, #1039 ) ;
#4003 = CIRCLE ( 'NONE', #4082, 1.649999999999998579 ) ;
#4004 = ORIENTED_EDGE ( 'NONE', *, *, #1586, .F. ) ;
#4005 = EDGE_LOOP ( 'NONE', ( #4093, #4660, #2543, #598 ) ) ;
#4006 = DIRECTION ( 'NONE',  ( 0.000000000000000000, 1.000000000000000000, 1.640715604224399445E-17 ) ) ;
#4007 = DIRECTION ( 'NONE',  ( -0.5000000000000003331, 0.000000000000000000, -0.8660254037844384856 ) ) ;
#4008 = FACE_OUTER_BOUND ( 'NONE', #1283, .T. ) ;
#4009 = VECTOR ( 'NONE', #114, 1000.000000000000000 ) ;
#4010 = EDGE_LOOP ( 'NONE', ( #4940, #4806, #3045, #2404 ) ) ;
#4011 = CARTESIAN_POINT ( 'NONE',  ( -22.25000000000000000, 0.000000000000000000, 35.25000000000000000 ) ) ;
#4012 = VERTEX_POINT ( 'NONE', #2897 ) ;
#4013 = CIRCLE ( 'NONE', #2263, 1.649999999999998579 ) ;
#4014 = DIRECTION ( 'NONE',  ( 0.4999999999999993894, 0.000000000000000000, -0.8660254037844389297 ) ) ;
#4015 = EDGE_CURVE ( 'NONE', #4084, #3653, #1915, .T. ) ;
#4016 = ORIENTED_EDGE ( 'NONE', *, *, #4488, .T. ) ;
#4017 = VECTOR ( 'NONE', #486, 1000.000000000000000 ) ;
#4018 = CARTESIAN_POINT ( 'NONE',  ( 48.70910346561910842, 14.40000000000000568, -23.99999999999999645 ) ) ;
#4019 = CARTESIAN_POINT ( 'NONE',  ( -32.00000000000000000, 2.000000000000005329, 46.85000000000000142 ) ) ;
#4020 = ORIENTED_EDGE ( 'NONE', *, *, #1018, .T. ) ;
#4021 = DIRECTION ( 'NONE',  ( -0.8660254037844388186, -8.203578021121994143E-18, 0.4999999999999997780 ) ) ;
#4022 = CARTESIAN_POINT ( 'NONE',  ( -20.00000000000002842, 20.00000000000000355, 56.08784048416739410 ) ) ;
#4023 = EDGE_CURVE ( 'NONE', #2095, #1936, #3570, .T. ) ;
#4024 = CARTESIAN_POINT ( 'NONE',  ( 35.00000000000000000, 1.499999999999993339, 6.000000000000000000 ) ) ;
#4025 = ORIENTED_EDGE ( 'NONE', *, *, #3611, .F. ) ;
#4026 = ORIENTED_EDGE ( 'NONE', *, *, #3007, .T. ) ;
#4027 = VERTEX_POINT ( 'NONE', #3544 ) ;
#4028 = CARTESIAN_POINT ( 'NONE',  ( -52.35455173280955421, 14.40000000000000568, -24.84999999999997655 ) ) ;
#4029 = FACE_BOUND ( 'NONE', #3313, .T. ) ;
#4030 = DIRECTION ( 'NONE',  ( -1.000000000000000000, 0.000000000000000000, -0.000000000000000000 ) ) ;
#4031 = ADVANCED_FACE ( 'NONE', ( #1712 ), #4761, .F. ) ;
#4032 = ADVANCED_FACE ( 'NONE', ( #1314 ), #4339, .T. ) ;
#4033 = CARTESIAN_POINT ( 'NONE',  ( -32.00000000000000000, 2.000000000000005329, 48.50000000000000000 ) ) ;
#4034 = ORIENTED_EDGE ( 'NONE', *, *, #250, .F. ) ;
#4035 = CARTESIAN_POINT ( 'NONE',  ( 32.00000000000000000, 20.00000000000000355, 48.50000000000000000 ) ) ;
#4036 = AXIS2_PLACEMENT_3D ( 'NONE', #2575, #2198, #2621 ) ;
#4037 = CARTESIAN_POINT ( 'NONE',  ( 32.00000000000000000, 14.40000000000000568, 50.14999999999999858 ) ) ;
#4038 = DIRECTION ( 'NONE',  ( -1.000000000000000000, 0.000000000000000000, 0.000000000000000000 ) ) ;
#4039 = EDGE_LOOP ( 'NONE', ( #400, #766, #4378, #3021 ) ) ;
#4040 = CARTESIAN_POINT ( 'NONE',  ( -20.70000000000000995, 20.00174510857143417, -30.00000000000000711 ) ) ;
#4041 = CARTESIAN_POINT ( 'NONE',  ( -22.25000000000000000, 0.000000000000000000, 35.25000000000000000 ) ) ;
#4042 = VERTEX_POINT ( 'NONE', #875 ) ;
#4043 = FACE_OUTER_BOUND ( 'NONE', #3408, .T. ) ;
#4044 = CARTESIAN_POINT ( 'NONE',  ( 0.000000000000000000, 10.00000000000000000, 0.000000000000000000 ) ) ;
#4045 = CARTESIAN_POINT ( 'NONE',  ( -39.85283180056550378, 20.00000000000000000, -47.49475547337658554 ) ) ;
#4046 = EDGE_CURVE ( 'NONE', #4027, #1063, #929, .T. ) ;
#4047 = EDGE_LOOP ( 'NONE', ( #3683, #2918, #3982, #101 ) ) ;
#4048 = ORIENTED_EDGE ( 'NONE', *, *, #2829, .F. ) ;
#4049 = DIRECTION ( 'NONE',  ( -0.000000000000000000, -1.000000000000000000, -0.000000000000000000 ) ) ;
#4050 = DIRECTION ( 'NONE',  ( 0.000000000000000000, 0.000000000000000000, -1.000000000000000000 ) ) ;
#4051 = FACE_OUTER_BOUND ( 'NONE', #416, .T. ) ;
#4052 = FACE_OUTER_BOUND ( 'NONE', #2746, .T. ) ;
#4053 = ORIENTED_EDGE ( 'NONE', *, *, #4144, .T. ) ;
#4054 = ORIENTED_EDGE ( 'NONE', *, *, #4670, .F. ) ;
#4055 = EDGE_CURVE ( 'NONE', #2460, #72, #2440, .T. ) ;
#4056 = DIRECTION ( 'NONE',  ( -1.000000000000000000, 0.000000000000000000, 0.000000000000000000 ) ) ;
#4057 = ORIENTED_EDGE ( 'NONE', *, *, #571, .T. ) ;
#4058 = CYLINDRICAL_SURFACE ( 'NONE', #2316, 2.999999999999995559 ) ;
#4059 = EDGE_CURVE ( 'NONE', #3860, #4249, #4383, .T. ) ;
#4060 = CARTESIAN_POINT ( 'NONE',  ( 32.00000000000000000, 0.000000000000000000, -31.92178781622169481 ) ) ;
#4061 = EDGE_CURVE ( 'NONE', #542, #4042, #2086, .T. ) ;
#4062 = CARTESIAN_POINT ( 'NONE',  ( 34.17657381486517920, 0.000000000000000000, -43.17663406102970214 ) ) ;
#4063 = AXIS2_PLACEMENT_3D ( 'NONE', #1863, #728, #1006 ) ;
#4064 = EDGE_CURVE ( 'NONE', #497, #2134, #479, .T. ) ;
#4065 = AXIS2_PLACEMENT_3D ( 'NONE', #4044, #2554, #244 ) ;
#4066 = LINE ( 'NONE', #2050, #499 ) ;
#4067 = CARTESIAN_POINT ( 'NONE',  ( -30.00000000000000000, 1.499999999999992673, -6.000000000000000000 ) ) ;
#4068 = AXIS2_PLACEMENT_3D ( 'NONE', #1339, #1263, #1661 ) ;
#4069 = VECTOR ( 'NONE', #428, 1000.000000000000114 ) ;
#4070 = ORIENTED_EDGE ( 'NONE', *, *, #2534, .T. ) ;
#4071 = FACE_OUTER_BOUND ( 'NONE', #2770, .T. ) ;
#4072 = CARTESIAN_POINT ( 'NONE',  ( -32.00000000000000000, 17.00000000000000355, 48.50000000000000000 ) ) ;
#4073 = FACE_BOUND ( 'NONE', #1227, .T. ) ;
#4074 = AXIS2_PLACEMENT_3D ( 'NONE', #4420, #188, #4393 ) ;
#4075 = VECTOR ( 'NONE', #4506, 1000.000000000000114 ) ;
#4076 = ORIENTED_EDGE ( 'NONE', *, *, #1604, .T. ) ;
#4077 = CIRCLE ( 'NONE', #396, 1.650000000000002132 ) ;
#4078 = DIRECTION ( 'NONE',  ( -0.000000000000000000, -1.000000000000000000, -0.000000000000000000 ) ) ;
#4079 = CARTESIAN_POINT ( 'NONE',  ( 0.6754264805429498475, 3.000000000000000000, -42.00000000000000000 ) ) ;
#4080 = PLANE ( 'NONE',  #4170 ) ;
#4081 = DIRECTION ( 'NONE',  ( -0.8660254037844384856, -8.203578021122004928E-18, 0.5000000000000004441 ) ) ;
#4082 = AXIS2_PLACEMENT_3D ( 'NONE', #1949, #4901, #3460 ) ;
#4083 = EDGE_LOOP ( 'NONE', ( #2009, #1871, #3566, #225 ) ) ;
#4084 = VERTEX_POINT ( 'NONE', #2540 ) ;
#4085 = FACE_OUTER_BOUND ( 'NONE', #1652, .T. ) ;
#4086 = CARTESIAN_POINT ( 'NONE',  ( -45.00000000000000000, 20.00174510857143417, -29.00000000000000000 ) ) ;
#4087 = CARTESIAN_POINT ( 'NONE',  ( 51.17799438812964041, 20.00000000000003908, -43.84388773190533328 ) ) ;
#4088 = AXIS2_PLACEMENT_3D ( 'NONE', #4286, #3543, #148 ) ;
#4089 = DIRECTION ( 'NONE',  ( -0.000000000000000000, -1.000000000000000000, -0.000000000000000000 ) ) ;
#4090 = EDGE_LOOP ( 'NONE', ( #1012, #3836, #4683, #622 ) ) ;
#4091 = PLANE ( 'NONE',  #2994 ) ;
#4092 = ADVANCED_FACE ( 'NONE', ( #2516 ), #2993, .F. ) ;
#4093 = ORIENTED_EDGE ( 'NONE', *, *, #2301, .T. ) ;
#4094 = AXIS2_PLACEMENT_3D ( 'NONE', #2672, #3417, #32 ) ;
#4095 = CARTESIAN_POINT ( 'NONE',  ( 0.000000000000000000, 14.40000000000000568, -9.188007383656636644E-17 ) ) ;
#4096 = LINE ( 'NONE', #2914, #4629 ) ;
#4097 = CARTESIAN_POINT ( 'NONE',  ( -32.00000000000000000, 0.09999999999998876454, 6.000000000000000000 ) ) ;
#4098 = CIRCLE ( 'NONE', #1459, 1.649999999999998579 ) ;
#4099 = EDGE_LOOP ( 'NONE', ( #910, #3383, #2023, #4156 ) ) ;
#4100 = VECTOR ( 'NONE', #453, 1000.000000000000000 ) ;
#4101 = CARTESIAN_POINT ( 'NONE',  ( 52.00000000000000000, 2.000000000000005329, -22.35000000000000497 ) ) ;
#4102 = PLANE ( 'NONE',  #1679 ) ;
#4103 = CARTESIAN_POINT ( 'NONE',  ( 22.25000000000000000, 10.00000000000000000, 35.25000000000000000 ) ) ;
#4104 = EDGE_LOOP ( 'NONE', ( #3880, #4641, #3281, #3773 ) ) ;
#4105 = CARTESIAN_POINT ( 'NONE',  ( -57.49999999999999289, 20.00000000000000355, -15.50000000000000711 ) ) ;
#4106 = VERTEX_POINT ( 'NONE', #3757 ) ;
#4107 = EDGE_CURVE ( 'NONE', #813, #3434, #3294, .T. ) ;
#4108 = DIRECTION ( 'NONE',  ( 0.000000000000000000, -1.000000000000000000, 0.000000000000000000 ) ) ;
#4109 = LINE ( 'NONE', #4487, #3200 ) ;
#4110 = FACE_OUTER_BOUND ( 'NONE', #2847, .T. ) ;
#4111 = CARTESIAN_POINT ( 'NONE',  ( 48.82200561187026011, 19.99999999999996447, -32.15611226809461698 ) ) ;
#4112 = VERTEX_POINT ( 'NONE', #1383 ) ;
#4113 = CARTESIAN_POINT ( 'NONE',  ( -50.70910346561912974, 14.40000000000000568, -21.99999999999999645 ) ) ;
#4114 = VECTOR ( 'NONE', #4715, 1000.000000000000000 ) ;
#4115 = VECTOR ( 'NONE', #818, 1000.000000000000000 ) ;
#4116 = VERTEX_POINT ( 'NONE', #4129 ) ;
#4117 = CARTESIAN_POINT ( 'NONE',  ( 6.500000000000001776, 20.00000000000000355, -25.61206842268426698 ) ) ;
#4118 = EDGE_CURVE ( 'NONE', #253, #4792, #557, .T. ) ;
#4119 = DIRECTION ( 'NONE',  ( -0.000000000000000000, 1.000000000000000000, 1.640715604224399445E-17 ) ) ;
#4120 = CARTESIAN_POINT ( 'NONE',  ( 28.99999999999999645, 0.000000000000000000, -34.99999999999999289 ) ) ;
#4121 = EDGE_CURVE ( 'NONE', #3860, #2792, #2735, .T. ) ;
#4122 = AXIS2_PLACEMENT_3D ( 'NONE', #937, #3254, #2877 ) ;
#4123 = ORIENTED_EDGE ( 'NONE', *, *, #4262, .F. ) ;
#4124 = CARTESIAN_POINT ( 'NONE',  ( 28.70910346561912263, 14.40000000000000568, 48.50000000000000000 ) ) ;
#4125 =( BOUNDED_CURVE ( )  B_SPLINE_CURVE ( 3, ( #2870, #3940, #1287, #2085 ),
 .UNSPECIFIED., .F., .F. ) 
 B_SPLINE_CURVE_WITH_KNOTS ( ( 4, 4 ),
 ( 3.141592653589793116, 6.283185307179586232 ),
 .UNSPECIFIED. ) 
 CURVE ( )  GEOMETRIC_REPRESENTATION_ITEM ( )  RATIONAL_B_SPLINE_CURVE ( ( 1.000000000000000000, 0.3333333333333333703, 0.3333333333333333703, 1.000000000000000000 ) ) 
 REPRESENTATION_ITEM ( '' )  );
#4126 = DIRECTION ( 'NONE',  ( 0.000000000000000000, 1.640715604224399445E-17, -1.000000000000000000 ) ) ;
#4127 = CARTESIAN_POINT ( 'NONE',  ( 0.000000000000000000, 3.000000000000000000, 0.000000000000000000 ) ) ;
#4128 = EDGE_CURVE ( 'NONE', #3726, #596, #4721, .T. ) ;
#4129 = CARTESIAN_POINT ( 'NONE',  ( 35.00000000000000000, 0.000000000000000000, -41.00000000000000000 ) ) ;
#4130 = ADVANCED_FACE ( 'NONE', ( #3363 ), #668, .T. ) ;
#4131 = VERTEX_POINT ( 'NONE', #296 ) ;
#4132 = LINE ( 'NONE', #3341, #4898 ) ;
#4133 = ORIENTED_EDGE ( 'NONE', *, *, #42, .T. ) ;
#4134 = DIRECTION ( 'NONE',  ( 0.000000000000000000, -1.000000000000000000, 0.000000000000000000 ) ) ;
#4135 = DIRECTION ( 'NONE',  ( 0.000000000000000000, -1.000000000000000000, 0.000000000000000000 ) ) ;
#4136 = DIRECTION ( 'NONE',  ( 0.000000000000000000, 0.000000000000000000, 1.000000000000000000 ) ) ;
#4137 = CARTESIAN_POINT ( 'NONE',  ( 47.00000000000001421, 20.00000000000000711, -40.50000000000000000 ) ) ;
#4138 = ORIENTED_EDGE ( 'NONE', *, *, #1580, .T. ) ;
#4139 = DIRECTION ( 'NONE',  ( 0.000000000000000000, 1.000000000000000000, 0.000000000000000000 ) ) ;
#4140 = ORIENTED_EDGE ( 'NONE', *, *, #577, .T. ) ;
#4141 = VECTOR ( 'NONE', #895, 1000.000000000000000 ) ;
#4142 = LINE ( 'NONE', #710, #1041 ) ;
#4143 = CARTESIAN_POINT ( 'NONE',  ( -45.00000000000000000, 23.00000000000000000, -29.00000000000000000 ) ) ;
#4144 = EDGE_CURVE ( 'NONE', #614, #2653, #1477, .T. ) ;
#4145 = LINE ( 'NONE', #1196, #4482 ) ;
#4146 = VECTOR ( 'NONE', #1237, 1000.000000000000000 ) ;
#4147 = AXIS2_PLACEMENT_3D ( 'NONE', #4635, #351, #4934 ) ;
#4148 = AXIS2_PLACEMENT_3D ( 'NONE', #3816, #376, #1186 ) ;
#4149 = ORIENTED_EDGE ( 'NONE', *, *, #541, .F. ) ;
#4150 = DIRECTION ( 'NONE',  ( -0.000000000000000000, 1.000000000000000000, 1.640715604224399445E-17 ) ) ;
#4151 = DIRECTION ( 'NONE',  ( 0.000000000000000000, 0.000000000000000000, -1.000000000000000000 ) ) ;
#4152 = ORIENTED_EDGE ( 'NONE', *, *, #2946, .F. ) ;
#4153 = DIRECTION ( 'NONE',  ( 0.000000000000000000, 0.000000000000000000, 1.000000000000000000 ) ) ;
#4154 =( GEOMETRIC_REPRESENTATION_CONTEXT ( 3 ) GLOBAL_UNCERTAINTY_ASSIGNED_CONTEXT ( ( #4634 ) ) GLOBAL_UNIT_ASSIGNED_CONTEXT ( ( #1372, #3724, #1796 ) ) REPRESENTATION_CONTEXT ( 'NONE', 'WORKASPACE' ) );
#4155 = DIRECTION ( 'NONE',  ( 0.000000000000000000, 0.000000000000000000, -1.000000000000000000 ) ) ;
#4156 = ORIENTED_EDGE ( 'NONE', *, *, #362, .F. ) ;
#4157 = EDGE_CURVE ( 'NONE', #2047, #2284, #2564, .T. ) ;
#4158 = CARTESIAN_POINT ( 'NONE',  ( 32.00000000000000000, 2.000000000000005329, 46.85000000000000142 ) ) ;
#4159 = ORIENTED_EDGE ( 'NONE', *, *, #3193, .F. ) ;
#4160 = CARTESIAN_POINT ( 'NONE',  ( 50.35455173280956132, 14.40000000000000568, -26.85000000000001918 ) ) ;
#4161 = DIRECTION ( 'NONE',  ( -0.000000000000000000, 1.000000000000000000, -0.000000000000000000 ) ) ;
#4162 = AXIS2_PLACEMENT_3D ( 'NONE', #2104, #1678, #518 ) ;
#4163 = CARTESIAN_POINT ( 'NONE',  ( -20.70000000000000995, 3.000000000000000000, -43.00000000000000711 ) ) ;
#4164 = EDGE_CURVE ( 'NONE', #380, #2762, #1452, .T. ) ;
#4165 = PLANE ( 'NONE',  #592 ) ;
#4166 = CARTESIAN_POINT ( 'NONE',  ( 34.84397013045816749, 0.000000000000000000, -33.82200223872997924 ) ) ;
#4167 = ORIENTED_EDGE ( 'NONE', *, *, #144, .T. ) ;
#4168 = LINE ( 'NONE', #1543, #4413 ) ;
#4169 = EDGE_CURVE ( 'NONE', #440, #1533, #595, .T. ) ;
#4170 = AXIS2_PLACEMENT_3D ( 'NONE', #3292, #4431, #667 ) ;
#4171 = VERTEX_POINT ( 'NONE', #2969 ) ;
#4172 = CARTESIAN_POINT ( 'NONE',  ( 0.000000000000000000, 20.00000000000001066, 3.281431208448800122E-16 ) ) ;
#4173 = DIRECTION ( 'NONE',  ( 0.000000000000000000, 0.000000000000000000, -1.000000000000000000 ) ) ;
#4174 = ADVANCED_FACE ( 'NONE', ( #694 ), #4835, .F. ) ;
#4175 = CARTESIAN_POINT ( 'NONE',  ( 0.000000000000000000, 20.00000000000000355, -71.54700538379245245 ) ) ;
#4176 = VECTOR ( 'NONE', #2217, 1000.000000000000000 ) ;
#4177 = ORIENTED_EDGE ( 'NONE', *, *, #1328, .T. ) ;
#4178 = DIRECTION ( 'NONE',  ( 0.000000000000000000, -1.000000000000000000, 0.000000000000000000 ) ) ;
#4179 = CIRCLE ( 'NONE', #3476, 59.54700538379245955 ) ;
#4180 = LINE ( 'NONE', #2258, #2557 ) ;
#4181 = EDGE_LOOP ( 'NONE', ( #3886, #4529, #3657, #1957 ) ) ;
#4182 = DIRECTION ( 'NONE',  ( 0.000000000000000000, 0.000000000000000000, 1.000000000000000000 ) ) ;
#4183 = CARTESIAN_POINT ( 'NONE',  ( 34.76969600708473251, 3.000000000000000000, -6.000000000000000000 ) ) ;
#4184 = ORIENTED_EDGE ( 'NONE', *, *, #4351, .T. ) ;
#4185 = CARTESIAN_POINT ( 'NONE',  ( -25.23030399291527104, 3.000000000000000000, -6.000000000000000000 ) ) ;
#4186 = ORIENTED_EDGE ( 'NONE', *, *, #4121, .F. ) ;
#4187 = FACE_OUTER_BOUND ( 'NONE', #1810, .T. ) ;
#4188 = CARTESIAN_POINT ( 'NONE',  ( -30.35455173280956132, 14.40000000000000568, 45.65000000000001990 ) ) ;
#4189 = LINE ( 'NONE', #4563, #1996 ) ;
#4190 = ADVANCED_FACE ( 'NONE', ( #1052 ), #224, .F. ) ;
#4191 = LINE ( 'NONE', #3081, #3096 ) ;
#4192 = DIRECTION ( 'NONE',  ( 0.000000000000000000, 1.000000000000000000, 0.000000000000000000 ) ) ;
#4193 = ORIENTED_EDGE ( 'NONE', *, *, #4322, .T. ) ;
#4194 = PLANE ( 'NONE',  #1544 ) ;
#4195 = ORIENTED_EDGE ( 'NONE', *, *, #571, .F. ) ;
#4196 = CARTESIAN_POINT ( 'NONE',  ( -9.000000000000007105, 20.00174510857143417, -46.00000000000000000 ) ) ;
#4197 = DIRECTION ( 'NONE',  ( 1.000000000000000000, 0.000000000000000000, 0.000000000000000000 ) ) ;
#4198 = DIRECTION ( 'NONE',  ( 0.000000000000000000, -1.000000000000000000, -1.640715604224399445E-17 ) ) ;
#4199 = CIRCLE ( 'NONE', #761, 1.650000000000002132 ) ;
#4200 = ORIENTED_EDGE ( 'NONE', *, *, #613, .F. ) ;
#4201 = CARTESIAN_POINT ( 'NONE',  ( -12.00000000000000888, 0.000000000000000000, -55.00000000000000000 ) ) ;
#4202 = FACE_OUTER_BOUND ( 'NONE', #1836, .T. ) ;
#4203 = ORIENTED_EDGE ( 'NONE', *, *, #4859, .T. ) ;
#4204 = CARTESIAN_POINT ( 'NONE',  ( 0.000000000000000000, 20.00000000000000355, 3.281431208448799629E-16 ) ) ;
#4205 = DIRECTION ( 'NONE',  ( -1.000000000000000000, -0.000000000000000000, -0.000000000000000000 ) ) ;
#4206 = ORIENTED_EDGE ( 'NONE', *, *, #772, .T. ) ;
#4207 = LINE ( 'NONE', #1428, #20 ) ;
#4208 = ORIENTED_EDGE ( 'NONE', *, *, #2730, .F. ) ;
#4209 = ADVANCED_FACE ( 'NONE', ( #4052 ), #2163, .F. ) ;
#4210 = LINE ( 'NONE', #4259, #1060 ) ;
#4211 = DIRECTION ( 'NONE',  ( 0.000000000000000000, 1.000000000000000000, 1.640715604224399445E-17 ) ) ;
#4212 = FACE_OUTER_BOUND ( 'NONE', #528, .T. ) ;
#4213 = DIRECTION ( 'NONE',  ( 0.000000000000000000, 1.000000000000000000, 0.000000000000000000 ) ) ;
#4214 = CARTESIAN_POINT ( 'NONE',  ( -36.49999999999999289, 23.00000000000000000, -15.50000000000000711 ) ) ;
#4215 = VERTEX_POINT ( 'NONE', #2189 ) ;
#4216 = DIRECTION ( 'NONE',  ( 0.000000000000000000, 0.000000000000000000, 1.000000000000000000 ) ) ;
#4217 = ADVANCED_FACE ( 'NONE', ( #3713 ), #3339, .F. ) ;
#4218 = ORIENTED_EDGE ( 'NONE', *, *, #591, .F. ) ;
#4219 = DIRECTION ( 'NONE',  ( -2.312964634635744633E-15, 1.000000000000000000, -0.000000000000000000 ) ) ;
#4220 = DIRECTION ( 'NONE',  ( -0.000000000000000000, 1.000000000000000000, 1.640715604224399445E-17 ) ) ;
#4221 = CARTESIAN_POINT ( 'NONE',  ( -33.64544826719041026, 14.40000000000000568, 51.34999999999998010 ) ) ;
#4222 = ORIENTED_EDGE ( 'NONE', *, *, #2666, .F. ) ;
#4223 = CARTESIAN_POINT ( 'NONE',  ( -55.64544826719042447, 14.40000000000000568, -24.84999999999997655 ) ) ;
#4224 = CARTESIAN_POINT ( 'NONE',  ( -32.00000000000000000, 2.000000000000005329, 48.50000000000000000 ) ) ;
#4225 = ORIENTED_EDGE ( 'NONE', *, *, #3144, .T. ) ;
#4226 = AXIS2_PLACEMENT_3D ( 'NONE', #4511, #2975, #1761 ) ;
#4227 = LINE ( 'NONE', #3810, #2811 ) ;
#4228 = AXIS2_PLACEMENT_3D ( 'NONE', #4479, #2943, #642 ) ;
#4229 = ADVANCED_FACE ( 'NONE', ( #4930 ), #26, .T. ) ;
#4230 = AXIS2_PLACEMENT_3D ( 'NONE', #4888, #3690, #1482 ) ;
#4231 = EDGE_LOOP ( 'NONE', ( #2717, #2842, #965, #472 ) ) ;
#4232 = ORIENTED_EDGE ( 'NONE', *, *, #2115, .F. ) ;
#4233 = VERTEX_POINT ( 'NONE', #1578 ) ;
#4234 = CARTESIAN_POINT ( 'NONE',  ( 52.00000000000000000, 14.40000000000000568, -25.64999999999999503 ) ) ;
#4235 = PLANE ( 'NONE',  #647 ) ;
#4236 = CARTESIAN_POINT ( 'NONE',  ( 32.00000000000000000, 2.000000000000005329, 48.50000000000000000 ) ) ;
#4237 = DIRECTION ( 'NONE',  ( 0.5000000000000008882, 0.000000000000000000, -0.8660254037844381525 ) ) ;
#4238 = VECTOR ( 'NONE', #1857, 1000.000000000000000 ) ;
#4239 = VECTOR ( 'NONE', #2205, 1000.000000000000000 ) ;
#4240 = DIRECTION ( 'NONE',  ( 0.000000000000000000, 0.000000000000000000, 1.000000000000000000 ) ) ;
#4241 = VERTEX_POINT ( 'NONE', #2262 ) ;
#4242 = EDGE_CURVE ( 'NONE', #2642, #2382, #4227, .T. ) ;
#4243 = AXIS2_PLACEMENT_3D ( 'NONE', #3826, #4545, #4247 ) ;
#4244 = ORIENTED_EDGE ( 'NONE', *, *, #3309, .F. ) ;
#4245 = DIRECTION ( 'NONE',  ( 0.000000000000000000, 0.000000000000000000, 1.000000000000000000 ) ) ;
#4246 = EDGE_CURVE ( 'NONE', #3168, #1063, #3095, .T. ) ;
#4247 = DIRECTION ( 'NONE',  ( 0.000000000000000000, 0.000000000000000000, 1.000000000000000000 ) ) ;
#4248 = ADVANCED_FACE ( 'NONE', ( #395 ), #749, .T. ) ;
#4249 = VERTEX_POINT ( 'NONE', #1129 ) ;
#4250 = CARTESIAN_POINT ( 'NONE',  ( -54.00000000000000000, 2.000000000000005329, -20.35000000000000497 ) ) ;
#4251 = CIRCLE ( 'NONE', #3545, 1.649999999999995248 ) ;
#4252 = LINE ( 'NONE', #2283, #951 ) ;
#4253 = VERTEX_POINT ( 'NONE', #70 ) ;
#4254 = CARTESIAN_POINT ( 'NONE',  ( -30.00000000000000000, 0.09999999999998930578, 6.000000000000000000 ) ) ;
#4255 = VERTEX_POINT ( 'NONE', #2360 ) ;
#4256 = ORIENTED_EDGE ( 'NONE', *, *, #1932, .F. ) ;
#4257 = ORIENTED_EDGE ( 'NONE', *, *, #2513, .F. ) ;
#4258 = CIRCLE ( 'NONE', #2105, 65.00000000000014211 ) ;
#4259 = CARTESIAN_POINT ( 'NONE',  ( -49.51540162293194669, 10.00000000000000000, -37.31253143542772222 ) ) ;
#4260 = CARTESIAN_POINT ( 'NONE',  ( -2.499999999999993339, 0.000000000000000000, -54.00000000000000711 ) ) ;
#4261 = DIRECTION ( 'NONE',  ( 0.000000000000000000, 0.000000000000000000, 1.000000000000000000 ) ) ;
#4262 = EDGE_CURVE ( 'NONE', #1248, #497, #2569, .T. ) ;
#4263 = PLANE ( 'NONE',  #1802 ) ;
#4264 = CARTESIAN_POINT ( 'NONE',  ( -45.00000000000000000, 2.999999999999999112, -29.00000000000000000 ) ) ;
#4265 = ORIENTED_EDGE ( 'NONE', *, *, #2271, .T. ) ;
#4266 = ADVANCED_FACE ( 'NONE', ( #347 ), #1881, .T. ) ;
#4267 = ORIENTED_EDGE ( 'NONE', *, *, #4956, .F. ) ;
#4268 = ORIENTED_EDGE ( 'NONE', *, *, #811, .F. ) ;
#4269 = DIRECTION ( 'NONE',  ( -0.000000000000000000, 0.000000000000000000, 1.000000000000000000 ) ) ;
#4270 = CARTESIAN_POINT ( 'NONE',  ( -32.24999999999998579, 20.00000000000000000, 35.60000000000000142 ) ) ;
#4271 = VERTEX_POINT ( 'NONE', #3437 ) ;
#4272 = EDGE_CURVE ( 'NONE', #2662, #2011, #2665, .T. ) ;
#4273 = CARTESIAN_POINT ( 'NONE',  ( -45.00000000000000000, 2.999999999999999112, -30.65000000000000213 ) ) ;
#4274 = ADVANCED_FACE ( 'NONE', ( #771 ), #1179, .T. ) ;
#4275 = DIRECTION ( 'NONE',  ( 0.000000000000000000, -0.9848077530122080203, 0.1736481776669306643 ) ) ;
#4276 = EDGE_LOOP ( 'NONE', ( #1628, #2408, #197, #2421 ) ) ;
#4277 = FACE_OUTER_BOUND ( 'NONE', #3934, .T. ) ;
#4278 = AXIS2_PLACEMENT_3D ( 'NONE', #767, #1827, #1899 ) ;
#4279 = EDGE_LOOP ( 'NONE', ( #2311, #4457, #1240, #3112, #74, #3691, #4723, #2817, #1103, #496 ) ) ;
#4280 = ORIENTED_EDGE ( 'NONE', *, *, #2060, .T. ) ;
#4281 = EDGE_LOOP ( 'NONE', ( #4580, #2577, #445, #4140 ) ) ;
#4282 = VECTOR ( 'NONE', #2479, 1000.000000000000000 ) ;
#4283 = EDGE_CURVE ( 'NONE', #3799, #4106, #1501, .T. ) ;
#4284 = EDGE_CURVE ( 'NONE', #4734, #1127, #720, .T. ) ;
#4285 = DIRECTION ( 'NONE',  ( 0.000000000000000000, -1.640715604224399137E-17, 1.000000000000000000 ) ) ;
#4286 = CARTESIAN_POINT ( 'NONE',  ( -54.00000000000000000, 2.000000000000005329, -22.00000000000000000 ) ) ;
#4287 = CARTESIAN_POINT ( 'NONE',  ( -32.00000000000000000, 2.000000000000005329, 46.85000000000000142 ) ) ;
#4288 = CARTESIAN_POINT ( 'NONE',  ( -6.500000000000001776, 20.00000000000000355, -25.61206842268426698 ) ) ;
#4289 = DIRECTION ( 'NONE',  ( 0.000000000000000000, -1.640715604224399445E-17, 1.000000000000000000 ) ) ;
#4290 = VERTEX_POINT ( 'NONE', #3881 ) ;
#4291 = ORIENTED_EDGE ( 'NONE', *, *, #2207, .F. ) ;
#4292 = DIRECTION ( 'NONE',  ( 0.000000000000000000, -1.000000000000000000, -1.640715604224399445E-17 ) ) ;
#4293 = DIRECTION ( 'NONE',  ( -1.000000000000000000, 0.000000000000000000, 0.000000000000000000 ) ) ;
#4294 = CARTESIAN_POINT ( 'NONE',  ( -30.35455173280956132, 14.40000000000000568, 45.65000000000001990 ) ) ;
#4295 = ORIENTED_EDGE ( 'NONE', *, *, #1100, .T. ) ;
#4296 = EDGE_CURVE ( 'NONE', #3744, #4808, #3468, .T. ) ;
#4297 = DIRECTION ( 'NONE',  ( 0.8660254037844389297, 0.000000000000000000, -0.4999999999999995559 ) ) ;
#4298 = DIRECTION ( 'NONE',  ( 0.000000000000000000, 0.000000000000000000, 1.000000000000000000 ) ) ;
#4299 = ORIENTED_EDGE ( 'NONE', *, *, #1888, .F. ) ;
#4300 = ADVANCED_FACE ( 'NONE', ( #1201 ), #1101, .T. ) ;
#4301 = FACE_BOUND ( 'NONE', #4742, .T. ) ;
#4302 = VERTEX_POINT ( 'NONE', #4183 ) ;
#4303 = ORIENTED_EDGE ( 'NONE', *, *, #1249, .T. ) ;
#4304 = ORIENTED_EDGE ( 'NONE', *, *, #2405, .T. ) ;
#4305 = VECTOR ( 'NONE', #3829, 1000.000000000000000 ) ;
#4306 = FACE_OUTER_BOUND ( 'NONE', #1990, .T. ) ;
#4307 = PLANE ( 'NONE',  #4890 ) ;
#4308 = FACE_OUTER_BOUND ( 'NONE', #3265, .T. ) ;
#4309 = EDGE_CURVE ( 'NONE', #1024, #60, #371, .T. ) ;
#4310 = VECTOR ( 'NONE', #55, 1000.000000000000000 ) ;
#4311 = VECTOR ( 'NONE', #2991, 1000.000000000000000 ) ;
#4312 = VECTOR ( 'NONE', #4056, 1000.000000000000000 ) ;
#4313 = LINE ( 'NONE', #2560, #2936 ) ;
#4314 = DIRECTION ( 'NONE',  ( 0.000000000000000000, 1.000000000000000000, 0.000000000000000000 ) ) ;
#4315 = ORIENTED_EDGE ( 'NONE', *, *, #4954, .F. ) ;
#4316 = LINE ( 'NONE', #3176, #2556 ) ;
#4317 = ORIENTED_EDGE ( 'NONE', *, *, #784, .F. ) ;
#4318 = AXIS2_PLACEMENT_3D ( 'NONE', #2235, #1404, #2214 ) ;
#4319 = CIRCLE ( 'NONE', #1289, 1.649999999999998579 ) ;
#4320 = EDGE_LOOP ( 'NONE', ( #1742, #3737, #671, #1499, #1861, #4232, #4421, #925, #3887, #579 ) ) ;
#4321 = CARTESIAN_POINT ( 'NONE',  ( 55.29089653438087026, 17.00000000000000355, -23.99999999999999289 ) ) ;
#4322 = EDGE_CURVE ( 'NONE', #2891, #924, #159, .T. ) ;
#4323 = B_SPLINE_SURFACE_WITH_KNOTS ( 'NONE', 3, 1, ( 
 ( #2525, #2856 ),
 ( #3274, #582 ),
 ( #2471, #1346 ),
 ( #1740, #1764 ),
 ( #2931, #1035 ),
 ( #1008, #3346 ),
 ( #655, #3302 ),
 ( #4822, #4062 ),
 ( #1062, #2199 ),
 ( #2245, #2600 ),
 ( #3743, #2952 ),
 ( #1487, #3373 ),
 ( #4915, #1390 ),
 ( #2224, #2649 ),
 ( #4440, #2547 ),
 ( #678, #4844 ),
 ( #3697, #4166 ),
 ( #3720, #3769 ),
 ( #628, #2175 ),
 ( #1866, #4537 ),
 ( #4111, #262 ),
 ( #4513, #303 ),
 ( #1793, #1817 ),
 ( #284, #4491 ),
 ( #4893, #3324 ),
 ( #334, #1413 ),
 ( #1111, #1843 ),
 ( #3027, #734 ),
 ( #4137, #1464 ),
 ( #4866, #3002 ) ),
 .UNSPECIFIED., .T., .F., .F.,
 ( 4, 1, 1, 1, 1, 1, 1, 1, 2, 1, 1, 1, 2, 1, 1, 1, 1, 1, 1, 1, 2, 1, 1, 1, 4 ),
 ( 2, 2 ),
 ( 0.000000000000000000, 0.03818846689697855817, 0.07637693379395711635, 0.1145654006909356815, 0.1527538675879142327, 0.1909423344848927839, 0.2291308013818713629, 0.2673192682788498864, 0.3055077351758285209, 0.3541308013818713629, 0.4027538675879143160, 0.4513769337939571580, 0.5000000000000000000, 0.5381884668969785235, 0.5763769337939570470, 0.6145654006909355704, 0.6527538675879143160, 0.6909423344848928394, 0.7291308013818714739, 0.7673192682788499974, 0.8055077351758285209, 0.8541308013818714739, 0.9027538675879143160, 0.9513769337939570470, 1.000000000000000000 ),
 ( 0.000000000000000000, 1.000000000000000000 ),
 .UNSPECIFIED. ) ;
#4324 = PLANE ( 'NONE',  #2191 ) ;
#4325 = VECTOR ( 'NONE', #2959, 1000.000000000000114 ) ;
#4326 = CARTESIAN_POINT ( 'NONE',  ( -4.087713240271449777, 17.00000000000000000, -51.25000000000001421 ) ) ;
#4327 = ORIENTED_EDGE ( 'NONE', *, *, #3161, .F. ) ;
#4328 = EDGE_CURVE ( 'NONE', #3744, #4241, #2693, .T. ) ;
#4329 = DIRECTION ( 'NONE',  ( 0.000000000000000000, 0.000000000000000000, -1.000000000000000000 ) ) ;
#4330 = CARTESIAN_POINT ( 'NONE',  ( 0.6754264805429432972, 17.00000000000000000, -54.00000000000001421 ) ) ;
#4331 = DIRECTION ( 'NONE',  ( -3.854941057726238097E-16, 1.640715604224399445E-17, -1.000000000000000000 ) ) ;
#4332 = AXIS2_PLACEMENT_3D ( 'NONE', #311, #2604, #2627 ) ;
#4333 = ORIENTED_EDGE ( 'NONE', *, *, #3554, .T. ) ;
#4334 = EDGE_LOOP ( 'NONE', ( #1370, #1207, #3167, #3019 ) ) ;
#4335 = ORIENTED_EDGE ( 'NONE', *, *, #3444, .T. ) ;
#4336 = VECTOR ( 'NONE', #4782, 1000.000000000000000 ) ;
#4337 = CARTESIAN_POINT ( 'NONE',  ( -36.49999999999999289, 9.299999999999990052, 41.49999999999999289 ) ) ;
#4338 = FACE_BOUND ( 'NONE', #2984, .T. ) ;
#4339 = PLANE ( 'NONE',  #2882 ) ;
#4340 = DIRECTION ( 'NONE',  ( -1.000000000000000000, 0.000000000000000000, 0.000000000000000000 ) ) ;
#4341 = EDGE_CURVE ( 'NONE', #919, #2972, #3058, .T. ) ;
#4342 = DIRECTION ( 'NONE',  ( 0.000000000000000000, -1.000000000000000000, 0.000000000000000000 ) ) ;
#4343 = ORIENTED_EDGE ( 'NONE', *, *, #4328, .F. ) ;
#4344 = CARTESIAN_POINT ( 'NONE',  ( 53.00000000000000000, 20.00000000000000355, -34.99999999999999289 ) ) ;
#4345 = AXIS2_PLACEMENT_3D ( 'NONE', #2027, #3580, #2549 ) ;
#4346 = CIRCLE ( 'NONE', #1550, 1.650000000000002132 ) ;
#4347 = ORIENTED_EDGE ( 'NONE', *, *, #4913, .F. ) ;
#4348 = DIRECTION ( 'NONE',  ( -1.000000000000000000, 0.000000000000000000, 0.000000000000000000 ) ) ;
#4349 = DIRECTION ( 'NONE',  ( 0.000000000000000000, 0.000000000000000000, -1.000000000000000000 ) ) ;
#4350 = CARTESIAN_POINT ( 'NONE',  ( -4.087713240271449777, 3.000000000000000000, -51.25000000000001421 ) ) ;
#4351 = EDGE_CURVE ( 'NONE', #1577, #2044, #922, .T. ) ;
#4352 = EDGE_LOOP ( 'NONE', ( #167, #2255, #2100, #3494 ) ) ;
#4353 = CARTESIAN_POINT ( 'NONE',  ( -41.78119462962513353, 20.00000000000000000, -49.79288880273351481 ) ) ;
#4354 = DIRECTION ( 'NONE',  ( 0.000000000000000000, 1.000000000000000000, 0.000000000000000000 ) ) ;
#4355 = DIRECTION ( 'NONE',  ( -0.000000000000000000, 1.000000000000000000, 1.640715604224399445E-17 ) ) ;
#4356 = EDGE_LOOP ( 'NONE', ( #3241, #2147 ) ) ;
#4357 = EDGE_LOOP ( 'NONE', ( #4020, #2312, #2794, #4485 ) ) ;
#4358 = ORIENTED_EDGE ( 'NONE', *, *, #2364, .F. ) ;
#4359 = CIRCLE ( 'NONE', #4918, 1.649999999999995248 ) ;
#4360 = LINE ( 'NONE', #3221, #1752 ) ;
#4361 = PLANE ( 'NONE',  #90 ) ;
#4362 = DIRECTION ( 'NONE',  ( -0.000000000000000000, 1.000000000000000000, -0.000000000000000000 ) ) ;
#4363 = EDGE_CURVE ( 'NONE', #497, #425, #3585, .T. ) ;
#4364 = ORIENTED_EDGE ( 'NONE', *, *, #1489, .F. ) ;
#4365 = PLANE ( 'NONE',  #1563 ) ;
#4366 = LINE ( 'NONE', #2090, #3752 ) ;
#4367 = EDGE_LOOP ( 'NONE', ( #1709, #926, #4656, #2091, #4518, #123 ) ) ;
#4368 = DIRECTION ( 'NONE',  ( 0.000000000000000000, 0.000000000000000000, 1.000000000000000000 ) ) ;
#4369 = AXIS2_PLACEMENT_3D ( 'NONE', #2622, #4089, #4461 ) ;
#4370 = VERTEX_POINT ( 'NONE', #141 ) ;
#4371 = LINE ( 'NONE', #2904, #1619 ) ;
#4372 = CARTESIAN_POINT ( 'NONE',  ( -45.00000000000000000, 3.000000000000000000, 13.00000000000000178 ) ) ;
#4373 = DIRECTION ( 'NONE',  ( -1.000000000000000000, 0.000000000000000000, -0.000000000000000000 ) ) ;
#4374 = ORIENTED_EDGE ( 'NONE', *, *, #3193, .T. ) ;
#4375 = PLANE ( 'NONE',  #838 ) ;
#4376 = FACE_OUTER_BOUND ( 'NONE', #2670, .T. ) ;
#4377 = CARTESIAN_POINT ( 'NONE',  ( -9.000000000000015987, 20.00000000000000355, -71.54700538379245245 ) ) ;
#4378 = ORIENTED_EDGE ( 'NONE', *, *, #2687, .T. ) ;
#4379 = EDGE_LOOP ( 'NONE', ( #246, #824 ) ) ;
#4380 = DIRECTION ( 'NONE',  ( -0.000000000000000000, 1.000000000000000000, 1.640715604224399445E-17 ) ) ;
#4381 = DIRECTION ( 'NONE',  ( 0.000000000000000000, 0.000000000000000000, 1.000000000000000000 ) ) ;
#4382 = EDGE_CURVE ( 'NONE', #2485, #3059, #3211, .T. ) ;
#4383 = LINE ( 'NONE', #2112, #2652 ) ;
#4384 = ORIENTED_EDGE ( 'NONE', *, *, #1260, .F. ) ;
#4385 = DIRECTION ( 'NONE',  ( 0.000000000000000000, 1.000000000000000000, 0.000000000000000000 ) ) ;
#4386 = VECTOR ( 'NONE', #2253, 1000.000000000000000 ) ;
#4387 = VECTOR ( 'NONE', #2742, 1000.000000000000000 ) ;
#4388 = VECTOR ( 'NONE', #3392, 1000.000000000000000 ) ;
#4389 = EDGE_CURVE ( 'NONE', #3786, #4112, #2250, .T. ) ;
#4390 = VERTEX_POINT ( 'NONE', #2814 ) ;
#4391 = FACE_OUTER_BOUND ( 'NONE', #1502, .T. ) ;
#4392 = DIRECTION ( 'NONE',  ( -0.000000000000000000, 1.000000000000000000, 1.640715604224399445E-17 ) ) ;
#4393 = DIRECTION ( 'NONE',  ( 0.000000000000000000, 0.000000000000000000, 1.000000000000000000 ) ) ;
#4394 = CIRCLE ( 'NONE', #4555, 1.649999999999998579 ) ;
#4395 = ORIENTED_EDGE ( 'NONE', *, *, #1324, .F. ) ;
#4396 = EDGE_CURVE ( 'NONE', #3391, #785, #896, .T. ) ;
#4397 = CARTESIAN_POINT ( 'NONE',  ( 36.50000000000001421, 9.299999999999998934, 41.49999999999999289 ) ) ;
#4398 = VECTOR ( 'NONE', #4331, 1000.000000000000000 ) ;
#4399 = ADVANCED_FACE ( 'NONE', ( #2481 ), #3188, .T. ) ;
#4400 = LINE ( 'NONE', #2986, #4786 ) ;
#4401 = CARTESIAN_POINT ( 'NONE',  ( -55.64544826719042447, 14.40000000000000568, -24.84999999999997655 ) ) ;
#4402 = EDGE_CURVE ( 'NONE', #1642, #4792, #4002, .T. ) ;
#4403 = ORIENTED_EDGE ( 'NONE', *, *, #859, .F. ) ;
#4404 = ORIENTED_EDGE ( 'NONE', *, *, #1058, .T. ) ;
#4405 = EDGE_LOOP ( 'NONE', ( #2592, #2361 ) ) ;
#4406 = DIRECTION ( 'NONE',  ( 0.5000000000000008882, 0.000000000000000000, -0.8660254037844381525 ) ) ;
#4407 = CARTESIAN_POINT ( 'NONE',  ( -45.00000000000000000, 13.63095238095237960, 15.90000000000000036 ) ) ;
#4408 = AXIS2_PLACEMENT_3D ( 'NONE', #4737, #125, #4381 ) ;
#4409 =( NAMED_UNIT ( * ) SI_UNIT ( $, .STERADIAN. ) SOLID_ANGLE_UNIT ( ) );
#4410 = ORIENTED_EDGE ( 'NONE', *, *, #730, .F. ) ;
#4411 = AXIS2_PLACEMENT_3D ( 'NONE', #888, #986, #1718 ) ;
#4412 = DIRECTION ( 'NONE',  ( 0.000000000000000000, 1.000000000000000000, 0.000000000000000000 ) ) ;
#4413 = VECTOR ( 'NONE', #2729, 1000.000000000000000 ) ;
#4414 = EDGE_LOOP ( 'NONE', ( #3619, #39, #1491, #443 ) ) ;
#4415 = AXIS2_PLACEMENT_3D ( 'NONE', #2472, #238, #3673 ) ;
#4416 = PLANE ( 'NONE',  #4411 ) ;
#4417 = ORIENTED_EDGE ( 'NONE', *, *, #2667, .F. ) ;
#4418 = EDGE_CURVE ( 'NONE', #1009, #1898, #3216, .T. ) ;
#4419 = CARTESIAN_POINT ( 'NONE',  ( 53.64544826719043158, 14.40000000000000568, -21.14999999999998082 ) ) ;
#4420 = CARTESIAN_POINT ( 'NONE',  ( 52.00000000000000000, 14.40000000000000568, -24.00000000000000000 ) ) ;
#4421 = ORIENTED_EDGE ( 'NONE', *, *, #2114, .F. ) ;
#4422 = DIRECTION ( 'NONE',  ( -0.000000000000000000, 0.9848077530122080203, -0.1736481776669306920 ) ) ;
#4423 = LINE ( 'NONE', #1800, #3356 ) ;
#4424 = FACE_OUTER_BOUND ( 'NONE', #4181, .T. ) ;
#4425 = EDGE_CURVE ( 'NONE', #4878, #4271, #1521, .T. ) ;
#4426 = ORIENTED_EDGE ( 'NONE', *, *, #4858, .T. ) ;
#4427 = EDGE_LOOP ( 'NONE', ( #4610, #2351 ) ) ;
#4428 = ORIENTED_EDGE ( 'NONE', *, *, #608, .F. ) ;
#4429 = EDGE_CURVE ( 'NONE', #424, #2277, #2434, .T. ) ;
#4430 = DIRECTION ( 'NONE',  ( 0.5000000000000003331, 0.000000000000000000, 0.8660254037844383745 ) ) ;
#4431 = DIRECTION ( 'NONE',  ( 0.000000000000000000, 1.000000000000000000, 0.000000000000000000 ) ) ;
#4432 = DIRECTION ( 'NONE',  ( 0.000000000000000000, 0.000000000000000000, 1.000000000000000000 ) ) ;
#4433 = ADVANCED_FACE ( 'NONE', ( #4277 ), #2457, .F. ) ;
#4434 = ORIENTED_EDGE ( 'NONE', *, *, #1680, .F. ) ;
#4435 = ADVANCED_FACE ( 'NONE', ( #2079, #3609, #193, #171, #843, #2383, #3932, #2007, #3536, #494, #96, #1705, #2034, #4755, #2790, #3564, #3240, #4301, #120 ), #4704, .F. ) ;
#4436 = LINE ( 'NONE', #3320, #4312 ) ;
#4437 = ORIENTED_EDGE ( 'NONE', *, *, #3900, .T. ) ;
#4438 = DIRECTION ( 'NONE',  ( 0.000000000000000000, -1.640715604224399445E-17, 1.000000000000000000 ) ) ;
#4439 = CARTESIAN_POINT ( 'NONE',  ( 35.00000000000000000, 0.000000000000000000, -39.50000000000002132 ) ) ;
#4440 = CARTESIAN_POINT ( 'NONE',  ( 52.99999999999999289, 20.00000000000000000, -35.50000000000000000 ) ) ;
#4441 = EDGE_LOOP ( 'NONE', ( #84, #4208, #1608, #4200 ) ) ;
#4442 = CARTESIAN_POINT ( 'NONE',  ( 33.64544826719042447, 17.00000000000000355, 51.35000000000000142 ) ) ;
#4443 = DIRECTION ( 'NONE',  ( 0.000000000000000000, -0.000000000000000000, 1.000000000000000000 ) ) ;
#4444 = ORIENTED_EDGE ( 'NONE', *, *, #78, .F. ) ;
#4445 = DIRECTION ( 'NONE',  ( 0.5000000000000004441, 0.000000000000000000, 0.8660254037844383745 ) ) ;
#4446 = DIRECTION ( 'NONE',  ( -1.000000000000000000, 0.000000000000000000, 0.000000000000000000 ) ) ;
#4447 = FACE_BOUND ( 'NONE', #1105, .T. ) ;
#4448 = VERTEX_POINT ( 'NONE', #994 ) ;
#4449 = DIRECTION ( 'NONE',  ( 0.000000000000000000, 0.000000000000000000, 1.000000000000000000 ) ) ;
#4450 = EDGE_CURVE ( 'NONE', #72, #4611, #2987, .T. ) ;
#4451 = CARTESIAN_POINT ( 'NONE',  ( 48.70910346561910842, 17.00000000000000355, -23.99999999999999645 ) ) ;
#4452 = CARTESIAN_POINT ( 'NONE',  ( -50.79999999999999716, 16.58619047619047748, 10.10000000000000142 ) ) ;
#4453 = DIRECTION ( 'NONE',  ( -0.8660254037844380415, 8.203578021122015713E-18, -0.5000000000000011102 ) ) ;
#4454 = ORIENTED_EDGE ( 'NONE', *, *, #2910, .F. ) ;
#4455 = ORIENTED_EDGE ( 'NONE', *, *, #823, .F. ) ;
#4456 = DIRECTION ( 'NONE',  ( 0.000000000000000000, 1.000000000000000000, 1.640715604224399445E-17 ) ) ;
#4457 = ORIENTED_EDGE ( 'NONE', *, *, #4954, .T. ) ;
#4458 = CARTESIAN_POINT ( 'NONE',  ( 52.00000000000000000, 2.000000000000005329, -24.00000000000000000 ) ) ;
#4459 = EDGE_CURVE ( 'NONE', #1951, #4012, #1419, .T. ) ;
#4460 = CARTESIAN_POINT ( 'NONE',  ( 34.99999999999997868, 0.000000000000000000, -36.49999999999998579 ) ) ;
#4461 = DIRECTION ( 'NONE',  ( 0.000000000000000000, 0.000000000000000000, 1.000000000000000000 ) ) ;
#4462 = EDGE_LOOP ( 'NONE', ( #3872, #3290, #949, #3145 ) ) ;
#4463 = VECTOR ( 'NONE', #699, 1000.000000000000000 ) ;
#4464 = CARTESIAN_POINT ( 'NONE',  ( 53.64544826719041737, 14.40000000000000568, -26.85000000000001918 ) ) ;
#4465 = APPLICATION_PROTOCOL_DEFINITION ( 'draft international standard', 'automotive_design', 1998, #2638 ) ;
#4466 = VECTOR ( 'NONE', #2618, 1000.000000000000000 ) ;
#4467 = AXIS2_PLACEMENT_3D ( 'NONE', #4028, #4126, #272 ) ;
#4468 = ORIENTED_EDGE ( 'NONE', *, *, #1551, .T. ) ;
#4469 = DIRECTION ( 'NONE',  ( -1.000000000000000000, 0.000000000000000000, 0.000000000000000000 ) ) ;
#4470 = DIRECTION ( 'NONE',  ( 0.4999999999999995559, 0.000000000000000000, -0.8660254037844389297 ) ) ;
#4471 = DIRECTION ( 'NONE',  ( -1.000000000000000000, 0.000000000000000000, 0.000000000000000000 ) ) ;
#4472 = AXIS2_PLACEMENT_3D ( 'NONE', #1767, #1038, #3327 ) ;
#4473 = EDGE_CURVE ( 'NONE', #3701, #3805, #269, .T. ) ;
#4474 = AXIS2_PLACEMENT_3D ( 'NONE', #1933, #3510, #821 ) ;
#4475 = ORIENTED_EDGE ( 'NONE', *, *, #1586, .T. ) ;
#4476 = CIRCLE ( 'NONE', #2331, 5.000000000000004441 ) ;
#4477 = VECTOR ( 'NONE', #1970, 1000.000000000000000 ) ;
#4478 = PLANE ( 'NONE',  #4278 ) ;
#4479 = CARTESIAN_POINT ( 'NONE',  ( 0.000000000000000000, 10.00000000000000000, 0.000000000000000000 ) ) ;
#4480 = DIRECTION ( 'NONE',  ( -0.000000000000000000, -0.000000000000000000, -1.000000000000000000 ) ) ;
#4481 = CARTESIAN_POINT ( 'NONE',  ( 25.23030399291526749, 3.000000000000000000, 6.000000000000000000 ) ) ;
#4482 = VECTOR ( 'NONE', #1549, 1000.000000000000000 ) ;
#4483 = VERTEX_POINT ( 'NONE', #4097 ) ;
#4484 = CARTESIAN_POINT ( 'NONE',  ( -32.24999999999999289, 0.000000000000000000, -12.90000000000000568 ) ) ;
#4485 = ORIENTED_EDGE ( 'NONE', *, *, #3005, .F. ) ;
#4486 = FACE_OUTER_BOUND ( 'NONE', #1448, .T. ) ;
#4487 = CARTESIAN_POINT ( 'NONE',  ( -0.9122867597285283514, 3.000000000000000000, -44.75000000000001421 ) ) ;
#4488 = EDGE_CURVE ( 'NONE', #3147, #3726, #313, .T. ) ;
#4489 = CARTESIAN_POINT ( 'NONE',  ( -2.499999999999993339, 2.999999999999999112, -40.35000000000000142 ) ) ;
#4490 = ADVANCED_FACE ( 'NONE', ( #4424 ), #1396, .F. ) ;
#4491 = CARTESIAN_POINT ( 'NONE',  ( 28.99999999999999645, -0.000000000000000000, -34.60730092143497671 ) ) ;
#4492 = EDGE_LOOP ( 'NONE', ( #4757, #4167 ) ) ;
#4493 = DIRECTION ( 'NONE',  ( -0.5000000000000011102, 0.000000000000000000, 0.8660254037844379305 ) ) ;
#4494 = CARTESIAN_POINT ( 'NONE',  ( 52.00000000000000000, 2.000000000000005329, -24.00000000000000000 ) ) ;
#4495 = VERTEX_POINT ( 'NONE', #586 ) ;
#4496 = EDGE_CURVE ( 'NONE', #4390, #2354, #2888, .T. ) ;
#4497 = AXIS2_PLACEMENT_3D ( 'NONE', #3496, #1983, #2268 ) ;
#4498 = CARTESIAN_POINT ( 'NONE',  ( -57.29089653438084895, 17.00000000000000355, -21.99999999999999289 ) ) ;
#4499 = CARTESIAN_POINT ( 'NONE',  ( 52.00000000000000000, 2.000000000000005329, -25.64999999999999503 ) ) ;
#4500 = DIRECTION ( 'NONE',  ( -0.4694715627858913609, -0.000000000000000000, -0.8829475928589265443 ) ) ;
#4501 = EDGE_CURVE ( 'NONE', #2905, #3347, #3455, .T. ) ;
#4502 = VERTEX_POINT ( 'NONE', #4876 ) ;
#4503 = CARTESIAN_POINT ( 'NONE',  ( 27.99999999999999645, -1.136835273038861628E-14, -6.000000000000000000 ) ) ;
#4504 = CARTESIAN_POINT ( 'NONE',  ( 0.000000000000000000, 3.000000000000000000, 0.000000000000000000 ) ) ;
#4505 = DIRECTION ( 'NONE',  ( -1.000000000000000000, 0.000000000000000000, 0.000000000000000000 ) ) ;
#4506 = DIRECTION ( 'NONE',  ( 0.5000000000000008882, 0.000000000000000000, -0.8660254037844381525 ) ) ;
#4507 = ORIENTED_EDGE ( 'NONE', *, *, #1397, .F. ) ;
#4508 = CYLINDRICAL_SURFACE ( 'NONE', #1782, 2.899999999999999911 ) ;
#4509 = EDGE_LOOP ( 'NONE', ( #2325, #3501 ) ) ;
#4510 = DIRECTION ( 'NONE',  ( -1.000000000000000000, 0.000000000000000000, 0.000000000000000000 ) ) ;
#4511 = CARTESIAN_POINT ( 'NONE',  ( -12.00000000000000533, 20.00000000000000355, -46.00000000000000000 ) ) ;
#4512 = CARTESIAN_POINT ( 'NONE',  ( 52.84397013045806801, 20.00000000000001776, -33.82200223872997213 ) ) ;
#4513 = CARTESIAN_POINT ( 'NONE',  ( 47.82342618513490606, 20.00000000000004263, -32.82336593897039734 ) ) ;
#4514 = ORIENTED_EDGE ( 'NONE', *, *, #2731, .T. ) ;
#4515 = DIRECTION ( 'NONE',  ( 0.000000000000000000, 0.000000000000000000, 1.000000000000000000 ) ) ;
#4516 = VECTOR ( 'NONE', #1942, 1000.000000000000000 ) ;
#4517 = VECTOR ( 'NONE', #1952, 1000.000000000000000 ) ;
#4518 = ORIENTED_EDGE ( 'NONE', *, *, #1434, .F. ) ;
#4519 = FACE_BOUND ( 'NONE', #4931, .T. ) ;
#4520 = CARTESIAN_POINT ( 'NONE',  ( -0.9122867597285283514, 17.00000000000000000, -44.75000000000001421 ) ) ;
#4521 = DIRECTION ( 'NONE',  ( 0.000000000000000000, 0.000000000000000000, 1.000000000000000000 ) ) ;
#4522 = EDGE_CURVE ( 'NONE', #4012, #4836, #2507, .T. ) ;
#4523 = ORIENTED_EDGE ( 'NONE', *, *, #798, .F. ) ;
#4524 = FACE_BOUND ( 'NONE', #3165, .T. ) ;
#4525 = EDGE_CURVE ( 'NONE', #596, #2354, #2154, .T. ) ;
#4526 = DIRECTION ( 'NONE',  ( -0.5000000000000002220, 0.000000000000000000, -0.8660254037844384856 ) ) ;
#4527 = DIRECTION ( 'NONE',  ( 0.000000000000000000, 1.000000000000000000, 0.000000000000000000 ) ) ;
#4528 = DIRECTION ( 'NONE',  ( 0.000000000000000000, 0.000000000000000000, -1.000000000000000000 ) ) ;
#4529 = ORIENTED_EDGE ( 'NONE', *, *, #3407, .T. ) ;
#4530 = CYLINDRICAL_SURFACE ( 'NONE', #1460, 3.250000000000000444 ) ;
#4531 = ORIENTED_EDGE ( 'NONE', *, *, #772, .F. ) ;
#4532 = EDGE_CURVE ( 'NONE', #2786, #350, #2129, .T. ) ;
#4533 = DIRECTION ( 'NONE',  ( -0.5000000000000006661, 0.000000000000000000, -0.8660254037844382635 ) ) ;
#4534 = CARTESIAN_POINT ( 'NONE',  ( -20.70000000000000995, 23.00000000000000000, -30.00000000000000711 ) ) ;
#4535 = DIRECTION ( 'NONE',  ( -0.8660254037844390407, 0.000000000000000000, -0.4999999999999993894 ) ) ;
#4536 = DIRECTION ( 'NONE',  ( 0.000000000000000000, 0.000000000000000000, -1.000000000000000000 ) ) ;
#4537 = CARTESIAN_POINT ( 'NONE',  ( 32.00000000000000000, 0.000000000000000000, -31.92178781622169481 ) ) ;
#4538 = EDGE_LOOP ( 'NONE', ( #2956, #1182, #3635, #4333 ) ) ;
#4539 = CARTESIAN_POINT ( 'NONE',  ( 0.6754264805429432972, 17.00000000000000000, -54.00000000000001421 ) ) ;
#4540 = EDGE_CURVE ( 'NONE', #4495, #3799, #4830, .T. ) ;
#4541 = ORIENTED_EDGE ( 'NONE', *, *, #4798, .T. ) ;
#4542 = VECTOR ( 'NONE', #1153, 1000.000000000000000 ) ;
#4543 = DIRECTION ( 'NONE',  ( 0.000000000000000000, -1.000000000000000000, 0.000000000000000000 ) ) ;
#4544 = CARTESIAN_POINT ( 'NONE',  ( -20.00000000000000000, 20.00000000000000355, 44.50000000000000000 ) ) ;
#4545 = DIRECTION ( 'NONE',  ( 0.000000000000000000, 1.000000000000000000, 0.000000000000000000 ) ) ;
#4546 = AXIS2_PLACEMENT_3D ( 'NONE', #4783, #3640, #502 ) ;
#4547 = VECTOR ( 'NONE', #904, 1000.000000000000000 ) ;
#4548 = CIRCLE ( 'NONE', #549, 3.000000000000002665 ) ;
#4549 = EDGE_LOOP ( 'NONE', ( #95, #3039, #2981, #3030, #3462, #570 ) ) ;
#4550 = EDGE_CURVE ( 'NONE', #2642, #2447, #2606, .T. ) ;
#4551 = DIRECTION ( 'NONE',  ( -0.8660254037844384856, -8.203578021122004928E-18, 0.5000000000000004441 ) ) ;
#4552 = CARTESIAN_POINT ( 'NONE',  ( -32.24999999999999289, 20.00000000000000000, -11.25000000000000711 ) ) ;
#4553 = VERTEX_POINT ( 'NONE', #4120 ) ;
#4554 = CARTESIAN_POINT ( 'NONE',  ( -33.64544826719041737, 14.40000000000000568, 45.65000000000001990 ) ) ;
#4555 = AXIS2_PLACEMENT_3D ( 'NONE', #1597, #3558, #65 ) ;
#4556 = DIRECTION ( 'NONE',  ( -1.217349807703022609E-16, 0.000000000000000000, -1.000000000000000000 ) ) ;
#4557 = ORIENTED_EDGE ( 'NONE', *, *, #3668, .F. ) ;
#4558 = CARTESIAN_POINT ( 'NONE',  ( 35.00000000000000000, -6.735557395310443404E-15, 6.000000000000000000 ) ) ;
#4559 = EDGE_LOOP ( 'NONE', ( #820, #1488 ) ) ;
#4560 = DIRECTION ( 'NONE',  ( -0.000000000000000000, 1.000000000000000000, 1.640715604224399445E-17 ) ) ;
#4561 = DIRECTION ( 'NONE',  ( 1.000000000000000000, 0.000000000000000000, 0.000000000000000000 ) ) ;
#4562 = AXIS2_PLACEMENT_3D ( 'NONE', #4254, #2309, #3784 ) ;
#4563 = CARTESIAN_POINT ( 'NONE',  ( -43.84062043356571081, 20.00000000000000000, -43.84062043356617977 ) ) ;
#4564 = DIRECTION ( 'NONE',  ( 0.000000000000000000, 0.000000000000000000, 1.000000000000000000 ) ) ;
#4565 = FACE_OUTER_BOUND ( 'NONE', #532, .T. ) ;
#4566 = ORIENTED_EDGE ( 'NONE', *, *, #3914, .T. ) ;
#4567 = CARTESIAN_POINT ( 'NONE',  ( -27.99999999999999645, -7.102951435054641748E-15, 6.000000000000000000 ) ) ;
#4568 = VECTOR ( 'NONE', #1043, 1000.000000000000000 ) ;
#4569 = VECTOR ( 'NONE', #1403, 1000.000000000000000 ) ;
#4570 = ORIENTED_EDGE ( 'NONE', *, *, #2890, .T. ) ;
#4571 = DIRECTION ( 'NONE',  ( -0.5000000000000006661, 0.000000000000000000, -0.8660254037844382635 ) ) ;
#4572 = LINE ( 'NONE', #4900, #545 ) ;
#4573 = CARTESIAN_POINT ( 'NONE',  ( -45.00000000000000000, 3.000000000000000000, 15.90000000000000036 ) ) ;
#4574 = EDGE_CURVE ( 'NONE', #3335, #3958, #1747, .T. ) ;
#4575 = VECTOR ( 'NONE', #1167, 1000.000000000000000 ) ;
#4576 = ORIENTED_EDGE ( 'NONE', *, *, #2935, .F. ) ;
#4577 = DIRECTION ( 'NONE',  ( -1.000000000000000000, 0.000000000000000000, 0.000000000000000000 ) ) ;
#4578 = VECTOR ( 'NONE', #4392, 1000.000000000000000 ) ;
#4579 = CARTESIAN_POINT ( 'NONE',  ( -55.64544826719042447, 17.00000000000000355, -24.84999999999997655 ) ) ;
#4580 = ORIENTED_EDGE ( 'NONE', *, *, #3663, .T. ) ;
#4581 = CARTESIAN_POINT ( 'NONE',  ( -22.25000000000000000, 0.000000000000000000, -9.250000000000000000 ) ) ;
#4582 = CARTESIAN_POINT ( 'NONE',  ( -24.99999999999999645, 1.499999999999992006, 6.000000000000000000 ) ) ;
#4583 = ADVANCED_FACE ( 'NONE', ( #245, #4447, #3286, #1015, #1046, #4803, #1377, #2555, #4073, #1070, #2583, #2206, #1825, #3354 ), #1446, .F. ) ;
#4584 = CIRCLE ( 'NONE', #2197, 1.649999999999998579 ) ;
#4585 = VERTEX_POINT ( 'NONE', #765 ) ;
#4586 = LINE ( 'NONE', #2971, #1384 ) ;
#4587 = ORIENTED_EDGE ( 'NONE', *, *, #3155, .T. ) ;
#4588 = DIRECTION ( 'NONE',  ( 0.7986355100472866120, -0.000000000000000000, 0.6018150231520564830 ) ) ;
#4589 = LINE ( 'NONE', #1611, #469 ) ;
#4590 = LINE ( 'NONE', #4936, #1751 ) ;
#4591 = EDGE_CURVE ( 'NONE', #1958, #4106, #3115, .T. ) ;
#4592 = EDGE_CURVE ( 'NONE', #2065, #1513, #4145, .T. ) ;
#4593 = CARTESIAN_POINT ( 'NONE',  ( 47.00000000000000711, 19.99999999999998579, -39.50000000000001421 ) ) ;
#4594 = DIRECTION ( 'NONE',  ( -0.000000000000000000, -1.000000000000000000, -0.000000000000000000 ) ) ;
#4595 = ORIENTED_EDGE ( 'NONE', *, *, #2103, .T. ) ;
#4596 = CARTESIAN_POINT ( 'NONE',  ( -25.23030399291527104, 3.000000000000000000, 6.000000000000000000 ) ) ;
#4597 = EDGE_LOOP ( 'NONE', ( #2743, #4177, #3716, #1667, #2030, #4076 ) ) ;
#4598 = AXIS2_PLACEMENT_3D ( 'NONE', #1540, #1613, #3478 ) ;
#4599 = CARTESIAN_POINT ( 'NONE',  ( 50.35455173280955421, 14.40000000000000568, -21.14999999999998082 ) ) ;
#4600 = DIRECTION ( 'NONE',  ( -0.000000000000000000, -0.000000000000000000, 1.000000000000000000 ) ) ;
#4601 = CARTESIAN_POINT ( 'NONE',  ( 36.50000000000001421, 3.000000000000000000, -15.50000000000000711 ) ) ;
#4602 = AXIS2_PLACEMENT_3D ( 'NONE', #342, #3409, #3117 ) ;
#4603 = ORIENTED_EDGE ( 'NONE', *, *, #3296, .T. ) ;
#4604 = DIRECTION ( 'NONE',  ( 0.000000000000000000, 1.000000000000000000, 1.640715604224399445E-17 ) ) ;
#4605 = DIRECTION ( 'NONE',  ( -1.000000000000000000, 0.000000000000000000, 0.000000000000000000 ) ) ;
#4606 = ORIENTED_EDGE ( 'NONE', *, *, #1123, .T. ) ;
#4607 = CARTESIAN_POINT ( 'NONE',  ( 55.29089653438087026, 14.40000000000000568, -23.99999999999999289 ) ) ;
#4608 = VECTOR ( 'NONE', #2450, 1000.000000000000227 ) ;
#4609 = ORIENTED_EDGE ( 'NONE', *, *, #3707, .T. ) ;
#4610 = ORIENTED_EDGE ( 'NONE', *, *, #2500, .T. ) ;
#4611 = VERTEX_POINT ( 'NONE', #1925 ) ;
#4612 = CARTESIAN_POINT ( 'NONE',  ( 48.70910346561910842, 14.40000000000000568, -23.99999999999999645 ) ) ;
#4613 = DIRECTION ( 'NONE',  ( 0.000000000000000000, -1.000000000000000000, 0.000000000000000000 ) ) ;
#4614 = FACE_OUTER_BOUND ( 'NONE', #2826, .T. ) ;
#4615 = EDGE_CURVE ( 'NONE', #2793, #1005, #1224, .T. ) ;
#4616 = LINE ( 'NONE', #1188, #672 ) ;
#4617 = DIRECTION ( 'NONE',  ( 0.000000000000000000, 0.000000000000000000, -1.000000000000000000 ) ) ;
#4618 = EDGE_LOOP ( 'NONE', ( #1266, #2225, #1468, #589 ) ) ;
#4619 = DIRECTION ( 'NONE',  ( 0.000000000000000000, 0.000000000000000000, 1.000000000000000000 ) ) ;
#4620 = ORIENTED_EDGE ( 'NONE', *, *, #1992, .F. ) ;
#4621 = CARTESIAN_POINT ( 'NONE',  ( -54.00000000000000000, 20.00000000000000355, -22.00000000000000000 ) ) ;
#4622 = CARTESIAN_POINT ( 'NONE',  ( -33.64544826719041737, 17.00000000000000355, 45.65000000000001990 ) ) ;
#4623 = VERTEX_POINT ( 'NONE', #4947 ) ;
#4624 = CARTESIAN_POINT ( 'NONE',  ( -32.00000000000000000, 2.000000000000005329, 46.85000000000000142 ) ) ;
#4625 = PLANE ( 'NONE',  #385 ) ;
#4626 = ORIENTED_EDGE ( 'NONE', *, *, #1278, .T. ) ;
#4627 = AXIS2_PLACEMENT_3D ( 'NONE', #4143, #1850, #4173 ) ;
#4628 = CARTESIAN_POINT ( 'NONE',  ( -4.087713240271458659, 3.000000000000000000, -56.74999999999999289 ) ) ;
#4629 = VECTOR ( 'NONE', #1445, 1000.000000000000000 ) ;
#4630 = EDGE_CURVE ( 'NONE', #4106, #1398, #3063, .T. ) ;
#4631 = ORIENTED_EDGE ( 'NONE', *, *, #844, .F. ) ;
#4632 = ORIENTED_EDGE ( 'NONE', *, *, #2517, .F. ) ;
#4633 = ORIENTED_EDGE ( 'NONE', *, *, #4309, .T. ) ;
#4634 = UNCERTAINTY_MEASURE_WITH_UNIT (LENGTH_MEASURE( 1.000000000000000082E-05 ), #1372, 'distance_accuracy_value', 'NONE');
#4635 = CARTESIAN_POINT ( 'NONE',  ( -27.99999999999999645, 0.09999999999998952782, 6.000000000000000000 ) ) ;
#4636 = LINE ( 'NONE', #2645, #3129 ) ;
#4637 = DIRECTION ( 'NONE',  ( 0.000000000000000000, -1.000000000000000000, 0.000000000000000000 ) ) ;
#4638 = CARTESIAN_POINT ( 'NONE',  ( 29.00000000000004974, 0.000000000000000000, -37.99999999999995737 ) ) ;
#4639 = AXIS2_PLACEMENT_3D ( 'NONE', #1021, #1781, #274 ) ;
#4640 = CARTESIAN_POINT ( 'NONE',  ( -15.00000000000000178, 20.00000000000000355, -71.54700538379245245 ) ) ;
#4641 = ORIENTED_EDGE ( 'NONE', *, *, #4522, .T. ) ;
#4642 = CIRCLE ( 'NONE', #2492, 3.000000000000002665 ) ;
#4643 = EDGE_CURVE ( 'NONE', #4553, #3135, #165, .T. ) ;
#4644 = ORIENTED_EDGE ( 'NONE', *, *, #2204, .F. ) ;
#4645 = ADVANCED_FACE ( 'NONE', ( #1122 ), #2089, .T. ) ;
#4646 = EDGE_LOOP ( 'NONE', ( #99, #3502 ) ) ;
#4647 = DIRECTION ( 'NONE',  ( 0.4999999999999997224, 0.000000000000000000, -0.8660254037844388186 ) ) ;
#4648 = CARTESIAN_POINT ( 'NONE',  ( -24.99999999999999645, 1.499999999999992006, 6.000000000000000000 ) ) ;
#4649 = VECTOR ( 'NONE', #889, 1000.000000000000000 ) ;
#4650 = EDGE_CURVE ( 'NONE', #255, #3862, #1522, .T. ) ;
#4651 = ADVANCED_FACE ( 'NONE', ( #2353 ), #3875, .F. ) ;
#4652 = ORIENTED_EDGE ( 'NONE', *, *, #1002, .T. ) ;
#4653 = DIRECTION ( 'NONE',  ( -0.5000000000000006661, 0.000000000000000000, -0.8660254037844382635 ) ) ;
#4654 = CIRCLE ( 'NONE', #2909, 1.649999999999998579 ) ;
#4655 = DIRECTION ( 'NONE',  ( -0.000000000000000000, 1.000000000000000000, 1.640715604224399445E-17 ) ) ;
#4656 = ORIENTED_EDGE ( 'NONE', *, *, #2853, .F. ) ;
#4657 = DIRECTION ( 'NONE',  ( 0.000000000000000000, 0.000000000000000000, 1.000000000000000000 ) ) ;
#4658 = ORIENTED_EDGE ( 'NONE', *, *, #2357, .F. ) ;
#4659 = ORIENTED_EDGE ( 'NONE', *, *, #2441, .T. ) ;
#4660 = ORIENTED_EDGE ( 'NONE', *, *, #3477, .T. ) ;
#4661 = VECTOR ( 'NONE', #2682, 1000.000000000000000 ) ;
#4662 = DIRECTION ( 'NONE',  ( -0.000000000000000000, 0.9848077530122080203, -0.1736481776669306920 ) ) ;
#4663 = DIRECTION ( 'NONE',  ( 0.000000000000000000, 1.000000000000000000, 0.000000000000000000 ) ) ;
#4664 = CARTESIAN_POINT ( 'NONE',  ( -0.9122867597285204688, 3.000000000000000000, -39.25000000000000000 ) ) ;
#4665 = DIRECTION ( 'NONE',  ( 0.000000000000000000, 0.000000000000000000, 1.000000000000000000 ) ) ;
#4666 = DIRECTION ( 'NONE',  ( 0.000000000000000000, -1.000000000000000000, 0.000000000000000000 ) ) ;
#4667 = ORIENTED_EDGE ( 'NONE', *, *, #3560, .T. ) ;
#4668 = EDGE_CURVE ( 'NONE', #3247, #2521, #3034, .T. ) ;
#4669 = ORIENTED_EDGE ( 'NONE', *, *, #4785, .T. ) ;
#4670 = EDGE_CURVE ( 'NONE', #3142, #3099, #2739, .T. ) ;
#4671 = ORIENTED_EDGE ( 'NONE', *, *, #3106, .T. ) ;
#4672 = CARTESIAN_POINT ( 'NONE',  ( 32.00000000000000000, 2.000000000000005329, 48.50000000000000000 ) ) ;
#4673 = DIRECTION ( 'NONE',  ( 0.000000000000000000, 0.000000000000000000, 1.000000000000000000 ) ) ;
#4674 = CARTESIAN_POINT ( 'NONE',  ( 32.00000000000000000, 2.000000000000005329, 46.85000000000000142 ) ) ;
#4675 = EDGE_LOOP ( 'NONE', ( #1695, #2036, #702, #3537 ) ) ;
#4676 = LINE ( 'NONE', #3562, #1083 ) ;
#4677 = FACE_OUTER_BOUND ( 'NONE', #2003, .T. ) ;
#4678 = VERTEX_POINT ( 'NONE', #4573 ) ;
#4679 = EDGE_CURVE ( 'NONE', #1294, #1078, #4003, .T. ) ;
#4680 = DIRECTION ( 'NONE',  ( 0.000000000000000000, 0.000000000000000000, -1.000000000000000000 ) ) ;
#4681 = VECTOR ( 'NONE', #4536, 1000.000000000000000 ) ;
#4682 =( BOUNDED_CURVE ( )  B_SPLINE_CURVE ( 3, ( #1238, #4288, #152, #3593 ),
 .UNSPECIFIED., .F., .F. ) 
 B_SPLINE_CURVE_WITH_KNOTS ( ( 4, 4 ),
 ( 0.000000000000000000, 3.141592653589793116 ),
 .UNSPECIFIED. ) 
 CURVE ( )  GEOMETRIC_REPRESENTATION_ITEM ( )  RATIONAL_B_SPLINE_CURVE ( ( 1.000000000000000000, 0.3333333333333333703, 0.3333333333333333703, 1.000000000000000000 ) ) 
 REPRESENTATION_ITEM ( '' )  );
#4683 = ORIENTED_EDGE ( 'NONE', *, *, #3285, .T. ) ;
#4684 = EDGE_CURVE ( 'NONE', #1533, #1935, #4642, .T. ) ;
#4685 = VERTEX_POINT ( 'NONE', #4601 ) ;
#4686 = ORIENTED_EDGE ( 'NONE', *, *, #731, .F. ) ;
#4687 = DIRECTION ( 'NONE',  ( 0.000000000000000000, 0.000000000000000000, 1.000000000000000000 ) ) ;
#4688 = PLANE ( 'NONE',  #3540 ) ;
#4689 = CARTESIAN_POINT ( 'NONE',  ( 30.35455173280956132, 14.40000000000000568, 45.64999999999999147 ) ) ;
#4690 = EDGE_CURVE ( 'NONE', #3228, #2047, #1573, .T. ) ;
#4691 = FACE_OUTER_BOUND ( 'NONE', #4916, .T. ) ;
#4692 = CARTESIAN_POINT ( 'NONE',  ( 0.000000000000000000, 20.00000000000000000, 41.49999999999999289 ) ) ;
#4693 = ORIENTED_EDGE ( 'NONE', *, *, #3111, .T. ) ;
#4694 = CARTESIAN_POINT ( 'NONE',  ( 32.25000000000001421, 2.999999999999999112, 37.25000000000000000 ) ) ;
#4695 = EDGE_CURVE ( 'NONE', #4845, #785, #2330, .T. ) ;
#4696 = ORIENTED_EDGE ( 'NONE', *, *, #1580, .F. ) ;
#4697 = ORIENTED_EDGE ( 'NONE', *, *, #4705, .T. ) ;
#4698 = CARTESIAN_POINT ( 'NONE',  ( -0.9122867597285181374, 3.000000000000000000, -56.74999999999999289 ) ) ;
#4699 = CARTESIAN_POINT ( 'NONE',  ( -22.25000000000000000, 10.00000000000000000, -9.250000000000000000 ) ) ;
#4700 = CARTESIAN_POINT ( 'NONE',  ( -5.675426480542920871, 17.00000000000000000, -54.00000000000001421 ) ) ;
#4701 = ORIENTED_EDGE ( 'NONE', *, *, #1324, .T. ) ;
#4702 = LINE ( 'NONE', #4250, #923 ) ;
#4703 = CARTESIAN_POINT ( 'NONE',  ( -45.96194077712534209, 10.00000000000000000, -45.96194077712582526 ) ) ;
#4704 = PLANE ( 'NONE',  #3450 ) ;
#4705 = EDGE_CURVE ( 'NONE', #1248, #3377, #414, .T. ) ;
#4706 = ORIENTED_EDGE ( 'NONE', *, *, #2103, .F. ) ;
#4707 = EDGE_LOOP ( 'NONE', ( #1542, #1232 ) ) ;
#4708 = ORIENTED_EDGE ( 'NONE', *, *, #2463, .F. ) ;
#4709 = VECTOR ( 'NONE', #110, 1000.000000000000114 ) ;
#4710 = DIRECTION ( 'NONE',  ( -0.7071067811865452413, -0.000000000000000000, -0.7071067811865497932 ) ) ;
#4711 = CARTESIAN_POINT ( 'NONE',  ( -45.96194077712534209, 20.00000000000000000, -45.96194077712582526 ) ) ;
#4712 = CARTESIAN_POINT ( 'NONE',  ( -33.64544826719041737, 14.40000000000000568, 45.65000000000001990 ) ) ;
#4713 = CIRCLE ( 'NONE', #2640, 65.00000000000000000 ) ;
#4714 = AXIS2_PLACEMENT_3D ( 'NONE', #2868, #4380, #4285 ) ;
#4715 = DIRECTION ( 'NONE',  ( 0.000000000000000000, -1.000000000000000000, 0.000000000000000000 ) ) ;
#4716 = FACE_OUTER_BOUND ( 'NONE', #1728, .T. ) ;
#4717 = ORIENTED_EDGE ( 'NONE', *, *, #626, .T. ) ;
#4718 = DIRECTION ( 'NONE',  ( 0.000000000000000000, 0.000000000000000000, 1.000000000000000000 ) ) ;
#4719 = CIRCLE ( 'NONE', #4074, 1.649999999999995248 ) ;
#4720 = ADVANCED_FACE ( 'NONE', ( #3777 ), #340, .T. ) ;
#4721 = CIRCLE ( 'NONE', #4639, 62.00000000000000000 ) ;
#4722 = VECTOR ( 'NONE', #1746, 1000.000000000000000 ) ;
#4723 = ORIENTED_EDGE ( 'NONE', *, *, #362, .T. ) ;
#4724 = CARTESIAN_POINT ( 'NONE',  ( -9.000000000000008882, 4.101789010560997071E-16, -55.00000000000000000 ) ) ;
#4725 = DIRECTION ( 'NONE',  ( 0.000000000000000000, -1.000000000000000000, 0.000000000000000000 ) ) ;
#4726 = VECTOR ( 'NONE', #1272, 1000.000000000000000 ) ;
#4727 = CARTESIAN_POINT ( 'NONE',  ( -5.675426480542940411, 17.00000000000000000, -42.00000000000000711 ) ) ;
#4728 = VERTEX_POINT ( 'NONE', #365 ) ;
#4729 = LINE ( 'NONE', #1675, #3101 ) ;
#4730 = CARTESIAN_POINT ( 'NONE',  ( -20.00000000000000000, 20.00000000000000355, 44.50000000000000000 ) ) ;
#4731 = DIRECTION ( 'NONE',  ( 0.000000000000000000, 1.000000000000000000, 0.000000000000000000 ) ) ;
#4732 = EDGE_CURVE ( 'NONE', #3636, #1127, #2834, .T. ) ;
#4733 = VERTEX_POINT ( 'NONE', #836 ) ;
#4734 = VERTEX_POINT ( 'NONE', #2473 ) ;
#4735 = CIRCLE ( 'NONE', #4408, 1.650000000000002132 ) ;
#4736 = FACE_OUTER_BOUND ( 'NONE', #932, .T. ) ;
#4737 = CARTESIAN_POINT ( 'NONE',  ( -45.00000000000000000, 2.999999999999999112, 13.00000000000000178 ) ) ;
#4738 = CARTESIAN_POINT ( 'NONE',  ( -57.29089653438084895, 14.40000000000000568, -21.99999999999999289 ) ) ;
#4739 = AXIS2_PLACEMENT_3D ( 'NONE', #3102, #754, #1106 ) ;
#4740 = DIRECTION ( 'NONE',  ( -0.000000000000000000, 1.000000000000000000, 1.640715604224399445E-17 ) ) ;
#4741 = SURFACE_SIDE_STYLE ('',( #205 ) ) ;
#4742 = EDGE_LOOP ( 'NONE', ( #117, #3342, #2046, #629 ) ) ;
#4743 = LINE ( 'NONE', #3596, #2812 ) ;
#4744 = VECTOR ( 'NONE', #3277, 1000.000000000000000 ) ;
#4745 = VERTEX_POINT ( 'NONE', #4648 ) ;
#4746 = CIRCLE ( 'NONE', #2679, 1.649999999999998579 ) ;
#4747 = ORIENTED_EDGE ( 'NONE', *, *, #531, .T. ) ;
#4748 = FACE_OUTER_BOUND ( 'NONE', #2037, .T. ) ;
#4749 = CARTESIAN_POINT ( 'NONE',  ( -45.00000000000000000, 13.63095238095237960, 10.10000000000000142 ) ) ;
#4750 = CARTESIAN_POINT ( 'NONE',  ( 28.99999999999999645, 0.000000000000000000, -40.99999999824481733 ) ) ;
#4751 = EDGE_CURVE ( 'NONE', #2630, #1242, #3182, .T. ) ;
#4752 = VERTEX_POINT ( 'NONE', #3899 ) ;
#4753 = CARTESIAN_POINT ( 'NONE',  ( -29.10723689272528247, 10.00000000000000000, -54.74275075725344664 ) ) ;
#4754 = DIRECTION ( 'NONE',  ( 0.5000000000000013323, 0.000000000000000000, 0.8660254037844378194 ) ) ;
#4755 = FACE_BOUND ( 'NONE', #4559, .T. ) ;
#4756 = ORIENTED_EDGE ( 'NONE', *, *, #4246, .T. ) ;
#4757 = ORIENTED_EDGE ( 'NONE', *, *, #693, .T. ) ;
#4758 = VECTOR ( 'NONE', #2391, 1000.000000000000000 ) ;
#4759 = FACE_OUTER_BOUND ( 'NONE', #1744, .T. ) ;
#4760 = CARTESIAN_POINT ( 'NONE',  ( 0.000000000000000000, 27.29267277123861746, -30.19809988236027820 ) ) ;
#4761 = CYLINDRICAL_SURFACE ( 'NONE', #4068, 1.649999999999998579 ) ;
#4762 = EDGE_CURVE ( 'NONE', #3936, #1345, #166, .T. ) ;
#4763 = CIRCLE ( 'NONE', #1726, 13.00000000000000178 ) ;
#4764 = FACE_OUTER_BOUND ( 'NONE', #847, .T. ) ;
#4765 = ORIENTED_EDGE ( 'NONE', *, *, #1148, .T. ) ;
#4766 = FACE_OUTER_BOUND ( 'NONE', #2470, .T. ) ;
#4767 = EDGE_CURVE ( 'NONE', #4271, #4878, #4394, .T. ) ;
#4768 = CIRCLE ( 'NONE', #4369, 1.649999999999998579 ) ;
#4769 = EDGE_CURVE ( 'NONE', #1898, #3960, #488, .T. ) ;
#4770 = ORIENTED_EDGE ( 'NONE', *, *, #508, .T. ) ;
#4771 = CARTESIAN_POINT ( 'NONE',  ( 27.99999999999999645, 0.09999999999998930578, -6.000000000000000000 ) ) ;
#4772 = EDGE_CURVE ( 'NONE', #4752, #3714, #3974, .T. ) ;
#4773 = DIRECTION ( 'NONE',  ( 1.000000000000000000, -3.789450910129534816E-15, 0.000000000000000000 ) ) ;
#4774 = ORIENTED_EDGE ( 'NONE', *, *, #4615, .T. ) ;
#4775 = DIRECTION ( 'NONE',  ( 0.4999999999999997224, 0.000000000000000000, 0.8660254037844387076 ) ) ;
#4776 = CARTESIAN_POINT ( 'NONE',  ( -4.087713240271469317, 3.000000000000000000, -44.75000000000001421 ) ) ;
#4777 = DIRECTION ( 'NONE',  ( 0.000000000000000000, -1.000000000000000000, 0.000000000000000000 ) ) ;
#4778 = ORIENTED_EDGE ( 'NONE', *, *, #4762, .T. ) ;
#4779 = ORIENTED_EDGE ( 'NONE', *, *, #3485, .F. ) ;
#4780 = ORIENTED_EDGE ( 'NONE', *, *, #2822, .F. ) ;
#4781 = PLANE ( 'NONE',  #306 ) ;
#4782 = DIRECTION ( 'NONE',  ( -0.000000000000000000, 1.000000000000000000, 1.640715604224399445E-17 ) ) ;
#4783 = CARTESIAN_POINT ( 'NONE',  ( -35.00000000000000000, 0.000000000000000000, 6.000000000000000000 ) ) ;
#4784 = ADVANCED_FACE ( 'NONE', ( #2028 ), #1222, .F. ) ;
#4785 = EDGE_CURVE ( 'NONE', #4502, #3946, #2093, .T. ) ;
#4786 = VECTOR ( 'NONE', #4446, 1000.000000000000000 ) ;
#4787 = EDGE_LOOP ( 'NONE', ( #4265, #490 ) ) ;
#4788 = DIRECTION ( 'NONE',  ( 0.000000000000000000, 1.000000000000000000, 1.640715604224399445E-17 ) ) ;
#4789 = AXIS2_PLACEMENT_3D ( 'NONE', #2674, #756, #2292 ) ;
#4790 = AXIS2_PLACEMENT_3D ( 'NONE', #1710, #927, #4687 ) ;
#4791 = VECTOR ( 'NONE', #1432, 1000.000000000000000 ) ;
#4792 = VERTEX_POINT ( 'NONE', #3160 ) ;
#4793 = DIRECTION ( 'NONE',  ( -0.4999999999999996114, 0.000000000000000000, -0.8660254037844388186 ) ) ;
#4794 = EDGE_LOOP ( 'NONE', ( #2458, #2151, #4928, #1180 ) ) ;
#4795 = CARTESIAN_POINT ( 'NONE',  ( 0.000000000000000000, 20.00000000000000355, -32.21234139994161438 ) ) ;
#4796 = PLANE ( 'NONE',  #2324 ) ;
#4797 = EDGE_CURVE ( 'NONE', #3701, #3936, #960, .T. ) ;
#4798 = EDGE_CURVE ( 'NONE', #2771, #810, #3138, .T. ) ;
#4799 = ORIENTED_EDGE ( 'NONE', *, *, #4550, .F. ) ;
#4800 = DIRECTION ( 'NONE',  ( 0.000000000000000000, 0.000000000000000000, 1.000000000000000000 ) ) ;
#4801 = VECTOR ( 'NONE', #4528, 1000.000000000000000 ) ;
#4802 = CARTESIAN_POINT ( 'NONE',  ( -45.00000000000000000, 13.63095238095237960, 15.90000000000000036 ) ) ;
#4803 = FACE_BOUND ( 'NONE', #66, .T. ) ;
#4804 = ADVANCED_FACE ( 'NONE', ( #3235 ), #1651, .T. ) ;
#4805 = EDGE_CURVE ( 'NONE', #3830, #3862, #2486, .T. ) ;
#4806 = ORIENTED_EDGE ( 'NONE', *, *, #1627, .F. ) ;
#4807 = VERTEX_POINT ( 'NONE', #3505 ) ;
#4808 = VERTEX_POINT ( 'NONE', #1973 ) ;
#4809 = DIRECTION ( 'NONE',  ( 0.000000000000000000, 0.000000000000000000, -1.000000000000000000 ) ) ;
#4810 = DIRECTION ( 'NONE',  ( 0.000000000000000000, -1.640715604224399137E-17, 1.000000000000000000 ) ) ;
#4811 = DIRECTION ( 'NONE',  ( 0.000000000000000000, 0.000000000000000000, 1.000000000000000000 ) ) ;
#4812 = EDGE_CURVE ( 'NONE', #3434, #4027, #2761, .T. ) ;
#4813 = AXIS2_PLACEMENT_3D ( 'NONE', #1091, #2181, #289 ) ;
#4814 = AXIS2_PLACEMENT_3D ( 'NONE', #4188, #1962, #4211 ) ;
#4815 = ORIENTED_EDGE ( 'NONE', *, *, #978, .T. ) ;
#4816 = DIRECTION ( 'NONE',  ( 0.000000000000000000, -0.000000000000000000, 1.000000000000000000 ) ) ;
#4817 = ORIENTED_EDGE ( 'NONE', *, *, #3396, .F. ) ;
#4818 = CARTESIAN_POINT ( 'NONE',  ( 52.00000000000000000, 20.00000000000000355, -25.64999999999999503 ) ) ;
#4819 = AXIS2_PLACEMENT_3D ( 'NONE', #3715, #2615, #1811 ) ;
#4820 = CARTESIAN_POINT ( 'NONE',  ( 47.82342618513470001, 19.99999999999994671, -43.17663406102953161 ) ) ;
#4821 = AXIS2_PLACEMENT_3D ( 'NONE', #1391, #988, #606 ) ;
#4822 = CARTESIAN_POINT ( 'NONE',  ( 52.17657381486515078, 19.99999999999998934, -43.17663406102965951 ) ) ;
#4823 = ORIENTED_EDGE ( 'NONE', *, *, #4848, .F. ) ;
#4824 = DIRECTION ( 'NONE',  ( 0.5000000000000007772, 0.000000000000000000, -0.8660254037844381525 ) ) ;
#4825 = DIRECTION ( 'NONE',  ( 0.000000000000000000, 0.000000000000000000, 1.000000000000000000 ) ) ;
#4826 = EDGE_CURVE ( 'NONE', #292, #2308, #136, .T. ) ;
#4827 = EDGE_LOOP ( 'NONE', ( #1891, #183, #2340, #2362 ) ) ;
#4828 = FACE_OUTER_BOUND ( 'NONE', #2, .T. ) ;
#4829 = CARTESIAN_POINT ( 'NONE',  ( -0.9122867597285204688, 17.00000000000000000, -39.25000000000000000 ) ) ;
#4830 = LINE ( 'NONE', #3680, #4325 ) ;
#4831 = ORIENTED_EDGE ( 'NONE', *, *, #4859, .F. ) ;
#4832 = DIRECTION ( 'NONE',  ( -0.000000000000000000, 0.000000000000000000, -1.000000000000000000 ) ) ;
#4833 = FACE_OUTER_BOUND ( 'NONE', #83, .T. ) ;
#4834 = CARTESIAN_POINT ( 'NONE',  ( -32.00000000000000000, 2.000000000000005329, 50.14999999999999858 ) ) ;
#4835 = PLANE ( 'NONE',  #1846 ) ;
#4836 = VERTEX_POINT ( 'NONE', #1247 ) ;
#4837 = VERTEX_POINT ( 'NONE', #4294 ) ;
#4838 = AXIS2_PLACEMENT_3D ( 'NONE', #2964, #1049, #3806 ) ;
#4839 = LINE ( 'NONE', #1409, #868 ) ;
#4840 = ORIENTED_EDGE ( 'NONE', *, *, #1758, .T. ) ;
#4841 = DIRECTION ( 'NONE',  ( 0.000000000000000000, 0.000000000000000000, 1.000000000000000000 ) ) ;
#4842 = VECTOR ( 'NONE', #3733, 1000.000000000000000 ) ;
#4843 = CARTESIAN_POINT ( 'NONE',  ( 32.00000000000001421, 0.000000000000000000, -44.07821218377819150 ) ) ;
#4844 = CARTESIAN_POINT ( 'NONE',  ( 35.00000000000000000, 0.000000000000000000, -34.60730092143497671 ) ) ;
#4845 = VERTEX_POINT ( 'NONE', #2403 ) ;
#4846 = DIRECTION ( 'NONE',  ( -0.000000000000000000, 1.000000000000000000, 1.640715604224399445E-17 ) ) ;
#4847 = CARTESIAN_POINT ( 'NONE',  ( 0.000000000000000000, 0.000000000000000000, 0.000000000000000000 ) ) ;
#4848 = EDGE_CURVE ( 'NONE', #1935, #996, #1671, .T. ) ;
#4849 = VERTEX_POINT ( 'NONE', #4350 ) ;
#4850 = DIRECTION ( 'NONE',  ( 0.000000000000000000, 0.000000000000000000, 1.000000000000000000 ) ) ;
#4851 = CYLINDRICAL_SURFACE ( 'NONE', #1025, 5.000000000000004441 ) ;
#4852 = DIRECTION ( 'NONE',  ( 0.000000000000000000, 0.000000000000000000, 1.000000000000000000 ) ) ;
#4853 = VERTEX_POINT ( 'NONE', #4326 ) ;
#4854 = LINE ( 'NONE', #3432, #2852 ) ;
#4855 = CARTESIAN_POINT ( 'NONE',  ( -45.00000000000000000, 23.00000000000000000, -26.10000000000000142 ) ) ;
#4856 = FACE_OUTER_BOUND ( 'NONE', #3351, .T. ) ;
#4857 = DIRECTION ( 'NONE',  ( 0.000000000000000000, 0.000000000000000000, 1.000000000000000000 ) ) ;
#4858 = EDGE_CURVE ( 'NONE', #1130, #4390, #3207, .T. ) ;
#4859 = EDGE_CURVE ( 'NONE', #1124, #2156, #1284, .T. ) ;
#4860 = ORIENTED_EDGE ( 'NONE', *, *, #4402, .T. ) ;
#4861 = CARTESIAN_POINT ( 'NONE',  ( -2.499999999999993339, 2.999999999999999112, -42.00000000000000000 ) ) ;
#4862 = ORIENTED_EDGE ( 'NONE', *, *, #2585, .T. ) ;
#4863 = CARTESIAN_POINT ( 'NONE',  ( 32.00000000000000000, 0.09999999999998952782, 6.000000000000000000 ) ) ;
#4864 = LINE ( 'NONE', #3299, #3436 ) ;
#4865 = CARTESIAN_POINT ( 'NONE',  ( 53.00000000000000000, 20.00000000000000355, -34.60730092143498382 ) ) ;
#4866 = CARTESIAN_POINT ( 'NONE',  ( 47.00000000000001421, 20.00000000000000355, -40.99999999824481733 ) ) ;
#4867 = ORIENTED_EDGE ( 'NONE', *, *, #613, .T. ) ;
#4868 = AXIS2_PLACEMENT_3D ( 'NONE', #2532, #2128, #2887 ) ;
#4869 = LINE ( 'NONE', #1892, #2508 ) ;
#4870 = EDGE_CURVE ( 'NONE', #344, #2800, #237, .T. ) ;
#4871 = CARTESIAN_POINT ( 'NONE',  ( 32.25000000000001421, 0.000000000000000000, 35.60000000000000142 ) ) ;
#4872 = CIRCLE ( 'NONE', #1838, 1.649999999999995248 ) ;
#4873 = EDGE_LOOP ( 'NONE', ( #1175, #1574, #2227, #530 ) ) ;
#4874 = CARTESIAN_POINT ( 'NONE',  ( 32.00000000000000000, 2.000000000000005329, 50.14999999999999858 ) ) ;
#4875 = LINE ( 'NONE', #4776, #1993 ) ;
#4876 = CARTESIAN_POINT ( 'NONE',  ( 47.00000000000001421, 20.00000000000000355, -40.99999999824481733 ) ) ;
#4877 = AXIS2_PLACEMENT_3D ( 'NONE', #3018, #4453, #3736 ) ;
#4878 = VERTEX_POINT ( 'NONE', #4871 ) ;
#4879 = CIRCLE ( 'NONE', #4063, 13.00000000000000533 ) ;
#4880 = PLANE ( 'NONE',  #2125 ) ;
#4881 = DIRECTION ( 'NONE',  ( -1.000000000000000000, 0.000000000000000000, 3.854941057726238097E-16 ) ) ;
#4882 = PLANE ( 'NONE',  #3772 ) ;
#4883 = DIRECTION ( 'NONE',  ( 0.000000000000000000, 0.000000000000000000, -1.000000000000000000 ) ) ;
#4884 = VECTOR ( 'NONE', #1851, 1000.000000000000000 ) ;
#4885 = ORIENTED_EDGE ( 'NONE', *, *, #3253, .F. ) ;
#4886 = CARTESIAN_POINT ( 'NONE',  ( -24.99999999999999645, 1.499999999999992006, 6.000000000000000000 ) ) ;
#4887 = ORIENTED_EDGE ( 'NONE', *, *, #204, .F. ) ;
#4888 = CARTESIAN_POINT ( 'NONE',  ( -2.499999999999993339, 16.00000000000000000, -42.00000000000000000 ) ) ;
#4889 = FACE_OUTER_BOUND ( 'NONE', #4827, .T. ) ;
#4890 = AXIS2_PLACEMENT_3D ( 'NONE', #2013, #548, #2773 ) ;
#4891 = AXIS2_PLACEMENT_3D ( 'NONE', #604, #3648, #4038 ) ;
#4892 = CARTESIAN_POINT ( 'NONE',  ( 29.82342618513483146, 0.000000000000000000, -43.17663406102958135 ) ) ;
#4893 = CARTESIAN_POINT ( 'NONE',  ( 47.00000000000001421, 20.00000000000000711, -35.50000000000000711 ) ) ;
#4894 = ORIENTED_EDGE ( 'NONE', *, *, #898, .T. ) ;
#4895 = CARTESIAN_POINT ( 'NONE',  ( 32.00000000000000000, -3.937717450138558175E-16, -6.000000000000000000 ) ) ;
#4896 = AXIS2_PLACEMENT_3D ( 'NONE', #3386, #2692, #1880 ) ;
#4897 = ORIENTED_EDGE ( 'NONE', *, *, #941, .F. ) ;
#4898 = VECTOR ( 'NONE', #696, 1000.000000000000000 ) ;
#4899 = CARTESIAN_POINT ( 'NONE',  ( 6.500000000000001776, 20.00000000000000355, -32.21234139994161438 ) ) ;
#4900 = CARTESIAN_POINT ( 'NONE',  ( -22.25000000000000000, 10.00000000000000000, 35.25000000000000000 ) ) ;
#4901 = DIRECTION ( 'NONE',  ( -0.000000000000000000, -1.000000000000000000, -0.000000000000000000 ) ) ;
#4902 = ADVANCED_FACE ( 'NONE', ( #239 ), #3305, .T. ) ;
#4903 = ORIENTED_EDGE ( 'NONE', *, *, #3552, .T. ) ;
#4904 = DIRECTION ( 'NONE',  ( 0.000000000000000000, 0.000000000000000000, -1.000000000000000000 ) ) ;
#4905 = CARTESIAN_POINT ( 'NONE',  ( -32.24999999999998579, 20.00000000000000000, 37.25000000000000000 ) ) ;
#4906 = CARTESIAN_POINT ( 'NONE',  ( 24.99999999999999289, 0.000000000000000000, -6.000000000000000000 ) ) ;
#4907 = CARTESIAN_POINT ( 'NONE',  ( -32.00000000000000000, 17.00000000000000355, 48.50000000000000000 ) ) ;
#4908 = ORIENTED_EDGE ( 'NONE', *, *, #4826, .T. ) ;
#4909 = DIRECTION ( 'NONE',  ( 0.000000000000000000, -0.1736481776669308863, -0.9848077530122079093 ) ) ;
#4910 = ORIENTED_EDGE ( 'NONE', *, *, #116, .T. ) ;
#4911 = CARTESIAN_POINT ( 'NONE',  ( -35.29089653438084184, 17.00000000000000355, 48.49999999999999289 ) ) ;
#4912 = DIRECTION ( 'NONE',  ( 0.000000000000000000, 0.000000000000000000, -1.000000000000000000 ) ) ;
#4913 = EDGE_CURVE ( 'NONE', #137, #1533, #1011, .T. ) ;
#4914 = CARTESIAN_POINT ( 'NONE',  ( 52.17657381486527157, 19.99999999999999645, -32.82336593897032628 ) ) ;
#4915 = CARTESIAN_POINT ( 'NONE',  ( 52.99999999999999289, 19.99999999999999645, -37.99999999999999289 ) ) ;
#4916 = EDGE_LOOP ( 'NONE', ( #4606, #4815, #2010, #2053, #30, #2714, #2989, #3578, #4138, #372 ) ) ;
#4917 = DIRECTION ( 'NONE',  ( 0.000000000000000000, 1.000000000000000000, 0.000000000000000000 ) ) ;
#4918 = AXIS2_PLACEMENT_3D ( 'NONE', #2537, #4049, #4449 ) ;
#4919 = ADVANCED_FACE ( 'NONE', ( #3257 ), #4796, .F. ) ;
#4920 = EDGE_CURVE ( 'NONE', #2308, #2300, #2983, .T. ) ;
#4921 = VERTEX_POINT ( 'NONE', #4041 ) ;
#4922 = LINE ( 'NONE', #1492, #3848 ) ;
#4923 = CARTESIAN_POINT ( 'NONE',  ( 33.64544826719042447, 14.40000000000000568, 51.35000000000000142 ) ) ;
#4924 = CARTESIAN_POINT ( 'NONE',  ( 0.000000000000000000, 0.000000000000000000, -4.814824860968089633E-32 ) ) ;
#4925 = ORIENTED_EDGE ( 'NONE', *, *, #1223, .F. ) ;
#4926 = LINE ( 'NONE', #3779, #1481 ) ;
#4927 = CYLINDRICAL_SURFACE ( 'NONE', #146, 5.000000000000004441 ) ;
#4928 = ORIENTED_EDGE ( 'NONE', *, *, #1489, .T. ) ;
#4929 = LINE ( 'NONE', #1902, #1946 ) ;
#4930 = FACE_OUTER_BOUND ( 'NONE', #1826, .T. ) ;
#4931 = EDGE_LOOP ( 'NONE', ( #1181, #4404 ) ) ;
#4932 = CARTESIAN_POINT ( 'NONE',  ( 27.99999999999999645, -1.136835273038861628E-14, -6.000000000000000000 ) ) ;
#4933 = ORIENTED_EDGE ( 'NONE', *, *, #1018, .F. ) ;
#4934 = DIRECTION ( 'NONE',  ( 0.000000000000000000, 0.000000000000000000, -1.000000000000000000 ) ) ;
#4935 = DIRECTION ( 'NONE',  ( 1.000000000000000000, 0.000000000000000000, 0.000000000000000000 ) ) ;
#4936 = CARTESIAN_POINT ( 'NONE',  ( -27.99999999999999645, 0.09999999999998955558, 6.000000000000000000 ) ) ;
#4937 = EDGE_CURVE ( 'NONE', #958, #2698, #4719, .T. ) ;
#4938 = CYLINDRICAL_SURFACE ( 'NONE', #4598, 59.54700538379245955 ) ;
#4939 = CARTESIAN_POINT ( 'NONE',  ( 0.000000000000000000, 20.00000000000000000, 0.000000000000000000 ) ) ;
#4940 = ORIENTED_EDGE ( 'NONE', *, *, #1832, .F. ) ;
#4941 = LINE ( 'NONE', #3348, #4661 ) ;
#4942 = ORIENTED_EDGE ( 'NONE', *, *, #3253, .T. ) ;
#4943 = CIRCLE ( 'NONE', #1354, 5.000000000000004441 ) ;
#4944 = CARTESIAN_POINT ( 'NONE',  ( -57.29089653438084895, 17.00000000000000355, -21.99999999999999289 ) ) ;
#4945 = EDGE_CURVE ( 'NONE', #3028, #4678, #2247, .T. ) ;
#4946 = CARTESIAN_POINT ( 'NONE',  ( -50.70910346561912974, 17.00000000000000355, -21.99999999999999645 ) ) ;
#4947 = CARTESIAN_POINT ( 'NONE',  ( -36.49999999999999289, 9.299999999999990052, 41.49999999999999289 ) ) ;
#4948 = EDGE_CURVE ( 'NONE', #4215, #316, #1117, .T. ) ;
#4949 = ORIENTED_EDGE ( 'NONE', *, *, #2745, .F. ) ;
#4950 = CARTESIAN_POINT ( 'NONE',  ( -22.25000000000000000, 3.000000000000000000, 0.000000000000000000 ) ) ;
#4951 = LINE ( 'NONE', #3755, #3515 ) ;
#4952 = ORIENTED_EDGE ( 'NONE', *, *, #4363, .T. ) ;
#4953 = LINE ( 'NONE', #1271, #4649 ) ;
#4954 = EDGE_CURVE ( 'NONE', #1794, #2758, #3921, .T. ) ;
#4955 = CARTESIAN_POINT ( 'NONE',  ( -45.00000000000000000, 20.00000000000000355, -29.00000000000000000 ) ) ;
#4956 = EDGE_CURVE ( 'NONE', #4853, #4849, #2579, .T. ) ;
#4957 = AXIS2_PLACEMENT_3D ( 'NONE', #540, #4731, #4657 ) ;
ENDSEC;
END-ISO-10303-21;
