ISO-10303-21;
HEADER;
/* Generated by software containing ST-Developer
 * from STEP Tools, Inc. (www.steptools.com) 
 */

FILE_DESCRIPTION(
/* description */ (''),
/* implementation_level */ '2;1');

FILE_NAME(
/* name */ '3785-SSCF-M1-6-10-A2.stp',
/* time_stamp */ '2024-02-15T15:11:44Z',
/* author */ (''),
/* organization */ (''),
/* preprocessor_version */ 'ST-DEVELOPER v20',
/* originating_system */ 'Autodesk Translation Framework v12.20.1.177',

/* authorisation */ '');

FILE_SCHEMA (('AUTOMOTIVE_DESIGN { 1 0 10303 214 3 1 1 }'));
ENDSEC;

DATA;
#10=MECHANICAL_DESIGN_GEOMETRIC_PRESENTATION_REPRESENTATION('',(#13),#5608);
#11=SHAPE_REPRESENTATION_RELATIONSHIP('SRR','None',#5615,#12);
#12=ADVANCED_BREP_SHAPE_REPRESENTATION('',(#14),#5607);
#13=STYLED_ITEM('',(#5624),#14);
#14=MANIFOLD_SOLID_BREP('Body1',#1335);
#15=FACE_BOUND('',#172,.T.);
#16=FACE_BOUND('',#174,.T.);
#17=PLANE('',#1410);
#18=PLANE('',#1411);
#19=PLANE('',#1412);
#20=PLANE('',#1413);
#21=PLANE('',#1414);
#22=PLANE('',#1415);
#23=PLANE('',#1416);
#24=PLANE('',#1419);
#25=PLANE('',#1423);
#26=PLANE('',#1424);
#27=B_SPLINE_SURFACE_WITH_KNOTS('',3,3,((#3757,#3758,#3759,#3760,#3761,
#3762,#3763,#3764,#3765,#3766,#3767,#3768,#3769,#3770,#3771,#3772,#3773,
#3774,#3775,#3776,#3777,#3778,#3779,#3780,#3781,#3782,#3783,#3784,#3785,
#3786,#3787,#3788,#3789,#3790,#3791,#3792,#3793,#3794,#3795,#3796,#3797,
#3798,#3799,#3800,#3801,#3802,#3803,#3804,#3805,#3806,#3807,#3808,#3809,
#3810,#3811,#3812,#3813,#3814,#3815,#3816,#3817,#3818,#3819,#3820,#3821,
#3822,#3823,#3824,#3825,#3826,#3827,#3828,#3829,#3830,#3831,#3832,#3833,
#3834,#3835,#3836,#3837,#3838,#3839,#3840,#3841,#3842,#3843,#3844,#3845,
#3846,#3847,#3848,#3849,#3850,#3851,#3852,#3853,#3854,#3855,#3856,#3857,
#3858,#3859,#3860,#3861,#3862,#3863,#3864,#3865,#3866,#3867,#3868,#3869,
#3870,#3871,#3872,#3873,#3874,#3875,#3876,#3877,#3878,#3879,#3880,#3881,
#3882,#3883,#3884,#3885,#3886,#3887,#3888,#3889,#3890,#3891,#3892,#3893,
#3894,#3895,#3896,#3897,#3898,#3899,#3900,#3901,#3902,#3903,#3904,#3905,
#3906,#3907,#3908,#3909,#3910,#3911,#3912,#3913,#3914,#3915,#3916,#3917,
#3918,#3919,#3920,#3921,#3922,#3923,#3924,#3925,#3926,#3927,#3928,#3929,
#3930,#3931,#3932,#3933,#3934,#3935,#3936,#3937,#3938,#3939,#3940,#3941),
(#3942,#3943,#3944,#3945,#3946,#3947,#3948,#3949,#3950,#3951,#3952,#3953,
#3954,#3955,#3956,#3957,#3958,#3959,#3960,#3961,#3962,#3963,#3964,#3965,
#3966,#3967,#3968,#3969,#3970,#3971,#3972,#3973,#3974,#3975,#3976,#3977,
#3978,#3979,#3980,#3981,#3982,#3983,#3984,#3985,#3986,#3987,#3988,#3989,
#3990,#3991,#3992,#3993,#3994,#3995,#3996,#3997,#3998,#3999,#4000,#4001,
#4002,#4003,#4004,#4005,#4006,#4007,#4008,#4009,#4010,#4011,#4012,#4013,
#4014,#4015,#4016,#4017,#4018,#4019,#4020,#4021,#4022,#4023,#4024,#4025,
#4026,#4027,#4028,#4029,#4030,#4031,#4032,#4033,#4034,#4035,#4036,#4037,
#4038,#4039,#4040,#4041,#4042,#4043,#4044,#4045,#4046,#4047,#4048,#4049,
#4050,#4051,#4052,#4053,#4054,#4055,#4056,#4057,#4058,#4059,#4060,#4061,
#4062,#4063,#4064,#4065,#4066,#4067,#4068,#4069,#4070,#4071,#4072,#4073,
#4074,#4075,#4076,#4077,#4078,#4079,#4080,#4081,#4082,#4083,#4084,#4085,
#4086,#4087,#4088,#4089,#4090,#4091,#4092,#4093,#4094,#4095,#4096,#4097,
#4098,#4099,#4100,#4101,#4102,#4103,#4104,#4105,#4106,#4107,#4108,#4109,
#4110,#4111,#4112,#4113,#4114,#4115,#4116,#4117,#4118,#4119,#4120,#4121,
#4122,#4123,#4124,#4125,#4126),(#4127,#4128,#4129,#4130,#4131,#4132,#4133,
#4134,#4135,#4136,#4137,#4138,#4139,#4140,#4141,#4142,#4143,#4144,#4145,
#4146,#4147,#4148,#4149,#4150,#4151,#4152,#4153,#4154,#4155,#4156,#4157,
#4158,#4159,#4160,#4161,#4162,#4163,#4164,#4165,#4166,#4167,#4168,#4169,
#4170,#4171,#4172,#4173,#4174,#4175,#4176,#4177,#4178,#4179,#4180,#4181,
#4182,#4183,#4184,#4185,#4186,#4187,#4188,#4189,#4190,#4191,#4192,#4193,
#4194,#4195,#4196,#4197,#4198,#4199,#4200,#4201,#4202,#4203,#4204,#4205,
#4206,#4207,#4208,#4209,#4210,#4211,#4212,#4213,#4214,#4215,#4216,#4217,
#4218,#4219,#4220,#4221,#4222,#4223,#4224,#4225,#4226,#4227,#4228,#4229,
#4230,#4231,#4232,#4233,#4234,#4235,#4236,#4237,#4238,#4239,#4240,#4241,
#4242,#4243,#4244,#4245,#4246,#4247,#4248,#4249,#4250,#4251,#4252,#4253,
#4254,#4255,#4256,#4257,#4258,#4259,#4260,#4261,#4262,#4263,#4264,#4265,
#4266,#4267,#4268,#4269,#4270,#4271,#4272,#4273,#4274,#4275,#4276,#4277,
#4278,#4279,#4280,#4281,#4282,#4283,#4284,#4285,#4286,#4287,#4288,#4289,
#4290,#4291,#4292,#4293,#4294,#4295,#4296,#4297,#4298,#4299,#4300,#4301,
#4302,#4303,#4304,#4305,#4306,#4307,#4308,#4309,#4310,#4311),(#4312,#4313,
#4314,#4315,#4316,#4317,#4318,#4319,#4320,#4321,#4322,#4323,#4324,#4325,
#4326,#4327,#4328,#4329,#4330,#4331,#4332,#4333,#4334,#4335,#4336,#4337,
#4338,#4339,#4340,#4341,#4342,#4343,#4344,#4345,#4346,#4347,#4348,#4349,
#4350,#4351,#4352,#4353,#4354,#4355,#4356,#4357,#4358,#4359,#4360,#4361,
#4362,#4363,#4364,#4365,#4366,#4367,#4368,#4369,#4370,#4371,#4372,#4373,
#4374,#4375,#4376,#4377,#4378,#4379,#4380,#4381,#4382,#4383,#4384,#4385,
#4386,#4387,#4388,#4389,#4390,#4391,#4392,#4393,#4394,#4395,#4396,#4397,
#4398,#4399,#4400,#4401,#4402,#4403,#4404,#4405,#4406,#4407,#4408,#4409,
#4410,#4411,#4412,#4413,#4414,#4415,#4416,#4417,#4418,#4419,#4420,#4421,
#4422,#4423,#4424,#4425,#4426,#4427,#4428,#4429,#4430,#4431,#4432,#4433,
#4434,#4435,#4436,#4437,#4438,#4439,#4440,#4441,#4442,#4443,#4444,#4445,
#4446,#4447,#4448,#4449,#4450,#4451,#4452,#4453,#4454,#4455,#4456,#4457,
#4458,#4459,#4460,#4461,#4462,#4463,#4464,#4465,#4466,#4467,#4468,#4469,
#4470,#4471,#4472,#4473,#4474,#4475,#4476,#4477,#4478,#4479,#4480,#4481,
#4482,#4483,#4484,#4485,#4486,#4487,#4488,#4489,#4490,#4491,#4492,#4493,
#4494,#4495,#4496)),.UNSPECIFIED.,.F.,.F.,.F.,(4,4),(4,1,1,1,1,1,1,1,1,
1,1,1,1,1,1,1,1,1,1,1,1,1,1,1,1,1,1,1,1,1,1,1,1,1,1,1,1,1,1,1,1,1,1,1,1,
1,1,1,1,1,1,1,1,1,1,1,1,1,1,1,1,1,1,1,1,1,1,1,1,1,1,1,1,1,1,1,1,1,1,1,1,
1,1,1,1,1,1,1,1,1,1,1,1,1,1,1,1,1,1,1,1,1,1,1,1,1,1,1,1,1,1,1,1,1,1,1,1,
1,1,1,1,1,1,1,1,1,1,1,1,1,1,1,1,1,1,1,1,1,1,1,1,1,1,1,1,1,1,1,1,1,1,1,1,
1,1,1,1,1,1,1,1,1,1,1,1,1,1,1,1,1,1,1,1,1,1,1,1,1,1,1,1,1,4),(0.,0.0230940107675851),
(8.30540463884203,9.30316559359069,10.3009265483394,11.298687503088,12.2964484578367,
13.2942094125853,14.291970367334,15.2897313220826,16.2874922768313,17.28525323158,
18.2830141863286,19.2807751410773,20.2785360958259,21.2762970505746,22.2740580053233,
23.2718189600719,24.2695799148206,25.2673408695692,26.2651018243179,27.2628627790666,
28.2606237338152,29.2583846885639,30.2561456433125,31.2539065980612,32.2516675528099,
33.2494285075585,34.2471894623072,35.2449504170558,36.2427113718045,37.2404723265532,
38.2382332813018,39.2359942360505,40.2337551907991,41.2315161455478,42.2292771002964,
43.2270380550451,44.2247990097938,45.2225599645424,46.2203209192911,47.2180818740397,
48.2158428287884,49.2136037835371,50.2113647382857,51.2091256930344,52.206886647783,
53.2046476025317,54.2024085572804,55.200169512029,56.1979304667777,57.1956914215263,
58.193452376275,59.1912133310237,60.1889742857723,61.186735240521,62.1844961952696,
63.1822571500183,64.1800181047669,65.1777790595156,66.1755400142643,67.1733009690129,
68.1710619237616,69.1688228785102,70.1665838332589,71.1643447880076,72.1621057427562,
73.1598666975049,74.1576276522535,75.1553886070022,76.1531495617509,77.1509105164995,
78.1486714712482,79.1464324259968,80.1441933807455,81.1419543354942,82.1397152902428,
83.1374762449915,84.1352371997401,85.1329981544888,86.1307591092375,87.1285200639861,
88.1262810187348,89.1240419734834,90.1218029282321,91.1195638829808,92.1173248377294,
93.1150857924781,94.1128467472267,95.1106077019754,96.108368656724,97.1061296114727,
98.1038905662214,99.10165152097,100.099412475719,101.097173430467,102.094934385216,
103.092695339965,104.090456294713,105.088217249462,106.085978204211,107.083739158959,
108.081500113708,109.079261068457,110.077022023205,111.074782977954,112.072543932703,
113.070304887451,114.0680658422,115.065826796949,116.063587751697,117.061348706446,
118.059109661195,119.056870615943,120.054631570692,121.052392525441,122.050153480189,
123.047914434938,124.045675389687,125.043436344435,126.041197299184,127.038958253932,
128.036719208681,129.03448016343,130.032241118178,131.030002072927,132.027763027676,
133.025523982424,134.023284937173,135.021045891922,136.01880684667,137.016567801419,
138.014328756168,139.012089710916,140.009850665665,141.007611620414,142.005372575162,
143.003133529911,144.00089448466,144.998655439408,145.996416394157,146.994177348906,
147.991938303654,148.989699258403,149.987460213152,150.9852211679,151.982982122649,
152.980743077398,153.978504032146,154.976264986895,155.974025941644,156.971786896392,
157.969547851141,158.96730880589,159.965069760638,160.962830715387,161.960591670136,
162.958352624884,163.956113579633,164.953874534382,165.95163548913,166.949396443879,
167.947157398627,168.944918353376,169.942679308125,170.940440262873,171.938201217622,
172.935962172371,173.933723127119,174.931484081868,175.929245036617,176.927005991365,
177.924766946114,178.922527900863,179.920288855611,180.91804981036,181.915810765109,
182.913571719857,183.911332674606,184.909093629355,185.906854584103,186.904615538852,
187.902376493601,188.900137448349,189.897898403098),.UNSPECIFIED.);
#28=B_SPLINE_SURFACE_WITH_KNOTS('',3,3,((#4666,#4667,#4668,#4669,#4670,
#4671,#4672,#4673,#4674,#4675,#4676,#4677,#4678,#4679,#4680,#4681,#4682,
#4683,#4684,#4685,#4686,#4687,#4688,#4689,#4690,#4691,#4692,#4693,#4694,
#4695,#4696,#4697,#4698,#4699,#4700,#4701,#4702,#4703,#4704,#4705,#4706,
#4707,#4708,#4709,#4710,#4711,#4712,#4713,#4714,#4715,#4716,#4717,#4718,
#4719,#4720,#4721,#4722,#4723,#4724,#4725,#4726,#4727,#4728,#4729,#4730,
#4731,#4732,#4733,#4734,#4735,#4736,#4737,#4738,#4739,#4740,#4741,#4742,
#4743,#4744,#4745,#4746,#4747,#4748,#4749,#4750,#4751,#4752,#4753,#4754,
#4755,#4756,#4757,#4758,#4759,#4760,#4761,#4762,#4763,#4764,#4765,#4766,
#4767,#4768,#4769,#4770,#4771,#4772,#4773,#4774,#4775,#4776,#4777,#4778,
#4779,#4780,#4781,#4782,#4783,#4784,#4785,#4786,#4787,#4788,#4789,#4790,
#4791,#4792,#4793,#4794,#4795,#4796,#4797,#4798,#4799,#4800,#4801,#4802,
#4803,#4804,#4805,#4806,#4807,#4808,#4809,#4810,#4811,#4812,#4813,#4814,
#4815,#4816,#4817,#4818,#4819,#4820,#4821,#4822,#4823,#4824,#4825,#4826,
#4827,#4828,#4829,#4830,#4831,#4832,#4833,#4834,#4835,#4836,#4837,#4838,
#4839,#4840,#4841,#4842,#4843,#4844,#4845,#4846,#4847,#4848,#4849,#4850),
(#4851,#4852,#4853,#4854,#4855,#4856,#4857,#4858,#4859,#4860,#4861,#4862,
#4863,#4864,#4865,#4866,#4867,#4868,#4869,#4870,#4871,#4872,#4873,#4874,
#4875,#4876,#4877,#4878,#4879,#4880,#4881,#4882,#4883,#4884,#4885,#4886,
#4887,#4888,#4889,#4890,#4891,#4892,#4893,#4894,#4895,#4896,#4897,#4898,
#4899,#4900,#4901,#4902,#4903,#4904,#4905,#4906,#4907,#4908,#4909,#4910,
#4911,#4912,#4913,#4914,#4915,#4916,#4917,#4918,#4919,#4920,#4921,#4922,
#4923,#4924,#4925,#4926,#4927,#4928,#4929,#4930,#4931,#4932,#4933,#4934,
#4935,#4936,#4937,#4938,#4939,#4940,#4941,#4942,#4943,#4944,#4945,#4946,
#4947,#4948,#4949,#4950,#4951,#4952,#4953,#4954,#4955,#4956,#4957,#4958,
#4959,#4960,#4961,#4962,#4963,#4964,#4965,#4966,#4967,#4968,#4969,#4970,
#4971,#4972,#4973,#4974,#4975,#4976,#4977,#4978,#4979,#4980,#4981,#4982,
#4983,#4984,#4985,#4986,#4987,#4988,#4989,#4990,#4991,#4992,#4993,#4994,
#4995,#4996,#4997,#4998,#4999,#5000,#5001,#5002,#5003,#5004,#5005,#5006,
#5007,#5008,#5009,#5010,#5011,#5012,#5013,#5014,#5015,#5016,#5017,#5018,
#5019,#5020,#5021,#5022,#5023,#5024,#5025,#5026,#5027,#5028,#5029,#5030,
#5031,#5032,#5033,#5034,#5035),(#5036,#5037,#5038,#5039,#5040,#5041,#5042,
#5043,#5044,#5045,#5046,#5047,#5048,#5049,#5050,#5051,#5052,#5053,#5054,
#5055,#5056,#5057,#5058,#5059,#5060,#5061,#5062,#5063,#5064,#5065,#5066,
#5067,#5068,#5069,#5070,#5071,#5072,#5073,#5074,#5075,#5076,#5077,#5078,
#5079,#5080,#5081,#5082,#5083,#5084,#5085,#5086,#5087,#5088,#5089,#5090,
#5091,#5092,#5093,#5094,#5095,#5096,#5097,#5098,#5099,#5100,#5101,#5102,
#5103,#5104,#5105,#5106,#5107,#5108,#5109,#5110,#5111,#5112,#5113,#5114,
#5115,#5116,#5117,#5118,#5119,#5120,#5121,#5122,#5123,#5124,#5125,#5126,
#5127,#5128,#5129,#5130,#5131,#5132,#5133,#5134,#5135,#5136,#5137,#5138,
#5139,#5140,#5141,#5142,#5143,#5144,#5145,#5146,#5147,#5148,#5149,#5150,
#5151,#5152,#5153,#5154,#5155,#5156,#5157,#5158,#5159,#5160,#5161,#5162,
#5163,#5164,#5165,#5166,#5167,#5168,#5169,#5170,#5171,#5172,#5173,#5174,
#5175,#5176,#5177,#5178,#5179,#5180,#5181,#5182,#5183,#5184,#5185,#5186,
#5187,#5188,#5189,#5190,#5191,#5192,#5193,#5194,#5195,#5196,#5197,#5198,
#5199,#5200,#5201,#5202,#5203,#5204,#5205,#5206,#5207,#5208,#5209,#5210,
#5211,#5212,#5213,#5214,#5215,#5216,#5217,#5218,#5219,#5220),(#5221,#5222,
#5223,#5224,#5225,#5226,#5227,#5228,#5229,#5230,#5231,#5232,#5233,#5234,
#5235,#5236,#5237,#5238,#5239,#5240,#5241,#5242,#5243,#5244,#5245,#5246,
#5247,#5248,#5249,#5250,#5251,#5252,#5253,#5254,#5255,#5256,#5257,#5258,
#5259,#5260,#5261,#5262,#5263,#5264,#5265,#5266,#5267,#5268,#5269,#5270,
#5271,#5272,#5273,#5274,#5275,#5276,#5277,#5278,#5279,#5280,#5281,#5282,
#5283,#5284,#5285,#5286,#5287,#5288,#5289,#5290,#5291,#5292,#5293,#5294,
#5295,#5296,#5297,#5298,#5299,#5300,#5301,#5302,#5303,#5304,#5305,#5306,
#5307,#5308,#5309,#5310,#5311,#5312,#5313,#5314,#5315,#5316,#5317,#5318,
#5319,#5320,#5321,#5322,#5323,#5324,#5325,#5326,#5327,#5328,#5329,#5330,
#5331,#5332,#5333,#5334,#5335,#5336,#5337,#5338,#5339,#5340,#5341,#5342,
#5343,#5344,#5345,#5346,#5347,#5348,#5349,#5350,#5351,#5352,#5353,#5354,
#5355,#5356,#5357,#5358,#5359,#5360,#5361,#5362,#5363,#5364,#5365,#5366,
#5367,#5368,#5369,#5370,#5371,#5372,#5373,#5374,#5375,#5376,#5377,#5378,
#5379,#5380,#5381,#5382,#5383,#5384,#5385,#5386,#5387,#5388,#5389,#5390,
#5391,#5392,#5393,#5394,#5395,#5396,#5397,#5398,#5399,#5400,#5401,#5402,
#5403,#5404,#5405)),.UNSPECIFIED.,.F.,.F.,.F.,(4,4),(4,1,1,1,1,1,1,1,1,
1,1,1,1,1,1,1,1,1,1,1,1,1,1,1,1,1,1,1,1,1,1,1,1,1,1,1,1,1,1,1,1,1,1,1,1,
1,1,1,1,1,1,1,1,1,1,1,1,1,1,1,1,1,1,1,1,1,1,1,1,1,1,1,1,1,1,1,1,1,1,1,1,
1,1,1,1,1,1,1,1,1,1,1,1,1,1,1,1,1,1,1,1,1,1,1,1,1,1,1,1,1,1,1,1,1,1,1,1,
1,1,1,1,1,1,1,1,1,1,1,1,1,1,1,1,1,1,1,1,1,1,1,1,1,1,1,1,1,1,1,1,1,1,1,1,
1,1,1,1,1,1,1,1,1,1,1,1,1,1,1,1,1,1,1,1,1,1,1,1,1,1,1,1,1,4),(0.,0.023094010767585),
(11.6128303771618,12.6105913319105,13.6083522866592,14.6061132414078,15.6038741961565,
16.6016351509051,17.5993961056538,18.5971570604025,19.5949180151511,20.5926789698998,
21.5904399246484,22.5882008793971,23.5859618341457,24.5837227888944,25.5814837436431,
26.5792446983917,27.5770056531404,28.574766607889,29.5725275626377,30.5702885173864,
31.568049472135,32.5658104268837,33.5635713816323,34.561332336381,35.5590932911296,
36.5568542458783,37.554615200627,38.5523761553756,39.5501371101243,40.5478980648729,
41.5456590196216,42.5434199743703,43.5411809291189,44.5389418838676,45.5367028386162,
46.5344637933649,47.5322247481136,48.5299857028622,49.5277466576109,50.5255076123595,
51.5232685671082,52.5210295218569,53.5187904766055,54.5165514313542,55.5143123861028,
56.5120733408515,57.5098342956001,58.5075952503488,59.5053562050975,60.5031171598461,
61.5008781145948,62.4986390693434,63.4964000240921,64.4941609788408,65.4919219335894,
66.4896828883381,67.4874438430867,68.4852047978354,69.4829657525841,70.4807267073327,
71.4784876620814,72.47624861683,73.4740095715787,74.4717705263273,75.469531481076,
76.4672924358247,77.4650533905733,78.462814345322,79.4605753000706,80.4583362548193,
81.456097209568,82.4538581643166,83.4516191190653,84.4493800738139,85.4471410285626,
86.4449019833113,87.4426629380599,88.4404238928086,89.4381848475572,90.4359458023059,
91.4337067570545,92.4314677118032,93.4292286665519,94.4269896213005,95.4247505760492,
96.4225115307978,97.4202724855465,98.4180334402952,99.4157943950438,100.413555349792,
101.411316304541,102.40907725929,103.406838214038,104.404599168787,105.402360123536,
106.400121078284,107.397882033033,108.395642987782,109.39340394253,110.391164897279,
111.388925852028,112.386686806776,113.384447761525,114.382208716274,115.379969671022,
116.377730625771,117.37549158052,118.373252535268,119.371013490017,120.368774444766,
121.366535399514,122.364296354263,123.362057309012,124.35981826376,125.357579218509,
126.355340173258,127.353101128006,128.350862082755,129.348623037504,130.346383992252,
131.344144947001,132.34190590175,133.339666856498,134.337427811247,135.335188765996,
136.332949720744,137.330710675493,138.328471630241,139.32623258499,140.323993539739,
141.321754494487,142.319515449236,143.317276403985,144.315037358733,145.312798313482,
146.310559268231,147.308320222979,148.306081177728,149.303842132477,150.301603087225,
151.299364041974,152.297124996723,153.294885951471,154.29264690622,155.290407860969,
156.288168815717,157.285929770466,158.283690725215,159.281451679963,160.279212634712,
161.276973589461,162.274734544209,163.272495498958,164.270256453707,165.268017408455,
166.265778363204,167.263539317953,168.261300272701,169.25906122745,170.256822182199,
171.254583136947,172.252344091696,173.250105046445,174.247866001193,175.245626955942,
176.243387910691,177.241148865439,178.238909820188,179.236670774936,180.234431729685,
181.232192684434,182.229953639182,183.227714593931,184.22547554868,185.223236503428,
186.220997458177,187.218758412926,188.216519367674,189.214280322423,190.212041277172,
191.20980223192,192.207563186669,193.205324141418),.UNSPECIFIED.);
#29=FACE_OUTER_BOUND('',#101,.T.);
#30=FACE_OUTER_BOUND('',#102,.T.);
#31=FACE_OUTER_BOUND('',#103,.T.);
#32=FACE_OUTER_BOUND('',#104,.T.);
#33=FACE_OUTER_BOUND('',#105,.T.);
#34=FACE_OUTER_BOUND('',#106,.T.);
#35=FACE_OUTER_BOUND('',#107,.T.);
#36=FACE_OUTER_BOUND('',#108,.T.);
#37=FACE_OUTER_BOUND('',#109,.T.);
#38=FACE_OUTER_BOUND('',#110,.T.);
#39=FACE_OUTER_BOUND('',#111,.T.);
#40=FACE_OUTER_BOUND('',#112,.T.);
#41=FACE_OUTER_BOUND('',#113,.T.);
#42=FACE_OUTER_BOUND('',#114,.T.);
#43=FACE_OUTER_BOUND('',#115,.T.);
#44=FACE_OUTER_BOUND('',#116,.T.);
#45=FACE_OUTER_BOUND('',#117,.T.);
#46=FACE_OUTER_BOUND('',#118,.T.);
#47=FACE_OUTER_BOUND('',#119,.T.);
#48=FACE_OUTER_BOUND('',#120,.T.);
#49=FACE_OUTER_BOUND('',#121,.T.);
#50=FACE_OUTER_BOUND('',#122,.T.);
#51=FACE_OUTER_BOUND('',#123,.T.);
#52=FACE_OUTER_BOUND('',#124,.T.);
#53=FACE_OUTER_BOUND('',#125,.T.);
#54=FACE_OUTER_BOUND('',#126,.T.);
#55=FACE_OUTER_BOUND('',#127,.T.);
#56=FACE_OUTER_BOUND('',#128,.T.);
#57=FACE_OUTER_BOUND('',#129,.T.);
#58=FACE_OUTER_BOUND('',#130,.T.);
#59=FACE_OUTER_BOUND('',#131,.T.);
#60=FACE_OUTER_BOUND('',#132,.T.);
#61=FACE_OUTER_BOUND('',#133,.T.);
#62=FACE_OUTER_BOUND('',#134,.T.);
#63=FACE_OUTER_BOUND('',#135,.T.);
#64=FACE_OUTER_BOUND('',#136,.T.);
#65=FACE_OUTER_BOUND('',#137,.T.);
#66=FACE_OUTER_BOUND('',#138,.T.);
#67=FACE_OUTER_BOUND('',#139,.T.);
#68=FACE_OUTER_BOUND('',#140,.T.);
#69=FACE_OUTER_BOUND('',#141,.T.);
#70=FACE_OUTER_BOUND('',#142,.T.);
#71=FACE_OUTER_BOUND('',#143,.T.);
#72=FACE_OUTER_BOUND('',#144,.T.);
#73=FACE_OUTER_BOUND('',#145,.T.);
#74=FACE_OUTER_BOUND('',#146,.T.);
#75=FACE_OUTER_BOUND('',#147,.T.);
#76=FACE_OUTER_BOUND('',#148,.T.);
#77=FACE_OUTER_BOUND('',#149,.T.);
#78=FACE_OUTER_BOUND('',#150,.T.);
#79=FACE_OUTER_BOUND('',#151,.T.);
#80=FACE_OUTER_BOUND('',#152,.T.);
#81=FACE_OUTER_BOUND('',#153,.T.);
#82=FACE_OUTER_BOUND('',#154,.T.);
#83=FACE_OUTER_BOUND('',#155,.T.);
#84=FACE_OUTER_BOUND('',#156,.T.);
#85=FACE_OUTER_BOUND('',#157,.T.);
#86=FACE_OUTER_BOUND('',#158,.T.);
#87=FACE_OUTER_BOUND('',#159,.T.);
#88=FACE_OUTER_BOUND('',#160,.T.);
#89=FACE_OUTER_BOUND('',#161,.T.);
#90=FACE_OUTER_BOUND('',#162,.T.);
#91=FACE_OUTER_BOUND('',#163,.T.);
#92=FACE_OUTER_BOUND('',#164,.T.);
#93=FACE_OUTER_BOUND('',#165,.T.);
#94=FACE_OUTER_BOUND('',#166,.T.);
#95=FACE_OUTER_BOUND('',#167,.T.);
#96=FACE_OUTER_BOUND('',#168,.T.);
#97=FACE_OUTER_BOUND('',#169,.T.);
#98=FACE_OUTER_BOUND('',#170,.T.);
#99=FACE_OUTER_BOUND('',#171,.T.);
#100=FACE_OUTER_BOUND('',#173,.T.);
#101=EDGE_LOOP('',(#795,#796,#797,#798));
#102=EDGE_LOOP('',(#799,#800,#801,#802));
#103=EDGE_LOOP('',(#803,#804,#805,#806));
#104=EDGE_LOOP('',(#807,#808,#809,#810));
#105=EDGE_LOOP('',(#811,#812,#813,#814));
#106=EDGE_LOOP('',(#815,#816,#817,#818));
#107=EDGE_LOOP('',(#819,#820,#821,#822));
#108=EDGE_LOOP('',(#823,#824,#825,#826));
#109=EDGE_LOOP('',(#827,#828,#829,#830));
#110=EDGE_LOOP('',(#831,#832,#833,#834));
#111=EDGE_LOOP('',(#835,#836,#837,#838));
#112=EDGE_LOOP('',(#839,#840,#841,#842));
#113=EDGE_LOOP('',(#843,#844,#845,#846));
#114=EDGE_LOOP('',(#847,#848,#849,#850));
#115=EDGE_LOOP('',(#851,#852,#853,#854));
#116=EDGE_LOOP('',(#855,#856,#857,#858));
#117=EDGE_LOOP('',(#859,#860,#861,#862));
#118=EDGE_LOOP('',(#863,#864,#865,#866));
#119=EDGE_LOOP('',(#867,#868,#869,#870));
#120=EDGE_LOOP('',(#871,#872,#873,#874));
#121=EDGE_LOOP('',(#875,#876,#877,#878));
#122=EDGE_LOOP('',(#879,#880,#881,#882));
#123=EDGE_LOOP('',(#883,#884,#885,#886));
#124=EDGE_LOOP('',(#887,#888,#889,#890));
#125=EDGE_LOOP('',(#891,#892,#893,#894));
#126=EDGE_LOOP('',(#895,#896,#897,#898));
#127=EDGE_LOOP('',(#899,#900,#901,#902));
#128=EDGE_LOOP('',(#903,#904,#905,#906));
#129=EDGE_LOOP('',(#907,#908,#909,#910));
#130=EDGE_LOOP('',(#911,#912,#913,#914));
#131=EDGE_LOOP('',(#915,#916,#917,#918));
#132=EDGE_LOOP('',(#919,#920,#921,#922));
#133=EDGE_LOOP('',(#923,#924,#925,#926));
#134=EDGE_LOOP('',(#927,#928,#929,#930));
#135=EDGE_LOOP('',(#931,#932,#933,#934));
#136=EDGE_LOOP('',(#935,#936,#937,#938));
#137=EDGE_LOOP('',(#939,#940,#941,#942));
#138=EDGE_LOOP('',(#943,#944,#945,#946));
#139=EDGE_LOOP('',(#947,#948,#949,#950));
#140=EDGE_LOOP('',(#951,#952,#953,#954));
#141=EDGE_LOOP('',(#955,#956,#957,#958));
#142=EDGE_LOOP('',(#959,#960,#961,#962));
#143=EDGE_LOOP('',(#963,#964,#965,#966));
#144=EDGE_LOOP('',(#967,#968,#969,#970));
#145=EDGE_LOOP('',(#971,#972,#973,#974));
#146=EDGE_LOOP('',(#975,#976,#977,#978));
#147=EDGE_LOOP('',(#979,#980,#981,#982));
#148=EDGE_LOOP('',(#983,#984,#985,#986));
#149=EDGE_LOOP('',(#987,#988,#989,#990));
#150=EDGE_LOOP('',(#991,#992,#993,#994));
#151=EDGE_LOOP('',(#995,#996,#997,#998));
#152=EDGE_LOOP('',(#999,#1000,#1001,#1002));
#153=EDGE_LOOP('',(#1003,#1004,#1005,#1006));
#154=EDGE_LOOP('',(#1007,#1008,#1009,#1010));
#155=EDGE_LOOP('',(#1011,#1012,#1013,#1014));
#156=EDGE_LOOP('',(#1015,#1016,#1017,#1018));
#157=EDGE_LOOP('',(#1019,#1020,#1021,#1022));
#158=EDGE_LOOP('',(#1023,#1024,#1025,#1026,#1027,#1028,#1029,#1030,#1031,
#1032,#1033,#1034,#1035,#1036,#1037,#1038,#1039,#1040,#1041,#1042,#1043,
#1044,#1045,#1046,#1047,#1048,#1049,#1050,#1051,#1052,#1053,#1054,#1055,
#1056,#1057,#1058,#1059,#1060,#1061,#1062,#1063,#1064,#1065,#1066,#1067,
#1068,#1069,#1070,#1071,#1072,#1073,#1074,#1075,#1076,#1077,#1078,#1079,
#1080,#1081,#1082,#1083));
#159=EDGE_LOOP('',(#1084,#1085,#1086,#1087));
#160=EDGE_LOOP('',(#1088,#1089,#1090,#1091,#1092,#1093,#1094,#1095,#1096,
#1097,#1098,#1099,#1100,#1101,#1102,#1103,#1104,#1105,#1106,#1107,#1108,
#1109,#1110,#1111,#1112,#1113,#1114,#1115,#1116,#1117,#1118,#1119,#1120,
#1121,#1122,#1123,#1124,#1125,#1126,#1127,#1128,#1129,#1130,#1131,#1132,
#1133,#1134,#1135,#1136,#1137,#1138,#1139,#1140,#1141,#1142,#1143,#1144,
#1145,#1146,#1147,#1148));
#161=EDGE_LOOP('',(#1149,#1150,#1151,#1152));
#162=EDGE_LOOP('',(#1153,#1154,#1155,#1156));
#163=EDGE_LOOP('',(#1157,#1158,#1159,#1160));
#164=EDGE_LOOP('',(#1161,#1162,#1163,#1164));
#165=EDGE_LOOP('',(#1165,#1166,#1167,#1168));
#166=EDGE_LOOP('',(#1169,#1170,#1171,#1172));
#167=EDGE_LOOP('',(#1173,#1174,#1175,#1176,#1177,#1178));
#168=EDGE_LOOP('',(#1179,#1180,#1181,#1182));
#169=EDGE_LOOP('',(#1183,#1184,#1185,#1186));
#170=EDGE_LOOP('',(#1187,#1188,#1189,#1190));
#171=EDGE_LOOP('',(#1191));
#172=EDGE_LOOP('',(#1192,#1193,#1194,#1195,#1196,#1197));
#173=EDGE_LOOP('',(#1198));
#174=EDGE_LOOP('',(#1199,#1200,#1201,#1202));
#175=CIRCLE('',#1350,0.76925);
#176=CIRCLE('',#1380,0.56925);
#177=CIRCLE('',#1409,0.56925);
#178=CIRCLE('',#1418,0.76925);
#179=CIRCLE('',#1421,1.5);
#180=CIRCLE('',#1422,1.5);
#181=B_SPLINE_CURVE_WITH_KNOTS('',3,(#1661,#1662,#1663,#1664,#1665,#1666,
#1667,#1668,#1669,#1670),.UNSPECIFIED.,.F.,.F.,(4,3,3,4),(177.048561922956,
177.601449945261,178.59921090001,179.519580205131),.UNSPECIFIED.);
#182=B_SPLINE_CURVE_WITH_KNOTS('',3,(#1673,#1674,#1675,#1676,#1677,#1678,
#1679),.UNSPECIFIED.,.F.,.F.,(4,3,4),(-181.592493764256,-180.594732809507,
-180.024321491816),.UNSPECIFIED.);
#183=B_SPLINE_CURVE_WITH_KNOTS('',3,(#1684,#1685,#1686,#1687,#1688,#1689,
#1690,#1691,#1692,#1693,#1694,#1695,#1696,#1697,#1698,#1699,#1700,#1701,
#1702,#1703,#1704,#1705),.UNSPECIFIED.,.F.,.F.,(4,3,3,3,3,3,3,4),(170.765376615776,
171.614884216769,172.612645171518,173.610406126267,174.608167081015,175.605928035764,
176.603688990513,177.048561922956),.UNSPECIFIED.);
#184=B_SPLINE_CURVE_WITH_KNOTS('',3,(#1706,#1707,#1708,#1709,#1710,#1711,
#1712,#1713,#1714,#1715,#1716,#1717,#1718,#1719,#1720,#1721,#1722,#1723,
#1724,#1725,#1726,#1727),.UNSPECIFIED.,.F.,.F.,(4,3,3,3,3,3,3,4),(-180.024321491816,
-179.596971854759,-178.59921090001,-177.601449945261,-176.603688990513,
-175.605928035764,-174.608167081015,-173.741136184636),.UNSPECIFIED.);
#185=B_SPLINE_CURVE_WITH_KNOTS('',3,(#1732,#1733,#1734,#1735,#1736,#1737,
#1738,#1739,#1740,#1741,#1742,#1743,#1744,#1745,#1746,#1747,#1748,#1749,
#1750,#1751,#1752,#1753,#1754,#1755,#1756),.UNSPECIFIED.,.F.,.F.,(4,3,3,
3,3,3,3,3,4),(164.482191308597,164.630557533529,165.628318488277,166.626079443026,
167.623840397775,168.621601352523,169.619362307272,170.617123262021,170.765376615776),
 .UNSPECIFIED.);
#186=B_SPLINE_CURVE_WITH_KNOTS('',3,(#1757,#1758,#1759,#1760,#1761,#1762,
#1763,#1764,#1765,#1766,#1767,#1768,#1769,#1770,#1771,#1772,#1773,#1774,
#1775,#1776,#1777,#1778,#1779,#1780,#1781),.UNSPECIFIED.,.F.,.F.,(4,3,3,
3,3,3,3,3,4),(-173.741136184636,-173.610406126267,-172.612645171518,-171.614884216769,
-170.617123262021,-169.619362307272,-168.621601352523,-167.623840397775,
-167.457950877456),.UNSPECIFIED.);
#187=B_SPLINE_CURVE_WITH_KNOTS('',3,(#1786,#1787,#1788,#1789,#1790,#1791,
#1792,#1793,#1794,#1795,#1796,#1797,#1798,#1799,#1800,#1801,#1802,#1803,
#1804,#1805,#1806,#1807),.UNSPECIFIED.,.F.,.F.,(4,3,3,3,3,3,3,4),(158.199006001417,
158.643991805037,159.641752759785,160.639513714534,161.637274669283,162.635035624031,
163.63279657878,164.482191308597),.UNSPECIFIED.);
#188=B_SPLINE_CURVE_WITH_KNOTS('',3,(#1808,#1809,#1810,#1811,#1812,#1813,
#1814,#1815,#1816,#1817,#1818,#1819,#1820,#1821,#1822,#1823,#1824,#1825,
#1826,#1827,#1828,#1829),.UNSPECIFIED.,.F.,.F.,(4,3,3,3,3,3,3,4),(-167.457950877456,
-166.626079443026,-165.628318488277,-164.630557533529,-163.63279657878,
-162.635035624031,-161.637274669283,-161.174765570277),.UNSPECIFIED.);
#189=B_SPLINE_CURVE_WITH_KNOTS('',3,(#1834,#1835,#1836,#1837,#1838,#1839,
#1840,#1841,#1842,#1843,#1844,#1845,#1846,#1847,#1848,#1849,#1850,#1851,
#1852,#1853,#1854,#1855),.UNSPECIFIED.,.F.,.F.,(4,3,3,3,3,3,3,4),(151.915820694238,
152.657426076545,153.655187031293,154.652947986042,155.650708940791,156.64846989554,
157.646230850288,158.199006001417),.UNSPECIFIED.);
#190=B_SPLINE_CURVE_WITH_KNOTS('',3,(#1856,#1857,#1858,#1859,#1860,#1861,
#1862,#1863,#1864,#1865,#1866,#1867,#1868,#1869,#1870,#1871,#1872,#1873,
#1874,#1875,#1876,#1877),.UNSPECIFIED.,.F.,.F.,(4,3,3,3,3,3,3,4),(-161.174765570277,
-160.639513714534,-159.641752759785,-158.643991805037,-157.646230850288,
-156.648469895539,-155.650708940791,-154.891580263097),.UNSPECIFIED.);
#191=B_SPLINE_CURVE_WITH_KNOTS('',3,(#1882,#1883,#1884,#1885,#1886,#1887,
#1888,#1889,#1890,#1891,#1892,#1893,#1894,#1895,#1896,#1897,#1898,#1899,
#1900,#1901,#1902,#1903,#1904,#1905,#1906),.UNSPECIFIED.,.F.,.F.,(4,3,3,
3,3,3,3,3,4),(145.632635387058,145.673099393304,146.670860348053,147.668621302802,
148.66638225755,149.664143212299,150.661904167048,151.659665121796,151.915820694238),
 .UNSPECIFIED.);
#192=B_SPLINE_CURVE_WITH_KNOTS('',3,(#1907,#1908,#1909,#1910,#1911,#1912,
#1913,#1914,#1915,#1916,#1917,#1918,#1919,#1920,#1921,#1922,#1923,#1924,
#1925,#1926,#1927,#1928,#1929,#1930,#1931),.UNSPECIFIED.,.F.,.F.,(4,3,3,
3,3,3,3,3,4),(-154.891580263097,-154.652947986042,-153.655187031293,-152.657426076545,
-151.659665121796,-150.661904167047,-149.664143212299,-148.66638225755,
-148.608394955918),.UNSPECIFIED.);
#193=B_SPLINE_CURVE_WITH_KNOTS('',3,(#1936,#1937,#1938,#1939,#1940,#1941,
#1942,#1943,#1944,#1945,#1946,#1947,#1948,#1949,#1950,#1951,#1952,#1953,
#1954,#1955,#1956,#1957),.UNSPECIFIED.,.F.,.F.,(4,3,3,3,3,3,3,4),(139.349450079878,
139.686533664812,140.684294619561,141.68205557431,142.679816529058,143.677577483807,
144.675338438556,145.632635387058),.UNSPECIFIED.);
#194=B_SPLINE_CURVE_WITH_KNOTS('',3,(#1958,#1959,#1960,#1961,#1962,#1963,
#1964,#1965,#1966,#1967,#1968,#1969,#1970,#1971,#1972,#1973,#1974,#1975,
#1976,#1977,#1978,#1979),.UNSPECIFIED.,.F.,.F.,(4,3,3,3,3,3,3,4),(-148.608394955918,
-147.668621302801,-146.670860348053,-145.673099393304,-144.675338438556,
-143.677577483807,-142.679816529058,-142.325209648738),.UNSPECIFIED.);
#195=B_SPLINE_CURVE_WITH_KNOTS('',3,(#1984,#1985,#1986,#1987,#1988,#1989,
#1990,#1991,#1992,#1993,#1994,#1995,#1996,#1997,#1998,#1999,#2000,#2001,
#2002,#2003,#2004,#2005),.UNSPECIFIED.,.F.,.F.,(4,3,3,3,3,3,3,4),(133.066264772699,
133.69996793632,134.697728891069,135.695489845818,136.693250800566,137.691011755315,
138.688772710064,139.349450079878),.UNSPECIFIED.);
#196=B_SPLINE_CURVE_WITH_KNOTS('',3,(#2006,#2007,#2008,#2009,#2010,#2011,
#2012,#2013,#2014,#2015,#2016,#2017,#2018,#2019,#2020,#2021,#2022,#2023,
#2024,#2025,#2026,#2027),.UNSPECIFIED.,.F.,.F.,(4,3,3,3,3,3,3,4),(-142.325209648738,
-141.68205557431,-140.684294619561,-139.686533664812,-138.688772710064,
-137.691011755315,-136.693250800566,-136.042024341559),.UNSPECIFIED.);
#197=B_SPLINE_CURVE_WITH_KNOTS('',3,(#2032,#2033,#2034,#2035,#2036,#2037,
#2038,#2039,#2040,#2041,#2042,#2043,#2044,#2045,#2046,#2047,#2048,#2049,
#2050,#2051,#2052,#2053),.UNSPECIFIED.,.F.,.F.,(4,3,3,3,3,3,3,4),(126.783079465519,
127.713402207828,128.711163162577,129.708924117326,130.706685072074,131.704446026823,
132.702206981572,133.066264772699),.UNSPECIFIED.);
#198=B_SPLINE_CURVE_WITH_KNOTS('',3,(#2054,#2055,#2056,#2057,#2058,#2059,
#2060,#2061,#2062,#2063,#2064,#2065,#2066,#2067,#2068,#2069,#2070,#2071,
#2072,#2073,#2074,#2075),.UNSPECIFIED.,.F.,.F.,(4,3,3,3,3,3,3,4),(-136.042024341559,
-135.695489845818,-134.697728891069,-133.69996793632,-132.702206981572,
-131.704446026823,-130.706685072074,-129.758839034379),.UNSPECIFIED.);
#199=B_SPLINE_CURVE_WITH_KNOTS('',3,(#2080,#2081,#2082,#2083,#2084,#2085,
#2086,#2087,#2088,#2089,#2090,#2091,#2092,#2093,#2094,#2095,#2096,#2097,
#2098,#2099,#2100,#2101,#2102,#2103,#2104),.UNSPECIFIED.,.F.,.F.,(4,3,3,
3,3,3,3,3,4),(120.49989415834,120.729075524588,121.726836479336,122.724597434085,
123.722358388834,124.720119343582,125.717880298331,126.71564125308,126.783079465519),
 .UNSPECIFIED.);
#200=B_SPLINE_CURVE_WITH_KNOTS('',3,(#2105,#2106,#2107,#2108,#2109,#2110,
#2111,#2112,#2113,#2114,#2115,#2116,#2117,#2118,#2119,#2120,#2121,#2122,
#2123,#2124,#2125,#2126,#2127,#2128,#2129),.UNSPECIFIED.,.F.,.F.,(4,3,3,
3,3,3,3,3,4),(-129.758839034379,-129.708924117326,-128.711163162577,-127.713402207828,
-126.71564125308,-125.717880298331,-124.720119343582,-123.722358388834,
-123.475653727199),.UNSPECIFIED.);
#201=B_SPLINE_CURVE_WITH_KNOTS('',3,(#2134,#2135,#2136,#2137,#2138,#2139,
#2140,#2141,#2142,#2143,#2144,#2145,#2146,#2147,#2148,#2149,#2150,#2151,
#2152,#2153,#2154,#2155),.UNSPECIFIED.,.F.,.F.,(4,3,3,3,3,3,3,4),(114.21670885116,
114.742509796096,115.740270750844,116.738031705593,117.735792660342,118.73355361509,
119.731314569839,120.49989415834),.UNSPECIFIED.);
#202=B_SPLINE_CURVE_WITH_KNOTS('',3,(#2156,#2157,#2158,#2159,#2160,#2161,
#2162,#2163,#2164,#2165,#2166,#2167,#2168,#2169,#2170,#2171,#2172,#2173,
#2174,#2175,#2176,#2177),.UNSPECIFIED.,.F.,.F.,(4,3,3,3,3,3,3,4),(-123.475653727199,
-122.724597434085,-121.726836479336,-120.729075524588,-119.731314569839,
-118.73355361509,-117.735792660342,-117.19246842002),.UNSPECIFIED.);
#203=B_SPLINE_CURVE_WITH_KNOTS('',3,(#2182,#2183,#2184,#2185,#2186,#2187,
#2188,#2189,#2190,#2191,#2192,#2193,#2194,#2195,#2196,#2197,#2198,#2199,
#2200,#2201,#2202,#2203),.UNSPECIFIED.,.F.,.F.,(4,3,3,3,3,3,3,4),(107.933523543981,
108.755944067604,109.753705022353,110.751465977101,111.74922693185,112.746987886598,
113.744748841347,114.21670885116),.UNSPECIFIED.);
#204=B_SPLINE_CURVE_WITH_KNOTS('',3,(#2204,#2205,#2206,#2207,#2208,#2209,
#2210,#2211,#2212,#2213,#2214,#2215,#2216,#2217,#2218,#2219,#2220,#2221,
#2222,#2223,#2224,#2225),.UNSPECIFIED.,.F.,.F.,(4,3,3,3,3,3,3,4),(-117.19246842002,
-116.738031705593,-115.740270750844,-114.742509796096,-113.744748841347,
-112.746987886598,-111.74922693185,-110.90928311284),.UNSPECIFIED.);
#205=B_SPLINE_CURVE_WITH_KNOTS('',3,(#2230,#2231,#2232,#2233,#2234,#2235,
#2236,#2237,#2238,#2239,#2240,#2241,#2242,#2243,#2244,#2245,#2246,#2247,
#2248,#2249,#2250,#2251,#2252,#2253,#2254),.UNSPECIFIED.,.F.,.F.,(4,3,3,
3,3,3,3,3,4),(101.650338236801,101.771617384363,102.769378339112,103.767139293861,
104.764900248609,105.762661203358,106.760422158107,107.758183112855,107.933523543981),
 .UNSPECIFIED.);
#206=B_SPLINE_CURVE_WITH_KNOTS('',3,(#2255,#2256,#2257,#2258,#2259,#2260,
#2261,#2262,#2263,#2264,#2265,#2266,#2267,#2268,#2269,#2270,#2271,#2272,
#2273,#2274,#2275,#2276,#2277,#2278,#2279),.UNSPECIFIED.,.F.,.F.,(4,3,3,
3,3,3,3,3,4),(-110.90928311284,-110.751465977101,-109.753705022352,-108.755944067604,
-107.758183112855,-106.760422158107,-105.762661203358,-104.764900248609,
-104.626097805661),.UNSPECIFIED.);
#207=B_SPLINE_CURVE_WITH_KNOTS('',3,(#2284,#2285,#2286,#2287,#2288,#2289,
#2290,#2291,#2292,#2293,#2294,#2295,#2296,#2297,#2298,#2299,#2300,#2301,
#2302,#2303,#2304,#2305),.UNSPECIFIED.,.F.,.F.,(4,3,3,3,3,3,3,4),(95.3671529296214,
95.7850516558713,96.7828126106199,97.7805735653686,98.7783345201173,99.7760954748659,
100.773856429615,101.650338236801),.UNSPECIFIED.);
#208=B_SPLINE_CURVE_WITH_KNOTS('',3,(#2306,#2307,#2308,#2309,#2310,#2311,
#2312,#2313,#2314,#2315,#2316,#2317,#2318,#2319,#2320,#2321,#2322,#2323,
#2324,#2325,#2326,#2327),.UNSPECIFIED.,.F.,.F.,(4,3,3,3,3,3,3,4),(-104.626097805661,
-103.767139293861,-102.769378339112,-101.771617384363,-100.773856429615,
-99.7760954748659,-98.7783345201172,-98.3429124984811),.UNSPECIFIED.);
#209=B_SPLINE_CURVE_WITH_KNOTS('',3,(#2332,#2333,#2334,#2335,#2336,#2337,
#2338,#2339,#2340,#2341,#2342,#2343,#2344,#2345,#2346,#2347,#2348,#2349,
#2350,#2351,#2352,#2353),.UNSPECIFIED.,.F.,.F.,(4,3,3,3,3,3,3,4),(89.0839676224418,
89.7984859273793,90.796246882128,91.7940078368766,92.7917687916253,93.789529746374,
94.7872907011226,95.3671529296214),.UNSPECIFIED.);
#210=B_SPLINE_CURVE_WITH_KNOTS('',3,(#2354,#2355,#2356,#2357,#2358,#2359,
#2360,#2361,#2362,#2363,#2364,#2365,#2366,#2367,#2368,#2369,#2370,#2371,
#2372,#2373,#2374,#2375),.UNSPECIFIED.,.F.,.F.,(4,3,3,3,3,3,3,4),(-98.3429124984811,
-97.7805735653686,-96.7828126106199,-95.7850516558712,-94.7872907011226,
-93.7895297463739,-92.7917687916253,-92.0597271913015),.UNSPECIFIED.);
#211=B_SPLINE_CURVE_WITH_KNOTS('',3,(#2380,#2381,#2382,#2383,#2384,#2385,
#2386,#2387,#2388,#2389,#2390,#2391,#2392,#2393,#2394,#2395,#2396,#2397,
#2398,#2399,#2400,#2401,#2402,#2403,#2404),.UNSPECIFIED.,.F.,.F.,(4,3,3,
3,3,3,3,3,4),(82.8007823152622,82.8141592441387,83.8119201988874,84.809681153636,
85.8074421083847,86.8052030631334,87.802964017882,88.8007249726307,89.0839676224418),
 .UNSPECIFIED.);
#212=B_SPLINE_CURVE_WITH_KNOTS('',3,(#2405,#2406,#2407,#2408,#2409,#2410,
#2411,#2412,#2413,#2414,#2415,#2416,#2417,#2418,#2419,#2420,#2421,#2422,
#2423,#2424,#2425,#2426,#2427,#2428,#2429),.UNSPECIFIED.,.F.,.F.,(4,3,3,
3,3,3,3,3,4),(-92.0597271913015,-91.7940078368766,-90.7962468821279,-89.7984859273793,
-88.8007249726306,-87.802964017882,-86.8052030631333,-85.8074421083846,
-85.7765418841219),.UNSPECIFIED.);
#213=B_SPLINE_CURVE_WITH_KNOTS('',3,(#2434,#2435,#2436,#2437,#2438,#2439,
#2440,#2441,#2442,#2443,#2444,#2445,#2446,#2447,#2448,#2449,#2450,#2451,
#2452,#2453,#2454,#2455),.UNSPECIFIED.,.F.,.F.,(4,3,3,3,3,3,3,4),(76.5175970080826,
76.8275935156468,77.8253544703954,78.8231154251441,79.8208763798928,80.8186373346414,
81.8163982893901,82.8007823152622),.UNSPECIFIED.);
#214=B_SPLINE_CURVE_WITH_KNOTS('',3,(#2456,#2457,#2458,#2459,#2460,#2461,
#2462,#2463,#2464,#2465,#2466,#2467,#2468,#2469,#2470,#2471,#2472,#2473,
#2474,#2475,#2476,#2477),.UNSPECIFIED.,.F.,.F.,(4,3,3,3,3,3,3,4),(-85.7765418841219,
-84.809681153636,-83.8119201988873,-82.8141592441387,-81.81639828939,-80.8186373346414,
-79.8208763798927,-79.4933565769423),.UNSPECIFIED.);
#215=B_SPLINE_CURVE_WITH_KNOTS('',3,(#2482,#2483,#2484,#2485,#2486,#2487,
#2488,#2489,#2490,#2491,#2492,#2493,#2494,#2495,#2496,#2497,#2498,#2499,
#2500,#2501,#2502,#2503),.UNSPECIFIED.,.F.,.F.,(4,3,3,3,3,3,3,4),(70.234411700903,
70.8410277871548,71.8387887419035,72.8365496966521,73.8343106514008,74.8320716061495,
75.8298325608981,76.5175970080826),.UNSPECIFIED.);
#216=B_SPLINE_CURVE_WITH_KNOTS('',3,(#2504,#2505,#2506,#2507,#2508,#2509,
#2510,#2511,#2512,#2513,#2514,#2515,#2516,#2517,#2518,#2519,#2520,#2521,
#2522,#2523,#2524,#2525),.UNSPECIFIED.,.F.,.F.,(4,3,3,3,3,3,3,4),(-79.4933565769423,
-78.8231154251441,-77.8253544703954,-76.8275935156467,-75.8298325608981,
-74.8320716061494,-73.8343106514008,-73.2101712697627),.UNSPECIFIED.);
#217=B_SPLINE_CURVE_WITH_KNOTS('',3,(#2530,#2531,#2532,#2533,#2534,#2535,
#2536,#2537,#2538,#2539,#2540,#2541,#2542,#2543,#2544,#2545,#2546,#2547,
#2548,#2549,#2550,#2551),.UNSPECIFIED.,.F.,.F.,(4,3,3,3,3,3,3,4),(63.9512263937234,
64.8544620586628,65.8522230134115,66.8499839681602,67.8477449229088,68.8455058776575,
69.8432668324061,70.234411700903),.UNSPECIFIED.);
#218=B_SPLINE_CURVE_WITH_KNOTS('',3,(#2552,#2553,#2554,#2555,#2556,#2557,
#2558,#2559,#2560,#2561,#2562,#2563,#2564,#2565,#2566,#2567,#2568,#2569,
#2570,#2571,#2572,#2573),.UNSPECIFIED.,.F.,.F.,(4,3,3,3,3,3,3,4),(-73.2101712697627,
-72.8365496966521,-71.8387887419034,-70.8410277871548,-69.8432668324061,
-68.8455058776575,-67.8477449229088,-66.9269859625831),.UNSPECIFIED.);
#219=B_SPLINE_CURVE_WITH_KNOTS('',3,(#2578,#2579,#2580,#2581,#2582,#2583,
#2584,#2585,#2586,#2587,#2588,#2589,#2590,#2591,#2592,#2593,#2594,#2595,
#2596,#2597,#2598,#2599,#2600,#2601,#2602),.UNSPECIFIED.,.F.,.F.,(4,3,3,
3,3,3,3,3,4),(57.6680410865438,57.8701353754222,58.8678963301709,59.8656572849196,
60.8634182396682,61.8611791944169,62.8589401491655,63.8567011039142,63.9512263937234),
 .UNSPECIFIED.);
#220=B_SPLINE_CURVE_WITH_KNOTS('',3,(#2603,#2604,#2605,#2606,#2607,#2608,
#2609,#2610,#2611,#2612,#2613,#2614,#2615,#2616,#2617,#2618,#2619,#2620,
#2621,#2622,#2623,#2624,#2625,#2626,#2627),.UNSPECIFIED.,.F.,.F.,(4,3,3,
3,3,3,3,3,4),(-66.9269859625831,-66.8499839681601,-65.8522230134115,-64.8544620586628,
-63.8567011039142,-62.8589401491655,-61.8611791944168,-60.8634182396682,
-60.6438006554035),.UNSPECIFIED.);
#221=B_SPLINE_CURVE_WITH_KNOTS('',3,(#2632,#2633,#2634,#2635,#2636,#2637,
#2638,#2639,#2640,#2641,#2642,#2643,#2644,#2645,#2646,#2647,#2648,#2649,
#2650,#2651,#2652,#2653),.UNSPECIFIED.,.F.,.F.,(4,3,3,3,3,3,3,4),(51.3848557793642,
51.8835696469303,52.8813306016789,53.8790915564276,54.8768525111763,55.8746134659249,
56.8723744206736,57.6680410865438),.UNSPECIFIED.);
#222=B_SPLINE_CURVE_WITH_KNOTS('',3,(#2654,#2655,#2656,#2657,#2658,#2659,
#2660,#2661,#2662,#2663,#2664,#2665,#2666,#2667,#2668,#2669,#2670,#2671,
#2672,#2673,#2674,#2675),.UNSPECIFIED.,.F.,.F.,(4,3,3,3,3,3,3,4),(-60.6438006554035,
-59.8656572849195,-58.8678963301709,-57.8701353754222,-56.8723744206736,
-55.8746134659249,-54.8768525111762,-54.3606153482239),.UNSPECIFIED.);
#223=B_SPLINE_CURVE_WITH_KNOTS('',3,(#2680,#2681,#2682,#2683,#2684,#2685,
#2686,#2687,#2688,#2689,#2690,#2691,#2692,#2693,#2694,#2695,#2696,#2697,
#2698,#2699,#2700,#2701),.UNSPECIFIED.,.F.,.F.,(4,3,3,3,3,3,3,4),(45.1016704721846,
45.8970039184383,46.894764873187,47.8925258279356,48.8902867826843,49.888047737433,
50.8858086921816,51.3848557793642),.UNSPECIFIED.);
#224=B_SPLINE_CURVE_WITH_KNOTS('',3,(#2702,#2703,#2704,#2705,#2706,#2707,
#2708,#2709,#2710,#2711,#2712,#2713,#2714,#2715,#2716,#2717,#2718,#2719,
#2720,#2721,#2722,#2723),.UNSPECIFIED.,.F.,.F.,(4,3,3,3,3,3,3,4),(-54.3606153482239,
-53.8790915564276,-52.8813306016789,-51.8835696469303,-50.8858086921816,
-49.8880477374329,-48.8902867826843,-48.0774300410443),.UNSPECIFIED.);
#225=B_SPLINE_CURVE_WITH_KNOTS('',3,(#2728,#2729,#2730,#2731,#2732,#2733,
#2734,#2735,#2736,#2737,#2738,#2739,#2740,#2741,#2742,#2743,#2744,#2745,
#2746,#2747,#2748,#2749,#2750,#2751,#2752),.UNSPECIFIED.,.F.,.F.,(4,3,3,
3,3,3,3,3,4),(38.8184851650051,38.9126772351977,39.9104381899464,40.908199144695,
41.9059600994437,42.9037210541924,43.901482008941,44.8992429636897,45.1016704721846),
 .UNSPECIFIED.);
#226=B_SPLINE_CURVE_WITH_KNOTS('',3,(#2753,#2754,#2755,#2756,#2757,#2758,
#2759,#2760,#2761,#2762,#2763,#2764,#2765,#2766,#2767,#2768,#2769,#2770,
#2771,#2772,#2773,#2774,#2775,#2776,#2777),.UNSPECIFIED.,.F.,.F.,(4,3,3,
3,3,3,3,3,4),(-48.0774300410443,-47.8925258279356,-46.894764873187,-45.8970039184383,
-44.8992429636897,-43.901482008941,-42.9037210541923,-41.9059600994437,
-41.7942447338648),.UNSPECIFIED.);
#227=B_SPLINE_CURVE_WITH_KNOTS('',3,(#2782,#2783,#2784,#2785,#2786,#2787,
#2788,#2789,#2790,#2791,#2792,#2793,#2794,#2795,#2796,#2797,#2798,#2799,
#2800,#2801,#2802,#2803),.UNSPECIFIED.,.F.,.F.,(4,3,3,3,3,3,3,4),(32.5352998578255,
32.9261115067058,33.9238724614544,34.9216334162031,35.9193943709517,36.9171553257004,
37.9149162804491,38.8184851650051),.UNSPECIFIED.);
#228=B_SPLINE_CURVE_WITH_KNOTS('',3,(#2804,#2805,#2806,#2807,#2808,#2809,
#2810,#2811,#2812,#2813,#2814,#2815,#2816,#2817,#2818,#2819,#2820,#2821,
#2822,#2823,#2824,#2825),.UNSPECIFIED.,.F.,.F.,(4,3,3,3,3,3,3,4),(-41.7942447338648,
-40.908199144695,-39.9104381899464,-38.9126772351977,-37.914916280449,-36.9171553257004,
-35.9193943709517,-35.5110594266852),.UNSPECIFIED.);
#229=B_SPLINE_CURVE_WITH_KNOTS('',3,(#2830,#2831,#2832,#2833,#2834,#2835,
#2836,#2837,#2838,#2839,#2840,#2841,#2842,#2843,#2844,#2845,#2846,#2847,
#2848,#2849,#2850,#2851),.UNSPECIFIED.,.F.,.F.,(4,3,3,3,3,3,3,4),(26.2521145506459,
26.9395457782138,27.9373067329625,28.9350676877111,29.9328286424598,30.9305895972084,
31.9283505519571,32.5352998578255),.UNSPECIFIED.);
#230=B_SPLINE_CURVE_WITH_KNOTS('',3,(#2852,#2853,#2854,#2855,#2856,#2857,
#2858,#2859,#2860,#2861,#2862,#2863,#2864,#2865,#2866,#2867,#2868,#2869,
#2870,#2871,#2872,#2873),.UNSPECIFIED.,.F.,.F.,(4,3,3,3,3,3,3,4),(-35.5110594266852,
-34.9216334162031,-33.9238724614544,-32.9261115067057,-31.9283505519571,
-30.9305895972084,-29.9328286424598,-29.2278741195056),.UNSPECIFIED.);
#231=B_SPLINE_CURVE_WITH_KNOTS('',3,(#2878,#2879,#2880,#2881,#2882,#2883,
#2884,#2885,#2886,#2887,#2888,#2889,#2890,#2891,#2892,#2893,#2894,#2895,
#2896,#2897,#2898,#2899),.UNSPECIFIED.,.F.,.F.,(4,3,3,3,3,3,3,4),(19.9689292434663,
20.9529800497218,21.9507410044705,22.9485019592192,23.9462629139678,24.9440238687165,
25.9417848234651,26.2521145506459),.UNSPECIFIED.);
#232=B_SPLINE_CURVE_WITH_KNOTS('',3,(#2900,#2901,#2902,#2903,#2904,#2905,
#2906,#2907,#2908,#2909,#2910,#2911,#2912,#2913,#2914,#2915,#2916,#2917,
#2918,#2919,#2920,#2921),.UNSPECIFIED.,.F.,.F.,(4,3,3,3,3,3,3,4),(-29.2278741195056,
-28.9350676877111,-27.9373067329625,-26.9395457782138,-25.9417848234651,
-24.9440238687165,-23.9462629139678,-22.944688812326),.UNSPECIFIED.);
#233=B_SPLINE_CURVE_WITH_KNOTS('',3,(#2926,#2927,#2928,#2929,#2930,#2931,
#2932,#2933,#2934,#2935,#2936,#2937,#2938,#2939,#2940,#2941,#2942,#2943,
#2944,#2945,#2946,#2947,#2948,#2949,#2950),.UNSPECIFIED.,.F.,.F.,(4,3,3,
3,3,3,3,3,4),(13.6857439362867,13.9686533664812,14.9664143212299,15.9641752759786,
16.9619362307272,17.9596971854759,18.9574581402245,19.9552190949732,19.9689292434663),
 .UNSPECIFIED.);
#234=B_SPLINE_CURVE_WITH_KNOTS('',3,(#2951,#2952,#2953,#2954,#2955,#2956,
#2957,#2958,#2959,#2960,#2961,#2962,#2963,#2964,#2965,#2966,#2967,#2968,
#2969,#2970,#2971,#2972),.UNSPECIFIED.,.F.,.F.,(4,3,3,3,3,3,3,4),(-22.944688812326,
-21.9507410044705,-20.9529800497218,-19.9552190949732,-18.9574581402245,
-17.9596971854759,-16.9619362307272,-16.6615035051464),.UNSPECIFIED.);
#235=B_SPLINE_CURVE_WITH_KNOTS('',3,(#2977,#2978,#2979,#2980,#2981,#2982,
#2983,#2984,#2985,#2986,#2987,#2988,#2989,#2990,#2991,#2992,#2993,#2994,
#2995,#2996,#2997,#2998),.UNSPECIFIED.,.F.,.F.,(4,3,3,3,3,3,3,4),(7.40255862910711,
7.98208763798928,8.97984859273793,9.97760954748659,10.9753705022353,11.9731314569839,
12.9708924117326,13.6857439362867),.UNSPECIFIED.);
#236=B_SPLINE_CURVE_WITH_KNOTS('',3,(#2999,#3000,#3001,#3002,#3003,#3004,
#3005,#3006,#3007,#3008,#3009,#3010,#3011,#3012,#3013,#3014,#3015,#3016,
#3017,#3018,#3019,#3020),.UNSPECIFIED.,.F.,.F.,(4,3,3,3,3,3,3,4),(-16.6615035051464,
-15.9641752759785,-14.9664143212299,-13.9686533664812,-12.9708924117326,
-11.9731314569839,-10.9753705022352,-10.3783181979668),.UNSPECIFIED.);
#237=B_SPLINE_CURVE_WITH_KNOTS('',3,(#3025,#3026,#3027,#3028,#3029,#3030,
#3031,#3032,#3033,#3034,#3035,#3036,#3037,#3038,#3039,#3040,#3041,#3042,
#3043,#3044,#3045,#3046),.UNSPECIFIED.,.F.,.F.,(4,3,3,3,3,3,3,4),(1.11937332192751,
1.99552190949732,2.99328286424598,3.99104381899464,4.9888047737433,5.98656572849196,
6.98432668324062,7.40255862910711),.UNSPECIFIED.);
#238=B_SPLINE_CURVE_WITH_KNOTS('',3,(#3047,#3048,#3049,#3050,#3051,#3052,
#3053,#3054,#3055,#3056,#3057,#3058,#3059,#3060,#3061,#3062,#3063,#3064,
#3065,#3066,#3067,#3068),.UNSPECIFIED.,.F.,.F.,(4,3,3,3,3,3,3,4),(-10.3783181979668,
-9.97760954748659,-8.97984859273793,-7.98208763798927,-6.98432668324061,
-5.98656572849195,-4.98880477374329,-4.09513289078721),.UNSPECIFIED.);
#239=B_SPLINE_CURVE_WITH_KNOTS('',3,(#3074,#3075,#3076,#3077,#3078,#3079,
#3080,#3081,#3082),.UNSPECIFIED.,.F.,.F.,(4,1,1,1,1,1,4),(185.353966561798,
186.220997458177,187.218758412926,188.216519367674,189.214280322423,190.212041277172,
191.132410582293),.UNSPECIFIED.);
#240=B_SPLINE_CURVE_WITH_KNOTS('',3,(#3085,#3086,#3087,#3088,#3089,#3090,
#3091,#3092),.UNSPECIFIED.,.F.,.F.,(4,1,1,1,1,4),(185.353966561798,185.906854584103,
186.904615538852,187.902376493601,188.900137448349,189.897898403098),
 .UNSPECIFIED.);
#241=B_SPLINE_CURVE_WITH_KNOTS('',3,(#3097,#3098,#3099,#3100,#3101,#3102,
#3103,#3104,#3105,#3106,#3107),.UNSPECIFIED.,.F.,.F.,(4,1,1,1,1,1,1,1,4),
(179.070781254618,179.236670774936,180.234431729685,181.232192684434,182.229953639182,
183.227714593931,184.22547554868,185.223236503428,185.353966561798),
 .UNSPECIFIED.);
#242=B_SPLINE_CURVE_WITH_KNOTS('',3,(#3108,#3109,#3110,#3111,#3112,#3113,
#3114,#3115,#3116,#3117),.UNSPECIFIED.,.F.,.F.,(4,1,1,1,1,1,1,4),(179.070781254618,
179.920288855611,180.91804981036,181.915810765109,182.913571719857,183.911332674606,
184.909093629355,185.353966561798),.UNSPECIFIED.);
#243=B_SPLINE_CURVE_WITH_KNOTS('',3,(#3122,#3123,#3124,#3125,#3126,#3127,
#3128,#3129,#3130,#3131),.UNSPECIFIED.,.F.,.F.,(4,1,1,1,1,1,1,4),(172.787595947439,
173.250105046445,174.247866001193,175.245626955942,176.243387910691,177.241148865439,
178.238909820188,179.070781254618),.UNSPECIFIED.);
#244=B_SPLINE_CURVE_WITH_KNOTS('',3,(#3132,#3133,#3134,#3135,#3136,#3137,
#3138,#3139,#3140,#3141,#3142),.UNSPECIFIED.,.F.,.F.,(4,1,1,1,1,1,1,1,4),
(172.787595947439,172.935962172371,173.933723127119,174.931484081868,175.929245036617,
176.927005991365,177.924766946114,178.922527900863,179.070781254618),
 .UNSPECIFIED.);
#245=B_SPLINE_CURVE_WITH_KNOTS('',3,(#3147,#3148,#3149,#3150,#3151,#3152,
#3153,#3154,#3155,#3156),.UNSPECIFIED.,.F.,.F.,(4,1,1,1,1,1,1,4),(166.504410640259,
167.263539317953,168.261300272701,169.25906122745,170.256822182199,171.254583136947,
172.252344091696,172.787595947439),.UNSPECIFIED.);
#246=B_SPLINE_CURVE_WITH_KNOTS('',3,(#3157,#3158,#3159,#3160,#3161,#3162,
#3163,#3164,#3165,#3166),.UNSPECIFIED.,.F.,.F.,(4,1,1,1,1,1,1,4),(166.504410640259,
166.949396443879,167.947157398627,168.944918353376,169.942679308125,170.940440262873,
171.938201217622,172.787595947439),.UNSPECIFIED.);
#247=B_SPLINE_CURVE_WITH_KNOTS('',3,(#3171,#3172,#3173,#3174,#3175,#3176,
#3177,#3178,#3179,#3180,#3181),.UNSPECIFIED.,.F.,.F.,(4,1,1,1,1,1,1,1,4),
(160.22122533308,160.279212634712,161.276973589461,162.274734544209,163.272495498958,
164.270256453707,165.268017408455,166.265778363204,166.504410640259),
 .UNSPECIFIED.);
#248=B_SPLINE_CURVE_WITH_KNOTS('',3,(#3182,#3183,#3184,#3185,#3186,#3187,
#3188,#3189,#3190,#3191),.UNSPECIFIED.,.F.,.F.,(4,1,1,1,1,1,1,4),(160.22122533308,
160.962830715387,161.960591670136,162.958352624884,163.956113579633,164.953874534382,
165.95163548913,166.504410640259),.UNSPECIFIED.);
#249=B_SPLINE_CURVE_WITH_KNOTS('',3,(#3196,#3197,#3198,#3199,#3200,#3201,
#3202,#3203,#3204,#3205),.UNSPECIFIED.,.F.,.F.,(4,1,1,1,1,1,1,4),(153.9380400259,
154.29264690622,155.290407860969,156.288168815717,157.285929770466,158.283690725215,
159.281451679963,160.22122533308),.UNSPECIFIED.);
#250=B_SPLINE_CURVE_WITH_KNOTS('',3,(#3206,#3207,#3208,#3209,#3210,#3211,
#3212,#3213,#3214,#3215,#3216),.UNSPECIFIED.,.F.,.F.,(4,1,1,1,1,1,1,1,4),
(153.9380400259,153.978504032146,154.976264986895,155.974025941644,156.971786896392,
157.969547851141,158.96730880589,159.965069760638,160.22122533308),
 .UNSPECIFIED.);
#251=B_SPLINE_CURVE_WITH_KNOTS('',3,(#3221,#3222,#3223,#3224,#3225,#3226,
#3227,#3228,#3229,#3230),.UNSPECIFIED.,.F.,.F.,(4,1,1,1,1,1,1,4),(147.65485471872,
148.306081177728,149.303842132477,150.301603087225,151.299364041974,152.297124996723,
153.294885951471,153.9380400259),.UNSPECIFIED.);
#252=B_SPLINE_CURVE_WITH_KNOTS('',3,(#3231,#3232,#3233,#3234,#3235,#3236,
#3237,#3238,#3239,#3240),.UNSPECIFIED.,.F.,.F.,(4,1,1,1,1,1,1,4),(147.65485471872,
147.991938303654,148.989699258403,149.987460213152,150.9852211679,151.982982122649,
152.980743077398,153.9380400259),.UNSPECIFIED.);
#253=B_SPLINE_CURVE_WITH_KNOTS('',3,(#3245,#3246,#3247,#3248,#3249,#3250,
#3251,#3252,#3253,#3254),.UNSPECIFIED.,.F.,.F.,(4,1,1,1,1,1,1,4),(141.371669411541,
142.319515449236,143.317276403985,144.315037358733,145.312798313482,146.310559268231,
147.308320222979,147.65485471872),.UNSPECIFIED.);
#254=B_SPLINE_CURVE_WITH_KNOTS('',3,(#3255,#3256,#3257,#3258,#3259,#3260,
#3261,#3262,#3263,#3264),.UNSPECIFIED.,.F.,.F.,(4,1,1,1,1,1,1,4),(141.371669411541,
142.005372575162,143.003133529911,144.00089448466,144.998655439408,145.996416394157,
146.994177348906,147.65485471872),.UNSPECIFIED.);
#255=B_SPLINE_CURVE_WITH_KNOTS('',3,(#3269,#3270,#3271,#3272,#3273,#3274,
#3275,#3276,#3277,#3278,#3279),.UNSPECIFIED.,.F.,.F.,(4,1,1,1,1,1,1,1,4),
(135.088484104361,135.335188765996,136.332949720744,137.330710675493,138.328471630241,
139.32623258499,140.323993539739,141.321754494487,141.371669411541),
 .UNSPECIFIED.);
#256=B_SPLINE_CURVE_WITH_KNOTS('',3,(#3280,#3281,#3282,#3283,#3284,#3285,
#3286,#3287,#3288,#3289),.UNSPECIFIED.,.F.,.F.,(4,1,1,1,1,1,1,4),(135.088484104361,
136.01880684667,137.016567801419,138.014328756168,139.012089710916,140.009850665665,
141.007611620414,141.371669411541),.UNSPECIFIED.);
#257=B_SPLINE_CURVE_WITH_KNOTS('',3,(#3294,#3295,#3296,#3297,#3298,#3299,
#3300,#3301,#3302,#3303),.UNSPECIFIED.,.F.,.F.,(4,1,1,1,1,1,1,4),(128.805298797182,
129.348623037504,130.346383992252,131.344144947001,132.34190590175,133.339666856498,
134.337427811247,135.088484104361),.UNSPECIFIED.);
#258=B_SPLINE_CURVE_WITH_KNOTS('',3,(#3304,#3305,#3306,#3307,#3308,#3309,
#3310,#3311,#3312,#3313,#3314),.UNSPECIFIED.,.F.,.F.,(4,1,1,1,1,1,1,1,4),
(128.805298797182,129.03448016343,130.032241118178,131.030002072927,132.027763027676,
133.025523982424,134.023284937173,135.021045891922,135.088484104361),
 .UNSPECIFIED.);
#259=B_SPLINE_CURVE_WITH_KNOTS('',3,(#3319,#3320,#3321,#3322,#3323,#3324,
#3325,#3326,#3327,#3328),.UNSPECIFIED.,.F.,.F.,(4,1,1,1,1,1,1,4),(122.522113490002,
123.362057309012,124.35981826376,125.357579218509,126.355340173258,127.353101128006,
128.350862082755,128.805298797182),.UNSPECIFIED.);
#260=B_SPLINE_CURVE_WITH_KNOTS('',3,(#3329,#3330,#3331,#3332,#3333,#3334,
#3335,#3336,#3337,#3338),.UNSPECIFIED.,.F.,.F.,(4,1,1,1,1,1,1,4),(122.522113490002,
123.047914434938,124.045675389687,125.043436344435,126.041197299184,127.038958253932,
128.036719208681,128.805298797182),.UNSPECIFIED.);
#261=B_SPLINE_CURVE_WITH_KNOTS('',3,(#3343,#3344,#3345,#3346,#3347,#3348,
#3349,#3350,#3351,#3352,#3353),.UNSPECIFIED.,.F.,.F.,(4,1,1,1,1,1,1,1,4),
(116.238928182822,116.377730625771,117.37549158052,118.373252535268,119.371013490017,
120.368774444766,121.366535399514,122.364296354263,122.522113490002),
 .UNSPECIFIED.);
#262=B_SPLINE_CURVE_WITH_KNOTS('',3,(#3354,#3355,#3356,#3357,#3358,#3359,
#3360,#3361,#3362,#3363),.UNSPECIFIED.,.F.,.F.,(4,1,1,1,1,1,1,4),(116.238928182823,
117.061348706446,118.059109661195,119.056870615943,120.054631570692,121.052392525441,
122.050153480189,122.522113490002),.UNSPECIFIED.);
#263=B_SPLINE_CURVE_WITH_KNOTS('',3,(#3368,#3369,#3370,#3371,#3372,#3373,
#3374,#3375,#3376,#3377),.UNSPECIFIED.,.F.,.F.,(4,1,1,1,1,1,1,4),(109.955742875643,
110.391164897279,111.388925852028,112.386686806776,113.384447761525,114.382208716274,
115.379969671022,116.238928182822),.UNSPECIFIED.);
#264=B_SPLINE_CURVE_WITH_KNOTS('',3,(#3378,#3379,#3380,#3381,#3382,#3383,
#3384,#3385,#3386,#3387,#3388),.UNSPECIFIED.,.F.,.F.,(4,1,1,1,1,1,1,1,4),
(109.955742875643,110.077022023205,111.074782977954,112.072543932703,113.070304887451,
114.0680658422,115.065826796949,116.063587751697,116.238928182823),
 .UNSPECIFIED.);
#265=B_SPLINE_CURVE_WITH_KNOTS('',3,(#3393,#3394,#3395,#3396,#3397,#3398,
#3399,#3400,#3401,#3402),.UNSPECIFIED.,.F.,.F.,(4,1,1,1,1,1,1,4),(103.672557568463,
104.404599168787,105.402360123536,106.400121078284,107.397882033033,108.395642987782,
109.39340394253,109.955742875643),.UNSPECIFIED.);
#266=B_SPLINE_CURVE_WITH_KNOTS('',3,(#3403,#3404,#3405,#3406,#3407,#3408,
#3409,#3410,#3411,#3412),.UNSPECIFIED.,.F.,.F.,(4,1,1,1,1,1,1,4),(103.672557568463,
104.090456294713,105.088217249462,106.085978204211,107.083739158959,108.081500113708,
109.079261068457,109.955742875643),.UNSPECIFIED.);
#267=B_SPLINE_CURVE_WITH_KNOTS('',3,(#3417,#3418,#3419,#3420,#3421,#3422,
#3423,#3424,#3425,#3426,#3427),.UNSPECIFIED.,.F.,.F.,(4,1,1,1,1,1,1,1,4),
(97.3893722612837,97.4202724855465,98.4180334402952,99.4157943950438,100.413555349792,
101.411316304541,102.40907725929,103.406838214038,103.672557568463),
 .UNSPECIFIED.);
#268=B_SPLINE_CURVE_WITH_KNOTS('',3,(#3428,#3429,#3430,#3431,#3432,#3433,
#3434,#3435,#3436,#3437),.UNSPECIFIED.,.F.,.F.,(4,1,1,1,1,1,1,4),(97.3893722612837,
98.1038905662214,99.10165152097,100.099412475719,101.097173430467,102.094934385216,
103.092695339965,103.672557568463),.UNSPECIFIED.);
#269=B_SPLINE_CURVE_WITH_KNOTS('',3,(#3442,#3443,#3444,#3445,#3446,#3447,
#3448,#3449,#3450,#3451),.UNSPECIFIED.,.F.,.F.,(4,1,1,1,1,1,1,4),(91.1061869541041,
91.4337067570545,92.4314677118032,93.4292286665519,94.4269896213005,95.4247505760492,
96.4225115307978,97.3893722612837),.UNSPECIFIED.);
#270=B_SPLINE_CURVE_WITH_KNOTS('',3,(#3452,#3453,#3454,#3455,#3456,#3457,
#3458,#3459,#3460,#3461,#3462),.UNSPECIFIED.,.F.,.F.,(4,1,1,1,1,1,1,1,4),
(91.1061869541041,91.1195638829808,92.1173248377294,93.1150857924781,94.1128467472267,
95.1106077019754,96.108368656724,97.1061296114727,97.3893722612837),
 .UNSPECIFIED.);
#271=B_SPLINE_CURVE_WITH_KNOTS('',3,(#3467,#3468,#3469,#3470,#3471,#3472,
#3473,#3474,#3475,#3476),.UNSPECIFIED.,.F.,.F.,(4,1,1,1,1,1,1,4),(84.8230016469245,
85.4471410285626,86.4449019833113,87.4426629380599,88.4404238928086,89.4381848475572,
90.4359458023059,91.1061869541041),.UNSPECIFIED.);
#272=B_SPLINE_CURVE_WITH_KNOTS('',3,(#3477,#3478,#3479,#3480,#3481,#3482,
#3483,#3484,#3485,#3486),.UNSPECIFIED.,.F.,.F.,(4,1,1,1,1,1,1,4),(84.8230016469246,
85.1329981544888,86.1307591092375,87.1285200639861,88.1262810187348,89.1240419734834,
90.1218029282321,91.1061869541041),.UNSPECIFIED.);
#273=B_SPLINE_CURVE_WITH_KNOTS('',3,(#3491,#3492,#3493,#3494,#3495,#3496,
#3497,#3498,#3499,#3500),.UNSPECIFIED.,.F.,.F.,(4,1,1,1,1,1,1,4),(78.5398163397449,
79.4605753000706,80.4583362548193,81.456097209568,82.4538581643166,83.4516191190653,
84.4493800738139,84.8230016469245),.UNSPECIFIED.);
#274=B_SPLINE_CURVE_WITH_KNOTS('',3,(#3501,#3502,#3503,#3504,#3505,#3506,
#3507,#3508,#3509,#3510),.UNSPECIFIED.,.F.,.F.,(4,1,1,1,1,1,1,4),(78.539816339745,
79.1464324259968,80.1441933807455,81.1419543354942,82.1397152902428,83.1374762449915,
84.1352371997401,84.8230016469246),.UNSPECIFIED.);
#275=B_SPLINE_CURVE_WITH_KNOTS('',3,(#3515,#3516,#3517,#3518,#3519,#3520,
#3521,#3522,#3523,#3524,#3525),.UNSPECIFIED.,.F.,.F.,(4,1,1,1,1,1,1,1,4),
(72.2566310325653,72.47624861683,73.4740095715787,74.4717705263273,75.469531481076,
76.4672924358247,77.4650533905733,78.462814345322,78.5398163397449),
 .UNSPECIFIED.);
#276=B_SPLINE_CURVE_WITH_KNOTS('',3,(#3526,#3527,#3528,#3529,#3530,#3531,
#3532,#3533,#3534,#3535),.UNSPECIFIED.,.F.,.F.,(4,1,1,1,1,1,1,4),(72.2566310325654,
73.1598666975049,74.1576276522535,75.1553886070022,76.1531495617509,77.1509105164995,
78.1486714712482,78.539816339745),.UNSPECIFIED.);
#277=B_SPLINE_CURVE_WITH_KNOTS('',3,(#3540,#3541,#3542,#3543,#3544,#3545,
#3546,#3547,#3548,#3549),.UNSPECIFIED.,.F.,.F.,(4,1,1,1,1,1,1,4),(65.9734457253857,
66.4896828883381,67.4874438430867,68.4852047978354,69.4829657525841,70.4807267073327,
71.4784876620814,72.2566310325653),.UNSPECIFIED.);
#278=B_SPLINE_CURVE_WITH_KNOTS('',3,(#3550,#3551,#3552,#3553,#3554,#3555,
#3556,#3557,#3558,#3559,#3560),.UNSPECIFIED.,.F.,.F.,(4,1,1,1,1,1,1,1,4),
(65.9734457253858,66.1755400142643,67.1733009690129,68.1710619237616,69.1688228785102,
70.1665838332589,71.1643447880076,72.1621057427562,72.2566310325654),
 .UNSPECIFIED.);
#279=B_SPLINE_CURVE_WITH_KNOTS('',3,(#3565,#3566,#3567,#3568,#3569,#3570,
#3571,#3572,#3573,#3574),.UNSPECIFIED.,.F.,.F.,(4,1,1,1,1,1,1,4),(59.6902604182062,
60.5031171598461,61.5008781145948,62.4986390693434,63.4964000240921,64.4941609788408,
65.4919219335894,65.9734457253857),.UNSPECIFIED.);
#280=B_SPLINE_CURVE_WITH_KNOTS('',3,(#3575,#3576,#3577,#3578,#3579,#3580,
#3581,#3582,#3583,#3584),.UNSPECIFIED.,.F.,.F.,(4,1,1,1,1,1,1,4),(59.6902604182062,
60.1889742857723,61.186735240521,62.1844961952696,63.1822571500183,64.1800181047669,
65.1777790595156,65.9734457253858),.UNSPECIFIED.);
#281=B_SPLINE_CURVE_WITH_KNOTS('',3,(#3589,#3590,#3591,#3592,#3593,#3594,
#3595,#3596,#3597,#3598,#3599),.UNSPECIFIED.,.F.,.F.,(4,1,1,1,1,1,1,1,4),
(53.4070751110265,53.5187904766055,54.5165514313542,55.5143123861028,56.5120733408515,
57.5098342956001,58.5075952503488,59.5053562050975,59.6902604182062),
 .UNSPECIFIED.);
#282=B_SPLINE_CURVE_WITH_KNOTS('',3,(#3600,#3601,#3602,#3603,#3604,#3605,
#3606,#3607,#3608,#3609),.UNSPECIFIED.,.F.,.F.,(4,1,1,1,1,1,1,4),(53.4070751110266,
54.2024085572804,55.200169512029,56.1979304667777,57.1956914215263,58.193452376275,
59.1912133310237,59.6902604182062),.UNSPECIFIED.);
#283=B_SPLINE_CURVE_WITH_KNOTS('',3,(#3614,#3615,#3616,#3617,#3618,#3619,
#3620,#3621,#3622,#3623),.UNSPECIFIED.,.F.,.F.,(4,1,1,1,1,1,1,4),(47.123889803847,
47.5322247481136,48.5299857028622,49.5277466576109,50.5255076123595,51.5232685671082,
52.5210295218569,53.4070751110265),.UNSPECIFIED.);
#284=B_SPLINE_CURVE_WITH_KNOTS('',3,(#3624,#3625,#3626,#3627,#3628,#3629,
#3630,#3631,#3632,#3633,#3634),.UNSPECIFIED.,.F.,.F.,(4,1,1,1,1,1,1,1,4),
(47.123889803847,47.2180818740397,48.2158428287884,49.2136037835371,50.2113647382857,
51.2091256930344,52.206886647783,53.2046476025317,53.4070751110266),
 .UNSPECIFIED.);
#285=B_SPLINE_CURVE_WITH_KNOTS('',3,(#3639,#3640,#3641,#3642,#3643,#3644,
#3645,#3646,#3647,#3648),.UNSPECIFIED.,.F.,.F.,(4,1,1,1,1,1,1,4),(40.8407044966674,
41.5456590196216,42.5434199743703,43.5411809291189,44.5389418838676,45.5367028386162,
46.5344637933649,47.123889803847),.UNSPECIFIED.);
#286=B_SPLINE_CURVE_WITH_KNOTS('',3,(#3649,#3650,#3651,#3652,#3653,#3654,
#3655,#3656,#3657,#3658),.UNSPECIFIED.,.F.,.F.,(4,1,1,1,1,1,1,4),(40.8407044966674,
41.2315161455478,42.2292771002964,43.2270380550451,44.2247990097938,45.2225599645424,
46.2203209192911,47.123889803847),.UNSPECIFIED.);
#287=B_SPLINE_CURVE_WITH_KNOTS('',3,(#3663,#3664,#3665,#3666,#3667,#3668,
#3669,#3670,#3671,#3672,#3673),.UNSPECIFIED.,.F.,.F.,(4,1,1,1,1,1,1,1,4),
(34.5575191894878,34.561332336381,35.5590932911296,36.5568542458783,37.554615200627,
38.5523761553756,39.5501371101243,40.5478980648729,40.8407044966674),
 .UNSPECIFIED.);
#288=B_SPLINE_CURVE_WITH_KNOTS('',3,(#3674,#3675,#3676,#3677,#3678,#3679,
#3680,#3681,#3682,#3683),.UNSPECIFIED.,.F.,.F.,(4,1,1,1,1,1,1,4),(34.5575191894878,
35.2449504170558,36.2427113718045,37.2404723265532,38.2382332813018,39.2359942360505,
40.2337551907991,40.8407044966674),.UNSPECIFIED.);
#289=B_SPLINE_CURVE_WITH_KNOTS('',3,(#3688,#3689,#3690,#3691,#3692,#3693,
#3694,#3695,#3696,#3697),.UNSPECIFIED.,.F.,.F.,(4,1,1,1,1,1,1,4),(28.2743338823082,
28.574766607889,29.5725275626377,30.5702885173864,31.568049472135,32.5658104268837,
33.5635713816323,34.5575191894878),.UNSPECIFIED.);
#290=B_SPLINE_CURVE_WITH_KNOTS('',3,(#3698,#3699,#3700,#3701,#3702,#3703,
#3704,#3705,#3706,#3707),.UNSPECIFIED.,.F.,.F.,(4,1,1,1,1,1,1,4),(28.2743338823082,
29.2583846885639,30.2561456433125,31.2539065980612,32.2516675528099,33.2494285075585,
34.2471894623072,34.5575191894878),.UNSPECIFIED.);
#291=B_SPLINE_CURVE_WITH_KNOTS('',3,(#3712,#3713,#3714,#3715,#3716,#3717,
#3718,#3719,#3720,#3721),.UNSPECIFIED.,.F.,.F.,(4,1,1,1,1,1,1,4),(21.9911485751286,
22.5882008793971,23.5859618341457,24.5837227888944,25.5814837436431,26.5792446983917,
27.5770056531404,28.2743338823082),.UNSPECIFIED.);
#292=B_SPLINE_CURVE_WITH_KNOTS('',3,(#3722,#3723,#3724,#3725,#3726,#3727,
#3728,#3729,#3730,#3731,#3732),.UNSPECIFIED.,.F.,.F.,(4,1,1,1,1,1,1,1,4),
(21.9911485751286,22.2740580053233,23.2718189600719,24.2695799148206,25.2673408695692,
26.2651018243179,27.2628627790666,28.2606237338152,28.2743338823082),
 .UNSPECIFIED.);
#293=B_SPLINE_CURVE_WITH_KNOTS('',3,(#3737,#3738,#3739,#3740,#3741,#3742,
#3743,#3744,#3745,#3746),.UNSPECIFIED.,.F.,.F.,(4,1,1,1,1,1,1,4),(15.707963267949,
16.6016351509051,17.5993961056538,18.5971570604025,19.5949180151511,20.5926789698998,
21.5904399246484,21.9911485751286),.UNSPECIFIED.);
#294=B_SPLINE_CURVE_WITH_KNOTS('',3,(#3747,#3748,#3749,#3750,#3751,#3752,
#3753,#3754,#3755,#3756),.UNSPECIFIED.,.F.,.F.,(4,1,1,1,1,1,1,4),(15.7079632679491,
16.2874922768313,17.28525323158,18.2830141863286,19.2807751410773,20.2785360958259,
21.2762970505746,21.9911485751286),.UNSPECIFIED.);
#295=B_SPLINE_CURVE_WITH_KNOTS('',3,(#4497,#4498,#4499,#4500,#4501,#4502,
#4503,#4504,#4505,#4506,#4507,#4508,#4509,#4510,#4511,#4512,#4513,#4514,
#4515,#4516,#4517,#4518,#4519,#4520,#4521,#4522,#4523,#4524,#4525,#4526,
#4527,#4528,#4529,#4530,#4531,#4532,#4533,#4534,#4535,#4536,#4537,#4538,
#4539,#4540,#4541,#4542,#4543,#4544,#4545,#4546,#4547,#4548,#4549,#4550,
#4551,#4552,#4553,#4554,#4555,#4556,#4557,#4558,#4559,#4560,#4561,#4562,
#4563),.UNSPECIFIED.,.F.,.F.,(4,3,3,3,3,3,3,3,3,3,3,3,3,3,3,3,3,3,3,3,3,
3,4),(-0.140062757837222,-0.134119010537159,-0.125158790952144,-0.119417201314523,
-0.116683668378877,-0.106280451806242,-0.100031223403858,-0.0973361796847088,
-0.0874094508901034,-0.0777335287402262,-0.073135128586778,-0.0706073142824973,
-0.0624372538570396,-0.0528188480099071,-0.0480320353043585,-0.0452311855997126,
-0.0360069985123279,-0.0270052488842459,-0.0239763645824685,-0.0212452574079144,
-0.0125858292589239,-0.00424273634152459,0.),.UNSPECIFIED.);
#296=B_SPLINE_CURVE_WITH_KNOTS('',3,(#4565,#4566,#4567,#4568,#4569,#4570,
#4571),.UNSPECIFIED.,.F.,.F.,(4,3,4),(0.,0.997760954748659,1.11937332192751),
 .UNSPECIFIED.);
#297=B_SPLINE_CURVE_WITH_KNOTS('',3,(#4573,#4574,#4575,#4576,#4577,#4578,
#4579,#4580,#4581,#4582,#4583,#4584,#4585,#4586,#4587,#4588,#4589,#4590,
#4591,#4592,#4593,#4594,#4595,#4596,#4597,#4598,#4599,#4600,#4601,#4602,
#4603,#4604,#4605,#4606,#4607,#4608,#4609,#4610,#4611,#4612,#4613,#4614,
#4615,#4616,#4617,#4618,#4619,#4620,#4621,#4622,#4623,#4624,#4625,#4626,
#4627,#4628,#4629,#4630,#4631,#4632,#4633,#4634,#4635,#4636,#4637,#4638,
#4639,#4640,#4641,#4642,#4643,#4644,#4645),.UNSPECIFIED.,.F.,.F.,(4,3,3,
3,3,3,3,3,3,3,3,3,3,3,3,3,3,3,3,3,3,3,3,3,4),(0.,0.00450320530490528,0.0129713674171689,
0.0198088938797425,0.0223071067109621,0.0242272255170273,0.033161477128611,
0.0417890026258977,0.046192752760478,0.0480036228221119,0.0578376009699347,
0.0676715791177576,0.0720397903534955,0.074166926385801,0.083840385318462,
0.0921339549819258,0.0964128814781822,0.0987459375625095,0.101199125131063,
0.110915033307612,0.115999713051502,0.118756411466813,0.121314930135041,
0.131982959152597,0.140062757837259),.UNSPECIFIED.);
#298=B_SPLINE_CURVE_WITH_KNOTS('',3,(#4646,#4647,#4648,#4649,#4650,#4651,
#4652,#4653,#4654),.UNSPECIFIED.,.F.,.F.,(4,1,1,1,1,1,4),(10.3783181979669,
11.298687503088,12.2964484578367,13.2942094125853,14.291970367334,15.2897313220826,
15.7079632679491),.UNSPECIFIED.);
#299=B_SPLINE_CURVE_WITH_KNOTS('',3,(#4658,#4659,#4660,#4661,#4662,#4663,
#4664,#4665),.UNSPECIFIED.,.F.,.F.,(4,1,1,1,1,4),(11.6128303771618,12.6105913319105,
13.6083522866592,14.6061132414078,15.6038741961565,15.707963267949),
 .UNSPECIFIED.);
#300=B_SPLINE_CURVE_WITH_KNOTS('',3,(#5406,#5407,#5408,#5409,#5410,#5411,
#5412,#5413,#5414,#5415,#5416,#5417,#5418,#5419,#5420,#5421,#5422,#5423,
#5424,#5425,#5426,#5427,#5428,#5429,#5430,#5431,#5432,#5433,#5434,#5435,
#5436,#5437,#5438,#5439,#5440,#5441,#5442,#5443,#5444,#5445,#5446,#5447,
#5448,#5449,#5450,#5451,#5452,#5453,#5454,#5455,#5456,#5457,#5458,#5459,
#5460,#5461,#5462,#5463,#5464,#5465,#5466,#5467,#5468,#5469,#5470,#5471,
#5472,#5473,#5474,#5475),.UNSPECIFIED.,.F.,.F.,(4,3,3,3,3,3,3,3,3,3,3,3,
3,3,3,3,3,3,3,3,3,3,3,4),(-0.140969988491046,-0.136443233644573,-0.128504083750377,
-0.12515856267398,-0.122764999811306,-0.113877863324588,-0.109717132409558,
-0.106405318052228,-0.0970245745191704,-0.0875549199649552,-0.0840584003274957,
-0.0817409207455955,-0.0729300344910065,-0.0638137801796307,-0.0589169848702295,
-0.056662914767549,-0.0467331941153795,-0.036535062125134,-0.031777534767924,
-0.0292753664287217,-0.0270293653028779,-0.0163917703069072,-0.00581018623612141,
0.),.UNSPECIFIED.);
#301=B_SPLINE_CURVE_WITH_KNOTS('',3,(#5477,#5478,#5479,#5480,#5481,#5482,
#5483,#5484,#5485,#5486,#5487,#5488,#5489,#5490,#5491,#5492,#5493,#5494,
#5495,#5496,#5497,#5498,#5499,#5500,#5501,#5502,#5503,#5504,#5505,#5506,
#5507,#5508,#5509,#5510,#5511,#5512,#5513,#5514,#5515,#5516,#5517,#5518,
#5519,#5520,#5521,#5522,#5523,#5524,#5525,#5526,#5527,#5528,#5529,#5530,
#5531,#5532,#5533,#5534,#5535,#5536,#5537,#5538,#5539,#5540,#5541,#5542,
#5543,#5544,#5545,#5546),.UNSPECIFIED.,.F.,.F.,(4,3,3,3,3,3,3,3,3,3,3,3,
3,3,3,3,3,3,3,3,3,3,3,4),(0.,0.00598235809268335,0.0166607797616341,0.0243530281044718,
0.0290323572668801,0.031224206432394,0.0415149691569935,0.0506859184938291,
0.0555086245191386,0.0583095197332328,0.0682541431187844,0.0776210464998393,
0.0781987665043361,0.0815459326952465,0.0845874437369782,0.0940399530690127,
0.10342339984482,0.106912735374244,0.109611434290048,0.117451072840299,
0.124494742669252,0.126819688093307,0.135269639335282,0.140969988491052),
 .UNSPECIFIED.);
#302=B_SPLINE_CURVE_WITH_KNOTS('',3,(#5547,#5548,#5549,#5550,#5551,#5552,
#5553,#5554,#5555,#5556),.UNSPECIFIED.,.F.,.F.,(4,3,3,4),(-4.09513289078721,
-3.99104381899464,-2.99328286424598,-2.07291355912482),.UNSPECIFIED.);
#303=LINE('',#1659,#379);
#304=LINE('',#1683,#380);
#305=LINE('',#1731,#381);
#306=LINE('',#1785,#382);
#307=LINE('',#1833,#383);
#308=LINE('',#1881,#384);
#309=LINE('',#1935,#385);
#310=LINE('',#1983,#386);
#311=LINE('',#2031,#387);
#312=LINE('',#2079,#388);
#313=LINE('',#2133,#389);
#314=LINE('',#2181,#390);
#315=LINE('',#2229,#391);
#316=LINE('',#2283,#392);
#317=LINE('',#2331,#393);
#318=LINE('',#2379,#394);
#319=LINE('',#2433,#395);
#320=LINE('',#2481,#396);
#321=LINE('',#2529,#397);
#322=LINE('',#2577,#398);
#323=LINE('',#2631,#399);
#324=LINE('',#2679,#400);
#325=LINE('',#2727,#401);
#326=LINE('',#2781,#402);
#327=LINE('',#2829,#403);
#328=LINE('',#2877,#404);
#329=LINE('',#2925,#405);
#330=LINE('',#2976,#406);
#331=LINE('',#3024,#407);
#332=LINE('',#3072,#408);
#333=LINE('',#3096,#409);
#334=LINE('',#3121,#410);
#335=LINE('',#3146,#411);
#336=LINE('',#3170,#412);
#337=LINE('',#3195,#413);
#338=LINE('',#3220,#414);
#339=LINE('',#3244,#415);
#340=LINE('',#3268,#416);
#341=LINE('',#3293,#417);
#342=LINE('',#3318,#418);
#343=LINE('',#3342,#419);
#344=LINE('',#3367,#420);
#345=LINE('',#3392,#421);
#346=LINE('',#3416,#422);
#347=LINE('',#3441,#423);
#348=LINE('',#3466,#424);
#349=LINE('',#3490,#425);
#350=LINE('',#3514,#426);
#351=LINE('',#3539,#427);
#352=LINE('',#3564,#428);
#353=LINE('',#3588,#429);
#354=LINE('',#3613,#430);
#355=LINE('',#3638,#431);
#356=LINE('',#3662,#432);
#357=LINE('',#3687,#433);
#358=LINE('',#3711,#434);
#359=LINE('',#3736,#435);
#360=LINE('',#5560,#436);
#361=LINE('',#5562,#437);
#362=LINE('',#5564,#438);
#363=LINE('',#5565,#439);
#364=LINE('',#5568,#440);
#365=LINE('',#5570,#441);
#366=LINE('',#5571,#442);
#367=LINE('',#5574,#443);
#368=LINE('',#5576,#444);
#369=LINE('',#5577,#445);
#370=LINE('',#5580,#446);
#371=LINE('',#5582,#447);
#372=LINE('',#5583,#448);
#373=LINE('',#5586,#449);
#374=LINE('',#5588,#450);
#375=LINE('',#5589,#451);
#376=LINE('',#5591,#452);
#377=LINE('',#5592,#453);
#378=LINE('',#5601,#454);
#379=VECTOR('',#1429,0.64);
#380=VECTOR('',#1434,0.64);
#381=VECTOR('',#1437,0.64);
#382=VECTOR('',#1440,0.64);
#383=VECTOR('',#1443,0.64);
#384=VECTOR('',#1446,0.64);
#385=VECTOR('',#1449,0.64);
#386=VECTOR('',#1452,0.64);
#387=VECTOR('',#1455,0.64);
#388=VECTOR('',#1458,0.64);
#389=VECTOR('',#1461,0.64);
#390=VECTOR('',#1464,0.64);
#391=VECTOR('',#1467,0.64);
#392=VECTOR('',#1470,0.64);
#393=VECTOR('',#1473,0.64);
#394=VECTOR('',#1476,0.64);
#395=VECTOR('',#1479,0.64);
#396=VECTOR('',#1482,0.64);
#397=VECTOR('',#1485,0.64);
#398=VECTOR('',#1488,0.64);
#399=VECTOR('',#1491,0.64);
#400=VECTOR('',#1494,0.64);
#401=VECTOR('',#1497,0.64);
#402=VECTOR('',#1500,0.64);
#403=VECTOR('',#1503,0.64);
#404=VECTOR('',#1506,0.64);
#405=VECTOR('',#1509,0.64);
#406=VECTOR('',#1512,0.64);
#407=VECTOR('',#1515,0.64);
#408=VECTOR('',#1518,0.56925);
#409=VECTOR('',#1523,0.56925);
#410=VECTOR('',#1526,0.56925);
#411=VECTOR('',#1529,0.56925);
#412=VECTOR('',#1532,0.56925);
#413=VECTOR('',#1535,0.56925);
#414=VECTOR('',#1538,0.56925);
#415=VECTOR('',#1541,0.56925);
#416=VECTOR('',#1544,0.56925);
#417=VECTOR('',#1547,0.56925);
#418=VECTOR('',#1550,0.56925);
#419=VECTOR('',#1553,0.56925);
#420=VECTOR('',#1556,0.56925);
#421=VECTOR('',#1559,0.56925);
#422=VECTOR('',#1562,0.56925);
#423=VECTOR('',#1565,0.56925);
#424=VECTOR('',#1568,0.56925);
#425=VECTOR('',#1571,0.56925);
#426=VECTOR('',#1574,0.56925);
#427=VECTOR('',#1577,0.56925);
#428=VECTOR('',#1580,0.56925);
#429=VECTOR('',#1583,0.56925);
#430=VECTOR('',#1586,0.56925);
#431=VECTOR('',#1589,0.56925);
#432=VECTOR('',#1592,0.56925);
#433=VECTOR('',#1595,0.56925);
#434=VECTOR('',#1598,0.56925);
#435=VECTOR('',#1601,0.56925);
#436=VECTOR('',#1608,10.);
#437=VECTOR('',#1609,10.);
#438=VECTOR('',#1610,10.);
#439=VECTOR('',#1611,10.);
#440=VECTOR('',#1614,10.);
#441=VECTOR('',#1615,10.);
#442=VECTOR('',#1616,10.);
#443=VECTOR('',#1619,10.);
#444=VECTOR('',#1620,10.);
#445=VECTOR('',#1621,10.);
#446=VECTOR('',#1624,10.);
#447=VECTOR('',#1625,10.);
#448=VECTOR('',#1626,10.);
#449=VECTOR('',#1629,10.);
#450=VECTOR('',#1630,10.);
#451=VECTOR('',#1631,10.);
#452=VECTOR('',#1634,10.);
#453=VECTOR('',#1635,10.);
#454=VECTOR('',#1648,1.5);
#455=VERTEX_POINT('',#1657);
#456=VERTEX_POINT('',#1658);
#457=VERTEX_POINT('',#1660);
#458=VERTEX_POINT('',#1671);
#459=VERTEX_POINT('',#1681);
#460=VERTEX_POINT('',#1682);
#461=VERTEX_POINT('',#1729);
#462=VERTEX_POINT('',#1730);
#463=VERTEX_POINT('',#1783);
#464=VERTEX_POINT('',#1784);
#465=VERTEX_POINT('',#1831);
#466=VERTEX_POINT('',#1832);
#467=VERTEX_POINT('',#1879);
#468=VERTEX_POINT('',#1880);
#469=VERTEX_POINT('',#1933);
#470=VERTEX_POINT('',#1934);
#471=VERTEX_POINT('',#1981);
#472=VERTEX_POINT('',#1982);
#473=VERTEX_POINT('',#2029);
#474=VERTEX_POINT('',#2030);
#475=VERTEX_POINT('',#2077);
#476=VERTEX_POINT('',#2078);
#477=VERTEX_POINT('',#2131);
#478=VERTEX_POINT('',#2132);
#479=VERTEX_POINT('',#2179);
#480=VERTEX_POINT('',#2180);
#481=VERTEX_POINT('',#2227);
#482=VERTEX_POINT('',#2228);
#483=VERTEX_POINT('',#2281);
#484=VERTEX_POINT('',#2282);
#485=VERTEX_POINT('',#2329);
#486=VERTEX_POINT('',#2330);
#487=VERTEX_POINT('',#2377);
#488=VERTEX_POINT('',#2378);
#489=VERTEX_POINT('',#2431);
#490=VERTEX_POINT('',#2432);
#491=VERTEX_POINT('',#2479);
#492=VERTEX_POINT('',#2480);
#493=VERTEX_POINT('',#2527);
#494=VERTEX_POINT('',#2528);
#495=VERTEX_POINT('',#2575);
#496=VERTEX_POINT('',#2576);
#497=VERTEX_POINT('',#2629);
#498=VERTEX_POINT('',#2630);
#499=VERTEX_POINT('',#2677);
#500=VERTEX_POINT('',#2678);
#501=VERTEX_POINT('',#2725);
#502=VERTEX_POINT('',#2726);
#503=VERTEX_POINT('',#2779);
#504=VERTEX_POINT('',#2780);
#505=VERTEX_POINT('',#2827);
#506=VERTEX_POINT('',#2828);
#507=VERTEX_POINT('',#2875);
#508=VERTEX_POINT('',#2876);
#509=VERTEX_POINT('',#2923);
#510=VERTEX_POINT('',#2924);
#511=VERTEX_POINT('',#2974);
#512=VERTEX_POINT('',#2975);
#513=VERTEX_POINT('',#3022);
#514=VERTEX_POINT('',#3023);
#515=VERTEX_POINT('',#3070);
#516=VERTEX_POINT('',#3071);
#517=VERTEX_POINT('',#3073);
#518=VERTEX_POINT('',#3083);
#519=VERTEX_POINT('',#3094);
#520=VERTEX_POINT('',#3095);
#521=VERTEX_POINT('',#3119);
#522=VERTEX_POINT('',#3120);
#523=VERTEX_POINT('',#3144);
#524=VERTEX_POINT('',#3145);
#525=VERTEX_POINT('',#3168);
#526=VERTEX_POINT('',#3169);
#527=VERTEX_POINT('',#3193);
#528=VERTEX_POINT('',#3194);
#529=VERTEX_POINT('',#3218);
#530=VERTEX_POINT('',#3219);
#531=VERTEX_POINT('',#3242);
#532=VERTEX_POINT('',#3243);
#533=VERTEX_POINT('',#3266);
#534=VERTEX_POINT('',#3267);
#535=VERTEX_POINT('',#3291);
#536=VERTEX_POINT('',#3292);
#537=VERTEX_POINT('',#3316);
#538=VERTEX_POINT('',#3317);
#539=VERTEX_POINT('',#3340);
#540=VERTEX_POINT('',#3341);
#541=VERTEX_POINT('',#3365);
#542=VERTEX_POINT('',#3366);
#543=VERTEX_POINT('',#3390);
#544=VERTEX_POINT('',#3391);
#545=VERTEX_POINT('',#3414);
#546=VERTEX_POINT('',#3415);
#547=VERTEX_POINT('',#3439);
#548=VERTEX_POINT('',#3440);
#549=VERTEX_POINT('',#3464);
#550=VERTEX_POINT('',#3465);
#551=VERTEX_POINT('',#3488);
#552=VERTEX_POINT('',#3489);
#553=VERTEX_POINT('',#3512);
#554=VERTEX_POINT('',#3513);
#555=VERTEX_POINT('',#3537);
#556=VERTEX_POINT('',#3538);
#557=VERTEX_POINT('',#3562);
#558=VERTEX_POINT('',#3563);
#559=VERTEX_POINT('',#3586);
#560=VERTEX_POINT('',#3587);
#561=VERTEX_POINT('',#3611);
#562=VERTEX_POINT('',#3612);
#563=VERTEX_POINT('',#3636);
#564=VERTEX_POINT('',#3637);
#565=VERTEX_POINT('',#3660);
#566=VERTEX_POINT('',#3661);
#567=VERTEX_POINT('',#3685);
#568=VERTEX_POINT('',#3686);
#569=VERTEX_POINT('',#3709);
#570=VERTEX_POINT('',#3710);
#571=VERTEX_POINT('',#3734);
#572=VERTEX_POINT('',#3735);
#573=VERTEX_POINT('',#4564);
#574=VERTEX_POINT('',#4572);
#575=VERTEX_POINT('',#4656);
#576=VERTEX_POINT('',#5476);
#577=VERTEX_POINT('',#5558);
#578=VERTEX_POINT('',#5559);
#579=VERTEX_POINT('',#5561);
#580=VERTEX_POINT('',#5563);
#581=VERTEX_POINT('',#5567);
#582=VERTEX_POINT('',#5569);
#583=VERTEX_POINT('',#5573);
#584=VERTEX_POINT('',#5575);
#585=VERTEX_POINT('',#5579);
#586=VERTEX_POINT('',#5581);
#587=VERTEX_POINT('',#5585);
#588=VERTEX_POINT('',#5587);
#589=VERTEX_POINT('',#5598);
#590=VERTEX_POINT('',#5600);
#591=EDGE_CURVE('',#455,#456,#303,.T.);
#592=EDGE_CURVE('',#455,#457,#181,.T.);
#593=EDGE_CURVE('',#457,#458,#175,.F.);
#594=EDGE_CURVE('',#458,#456,#182,.T.);
#595=EDGE_CURVE('',#459,#460,#304,.T.);
#596=EDGE_CURVE('',#459,#455,#183,.T.);
#597=EDGE_CURVE('',#456,#460,#184,.T.);
#598=EDGE_CURVE('',#461,#462,#305,.T.);
#599=EDGE_CURVE('',#461,#459,#185,.T.);
#600=EDGE_CURVE('',#460,#462,#186,.T.);
#601=EDGE_CURVE('',#463,#464,#306,.T.);
#602=EDGE_CURVE('',#463,#461,#187,.T.);
#603=EDGE_CURVE('',#462,#464,#188,.T.);
#604=EDGE_CURVE('',#465,#466,#307,.T.);
#605=EDGE_CURVE('',#465,#463,#189,.T.);
#606=EDGE_CURVE('',#464,#466,#190,.T.);
#607=EDGE_CURVE('',#467,#468,#308,.T.);
#608=EDGE_CURVE('',#467,#465,#191,.T.);
#609=EDGE_CURVE('',#466,#468,#192,.T.);
#610=EDGE_CURVE('',#469,#470,#309,.T.);
#611=EDGE_CURVE('',#469,#467,#193,.T.);
#612=EDGE_CURVE('',#468,#470,#194,.T.);
#613=EDGE_CURVE('',#471,#472,#310,.T.);
#614=EDGE_CURVE('',#471,#469,#195,.T.);
#615=EDGE_CURVE('',#470,#472,#196,.T.);
#616=EDGE_CURVE('',#473,#474,#311,.T.);
#617=EDGE_CURVE('',#473,#471,#197,.T.);
#618=EDGE_CURVE('',#472,#474,#198,.T.);
#619=EDGE_CURVE('',#475,#476,#312,.T.);
#620=EDGE_CURVE('',#475,#473,#199,.T.);
#621=EDGE_CURVE('',#474,#476,#200,.T.);
#622=EDGE_CURVE('',#477,#478,#313,.T.);
#623=EDGE_CURVE('',#477,#475,#201,.T.);
#624=EDGE_CURVE('',#476,#478,#202,.T.);
#625=EDGE_CURVE('',#479,#480,#314,.T.);
#626=EDGE_CURVE('',#479,#477,#203,.T.);
#627=EDGE_CURVE('',#478,#480,#204,.T.);
#628=EDGE_CURVE('',#481,#482,#315,.T.);
#629=EDGE_CURVE('',#481,#479,#205,.T.);
#630=EDGE_CURVE('',#480,#482,#206,.T.);
#631=EDGE_CURVE('',#483,#484,#316,.T.);
#632=EDGE_CURVE('',#483,#481,#207,.T.);
#633=EDGE_CURVE('',#482,#484,#208,.T.);
#634=EDGE_CURVE('',#485,#486,#317,.T.);
#635=EDGE_CURVE('',#485,#483,#209,.T.);
#636=EDGE_CURVE('',#484,#486,#210,.T.);
#637=EDGE_CURVE('',#487,#488,#318,.T.);
#638=EDGE_CURVE('',#487,#485,#211,.T.);
#639=EDGE_CURVE('',#486,#488,#212,.T.);
#640=EDGE_CURVE('',#489,#490,#319,.T.);
#641=EDGE_CURVE('',#489,#487,#213,.T.);
#642=EDGE_CURVE('',#488,#490,#214,.T.);
#643=EDGE_CURVE('',#491,#492,#320,.T.);
#644=EDGE_CURVE('',#491,#489,#215,.T.);
#645=EDGE_CURVE('',#490,#492,#216,.T.);
#646=EDGE_CURVE('',#493,#494,#321,.T.);
#647=EDGE_CURVE('',#493,#491,#217,.T.);
#648=EDGE_CURVE('',#492,#494,#218,.T.);
#649=EDGE_CURVE('',#495,#496,#322,.T.);
#650=EDGE_CURVE('',#495,#493,#219,.T.);
#651=EDGE_CURVE('',#494,#496,#220,.T.);
#652=EDGE_CURVE('',#497,#498,#323,.T.);
#653=EDGE_CURVE('',#497,#495,#221,.T.);
#654=EDGE_CURVE('',#496,#498,#222,.T.);
#655=EDGE_CURVE('',#499,#500,#324,.T.);
#656=EDGE_CURVE('',#499,#497,#223,.T.);
#657=EDGE_CURVE('',#498,#500,#224,.T.);
#658=EDGE_CURVE('',#501,#502,#325,.T.);
#659=EDGE_CURVE('',#501,#499,#225,.T.);
#660=EDGE_CURVE('',#500,#502,#226,.T.);
#661=EDGE_CURVE('',#503,#504,#326,.T.);
#662=EDGE_CURVE('',#503,#501,#227,.T.);
#663=EDGE_CURVE('',#502,#504,#228,.T.);
#664=EDGE_CURVE('',#505,#506,#327,.T.);
#665=EDGE_CURVE('',#505,#503,#229,.T.);
#666=EDGE_CURVE('',#504,#506,#230,.T.);
#667=EDGE_CURVE('',#507,#508,#328,.T.);
#668=EDGE_CURVE('',#507,#505,#231,.T.);
#669=EDGE_CURVE('',#506,#508,#232,.T.);
#670=EDGE_CURVE('',#509,#510,#329,.T.);
#671=EDGE_CURVE('',#509,#507,#233,.T.);
#672=EDGE_CURVE('',#508,#510,#234,.T.);
#673=EDGE_CURVE('',#511,#512,#330,.T.);
#674=EDGE_CURVE('',#511,#509,#235,.T.);
#675=EDGE_CURVE('',#510,#512,#236,.T.);
#676=EDGE_CURVE('',#513,#514,#331,.T.);
#677=EDGE_CURVE('',#513,#511,#237,.T.);
#678=EDGE_CURVE('',#512,#514,#238,.T.);
#679=EDGE_CURVE('',#515,#516,#332,.T.);
#680=EDGE_CURVE('',#515,#517,#239,.T.);
#681=EDGE_CURVE('',#518,#517,#176,.T.);
#682=EDGE_CURVE('',#516,#518,#240,.T.);
#683=EDGE_CURVE('',#519,#520,#333,.T.);
#684=EDGE_CURVE('',#519,#515,#241,.T.);
#685=EDGE_CURVE('',#520,#516,#242,.T.);
#686=EDGE_CURVE('',#521,#522,#334,.T.);
#687=EDGE_CURVE('',#521,#519,#243,.T.);
#688=EDGE_CURVE('',#522,#520,#244,.T.);
#689=EDGE_CURVE('',#523,#524,#335,.T.);
#690=EDGE_CURVE('',#523,#521,#245,.T.);
#691=EDGE_CURVE('',#524,#522,#246,.T.);
#692=EDGE_CURVE('',#525,#526,#336,.T.);
#693=EDGE_CURVE('',#525,#523,#247,.T.);
#694=EDGE_CURVE('',#526,#524,#248,.T.);
#695=EDGE_CURVE('',#527,#528,#337,.T.);
#696=EDGE_CURVE('',#527,#525,#249,.T.);
#697=EDGE_CURVE('',#528,#526,#250,.T.);
#698=EDGE_CURVE('',#529,#530,#338,.T.);
#699=EDGE_CURVE('',#529,#527,#251,.T.);
#700=EDGE_CURVE('',#530,#528,#252,.T.);
#701=EDGE_CURVE('',#531,#532,#339,.T.);
#702=EDGE_CURVE('',#531,#529,#253,.T.);
#703=EDGE_CURVE('',#532,#530,#254,.T.);
#704=EDGE_CURVE('',#533,#534,#340,.T.);
#705=EDGE_CURVE('',#533,#531,#255,.T.);
#706=EDGE_CURVE('',#534,#532,#256,.T.);
#707=EDGE_CURVE('',#535,#536,#341,.T.);
#708=EDGE_CURVE('',#535,#533,#257,.T.);
#709=EDGE_CURVE('',#536,#534,#258,.T.);
#710=EDGE_CURVE('',#537,#538,#342,.T.);
#711=EDGE_CURVE('',#537,#535,#259,.T.);
#712=EDGE_CURVE('',#538,#536,#260,.T.);
#713=EDGE_CURVE('',#539,#540,#343,.T.);
#714=EDGE_CURVE('',#539,#537,#261,.T.);
#715=EDGE_CURVE('',#540,#538,#262,.T.);
#716=EDGE_CURVE('',#541,#542,#344,.T.);
#717=EDGE_CURVE('',#541,#539,#263,.T.);
#718=EDGE_CURVE('',#542,#540,#264,.T.);
#719=EDGE_CURVE('',#543,#544,#345,.T.);
#720=EDGE_CURVE('',#543,#541,#265,.T.);
#721=EDGE_CURVE('',#544,#542,#266,.T.);
#722=EDGE_CURVE('',#545,#546,#346,.T.);
#723=EDGE_CURVE('',#545,#543,#267,.T.);
#724=EDGE_CURVE('',#546,#544,#268,.T.);
#725=EDGE_CURVE('',#547,#548,#347,.T.);
#726=EDGE_CURVE('',#547,#545,#269,.T.);
#727=EDGE_CURVE('',#548,#546,#270,.T.);
#728=EDGE_CURVE('',#549,#550,#348,.T.);
#729=EDGE_CURVE('',#549,#547,#271,.T.);
#730=EDGE_CURVE('',#550,#548,#272,.T.);
#731=EDGE_CURVE('',#551,#552,#349,.T.);
#732=EDGE_CURVE('',#551,#549,#273,.T.);
#733=EDGE_CURVE('',#552,#550,#274,.T.);
#734=EDGE_CURVE('',#553,#554,#350,.T.);
#735=EDGE_CURVE('',#553,#551,#275,.T.);
#736=EDGE_CURVE('',#554,#552,#276,.T.);
#737=EDGE_CURVE('',#555,#556,#351,.T.);
#738=EDGE_CURVE('',#555,#553,#277,.T.);
#739=EDGE_CURVE('',#556,#554,#278,.T.);
#740=EDGE_CURVE('',#557,#558,#352,.T.);
#741=EDGE_CURVE('',#557,#555,#279,.T.);
#742=EDGE_CURVE('',#558,#556,#280,.T.);
#743=EDGE_CURVE('',#559,#560,#353,.T.);
#744=EDGE_CURVE('',#559,#557,#281,.T.);
#745=EDGE_CURVE('',#560,#558,#282,.T.);
#746=EDGE_CURVE('',#561,#562,#354,.T.);
#747=EDGE_CURVE('',#561,#559,#283,.T.);
#748=EDGE_CURVE('',#562,#560,#284,.T.);
#749=EDGE_CURVE('',#563,#564,#355,.T.);
#750=EDGE_CURVE('',#563,#561,#285,.T.);
#751=EDGE_CURVE('',#564,#562,#286,.T.);
#752=EDGE_CURVE('',#565,#566,#356,.T.);
#753=EDGE_CURVE('',#565,#563,#287,.T.);
#754=EDGE_CURVE('',#566,#564,#288,.T.);
#755=EDGE_CURVE('',#567,#568,#357,.T.);
#756=EDGE_CURVE('',#567,#565,#289,.T.);
#757=EDGE_CURVE('',#568,#566,#290,.T.);
#758=EDGE_CURVE('',#569,#570,#358,.T.);
#759=EDGE_CURVE('',#569,#567,#291,.T.);
#760=EDGE_CURVE('',#570,#568,#292,.T.);
#761=EDGE_CURVE('',#571,#572,#359,.T.);
#762=EDGE_CURVE('',#571,#569,#293,.T.);
#763=EDGE_CURVE('',#572,#570,#294,.T.);
#764=EDGE_CURVE('',#457,#518,#295,.T.);
#765=EDGE_CURVE('',#573,#513,#296,.T.);
#766=EDGE_CURVE('',#574,#573,#297,.T.);
#767=EDGE_CURVE('',#574,#572,#298,.T.);
#768=EDGE_CURVE('',#575,#574,#177,.T.);
#769=EDGE_CURVE('',#575,#571,#299,.T.);
#770=EDGE_CURVE('',#517,#458,#300,.T.);
#771=EDGE_CURVE('',#576,#575,#301,.T.);
#772=EDGE_CURVE('',#514,#576,#302,.T.);
#773=EDGE_CURVE('',#577,#578,#360,.T.);
#774=EDGE_CURVE('',#577,#579,#361,.T.);
#775=EDGE_CURVE('',#579,#580,#362,.T.);
#776=EDGE_CURVE('',#578,#580,#363,.T.);
#777=EDGE_CURVE('',#581,#577,#364,.T.);
#778=EDGE_CURVE('',#581,#582,#365,.T.);
#779=EDGE_CURVE('',#582,#579,#366,.T.);
#780=EDGE_CURVE('',#583,#581,#367,.T.);
#781=EDGE_CURVE('',#583,#584,#368,.T.);
#782=EDGE_CURVE('',#584,#582,#369,.T.);
#783=EDGE_CURVE('',#585,#583,#370,.T.);
#784=EDGE_CURVE('',#585,#586,#371,.T.);
#785=EDGE_CURVE('',#586,#584,#372,.T.);
#786=EDGE_CURVE('',#587,#585,#373,.T.);
#787=EDGE_CURVE('',#587,#588,#374,.T.);
#788=EDGE_CURVE('',#588,#586,#375,.T.);
#789=EDGE_CURVE('',#578,#587,#376,.T.);
#790=EDGE_CURVE('',#580,#588,#377,.T.);
#791=EDGE_CURVE('',#573,#576,#178,.T.);
#792=EDGE_CURVE('',#589,#589,#179,.T.);
#793=EDGE_CURVE('',#589,#590,#378,.T.);
#794=EDGE_CURVE('',#590,#590,#180,.T.);
#795=ORIENTED_EDGE('',*,*,#591,.F.);
#796=ORIENTED_EDGE('',*,*,#592,.T.);
#797=ORIENTED_EDGE('',*,*,#593,.T.);
#798=ORIENTED_EDGE('',*,*,#594,.T.);
#799=ORIENTED_EDGE('',*,*,#595,.F.);
#800=ORIENTED_EDGE('',*,*,#596,.T.);
#801=ORIENTED_EDGE('',*,*,#591,.T.);
#802=ORIENTED_EDGE('',*,*,#597,.T.);
#803=ORIENTED_EDGE('',*,*,#598,.F.);
#804=ORIENTED_EDGE('',*,*,#599,.T.);
#805=ORIENTED_EDGE('',*,*,#595,.T.);
#806=ORIENTED_EDGE('',*,*,#600,.T.);
#807=ORIENTED_EDGE('',*,*,#601,.F.);
#808=ORIENTED_EDGE('',*,*,#602,.T.);
#809=ORIENTED_EDGE('',*,*,#598,.T.);
#810=ORIENTED_EDGE('',*,*,#603,.T.);
#811=ORIENTED_EDGE('',*,*,#604,.F.);
#812=ORIENTED_EDGE('',*,*,#605,.T.);
#813=ORIENTED_EDGE('',*,*,#601,.T.);
#814=ORIENTED_EDGE('',*,*,#606,.T.);
#815=ORIENTED_EDGE('',*,*,#607,.F.);
#816=ORIENTED_EDGE('',*,*,#608,.T.);
#817=ORIENTED_EDGE('',*,*,#604,.T.);
#818=ORIENTED_EDGE('',*,*,#609,.T.);
#819=ORIENTED_EDGE('',*,*,#610,.F.);
#820=ORIENTED_EDGE('',*,*,#611,.T.);
#821=ORIENTED_EDGE('',*,*,#607,.T.);
#822=ORIENTED_EDGE('',*,*,#612,.T.);
#823=ORIENTED_EDGE('',*,*,#613,.F.);
#824=ORIENTED_EDGE('',*,*,#614,.T.);
#825=ORIENTED_EDGE('',*,*,#610,.T.);
#826=ORIENTED_EDGE('',*,*,#615,.T.);
#827=ORIENTED_EDGE('',*,*,#616,.F.);
#828=ORIENTED_EDGE('',*,*,#617,.T.);
#829=ORIENTED_EDGE('',*,*,#613,.T.);
#830=ORIENTED_EDGE('',*,*,#618,.T.);
#831=ORIENTED_EDGE('',*,*,#619,.F.);
#832=ORIENTED_EDGE('',*,*,#620,.T.);
#833=ORIENTED_EDGE('',*,*,#616,.T.);
#834=ORIENTED_EDGE('',*,*,#621,.T.);
#835=ORIENTED_EDGE('',*,*,#622,.F.);
#836=ORIENTED_EDGE('',*,*,#623,.T.);
#837=ORIENTED_EDGE('',*,*,#619,.T.);
#838=ORIENTED_EDGE('',*,*,#624,.T.);
#839=ORIENTED_EDGE('',*,*,#625,.F.);
#840=ORIENTED_EDGE('',*,*,#626,.T.);
#841=ORIENTED_EDGE('',*,*,#622,.T.);
#842=ORIENTED_EDGE('',*,*,#627,.T.);
#843=ORIENTED_EDGE('',*,*,#628,.F.);
#844=ORIENTED_EDGE('',*,*,#629,.T.);
#845=ORIENTED_EDGE('',*,*,#625,.T.);
#846=ORIENTED_EDGE('',*,*,#630,.T.);
#847=ORIENTED_EDGE('',*,*,#631,.F.);
#848=ORIENTED_EDGE('',*,*,#632,.T.);
#849=ORIENTED_EDGE('',*,*,#628,.T.);
#850=ORIENTED_EDGE('',*,*,#633,.T.);
#851=ORIENTED_EDGE('',*,*,#634,.F.);
#852=ORIENTED_EDGE('',*,*,#635,.T.);
#853=ORIENTED_EDGE('',*,*,#631,.T.);
#854=ORIENTED_EDGE('',*,*,#636,.T.);
#855=ORIENTED_EDGE('',*,*,#637,.F.);
#856=ORIENTED_EDGE('',*,*,#638,.T.);
#857=ORIENTED_EDGE('',*,*,#634,.T.);
#858=ORIENTED_EDGE('',*,*,#639,.T.);
#859=ORIENTED_EDGE('',*,*,#640,.F.);
#860=ORIENTED_EDGE('',*,*,#641,.T.);
#861=ORIENTED_EDGE('',*,*,#637,.T.);
#862=ORIENTED_EDGE('',*,*,#642,.T.);
#863=ORIENTED_EDGE('',*,*,#643,.F.);
#864=ORIENTED_EDGE('',*,*,#644,.T.);
#865=ORIENTED_EDGE('',*,*,#640,.T.);
#866=ORIENTED_EDGE('',*,*,#645,.T.);
#867=ORIENTED_EDGE('',*,*,#646,.F.);
#868=ORIENTED_EDGE('',*,*,#647,.T.);
#869=ORIENTED_EDGE('',*,*,#643,.T.);
#870=ORIENTED_EDGE('',*,*,#648,.T.);
#871=ORIENTED_EDGE('',*,*,#649,.F.);
#872=ORIENTED_EDGE('',*,*,#650,.T.);
#873=ORIENTED_EDGE('',*,*,#646,.T.);
#874=ORIENTED_EDGE('',*,*,#651,.T.);
#875=ORIENTED_EDGE('',*,*,#652,.F.);
#876=ORIENTED_EDGE('',*,*,#653,.T.);
#877=ORIENTED_EDGE('',*,*,#649,.T.);
#878=ORIENTED_EDGE('',*,*,#654,.T.);
#879=ORIENTED_EDGE('',*,*,#655,.F.);
#880=ORIENTED_EDGE('',*,*,#656,.T.);
#881=ORIENTED_EDGE('',*,*,#652,.T.);
#882=ORIENTED_EDGE('',*,*,#657,.T.);
#883=ORIENTED_EDGE('',*,*,#658,.F.);
#884=ORIENTED_EDGE('',*,*,#659,.T.);
#885=ORIENTED_EDGE('',*,*,#655,.T.);
#886=ORIENTED_EDGE('',*,*,#660,.T.);
#887=ORIENTED_EDGE('',*,*,#661,.F.);
#888=ORIENTED_EDGE('',*,*,#662,.T.);
#889=ORIENTED_EDGE('',*,*,#658,.T.);
#890=ORIENTED_EDGE('',*,*,#663,.T.);
#891=ORIENTED_EDGE('',*,*,#664,.F.);
#892=ORIENTED_EDGE('',*,*,#665,.T.);
#893=ORIENTED_EDGE('',*,*,#661,.T.);
#894=ORIENTED_EDGE('',*,*,#666,.T.);
#895=ORIENTED_EDGE('',*,*,#667,.F.);
#896=ORIENTED_EDGE('',*,*,#668,.T.);
#897=ORIENTED_EDGE('',*,*,#664,.T.);
#898=ORIENTED_EDGE('',*,*,#669,.T.);
#899=ORIENTED_EDGE('',*,*,#670,.F.);
#900=ORIENTED_EDGE('',*,*,#671,.T.);
#901=ORIENTED_EDGE('',*,*,#667,.T.);
#902=ORIENTED_EDGE('',*,*,#672,.T.);
#903=ORIENTED_EDGE('',*,*,#673,.F.);
#904=ORIENTED_EDGE('',*,*,#674,.T.);
#905=ORIENTED_EDGE('',*,*,#670,.T.);
#906=ORIENTED_EDGE('',*,*,#675,.T.);
#907=ORIENTED_EDGE('',*,*,#676,.F.);
#908=ORIENTED_EDGE('',*,*,#677,.T.);
#909=ORIENTED_EDGE('',*,*,#673,.T.);
#910=ORIENTED_EDGE('',*,*,#678,.T.);
#911=ORIENTED_EDGE('',*,*,#679,.F.);
#912=ORIENTED_EDGE('',*,*,#680,.T.);
#913=ORIENTED_EDGE('',*,*,#681,.F.);
#914=ORIENTED_EDGE('',*,*,#682,.F.);
#915=ORIENTED_EDGE('',*,*,#683,.F.);
#916=ORIENTED_EDGE('',*,*,#684,.T.);
#917=ORIENTED_EDGE('',*,*,#679,.T.);
#918=ORIENTED_EDGE('',*,*,#685,.F.);
#919=ORIENTED_EDGE('',*,*,#686,.F.);
#920=ORIENTED_EDGE('',*,*,#687,.T.);
#921=ORIENTED_EDGE('',*,*,#683,.T.);
#922=ORIENTED_EDGE('',*,*,#688,.F.);
#923=ORIENTED_EDGE('',*,*,#689,.F.);
#924=ORIENTED_EDGE('',*,*,#690,.T.);
#925=ORIENTED_EDGE('',*,*,#686,.T.);
#926=ORIENTED_EDGE('',*,*,#691,.F.);
#927=ORIENTED_EDGE('',*,*,#692,.F.);
#928=ORIENTED_EDGE('',*,*,#693,.T.);
#929=ORIENTED_EDGE('',*,*,#689,.T.);
#930=ORIENTED_EDGE('',*,*,#694,.F.);
#931=ORIENTED_EDGE('',*,*,#695,.F.);
#932=ORIENTED_EDGE('',*,*,#696,.T.);
#933=ORIENTED_EDGE('',*,*,#692,.T.);
#934=ORIENTED_EDGE('',*,*,#697,.F.);
#935=ORIENTED_EDGE('',*,*,#698,.F.);
#936=ORIENTED_EDGE('',*,*,#699,.T.);
#937=ORIENTED_EDGE('',*,*,#695,.T.);
#938=ORIENTED_EDGE('',*,*,#700,.F.);
#939=ORIENTED_EDGE('',*,*,#701,.F.);
#940=ORIENTED_EDGE('',*,*,#702,.T.);
#941=ORIENTED_EDGE('',*,*,#698,.T.);
#942=ORIENTED_EDGE('',*,*,#703,.F.);
#943=ORIENTED_EDGE('',*,*,#704,.F.);
#944=ORIENTED_EDGE('',*,*,#705,.T.);
#945=ORIENTED_EDGE('',*,*,#701,.T.);
#946=ORIENTED_EDGE('',*,*,#706,.F.);
#947=ORIENTED_EDGE('',*,*,#707,.F.);
#948=ORIENTED_EDGE('',*,*,#708,.T.);
#949=ORIENTED_EDGE('',*,*,#704,.T.);
#950=ORIENTED_EDGE('',*,*,#709,.F.);
#951=ORIENTED_EDGE('',*,*,#710,.F.);
#952=ORIENTED_EDGE('',*,*,#711,.T.);
#953=ORIENTED_EDGE('',*,*,#707,.T.);
#954=ORIENTED_EDGE('',*,*,#712,.F.);
#955=ORIENTED_EDGE('',*,*,#713,.F.);
#956=ORIENTED_EDGE('',*,*,#714,.T.);
#957=ORIENTED_EDGE('',*,*,#710,.T.);
#958=ORIENTED_EDGE('',*,*,#715,.F.);
#959=ORIENTED_EDGE('',*,*,#716,.F.);
#960=ORIENTED_EDGE('',*,*,#717,.T.);
#961=ORIENTED_EDGE('',*,*,#713,.T.);
#962=ORIENTED_EDGE('',*,*,#718,.F.);
#963=ORIENTED_EDGE('',*,*,#719,.F.);
#964=ORIENTED_EDGE('',*,*,#720,.T.);
#965=ORIENTED_EDGE('',*,*,#716,.T.);
#966=ORIENTED_EDGE('',*,*,#721,.F.);
#967=ORIENTED_EDGE('',*,*,#722,.F.);
#968=ORIENTED_EDGE('',*,*,#723,.T.);
#969=ORIENTED_EDGE('',*,*,#719,.T.);
#970=ORIENTED_EDGE('',*,*,#724,.F.);
#971=ORIENTED_EDGE('',*,*,#725,.F.);
#972=ORIENTED_EDGE('',*,*,#726,.T.);
#973=ORIENTED_EDGE('',*,*,#722,.T.);
#974=ORIENTED_EDGE('',*,*,#727,.F.);
#975=ORIENTED_EDGE('',*,*,#728,.F.);
#976=ORIENTED_EDGE('',*,*,#729,.T.);
#977=ORIENTED_EDGE('',*,*,#725,.T.);
#978=ORIENTED_EDGE('',*,*,#730,.F.);
#979=ORIENTED_EDGE('',*,*,#731,.F.);
#980=ORIENTED_EDGE('',*,*,#732,.T.);
#981=ORIENTED_EDGE('',*,*,#728,.T.);
#982=ORIENTED_EDGE('',*,*,#733,.F.);
#983=ORIENTED_EDGE('',*,*,#734,.F.);
#984=ORIENTED_EDGE('',*,*,#735,.T.);
#985=ORIENTED_EDGE('',*,*,#731,.T.);
#986=ORIENTED_EDGE('',*,*,#736,.F.);
#987=ORIENTED_EDGE('',*,*,#737,.F.);
#988=ORIENTED_EDGE('',*,*,#738,.T.);
#989=ORIENTED_EDGE('',*,*,#734,.T.);
#990=ORIENTED_EDGE('',*,*,#739,.F.);
#991=ORIENTED_EDGE('',*,*,#740,.F.);
#992=ORIENTED_EDGE('',*,*,#741,.T.);
#993=ORIENTED_EDGE('',*,*,#737,.T.);
#994=ORIENTED_EDGE('',*,*,#742,.F.);
#995=ORIENTED_EDGE('',*,*,#743,.F.);
#996=ORIENTED_EDGE('',*,*,#744,.T.);
#997=ORIENTED_EDGE('',*,*,#740,.T.);
#998=ORIENTED_EDGE('',*,*,#745,.F.);
#999=ORIENTED_EDGE('',*,*,#746,.F.);
#1000=ORIENTED_EDGE('',*,*,#747,.T.);
#1001=ORIENTED_EDGE('',*,*,#743,.T.);
#1002=ORIENTED_EDGE('',*,*,#748,.F.);
#1003=ORIENTED_EDGE('',*,*,#749,.F.);
#1004=ORIENTED_EDGE('',*,*,#750,.T.);
#1005=ORIENTED_EDGE('',*,*,#746,.T.);
#1006=ORIENTED_EDGE('',*,*,#751,.F.);
#1007=ORIENTED_EDGE('',*,*,#752,.F.);
#1008=ORIENTED_EDGE('',*,*,#753,.T.);
#1009=ORIENTED_EDGE('',*,*,#749,.T.);
#1010=ORIENTED_EDGE('',*,*,#754,.F.);
#1011=ORIENTED_EDGE('',*,*,#755,.F.);
#1012=ORIENTED_EDGE('',*,*,#756,.T.);
#1013=ORIENTED_EDGE('',*,*,#752,.T.);
#1014=ORIENTED_EDGE('',*,*,#757,.F.);
#1015=ORIENTED_EDGE('',*,*,#758,.F.);
#1016=ORIENTED_EDGE('',*,*,#759,.T.);
#1017=ORIENTED_EDGE('',*,*,#755,.T.);
#1018=ORIENTED_EDGE('',*,*,#760,.F.);
#1019=ORIENTED_EDGE('',*,*,#761,.F.);
#1020=ORIENTED_EDGE('',*,*,#762,.T.);
#1021=ORIENTED_EDGE('',*,*,#758,.T.);
#1022=ORIENTED_EDGE('',*,*,#763,.F.);
#1023=ORIENTED_EDGE('',*,*,#764,.F.);
#1024=ORIENTED_EDGE('',*,*,#592,.F.);
#1025=ORIENTED_EDGE('',*,*,#596,.F.);
#1026=ORIENTED_EDGE('',*,*,#599,.F.);
#1027=ORIENTED_EDGE('',*,*,#602,.F.);
#1028=ORIENTED_EDGE('',*,*,#605,.F.);
#1029=ORIENTED_EDGE('',*,*,#608,.F.);
#1030=ORIENTED_EDGE('',*,*,#611,.F.);
#1031=ORIENTED_EDGE('',*,*,#614,.F.);
#1032=ORIENTED_EDGE('',*,*,#617,.F.);
#1033=ORIENTED_EDGE('',*,*,#620,.F.);
#1034=ORIENTED_EDGE('',*,*,#623,.F.);
#1035=ORIENTED_EDGE('',*,*,#626,.F.);
#1036=ORIENTED_EDGE('',*,*,#629,.F.);
#1037=ORIENTED_EDGE('',*,*,#632,.F.);
#1038=ORIENTED_EDGE('',*,*,#635,.F.);
#1039=ORIENTED_EDGE('',*,*,#638,.F.);
#1040=ORIENTED_EDGE('',*,*,#641,.F.);
#1041=ORIENTED_EDGE('',*,*,#644,.F.);
#1042=ORIENTED_EDGE('',*,*,#647,.F.);
#1043=ORIENTED_EDGE('',*,*,#650,.F.);
#1044=ORIENTED_EDGE('',*,*,#653,.F.);
#1045=ORIENTED_EDGE('',*,*,#656,.F.);
#1046=ORIENTED_EDGE('',*,*,#659,.F.);
#1047=ORIENTED_EDGE('',*,*,#662,.F.);
#1048=ORIENTED_EDGE('',*,*,#665,.F.);
#1049=ORIENTED_EDGE('',*,*,#668,.F.);
#1050=ORIENTED_EDGE('',*,*,#671,.F.);
#1051=ORIENTED_EDGE('',*,*,#674,.F.);
#1052=ORIENTED_EDGE('',*,*,#677,.F.);
#1053=ORIENTED_EDGE('',*,*,#765,.F.);
#1054=ORIENTED_EDGE('',*,*,#766,.F.);
#1055=ORIENTED_EDGE('',*,*,#767,.T.);
#1056=ORIENTED_EDGE('',*,*,#763,.T.);
#1057=ORIENTED_EDGE('',*,*,#760,.T.);
#1058=ORIENTED_EDGE('',*,*,#757,.T.);
#1059=ORIENTED_EDGE('',*,*,#754,.T.);
#1060=ORIENTED_EDGE('',*,*,#751,.T.);
#1061=ORIENTED_EDGE('',*,*,#748,.T.);
#1062=ORIENTED_EDGE('',*,*,#745,.T.);
#1063=ORIENTED_EDGE('',*,*,#742,.T.);
#1064=ORIENTED_EDGE('',*,*,#739,.T.);
#1065=ORIENTED_EDGE('',*,*,#736,.T.);
#1066=ORIENTED_EDGE('',*,*,#733,.T.);
#1067=ORIENTED_EDGE('',*,*,#730,.T.);
#1068=ORIENTED_EDGE('',*,*,#727,.T.);
#1069=ORIENTED_EDGE('',*,*,#724,.T.);
#1070=ORIENTED_EDGE('',*,*,#721,.T.);
#1071=ORIENTED_EDGE('',*,*,#718,.T.);
#1072=ORIENTED_EDGE('',*,*,#715,.T.);
#1073=ORIENTED_EDGE('',*,*,#712,.T.);
#1074=ORIENTED_EDGE('',*,*,#709,.T.);
#1075=ORIENTED_EDGE('',*,*,#706,.T.);
#1076=ORIENTED_EDGE('',*,*,#703,.T.);
#1077=ORIENTED_EDGE('',*,*,#700,.T.);
#1078=ORIENTED_EDGE('',*,*,#697,.T.);
#1079=ORIENTED_EDGE('',*,*,#694,.T.);
#1080=ORIENTED_EDGE('',*,*,#691,.T.);
#1081=ORIENTED_EDGE('',*,*,#688,.T.);
#1082=ORIENTED_EDGE('',*,*,#685,.T.);
#1083=ORIENTED_EDGE('',*,*,#682,.T.);
#1084=ORIENTED_EDGE('',*,*,#761,.T.);
#1085=ORIENTED_EDGE('',*,*,#767,.F.);
#1086=ORIENTED_EDGE('',*,*,#768,.F.);
#1087=ORIENTED_EDGE('',*,*,#769,.T.);
#1088=ORIENTED_EDGE('',*,*,#770,.F.);
#1089=ORIENTED_EDGE('',*,*,#680,.F.);
#1090=ORIENTED_EDGE('',*,*,#684,.F.);
#1091=ORIENTED_EDGE('',*,*,#687,.F.);
#1092=ORIENTED_EDGE('',*,*,#690,.F.);
#1093=ORIENTED_EDGE('',*,*,#693,.F.);
#1094=ORIENTED_EDGE('',*,*,#696,.F.);
#1095=ORIENTED_EDGE('',*,*,#699,.F.);
#1096=ORIENTED_EDGE('',*,*,#702,.F.);
#1097=ORIENTED_EDGE('',*,*,#705,.F.);
#1098=ORIENTED_EDGE('',*,*,#708,.F.);
#1099=ORIENTED_EDGE('',*,*,#711,.F.);
#1100=ORIENTED_EDGE('',*,*,#714,.F.);
#1101=ORIENTED_EDGE('',*,*,#717,.F.);
#1102=ORIENTED_EDGE('',*,*,#720,.F.);
#1103=ORIENTED_EDGE('',*,*,#723,.F.);
#1104=ORIENTED_EDGE('',*,*,#726,.F.);
#1105=ORIENTED_EDGE('',*,*,#729,.F.);
#1106=ORIENTED_EDGE('',*,*,#732,.F.);
#1107=ORIENTED_EDGE('',*,*,#735,.F.);
#1108=ORIENTED_EDGE('',*,*,#738,.F.);
#1109=ORIENTED_EDGE('',*,*,#741,.F.);
#1110=ORIENTED_EDGE('',*,*,#744,.F.);
#1111=ORIENTED_EDGE('',*,*,#747,.F.);
#1112=ORIENTED_EDGE('',*,*,#750,.F.);
#1113=ORIENTED_EDGE('',*,*,#753,.F.);
#1114=ORIENTED_EDGE('',*,*,#756,.F.);
#1115=ORIENTED_EDGE('',*,*,#759,.F.);
#1116=ORIENTED_EDGE('',*,*,#762,.F.);
#1117=ORIENTED_EDGE('',*,*,#769,.F.);
#1118=ORIENTED_EDGE('',*,*,#771,.F.);
#1119=ORIENTED_EDGE('',*,*,#772,.F.);
#1120=ORIENTED_EDGE('',*,*,#678,.F.);
#1121=ORIENTED_EDGE('',*,*,#675,.F.);
#1122=ORIENTED_EDGE('',*,*,#672,.F.);
#1123=ORIENTED_EDGE('',*,*,#669,.F.);
#1124=ORIENTED_EDGE('',*,*,#666,.F.);
#1125=ORIENTED_EDGE('',*,*,#663,.F.);
#1126=ORIENTED_EDGE('',*,*,#660,.F.);
#1127=ORIENTED_EDGE('',*,*,#657,.F.);
#1128=ORIENTED_EDGE('',*,*,#654,.F.);
#1129=ORIENTED_EDGE('',*,*,#651,.F.);
#1130=ORIENTED_EDGE('',*,*,#648,.F.);
#1131=ORIENTED_EDGE('',*,*,#645,.F.);
#1132=ORIENTED_EDGE('',*,*,#642,.F.);
#1133=ORIENTED_EDGE('',*,*,#639,.F.);
#1134=ORIENTED_EDGE('',*,*,#636,.F.);
#1135=ORIENTED_EDGE('',*,*,#633,.F.);
#1136=ORIENTED_EDGE('',*,*,#630,.F.);
#1137=ORIENTED_EDGE('',*,*,#627,.F.);
#1138=ORIENTED_EDGE('',*,*,#624,.F.);
#1139=ORIENTED_EDGE('',*,*,#621,.F.);
#1140=ORIENTED_EDGE('',*,*,#618,.F.);
#1141=ORIENTED_EDGE('',*,*,#615,.F.);
#1142=ORIENTED_EDGE('',*,*,#612,.F.);
#1143=ORIENTED_EDGE('',*,*,#609,.F.);
#1144=ORIENTED_EDGE('',*,*,#606,.F.);
#1145=ORIENTED_EDGE('',*,*,#603,.F.);
#1146=ORIENTED_EDGE('',*,*,#600,.F.);
#1147=ORIENTED_EDGE('',*,*,#597,.F.);
#1148=ORIENTED_EDGE('',*,*,#594,.F.);
#1149=ORIENTED_EDGE('',*,*,#773,.F.);
#1150=ORIENTED_EDGE('',*,*,#774,.T.);
#1151=ORIENTED_EDGE('',*,*,#775,.T.);
#1152=ORIENTED_EDGE('',*,*,#776,.F.);
#1153=ORIENTED_EDGE('',*,*,#777,.F.);
#1154=ORIENTED_EDGE('',*,*,#778,.T.);
#1155=ORIENTED_EDGE('',*,*,#779,.T.);
#1156=ORIENTED_EDGE('',*,*,#774,.F.);
#1157=ORIENTED_EDGE('',*,*,#780,.F.);
#1158=ORIENTED_EDGE('',*,*,#781,.T.);
#1159=ORIENTED_EDGE('',*,*,#782,.T.);
#1160=ORIENTED_EDGE('',*,*,#778,.F.);
#1161=ORIENTED_EDGE('',*,*,#783,.F.);
#1162=ORIENTED_EDGE('',*,*,#784,.T.);
#1163=ORIENTED_EDGE('',*,*,#785,.T.);
#1164=ORIENTED_EDGE('',*,*,#781,.F.);
#1165=ORIENTED_EDGE('',*,*,#786,.F.);
#1166=ORIENTED_EDGE('',*,*,#787,.T.);
#1167=ORIENTED_EDGE('',*,*,#788,.T.);
#1168=ORIENTED_EDGE('',*,*,#784,.F.);
#1169=ORIENTED_EDGE('',*,*,#789,.F.);
#1170=ORIENTED_EDGE('',*,*,#776,.T.);
#1171=ORIENTED_EDGE('',*,*,#790,.T.);
#1172=ORIENTED_EDGE('',*,*,#787,.F.);
#1173=ORIENTED_EDGE('',*,*,#790,.F.);
#1174=ORIENTED_EDGE('',*,*,#775,.F.);
#1175=ORIENTED_EDGE('',*,*,#779,.F.);
#1176=ORIENTED_EDGE('',*,*,#782,.F.);
#1177=ORIENTED_EDGE('',*,*,#785,.F.);
#1178=ORIENTED_EDGE('',*,*,#788,.F.);
#1179=ORIENTED_EDGE('',*,*,#676,.T.);
#1180=ORIENTED_EDGE('',*,*,#772,.T.);
#1181=ORIENTED_EDGE('',*,*,#791,.F.);
#1182=ORIENTED_EDGE('',*,*,#765,.T.);
#1183=ORIENTED_EDGE('',*,*,#766,.T.);
#1184=ORIENTED_EDGE('',*,*,#791,.T.);
#1185=ORIENTED_EDGE('',*,*,#771,.T.);
#1186=ORIENTED_EDGE('',*,*,#768,.T.);
#1187=ORIENTED_EDGE('',*,*,#792,.F.);
#1188=ORIENTED_EDGE('',*,*,#793,.T.);
#1189=ORIENTED_EDGE('',*,*,#794,.T.);
#1190=ORIENTED_EDGE('',*,*,#793,.F.);
#1191=ORIENTED_EDGE('',*,*,#792,.T.);
#1192=ORIENTED_EDGE('',*,*,#773,.T.);
#1193=ORIENTED_EDGE('',*,*,#789,.T.);
#1194=ORIENTED_EDGE('',*,*,#786,.T.);
#1195=ORIENTED_EDGE('',*,*,#783,.T.);
#1196=ORIENTED_EDGE('',*,*,#780,.T.);
#1197=ORIENTED_EDGE('',*,*,#777,.T.);
#1198=ORIENTED_EDGE('',*,*,#794,.F.);
#1199=ORIENTED_EDGE('',*,*,#764,.T.);
#1200=ORIENTED_EDGE('',*,*,#681,.T.);
#1201=ORIENTED_EDGE('',*,*,#770,.T.);
#1202=ORIENTED_EDGE('',*,*,#593,.F.);
#1203=CYLINDRICAL_SURFACE('',#1349,0.76925);
#1204=CYLINDRICAL_SURFACE('',#1351,0.76925);
#1205=CYLINDRICAL_SURFACE('',#1352,0.76925);
#1206=CYLINDRICAL_SURFACE('',#1353,0.76925);
#1207=CYLINDRICAL_SURFACE('',#1354,0.76925);
#1208=CYLINDRICAL_SURFACE('',#1355,0.76925);
#1209=CYLINDRICAL_SURFACE('',#1356,0.76925);
#1210=CYLINDRICAL_SURFACE('',#1357,0.76925);
#1211=CYLINDRICAL_SURFACE('',#1358,0.76925);
#1212=CYLINDRICAL_SURFACE('',#1359,0.76925);
#1213=CYLINDRICAL_SURFACE('',#1360,0.76925);
#1214=CYLINDRICAL_SURFACE('',#1361,0.76925);
#1215=CYLINDRICAL_SURFACE('',#1362,0.76925);
#1216=CYLINDRICAL_SURFACE('',#1363,0.76925);
#1217=CYLINDRICAL_SURFACE('',#1364,0.76925);
#1218=CYLINDRICAL_SURFACE('',#1365,0.76925);
#1219=CYLINDRICAL_SURFACE('',#1366,0.76925);
#1220=CYLINDRICAL_SURFACE('',#1367,0.76925);
#1221=CYLINDRICAL_SURFACE('',#1368,0.76925);
#1222=CYLINDRICAL_SURFACE('',#1369,0.76925);
#1223=CYLINDRICAL_SURFACE('',#1370,0.76925);
#1224=CYLINDRICAL_SURFACE('',#1371,0.76925);
#1225=CYLINDRICAL_SURFACE('',#1372,0.76925);
#1226=CYLINDRICAL_SURFACE('',#1373,0.76925);
#1227=CYLINDRICAL_SURFACE('',#1374,0.76925);
#1228=CYLINDRICAL_SURFACE('',#1375,0.76925);
#1229=CYLINDRICAL_SURFACE('',#1376,0.76925);
#1230=CYLINDRICAL_SURFACE('',#1377,0.76925);
#1231=CYLINDRICAL_SURFACE('',#1378,0.76925);
#1232=CYLINDRICAL_SURFACE('',#1379,0.56925);
#1233=CYLINDRICAL_SURFACE('',#1381,0.56925);
#1234=CYLINDRICAL_SURFACE('',#1382,0.56925);
#1235=CYLINDRICAL_SURFACE('',#1383,0.56925);
#1236=CYLINDRICAL_SURFACE('',#1384,0.56925);
#1237=CYLINDRICAL_SURFACE('',#1385,0.56925);
#1238=CYLINDRICAL_SURFACE('',#1386,0.56925);
#1239=CYLINDRICAL_SURFACE('',#1387,0.56925);
#1240=CYLINDRICAL_SURFACE('',#1388,0.56925);
#1241=CYLINDRICAL_SURFACE('',#1389,0.56925);
#1242=CYLINDRICAL_SURFACE('',#1390,0.56925);
#1243=CYLINDRICAL_SURFACE('',#1391,0.56925);
#1244=CYLINDRICAL_SURFACE('',#1392,0.56925);
#1245=CYLINDRICAL_SURFACE('',#1393,0.56925);
#1246=CYLINDRICAL_SURFACE('',#1394,0.56925);
#1247=CYLINDRICAL_SURFACE('',#1395,0.56925);
#1248=CYLINDRICAL_SURFACE('',#1396,0.56925);
#1249=CYLINDRICAL_SURFACE('',#1397,0.56925);
#1250=CYLINDRICAL_SURFACE('',#1398,0.56925);
#1251=CYLINDRICAL_SURFACE('',#1399,0.56925);
#1252=CYLINDRICAL_SURFACE('',#1400,0.56925);
#1253=CYLINDRICAL_SURFACE('',#1401,0.56925);
#1254=CYLINDRICAL_SURFACE('',#1402,0.56925);
#1255=CYLINDRICAL_SURFACE('',#1403,0.56925);
#1256=CYLINDRICAL_SURFACE('',#1404,0.56925);
#1257=CYLINDRICAL_SURFACE('',#1405,0.56925);
#1258=CYLINDRICAL_SURFACE('',#1406,0.56925);
#1259=CYLINDRICAL_SURFACE('',#1407,0.56925);
#1260=CYLINDRICAL_SURFACE('',#1408,0.56925);
#1261=CYLINDRICAL_SURFACE('',#1417,0.76925);
#1262=CYLINDRICAL_SURFACE('',#1420,1.5);
#1263=ADVANCED_FACE('',(#29),#1203,.T.);
#1264=ADVANCED_FACE('',(#30),#1204,.T.);
#1265=ADVANCED_FACE('',(#31),#1205,.T.);
#1266=ADVANCED_FACE('',(#32),#1206,.T.);
#1267=ADVANCED_FACE('',(#33),#1207,.T.);
#1268=ADVANCED_FACE('',(#34),#1208,.T.);
#1269=ADVANCED_FACE('',(#35),#1209,.T.);
#1270=ADVANCED_FACE('',(#36),#1210,.T.);
#1271=ADVANCED_FACE('',(#37),#1211,.T.);
#1272=ADVANCED_FACE('',(#38),#1212,.T.);
#1273=ADVANCED_FACE('',(#39),#1213,.T.);
#1274=ADVANCED_FACE('',(#40),#1214,.T.);
#1275=ADVANCED_FACE('',(#41),#1215,.T.);
#1276=ADVANCED_FACE('',(#42),#1216,.T.);
#1277=ADVANCED_FACE('',(#43),#1217,.T.);
#1278=ADVANCED_FACE('',(#44),#1218,.T.);
#1279=ADVANCED_FACE('',(#45),#1219,.T.);
#1280=ADVANCED_FACE('',(#46),#1220,.T.);
#1281=ADVANCED_FACE('',(#47),#1221,.T.);
#1282=ADVANCED_FACE('',(#48),#1222,.T.);
#1283=ADVANCED_FACE('',(#49),#1223,.T.);
#1284=ADVANCED_FACE('',(#50),#1224,.T.);
#1285=ADVANCED_FACE('',(#51),#1225,.T.);
#1286=ADVANCED_FACE('',(#52),#1226,.T.);
#1287=ADVANCED_FACE('',(#53),#1227,.T.);
#1288=ADVANCED_FACE('',(#54),#1228,.T.);
#1289=ADVANCED_FACE('',(#55),#1229,.T.);
#1290=ADVANCED_FACE('',(#56),#1230,.T.);
#1291=ADVANCED_FACE('',(#57),#1231,.T.);
#1292=ADVANCED_FACE('',(#58),#1232,.T.);
#1293=ADVANCED_FACE('',(#59),#1233,.T.);
#1294=ADVANCED_FACE('',(#60),#1234,.T.);
#1295=ADVANCED_FACE('',(#61),#1235,.T.);
#1296=ADVANCED_FACE('',(#62),#1236,.T.);
#1297=ADVANCED_FACE('',(#63),#1237,.T.);
#1298=ADVANCED_FACE('',(#64),#1238,.T.);
#1299=ADVANCED_FACE('',(#65),#1239,.T.);
#1300=ADVANCED_FACE('',(#66),#1240,.T.);
#1301=ADVANCED_FACE('',(#67),#1241,.T.);
#1302=ADVANCED_FACE('',(#68),#1242,.T.);
#1303=ADVANCED_FACE('',(#69),#1243,.T.);
#1304=ADVANCED_FACE('',(#70),#1244,.T.);
#1305=ADVANCED_FACE('',(#71),#1245,.T.);
#1306=ADVANCED_FACE('',(#72),#1246,.T.);
#1307=ADVANCED_FACE('',(#73),#1247,.T.);
#1308=ADVANCED_FACE('',(#74),#1248,.T.);
#1309=ADVANCED_FACE('',(#75),#1249,.T.);
#1310=ADVANCED_FACE('',(#76),#1250,.T.);
#1311=ADVANCED_FACE('',(#77),#1251,.T.);
#1312=ADVANCED_FACE('',(#78),#1252,.T.);
#1313=ADVANCED_FACE('',(#79),#1253,.T.);
#1314=ADVANCED_FACE('',(#80),#1254,.T.);
#1315=ADVANCED_FACE('',(#81),#1255,.T.);
#1316=ADVANCED_FACE('',(#82),#1256,.T.);
#1317=ADVANCED_FACE('',(#83),#1257,.T.);
#1318=ADVANCED_FACE('',(#84),#1258,.T.);
#1319=ADVANCED_FACE('',(#85),#1259,.T.);
#1320=ADVANCED_FACE('',(#86),#27,.F.);
#1321=ADVANCED_FACE('',(#87),#1260,.T.);
#1322=ADVANCED_FACE('',(#88),#28,.F.);
#1323=ADVANCED_FACE('',(#89),#17,.F.);
#1324=ADVANCED_FACE('',(#90),#18,.F.);
#1325=ADVANCED_FACE('',(#91),#19,.F.);
#1326=ADVANCED_FACE('',(#92),#20,.F.);
#1327=ADVANCED_FACE('',(#93),#21,.F.);
#1328=ADVANCED_FACE('',(#94),#22,.F.);
#1329=ADVANCED_FACE('',(#95),#23,.F.);
#1330=ADVANCED_FACE('',(#96),#1261,.T.);
#1331=ADVANCED_FACE('',(#97),#24,.T.);
#1332=ADVANCED_FACE('',(#98),#1262,.T.);
#1333=ADVANCED_FACE('',(#99,#15),#25,.T.);
#1334=ADVANCED_FACE('',(#100,#16),#26,.F.);
#1335=CLOSED_SHELL('',(#1263,#1264,#1265,#1266,#1267,#1268,#1269,#1270,
#1271,#1272,#1273,#1274,#1275,#1276,#1277,#1278,#1279,#1280,#1281,#1282,
#1283,#1284,#1285,#1286,#1287,#1288,#1289,#1290,#1291,#1292,#1293,#1294,
#1295,#1296,#1297,#1298,#1299,#1300,#1301,#1302,#1303,#1304,#1305,#1306,
#1307,#1308,#1309,#1310,#1311,#1312,#1313,#1314,#1315,#1316,#1317,#1318,
#1319,#1320,#1321,#1322,#1323,#1324,#1325,#1326,#1327,#1328,#1329,#1330,
#1331,#1332,#1333,#1334));
#1336=DERIVED_UNIT_ELEMENT(#1338,1.);
#1337=DERIVED_UNIT_ELEMENT(#5610,-3.);
#1338=(
MASS_UNIT()
NAMED_UNIT(*)
SI_UNIT(.KILO.,.GRAM.)
);
#1339=DERIVED_UNIT((#1336,#1337));
#1340=MEASURE_REPRESENTATION_ITEM('density measure',
POSITIVE_RATIO_MEASURE(7850.),#1339);
#1341=PROPERTY_DEFINITION_REPRESENTATION(#1346,#1343);
#1342=PROPERTY_DEFINITION_REPRESENTATION(#1347,#1344);
#1343=REPRESENTATION('material name',(#1345),#5607);
#1344=REPRESENTATION('density',(#1340),#5607);
#1345=DESCRIPTIVE_REPRESENTATION_ITEM('Steel','Steel');
#1346=PROPERTY_DEFINITION('material property','material name',#5617);
#1347=PROPERTY_DEFINITION('material property','density of part',#5617);
#1348=AXIS2_PLACEMENT_3D('',#1655,#1425,#1426);
#1349=AXIS2_PLACEMENT_3D('',#1656,#1427,#1428);
#1350=AXIS2_PLACEMENT_3D('',#1672,#1430,#1431);
#1351=AXIS2_PLACEMENT_3D('',#1680,#1432,#1433);
#1352=AXIS2_PLACEMENT_3D('',#1728,#1435,#1436);
#1353=AXIS2_PLACEMENT_3D('',#1782,#1438,#1439);
#1354=AXIS2_PLACEMENT_3D('',#1830,#1441,#1442);
#1355=AXIS2_PLACEMENT_3D('',#1878,#1444,#1445);
#1356=AXIS2_PLACEMENT_3D('',#1932,#1447,#1448);
#1357=AXIS2_PLACEMENT_3D('',#1980,#1450,#1451);
#1358=AXIS2_PLACEMENT_3D('',#2028,#1453,#1454);
#1359=AXIS2_PLACEMENT_3D('',#2076,#1456,#1457);
#1360=AXIS2_PLACEMENT_3D('',#2130,#1459,#1460);
#1361=AXIS2_PLACEMENT_3D('',#2178,#1462,#1463);
#1362=AXIS2_PLACEMENT_3D('',#2226,#1465,#1466);
#1363=AXIS2_PLACEMENT_3D('',#2280,#1468,#1469);
#1364=AXIS2_PLACEMENT_3D('',#2328,#1471,#1472);
#1365=AXIS2_PLACEMENT_3D('',#2376,#1474,#1475);
#1366=AXIS2_PLACEMENT_3D('',#2430,#1477,#1478);
#1367=AXIS2_PLACEMENT_3D('',#2478,#1480,#1481);
#1368=AXIS2_PLACEMENT_3D('',#2526,#1483,#1484);
#1369=AXIS2_PLACEMENT_3D('',#2574,#1486,#1487);
#1370=AXIS2_PLACEMENT_3D('',#2628,#1489,#1490);
#1371=AXIS2_PLACEMENT_3D('',#2676,#1492,#1493);
#1372=AXIS2_PLACEMENT_3D('',#2724,#1495,#1496);
#1373=AXIS2_PLACEMENT_3D('',#2778,#1498,#1499);
#1374=AXIS2_PLACEMENT_3D('',#2826,#1501,#1502);
#1375=AXIS2_PLACEMENT_3D('',#2874,#1504,#1505);
#1376=AXIS2_PLACEMENT_3D('',#2922,#1507,#1508);
#1377=AXIS2_PLACEMENT_3D('',#2973,#1510,#1511);
#1378=AXIS2_PLACEMENT_3D('',#3021,#1513,#1514);
#1379=AXIS2_PLACEMENT_3D('',#3069,#1516,#1517);
#1380=AXIS2_PLACEMENT_3D('',#3084,#1519,#1520);
#1381=AXIS2_PLACEMENT_3D('',#3093,#1521,#1522);
#1382=AXIS2_PLACEMENT_3D('',#3118,#1524,#1525);
#1383=AXIS2_PLACEMENT_3D('',#3143,#1527,#1528);
#1384=AXIS2_PLACEMENT_3D('',#3167,#1530,#1531);
#1385=AXIS2_PLACEMENT_3D('',#3192,#1533,#1534);
#1386=AXIS2_PLACEMENT_3D('',#3217,#1536,#1537);
#1387=AXIS2_PLACEMENT_3D('',#3241,#1539,#1540);
#1388=AXIS2_PLACEMENT_3D('',#3265,#1542,#1543);
#1389=AXIS2_PLACEMENT_3D('',#3290,#1545,#1546);
#1390=AXIS2_PLACEMENT_3D('',#3315,#1548,#1549);
#1391=AXIS2_PLACEMENT_3D('',#3339,#1551,#1552);
#1392=AXIS2_PLACEMENT_3D('',#3364,#1554,#1555);
#1393=AXIS2_PLACEMENT_3D('',#3389,#1557,#1558);
#1394=AXIS2_PLACEMENT_3D('',#3413,#1560,#1561);
#1395=AXIS2_PLACEMENT_3D('',#3438,#1563,#1564);
#1396=AXIS2_PLACEMENT_3D('',#3463,#1566,#1567);
#1397=AXIS2_PLACEMENT_3D('',#3487,#1569,#1570);
#1398=AXIS2_PLACEMENT_3D('',#3511,#1572,#1573);
#1399=AXIS2_PLACEMENT_3D('',#3536,#1575,#1576);
#1400=AXIS2_PLACEMENT_3D('',#3561,#1578,#1579);
#1401=AXIS2_PLACEMENT_3D('',#3585,#1581,#1582);
#1402=AXIS2_PLACEMENT_3D('',#3610,#1584,#1585);
#1403=AXIS2_PLACEMENT_3D('',#3635,#1587,#1588);
#1404=AXIS2_PLACEMENT_3D('',#3659,#1590,#1591);
#1405=AXIS2_PLACEMENT_3D('',#3684,#1593,#1594);
#1406=AXIS2_PLACEMENT_3D('',#3708,#1596,#1597);
#1407=AXIS2_PLACEMENT_3D('',#3733,#1599,#1600);
#1408=AXIS2_PLACEMENT_3D('',#4655,#1602,#1603);
#1409=AXIS2_PLACEMENT_3D('',#4657,#1604,#1605);
#1410=AXIS2_PLACEMENT_3D('',#5557,#1606,#1607);
#1411=AXIS2_PLACEMENT_3D('',#5566,#1612,#1613);
#1412=AXIS2_PLACEMENT_3D('',#5572,#1617,#1618);
#1413=AXIS2_PLACEMENT_3D('',#5578,#1622,#1623);
#1414=AXIS2_PLACEMENT_3D('',#5584,#1627,#1628);
#1415=AXIS2_PLACEMENT_3D('',#5590,#1632,#1633);
#1416=AXIS2_PLACEMENT_3D('',#5593,#1636,#1637);
#1417=AXIS2_PLACEMENT_3D('',#5594,#1638,#1639);
#1418=AXIS2_PLACEMENT_3D('',#5595,#1640,#1641);
#1419=AXIS2_PLACEMENT_3D('',#5596,#1642,#1643);
#1420=AXIS2_PLACEMENT_3D('',#5597,#1644,#1645);
#1421=AXIS2_PLACEMENT_3D('',#5599,#1646,#1647);
#1422=AXIS2_PLACEMENT_3D('',#5602,#1649,#1650);
#1423=AXIS2_PLACEMENT_3D('',#5603,#1651,#1652);
#1424=AXIS2_PLACEMENT_3D('',#5604,#1653,#1654);
#1425=DIRECTION('axis',(0.,0.,1.));
#1426=DIRECTION('refdir',(1.,0.,0.));
#1427=DIRECTION('center_axis',(0.,0.,1.));
#1428=DIRECTION('ref_axis',(0.328982011792196,0.944336187973943,0.));
#1429=DIRECTION('',(0.,0.,1.));
#1430=DIRECTION('center_axis',(0.,0.,1.));
#1431=DIRECTION('ref_axis',(-1.,0.,0.));
#1432=DIRECTION('center_axis',(0.,0.,1.));
#1433=DIRECTION('ref_axis',(-1.,0.,0.));
#1434=DIRECTION('',(0.,0.,1.));
#1435=DIRECTION('center_axis',(0.,0.,1.));
#1436=DIRECTION('ref_axis',(-1.,0.,0.));
#1437=DIRECTION('',(0.,0.,1.));
#1438=DIRECTION('center_axis',(0.,0.,1.));
#1439=DIRECTION('ref_axis',(-1.,0.,0.));
#1440=DIRECTION('',(0.,0.,1.));
#1441=DIRECTION('center_axis',(0.,0.,1.));
#1442=DIRECTION('ref_axis',(-1.,0.,0.));
#1443=DIRECTION('',(0.,0.,1.));
#1444=DIRECTION('center_axis',(0.,0.,1.));
#1445=DIRECTION('ref_axis',(-1.,0.,0.));
#1446=DIRECTION('',(0.,0.,1.));
#1447=DIRECTION('center_axis',(0.,0.,1.));
#1448=DIRECTION('ref_axis',(-1.,0.,0.));
#1449=DIRECTION('',(0.,0.,1.));
#1450=DIRECTION('center_axis',(0.,0.,1.));
#1451=DIRECTION('ref_axis',(-1.,0.,0.));
#1452=DIRECTION('',(0.,0.,1.));
#1453=DIRECTION('center_axis',(0.,0.,1.));
#1454=DIRECTION('ref_axis',(-1.,0.,0.));
#1455=DIRECTION('',(0.,0.,1.));
#1456=DIRECTION('center_axis',(0.,0.,1.));
#1457=DIRECTION('ref_axis',(-1.,0.,0.));
#1458=DIRECTION('',(0.,0.,1.));
#1459=DIRECTION('center_axis',(0.,0.,1.));
#1460=DIRECTION('ref_axis',(-1.,0.,0.));
#1461=DIRECTION('',(0.,0.,1.));
#1462=DIRECTION('center_axis',(0.,0.,1.));
#1463=DIRECTION('ref_axis',(-1.,0.,0.));
#1464=DIRECTION('',(0.,0.,1.));
#1465=DIRECTION('center_axis',(0.,0.,1.));
#1466=DIRECTION('ref_axis',(-1.,0.,0.));
#1467=DIRECTION('',(0.,0.,1.));
#1468=DIRECTION('center_axis',(0.,0.,1.));
#1469=DIRECTION('ref_axis',(-1.,0.,0.));
#1470=DIRECTION('',(0.,0.,1.));
#1471=DIRECTION('center_axis',(0.,0.,1.));
#1472=DIRECTION('ref_axis',(-1.,0.,0.));
#1473=DIRECTION('',(0.,0.,1.));
#1474=DIRECTION('center_axis',(0.,0.,1.));
#1475=DIRECTION('ref_axis',(-1.,0.,0.));
#1476=DIRECTION('',(0.,0.,1.));
#1477=DIRECTION('center_axis',(0.,0.,1.));
#1478=DIRECTION('ref_axis',(-1.,0.,0.));
#1479=DIRECTION('',(0.,0.,1.));
#1480=DIRECTION('center_axis',(0.,0.,1.));
#1481=DIRECTION('ref_axis',(-1.,0.,0.));
#1482=DIRECTION('',(0.,0.,1.));
#1483=DIRECTION('center_axis',(0.,0.,1.));
#1484=DIRECTION('ref_axis',(-1.,0.,0.));
#1485=DIRECTION('',(0.,0.,1.));
#1486=DIRECTION('center_axis',(0.,0.,1.));
#1487=DIRECTION('ref_axis',(-1.,0.,0.));
#1488=DIRECTION('',(0.,0.,1.));
#1489=DIRECTION('center_axis',(0.,0.,1.));
#1490=DIRECTION('ref_axis',(-1.,0.,0.));
#1491=DIRECTION('',(0.,0.,1.));
#1492=DIRECTION('center_axis',(0.,0.,1.));
#1493=DIRECTION('ref_axis',(-1.,0.,0.));
#1494=DIRECTION('',(0.,0.,1.));
#1495=DIRECTION('center_axis',(0.,0.,1.));
#1496=DIRECTION('ref_axis',(-1.,0.,0.));
#1497=DIRECTION('',(0.,0.,1.));
#1498=DIRECTION('center_axis',(0.,0.,1.));
#1499=DIRECTION('ref_axis',(-1.,0.,0.));
#1500=DIRECTION('',(0.,0.,1.));
#1501=DIRECTION('center_axis',(0.,0.,1.));
#1502=DIRECTION('ref_axis',(-1.,0.,0.));
#1503=DIRECTION('',(0.,0.,1.));
#1504=DIRECTION('center_axis',(0.,0.,1.));
#1505=DIRECTION('ref_axis',(-1.,0.,0.));
#1506=DIRECTION('',(0.,0.,1.));
#1507=DIRECTION('center_axis',(0.,0.,1.));
#1508=DIRECTION('ref_axis',(-1.,0.,0.));
#1509=DIRECTION('',(0.,0.,1.));
#1510=DIRECTION('center_axis',(0.,0.,1.));
#1511=DIRECTION('ref_axis',(-1.,0.,0.));
#1512=DIRECTION('',(0.,0.,1.));
#1513=DIRECTION('center_axis',(0.,0.,1.));
#1514=DIRECTION('ref_axis',(-1.,0.,0.));
#1515=DIRECTION('',(0.,0.,1.));
#1516=DIRECTION('center_axis',(0.,0.,1.));
#1517=DIRECTION('ref_axis',(-0.96828387945776,0.249852614119266,0.));
#1518=DIRECTION('',(0.,0.,1.));
#1519=DIRECTION('center_axis',(0.,0.,1.));
#1520=DIRECTION('ref_axis',(-1.,1.26893457218286E-13,0.));
#1521=DIRECTION('center_axis',(0.,0.,1.));
#1522=DIRECTION('ref_axis',(-1.,1.26893457218286E-13,0.));
#1523=DIRECTION('',(0.,0.,1.));
#1524=DIRECTION('center_axis',(0.,0.,1.));
#1525=DIRECTION('ref_axis',(-1.,1.26893457218286E-13,0.));
#1526=DIRECTION('',(0.,0.,1.));
#1527=DIRECTION('center_axis',(0.,0.,1.));
#1528=DIRECTION('ref_axis',(-1.,1.26893457218286E-13,0.));
#1529=DIRECTION('',(0.,0.,1.));
#1530=DIRECTION('center_axis',(0.,0.,1.));
#1531=DIRECTION('ref_axis',(-1.,1.26893457218286E-13,0.));
#1532=DIRECTION('',(0.,0.,1.));
#1533=DIRECTION('center_axis',(0.,0.,1.));
#1534=DIRECTION('ref_axis',(-1.,1.26893457218286E-13,0.));
#1535=DIRECTION('',(0.,0.,1.));
#1536=DIRECTION('center_axis',(0.,0.,1.));
#1537=DIRECTION('ref_axis',(-1.,1.26893457218286E-13,0.));
#1538=DIRECTION('',(0.,0.,1.));
#1539=DIRECTION('center_axis',(0.,0.,1.));
#1540=DIRECTION('ref_axis',(-1.,1.26893457218286E-13,0.));
#1541=DIRECTION('',(0.,0.,1.));
#1542=DIRECTION('center_axis',(0.,0.,1.));
#1543=DIRECTION('ref_axis',(-1.,1.26893457218286E-13,0.));
#1544=DIRECTION('',(0.,0.,1.));
#1545=DIRECTION('center_axis',(0.,0.,1.));
#1546=DIRECTION('ref_axis',(-1.,1.26893457218286E-13,0.));
#1547=DIRECTION('',(0.,0.,1.));
#1548=DIRECTION('center_axis',(0.,0.,1.));
#1549=DIRECTION('ref_axis',(-1.,1.26893457218286E-13,0.));
#1550=DIRECTION('',(0.,0.,1.));
#1551=DIRECTION('center_axis',(0.,0.,1.));
#1552=DIRECTION('ref_axis',(-1.,1.26893457218286E-13,0.));
#1553=DIRECTION('',(0.,0.,1.));
#1554=DIRECTION('center_axis',(0.,0.,1.));
#1555=DIRECTION('ref_axis',(-1.,1.26893457218286E-13,0.));
#1556=DIRECTION('',(0.,0.,1.));
#1557=DIRECTION('center_axis',(0.,0.,1.));
#1558=DIRECTION('ref_axis',(-1.,1.26893457218286E-13,0.));
#1559=DIRECTION('',(0.,0.,1.));
#1560=DIRECTION('center_axis',(0.,0.,1.));
#1561=DIRECTION('ref_axis',(-1.,1.26893457218286E-13,0.));
#1562=DIRECTION('',(0.,0.,1.));
#1563=DIRECTION('center_axis',(0.,0.,1.));
#1564=DIRECTION('ref_axis',(-1.,1.26893457218286E-13,0.));
#1565=DIRECTION('',(0.,0.,1.));
#1566=DIRECTION('center_axis',(0.,0.,1.));
#1567=DIRECTION('ref_axis',(-1.,1.26893457218286E-13,0.));
#1568=DIRECTION('',(0.,0.,1.));
#1569=DIRECTION('center_axis',(0.,0.,1.));
#1570=DIRECTION('ref_axis',(-1.,1.26893457218286E-13,0.));
#1571=DIRECTION('',(0.,0.,1.));
#1572=DIRECTION('center_axis',(0.,0.,1.));
#1573=DIRECTION('ref_axis',(-1.,1.26893457218286E-13,0.));
#1574=DIRECTION('',(0.,0.,1.));
#1575=DIRECTION('center_axis',(0.,0.,1.));
#1576=DIRECTION('ref_axis',(-1.,1.26893457218286E-13,0.));
#1577=DIRECTION('',(0.,0.,1.));
#1578=DIRECTION('center_axis',(0.,0.,1.));
#1579=DIRECTION('ref_axis',(-1.,1.26893457218286E-13,0.));
#1580=DIRECTION('',(0.,0.,1.));
#1581=DIRECTION('center_axis',(0.,0.,1.));
#1582=DIRECTION('ref_axis',(-1.,1.26893457218286E-13,0.));
#1583=DIRECTION('',(0.,0.,1.));
#1584=DIRECTION('center_axis',(0.,0.,1.));
#1585=DIRECTION('ref_axis',(-1.,1.26893457218286E-13,0.));
#1586=DIRECTION('',(0.,0.,1.));
#1587=DIRECTION('center_axis',(0.,0.,1.));
#1588=DIRECTION('ref_axis',(-1.,1.26893457218286E-13,0.));
#1589=DIRECTION('',(0.,0.,1.));
#1590=DIRECTION('center_axis',(0.,0.,1.));
#1591=DIRECTION('ref_axis',(-1.,1.26893457218286E-13,0.));
#1592=DIRECTION('',(0.,0.,1.));
#1593=DIRECTION('center_axis',(0.,0.,1.));
#1594=DIRECTION('ref_axis',(-1.,1.26893457218286E-13,0.));
#1595=DIRECTION('',(0.,0.,1.));
#1596=DIRECTION('center_axis',(0.,0.,1.));
#1597=DIRECTION('ref_axis',(-1.,1.26893457218286E-13,0.));
#1598=DIRECTION('',(0.,0.,1.));
#1599=DIRECTION('center_axis',(0.,0.,1.));
#1600=DIRECTION('ref_axis',(-1.,1.26893457218286E-13,0.));
#1601=DIRECTION('',(0.,0.,1.));
#1602=DIRECTION('center_axis',(0.,0.,1.));
#1603=DIRECTION('ref_axis',(-1.,1.26893457218286E-13,0.));
#1604=DIRECTION('center_axis',(0.,0.,-1.));
#1605=DIRECTION('ref_axis',(-1.,1.26893457218286E-13,0.));
#1606=DIRECTION('center_axis',(0.499999999999989,0.866025403784445,0.));
#1607=DIRECTION('ref_axis',(0.866025403784445,-0.499999999999989,0.));
#1608=DIRECTION('',(0.866025403784445,-0.499999999999989,0.));
#1609=DIRECTION('',(0.,0.,-1.));
#1610=DIRECTION('',(0.866025403784445,-0.499999999999989,0.));
#1611=DIRECTION('',(0.,0.,-1.));
#1612=DIRECTION('center_axis',(-0.49999999999999,0.866025403784444,0.));
#1613=DIRECTION('ref_axis',(0.866025403784444,0.49999999999999,0.));
#1614=DIRECTION('',(0.866025403784444,0.49999999999999,0.));
#1615=DIRECTION('',(0.,0.,-1.));
#1616=DIRECTION('',(0.866025403784444,0.49999999999999,0.));
#1617=DIRECTION('center_axis',(-1.,1.15377761183012E-14,0.));
#1618=DIRECTION('ref_axis',(1.15377761183012E-14,1.,0.));
#1619=DIRECTION('',(1.15377761183012E-14,1.,0.));
#1620=DIRECTION('',(0.,0.,-1.));
#1621=DIRECTION('',(1.15377761183012E-14,1.,0.));
#1622=DIRECTION('center_axis',(-0.500000000000015,-0.86602540378443,0.));
#1623=DIRECTION('ref_axis',(-0.86602540378443,0.500000000000015,0.));
#1624=DIRECTION('',(-0.86602540378443,0.500000000000015,0.));
#1625=DIRECTION('',(0.,0.,-1.));
#1626=DIRECTION('',(-0.86602540378443,0.500000000000015,0.));
#1627=DIRECTION('center_axis',(0.499999999999985,-0.866025403784447,0.));
#1628=DIRECTION('ref_axis',(-0.866025403784447,-0.499999999999985,0.));
#1629=DIRECTION('',(-0.866025403784447,-0.499999999999985,0.));
#1630=DIRECTION('',(0.,0.,-1.));
#1631=DIRECTION('',(-0.866025403784447,-0.499999999999985,0.));
#1632=DIRECTION('center_axis',(1.,0.,0.));
#1633=DIRECTION('ref_axis',(0.,-1.,0.));
#1634=DIRECTION('',(0.,-1.,0.));
#1635=DIRECTION('',(0.,-1.,0.));
#1636=DIRECTION('center_axis',(0.,0.,-1.));
#1637=DIRECTION('ref_axis',(-1.,0.,0.));
#1638=DIRECTION('center_axis',(0.,0.,1.));
#1639=DIRECTION('ref_axis',(-1.,0.,0.));
#1640=DIRECTION('center_axis',(0.,0.,-1.));
#1641=DIRECTION('ref_axis',(-1.,0.,0.));
#1642=DIRECTION('center_axis',(0.,0.,-1.));
#1643=DIRECTION('ref_axis',(-1.,0.,0.));
#1644=DIRECTION('center_axis',(0.,0.,1.));
#1645=DIRECTION('ref_axis',(1.,0.,0.));
#1646=DIRECTION('center_axis',(0.,0.,1.));
#1647=DIRECTION('ref_axis',(1.,0.,0.));
#1648=DIRECTION('',(0.,0.,-1.));
#1649=DIRECTION('center_axis',(0.,0.,1.));
#1650=DIRECTION('ref_axis',(1.,0.,0.));
#1651=DIRECTION('center_axis',(0.,0.,1.));
#1652=DIRECTION('ref_axis',(1.,0.,0.));
#1653=DIRECTION('center_axis',(0.,0.,1.));
#1654=DIRECTION('ref_axis',(1.,0.,0.));
#1655=CARTESIAN_POINT('',(0.,0.,0.));
#1656=CARTESIAN_POINT('Origin',(0.,0.,-10.));
#1657=CARTESIAN_POINT('',(0.768031038051338,-0.000201936689131684,-0.13764617092752));
#1658=CARTESIAN_POINT('',(0.767953224463264,-0.00014484469843902,-0.0873538290724862));
#1659=CARTESIAN_POINT('',(0.76925,9.42059550244101E-17,-10.));
#1660=CARTESIAN_POINT('',(-0.603841311346783,0.478580436698611,-2.28983498828939E-15));
#1661=CARTESIAN_POINT('Ctrl Pts',(0.768031038051338,-0.000201936689131684,
-0.13764617092752));
#1662=CARTESIAN_POINT('Ctrl Pts',(0.767645230955562,0.142105600199102,-0.127380103726128));
#1663=CARTESIAN_POINT('Ctrl Pts',(0.729784221155616,0.28459198417754,-0.117114036524736));
#1664=CARTESIAN_POINT('Ctrl Pts',(0.65568722666059,0.404670160290038,-0.106847969323345));
#1665=CARTESIAN_POINT('Ctrl Pts',(0.521969213267787,0.621367413276085,-0.0883214673932392));
#1666=CARTESIAN_POINT('Ctrl Pts',(0.270241226069965,0.76508770577579,-0.0697949654631349));
#1667=CARTESIAN_POINT('Ctrl Pts',(0.0155732156525928,0.770283563181629,
-0.0512684635330292));
#1668=CARTESIAN_POINT('Ctrl Pts',(-0.219341388560849,0.775076402235273,
-0.0341789756886875));
#1669=CARTESIAN_POINT('Ctrl Pts',(-0.456757616593479,0.662000775466797,
-0.0170894878443444));
#1670=CARTESIAN_POINT('Ctrl Pts',(-0.603841311346783,0.478580436698611,
-2.28983498828939E-15));
#1671=CARTESIAN_POINT('',(0.00201855149580903,0.769247351604059,0.));
#1672=CARTESIAN_POINT('Origin',(0.,0.,0.));
#1673=CARTESIAN_POINT('Ctrl Pts',(0.00201855149580904,0.769247351604059,
-8.67361737988404E-18));
#1674=CARTESIAN_POINT('Ctrl Pts',(0.257860208820589,0.76857600764817,-0.0185265019301061));
#1675=CARTESIAN_POINT('Ctrl Pts',(0.511125438061272,0.630262244011614,-0.0370530038602117));
#1676=CARTESIAN_POINT('Ctrl Pts',(0.648352266757214,0.416226523454432,-0.055579505790318));
#1677=CARTESIAN_POINT('Ctrl Pts',(0.726803659153923,0.293864151169714,-0.0661709468843739));
#1678=CARTESIAN_POINT('Ctrl Pts',(0.767330103705641,0.146753495097439,-0.07676238797843));
#1679=CARTESIAN_POINT('Ctrl Pts',(0.767953224463264,-0.00014484469843902,
-0.0873538290724862));
#1680=CARTESIAN_POINT('Origin',(0.,0.,-10.));
#1681=CARTESIAN_POINT('',(0.769888117414688,-0.000586775651029292,-0.487646170927519));
#1682=CARTESIAN_POINT('',(0.770009736669994,-0.000540067600951315,-0.437353829072483));
#1683=CARTESIAN_POINT('',(0.76925,9.42059550244101E-17,-10.));
#1684=CARTESIAN_POINT('Ctrl Pts',(0.769888117414688,-0.000586775651029292,
-0.487646170927519));
#1685=CARTESIAN_POINT('Ctrl Pts',(0.768050390339349,0.216710441095112,-0.471872448640098));
#1686=CARTESIAN_POINT('Ctrl Pts',(0.671640692650334,0.43543465514089,-0.456098726352677));
#1687=CARTESIAN_POINT('Ctrl Pts',(0.508809001871793,0.57862055936485,-0.440325004065256));
#1688=CARTESIAN_POINT('Ctrl Pts',(0.317560444396129,0.746794810352175,-0.42179850213515));
#1689=CARTESIAN_POINT('Ctrl Pts',(0.0346834296659027,0.810764738785354,
-0.403272000205043));
#1690=CARTESIAN_POINT('Ctrl Pts',(-0.210320456873537,0.741249284553112,
-0.384745498274937));
#1691=CARTESIAN_POINT('Ctrl Pts',(-0.455324343412977,0.671733830320869,
-0.36621899634483));
#1692=CARTESIAN_POINT('Ctrl Pts',(-0.662455101761631,0.468732993423205,
-0.347692494414725));
#1693=CARTESIAN_POINT('Ctrl Pts',(-0.736878077622368,0.225173491438659,
-0.329165992484619));
#1694=CARTESIAN_POINT('Ctrl Pts',(-0.811301053483105,-0.0183860105458869,
-0.310639490554513));
#1695=CARTESIAN_POINT('Ctrl Pts',(-0.753016246855926,-0.302504177617315,
-0.292112988624407));
#1696=CARTESIAN_POINT('Ctrl Pts',(-0.588720761130008,-0.497088315735088,
-0.273586486694301));
#1697=CARTESIAN_POINT('Ctrl Pts',(-0.424425275404085,-0.691672453852866,
-0.255059984764194));
#1698=CARTESIAN_POINT('Ctrl Pts',(-0.154119110579417,-0.796722563016983,
-0.236533482834087));
#1699=CARTESIAN_POINT('Ctrl Pts',(0.098473015996869,-0.764181425508986,
-0.21800698090398));
#1700=CARTESIAN_POINT('Ctrl Pts',(0.351065142573148,-0.731640288000991,
-0.199480478973874));
#1701=CARTESIAN_POINT('Ctrl Pts',(0.585943230901047,-0.561507903820892,
-0.180953977043768));
#1702=CARTESIAN_POINT('Ctrl Pts',(0.695528255271109,-0.331604604994648,
-0.162427475113662));
#1703=CARTESIAN_POINT('Ctrl Pts',(0.744389067985161,-0.229097331844278,
-0.154167040384948));
#1704=CARTESIAN_POINT('Ctrl Pts',(0.768341471859146,-0.114707530390091,
-0.145906605656234));
#1705=CARTESIAN_POINT('Ctrl Pts',(0.768031038051338,-0.000201936689131684,
-0.13764617092752));
#1706=CARTESIAN_POINT('Ctrl Pts',(0.767953224463264,-0.00014484469843902,
-0.0873538290724862));
#1707=CARTESIAN_POINT('Ctrl Pts',(0.768420063779654,-0.110200431340872,
-0.0952888899085367));
#1708=CARTESIAN_POINT('Ctrl Pts',(0.746489406286842,-0.220136846128158,
-0.103223950744587));
#1709=CARTESIAN_POINT('Ctrl Pts',(0.701329307321132,-0.319457682633968,
-0.111159011580638));
#1710=CARTESIAN_POINT('Ctrl Pts',(0.595891091037908,-0.551348490687375,
-0.129685513510744));
#1711=CARTESIAN_POINT('Ctrl Pts',(0.363826230320255,-0.725372429316383,
-0.148212015440849));
#1712=CARTESIAN_POINT('Ctrl Pts',(0.111794260640074,-0.762286945783862,
-0.166738517370955));
#1713=CARTESIAN_POINT('Ctrl Pts',(-0.140237709040115,-0.799201462251341,
-0.185265019301061));
#1714=CARTESIAN_POINT('Ctrl Pts',(-0.412236787682841,-0.699006556557285,
-0.203791521231167));
#1715=CARTESIAN_POINT('Ctrl Pts',(-0.579891442247693,-0.507355497082508,
-0.222318023161274));
#1716=CARTESIAN_POINT('Ctrl Pts',(-0.74754609681254,-0.315704437607736,
-0.24084452509138));
#1717=CARTESIAN_POINT('Ctrl Pts',(-0.810856327299525,-0.0325972243522668,
-0.259371027021485));
#1718=CARTESIAN_POINT('Ctrl Pts',(-0.740725745725687,0.212241713037853,
-0.277897528951591));
#1719=CARTESIAN_POINT('Ctrl Pts',(-0.670595164151849,0.457080650427973,
-0.296424030881698));
#1720=CARTESIAN_POINT('Ctrl Pts',(-0.467023770517175,0.663651311952733,
-0.314950532811804));
#1721=CARTESIAN_POINT('Ctrl Pts',(-0.223268605523916,0.737442431207501,
-0.33347703474191));
#1722=CARTESIAN_POINT('Ctrl Pts',(0.020486559469344,0.81123355046227,-0.352003536672015));
#1723=CARTESIAN_POINT('Ctrl Pts',(0.304425495821198,0.752245127447051,-0.370530038602121));
#1724=CARTESIAN_POINT('Ctrl Pts',(0.498587834677457,0.587451370927991,-0.389056540532227));
#1725=CARTESIAN_POINT('Ctrl Pts',(0.667310358745405,0.444249456930042,-0.405155636712312));
#1726=CARTESIAN_POINT('Ctrl Pts',(0.76824075278272,0.221151789173108,-0.421254732892398));
#1727=CARTESIAN_POINT('Ctrl Pts',(0.770009736669994,-0.000540067600951315,
-0.437353829072483));
#1728=CARTESIAN_POINT('Origin',(0.,0.,-10.));
#1729=CARTESIAN_POINT('',(0.769887187404067,0.000586849397553932,-0.837646170927516));
#1730=CARTESIAN_POINT('',(0.769760247887426,0.000626831995874794,-0.787353829072483));
#1731=CARTESIAN_POINT('',(0.76925,9.42059550244101E-17,-10.));
#1732=CARTESIAN_POINT('Ctrl Pts',(0.769887187404067,0.000586849397553932,
-0.837646170927516));
#1733=CARTESIAN_POINT('Ctrl Pts',(0.770208181762457,0.0385377411127598,
-0.834891295484172));
#1734=CARTESIAN_POINT('Ctrl Pts',(0.767644623290407,0.0764451080447245,
-0.832136420040828));
#1735=CARTESIAN_POINT('Ctrl Pts',(0.762046604306577,0.11389893139116,-0.829381544597484));
#1736=CARTESIAN_POINT('Ctrl Pts',(0.724399998628176,0.365775411757642,-0.810855042667377));
#1737=CARTESIAN_POINT('Ctrl Pts',(0.54951854460831,0.597140178448912,-0.792328540737271));
#1738=CARTESIAN_POINT('Ctrl Pts',(0.317465630459177,0.702070919748896,-0.773802038807164));
#1739=CARTESIAN_POINT('Ctrl Pts',(0.0854127163100497,0.807001661048877,
-0.755275536877058));
#1740=CARTESIAN_POINT('Ctrl Pts',(-0.203811657968341,0.78549837695758,-0.736749034946952));
#1741=CARTESIAN_POINT('Ctrl Pts',(-0.417796328236954,0.647405707570987,
-0.718222533016846));
#1742=CARTESIAN_POINT('Ctrl Pts',(-0.631780998505572,0.50931303818439,-0.69969603108674));
#1743=CARTESIAN_POINT('Ctrl Pts',(-0.770525964764409,0.254630983502492,
-0.681169529156634));
#1744=CARTESIAN_POINT('Ctrl Pts',(-0.770511552997411,-4.342012290659E-5,
-0.662643027226527));
#1745=CARTESIAN_POINT('Ctrl Pts',(-0.770497141230412,-0.25471782374829,
-0.644116525296421));
#1746=CARTESIAN_POINT('Ctrl Pts',(-0.631723351437599,-0.509384576317173,
-0.625590023366315));
#1747=CARTESIAN_POINT('Ctrl Pts',(-0.41772319051157,-0.647453016037622,
-0.607063521436209));
#1748=CARTESIAN_POINT('Ctrl Pts',(-0.203723029585529,-0.785521455758079,
-0.588537019506102));
#1749=CARTESIAN_POINT('Ctrl Pts',(0.0855035024737357,-0.80699158263009,
-0.570010517575996));
#1750=CARTESIAN_POINT('Ctrl Pts',(0.317544722712814,-0.702034834266638,
-0.55148401564589));
#1751=CARTESIAN_POINT('Ctrl Pts',(0.549585942951879,-0.597078085903193,
-0.532957513715784));
#1752=CARTESIAN_POINT('Ctrl Pts',(0.724441851370766,-0.365694462304304,
-0.514431011785678));
#1753=CARTESIAN_POINT('Ctrl Pts',(0.762059755469662,-0.113813363734129,
-0.495904509855572));
#1754=CARTESIAN_POINT('Ctrl Pts',(0.76764925104711,-0.0763873475797089,
-0.493151730212888));
#1755=CARTESIAN_POINT('Ctrl Pts',(0.770208831675382,-0.038508792012875,
-0.490398950570203));
#1756=CARTESIAN_POINT('Ctrl Pts',(0.769888117414688,-0.000586775651029292,
-0.487646170927519));
#1757=CARTESIAN_POINT('Ctrl Pts',(0.770009736669994,-0.000540067600951315,
-0.437353829072483));
#1758=CARTESIAN_POINT('Ctrl Pts',(0.770276462305498,-0.0339665458234891,
-0.439781234822504));
#1759=CARTESIAN_POINT('Ctrl Pts',(0.768288821779815,-0.0673610639044349,
-0.442208640572525));
#1760=CARTESIAN_POINT('Ctrl Pts',(0.763939285699379,-0.100444931739348,
-0.444636046322546));
#1761=CARTESIAN_POINT('Ctrl Pts',(0.730742656504372,-0.352948387864724,
-0.463162548252652));
#1762=CARTESIAN_POINT('Ctrl Pts',(0.559963656753693,-0.587356210092572,
-0.481689050182758));
#1763=CARTESIAN_POINT('Ctrl Pts',(0.329796129598569,-0.696361778504305,
-0.500215552112864));
#1764=CARTESIAN_POINT('Ctrl Pts',(0.0996286024434447,-0.805367346916037,
-0.51874205404297));
#1765=CARTESIAN_POINT('Ctrl Pts',(-0.189927452116118,-0.788970661511653,
-0.537268555973076));
#1766=CARTESIAN_POINT('Ctrl Pts',(-0.406313511217645,-0.654673733973176,
-0.555795057903182));
#1767=CARTESIAN_POINT('Ctrl Pts',(-0.622699570319179,-0.520376806434696,
-0.574321559833288));
#1768=CARTESIAN_POINT('Ctrl Pts',(-0.765915633962673,-0.268179636762096,
-0.592848061763396));
#1769=CARTESIAN_POINT('Ctrl Pts',(-0.770392834716593,-0.013544307704307,
-0.611374563693503));
#1770=CARTESIAN_POINT('Ctrl Pts',(-0.774870035470513,0.241091021353468,
-0.629901065623608));
#1771=CARTESIAN_POINT('Ctrl Pts',(-0.640608373334892,0.498164509796448,
-0.648427567553713));
#1772=CARTESIAN_POINT('Ctrl Pts',(-0.429076117710772,0.639985359678569,
-0.666954069483819));
#1773=CARTESIAN_POINT('Ctrl Pts',(-0.21754386208664,0.781806209560698,-0.685480571413926));
#1774=CARTESIAN_POINT('Ctrl Pts',(0.0712589870259718,0.808374420881953,
-0.704007073344032));
#1775=CARTESIAN_POINT('Ctrl Pts',(0.305114836424437,0.707525988233221,-0.722533575274138));
#1776=CARTESIAN_POINT('Ctrl Pts',(0.538970685822889,0.606677555584495,-0.741060077204244));
#1777=CARTESIAN_POINT('Ctrl Pts',(0.717879535507188,0.378412478965773,-0.75958657913435));
#1778=CARTESIAN_POINT('Ctrl Pts',(0.759933883793512,0.127234284152956,-0.778113081064456));
#1779=CARTESIAN_POINT('Ctrl Pts',(0.766925914932145,0.0854729483805024,
-0.781193330400465));
#1780=CARTESIAN_POINT('Ctrl Pts',(0.770134879532307,0.0430782256909464,
-0.784273579736474));
#1781=CARTESIAN_POINT('Ctrl Pts',(0.769760247887426,0.000626831995874794,
-0.787353829072483));
#1782=CARTESIAN_POINT('Origin',(0.,0.,-10.));
#1783=CARTESIAN_POINT('',(0.768046632707364,0.000224062211026113,-1.18764617092752));
#1784=CARTESIAN_POINT('',(0.768013679500229,0.000152617361337121,-1.13735382907248));
#1785=CARTESIAN_POINT('',(0.76925,9.42059550244101E-17,-10.));
#1786=CARTESIAN_POINT('Ctrl Pts',(0.768046632707364,0.000224062211026113,
-1.18764617092752));
#1787=CARTESIAN_POINT('Ctrl Pts',(0.768345415359482,0.114742969122404,-1.17938364039814));
#1788=CARTESIAN_POINT('Ctrl Pts',(0.74436690196727,0.229142958109203,-1.17112110986877));
#1789=CARTESIAN_POINT('Ctrl Pts',(0.695476614615518,0.331662877565906,-1.16285857933939));
#1790=CARTESIAN_POINT('Ctrl Pts',(0.585853297670977,0.561536217087772,-1.14433207740929));
#1791=CARTESIAN_POINT('Ctrl Pts',(0.350983551701835,0.731681321774771,-1.12580557547918));
#1792=CARTESIAN_POINT('Ctrl Pts',(0.0983942606187953,0.764203216285732,
-1.10727907354907));
#1793=CARTESIAN_POINT('Ctrl Pts',(-0.154195030464251,0.796725110796694,
-1.08875257161897));
#1794=CARTESIAN_POINT('Ctrl Pts',(-0.424503866661196,0.691623795131611,
-1.07022606968886));
#1795=CARTESIAN_POINT('Ctrl Pts',(-0.588780821102475,0.497016226235038,
-1.05169956775876));
#1796=CARTESIAN_POINT('Ctrl Pts',(-0.753057775543753,0.302408657338465,
-1.03317306582865));
#1797=CARTESIAN_POINT('Ctrl Pts',(-0.811302848229364,0.0182948352104014,
-1.01464656389854));
#1798=CARTESIAN_POINT('Ctrl Pts',(-0.736850570326152,-0.225253687178438,
-0.996120061968438));
#1799=CARTESIAN_POINT('Ctrl Pts',(-0.662398292422941,-0.468802209567271,
-0.977593560038333));
#1800=CARTESIAN_POINT('Ctrl Pts',(-0.455248663930915,-0.671785432216882,
-0.959067058108227));
#1801=CARTESIAN_POINT('Ctrl Pts',(-0.210237889668618,-0.741274590573725,
-0.940540556178121));
#1802=CARTESIAN_POINT('Ctrl Pts',(0.0347728845936927,-0.810763748930572,
-0.922014054248015));
#1803=CARTESIAN_POINT('Ctrl Pts',(0.317644804626279,-0.746758842994632,
-0.903487552317909));
#1804=CARTESIAN_POINT('Ctrl Pts',(0.508874885974102,-0.578562293005814,
-0.884961050387802));
#1805=CARTESIAN_POINT('Ctrl Pts',(0.671669213118491,-0.435376430245896,
-0.86918942390104));
#1806=CARTESIAN_POINT('Ctrl Pts',(0.768049498830121,-0.216681517641634,
-0.853417797414278));
#1807=CARTESIAN_POINT('Ctrl Pts',(0.769887187404067,0.000586849397553932,
-0.837646170927516));
#1808=CARTESIAN_POINT('Ctrl Pts',(0.769760247887426,0.000626831995874794,
-0.787353829072483));
#1809=CARTESIAN_POINT('Ctrl Pts',(0.767881615872505,-0.212250399181489,
-0.80280008166658));
#1810=CARTESIAN_POINT('Ctrl Pts',(0.675888708891029,-0.426552697867694,
-0.818246334260678));
#1811=CARTESIAN_POINT('Ctrl Pts',(0.518934539435903,-0.569556741307681,
-0.833692586854775));
#1812=CARTESIAN_POINT('Ctrl Pts',(0.330680999903612,-0.741078258948561,
-0.852219088784881));
#1813=CARTESIAN_POINT('Ctrl Pts',(0.0489740739506744,-0.810029981223389,
-0.870745590714986));
#1814=CARTESIAN_POINT('Ctrl Pts',(-0.197216692387544,-0.744844678277607,
-0.889272092645092));
#1815=CARTESIAN_POINT('Ctrl Pts',(-0.44340745872577,-0.679659375331824,
-0.907798594575198));
#1816=CARTESIAN_POINT('Ctrl Pts',(-0.654082065449275,-0.480337047165424,
-0.926325096505305));
#1817=CARTESIAN_POINT('Ctrl Pts',(-0.732790474233268,-0.238130489917562,
-0.944851598435412));
#1818=CARTESIAN_POINT('Ctrl Pts',(-0.811498883017257,0.0040760673302867,
-0.963378100365517));
#1819=CARTESIAN_POINT('Ctrl Pts',(-0.758241093861753,0.289166853659591,
-0.981904602295623));
#1820=CARTESIAN_POINT('Ctrl Pts',(-0.597399346731578,0.486623070404492,
-1.00043110422573));
#1821=CARTESIAN_POINT('Ctrl Pts',(-0.436557599601402,0.684079287149393,
-1.01895760615583));
#1822=CARTESIAN_POINT('Ctrl Pts',(-0.168131894496554,0.793900934309889,
-1.03748410808594));
#1823=CARTESIAN_POINT('Ctrl Pts',(0.084988480028757,0.765810004370919,-1.05601061001605));
#1824=CARTESIAN_POINT('Ctrl Pts',(0.338108854554082,0.737719074431948,-1.07453711194615));
#1825=CARTESIAN_POINT('Ctrl Pts',(0.575923898499869,0.571715567393491,-1.09306361387626));
#1826=CARTESIAN_POINT('Ctrl Pts',(0.689558319767012,0.343798379679518,-1.11159011580637));
#1827=CARTESIAN_POINT('Ctrl Pts',(0.742233215037451,0.238148050674518,-1.1201780202284));
#1828=CARTESIAN_POINT('Ctrl Pts',(0.768224696833687,0.119193968591634,-1.12876592465044));
#1829=CARTESIAN_POINT('Ctrl Pts',(0.768013679500229,0.000152617361337121,
-1.13735382907248));
#1830=CARTESIAN_POINT('Origin',(0.,0.,-10.));
#1831=CARTESIAN_POINT('',(0.769065499624643,-0.000700919144226566,-1.53764617092751));
#1832=CARTESIAN_POINT('',(0.769200015784191,-0.000704129563887553,-1.48735382907248));
#1833=CARTESIAN_POINT('',(0.76925,9.42059550244101E-17,-10.));
#1834=CARTESIAN_POINT('Ctrl Pts',(0.769065499624643,-0.000700919144226566,
-1.53764617092751));
#1835=CARTESIAN_POINT('Ctrl Pts',(0.767360316816015,0.189517579003212,-1.52387598531211));
#1836=CARTESIAN_POINT('Ctrl Pts',(0.696025070446177,0.380878504042685,-1.51010579969671));
#1837=CARTESIAN_POINT('Ctrl Pts',(0.568163719885234,0.520459386670792,-1.4963356140813));
#1838=CARTESIAN_POINT('Ctrl Pts',(0.396138184128952,0.708252461044664,-1.4778091121512));
#1839=CARTESIAN_POINT('Ctrl Pts',(0.12179364106992,0.802317467414542,-1.45928261022109));
#1840=CARTESIAN_POINT('Ctrl Pts',(-0.129270873691009,0.75959003876955,-1.44075610829098));
#1841=CARTESIAN_POINT('Ctrl Pts',(-0.380335388451953,0.716862610124554,
-1.42222960636088));
#1842=CARTESIAN_POINT('Ctrl Pts',(-0.608119874914799,0.537342746464671,
-1.40370310443077));
#1843=CARTESIAN_POINT('Ctrl Pts',(-0.708341187912017,0.303217326765471,
-1.38517660250066));
#1844=CARTESIAN_POINT('Ctrl Pts',(-0.808562500909229,0.0690919070662832,
-1.36665010057056));
#1845=CARTESIAN_POINT('Ctrl Pts',(-0.781220640440841,-0.219639068672201,
-1.34812359864045));
#1846=CARTESIAN_POINT('Ctrl Pts',(-0.638833119149845,-0.430790240891058,
-1.32959709671035));
#1847=CARTESIAN_POINT('Ctrl Pts',(-0.496445597858849,-0.641941413109914,
-1.31107059478024));
#1848=CARTESIAN_POINT('Ctrl Pts',(-0.23901241574524,-0.775512781809128,
-1.29254409285013));
#1849=CARTESIAN_POINT('Ctrl Pts',(0.015609665483486,-0.770353376185591,
-1.27401759092003));
#1850=CARTESIAN_POINT('Ctrl Pts',(0.270231746712212,-0.765193970562054,
-1.25549108898992));
#1851=CARTESIAN_POINT('Ctrl Pts',(0.522042727056064,-0.621303790615767,
-1.23696458705982));
#1852=CARTESIAN_POINT('Ctrl Pts',(0.655759773268026,-0.404557913464252,
-1.21843808512971));
#1853=CARTESIAN_POINT('Ctrl Pts',(0.729841105150735,-0.28447731256601,-1.20817411372898));
#1854=CARTESIAN_POINT('Ctrl Pts',(0.767675475640474,-0.142034871804708,
-1.19791014232825));
#1855=CARTESIAN_POINT('Ctrl Pts',(0.768046632707364,0.000224062211026113,
-1.18764617092752));
#1856=CARTESIAN_POINT('Ctrl Pts',(0.768013679500229,0.000152617361337121,
-1.13735382907248));
#1857=CARTESIAN_POINT('Ctrl Pts',(0.767769473668235,-0.137611384023933,
-1.14729242658055));
#1858=CARTESIAN_POINT('Ctrl Pts',(0.732432427827066,-0.275492264421878,
-1.15723102408862));
#1859=CARTESIAN_POINT('Ctrl Pts',(0.662747928322585,-0.393005322607438,
-1.16716962159668));
#1860=CARTESIAN_POINT('Ctrl Pts',(0.532849317022515,-0.612060968790947,
-1.18569612352679));
#1861=CARTESIAN_POINT('Ctrl Pts',(0.283598295833871,-0.760341392768486,
-1.20422262545689));
#1862=CARTESIAN_POINT('Ctrl Pts',(0.0291057085395613,-0.76996159624175,
-1.222749127387));
#1863=CARTESIAN_POINT('Ctrl Pts',(-0.225386878754755,-0.779581799715014,
-1.24127562931711));
#1864=CARTESIAN_POINT('Ctrl Pts',(-0.485121032154738,-0.650541782683991,
-1.25980213124721));
#1865=CARTESIAN_POINT('Ctrl Pts',(-0.631186569892531,-0.441917996321561,
-1.27832863317732));
#1866=CARTESIAN_POINT('Ctrl Pts',(-0.777252107630315,-0.233294209959142,
-1.29685513510743));
#1867=CARTESIAN_POINT('Ctrl Pts',(-0.809649029705922,0.0549133457346757,
-1.31538163703753));
#1868=CARTESIAN_POINT('Ctrl Pts',(-0.713545541177161,0.290758941225754,
-1.33390813896764));
#1869=CARTESIAN_POINT('Ctrl Pts',(-0.617442052648393,0.526604536716846,
-1.35243464089774));
#1870=CARTESIAN_POINT('Ctrl Pts',(-0.392838153515238,0.710088172005192,
-1.37096114282785));
#1871=CARTESIAN_POINT('Ctrl Pts',(-0.142560868214443,0.757208293908682,
-1.38948764475796));
#1872=CARTESIAN_POINT('Ctrl Pts',(0.107716417086346,0.804328415812172,-1.40801414668806));
#1873=CARTESIAN_POINT('Ctrl Pts',(0.383667088554774,0.715085024330814,-1.42654064861817));
#1874=CARTESIAN_POINT('Ctrl Pts',(0.558956800834116,0.530335079194485,-1.44506715054827));
#1875=CARTESIAN_POINT('Ctrl Pts',(0.692322860973647,0.389771369131675,-1.45916271005634));
#1876=CARTESIAN_POINT('Ctrl Pts',(0.767419748528865,0.193922194846328,-1.47325826956441));
#1877=CARTESIAN_POINT('Ctrl Pts',(0.769200015784191,-0.000704129563887553,
-1.48735382907248));
#1878=CARTESIAN_POINT('Origin',(0.,0.,-10.));
#1879=CARTESIAN_POINT('',(0.770454060216858,0.000190274008658374,-1.88764617092752));
#1880=CARTESIAN_POINT('',(0.770397271408378,0.000268510110628534,-1.83735382907248));
#1881=CARTESIAN_POINT('',(0.76925,9.42059550244101E-17,-10.));
#1882=CARTESIAN_POINT('Ctrl Pts',(0.770454060216858,0.000190274008658374,
-1.88764617092752));
#1883=CARTESIAN_POINT('Ctrl Pts',(0.770488390964674,0.0105206118147035,
-1.88689483215619));
#1884=CARTESIAN_POINT('Ctrl Pts',(0.770298611337092,0.0208496594601378,
-1.88614349338486));
#1885=CARTESIAN_POINT('Ctrl Pts',(0.769880802197258,0.0311694750787711,
-1.88539215461353));
#1886=CARTESIAN_POINT('Ctrl Pts',(0.759578469706314,0.285635358210291,-1.86686565268342));
#1887=CARTESIAN_POINT('Ctrl Pts',(0.610630467562436,0.534488018187267,-1.84833915075332));
#1888=CARTESIAN_POINT('Ctrl Pts',(0.391227419177815,0.663798984822982,-1.82981264882321));
#1889=CARTESIAN_POINT('Ctrl Pts',(0.171824370793199,0.793109951458693,-1.81128614689311));
#1890=CARTESIAN_POINT('Ctrl Pts',(-0.11803372383215,0.802879224753147,-1.792759644963));
#1891=CARTESIAN_POINT('Ctrl Pts',(-0.345645493151089,0.688634285258368,
-1.7742331430329));
#1892=CARTESIAN_POINT('Ctrl Pts',(-0.573257262470033,0.574389345763586,
-1.75570664110279));
#1893=CARTESIAN_POINT('Ctrl Pts',(-0.738622706482565,0.336130193479543,
-1.73718013917268));
#1894=CARTESIAN_POINT('Ctrl Pts',(-0.766035051310138,0.0829354323102073,
-1.71865363724257));
#1895=CARTESIAN_POINT('Ctrl Pts',(-0.793447396137711,-0.170259328859128,
-1.70012713531247));
#1896=CARTESIAN_POINT('Ctrl Pts',(-0.682906641780341,-0.43838969891377,
-1.68160063338236));
#1897=CARTESIAN_POINT('Ctrl Pts',(-0.485019999099423,-0.598701583630687,
-1.66307413145226));
#1898=CARTESIAN_POINT('Ctrl Pts',(-0.287133356418504,-0.759013468347604,
-1.64454762952215));
#1899=CARTESIAN_POINT('Ctrl Pts',(-0.00190082541404308,-0.811506867726792,
-1.62602112759205));
#1900=CARTESIAN_POINT('Ctrl Pts',(0.240093874581218,-0.732149518308526,
-1.60749462566194));
#1901=CARTESIAN_POINT('Ctrl Pts',(0.48208857457648,-0.65279216889026,-1.58896812373183));
#1902=CARTESIAN_POINT('Ctrl Pts',(0.680845443562534,-0.441584070674542,
-1.57044162180173));
#1903=CARTESIAN_POINT('Ctrl Pts',(0.745370613828794,-0.195219450377746,
-1.55191511987162));
#1904=CARTESIAN_POINT('Ctrl Pts',(0.761936186822779,-0.131970162017544,
-1.54715880355692));
#1905=CARTESIAN_POINT('Ctrl Pts',(0.76965448143206,-0.0664036897070865,
-1.54240248724222));
#1906=CARTESIAN_POINT('Ctrl Pts',(0.769065499624643,-0.000700919144226566,
-1.53764617092751));
#1907=CARTESIAN_POINT('Ctrl Pts',(0.769200015784191,-0.000704129563887553,
-1.48735382907248));
#1908=CARTESIAN_POINT('Ctrl Pts',(0.769759643211515,-0.0618849600786917,
-1.49178477149452));
#1909=CARTESIAN_POINT('Ctrl Pts',(0.763074410408415,-0.122944953375525,
-1.49621571391656));
#1910=CARTESIAN_POINT('Ctrl Pts',(0.748676900696733,-0.182128799918633,
-1.50064665633859));
#1911=CARTESIAN_POINT('Ctrl Pts',(0.68847853518975,-0.429586235104127,-1.5191731582687));
#1912=CARTESIAN_POINT('Ctrl Pts',(0.493453051085521,-0.64424460668381,-1.53769966019881));
#1913=CARTESIAN_POINT('Ctrl Pts',(0.252886032239695,-0.727830101145889,
-1.55622616212891));
#1914=CARTESIAN_POINT('Ctrl Pts',(0.0123190133938762,-0.811415595607965,
-1.57475266405902));
#1915=CARTESIAN_POINT('Ctrl Pts',(-0.27378954019352,-0.763928212952459,
-1.59327916598912));
#1916=CARTESIAN_POINT('Ctrl Pts',(-0.474454852926099,-0.607108387321134,
-1.61180566791923));
#1917=CARTESIAN_POINT('Ctrl Pts',(-0.675120165658673,-0.450288561689814,
-1.63033216984934));
#1918=CARTESIAN_POINT('Ctrl Pts',(-0.790342237536412,-0.18413629308268,
-1.64885867177944));
#1919=CARTESIAN_POINT('Ctrl Pts',(-0.767370680523079,0.0694999287199875,
-1.66738517370955));
#1920=CARTESIAN_POINT('Ctrl Pts',(-0.744399123509744,0.323136150522669,
-1.68591167563965));
#1921=CARTESIAN_POINT('Ctrl Pts',(-0.583233937605315,0.564256325520892,
-1.70443817756976));
#1922=CARTESIAN_POINT('Ctrl Pts',(-0.357658955691176,0.682472030810019,
-1.72296467949987));
#1923=CARTESIAN_POINT('Ctrl Pts',(-0.132083973777042,0.800687736099141,
-1.74149118142997));
#1924=CARTESIAN_POINT('Ctrl Pts',(0.157900804146806,0.79599897167918,-1.76001768336008));
#1925=CARTESIAN_POINT('Ctrl Pts',(0.379536009021041,0.670552324041835,-1.77854418529018));
#1926=CARTESIAN_POINT('Ctrl Pts',(0.601171213895275,0.54510567640449,-1.79707068722029));
#1927=CARTESIAN_POINT('Ctrl Pts',(0.754456845719902,0.298901145549757,-1.8155971891504));
#1928=CARTESIAN_POINT('Ctrl Pts',(0.769216449332319,0.0446548485387187,
-1.8341236910805));
#1929=CARTESIAN_POINT('Ctrl Pts',(0.770074239550081,0.0298787073763138,
-1.83520040374449));
#1930=CARTESIAN_POINT('Ctrl Pts',(0.77046413932686,0.0150754040584516,-1.83627711640849));
#1931=CARTESIAN_POINT('Ctrl Pts',(0.770397271408378,0.000268510110628534,
-1.83735382907248));
#1932=CARTESIAN_POINT('Origin',(0.,0.,-10.));
#1933=CARTESIAN_POINT('',(0.768504812989521,0.000583458931257706,-2.23764617092751));
#1934=CARTESIAN_POINT('',(0.768403671124414,0.000538164016867932,-2.18735382907248));
#1935=CARTESIAN_POINT('',(0.76925,9.42059550244101E-17,-10.));
#1936=CARTESIAN_POINT('Ctrl Pts',(0.768504812989521,0.000583458931257706,
-2.23764617092751));
#1937=CARTESIAN_POINT('Ctrl Pts',(0.76911603821474,0.0872036916390329,-2.23138717707015));
#1938=CARTESIAN_POINT('Ctrl Pts',(0.755605894441249,0.173638877914174,-2.2251281832128));
#1939=CARTESIAN_POINT('Ctrl Pts',(0.727149619160592,0.254836059307223,-2.21886918935544));
#1940=CARTESIAN_POINT('Ctrl Pts',(0.642919589394558,0.495178160942134,-2.20034268742533));
#1941=CARTESIAN_POINT('Ctrl Pts',(0.427739228617908,0.689627552960766,-2.18181618549523));
#1942=CARTESIAN_POINT('Ctrl Pts',(0.180121324758424,0.74916239503588,-2.16328968356512));
#1943=CARTESIAN_POINT('Ctrl Pts',(-0.0674965791010822,0.808697237111,-2.14476318163502));
#1944=CARTESIAN_POINT('Ctrl Pts',(-0.347552026043429,0.733317529242574,
-2.12623667970491));
#1945=CARTESIAN_POINT('Ctrl Pts',(-0.531831443263546,0.557533229256203,
-2.10771017777481));
#1946=CARTESIAN_POINT('Ctrl Pts',(-0.716110860483662,0.381748929269831,
-2.0891836758447));
#1947=CARTESIAN_POINT('Ctrl Pts',(-0.804614247981547,0.105560037165513,
-2.07065717391459));
#1948=CARTESIAN_POINT('Ctrl Pts',(-0.75682343108736,-0.144590040894172,
-2.05213067198448));
#1949=CARTESIAN_POINT('Ctrl Pts',(-0.709032614193175,-0.39474011895385,
-2.03360417005438));
#1950=CARTESIAN_POINT('Ctrl Pts',(-0.524947592906928,-0.618851382968898,
-2.01507766812427));
#1951=CARTESIAN_POINT('Ctrl Pts',(-0.288845243599655,-0.714322343916576,
-1.99655116619417));
#1952=CARTESIAN_POINT('Ctrl Pts',(-0.0527428942923817,-0.809793304864253,
-1.97802466426406));
#1953=CARTESIAN_POINT('Ctrl Pts',(0.235376783035918,-0.77662396274456,-1.95949816233395));
#1954=CARTESIAN_POINT('Ctrl Pts',(0.443608290281064,-0.629999738541684,
-1.94097166040385));
#1955=CARTESIAN_POINT('Ctrl Pts',(0.643395008251061,-0.489321831936977,
-1.92319649724507));
#1956=CARTESIAN_POINT('Ctrl Pts',(0.769641863818791,-0.244204727281065,
-1.90542133408629));
#1957=CARTESIAN_POINT('Ctrl Pts',(0.770454060216858,0.000190274008658374,
-1.88764617092752));
#1958=CARTESIAN_POINT('Ctrl Pts',(0.770397271408378,0.000268510110628534,
-1.83735382907248));
#1959=CARTESIAN_POINT('Ctrl Pts',(0.769313573663211,-0.239700042053793,
-1.85480361833859));
#1960=CARTESIAN_POINT('Ctrl Pts',(0.648258922070259,-0.480611680399237,
-1.87225340760471));
#1961=CARTESIAN_POINT('Ctrl Pts',(0.454579296067372,-0.622129942221947,
-1.88970319687082));
#1962=CARTESIAN_POINT('Ctrl Pts',(0.248948963789799,-0.772380372804226,
-1.90822969880093));
#1963=CARTESIAN_POINT('Ctrl Pts',(-0.0385452761655521,-0.810593170801432,
-1.92675620073103));
#1964=CARTESIAN_POINT('Ctrl Pts',(-0.276284260278957,-0.719273945686824,
-1.94528270266114));
#1965=CARTESIAN_POINT('Ctrl Pts',(-0.514023244392369,-0.627954720572214,
-1.96380920459125));
#1966=CARTESIAN_POINT('Ctrl Pts',(-0.702006972663822,-0.407103472345782,
-1.98233570652135));
#1967=CARTESIAN_POINT('Ctrl Pts',(-0.754173682346092,-0.15782920603723,
-2.00086220845146));
#1968=CARTESIAN_POINT('Ctrl Pts',(-0.806340392028359,0.0914450602713078,
-2.01938871038156));
#1969=CARTESIAN_POINT('Ctrl Pts',(-0.722690083121445,0.369142344661973,
-2.03791521231167));
#1970=CARTESIAN_POINT('Ctrl Pts',(-0.541519118321597,0.548128676420151,
-2.05644171424178));
#1971=CARTESIAN_POINT('Ctrl Pts',(-0.360348153521744,0.727115008178334,
-2.07496821617188));
#1972=CARTESIAN_POINT('Ctrl Pts',(-0.0816565328289547,0.80739038730404,
-2.09349471810199));
#1973=CARTESIAN_POINT('Ctrl Pts',(0.166966551009416,0.752203544438514,-2.1120212200321));
#1974=CARTESIAN_POINT('Ctrl Pts',(0.415589634847788,0.697016701572987,-2.1305477219622));
#1975=CARTESIAN_POINT('Ctrl Pts',(0.634144181831733,0.506367636716229,-2.14907422389231));
#1976=CARTESIAN_POINT('Ctrl Pts',(0.722572651115213,0.267538343573749,-2.16760072582241));
#1977=CARTESIAN_POINT('Ctrl Pts',(0.754000362807929,0.182657781584201,-2.17418509357244));
#1978=CARTESIAN_POINT('Ctrl Pts',(0.76899171447807,0.091691524920165,-2.18076946132246));
#1979=CARTESIAN_POINT('Ctrl Pts',(0.768403671124414,0.000538164016867932,
-2.18735382907248));
#1980=CARTESIAN_POINT('Origin',(0.,0.,-10.));
#1981=CARTESIAN_POINT('',(0.768352943808386,-0.000511224153261215,-2.58764617092751));
#1982=CARTESIAN_POINT('',(0.768449155994704,-0.000559804937638256,-2.53735382907248));
#1983=CARTESIAN_POINT('',(0.76925,9.42059550244101E-17,-10.));
#1984=CARTESIAN_POINT('Ctrl Pts',(0.768352943808386,-0.000511224153261215,
-2.58764617092751));
#1985=CARTESIAN_POINT('Ctrl Pts',(0.767358830168711,0.162412149150878,-2.57587952198412));
#1986=CARTESIAN_POINT('Ctrl Pts',(0.71668677590011,0.325900518311507,-2.56411287304074));
#1987=CARTESIAN_POINT('Ctrl Pts',(0.620909205255445,0.456245268027713,-2.55234622409735));
#1988=CARTESIAN_POINT('Ctrl Pts',(0.470108127060075,0.661472114584869,-2.53381972216724));
#1989=CARTESIAN_POINT('Ctrl Pts',(0.207489255369039,0.784535033257095,-2.51529322023714));
#1990=CARTESIAN_POINT('Ctrl Pts',(-0.0467165619867591,0.769093979045972,
-2.49676671830703));
#1991=CARTESIAN_POINT('Ctrl Pts',(-0.300922379342558,0.753652924834849,
-2.47824021637693));
#1992=CARTESIAN_POINT('Ctrl Pts',(-0.546715142363119,0.599707897740378,
-2.45971371444682));
#1993=CARTESIAN_POINT('Ctrl Pts',(-0.671567247459357,0.377737233945095,
-2.44118721251671));
#1994=CARTESIAN_POINT('Ctrl Pts',(-0.796419352555594,0.155766570149813,
-2.42266071058661));
#1995=CARTESIAN_POINT('Ctrl Pts',(-0.800330799727508,-0.134229730346281,
-2.4041342086565));
#1996=CARTESIAN_POINT('Ctrl Pts',(-0.681510869950617,-0.359487023281482,
-2.38560770672639));
#1997=CARTESIAN_POINT('Ctrl Pts',(-0.562690940173726,-0.584744316216683,
-2.36708120479629));
#1998=CARTESIAN_POINT('Ctrl Pts',(-0.321139633448031,-0.745262601590991,
-2.34855470286618));
#1999=CARTESIAN_POINT('Ctrl Pts',(-0.0674427512252229,-0.767554207255619,
-2.33002820093608));
#2000=CARTESIAN_POINT('Ctrl Pts',(0.186254130997585,-0.789845812920246,
-2.31150169900597));
#2001=CARTESIAN_POINT('Ctrl Pts',(0.452096588717505,-0.673910738875191,
-2.29297519707587));
#2002=CARTESIAN_POINT('Ctrl Pts',(0.608377968199766,-0.472825796227061,
-2.27444869514576));
#2003=CARTESIAN_POINT('Ctrl Pts',(0.711861242681467,-0.339675395436317,
-2.26218118707301));
#2004=CARTESIAN_POINT('Ctrl Pts',(0.767306823255785,-0.169190538011843,
-2.24991367900026));
#2005=CARTESIAN_POINT('Ctrl Pts',(0.768504812989521,0.000583458931257706,
-2.23764617092751));
#2006=CARTESIAN_POINT('Ctrl Pts',(0.768403671124414,0.000538164016867932,
-2.18735382907248));
#2007=CARTESIAN_POINT('Ctrl Pts',(0.767337130964497,-0.164787605776172,
-2.19929596325256));
#2008=CARTESIAN_POINT('Ctrl Pts',(0.715021481234635,-0.330728863246632,
-2.21123809743265));
#2009=CARTESIAN_POINT('Ctrl Pts',(0.616569614729031,-0.462092968583984,
-2.22318023161273));
#2010=CARTESIAN_POINT('Ctrl Pts',(0.46383571747636,-0.665885466171038,-2.24170673354284));
#2011=CARTESIAN_POINT('Ctrl Pts',(0.200065531388006,-0.786460939916949,
-2.26023323547294));
#2012=CARTESIAN_POINT('Ctrl Pts',(-0.0539830067521489,-0.76861813431889,
-2.27875973740305));
#2013=CARTESIAN_POINT('Ctrl Pts',(-0.308031544892304,-0.750775328720832,
-2.29728623933316));
#2014=CARTESIAN_POINT('Ctrl Pts',(-0.552358435084259,-0.594514243778805,
-2.31581274126326));
#2015=CARTESIAN_POINT('Ctrl Pts',(-0.675107172247053,-0.371373541602582,
-2.33433924319337));
#2016=CARTESIAN_POINT('Ctrl Pts',(-0.797855909409847,-0.148232839426359,
-2.35286574512347));
#2017=CARTESIAN_POINT('Ctrl Pts',(-0.799026493543479,0.14178747998406,-2.37139224705358));
#2018=CARTESIAN_POINT('Ctrl Pts',(-0.678083013721447,0.365911776148703,
-2.38991874898369));
#2019=CARTESIAN_POINT('Ctrl Pts',(-0.557139533899415,0.590036072313347,
-2.40844525091379));
#2020=CARTESIAN_POINT('Ctrl Pts',(-0.31408199012172,0.748264345232215,-2.4269717528439));
#2021=CARTESIAN_POINT('Ctrl Pts',(-0.0601857616934303,0.768157324713654,
-2.445498254774));
#2022=CARTESIAN_POINT('Ctrl Pts',(0.193710466734859,0.788050304195093,-2.46402475670411));
#2023=CARTESIAN_POINT('Ctrl Pts',(0.458445379813743,0.669607990239102,-2.48255125863422));
#2024=CARTESIAN_POINT('Ctrl Pts',(0.612819374312268,0.467055045887932,-2.50107776056432));
#2025=CARTESIAN_POINT('Ctrl Pts',(0.713577405904581,0.334851198780469,-2.51316978340037));
#2026=CARTESIAN_POINT('Ctrl Pts',(0.767321527458027,0.166816102154797,-2.52526180623643));
#2027=CARTESIAN_POINT('Ctrl Pts',(0.768449155994704,-0.000559804937638256,
-2.53735382907248));
#2028=CARTESIAN_POINT('Origin',(0.,0.,-10.));
#2029=CARTESIAN_POINT('',(0.77035969800452,-0.00030904205941384,-2.93764617092751));
#2030=CARTESIAN_POINT('',(0.770425593713638,-0.000232923132719005,-2.88735382907247));
#2031=CARTESIAN_POINT('',(0.76925,9.42059550244101E-17,-10.));
#2032=CARTESIAN_POINT('Ctrl Pts',(0.77035969800452,-0.00030904205941384,
-2.93764617092751));
#2033=CARTESIAN_POINT('Ctrl Pts',(0.76914822708906,0.2372770355911,-2.92037186689809));
#2034=CARTESIAN_POINT('Ctrl Pts',(0.650837895246968,0.475905198419247,-2.90309756286868));
#2035=CARTESIAN_POINT('Ctrl Pts',(0.460438595767652,0.617806025623044,-2.88582325883926));
#2036=CARTESIAN_POINT('Ctrl Pts',(0.256237431814122,0.769993109085145,-2.86729675690915));
#2037=CARTESIAN_POINT('Ctrl Pts',(-0.030882824630228,0.810921241949034,
-2.84877025497905));
#2038=CARTESIAN_POINT('Ctrl Pts',(-0.269474225291745,0.721852912768275,
-2.83024375304894));
#2039=CARTESIAN_POINT('Ctrl Pts',(-0.508065625953269,0.632784583587513,
-2.81171725111884));
#2040=CARTESIAN_POINT('Ctrl Pts',(-0.698128170831957,0.413719792362094,
-2.79319074918873));
#2041=CARTESIAN_POINT('Ctrl Pts',(-0.752648383841644,0.164949677384313,
-2.77466424725862));
#2042=CARTESIAN_POINT('Ctrl Pts',(-0.807168596851332,-0.0838204375934687,
-2.75613774532852));
#2043=CARTESIAN_POINT('Ctrl Pts',(-0.726146477992019,-0.362295876323613,
-2.73761124339841));
#2044=CARTESIAN_POINT('Ctrl Pts',(-0.546675165242654,-0.542986417395081,
-2.71908474146831));
#2045=CARTESIAN_POINT('Ctrl Pts',(-0.367203852493289,-0.723676958466549,
-2.7005582395382));
#2046=CARTESIAN_POINT('Ctrl Pts',(-0.0892833458538712,-0.806582601879341,
-2.68203173760809));
#2047=CARTESIAN_POINT('Ctrl Pts',(0.159850189476616,-0.75374790393932,-2.66350523567799));
#2048=CARTESIAN_POINT('Ctrl Pts',(0.408983724807104,-0.7009132059993,-2.64497873374788));
#2049=CARTESIAN_POINT('Ctrl Pts',(0.629330288828661,-0.512338166706467,
-2.62645223181777));
#2050=CARTESIAN_POINT('Ctrl Pts',(0.720011928489591,-0.274355259839008,
-2.60792572988767));
#2051=CARTESIAN_POINT('Ctrl Pts',(0.753099370199587,-0.187521303280708,
-2.60116587690095));
#2052=CARTESIAN_POINT('Ctrl Pts',(0.768924054758379,-0.0941094998335488,
-2.59440602391423));
#2053=CARTESIAN_POINT('Ctrl Pts',(0.768352943808386,-0.000511224153261215,
-2.58764617092751));
#2054=CARTESIAN_POINT('Ctrl Pts',(0.768449155994704,-0.000559804937638256,
-2.53735382907248));
#2055=CARTESIAN_POINT('Ctrl Pts',(0.769049196396833,-0.0896248678834093,
-2.54378830816653));
#2056=CARTESIAN_POINT('Ctrl Pts',(0.754750454674783,-0.178503276024364,
-2.55022278726058));
#2057=CARTESIAN_POINT('Ctrl Pts',(0.72470875754412,-0.261696805790051,-2.55665726635464));
#2058=CARTESIAN_POINT('Ctrl Pts',(0.638211070359282,-0.501232138370512,
-2.57518376828474));
#2059=CARTESIAN_POINT('Ctrl Pts',(0.421202620071436,-0.693639228785089,
-2.59371027021485));
#2060=CARTESIAN_POINT('Ctrl Pts',(0.173033121331991,-0.75083123293052,-2.61223677214496));
#2061=CARTESIAN_POINT('Ctrl Pts',(-0.0751363774074603,-0.808023237075953,
-2.63076327407507));
#2062=CARTESIAN_POINT('Ctrl Pts',(-0.35446692459852,-0.730000154952234,
-2.64928977600517));
#2063=CARTESIAN_POINT('Ctrl Pts',(-0.537076817385632,-0.552482120659825,
-2.66781627793528));
#2064=CARTESIAN_POINT('Ctrl Pts',(-0.719686710172745,-0.374964086367416,
-2.68634277986538));
#2065=CARTESIAN_POINT('Ctrl Pts',(-0.805575948555912,-0.0979510999063325,
-2.70486928179549));
#2066=CARTESIAN_POINT('Ctrl Pts',(-0.75542315443362,0.151736149837199,-2.7233957837256));
#2067=CARTESIAN_POINT('Ctrl Pts',(-0.705270360311328,0.401423399580723,
-2.7419222856557));
#2068=CARTESIAN_POINT('Ctrl Pts',(-0.519075533683572,0.623784912606686,
-2.76044878758581));
#2069=CARTESIAN_POINT('Ctrl Pts',(-0.282081451366181,0.717020262068657,
-2.77897528951591));
#2070=CARTESIAN_POINT('Ctrl Pts',(-0.0450873690487906,0.810255611530629,
-2.79750179144602));
#2071=CARTESIAN_POINT('Ctrl Pts',(0.242705968958242,0.774364797428613,-2.81602829337613));
#2072=CARTESIAN_POINT('Ctrl Pts',(0.449542467573599,0.62577917132939,-2.83455479530623));
#2073=CARTESIAN_POINT('Ctrl Pts',(0.646031571231398,0.484626827888484,-2.85215447322831));
#2074=CARTESIAN_POINT('Ctrl Pts',(0.769461269538524,0.241773182710873,-2.86975415115039));
#2075=CARTESIAN_POINT('Ctrl Pts',(0.770425593713638,-0.000232923132719005,
-2.88735382907247));
#2076=CARTESIAN_POINT('Origin',(0.,0.,-10.));
#2077=CARTESIAN_POINT('',(0.76927337012924,0.000702365080223216,-3.28764617092751));
#2078=CARTESIAN_POINT('',(0.769137749210413,0.000703690852409886,-3.23735382907248));
#2079=CARTESIAN_POINT('',(0.76925,9.42059550244101E-17,-10.));
#2080=CARTESIAN_POINT('Ctrl Pts',(0.76927337012924,0.000702365080223216,
-3.28764617092751));
#2081=CARTESIAN_POINT('Ctrl Pts',(0.769814194163943,0.0594458346712518,
-3.28339071374217));
#2082=CARTESIAN_POINT('Ctrl Pts',(0.763654217765299,0.118077050890419,-3.27913525655683));
#2083=CARTESIAN_POINT('Ctrl Pts',(0.750364712682856,0.175045090559558,-3.27487979937149));
#2084=CARTESIAN_POINT('Ctrl Pts',(0.692507699714156,0.423060392069404,-3.25635329744138));
#2085=CARTESIAN_POINT('Ctrl Pts',(0.499519614796397,0.639552315244788,-3.23782679551127));
#2086=CARTESIAN_POINT('Ctrl Pts',(0.259753290007172,0.725407619272833,-3.21930029358117));
#2087=CARTESIAN_POINT('Ctrl Pts',(0.0199869652179473,0.811262923300877,
-3.20077379165106));
#2088=CARTESIAN_POINT('Ctrl Pts',(-0.266557599442747,0.766481608181585,
-3.18224728972096));
#2089=CARTESIAN_POINT('Ctrl Pts',(-0.46869601601126,0.611565229835543,-3.16372078779085));
#2090=CARTESIAN_POINT('Ctrl Pts',(-0.670834432579777,0.456648851489499,
-3.14519428586074));
#2091=CARTESIAN_POINT('Ctrl Pts',(-0.788566701056111,0.191597409916711,
-3.12666778393064));
#2092=CARTESIAN_POINT('Ctrl Pts',(-0.767993227839781,-0.0622445801725935,
-3.10814128200053));
#2093=CARTESIAN_POINT('Ctrl Pts',(-0.747419754623452,-0.316086570261895,
-3.08961478007043));
#2094=CARTESIAN_POINT('Ctrl Pts',(-0.588540539714456,-0.558719108867708,
-3.07108827814032));
#2095=CARTESIAN_POINT('Ctrl Pts',(-0.364092864284615,-0.679061390410067,
-3.05256177621022));
#2096=CARTESIAN_POINT('Ctrl Pts',(-0.139645188854773,-0.799403671952427,
-3.03403527428011));
#2097=CARTESIAN_POINT('Ctrl Pts',(0.150370947095917,-0.797455696431335,
-3.01550877235));
#2098=CARTESIAN_POINT('Ctrl Pts',(0.373181818337928,-0.674109276179038,
-2.9969822704199));
#2099=CARTESIAN_POINT('Ctrl Pts',(0.595992689579938,-0.550762855926741,
-2.97845576848979));
#2100=CARTESIAN_POINT('Ctrl Pts',(0.751598296113272,-0.306017990943238,
-2.95992926655969));
#2101=CARTESIAN_POINT('Ctrl Pts',(0.768760063648587,-0.0519225414213229,
-2.94140276462958));
#2102=CARTESIAN_POINT('Ctrl Pts',(0.769920019767713,-0.0347483447129398,
-2.94015056672889));
#2103=CARTESIAN_POINT('Ctrl Pts',(0.770447516381139,-0.0175314312891146,
-2.9388983688282));
#2104=CARTESIAN_POINT('Ctrl Pts',(0.77035969800452,-0.00030904205941384,
-2.93764617092751));
#2105=CARTESIAN_POINT('Ctrl Pts',(0.770425593713638,-0.000232923132719005,
-2.88735382907247));
#2106=CARTESIAN_POINT('Ctrl Pts',(0.770476376392786,-0.0129773080003145,
-2.8882806530805));
#2107=CARTESIAN_POINT('Ctrl Pts',(0.770187535032378,-0.0257193424506236,
-2.88920747708852));
#2108=CARTESIAN_POINT('Ctrl Pts',(0.769551854287707,-0.038444050049502,
-2.89013430109655));
#2109=CARTESIAN_POINT('Ctrl Pts',(0.756845083162775,-0.29280120723274,-2.90866080302665));
#2110=CARTESIAN_POINT('Ctrl Pts',(0.605551881689227,-0.540235083502778,
-2.92718730495676));
#2111=CARTESIAN_POINT('Ctrl Pts',(0.384936540613142,-0.667466749076419,
-2.94571380688687));
#2112=CARTESIAN_POINT('Ctrl Pts',(0.164321199537061,-0.794698414650059,
-2.96424030881698));
#2113=CARTESIAN_POINT('Ctrl Pts',(-0.125616281141558,-0.801727869527298,
-2.98276681074708));
#2114=CARTESIAN_POINT('Ctrl Pts',(-0.352138185753297,-0.685336924115602,
-3.00129331267719));
#2115=CARTESIAN_POINT('Ctrl Pts',(-0.578660090365039,-0.568945978703904,
-3.01981981460729));
#2116=CARTESIAN_POINT('Ctrl Pts',(-0.741766418909901,-0.329134633003273,
-3.0383463165374));
#2117=CARTESIAN_POINT('Ctrl Pts',(-0.76678465436251,-0.0756921082810038,
-3.0568728184675));
#2118=CARTESIAN_POINT('Ctrl Pts',(-0.791802889815119,0.177750416441262,
-3.07539932039761));
#2119=CARTESIAN_POINT('Ctrl Pts',(-0.678733032175472,0.444824120185164,
-3.09392582232772));
#2120=CARTESIAN_POINT('Ctrl Pts',(-0.479340153620593,0.603258666368618,
-3.11245232425782));
#2121=CARTESIAN_POINT('Ctrl Pts',(-0.279947275065711,0.761693212552075,
-3.13097882618793));
#2122=CARTESIAN_POINT('Ctrl Pts',(0.00576862440440237,0.811488601175086,
-3.14950532811803));
#2123=CARTESIAN_POINT('Ctrl Pts',(0.2470025321459,0.729847758464305,-3.16803183004814));
#2124=CARTESIAN_POINT('Ctrl Pts',(0.488236439887394,0.648206915753526,-3.18655833197825));
#2125=CARTESIAN_POINT('Ctrl Pts',(0.684988355900273,0.435129841708951,-3.20508483390835));
#2126=CARTESIAN_POINT('Ctrl Pts',(0.747182309930522,0.188166408130534,-3.22361133583846));
#2127=CARTESIAN_POINT('Ctrl Pts',(0.762560280286753,0.127102653303261,-3.22819216691647));
#2128=CARTESIAN_POINT('Ctrl Pts',(0.769711826396562,0.0639671996661618,
-3.23277299799447));
#2129=CARTESIAN_POINT('Ctrl Pts',(0.769137749210413,0.000703690852409886,
-3.23735382907248));
#2130=CARTESIAN_POINT('Origin',(0.,0.,-10.));
#2131=CARTESIAN_POINT('',(0.768001141575262,-0.000113356349082334,-3.63764617092751));
#2132=CARTESIAN_POINT('',(0.768027302388758,-0.000185780777848185,-3.58735382907247));
#2133=CARTESIAN_POINT('',(0.76925,9.42059550244101E-17,-10.));
#2134=CARTESIAN_POINT('Ctrl Pts',(0.768001141575262,-0.000113356349082334,
-3.63764617092751));
#2135=CARTESIAN_POINT('Ctrl Pts',(0.767823124733683,0.135223660193318,-3.62788305865614));
#2136=CARTESIAN_POINT('Ctrl Pts',(0.733792571880244,0.270644364263144,-3.61811994638477));
#2137=CARTESIAN_POINT('Ctrl Pts',(0.666432525118993,0.38672428839181,-3.6083568341134));
#2138=CARTESIAN_POINT('Ctrl Pts',(0.538609961816749,0.606997791209381,-3.58983033218329));
#2139=CARTESIAN_POINT('Ctrl Pts',(0.290771438303559,0.75762720395204,-3.57130383025318));
#2140=CARTESIAN_POINT('Ctrl Pts',(0.0363811379234338,0.769652128283957,
-3.55277732832308));
#2141=CARTESIAN_POINT('Ctrl Pts',(-0.218009162456695,0.781677052615874,
-3.53425082639297));
#2142=CARTESIAN_POINT('Ctrl Pts',(-0.478951239703759,0.655097488537044,
-3.51572432446287));
#2143=CARTESIAN_POINT('Ctrl Pts',(-0.626981907565549,0.447863453916587,
-3.49719782253276));
#2144=CARTESIAN_POINT('Ctrl Pts',(-0.775012575427337,0.240629419296133,
-3.47867132060266));
#2145=CARTESIAN_POINT('Ctrl Pts',(-0.810131833903854,-0.0472590858659457,
-3.46014481867255));
#2146=CARTESIAN_POINT('Ctrl Pts',(-0.71626156113495,-0.284002397541207,
-3.44161831674244));
#2147=CARTESIAN_POINT('Ctrl Pts',(-0.622391288366044,-0.520745709216472,
-3.42309181481234));
#2148=CARTESIAN_POINT('Ctrl Pts',(-0.39953148435171,-0.706343827404918,
-3.40456531288223));
#2149=CARTESIAN_POINT('Ctrl Pts',(-0.14971070100651,-0.755827157340069,
-3.38603881095213));
#2150=CARTESIAN_POINT('Ctrl Pts',(0.100110082338691,-0.805310487275219,
-3.36751230902202));
#2151=CARTESIAN_POINT('Ctrl Pts',(0.376891845014758,-0.718679028957073,
-3.34898580709191));
#2152=CARTESIAN_POINT('Ctrl Pts',(0.553919755842974,-0.535593959875845,
-3.33045930516181));
#2153=CARTESIAN_POINT('Ctrl Pts',(0.690285122928077,-0.394562737532099,
-3.31618826041704));
#2154=CARTESIAN_POINT('Ctrl Pts',(0.767459669823458,-0.196298954985718,
-3.30191721567228));
#2155=CARTESIAN_POINT('Ctrl Pts',(0.76927337012924,0.000702365080223216,
-3.28764617092751));
#2156=CARTESIAN_POINT('Ctrl Pts',(0.769137749210413,0.000703690852409886,
-3.23735382907248));
#2157=CARTESIAN_POINT('Ctrl Pts',(0.767390055103075,-0.191892817475866,
-3.25129949992458));
#2158=CARTESIAN_POINT('Ctrl Pts',(0.694040584901542,-0.385676152773966,
-3.26524517077668));
#2159=CARTESIAN_POINT('Ctrl Pts',(0.563219611367243,-0.525805734842432,
-3.27919084162878));
#2160=CARTESIAN_POINT('Ctrl Pts',(0.389426966726089,-0.711964651124713,
-3.29771734355888));
#2161=CARTESIAN_POINT('Ctrl Pts',(0.114205685396164,-0.803432690577008,
-3.31624384548899));
#2162=CARTESIAN_POINT('Ctrl Pts',(-0.136443813146465,-0.758334416518141,
-3.3347703474191));
#2163=CARTESIAN_POINT('Ctrl Pts',(-0.38709331168909,-0.713236142459276,
-3.3532968493492));
#2164=CARTESIAN_POINT('Ctrl Pts',(-0.613171027444419,-0.531571554889246,
-3.37182335127931));
#2165=CARTESIAN_POINT('Ctrl Pts',(-0.711175200367891,-0.296509419417912,
-3.39034985320941));
#2166=CARTESIAN_POINT('Ctrl Pts',(-0.809179373291365,-0.0614472839465743,
-3.40887635513952));
#2167=CARTESIAN_POINT('Ctrl Pts',(-0.779110003382986,0.227012399426068,
-3.42740285706962));
#2168=CARTESIAN_POINT('Ctrl Pts',(-0.634733297977916,0.436808472742843,
-3.44592935899973));
#2169=CARTESIAN_POINT('Ctrl Pts',(-0.490356592572848,0.646604546059615,
-3.46445586092984));
#2170=CARTESIAN_POINT('Ctrl Pts',(-0.231672551671087,0.777737009320518,
-3.48298236285994));
#2171=CARTESIAN_POINT('Ctrl Pts',(0.0228894012907503,0.770171459306568,
-3.50150886479005));
#2172=CARTESIAN_POINT('Ctrl Pts',(0.277451354252598,0.762605909292618,-3.52003536672016));
#2173=CARTESIAN_POINT('Ctrl Pts',(0.52789121927452,0.61634234600381,-3.53856186865026));
#2174=CARTESIAN_POINT('Ctrl Pts',(0.659553879957777,0.398342416589672,-3.55708837058037));
#2175=CARTESIAN_POINT('Ctrl Pts',(0.731249925743113,0.279631972494386,-3.5671768567444));
#2176=CARTESIAN_POINT('Ctrl Pts',(0.767725249690222,0.139649714408752,-3.57726534290844));
#2177=CARTESIAN_POINT('Ctrl Pts',(0.768027302388758,-0.000185780777848185,
-3.58735382907247));
#2178=CARTESIAN_POINT('Origin',(0.,0.,-10.));
#2179=CARTESIAN_POINT('',(0.769689561000598,-0.000645133320650169,-3.98764617092751));
#2180=CARTESIAN_POINT('',(0.769819392612617,-0.000609448455532857,-3.93735382907248));
#2181=CARTESIAN_POINT('',(0.76925,9.42059550244101E-17,-10.));
#2182=CARTESIAN_POINT('Ctrl Pts',(0.769689561000598,-0.000645133320650169,
-3.98764617092751));
#2183=CARTESIAN_POINT('Ctrl Pts',(0.767800548193347,0.209863577699274,-3.97237540357011));
#2184=CARTESIAN_POINT('Ctrl Pts',(0.67812204897348,0.421787434123344,-3.95710463621271));
#2185=CARTESIAN_POINT('Ctrl Pts',(0.52429413627172,0.564626995847453,-3.94183386885531));
#2186=CARTESIAN_POINT('Ctrl Pts',(0.337670042349417,0.737920017346768,-3.9233073669252));
#2187=CARTESIAN_POINT('Ctrl Pts',(0.0566272911348598,0.8095309502422,-3.9047808649951));
#2188=CARTESIAN_POINT('Ctrl Pts',(-0.190168541902537,0.746675238265802,
-3.88625436306499));
#2189=CARTESIAN_POINT('Ctrl Pts',(-0.436964374939927,0.683819526289406,
-3.86772786113488));
#2190=CARTESIAN_POINT('Ctrl Pts',(-0.649513289800154,0.486497169441188,
-3.84920135920478));
#2191=CARTESIAN_POINT('Ctrl Pts',(-0.730507213858315,0.24504529432248,-3.83067485727467));
#2192=CARTESIAN_POINT('Ctrl Pts',(-0.811501137916476,0.0035934192037694,
-3.81214835534456));
#2193=CARTESIAN_POINT('Ctrl Pts',(-0.760940071172561,-0.28198797418544,
-3.79362185341446));
#2194=CARTESIAN_POINT('Ctrl Pts',(-0.601971626297025,-0.480955452097119,
-3.77509535148435));
#2195=CARTESIAN_POINT('Ctrl Pts',(-0.443003181421489,-0.679922930008798,
-3.75656884955425));
#2196=CARTESIAN_POINT('Ctrl Pts',(-0.175627358414335,-0.792276492442956,
-3.73804234762414));
#2197=CARTESIAN_POINT('Ctrl Pts',(0.0777471914244093,-0.766578997882309,
-3.71951584569403));
#2198=CARTESIAN_POINT('Ctrl Pts',(0.331121741263154,-0.740881503321663,
-3.70098934376393));
#2199=CARTESIAN_POINT('Ctrl Pts',(0.570495017933493,-0.577132951766206,
-3.68246284183382));
#2200=CARTESIAN_POINT('Ctrl Pts',(0.686278354723012,-0.350299879542234,
-3.66393633990371));
#2201=CARTESIAN_POINT('Ctrl Pts',(0.741046086921083,-0.243003499098372,
-3.65517295024498));
#2202=CARTESIAN_POINT('Ctrl Pts',(0.768160929858467,-0.121592140802828,
-3.64640956058625));
#2203=CARTESIAN_POINT('Ctrl Pts',(0.768001141575262,-0.000113356349082334,
-3.63764617092751));
#2204=CARTESIAN_POINT('Ctrl Pts',(0.768027302388758,-0.000185780777848185,
-3.58735382907247));
#2205=CARTESIAN_POINT('Ctrl Pts',(0.768279939443614,-0.117144271264489,
-3.59579184483855));
#2206=CARTESIAN_POINT('Ctrl Pts',(0.743226987825478,-0.234000091425026,
-3.60422986060462));
#2207=CARTESIAN_POINT('Ctrl Pts',(0.692311094330559,-0.338220859925407,
-3.61266787637069));
#2208=CARTESIAN_POINT('Ctrl Pts',(0.580520191675503,-0.567047911486898,
-3.63119437830079));
#2209=CARTESIAN_POINT('Ctrl Pts',(0.344052930020806,-0.734965719070429,
-3.6497208802309));
#2210=CARTESIAN_POINT('Ctrl Pts',(0.0911675589352307,-0.765098998574464,
-3.668247382161));
#2211=CARTESIAN_POINT('Ctrl Pts',(-0.161717812150352,-0.7952322780785,-3.68677388409111));
#2212=CARTESIAN_POINT('Ctrl Pts',(-0.43102129266681,-0.687581029503033,
-3.70530038602122));
#2213=CARTESIAN_POINT('Ctrl Pts',(-0.593451720871592,-0.491429604741517,
-3.72382688795133));
#2214=CARTESIAN_POINT('Ctrl Pts',(-0.755882149076368,-0.295278179980006,
-3.74235338988143));
#2215=CARTESIAN_POINT('Ctrl Pts',(-0.811439524969472,-0.0106265790324566,
-3.76087989181153));
#2216=CARTESIAN_POINT('Ctrl Pts',(-0.73468885081492,0.232207437241168,-3.77940639374164));
#2217=CARTESIAN_POINT('Ctrl Pts',(-0.657938176660366,0.475041453514796,
-3.79793289567175));
#2218=CARTESIAN_POINT('Ctrl Pts',(-0.448879452458143,0.676057885114503,
-3.81645939760186));
#2219=CARTESIAN_POINT('Ctrl Pts',(-0.203222889342105,0.743228402760083,
-3.83498589953196));
#2220=CARTESIAN_POINT('Ctrl Pts',(0.0424336737739268,0.810398920405661,
-3.85351240146207));
#2221=CARTESIAN_POINT('Ctrl Pts',(0.324688075803775,0.74372352409713,-3.87203890339217));
#2222=CARTESIAN_POINT('Ctrl Pts',(0.514320029410381,0.573727207624985,-3.89056540532228));
#2223=CARTESIAN_POINT('Ctrl Pts',(0.673957652591075,0.430619427554416,-3.90616154657234));
#2224=CARTESIAN_POINT('Ctrl Pts',(0.767956008446352,0.214290634496404,-3.92175768782241));
#2225=CARTESIAN_POINT('Ctrl Pts',(0.769819392612617,-0.000609448455532857,
-3.93735382907248));
#2226=CARTESIAN_POINT('Origin',(0.,0.,-10.));
#2227=CARTESIAN_POINT('',(0.770069932519078,0.000509779343930475,-4.33764617092751));
#2228=CARTESIAN_POINT('',(0.769953850260267,0.000561692143800572,-4.28735382907247));
#2229=CARTESIAN_POINT('',(0.76925,9.42059550244101E-17,-10.));
#2230=CARTESIAN_POINT('Ctrl Pts',(0.770069932519078,0.000509779343930475,
-4.33764617092751));
#2231=CARTESIAN_POINT('Ctrl Pts',(0.770307037252842,0.0315128021105421,
-4.33539425041419));
#2232=CARTESIAN_POINT('Ctrl Pts',(0.768596986983822,0.0624894494248107,
-4.33314232990086));
#2233=CARTESIAN_POINT('Ctrl Pts',(0.764851866432603,0.0932180679009798,
-4.33089040938754));
#2234=CARTESIAN_POINT('Ctrl Pts',(0.734040839706726,0.346021755304418,-4.31236390745743));
#2235=CARTESIAN_POINT('Ctrl Pts',(0.56548979023413,0.582038062881,-4.29383740552732));
#2236=CARTESIAN_POINT('Ctrl Pts',(0.336363909725483,0.693215194584493,-4.27531090359722));
#2237=CARTESIAN_POINT('Ctrl Pts',(0.107238029216827,0.80439232628799,-4.25678440166711));
#2238=CARTESIAN_POINT('Ctrl Pts',(-0.182462682327887,0.790730282118388,
-4.238257899737));
#2239=CARTESIAN_POINT('Ctrl Pts',(-0.40010890569044,0.658483750259509,-4.2197313978069));
#2240=CARTESIAN_POINT('Ctrl Pts',(-0.617755129052983,0.526237218400636,
-4.20120489587679));
#2241=CARTESIAN_POINT('Ctrl Pts',(-0.763346864233376,0.275406198852494,
-4.18267839394668));
#2242=CARTESIAN_POINT('Ctrl Pts',(-0.770230037039626,0.020824884406997,
-4.16415189201658));
#2243=CARTESIAN_POINT('Ctrl Pts',(-0.777113209845878,-0.233756430038508,
-4.14562539008647));
#2244=CARTESIAN_POINT('Ctrl Pts',(-0.645287820277986,-0.492088039381365,
-4.12709888815637));
#2245=CARTESIAN_POINT('Ctrl Pts',(-0.435105503583368,-0.63590186862447,
-4.10857238622626));
#2246=CARTESIAN_POINT('Ctrl Pts',(-0.224923186888756,-0.77971569786757,
-4.09004588429616));
#2247=CARTESIAN_POINT('Ctrl Pts',(0.0636160569325792,-0.809011747010917,
-4.07151938236605));
#2248=CARTESIAN_POINT('Ctrl Pts',(0.298414645959944,-0.710377846533258,
-4.05299288043594));
#2249=CARTESIAN_POINT('Ctrl Pts',(0.533213234987316,-0.611743946055596,
-4.03446637850584));
#2250=CARTESIAN_POINT('Ctrl Pts',(0.714271169220717,-0.385180095956918,
-4.01593987657573));
#2251=CARTESIAN_POINT('Ctrl Pts',(0.758697418022392,-0.134410615855983,
-3.99741337464563));
#2252=CARTESIAN_POINT('Ctrl Pts',(0.766504616310815,-0.0903419152872607,
-3.99415764007292));
#2253=CARTESIAN_POINT('Ctrl Pts',(0.770092299393562,-0.0455256866211228,
-3.99090190550022));
#2254=CARTESIAN_POINT('Ctrl Pts',(0.769689561000598,-0.000645133320650169,
-3.98764617092751));
#2255=CARTESIAN_POINT('Ctrl Pts',(0.769819392612617,-0.000609448455532857,
-3.93735382907248));
#2256=CARTESIAN_POINT('Ctrl Pts',(0.770169504066795,-0.0409870484735594,
-3.94028418975252));
#2257=CARTESIAN_POINT('Ctrl Pts',(0.76726700289404,-0.0813142111772189,
-3.94321455043256));
#2258=CARTESIAN_POINT('Ctrl Pts',(0.760936142375871,-0.121095782948811,
-3.9461449111126));
#2259=CARTESIAN_POINT('Ctrl Pts',(0.720910796551388,-0.372605220414664,
-3.9646714130427));
#2260=CARTESIAN_POINT('Ctrl Pts',(0.54385059971907,-0.602306858710595,-3.98319791497281));
#2261=CARTESIAN_POINT('Ctrl Pts',(0.310816358534506,-0.705039851844708,
-4.00172441690291));
#2262=CARTESIAN_POINT('Ctrl Pts',(0.077782117349941,-0.80777284497882,-4.02025091883302));
#2263=CARTESIAN_POINT('Ctrl Pts',(-0.211226168186867,-0.783537192951114,
-4.03877742076313));
#2264=CARTESIAN_POINT('Ctrl Pts',(-0.42389618184175,-0.643428339787613,
-4.05730392269323));
#2265=CARTESIAN_POINT('Ctrl Pts',(-0.636566195496629,-0.503319486624114,
-4.07583042462334));
#2266=CARTESIAN_POINT('Ctrl Pts',(-0.772897937269586,-0.247337432324817,
-4.09435692655345));
#2267=CARTESIAN_POINT('Ctrl Pts',(-0.77047669646568,0.00732540955779324,
-4.11288342848355));
#2268=CARTESIAN_POINT('Ctrl Pts',(-0.768055455661774,0.261988251440407,
-4.13140993041366));
#2269=CARTESIAN_POINT('Ctrl Pts',(-0.626881232281007,0.515331880906337,
-4.14993643234376));
#2270=CARTESIAN_POINT('Ctrl Pts',(-0.411585697534378,0.651371794758567,
-4.16846293427387));
#2271=CARTESIAN_POINT('Ctrl Pts',(-0.196290162787745,0.7874117086108,-4.18698943620397));
#2272=CARTESIAN_POINT('Ctrl Pts',(0.0931266833247378,0.806147906849328,
-4.20551593813408));
#2273=CARTESIAN_POINT('Ctrl Pts',(0.32416547942594,0.699002677656107,-4.22404244006419));
#2274=CARTESIAN_POINT('Ctrl Pts',(0.55520427552714,0.591857448462888,-4.2425689419943));
#2275=CARTESIAN_POINT('Ctrl Pts',(0.727865021617053,0.358830791837912,-4.2610954439244));
#2276=CARTESIAN_POINT('Ctrl Pts',(0.76310104539891,0.106605796901241,-4.27962194585451));
#2277=CARTESIAN_POINT('Ctrl Pts',(0.768002866979957,0.0715177877911801,
-4.2821992402605));
#2278=CARTESIAN_POINT('Ctrl Pts',(0.770245151306347,0.0360582393022513,
-4.28477653466648));
#2279=CARTESIAN_POINT('Ctrl Pts',(0.769953850260267,0.000561692143800571,
-4.28735382907247));
#2280=CARTESIAN_POINT('Origin',(0.,0.,-10.));
#2281=CARTESIAN_POINT('',(0.768121878134629,0.000329484728066562,-4.68764617092751));
#2282=CARTESIAN_POINT('',(0.768069890831735,0.000262086525691027,-4.63735382907248));
#2283=CARTESIAN_POINT('',(0.76925,9.42059550244101E-17,-10.));
#2284=CARTESIAN_POINT('Ctrl Pts',(0.768121878134629,0.000329484728066562,
-4.68764617092751));
#2285=CARTESIAN_POINT('Ctrl Pts',(0.768536816438407,0.107851103548432,-4.67988659532816));
#2286=CARTESIAN_POINT('Ctrl Pts',(0.747493968991412,0.215217525903364,-4.6721270197288));
#2287=CARTESIAN_POINT('Ctrl Pts',(0.704204170572274,0.312705087770001,-4.66436744412945));
#2288=CARTESIAN_POINT('Ctrl Pts',(0.600846902678309,0.545463114282892,-4.64584094219934));
#2289=CARTESIAN_POINT('Ctrl Pts',(0.370671485113909,0.72190696050444,-4.62731444026923));
#2290=CARTESIAN_POINT('Ctrl Pts',(0.119055667107077,0.761257994308314,-4.60878793833913));
#2291=CARTESIAN_POINT('Ctrl Pts',(-0.132560150899754,0.800609028112189,
-4.59026143640902));
#2292=CARTESIAN_POINT('Ctrl Pts',(-0.405616369349015,0.70286724949839,-4.57173493447892));
#2293=CARTESIAN_POINT('Ctrl Pts',(-0.57510376693738,0.512780306781632,-4.55320843254881));
#2294=CARTESIAN_POINT('Ctrl Pts',(-0.744591164525746,0.322693364064871,
-4.5346819306187));
#2295=CARTESIAN_POINT('Ctrl Pts',(-0.810509741253213,0.0402612572451489,
-4.5161554286886));
#2296=CARTESIAN_POINT('Ctrl Pts',(-0.74268098665434,-0.20521437042947,-4.49762892675849));
#2297=CARTESIAN_POINT('Ctrl Pts',(-0.674852232055469,-0.450689998104085,
-4.47910242482838));
#2298=CARTESIAN_POINT('Ctrl Pts',(-0.473276146130262,-0.659209146633598,
-4.46057592289828));
#2299=CARTESIAN_POINT('Ctrl Pts',(-0.230237276280686,-0.735308630698349,
-4.44204942096817));
#2300=CARTESIAN_POINT('Ctrl Pts',(0.0128015935688899,-0.811408114763099,
-4.42352291903807));
#2301=CARTESIAN_POINT('Ctrl Pts',(0.297303247342835,-0.755087934363088,
-4.40499641710796));
#2302=CARTESIAN_POINT('Ctrl Pts',(0.493018572240232,-0.592132310547931,
-4.38646991517785));
#2303=CARTESIAN_POINT('Ctrl Pts',(0.664944443706465,-0.448984155698884,
-4.37019533376107));
#2304=CARTESIAN_POINT('Ctrl Pts',(0.768356381676093,-0.223548403525199,
-4.35392075234429));
#2305=CARTESIAN_POINT('Ctrl Pts',(0.770069932519078,0.000509779343930475,
-4.33764617092751));
#2306=CARTESIAN_POINT('Ctrl Pts',(0.769953850260267,0.000561692143800571,
-4.28735382907247));
#2307=CARTESIAN_POINT('Ctrl Pts',(0.768151176562951,-0.219103471333033,
-4.30330303659659));
#2308=CARTESIAN_POINT('Ctrl Pts',(0.669323045502375,-0.440185525225794,
-4.31925224412071));
#2309=CARTESIAN_POINT('Ctrl Pts',(0.503318464589957,-0.583402540810944,
-4.33520145164482));
#2310=CARTESIAN_POINT('Ctrl Pts',(0.31048855852534,-0.749762550338088,-4.35372795357493));
#2311=CARTESIAN_POINT('Ctrl Pts',(0.0270174449223101,-0.811059236143999,
-4.37225445550504));
#2312=CARTESIAN_POINT('Ctrl Pts',(-0.217317560123758,-0.739230058563445,
-4.39078095743514));
#2313=CARTESIAN_POINT('Ctrl Pts',(-0.461652565169822,-0.667400880982891,
-4.40930745936525));
#2314=CARTESIAN_POINT('Ctrl Pts',(-0.666851461658922,-0.462445840015862,
-4.42783396129535));
#2315=CARTESIAN_POINT('Ctrl Pts',(-0.738971125321301,-0.218196419226408,
-4.44636046322546));
#2316=CARTESIAN_POINT('Ctrl Pts',(-0.811090788983682,0.0260530015630491,
-4.46488696515557));
#2317=CARTESIAN_POINT('Ctrl Pts',(-0.750131219819355,0.309596802174932,
-4.48341346708568));
#2318=CARTESIAN_POINT('Ctrl Pts',(-0.584000620452293,0.502624389313923,
-4.50193996901578));
#2319=CARTESIAN_POINT('Ctrl Pts',(-0.417870021085235,0.695651976452909,
-4.52046647094589));
#2320=CARTESIAN_POINT('Ctrl Pts',(-0.146568391515447,0.798163350119003,
-4.53899297287599));
#2321=CARTESIAN_POINT('Ctrl Pts',(0.105698323988694,0.763227270036808,-4.5575194748061));
#2322=CARTESIAN_POINT('Ctrl Pts',(0.357965039492843,0.728291189954613,-4.5760459767362));
#2323=CARTESIAN_POINT('Ctrl Pts',(0.591196840931346,0.555907656124121,-4.59457247866631));
#2324=CARTESIAN_POINT('Ctrl Pts',(0.698616720819871,0.32499642892307,-4.61309898059642));
#2325=CARTESIAN_POINT('Ctrl Pts',(0.745494663920734,0.22422696817414,-4.62118393008844));
#2326=CARTESIAN_POINT('Ctrl Pts',(0.768412455193477,0.112311247181888,-4.62926887958046));
#2327=CARTESIAN_POINT('Ctrl Pts',(0.768069890831735,0.000262086525691027,
-4.63735382907248));
#2328=CARTESIAN_POINT('Origin',(0.,0.,-10.));
#2329=CARTESIAN_POINT('',(0.768864252741672,-0.000679767501555586,-5.03764617092751));
#2330=CARTESIAN_POINT('',(0.768993342340428,-0.000695663703290696,-4.98735382907247));
#2331=CARTESIAN_POINT('',(0.76925,9.42059550244101E-17,-10.));
#2332=CARTESIAN_POINT('Ctrl Pts',(0.768864252741672,-0.000679767501555586,
-5.03764617092751));
#2333=CARTESIAN_POINT('Ctrl Pts',(0.767303904805187,0.182712932106097,-5.02437894024213));
#2334=CARTESIAN_POINT('Ctrl Pts',(0.701555035273362,0.367110600908741,-5.01111170955674));
#2335=CARTESIAN_POINT('Ctrl Pts',(0.582051298790885,0.504880452527599,-4.99784447887135));
#2336=CARTESIAN_POINT('Ctrl Pts',(0.415175011108919,0.697263737514019,-4.97931797694125));
#2337=CARTESIAN_POINT('Ctrl Pts',(0.143478741082985,0.798724520944832,-4.96079147501114));
#2338=CARTESIAN_POINT('Ctrl Pts',(-0.108650894714507,0.762812538469555,
-4.94226497308104));
#2339=CARTESIAN_POINT('Ctrl Pts',(-0.360780530511999,0.726900555994277,
-4.92373847115093));
#2340=CARTESIAN_POINT('Ctrl Pts',(-0.593343532081048,0.553615807612911,
-4.90521196922082));
#2341=CARTESIAN_POINT('Ctrl Pts',(-0.69986907852177,0.322290643205348,-4.88668546729072));
#2342=CARTESIAN_POINT('Ctrl Pts',(-0.806394624962492,0.0909654787977851,
-4.86815896536061));
#2343=CARTESIAN_POINT('Ctrl Pts',(-0.786882716274887,-0.198400101635973,
-4.8496324634305));
#2344=CARTESIAN_POINT('Ctrl Pts',(-0.650266196124012,-0.413330206913354,
-4.8311059615004));
#2345=CARTESIAN_POINT('Ctrl Pts',(-0.513649675973134,-0.628260312190741,
-4.81257945957029));
#2346=CARTESIAN_POINT('Ctrl Pts',(-0.259928544358979,-0.768754942311746,
-4.79405295764019));
#2347=CARTESIAN_POINT('Ctrl Pts',(-0.00526013060887636,-0.770493554025345,
-4.77552645571008));
#2348=CARTESIAN_POINT('Ctrl Pts',(0.249408283141219,-0.772232165738943,
-4.75699995377998));
#2349=CARTESIAN_POINT('Ctrl Pts',(0.505023979027262,-0.635214759045145,
-4.73847345184987));
#2350=CARTESIAN_POINT('Ctrl Pts',(0.644562267858516,-0.422169952296129,
-4.71994694991976));
#2351=CARTESIAN_POINT('Ctrl Pts',(0.725656825365005,-0.298356091046476,
-4.70918002358901));
#2352=CARTESIAN_POINT('Ctrl Pts',(0.767546123688862,-0.148863900139273,
-4.69841309725826));
#2353=CARTESIAN_POINT('Ctrl Pts',(0.768121878134629,0.000329484728066562,
-4.68764617092751));
#2354=CARTESIAN_POINT('Ctrl Pts',(0.768069890831735,0.000262086525691027,
-4.63735382907248));
#2355=CARTESIAN_POINT('Ctrl Pts',(0.767627475730679,-0.144447189368985,
-4.64779538151056));
#2356=CARTESIAN_POINT('Ctrl Pts',(0.728388620644443,-0.289379032106375,
-4.65823693394865));
#2357=CARTESIAN_POINT('Ctrl Pts',(0.65186074762453,-0.410810865397018,-4.66867848638673));
#2358=CARTESIAN_POINT('Ctrl Pts',(0.516076936202116,-0.62626801194445,-4.68720498831684));
#2359=CARTESIAN_POINT('Ctrl Pts',(0.26290135501874,-0.767743384467705,-4.70573149024695));
#2360=CARTESIAN_POINT('Ctrl Pts',(0.0082415722539269,-0.77046744117363,
-4.72425799217705));
#2361=CARTESIAN_POINT('Ctrl Pts',(-0.246418210510886,-0.773191497879554,
-4.74278449410716));
#2362=CARTESIAN_POINT('Ctrl Pts',(-0.502562194857137,-0.637164238768148,
-4.76131099603726));
#2363=CARTESIAN_POINT('Ctrl Pts',(-0.642923833234632,-0.424660977817299,
-4.77983749796737));
#2364=CARTESIAN_POINT('Ctrl Pts',(-0.783285471612126,-0.212157716866451,
-4.79836399989747));
#2365=CARTESIAN_POINT('Ctrl Pts',(-0.807864764020865,0.0768215459238399,
-4.81689050182758));
#2366=CARTESIAN_POINT('Ctrl Pts',(-0.705408942728059,0.309977781366891,
-4.83541700375769));
#2367=CARTESIAN_POINT('Ctrl Pts',(-0.602953121435252,0.543134016809942,
-4.8539435056878));
#2368=CARTESIAN_POINT('Ctrl Pts',(-0.373462186440901,0.720467224905754,
-4.8724700076179));
#2369=CARTESIAN_POINT('Ctrl Pts',(-0.122000520613645,0.760791610358485,
-4.89099650954801));
#2370=CARTESIAN_POINT('Ctrl Pts',(0.129461145213611,0.801115995811216,-4.90952301147811));
#2371=CARTESIAN_POINT('Ctrl Pts',(0.402893541873772,0.704431558620867,-4.92804951340822));
#2372=CARTESIAN_POINT('Ctrl Pts',(0.573115228051518,0.515001880382308,-4.94657601533833));
#2373=CARTESIAN_POINT('Ctrl Pts',(0.698004215705641,0.376020289504656,-4.96016861991638));
#2374=CARTESIAN_POINT('Ctrl Pts',(0.767335628297587,0.187114609672366,-4.97376122449443));
#2375=CARTESIAN_POINT('Ctrl Pts',(0.768993342340428,-0.000695663703290696,
-4.98735382907247));
#2376=CARTESIAN_POINT('Origin',(0.,0.,-10.));
#2377=CARTESIAN_POINT('',(0.770504922024372,6.37518663058712E-5,-5.38764617092752));
#2378=CARTESIAN_POINT('',(0.770477437153476,0.00014620723274919,-5.33735382907247));
#2379=CARTESIAN_POINT('',(0.76925,9.42059550244101E-17,-10.));
#2380=CARTESIAN_POINT('Ctrl Pts',(0.770504922024372,6.37518663058712E-5,
-5.38764617092752));
#2381=CARTESIAN_POINT('Ctrl Pts',(0.770508978254868,0.00347823629853013,
-5.38739778708621));
#2382=CARTESIAN_POINT('Ctrl Pts',(0.770488244578423,0.00689267009650756,
-5.3871494032449));
#2383=CARTESIAN_POINT('Ctrl Pts',(0.770442571678997,0.0103067702643726,
-5.38690101940358));
#2384=CARTESIAN_POINT('Ctrl Pts',(0.767035912635061,0.264958333006172,-5.36837451747348));
#2385=CARTESIAN_POINT('Ctrl Pts',(0.624882416451176,0.517753778461781,-5.34984801554337));
#2386=CARTESIAN_POINT('Ctrl Pts',(0.409062080076008,0.652959570274085,-5.33132151361326));
#2387=CARTESIAN_POINT('Ctrl Pts',(0.193241743700847,0.788165362086385,-5.31279501168316));
#2388=CARTESIAN_POINT('Ctrl Pts',(-0.0962454328655884,0.805781500255388,
-5.29426850975305));
#2389=CARTESIAN_POINT('Ctrl Pts',(-0.326867889912302,0.697743053217234,
-5.27574200782295));
#2390=CARTESIAN_POINT('Ctrl Pts',(-0.557490346959018,0.58970460617908,-5.25721550589284));
#2391=CARTESIAN_POINT('Ctrl Pts',(-0.729248084486007,0.356011573933768,
-5.23868900396273));
#2392=CARTESIAN_POINT('Ctrl Pts',(-0.763507841024224,0.103652122328279,
-5.22016250203263));
#2393=CARTESIAN_POINT('Ctrl Pts',(-0.797767597562441,-0.14870732927721,
-5.20163600010252));
#2394=CARTESIAN_POINT('Ctrl Pts',(-0.69452937311188,-0.419733200242881,
-5.18310949817241));
#2395=CARTESIAN_POINT('Ctrl Pts',(-0.501057171109627,-0.585345792714227,
-5.16458299624231));
#2396=CARTESIAN_POINT('Ctrl Pts',(-0.307584969107377,-0.750958385185572,
-5.1460564943122));
#2397=CARTESIAN_POINT('Ctrl Pts',(-0.0238787895534401,-0.811157699162604,
-5.1275299923821));
#2398=CARTESIAN_POINT('Ctrl Pts',(0.220176434748252,-0.738383588218331,
-5.10900349045199));
#2399=CARTESIAN_POINT('Ctrl Pts',(0.464231659049952,-0.665609477274055,
-5.09047698852189));
#2400=CARTESIAN_POINT('Ctrl Pts',(0.668635928099401,-0.459861941408466,
-5.07195048659178));
#2401=CARTESIAN_POINT('Ctrl Pts',(0.739809909955126,-0.215335280204655,
-5.05342398466167));
#2402=CARTESIAN_POINT('Ctrl Pts',(0.760014656515389,-0.145919475608174,
-5.04816471341695));
#2403=CARTESIAN_POINT('Ctrl Pts',(0.769482791246709,-0.0733785826808618,
-5.04290544217223));
#2404=CARTESIAN_POINT('Ctrl Pts',(0.768864252741672,-0.000679767501555586,
-5.03764617092751));
#2405=CARTESIAN_POINT('Ctrl Pts',(0.768993342340428,-0.000695663703290696,
-4.98735382907247));
#2406=CARTESIAN_POINT('Ctrl Pts',(0.769595065937953,-0.0688677792957255,
-4.99228772642453));
#2407=CARTESIAN_POINT('Ctrl Pts',(0.761280282301925,-0.136895567035484,
-4.99722162377659));
#2408=CARTESIAN_POINT('Ctrl Pts',(0.743469528083989,-0.202338978529665,
-5.00215552112864));
#2409=CARTESIAN_POINT('Ctrl Pts',(0.67659116624338,-0.448075239916286,-5.02068202305875));
#2410=CARTESIAN_POINT('Ctrl Pts',(0.475823466866841,-0.657372843402764,
-5.03920852498886));
#2411=CARTESIAN_POINT('Ctrl Pts',(0.233080885902148,-0.734412215345665,
-5.05773502691896));
#2412=CARTESIAN_POINT('Ctrl Pts',(-0.00966169506255166,-0.811451587288568,
-5.07626152884907));
#2413=CARTESIAN_POINT('Ctrl Pts',(-0.294379157615408,-0.756232727687887,
-5.09478803077918));
#2414=CARTESIAN_POINT('Ctrl Pts',(-0.490723588468351,-0.594035656457255,
-5.11331453270928));
#2415=CARTESIAN_POINT('Ctrl Pts',(-0.687068019321286,-0.43183858522663,
-5.13184103463939));
#2416=CARTESIAN_POINT('Ctrl Pts',(-0.795039418474316,-0.162663302366064,
-5.15036753656949));
#2417=CARTESIAN_POINT('Ctrl Pts',(-0.765206864310623,0.0902577211863986,
-5.1688940384996));
#2418=CARTESIAN_POINT('Ctrl Pts',(-0.735374310146929,0.343178744738869,
-5.1874205404297));
#2419=CARTESIAN_POINT('Ctrl Pts',(-0.567737802666502,0.579845508983236,
-5.20594704235981));
#2420=CARTESIAN_POINT('Ctrl Pts',(-0.339043842575869,0.691908429080934,
-5.22447354428991));
#2421=CARTESIAN_POINT('Ctrl Pts',(-0.110349882485233,0.803971349178634,
-5.24300004622002));
#2422=CARTESIAN_POINT('Ctrl Pts',(0.179401530215611,0.791430425129661,-5.26152654815013));
#2423=CARTESIAN_POINT('Ctrl Pts',(0.397557864560762,0.660027079556395,-5.28005305008023));
#2424=CARTESIAN_POINT('Ctrl Pts',(0.615714198905914,0.528623733983129,-5.29857955201034));
#2425=CARTESIAN_POINT('Ctrl Pts',(0.762275454895374,0.278357966885571,-5.31710605394044));
#2426=CARTESIAN_POINT('Ctrl Pts',(0.770143697208233,0.0238051900284586,
-5.33563255587055));
#2427=CARTESIAN_POINT('Ctrl Pts',(0.770387373261965,0.0159218008718121,
-5.33620631360453));
#2428=CARTESIAN_POINT('Ctrl Pts',(0.770498026897551,0.00803429998386996,
-5.3367800713385));
#2429=CARTESIAN_POINT('Ctrl Pts',(0.770477437153476,0.00014620723274919,
-5.33735382907247));
#2430=CARTESIAN_POINT('Origin',(0.,0.,-10.));
#2431=CARTESIAN_POINT('',(0.768677499675797,0.00064047239788801,-5.73764617092752));
#2432=CARTESIAN_POINT('',(0.768563666270588,0.000605464736015832,-5.68735382907248));
#2433=CARTESIAN_POINT('',(0.76925,9.42059550244101E-17,-10.));
#2434=CARTESIAN_POINT('Ctrl Pts',(0.768677499675797,0.00064047239788801,
-5.73764617092752));
#2435=CARTESIAN_POINT('Ctrl Pts',(0.769304067634784,0.0802550289280137,
-5.73189013200017));
#2436=CARTESIAN_POINT('Ctrl Pts',(0.757922397269142,0.15969484132254,-5.72613409307283));
#2437=CARTESIAN_POINT('Ctrl Pts',(0.733784797065805,0.235048627657604,-5.72037805414549));
#2438=CARTESIAN_POINT('Ctrl Pts',(0.65609503464408,0.477583830355146,-5.70185155221539));
#2439=CARTESIAN_POINT('Ctrl Pts',(0.446260030673215,0.677789786382808,-5.68332505028528));
#2440=CARTESIAN_POINT('Ctrl Pts',(0.200345388777079,0.744009214300731,-5.66479854835518));
#2441=CARTESIAN_POINT('Ctrl Pts',(-0.0455692531190537,0.810228642218652,
-5.64627204642507));
#2442=CARTESIAN_POINT('Ctrl Pts',(-0.32756353294046,0.74246154202684,-5.62774554449496));
#2443=CARTESIAN_POINT('Ctrl Pts',(-0.516536251188114,0.571732705883754,
-5.60921904256485));
#2444=CARTESIAN_POINT('Ctrl Pts',(-0.70550896943577,0.401003869740665,-5.59069254063475));
#2445=CARTESIAN_POINT('Ctrl Pts',(-0.801460126109673,0.127313297646308,
-5.57216603870464));
#2446=CARTESIAN_POINT('Ctrl Pts',(-0.760461846404123,-0.124039372508332,
-5.55363953677454));
#2447=CARTESIAN_POINT('Ctrl Pts',(-0.719463566698573,-0.375392042662968,
-5.53511303484443));
#2448=CARTESIAN_POINT('Ctrl Pts',(-0.541515850613568,-0.604406810877882,
-5.51658653291433));
#2449=CARTESIAN_POINT('Ctrl Pts',(-0.30808582439449,-0.706237290558773,
-5.49806003098422));
#2450=CARTESIAN_POINT('Ctrl Pts',(-0.0746557981754147,-0.808067770239662,
-5.47953352905411));
#2451=CARTESIAN_POINT('Ctrl Pts',(0.214256538177747,-0.78271396138653,-5.461007027124));
#2452=CARTESIAN_POINT('Ctrl Pts',(0.426382795402329,-0.641783216945975,
-5.4424805251939));
#2453=CARTESIAN_POINT('Ctrl Pts',(0.635665087003456,-0.502741923616851,
-5.42420240710511));
#2454=CARTESIAN_POINT('Ctrl Pts',(0.770206431351173,-0.251201988027515,
-5.40592428901631));
#2455=CARTESIAN_POINT('Ctrl Pts',(0.770504922024372,6.37518663058712E-5,
-5.38764617092752));
#2456=CARTESIAN_POINT('Ctrl Pts',(0.770477437153476,0.00014620723274919,
-5.33735382907247));
#2457=CARTESIAN_POINT('Ctrl Pts',(0.76983318891671,-0.246670354829639,-5.35530657326861));
#2458=CARTESIAN_POINT('Ctrl Pts',(0.640695196070945,-0.494066380148083,
-5.37325931746474));
#2459=CARTESIAN_POINT('Ctrl Pts',(0.437562920382892,-0.634213443666919,
-5.39121206166087));
#2460=CARTESIAN_POINT('Ctrl Pts',(0.22793867260842,-0.778839513888536,-5.40973856359098));
#2461=CARTESIAN_POINT('Ctrl Pts',(-0.0604850515767864,-0.809251867715096,
-5.42826506552108));
#2462=CARTESIAN_POINT('Ctrl Pts',(-0.29566355686945,-0.711527274643188,
-5.44679156745119));
#2463=CARTESIAN_POINT('Ctrl Pts',(-0.530842062162109,-0.613802681571281,
-5.46531806938129));
#2464=CARTESIAN_POINT('Ctrl Pts',(-0.712775348562223,-0.387941141600911,
-5.4838445713114));
#2465=CARTESIAN_POINT('Ctrl Pts',(-0.75817163611621,-0.137345446268618,
-5.50237107324151));
#2466=CARTESIAN_POINT('Ctrl Pts',(-0.803567923670197,0.113250249063671,
-5.52089757517161));
#2467=CARTESIAN_POINT('Ctrl Pts',(-0.712427212378055,0.388580099757886,
-5.53942407710172));
#2468=CARTESIAN_POINT('Ctrl Pts',(-0.526475083192924,0.562593981658941,
-5.55795057903182));
#2469=CARTESIAN_POINT('Ctrl Pts',(-0.340522954007791,0.736607863559998,
-5.57647708096193));
#2470=CARTESIAN_POINT('Ctrl Pts',(-0.0597594069296682,0.809305776667899,
-5.59500358289204));
#2471=CARTESIAN_POINT('Ctrl Pts',(0.187277806402153,0.747405528913892,-5.61353008482215));
#2472=CARTESIAN_POINT('Ctrl Pts',(0.434315019733978,0.685505281159884,-5.63205658675225));
#2473=CARTESIAN_POINT('Ctrl Pts',(0.647625899319497,0.489006872543966,-5.65058308868236));
#2474=CARTESIAN_POINT('Ctrl Pts',(0.729553533684752,0.247870213841739,-5.66910959061247));
#2475=CARTESIAN_POINT('Ctrl Pts',(0.756446671300324,0.168715952927444,-5.67519100343247));
#2476=CARTESIAN_POINT('Ctrl Pts',(0.769183106483429,0.0847518669664435,
-5.68127241625248));
#2477=CARTESIAN_POINT('Ctrl Pts',(0.768563666270588,0.000605464736015832,
-5.68735382907248));
#2478=CARTESIAN_POINT('Origin',(0.,0.,-10.));
#2479=CARTESIAN_POINT('',(0.76822382144585,-0.000425265892745279,-6.08764617092751));
#2480=CARTESIAN_POINT('',(0.768304539837525,-0.000482293413501083,-6.03735382907248));
#2481=CARTESIAN_POINT('',(0.76925,9.42059550244101E-17,-10.));
#2482=CARTESIAN_POINT('Ctrl Pts',(0.76822382144585,-0.000425265892745279,
-6.08764617092751));
#2483=CARTESIAN_POINT('Ctrl Pts',(0.767440307311563,0.155599829306513,-6.07638247691414));
#2484=CARTESIAN_POINT('Ctrl Pts',(0.721308956250551,0.312050696507187,-6.06511878290077));
#2485=CARTESIAN_POINT('Ctrl Pts',(0.633038275299847,0.439261343364088,-6.0538550888874));
#2486=CARTESIAN_POINT('Ctrl Pts',(0.487850831547929,0.648497167040308,-6.0353285869573));
#2487=CARTESIAN_POINT('Ctrl Pts',(0.228661304168968,0.778627650085108,-6.01680208502719));
#2488=CARTESIAN_POINT('Ctrl Pts',(-0.0258694641298682,0.77007711081051,
-5.99827558309709));
#2489=CARTESIAN_POINT('Ctrl Pts',(-0.280400232428704,0.761526571535912,
-5.97974908116698));
#2490=CARTESIAN_POINT('Ctrl Pts',(-0.530272241647415,0.614295009941914,
-5.96122257923687));
#2491=CARTESIAN_POINT('Ctrl Pts',(-0.661090348268205,0.395787237281916,
-5.94269607730677));
#2492=CARTESIAN_POINT('Ctrl Pts',(-0.791908454888992,0.177279464621923,
-5.92416957537666));
#2493=CARTESIAN_POINT('Ctrl Pts',(-0.803672658911867,-0.112504519104066,
-5.90564307344656));
#2494=CARTESIAN_POINT('Ctrl Pts',(-0.690997131760922,-0.340897271427635,
-5.88711657151645));
#2495=CARTESIAN_POINT('Ctrl Pts',(-0.578321604609975,-0.569290023751211,
-5.86859006958634));
#2496=CARTESIAN_POINT('Ctrl Pts',(-0.341206346285201,-0.736291544672363,
-5.85006356765623));
#2497=CARTESIAN_POINT('Ctrl Pts',(-0.0882062689239545,-0.765446039829813,
-5.83153706572612));
#2498=CARTESIAN_POINT('Ctrl Pts',(0.164793808437281,-0.794600534987261,
-5.81301056379602));
#2499=CARTESIAN_POINT('Ctrl Pts',(0.433678704834987,-0.68590800438102,-5.79448406186592));
#2500=CARTESIAN_POINT('Ctrl Pts',(0.595348892597548,-0.489129514394196,
-5.77595755993582));
#2501=CARTESIAN_POINT('Ctrl Pts',(0.706789420294635,-0.353488558773028,
-5.76318709693305));
#2502=CARTESIAN_POINT('Ctrl Pts',(0.767287383479577,-0.175993973873903,
-5.75041663393028));
#2503=CARTESIAN_POINT('Ctrl Pts',(0.768677499675797,0.00064047239788801,
-5.73764617092752));
#2504=CARTESIAN_POINT('Ctrl Pts',(0.768563666270588,0.000605464736015832,
-5.68735382907248));
#2505=CARTESIAN_POINT('Ctrl Pts',(0.76729603506788,-0.171592921567791,-5.69979891818258));
#2506=CARTESIAN_POINT('Ctrl Pts',(0.710096524888488,-0.344554813910308,
-5.71224400729268));
#2507=CARTESIAN_POINT('Ctrl Pts',(0.603828219548332,-0.478622484531336,
-5.72468909640278));
#2508=CARTESIAN_POINT('Ctrl Pts',(0.445630881901668,-0.67820361541366,-5.74321559833289));
#2509=CARTESIAN_POINT('Ctrl Pts',(0.178691817463344,-0.791590968389777,
-5.76174210026299));
#2510=CARTESIAN_POINT('Ctrl Pts',(-0.0747802770726423,-0.766874117168389,
-5.7802686021931));
#2511=CARTESIAN_POINT('Ctrl Pts',(-0.328252371608622,-0.742157265947001,
-5.79879510412321));
#2512=CARTESIAN_POINT('Ctrl Pts',(-0.56825749624227,-0.579336210528119,
-5.81732160605331));
#2513=CARTESIAN_POINT('Ctrl Pts',(-0.684917714812116,-0.352952865632801,
-5.83584810798342));
#2514=CARTESIAN_POINT('Ctrl Pts',(-0.801577933381964,-0.12656952073748,
-5.85437460991352));
#2515=CARTESIAN_POINT('Ctrl Pts',(-0.794893245888011,0.16337611363427,-5.87290111184363));
#2516=CARTESIAN_POINT('Ctrl Pts',(-0.667924002257539,0.384142588930372,
-5.89142761377374));
#2517=CARTESIAN_POINT('Ctrl Pts',(-0.540954758627065,0.604909064226477,
-5.90995411570384));
#2518=CARTESIAN_POINT('Ctrl Pts',(-0.293700958860064,0.756496380446924,
-5.92848061763395));
#2519=CARTESIAN_POINT('Ctrl Pts',(-0.0393590910229912,0.769505596714995,
-5.94700711956406));
#2520=CARTESIAN_POINT('Ctrl Pts',(0.214982776814078,0.782514812983067,-5.96553362149416));
#2521=CARTESIAN_POINT('Ctrl Pts',(0.476412712721223,0.656945929298768,-5.98406012342426));
#2522=CARTESIAN_POINT('Ctrl Pts',(0.625244181454037,0.450286258928394,-6.00258662535437));
#2523=CARTESIAN_POINT('Ctrl Pts',(0.718344217510851,0.321012369966704,-6.01417569326041));
#2524=CARTESIAN_POINT('Ctrl Pts',(0.767384441375107,0.160007633138285,-6.02576476116644));
#2525=CARTESIAN_POINT('Ctrl Pts',(0.768304539837525,-0.000482293413501083,
-6.03735382907248));
#2526=CARTESIAN_POINT('Origin',(0.,0.,-10.));
#2527=CARTESIAN_POINT('',(0.770228433262756,-0.000417128237049883,-6.43764617092751));
#2528=CARTESIAN_POINT('',(0.77031716421612,-0.000348663041236722,-6.38735382907248));
#2529=CARTESIAN_POINT('',(0.76925,9.42059550244101E-17,-10.));
#2530=CARTESIAN_POINT('Ctrl Pts',(0.770228433262756,-0.000417128237049883,
-6.43764617092751));
#2531=CARTESIAN_POINT('Ctrl Pts',(0.768718602205619,0.230355437574192,-6.42087482182811));
#2532=CARTESIAN_POINT('Ctrl Pts',(0.658058757880643,0.462383660938748,-6.40410347272871));
#2533=CARTESIAN_POINT('Ctrl Pts',(0.477002205254957,0.60510898353151,-6.38733212362931));
#2534=CARTESIAN_POINT('Ctrl Pts',(0.276997748141957,0.762770776200554,-6.36880562169921));
#2535=CARTESIAN_POINT('Ctrl Pts',(-0.00890869533671929,0.811460192892238,
-6.3502791197691));
#2536=CARTESIAN_POINT('Ctrl Pts',(-0.249824878639854,0.728886490326999,
-6.33175261783899));
#2537=CARTESIAN_POINT('Ctrl Pts',(-0.490741061942985,0.646312787761761,
-6.31322611590889));
#2538=CARTESIAN_POINT('Ctrl Pts',(-0.686666985070576,0.432475965939605,
-6.29469961397878));
#2539=CARTESIAN_POINT('Ctrl Pts',(-0.747904829667075,0.1852737205577,-6.27617311204867));
#2540=CARTESIAN_POINT('Ctrl Pts',(-0.809142674263573,-0.0619285248242047,
-6.25764661011857));
#2541=CARTESIAN_POINT('Ctrl Pts',(-0.73569244032898,-0.342496193765858,
-6.23912010818846));
#2542=CARTESIAN_POINT('Ctrl Pts',(-0.561180743660058,-0.527981210568873,
-6.22059360625836));
#2543=CARTESIAN_POINT('Ctrl Pts',(-0.386669046991137,-0.713466227371889,
-6.20206710432825));
#2544=CARTESIAN_POINT('Ctrl Pts',(-0.111095887587889,-0.803868592036266,
-6.18354060239814));
#2545=CARTESIAN_POINT('Ctrl Pts',(0.139377220028095,-0.757800749739579,
-6.16501410046804));
#2546=CARTESIAN_POINT('Ctrl Pts',(0.389850327644079,-0.711732907442893,
-6.14648759853793));
#2547=CARTESIAN_POINT('Ctrl Pts',(0.615223383472797,-0.529194858185143,
-6.12796109660783));
#2548=CARTESIAN_POINT('Ctrl Pts',(0.712317231324718,-0.293755251402452,
-6.10943459467772));
#2549=CARTESIAN_POINT('Ctrl Pts',(0.750380216420643,-0.201457598747595,
-6.10217178676099));
#2550=CARTESIAN_POINT('Ctrl Pts',(0.768729029830472,-0.101029942766734,
-6.09490897884425));
#2551=CARTESIAN_POINT('Ctrl Pts',(0.76822382144585,-0.000425265892745279,
-6.08764617092751));
#2552=CARTESIAN_POINT('Ctrl Pts',(0.768304539837525,-0.000482293413501083,
-6.03735382907248));
#2553=CARTESIAN_POINT('Ctrl Pts',(0.768855328083001,-0.0965545820572915,
-6.04429126309655));
#2554=CARTESIAN_POINT('Ctrl Pts',(0.752162535102754,-0.192442391281155,
-6.05122869712062));
#2555=CARTESIAN_POINT('Ctrl Pts',(0.717355176026547,-0.281228648700268,
-6.05816613114469));
#2556=CARTESIAN_POINT('Ctrl Pts',(0.624401700307756,-0.518333428902092,
-6.0766926330748));
#2557=CARTESIAN_POINT('Ctrl Pts',(0.402261747311691,-0.704792532249286,
-6.0952191350049));
#2558=CARTESIAN_POINT('Ctrl Pts',(0.152634310388894,-0.755242192090698,
-6.11374563693501));
#2559=CARTESIAN_POINT('Ctrl Pts',(-0.0969931265339027,-0.805691851932111,
-6.13227213886511));
#2560=CARTESIAN_POINT('Ctrl Pts',(-0.374108047383431,-0.72013206826774,
-6.15079864079522));
#2561=CARTESIAN_POINT('Ctrl Pts',(-0.551843096185632,-0.537733389900714,
-6.16932514272533));
#2562=CARTESIAN_POINT('Ctrl Pts',(-0.729578144987833,-0.355334711533687,
-6.18785164465544));
#2563=CARTESIAN_POINT('Ctrl Pts',(-0.807933321742708,-0.0760971384640037,
-6.20637814658554));
#2564=CARTESIAN_POINT('Ctrl Pts',(-0.751036454460035,0.172140191396307,
-6.22490464851564));
#2565=CARTESIAN_POINT('Ctrl Pts',(-0.694139587177362,0.420377521256618,
-6.24343115044575));
#2566=CARTESIAN_POINT('Ctrl Pts',(-0.50199067585714,0.637614607907557,-6.26195765237586));
#2567=CARTESIAN_POINT('Ctrl Pts',(-0.262558366351273,0.724397063550652,
-6.28048415430596));
#2568=CARTESIAN_POINT('Ctrl Pts',(-0.0231260568454062,0.811179519193747,
-6.29901065623607));
#2569=CARTESIAN_POINT('Ctrl Pts',(0.263589650846106,0.767507343828998,-6.31753715816617));
#2570=CARTESIAN_POINT('Ctrl Pts',(0.466326016920074,0.613374312606353,-6.33606366009628));
#2571=CARTESIAN_POINT('Ctrl Pts',(0.653416246055667,0.471136466051053,-6.35316038308835));
#2572=CARTESIAN_POINT('Ctrl Pts',(0.768989133424186,0.234829451672908,-6.37025710608041));
#2573=CARTESIAN_POINT('Ctrl Pts',(0.77031716421612,-0.000348663041236722,
-6.38735382907248));
#2574=CARTESIAN_POINT('Origin',(0.,0.,-10.));
#2575=CARTESIAN_POINT('',(0.769484398550764,0.000683589596886351,-6.78764617092751));
#2576=CARTESIAN_POINT('',(0.769347908998201,0.000698062924673337,-6.73735382907248));
#2577=CARTESIAN_POINT('',(0.76925,9.42059550244101E-17,-10.));
#2578=CARTESIAN_POINT('Ctrl Pts',(0.769484398550764,0.000683589596886351,
-6.78764617092751));
#2579=CARTESIAN_POINT('Ctrl Pts',(0.769961427447318,0.0524477010536062,
-6.78389366867219));
#2580=CARTESIAN_POINT('Ctrl Pts',(0.765184294974833,0.104124260650895,-6.78014116641686));
#2581=CARTESIAN_POINT('Ctrl Pts',(0.75483033467985,0.154658176685663,-6.77638866416154));
#2582=CARTESIAN_POINT('Ctrl Pts',(0.70371173372044,0.4041494838862,-6.75786216223143));
#2583=CARTESIAN_POINT('Ctrl Pts',(0.516657859498699,0.625788834767393,-6.73933566030133));
#2584=CARTESIAN_POINT('Ctrl Pts',(0.279304773668999,0.718106419115118,-6.72080915837123));
#2585=CARTESIAN_POINT('Ctrl Pts',(0.041951687839299,0.810424003462844,-6.70228265644112));
#2586=CARTESIAN_POINT('Ctrl Pts',(-0.24570060959836,0.773419821277101,-6.683756154511));
#2587=CARTESIAN_POINT('Ctrl Pts',(-0.451960594045075,0.62403494068766,-6.6652296525809));
#2588=CARTESIAN_POINT('Ctrl Pts',(-0.658220578491789,0.474650060098219,
-6.64670315065079));
#2589=CARTESIAN_POINT('Ctrl Pts',(-0.783088249947559,0.21288448110508,-6.6281766487207));
#2590=CARTESIAN_POINT('Ctrl Pts',(-0.769397320593356,-0.0414215986218875,
-6.60965014679059));
#2591=CARTESIAN_POINT('Ctrl Pts',(-0.755706391239154,-0.295727678348854,
-6.59112364486048));
#2592=CARTESIAN_POINT('Ctrl Pts',(-0.60345686107498,-0.542574258809649,
-6.57259714293037));
#2593=CARTESIAN_POINT('Ctrl Pts',(-0.382350842426679,-0.668951283027573,
-6.55407064100026));
#2594=CARTESIAN_POINT('Ctrl Pts',(-0.161244823778376,-0.795328307245499,
-6.53554413907016));
#2595=CARTESIAN_POINT('Ctrl Pts',(0.128717683354057,-0.80123577522055,-6.51701763714006));
#2596=CARTESIAN_POINT('Ctrl Pts',(0.354787505816291,-0.683969159747195,
-6.49849113520995));
#2597=CARTESIAN_POINT('Ctrl Pts',(0.580857328278523,-0.566702544273842,
-6.47996463327985));
#2598=CARTESIAN_POINT('Ctrl Pts',(0.743034466070559,-0.326261845352085,
-6.46143813134974));
#2599=CARTESIAN_POINT('Ctrl Pts',(0.767071799592917,-0.0727244115680081,
-6.44291162941963));
#2600=CARTESIAN_POINT('Ctrl Pts',(0.76934903434201,-0.0487049314592032,
-6.44115647658892));
#2601=CARTESIAN_POINT('Ctrl Pts',(0.770386439886917,-0.0245679058359275,
-6.43940132375822));
#2602=CARTESIAN_POINT('Ctrl Pts',(0.770228433262756,-0.000417128237049883,
-6.43764617092751));
#2603=CARTESIAN_POINT('Ctrl Pts',(0.77031716421612,-0.000348663041236722,
-6.38735382907248));
#2604=CARTESIAN_POINT('Ctrl Pts',(0.77042822587725,-0.020016333580359,-6.38878360801052));
#2605=CARTESIAN_POINT('Ctrl Pts',(0.769740284010366,-0.0396761088422551,
-6.39021338694856));
#2606=CARTESIAN_POINT('Ctrl Pts',(0.768228348072414,-0.0592723092159102,
-6.3916431658866));
#2607=CARTESIAN_POINT('Ctrl Pts',(0.748637288694357,-0.313192012734962,
-6.41016966781671));
#2608=CARTESIAN_POINT('Ctrl Pts',(0.590698145481831,-0.556437532692521,
-6.42869616974681));
#2609=CARTESIAN_POINT('Ctrl Pts',(0.366717820721993,-0.677647431476553,
-6.44722267167691));
#2610=CARTESIAN_POINT('Ctrl Pts',(0.142737495962155,-0.798857330260585,
-6.46574917360702));
#2611=CARTESIAN_POINT('Ctrl Pts',(-0.14728401034499,-0.798031607871087,
-6.48427567553713));
#2612=CARTESIAN_POINT('Ctrl Pts',(-0.370570514340408,-0.675548292369497,
-6.50280217746723));
#2613=CARTESIAN_POINT('Ctrl Pts',(-0.593857018335829,-0.553064976867905,
-6.52132867939734));
#2614=CARTESIAN_POINT('Ctrl Pts',(-0.750408520019519,-0.308924068254209,
-6.53985518132745));
#2615=CARTESIAN_POINT('Ctrl Pts',(-0.768553400153176,-0.0548969264608672,
-6.55838168325756));
#2616=CARTESIAN_POINT('Ctrl Pts',(-0.786698280286832,0.199130215332475,
-6.57690818518766));
#2617=CARTESIAN_POINT('Ctrl Pts',(-0.666436538870461,0.463043590305467,
-6.59543468711777));
#2618=CARTESIAN_POINT('Ctrl Pts',(-0.462825800053486,0.616019707660971,
-6.61396118904787));
#2619=CARTESIAN_POINT('Ctrl Pts',(-0.259215061236508,0.768995825016477,
-6.63248769097798));
#2620=CARTESIAN_POINT('Ctrl Pts',(0.0277446749810736,0.811034684754488,
-6.65101419290808));
#2621=CARTESIAN_POINT('Ctrl Pts',(0.266678948886547,0.722890268050845,-6.66954069483819));
#2622=CARTESIAN_POINT('Ctrl Pts',(0.505613222792015,0.634745851347205,-6.6880671967683));
#2623=CARTESIAN_POINT('Ctrl Pts',(0.696522034385377,0.416418158201911,-6.7065936986984));
#2624=CARTESIAN_POINT('Ctrl Pts',(0.752004474019649,0.167860872380337,-6.72512020062851));
#2625=CARTESIAN_POINT('Ctrl Pts',(0.764216737191101,0.113150823441543,-6.7291980767765));
#2626=CARTESIAN_POINT('Ctrl Pts',(0.769867782558381,0.0569761931305151,
-6.73327595292449));
#2627=CARTESIAN_POINT('Ctrl Pts',(0.769347908998201,0.000698062924673337,
-6.73735382907248));
#2628=CARTESIAN_POINT('Origin',(0.,0.,-10.));
#2629=CARTESIAN_POINT('',(0.767985848926281,7.04565535000038E-7,-7.13764617092751));
#2630=CARTESIAN_POINT('',(0.767992263408719,-7.32658605766268E-5,-7.08735382907248));
#2631=CARTESIAN_POINT('',(0.76925,9.42059550244101E-17,-10.));
#2632=CARTESIAN_POINT('Ctrl Pts',(0.767985920375763,7.04525713144048E-7,
-7.13764617092751));
#2633=CARTESIAN_POINT('Ctrl Pts',(0.767986968620271,0.128372067050827,-7.12838601358616));
#2634=CARTESIAN_POINT('Ctrl Pts',(0.737546584600162,0.256742962232019,-7.1191258562448));
#2635=CARTESIAN_POINT('Ctrl Pts',(0.676662005847036,0.368532923375504,-7.10986569890344));
#2636=CARTESIAN_POINT('Ctrl Pts',(0.554852167827758,0.592187539009514,-7.09133919697334));
#2637=CARTESIAN_POINT('Ctrl Pts',(0.311184171166693,0.749474096361313,-7.07281269504324));
#2638=CARTESIAN_POINT('Ctrl Pts',(0.0572128696303393,0.768384456712452,
-7.05428619311314));
#2639=CARTESIAN_POINT('Ctrl Pts',(-0.196758431906016,0.787294817063592,
-7.03575969118303));
#2640=CARTESIAN_POINT('Ctrl Pts',(-0.46103303831766,0.66782898041407,-7.01723318925292));
#2641=CARTESIAN_POINT('Ctrl Pts',(-0.614622081651374,0.464680193805547,
-6.99870668732281));
#2642=CARTESIAN_POINT('Ctrl Pts',(-0.768211124985089,0.261531407197022,
-6.9801801853927));
#2643=CARTESIAN_POINT('Ctrl Pts',(-0.811114605240872,-0.0253003293705064,
-6.9616536834626));
#2644=CARTESIAN_POINT('Ctrl Pts',(-0.723690667388143,-0.264499156338793,
-6.9431271815325));
#2645=CARTESIAN_POINT('Ctrl Pts',(-0.636266729535416,-0.503697983307073,
-6.92460067960239));
#2646=CARTESIAN_POINT('Ctrl Pts',(-0.418515373574187,-0.695263900676115,
-6.90607417767228));
#2647=CARTESIAN_POINT('Ctrl Pts',(-0.170126427485846,-0.751495165945552,
-6.88754767574218));
#2648=CARTESIAN_POINT('Ctrl Pts',(0.0782625186024991,-0.807726431214989,
-6.86902117381207));
#2649=CARTESIAN_POINT('Ctrl Pts',(0.357289054817956,-0.728623044384818,
-6.85049467188197));
#2650=CARTESIAN_POINT('Ctrl Pts',(0.539210659077146,-0.550399719209792,
-6.83196816995186));
#2651=CARTESIAN_POINT('Ctrl Pts',(0.684284442152914,-0.408275136916386,
-6.81719417027708));
#2652=CARTESIAN_POINT('Ctrl Pts',(0.767606285152552,-0.203117211519686,
-6.80242017060229));
#2653=CARTESIAN_POINT('Ctrl Pts',(0.769484398550764,0.000683589596886351,
-6.78764617092751));
#2654=CARTESIAN_POINT('Ctrl Pts',(0.769347908998201,0.000698062924673337,
-6.73735382907248));
#2655=CARTESIAN_POINT('Ctrl Pts',(0.767505906383983,-0.198705159133058,
-6.7518024548546));
#2656=CARTESIAN_POINT('Ctrl Pts',(0.688193670428982,-0.399407727543616,
-6.76625108063671));
#2657=CARTESIAN_POINT('Ctrl Pts',(0.548772205100664,-0.540866959917883,
-6.78069970641883));
#2658=CARTESIAN_POINT('Ctrl Pts',(0.370001428872219,-0.722250627896669,
-6.79922620834893));
#2659=CARTESIAN_POINT('Ctrl Pts',(0.0924038087401463,-0.806231085356383,
-6.81775271027904));
#2660=CARTESIAN_POINT('Ctrl Pts',(-0.156932312369519,-0.754360822654658,
-6.83627921220914));
#2661=CARTESIAN_POINT('Ctrl Pts',(-0.406268433479182,-0.702490559952934,
-6.85480571413925));
#2662=CARTESIAN_POINT('Ctrl Pts',(-0.627343055566438,-0.514769577089771,
-6.87333221606936));
#2663=CARTESIAN_POINT('Ctrl Pts',(-0.71894490970649,-0.277139348034495,
-6.89185871799946));
#2664=CARTESIAN_POINT('Ctrl Pts',(-0.810546763846542,-0.0395091189792167,
-6.91038521992957));
#2665=CARTESIAN_POINT('Ctrl Pts',(-0.772675850039393,0.248030356268174,
-6.92891172185968));
#2666=CARTESIAN_POINT('Ctrl Pts',(-0.622670039116051,0.453839204795126,
-6.94743822378978));
#2667=CARTESIAN_POINT('Ctrl Pts',(-0.47266422819271,0.659648053322077,-6.96596472571989));
#2668=CARTESIAN_POINT('Ctrl Pts',(-0.210523520153175,0.783726275128589,
-6.98449122765));
#2669=CARTESIAN_POINT('Ctrl Pts',(0.0437401476438928,0.769269004254005,
-7.0030177295801));
#2670=CARTESIAN_POINT('Ctrl Pts',(0.298003815440966,0.754811733379421,-7.02154423151021));
#2671=CARTESIAN_POINT('Ctrl Pts',(0.54439044299557,0.601818969823738,-7.04007073344031));
#2672=CARTESIAN_POINT('Ctrl Pts',(0.670100546651643,0.380333089277053,-7.05859723537042));
#2673=CARTESIAN_POINT('Ctrl Pts',(0.73514240558287,0.265737261425469,-7.06818276660444));
#2674=CARTESIAN_POINT('Ctrl Pts',(0.76787937105697,0.13280594647615,-7.07776829783846));
#2675=CARTESIAN_POINT('Ctrl Pts',(0.767992263408719,-7.32658605766268E-5,
-7.08735382907248));
#2676=CARTESIAN_POINT('Origin',(0.,0.,-10.));
#2677=CARTESIAN_POINT('',(0.769481810893588,-0.00068394431822384,-7.48764617092752));
#2678=CARTESIAN_POINT('',(0.769616965925276,-0.000661131822028618,-7.43735382907248));
#2679=CARTESIAN_POINT('',(0.76925,9.42059550244101E-17,-10.));
#2680=CARTESIAN_POINT('Ctrl Pts',(0.769481810893588,-0.00068394431822384,
-7.48764617092752));
#2681=CARTESIAN_POINT('Ctrl Pts',(0.767604182397783,0.203033268369074,-7.47287835850013));
#2682=CARTESIAN_POINT('Ctrl Pts',(0.684359713399504,0.408106638274363,-7.45811054607275));
#2683=CARTESIAN_POINT('Ctrl Pts',(0.539394033121327,0.550220013087254,-7.44334273364536));
#2684=CARTESIAN_POINT('Ctrl Pts',(0.35753182646894,0.7285039482138,-7.42481623171526));
#2685=CARTESIAN_POINT('Ctrl Pts',(0.0785316645441086,0.80770030776597,-7.40628972978515));
#2686=CARTESIAN_POINT('Ctrl Pts',(-0.169876005114562,0.751551813686153,
-7.38776322785504));
#2687=CARTESIAN_POINT('Ctrl Pts',(-0.418283674773227,0.695403319606337,
-7.36923672592493));
#2688=CARTESIAN_POINT('Ctrl Pts',(-0.63609885216573,0.503909971894533,-7.35071022399483));
#2689=CARTESIAN_POINT('Ctrl Pts',(-0.723602490904764,0.264740289576502,
-7.33218372206472));
#2690=CARTESIAN_POINT('Ctrl Pts',(-0.811106129643798,0.025570607258469,
-7.31365722013462));
#2691=CARTESIAN_POINT('Ctrl Pts',(-0.768298229729367,-0.261275409665796,
-7.29513071820451));
#2692=CARTESIAN_POINT('Ctrl Pts',(-0.614776888082044,-0.464475363877125,
-7.27660421627441));
#2693=CARTESIAN_POINT('Ctrl Pts',(-0.46125554643472,-0.667675318088453,
-7.2580777143443));
#2694=CARTESIAN_POINT('Ctrl Pts',(-0.197020763054504,-0.787229209586846,
-7.23955121241419));
#2695=CARTESIAN_POINT('Ctrl Pts',(0.0569568256848656,-0.768403478503665,
-7.22102471048409));
#2696=CARTESIAN_POINT('Ctrl Pts',(0.310934414424237,-0.749577747420484,
-7.20249820855398));
#2697=CARTESIAN_POINT('Ctrl Pts',(0.554654808522761,-0.592372393755727,
-7.18397170662388));
#2698=CARTESIAN_POINT('Ctrl Pts',(0.67653916588328,-0.368758379965235,-7.16544520469377));
#2699=CARTESIAN_POINT('Ctrl Pts',(0.737501697263569,-0.256914033176312,
-7.15617886010502));
#2700=CARTESIAN_POINT('Ctrl Pts',(0.767984871430861,-0.128456430340975,
-7.14691251551627));
#2701=CARTESIAN_POINT('Ctrl Pts',(0.767985920375763,7.04525713144048E-7,
-7.13764617092751));
#2702=CARTESIAN_POINT('Ctrl Pts',(0.767992263408719,-7.32658605766268E-5,
-7.08735382907248));
#2703=CARTESIAN_POINT('Ctrl Pts',(0.768097564532273,-0.124017272156783,
-7.09629479976856));
#2704=CARTESIAN_POINT('Ctrl Pts',(0.739818764133547,-0.247915947330791,
-7.10523577046465));
#2705=CARTESIAN_POINT('Ctrl Pts',(0.682896837816724,-0.356847180627474,
-7.11417674116074));
#2706=CARTESIAN_POINT('Ctrl Pts',(0.564949445568192,-0.582562572447638,
-7.13270324309084));
#2707=CARTESIAN_POINT('Ctrl Pts',(0.324021081313588,-0.744014358550283,
-7.15122974502095));
#2708=CARTESIAN_POINT('Ctrl Pts',(0.0704123541230852,-0.767287496189468,
-7.16975624695106));
#2709=CARTESIAN_POINT('Ctrl Pts',(-0.183196373067416,-0.790560633828652,
-7.18828274888116));
#2710=CARTESIAN_POINT('Ctrl Pts',(-0.449485463193818,-0.675655123004373,
-7.20680925081126));
#2711=CARTESIAN_POINT('Ctrl Pts',(-0.606543787524731,-0.475176425380102,
-7.22533575274137));
#2712=CARTESIAN_POINT('Ctrl Pts',(-0.763602111855645,-0.27469772775583,
-7.24386225467148));
#2713=CARTESIAN_POINT('Ctrl Pts',(-0.811429670391073,0.0113541566684371,
-7.26238875660159));
#2714=CARTESIAN_POINT('Ctrl Pts',(-0.728130291407447,0.252020396311021,
-7.2809152585317));
#2715=CARTESIAN_POINT('Ctrl Pts',(-0.644830912423821,0.492686635953604,
-7.2994417604618));
#2716=CARTESIAN_POINT('Ctrl Pts',(-0.430404595921141,0.687967230814503,
-7.3179682623919));
#2717=CARTESIAN_POINT('Ctrl Pts',(-0.183018917079247,0.748459803471767,
-7.33649476432201));
#2718=CARTESIAN_POINT('Ctrl Pts',(0.0643667617626484,0.808952376129032,
-7.35502126625211));
#2719=CARTESIAN_POINT('Ctrl Pts',(0.344711802943757,0.734656926582661,-7.37354776818223));
#2720=CARTESIAN_POINT('Ctrl Pts',(0.529670053084637,0.559587022979604,-7.39207427011233));
#2721=CARTESIAN_POINT('Ctrl Pts',(0.680351997325293,0.416960925290856,-7.40716745643238));
#2722=CARTESIAN_POINT('Ctrl Pts',(0.76772526233018,0.207450330100315,-7.42226064275243));
#2723=CARTESIAN_POINT('Ctrl Pts',(0.769616965925276,-0.000661131822028618,
-7.43735382907248));
#2724=CARTESIAN_POINT('Origin',(0.,0.,-10.));
#2725=CARTESIAN_POINT('',(0.770230241045742,0.00041588016907051,-7.83764617092751));
#2726=CARTESIAN_POINT('',(0.770129462421169,0.000478434089163718,-7.78735382907248));
#2727=CARTESIAN_POINT('',(0.76925,9.42059550244101E-17,-10.));
#2728=CARTESIAN_POINT('Ctrl Pts',(0.770230241045742,0.00041588016907051,
-7.83764617092751));
#2729=CARTESIAN_POINT('Ctrl Pts',(0.770387310819664,0.0244813727828368,
-7.8358972053442));
#2730=CARTESIAN_POINT('Ctrl Pts',(0.769357221597645,0.0485332424738382,
-7.83414823976089));
#2731=CARTESIAN_POINT('Ctrl Pts',(0.76709599020696,0.0724688041644609,-7.83239927417758));
#2732=CARTESIAN_POINT('Ctrl Pts',(0.743143141663951,0.326014233583633,-7.81387277224748));
#2733=CARTESIAN_POINT('Ctrl Pts',(0.581046132431584,0.566508959759339,-7.79534627031738));
#2734=CARTESIAN_POINT('Ctrl Pts',(0.355015398056117,0.683850899620446,-7.77681976838727));
#2735=CARTESIAN_POINT('Ctrl Pts',(0.12898466368065,0.801192839481553,-7.75829326645717));
#2736=CARTESIAN_POINT('Ctrl Pts',(-0.160979795837918,0.795381993028061,
-7.73976676452705));
#2737=CARTESIAN_POINT('Ctrl Pts',(-0.38212791351368,0.66907865268764,-7.72124026259695));
#2738=CARTESIAN_POINT('Ctrl Pts',(-0.603276031189444,0.542775312347217,
-7.70271376066684));
#2739=CARTESIAN_POINT('Ctrl Pts',(-0.755607807022402,0.295979478119863,
-7.68418725873674));
#2740=CARTESIAN_POINT('Ctrl Pts',(-0.769383475389274,0.0416779745975153,
-7.66566075680664));
#2741=CARTESIAN_POINT('Ctrl Pts',(-0.783159143756145,-0.212623528924831,
-7.64713425487653));
#2742=CARTESIAN_POINT('Ctrl Pts',(-0.658378704656933,-0.47443070174217,
-7.62860775294642));
#2743=CARTESIAN_POINT('Ctrl Pts',(-0.452168509632969,-0.62388430390973,
-7.61008125101631));
#2744=CARTESIAN_POINT('Ctrl Pts',(-0.245958314609006,-0.773337906077291,
-7.5915547490862));
#2745=CARTESIAN_POINT('Ctrl Pts',(0.0416816363397094,-0.810437937595072,
-7.57302824715611));
#2746=CARTESIAN_POINT('Ctrl Pts',(0.279065471021594,-0.718199449075342,
-7.554501745226));
#2747=CARTESIAN_POINT('Ctrl Pts',(0.51644930570348,-0.625960960555612,-7.5359752432959));
#2748=CARTESIAN_POINT('Ctrl Pts',(0.703577024118534,-0.404383951998368,
-7.51744874136578));
#2749=CARTESIAN_POINT('Ctrl Pts',(0.754778757636091,-0.154909692369287,
-7.49892223943568));
#2750=CARTESIAN_POINT('Ctrl Pts',(0.765166655957081,-0.104295913016634,
-7.49516354993296));
#2751=CARTESIAN_POINT('Ctrl Pts',(0.769959703103548,-0.0525338545616243,
-7.49140486043024));
#2752=CARTESIAN_POINT('Ctrl Pts',(0.769481810893588,-0.00068394431822384,
-7.48764617092752));
#2753=CARTESIAN_POINT('Ctrl Pts',(0.769616965925276,-0.000661131822028618,
-7.43735382907248));
#2754=CARTESIAN_POINT('Ctrl Pts',(0.770047280329731,-0.0480011908194077,
-7.44078714468253));
#2755=CARTESIAN_POINT('Ctrl Pts',(0.766054379873592,-0.0952688521328676,
-7.44422046029259));
#2756=CARTESIAN_POINT('Ctrl Pts',(0.757377276560291,-0.141660376859493,
-7.44765377590265));
#2757=CARTESIAN_POINT('Ctrl Pts',(0.710554790794419,-0.3919935154358,-7.46618027783275));
#2758=CARTESIAN_POINT('Ctrl Pts',(0.527338360162022,-0.616815434928672,
-7.48470677976286));
#2759=CARTESIAN_POINT('Ctrl Pts',(0.291607207240069,-0.713199297607271,
-7.50323328169297));
#2760=CARTESIAN_POINT('Ctrl Pts',(0.0558760543181163,-0.80958316028587,
-7.52175978362307));
#2761=CARTESIAN_POINT('Ctrl Pts',(-0.23236982089339,-0.777528966150195,
-7.54028628555317));
#2762=CARTESIAN_POINT('Ctrl Pts',(-0.441167145011677,-0.631711604756556,
-7.55881278748328));
#2763=CARTESIAN_POINT('Ctrl Pts',(-0.649964469129961,-0.485894243362919,
-7.57733928941339));
#2764=CARTESIAN_POINT('Ctrl Pts',(-0.779313242155028,-0.226313714711316,
-7.5958657913435));
#2765=CARTESIAN_POINT('Ctrl Pts',(-0.769995660939098,0.028190132259693,
-7.61439229327361));
#2766=CARTESIAN_POINT('Ctrl Pts',(-0.760678079723169,0.282693979230704,
-7.63291879520371));
#2767=CARTESIAN_POINT('Ctrl Pts',(-0.612694144266245,0.532121144521123,
-7.65144529713381));
#2768=CARTESIAN_POINT('Ctrl Pts',(-0.393793113830514,0.662280140817709,
-7.66997179906392));
#2769=CARTESIAN_POINT('Ctrl Pts',(-0.174892083394782,0.792439137114296,
-7.68849830099402));
#2770=CARTESIAN_POINT('Ctrl Pts',(0.114926042019756,0.803329964417046,-7.70702480292413));
#2771=CARTESIAN_POINT('Ctrl Pts',(0.342978189368955,0.689966639076884,-7.72555130485424));
#2772=CARTESIAN_POINT('Ctrl Pts',(0.571030336718151,0.576603313736724,-7.74407780678434));
#2773=CARTESIAN_POINT('Ctrl Pts',(0.737316506002008,0.338985835753656,-7.76260430871445));
#2774=CARTESIAN_POINT('Ctrl Pts',(0.765708401539356,0.0858990409370277,
-7.78113081064455));
#2775=CARTESIAN_POINT('Ctrl Pts',(0.768887330294122,0.0575619090102088,
-7.78320515012053));
#2776=CARTESIAN_POINT('Ctrl Pts',(0.770337561387526,0.0290308475524056,
-7.7852794895965));
#2777=CARTESIAN_POINT('Ctrl Pts',(0.770129462421169,0.000478434089163718,
-7.78735382907248));
#2778=CARTESIAN_POINT('Origin',(0.,0.,-10.));
#2779=CARTESIAN_POINT('',(0.768225256302974,0.000426395727363557,-8.18764617092752));
#2780=CARTESIAN_POINT('',(0.768155270548835,0.000364811246460067,-8.13735382907248));
#2781=CARTESIAN_POINT('',(0.76925,9.42059550244101E-17,-10.));
#2782=CARTESIAN_POINT('Ctrl Pts',(0.768225256302974,0.000426395727363557,
-8.18764617092752));
#2783=CARTESIAN_POINT('Ctrl Pts',(0.768731432001982,0.100944896418965,-8.18038955025818));
#2784=CARTESIAN_POINT('Ctrl Pts',(0.750414904407873,0.201286186110058,-8.17313292958884));
#2785=CARTESIAN_POINT('Ctrl Pts',(0.712415076788767,0.293517877023295,-8.1658763089195));
#2786=CARTESIAN_POINT('Ctrl Pts',(0.615399687421149,0.528989824308726,-8.1473498069894));
#2787=CARTESIAN_POINT('Ctrl Pts',(0.390087469362492,0.711602962154967,-8.12882330505928));
#2788=CARTESIAN_POINT('Ctrl Pts',(0.139629726360701,0.757754264445538,-8.11029680312918));
#2789=CARTESIAN_POINT('Ctrl Pts',(-0.110828016641091,0.80390556673611,-8.09177030119907));
#2790=CARTESIAN_POINT('Ctrl Pts',(-0.386431284586017,0.713595033471012,
-8.07324379926897));
#2791=CARTESIAN_POINT('Ctrl Pts',(-0.561004778811485,0.52816817768513,-8.05471729733886));
#2792=CARTESIAN_POINT('Ctrl Pts',(-0.735578273036953,0.34274132189925,-8.03619079540876));
#2793=CARTESIAN_POINT('Ctrl Pts',(-0.809121993542964,0.0621981435925885,
-8.01766429347865));
#2794=CARTESIAN_POINT('Ctrl Pts',(-0.747966524982073,-0.185024493715882,
-7.99913779154854));
#2795=CARTESIAN_POINT('Ctrl Pts',(-0.686811056421183,-0.432247131024353,
-7.98061128961843));
#2796=CARTESIAN_POINT('Ctrl Pts',(-0.490956398793389,-0.646149227334632,
-7.96208478768833));
#2797=CARTESIAN_POINT('Ctrl Pts',(-0.250067744042349,-0.728803203312286,
-7.94355828575823));
#2798=CARTESIAN_POINT('Ctrl Pts',(-0.00917908929130875,-0.811457179289939,
-7.92503178382812));
#2799=CARTESIAN_POINT('Ctrl Pts',(0.276743562582978,-0.762863034934966,
-7.90650528189802));
#2800=CARTESIAN_POINT('Ctrl Pts',(0.476800544593297,-0.605267896426161,
-7.88797877996791));
#2801=CARTESIAN_POINT('Ctrl Pts',(0.657971458550577,-0.462550281714809,
-7.87120124362111));
#2802=CARTESIAN_POINT('Ctrl Pts',(0.768723496792962,-0.230440393324361,
-7.85442370727431));
#2803=CARTESIAN_POINT('Ctrl Pts',(0.770230241045742,0.00041588016907051,
-7.83764617092751));
#2804=CARTESIAN_POINT('Ctrl Pts',(0.770129462421169,0.000478434089163718,
-7.78735382907248));
#2805=CARTESIAN_POINT('Ctrl Pts',(0.768478971727288,-0.225978686452413,
-7.80380599152661));
#2806=CARTESIAN_POINT('Ctrl Pts',(0.662510953085712,-0.453778958443846,
-7.82025815398075));
#2807=CARTESIAN_POINT('Ctrl Pts',(0.487333093641647,-0.596820288917457,
-7.83671031643488));
#2808=CARTESIAN_POINT('Ctrl Pts',(0.290068268415758,-0.757896712305113,
-7.85523681836499));
#2809=CARTESIAN_POINT('Ctrl Pts',(0.00504099617314898,-0.811493447430238,
-7.87376332029508));
#2810=CARTESIAN_POINT('Ctrl Pts',(-0.237258974287873,-0.733073107228557,
-7.89228982222519));
#2811=CARTESIAN_POINT('Ctrl Pts',(-0.479558944748894,-0.654652767026875,
-7.91081632415529));
#2812=CARTESIAN_POINT('Ctrl Pts',(-0.679131613428327,-0.444215351498386,
-7.92934282608541));
#2813=CARTESIAN_POINT('Ctrl Pts',(-0.744609627307337,-0.198102257289209,
-7.94786932801551));
#2814=CARTESIAN_POINT('Ctrl Pts',(-0.810087641186348,0.0480108369199692,
-7.96639582994562));
#2815=CARTESIAN_POINT('Ctrl Pts',(-0.741471000264936,0.329799609809835,
-7.98492233187572));
#2816=CARTESIAN_POINT('Ctrl Pts',(-0.570173429155372,0.51825694602875,-8.00344883380583));
#2817=CARTESIAN_POINT('Ctrl Pts',(-0.398875858045809,0.706714282247665,
-8.02197533573594));
#2818=CARTESIAN_POINT('Ctrl Pts',(-0.124897356748092,0.80184018179563,-8.04050183766604));
#2819=CARTESIAN_POINT('Ctrl Pts',(0.126330618550487,0.760084584923651,-8.05902833959615));
#2820=CARTESIAN_POINT('Ctrl Pts',(0.377558593849069,0.718328988051671,-8.07755484152626));
#2821=CARTESIAN_POINT('Ctrl Pts',(0.606036043148513,0.539691894759748,-8.09608134345636));
#2822=CARTESIAN_POINT('Ctrl Pts',(0.707162572491517,0.305956038490804,-8.11460784538647));
#2823=CARTESIAN_POINT('Ctrl Pts',(0.748548733702393,0.210299340973796,-8.12218983994847));
#2824=CARTESIAN_POINT('Ctrl Pts',(0.768605321402174,0.105414338583209,-8.12977183451047));
#2825=CARTESIAN_POINT('Ctrl Pts',(0.768155270548835,0.000364811246460067,
-8.13735382907248));
#2826=CARTESIAN_POINT('Origin',(0.,0.,-10.));
#2827=CARTESIAN_POINT('',(0.768675267002172,-0.000639873038718476,-8.53764617092751));
#2828=CARTESIAN_POINT('',(0.768795905903849,-0.000667757581653376,-8.48735382907248));
#2829=CARTESIAN_POINT('',(0.76925,9.42059550244101E-17,-10.));
#2830=CARTESIAN_POINT('Ctrl Pts',(0.768675267002172,-0.000639873038718476,
-8.53764617092751));
#2831=CARTESIAN_POINT('Ctrl Pts',(0.767287408758059,0.175910289719228,-8.52488189517215));
#2832=CARTESIAN_POINT('Ctrl Pts',(0.70685319970421,0.353318758631103,-8.51211761941678));
#2833=CARTESIAN_POINT('Ctrl Pts',(0.595511847085079,0.488931105294726,-8.49935334366141));
#2834=CARTESIAN_POINT('Ctrl Pts',(0.433907238744397,0.685763456018031,-8.48082684173131));
#2835=CARTESIAN_POINT('Ctrl Pts',(0.16505857576928,0.794545578345571,-8.4623003398012));
#2836=CARTESIAN_POINT('Ctrl Pts',(-0.087951202392655,0.7654753894022,-8.44377383787109));
#2837=CARTESIAN_POINT('Ctrl Pts',(-0.340960980554591,0.736405200458829,
-8.42524733594098));
#2838=CARTESIAN_POINT('Ctrl Pts',(-0.578131873903345,0.569482700244543,
-8.40672083401088));
#2839=CARTESIAN_POINT('Ctrl Pts',(-0.690883499744213,0.341127506291637,
-8.38819433208077));
#2840=CARTESIAN_POINT('Ctrl Pts',(-0.803635125585081,0.112772312338734,
-8.36966783015066));
#2841=CARTESIAN_POINT('Ctrl Pts',(-0.791967483918066,-0.17701557535279,
-8.35114132822055));
#2842=CARTESIAN_POINT('Ctrl Pts',(-0.661222195634026,-0.395566927037918,
-8.33261482629045));
#2843=CARTESIAN_POINT('Ctrl Pts',(-0.530476907349984,-0.614118278723048,
-8.31408832436034));
#2844=CARTESIAN_POINT('Ctrl Pts',(-0.280653972448915,-0.761433094401783,
-8.29556182243024));
#2845=CARTESIAN_POINT('Ctrl Pts',(-0.0261260674888153,-0.770068447846292,
-8.27703532050014));
#2846=CARTESIAN_POINT('Ctrl Pts',(0.228401837471284,-0.778703801290801,
-8.25850881857003));
#2847=CARTESIAN_POINT('Ctrl Pts',(0.487634712490413,-0.648659692501088,
-8.23998231663992));
#2848=CARTESIAN_POINT('Ctrl Pts',(0.632891869661689,-0.439472259743921,
-8.22145581470981));
#2849=CARTESIAN_POINT('Ctrl Pts',(0.721253445946988,-0.312221171691142,
-8.21018593344905));
#2850=CARTESIAN_POINT('Ctrl Pts',(0.767439141073192,-0.155683675189129,
-8.19891605218828));
#2851=CARTESIAN_POINT('Ctrl Pts',(0.768225256302974,0.000426395727363557,
-8.18764617092752));
#2852=CARTESIAN_POINT('Ctrl Pts',(0.768155270548835,0.000364811246460067,
-8.13735382907248));
#2853=CARTESIAN_POINT('Ctrl Pts',(0.767505628183608,-0.151272771259118,
-8.14829833644058));
#2854=CARTESIAN_POINT('Ctrl Pts',(0.724127256735942,-0.303253166743703,
-8.15924284380868));
#2855=CARTESIAN_POINT('Ctrl Pts',(0.640495318950154,-0.428315010039018,
-8.17018735117678));
#2856=CARTESIAN_POINT('Ctrl Pts',(0.498925926679229,-0.640015583053937,
-8.18871385310689));
#2857=CARTESIAN_POINT('Ctrl Pts',(0.242011532750815,-0.774582109837819,
-8.207240355037));
#2858=CARTESIAN_POINT('Ctrl Pts',(-0.0126286102539237,-0.770408021521872,
-8.2257668569671));
#2859=CARTESIAN_POINT('Ctrl Pts',(-0.26726875325867,-0.766233933205925,
-8.24429335889721));
#2860=CARTESIAN_POINT('Ctrl Pts',(-0.519634645339743,-0.623319229790142,
-8.26281986082731));
#2861=CARTESIAN_POINT('Ctrl Pts',(-0.654189406100573,-0.407092400281823,
-8.28134636275742));
#2862=CARTESIAN_POINT('Ctrl Pts',(-0.7887441668614,-0.190865570773509,-8.29987286468753));
#2863=CARTESIAN_POINT('Ctrl Pts',(-0.805487796301987,0.0986733848273387,
-8.31839936661764));
#2864=CARTESIAN_POINT('Ctrl Pts',(-0.696754810405287,0.32896920159586,-8.33692586854774));
#2865=CARTESIAN_POINT('Ctrl Pts',(-0.588021824508587,0.559265018364384,
-8.35545237047785));
#2866=CARTESIAN_POINT('Ctrl Pts',(-0.353812223274601,0.730317696300581,
-8.37397887240795));
#2867=CARTESIAN_POINT('Ctrl Pts',(-0.10135066556122,0.763816760757677,-8.39250537433805));
#2868=CARTESIAN_POINT('Ctrl Pts',(0.151110892152163,0.797315825214774,-8.41103187626816));
#2869=CARTESIAN_POINT('Ctrl Pts',(0.42182440634494,0.693261276192765,-8.42955837819827));
#2870=CARTESIAN_POINT('Ctrl Pts',(0.586853180767183,0.499290842737955,-8.44808488012838));
#2871=CARTESIAN_POINT('Ctrl Pts',(0.703452031817488,0.362243653496317,-8.46117452977641));
#2872=CARTESIAN_POINT('Ctrl Pts',(0.767293714764043,0.180311011155978,-8.47426417942445));
#2873=CARTESIAN_POINT('Ctrl Pts',(0.768795905903849,-0.000667757581653376,
-8.48735382907248));
#2874=CARTESIAN_POINT('Origin',(0.,0.,-10.));
#2875=CARTESIAN_POINT('',(0.770504594328644,-6.53327002867529E-5,-8.88764617092752));
#2876=CARTESIAN_POINT('',(0.770510975243954,1.82014336384817E-5,-8.83735382907248));
#2877=CARTESIAN_POINT('',(0.76925,9.42059550244101E-17,-10.));
#2878=CARTESIAN_POINT('Ctrl Pts',(0.770504594328644,-6.53327002867529E-5,
-8.88764617092752));
#2879=CARTESIAN_POINT('Ctrl Pts',(0.770199057166658,0.251115641962445,-8.86937424008612));
#2880=CARTESIAN_POINT('Ctrl Pts',(0.635761747574893,0.502577169387034,-8.85110230924472));
#2881=CARTESIAN_POINT('Ctrl Pts',(0.426596626195411,0.641641101362526,-8.83283037840332));
#2882=CARTESIAN_POINT('Ctrl Pts',(0.214517341385081,0.782642521875497,-8.81430387647321));
#2883=CARTESIAN_POINT('Ctrl Pts',(-0.0743865299830718,0.808092602212738,
-8.79577737454311));
#2884=CARTESIAN_POINT('Ctrl Pts',(-0.307850475023387,0.706339912033896,
-8.777250872613));
#2885=CARTESIAN_POINT('Ctrl Pts',(-0.5413144200637,0.604587221855055,-8.75872437068289));
#2886=CARTESIAN_POINT('Ctrl Pts',(-0.719338438776177,0.375631761160129,
-8.74019786875279));
#2887=CARTESIAN_POINT('Ctrl Pts',(-0.760420471914027,0.124292766186961,
-8.72167136682268));
#2888=CARTESIAN_POINT('Ctrl Pts',(-0.801502505051878,-0.127046228786212,
-8.70314486489258));
#2889=CARTESIAN_POINT('Ctrl Pts',(-0.705642552615099,-0.40076875803763,
-8.68461836296247));
#2890=CARTESIAN_POINT('Ctrl Pts',(-0.516726735018239,-0.571560554010223,
-8.66609186103236));
#2891=CARTESIAN_POINT('Ctrl Pts',(-0.327810917421382,-0.742352349982813,
-8.64756535910225));
#2892=CARTESIAN_POINT('Ctrl Pts',(-0.0458392346644499,-0.810213412676581,
-8.62903885717215));
#2893=CARTESIAN_POINT('Ctrl Pts',(0.200097459171644,-0.744075932072861,
-8.61051235524205));
#2894=CARTESIAN_POINT('Ctrl Pts',(0.446034153007742,-0.67793845146914,-8.59198585331194));
#2895=CARTESIAN_POINT('Ctrl Pts',(0.655935857923,-0.477802427567926,-8.57345935138183));
#2896=CARTESIAN_POINT('Ctrl Pts',(0.733706433527505,-0.235293126057784,
-8.55493284945172));
#2897=CARTESIAN_POINT('Ctrl Pts',(0.757895114589005,-0.159866396821434,
-8.54917062327699));
#2898=CARTESIAN_POINT('Ctrl Pts',(0.769301793195614,-0.0803405931183446,
-8.54340839710225));
#2899=CARTESIAN_POINT('Ctrl Pts',(0.768675267002172,-0.000639873038718476,
-8.53764617092751));
#2900=CARTESIAN_POINT('Ctrl Pts',(0.768795905903849,-0.000667757581653376,
-8.48735382907248));
#2901=CARTESIAN_POINT('Ctrl Pts',(0.769419848602559,-0.0758382058575915,
-8.49279068135455));
#2902=CARTESIAN_POINT('Ctrl Pts',(0.759288992764496,-0.150844092021627,
-8.49822753363662));
#2903=CARTESIAN_POINT('Ctrl Pts',(0.737716697961138,-0.222400708115125,
-8.50366438591869));
#2904=CARTESIAN_POINT('Ctrl Pts',(0.664207406081144,-0.466235507625785,
-8.5221908878488));
#2905=CARTESIAN_POINT('Ctrl Pts',(0.457844787669449,-0.670018788759498,
-8.54071738977891));
#2906=CARTESIAN_POINT('Ctrl Pts',(0.21310473630504,-0.740455517097638,-8.55924389170901));
#2907=CARTESIAN_POINT('Ctrl Pts',(-0.0316353150593738,-0.810892245435778,
-8.57777039363912));
#2908=CARTESIAN_POINT('Ctrl Pts',(-0.314752799376503,-0.747982420978338,
-8.59629689556922));
#2909=CARTESIAN_POINT('Ctrl Pts',(-0.50663229733842,-0.580527102459706,
-8.61482339749933));
#2910=CARTESIAN_POINT('Ctrl Pts',(-0.698511795300334,-0.413071783941075,
-8.63334989942944));
#2911=CARTESIAN_POINT('Ctrl Pts',(-0.799153306907039,-0.141070971361256,
-8.65187640135955));
#2912=CARTESIAN_POINT('Ctrl Pts',(-0.762481642684004,0.110949294692814,
-8.67040290328965));
#2913=CARTESIAN_POINT('Ctrl Pts',(-0.725809978460969,0.362969560746883,
-8.68892940521976));
#2914=CARTESIAN_POINT('Ctrl Pts',(-0.551825138408193,0.595009280275203,
-8.70745590714986));
#2915=CARTESIAN_POINT('Ctrl Pts',(-0.320179984883239,0.700837198492147,
-8.72598240907996));
#2916=CARTESIAN_POINT('Ctrl Pts',(-0.0885348313582812,0.806665116709093,
-8.74450891101007));
#2917=CARTESIAN_POINT('Ctrl Pts',(0.200770635638853,0.786281233614661,-8.76303541294018));
#2918=CARTESIAN_POINT('Ctrl Pts',(0.415288045828511,0.649017596239475,-8.78156191487029));
#2919=CARTESIAN_POINT('Ctrl Pts',(0.630625278032948,0.511229377891352,-8.80015921960435));
#2920=CARTESIAN_POINT('Ctrl Pts',(0.770599869871776,0.255666331492209,-8.81875652433841));
#2921=CARTESIAN_POINT('Ctrl Pts',(0.770510975243954,1.82014336384817E-5,
-8.83735382907248));
#2922=CARTESIAN_POINT('Origin',(0.,0.,-10.));
#2923=CARTESIAN_POINT('',(0.768866657408226,0.00068012708076444,-9.23764617092752));
#2924=CARTESIAN_POINT('',(0.768742625680507,0.00065653770479561,-9.18735382907248));
#2925=CARTESIAN_POINT('',(0.76925,9.42059550244101E-17,-10.));
#2926=CARTESIAN_POINT('Ctrl Pts',(0.768866657408226,0.00068012708076444,
-9.23764617092752));
#2927=CARTESIAN_POINT('Ctrl Pts',(0.769484971396423,0.073292876768352,-9.23239308693019));
#2928=CARTESIAN_POINT('Ctrl Pts',(0.760039514092476,0.145747943500071,-9.22714000293287));
#2929=CARTESIAN_POINT('Ctrl Pts',(0.739881648169948,0.215088823254742,-9.22188691893555));
#2930=CARTESIAN_POINT('Ctrl Pts',(0.668789173328345,0.459639251777253,-9.20336041700544));
#2931=CARTESIAN_POINT('Ctrl Pts',(0.464453425631916,0.665454744033046,-9.18483391507534));
#2932=CARTESIAN_POINT('Ctrl Pts',(0.220422453041382,0.738310140983442,-9.16630741314523));
#2933=CARTESIAN_POINT('Ctrl Pts',(-0.0236085195491536,0.811165537933839,
-9.14778091121512));
#2934=CARTESIAN_POINT('Ctrl Pts',(-0.307334717033794,0.751060839578836,
-9.12925440928501));
#2935=CARTESIAN_POINT('Ctrl Pts',(-0.500862087538564,0.585512742941104,
-9.1107279073549));
#2936=CARTESIAN_POINT('Ctrl Pts',(-0.694389458043333,0.419964646303372,
-9.0922014054248));
#2937=CARTESIAN_POINT('Ctrl Pts',(-0.797718001568232,0.148973151382913,
-9.0736749034947));
#2938=CARTESIAN_POINT('Ctrl Pts',(-0.763542341279068,-0.103397711683147,
-9.05514840156459));
#2939=CARTESIAN_POINT('Ctrl Pts',(-0.729366680989904,-0.355768574749208,
-9.03662189963449));
#2940=CARTESIAN_POINT('Ctrl Pts',(-0.557686816886675,-0.589518805960869,
-9.01809539770437));
#2941=CARTESIAN_POINT('Ctrl Pts',(-0.327100371469145,-0.697634089941172,
-8.99956889577427));
#2942=CARTESIAN_POINT('Ctrl Pts',(-0.0965139260516175,-0.805749373921474,
-8.98104239384416));
#2943=CARTESIAN_POINT('Ctrl Pts',(0.19297910068021,-0.78822971067042,-8.96251589191406));
#2944=CARTESIAN_POINT('Ctrl Pts',(0.40884447739591,-0.653095844562973,-8.94398938998395));
#2945=CARTESIAN_POINT('Ctrl Pts',(0.62470985411161,-0.517961978455526,-8.92546288805385));
#2946=CARTESIAN_POINT('Ctrl Pts',(0.766947580811182,-0.265213909491683,
-8.90693638612374));
#2947=CARTESIAN_POINT('Ctrl Pts',(0.770439095034715,-0.0105634946654139,
-8.88840988419363));
#2948=CARTESIAN_POINT('Ctrl Pts',(0.770487071634964,-0.00706436495455684,
-8.88815531310493));
#2949=CARTESIAN_POINT('Ctrl Pts',(0.770508851181882,-0.00356487605655702,
-8.88790074201622));
#2950=CARTESIAN_POINT('Ctrl Pts',(0.770504594328644,-6.53327002867529E-5,
-8.88764617092752));
#2951=CARTESIAN_POINT('Ctrl Pts',(0.770510975243954,1.82014336384817E-5,
-8.83735382907248));
#2952=CARTESIAN_POINT('Ctrl Pts',(0.770422757487216,-0.253683344999662,
-8.85580952819862));
#2953=CARTESIAN_POINT('Ctrl Pts',(0.632874091713155,-0.507466860905504,
-8.87426522732477));
#2954=CARTESIAN_POINT('Ctrl Pts',(0.420225520065439,-0.645831645432821,
-8.89272092645092));
#2955=CARTESIAN_POINT('Ctrl Pts',(0.206761150813555,-0.784727247820064,
-8.91124742838103));
#2956=CARTESIAN_POINT('Ctrl Pts',(-0.0823804509576118,-0.807316843295552,
-8.92977393031114));
#2957=CARTESIAN_POINT('Ctrl Pts',(-0.314825935340774,-0.703258580132842,
-8.94830043224124));
#2958=CARTESIAN_POINT('Ctrl Pts',(-0.547271419723934,-0.599200316970134,
-8.96682693417135));
#2959=CARTESIAN_POINT('Ctrl Pts',(-0.723020786719091,-0.368494195169229,
-8.98535343610146));
#2960=CARTESIAN_POINT('Ctrl Pts',(-0.76161334624331,-0.116760922633534,
-9.00387993803156));
#2961=CARTESIAN_POINT('Ctrl Pts',(-0.80020590576753,0.134972349902162,-9.02240643996166));
#2962=CARTESIAN_POINT('Ctrl Pts',(-0.701641657820814,0.407732773172649,
-9.04093294189177));
#2963=CARTESIAN_POINT('Ctrl Pts',(-0.511044791253132,0.576646534599168,
-9.05945944382187));
#2964=CARTESIAN_POINT('Ctrl Pts',(-0.320447924685448,0.745560296025687,
-9.07798594575198));
#2965=CARTESIAN_POINT('Ctrl Pts',(-0.0378184394967957,0.810627395608236,
-9.09651244768209));
#2966=CARTESIAN_POINT('Ctrl Pts',(0.207451661653241,0.742059162198352,-9.1150389496122));
#2967=CARTESIAN_POINT('Ctrl Pts',(0.452721762803275,0.673490928788469,-9.1335654515423));
#2968=CARTESIAN_POINT('Ctrl Pts',(0.660632479914694,0.47128736238616,-9.15209195347241));
#2969=CARTESIAN_POINT('Ctrl Pts',(0.735999170306972,0.228020241783146,-9.17061845540251));
#2970=CARTESIAN_POINT('Ctrl Pts',(0.758692602140313,0.154770828946212,-9.1761969132925));
#2971=CARTESIAN_POINT('Ctrl Pts',(0.76936887997801,0.0777983735350242,-9.18177537118249));
#2972=CARTESIAN_POINT('Ctrl Pts',(0.768742625680507,0.00065653770479561,
-9.18735382907248));
#2973=CARTESIAN_POINT('Origin',(0.,0.,-10.));
#2974=CARTESIAN_POINT('',(0.768118711576364,-0.000334280388819261,-9.58764617092752));
#2975=CARTESIAN_POINT('',(0.768184192808393,-0.000393104352458263,-9.53735382907248));
#2976=CARTESIAN_POINT('',(0.76925,9.42059550244101E-17,-10.));
#2977=CARTESIAN_POINT('Ctrl Pts',(0.768118711576364,-0.000334280388819261,
-9.58764617092752));
#2978=CARTESIAN_POINT('Ctrl Pts',(0.767546465582776,0.148776671416449,-9.57688543184416));
#2979=CARTESIAN_POINT('Ctrl Pts',(0.725710208794612,0.298187143253408,-9.56612469276081));
#2980=CARTESIAN_POINT('Ctrl Pts',(0.644704082429038,0.421958586387864,-9.55536395367746));
#2981=CARTESIAN_POINT('Ctrl Pts',(0.505237811122093,0.635052860151064,-9.53683745174735));
#2982=CARTESIAN_POINT('Ctrl Pts',(0.249665509892965,0.772148774312238,-9.51831094981724));
#2983=CARTESIAN_POINT('Ctrl Pts',(-0.0050040067313312,0.770493449905076,
-9.49978444788714));
#2984=CARTESIAN_POINT('Ctrl Pts',(-0.259673523355629,0.768838125497915,
-9.48125794595703));
#2985=CARTESIAN_POINT('Ctrl Pts',(-0.513440255375093,0.628431562522417,
-9.46273144402693));
#2986=CARTESIAN_POINT('Ctrl Pts',(-0.650128103182834,0.413547822576002,
-9.44420494209682));
#2987=CARTESIAN_POINT('Ctrl Pts',(-0.786815950990574,0.198664082629588,
-9.42567844016671));
#2988=CARTESIAN_POINT('Ctrl Pts',(-0.80642491458659,-0.0906968342877442,
-9.40715193823661));
#2989=CARTESIAN_POINT('Ctrl Pts',(-0.699976605817339,-0.322057920224602,
-9.3886254363065));
#2990=CARTESIAN_POINT('Ctrl Pts',(-0.593528297048088,-0.553419006161461,
-9.3700989343764));
#2991=CARTESIAN_POINT('Ctrl Pts',(-0.361022715913568,-0.726780261117846,
-9.35157243244629));
#2992=CARTESIAN_POINT('Ctrl Pts',(-0.10890498171895,-0.762776025058038,
-9.33304593051618));
#2993=CARTESIAN_POINT('Ctrl Pts',(0.143212752475669,-0.79877178899823,-9.31451942858608));
#2994=CARTESIAN_POINT('Ctrl Pts',(0.414942639730387,-0.697402061922228,
-9.29599292665597));
#2995=CARTESIAN_POINT('Ctrl Pts',(0.581882982364358,-0.505074515989611,
-9.27746642472587));
#2996=CARTESIAN_POINT('Ctrl Pts',(0.701488342619754,-0.367280349191095,
-9.26419300679308));
#2997=CARTESIAN_POINT('Ctrl Pts',(0.767304310416783,-0.182796736099606,
-9.2509195888603));
#2998=CARTESIAN_POINT('Ctrl Pts',(0.768866657408226,0.00068012708076444,
-9.23764617092752));
#2999=CARTESIAN_POINT('Ctrl Pts',(0.768742625680507,0.00065653770479561,
-9.18735382907248));
#3000=CARTESIAN_POINT('Ctrl Pts',(0.767289039692355,-0.178395793129853,
-9.2003018731126));
#3001=CARTESIAN_POINT('Ctrl Pts',(0.70494408051613,-0.358360645705931,-9.21324991715271));
#3002=CARTESIAN_POINT('Ctrl Pts',(0.590643813245806,-0.49480087347256,-9.22619796119283));
#3003=CARTESIAN_POINT('Ctrl Pts',(0.427099102119227,-0.690024193321538,
-9.24472446312294));
#3004=CARTESIAN_POINT('Ctrl Pts',(0.157187016192933,-0.796140158215779,
-9.26325096505304));
#3005=CARTESIAN_POINT('Ctrl Pts',(-0.0955226769977884,-0.764567430621886,
-9.28177746698315));
#3006=CARTESIAN_POINT('Ctrl Pts',(-0.348232370188511,-0.732994703027994,
-9.30030396891326));
#3007=CARTESIAN_POINT('Ctrl Pts',(-0.58373967064366,-0.563733282945964,
-9.31883047084336));
#3008=CARTESIAN_POINT('Ctrl Pts',(-0.694225770047545,-0.334273317815374,
-9.33735697277347));
#3009=CARTESIAN_POINT('Ctrl Pts',(-0.80471186945143,-0.104813352684786,
-9.35588347470358));
#3010=CARTESIAN_POINT('Ctrl Pts',(-0.790176767804054,0.184845157494363,
-9.37440997663368));
#3011=CARTESIAN_POINT('Ctrl Pts',(-0.657274934215997,0.402091716257701,
-9.39293647856379));
#3012=CARTESIAN_POINT('Ctrl Pts',(-0.524373100627941,0.619338275021039,
-9.41146298049389));
#3013=CARTESIAN_POINT('Ctrl Pts',(-0.273104535099203,0.764172882368566,
-9.429989482424));
#3014=CARTESIAN_POINT('Ctrl Pts',(-0.0185035898014926,0.770289031829685,
-9.44851598435411));
#3015=CARTESIAN_POINT('Ctrl Pts',(0.236097355496217,0.776405181290805,-9.46704248628421));
#3016=CARTESIAN_POINT('Ctrl Pts',(0.494030680562899,0.643802872865519,-9.48556898821432));
#3017=CARTESIAN_POINT('Ctrl Pts',(0.63721035575696,0.433187638985632,-9.50409549014442));
#3018=CARTESIAN_POINT('Ctrl Pts',(0.722887946759261,0.307157140293989,-9.51518160312044));
#3019=CARTESIAN_POINT('Ctrl Pts',(0.76747533769978,0.153192308202993,-9.52626771609646));
#3020=CARTESIAN_POINT('Ctrl Pts',(0.768184192808393,-0.000393104352458262,
-9.53735382907248));
#3021=CARTESIAN_POINT('Origin',(0.,0.,-10.));
#3022=CARTESIAN_POINT('',(0.769954525254601,-0.000843062804205814,-9.93764617092752));
#3023=CARTESIAN_POINT('',(0.770165673001979,-0.000506714446053217,-9.88735382907248));
#3024=CARTESIAN_POINT('',(0.76925,9.42059550244101E-17,-10.));
#3025=CARTESIAN_POINT('Ctrl Pts',(0.769954525254601,-0.000843062804205814,
-9.93764617092752));
#3026=CARTESIAN_POINT('Ctrl Pts',(0.768194249410161,0.222972007906951,-9.92137777675813));
#3027=CARTESIAN_POINT('Ctrl Pts',(0.665036564175784,0.448827404292702,-9.90510938258875));
#3028=CARTESIAN_POINT('Ctrl Pts',(0.493268358876887,0.592116838170913,-9.88884098841936));
#3029=CARTESIAN_POINT('Ctrl Pts',(0.297658149665843,0.755295326820051,-9.87031448648926));
#3030=CARTESIAN_POINT('Ctrl Pts',(0.013068803216998,0.811396240452693,-9.85178798455915));
#3031=CARTESIAN_POINT('Ctrl Pts',(-0.23002075423315,0.735302485631295,-9.83326148262904));
#3032=CARTESIAN_POINT('Ctrl Pts',(-0.473110311683297,0.659208730809898,
-9.81473498069894));
#3033=CARTESIAN_POINT('Ctrl Pts',(-0.674700080134747,0.450920307534461,
-9.79620847876883));
#3034=CARTESIAN_POINT('Ctrl Pts',(-0.742597428164297,0.205506052268038,
-9.77768197683872));
#3035=CARTESIAN_POINT('Ctrl Pts',(-0.810494776193846,-0.0399082029983857,
-9.75915547490862));
#3036=CARTESIAN_POINT('Ctrl Pts',(-0.744699703801495,-0.322448290255797,
-9.74062897297852));
#3037=CARTESIAN_POINT('Ctrl Pts',(-0.575282600478513,-0.512612034116258,
-9.72210247104841));
#3038=CARTESIAN_POINT('Ctrl Pts',(-0.405865497155531,-0.702775777976719,
-9.7035759691183));
#3039=CARTESIAN_POINT('Ctrl Pts',(-0.13282636290192,-0.800563178440232,
-9.6850494671882));
#3040=CARTESIAN_POINT('Ctrl Pts',(0.118806215083854,-0.761285274538996,
-9.66652296525809));
#3041=CARTESIAN_POINT('Ctrl Pts',(0.370438793069629,-0.722007370637761,
-9.64799646332798));
#3042=CARTESIAN_POINT('Ctrl Pts',(0.600664814787567,-0.545664162371778,
-9.62946996139788));
#3043=CARTESIAN_POINT('Ctrl Pts',(0.704097704954155,-0.312946241556172,
-9.61094345946777));
#3044=CARTESIAN_POINT('Ctrl Pts',(0.747453719954627,-0.21539775722484,-9.60317769662102));
#3045=CARTESIAN_POINT('Ctrl Pts',(0.76853168754779,-0.107944016170314,-9.59541193377427));
#3046=CARTESIAN_POINT('Ctrl Pts',(0.768118711576364,-0.000334280388819261,
-9.58764617092752));
#3047=CARTESIAN_POINT('Ctrl Pts',(0.768184192808393,-0.000393104352458262,
-9.53735382907248));
#3048=CARTESIAN_POINT('Ctrl Pts',(0.768659937348575,-0.103471181362728,
-9.54479421802657));
#3049=CARTESIAN_POINT('Ctrl Pts',(0.749371228592524,-0.206378354318253,
-9.55223460698065));
#3050=CARTESIAN_POINT('Ctrl Pts',(0.709475131538111,-0.300555161461873,
-9.55967499593474));
#3051=CARTESIAN_POINT('Ctrl Pts',(0.610134206803765,-0.535054568695003,
-9.57820149786485));
#3052=CARTESIAN_POINT('Ctrl Pts',(0.383026332013636,-0.715425223826775,
-9.59672799979496));
#3053=CARTESIAN_POINT('Ctrl Pts',(0.1321238291017,-0.759097166009319,-9.61525450172506));
#3054=CARTESIAN_POINT('Ctrl Pts',(-0.118778673810236,-0.802769108191863,
-9.63378100365517));
#3055=CARTESIAN_POINT('Ctrl Pts',(-0.393475804843979,-0.70974233742518,
-9.65230750558527));
#3056=CARTESIAN_POINT('Ctrl Pts',(-0.566205098617065,-0.522593726375507,
-9.67083400751538));
#3057=CARTESIAN_POINT('Ctrl Pts',(-0.738934392390151,-0.335445115325835,
-9.68936050944548));
#3058=CARTESIAN_POINT('Ctrl Pts',(-0.809695848902581,-0.0541746639931752,
-9.70788701137559));
#3059=CARTESIAN_POINT('Ctrl Pts',(-0.746097624189572,0.192424731446372,
-9.7264135133057));
#3060=CARTESIAN_POINT('Ctrl Pts',(-0.682499399476563,0.43902412688592,-9.74494001523581));
#3061=CARTESIAN_POINT('Ctrl Pts',(-0.484541493538115,0.650952466432355,
-9.76346651716591));
#3062=CARTESIAN_POINT('Ctrl Pts',(-0.242844776611883,0.731229528964845,
-9.78199301909602));
#3063=CARTESIAN_POINT('Ctrl Pts',(-0.00114805968565213,0.811506591497335,
-9.80051952102612));
#3064=CARTESIAN_POINT('Ctrl Pts',(0.284287468228362,0.760132377015881,-9.81904602295623));
#3065=CARTESIAN_POINT('Ctrl Pts',(0.482771467063819,0.600543824981296,-9.83757252488634));
#3066=CARTESIAN_POINT('Ctrl Pts',(0.660549088178106,0.457603974392625,-9.85416629294838));
#3067=CARTESIAN_POINT('Ctrl Pts',(0.768570896641105,0.227850480196613,-9.87076006101043));
#3068=CARTESIAN_POINT('Ctrl Pts',(0.770165673001979,-0.000506714446053217,
-9.88735382907248));
#3069=CARTESIAN_POINT('Origin',(0.,0.,-10.6468837752346));
#3070=CARTESIAN_POINT('',(0.569812210073961,-0.0003996535351066,-0.321883775234561));
#3071=CARTESIAN_POINT('',(0.568347960234936,-0.000149434462613021,-0.253116224765455));
#3072=CARTESIAN_POINT('',(0.56925,-7.21643875024678E-14,-10.6468837752346));
#3073=CARTESIAN_POINT('',(0.499177698232456,-0.275531290669268,-3.19189119579733E-15));
#3074=CARTESIAN_POINT('Ctrl Pts',(0.569812210073961,-0.000399653535106581,
-0.321883775234561));
#3075=CARTESIAN_POINT('Ctrl Pts',(0.568503150499284,0.163653761438753,-0.305784679054474));
#3076=CARTESIAN_POINT('Ctrl Pts',(0.407863299683357,0.518733877866428,-0.271159080944281));
#3077=CARTESIAN_POINT('Ctrl Pts',(-0.194956471290673,0.643969916674769,
-0.218006980903985));
#3078=CARTESIAN_POINT('Ctrl Pts',(-0.646888934702595,0.185379020062623,
-0.162427475113666));
#3079=CARTESIAN_POINT('Ctrl Pts',(-0.506338988502859,-0.443124513817208,
-0.106847969323346));
#3080=CARTESIAN_POINT('Ctrl Pts',(0.0818918376955159,-0.659808086612331,
-0.0527054776187931));
#3081=CARTESIAN_POINT('Ctrl Pts',(0.41423387508914,-0.427368578984094,-0.0170894878443457));
#3082=CARTESIAN_POINT('Ctrl Pts',(0.499177698232456,-0.275531290669268,
-3.22604356423062E-15));
#3083=CARTESIAN_POINT('',(-0.09544132486646,-0.561192049130897,0.));
#3084=CARTESIAN_POINT('Origin',(0.,0.,0.));
#3085=CARTESIAN_POINT('Ctrl Pts',(0.568347960234936,-0.000149434462613021,
-0.253116224765455));
#3086=CARTESIAN_POINT('Ctrl Pts',(0.568062460476395,0.105159067810574,-0.242850157564061));
#3087=CARTESIAN_POINT('Ctrl Pts',(0.489483904650756,0.400882143793191,-0.21405758843256));
#3088=CARTESIAN_POINT('Ctrl Pts',(0.0136999170984292,0.672523825828187,
-0.166738517370956));
#3089=CARTESIAN_POINT('Ctrl Pts',(-0.558194940806614,0.376531783518471,
-0.111159011580635));
#3090=CARTESIAN_POINT('Ctrl Pts',(-0.617988357692095,-0.265676151736858,
-0.0555795057903175));
#3091=CARTESIAN_POINT('Ctrl Pts',(-0.282086496445859,-0.529449506657151,
-0.0185265019301061));
#3092=CARTESIAN_POINT('Ctrl Pts',(-0.09544132486646,-0.561192049130897,
0.));
#3093=CARTESIAN_POINT('Origin',(0.,0.,-10.6468837752346));
#3094=CARTESIAN_POINT('',(0.569627586753224,0.000463859751202188,-0.671883775234561));
#3095=CARTESIAN_POINT('',(0.569722211034529,-0.00043421779579134,-0.603116224765453));
#3096=CARTESIAN_POINT('',(0.56925,-7.21643875024678E-14,-10.6468837752346));
#3097=CARTESIAN_POINT('Ctrl Pts',(0.569627586753224,0.000463859751202327,
-0.671883775234561));
#3098=CARTESIAN_POINT('Ctrl Pts',(0.569904816605483,0.0318781670127267,
-0.66880352589855));
#3099=CARTESIAN_POINT('Ctrl Pts',(0.553247537591717,0.251943145141842,-0.647196774632435));
#3100=CARTESIAN_POINT('Ctrl Pts',(0.266448099086013,0.617862974821799,-0.607063521436214));
#3101=CARTESIAN_POINT('Ctrl Pts',(-0.374699857458787,0.55888102762146,-0.551484015645893));
#3102=CARTESIAN_POINT('Ctrl Pts',(-0.672763365436851,-0.0118271295296752,
-0.495904509855576));
#3103=CARTESIAN_POINT('Ctrl Pts',(-0.354820911504918,-0.571709763924666,
-0.440325004065257));
#3104=CARTESIAN_POINT('Ctrl Pts',(0.287999175819235,-0.608110725249803,
-0.38474549827494));
#3105=CARTESIAN_POINT('Ctrl Pts',(0.557312737661441,-0.238456343739111,
-0.345265088664707));
#3106=CARTESIAN_POINT('Ctrl Pts',(0.570009588777904,-0.0251354646864504,
-0.324311180984581));
#3107=CARTESIAN_POINT('Ctrl Pts',(0.569812210073961,-0.000399653535106581,
-0.321883775234561));
#3108=CARTESIAN_POINT('Ctrl Pts',(0.569722211034529,-0.000434217795791335,
-0.603116224765453));
#3109=CARTESIAN_POINT('Ctrl Pts',(0.568362281053874,0.160367134992973,-0.58734250247803));
#3110=CARTESIAN_POINT('Ctrl Pts',(0.413223982516085,0.512328641246625,-0.553042278260501));
#3111=CARTESIAN_POINT('Ctrl Pts',(-0.18366486616555,0.647309339374917,-0.500215552112864));
#3112=CARTESIAN_POINT('Ctrl Pts',(-0.64349918864839,0.196643523044758,-0.444636046322546));
#3113=CARTESIAN_POINT('Ctrl Pts',(-0.514105781410757,-0.43410434801957,
-0.389056540532229));
#3114=CARTESIAN_POINT('Ctrl Pts',(0.0859791753384223,-0.667317638789849,
-0.333477034741908));
#3115=CARTESIAN_POINT('Ctrl Pts',(0.511099267816665,-0.359384721713269,
-0.288163596152985));
#3116=CARTESIAN_POINT('Ctrl Pts',(0.568577683270468,-0.084884318069048,
-0.261376659494167));
#3117=CARTESIAN_POINT('Ctrl Pts',(0.568347960234936,-0.000149434462613021,
-0.253116224765455));
#3118=CARTESIAN_POINT('Origin',(0.,0.,-10.6468837752346));
#3119=CARTESIAN_POINT('',(0.568335114794287,0.000112937839326159,-1.02188377523456));
#3120=CARTESIAN_POINT('',(0.569721522820623,0.000434272368516272,-0.953116224765452));
#3121=CARTESIAN_POINT('',(0.56925,-7.21643875024678E-14,-10.6468837752346));
#3122=CARTESIAN_POINT('Ctrl Pts',(0.568335114794287,0.000112937839326088,
-1.02188377523456));
#3123=CARTESIAN_POINT('Ctrl Pts',(0.568491268992632,0.0882043114991956,
-1.01329587081252));
#3124=CARTESIAN_POINT('Ctrl Pts',(0.507764598266376,0.366129419071922,-0.986181464460373));
#3125=CARTESIAN_POINT('Ctrl Pts',(0.0742180717436499,0.668760584338016,
-0.940540556178122));
#3126=CARTESIAN_POINT('Ctrl Pts',(-0.521692227759538,0.424954386173149,
-0.884961050387802));
#3127=CARTESIAN_POINT('Ctrl Pts',(-0.639925558185701,-0.207952718609281,
-0.829381544597486));
#3128=CARTESIAN_POINT('Ctrl Pts',(-0.172223823207416,-0.650452173826916,
-0.773802038807166));
#3129=CARTESIAN_POINT('Ctrl Pts',(0.418511289196728,-0.505861467472473,
-0.721302782352858));
#3130=CARTESIAN_POINT('Ctrl Pts',(0.568237386851364,-0.157066674987447,
-0.687330027828656));
#3131=CARTESIAN_POINT('Ctrl Pts',(0.569627586753224,0.000463859751202327,
-0.671883775234561));
#3132=CARTESIAN_POINT('Ctrl Pts',(0.569721522820623,0.000434272368516216,
-0.953116224765452));
#3133=CARTESIAN_POINT('Ctrl Pts',(0.569959060732248,0.0285181789124248,
-0.950361349322105));
#3134=CARTESIAN_POINT('Ctrl Pts',(0.555304374402488,0.245217184623658,-0.929079971948652));
#3135=CARTESIAN_POINT('Ctrl Pts',(0.277233882115684,0.613099044551235,-0.889272092645092));
#3136=CARTESIAN_POINT('Ctrl Pts',(-0.364849868516656,0.565361334565018,
-0.833692586854773));
#3137=CARTESIAN_POINT('Ctrl Pts',(-0.672866399070493,-3.77930046748367E-5,
-0.778113081064456));
#3138=CARTESIAN_POINT('Ctrl Pts',(-0.364785879709211,-0.565402949585157,
-0.722533575274137));
#3139=CARTESIAN_POINT('Ctrl Pts',(0.277302661238712,-0.613067049898054,
-0.666954069483817));
#3140=CARTESIAN_POINT('Ctrl Pts',(0.555317897023308,-0.245174576299577,
-0.627148285980924));
#3141=CARTESIAN_POINT('Ctrl Pts',(0.569959541672029,-0.0284967563904798,
-0.605869004408136));
#3142=CARTESIAN_POINT('Ctrl Pts',(0.569722211034529,-0.000434217795791335,
-0.603116224765453));
#3143=CARTESIAN_POINT('Origin',(0.,0.,-10.6468837752346));
#3144=CARTESIAN_POINT('',(0.569213011355412,-0.000521060454055713,-1.37188377523456));
#3145=CARTESIAN_POINT('',(0.568359500381757,0.000165807492459695,-1.30311622476545));
#3146=CARTESIAN_POINT('',(0.56925,-7.21643875024678E-14,-10.6468837752346));
#3147=CARTESIAN_POINT('Ctrl Pts',(0.569213011355412,-0.000521060454055661,
-1.37188377523456));
#3148=CARTESIAN_POINT('Ctrl Pts',(0.567895602015036,0.143503684648997,-1.35778821572649));
#3149=CARTESIAN_POINT('Ctrl Pts',(0.439282102898636,0.478921681638277,-1.32516615428832));
#3150=CARTESIAN_POINT('Ctrl Pts',(-0.124494441738034,0.661248945468761,
-1.27401759092003));
#3151=CARTESIAN_POINT('Ctrl Pts',(-0.623119477480181,0.253911697287229,
-1.21843808512972));
#3152=CARTESIAN_POINT('Ctrl Pts',(-0.55119767874817,-0.38591469625991,-1.1628585793394));
#3153=CARTESIAN_POINT('Ctrl Pts',(0.0254172064891363,-0.672386050286224,
-1.10727907354908));
#3154=CARTESIAN_POINT('Ctrl Pts',(0.493259305787911,-0.394064924427915,
-1.0602874721808));
#3155=CARTESIAN_POINT('Ctrl Pts',(0.568154400891304,-0.101833318629386,
-1.03182237274263));
#3156=CARTESIAN_POINT('Ctrl Pts',(0.568335114794287,0.000112937839326088,
-1.02188377523456));
#3157=CARTESIAN_POINT('Ctrl Pts',(0.568359500381757,0.000165807492459695,
-1.30311622476545));
#3158=CARTESIAN_POINT('Ctrl Pts',(0.568580601486373,0.0849105429611758,
-1.29485369423607));
#3159=CARTESIAN_POINT('Ctrl Pts',(0.511049625714156,0.359387233283515,-1.26806466177659));
#3160=CARTESIAN_POINT('Ctrl Pts',(0.0859249709630843,0.667357417306941,
-1.222749127387));
#3161=CARTESIAN_POINT('Ctrl Pts',(-0.514165916284674,0.434030447106056,
-1.16716962159668));
#3162=CARTESIAN_POINT('Ctrl Pts',(-0.643471113397276,-0.196707778099269,
-1.11159011580637));
#3163=CARTESIAN_POINT('Ctrl Pts',(-0.183594898828198,-0.647334490455321,
-1.05601061001605));
#3164=CARTESIAN_POINT('Ctrl Pts',(0.413259519698839,-0.512285345560103,
-1.00318597966908));
#3165=CARTESIAN_POINT('Ctrl Pts',(0.568361621331197,-0.160345731449537,
-0.968887851252211));
#3166=CARTESIAN_POINT('Ctrl Pts',(0.569721522820623,0.000434272368516216,
-0.953116224765452));
#3167=CARTESIAN_POINT('Origin',(0.,0.,-10.6468837752346));
#3168=CARTESIAN_POINT('',(0.570098988299277,0.000198699227069989,-1.72188377523456));
#3169=CARTESIAN_POINT('',(0.569113468523014,-0.000518684722687797,-1.65311622476545));
#3170=CARTESIAN_POINT('',(0.56925,-7.21643875024678E-14,-10.6468837752346));
#3171=CARTESIAN_POINT('Ctrl Pts',(0.570098988299277,0.000198699227070048,
-1.72188377523456));
#3172=CARTESIAN_POINT('Ctrl Pts',(0.570148470993585,0.0111558969908799,
-1.72080706257056));
#3173=CARTESIAN_POINT('Ctrl Pts',(0.564895367054981,0.210600204464365,-1.70120384797647));
#3174=CARTESIAN_POINT('Ctrl Pts',(0.331438241915805,0.585574696759574,-1.66307413145226));
#3175=CARTESIAN_POINT('Ctrl Pts',(-0.312333619636937,0.595983845200529,
-1.60749462566194));
#3176=CARTESIAN_POINT('Ctrl Pts',(-0.670123474987337,0.0606923549786484,
-1.55191511987162));
#3177=CARTESIAN_POINT('Ctrl Pts',(-0.414328228644539,-0.530170871168709,
-1.49633561408131));
#3178=CARTESIAN_POINT('Ctrl Pts',(0.220838339296845,-0.635593786644767,
-1.44075610829098));
#3179=CARTESIAN_POINT('Ctrl Pts',(0.543995315809197,-0.279905140817951,
-1.39927216200874));
#3180=CARTESIAN_POINT('Ctrl Pts',(0.569627139289115,-0.0457952727004568,
-1.3763147176566));
#3181=CARTESIAN_POINT('Ctrl Pts',(0.569213011355412,-0.000521060454055661,
-1.37188377523456));
#3182=CARTESIAN_POINT('Ctrl Pts',(0.569113468523014,-0.000518684722687745,
-1.65311622476545));
#3183=CARTESIAN_POINT('Ctrl Pts',(0.567851622161242,0.140244240295772,-1.63934603915004));
#3184=CARTESIAN_POINT('Ctrl Pts',(0.444041005285544,0.472373382350099,-1.60704935160453));
#3185=CARTESIAN_POINT('Ctrl Pts',(-0.112888659027997,0.663328856940897,
-1.55622616212891));
#3186=CARTESIAN_POINT('Ctrl Pts',(-0.618574660661945,0.264791259066178,
-1.50064665633859));
#3187=CARTESIAN_POINT('Ctrl Pts',(-0.557875197269196,-0.376197137186582,
-1.44506715054827));
#3188=CARTESIAN_POINT('Ctrl Pts',(0.0136314868445554,-0.672728180275428,
-1.38948764475796));
#3189=CARTESIAN_POINT('Ctrl Pts',(0.489551257594987,-0.400777444212372,
-1.34217066949701));
#3190=CARTESIAN_POINT('Ctrl Pts',(0.568084841739786,-0.105106728339122,
-1.31338019616618));
#3191=CARTESIAN_POINT('Ctrl Pts',(0.568359500381757,0.000165807492459695,
-1.30311622476545));
#3192=CARTESIAN_POINT('Origin',(0.,0.,-10.6468837752346));
#3193=CARTESIAN_POINT('',(0.568623711131066,0.000398244870377362,-2.07188377523456));
#3194=CARTESIAN_POINT('',(0.57014101238667,0.000140804003074119,-2.00311622476545));
#3195=CARTESIAN_POINT('',(0.56925,-7.21643875024678E-14,-10.6468837752346));
#3196=CARTESIAN_POINT('Ctrl Pts',(0.568623711131066,0.000398244870377356,
-2.07188377523456));
#3197=CARTESIAN_POINT('Ctrl Pts',(0.569058867034967,0.0678523244208724,
-2.06529940748454));
#3198=CARTESIAN_POINT('Ctrl Pts',(0.526750720342641,0.324574587741629,-2.04018853780441));
#3199=CARTESIAN_POINT('Ctrl Pts',(0.145807245715317,0.656878436841247,-1.99655116619417));
#3200=CARTESIAN_POINT('Ctrl Pts',(-0.472893586573433,0.478665529851439,
-1.94097166040385));
#3201=CARTESIAN_POINT('Ctrl Pts',(-0.658598903487041,-0.137827856457485,
-1.88539215461353));
#3202=CARTESIAN_POINT('Ctrl Pts',(-0.241271361133381,-0.628121934011853,
-1.82981264882322));
#3203=CARTESIAN_POINT('Ctrl Pts',(0.38460711362525,-0.544932205652574,-1.77530985569689));
#3204=CARTESIAN_POINT('Ctrl Pts',(0.569297044923972,-0.17737958913118,-1.73933356450067));
#3205=CARTESIAN_POINT('Ctrl Pts',(0.570098988299277,0.000198699227070048,
-1.72188377523456));
#3206=CARTESIAN_POINT('Ctrl Pts',(0.57014101238667,0.000140804003074214,
-2.00311622476545));
#3207=CARTESIAN_POINT('Ctrl Pts',(0.5701664173632,0.00778532112508617,-2.00236488599412));
#3208=CARTESIAN_POINT('Ctrl Pts',(0.566563056881057,0.203903748471877,-1.98308704529268));
#3209=CARTESIAN_POINT('Ctrl Pts',(0.341648025270755,0.579677193428648,-1.94528270266114));
#3210=CARTESIAN_POINT('Ctrl Pts',(-0.301842596889092,0.601365170638417,
-1.88970319687082));
#3211=CARTESIAN_POINT('Ctrl Pts',(-0.668957107142442,0.0724252066305673,
-1.8341236910805));
#3212=CARTESIAN_POINT('Ctrl Pts',(-0.423554476978275,-0.522829443302254,
-1.77854418529018));
#3213=CARTESIAN_POINT('Ctrl Pts',(0.209667303746936,-0.639365813519772,
-1.72296467949987));
#3214=CARTESIAN_POINT('Ctrl Pts',(0.541590314345932,-0.286649310285042,
-1.68115535932496));
#3215=CARTESIAN_POINT('Ctrl Pts',(0.56954931888878,-0.049139161996509,-1.65787254108015));
#3216=CARTESIAN_POINT('Ctrl Pts',(0.569113468523014,-0.000518684722687745,
-1.65311622476545));
#3217=CARTESIAN_POINT('Origin',(0.,0.,-10.6468837752346));
#3218=CARTESIAN_POINT('',(0.568657370230725,-0.000414259292528372,-2.42188377523455));
#3219=CARTESIAN_POINT('',(0.568698556768651,0.000431763401435234,-2.35311622476545));
#3220=CARTESIAN_POINT('',(0.56925,-7.21643875024678E-14,-10.6468837752346));
#3221=CARTESIAN_POINT('Ctrl Pts',(0.568657370230725,-0.000414259292528339,
-2.42188377523455));
#3222=CARTESIAN_POINT('Ctrl Pts',(0.56782291778419,0.123444999872077,-2.4097917523985));
#3223=CARTESIAN_POINT('Ctrl Pts',(0.467117738603953,0.438307426220067,-2.37917322763235));
#3224=CARTESIAN_POINT('Ctrl Pts',(-0.0525585519419161,0.67081042948652,
-2.33002820093607));
#3225=CARTESIAN_POINT('Ctrl Pts',(-0.592151038632027,0.319540578232463,
-2.27444869514576));
#3226=CARTESIAN_POINT('Ctrl Pts',(-0.589552319029565,-0.324310186113515,
-2.21886918935544));
#3227=CARTESIAN_POINT('Ctrl Pts',(-0.0471418585481841,-0.671212841699813,
-2.16328968356513));
#3228=CARTESIAN_POINT('Ctrl Pts',(0.469061468901308,-0.435244320467532,
-2.11429454552483));
#3229=CARTESIAN_POINT('Ctrl Pts',(0.567834464480372,-0.121943899367089,
-2.08382590941464));
#3230=CARTESIAN_POINT('Ctrl Pts',(0.568623711131066,0.000398244870377356,
-2.07188377523456));
#3231=CARTESIAN_POINT('Ctrl Pts',(0.568698556768651,0.000431763401435277,
-2.35311622476545));
#3232=CARTESIAN_POINT('Ctrl Pts',(0.569150867408186,0.0645312986226423,
-2.34685723090809));
#3233=CARTESIAN_POINT('Ctrl Pts',(0.529560585850525,0.317821968100088,-2.32207173512062));
#3234=CARTESIAN_POINT('Ctrl Pts',(0.157294943800638,0.65422268564125,-2.27875973740305));
#3235=CARTESIAN_POINT('Ctrl Pts',(-0.464433609356045,0.486878264305808,
-2.22318023161273));
#3236=CARTESIAN_POINT('Ctrl Pts',(-0.660912855374286,-0.126266461714511,
-2.16760072582241));
#3237=CARTESIAN_POINT('Ctrl Pts',(-0.252240518550657,-0.623797837888339,
-2.11202122003209));
#3238=CARTESIAN_POINT('Ctrl Pts',(0.378744074608073,-0.551156690859416,
-2.05719305301311));
#3239=CARTESIAN_POINT('Ctrl Pts',(0.569539981772928,-0.180713085479095,
-2.02089138792422));
#3240=CARTESIAN_POINT('Ctrl Pts',(0.57014101238667,0.000140804003074214,
-2.00311622476545));
#3241=CARTESIAN_POINT('Origin',(0.,0.,-10.6468837752346));
#3242=CARTESIAN_POINT('',(0.570119946989261,-0.000172364632257725,-2.77188377523455));
#3243=CARTESIAN_POINT('',(0.568586172587486,-0.000378309196371052,-2.70311622476544));
#3244=CARTESIAN_POINT('',(0.56925,-7.21643875024678E-14,-10.6468837752346));
#3245=CARTESIAN_POINT('Ctrl Pts',(0.570119946989261,-0.000172364632257738,
-2.77188377523455));
#3246=CARTESIAN_POINT('Ctrl Pts',(0.569406340831753,0.178913726692385,-2.75428409731247));
#3247=CARTESIAN_POINT('Ctrl Pts',(0.381918753105797,0.547804234643872,-2.71815791746028));
#3248=CARTESIAN_POINT('Ctrl Pts',(-0.246333886891789,0.626153854782437,
-2.66350523567799));
#3249=CARTESIAN_POINT('Ctrl Pts',(-0.659690032713772,0.132506959923713,
-2.60792572988767));
#3250=CARTESIAN_POINT('Ctrl Pts',(-0.469014248704872,-0.482467271638119,
-2.55234622409735));
#3251=CARTESIAN_POINT('Ctrl Pts',(0.151105012868755,-0.655680035364856,
-2.49676671830703));
#3252=CARTESIAN_POINT('Ctrl Pts',(0.52805438602007,-0.321463869932425,-2.45327923535277));
#3253=CARTESIAN_POINT('Ctrl Pts',(0.569101404028462,-0.0663229847808302,
-2.42831825432861));
#3254=CARTESIAN_POINT('Ctrl Pts',(0.568657370230725,-0.000414259292528339,
-2.42188377523455));
#3255=CARTESIAN_POINT('Ctrl Pts',(0.568586172587486,-0.000378309196371034,
-2.70311622476544));
#3256=CARTESIAN_POINT('Ctrl Pts',(0.567850522032567,0.120186046024166,-2.69134957582206));
#3257=CARTESIAN_POINT('Ctrl Pts',(0.471313100057803,0.431654485767494,-2.66105642494856));
#3258=CARTESIAN_POINT('Ctrl Pts',(-0.0407962744118026,0.671628383666905,
-2.61223677214496));
#3259=CARTESIAN_POINT('Ctrl Pts',(-0.586461001156518,0.329867421664214,
-2.55665726635464));
#3260=CARTESIAN_POINT('Ctrl Pts',(-0.595144490149501,-0.313930020223603,
-2.50107776056432));
#3261=CARTESIAN_POINT('Ctrl Pts',(-0.0588958790857411,-0.670283743782899,
-2.445498254774));
#3262=CARTESIAN_POINT('Ctrl Pts',(0.464817932579723,-0.441889829377337,
-2.39617774284105));
#3263=CARTESIAN_POINT('Ctrl Pts',(0.567812036578929,-0.12520209783983,-2.36538373283819));
#3264=CARTESIAN_POINT('Ctrl Pts',(0.568698556768651,0.000431763401435277,
-2.35311622476545));
#3265=CARTESIAN_POINT('Origin',(0.,0.,-10.6468837752346));
#3266=CARTESIAN_POINT('',(0.569166933686093,0.000520735804608297,-3.12188377523455));
#3267=CARTESIAN_POINT('',(0.570071183736201,-0.000228693132756671,-3.05311622476544));
#3268=CARTESIAN_POINT('',(0.56925,-7.21643875024678E-14,-10.6468837752346));
#3269=CARTESIAN_POINT('Ctrl Pts',(0.569166933686093,0.000520735804608384,
-3.12188377523455));
#3270=CARTESIAN_POINT('Ctrl Pts',(0.569591754535256,0.0473361435293225,
-3.11730294415654));
#3271=CARTESIAN_POINT('Ctrl Pts',(0.5428960723385,0.28301161562523,-3.09419561114843));
#3272=CARTESIAN_POINT('Ctrl Pts',(0.215700442269205,0.637355750656563,-3.05256177621022));
#3273=CARTESIAN_POINT('Ctrl Pts',(-0.418594425875211,0.526809016927694,
-2.9969822704199));
#3274=CARTESIAN_POINT('Ctrl Pts',(-0.669611714642348,-0.0660998131907818,
-2.94140276462958));
#3275=CARTESIAN_POINT('Ctrl Pts',(-0.307512484778873,-0.598485676850537,
-2.88582325883926));
#3276=CARTESIAN_POINT('Ctrl Pts',(0.336154375967186,-0.582880149952143,
-2.83024375304895));
#3277=CARTESIAN_POINT('Ctrl Pts',(0.565671193518365,-0.207514731792384,
-2.79226392518071));
#3278=CARTESIAN_POINT('Ctrl Pts',(0.570157526501907,-0.00960329227068756,
-2.77281059924258));
#3279=CARTESIAN_POINT('Ctrl Pts',(0.570119946989261,-0.000172364632257738,
-2.77188377523455));
#3280=CARTESIAN_POINT('Ctrl Pts',(0.570071183736201,-0.000228693132756656,
-3.05311622476544));
#3281=CARTESIAN_POINT('Ctrl Pts',(0.569174687384418,0.175586548599532,-3.03584192073602));
#3282=CARTESIAN_POINT('Ctrl Pts',(0.387727411821889,0.541559911563792,-3.0000411147765));
#3283=CARTESIAN_POINT('Ctrl Pts',(-0.235324346963522,0.630374074244091,
-2.94571380688687));
#3284=CARTESIAN_POINT('Ctrl Pts',(-0.657266902721197,0.144045966067039,
-2.89013430109655));
#3285=CARTESIAN_POINT('Ctrl Pts',(-0.477396218961722,-0.47417493804919,
-2.83455479530623));
#3286=CARTESIAN_POINT('Ctrl Pts',(0.139592725092175,-0.658227083045238,
-2.77897528951592));
#3287=CARTESIAN_POINT('Ctrl Pts',(0.525204212972855,-0.328216484505803,
-2.73516243266898));
#3288=CARTESIAN_POINT('Ctrl Pts',(0.569008798402599,-0.0696416415733447,
-2.70987607775216));
#3289=CARTESIAN_POINT('Ctrl Pts',(0.568586172587486,-0.000378309196371034,
-2.70311622476544));
#3290=CARTESIAN_POINT('Origin',(0.,0.,-10.6468837752346));
#3291=CARTESIAN_POINT('',(0.568345195820345,-0.000137478983187405,-3.47188377523455));
#3292=CARTESIAN_POINT('',(0.569267294047539,0.000519754724556537,-3.40311622476544));
#3293=CARTESIAN_POINT('',(0.56925,-7.21643875024678E-14,-10.6468837752346));
#3294=CARTESIAN_POINT('Ctrl Pts',(0.568345195820345,-0.000137478983187438,
-3.47188377523455));
#3295=CARTESIAN_POINT('Ctrl Pts',(0.568121674860141,0.103341696362899,-3.46179528907051));
#3296=CARTESIAN_POINT('Ctrl Pts',(0.49156161596324,0.397158138928284,-3.43318030097637));
#3297=CARTESIAN_POINT('Ctrl Pts',(0.0199886776010145,0.672569317214136,
-3.38603881095213));
#3298=CARTESIAN_POINT('Ctrl Pts',(-0.554294937413597,0.381452691755844,
-3.33045930516181));
#3299=CARTESIAN_POINT('Ctrl Pts',(-0.621049524948275,-0.258933430154632,
-3.27487979937149));
#3300=CARTESIAN_POINT('Ctrl Pts',(-0.119152587566218,-0.662232356931007,
-3.21930029358117));
#3301=CARTESIAN_POINT('Ctrl Pts',(0.441486032434574,-0.475907683326885,
-3.16830161886886));
#3302=CARTESIAN_POINT('Ctrl Pts',(0.567873628686923,-0.142001932204314,
-3.13582944608665));
#3303=CARTESIAN_POINT('Ctrl Pts',(0.569166933686093,0.000520735804608384,
-3.12188377523455));
#3304=CARTESIAN_POINT('Ctrl Pts',(0.569267294047539,0.000519754724556576,
-3.40311622476544));
#3305=CARTESIAN_POINT('Ctrl Pts',(0.569667507348493,0.0439903040449408,
-3.3988607675801));
#3306=CARTESIAN_POINT('Ctrl Pts',(0.545263596749684,0.276268947065089,-3.37607880846465));
#3307=CARTESIAN_POINT('Ctrl Pts',(0.226835324515348,0.633478300579365,-3.3347703474191));
#3308=CARTESIAN_POINT('Ctrl Pts',(-0.409299196510717,0.534062907800741,
-3.27919084162877));
#3309=CARTESIAN_POINT('Ctrl Pts',(-0.670667128250043,-0.0543564608647488,
-3.22361133583846));
#3310=CARTESIAN_POINT('Ctrl Pts',(-0.317952173084855,-0.593005427785886,
-3.16803183004814));
#3311=CARTESIAN_POINT('Ctrl Pts',(0.325889303898948,-0.588680884144509,
-3.11245232425782));
#3312=CARTESIAN_POINT('Ctrl Pts',(0.563970504141445,-0.214213970601943,
-3.07414712249692));
#3313=CARTESIAN_POINT('Ctrl Pts',(0.570136169905703,-0.0129733731054505,
-3.05436842266613));
#3314=CARTESIAN_POINT('Ctrl Pts',(0.570071183736201,-0.000228693132756656,
-3.05311622476544));
#3315=CARTESIAN_POINT('Origin',(0.,0.,-10.6468837752346));
#3316=CARTESIAN_POINT('',(0.569671354234296,-0.000450995818437291,-3.82188377523455));
#3317=CARTESIAN_POINT('',(0.568325836648317,-8.38844351863655E-5,-3.75311622476544));
#3318=CARTESIAN_POINT('',(0.56925,-7.21643875024678E-14,-10.6468837752346));
#3319=CARTESIAN_POINT('Ctrl Pts',(0.569671354234296,-0.00045099581843728,
-3.82188377523455));
#3320=CARTESIAN_POINT('Ctrl Pts',(0.568292437839573,0.158576462381614,-3.80628763398448));
#3321=CARTESIAN_POINT('Ctrl Pts',(0.416104127044783,0.508824222485712,-3.77216499080432));
#3322=CARTESIAN_POINT('Ctrl Pts',(-0.177468897705137,0.649040695209049,
-3.71951584569403));
#3323=CARTESIAN_POINT('Ctrl Pts',(-0.641583341977274,0.202780297335306,
-3.66393633990372));
#3324=CARTESIAN_POINT('Ctrl Pts',(-0.518244884152852,-0.429151807335724,
-3.60835683411339));
#3325=CARTESIAN_POINT('Ctrl Pts',(0.0796140938802575,-0.668139678320144,
-3.55277732832308));
#3326=CARTESIAN_POINT('Ctrl Pts',(0.509287823543019,-0.363023992722353,
-3.5072863086968));
#3327=CARTESIAN_POINT('Ctrl Pts',(0.568532148883033,-0.086687522154479,
-3.48032179100062));
#3328=CARTESIAN_POINT('Ctrl Pts',(0.568345195820345,-0.000137478983187438,
-3.47188377523455));
#3329=CARTESIAN_POINT('Ctrl Pts',(0.568325836648317,-8.38844351863741E-5,
-3.75311622476544));
#3330=CARTESIAN_POINT('Ctrl Pts',(0.568194103028479,0.100066387474819,-3.74335311249407));
#3331=CARTESIAN_POINT('Ctrl Pts',(0.495224282133613,0.39044146789132,-3.71506349829259));
#3332=CARTESIAN_POINT('Ctrl Pts',(0.0317706360018653,0.6721157998745,-3.66824738216101));
#3333=CARTESIAN_POINT('Ctrl Pts',(-0.547525863729927,0.391106699379723,
-3.61266787637069));
#3334=CARTESIAN_POINT('Ctrl Pts',(-0.625491302356233,-0.248011395765609,
-3.55708837058037));
#3335=CARTESIAN_POINT('Ctrl Pts',(-0.130738191786888,-0.660042837216794,
-3.50150886479005));
#3336=CARTESIAN_POINT('Ctrl Pts',(0.436676382616155,-0.482444603950858,
-3.45018481618508));
#3337=CARTESIAN_POINT('Ctrl Pts',(0.567925144032486,-0.145262502600792,
-3.41738726951021));
#3338=CARTESIAN_POINT('Ctrl Pts',(0.569267294047539,0.000519754724556576,
-3.40311622476544));
#3339=CARTESIAN_POINT('Origin',(0.,0.,-10.6468837752346));
#3340=CARTESIAN_POINT('',(0.56977085376751,0.000415655837293162,-4.17188377523455));
#3341=CARTESIAN_POINT('',(0.569575277997517,-0.000477402850610122,-4.10311622476545));
#3342=CARTESIAN_POINT('',(0.56925,-7.21643875024678E-14,-10.6468837752346));
#3343=CARTESIAN_POINT('Ctrl Pts',(0.56977085376751,0.000415655837293105,
-4.17188377523455));
#3344=CARTESIAN_POINT('Ctrl Pts',(0.569986418435019,0.0266833314563377,
-4.16930648082856));
#3345=CARTESIAN_POINT('Ctrl Pts',(0.556399443585801,0.241548140443187,-4.14820268449246));
#3346=CARTESIAN_POINT('Ctrl Pts',(0.283084698254353,0.610419599377647,-4.10857238622627));
#3347=CARTESIAN_POINT('Ctrl Pts',(-0.35942634360279,0.568824873941401,-4.05299288043594));
#3348=CARTESIAN_POINT('Ctrl Pts',(-0.672835872336648,0.00639707644977154,
-3.99741337464563));
#3349=CARTESIAN_POINT('Ctrl Pts',(-0.370176747198202,-0.561888075619941,
-3.9418338688553));
#3350=CARTESIAN_POINT('Ctrl Pts',(0.271427282214192,-0.61569169570487,-3.88625436306499));
#3351=CARTESIAN_POINT('Ctrl Pts',(0.554203178484365,-0.248844217808028,
-3.84627099852473));
#3352=CARTESIAN_POINT('Ctrl Pts',(0.569930438986054,-0.0303306822796131,
-3.82481413591459));
#3353=CARTESIAN_POINT('Ctrl Pts',(0.569671354234296,-0.00045099581843728,
-3.82188377523455));
#3354=CARTESIAN_POINT('Ctrl Pts',(0.569575277997517,-0.000477402850610157,
-4.10311622476545));
#3355=CARTESIAN_POINT('Ctrl Pts',(0.568177396241894,0.155300411576564,-4.08784545740804));
#3356=CARTESIAN_POINT('Ctrl Pts',(0.421303499567973,0.502385642283441,-4.05404818812053));
#3357=CARTESIAN_POINT('Ctrl Pts',(-0.166068899122977,0.65205072080091,-4.00172441690292));
#3358=CARTESIAN_POINT('Ctrl Pts',(-0.637931634712931,0.213991240908102,
-3.9461449111126));
#3359=CARTESIAN_POINT('Ctrl Pts',(-0.525685080625306,-0.420005021113878,
-3.89056540532228));
#3360=CARTESIAN_POINT('Ctrl Pts',(0.0678944601487762,-0.669432120557423,
-3.83498589953196));
#3361=CARTESIAN_POINT('Ctrl Pts',(0.505959578687329,-0.369764047139018,
-3.78916950601301));
#3362=CARTESIAN_POINT('Ctrl Pts',(0.568444081016476,-0.0899789745233011,
-3.76187961442418));
#3363=CARTESIAN_POINT('Ctrl Pts',(0.568325836648317,-8.38844351863741E-5,
-3.75311622476544));
#3364=CARTESIAN_POINT('Origin',(0.,0.,-10.6468837752346));
#3365=CARTESIAN_POINT('',(0.568376711544966,0.000193945732504224,-4.52188377523455));
#3366=CARTESIAN_POINT('',(0.569856755393545,0.000377240027924358,-4.45311622476544));
#3367=CARTESIAN_POINT('',(0.56925,-7.21643875024678E-14,-10.6468837752346));
#3368=CARTESIAN_POINT('Ctrl Pts',(0.568376711544966,0.000193945732504296,
-4.52188377523455));
#3369=CARTESIAN_POINT('Ctrl Pts',(0.568630211399272,0.0831110529194297,
-4.51379882574253));
#3370=CARTESIAN_POINT('Ctrl Pts',(0.512808962977812,0.355706050815523,-4.48718737432041));
#3371=CARTESIAN_POINT('Ctrl Pts',(0.0923034069060157,0.66650514984032,-4.44204942096817));
#3372=CARTESIAN_POINT('Ctrl Pts',(-0.509991500988452,0.438927901379791,
-4.38646991517786));
#3373=CARTESIAN_POINT('Ctrl Pts',(-0.645322933215154,-0.190544864944482,
-4.33089040938753));
#3374=CARTESIAN_POINT('Ctrl Pts',(-0.189777381730935,-0.645549052414666,
-4.27531090359722));
#3375=CARTESIAN_POINT('Ctrl Pts',(0.410352024993343,-0.515779414798698,
-4.22230869221289));
#3376=CARTESIAN_POINT('Ctrl Pts',(0.568436863514402,-0.162137992923429,
-4.18783298275867));
#3377=CARTESIAN_POINT('Ctrl Pts',(0.56977085376751,0.000415655837293105,
-4.17188377523455));
#3378=CARTESIAN_POINT('Ctrl Pts',(0.569856755393545,0.00037724002792438,
-4.45311622476544));
#3379=CARTESIAN_POINT('Ctrl Pts',(0.570032214437676,0.0233196783898406,
-4.45086430425212));
#3380=CARTESIAN_POINT('Ctrl Pts',(0.558355949891237,0.234828974552844,-4.43008588180868));
#3381=CARTESIAN_POINT('Ctrl Pts',(0.293737248200869,0.605365551359082,-4.39078095743514));
#3382=CARTESIAN_POINT('Ctrl Pts',(-0.349403980451028,0.575035546899392,
-4.33520145164483));
#3383=CARTESIAN_POINT('Ctrl Pts',(-0.672620471519386,0.0181857924199177,
-4.27962194585451));
#3384=CARTESIAN_POINT('Ctrl Pts',(-0.37996553614785,-0.555315417661692,
-4.22404244006419));
#3385=CARTESIAN_POINT('Ctrl Pts',(0.260597211510116,-0.620353218018617,
-4.16846293427387));
#3386=CARTESIAN_POINT('Ctrl Pts',(0.552110848171827,-0.255572452359375,
-4.12815419584096));
#3387=CARTESIAN_POINT('Ctrl Pts',(0.569873307026041,-0.0336893040092473,
-4.10637195933815));
#3388=CARTESIAN_POINT('Ctrl Pts',(0.569575277997517,-0.000477402850610157,
-4.10311622476545));
#3389=CARTESIAN_POINT('Origin',(0.,0.,-10.6468837752346));
#3390=CARTESIAN_POINT('',(0.569060071663683,-0.000514795662171266,-4.87188377523455));
#3391=CARTESIAN_POINT('',(0.568415182487016,0.000243820840290995,-4.80311622476544));
#3392=CARTESIAN_POINT('',(0.56925,-7.21643875024678E-14,-10.6468837752346));
#3393=CARTESIAN_POINT('Ctrl Pts',(0.569060071663683,-0.000514795662171319,
-4.87188377523455));
#3394=CARTESIAN_POINT('Ctrl Pts',(0.567833352497118,0.138466027372078,-4.8582911706565));
#3395=CARTESIAN_POINT('Ctrl Pts',(0.446598816203322,0.468790935542141,-4.82617206414835));
#3396=CARTESIAN_POINT('Ctrl Pts',(-0.106539661860165,0.664378155978087,
-4.77552645571008));
#3397=CARTESIAN_POINT('Ctrl Pts',(-0.616014012508995,0.270694976094292,
-4.71994694991976));
#3398=CARTESIAN_POINT('Ctrl Pts',(-0.561447504077398,-0.370844622254905,
-4.66436744412945));
#3399=CARTESIAN_POINT('Ctrl Pts',(0.0071971358540972,-0.672827789947487,
-4.60878793833913));
#3400=CARTESIAN_POINT('Ctrl Pts',(0.487491796555867,-0.404437506310725,
-4.56129338204083));
#3401=CARTESIAN_POINT('Ctrl Pts',(0.568049321494553,-0.106891859016332,
-4.53232532767264));
#3402=CARTESIAN_POINT('Ctrl Pts',(0.568376711544966,0.000193945732504296,
-4.52188377523455));
#3403=CARTESIAN_POINT('Ctrl Pts',(0.568415182487016,0.000243820840290952,
-4.80311622476544));
#3404=CARTESIAN_POINT('Ctrl Pts',(0.568722239528854,0.0798105176404308,
-4.79535664916609));
#3405=CARTESIAN_POINT('Ctrl Pts',(0.515971584493754,0.348958935993347,-4.76907057163662));
#3406=CARTESIAN_POINT('Ctrl Pts',(0.103968003188266,0.664785436111492,-4.72425799217706));
#3407=CARTESIAN_POINT('Ctrl Pts',(-0.502222126232251,0.447796781671844,
-4.66867848638673));
#3408=CARTESIAN_POINT('Ctrl Pts',(-0.64856265194736,-0.179208002756331,
-4.61309898059643));
#3409=CARTESIAN_POINT('Ctrl Pts',(-0.201059810558002,-0.642124578513611,
-4.55751947480609));
#3410=CARTESIAN_POINT('Ctrl Pts',(0.404948838391317,-0.522158610020838,
-4.50419188952911));
#3411=CARTESIAN_POINT('Ctrl Pts',(0.568588716631914,-0.165427271636996,
-4.46939080618222));
#3412=CARTESIAN_POINT('Ctrl Pts',(0.569856755393545,0.00037724002792438,
-4.45311622476544));
#3413=CARTESIAN_POINT('Origin',(0.,0.,-10.6468837752346));
#3414=CARTESIAN_POINT('',(0.570158311471714,0.000108194302522719,-5.22188377523455));
#3415=CARTESIAN_POINT('',(0.568964544521543,-0.000503032369596757,-5.15311622476545));
#3416=CARTESIAN_POINT('',(0.56925,-7.21643875024678E-14,-10.6468837752346));
#3417=CARTESIAN_POINT('Ctrl Pts',(0.570158311471714,0.000108194302522725,
-5.22188377523455));
#3418=CARTESIAN_POINT('Ctrl Pts',(0.57017354801616,0.00594543420967857,
-5.22131001750058));
#3419=CARTESIAN_POINT('Ctrl Pts',(0.56744763533123,0.20025119388026,-5.2022097578365));
#3420=CARTESIAN_POINT('Ctrl Pts',(0.347176227176091,0.576383293454885,-5.16458299624231));
#3421=CARTESIAN_POINT('Ctrl Pts',(-0.296077559031071,0.604224389385536,
-5.10900349045199));
#3422=CARTESIAN_POINT('Ctrl Pts',(-0.668233874467817,0.0788195578765281,
-5.05342398466168));
#3423=CARTESIAN_POINT('Ctrl Pts',(-0.428535262958454,-0.518754818860752,
-4.99784447887136));
#3424=CARTESIAN_POINT('Ctrl Pts',(0.203543055760597,-0.641341763915122,
-4.94226497308104));
#3425=CARTESIAN_POINT('Ctrl Pts',(0.54024821733409,-0.290331199876698,-4.90027807186877));
#3426=CARTESIAN_POINT('Ctrl Pts',(0.569505351036954,-0.0509626043082387,
-4.87681767258661));
#3427=CARTESIAN_POINT('Ctrl Pts',(0.569060071663683,-0.000514795662171319,
-4.87188377523455));
#3428=CARTESIAN_POINT('Ctrl Pts',(0.568964544521543,-0.000503032369596769,
-5.15311622476545));
#3429=CARTESIAN_POINT('Ctrl Pts',(0.567809876906552,0.135208757362829,-5.13984899408006));
#3430=CARTESIAN_POINT('Ctrl Pts',(0.451213498398599,0.462212104200528,-5.10805526146456));
#3431=CARTESIAN_POINT('Ctrl Pts',(-0.0948818048108635,0.666142976296182,
-5.05773502691896));
#3432=CARTESIAN_POINT('Ctrl Pts',(-0.611176203159325,0.281447455921445,
-5.00215552112865));
#3433=CARTESIAN_POINT('Ctrl Pts',(-0.567859385400155,-0.360949775129259,
-4.94657601533833));
#3434=CARTESIAN_POINT('Ctrl Pts',(-0.00459352577837803,-0.672850593574702,
-4.89099650954801));
#3435=CARTESIAN_POINT('Ctrl Pts',(0.483652328050836,-0.411136693382535,
-4.84317657935705));
#3436=CARTESIAN_POINT('Ctrl Pts',(0.567989120454825,-0.110160253694283,
-4.81388315109619));
#3437=CARTESIAN_POINT('Ctrl Pts',(0.568415182487016,0.000243820840290952,
-4.80311622476544));
#3438=CARTESIAN_POINT('Origin',(0.,0.,-10.6468837752346));
#3439=CARTESIAN_POINT('',(0.568742108579177,0.000448047840047186,-5.57188377523455));
#3440=CARTESIAN_POINT('',(0.570178650454824,4.71767953758029E-5,-5.50311622476545));
#3441=CARTESIAN_POINT('',(0.56925,-7.21643875024678E-14,-10.6468837752346));
#3442=CARTESIAN_POINT('Ctrl Pts',(0.568742108579177,0.000448047840047169,
-5.57188377523455));
#3443=CARTESIAN_POINT('Ctrl Pts',(0.569200498362943,0.0627169324285071,
-5.56580236241455));
#3444=CARTESIAN_POINT('Ctrl Pts',(0.531062863849814,0.314136703861739,-5.54119444766443));
#3445=CARTESIAN_POINT('Ctrl Pts',(0.163544500200881,0.65268846331475,-5.49806003098422));
#3446=CARTESIAN_POINT('Ctrl Pts',(-0.459756049064862,0.491297678641361,
-5.4424805251939));
#3447=CARTESIAN_POINT('Ctrl Pts',(-0.662090205332875,-0.11993995869765,
-5.38690101940358));
#3448=CARTESIAN_POINT('Ctrl Pts',(-0.258194761914242,-0.621356981621813,
-5.33132151361326));
#3449=CARTESIAN_POINT('Ctrl Pts',(0.375501527132326,-0.554537943709799,
-5.27631576555692));
#3450=CARTESIAN_POINT('Ctrl Pts',(0.569681563588987,-0.182537665891188,
-5.23983651943068));
#3451=CARTESIAN_POINT('Ctrl Pts',(0.570158311471714,0.000108194302522725,
-5.22188377523455));
#3452=CARTESIAN_POINT('Ctrl Pts',(0.570178650454824,4.71767953758343E-5,
-5.50311622476544));
#3453=CARTESIAN_POINT('Ctrl Pts',(0.570181652091756,0.00257391746883186,
-5.50286784092413));
#3454=CARTESIAN_POINT('Ctrl Pts',(0.569021898261659,0.193562847258849,-5.48409295515271));
#3455=CARTESIAN_POINT('Ctrl Pts',(0.357222538657358,0.570211434143594,-5.44679156745119));
#3456=CARTESIAN_POINT('Ctrl Pts',(-0.285444638178961,0.609319604384911,
-5.39121206166087));
#3457=CARTESIAN_POINT('Ctrl Pts',(-0.666750164681049,0.0905165159001228,
-5.33563255587055));
#3458=CARTESIAN_POINT('Ctrl Pts',(-0.437559293305783,-0.511166202516018,
-5.28005305008024));
#3459=CARTESIAN_POINT('Ctrl Pts',(0.192273957436165,-0.644809853402334,
-5.22447354428991));
#3460=CARTESIAN_POINT('Ctrl Pts',(0.537734497792823,-0.297079078268782,
-5.18216126918499));
#3461=CARTESIAN_POINT('Ctrl Pts',(0.569422267035664,-0.0543006281327523,
-5.15837549601017));
#3462=CARTESIAN_POINT('Ctrl Pts',(0.568964544521543,-0.000503032369596769,
-5.15311622476545));
#3463=CARTESIAN_POINT('Origin',(0.,0.,-10.6468837752346));
#3464=CARTESIAN_POINT('',(0.568550353334431,-0.000356900260846527,-5.92188377523455));
#3465=CARTESIAN_POINT('',(0.56882634603893,0.000473953737336399,-5.85311622476545));
#3466=CARTESIAN_POINT('',(0.56925,-7.21643875024678E-14,-10.6468837752346));
#3467=CARTESIAN_POINT('Ctrl Pts',(0.568550353334431,-0.000356900260846593,
-5.92188377523455));
#3468=CARTESIAN_POINT('Ctrl Pts',(0.567869474491757,0.118406688545921,-5.91029470732852));
#3469=CARTESIAN_POINT('Ctrl Pts',(0.473565378566063,0.428017961699736,-5.88017913749238));
#3470=CARTESIAN_POINT('Ctrl Pts',(-0.0343711996278324,0.67198783793032,
-5.83153706572612));
#3471=CARTESIAN_POINT('Ctrl Pts',(-0.583279456439138,0.335461040042188,
-5.77595755993581));
#3472=CARTESIAN_POINT('Ctrl Pts',(-0.598119593023887,-0.308223922061643,
-5.72037805414549));
#3473=CARTESIAN_POINT('Ctrl Pts',(-0.0653035363542608,-0.66968984002279,
-5.66479854835517));
#3474=CARTESIAN_POINT('Ctrl Pts',(0.462464044623429,-0.445510703411292,
-5.61530045538487));
#3475=CARTESIAN_POINT('Ctrl Pts',(0.567804053249771,-0.126979877286296,
-5.58432886434466));
#3476=CARTESIAN_POINT('Ctrl Pts',(0.568742108579177,0.000448047840047169,
-5.57188377523455));
#3477=CARTESIAN_POINT('Ctrl Pts',(0.56882634603893,0.000473953737336382,
-5.85311622476545));
#3478=CARTESIAN_POINT('Ctrl Pts',(0.569290010401178,0.0593892430513263,
-5.8473601858381));
#3479=CARTESIAN_POINT('Ctrl Pts',(0.533758641176116,0.307384942687979,-5.82307764498065));
#3480=CARTESIAN_POINT('Ctrl Pts',(0.174956056484019,0.649722556213392,-5.78026860219311));
#3481=CARTESIAN_POINT('Ctrl Pts',(-0.451076743470494,0.499278272362173,
-5.72468909640278));
#3482=CARTESIAN_POINT('Ctrl Pts',(-0.664090182287363,-0.108320134520038,
-5.66910959061247));
#3483=CARTESIAN_POINT('Ctrl Pts',(-0.269042782684954,-0.616737385633496,
-5.61353008482215));
#3484=CARTESIAN_POINT('Ctrl Pts',(0.36948187239342,-0.560702976520989,-5.55819896287314));
#3485=CARTESIAN_POINT('Ctrl Pts',(0.569957765416492,-0.185891103912513,
-5.52139434285424));
#3486=CARTESIAN_POINT('Ctrl Pts',(0.570178650454824,4.71767953758343E-5,
-5.50311622476544));
#3487=CARTESIAN_POINT('Origin',(0.,0.,-10.6468837752346));
#3488=CARTESIAN_POINT('',(0.570039708456323,-0.00025801291680336,-6.27188377523455));
#3489=CARTESIAN_POINT('',(0.568490621199935,-0.000314699524857909,-6.20311622476545));
#3490=CARTESIAN_POINT('',(0.56925,-7.21643875024678E-14,-10.6468837752346));
#3491=CARTESIAN_POINT('Ctrl Pts',(0.570039708456323,-0.000258012916803381,
-6.27188377523455));
#3492=CARTESIAN_POINT('Ctrl Pts',(0.569056957038317,0.173775320591199,-6.25478705224249));
#3493=CARTESIAN_POINT('Ctrl Pts',(0.390855251754399,0.538136840767364,-6.21916382732033));
#3494=CARTESIAN_POINT('Ctrl Pts',(-0.22928491967842,0.632595810370399,-6.16501410046803));
#3495=CARTESIAN_POINT('Ctrl Pts',(-0.655859249619428,0.15032524198804,-6.10943459467772));
#3496=CARTESIAN_POINT('Ctrl Pts',(-0.481909229335877,-0.469587615223212,
-6.0538550888874));
#3497=CARTESIAN_POINT('Ctrl Pts',(0.133291298555935,-0.659532003332207,
-5.99827558309709));
#3498=CARTESIAN_POINT('Ctrl Pts',(0.523616928229186,-0.331901759692118,
-5.9542851452128));
#3499=CARTESIAN_POINT('Ctrl Pts',(0.568957940216114,-0.0714510183115136,
-5.92882120925862));
#3500=CARTESIAN_POINT('Ctrl Pts',(0.568550353334431,-0.000356900260846593,
-5.92188377523455));
#3501=CARTESIAN_POINT('Ctrl Pts',(0.568490621199935,-0.000314699524857909,
-6.20311622476544));
#3502=CARTESIAN_POINT('Ctrl Pts',(0.567910815647861,0.115144885060375,-6.19185253075207));
#3503=CARTESIAN_POINT('Ctrl Pts',(0.477624023248013,0.421345476260182,-6.16206233480859));
#3504=CARTESIAN_POINT('Ctrl Pts',(-0.0225910836038606,0.672486925296327,
-6.11374563693502));
#3505=CARTESIAN_POINT('Ctrl Pts',(-0.577311816451774,0.345629987614002,
-6.05816613114469));
#3506=CARTESIAN_POINT('Ctrl Pts',(-0.603428578778825,-0.297696106904121,
-6.00258662535438));
#3507=CARTESIAN_POINT('Ctrl Pts',(-0.0770280816659038,-0.668442739797339,
-5.94700711956405));
#3508=CARTESIAN_POINT('Ctrl Pts',(0.45808117054171,-0.452133160670865,-5.89718365270109));
#3509=CARTESIAN_POINT('Ctrl Pts',(0.567797651018183,-0.130236684598968,
-5.86588668776821));
#3510=CARTESIAN_POINT('Ctrl Pts',(0.56882634603893,0.000473953737336382,
-5.85311622476545));
#3511=CARTESIAN_POINT('Origin',(0.,0.,-10.6468837752346));
#3512=CARTESIAN_POINT('',(0.569322453295061,0.000516571101527015,-6.62188377523456));
#3513=CARTESIAN_POINT('',(0.569974046974096,-0.000308677606749895,-6.55311622476545));
#3514=CARTESIAN_POINT('',(0.56925,-7.21643875024678E-14,-10.6468837752346));
#3515=CARTESIAN_POINT('Ctrl Pts',(0.569322453295061,0.00051657110152697,
-6.62188377523456));
#3516=CARTESIAN_POINT('Ctrl Pts',(0.56970716310869,0.0421627532525538,-6.61780589908657));
#3517=CARTESIAN_POINT('Ctrl Pts',(0.546526659900208,0.272590242952083,-6.59520152100848));
#3518=CARTESIAN_POINT('Ctrl Pts',(0.232883309814559,0.63127996776386,-6.55407064100025));
#3519=CARTESIAN_POINT('Ctrl Pts',(-0.40417290016344,0.537952879408224,-6.49849113520996));
#3520=CARTESIAN_POINT('Ctrl Pts',(-0.671156311153135,-0.047939959213973,
-6.44291162941963));
#3521=CARTESIAN_POINT('Ctrl Pts',(-0.32360892473741,-0.589937536965076,
-6.38733212362931));
#3522=CARTESIAN_POINT('Ctrl Pts',(0.32024447454246,-0.59177065677097,-6.331752617839));
#3523=CARTESIAN_POINT('Ctrl Pts',(0.563016340102007,-0.21787241047219,-6.29326983504074));
#3524=CARTESIAN_POINT('Ctrl Pts',(0.570121894807441,-0.0148122169524083,
-6.27331355417259));
#3525=CARTESIAN_POINT('Ctrl Pts',(0.570039708456323,-0.000258012916803381,
-6.27188377523455));
#3526=CARTESIAN_POINT('Ctrl Pts',(0.569974046974096,-0.000308677606749895,
-6.55311622476545));
#3527=CARTESIAN_POINT('Ctrl Pts',(0.56885676217818,0.170464521077764,-6.53634487566604));
#3528=CARTESIAN_POINT('Ctrl Pts',(0.396508917676327,0.531838282304513,-6.50104702463654));
#3529=CARTESIAN_POINT('Ctrl Pts',(-0.218165118973861,0.636516301924802,
-6.44722267167691));
#3530=CARTESIAN_POINT('Ctrl Pts',(-0.653124488777124,0.161794387765845,
-6.39164316588661));
#3531=CARTESIAN_POINT('Ctrl Pts',(-0.490063537198591,-0.461071308217404,
-6.33606366009628));
#3532=CARTESIAN_POINT('Ctrl Pts',(0.121714250218885,-0.661766320574383,
-6.28048415430596));
#3533=CARTESIAN_POINT('Ctrl Pts',(0.520649866216627,-0.338653476157856,
-6.23616834252903));
#3534=CARTESIAN_POINT('Ctrl Pts',(0.568864478688319,-0.074762814325645,
-6.21037903268218));
#3535=CARTESIAN_POINT('Ctrl Pts',(0.568490621199935,-0.000314699524857909,
-6.20311622476544));
#3536=CARTESIAN_POINT('Origin',(0.,0.,-10.6468837752346));
#3537=CARTESIAN_POINT('',(0.568319266747368,-5.42172130942729E-5,-6.97188377523456));
#3538=CARTESIAN_POINT('',(0.569423456451117,0.000505860744842018,-6.90311622476545));
#3539=CARTESIAN_POINT('',(0.56925,-7.21643875024678E-14,-10.6468837752346));
#3540=CARTESIAN_POINT('Ctrl Pts',(0.568319266747368,-5.42172130941956E-5,
-6.97188377523456));
#3541=CARTESIAN_POINT('Ctrl Pts',(0.568235725673301,0.0982772636093826,
-6.96229824400054));
#3542=CARTESIAN_POINT('Ctrl Pts',(0.497188025454543,0.386772671703299,-6.93418621083642));
#3543=CARTESIAN_POINT('Ctrl Pts',(0.0381970545392644,0.671781228313689,
-6.88754767574217));
#3544=CARTESIAN_POINT('Ctrl Pts',(-0.54376042892453,0.396325156438414,-6.83196816995186));
#3545=CARTESIAN_POINT('Ctrl Pts',(-0.627834596040779,-0.242018085490388,
-6.77638866416153));
#3546=CARTESIAN_POINT('Ctrl Pts',(-0.13704462415973,-0.658762327914279,
-6.72080915837123));
#3547=CARTESIAN_POINT('Ctrl Pts',(0.434011532817083,-0.486003075600531,
-6.66930752872888));
#3548=CARTESIAN_POINT('Ctrl Pts',(0.567959359387815,-0.147043109309733,
-6.63633240101667));
#3549=CARTESIAN_POINT('Ctrl Pts',(0.569322453295061,0.00051657110152697,
-6.62188377523456));
#3550=CARTESIAN_POINT('Ctrl Pts',(0.569423456451117,0.000505860744841988,
-6.90311622476545));
#3551=CARTESIAN_POINT('Ctrl Pts',(0.569776460935183,0.0388116396811466,
-6.89936372251012));
#3552=CARTESIAN_POINT('Ctrl Pts',(0.548788143104744,0.265852456208533,-6.87708471832469));
#3553=CARTESIAN_POINT('Ctrl Pts',(0.243909091477315,0.627102365525448,-6.83627921220915));
#3554=CARTESIAN_POINT('Ctrl Pts',(-0.394684617913865,0.544952359509608,
-6.78069970641883));
#3555=CARTESIAN_POINT('Ctrl Pts',(-0.671893283404413,-0.0361723301563353,
-6.72512020062851));
#3556=CARTESIAN_POINT('Ctrl Pts',(-0.333896357648346,-0.584176552167298,
-6.66954069483819));
#3557=CARTESIAN_POINT('Ctrl Pts',(0.309826062313183,-0.597291246264678,
-6.61396118904788));
#3558=CARTESIAN_POINT('Ctrl Pts',(0.561219973576519,-0.224579478430072,
-6.57515303235696));
#3559=CARTESIAN_POINT('Ctrl Pts',(0.570090972902991,-0.0181804100060332,
-6.55487137759615));
#3560=CARTESIAN_POINT('Ctrl Pts',(0.569974046974096,-0.000308677606749895,
-6.55311622476545));
#3561=CARTESIAN_POINT('Origin',(0.,0.,-10.6468837752346));
#3562=CARTESIAN_POINT('',(0.569521557169923,-0.000489241845577517,-7.32188377523455));
#3563=CARTESIAN_POINT('',(0.568314476828379,5.21407063226846E-7,-7.25311622476545));
#3564=CARTESIAN_POINT('',(0.56925,-7.21643875024678E-14,-10.6468837752346));
#3565=CARTESIAN_POINT('Ctrl Pts',(0.569521557169923,-0.000489241845577529,
-7.32188377523456));
#3566=CARTESIAN_POINT('Ctrl Pts',(0.568121684213793,0.153514592667644,-7.30679058891451));
#3567=CARTESIAN_POINT('Ctrl Pts',(0.424100344003095,0.498860468273854,-7.27317090066435));
#3568=CARTESIAN_POINT('Ctrl Pts',(-0.159825330593359,0.653609131967146,
-7.22102471048408));
#3569=CARTESIAN_POINT('Ctrl Pts',(-0.635855934437965,0.220082403499562,
-7.16544520469377));
#3570=CARTESIAN_POINT('Ctrl Pts',(-0.52967782187526,-0.414958357794614,
-7.10986569890344));
#3571=CARTESIAN_POINT('Ctrl Pts',(0.061489150712784,-0.670050832425975,
-7.05428619311314));
#3572=CARTESIAN_POINT('Ctrl Pts',(0.504109096900641,-0.373440754580748,
-7.00829221855683));
#3573=CARTESIAN_POINT('Ctrl Pts',(0.56839719026323,-0.0917735874881768,
-6.98082474593064));
#3574=CARTESIAN_POINT('Ctrl Pts',(0.568319266747368,-5.42172130941956E-5,
-6.97188377523456));
#3575=CARTESIAN_POINT('Ctrl Pts',(0.568314572861752,5.21353539688699E-7,
-7.25311622476545));
#3576=CARTESIAN_POINT('Ctrl Pts',(0.568315348569512,0.0949961640151351,
-7.24385606742409));
#3577=CARTESIAN_POINT('Ctrl Pts',(0.5007220514923,0.380045526346475,-7.21606940815262));
#3578=CARTESIAN_POINT('Ctrl Pts',(0.0499624079783497,0.671008777544606,
-7.16975624695106));
#3579=CARTESIAN_POINT('Ctrl Pts',(-0.536732371481504,0.40579229065711,-7.11417674116074));
#3580=CARTESIAN_POINT('Ctrl Pts',(-0.631978934246312,-0.230979757601825,
-7.05859723537043));
#3581=CARTESIAN_POINT('Ctrl Pts',(-0.1485666779671,-0.656259829603124,-7.0030177295801));
#3582=CARTESIAN_POINT('Ctrl Pts',(0.429055309256451,-0.492505313216665,
-6.95119072604511));
#3583=CARTESIAN_POINT('Ctrl Pts',(0.568033640328988,-0.150308056753494,
-6.91789022444023));
#3584=CARTESIAN_POINT('Ctrl Pts',(0.569423456451117,0.000505860744841988,
-6.90311622476545));
#3585=CARTESIAN_POINT('Origin',(0.,0.,-10.6468837752346));
#3586=CARTESIAN_POINT('',(0.569900807908027,0.00035404433568606,-7.67188377523456));
#3587=CARTESIAN_POINT('',(0.569421541567988,-0.000506123241071701,-7.60311622476545));
#3588=CARTESIAN_POINT('',(0.56925,-7.21643875024678E-14,-10.6468837752346));
#3589=CARTESIAN_POINT('Ctrl Pts',(0.569900807908027,0.000354044335686057,
-7.67188377523456));
#3590=CARTESIAN_POINT('Ctrl Pts',(0.570054802495743,0.0214830158845383,
-7.66980943575858));
#3591=CARTESIAN_POINT('Ctrl Pts',(0.559396749556233,0.231163779744337,-7.6492085943525));
#3592=CARTESIAN_POINT('Ctrl Pts',(0.299513314672716,0.602528678175478,-7.61008125101631));
#3593=CARTESIAN_POINT('Ctrl Pts',(-0.34388857505972,0.57835082919757,-7.55450174522599));
#3594=CARTESIAN_POINT('Ctrl Pts',(-0.672415797388712,0.0246176585447165,
-7.49892223943568));
#3595=CARTESIAN_POINT('Ctrl Pts',(-0.385258999035068,-0.551656176755613,
-7.44334273364536));
#3596=CARTESIAN_POINT('Ctrl Pts',(0.254652464588523,-0.622817112777992,
-7.38776322785504));
#3597=CARTESIAN_POINT('Ctrl Pts',(0.550940984277669,-0.259246261133905,
-7.34727690838477));
#3598=CARTESIAN_POINT('Ctrl Pts',(0.569839992626192,-0.0355211932063276,
-7.32531709084461));
#3599=CARTESIAN_POINT('Ctrl Pts',(0.569521557169923,-0.000489241845577529,
-7.32188377523456));
#3600=CARTESIAN_POINT('Ctrl Pts',(0.569421541567988,-0.000506123241071723,
-7.60311622476545));
#3601=CARTESIAN_POINT('Ctrl Pts',(0.568032084276828,0.150245938276321,-7.58834841233806));
#3602=CARTESIAN_POINT('Ctrl Pts',(0.429150446312981,0.492381888663689,-7.55505409798057));
#3603=CARTESIAN_POINT('Ctrl Pts',(-0.148347991074374,0.656309298499648,
-7.50323328169297));
#3604=CARTESIAN_POINT('Ctrl Pts',(-0.631901932175516,0.231190332552534,
-7.44765377590265));
#3605=CARTESIAN_POINT('Ctrl Pts',(-0.53686755963232,-0.405613418376833,
-7.39207427011234));
#3606=CARTESIAN_POINT('Ctrl Pts',(0.0497388119212188,-0.671025388745888,
-7.33649476432201));
#3607=CARTESIAN_POINT('Ctrl Pts',(0.500655617650562,-0.38017350423185,-7.29017541587306));
#3608=CARTESIAN_POINT('Ctrl Pts',(0.568313796635696,-0.0950585933982957,
-7.2623825693542));
#3609=CARTESIAN_POINT('Ctrl Pts',(0.568314572861752,5.21353539688699E-7,
-7.25311622476545));
#3610=CARTESIAN_POINT('Origin',(0.,0.,-10.6468837752346));
#3611=CARTESIAN_POINT('',(0.568439893090574,0.000269962693563488,-8.02188377523456));
#3612=CARTESIAN_POINT('',(0.569975384745256,0.000307754028198576,-7.95311622476545));
#3613=CARTESIAN_POINT('',(0.56925,-7.21643875024678E-14,-10.6468837752346));
#3614=CARTESIAN_POINT('Ctrl Pts',(0.568439893090574,0.000269962693563424,
-8.02188377523456));
#3615=CARTESIAN_POINT('Ctrl Pts',(0.568772933647307,0.0780072957276191,
-8.01430178067255));
#3616=CARTESIAN_POINT('Ctrl Pts',(0.517664687768172,0.345275515598903,-7.98819328418044));
#3617=CARTESIAN_POINT('Ctrl Pts',(0.110321015969958,0.663760730328031,-7.94355828575821));
#3618=CARTESIAN_POINT('Ctrl Pts',(-0.497916599358192,0.452579378422903,
-7.88797877996792));
#3619=CARTESIAN_POINT('Ctrl Pts',(-0.650246880194795,-0.172997192136299,
-7.83239927417758));
#3620=CARTESIAN_POINT('Ctrl Pts',(-0.207191664156719,-0.640172358036576,
-7.77681976838727));
#3621=CARTESIAN_POINT('Ctrl Pts',(0.401958328429418,-0.525627351352737,
-7.72331460207292));
#3622=CARTESIAN_POINT('Ctrl Pts',(0.568679434066622,-0.167225696799558,
-7.68833593768869));
#3623=CARTESIAN_POINT('Ctrl Pts',(0.569900807908027,0.000354044335686057,
-7.67188377523456));
#3624=CARTESIAN_POINT('Ctrl Pts',(0.569975384745256,0.000307754028198628,
-7.95311622476544));
#3625=CARTESIAN_POINT('Ctrl Pts',(0.570091617398888,0.0181163749841932,
-7.95136725918213));
#3626=CARTESIAN_POINT('Ctrl Pts',(0.561254716368791,0.224451891855183,-7.93109179166872));
#3627=CARTESIAN_POINT('Ctrl Pts',(0.310025074268664,0.597187972984746,-7.89228982222519));
#3628=CARTESIAN_POINT('Ctrl Pts',(-0.333701680028165,0.584287780549343,
-7.83671031643488));
#3629=CARTESIAN_POINT('Ctrl Pts',(-0.671881192772715,0.036396216166173,
-7.78113081064456));
#3630=CARTESIAN_POINT('Ctrl Pts',(-0.39486618481475,-0.544820812600573,
-7.72555130485425));
#3631=CARTESIAN_POINT('Ctrl Pts',(0.243700115130219,-0.627183606002597,
-7.66997179906392));
#3632=CARTESIAN_POINT('Ctrl Pts',(0.548745771762136,-0.26598054831364,-7.62916010570099));
#3633=CARTESIAN_POINT('Ctrl Pts',(0.569775184909576,-0.0388753938371657,
-7.60687491426817));
#3634=CARTESIAN_POINT('Ctrl Pts',(0.569421541567988,-0.000506123241071723,
-7.60311622476545));
#3635=CARTESIAN_POINT('Origin',(0.,0.,-10.6468837752346));
#3636=CARTESIAN_POINT('',(0.56891396741731,-0.000494144950778247,-8.37188377523456));
#3637=CARTESIAN_POINT('',(0.568491683003532,0.000315535609684559,-8.30311622476545));
#3638=CARTESIAN_POINT('',(0.56925,-7.21643875024678E-14,-10.6468837752346));
#3639=CARTESIAN_POINT('Ctrl Pts',(0.56891396741731,-0.000494144950778227,
-8.37188377523456));
#3640=CARTESIAN_POINT('Ctrl Pts',(0.567802336209864,0.133431320247665,-8.35879412558652));
#3641=CARTESIAN_POINT('Ctrl Pts',(0.453693088052009,0.458613804083668,-8.32717797400839));
#3642=CARTESIAN_POINT('Ctrl Pts',(-0.0885067177076363,0.667019935696184,
-8.27703532050013));
#3643=CARTESIAN_POINT('Ctrl Pts',(-0.608456599420154,0.287279655234008,
-8.22145581470982));
#3644=CARTESIAN_POINT('Ctrl Pts',(-0.571285415569459,-0.355502472068363,
-8.1658763089195));
#3645=CARTESIAN_POINT('Ctrl Pts',(-0.0110282141376255,-0.672775900418466,
-8.11029680312917));
#3646=CARTESIAN_POINT('Ctrl Pts',(0.48152058438653,-0.414788871838695,-8.06229929190087));
#3647=CARTESIAN_POINT('Ctrl Pts',(0.567959153517731,-0.111942833980205,
-8.03282828260266));
#3648=CARTESIAN_POINT('Ctrl Pts',(0.568439893090574,0.000269962693563424,
-8.02188377523456));
#3649=CARTESIAN_POINT('Ctrl Pts',(0.568491683003532,0.000315535609684559,
-8.30311622476545));
#3650=CARTESIAN_POINT('Ctrl Pts',(0.568866256310867,0.0746998794754068,
-8.29585960409611));
#3651=CARTESIAN_POINT('Ctrl Pts',(0.520707000071557,0.338525097262438,-8.27007648149666));
#3652=CARTESIAN_POINT('Ctrl Pts',(0.12193475697722,0.661725726260232,-8.2257668569671));
#3653=CARTESIAN_POINT('Ctrl Pts',(-0.489909871989894,0.461234581400364,
-8.17018735117679));
#3654=CARTESIAN_POINT('Ctrl Pts',(-0.65317836557996,-0.161576744895637,
-8.11460784538647));
#3655=CARTESIAN_POINT('Ctrl Pts',(-0.218377206575927,-0.636443569691076,
-8.05902833959615));
#3656=CARTESIAN_POINT('Ctrl Pts',(0.39640233908036,-0.531958367863712,-8.00519779938915));
#3657=CARTESIAN_POINT('Ctrl Pts',(0.568860384204585,-0.170527388885189,
-7.96989376111224));
#3658=CARTESIAN_POINT('Ctrl Pts',(0.569975384745256,0.000307754028198628,
-7.95311622476544));
#3659=CARTESIAN_POINT('Origin',(0.,0.,-10.6468837752346));
#3660=CARTESIAN_POINT('',(0.57018312987666,1.3469179160083E-5,-8.72188377523455));
#3661=CARTESIAN_POINT('',(0.568824693845936,-0.000473510207789976,-8.65311622476545));
#3662=CARTESIAN_POINT('',(0.56925,-7.21643875024678E-14,-10.6468837752346));
#3663=CARTESIAN_POINT('Ctrl Pts',(0.57018312987666,1.3469179160112E-5,-8.72188377523455));
#3664=CARTESIAN_POINT('Ctrl Pts',(0.570183380321161,0.000733711446756161,
-8.7218129724306));
#3665=CARTESIAN_POINT('Ctrl Pts',(0.569855927393317,0.189914754869893,-8.70321566769653));
#3666=CARTESIAN_POINT('Ctrl Pts',(0.362659501365681,0.56676901759328,-8.66609186103236));
#3667=CARTESIAN_POINT('Ctrl Pts',(-0.279604276683529,0.612021635538724,
-8.61051235524204));
#3668=CARTESIAN_POINT('Ctrl Pts',(-0.665854014220275,0.0968889335244515,
-8.55493284945174));
#3669=CARTESIAN_POINT('Ctrl Pts',(-0.442427895992993,-0.506958174286005,
-8.49935334366139));
#3670=CARTESIAN_POINT('Ctrl Pts',(0.186098439843945,-0.646619211292452,
-8.4437738378711));
#3671=CARTESIAN_POINT('Ctrl Pts',(0.536332516115891,-0.300762729256838,
-8.4012839817288));
#3672=CARTESIAN_POINT('Ctrl Pts',(0.569375689069878,-0.0561207652706647,
-8.37732062751662));
#3673=CARTESIAN_POINT('Ctrl Pts',(0.56891396741731,-0.000494144950778227,
-8.37188377523456));
#3674=CARTESIAN_POINT('Ctrl Pts',(0.568824693845936,-0.000473510207789941,
-8.65311622476545));
#3675=CARTESIAN_POINT('Ctrl Pts',(0.567797669724455,0.130174757780476,-8.64035194901008));
#3676=CARTESIAN_POINT('Ctrl Pts',(0.458165362000604,0.452007378097192,-8.6090611713246));
#3677=CARTESIAN_POINT('Ctrl Pts',(-0.0768053391510004,0.668468369981373,
-8.55924389170901));
#3678=CARTESIAN_POINT('Ctrl Pts',(-0.603329347102045,0.297897164598297,
-8.50366438591869));
#3679=CARTESIAN_POINT('Ctrl Pts',(-0.577426955087967,-0.345437596799428,
-8.44808488012838));
#3680=CARTESIAN_POINT('Ctrl Pts',(-0.0228151681821672,-0.672479360173329,
-8.39250537433806));
#3681=CARTESIAN_POINT('Ctrl Pts',(0.477547662459911,-0.421472467712102,
-8.34418248921708));
#3682=CARTESIAN_POINT('Ctrl Pts',(0.56790995262386,-0.115206931558598,-8.31438610602621));
#3683=CARTESIAN_POINT('Ctrl Pts',(0.568491683003532,0.000315535609684559,
-8.30311622476545));
#3684=CARTESIAN_POINT('Origin',(0.,0.,-10.6468837752346));
#3685=CARTESIAN_POINT('',(0.568874539705724,0.000485842168900125,-9.07188377523456));
#3686=CARTESIAN_POINT('',(0.570178407957856,-4.83466229312052E-5,-9.00311622476545));
#3687=CARTESIAN_POINT('',(0.56925,-7.21643875024678E-14,-10.6468837752346));
#3688=CARTESIAN_POINT('Ctrl Pts',(0.568874539705724,0.000485842168900128,
-9.07188377523456));
#3689=CARTESIAN_POINT('Ctrl Pts',(0.569337971956432,0.0575713020926729,
-9.06630531734457));
#3690=CARTESIAN_POINT('Ctrl Pts',(0.535199218873908,0.303700495186605,-9.04220035752448));
#3691=CARTESIAN_POINT('Ctrl Pts',(0.181161765044006,0.648019618313095,-8.99956889577427));
#3692=CARTESIAN_POINT('Ctrl Pts',(-0.446281203211981,0.503569388463137,
-8.94398938998394));
#3693=CARTESIAN_POINT('Ctrl Pts',(-0.665095755608499,-0.101964069892626,
-8.88840988419364));
#3694=CARTESIAN_POINT('Ctrl Pts',(-0.274928733852286,-0.614136158947556,
-8.83283037840332));
#3695=CARTESIAN_POINT('Ctrl Pts',(0.366153542971417,-0.564050701817775,
-8.77732167541696));
#3696=CARTESIAN_POINT('Ctrl Pts',(0.57011784816326,-0.187727324200302,-8.7403394743607));
#3697=CARTESIAN_POINT('Ctrl Pts',(0.57018312987666,1.3469179160112E-5,-8.72188377523455));
#3698=CARTESIAN_POINT('Ctrl Pts',(0.570178407957856,-4.83466229311656E-5,
-9.00311622476545));
#3699=CARTESIAN_POINT('Ctrl Pts',(0.569952308472068,0.185827207263025,-8.98484429392404));
#3700=CARTESIAN_POINT('Ctrl Pts',(0.369597289166048,0.560586114108696,-8.94804586115254));
#3701=CARTESIAN_POINT('Ctrl Pts',(-0.268837258328461,0.616827002978983,
-8.89272092645093));
#3702=CARTESIAN_POINT('Ctrl Pts',(-0.664054051251757,0.108541415716392,
-8.83714142066059));
#3703=CARTESIAN_POINT('Ctrl Pts',(-0.451243087619789,-0.499127936677641,
-8.7815619148703));
#3704=CARTESIAN_POINT('Ctrl Pts',(0.17473954641096,-0.649780819115472,-8.72598240907996));
#3705=CARTESIAN_POINT('Ctrl Pts',(0.533708059558351,-0.307513323212811,
-8.68316717904502));
#3706=CARTESIAN_POINT('Ctrl Pts',(0.569288327301395,-0.0594525611084265,
-8.65887845094018));
#3707=CARTESIAN_POINT('Ctrl Pts',(0.568824693845936,-0.000473510207789941,
-8.65311622476545));
#3708=CARTESIAN_POINT('Origin',(0.,0.,-10.6468837752346));
#3709=CARTESIAN_POINT('',(0.568461295750638,-0.000290899775974699,-9.42188377523456));
#3710=CARTESIAN_POINT('',(0.568966323990422,0.000503298460413707,-9.35311622476544));
#3711=CARTESIAN_POINT('',(0.56925,-7.21643875024678E-14,-10.6468837752346));
#3712=CARTESIAN_POINT('Ctrl Pts',(0.568461295750638,-0.000290899775974721,
-9.42188377523456));
#3713=CARTESIAN_POINT('Ctrl Pts',(0.567936738362829,0.113363303795291,-9.41079766225854));
#3714=CARTESIAN_POINT('Ctrl Pts',(0.479802419329109,0.417700143095568,-9.38118504735242));
#3715=CARTESIAN_POINT('Ctrl Pts',(-0.0161587594123759,0.672671450790881,
-9.33304593051617));
#3716=CARTESIAN_POINT('Ctrl Pts',(-0.573979874500721,0.351135798275154,
-9.27746642472587));
#3717=CARTESIAN_POINT('Ctrl Pts',(-0.606248083585314,-0.291911742522301,
-9.22188691893554));
#3718=CARTESIAN_POINT('Ctrl Pts',(-0.0834172842973483,-0.6676753956196,
-9.16630741314523));
#3719=CARTESIAN_POINT('Ctrl Pts',(0.455650708156768,-0.455740757840967,
-9.11630636524489));
#3720=CARTESIAN_POINT('Ctrl Pts',(0.567798876626411,-0.132014046459789,
-9.08483181927467));
#3721=CARTESIAN_POINT('Ctrl Pts',(0.568874539705724,0.000485842168900128,
-9.07188377523456));
#3722=CARTESIAN_POINT('Ctrl Pts',(0.568966323990422,0.000503298460413745,
-9.35311622476544));
#3723=CARTESIAN_POINT('Ctrl Pts',(0.569423880360635,0.0542372052003184,
-9.34786314076812));
#3724=CARTESIAN_POINT('Ctrl Pts',(0.537783006721742,0.29695087561195,-9.32408355484069));
#3725=CARTESIAN_POINT('Ctrl Pts',(0.192488772394918,0.644745637968694,-9.28177746698316));
#3726=CARTESIAN_POINT('Ctrl Pts',(-0.437388918543523,0.511312035608291,
-9.22619796119283));
#3727=CARTESIAN_POINT('Ctrl Pts',(-0.666780300025047,-0.0902943673171696,
-9.17061845540252));
#3728=CARTESIAN_POINT('Ctrl Pts',(-0.285647654042239,-0.609224438622625,
-9.1150389496122));
#3729=CARTESIAN_POINT('Ctrl Pts',(0.357032510275317,-0.570330444580413,
-9.05945944382188));
#3730=CARTESIAN_POINT('Ctrl Pts',(0.568992520160329,-0.193689981891197,
-9.02215186887297));
#3731=CARTESIAN_POINT('Ctrl Pts',(0.570181558056921,-0.00263803145301821,
-9.00337079585415));
#3732=CARTESIAN_POINT('Ctrl Pts',(0.570178407957856,-4.83466229311656E-5,
-9.00311622476545));
#3733=CARTESIAN_POINT('Origin',(0.,0.,-10.6468837752346));
#3734=CARTESIAN_POINT('',(0.56992760397319,-0.00037497198368199,-9.77188377523456));
#3735=CARTESIAN_POINT('',(0.568412839213318,-0.000247369660562914,-9.70311622476545));
#3736=CARTESIAN_POINT('',(0.56925,-7.21643875024678E-14,-10.6468837752346));
#3737=CARTESIAN_POINT('Ctrl Pts',(0.56992760397319,-0.000374971983681976,
-9.77188377523456));
#3738=CARTESIAN_POINT('Ctrl Pts',(0.568747459100368,0.168610836336556,-9.7552900071725));
#3739=CARTESIAN_POINT('Ctrl Pts',(0.399563256560772,0.528451707817224,-9.72016973718036));
#3740=CARTESIAN_POINT('Ctrl Pts',(-0.212073717570483,0.638537405009334,
-9.66652296525809));
#3741=CARTESIAN_POINT('Ctrl Pts',(-0.651544128836516,0.168052358716957,
-9.61094345946777));
#3742=CARTESIAN_POINT('Ctrl Pts',(-0.494452315565036,-0.456373527878241,
-9.55536395367745));
#3743=CARTESIAN_POINT('Ctrl Pts',(0.115380671790009,-0.662894772956977,
-9.49978444788714));
#3744=CARTESIAN_POINT('Ctrl Pts',(0.518998020716357,-0.342339064725088,
-9.45529105507283));
#3745=CARTESIAN_POINT('Ctrl Pts',(0.568813349802628,-0.076569346754318,
-9.42932416418864));
#3746=CARTESIAN_POINT('Ctrl Pts',(0.568461295750638,-0.000290899775974721,
-9.42188377523456));
#3747=CARTESIAN_POINT('Ctrl Pts',(0.568412839213318,-0.000247369660562914,
-9.70311622476545));
#3748=CARTESIAN_POINT('Ctrl Pts',(0.567989373458569,0.110095703872309,-9.6923554856821));
#3749=CARTESIAN_POINT('Ctrl Pts',(0.483728741042138,0.4110170054689,-9.66306824466864));
#3750=CARTESIAN_POINT('Ctrl Pts',(-0.00437106398192302,0.672846979413051,
-9.61525450172506));
#3751=CARTESIAN_POINT('Ctrl Pts',(-0.567738157392711,0.361141671747934,
-9.55967499593475));
#3752=CARTESIAN_POINT('Ctrl Pts',(-0.611270438941118,-0.281245206205362,
-9.50409549014442));
#3753=CARTESIAN_POINT('Ctrl Pts',(-0.0951035150770091,-0.666110572668512,
-9.44851598435412));
#3754=CARTESIAN_POINT('Ctrl Pts',(0.451126511795856,-0.462337666772042,
-9.39818956256112));
#3755=CARTESIAN_POINT('Ctrl Pts',(0.567810177061737,-0.135270772862841,
-9.36638964269823));
#3756=CARTESIAN_POINT('Ctrl Pts',(0.568966323990422,0.000503298460413745,
-9.35311622476544));
#3757=CARTESIAN_POINT('Ctrl Pts',(0.248333282496547,-0.512226652278549,
-10.1154700538379));
#3758=CARTESIAN_POINT('Ctrl Pts',(0.418693200371599,-0.429634234598675,
-10.0969435519078));
#3759=CARTESIAN_POINT('Ctrl Pts',(0.667589990673501,-0.0825653207904752,
-10.0598905480476));
#3760=CARTESIAN_POINT('Ctrl Pts',(0.430866931638998,0.517408410408738,-10.0043110422573));
#3761=CARTESIAN_POINT('Ctrl Pts',(-0.200926966830956,0.64195353261369,-9.94873153646696));
#3762=CARTESIAN_POINT('Ctrl Pts',(-0.648460183695402,0.179549171419521,
-9.89315203067666));
#3763=CARTESIAN_POINT('Ctrl Pts',(-0.502393840012566,-0.447695331685902,
-9.83757252488634));
#3764=CARTESIAN_POINT('Ctrl Pts',(0.103758362160459,-0.664785267521558,
-9.78199301909601));
#3765=CARTESIAN_POINT('Ctrl Pts',(0.614864619669485,-0.273299906564497,
-9.7264135133057));
#3766=CARTESIAN_POINT('Ctrl Pts',(0.563004428282018,0.368491376671733,-9.67083400751539));
#3767=CARTESIAN_POINT('Ctrl Pts',(-0.00437106398192302,0.672846979413051,
-9.61525450172506));
#3768=CARTESIAN_POINT('Ctrl Pts',(-0.567738157392711,0.361141671747934,
-9.55967499593475));
#3769=CARTESIAN_POINT('Ctrl Pts',(-0.611270438941118,-0.281245206205362,
-9.50409549014442));
#3770=CARTESIAN_POINT('Ctrl Pts',(-0.0951035150770091,-0.666110572668512,
-9.44851598435412));
#3771=CARTESIAN_POINT('Ctrl Pts',(0.508142133228805,-0.441067801899547,
-9.39293647856379));
#3772=CARTESIAN_POINT('Ctrl Pts',(0.646118116728447,0.18783123185905,-9.33735697277346));
#3773=CARTESIAN_POINT('Ctrl Pts',(0.192488772394918,0.644745637968694,-9.28177746698316));
#3774=CARTESIAN_POINT('Ctrl Pts',(-0.437388918543523,0.511312035608291,
-9.22619796119283));
#3775=CARTESIAN_POINT('Ctrl Pts',(-0.666780300025047,-0.0902943673171696,
-9.17061845540252));
#3776=CARTESIAN_POINT('Ctrl Pts',(-0.285647654042239,-0.609224438622625,
-9.1150389496122));
#3777=CARTESIAN_POINT('Ctrl Pts',(0.357032510275317,-0.570330444580413,
-9.05945944382188));
#3778=CARTESIAN_POINT('Ctrl Pts',(0.672803037114718,-0.00922480301656468,
-9.00387993803156));
#3779=CARTESIAN_POINT('Ctrl Pts',(0.372534969593491,0.560327328366125,-8.94830043224124));
#3780=CARTESIAN_POINT('Ctrl Pts',(-0.268837258328461,0.616827002978983,
-8.89272092645093));
#3781=CARTESIAN_POINT('Ctrl Pts',(-0.664054051251757,0.108541415716392,
-8.83714142066059));
#3782=CARTESIAN_POINT('Ctrl Pts',(-0.451243087619789,-0.499127936677641,
-8.7815619148703));
#3783=CARTESIAN_POINT('Ctrl Pts',(0.17473954641096,-0.649780819115472,-8.72598240907996));
#3784=CARTESIAN_POINT('Ctrl Pts',(0.640725424303766,-0.205474943499893,
-8.67040290328965));
#3785=CARTESIAN_POINT('Ctrl Pts',(0.52004393507162,0.426969937215857,-8.61482339749934));
#3786=CARTESIAN_POINT('Ctrl Pts',(-0.0768053391510004,0.668468369981373,
-8.55924389170901));
#3787=CARTESIAN_POINT('Ctrl Pts',(-0.603329347102045,0.297897164598297,
-8.50366438591869));
#3788=CARTESIAN_POINT('Ctrl Pts',(-0.577426955087967,-0.345437596799428,
-8.44808488012838));
#3789=CARTESIAN_POINT('Ctrl Pts',(-0.0228151681821672,-0.672479360173329,
-8.39250537433806));
#3790=CARTESIAN_POINT('Ctrl Pts',(0.552686869275006,-0.383778902863457,
-8.33692586854774));
#3791=CARTESIAN_POINT('Ctrl Pts',(0.622132274545836,0.256320999374397,-8.28134636275743));
#3792=CARTESIAN_POINT('Ctrl Pts',(0.12193475697722,0.661725726260232,-8.2257668569671));
#3793=CARTESIAN_POINT('Ctrl Pts',(-0.489909871989894,0.461234581400364,
-8.17018735117679));
#3794=CARTESIAN_POINT('Ctrl Pts',(-0.65317836557996,-0.161576744895637,
-8.11460784538647));
#3795=CARTESIAN_POINT('Ctrl Pts',(-0.218377206575927,-0.636443569691076,
-8.05902833959615));
#3796=CARTESIAN_POINT('Ctrl Pts',(0.416376655937324,-0.528563621660932,
-8.00344883380584));
#3797=CARTESIAN_POINT('Ctrl Pts',(0.66988359557716,0.0632849913447449,-7.94786932801551));
#3798=CARTESIAN_POINT('Ctrl Pts',(0.310025074268664,0.597187972984746,-7.89228982222519));
#3799=CARTESIAN_POINT('Ctrl Pts',(-0.333701680028165,0.584287780549343,
-7.83671031643488));
#3800=CARTESIAN_POINT('Ctrl Pts',(-0.671881192772715,0.036396216166173,
-7.78113081064456));
#3801=CARTESIAN_POINT('Ctrl Pts',(-0.39486618481475,-0.544820812600573,
-7.72555130485425));
#3802=CARTESIAN_POINT('Ctrl Pts',(0.243700115130219,-0.627183606002597,
-7.66997179906392));
#3803=CARTESIAN_POINT('Ctrl Pts',(0.659127298910939,-0.135278326361882,
-7.61439229327361));
#3804=CARTESIAN_POINT('Ctrl Pts',(0.4710378087659,0.480491836003406,-7.55881278748329));
#3805=CARTESIAN_POINT('Ctrl Pts',(-0.148347991074374,0.656309298499648,
-7.50323328169297));
#3806=CARTESIAN_POINT('Ctrl Pts',(-0.631901932175516,0.231190332552534,
-7.44765377590265));
#3807=CARTESIAN_POINT('Ctrl Pts',(-0.53686755963232,-0.405613418376833,
-7.39207427011234));
#3808=CARTESIAN_POINT('Ctrl Pts',(0.0497388119212188,-0.671025388745888,
-7.33649476432201));
#3809=CARTESIAN_POINT('Ctrl Pts',(0.590802839248824,-0.322026438182383,
-7.2809152585317));
#3810=CARTESIAN_POINT('Ctrl Pts',(0.590910111973058,0.321829553212396,-7.22533575274137));
#3811=CARTESIAN_POINT('Ctrl Pts',(0.0499624079783497,0.671008777544606,
-7.16975624695106));
#3812=CARTESIAN_POINT('Ctrl Pts',(-0.536732371481504,0.40579229065711,-7.11417674116074));
#3813=CARTESIAN_POINT('Ctrl Pts',(-0.631978934246312,-0.230979757601825,
-7.05859723537043));
#3814=CARTESIAN_POINT('Ctrl Pts',(-0.1485666779671,-0.656259829603124,-7.0030177295801));
#3815=CARTESIAN_POINT('Ctrl Pts',(0.470877673312656,-0.480648768362684,
-6.94743822378979));
#3816=CARTESIAN_POINT('Ctrl Pts',(0.659172339708925,0.135058684709889,-6.89185871799947));
#3817=CARTESIAN_POINT('Ctrl Pts',(0.243909091477315,0.627102365525448,-6.83627921220915));
#3818=CARTESIAN_POINT('Ctrl Pts',(-0.394684617913865,0.544952359509608,
-6.78069970641883));
#3819=CARTESIAN_POINT('Ctrl Pts',(-0.671893283404413,-0.0361723301563353,
-6.72512020062851));
#3820=CARTESIAN_POINT('Ctrl Pts',(-0.333896357648346,-0.584176552167298,
-6.66954069483819));
#3821=CARTESIAN_POINT('Ctrl Pts',(0.309826062313183,-0.597291246264678,
-6.61396118904788));
#3822=CARTESIAN_POINT('Ctrl Pts',(0.66986247058665,-0.0635082061819719,
-6.55838168325756));
#3823=CARTESIAN_POINT('Ctrl Pts',(0.416552760585061,0.528424847449348,-6.50280217746724));
#3824=CARTESIAN_POINT('Ctrl Pts',(-0.218165118973861,0.636516301924802,
-6.44722267167691));
#3825=CARTESIAN_POINT('Ctrl Pts',(-0.653124488777124,0.161794387765845,
-6.39164316588661));
#3826=CARTESIAN_POINT('Ctrl Pts',(-0.490063537198591,-0.461071308217404,
-6.33606366009628));
#3827=CARTESIAN_POINT('Ctrl Pts',(0.121714250218885,-0.661766320574383,
-6.28048415430596));
#3828=CARTESIAN_POINT('Ctrl Pts',(0.622046828823374,-0.256528291819219,
-6.22490464851566));
#3829=CARTESIAN_POINT('Ctrl Pts',(0.552814721246851,0.383594715455872,-6.16932514272532));
#3830=CARTESIAN_POINT('Ctrl Pts',(-0.0225910836038606,0.672486925296327,
-6.11374563693502));
#3831=CARTESIAN_POINT('Ctrl Pts',(-0.577311816451774,0.345629987614002,
-6.05816613114469));
#3832=CARTESIAN_POINT('Ctrl Pts',(-0.603428578778825,-0.297696106904121,
-6.00258662535438));
#3833=CARTESIAN_POINT('Ctrl Pts',(-0.0770280816659038,-0.668442739797339,
-5.94700711956405));
#3834=CARTESIAN_POINT('Ctrl Pts',(0.519901631461433,-0.427143202400135,
-5.89142761377375));
#3835=CARTESIAN_POINT('Ctrl Pts',(0.640793856979604,0.205261429913431,-5.83584810798341));
#3836=CARTESIAN_POINT('Ctrl Pts',(0.174956056484019,0.649722556213392,-5.78026860219311));
#3837=CARTESIAN_POINT('Ctrl Pts',(-0.451076743470494,0.499278272362173,
-5.72468909640278));
#3838=CARTESIAN_POINT('Ctrl Pts',(-0.664090182287363,-0.108320134520038,
-5.66910959061247));
#3839=CARTESIAN_POINT('Ctrl Pts',(-0.269042782684954,-0.616737385633496,
-5.61353008482215));
#3840=CARTESIAN_POINT('Ctrl Pts',(0.372348237668771,-0.560451435592652,
-5.55795057903183));
#3841=CARTESIAN_POINT('Ctrl Pts',(0.672806072109438,0.0090006158441835,
-5.50237107324151));
#3842=CARTESIAN_POINT('Ctrl Pts',(0.357222538657358,0.570211434143594,-5.44679156745119));
#3843=CARTESIAN_POINT('Ctrl Pts',(-0.285444638178961,0.609319604384911,
-5.39121206166087));
#3844=CARTESIAN_POINT('Ctrl Pts',(-0.666750164681049,0.0905165159001228,
-5.33563255587055));
#3845=CARTESIAN_POINT('Ctrl Pts',(-0.437559293305783,-0.511166202516018,
-5.28005305008024));
#3846=CARTESIAN_POINT('Ctrl Pts',(0.192273957436165,-0.644809853402334,
-5.22447354428991));
#3847=CARTESIAN_POINT('Ctrl Pts',(0.646055420509558,-0.188046311804095,
-5.16889403849961));
#3848=CARTESIAN_POINT('Ctrl Pts',(0.508289212591518,0.440898058643942,-5.11331453270928));
#3849=CARTESIAN_POINT('Ctrl Pts',(-0.0948818048108635,0.666142976296182,
-5.05773502691896));
#3850=CARTESIAN_POINT('Ctrl Pts',(-0.611176203159325,0.281447455921445,
-5.00215552112865));
#3851=CARTESIAN_POINT('Ctrl Pts',(-0.567859385400155,-0.360949775129259,
-4.94657601533833));
#3852=CARTESIAN_POINT('Ctrl Pts',(-0.00459352577837803,-0.672850593574702,
-4.89099650954801));
#3853=CARTESIAN_POINT('Ctrl Pts',(0.562878303470113,-0.368669278941858,
-4.8354170037577));
#3854=CARTESIAN_POINT('Ctrl Pts',(0.614961918489658,0.273076656930653,-4.77983749796737));
#3855=CARTESIAN_POINT('Ctrl Pts',(0.103968003188266,0.664785436111492,-4.72425799217706));
#3856=CARTESIAN_POINT('Ctrl Pts',(-0.502222126232251,0.447796781671844,
-4.66867848638673));
#3857=CARTESIAN_POINT('Ctrl Pts',(-0.64856265194736,-0.179208002756331,
-4.61309898059643));
#3858=CARTESIAN_POINT('Ctrl Pts',(-0.201059810558002,-0.642124578513611,
-4.55751947480609));
#3859=CARTESIAN_POINT('Ctrl Pts',(0.430539408463716,-0.517092679809544,
-4.50193996901578));
#3860=CARTESIAN_POINT('Ctrl Pts',(0.667923864693317,0.0814047463361044,
-4.44636046322546));
#3861=CARTESIAN_POINT('Ctrl Pts',(0.293737248200869,0.605365551359082,-4.39078095743514));
#3862=CARTESIAN_POINT('Ctrl Pts',(-0.349403980451028,0.575035546899392,
-4.33520145164483));
#3863=CARTESIAN_POINT('Ctrl Pts',(-0.672620471519386,0.0181857924199177,
-4.27962194585451));
#3864=CARTESIAN_POINT('Ctrl Pts',(-0.37996553614785,-0.555315417661692,
-4.22404244006419));
#3865=CARTESIAN_POINT('Ctrl Pts',(0.260597211510116,-0.620353218018617,
-4.16846293427387));
#3866=CARTESIAN_POINT('Ctrl Pts',(0.662549356049724,-0.117377052914944,
-4.11288342848355));
#3867=CARTESIAN_POINT('Ctrl Pts',(0.457851488769976,0.49307305339475,-4.05730392269323));
#3868=CARTESIAN_POINT('Ctrl Pts',(-0.166068899122977,0.65205072080091,-4.00172441690292));
#3869=CARTESIAN_POINT('Ctrl Pts',(-0.637931634712931,0.213991240908102,
-3.9461449111126));
#3870=CARTESIAN_POINT('Ctrl Pts',(-0.525685080625306,-0.420005021113878,
-3.89056540532228));
#3871=CARTESIAN_POINT('Ctrl Pts',(0.0678944601487762,-0.669432120557423,
-3.83498589953196));
#3872=CARTESIAN_POINT('Ctrl Pts',(0.599307802019132,-0.305907143087411,
-3.77940639374164));
#3873=CARTESIAN_POINT('Ctrl Pts',(0.581976990931536,0.337715566385649,-3.72382688795133));
#3874=CARTESIAN_POINT('Ctrl Pts',(0.0317706360018653,0.6721157998745,-3.66824738216101));
#3875=CARTESIAN_POINT('Ctrl Pts',(-0.547525863729927,0.391106699379723,
-3.61266787637069));
#3876=CARTESIAN_POINT('Ctrl Pts',(-0.625491302356233,-0.248011395765609,
-3.55708837058037));
#3877=CARTESIAN_POINT('Ctrl Pts',(-0.130738191786888,-0.660042837216794,
-3.50150886479005));
#3878=CARTESIAN_POINT('Ctrl Pts',(0.483722718463433,-0.46771931047932,-3.44592935899973));
#3879=CARTESIAN_POINT('Ctrl Pts',(0.655272636206335,0.15286200964303,-3.39034985320941));
#3880=CARTESIAN_POINT('Ctrl Pts',(0.226835324515348,0.633478300579365,-3.3347703474191));
#3881=CARTESIAN_POINT('Ctrl Pts',(-0.409299196510717,0.534062907800741,
-3.27919084162877));
#3882=CARTESIAN_POINT('Ctrl Pts',(-0.670667128250043,-0.0543564608647488,
-3.22361133583846));
#3883=CARTESIAN_POINT('Ctrl Pts',(-0.317952173084855,-0.593005427785886,
-3.16803183004814));
#3884=CARTESIAN_POINT('Ctrl Pts',(0.325889303898948,-0.588680884144509,
-3.11245232425782));
#3885=CARTESIAN_POINT('Ctrl Pts',(0.671336784636435,-0.0453425114755887,
-3.05687281846751));
#3886=CARTESIAN_POINT('Ctrl Pts',(0.402088221047987,0.539512821207585,-3.00129331267719));
#3887=CARTESIAN_POINT('Ctrl Pts',(-0.235324346963522,0.630374074244091,
-2.94571380688687));
#3888=CARTESIAN_POINT('Ctrl Pts',(-0.657266902721197,0.144045966067039,
-2.89013430109655));
#3889=CARTESIAN_POINT('Ctrl Pts',(-0.477396218961722,-0.47417493804919,
-2.83455479530623));
#3890=CARTESIAN_POINT('Ctrl Pts',(0.139592725092175,-0.658227083045238,
-2.77897528951592));
#3891=CARTESIAN_POINT('Ctrl Pts',(0.628766393870632,-0.239586818693824,
-2.7233957837256));
#3892=CARTESIAN_POINT('Ctrl Pts',(0.542222741682267,0.398426304547619,-2.66781627793528));
#3893=CARTESIAN_POINT('Ctrl Pts',(-0.0407962744118026,0.671628383666905,
-2.61223677214496));
#3894=CARTESIAN_POINT('Ctrl Pts',(-0.586461001156518,0.329867421664214,
-2.55665726635464));
#3895=CARTESIAN_POINT('Ctrl Pts',(-0.595144490149501,-0.313930020223603,
-2.50107776056432));
#3896=CARTESIAN_POINT('Ctrl Pts',(-0.0588958790857411,-0.670283743782899,
-2.445498254774));
#3897=CARTESIAN_POINT('Ctrl Pts',(0.53127956085082,-0.412905618725471,-2.38991874898369));
#3898=CARTESIAN_POINT('Ctrl Pts',(0.634999540636958,0.222541243691487,-2.33433924319337));
#3899=CARTESIAN_POINT('Ctrl Pts',(0.157294943800638,0.65422268564125,-2.27875973740305));
#3900=CARTESIAN_POINT('Ctrl Pts',(-0.464433609356045,0.486878264305808,
-2.22318023161273));
#3901=CARTESIAN_POINT('Ctrl Pts',(-0.660912855374286,-0.126266461714511,
-2.16760072582241));
#3902=CARTESIAN_POINT('Ctrl Pts',(-0.252240518550657,-0.623797837888339,
-2.11202122003209));
#3903=CARTESIAN_POINT('Ctrl Pts',(0.387390783311429,-0.550161251596641,
-2.05644171424178));
#3904=CARTESIAN_POINT('Ctrl Pts',(0.672315494443578,0.0272194357741909,
-2.00086220845146));
#3905=CARTESIAN_POINT('Ctrl Pts',(0.341648025270755,0.579677193428648,-1.94528270266114));
#3906=CARTESIAN_POINT('Ctrl Pts',(-0.301842596889092,0.601365170638417,
-1.88970319687082));
#3907=CARTESIAN_POINT('Ctrl Pts',(-0.668957107142442,0.0724252066305673,
-1.8341236910805));
#3908=CARTESIAN_POINT('Ctrl Pts',(-0.423554476978275,-0.522829443302254,
-1.77854418529018));
#3909=CARTESIAN_POINT('Ctrl Pts',(0.209667303746936,-0.639365813519772,
-1.72296467949987));
#3910=CARTESIAN_POINT('Ctrl Pts',(0.650911428558052,-0.170479717025935,
-1.66738517370955));
#3911=CARTESIAN_POINT('Ctrl Pts',(0.496161576147896,0.454502708577979,-1.61180566791923));
#3912=CARTESIAN_POINT('Ctrl Pts',(-0.112888659027997,0.663328856940897,
-1.55622616212891));
#3913=CARTESIAN_POINT('Ctrl Pts',(-0.618574660661945,0.264791259066178,
-1.50064665633859));
#3914=CARTESIAN_POINT('Ctrl Pts',(-0.557875197269196,-0.376197137186582,
-1.44506715054827));
#3915=CARTESIAN_POINT('Ctrl Pts',(0.0136314868445554,-0.672728180275428,
-1.38948764475796));
#3916=CARTESIAN_POINT('Ctrl Pts',(0.572656773399274,-0.353289175006327,
-1.33390813896764));
#3917=CARTESIAN_POINT('Ctrl Pts',(0.607340386860132,0.289631967155169,-1.27832863317732));
#3918=CARTESIAN_POINT('Ctrl Pts',(0.0859249709630843,0.667357417306941,
-1.222749127387));
#3919=CARTESIAN_POINT('Ctrl Pts',(-0.514165916284674,0.434030447106056,
-1.16716962159668));
#3920=CARTESIAN_POINT('Ctrl Pts',(-0.643471113397276,-0.196707778099269,
-1.11159011580637));
#3921=CARTESIAN_POINT('Ctrl Pts',(-0.183594898828198,-0.647334490455321,
-1.05601061001605));
#3922=CARTESIAN_POINT('Ctrl Pts',(0.444386279508669,-0.505242351213088,
-1.00043110422573));
#3923=CARTESIAN_POINT('Ctrl Pts',(0.665474120142863,0.09946475099645,-0.944851598435411));
#3924=CARTESIAN_POINT('Ctrl Pts',(0.277233882115684,0.613099044551235,-0.889272092645092));
#3925=CARTESIAN_POINT('Ctrl Pts',(-0.364849868516656,0.565361334565018,
-0.833692586854773));
#3926=CARTESIAN_POINT('Ctrl Pts',(-0.672866399070493,-3.77930046748367E-5,
-0.778113081064456));
#3927=CARTESIAN_POINT('Ctrl Pts',(-0.364785879709211,-0.565402949585157,
-0.722533575274137));
#3928=CARTESIAN_POINT('Ctrl Pts',(0.277302661238712,-0.613067049898054,
-0.666954069483817));
#3929=CARTESIAN_POINT('Ctrl Pts',(0.665486187533653,-0.0993908936406565,
-0.611374563693501));
#3930=CARTESIAN_POINT('Ctrl Pts',(0.444327622499434,0.505294850870818,-0.555795057903184));
#3931=CARTESIAN_POINT('Ctrl Pts',(-0.18366486616555,0.647309339374917,-0.500215552112864));
#3932=CARTESIAN_POINT('Ctrl Pts',(-0.64349918864839,0.196643523044758,-0.444636046322546));
#3933=CARTESIAN_POINT('Ctrl Pts',(-0.514105781410757,-0.43410434801957,
-0.389056540532229));
#3934=CARTESIAN_POINT('Ctrl Pts',(0.0859791753384223,-0.667317638789849,
-0.333477034741908));
#3935=CARTESIAN_POINT('Ctrl Pts',(0.607413111434605,-0.289620428411494,
-0.27789752895159));
#3936=CARTESIAN_POINT('Ctrl Pts',(0.572540957250651,0.35346197400317,-0.222318023161271));
#3937=CARTESIAN_POINT('Ctrl Pts',(0.0136999170984292,0.672523825828187,
-0.166738517370956));
#3938=CARTESIAN_POINT('Ctrl Pts',(-0.558194940806614,0.376531783518471,
-0.111159011580635));
#3939=CARTESIAN_POINT('Ctrl Pts',(-0.617988357692095,-0.265676151736858,
-0.0555795057903175));
#3940=CARTESIAN_POINT('Ctrl Pts',(-0.282086496445859,-0.529449506657151,
-0.0185265019301061));
#3941=CARTESIAN_POINT('Ctrl Pts',(-0.09544132486646,-0.561192049130897,
0.));
#3942=CARTESIAN_POINT('Ctrl Pts',(0.277416378089768,-0.57221513446605,-10.076980035892));
#3943=CARTESIAN_POINT('Ctrl Pts',(0.46772768438526,-0.479950057710796,-10.0584535339618));
#3944=CARTESIAN_POINT('Ctrl Pts',(0.745773564460474,-0.0922348064634822,
-10.0214005301016));
#3945=CARTESIAN_POINT('Ctrl Pts',(0.481327119797561,0.578003744668295,-9.96582102431131));
#3946=CARTESIAN_POINT('Ctrl Pts',(-0.224458158964586,0.717134739770905,
-9.910241518521));
#3947=CARTESIAN_POINT('Ctrl Pts',(-0.724403405325667,0.200576742366022,
-9.85466201273068));
#3948=CARTESIAN_POINT('Ctrl Pts',(-0.561230770478092,-0.50012634696167,
-9.79908250694036));
#3949=CARTESIAN_POINT('Ctrl Pts',(0.11590983189087,-0.74264037131562,-9.74350300115004));
#3950=CARTESIAN_POINT('Ctrl Pts',(0.686873358614825,-0.305306922411596,
-9.68792349535972));
#3951=CARTESIAN_POINT('Ctrl Pts',(0.628939656305086,0.411646566444452,-9.63234398956941));
#3952=CARTESIAN_POINT('Ctrl Pts',(-0.00488297310000326,0.751646215766505,
-9.57676448377909));
#3953=CARTESIAN_POINT('Ctrl Pts',(-0.634227767393327,0.403436114347596,
-9.52118497798877));
#3954=CARTESIAN_POINT('Ctrl Pts',(-0.682858252021614,-0.314182721205267,
-9.46560547219846));
#3955=CARTESIAN_POINT('Ctrl Pts',(-0.106241388311022,-0.744120887137085,
-9.41002596640813));
#3956=CARTESIAN_POINT('Ctrl Pts',(0.567652264480904,-0.492722646215107,
-9.35444646061782));
#3957=CARTESIAN_POINT('Ctrl Pts',(0.721787051493889,0.209828741079853,-9.2988669548275));
#3958=CARTESIAN_POINT('Ctrl Pts',(0.21503174090844,0.720253837408743,-9.24328744903718));
#3959=CARTESIAN_POINT('Ctrl Pts',(-0.488612917201826,0.571193404146805,
-9.18770794324686));
#3960=CARTESIAN_POINT('Ctrl Pts',(-0.744869048381075,-0.100869026057296,
-9.13212843745655));
#3961=CARTESIAN_POINT('Ctrl Pts',(-0.319100753622642,-0.68057263813926,
-9.07654893166622));
#3962=CARTESIAN_POINT('Ctrl Pts',(0.398845715987558,-0.63712364552673,-9.02096942587591));
#3963=CARTESIAN_POINT('Ctrl Pts',(0.75159712724673,-0.0103051488536585,
-8.96538992008558));
#3964=CARTESIAN_POINT('Ctrl Pts',(0.416163717313406,0.625949032756835,-8.90981041429528));
#3965=CARTESIAN_POINT('Ctrl Pts',(-0.300321639336049,0.689065562835981,
-8.85423090850494));
#3966=CARTESIAN_POINT('Ctrl Pts',(-0.741823519997389,0.121253043965996,
-8.79865140271464));
#3967=CARTESIAN_POINT('Ctrl Pts',(-0.504089591805967,-0.55758238688144,
-8.74307189692431));
#3968=CARTESIAN_POINT('Ctrl Pts',(0.195203846971469,-0.725878704533766,
-8.68749239113399));
#3969=CARTESIAN_POINT('Ctrl Pts',(0.715762803815263,-0.2295387635555,-8.63191288534368));
#3970=CARTESIAN_POINT('Ctrl Pts',(0.580947923954252,0.476973736040734,-8.57633337955336));
#3971=CARTESIAN_POINT('Ctrl Pts',(-0.0858002551692804,0.746754813545286,
-8.52075387376303));
#3972=CARTESIAN_POINT('Ctrl Pts',(-0.673987153818729,0.332784843075618,
-8.46517436797273));
#3973=CARTESIAN_POINT('Ctrl Pts',(-0.645051250808995,-0.385892885547724,
-8.4095948621824));
#3974=CARTESIAN_POINT('Ctrl Pts',(-0.0254871246373955,-0.751235543475724,
-8.3540153563921));
#3975=CARTESIAN_POINT('Ctrl Pts',(0.617413775353185,-0.428724463146097,
-8.29843585060175));
#3976=CARTESIAN_POINT('Ctrl Pts',(0.694992151523826,0.286339561737094,-8.24285634481146));
#3977=CARTESIAN_POINT('Ctrl Pts',(0.136214921752759,0.739222517507223,-8.18727683902112));
#3978=CARTESIAN_POINT('Ctrl Pts',(-0.547284765503575,0.515251221002215,
-8.13169733323082));
#3979=CARTESIAN_POINT('Ctrl Pts',(-0.729674148402966,-0.180499508168448,
-8.07611782744049));
#3980=CARTESIAN_POINT('Ctrl Pts',(-0.24395205143915,-0.710979487675688,
-8.02053832165017));
#3981=CARTESIAN_POINT('Ctrl Pts',(0.465139842110638,-0.590465377967285,
-7.96495881585987));
#3982=CARTESIAN_POINT('Ctrl Pts',(0.748335780683547,0.070696496699138,-7.90937931006953));
#3983=CARTESIAN_POINT('Ctrl Pts',(0.346333090578848,0.667126543968179,-7.85379980427923));
#3984=CARTESIAN_POINT('Ctrl Pts',(-0.372782538470939,0.652715569224418,
-7.79822029848889));
#3985=CARTESIAN_POINT('Ctrl Pts',(-0.750567322800263,0.0406586920749532,
-7.74264079269859));
#3986=CARTESIAN_POINT('Ctrl Pts',(-0.441110211729074,-0.608626499920219,
-7.68706128690826));
#3987=CARTESIAN_POINT('Ctrl Pts',(0.272240605849622,-0.700635060372682,
-7.63148178111796));
#3988=CARTESIAN_POINT('Ctrl Pts',(0.736319780118488,-0.151121198721631,
-7.57590227532763));
#3989=CARTESIAN_POINT('Ctrl Pts',(0.526202535308525,0.536763753556147,-7.52032276953731));
#3990=CARTESIAN_POINT('Ctrl Pts',(-0.165721493176492,0.733171754772478,
-7.46474326374699));
#3991=CARTESIAN_POINT('Ctrl Pts',(-0.70590596463642,0.258265763095934,-7.40916375795668));
#3992=CARTESIAN_POINT('Ctrl Pts',(-0.599741816359859,-0.453116087781243,
-7.35358425216636));
#3993=CARTESIAN_POINT('Ctrl Pts',(0.0555638813893852,-0.749611292859004,
-7.29800474637603));
#3994=CARTESIAN_POINT('Ctrl Pts',(0.659993627039643,-0.359739972151912,
-7.24242524058573));
#3995=CARTESIAN_POINT('Ctrl Pts',(0.66011346281165,0.359520029360834,-7.18684573479539));
#3996=CARTESIAN_POINT('Ctrl Pts',(0.0558136634874419,0.749592736267442,
-7.13126622900509));
#3997=CARTESIAN_POINT('Ctrl Pts',(-0.599590795897437,0.453315908359589,
-7.07568672321476));
#3998=CARTESIAN_POINT('Ctrl Pts',(-0.705991984663092,-0.258030527047225,
-7.02010721742445));
#3999=CARTESIAN_POINT('Ctrl Pts',(-0.165965791182386,-0.733116492417136,
-6.96452771163413));
#4000=CARTESIAN_POINT('Ctrl Pts',(0.526023645886243,-0.536939064760004,
-6.90894820584381));
#4001=CARTESIAN_POINT('Ctrl Pts',(0.736370095786678,0.150875834141593,-6.85336870005349));
#4002=CARTESIAN_POINT('Ctrl Pts',(0.272474056077196,0.700544305566494,-6.79778919426318));
#4003=CARTESIAN_POINT('Ctrl Pts',(-0.440907380954583,0.608773452703525,
-6.74220968847285));
#4004=CARTESIAN_POINT('Ctrl Pts',(-0.750580829404052,-0.0404085860669101,
-6.68663018268255));
#4005=CARTESIAN_POINT('Ctrl Pts',(-0.373000015402499,-0.652591314535015,
-6.6310506768922));
#4006=CARTESIAN_POINT('Ctrl Pts',(0.346110771704284,-0.667241911908319,
-6.57547117110192));
#4007=CARTESIAN_POINT('Ctrl Pts',(0.748312181678631,-0.0709458529314245,
-6.51989166531157));
#4008=CARTESIAN_POINT('Ctrl Pts',(0.465336570930252,0.590310351469188,-6.46431215952127));
#4009=CARTESIAN_POINT('Ctrl Pts',(-0.243715125587704,0.711060737811176,
-6.40873265373094));
#4010=CARTESIAN_POINT('Ctrl Pts',(-0.729613961917472,0.180742639883047,
-6.35315314794063));
#4011=CARTESIAN_POINT('Ctrl Pts',(-0.547456426930523,-0.515068826380772,
-6.29757364215031));
#4012=CARTESIAN_POINT('Ctrl Pts',(0.135968590751044,-0.739267865949803,
-6.24199413635999));
#4013=CARTESIAN_POINT('Ctrl Pts',(0.694896698982754,-0.286571130855277,
-6.18641463056967));
#4014=CARTESIAN_POINT('Ctrl Pts',(0.61755660047353,0.428518704969084,-6.13083512477935));
#4015=CARTESIAN_POINT('Ctrl Pts',(-0.025236796805904,0.751243994574187,
-6.07525561898904));
#4016=CARTESIAN_POINT('Ctrl Pts',(-0.64492262792322,0.386107807858644,-6.01967611319871));
#4017=CARTESIAN_POINT('Ctrl Pts',(-0.674098006830798,-0.332560238879433,
-5.9640966074084));
#4018=CARTESIAN_POINT('Ctrl Pts',(-0.0860490837640821,-0.746726181729396,
-5.90851710161807));
#4019=CARTESIAN_POINT('Ctrl Pts',(0.580788954718525,-0.477167292858349,
-5.85293759582777));
#4020=CARTESIAN_POINT('Ctrl Pts',(0.71583925085805,0.229300244718117,-5.79735809003744));
#4021=CARTESIAN_POINT('Ctrl Pts',(0.195445713223464,0.725813618279084,-5.74177858424713));
#4022=CARTESIAN_POINT('Ctrl Pts',(-0.503903766567617,0.557750328853125,
-5.6861990784568));
#4023=CARTESIAN_POINT('Ctrl Pts',(-0.741863882452768,-0.121005847829378,
-5.63061957266649));
#4024=CARTESIAN_POINT('Ctrl Pts',(-0.300551233299491,-0.688965450119928,
-5.57504006687617));
#4025=CARTESIAN_POINT('Ctrl Pts',(0.415955116622815,-0.626087674572902,
-5.51946056108585));
#4026=CARTESIAN_POINT('Ctrl Pts',(0.751600517679274,0.0100547064129754,
-5.46388105529554));
#4027=CARTESIAN_POINT('Ctrl Pts',(0.399057999194004,0.636990697401522,-5.40830154950521));
#4028=CARTESIAN_POINT('Ctrl Pts',(-0.318873961929983,0.680678949064739,
-5.3527220437149));
#4029=CARTESIAN_POINT('Ctrl Pts',(-0.744835383791698,0.101117191162899,
-5.29714253792458));
#4030=CARTESIAN_POINT('Ctrl Pts',(-0.488803245090965,-0.571030492080189,
-5.24156303213427));
#4031=CARTESIAN_POINT('Ctrl Pts',(0.214791768290944,-0.720325573314771,
-5.18598352634393));
#4032=CARTESIAN_POINT('Ctrl Pts',(0.721717012722655,-0.210069009717022,
-5.13040402055363));
#4033=CARTESIAN_POINT('Ctrl Pts',(0.56781656877263,0.492533023790363,-5.0748245147633));
#4034=CARTESIAN_POINT('Ctrl Pts',(-0.105993712854892,0.744157085656003,
-5.019245008973));
#4035=CARTESIAN_POINT('Ctrl Pts',(-0.682752979989582,0.314408657024811,
-4.96366550318267));
#4036=CARTESIAN_POINT('Ctrl Pts',(-0.634363192795864,-0.403221744109418,
-4.90808599739235));
#4037=CARTESIAN_POINT('Ctrl Pts',(-0.00513148810053183,-0.751650253194049,
-4.85250649160204));
#4038=CARTESIAN_POINT('Ctrl Pts',(0.628798760617841,-0.411845303411691,
-4.79692698581171));
#4039=CARTESIAN_POINT('Ctrl Pts',(0.686982052407342,0.30505752730755,-4.7413474800214));
#4040=CARTESIAN_POINT('Ctrl Pts',(0.116144024642014,0.742640559649657,-4.68576797423108));
#4041=CARTESIAN_POINT('Ctrl Pts',(-0.561038946754261,0.500239678076093,
-4.63018846844076));
#4042=CARTESIAN_POINT('Ctrl Pts',(-0.724517873958466,-0.200195618362411,
-4.57460896265045));
#4043=CARTESIAN_POINT('Ctrl Pts',(-0.224606560440353,-0.717325817396777,
-4.51902945686012));
#4044=CARTESIAN_POINT('Ctrl Pts',(0.480961239348071,-0.577651037860721,
-4.46344995106981));
#4045=CARTESIAN_POINT('Ctrl Pts',(0.746146539521988,0.0909383134666783,
-4.40787044527949));
#4046=CARTESIAN_POINT('Ctrl Pts',(0.328137745721091,0.676261824391917,-4.35229093948917));
#4047=CARTESIAN_POINT('Ctrl Pts',(-0.390323784924879,0.642379777249191,
-4.29671143369885));
#4048=CARTESIAN_POINT('Ctrl Pts',(-0.751393180817514,0.0203155880480635,
-4.24113192790853));
#4049=CARTESIAN_POINT('Ctrl Pts',(-0.42446450100193,-0.620350161349204,
-4.18555242211822));
#4050=CARTESIAN_POINT('Ctrl Pts',(0.291116574591385,-0.693004744063833,
-4.12997291632789));
#4051=CARTESIAN_POINT('Ctrl Pts',(0.740142605184521,-0.131123450562709,
-4.07439341053758));
#4052=CARTESIAN_POINT('Ctrl Pts',(0.511471923701307,0.550818397080278,-4.01881390474726));
#4053=CARTESIAN_POINT('Ctrl Pts',(-0.185517752775216,0.728414441579818,
-3.96323439895694));
#4054=CARTESIAN_POINT('Ctrl Pts',(-0.712641824695418,0.239052431469721,
-3.90765489316662));
#4055=CARTESIAN_POINT('Ctrl Pts',(-0.587249721893085,-0.469193136600798,
-3.8520753873763));
#4056=CARTESIAN_POINT('Ctrl Pts',(0.0758457949634573,-0.74783143199732,
-3.79649588158599));
#4057=CARTESIAN_POINT('Ctrl Pts',(0.669494632880695,-0.34173289546186,-3.74091637579567));
#4058=CARTESIAN_POINT('Ctrl Pts',(0.650134155731008,0.377266503746003,-3.68533687000535));
#4059=CARTESIAN_POINT('Ctrl Pts',(0.0354913955980329,0.750829405481235,
-3.62975736421503));
#4060=CARTESIAN_POINT('Ctrl Pts',(-0.611648348136891,0.436910441072552,
-3.57417785842471));
#4061=CARTESIAN_POINT('Ctrl Pts',(-0.698744565697613,-0.277056794186418,
-3.51859835263439));
#4062=CARTESIAN_POINT('Ctrl Pts',(-0.146049354637047,-0.737342540008984,
-3.46301884684408));
#4063=CARTESIAN_POINT('Ctrl Pts',(0.540373014872566,-0.522495397199186,
-3.40743934105376));
#4064=CARTESIAN_POINT('Ctrl Pts',(0.732013685681531,0.170764162726692,-3.35185983526344));
#4065=CARTESIAN_POINT('Ctrl Pts',(0.253400726303112,0.7076669465263,-3.29628032947312));
#4066=CARTESIAN_POINT('Ctrl Pts',(-0.457233519041624,0.596608702887925,
-3.2407008236828));
#4067=CARTESIAN_POINT('Ctrl Pts',(-0.749211075344178,-0.0607223177951938,
-3.18512131789249));
#4068=CARTESIAN_POINT('Ctrl Pts',(-0.355188556991723,-0.662454167681764,
-3.12954181210216));
#4069=CARTESIAN_POINT('Ctrl Pts',(0.3640552302815,-0.657623163066421,-3.07396230631185));
#4070=CARTESIAN_POINT('Ctrl Pts',(0.749959157306493,-0.0506527163036376,
-3.01838280052153));
#4071=CARTESIAN_POINT('Ctrl Pts',(0.449178043451489,0.602696872878806,-2.96280329473121));
#4072=CARTESIAN_POINT('Ctrl Pts',(-0.26288392500054,0.704199174433704,-2.90722378894089));
#4073=CARTESIAN_POINT('Ctrl Pts',(-0.734241507051014,0.160915644423585,
-2.85164428315058));
#4074=CARTESIAN_POINT('Ctrl Pts',(-0.533305599018717,-0.529707063717379,
-2.79606477736026));
#4075=CARTESIAN_POINT('Ctrl Pts',(0.155940870323298,-0.735314137127536,
-2.74048527156994));
#4076=CARTESIAN_POINT('Ctrl Pts',(0.702403213530496,-0.267645588267092,
-2.68490576577962));
#4077=CARTESIAN_POINT('Ctrl Pts',(0.605724160705217,0.445087268335959,-2.6293262599893));
#4078=CARTESIAN_POINT('Ctrl Pts',(-0.0455740550485339,0.750284906421044,
-2.57374675419899));
#4079=CARTESIAN_POINT('Ctrl Pts',(-0.655143302565572,0.368499237991445,
-2.51816724840866));
#4080=CARTESIAN_POINT('Ctrl Pts',(-0.664843742399475,-0.350695357096527,
-2.46258774261835));
#4081=CARTESIAN_POINT('Ctrl Pts',(-0.0657933616312725,-0.748782791510366,
-2.40700823682803));
#4082=CARTESIAN_POINT('Ctrl Pts',(0.593499389379689,-0.46126230076036,-2.35142873103771));
#4083=CARTESIAN_POINT('Ctrl Pts',(0.709366343815049,0.248603752102152,-2.29584922524739));
#4084=CARTESIAN_POINT('Ctrl Pts',(0.175716251814172,0.730840772087307,-2.24026971945708));
#4085=CARTESIAN_POINT('Ctrl Pts',(-0.51882489723262,0.54389811666192,-2.18469021366675));
#4086=CARTESIAN_POINT('Ctrl Pts',(-0.738314448742667,-0.141053926122603,
-2.12911070787644));
#4087=CARTESIAN_POINT('Ctrl Pts',(-0.281781202907335,-0.696852774253542,
-2.07353120208612));
#4088=CARTESIAN_POINT('Ctrl Pts',(0.432759342329025,-0.614592374606049,
-2.0179516962958));
#4089=CARTESIAN_POINT('Ctrl Pts',(0.751052486912449,0.0304071899272311,
-1.96237219050548));
#4090=CARTESIAN_POINT('Ctrl Pts',(0.381659505320023,0.647565021673847,-1.90679268471516));
#4091=CARTESIAN_POINT('Ctrl Pts',(-0.337192337411906,0.671792946441477,
-1.85121317892485));
#4092=CARTESIAN_POINT('Ctrl Pts',(-0.747300788259988,0.0809071514855501,
-1.79563367313453));
#4093=CARTESIAN_POINT('Ctrl Pts',(-0.47315828045984,-0.584059651857641,
-1.74005416734421));
#4094=CARTESIAN_POINT('Ctrl Pts',(0.234222104361432,-0.714243964715174,
-1.68447466155389));
#4095=CARTESIAN_POINT('Ctrl Pts',(0.727141723221564,-0.190445135503564,
-1.62889515576358));
#4096=CARTESIAN_POINT('Ctrl Pts',(0.554268626494591,0.507730957276915,-1.57331564997325));
#4097=CARTESIAN_POINT('Ctrl Pts',(-0.126109406681704,0.741013395888739,
-1.51773614418294));
#4098=CARTESIAN_POINT('Ctrl Pts',(-0.691017894233835,0.295801800312391,
-1.46215663839262));
#4099=CARTESIAN_POINT('Ctrl Pts',(-0.623209724836949,-0.420254772927956,
-1.4065771326023));
#4100=CARTESIAN_POINT('Ctrl Pts',(0.0152279133524923,-0.751513503686398,
-1.35099762681198));
#4101=CARTESIAN_POINT('Ctrl Pts',(0.639722418066153,-0.394663986894046,
-1.29541812102166));
#4102=CARTESIAN_POINT('Ctrl Pts',(0.678467939120134,0.323551682237032,-1.23983861523135));
#4103=CARTESIAN_POINT('Ctrl Pts',(0.0959879158862876,0.745513753691886,
-1.18425910944103));
#4104=CARTESIAN_POINT('Ctrl Pts',(-0.574381511809164,0.484861124559547,
-1.12867960365071));
#4105=CARTESIAN_POINT('Ctrl Pts',(-0.718830049236508,-0.2197448477054,-1.07310009786039));
#4106=CARTESIAN_POINT('Ctrl Pts',(-0.205096277698421,-0.723145878592383,
-1.01752059207007));
#4107=CARTESIAN_POINT('Ctrl Pts',(0.4964297612254,-0.564412879828287,-0.961941086279753));
#4108=CARTESIAN_POINT('Ctrl Pts',(0.743409897644587,0.111113382353092,-0.906361580489435));
#4109=CARTESIAN_POINT('Ctrl Pts',(0.309701618273273,0.684901011414215,-0.850782074699116));
#4110=CARTESIAN_POINT('Ctrl Pts',(-0.407578589760014,0.631572587332106,
-0.795202568908798));
#4111=CARTESIAN_POINT('Ctrl Pts',(-0.751667909721408,-4.22190629108014E-5,
-0.73962306311848));
#4112=CARTESIAN_POINT('Ctrl Pts',(-0.40750710702107,-0.631619076018791,
-0.684043557328162));
#4113=CARTESIAN_POINT('Ctrl Pts',(0.309778452336799,-0.684865269766071,
-0.628464051537842));
#4114=CARTESIAN_POINT('Ctrl Pts',(0.743423378285655,-0.111030875328909,
-0.572884545747525));
#4115=CARTESIAN_POINT('Ctrl Pts',(0.496364234708408,0.564471527886876,-0.517305039957208));
#4116=CARTESIAN_POINT('Ctrl Pts',(-0.205174439131808,0.723117781989456,
-0.461725534166888));
#4117=CARTESIAN_POINT('Ctrl Pts',(-0.718861412469022,0.219673067538353,
-0.40614602837657));
#4118=CARTESIAN_POINT('Ctrl Pts',(-0.574314334350087,-0.484943680242628,
-0.350566522586253));
#4119=CARTESIAN_POINT('Ctrl Pts',(0.0960484683073592,-0.745469316586932,
-0.294987016795932));
#4120=CARTESIAN_POINT('Ctrl Pts',(0.678549180699385,-0.323538792154596,
-0.239407511005614));
#4121=CARTESIAN_POINT('Ctrl Pts',(0.639593038322308,0.394857022927573,-0.183828005215296));
#4122=CARTESIAN_POINT('Ctrl Pts',(0.0153043576896571,0.75128521664396,-0.12824849942498));
#4123=CARTESIAN_POINT('Ctrl Pts',(-0.623566914550624,0.420628610749436,
-0.0726689936346591));
#4124=CARTESIAN_POINT('Ctrl Pts',(-0.690362927470113,-0.296790325560537,
-0.0170894878443416));
#4125=CARTESIAN_POINT('Ctrl Pts',(-0.315122537604787,-0.591455011755343,
0.0199635160158697));
#4126=CARTESIAN_POINT('Ctrl Pts',(-0.106618760072595,-0.626915023703394,
0.0384900179459757));
#4127=CARTESIAN_POINT('Ctrl Pts',(0.306499473682988,-0.63220361665355,-10.038490017946));
#4128=CARTESIAN_POINT('Ctrl Pts',(0.516762168398922,-0.530265880822917,
-10.0199635160159));
#4129=CARTESIAN_POINT('Ctrl Pts',(0.823957138247446,-0.10190429213649,-9.98291051215565));
#4130=CARTESIAN_POINT('Ctrl Pts',(0.531787307956124,0.638599078927852,-9.92733100636535));
#4131=CARTESIAN_POINT('Ctrl Pts',(-0.247989351098216,0.792315946928119,
-9.87175150057502));
#4132=CARTESIAN_POINT('Ctrl Pts',(-0.800346626955932,0.221604313312524,
-9.81617199478471));
#4133=CARTESIAN_POINT('Ctrl Pts',(-0.620067700943618,-0.552557362237439,
-9.76059248899438));
#4134=CARTESIAN_POINT('Ctrl Pts',(0.128061301621281,-0.820495475109681,
-9.70501298320406));
#4135=CARTESIAN_POINT('Ctrl Pts',(0.758882097560165,-0.337313938258696,
-9.64943347741375));
#4136=CARTESIAN_POINT('Ctrl Pts',(0.694874884328154,0.454801756217172,-9.59385397162343));
#4137=CARTESIAN_POINT('Ctrl Pts',(-0.00539488221808338,0.830445452119957,
-9.53827446583311));
#4138=CARTESIAN_POINT('Ctrl Pts',(-0.700717377393943,0.445730556947258,
-9.48269496004279));
#4139=CARTESIAN_POINT('Ctrl Pts',(-0.754446065102109,-0.347120236205173,
-9.42711545425248));
#4140=CARTESIAN_POINT('Ctrl Pts',(-0.117379261545035,-0.822131201605658,
-9.37153594846215));
#4141=CARTESIAN_POINT('Ctrl Pts',(0.627162395733004,-0.544377490530667,
-9.31595644267184));
#4142=CARTESIAN_POINT('Ctrl Pts',(0.797455986259331,0.231826250300656,-9.26037693688152));
#4143=CARTESIAN_POINT('Ctrl Pts',(0.237574709421963,0.795762036848793,-9.2047974310912));
#4144=CARTESIAN_POINT('Ctrl Pts',(-0.53983691586013,0.631074772685319,-9.14921792530089));
#4145=CARTESIAN_POINT('Ctrl Pts',(-0.822957796737103,-0.111443684797422,
-9.09363841951057));
#4146=CARTESIAN_POINT('Ctrl Pts',(-0.352553853203045,-0.751920837655894,
-9.03805891372025));
#4147=CARTESIAN_POINT('Ctrl Pts',(0.440658921699798,-0.703916846473048,
-8.98247940792992));
#4148=CARTESIAN_POINT('Ctrl Pts',(0.830391217378741,-0.0113854946907515,
-8.92689990213962));
#4149=CARTESIAN_POINT('Ctrl Pts',(0.459792465033321,0.691570737147545,-8.87132039634928));
#4150=CARTESIAN_POINT('Ctrl Pts',(-0.331806020343637,0.76130412269298,-8.81574089055899));
#4151=CARTESIAN_POINT('Ctrl Pts',(-0.819592988743022,0.1339646722156,-8.76016138476865));
#4152=CARTESIAN_POINT('Ctrl Pts',(-0.556936095992145,-0.616036837085241,
-8.70458187897834));
#4153=CARTESIAN_POINT('Ctrl Pts',(0.215668147531977,-0.801976589952059,
-8.64900237318802));
#4154=CARTESIAN_POINT('Ctrl Pts',(0.79080018332676,-0.253602583611106,-8.59342286739769));
#4155=CARTESIAN_POINT('Ctrl Pts',(0.641851912836883,0.526977534865611,-8.53784336160739));
#4156=CARTESIAN_POINT('Ctrl Pts',(-0.0947951711875597,0.825041257109199,
-8.48226385581706));
#4157=CARTESIAN_POINT('Ctrl Pts',(-0.744644960535413,0.367672521552939,
-8.42668435002675));
#4158=CARTESIAN_POINT('Ctrl Pts',(-0.712675546530023,-0.426348174296019,
-8.37110484423643));
#4159=CARTESIAN_POINT('Ctrl Pts',(-0.0281590810926237,-0.829991726778119,
-8.31552533844611));
#4160=CARTESIAN_POINT('Ctrl Pts',(0.682140681431364,-0.473670023428737,
-8.25994583265579));
#4161=CARTESIAN_POINT('Ctrl Pts',(0.767852028501815,0.316358124099791,-8.20436632686547));
#4162=CARTESIAN_POINT('Ctrl Pts',(0.150495086528298,0.816719308754213,-8.14878682107516));
#4163=CARTESIAN_POINT('Ctrl Pts',(-0.604659659017257,0.569267860604066,
-8.09320731528483));
#4164=CARTESIAN_POINT('Ctrl Pts',(-0.806169931225972,-0.19942227144126,
-8.03762780949453));
#4165=CARTESIAN_POINT('Ctrl Pts',(-0.269526896302373,-0.785515405660299,
-7.98204830370419));
#4166=CARTESIAN_POINT('Ctrl Pts',(0.513903028283953,-0.652367134273639,
-7.92646879791389));
#4167=CARTESIAN_POINT('Ctrl Pts',(0.826787965789933,0.0781080020535326,
-7.87088929212356));
#4168=CARTESIAN_POINT('Ctrl Pts',(0.382641106889033,0.737065114951611,-7.81530978633325));
#4169=CARTESIAN_POINT('Ctrl Pts',(-0.411863396913714,0.721143357899494,
-7.75973028054292));
#4170=CARTESIAN_POINT('Ctrl Pts',(-0.82925345282781,0.0449211679837314,
-7.70415077475262));
#4171=CARTESIAN_POINT('Ctrl Pts',(-0.487354238643397,-0.672432187239864,
-7.64857126896228));
#4172=CARTESIAN_POINT('Ctrl Pts',(0.300781096569024,-0.774086514742768,
-7.59299176317199));
#4173=CARTESIAN_POINT('Ctrl Pts',(0.813512261326037,-0.166964071081378,
-7.53741225738164));
#4174=CARTESIAN_POINT('Ctrl Pts',(0.58136726185115,0.593035671108888,-7.48183275159135));
#4175=CARTESIAN_POINT('Ctrl Pts',(-0.183094995278609,0.810034211045308,
-7.426253245801));
#4176=CARTESIAN_POINT('Ctrl Pts',(-0.779909997097324,0.285341193639334,
-7.37067374001071));
#4177=CARTESIAN_POINT('Ctrl Pts',(-0.662616073087398,-0.500618757185652,
-7.31509423422037));
#4178=CARTESIAN_POINT('Ctrl Pts',(0.0613889508575513,-0.828197196972122,
-7.25951472843006));
#4179=CARTESIAN_POINT('Ctrl Pts',(0.729184414830464,-0.39745350612144,-7.20393522263975));
#4180=CARTESIAN_POINT('Ctrl Pts',(0.72931681365024,0.397210505509271,-7.14835571684942));
#4181=CARTESIAN_POINT('Ctrl Pts',(0.0616649189965346,0.828176694990278,
-7.09277621105911));
#4182=CARTESIAN_POINT('Ctrl Pts',(-0.662449220313371,0.500839526062067,
-7.03719670526878));
#4183=CARTESIAN_POINT('Ctrl Pts',(-0.780005035079872,-0.285081296492624,
-6.98161719947847));
#4184=CARTESIAN_POINT('Ctrl Pts',(-0.183364904397671,-0.809973155231148,
-6.92603769368816));
#4185=CARTESIAN_POINT('Ctrl Pts',(0.58116961845983,-0.593229361157325,-6.87045818789783));
#4186=CARTESIAN_POINT('Ctrl Pts',(0.813567851864431,0.166692983573299,-6.81487868210752));
#4187=CARTESIAN_POINT('Ctrl Pts',(0.301039020677077,0.77398624560754,-6.7592991763172));
#4188=CARTESIAN_POINT('Ctrl Pts',(-0.487130143995302,0.672594545897442,
-6.70371967052687));
#4189=CARTESIAN_POINT('Ctrl Pts',(-0.829268375403689,-0.0446448419774852,
-6.64814016473657));
#4190=CARTESIAN_POINT('Ctrl Pts',(-0.412103673156652,-0.721006076902731,
-6.59256065894623));
#4191=CARTESIAN_POINT('Ctrl Pts',(0.382395481095385,-0.73719257755196,-6.53698115315593));
#4192=CARTESIAN_POINT('Ctrl Pts',(0.826761892770612,-0.0783834996808768,
-6.4814016473656));
#4193=CARTESIAN_POINT('Ctrl Pts',(0.514120381275443,0.652195855489026,-6.42582214157529));
#4194=CARTESIAN_POINT('Ctrl Pts',(-0.269265132201546,0.78560517369755,-6.37024263578497));
#4195=CARTESIAN_POINT('Ctrl Pts',(-0.806103435057819,0.199690892000249,
-6.31466312999465));
#4196=CARTESIAN_POINT('Ctrl Pts',(-0.604849316662455,-0.569066344544141,
-6.25908362420434));
#4197=CARTESIAN_POINT('Ctrl Pts',(0.150222931283202,-0.816769411325223,
-6.20350411841401));
#4198=CARTESIAN_POINT('Ctrl Pts',(0.767746569142134,-0.316613969891335,
-6.1479246126237));
#4199=CARTESIAN_POINT('Ctrl Pts',(0.682298479700208,0.473442694482297,-6.09234510683337));
#4200=CARTESIAN_POINT('Ctrl Pts',(-0.0278825100079465,0.830001063852047,
-6.03676560104306));
#4201=CARTESIAN_POINT('Ctrl Pts',(-0.712533439394668,0.426585628103285,
-5.98118609525274));
#4202=CARTESIAN_POINT('Ctrl Pts',(-0.744767434882772,-0.367424370854746,
-5.92560658946243));
#4203=CARTESIAN_POINT('Ctrl Pts',(-0.09507008586226,-0.825009623661451,
-5.8700270836721));
#4204=CARTESIAN_POINT('Ctrl Pts',(0.641676277975615,-0.527191383316562,
-5.81444757788179));
#4205=CARTESIAN_POINT('Ctrl Pts',(0.790884644736497,0.253339059522803,-5.75886807209147));
#4206=CARTESIAN_POINT('Ctrl Pts',(0.215935369962908,0.801904680344774,-5.70328856630114));
#4207=CARTESIAN_POINT('Ctrl Pts',(-0.556730789664739,0.616222385344077,
-5.64770906051084));
#4208=CARTESIAN_POINT('Ctrl Pts',(-0.819637582618173,-0.133691561138717,
-5.59212955472051));
#4209=CARTESIAN_POINT('Ctrl Pts',(-0.332059683914028,-0.761193514606361,
-5.5365500489302));
#4210=CARTESIAN_POINT('Ctrl Pts',(0.459561995576859,-0.691723913553151,
-5.48097054313987));
#4211=CARTESIAN_POINT('Ctrl Pts',(0.83039496324911,0.0111087969817668,-5.42539103734957));
#4212=CARTESIAN_POINT('Ctrl Pts',(0.44089345973065,0.703769960659452,-5.36981153155923));
#4213=CARTESIAN_POINT('Ctrl Pts',(-0.352303285681005,0.752038293744565,
-5.31423202576893));
#4214=CARTESIAN_POINT('Ctrl Pts',(-0.822920602902348,0.111717866425677,
-5.25865251997859));
#4215=CARTESIAN_POINT('Ctrl Pts',(-0.540047196876146,-0.630894781644361,
-5.20307301418829));
#4216=CARTESIAN_POINT('Ctrl Pts',(0.237309579145724,-0.795841293227206,
-5.14749350839796));
#4217=CARTESIAN_POINT('Ctrl Pts',(0.797378604935751,-0.232091707629951,
-5.09191400260765));
#4218=CARTESIAN_POINT('Ctrl Pts',(0.627343924953741,0.544167988936785,-5.03633449681733));
#4219=CARTESIAN_POINT('Ctrl Pts',(-0.117105620898921,0.822171195015823,
-4.98075499102701));
#4220=CARTESIAN_POINT('Ctrl Pts',(-0.75432975681984,0.347369858128177,-4.92517548523669));
#4221=CARTESIAN_POINT('Ctrl Pts',(-0.700867000191573,-0.445493713089577,
-4.86959597944638));
#4222=CARTESIAN_POINT('Ctrl Pts',(-0.00566945042268601,-0.830449912813396,
-4.81401647365606));
#4223=CARTESIAN_POINT('Ctrl Pts',(0.694719217765569,-0.455021327881524,
-4.75843696786574));
#4224=CARTESIAN_POINT('Ctrl Pts',(0.759002186325026,0.337038397684447,-4.70285746207542));
#4225=CARTESIAN_POINT('Ctrl Pts',(0.128320046095761,0.820495683187822,-4.64727795628511));
#4226=CARTESIAN_POINT('Ctrl Pts',(-0.619855767276271,0.552682574480341,
-4.59169845049477));
#4227=CARTESIAN_POINT('Ctrl Pts',(-0.800473095969572,-0.22118323396849,
-4.53611894470447));
#4228=CARTESIAN_POINT('Ctrl Pts',(-0.248153310322704,-0.792527056279944,
-4.48053943891415));
#4229=CARTESIAN_POINT('Ctrl Pts',(0.531383070232425,-0.638209395911898,
-4.42495993312383));
#4230=CARTESIAN_POINT('Ctrl Pts',(0.824369214350658,0.100471880597252,-4.36938042733351));
#4231=CARTESIAN_POINT('Ctrl Pts',(0.362538243241312,0.747158097424752,-4.31380092154319));
#4232=CARTESIAN_POINT('Ctrl Pts',(-0.431243589398731,0.70972400759899,-4.25822141575287));
#4233=CARTESIAN_POINT('Ctrl Pts',(-0.830165890115642,0.0224453836762098,
-4.20264190996256));
#4234=CARTESIAN_POINT('Ctrl Pts',(-0.46896346585601,-0.685384905036716,
-4.14706240417224));
#4235=CARTESIAN_POINT('Ctrl Pts',(0.321635937672655,-0.765656270109048,
-4.09148289838192));
#4236=CARTESIAN_POINT('Ctrl Pts',(0.817735854319317,-0.144869848210475,
-4.0359033925916));
#4237=CARTESIAN_POINT('Ctrl Pts',(0.56509235863264,0.608563740765807,-3.98032388680128));
#4238=CARTESIAN_POINT('Ctrl Pts',(-0.204966606427456,0.804778162358724,
-3.92474438101097));
#4239=CARTESIAN_POINT('Ctrl Pts',(-0.787352014677905,0.264113622031339,
-3.86916487522065));
#4240=CARTESIAN_POINT('Ctrl Pts',(-0.648814363160864,-0.518381252087719,
-3.81358536943033));
#4241=CARTESIAN_POINT('Ctrl Pts',(0.0837971297781387,-0.826230743437217,
-3.75800586364001));
#4242=CARTESIAN_POINT('Ctrl Pts',(0.739681463742258,-0.377558647836309,
-3.70242635784969));
#4243=CARTESIAN_POINT('Ctrl Pts',(0.718291320530481,0.416817441106356,-3.64684685205937));
#4244=CARTESIAN_POINT('Ctrl Pts',(0.039212155194201,0.82954301108797,-3.59126734626906));
#4245=CARTESIAN_POINT('Ctrl Pts',(-0.675770832543857,0.482714182765382,
-3.53568784047873));
#4246=CARTESIAN_POINT('Ctrl Pts',(-0.771997829038992,-0.306102192607228,
-3.48010833468842));
#4247=CARTESIAN_POINT('Ctrl Pts',(-0.161360517487207,-0.814642242801174,
-3.4245288288981));
#4248=CARTESIAN_POINT('Ctrl Pts',(0.597023311281699,-0.577271483919053,
-3.36894932310778));
#4249=CARTESIAN_POINT('Ctrl Pts',(0.808754735156725,0.188666315810354,-3.31336981731747));
#4250=CARTESIAN_POINT('Ctrl Pts',(0.279966128090875,0.781855592473235,-3.25779031152714));
#4251=CARTESIAN_POINT('Ctrl Pts',(-0.505167841572531,0.659154497975108,
-3.20221080573683));
#4252=CARTESIAN_POINT('Ctrl Pts',(-0.827755022438313,-0.0670881747256383,
-3.14663129994651));
#4253=CARTESIAN_POINT('Ctrl Pts',(-0.392424940898592,-0.731902907577642,
-3.09105179415619));
#4254=CARTESIAN_POINT('Ctrl Pts',(0.402221156664053,-0.726565441988331,
-3.03547228836587));
#4255=CARTESIAN_POINT('Ctrl Pts',(0.828581529976549,-0.055962921131687,
-2.97989278257555));
#4256=CARTESIAN_POINT('Ctrl Pts',(0.496267865854993,0.665880924550027,-2.92431327678524));
#4257=CARTESIAN_POINT('Ctrl Pts',(-0.290443503037561,0.778024274623318,
-2.86873377099492));
#4258=CARTESIAN_POINT('Ctrl Pts',(-0.811216111380829,0.17778532278013,-2.8131542652046));
#4259=CARTESIAN_POINT('Ctrl Pts',(-0.589214979075711,-0.585239189385569,
-2.75757475941428));
#4260=CARTESIAN_POINT('Ctrl Pts',(0.172289015554423,-0.812401191209834,
-2.70199525362396));
#4261=CARTESIAN_POINT('Ctrl Pts',(0.77604003319036,-0.295704357840361,-2.64641574783365));
#4262=CARTESIAN_POINT('Ctrl Pts',(0.669225579728168,0.491748232124299,-2.59083624204332));
#4263=CARTESIAN_POINT('Ctrl Pts',(-0.0503518356852657,0.828941429175182,
-2.53525673625301));
#4264=CARTESIAN_POINT('Ctrl Pts',(-0.723825603974625,0.407131054318676,
-2.47967723046269));
#4265=CARTESIAN_POINT('Ctrl Pts',(-0.734542994649449,-0.387460693969451,
-2.42409772467237));
#4266=CARTESIAN_POINT('Ctrl Pts',(-0.0726908441768028,-0.827281839237833,
-2.36851821888205));
#4267=CARTESIAN_POINT('Ctrl Pts',(0.655719217908556,-0.509618982795248,
-2.31293871309173));
#4268=CARTESIAN_POINT('Ctrl Pts',(0.783733146993141,0.274666260512818,-2.25735920730142));
#4269=CARTESIAN_POINT('Ctrl Pts',(0.194137559827705,0.807458858533365,-2.2017797015111));
#4270=CARTESIAN_POINT('Ctrl Pts',(-0.573216185109195,0.600917969018032,
-2.14620019572078));
#4271=CARTESIAN_POINT('Ctrl Pts',(-0.815716042111049,-0.155841390530694,
-2.09062068993046));
#4272=CARTESIAN_POINT('Ctrl Pts',(-0.311321887264012,-0.769907710618745,
-2.03504118414014));
#4273=CARTESIAN_POINT('Ctrl Pts',(0.478127901346622,-0.679023497615458,
-1.97946167834983));
#4274=CARTESIAN_POINT('Ctrl Pts',(0.82978947938132,0.0335949440802716,-1.9238821725595));
#4275=CARTESIAN_POINT('Ctrl Pts',(0.42167098536929,0.715452849919046,-1.86830266676919));
#4276=CARTESIAN_POINT('Ctrl Pts',(-0.372542077934718,0.742220722244537,
-1.81272316097887));
#4277=CARTESIAN_POINT('Ctrl Pts',(-0.825644469377535,0.0893890963405326,
-1.75714365518855));
#4278=CARTESIAN_POINT('Ctrl Pts',(-0.522762083941404,-0.645289860413027,
-1.70156414939823));
#4279=CARTESIAN_POINT('Ctrl Pts',(0.258776904975927,-0.789122115910577,
-1.64598464360792));
#4280=CARTESIAN_POINT('Ctrl Pts',(0.803372017885078,-0.210410553981192,
-1.5904051378176));
#4281=CARTESIAN_POINT('Ctrl Pts',(0.612375676841286,0.560959205975852,-1.53482563202728));
#4282=CARTESIAN_POINT('Ctrl Pts',(-0.139330154335409,0.818697934836581,
-1.47924612623696));
#4283=CARTESIAN_POINT('Ctrl Pts',(-0.763461127805726,0.326812341558603,
-1.42366662044664));
#4284=CARTESIAN_POINT('Ctrl Pts',(-0.688544252404702,-0.464312408669329,
-1.36808711465632));
#4285=CARTESIAN_POINT('Ctrl Pts',(0.0168243398604282,-0.83029882709737,
-1.31250760886601));
#4286=CARTESIAN_POINT('Ctrl Pts',(0.706788062733033,-0.436038798781763,
-1.25692810307568));
#4287=CARTESIAN_POINT('Ctrl Pts',(0.749595491380136,0.357471397318893,-1.20134859728537));
#4288=CARTESIAN_POINT('Ctrl Pts',(0.106050860809491,0.823670090076832,-1.14576909149505));
#4289=CARTESIAN_POINT('Ctrl Pts',(-0.634597107333652,0.535691802013038,
-1.09018958570473));
#4290=CARTESIAN_POINT('Ctrl Pts',(-0.794188985075742,-0.242781917311531,
-1.03461007991441));
#4291=CARTESIAN_POINT('Ctrl Pts',(-0.226597656568644,-0.798957266729446,
-0.979030574124096));
#4292=CARTESIAN_POINT('Ctrl Pts',(0.54847324294213,-0.623583408443487,-0.923451068333778));
#4293=CARTESIAN_POINT('Ctrl Pts',(0.821345675146312,0.122762013709736,-0.867871562543459));
#4294=CARTESIAN_POINT('Ctrl Pts',(0.34216935443086,0.756702978277195,-0.812292056753141));
#4295=CARTESIAN_POINT('Ctrl Pts',(-0.450307311003372,0.697783840099194,
-0.756712550962821));
#4296=CARTESIAN_POINT('Ctrl Pts',(-0.830469420372322,-4.66451211463851E-5,
-0.701133045172506));
#4297=CARTESIAN_POINT('Ctrl Pts',(-0.45022833433293,-0.697835202452427,
-0.645553539382184));
#4298=CARTESIAN_POINT('Ctrl Pts',(0.342254243434886,-0.756663489634085,
-0.589974033591868));
#4299=CARTESIAN_POINT('Ctrl Pts',(0.821360569037658,-0.122670857017163,
-0.534394527801548));
#4300=CARTESIAN_POINT('Ctrl Pts',(0.548400846917381,0.623648204902937,-0.478815022011232));
#4301=CARTESIAN_POINT('Ctrl Pts',(-0.226684012098066,0.798926224603994,
-0.423235516220912));
#4302=CARTESIAN_POINT('Ctrl Pts',(-0.794223636289652,0.242702612031947,
-0.367656010430595));
#4303=CARTESIAN_POINT('Ctrl Pts',(-0.634522887289417,-0.535783012465686,
-0.312076504640277));
#4304=CARTESIAN_POINT('Ctrl Pts',(0.106117761276296,-0.823620994384014,
-0.256496998849957));
#4305=CARTESIAN_POINT('Ctrl Pts',(0.749685249964165,-0.3574571558977,-0.200917493059639));
#4306=CARTESIAN_POINT('Ctrl Pts',(0.706645119393964,0.436252071851976,-0.14533798726932));
#4307=CARTESIAN_POINT('Ctrl Pts',(0.0169087982808846,0.830046607459733,
-0.0897584814790042));
#4308=CARTESIAN_POINT('Ctrl Pts',(-0.688938888294634,0.464725437980401,
-0.0341789756886833));
#4309=CARTESIAN_POINT('Ctrl Pts',(-0.762737497248132,-0.327904499384216,
0.0214005301016341));
#4310=CARTESIAN_POINT('Ctrl Pts',(-0.348158578763715,-0.653460516853536,
0.0584535339618454));
#4311=CARTESIAN_POINT('Ctrl Pts',(-0.117796195278731,-0.692637998275891,
0.0769800358919514));
#4312=CARTESIAN_POINT('Ctrl Pts',(0.335582569276209,-0.69219209884105,-10.));
#4313=CARTESIAN_POINT('Ctrl Pts',(0.565796652412583,-0.580581703935038,
-9.9814734980699));
#4314=CARTESIAN_POINT('Ctrl Pts',(0.902140712034418,-0.111573777809497,
-9.94442049420968));
#4315=CARTESIAN_POINT('Ctrl Pts',(0.582247496114688,0.699194413187409,-9.88884098841936));
#4316=CARTESIAN_POINT('Ctrl Pts',(-0.271520543231847,0.867497154085334,
-9.83326148262905));
#4317=CARTESIAN_POINT('Ctrl Pts',(-0.876289848586197,0.242631884259025,
-9.77768197683872));
#4318=CARTESIAN_POINT('Ctrl Pts',(-0.678904631409143,-0.604988377513206,
-9.72210247104841));
#4319=CARTESIAN_POINT('Ctrl Pts',(0.140212771351691,-0.898350578903744,
-9.66652296525809));
#4320=CARTESIAN_POINT('Ctrl Pts',(0.830890836505505,-0.369320954105795,
-9.61094345946777));
#4321=CARTESIAN_POINT('Ctrl Pts',(0.760810112351222,0.49795694598989,-9.55536395367746));
#4322=CARTESIAN_POINT('Ctrl Pts',(-0.00590679133616409,0.909244688473411,
-9.49978444788714));
#4323=CARTESIAN_POINT('Ctrl Pts',(-0.767206987394558,0.48802499954692,-9.44420494209682));
#4324=CARTESIAN_POINT('Ctrl Pts',(-0.826033878182606,-0.380057751205078,
-9.3886254363065));
#4325=CARTESIAN_POINT('Ctrl Pts',(-0.128517134779047,-0.90014151607423,
-9.33304593051618));
#4326=CARTESIAN_POINT('Ctrl Pts',(0.686672526985103,-0.596032334846226,
-9.27746642472587));
#4327=CARTESIAN_POINT('Ctrl Pts',(0.873124921024774,0.253823759521459,-9.22188691893555));
#4328=CARTESIAN_POINT('Ctrl Pts',(0.260117677935485,0.871270236288841,-9.16630741314523));
#4329=CARTESIAN_POINT('Ctrl Pts',(-0.591060914518433,0.690956141223834,
-9.1107279073549));
#4330=CARTESIAN_POINT('Ctrl Pts',(-0.901046545093131,-0.122018343537549,
-9.0551484015646));
#4331=CARTESIAN_POINT('Ctrl Pts',(-0.386006952783447,-0.823269037172529,
-8.99956889577426));
#4332=CARTESIAN_POINT('Ctrl Pts',(0.482472127412038,-0.770710047419365,
-8.94398938998396));
#4333=CARTESIAN_POINT('Ctrl Pts',(0.909185307510754,-0.0124658405278444,
-8.88840988419363));
#4334=CARTESIAN_POINT('Ctrl Pts',(0.503421212753236,0.757192441538254,-8.83283037840332));
#4335=CARTESIAN_POINT('Ctrl Pts',(-0.363290401351225,0.833542682549979,
-8.77725087261299));
#4336=CARTESIAN_POINT('Ctrl Pts',(-0.897362457488654,0.146676300465204,
-8.72167136682268));
#4337=CARTESIAN_POINT('Ctrl Pts',(-0.609782600178323,-0.67449128728904,
-8.66609186103236));
#4338=CARTESIAN_POINT('Ctrl Pts',(0.236132448092485,-0.878074475370352,
-8.61051235524205));
#4339=CARTESIAN_POINT('Ctrl Pts',(0.865837562838256,-0.277666403666713,
-8.55493284945172));
#4340=CARTESIAN_POINT('Ctrl Pts',(0.702755901719514,0.576981333690489,-8.49935334366141));
#4341=CARTESIAN_POINT('Ctrl Pts',(-0.10379008720584,0.903327700673113,-8.44377383787109));
#4342=CARTESIAN_POINT('Ctrl Pts',(-0.815302767252096,0.402560200030258,
-8.38819433208077));
#4343=CARTESIAN_POINT('Ctrl Pts',(-0.780299842251051,-0.466803463044312,
-8.33261482629045));
#4344=CARTESIAN_POINT('Ctrl Pts',(-0.0308310375478515,-0.908747910080516,
-8.27703532050014));
#4345=CARTESIAN_POINT('Ctrl Pts',(0.746867587509543,-0.518615583711375,
-8.22145581470981));
#4346=CARTESIAN_POINT('Ctrl Pts',(0.840711905479804,0.346376686462487,-8.16587630891951));
#4347=CARTESIAN_POINT('Ctrl Pts',(0.164775251303837,0.894216100001206,-8.11029680312917));
#4348=CARTESIAN_POINT('Ctrl Pts',(-0.662034552530939,0.623284500205915,
-8.05471729733887));
#4349=CARTESIAN_POINT('Ctrl Pts',(-0.882665714048977,-0.218345034714071,
-7.99913779154854));
#4350=CARTESIAN_POINT('Ctrl Pts',(-0.295101741165595,-0.860051323644911,
-7.94355828575823));
#4351=CARTESIAN_POINT('Ctrl Pts',(0.562666214457267,-0.714268890579993,
-7.88797877996791));
#4352=CARTESIAN_POINT('Ctrl Pts',(0.905240150896319,0.0855195074079259,
-7.83239927417758));
#4353=CARTESIAN_POINT('Ctrl Pts',(0.418949123199217,0.807003685935044,-7.77681976838728));
#4354=CARTESIAN_POINT('Ctrl Pts',(-0.450944255356488,0.789571146574569,
-7.72124026259694));
#4355=CARTESIAN_POINT('Ctrl Pts',(-0.907939582855358,0.0491836438925106,
-7.66566075680664));
#4356=CARTESIAN_POINT('Ctrl Pts',(-0.533598265557721,-0.736237874559509,
-7.6100812510163));
#4357=CARTESIAN_POINT('Ctrl Pts',(0.329321587288426,-0.847537969112853,
-7.55450174522601));
#4358=CARTESIAN_POINT('Ctrl Pts',(0.890704742533586,-0.182806943441126,
-7.49892223943567));
#4359=CARTESIAN_POINT('Ctrl Pts',(0.636531988393774,0.649307588661629,-7.44334273364537));
#4360=CARTESIAN_POINT('Ctrl Pts',(-0.200468497380726,0.886896667318139,
-7.38776322785504));
#4361=CARTESIAN_POINT('Ctrl Pts',(-0.853914029558229,0.312416624182734,
-7.33218372206472));
#4362=CARTESIAN_POINT('Ctrl Pts',(-0.725490329814936,-0.548121426590063,
-7.27660421627441));
#4363=CARTESIAN_POINT('Ctrl Pts',(0.067214020325717,-0.906783101085239,
-7.22102471048408));
#4364=CARTESIAN_POINT('Ctrl Pts',(0.798375202621284,-0.435167040090968,
-7.16544520469378));
#4365=CARTESIAN_POINT('Ctrl Pts',(0.79852016448883,0.434900981657709,-7.10986569890344));
#4366=CARTESIAN_POINT('Ctrl Pts',(0.0675161745056277,0.906760653713114,
-7.05428619311315));
#4367=CARTESIAN_POINT('Ctrl Pts',(-0.725307644729306,0.548363143764547,
-6.9987066873228));
#4368=CARTESIAN_POINT('Ctrl Pts',(-0.854018085496653,-0.312132065938024,
-6.9431271815325));
#4369=CARTESIAN_POINT('Ctrl Pts',(-0.200764017612956,-0.886829818045159,
-6.88754767574217));
#4370=CARTESIAN_POINT('Ctrl Pts',(0.636315591033417,-0.649519657554646,
-6.83196816995186));
#4371=CARTESIAN_POINT('Ctrl Pts',(0.890765607942183,0.182510133005004,-6.77638866416153));
#4372=CARTESIAN_POINT('Ctrl Pts',(0.329603985276958,0.847428185648586,-6.72080915837124));
#4373=CARTESIAN_POINT('Ctrl Pts',(-0.53335290703602,0.736415639091358,-6.66522965258089));
#4374=CARTESIAN_POINT('Ctrl Pts',(-0.907955921403328,-0.0488810978880598,
-6.6096501467906));
#4375=CARTESIAN_POINT('Ctrl Pts',(-0.451207330910804,-0.789420839270447,
-6.55407064100025));
#4376=CARTESIAN_POINT('Ctrl Pts',(0.418680190486485,-0.807143243195602,
-6.49849113520996));
#4377=CARTESIAN_POINT('Ctrl Pts',(0.905211603862595,-0.0858211464303289,
-6.44291162941962));
#4378=CARTESIAN_POINT('Ctrl Pts',(0.562904191620632,0.714081359508866,-6.38733212362931));
#4379=CARTESIAN_POINT('Ctrl Pts',(-0.294815138815387,0.860149609583923,
-6.33175261783899));
#4380=CARTESIAN_POINT('Ctrl Pts',(-0.882592908198168,0.218639144117453,
-6.27617311204867));
#4381=CARTESIAN_POINT('Ctrl Pts',(-0.662242206394385,-0.623063862707511,
-6.22059360625836));
#4382=CARTESIAN_POINT('Ctrl Pts',(0.16447727181536,-0.894270956700642,-6.16501410046803));
#4383=CARTESIAN_POINT('Ctrl Pts',(0.840596439301515,-0.346656808927393,
-6.10943459467772));
#4384=CARTESIAN_POINT('Ctrl Pts',(0.747040358926886,0.518366683995509,-6.0538550888874));
#4385=CARTESIAN_POINT('Ctrl Pts',(-0.0305282232099895,0.908758133129907,
-5.99827558309709));
#4386=CARTESIAN_POINT('Ctrl Pts',(-0.780144250866115,0.467063448347925,
-5.94269607730676));
#4387=CARTESIAN_POINT('Ctrl Pts',(-0.815436862934745,-0.402288502830057,
-5.88711657151645));
#4388=CARTESIAN_POINT('Ctrl Pts',(-0.104091087960438,-0.90329306559351,
-5.83153706572612));
#4389=CARTESIAN_POINT('Ctrl Pts',(0.702563601232707,-0.577215473774774,
-5.77595755993582));
#4390=CARTESIAN_POINT('Ctrl Pts',(0.865930038614941,0.277377874327489,-5.72037805414549));
#4391=CARTESIAN_POINT('Ctrl Pts',(0.236425026702354,0.877995742410466,-5.66479854835518));
#4392=CARTESIAN_POINT('Ctrl Pts',(-0.609557812761863,0.674694441835028,
-5.60921904256485));
#4393=CARTESIAN_POINT('Ctrl Pts',(-0.897411282783577,-0.146377274448056,
-5.55363953677454));
#4394=CARTESIAN_POINT('Ctrl Pts',(-0.363568134528565,-0.833421579092795,
-5.49806003098422));
#4395=CARTESIAN_POINT('Ctrl Pts',(0.503168874530903,-0.7573601525334,-5.4424805251939));
#4396=CARTESIAN_POINT('Ctrl Pts',(0.909189408818945,0.0121628875505586,
-5.38690101940359));
#4397=CARTESIAN_POINT('Ctrl Pts',(0.482728920267297,0.77054922391738,-5.33132151361326));
#4398=CARTESIAN_POINT('Ctrl Pts',(-0.385732609432027,0.823397638424393,
-5.27574200782295));
#4399=CARTESIAN_POINT('Ctrl Pts',(-0.901005822012997,0.122318541688454,
-5.22016250203262));
#4400=CARTESIAN_POINT('Ctrl Pts',(-0.591291148661328,-0.690759071208533,
-5.16458299624231));
#4401=CARTESIAN_POINT('Ctrl Pts',(0.259827390000504,-0.871357013139641,
-5.10900349045199));
#4402=CARTESIAN_POINT('Ctrl Pts',(0.873040197148848,-0.254114405542879,
-5.05342398466167));
#4403=CARTESIAN_POINT('Ctrl Pts',(0.686871281134853,0.595802954083206,-4.99784447887136));
#4404=CARTESIAN_POINT('Ctrl Pts',(-0.12821752894295,0.900185304375644,-4.94226497308103));
#4405=CARTESIAN_POINT('Ctrl Pts',(-0.825906533650097,0.380331059231544,
-4.88668546729072));
#4406=CARTESIAN_POINT('Ctrl Pts',(-0.767370807587282,-0.487765682069736,
-4.8311059615004));
#4407=CARTESIAN_POINT('Ctrl Pts',(-0.00620741274483993,-0.909249572432744,
-4.77552645571009));
#4408=CARTESIAN_POINT('Ctrl Pts',(0.760639674913296,-0.498197352351357,
-4.71994694991976));
#4409=CARTESIAN_POINT('Ctrl Pts',(0.83102232024271,0.369019268061344,-4.66436744412945));
#4410=CARTESIAN_POINT('Ctrl Pts',(0.140496067549508,0.898350806725987,-4.60878793833913));
#4411=CARTESIAN_POINT('Ctrl Pts',(-0.678672587798281,0.60512547088459,-4.55320843254881));
#4412=CARTESIAN_POINT('Ctrl Pts',(-0.876428317980678,-0.24217084957457,
-4.49762892675849));
#4413=CARTESIAN_POINT('Ctrl Pts',(-0.271700060205055,-0.86772829516311,
-4.44204942096818));
#4414=CARTESIAN_POINT('Ctrl Pts',(0.581804901116781,-0.698767753963076,
-4.38646991517785));
#4415=CARTESIAN_POINT('Ctrl Pts',(0.902591889179327,0.110005447727826,-4.33089040938754));
#4416=CARTESIAN_POINT('Ctrl Pts',(0.396938740761534,0.818054370457587,-4.27531090359721));
#4417=CARTESIAN_POINT('Ctrl Pts',(-0.472163393872582,0.777068237948789,
-4.2197313978069));
#4418=CARTESIAN_POINT('Ctrl Pts',(-0.90893859941377,0.024575179304356,-4.16415189201658));
#4419=CARTESIAN_POINT('Ctrl Pts',(-0.513462430710091,-0.750419648724227,
-4.10857238622626));
#4420=CARTESIAN_POINT('Ctrl Pts',(0.352155300753925,-0.838307796154264,
-4.05299288043594));
#4421=CARTESIAN_POINT('Ctrl Pts',(0.895329103454113,-0.158616245858241,
-3.99741337464563));
#4422=CARTESIAN_POINT('Ctrl Pts',(0.618712793563972,0.666309084451336,-3.9418338688553));
#4423=CARTESIAN_POINT('Ctrl Pts',(-0.224415460079695,0.881141883137631,
-3.88625436306499));
#4424=CARTESIAN_POINT('Ctrl Pts',(-0.862062204660391,0.289174812592958,
-3.83067485727467));
#4425=CARTESIAN_POINT('Ctrl Pts',(-0.710379004428644,-0.56756936757464,
-3.77509535148435));
#4426=CARTESIAN_POINT('Ctrl Pts',(0.0917484645928206,-0.904630054877113,
-3.71951584569403));
#4427=CARTESIAN_POINT('Ctrl Pts',(0.80986829460382,-0.41338440021076,-3.66393633990371));
#4428=CARTESIAN_POINT('Ctrl Pts',(0.786448485329953,0.456368378466711,-3.6083568341134));
#4429=CARTESIAN_POINT('Ctrl Pts',(0.042932914790369,0.908256616694704,-3.55277732832308));
#4430=CARTESIAN_POINT('Ctrl Pts',(-0.739893316950822,0.528517924458213,
-3.49719782253276));
#4431=CARTESIAN_POINT('Ctrl Pts',(-0.845251092380371,-0.335147591028037,
-3.44161831674244));
#4432=CARTESIAN_POINT('Ctrl Pts',(-0.176671680337367,-0.891941945593364,
-3.38603881095213));
#4433=CARTESIAN_POINT('Ctrl Pts',(0.653673607690834,-0.632047570638919,
-3.3304593051618));
#4434=CARTESIAN_POINT('Ctrl Pts',(0.885495784631919,0.206568468894015,-3.27487979937149));
#4435=CARTESIAN_POINT('Ctrl Pts',(0.306531529878639,0.85604423842017,-3.21930029358117));
#4436=CARTESIAN_POINT('Ctrl Pts',(-0.553102164103439,0.721700293062293,
-3.16372078779085));
#4437=CARTESIAN_POINT('Ctrl Pts',(-0.906298969532447,-0.0734540316560838,
-3.10814128200053));
#4438=CARTESIAN_POINT('Ctrl Pts',(-0.429661324805461,-0.801351647473519,
-3.05256177621022));
#4439=CARTESIAN_POINT('Ctrl Pts',(0.440387083046606,-0.795507720910243,
-2.9969822704199));
#4440=CARTESIAN_POINT('Ctrl Pts',(0.907203902646605,-0.0612731259597354,
-2.94140276462958));
#4441=CARTESIAN_POINT('Ctrl Pts',(0.543357688258497,0.729064976221248,-2.88582325883926));
#4442=CARTESIAN_POINT('Ctrl Pts',(-0.31800308107458,0.851849374812931,-2.83024375304895));
#4443=CARTESIAN_POINT('Ctrl Pts',(-0.888190715710645,0.194655001136676,
-2.77466424725862));
#4444=CARTESIAN_POINT('Ctrl Pts',(-0.645124359132706,-0.640771315053757,
-2.71908474146831));
#4445=CARTESIAN_POINT('Ctrl Pts',(0.188637160785546,-0.889488245292133,
-2.66350523567799));
#4446=CARTESIAN_POINT('Ctrl Pts',(0.849676852850224,-0.323763127413629,
-2.60792572988767));
#4447=CARTESIAN_POINT('Ctrl Pts',(0.732726998751118,0.538409195912639,-2.55234622409735));
#4448=CARTESIAN_POINT('Ctrl Pts',(-0.0551296163219962,0.90759795192932,
-2.49676671830703));
#4449=CARTESIAN_POINT('Ctrl Pts',(-0.79250790538368,0.445762870645906,-2.44118721251671));
#4450=CARTESIAN_POINT('Ctrl Pts',(-0.804242246899422,-0.424226030842375,
-2.38560770672639));
#4451=CARTESIAN_POINT('Ctrl Pts',(-0.079588326722335,-0.9057808869653,-2.33002820093608));
#4452=CARTESIAN_POINT('Ctrl Pts',(0.717939046437424,-0.557975664830137,
-2.27444869514576));
#4453=CARTESIAN_POINT('Ctrl Pts',(0.858099950171233,0.300728768923483,-2.21886918935544));
#4454=CARTESIAN_POINT('Ctrl Pts',(0.212558867841238,0.884076944979421,-2.16328968356512));
#4455=CARTESIAN_POINT('Ctrl Pts',(-0.627607472985771,0.657937821374143,
-2.10771017777481));
#4456=CARTESIAN_POINT('Ctrl Pts',(-0.89311763547943,-0.170628854938786,
-2.05213067198448));
#4457=CARTESIAN_POINT('Ctrl Pts',(-0.340862571620689,-0.842962646983947,
-1.99655116619417));
#4458=CARTESIAN_POINT('Ctrl Pts',(0.523496460364217,-0.743454620624867,
-1.94097166040385));
#4459=CARTESIAN_POINT('Ctrl Pts',(0.908526471850192,0.0367826982333122,
-1.88539215461353));
#4460=CARTESIAN_POINT('Ctrl Pts',(0.461682465418556,0.783340678164245,-1.82981264882321));
#4461=CARTESIAN_POINT('Ctrl Pts',(-0.40789181845753,0.812648498047597,-1.7742331430329));
#4462=CARTESIAN_POINT('Ctrl Pts',(-0.903988150495082,0.0978710411955153,
-1.71865363724257));
#4463=CARTESIAN_POINT('Ctrl Pts',(-0.572365887422968,-0.706520068968414,
-1.66307413145226));
#4464=CARTESIAN_POINT('Ctrl Pts',(0.283331705590422,-0.864000267105979,
-1.60749462566194));
#4465=CARTESIAN_POINT('Ctrl Pts',(0.879602312548591,-0.230375972458822,
-1.55191511987162));
#4466=CARTESIAN_POINT('Ctrl Pts',(0.67048272718798,0.614187454674788,-1.4963356140813));
#4467=CARTESIAN_POINT('Ctrl Pts',(-0.152550901989116,0.896382473784422,
-1.44075610829098));
#4468=CARTESIAN_POINT('Ctrl Pts',(-0.835904361377616,0.357822882804817,
-1.38517660250067));
#4469=CARTESIAN_POINT('Ctrl Pts',(-0.753878779972455,-0.508370044410704,
-1.32959709671035));
#4470=CARTESIAN_POINT('Ctrl Pts',(0.0184207663683646,-0.909084150508339,
-1.27401759092003));
#4471=CARTESIAN_POINT('Ctrl Pts',(0.773853707399912,-0.477413610669482,
-1.21843808512971));
#4472=CARTESIAN_POINT('Ctrl Pts',(0.820723043640139,0.391391112400755,-1.16285857933939));
#4473=CARTESIAN_POINT('Ctrl Pts',(0.116113805732693,0.901826426461776,-1.10727907354907));
#4474=CARTESIAN_POINT('Ctrl Pts',(-0.694812702858141,0.586522479466528,
-1.05169956775876));
#4475=CARTESIAN_POINT('Ctrl Pts',(-0.869547920914975,-0.265818986917662,
-0.996120061968438));
#4476=CARTESIAN_POINT('Ctrl Pts',(-0.248099035438867,-0.874768654866509,
-0.940540556178119));
#4477=CARTESIAN_POINT('Ctrl Pts',(0.60051672465886,-0.682753937058686,-0.884961050387802));
#4478=CARTESIAN_POINT('Ctrl Pts',(0.899281452648037,0.134410645066379,-0.829381544597483));
#4479=CARTESIAN_POINT('Ctrl Pts',(0.374637090588448,0.828504945140174,-0.773802038807165));
#4480=CARTESIAN_POINT('Ctrl Pts',(-0.493036032246731,0.763995092866282,
-0.718222533016846));
#4481=CARTESIAN_POINT('Ctrl Pts',(-0.909270931023235,-5.10711793823921E-5,
-0.662643027226529));
#4482=CARTESIAN_POINT('Ctrl Pts',(-0.49294956164479,-0.764051328886063,
-0.607063521436208));
#4483=CARTESIAN_POINT('Ctrl Pts',(0.374730034532974,-0.828461709502101,
-0.551484015645892));
#4484=CARTESIAN_POINT('Ctrl Pts',(0.89929775978966,-0.134310838705417,-0.495904509855572));
#4485=CARTESIAN_POINT('Ctrl Pts',(0.600437459126355,0.682824881918995,-0.440325004065257));
#4486=CARTESIAN_POINT('Ctrl Pts',(-0.248193585064323,0.874734667218533,
-0.384745498274936));
#4487=CARTESIAN_POINT('Ctrl Pts',(-0.869585860110284,0.265732156525541,
-0.329165992484619));
#4488=CARTESIAN_POINT('Ctrl Pts',(-0.694731440228746,-0.586622344688744,
-0.273586486694302));
#4489=CARTESIAN_POINT('Ctrl Pts',(0.116187054245232,-0.901772672181097,
-0.218006980903981));
#4490=CARTESIAN_POINT('Ctrl Pts',(0.820821319228946,-0.391375519640802,
-0.162427475113663));
#4491=CARTESIAN_POINT('Ctrl Pts',(0.773697200465621,0.477647120776378,-0.106847969323344));
#4492=CARTESIAN_POINT('Ctrl Pts',(0.0185132388721121,0.908807998275508,
-0.0512684635330285));
#4493=CARTESIAN_POINT('Ctrl Pts',(-0.754310862038643,0.508822265211365,
0.0043110422572924));
#4494=CARTESIAN_POINT('Ctrl Pts',(-0.835112067026152,-0.359018673207894,
0.0598905480476099));
#4495=CARTESIAN_POINT('Ctrl Pts',(-0.381194619922642,-0.715466021951728,
0.0969435519078211));
#4496=CARTESIAN_POINT('Ctrl Pts',(-0.128973630484866,-0.758360972848388,
0.115470053837927));
#4497=CARTESIAN_POINT('Ctrl Pts',(-0.60384131134681,0.478580436698577,8.74300631892311E-16));
#4498=CARTESIAN_POINT('Ctrl Pts',(-0.614218068864651,0.461669472571763,
1.05027090136123E-15));
#4499=CARTESIAN_POINT('Ctrl Pts',(-0.623876053722563,0.444357874130336,
1.1722166578037E-15));
#4500=CARTESIAN_POINT('Ctrl Pts',(-0.632771332382763,0.426664264379464,
1.5404344466674E-15));
#4501=CARTESIAN_POINT('Ctrl Pts',(-0.646180995688005,0.39999108656491,2.09618722470513E-15));
#4502=CARTESIAN_POINT('Ctrl Pts',(-0.657858503599113,0.372449554527123,
1.46436442178559E-15));
#4503=CARTESIAN_POINT('Ctrl Pts',(-0.66780154213608,0.344216553556817,1.48492329543615E-15));
#4504=CARTESIAN_POINT('Ctrl Pts',(-0.674172909097419,0.326125221723707,
1.49809714846433E-15));
#4505=CARTESIAN_POINT('Ctrl Pts',(-0.679831553897065,0.307749894458215,
2.34775136325397E-15));
#4506=CARTESIAN_POINT('Ctrl Pts',(-0.684771367783216,0.289137855931039,
2.58126853225349E-15));
#4507=CARTESIAN_POINT('Ctrl Pts',(-0.687123180574795,0.280276787215822,
2.69244451534994E-15));
#4508=CARTESIAN_POINT('Ctrl Pts',(-0.689309998086696,0.2713693305449,5.49325876446977E-15));
#4509=CARTESIAN_POINT('Ctrl Pts',(-0.69133053202714,0.262426854925686,5.10702591327572E-15));
#4510=CARTESIAN_POINT('Ctrl Pts',(-0.699020233475657,0.228393787553761,
3.63710984018133E-15));
#4511=CARTESIAN_POINT('Ctrl Pts',(-0.704312998882836,0.19382453775009,3.19534799790423E-15));
#4512=CARTESIAN_POINT('Ctrl Pts',(-0.707196312817621,0.159008087507135,
4.08006961549745E-15));
#4513=CARTESIAN_POINT('Ctrl Pts',(-0.70892832399017,0.138093791605543,4.61152326949607E-15));
#4514=CARTESIAN_POINT('Ctrl Pts',(-0.709789907690763,0.117090403990219,
1.8497424379392E-15));
#4515=CARTESIAN_POINT('Ctrl Pts',(-0.709769829786679,0.096063937559982,
2.37310171513627E-15));
#4516=CARTESIAN_POINT('Ctrl Pts',(-0.709761170985014,0.0869960586731891,
2.59880576082785E-15));
#4517=CARTESIAN_POINT('Ctrl Pts',(-0.709588199105165,0.0779221251329213,
4.35521729893852E-15));
#4518=CARTESIAN_POINT('Ctrl Pts',(-0.709251030070488,0.0688688791271831,
4.34374758384592E-15));
#4519=CARTESIAN_POINT('Ctrl Pts',(-0.708009126074126,0.0355228086455643,
4.30150086618917E-15));
#4520=CARTESIAN_POINT('Ctrl Pts',(-0.704544339684812,0.00239081396079206,
5.05712994285645E-15));
#4521=CARTESIAN_POINT('Ctrl Pts',(-0.69884425955655,-0.0302697952394562,
4.16333634234434E-15));
#4522=CARTESIAN_POINT('Ctrl Pts',(-0.693288196455571,-0.0621052083476401,
3.2921251432116E-15));
#4523=CARTESIAN_POINT('Ctrl Pts',(-0.685607906158032,-0.0934937766377659,
1.36140400019914E-15));
#4524=CARTESIAN_POINT('Ctrl Pts',(-0.675751339383072,-0.124171004948694,
1.02695629777827E-15));
#4525=CARTESIAN_POINT('Ctrl Pts',(-0.67106708939962,-0.138750098205881,
8.68012856283957E-16));
#4526=CARTESIAN_POINT('Ctrl Pts',(-0.665890760014997,-0.153168051227948,
1.77493558411833E-15));
#4527=CARTESIAN_POINT('Ctrl Pts',(-0.660213875797117,-0.167393347511133,
1.5404344466674E-15));
#4528=CARTESIAN_POINT('Ctrl Pts',(-0.657093201508051,-0.175213220994806,
1.41152541095114E-15));
#4529=CARTESIAN_POINT('Ctrl Pts',(-0.653820163864654,-0.182976737471447,
3.63820920804261E-15));
#4530=CARTESIAN_POINT('Ctrl Pts',(-0.650402707577527,-0.190658334533685,
3.62904151174348E-15));
#4531=CARTESIAN_POINT('Ctrl Pts',(-0.639357266336093,-0.215485756412036,
3.59941092036687E-15));
#4532=CARTESIAN_POINT('Ctrl Pts',(-0.626786974861961,-0.239506796805565,
1.10761349660963E-16));
#4533=CARTESIAN_POINT('Ctrl Pts',(-0.612669573623837,-0.262564636510177,
3.67761376907083E-16));
#4534=CARTESIAN_POINT('Ctrl Pts',(-0.596049513606658,-0.289710048990362,
6.84554760133434E-16));
#4535=CARTESIAN_POINT('Ctrl Pts',(-0.577284653538922,-0.315521907588643,
1.98309984643324E-15));
#4536=CARTESIAN_POINT('Ctrl Pts',(-0.556595120105742,-0.339840230252947,
1.98452365651747E-15));
#4537=CARTESIAN_POINT('Ctrl Pts',(-0.546298515545295,-0.351942782147431,
1.9852322471415E-15));
#4538=CARTESIAN_POINT('Ctrl Pts',(-0.535524834606126,-0.36367469905013,
2.65273560364153E-17));
#4539=CARTESIAN_POINT('Ctrl Pts',(-0.524299855875234,-0.375011636110376,
-1.73472347597681E-16));
#4540=CARTESIAN_POINT('Ctrl Pts',(-0.517731920111499,-0.381645080694488,
-2.90495750289727E-16));
#4541=CARTESIAN_POINT('Ctrl Pts',(-0.511005750978657,-0.388146377218615,
3.98311094354548E-15));
#4542=CARTESIAN_POINT('Ctrl Pts',(-0.504148702176011,-0.394490463261462,
3.76088049591772E-15));
#4543=CARTESIAN_POINT('Ctrl Pts',(-0.481566019171628,-0.415383778765186,
3.02899715993166E-15));
#4544=CARTESIAN_POINT('Ctrl Pts',(-0.457527546043304,-0.434617107450972,
3.97596419734987E-15));
#4545=CARTESIAN_POINT('Ctrl Pts',(-0.432244700759471,-0.452055333627223,
3.31679128606766E-15));
#4546=CARTESIAN_POINT('Ctrl Pts',(-0.407571540840388,-0.469073044186363,
2.6735140571082E-15));
#4547=CARTESIAN_POINT('Ctrl Pts',(-0.381711986826889,-0.484381397315429,
2.68925185858486E-15));
#4548=CARTESIAN_POINT('Ctrl Pts',(-0.35485525122476,-0.497806869404416,
2.47371567674293E-15));
#4549=CARTESIAN_POINT('Ctrl Pts',(-0.34581856966582,-0.50232423584254,2.40119264681889E-15));
#4550=CARTESIAN_POINT('Ctrl Pts',(-0.336669013214899,-0.506628005756543,
1.14859681472804E-15));
#4551=CARTESIAN_POINT('Ctrl Pts',(-0.327413983199647,-0.510710247947055,
1.01307850997046E-15));
#4552=CARTESIAN_POINT('Ctrl Pts',(-0.319068838137309,-0.514391154784015,
8.90883345833724E-16));
#4553=CARTESIAN_POINT('Ctrl Pts',(-0.310633279225331,-0.517893518766369,
-3.90164831900504E-17));
#4554=CARTESIAN_POINT('Ctrl Pts',(-0.302140847012605,-0.521200863869245,
1.90819582357449E-16));
#4555=CARTESIAN_POINT('Ctrl Pts',(-0.275214182529627,-0.531687349917507,
9.19552937898555E-16));
#4556=CARTESIAN_POINT('Ctrl Pts',(-0.247668907170054,-0.540240189745155,
-1.22014564120018E-15));
#4557=CARTESIAN_POINT('Ctrl Pts',(-0.219682997153224,-0.546716747454511,
-6.90419943438769E-16));
#4558=CARTESIAN_POINT('Ctrl Pts',(-0.192719432858783,-0.552956711782912,
-1.80045512111811E-16));
#4559=CARTESIAN_POINT('Ctrl Pts',(-0.165345872499725,-0.557269228357587,
4.59431724901273E-16));
#4560=CARTESIAN_POINT('Ctrl Pts',(-0.137731469244935,-0.559479945858816,
-4.13731549020468E-16));
#4561=CARTESIAN_POINT('Ctrl Pts',(-0.123688639637431,-0.560604168203715,
-8.57763707241611E-16));
#4562=CARTESIAN_POINT('Ctrl Pts',(-0.109583777104329,-0.561184100228121,
1.02686361908284E-16));
#4563=CARTESIAN_POINT('Ctrl Pts',(-0.09544132486646,-0.561192049130897,
0.));
#4564=CARTESIAN_POINT('',(0.335582569276209,-0.69219209884105,-10.));
#4565=CARTESIAN_POINT('Ctrl Pts',(0.335582569276209,-0.69219209884105,-10.));
#4566=CARTESIAN_POINT('Ctrl Pts',(0.565796652412584,-0.580581703935038,
-9.9814734980699));
#4567=CARTESIAN_POINT('Ctrl Pts',(0.733968682223501,-0.346077740872268,
-9.96294699613979));
#4568=CARTESIAN_POINT('Ctrl Pts',(0.764739161142338,-0.0936977275080648,
-9.94442049420968));
#4569=CARTESIAN_POINT('Ctrl Pts',(0.768489629391007,-0.0629363204718645,
-9.94216238644896));
#4570=CARTESIAN_POINT('Ctrl Pts',(0.77019885745506,-0.0319093464753161,
-9.93990427868824));
#4571=CARTESIAN_POINT('Ctrl Pts',(0.769954525254601,-0.000843062804205814,
-9.93764617092752));
#4572=CARTESIAN_POINT('',(0.329481767056014,0.464206126281899,-10.));
#4573=CARTESIAN_POINT('Ctrl Pts',(0.330195003766182,0.464830224796765,-10.));
#4574=CARTESIAN_POINT('Ctrl Pts',(0.343718455252999,0.458408811093442,-10.));
#4575=CARTESIAN_POINT('Ctrl Pts',(0.356935899270188,0.451434402290881,-10.));
#4576=CARTESIAN_POINT('Ctrl Pts',(0.369809841551492,0.443917859646444,-10.));
#4577=CARTESIAN_POINT('Ctrl Pts',(0.394018959919525,0.429783193930114,-10.));
#4578=CARTESIAN_POINT('Ctrl Pts',(0.417014283603142,0.413735072898526,-10.));
#4579=CARTESIAN_POINT('Ctrl Pts',(0.438734341498831,0.39603258390512,-10.));
#4580=CARTESIAN_POINT('Ctrl Pts',(0.45627196875036,0.381738899473815,-10.));
#4581=CARTESIAN_POINT('Ctrl Pts',(0.472978315899062,0.366365346292695,-10.));
#4582=CARTESIAN_POINT('Ctrl Pts',(0.488814946531586,0.350024281116549,-10.));
#4583=CARTESIAN_POINT('Ctrl Pts',(0.494601143347936,0.344053780099507,-10.));
#4584=CARTESIAN_POINT('Ctrl Pts',(0.50027116300182,0.337953935992524,-10.));
#4585=CARTESIAN_POINT('Ctrl Pts',(0.505822829460068,0.331729623871786,-10.));
#4586=CARTESIAN_POINT('Ctrl Pts',(0.51008982346405,0.326945636451462,-10.));
#4587=CARTESIAN_POINT('Ctrl Pts',(0.514283926148244,0.322091317661439,-10.));
#4588=CARTESIAN_POINT('Ctrl Pts',(0.51839923929437,0.317175575050766,-10.));
#4589=CARTESIAN_POINT('Ctrl Pts',(0.537547660210725,0.29430278134508,-10.));
#4590=CARTESIAN_POINT('Ctrl Pts',(0.555026188195626,0.270065607058968,-10.));
#4591=CARTESIAN_POINT('Ctrl Pts',(0.570767211051536,0.244733032494548,-10.));
#4592=CARTESIAN_POINT('Ctrl Pts',(0.585967821236575,0.220270162802913,-10.));
#4593=CARTESIAN_POINT('Ctrl Pts',(0.599548796113288,0.194784783477466,-10.));
#4594=CARTESIAN_POINT('Ctrl Pts',(0.611429504027322,0.1684802169567,-10.));
#4595=CARTESIAN_POINT('Ctrl Pts',(0.617493776928259,0.155053570070252,-10.));
#4596=CARTESIAN_POINT('Ctrl Pts',(0.623114686278256,0.141412951318741,-10.));
#4597=CARTESIAN_POINT('Ctrl Pts',(0.628278649089785,0.127582584976465,-10.));
#4598=CARTESIAN_POINT('Ctrl Pts',(0.630402126891434,0.121895387568513,-10.));
#4599=CARTESIAN_POINT('Ctrl Pts',(0.63244765699936,0.116177587950364,-10.));
#4600=CARTESIAN_POINT('Ctrl Pts',(0.634411460346119,0.110439979935278,-10.));
#4601=CARTESIAN_POINT('Ctrl Pts',(0.645075946776044,0.0792817466437002,
-10.));
#4602=CARTESIAN_POINT('Ctrl Pts',(0.653360284373639,0.0474714084003498,
-10.));
#4603=CARTESIAN_POINT('Ctrl Pts',(0.659169633531385,0.0153092577820903,
-10.));
#4604=CARTESIAN_POINT('Ctrl Pts',(0.664978982689131,-0.0168528928361692,
-10.));
#4605=CARTESIAN_POINT('Ctrl Pts',(0.668314422518743,-0.0493682531288073,
-10.));
#4606=CARTESIAN_POINT('Ctrl Pts',(0.669037134774503,-0.0819720792815748,
-10.));
#4607=CARTESIAN_POINT('Ctrl Pts',(0.669358160482345,-0.0964545600831101,
-10.));
#4608=CARTESIAN_POINT('Ctrl Pts',(0.669162987181781,-0.110954837892911,
-10.));
#4609=CARTESIAN_POINT('Ctrl Pts',(0.668464799720671,-0.125455496768486,
-10.));
#4610=CARTESIAN_POINT('Ctrl Pts',(0.668124811651027,-0.132516710689199,
-10.));
#4611=CARTESIAN_POINT('Ctrl Pts',(0.667665977672015,-0.139567959431425,
-10.));
#4612=CARTESIAN_POINT('Ctrl Pts',(0.667090797735961,-0.146605744047365,
-10.));
#4613=CARTESIAN_POINT('Ctrl Pts',(0.664475083740329,-0.178611088052289,
-10.));
#4614=CARTESIAN_POINT('Ctrl Pts',(0.659456933430959,-0.210345070355986,
-10.));
#4615=CARTESIAN_POINT('Ctrl Pts',(0.65223359695248,-0.241610730964906,-10.));
#4616=CARTESIAN_POINT('Ctrl Pts',(0.646040647284327,-0.268416440912027,
-10.));
#4617=CARTESIAN_POINT('Ctrl Pts',(0.638225799923667,-0.294878681703595,
-10.));
#4618=CARTESIAN_POINT('Ctrl Pts',(0.628884023797108,-0.320879909045984,
-10.));
#4619=CARTESIAN_POINT('Ctrl Pts',(0.624064292968039,-0.334294800959253,
-10.));
#4620=CARTESIAN_POINT('Ctrl Pts',(0.618837685295874,-0.347587027583814,
-10.));
#4621=CARTESIAN_POINT('Ctrl Pts',(0.613214602825702,-0.360740411758924,
-10.));
#4622=CARTESIAN_POINT('Ctrl Pts',(0.610148654676981,-0.367912206601879,
-10.));
#4623=CARTESIAN_POINT('Ctrl Pts',(0.606964807927522,-0.375042721685267,
-10.));
#4624=CARTESIAN_POINT('Ctrl Pts',(0.603664534434221,-0.38212929346963,-10.));
#4625=CARTESIAN_POINT('Ctrl Pts',(0.600194326426372,-0.389580760205404,
-10.));
#4626=CARTESIAN_POINT('Ctrl Pts',(0.596598968436931,-0.396975818295558,
-10.));
#4627=CARTESIAN_POINT('Ctrl Pts',(0.592883569724901,-0.404306587160575,
-10.));
#4628=CARTESIAN_POINT('Ctrl Pts',(0.578168644055098,-0.433340272994063,
-10.));
#4629=CARTESIAN_POINT('Ctrl Pts',(0.561562639802915,-0.461390151952797,
-10.));
#4630=CARTESIAN_POINT('Ctrl Pts',(0.543214437068814,-0.488273861879042,
-10.));
#4631=CARTESIAN_POINT('Ctrl Pts',(0.533612171065102,-0.502343061877508,
-10.));
#4632=CARTESIAN_POINT('Ctrl Pts',(0.523532053478264,-0.516092883116277,
-10.));
#4633=CARTESIAN_POINT('Ctrl Pts',(0.512991076119491,-0.529496519604816,
-10.));
#4634=CARTESIAN_POINT('Ctrl Pts',(0.507276203788412,-0.536763404704465,
-10.));
#4635=CARTESIAN_POINT('Ctrl Pts',(0.501425818959897,-0.543928520200876,
-10.));
#4636=CARTESIAN_POINT('Ctrl Pts',(0.495442288898781,-0.55098746026146,-10.));
#4637=CARTESIAN_POINT('Ctrl Pts',(0.489888916328811,-0.557538931333738,
-10.));
#4638=CARTESIAN_POINT('Ctrl Pts',(0.484223870153001,-0.563995235582328,
-10.));
#4639=CARTESIAN_POINT('Ctrl Pts',(0.478455033394064,-0.57034711818146,-10.));
#4640=CARTESIAN_POINT('Ctrl Pts',(0.454401224951653,-0.596832001299623,
-10.));
#4641=CARTESIAN_POINT('Ctrl Pts',(0.4285196232576,-0.621534970712944,-10.));
#4642=CARTESIAN_POINT('Ctrl Pts',(0.400975800911649,-0.644222401474493,
-10.));
#4643=CARTESIAN_POINT('Ctrl Pts',(0.380114539736308,-0.661405507456286,
-10.));
#4644=CARTESIAN_POINT('Ctrl Pts',(0.358298639210365,-0.677432455612812,
-10.));
#4645=CARTESIAN_POINT('Ctrl Pts',(0.335582569276209,-0.69219209884105,-10.));
#4646=CARTESIAN_POINT('Ctrl Pts',(0.330195003766174,0.464830224796771,-10.));
#4647=CARTESIAN_POINT('Ctrl Pts',(0.187783531099822,0.564775154366407,-9.98291051215566));
#4648=CARTESIAN_POINT('Ctrl Pts',(-0.212497986172293,0.629998018240068,
-9.9472945223812));
#4649=CARTESIAN_POINT('Ctrl Pts',(-0.648460183695402,0.179549171419521,
-9.89315203067666));
#4650=CARTESIAN_POINT('Ctrl Pts',(-0.502393840012566,-0.447695331685902,
-9.83757252488634));
#4651=CARTESIAN_POINT('Ctrl Pts',(0.103758362160459,-0.664785267521558,
-9.78199301909601));
#4652=CARTESIAN_POINT('Ctrl Pts',(0.515909420217481,-0.349095323675706,
-9.73717425238905));
#4653=CARTESIAN_POINT('Ctrl Pts',(0.568718444116441,-0.0798792735846487,
-9.7108819876122));
#4654=CARTESIAN_POINT('Ctrl Pts',(0.568412839213318,-0.000247369660562914,
-9.70311622476545));
#4655=CARTESIAN_POINT('Origin',(0.,0.,-10.6468837752346));
#4656=CARTESIAN_POINT('',(-0.329481767056009,0.464206126281902,-10.));
#4657=CARTESIAN_POINT('Origin',(0.,0.,-10.));
#4658=CARTESIAN_POINT('Ctrl Pts',(-0.329481767055994,0.464206126281913,
-10.));
#4659=CARTESIAN_POINT('Ctrl Pts',(-0.483870682975733,0.354624778791892,
-9.98147349806989));
#4660=CARTESIAN_POINT('Ctrl Pts',(-0.672060757133696,-0.0287692899895532,
-9.94442049420969));
#4661=CARTESIAN_POINT('Ctrl Pts',(-0.339545298358487,-0.581435045682602,
-9.88884098841936));
#4662=CARTESIAN_POINT('Ctrl Pts',(0.304140379270247,-0.599978920821041,
-9.83326148262905));
#4663=CARTESIAN_POINT('Ctrl Pts',(0.560210211554929,-0.228259490958028,
-9.79427574490078));
#4664=CARTESIAN_POINT('Ctrl Pts',(0.57006505955027,-0.0200573366967595,
-9.77381650910261));
#4665=CARTESIAN_POINT('Ctrl Pts',(0.56992760397319,-0.000374971983681976,
-9.77188377523456));
#4666=CARTESIAN_POINT('Ctrl Pts',(-0.445241720347537,0.627300066126225,
-10.1154700538379));
#4667=CARTESIAN_POINT('Ctrl Pts',(-0.653873557978203,0.479218464796927,
-10.0969435519078));
#4668=CARTESIAN_POINT('Ctrl Pts',(-0.908182235265867,-0.0388770774255262,
-10.0598905480476));
#4669=CARTESIAN_POINT('Ctrl Pts',(-0.458840967522619,-0.785716133318139,
-10.0043110422573));
#4670=CARTESIAN_POINT('Ctrl Pts',(0.41099690250971,-0.810775203937774,-9.94873153646697));
#4671=CARTESIAN_POINT('Ctrl Pts',(0.904320405413076,-0.0946505062287205,
-9.89315203067666));
#4672=CARTESIAN_POINT('Ctrl Pts',(0.569722996142375,0.708758162534427,-9.83757252488634));
#4673=CARTESIAN_POINT('Ctrl Pts',(-0.286583587599666,0.86288080597879,-9.78199301909602));
#4674=CARTESIAN_POINT('Ctrl Pts',(-0.880457305415011,0.227095787339486,
-9.7264135133057));
#4675=CARTESIAN_POINT('Ctrl Pts',(-0.66817293587772,-0.616715566658496,
-9.67083400751537));
#4676=CARTESIAN_POINT('Ctrl Pts',(0.155918457223507,-0.895795878958546,
-9.61525450172507));
#4677=CARTESIAN_POINT('Ctrl Pts',(0.837242081593893,-0.354683913563231,
-9.55967499593474));
#4678=CARTESIAN_POINT('Ctrl Pts',(0.751964005629583,0.51120056444023,-9.50409549014443));
#4679=CARTESIAN_POINT('Ctrl Pts',(-0.0218359695704655,0.909007489716092,
-9.44851598435411));
#4680=CARTESIAN_POINT('Ctrl Pts',(-0.775641666156677,0.474503667673513,
-9.39293647856379));
#4681=CARTESIAN_POINT('Ctrl Pts',(-0.819246971098807,-0.394471862863936,
-9.33735697277347));
#4682=CARTESIAN_POINT('Ctrl Pts',(-0.112725069733365,-0.90225612311002,
-9.28177746698315));
#4683=CARTESIAN_POINT('Ctrl Pts',(0.697011188045521,-0.583908228427298,
-9.22619796119283));
#4684=CARTESIAN_POINT('Ctrl Pts',(0.868543197026115,0.269083795983848,-9.17061845540252));
#4685=CARTESIAN_POINT('Ctrl Pts',(0.24481104569185,0.875694495190783,-9.1150389496122));
#4686=CARTESIAN_POINT('Ctrl Pts',(-0.603077409874097,0.680493196443139,
-9.05945944382187));
#4687=CARTESIAN_POINT('Ctrl Pts',(-0.898770153714246,-0.137788073368326,
-9.00387993803156));
#4688=CARTESIAN_POINT('Ctrl Pts',(-0.371522052728777,-0.829906438771039,
-8.94830043224124));
#4689=CARTESIAN_POINT('Ctrl Pts',(0.49590275258472,-0.762137652344577,-8.89272092645092));
#4690=CARTESIAN_POINT('Ctrl Pts',(0.909264162782517,0.00346717555241649,
-8.8371414206606));
#4691=CARTESIAN_POINT('Ctrl Pts',(0.490076102635988,0.765897350520228,-8.7815619148703));
#4692=CARTESIAN_POINT('Ctrl Pts',(-0.377840298355417,0.827048999803524,
-8.72598240907995));
#4693=CARTESIAN_POINT('Ctrl Pts',(-0.899794818513744,0.130929841218564,
-8.67040290328966));
#4694=CARTESIAN_POINT('Ctrl Pts',(-0.597870283693628,-0.685072596520897,
-8.61482339749933));
#4695=CARTESIAN_POINT('Ctrl Pts',(0.251482169257746,-0.873802069893217,
-8.55924389170902));
#4696=CARTESIAN_POINT('Ctrl Pts',(0.870570024492842,-0.262452226492072,
-8.50366438591869));
#4697=CARTESIAN_POINT('Ctrl Pts',(0.692537920537715,0.589206727170755,-8.44808488012839));
#4698=CARTESIAN_POINT('Ctrl Pts',(-0.119602622040609,0.901370374236781,
-8.39250537433805));
#4699=CARTESIAN_POINT('Ctrl Pts',(-0.822231425742573,0.388212340428186,
-8.33692586854775));
#4700=CARTESIAN_POINT('Ctrl Pts',(-0.772000537420813,-0.480404526374357,
-8.28134636275742));
#4701=CARTESIAN_POINT('Ctrl Pts',(-0.0149028611776037,-0.909148636621705,
-8.2257668569671));
#4702=CARTESIAN_POINT('Ctrl Pts',(0.755840320607643,-0.505449056270056,
-8.17018735117679));
#4703=CARTESIAN_POINT('Ctrl Pts',(0.834513492447958,0.361054801467824,-8.11460784538646));
#4704=CARTESIAN_POINT('Ctrl Pts',(0.149081144549624,0.896966081343594,-8.05902833959615));
#4705=CARTESIAN_POINT('Ctrl Pts',(-0.672854359343523,0.611588382699702,
-8.00344883380583));
#4706=CARTESIAN_POINT('Ctrl Pts',(-0.878704282107759,-0.233777935969898,
-7.94786932801552));
#4707=CARTESIAN_POINT('Ctrl Pts',(-0.279986276069461,-0.865090182555365,
-7.89228982222518));
#4708=CARTESIAN_POINT('Ctrl Pts',(0.575095540658373,-0.704299977179986,
-7.83671031643489));
#4709=CARTESIAN_POINT('Ctrl Pts',(0.903602675285867,0.101368357770581,-7.78113081064455));
#4710=CARTESIAN_POINT('Ctrl Pts',(0.404744167434293,0.814220791719796,-7.72555130485424));
#4711=CARTESIAN_POINT('Ctrl Pts',(-0.464710208809318,0.781548309811545,
-7.66997179906391));
#4712=CARTESIAN_POINT('Ctrl Pts',(-0.908662015180093,0.0332668139402831,
-7.61439229327361));
#4713=CARTESIAN_POINT('Ctrl Pts',(-0.520615696104895,-0.74547477201452,
-7.55881278748327));
#4714=CARTESIAN_POINT('Ctrl Pts',(0.344121929529622,-0.841637354421544,
-7.50323328169297));
#4715=CARTESIAN_POINT('Ctrl Pts',(0.893771221426813,-0.167171595942933,
-7.44765377590264));
#4716=CARTESIAN_POINT('Ctrl Pts',(0.625056844124864,0.66036147703629,-7.39207427011234));
#4717=CARTESIAN_POINT('Ctrl Pts',(-0.215978279418459,0.883247825675403,
-7.336494764322));
#4718=CARTESIAN_POINT('Ctrl Pts',(-0.859257228926501,0.297406041092705,
-7.2809152585317));
#4719=CARTESIAN_POINT('Ctrl Pts',(-0.715774553320216,-0.560749612180097,
-7.22533575274137));
#4720=CARTESIAN_POINT('Ctrl Pts',(0.0830927170589827,-0.905466144652929,
-7.16975624695106));
#4721=CARTESIAN_POINT('Ctrl Pts',(0.805877809822796,-0.421110786344991,
-7.11417674116074));
#4722=CARTESIAN_POINT('Ctrl Pts',(0.790777070550172,0.448826206268057,-7.05859723537042));
#4723=CARTESIAN_POINT('Ctrl Pts',(0.0516171878863624,0.907804496935101,
-7.0030177295801));
#4724=CARTESIAN_POINT('Ctrl Pts',(-0.734804936232243,0.535569831515567,
-6.94743822378978));
#4725=CARTESIAN_POINT('Ctrl Pts',(-0.848417677653691,-0.327048594226609,
-6.89185871799946));
#4726=CARTESIAN_POINT('Ctrl Pts',(-0.185193811391929,-0.890211542816096,
-6.83627921220914));
#4727=CARTESIAN_POINT('Ctrl Pts',(0.647599049004293,-0.638270170436955,
-6.78069970641883));
#4728=CARTESIAN_POINT('Ctrl Pts',(0.887430845978736,0.19809046505662,-6.72512020062851));
#4729=CARTESIAN_POINT('Ctrl Pts',(0.314704411198653,0.853073544492499,-6.66954069483819));
#4730=CARTESIAN_POINT('Ctrl Pts',(-0.546174797454088,0.726956965278465,
-6.61396118904787));
#4731=CARTESIAN_POINT('Ctrl Pts',(-0.906960021703203,-0.0647831596405197,
-6.55838168325756));
#4732=CARTESIAN_POINT('Ctrl Pts',(-0.437305516652152,-0.797205885481586,
-6.50280217746723));
#4733=CARTESIAN_POINT('Ctrl Pts',(0.432759002269305,-0.799683052650086,
-6.44722267167691));
#4734=CARTESIAN_POINT('Ctrl Pts',(0.906576431906892,-0.0699464927773845,
-6.3916431658866));
#4735=CARTESIAN_POINT('Ctrl Pts',(0.550305358537622,0.723835168464249,-6.33606366009628));
#4736=CARTESIAN_POINT('Ctrl Pts',(-0.309841764536918,0.854851694558496,
-6.28048415430597));
#4737=CARTESIAN_POINT('Ctrl Pts',(-0.886288498497583,0.203140434605679,
-6.22490464851564));
#4738=CARTESIAN_POINT('Ctrl Pts',(-0.651222968232958,-0.63457228460337,
-6.16932514272533));
#4739=CARTESIAN_POINT('Ctrl Pts',(0.180121794315625,-0.891251635596481,
-6.113745636935));
#4740=CARTESIAN_POINT('Ctrl Pts',(0.846541653303824,-0.331874325554895,
-6.05816613114469));
#4741=CARTESIAN_POINT('Ctrl Pts',(0.737842648628369,0.531377045614469,-6.00258662535437));
#4742=CARTESIAN_POINT('Ctrl Pts',(-0.0464471590930647,0.908083696667365,
-5.94700711956406));
#4743=CARTESIAN_POINT('Ctrl Pts',(-0.788208558394054,0.453321748006041,
-5.89142761377374));
#4744=CARTESIAN_POINT('Ctrl Pts',(-0.808262620875919,-0.416515155109239,
-5.83584810798342));
#4745=CARTESIAN_POINT('Ctrl Pts',(-0.0882472469749638,-0.904978321365889,
-5.7802686021931));
#4746=CARTESIAN_POINT('Ctrl Pts',(0.712569946339986,-0.564816262437542,
-5.72468909640278));
#4747=CARTESIAN_POINT('Ctrl Pts',(0.860936778905014,0.292508463928049,-5.66910959061247));
#4748=CARTESIAN_POINT('Ctrl Pts',(0.221004140148461,0.882003689775801,-5.61353008482215));
#4749=CARTESIAN_POINT('Ctrl Pts',(-0.621286501085916,0.663909950452096,
-5.55795057903182));
#4750=CARTESIAN_POINT('Ctrl Pts',(-0.894708634962338,-0.162079601630538,
-5.50237107324151));
#4751=CARTESIAN_POINT('Ctrl Pts',(-0.348908775761994,-0.839664221541653,
-5.44679156745118));
#4752=CARTESIAN_POINT('Ctrl Pts',(0.516362396793616,-0.748427160061977,
-5.39121206166088));
#4753=CARTESIAN_POINT('Ctrl Pts',(0.908836710884831,0.0280921997880168,
-5.33563255587055));
#4754=CARTESIAN_POINT('Ctrl Pts',(0.469152942916456,0.778889501080683,-5.28005305008024));
#4755=CARTESIAN_POINT('Ctrl Pts',(-0.400101295186063,0.816512273227609,
-5.22447354428991));
#4756=CARTESIAN_POINT('Ctrl Pts',(-0.903010817627354,0.106511980494514,
-5.1688940384996));
#4757=CARTESIAN_POINT('Ctrl Pts',(-0.579096620168251,-0.70101386808721,
-5.11331453270928));
#4758=CARTESIAN_POINT('Ctrl Pts',(0.275055767490303,-0.866670446889245,
-5.05773502691897));
#4759=CARTESIAN_POINT('Ctrl Pts',(0.877358865619929,-0.238777636429794,
-5.00215552112864));
#4760=CARTESIAN_POINT('Ctrl Pts',(0.676325938533936,0.607747121430516,-4.94657601533833));
#4761=CARTESIAN_POINT('Ctrl Pts',(-0.143971251446549,0.897800433001565,
-4.890996509548));
#4762=CARTESIAN_POINT('Ctrl Pts',(-0.832444056429603,0.36580080871413,-4.8354170037577));
#4763=CARTESIAN_POINT('Ctrl Pts',(-0.758706179203388,-0.501136979656741,
-4.77983749796736));
#4764=CARTESIAN_POINT('Ctrl Pts',(0.00972577383536439,-0.90921875699096,
-4.72425799217706));
#4765=CARTESIAN_POINT('Ctrl Pts',(0.769252517385491,-0.484792639421194,
-4.66867848638673));
#4766=CARTESIAN_POINT('Ctrl Pts',(0.824428642369845,0.383524122293633,-4.61309898059642));
#4767=CARTESIAN_POINT('Ctrl Pts',(0.124733238054344,0.900674723785101,-4.5575194748061));
#4768=CARTESIAN_POINT('Ctrl Pts',(-0.689171650655033,0.593140602786811,
-4.50193996901578));
#4769=CARTESIAN_POINT('Ctrl Pts',(-0.872050358148007,-0.257490799048853,
-4.44636046322546));
#4770=CARTESIAN_POINT('Ctrl Pts',(-0.256453668680729,-0.87235592194991,
-4.39078095743514));
#4771=CARTESIAN_POINT('Ctrl Pts',(0.593959672128378,-0.688465864532174,
-4.33520145164482));
#4772=CARTESIAN_POINT('Ctrl Pts',(0.90052576770696,0.125804135212946,-4.2796219458545));
#4773=CARTESIAN_POINT('Ctrl Pts',(0.382543529437235,0.824884105087855,-4.2240424400642));
#4774=CARTESIAN_POINT('Ctrl Pts',(-0.485707008900239,0.768675510372268,
-4.16846293427386));
#4775=CARTESIAN_POINT('Ctrl Pts',(-0.909229679042541,0.0086446219744743,
-4.11288342848356));
#4776=CARTESIAN_POINT('Ctrl Pts',(-0.500234453723677,-0.759301540923406,
-4.05730392269323));
#4777=CARTESIAN_POINT('Ctrl Pts',(0.366790402886751,-0.832008497006526,
-4.00172441690291));
#4778=CARTESIAN_POINT('Ctrl Pts',(0.897970993383709,-0.142903582118729,
-3.9461449111126));
#4779=CARTESIAN_POINT('Ctrl Pts',(0.606942477833645,0.677048127788595,-3.89056540532227));
#4780=CARTESIAN_POINT('Ctrl Pts',(-0.239820728255938,0.877074316714197,
-3.83498589953196));
#4781=CARTESIAN_POINT('Ctrl Pts',(-0.86699690086258,0.274025021915095,-3.77940639374164));
#4782=CARTESIAN_POINT('Ctrl Pts',(-0.700324773183258,-0.57992978092757,
-3.72382688795133));
#4783=CARTESIAN_POINT('Ctrl Pts',(0.107585668366104,-0.902883526653963,
-3.668247382161));
#4784=CARTESIAN_POINT('Ctrl Pts',(0.816987453330204,-0.399130103903363,
-3.61266787637069));
#4785=CARTESIAN_POINT('Ctrl Pts',(0.778331084296439,0.470078782715003,-3.55708837058036));
#4786=CARTESIAN_POINT('Ctrl Pts',(0.0270114892306778,0.908869472581423,
-3.50150886479005));
#4787=CARTESIAN_POINT('Ctrl Pts',(-0.749040633474605,0.515472082798715,
-3.44592935899973));
#4788=CARTESIAN_POINT('Ctrl Pts',(-0.839248743199744,-0.349906967319221,
-3.39034985320941));
#4789=CARTESIAN_POINT('Ctrl Pts',(-0.161015595933765,-0.894900730029302,
-3.3347703474191));
#4790=CARTESIAN_POINT('Ctrl Pts',(0.664648248056018,-0.620496611672417,
-3.27919084162877));
#4791=CARTESIAN_POINT('Ctrl Pts',(0.881740271913149,0.222052767664381,-3.22361133583846));
#4792=CARTESIAN_POINT('Ctrl Pts',(0.291484523874519,0.861283989798097,-3.16803183004814));
#4793=CARTESIAN_POINT('Ctrl Pts',(-0.565663174535827,0.711897823929061,
-3.11245232425783));
#4794=CARTESIAN_POINT('Ctrl Pts',(-0.904872747454765,-0.0893232873026363,
-3.0568728184675));
#4795=CARTESIAN_POINT('Ctrl Pts',(-0.415553761820173,-0.808757324404539,
-3.00129331267719));
#4796=CARTESIAN_POINT('Ctrl Pts',(0.454258680215676,-0.787668959772819,
-2.94571380688687));
#4797=CARTESIAN_POINT('Ctrl Pts',(0.908138284636324,-0.0453673309626975,
-2.89013430109655));
#4798=CARTESIAN_POINT('Ctrl Pts',(0.530499306965271,0.738473983326598,-2.83455479530623));
#4799=CARTESIAN_POINT('Ctrl Pts',(-0.332880707055819,0.846146425632645,
-2.77897528951591));
#4800=CARTESIAN_POINT('Ctrl Pts',(-0.891465186939082,0.179061886554765,
-2.7233957837256));
#4801=CARTESIAN_POINT('Ctrl Pts',(-0.633797471789568,-0.65197707282852,
-2.66781627793527));
#4802=CARTESIAN_POINT('Ctrl Pts',(0.204194169783587,-0.886046319199669,
-2.61223677214496));
#4803=CARTESIAN_POINT('Ctrl Pts',(0.855219520647125,-0.308825047955938,
-2.55665726635463));
#4804=CARTESIAN_POINT('Ctrl Pts',(0.723180292892626,0.551165676283112,-2.50107776056433));
#4805=CARTESIAN_POINT('Ctrl Pts',(-0.0710244463440244,0.906492618151083,
-2.445498254774));
#4806=CARTESIAN_POINT('Ctrl Pts',(-0.80019707767711,0.431807799394479,-2.38991874898369));
#4807=CARTESIAN_POINT('Ctrl Pts',(-0.796685325276215,-0.438253158836778,
-2.33433924319337));
#4808=CARTESIAN_POINT('Ctrl Pts',(-0.0637046547003481,-0.907036413662859,
-2.27875973740305));
#4809=CARTESIAN_POINT('Ctrl Pts',(0.727605903564714,-0.545309992425128,
-2.22318023161273));
#4810=CARTESIAN_POINT('Ctrl Pts',(0.85269872881568,0.315718571859469,-2.16760072582241));
#4811=CARTESIAN_POINT('Ctrl Pts',(0.197035087863839,0.887665766429746,-2.11202122003209));
#4812=CARTESIAN_POINT('Ctrl Pts',(-0.639039774214538,0.646839629052626,
-2.05644171424178));
#4813=CARTESIAN_POINT('Ctrl Pts',(-0.88999070093527,-0.186252224119344,
-2.00086220845146));
#4814=CARTESIAN_POINT('Ctrl Pts',(-0.326039516120926,-0.848805968798637,
-1.94528270266114));
#4815=CARTESIAN_POINT('Ctrl Pts',(0.536443203745149,-0.734167574807025,
-1.88970319687082));
#4816=CARTESIAN_POINT('Ctrl Pts',(0.907742477544528,0.0526966146950276,
-1.8341236910805));
#4817=CARTESIAN_POINT('Ctrl Pts',(0.447885582070651,0.791310207259219,-1.77854418529018));
#4818=CARTESIAN_POINT('Ctrl Pts',(-0.422068751700886,0.805376500519103,
-1.72296467949986));
#4819=CARTESIAN_POINT('Ctrl Pts',(-0.905564309414159,0.0820159755244758,
-1.66738517370955));
#4820=CARTESIAN_POINT('Ctrl Pts',(-0.559898093780938,-0.716440830296952,
-1.61180566791923));
#4821=CARTESIAN_POINT('Ctrl Pts',(0.298427566981316,-0.858902978263473,
-1.55622616212891));
#4822=CARTESIAN_POINT('Ctrl Pts',(0.883504019293969,-0.214927863524446,
-1.50064665633859));
#4823=CARTESIAN_POINT('Ctrl Pts',(0.659617760023202,0.625841632849456,-1.44506715054827));
#4824=CARTESIAN_POINT('Ctrl Pts',(-0.168234254382082,0.893571807293529,
-1.38948764475796));
#4825=CARTESIAN_POINT('Ctrl Pts',(-0.842045951781529,0.34312090142852,-1.33390813896764));
#4826=CARTESIAN_POINT('Ctrl Pts',(-0.744855185554714,-0.521501765652964,
-1.27832863317732));
#4827=CARTESIAN_POINT('Ctrl Pts',(0.034347274645209,-0.908621816746031,
-1.222749127387));
#4828=CARTESIAN_POINT('Ctrl Pts',(0.782100338211158,-0.463780544813416,
-1.16716962159668));
#4829=CARTESIAN_POINT('Ctrl Pts',(0.813738942445648,0.405712060355031,-1.11159011580636));
#4830=CARTESIAN_POINT('Ctrl Pts',(0.10029381060832,0.903722581470392,-1.05601061001605));
#4831=CARTESIAN_POINT('Ctrl Pts',(-0.704983304706255,0.574257639988901,
-1.00043110422573));
#4832=CARTESIAN_POINT('Ctrl Pts',(-0.864756672172762,-0.281014718999045,
-0.94485159843541));
#4833=CARTESIAN_POINT('Ctrl Pts',(-0.232732852002263,-0.878981703498216,
-0.889272092645091));
#4834=CARTESIAN_POINT('Ctrl Pts',(0.61238792585655,-0.672126536673733,-0.833692586854775));
#4835=CARTESIAN_POINT('Ctrl Pts',(0.896788385191479,0.150147402347065,-0.778113081064455));
#4836=CARTESIAN_POINT('Ctrl Pts',(0.360061836138604,0.834942632203206,-0.722533575274139));
#4837=CARTESIAN_POINT('Ctrl Pts',(-0.506346711199272,0.755237998239436,
-0.666954069483818));
#4838=CARTESIAN_POINT('Ctrl Pts',(-0.909131697606144,-0.0159824670895386,
-0.611374563693501));
#4839=CARTESIAN_POINT('Ctrl Pts',(-0.479483506675702,-0.772573976107262,
-0.555795057903182));
#4840=CARTESIAN_POINT('Ctrl Pts',(0.389184657003007,-0.821764032320428,
-0.500215552112865));
#4841=CARTESIAN_POINT('Ctrl Pts',(0.901521656255053,-0.118540565636874,
-0.444636046322546));
#4842=CARTESIAN_POINT('Ctrl Pts',(0.588364432173048,0.693256704431833,-0.389056540532226));
#4843=CARTESIAN_POINT('Ctrl Pts',(-0.263452376882506,0.870221973477489,
-0.33347703474191));
#4844=CARTESIAN_POINT('Ctrl Pts',(-0.874166557786519,0.250509988903218,
-0.277897528951591));
#4845=CARTESIAN_POINT('Ctrl Pts',(-0.684235866325539,-0.598811650863243,
-0.222318023161271));
#4846=CARTESIAN_POINT('Ctrl Pts',(0.131761369602605,-0.899396367945389,
-0.166738517370954));
#4847=CARTESIAN_POINT('Ctrl Pts',(0.827955951755558,-0.377324552058369,
-0.111159011580638));
#4848=CARTESIAN_POINT('Ctrl Pts',(0.764390667301954,0.491948480375059,-0.0555795057903171));
#4849=CARTESIAN_POINT('Ctrl Pts',(0.257860208820589,0.76857600764817,-0.0185265019301061));
#4850=CARTESIAN_POINT('Ctrl Pts',(0.00201855149580903,0.769247351604059,
0.));
#4851=CARTESIAN_POINT('Ctrl Pts',(-0.406655069250356,0.572935419511454,
-10.0769800358919));
#4852=CARTESIAN_POINT('Ctrl Pts',(-0.59720593297738,0.437687236128582,-10.0584535339618));
#4853=CARTESIAN_POINT('Ctrl Pts',(-0.829475075888477,-0.0355078149468683,
-10.0214005301016));
#4854=CARTESIAN_POINT('Ctrl Pts',(-0.419075744467908,-0.717622437439627,
-9.96582102431131));
#4855=CARTESIAN_POINT('Ctrl Pts',(0.375378061429889,-0.740509776232196,
-9.910241518521));
#4856=CARTESIAN_POINT('Ctrl Pts',(0.825947929589171,-0.086447667426542,
-9.85466201273067));
#4857=CARTESIAN_POINT('Ctrl Pts',(0.520348237512341,0.647333990719067,-9.79908250694037));
#4858=CARTESIAN_POINT('Ctrl Pts',(-0.261746964256606,0.788099672322305,
-9.74350300115003));
#4859=CARTESIAN_POINT('Ctrl Pts',(-0.804152913222179,0.20741464446531,-9.68792349535973));
#4860=CARTESIAN_POINT('Ctrl Pts',(-0.610266062440159,-0.563268220398411,
-9.6323439895694));
#4861=CARTESIAN_POINT('Ctrl Pts',(0.142405862079008,-0.818162176958024,
-9.57676448377909));
#4862=CARTESIAN_POINT('Ctrl Pts',(0.764682915168247,-0.323945409517025,
-9.52118497798877));
#4863=CARTESIAN_POINT('Ctrl Pts',(0.686795421022972,0.466897623095604,-9.46560547219845));
#4864=CARTESIAN_POINT('Ctrl Pts',(-0.019943566184435,0.830228810074355,
-9.41002596640814));
#4865=CARTESIAN_POINT('Ctrl Pts',(-0.708421068938026,0.433381044540726,
-9.35444646061781));
#4866=CARTESIAN_POINT('Ctrl Pts',(-0.748247341927642,-0.360285156083391,
-9.2988669548275));
#4867=CARTESIAN_POINT('Ctrl Pts',(-0.10295580792136,-0.82406254727988,-9.24328744903717));
#4868=CARTESIAN_POINT('Ctrl Pts',(0.636605061901391,-0.533304113733138,
-9.18770794324686));
#4869=CARTESIAN_POINT('Ctrl Pts',(0.793271335080403,0.245763783332224,-9.13212843745655));
#4870=CARTESIAN_POINT('Ctrl Pts',(0.223594618809235,0.799802869564887,-9.07654893166622));
#4871=CARTESIAN_POINT('Ctrl Pts',(-0.550812007653391,0.621518593783139,
-9.02096942587591));
#4872=CARTESIAN_POINT('Ctrl Pts',(-0.820878687678998,-0.125846738876426,
-8.96538992008557));
#4873=CARTESIAN_POINT('Ctrl Pts',(-0.339324279769946,-0.757983012163211,
-8.90981041429527));
#4874=CARTESIAN_POINT('Ctrl Pts',(0.452925588456474,-0.696087373731683,
-8.85423090850495));
#4875=CARTESIAN_POINT('Ctrl Pts',(0.830463238697802,0.00316669451655942,
-8.79865140271463));
#4876=CARTESIAN_POINT('Ctrl Pts',(0.447603902212553,0.699521239544578,-8.74307189692431));
#4877=CARTESIAN_POINT('Ctrl Pts',(-0.345094957798122,0.755373211715257,
-8.68749239113399));
#4878=CARTESIAN_POINT('Ctrl Pts',(-0.82181455041592,0.119582871987193,-8.63191288534368));
#4879=CARTESIAN_POINT('Ctrl Pts',(-0.546056154460084,-0.6257011224426,-8.57633337955335));
#4880=CARTESIAN_POINT('Ctrl Pts',(0.229687592786479,-0.798074450359629,
-8.52075387376304));
#4881=CARTESIAN_POINT('Ctrl Pts',(0.795122508558025,-0.239706935495041,
-8.46517436797271));
#4882=CARTESIAN_POINT('Ctrl Pts',(0.632519467885767,0.538143420731945,-8.40959486218241));
#4883=CARTESIAN_POINT('Ctrl Pts',(-0.109237320596285,0.823253561389915,
-8.35401535639208));
#4884=CARTESIAN_POINT('Ctrl Pts',(-0.750973150301767,0.354568112030127,
-8.29843585060177));
#4885=CARTESIAN_POINT('Ctrl Pts',(-0.705095496803695,-0.43877050827236,
-8.24285634481144));
#4886=CARTESIAN_POINT('Ctrl Pts',(-0.0136113121642776,-0.830357724553958,
-8.18727683902113));
#4887=CARTESIAN_POINT('Ctrl Pts',(0.690335797101397,-0.461644566505568,
-8.13169733323081));
#4888=CARTESIAN_POINT('Ctrl Pts',(0.762190797836503,0.329764167606453,-8.07611782744049));
#4889=CARTESIAN_POINT('Ctrl Pts',(0.136161101689735,0.819230964338407,-8.02053832165018));
#4890=CARTESIAN_POINT('Ctrl Pts',(-0.614541772681746,0.558585381274102,
-7.96495881585985));
#4891=CARTESIAN_POINT('Ctrl Pts',(-0.802551814803438,-0.213517688025365,
-7.90937931006954));
#4892=CARTESIAN_POINT('Ctrl Pts',(-0.255721405431881,-0.790117574382436,
-7.85379980427922));
#4893=CARTESIAN_POINT('Ctrl Pts',(0.52525517314383,-0.643262171769526,-7.79822029848891));
#4894=CARTESIAN_POINT('Ctrl Pts',(0.825292401184611,0.0925833197230743,
-7.74264079269857));
#4895=CARTESIAN_POINT('Ctrl Pts',(0.369667216513768,0.743656753871689,-7.68706128690827));
#4896=CARTESIAN_POINT('Ctrl Pts',(-0.424436330892786,0.713815816273554,
-7.63148178111794));
#4897=CARTESIAN_POINT('Ctrl Pts',(-0.829913275916299,0.0303837621417608,
-7.57590227532764));
#4898=CARTESIAN_POINT('Ctrl Pts',(-0.47549679708162,-0.680868573594884,
-7.5203227695373));
#4899=CARTESIAN_POINT('Ctrl Pts',(0.314298774549255,-0.768697273873693,
-7.46474326374699));
#4900=CARTESIAN_POINT('Ctrl Pts',(0.816312985359056,-0.15268375315729,-7.40916375795668));
#4901=CARTESIAN_POINT('Ctrl Pts',(0.570886605223354,0.603131579773904,-7.35358425216635));
#4902=CARTESIAN_POINT('Ctrl Pts',(-0.197260629810093,0.806701594439318,
-7.29800474637604));
#4903=CARTESIAN_POINT('Ctrl Pts',(-0.784790130763656,0.271631495228324,
-7.24242524058571));
#4904=CARTESIAN_POINT('Ctrl Pts',(-0.653742309505231,-0.512152527384935,
-7.18684573479541));
#4905=CARTESIAN_POINT('Ctrl Pts',(0.0758915282769161,-0.826994373910612,
-7.13126622900507));
#4906=CARTESIAN_POINT('Ctrl Pts',(0.736036812329755,-0.384615430578992,
-7.07568672321478));
#4907=CARTESIAN_POINT('Ctrl Pts',(0.722244771076648,0.409928907490621,-7.02010721742443));
#4908=CARTESIAN_POINT('Ctrl Pts',(0.0471438101039964,0.829130074061297,
-6.96452771163414));
#4909=CARTESIAN_POINT('Ctrl Pts',(-0.671123433796339,0.489154939823182,
-6.9089482058438));
#4910=CARTESIAN_POINT('Ctrl Pts',(-0.77488998378272,-0.298705091314536,
-6.8533687000535));
#4911=CARTESIAN_POINT('Ctrl Pts',(-0.16914408231453,-0.81306180451549,-6.79778919426317));
#4912=CARTESIAN_POINT('Ctrl Pts',(0.591475201186779,-0.582954805216555,
-6.74220968847286));
#4913=CARTESIAN_POINT('Ctrl Pts',(0.810522095379345,0.180923053936984,-6.68663018268254));
#4914=CARTESIAN_POINT('Ctrl Pts',(0.287430710737289,0.779142352249619,-6.63105067689221));
#4915=CARTESIAN_POINT('Ctrl Pts',(-0.498840831690538,0.663955603321718,
-6.57547117110191));
#4916=CARTESIAN_POINT('Ctrl Pts',(-0.82835878485318,-0.0591687594983372,
-6.51989166531157));
#4917=CARTESIAN_POINT('Ctrl Pts',(-0.399406652680571,-0.728116435976083,
-6.46431215952127));
#4918=CARTESIAN_POINT('Ctrl Pts',(0.39525415969369,-0.73037892069038,-6.40873265373094));
#4919=CARTESIAN_POINT('Ctrl Pts',(0.828008438674791,-0.063884614950298,
-6.35315314794063));
#4920=CARTESIAN_POINT('Ctrl Pts',(0.502613419762837,0.661104355467668,-6.2975736421503));
#4921=CARTESIAN_POINT('Ctrl Pts',(-0.282989482917419,0.78076639982913,-6.24199413635999));
#4922=CARTESIAN_POINT('Ctrl Pts',(-0.809478748871531,0.185535370399799,
-6.18641463056966));
#4923=CARTESIAN_POINT('Ctrl Pts',(-0.594785055267265,-0.579577394809984,
-6.13083512477936));
#4924=CARTESIAN_POINT('Ctrl Pts',(0.164511629062395,-0.814011758175056,
-6.07525561898903));
#4925=CARTESIAN_POINT('Ctrl Pts',(0.773176544145219,-0.303112603049873,
-6.01967611319872));
#4926=CARTESIAN_POINT('Ctrl Pts',(0.673897884366355,0.485325519616025,-5.96409660740839));
#4927=CARTESIAN_POINT('Ctrl Pts',(-0.0424218392713206,0.82938507708835,
-5.90851710161808));
#4928=CARTESIAN_POINT('Ctrl Pts',(-0.719898857742415,0.414034845351423,
-5.85293759582776));
#4929=CARTESIAN_POINT('Ctrl Pts',(-0.738214944925242,-0.380418077426707,
-5.79735809003744));
#4930=CARTESIAN_POINT('Ctrl Pts',(-0.080599343434729,-0.826548827584856,
-5.74177858424712));
#4931=CARTESIAN_POINT('Ctrl Pts',(0.650815428186802,-0.515866743430936,
-5.68619907845682));
#4932=CARTESIAN_POINT('Ctrl Pts',(0.78632412338297,0.267158364140106,-5.63061957266648));
#4933=CARTESIAN_POINT('Ctrl Pts',(0.2018509268326,0.80556528095545,-5.57504006687618));
#4934=CARTESIAN_POINT('Ctrl Pts',(-0.567443017078898,0.606372526515184,
-5.51946056108585));
#4935=CARTESIAN_POINT('Ctrl Pts',(-0.817169158419183,-0.148033053986242,
-5.46388105529553));
#4936=CARTESIAN_POINT('Ctrl Pts',(-0.318670771146076,-0.766895141568373,
-5.40830154950522));
#4937=CARTESIAN_POINT('Ctrl Pts',(0.471612107828721,-0.683565094408251,
-5.35272204371489));
#4938=CARTESIAN_POINT('Ctrl Pts',(0.830072831705126,0.0256576033379593,
-5.29714253792458));
#4939=CARTESIAN_POINT('Ctrl Pts',(0.428494037669668,0.711387431872084,-5.24156303213426));
#4940=CARTESIAN_POINT('Ctrl Pts',(-0.365426716467733,0.745749645280252,
-5.18598352634395));
#4941=CARTESIAN_POINT('Ctrl Pts',(-0.824751836574174,0.0972811729551849,
-5.13040402055362));
#4942=CARTESIAN_POINT('Ctrl Pts',(-0.528909501098319,-0.64026085167839,
-5.07482451476331));
#4943=CARTESIAN_POINT('Ctrl Pts',(0.251218196913735,-0.791560885897871,
-5.01924500897298));
#4944=CARTESIAN_POINT('Ctrl Pts',(0.801322998162886,-0.218084091944498,
-4.96366550318267));
#4945=CARTESIAN_POINT('Ctrl Pts',(0.617712489197234,0.555077020992377,-4.90808599739235));
#4946=CARTESIAN_POINT('Ctrl Pts',(-0.131494054917755,0.819993007327072,
-4.85250649160203));
#4947=CARTESIAN_POINT('Ctrl Pts',(-0.760300708456067,0.334098864507517,
-4.79692698581171));
#4948=CARTESIAN_POINT('Ctrl Pts',(-0.692953287494725,-0.457706193856129,
-4.7413474800214));
#4949=CARTESIAN_POINT('Ctrl Pts',(0.00888289450827529,-0.830421767976469,
-4.68576797423107));
#4950=CARTESIAN_POINT('Ctrl Pts',(0.702585632550866,-0.442778327695824,
-4.63018846844076));
#4951=CARTESIAN_POINT('Ctrl Pts',(0.752979946248531,0.350286195976337,-4.57460896265044));
#4952=CARTESIAN_POINT('Ctrl Pts',(0.113923294338235,0.82261819913684,-4.51902945686012));
#4953=CARTESIAN_POINT('Ctrl Pts',(-0.629444934099506,0.541736368984471,
-4.4634499510698));
#4954=CARTESIAN_POINT('Ctrl Pts',(-0.796474549837056,-0.235175487680729,
-4.40787044527949));
#4955=CARTESIAN_POINT('Ctrl Pts',(-0.234228239697464,-0.796753632104829,
-4.35229093948916));
#4956=CARTESIAN_POINT('Ctrl Pts',(0.54248445409103,-0.628800314578138,-4.29671143369885));
#4957=CARTESIAN_POINT('Ctrl Pts',(0.822482152262745,0.114901382729962,-4.24113192790853));
#4958=CARTESIAN_POINT('Ctrl Pts',(0.349390585709607,0.753395936517786,-4.18555242211822));
#4959=CARTESIAN_POINT('Ctrl Pts',(-0.443613453801089,0.702058631561978,
-4.12997291632789));
#4960=CARTESIAN_POINT('Ctrl Pts',(-0.83043174347391,0.00789544013290697,
-4.07439341053757));
#4961=CARTESIAN_POINT('Ctrl Pts',(-0.456881884881852,-0.693497052488918,
-4.01881390474726));
#4962=CARTESIAN_POINT('Ctrl Pts',(0.335002695995898,-0.759902896572641,
-3.96323439895694));
#4963=CARTESIAN_POINT('Ctrl Pts',(0.820148786178966,-0.130518914618467,
-3.90765489316662));
#4964=CARTESIAN_POINT('Ctrl Pts',(0.554342111430562,0.618372090281183,-3.8520753873763));
#4965=CARTESIAN_POINT('Ctrl Pts',(-0.219036784739005,0.801063109545814,
-3.79649588158599));
#4966=CARTESIAN_POINT('Ctrl Pts',(-0.791859047900811,0.250276780388498,
-3.74091637579566));
#4967=CARTESIAN_POINT('Ctrl Pts',(-0.63963147683979,-0.529670456396954,
-3.68533687000535));
#4968=CARTESIAN_POINT('Ctrl Pts',(0.0982618102041557,-0.824635577209357,
-3.62975736421503));
#4969=CARTESIAN_POINT('Ctrl Pts',(0.746183644136813,-0.364539692992017,
-3.57417785842472));
#4970=CARTESIAN_POINT('Ctrl Pts',(0.710877409999276,0.42933964002493,-3.51859835263439));
#4971=CARTESIAN_POINT('Ctrl Pts',(0.0246705520207899,0.830102754125661,
-3.46301884684408));
#4972=CARTESIAN_POINT('Ctrl Pts',(-0.684125401454269,0.470798952451091,
-3.40743934105376));
#4973=CARTESIAN_POINT('Ctrl Pts',(-0.766515670449254,-0.319582454931024,
-3.35185983526344));
#4974=CARTESIAN_POINT('Ctrl Pts',(-0.14706125981125,-0.817344605663204,
-3.29628032947312));
#4975=CARTESIAN_POINT('Ctrl Pts',(0.607046839926362,-0.566721583036528,
-3.2407008236828));
#4976=CARTESIAN_POINT('Ctrl Pts',(0.805324692070173,0.202808675569095,-3.18512131789249));
#4977=CARTESIAN_POINT('Ctrl Pts',(0.266223163339415,0.786641243417587,-3.12954181210216));
#4978=CARTESIAN_POINT('Ctrl Pts',(-0.516640258315622,0.650201554928605,
-3.07396230631185));
#4979=CARTESIAN_POINT('Ctrl Pts',(-0.826452403183959,-0.0815821292653512,
-3.01838280052153));
#4980=CARTESIAN_POINT('Ctrl Pts',(-0.379540002806406,-0.738666775219872,
-2.96280329473121));
#4981=CARTESIAN_POINT('Ctrl Pts',(0.414890578799513,-0.719406023165928,
-2.90722378894089));
#4982=CARTESIAN_POINT('Ctrl Pts',(0.82943493421827,-0.0414355939060304,
-2.85164428315057));
#4983=CARTESIAN_POINT('Ctrl Pts',(0.48452384974805,0.674474504758585,-2.79606477736026));
#4984=CARTESIAN_POINT('Ctrl Pts',(-0.304031767001142,0.772815568682576,
-2.74048527156994));
#4985=CARTESIAN_POINT('Ctrl Pts',(-0.814206802197312,0.163543577677747,
-2.68490576577962));
#4986=CARTESIAN_POINT('Ctrl Pts',(-0.578869730761336,-0.595473805765052,
-2.6293262599893));
#4987=CARTESIAN_POINT('Ctrl Pts',(0.186497784145311,-0.809257557921398,
-2.57374675419899));
#4988=CARTESIAN_POINT('Ctrl Pts',(0.781102348453675,-0.28206087957064,-2.51816724840866));
#4989=CARTESIAN_POINT('Ctrl Pts',(0.660506234360067,0.503399178501014,-2.46258774261835));
#4990=CARTESIAN_POINT('Ctrl Pts',(-0.0648691482099889,0.827931888596229,
-2.40700823682803));
#4991=CARTESIAN_POINT('Ctrl Pts',(-0.730848397995415,0.394385392340473,
-2.35142873103771));
#4992=CARTESIAN_POINT('Ctrl Pts',(-0.727640989860665,-0.400272167929023,
-2.29584922524739));
#4993=CARTESIAN_POINT('Ctrl Pts',(-0.0581837226496272,-0.828428556341844,
-2.24026971945708));
#4994=CARTESIAN_POINT('Ctrl Pts',(0.664548301695815,-0.498050974557069,
-2.18469021366675));
#4995=CARTESIAN_POINT('Ctrl Pts',(0.778800019786049,0.288356979671446,-2.12911070787644));
#4996=CARTESIAN_POINT('Ctrl Pts',(0.179959140480998,0.810736656566913,-2.07353120208612));
#4997=CARTESIAN_POINT('Ctrl Pts',(-0.583657711667502,0.590781595985563,
-2.0179516962958));
#4998=CARTESIAN_POINT('Ctrl Pts',(-0.812860101785861,-0.170110768232057,
-1.96237219050549));
#4999=CARTESIAN_POINT('Ctrl Pts',(-0.297783464458411,-0.77524462386971,
-1.90679268471516));
#5000=CARTESIAN_POINT('Ctrl Pts',(0.489952621685116,-0.670541308980399,
-1.85121317892485));
#5001=CARTESIAN_POINT('Ctrl Pts',(0.829073429550201,0.0481296889279281,
-1.79563367313453));
#5002=CARTESIAN_POINT('Ctrl Pts',(0.409069802019036,0.722731703759338,-1.74005416734421));
#5003=CARTESIAN_POINT('Ctrl Pts',(-0.385490374346236,0.735578948746245,
-1.68447466155389));
#5004=CARTESIAN_POINT('Ctrl Pts',(-0.827084031271885,0.0749081020092005,
-1.62889515576357));
#5005=CARTESIAN_POINT('Ctrl Pts',(-0.511374805402138,-0.654350843920871,
-1.57331564997326));
#5006=CARTESIAN_POINT('Ctrl Pts',(0.272564491086492,-0.784466581057237,
-1.51773614418293));
#5007=CARTESIAN_POINT('Ctrl Pts',(0.80693558516601,-0.196301247684398,-1.46215663839262));
#5008=CARTESIAN_POINT('Ctrl Pts',(0.602452316623947,0.571603380625471,-1.4065771326023));
#5009=CARTESIAN_POINT('Ctrl Pts',(-0.153654316834066,0.816130853351939,
-1.35099762681198));
#5010=CARTESIAN_POINT('Ctrl Pts',(-0.769070460347747,0.31338450004809,-1.29541812102166));
#5011=CARTESIAN_POINT('Ctrl Pts',(-0.680302683285866,-0.47630607585528,
-1.23983861523134));
#5012=CARTESIAN_POINT('Ctrl Pts',(0.0313705852598513,-0.829876561259428,
-1.18425910944103));
#5013=CARTESIAN_POINT('Ctrl Pts',(0.714320003407891,-0.42358723576232,-1.12867960365071));
#5014=CARTESIAN_POINT('Ctrl Pts',(0.743216663823994,0.37055122747841,-1.07310009786039));
#5015=CARTESIAN_POINT('Ctrl Pts',(0.0916018976534301,0.8254019157596,-1.01752059207007));
#5016=CARTESIAN_POINT('Ctrl Pts',(-0.64388627905735,0.524489888716984,-0.961941086279754));
#5017=CARTESIAN_POINT('Ctrl Pts',(-0.789812967510408,-0.256660718869124,
-0.906361580489434));
#5018=CARTESIAN_POINT('Ctrl Pts',(-0.212563175737314,-0.802805193607782,
-0.850782074699117));
#5019=CARTESIAN_POINT('Ctrl Pts',(0.55931563242298,-0.613877026399771,-0.795202568908799));
#5020=CARTESIAN_POINT('Ctrl Pts',(0.819068668134478,0.137134952788218,-0.73962306311848));
#5021=CARTESIAN_POINT('Ctrl Pts',(0.328857257121074,0.762582746409404,-0.684043557328164));
#5022=CARTESIAN_POINT('Ctrl Pts',(-0.462464426619111,0.689785674700111,
-0.628464051537843));
#5023=CARTESIAN_POINT('Ctrl Pts',(-0.830342253549712,-0.0145973545695841,
-0.572884545747526));
#5024=CARTESIAN_POINT('Ctrl Pts',(-0.437929308285442,-0.705619238713063,
-0.517305039957208));
#5025=CARTESIAN_POINT('Ctrl Pts',(0.355456163275084,-0.750546263296886,
-0.461725534166889));
#5026=CARTESIAN_POINT('Ctrl Pts',(0.823391732627704,-0.108267306779824,
-0.406146028376572));
#5027=CARTESIAN_POINT('Ctrl Pts',(0.537374122809124,0.633175958733045,-0.350566522586251));
#5028=CARTESIAN_POINT('Ctrl Pts',(-0.240620408351895,0.794804621209916,
-0.294987016795935));
#5029=CARTESIAN_POINT('Ctrl Pts',(-0.798407350091878,0.228799665956353,
-0.239407511005616));
#5030=CARTESIAN_POINT('Ctrl Pts',(-0.624936907051312,-0.546915938514564,
-0.183828005215297));
#5031=CARTESIAN_POINT('Ctrl Pts',(0.120342336379536,-0.821450631366872,
-0.128248499424979));
#5032=CARTESIAN_POINT('Ctrl Pts',(0.756201563129788,-0.344623908396075,
-0.0726689936346632));
#5033=CARTESIAN_POINT('Ctrl Pts',(0.698145132274164,0.449314011270941,-0.0170894878443421));
#5034=CARTESIAN_POINT('Ctrl Pts',(0.235512882739297,0.701967752191712,0.0199635160158689));
#5035=CARTESIAN_POINT('Ctrl Pts',(0.00184361473959742,0.702580914459302,
0.038490017945975));
#5036=CARTESIAN_POINT('Ctrl Pts',(-0.368068418153175,0.518570772896684,
-10.038490017946));
#5037=CARTESIAN_POINT('Ctrl Pts',(-0.540538307976557,0.396156007460237,
-10.0199635160159));
#5038=CARTESIAN_POINT('Ctrl Pts',(-0.750767916511086,-0.0321385524682105,
-9.98291051215567));
#5039=CARTESIAN_POINT('Ctrl Pts',(-0.379310521413197,-0.649528741561115,
-9.92733100636532));
#5040=CARTESIAN_POINT('Ctrl Pts',(0.339759220350068,-0.670244348526618,
-9.87175150057503));
#5041=CARTESIAN_POINT('Ctrl Pts',(0.747575453765266,-0.078244828624364,
-9.81617199478471));
#5042=CARTESIAN_POINT('Ctrl Pts',(0.470973478882307,0.585909818903708,-9.76059248899437));
#5043=CARTESIAN_POINT('Ctrl Pts',(-0.236910340913544,0.71331853866582,-9.70501298320407));
#5044=CARTESIAN_POINT('Ctrl Pts',(-0.727848521029348,0.187733501591133,
-9.64943347741374));
#5045=CARTESIAN_POINT('Ctrl Pts',(-0.552359189002597,-0.509820874138326,
-9.59385397162343));
#5046=CARTESIAN_POINT('Ctrl Pts',(0.128893266934508,-0.7405284749575,-9.53827446583311));
#5047=CARTESIAN_POINT('Ctrl Pts',(0.692123748742601,-0.293206905470821,
-9.48269496004279));
#5048=CARTESIAN_POINT('Ctrl Pts',(0.621626836416361,0.422594681750979,-9.42711545425247));
#5049=CARTESIAN_POINT('Ctrl Pts',(-0.018051162798406,0.751450130432618,
-9.37153594846216));
#5050=CARTESIAN_POINT('Ctrl Pts',(-0.641200471719373,0.39225842140794,-9.31595644267183));
#5051=CARTESIAN_POINT('Ctrl Pts',(-0.677247712756478,-0.326098449302846,
-9.26037693688152));
#5052=CARTESIAN_POINT('Ctrl Pts',(-0.0931865461093539,-0.74586897144974,
-9.2047974310912));
#5053=CARTESIAN_POINT('Ctrl Pts',(0.576198935757262,-0.482699999038979,
-9.14921792530088));
#5054=CARTESIAN_POINT('Ctrl Pts',(0.71799947313469,0.2224437706806,-9.09363841951057));
#5055=CARTESIAN_POINT('Ctrl Pts',(0.202378191926621,0.723911243938991,-9.03805891372023));
#5056=CARTESIAN_POINT('Ctrl Pts',(-0.498546605432686,0.562543991123138,
-8.98247940792994));
#5057=CARTESIAN_POINT('Ctrl Pts',(-0.742987221643748,-0.113905404384526,
-8.9268999021396));
#5058=CARTESIAN_POINT('Ctrl Pts',(-0.307126506811116,-0.686059585555383,
-8.8713203963493));
#5059=CARTESIAN_POINT('Ctrl Pts',(0.409948424328229,-0.630037095118789,
-8.81574089055898));
#5060=CARTESIAN_POINT('Ctrl Pts',(0.751662314613086,0.00286621348070159,
-8.76016138476865));
#5061=CARTESIAN_POINT('Ctrl Pts',(0.405131701789117,0.633145128568929,-8.70458187897833));
#5062=CARTESIAN_POINT('Ctrl Pts',(-0.312349617240825,0.683697423626991,
-8.64900237318802));
#5063=CARTESIAN_POINT('Ctrl Pts',(-0.743834282318098,0.108235902755822,
-8.5934228673977));
#5064=CARTESIAN_POINT('Ctrl Pts',(-0.494242025226538,-0.566329648364302,
-8.53784336160738));
#5065=CARTESIAN_POINT('Ctrl Pts',(0.207893016315212,-0.72234683082604,-8.48226385581706));
#5066=CARTESIAN_POINT('Ctrl Pts',(0.719674992623208,-0.21696164449801,-8.42668435002674));
#5067=CARTESIAN_POINT('Ctrl Pts',(0.57250101523382,0.487080114293135,-8.37110484423643));
#5068=CARTESIAN_POINT('Ctrl Pts',(-0.098872019151961,0.745136748543049,
-8.3155253384461));
#5069=CARTESIAN_POINT('Ctrl Pts',(-0.67971487486096,0.320923883632068,-8.2599458326558));
#5070=CARTESIAN_POINT('Ctrl Pts',(-0.638190456186577,-0.397136490170361,
-8.20436632686547));
#5071=CARTESIAN_POINT('Ctrl Pts',(-0.0123197631509514,-0.751566812486212,
-8.14878682107516));
#5072=CARTESIAN_POINT('Ctrl Pts',(0.624831273595151,-0.417840076741081,
-8.09320731528483));
#5073=CARTESIAN_POINT('Ctrl Pts',(0.689868103225048,0.298473533745082,-8.03762780949452));
#5074=CARTESIAN_POINT('Ctrl Pts',(0.123241058829847,0.741495847333218,-7.98204830370419));
#5075=CARTESIAN_POINT('Ctrl Pts',(-0.556229186019969,0.505582379848504,
-7.92646879791389));
#5076=CARTESIAN_POINT('Ctrl Pts',(-0.726399347499116,-0.193257440080833,
-7.87088929212355));
#5077=CARTESIAN_POINT('Ctrl Pts',(-0.2314565347943,-0.715144966209505,-7.81530978633325));
#5078=CARTESIAN_POINT('Ctrl Pts',(0.475414805629286,-0.582224366359068,
-7.75973028054292));
#5079=CARTESIAN_POINT('Ctrl Pts',(0.746982127083357,0.0837982816755679,
-7.70415077475261));
#5080=CARTESIAN_POINT('Ctrl Pts',(0.334590265593242,0.673092716023583,-7.64857126896229));
#5081=CARTESIAN_POINT('Ctrl Pts',(-0.384162452976253,0.646083322735562,
-7.59299176317196));
#5082=CARTESIAN_POINT('Ctrl Pts',(-0.751164536652506,0.0275007103432389,
-7.53741225738166));
#5083=CARTESIAN_POINT('Ctrl Pts',(-0.430377898058343,-0.61626237517525,
-7.48183275159133));
#5084=CARTESIAN_POINT('Ctrl Pts',(0.284475619568889,-0.695757193325842,
-7.42625324580102));
#5085=CARTESIAN_POINT('Ctrl Pts',(0.738854749291299,-0.138195910371646,
-7.37067374001069));
#5086=CARTESIAN_POINT('Ctrl Pts',(0.516716366321844,0.545901682511519,-7.31509423422038));
#5087=CARTESIAN_POINT('Ctrl Pts',(-0.178542980201726,0.730155363203232,
-7.25951472843005));
#5088=CARTESIAN_POINT('Ctrl Pts',(-0.71032303260081,0.245856949363943,-7.20393522263975));
#5089=CARTESIAN_POINT('Ctrl Pts',(-0.591710065690245,-0.463555442589775,
-7.14835571684942));
#5090=CARTESIAN_POINT('Ctrl Pts',(0.0686903394948499,-0.748522603168293,
-7.09277621105911));
#5091=CARTESIAN_POINT('Ctrl Pts',(0.666195814836713,-0.348120074812994,
-7.03719670526879));
#5092=CARTESIAN_POINT('Ctrl Pts',(0.653712471603123,0.371031608713186,-6.98161719947846));
#5093=CARTESIAN_POINT('Ctrl Pts',(0.0426704323216306,0.750455651187493,
-6.92603769368816));
#5094=CARTESIAN_POINT('Ctrl Pts',(-0.607441931360435,0.442740048130798,
-6.87045818789782));
#5095=CARTESIAN_POINT('Ctrl Pts',(-0.70136228991175,-0.270361588402462,
-6.81487868210752));
#5096=CARTESIAN_POINT('Ctrl Pts',(-0.15309435323713,-0.735912066214885,
-6.75929917631719));
#5097=CARTESIAN_POINT('Ctrl Pts',(0.535351353369264,-0.527639439996153,
-6.70371967052689));
#5098=CARTESIAN_POINT('Ctrl Pts',(0.733613344779955,0.163755642817347,-6.64814016473656));
#5099=CARTESIAN_POINT('Ctrl Pts',(0.260157010275924,0.705211160006741,-6.59256065894624));
#5100=CARTESIAN_POINT('Ctrl Pts',(-0.451506865926988,0.600954241364971,
-6.53698115315592));
#5101=CARTESIAN_POINT('Ctrl Pts',(-0.749757548003158,-0.0535543593561548,
-6.48140164736561));
#5102=CARTESIAN_POINT('Ctrl Pts',(-0.36150778870899,-0.659026986470579,
-6.42582214157529));
#5103=CARTESIAN_POINT('Ctrl Pts',(0.357749317118074,-0.661074788730676,
-6.37024263578497));
#5104=CARTESIAN_POINT('Ctrl Pts',(0.749440445442691,-0.0578227371232104,
-6.31466312999466));
#5105=CARTESIAN_POINT('Ctrl Pts',(0.454921480988051,0.598373542471086,-6.25908362420433));
#5106=CARTESIAN_POINT('Ctrl Pts',(-0.25613720129792,0.706681105099765,-6.20350411841401));
#5107=CARTESIAN_POINT('Ctrl Pts',(-0.73266899924548,0.167930306193919,-6.1479246126237));
#5108=CARTESIAN_POINT('Ctrl Pts',(-0.538347142301571,-0.524582505016597,
-6.09234510683338));
#5109=CARTESIAN_POINT('Ctrl Pts',(0.148901463809165,-0.736771880753632,
-6.03676560104306));
#5110=CARTESIAN_POINT('Ctrl Pts',(0.699811434986614,-0.274350880544851,
-5.98118609525273));
#5111=CARTESIAN_POINT('Ctrl Pts',(0.609953120104341,0.439273993617581,-5.92560658946243));
#5112=CARTESIAN_POINT('Ctrl Pts',(-0.0383965194495769,0.750686457509335,
-5.8700270836721));
#5113=CARTESIAN_POINT('Ctrl Pts',(-0.651589157090776,0.374747942696805,
-5.81444757788178));
#5114=CARTESIAN_POINT('Ctrl Pts',(-0.668167268974564,-0.344320999744175,
-5.75886807209147));
#5115=CARTESIAN_POINT('Ctrl Pts',(-0.0729514398944951,-0.748119333803822,
-5.70328856630115));
#5116=CARTESIAN_POINT('Ctrl Pts',(0.58906091003362,-0.46691722442433,-5.64770906051084));
#5117=CARTESIAN_POINT('Ctrl Pts',(0.711711467860926,0.241808264352162,-5.59212955472051));
#5118=CARTESIAN_POINT('Ctrl Pts',(0.182697713516741,0.7291268721351,-5.5365500489302));
#5119=CARTESIAN_POINT('Ctrl Pts',(-0.51359953307188,0.548835102578272,-5.48097054313987));
#5120=CARTESIAN_POINT('Ctrl Pts',(-0.739629681876029,-0.133986506341946,
-5.42539103734956));
#5121=CARTESIAN_POINT('Ctrl Pts',(-0.288432766530159,-0.694126061595093,
-5.36981153155924));
#5122=CARTESIAN_POINT('Ctrl Pts',(0.426861818863825,-0.618703028754525,
-5.31423202576892));
#5123=CARTESIAN_POINT('Ctrl Pts',(0.75130895252542,0.0232230068879016,-5.2586525199786));
#5124=CARTESIAN_POINT('Ctrl Pts',(0.387835132422879,0.643885362663484,-5.20307301418829));
#5125=CARTESIAN_POINT('Ctrl Pts',(-0.330752137749402,0.674987017332894,
-5.14749350839796));
#5126=CARTESIAN_POINT('Ctrl Pts',(-0.746492855520996,0.0880503654158569,
-5.09191400260765));
#5127=CARTESIAN_POINT('Ctrl Pts',(-0.478722382028386,-0.579507835269571,
-5.03633449681733));
#5128=CARTESIAN_POINT('Ctrl Pts',(0.227380626337166,-0.716451324906496,
-4.98075499102701));
#5129=CARTESIAN_POINT('Ctrl Pts',(0.725287130705843,-0.197390547459202,
-4.92517548523669));
#5130=CARTESIAN_POINT('Ctrl Pts',(0.559099039860531,0.502406920554237,-4.86959597944638));
#5131=CARTESIAN_POINT('Ctrl Pts',(-0.11901685838896,0.74218558165258,-4.81401647365605));
#5132=CARTESIAN_POINT('Ctrl Pts',(-0.688157360482531,0.302396920300904,
-4.75843696786574));
#5133=CARTESIAN_POINT('Ctrl Pts',(-0.627200395786061,-0.414275408055516,
-4.70285746207542));
#5134=CARTESIAN_POINT('Ctrl Pts',(0.0080400151811866,-0.751624778961979,
-4.64727795628511));
#5135=CARTESIAN_POINT('Ctrl Pts',(0.635918747716239,-0.400764015970452,
-4.59169845049478));
#5136=CARTESIAN_POINT('Ctrl Pts',(0.681531250127218,0.317048269659038,-4.53611894470446));
#5137=CARTESIAN_POINT('Ctrl Pts',(0.103113350622124,0.744561674488581,-4.48053943891415));
#5138=CARTESIAN_POINT('Ctrl Pts',(-0.569718217543978,0.490332135182131,
-4.42495993312382));
#5139=CARTESIAN_POINT('Ctrl Pts',(-0.720898741526105,-0.212860176312605,
-4.36938042733352));
#5140=CARTESIAN_POINT('Ctrl Pts',(-0.2120028107142,-0.721151342259748,-4.31380092154319));
#5141=CARTESIAN_POINT('Ctrl Pts',(0.491009236053684,-0.569134764624104,
-4.25822141575288));
#5142=CARTESIAN_POINT('Ctrl Pts',(0.744438536818527,0.103998630246978,-4.20264190996255));
#5143=CARTESIAN_POINT('Ctrl Pts',(0.316237641981981,0.681907767947716,-4.14706240417224));
#5144=CARTESIAN_POINT('Ctrl Pts',(-0.40151989870194,0.63544175275169,-4.09148289838191));
#5145=CARTESIAN_POINT('Ctrl Pts',(-0.751633807905279,0.00714625829133879,
-4.0359033925916));
#5146=CARTESIAN_POINT('Ctrl Pts',(-0.413529316040027,-0.627692564054429,
-3.98032388680128));
#5147=CARTESIAN_POINT('Ctrl Pts',(0.303214989105045,-0.687797296138756,
-3.92474438101096));
#5148=CARTESIAN_POINT('Ctrl Pts',(0.742326578974223,-0.118134247118205,
-3.86916487522065));
#5149=CARTESIAN_POINT('Ctrl Pts',(0.501741745027478,0.559696052773771,-3.81358536943033));
#5150=CARTESIAN_POINT('Ctrl Pts',(-0.198252841222072,0.725051902377431,
-3.75800586364001));
#5151=CARTESIAN_POINT('Ctrl Pts',(-0.716721194939042,0.226528538861902,
-3.70242635784969));
#5152=CARTESIAN_POINT('Ctrl Pts',(-0.578938180496322,-0.47941113186634,
-3.64684685205937));
#5153=CARTESIAN_POINT('Ctrl Pts',(0.0889379520422073,-0.746387627764751,
-3.59126734626906));
#5154=CARTESIAN_POINT('Ctrl Pts',(0.675379834943421,-0.329949282080672,
-3.53568784047874));
#5155=CARTESIAN_POINT('Ctrl Pts',(0.643423735702113,0.388600497334857,-3.48010833468842));
#5156=CARTESIAN_POINT('Ctrl Pts',(0.0223296148109018,0.751336035669899,
-3.4245288288981));
#5157=CARTESIAN_POINT('Ctrl Pts',(-0.619210169433933,0.426125822103467,
-3.36894932310778));
#5158=CARTESIAN_POINT('Ctrl Pts',(-0.693782597698764,-0.289257942542828,
-3.31336981731746));
#5159=CARTESIAN_POINT('Ctrl Pts',(-0.133106923688734,-0.739788481297106,
-3.25779031152714));
#5160=CARTESIAN_POINT('Ctrl Pts',(0.549445431796705,-0.51294655440064,-3.20221080573683));
#5161=CARTESIAN_POINT('Ctrl Pts',(0.728909112227198,0.183564583473812,-3.14663129994651));
#5162=CARTESIAN_POINT('Ctrl Pts',(0.240961802804311,0.711998497037075,-3.09105179415619));
#5163=CARTESIAN_POINT('Ctrl Pts',(-0.467617342095417,0.58850528592815,-3.03547228836587));
#5164=CARTESIAN_POINT('Ctrl Pts',(-0.748032058913153,-0.0738409712280669,
-2.97989278257556));
#5165=CARTESIAN_POINT('Ctrl Pts',(-0.34352624379264,-0.668576226035204,
-2.92431327678524));
#5166=CARTESIAN_POINT('Ctrl Pts',(0.37552247738335,-0.651143086559036,-2.86873377099492));
#5167=CARTESIAN_POINT('Ctrl Pts',(0.750731583800215,-0.0375038568493639,
-2.8131542652046));
#5168=CARTESIAN_POINT('Ctrl Pts',(0.43854839253083,0.610475026190573,-2.75757475941428));
#5169=CARTESIAN_POINT('Ctrl Pts',(-0.275182826946466,0.699484711732506,
-2.70199525362396));
#5170=CARTESIAN_POINT('Ctrl Pts',(-0.736948417455542,0.14802526880073,-2.64641574783365));
#5171=CARTESIAN_POINT('Ctrl Pts',(-0.523941989733104,-0.538970538701586,
-2.59083624204332));
#5172=CARTESIAN_POINT('Ctrl Pts',(0.168801398507033,-0.732468796643127,
-2.53525673625301));
#5173=CARTESIAN_POINT('Ctrl Pts',(0.706985176260228,-0.255296711185342,
-2.47967723046269));
#5174=CARTESIAN_POINT('Ctrl Pts',(0.597832175827507,0.455632680718916,-2.42409772467237));
#5175=CARTESIAN_POINT('Ctrl Pts',(-0.0587138500759526,0.749371159041374,
-2.36851821888205));
#5176=CARTESIAN_POINT('Ctrl Pts',(-0.661499718313721,0.356962985286468,
-2.31293871309174));
#5177=CARTESIAN_POINT('Ctrl Pts',(-0.658596654445115,-0.362291177021269,
-2.25735920730142));
#5178=CARTESIAN_POINT('Ctrl Pts',(-0.0526627905989053,-0.749820699020829,
-2.2017797015111));
#5179=CARTESIAN_POINT('Ctrl Pts',(0.601490699826915,-0.45079195668901,-2.14620019572078));
#5180=CARTESIAN_POINT('Ctrl Pts',(0.704901310756418,0.260995387483423,-2.09062068993046));
#5181=CARTESIAN_POINT('Ctrl Pts',(0.162883193098158,0.73380754670408,-2.03504118414014));
#5182=CARTESIAN_POINT('Ctrl Pts',(-0.528275649120469,0.534723562918501,
-1.97946167834983));
#5183=CARTESIAN_POINT('Ctrl Pts',(-0.73572950263645,-0.153969312344771,
-1.92388217255951));
#5184=CARTESIAN_POINT('Ctrl Pts',(-0.269527412795896,-0.701683278940782,
-1.86830266676919));
#5185=CARTESIAN_POINT('Ctrl Pts',(0.443462039625082,-0.606915043153773,
-1.81272316097887));
#5186=CARTESIAN_POINT('Ctrl Pts',(0.750404381555876,0.0435627631608292,
-1.75714365518855));
#5187=CARTESIAN_POINT('Ctrl Pts',(0.370254021967421,0.654153200259456,-1.70156414939824));
#5188=CARTESIAN_POINT('Ctrl Pts',(-0.348911996991587,0.665781396973387,
-1.64598464360791));
#5189=CARTESIAN_POINT('Ctrl Pts',(-0.748603753129611,0.0678002284939243,
-1.5904051378176));
#5190=CARTESIAN_POINT('Ctrl Pts',(-0.462851517023339,-0.59226085754479,
-1.53482563202728));
#5191=CARTESIAN_POINT('Ctrl Pts',(0.246701415191669,-0.710030183851002,
-1.47924612623696));
#5192=CARTESIAN_POINT('Ctrl Pts',(0.730367151038051,-0.177674631844348,
-1.42366662044664));
#5193=CARTESIAN_POINT('Ctrl Pts',(0.545286873224693,0.517365128401484,-1.36808711465632));
#5194=CARTESIAN_POINT('Ctrl Pts',(-0.13907437928605,0.73868989941035,-1.31250760886601));
#5195=CARTESIAN_POINT('Ctrl Pts',(-0.696094968913964,0.28364809866766,-1.25692810307569));
#5196=CARTESIAN_POINT('Ctrl Pts',(-0.615750181017018,-0.431110386057595,
-1.20134859728537));
#5197=CARTESIAN_POINT('Ctrl Pts',(0.028393895874494,-0.751131305772826,
-1.14576909149505));
#5198=CARTESIAN_POINT('Ctrl Pts',(0.646539668604623,-0.383393926711223,
-1.09018958570473));
#5199=CARTESIAN_POINT('Ctrl Pts',(0.67269438520234,0.335390394601789,-1.03461007991441));
#5200=CARTESIAN_POINT('Ctrl Pts',(0.0829099846985396,0.747081250048809,
-0.979030574124096));
#5201=CARTESIAN_POINT('Ctrl Pts',(-0.582789253408443,0.474722137445066,
-0.923451068333779));
#5202=CARTESIAN_POINT('Ctrl Pts',(-0.714869262848055,-0.232306718739202,
-0.86787156254346));
#5203=CARTESIAN_POINT('Ctrl Pts',(-0.192393499472365,-0.726628683717349,
-0.812292056753142));
#5204=CARTESIAN_POINT('Ctrl Pts',(0.506243338989408,-0.55562751612581,-0.756712550962821));
#5205=CARTESIAN_POINT('Ctrl Pts',(0.741348951077478,0.12412250322937,-0.701133045172506));
#5206=CARTESIAN_POINT('Ctrl Pts',(0.297652678103543,0.690222860615601,-0.645553539382188));
#5207=CARTESIAN_POINT('Ctrl Pts',(-0.418582142038949,0.624333351160786,
-0.589974033591869));
#5208=CARTESIAN_POINT('Ctrl Pts',(-0.751552809493282,-0.01321224204963,
-0.534394527801551));
#5209=CARTESIAN_POINT('Ctrl Pts',(-0.39637510989518,-0.638664501318864,
-0.478815022011232));
#5210=CARTESIAN_POINT('Ctrl Pts',(0.321727669547159,-0.679328494273345,
-0.423235516220915));
#5211=CARTESIAN_POINT('Ctrl Pts',(0.745261809000356,-0.0979940479227732,
-0.367656010430596));
#5212=CARTESIAN_POINT('Ctrl Pts',(0.4863838134452,0.573095213034257,-0.312076504640276));
#5213=CARTESIAN_POINT('Ctrl Pts',(-0.217788439821284,0.719387268942342,
-0.256496998849959));
#5214=CARTESIAN_POINT('Ctrl Pts',(-0.722648142397236,0.207089343009488,
-0.200917493059642));
#5215=CARTESIAN_POINT('Ctrl Pts',(-0.565637947777086,-0.495020226165886,
-0.145337987269321));
#5216=CARTESIAN_POINT('Ctrl Pts',(0.108923303156467,-0.743504894788353,
-0.0897584814790045));
#5217=CARTESIAN_POINT('Ctrl Pts',(0.684447174504019,-0.311923264733782,
-0.0341789756886881));
#5218=CARTESIAN_POINT('Ctrl Pts',(0.631899597246375,0.406679542166825,0.0214005301016328));
#5219=CARTESIAN_POINT('Ctrl Pts',(0.213165556658004,0.635359496735255,0.058453533961844));
#5220=CARTESIAN_POINT('Ctrl Pts',(0.0016686779833858,0.635914477314546,
0.07698003589195));
#5221=CARTESIAN_POINT('Ctrl Pts',(-0.329481767055994,0.464206126281913,
-10.));
#5222=CARTESIAN_POINT('Ctrl Pts',(-0.483870682975733,0.354624778791892,
-9.98147349806989));
#5223=CARTESIAN_POINT('Ctrl Pts',(-0.672060757133696,-0.0287692899895532,
-9.94442049420969));
#5224=CARTESIAN_POINT('Ctrl Pts',(-0.339545298358487,-0.581435045682602,
-9.88884098841936));
#5225=CARTESIAN_POINT('Ctrl Pts',(0.304140379270247,-0.599978920821041,
-9.83326148262905));
#5226=CARTESIAN_POINT('Ctrl Pts',(0.66920297794136,-0.0700419898221857,
-9.77768197683872));
#5227=CARTESIAN_POINT('Ctrl Pts',(0.421598720252273,0.524485647088349,-9.72210247104841));
#5228=CARTESIAN_POINT('Ctrl Pts',(-0.212073717570483,0.638537405009334,
-9.66652296525809));
#5229=CARTESIAN_POINT('Ctrl Pts',(-0.651544128836516,0.168052358716957,
-9.61094345946777));
#5230=CARTESIAN_POINT('Ctrl Pts',(-0.494452315565036,-0.456373527878241,
-9.55536395367745));
#5231=CARTESIAN_POINT('Ctrl Pts',(0.115380671790009,-0.662894772956977,
-9.49978444788714));
#5232=CARTESIAN_POINT('Ctrl Pts',(0.619564582316954,-0.262468401424616,
-9.4442049420968));
#5233=CARTESIAN_POINT('Ctrl Pts',(0.55645825180975,0.378291740406354,-9.38862543630651));
#5234=CARTESIAN_POINT('Ctrl Pts',(-0.0161587594123759,0.672671450790881,
-9.33304593051617));
#5235=CARTESIAN_POINT('Ctrl Pts',(-0.573979874500721,0.351135798275154,
-9.27746642472587));
#5236=CARTESIAN_POINT('Ctrl Pts',(-0.606248083585314,-0.291911742522301,
-9.22188691893554));
#5237=CARTESIAN_POINT('Ctrl Pts',(-0.0834172842973483,-0.6676753956196,
-9.16630741314523));
#5238=CARTESIAN_POINT('Ctrl Pts',(0.515792809613132,-0.432095884344819,
-9.1107279073549));
#5239=CARTESIAN_POINT('Ctrl Pts',(0.642727611188978,0.199123758028975,-9.0551484015646));
#5240=CARTESIAN_POINT('Ctrl Pts',(0.181161765044006,0.648019618313095,-8.99956889577427));
#5241=CARTESIAN_POINT('Ctrl Pts',(-0.446281203211981,0.503569388463137,
-8.94398938998394));
#5242=CARTESIAN_POINT('Ctrl Pts',(-0.665095755608499,-0.101964069892626,
-8.88840988419364));
#5243=CARTESIAN_POINT('Ctrl Pts',(-0.274928733852286,-0.614136158947556,
-8.83283037840332));
#5244=CARTESIAN_POINT('Ctrl Pts',(0.366971260199983,-0.563986816505895,
-8.777250872613));
#5245=CARTESIAN_POINT('Ctrl Pts',(0.672861390528371,0.00256573244484385,
-8.72167136682268));
#5246=CARTESIAN_POINT('Ctrl Pts',(0.362659501365681,0.56676901759328,-8.66609186103236));
#5247=CARTESIAN_POINT('Ctrl Pts',(-0.279604276683529,0.612021635538724,
-8.61051235524204));
#5248=CARTESIAN_POINT('Ctrl Pts',(-0.665854014220275,0.0968889335244515,
-8.55493284945174));
#5249=CARTESIAN_POINT('Ctrl Pts',(-0.442427895992993,-0.506958174286005,
-8.49935334366139));
#5250=CARTESIAN_POINT('Ctrl Pts',(0.186098439843945,-0.646619211292452,
-8.4437738378711));
#5251=CARTESIAN_POINT('Ctrl Pts',(0.644227476688393,-0.194216353500979,
-8.38819433208076));
#5252=CARTESIAN_POINT('Ctrl Pts',(0.512482562581871,0.436016807854325,-8.33261482629047));
#5253=CARTESIAN_POINT('Ctrl Pts',(-0.0885067177076363,0.667019935696184,
-8.27703532050013));
#5254=CARTESIAN_POINT('Ctrl Pts',(-0.608456599420154,0.287279655234008,
-8.22145581470982));
#5255=CARTESIAN_POINT('Ctrl Pts',(-0.571285415569459,-0.355502472068363,
-8.1658763089195));
#5256=CARTESIAN_POINT('Ctrl Pts',(-0.0110282141376255,-0.672775900418466,
-8.11029680312917));
#5257=CARTESIAN_POINT('Ctrl Pts',(0.559326750088907,-0.374035586976592,
-8.05471729733886));
#5258=CARTESIAN_POINT('Ctrl Pts',(0.617545408613593,0.267182899883709,-7.99913779154854));
#5259=CARTESIAN_POINT('Ctrl Pts',(0.110321015969958,0.663760730328031,-7.94355828575821));
#5260=CARTESIAN_POINT('Ctrl Pts',(-0.497916599358192,0.452579378422903,
-7.88797877996792));
#5261=CARTESIAN_POINT('Ctrl Pts',(-0.650246880194795,-0.172997192136299,
-7.83239927417758));
#5262=CARTESIAN_POINT('Ctrl Pts',(-0.207191664156719,-0.640172358036576,
-7.77681976838727));
#5263=CARTESIAN_POINT('Ctrl Pts',(0.425574438114742,-0.521186560948609,
-7.72124026259695));
#5264=CARTESIAN_POINT('Ctrl Pts',(0.668671852982102,0.0750132436280608,
-7.66566075680664));
#5265=CARTESIAN_POINT('Ctrl Pts',(0.299513314672716,0.602528678175478,-7.61008125101631));
#5266=CARTESIAN_POINT('Ctrl Pts',(-0.34388857505972,0.57835082919757,-7.55450174522599));
#5267=CARTESIAN_POINT('Ctrl Pts',(-0.672415797388712,0.0246176585447165,
-7.49892223943568));
#5268=CARTESIAN_POINT('Ctrl Pts',(-0.385258999035068,-0.551656176755613,
-7.44334273364536));
#5269=CARTESIAN_POINT('Ctrl Pts',(0.254652464588523,-0.622817112777992,
-7.38776322785504));
#5270=CARTESIAN_POINT('Ctrl Pts',(0.661396513223542,-0.123708067586002,
-7.33218372206473));
#5271=CARTESIAN_POINT('Ctrl Pts',(0.462546127420334,0.488671785249134,-7.2766042162744));
#5272=CARTESIAN_POINT('Ctrl Pts',(-0.159825330593359,0.653609131967146,
-7.22102471048408));
#5273=CARTESIAN_POINT('Ctrl Pts',(-0.635855934437965,0.220082403499562,
-7.16544520469377));
#5274=CARTESIAN_POINT('Ctrl Pts',(-0.52967782187526,-0.414958357794614,
-7.10986569890344));
#5275=CARTESIAN_POINT('Ctrl Pts',(0.061489150712784,-0.670050832425975,
-7.05428619311314));
#5276=CARTESIAN_POINT('Ctrl Pts',(0.596354817343671,-0.311624719046996,
-6.99870668732281));
#5277=CARTESIAN_POINT('Ctrl Pts',(0.585180172129598,0.332134309935751,-6.9431271815325));
#5278=CARTESIAN_POINT('Ctrl Pts',(0.0381970545392644,0.671781228313689,
-6.88754767574217));
#5279=CARTESIAN_POINT('Ctrl Pts',(-0.54376042892453,0.396325156438414,-6.83196816995186));
#5280=CARTESIAN_POINT('Ctrl Pts',(-0.627834596040779,-0.242018085490388,
-6.77638866416153));
#5281=CARTESIAN_POINT('Ctrl Pts',(-0.13704462415973,-0.658762327914279,
-6.72080915837123));
#5282=CARTESIAN_POINT('Ctrl Pts',(0.479227505551748,-0.472324074775754,
-6.66522965258089));
#5283=CARTESIAN_POINT('Ctrl Pts',(0.656704594180564,0.146588231697711,-6.6096501467906));
#5284=CARTESIAN_POINT('Ctrl Pts',(0.232883309814559,0.63127996776386,-6.55407064100025));
#5285=CARTESIAN_POINT('Ctrl Pts',(-0.40417290016344,0.537952879408224,-6.49849113520996));
#5286=CARTESIAN_POINT('Ctrl Pts',(-0.671156311153135,-0.047939959213973,
-6.44291162941963));
#5287=CARTESIAN_POINT('Ctrl Pts',(-0.32360892473741,-0.589937536965076,
-6.38733212362931));
#5288=CARTESIAN_POINT('Ctrl Pts',(0.32024447454246,-0.59177065677097,-6.331752617839));
#5289=CARTESIAN_POINT('Ctrl Pts',(0.67087245221059,-0.0517608592961241,
-6.27617311204867));
#5290=CARTESIAN_POINT('Ctrl Pts',(0.407229542213266,0.535642729474506,-6.22059360625837));
#5291=CARTESIAN_POINT('Ctrl Pts',(-0.22928491967842,0.632595810370399,-6.16501410046803));
#5292=CARTESIAN_POINT('Ctrl Pts',(-0.655859249619428,0.15032524198804,-6.10943459467772));
#5293=CARTESIAN_POINT('Ctrl Pts',(-0.481909229335877,-0.469587615223212,
-6.0538550888874));
#5294=CARTESIAN_POINT('Ctrl Pts',(0.133291298555935,-0.659532003332207,
-5.99827558309709));
#5295=CARTESIAN_POINT('Ctrl Pts',(0.626446325828009,-0.24558915803983,-5.94269607730676));
#5296=CARTESIAN_POINT('Ctrl Pts',(0.546008355842326,0.393222467619138,-5.88711657151646));
#5297=CARTESIAN_POINT('Ctrl Pts',(-0.0343711996278324,0.67198783793032,
-5.83153706572612));
#5298=CARTESIAN_POINT('Ctrl Pts',(-0.583279456439138,0.335461040042188,
-5.77595755993581));
#5299=CARTESIAN_POINT('Ctrl Pts',(-0.598119593023887,-0.308223922061643,
-5.72037805414549));
#5300=CARTESIAN_POINT('Ctrl Pts',(-0.0653035363542608,-0.66968984002279,
-5.66479854835517));
#5301=CARTESIAN_POINT('Ctrl Pts',(0.527306391880437,-0.417967705417723,
-5.60921904256486));
#5302=CARTESIAN_POINT('Ctrl Pts',(0.637098812338881,0.216458164564219,-5.55363953677453));
#5303=CARTESIAN_POINT('Ctrl Pts',(0.163544500200881,0.65268846331475,-5.49806003098422));
#5304=CARTESIAN_POINT('Ctrl Pts',(-0.459756049064862,0.491297678641361,
-5.4424805251939));
#5305=CARTESIAN_POINT('Ctrl Pts',(-0.662090205332875,-0.11993995869765,
-5.38690101940358));
#5306=CARTESIAN_POINT('Ctrl Pts',(-0.258194761914242,-0.621356981621813,
-5.33132151361326));
#5307=CARTESIAN_POINT('Ctrl Pts',(0.38211152989893,-0.5538409631008,-5.27574200782294));
#5308=CARTESIAN_POINT('Ctrl Pts',(0.672545073345714,0.0207884104378439,
-5.22016250203263));
#5309=CARTESIAN_POINT('Ctrl Pts',(0.347176227176091,0.576383293454885,-5.16458299624231));
#5310=CARTESIAN_POINT('Ctrl Pts',(-0.296077559031071,0.604224389385536,
-5.10900349045199));
#5311=CARTESIAN_POINT('Ctrl Pts',(-0.668233874467817,0.0788195578765281,
-5.05342398466168));
#5312=CARTESIAN_POINT('Ctrl Pts',(-0.428535262958454,-0.518754818860752,
-4.99784447887136));
#5313=CARTESIAN_POINT('Ctrl Pts',(0.203543055760597,-0.641341763915122,
-4.94226497308104));
#5314=CARTESIAN_POINT('Ctrl Pts',(0.649251263248801,-0.176697002973906,
-4.88668546729072));
#5315=CARTESIAN_POINT('Ctrl Pts',(0.500485590523828,0.449736820116099,-4.8311059615004));
#5316=CARTESIAN_POINT('Ctrl Pts',(-0.106539661860165,0.664378155978087,
-4.77552645571008));
#5317=CARTESIAN_POINT('Ctrl Pts',(-0.616014012508995,0.270694976094292,
-4.71994694991976));
#5318=CARTESIAN_POINT('Ctrl Pts',(-0.561447504077398,-0.370844622254905,
-4.66436744412945));
#5319=CARTESIAN_POINT('Ctrl Pts',(0.0071971358540972,-0.672827789947487,
-4.60878793833913));
#5320=CARTESIAN_POINT('Ctrl Pts',(0.569251862881614,-0.358749704245082,
-4.55320843254881));
#5321=CARTESIAN_POINT('Ctrl Pts',(0.610082554005904,0.283810343341742,-4.49762892675849));
#5322=CARTESIAN_POINT('Ctrl Pts',(0.0923034069060157,0.66650514984032,-4.44204942096817));
#5323=CARTESIAN_POINT('Ctrl Pts',(-0.509991500988452,0.438927901379791,
-4.38646991517786));
#5324=CARTESIAN_POINT('Ctrl Pts',(-0.645322933215154,-0.190544864944482,
-4.33089040938753));
#5325=CARTESIAN_POINT('Ctrl Pts',(-0.189777381730935,-0.645549052414666,
-4.27531090359722));
#5326=CARTESIAN_POINT('Ctrl Pts',(0.439534018016336,-0.509469214670069,
-4.2197313978069));
#5327=CARTESIAN_POINT('Ctrl Pts',(0.666394921374312,0.0930958777639938,
-4.16415189201658));
#5328=CARTESIAN_POINT('Ctrl Pts',(0.283084698254353,0.610419599377647,-4.10857238622627));
#5329=CARTESIAN_POINT('Ctrl Pts',(-0.35942634360279,0.568824873941401,-4.05299288043594));
#5330=CARTESIAN_POINT('Ctrl Pts',(-0.672835872336648,0.00639707644977154,
-3.99741337464563));
#5331=CARTESIAN_POINT('Ctrl Pts',(-0.370176747198202,-0.561888075619941,
-3.9418338688553));
#5332=CARTESIAN_POINT('Ctrl Pts',(0.271427282214192,-0.61569169570487,-3.88625436306499));
#5333=CARTESIAN_POINT('Ctrl Pts',(0.664504371769481,-0.105749579617944,
-3.83067485727467));
#5334=CARTESIAN_POINT('Ctrl Pts',(0.449141378624395,0.501020015266359,-3.77509535148436));
#5335=CARTESIAN_POINT('Ctrl Pts',(-0.177468897705137,0.649040695209049,
-3.71951584569403));
#5336=CARTESIAN_POINT('Ctrl Pts',(-0.641583341977274,0.202780297335306,
-3.66393633990372));
#5337=CARTESIAN_POINT('Ctrl Pts',(-0.518244884152852,-0.429151807335724,
-3.60835683411339));
#5338=CARTESIAN_POINT('Ctrl Pts',(0.0796140938802575,-0.668139678320144,
-3.55277732832308));
#5339=CARTESIAN_POINT('Ctrl Pts',(0.60457602575003,-0.295358871169327,-3.49719782253277));
#5340=CARTESIAN_POINT('Ctrl Pts',(0.575970061404949,0.347861354644785,-3.44161831674244));
#5341=CARTESIAN_POINT('Ctrl Pts',(0.0199886776010145,0.672569317214136,
-3.38603881095213));
#5342=CARTESIAN_POINT('Ctrl Pts',(-0.554294937413597,0.381452691755844,
-3.33045930516181));
#5343=CARTESIAN_POINT('Ctrl Pts',(-0.621049524948275,-0.258933430154632,
-3.27487979937149));
#5344=CARTESIAN_POINT('Ctrl Pts',(-0.119152587566218,-0.662232356931007,
-3.21930029358117));
#5345=CARTESIAN_POINT('Ctrl Pts',(0.491844023667048,-0.459171525764752,
-3.16372078779086));
#5346=CARTESIAN_POINT('Ctrl Pts',(0.652493532384223,0.164320491378527,-3.10814128200053));
#5347=CARTESIAN_POINT('Ctrl Pts',(0.215700442269205,0.637355750656563,-3.05256177621022));
#5348=CARTESIAN_POINT('Ctrl Pts',(-0.418594425875211,0.526809016927694,
-2.9969822704199));
#5349=CARTESIAN_POINT('Ctrl Pts',(-0.669611714642348,-0.0660998131907818,
-2.94140276462958));
#5350=CARTESIAN_POINT('Ctrl Pts',(-0.307512484778873,-0.598485676850537,
-2.88582325883926));
#5351=CARTESIAN_POINT('Ctrl Pts',(0.336154375967186,-0.582880149952143,
-2.83024375304895));
#5352=CARTESIAN_POINT('Ctrl Pts',(0.672028233382161,-0.0335721197926972,
-2.77466424725862));
#5353=CARTESIAN_POINT('Ctrl Pts',(0.392572935313609,0.546475547622561,-2.71908474146831));
#5354=CARTESIAN_POINT('Ctrl Pts',(-0.246333886891789,0.626153854782437,
-2.66350523567799));
#5355=CARTESIAN_POINT('Ctrl Pts',(-0.659690032713772,0.132506959923713,
-2.60792572988767));
#5356=CARTESIAN_POINT('Ctrl Pts',(-0.469014248704872,-0.482467271638119,
-2.55234622409735));
#5357=CARTESIAN_POINT('Ctrl Pts',(0.151105012868755,-0.655680035364856,
-2.49676671830703));
#5358=CARTESIAN_POINT('Ctrl Pts',(0.632868004066779,-0.228532542800044,
-2.44118721251671));
#5359=CARTESIAN_POINT('Ctrl Pts',(0.535158117294947,0.407866182936818,-2.3856077067264));
#5360=CARTESIAN_POINT('Ctrl Pts',(-0.0525585519419161,0.67081042948652,
-2.33002820093607));
#5361=CARTESIAN_POINT('Ctrl Pts',(-0.592151038632027,0.319540578232463,
-2.27444869514576));
#5362=CARTESIAN_POINT('Ctrl Pts',(-0.589552319029565,-0.324310186113515,
-2.21886918935544));
#5363=CARTESIAN_POINT('Ctrl Pts',(-0.0471418585481841,-0.671212841699813,
-2.16328968356513));
#5364=CARTESIAN_POINT('Ctrl Pts',(0.538433097958016,-0.403532938820952,
-2.10771017777481));
#5365=CARTESIAN_POINT('Ctrl Pts',(0.631002601726787,0.233633795295401,-2.05213067198449));
#5366=CARTESIAN_POINT('Ctrl Pts',(0.145807245715317,0.656878436841247,-1.99655116619417));
#5367=CARTESIAN_POINT('Ctrl Pts',(-0.472893586573433,0.478665529851439,
-1.94097166040385));
#5368=CARTESIAN_POINT('Ctrl Pts',(-0.658598903487041,-0.137827856457485,
-1.88539215461353));
#5369=CARTESIAN_POINT('Ctrl Pts',(-0.241271361133381,-0.628121934011853,
-1.82981264882322));
#5370=CARTESIAN_POINT('Ctrl Pts',(0.396971457565048,-0.543288777327149,
-1.77423314303289));
#5371=CARTESIAN_POINT('Ctrl Pts',(0.671735333561551,0.0389958373937307,
-1.71865363724258));
#5372=CARTESIAN_POINT('Ctrl Pts',(0.331438241915805,0.585574696759574,-1.66307413145226));
#5373=CARTESIAN_POINT('Ctrl Pts',(-0.312333619636937,0.595983845200529,
-1.60749462566194));
#5374=CARTESIAN_POINT('Ctrl Pts',(-0.670123474987337,0.0606923549786484,
-1.55191511987162));
#5375=CARTESIAN_POINT('Ctrl Pts',(-0.414328228644539,-0.530170871168709,
-1.49633561408131));
#5376=CARTESIAN_POINT('Ctrl Pts',(0.220838339296845,-0.635593786644767,
-1.44075610829098));
#5377=CARTESIAN_POINT('Ctrl Pts',(0.653798716910091,-0.159048016004299,
-1.38517660250067));
#5378=CARTESIAN_POINT('Ctrl Pts',(0.488121429825439,0.463126876177498,-1.32959709671035));
#5379=CARTESIAN_POINT('Ctrl Pts',(-0.124494441738034,0.661248945468761,
-1.27401759092003));
#5380=CARTESIAN_POINT('Ctrl Pts',(-0.623119477480181,0.253911697287229,
-1.21843808512972));
#5381=CARTESIAN_POINT('Ctrl Pts',(-0.55119767874817,-0.38591469625991,-1.1628585793394));
#5382=CARTESIAN_POINT('Ctrl Pts',(0.0254172064891363,-0.672386050286224,
-1.10727907354908));
#5383=CARTESIAN_POINT('Ctrl Pts',(0.578759333801356,-0.343200617660126,
-1.05169956775876));
#5384=CARTESIAN_POINT('Ctrl Pts',(0.602172106580686,0.300229561725169,-0.996120061968438));
#5385=CARTESIAN_POINT('Ctrl Pts',(0.0742180717436499,0.668760584338016,
-0.940540556178122));
#5386=CARTESIAN_POINT('Ctrl Pts',(-0.521692227759538,0.424954386173149,
-0.884961050387802));
#5387=CARTESIAN_POINT('Ctrl Pts',(-0.639925558185701,-0.207952718609281,
-0.829381544597486));
#5388=CARTESIAN_POINT('Ctrl Pts',(-0.172223823207416,-0.650452173826916,
-0.773802038807166));
#5389=CARTESIAN_POINT('Ctrl Pts',(0.453171045555837,-0.497378005851847,
-0.718222533016848));
#5390=CARTESIAN_POINT('Ctrl Pts',(0.663629234020478,0.111110053670523,-0.66264302722653));
#5391=CARTESIAN_POINT('Ctrl Pts',(0.266448099086013,0.617862974821799,-0.607063521436214));
#5392=CARTESIAN_POINT('Ctrl Pts',(-0.374699857458787,0.55888102762146,-0.551484015645893));
#5393=CARTESIAN_POINT('Ctrl Pts',(-0.672763365436851,-0.0118271295296752,
-0.495904509855576));
#5394=CARTESIAN_POINT('Ctrl Pts',(-0.354820911504918,-0.571709763924666,
-0.440325004065257));
#5395=CARTESIAN_POINT('Ctrl Pts',(0.287999175819235,-0.608110725249803,
-0.38474549827494));
#5396=CARTESIAN_POINT('Ctrl Pts',(0.667131885373008,-0.0877207890657228,
-0.329165992484621));
#5397=CARTESIAN_POINT('Ctrl Pts',(0.435393504081275,0.513014467335469,-0.273586486694301));
#5398=CARTESIAN_POINT('Ctrl Pts',(-0.194956471290673,0.643969916674769,
-0.218006980903985));
#5399=CARTESIAN_POINT('Ctrl Pts',(-0.646888934702595,0.185379020062623,
-0.162427475113666));
#5400=CARTESIAN_POINT('Ctrl Pts',(-0.506338988502859,-0.443124513817208,
-0.106847969323346));
#5401=CARTESIAN_POINT('Ctrl Pts',(0.0975042699333977,-0.665559158209835,
-0.0512684635330295));
#5402=CARTESIAN_POINT('Ctrl Pts',(0.61269278587825,-0.279222621071488,0.00431104225728688));
#5403=CARTESIAN_POINT('Ctrl Pts',(0.565654062218585,0.364045073062708,0.0598905480476078));
#5404=CARTESIAN_POINT('Ctrl Pts',(0.190818230576711,0.568751241278799,0.0969435519078189));
#5405=CARTESIAN_POINT('Ctrl Pts',(0.00149374122717418,0.569248040169789,
0.115470053837925));
#5406=CARTESIAN_POINT('Ctrl Pts',(0.499177698232464,-0.275531290669253,
-1.63757896132211E-15));
#5407=CARTESIAN_POINT('Ctrl Pts',(0.508571641057313,-0.263883298625092,
-1.78332447758638E-15));
#5408=CARTESIAN_POINT('Ctrl Pts',(0.517454423672721,-0.251865204695673,
-4.29676927160245E-15));
#5409=CARTESIAN_POINT('Ctrl Pts',(0.525795898618683,-0.239501668556764,
-3.85802501057242E-15));
#5410=CARTESIAN_POINT('Ctrl Pts',(0.540425411852927,-0.217818151344523,
-3.08854299273155E-15));
#5411=CARTESIAN_POINT('Ctrl Pts',(0.553391700973142,-0.195074040206381,
-1.21000995219404E-15));
#5412=CARTESIAN_POINT('Ctrl Pts',(0.564734801307193,-0.171475206097777,
-2.09554595897998E-15));
#5413=CARTESIAN_POINT('Ctrl Pts',(0.569514731368344,-0.16153076646118,-2.46870673993168E-15));
#5414=CARTESIAN_POINT('Ctrl Pts',(0.574006130502436,-0.151434137095644,
-4.80877272033837E-15));
#5415=CARTESIAN_POINT('Ctrl Pts',(0.578210622310827,-0.141199110974017,
-4.64905891561784E-15));
#5416=CARTESIAN_POINT('Ctrl Pts',(0.581218738302079,-0.133876431527738,
-4.53479120577363E-15));
#5417=CARTESIAN_POINT('Ctrl Pts',(0.584077779117164,-0.126487958072432,
-2.11937481877654E-15));
#5418=CARTESIAN_POINT('Ctrl Pts',(0.58678619836654,-0.119046529405425,-2.13717932240343E-15));
#5419=CARTESIAN_POINT('Ctrl Pts',(0.596842375251561,-0.0914170097253012,
-2.20328623619205E-15));
#5420=CARTESIAN_POINT('Ctrl Pts',(0.604837325514273,-0.0630306850497286,
-3.61648581914944E-15));
#5421=CARTESIAN_POINT('Ctrl Pts',(0.61081947815452,-0.0341553074542732,
-2.55351295663786E-15));
#5422=CARTESIAN_POINT('Ctrl Pts',(0.613620169633256,-0.0206365912261443,
-2.05585614023808E-15));
#5423=CARTESIAN_POINT('Ctrl Pts',(0.615979161083448,-0.00701010296088295,
-2.46730810159932E-15));
#5424=CARTESIAN_POINT('Ctrl Pts',(0.617898494576804,0.00669920398019656,
-2.13717932240343E-15));
#5425=CARTESIAN_POINT('Ctrl Pts',(0.619426225244711,0.0176113923633699,
-1.87440692663059E-15));
#5426=CARTESIAN_POINT('Ctrl Pts',(0.620675656796219,0.0285825247184039,
-2.71078970856096E-16));
#5427=CARTESIAN_POINT('Ctrl Pts',(0.62164458965454,0.0395648662477898,-3.46944695195361E-16));
#5428=CARTESIAN_POINT('Ctrl Pts',(0.624389100567279,0.0706724460104078,
-5.61835032089161E-16));
#5429=CARTESIAN_POINT('Ctrl Pts',(0.624894614845903,0.101908409039257,-2.37509256548508E-15));
#5430=CARTESIAN_POINT('Ctrl Pts',(0.623213155288025,0.132985245581941,-1.95676808090184E-15));
#5431=CARTESIAN_POINT('Ctrl Pts',(0.621515758796598,0.164356629487702,-1.5344787019615E-15));
#5432=CARTESIAN_POINT('Ctrl Pts',(0.617590180536113,0.195567264121,-3.21214663296421E-15));
#5433=CARTESIAN_POINT('Ctrl Pts',(0.611442615945531,0.226345883786585,-3.09474668114262E-15));
#5434=CARTESIAN_POINT('Ctrl Pts',(0.609172725297413,0.237710400565786,-3.05139861235819E-15));
#5435=CARTESIAN_POINT('Ctrl Pts',(0.606599408181972,0.249016149640933,-3.78608041236915E-15));
#5436=CARTESIAN_POINT('Ctrl Pts',(0.603721183280412,0.260249697372841,-3.80251385934116E-15));
#5437=CARTESIAN_POINT('Ctrl Pts',(0.60181350703858,0.267695249007127,-3.81340588391607E-15));
#5438=CARTESIAN_POINT('Ctrl Pts',(0.599771234492017,0.275110604279784,3.53032258532276E-16));
#5439=CARTESIAN_POINT('Ctrl Pts',(0.597599670234542,0.282473389963657,1.2490009027033E-16));
#5440=CARTESIAN_POINT('Ctrl Pts',(0.589343543269463,0.310466157487557,-7.42441568861235E-16));
#5441=CARTESIAN_POINT('Ctrl Pts',(0.579206960467246,0.337757460916471,-3.20994011929315E-15));
#5442=CARTESIAN_POINT('Ctrl Pts',(0.567215287141635,0.364138538757621,-2.53269627492614E-15));
#5443=CARTESIAN_POINT('Ctrl Pts',(0.554808005910616,0.391433933075402,-1.83332996237954E-15));
#5444=CARTESIAN_POINT('Ctrl Pts',(0.540415648474351,0.417756225261604,-2.14774349655618E-15));
#5445=CARTESIAN_POINT('Ctrl Pts',(0.524239469086403,0.44302417469644,-1.29757316003065E-15));
#5446=CARTESIAN_POINT('Ctrl Pts',(0.515550435559543,0.456596851811897,-8.40904228483266E-16));
#5447=CARTESIAN_POINT('Ctrl Pts',(0.506345949300263,0.469865215071936,-4.06608688863205E-15));
#5448=CARTESIAN_POINT('Ctrl Pts',(0.496652320890143,0.482815366168412,-4.48252546192407E-15));
#5449=CARTESIAN_POINT('Ctrl Pts',(0.492190194825001,0.48877651965092,-4.67421853430108E-15));
#5450=CARTESIAN_POINT('Ctrl Pts',(0.487623318455125,0.494671551142609,-2.29271598269081E-15));
#5451=CARTESIAN_POINT('Ctrl Pts',(0.482957373582674,0.500494860525673,-2.23432383705813E-15));
#5452=CARTESIAN_POINT('Ctrl Pts',(0.462402764785559,0.526147938207785,-1.97709239881499E-15));
#5453=CARTESIAN_POINT('Ctrl Pts',(0.440031497249583,0.550284762957167,1.45256354633632E-15));
#5454=CARTESIAN_POINT('Ctrl Pts',(0.416110012693147,0.572811259325721,3.05311331771918E-16));
#5455=CARTESIAN_POINT('Ctrl Pts',(0.391541903936145,0.595946671820341,-8.72952379772972E-16));
#5456=CARTESIAN_POINT('Ctrl Pts',(0.365338058640973,0.617384485796465,-3.21419319114954E-15));
#5457=CARTESIAN_POINT('Ctrl Pts',(0.337734973160283,0.637005654837007,-3.04964387076723E-15));
#5458=CARTESIAN_POINT('Ctrl Pts',(0.324857866407458,0.646159120254018,-2.97288001890907E-15));
#5459=CARTESIAN_POINT('Ctrl Pts',(0.311675568027448,0.6549168963668,-1.86890472475993E-15));
#5460=CARTESIAN_POINT('Ctrl Pts',(0.298208957000677,0.663264734991743,-1.74513181683267E-15));
#5461=CARTESIAN_POINT('Ctrl Pts',(0.291126343445871,0.667655187413724,-1.68003483930352E-15));
#5462=CARTESIAN_POINT('Ctrl Pts',(0.283965055967467,0.671932219694219,-3.92719866020004E-15));
#5463=CARTESIAN_POINT('Ctrl Pts',(0.276727950888377,0.67609356383031,-3.96210841913103E-15));
#5464=CARTESIAN_POINT('Ctrl Pts',(0.270231766798434,0.679828877505354,-3.99344418364915E-15));
#5465=CARTESIAN_POINT('Ctrl Pts',(0.263681927464448,0.683466652970435,-2.73177248473754E-15));
#5466=CARTESIAN_POINT('Ctrl Pts',(0.257084630373334,0.687003904522999,-2.78596590241875E-15));
#5467=CARTESIAN_POINT('Ctrl Pts',(0.225838263790591,0.703757168349131,-3.04263880525338E-15));
#5468=CARTESIAN_POINT('Ctrl Pts',(0.193505980850721,0.718272051013335,-1.66982682341965E-15));
#5469=CARTESIAN_POINT('Ctrl Pts',(0.160349764841082,0.730428073903029,-1.50920942409982E-15));
#5470=CARTESIAN_POINT('Ctrl Pts',(0.127368128737431,0.742520090775491,-1.34943773559528E-15));
#5471=CARTESIAN_POINT('Ctrl Pts',(0.0935701802409302,0.752278949311876,
-2.12939559053268E-15));
#5472=CARTESIAN_POINT('Ctrl Pts',(0.0591775973486362,0.759551083337632,
-8.66494376250415E-16));
#5473=CARTESIAN_POINT('Ctrl Pts',(0.040293155245382,0.763544101088191,-1.73054603554932E-16));
#5474=CARTESIAN_POINT('Ctrl Pts',(0.0212288866704734,0.766786691978332,
-1.72231915641993E-15));
#5475=CARTESIAN_POINT('Ctrl Pts',(0.00201855149583097,0.769247351604059,
-1.58900670399476E-15));
#5476=CARTESIAN_POINT('',(-0.335582569276243,-0.692192098841034,-10.));
#5477=CARTESIAN_POINT('Ctrl Pts',(-0.336393978922247,-0.693182972231624,
-10.));
#5478=CARTESIAN_POINT('Ctrl Pts',(-0.353091371973408,-0.682442037287196,
-10.));
#5479=CARTESIAN_POINT('Ctrl Pts',(-0.369303265310648,-0.671034563253397,
-10.));
#5480=CARTESIAN_POINT('Ctrl Pts',(-0.384984608275212,-0.658960385503967,
-10.));
#5481=CARTESIAN_POINT('Ctrl Pts',(-0.41297557603688,-0.63740815487572,-10.));
#5482=CARTESIAN_POINT('Ctrl Pts',(-0.439278848870046,-0.613733055802485,
-10.));
#5483=CARTESIAN_POINT('Ctrl Pts',(-0.463775500563818,-0.58820389238267,
-10.));
#5484=CARTESIAN_POINT('Ctrl Pts',(-0.481421772104527,-0.56981384644722,
-10.));
#5485=CARTESIAN_POINT('Ctrl Pts',(-0.498129699555178,-0.550460847218226,
-10.));
#5486=CARTESIAN_POINT('Ctrl Pts',(-0.513839160680643,-0.530239538338884,
-10.));
#5487=CARTESIAN_POINT('Ctrl Pts',(-0.523395500556038,-0.517938562587201,
-10.));
#5488=CARTESIAN_POINT('Ctrl Pts',(-0.532582094317614,-0.50531620201437,
-10.));
#5489=CARTESIAN_POINT('Ctrl Pts',(-0.541382807750528,-0.492393636921216,
-10.));
#5490=CARTESIAN_POINT('Ctrl Pts',(-0.545505158567143,-0.486340565523017,
-10.));
#5491=CARTESIAN_POINT('Ctrl Pts',(-0.549537801705791,-0.480228944971984,
-10.));
#5492=CARTESIAN_POINT('Ctrl Pts',(-0.553478235299666,-0.474063629846003,
-10.));
#5493=CARTESIAN_POINT('Ctrl Pts',(-0.571978626560442,-0.445117388433913,
-10.));
#5494=CARTESIAN_POINT('Ctrl Pts',(-0.588462062992558,-0.414971562760111,
-10.));
#5495=CARTESIAN_POINT('Ctrl Pts',(-0.602807583054005,-0.383871865676922,
-10.));
#5496=CARTESIAN_POINT('Ctrl Pts',(-0.615592061835116,-0.356156354788787,
-10.));
#5497=CARTESIAN_POINT('Ctrl Pts',(-0.626678092808641,-0.327682317573804,
-10.));
#5498=CARTESIAN_POINT('Ctrl Pts',(-0.635944513336754,-0.298622357883973,
-10.));
#5499=CARTESIAN_POINT('Ctrl Pts',(-0.640817424577741,-0.283340663749159,
-10.));
#5500=CARTESIAN_POINT('Ctrl Pts',(-0.645186568744016,-0.267896998636271,
-10.));
#5501=CARTESIAN_POINT('Ctrl Pts',(-0.649030343680784,-0.252317465321589,
-10.));
#5502=CARTESIAN_POINT('Ctrl Pts',(-0.651262702602923,-0.243269300231303,
-10.));
#5503=CARTESIAN_POINT('Ctrl Pts',(-0.65331842531435,-0.23417129989912,-10.));
#5504=CARTESIAN_POINT('Ctrl Pts',(-0.655187956547648,-0.22505555235698,
-10.));
#5505=CARTESIAN_POINT('Ctrl Pts',(-0.661825757179787,-0.192689944486972,
-10.));
#5506=CARTESIAN_POINT('Ctrl Pts',(-0.666138163290491,-0.160038127633684,
-10.));
#5507=CARTESIAN_POINT('Ctrl Pts',(-0.667983474095242,-0.127327891568243,
-10.));
#5508=CARTESIAN_POINT('Ctrl Pts',(-0.669721583960844,-0.0965179142651666,
-10.));
#5509=CARTESIAN_POINT('Ctrl Pts',(-0.669270592550716,-0.065655214074676,
-10.));
#5510=CARTESIAN_POINT('Ctrl Pts',(-0.666464813152661,-0.0349453181250163,
-10.));
#5511=CARTESIAN_POINT('Ctrl Pts',(-0.666291761844185,-0.033051232053624,
-10.));
#5512=CARTESIAN_POINT('Ctrl Pts',(-0.666109737991744,-0.0311577346698075,
-10.));
#5513=CARTESIAN_POINT('Ctrl Pts',(-0.66591869682556,-0.0292648773271914,
-10.));
#5514=CARTESIAN_POINT('Ctrl Pts',(-0.664811851766457,-0.0182981321009474,
-10.));
#5515=CARTESIAN_POINT('Ctrl Pts',(-0.663402354519734,-0.00735282927004696,
-10.));
#5516=CARTESIAN_POINT('Ctrl Pts',(-0.661694419710922,0.00356066423351837,
-10.));
#5517=CARTESIAN_POINT('Ctrl Pts',(-0.660142449392369,0.0134775638141551,
-10.));
#5518=CARTESIAN_POINT('Ctrl Pts',(-0.658342577224167,0.0233740600306028,
-10.));
#5519=CARTESIAN_POINT('Ctrl Pts',(-0.656305223877898,0.0332091846345784,
-10.));
#5520=CARTESIAN_POINT('Ctrl Pts',(-0.649973469281572,0.0637751124991283,
-10.));
#5521=CARTESIAN_POINT('Ctrl Pts',(-0.641346405944188,0.0938013224027768,
-10.));
#5522=CARTESIAN_POINT('Ctrl Pts',(-0.630570735335062,0.123074053316511,
-10.));
#5523=CARTESIAN_POINT('Ctrl Pts',(-0.61987379465163,0.152132909844763,-10.));
#5524=CARTESIAN_POINT('Ctrl Pts',(-0.607058444614995,0.180450271249558,
-10.));
#5525=CARTESIAN_POINT('Ctrl Pts',(-0.5922323342565,0.207781429783129,-10.));
#5526=CARTESIAN_POINT('Ctrl Pts',(-0.586719085780426,0.21794481481744,-10.));
#5527=CARTESIAN_POINT('Ctrl Pts',(-0.580927512168592,0.227971395720368,
-10.));
#5528=CARTESIAN_POINT('Ctrl Pts',(-0.574862327907578,0.237846900019863,
-10.));
#5529=CARTESIAN_POINT('Ctrl Pts',(-0.570171433021909,0.245484747547377,
-10.));
#5530=CARTESIAN_POINT('Ctrl Pts',(-0.565315661191584,0.25303358130777,-10.));
#5531=CARTESIAN_POINT('Ctrl Pts',(-0.560309891761159,0.260468563331849,
-10.));
#5532=CARTESIAN_POINT('Ctrl Pts',(-0.545768283295466,0.282066960750335,
-10.));
#5533=CARTESIAN_POINT('Ctrl Pts',(-0.529940469879772,0.302743045827115,
-10.));
#5534=CARTESIAN_POINT('Ctrl Pts',(-0.512896854240215,0.322348451430336,
-10.));
#5535=CARTESIAN_POINT('Ctrl Pts',(-0.497583699113596,0.339963294646209,
-10.));
#5536=CARTESIAN_POINT('Ctrl Pts',(-0.481288620584957,0.356713747677384,
-10.));
#5537=CARTESIAN_POINT('Ctrl Pts',(-0.464055739988724,0.37247214174661,-10.));
#5538=CARTESIAN_POINT('Ctrl Pts',(-0.458367581988925,0.377673607327962,
-10.));
#5539=CARTESIAN_POINT('Ctrl Pts',(-0.452580850281397,0.382763365236072,
-10.));
#5540=CARTESIAN_POINT('Ctrl Pts',(-0.446703148688941,0.387732296392308,
-10.));
#5541=CARTESIAN_POINT('Ctrl Pts',(-0.425340801273276,0.405791742244458,
-10.));
#5542=CARTESIAN_POINT('Ctrl Pts',(-0.402754789024372,0.422279896250368,
-10.));
#5543=CARTESIAN_POINT('Ctrl Pts',(-0.379029361597343,0.436979991229051,
-10.));
#5544=CARTESIAN_POINT('Ctrl Pts',(-0.363024154427373,0.446896696261055,
-10.));
#5545=CARTESIAN_POINT('Ctrl Pts',(-0.346500089211042,0.455998747442361,
-10.));
#5546=CARTESIAN_POINT('Ctrl Pts',(-0.329481767055994,0.464206126281913,
-10.));
#5547=CARTESIAN_POINT('Ctrl Pts',(0.770165673001979,-0.000506714446053217,
-9.88735382907248));
#5548=CARTESIAN_POINT('Ctrl Pts',(0.77035142215028,-0.0271042709775254,
-9.88928656294054));
#5549=CARTESIAN_POINT('Ctrl Pts',(0.769093374633341,-0.0536828852102322,
-9.8912192968086));
#5550=CARTESIAN_POINT('Ctrl Pts',(0.766333586717399,-0.0801031777197045,
-9.89315203067665));
#5551=CARTESIAN_POINT('Ctrl Pts',(0.739879237778621,-0.333358738798405,
-9.91167853260676));
#5552=CARTESIAN_POINT('Ctrl Pts',(0.575438070144165,-0.572066971368089,
-9.93020503453687));
#5553=CARTESIAN_POINT('Ctrl Pts',(0.348244507988216,-0.687244575882992,
-9.94873153646697));
#5554=CARTESIAN_POINT('Ctrl Pts',(0.138673287612945,-0.793488392428815,
-9.96582102431131));
#5555=CARTESIAN_POINT('Ctrl Pts',(-0.124293050121231,-0.794621759681022,
-9.98291051215566));
#5556=CARTESIAN_POINT('Ctrl Pts',(-0.336393978922248,-0.693182972231624,
-10.));
#5557=CARTESIAN_POINT('Origin',(-2.35922392732846E-15,0.866025403784454,
1.6));
#5558=CARTESIAN_POINT('',(-2.35726950316079E-15,0.866025403784454,1.6));
#5559=CARTESIAN_POINT('',(0.750000000000006,0.433012701892242,1.6));
#5560=CARTESIAN_POINT('',(0.187499999999999,0.757772228311401,1.6));
#5561=CARTESIAN_POINT('',(-2.35922392732846E-15,0.866025403784454,0.56));
#5562=CARTESIAN_POINT('',(-2.35726950316079E-15,0.866025403784454,1.6));
#5563=CARTESIAN_POINT('',(0.750000000000006,0.433012701892242,0.56));
#5564=CARTESIAN_POINT('',(0.750000000000006,0.433012701892242,0.56));
#5565=CARTESIAN_POINT('',(0.750000000000006,0.433012701892242,1.6));
#5566=CARTESIAN_POINT('Origin',(-0.75000000000002,0.433012701892236,1.6));
#5567=CARTESIAN_POINT('',(-0.75000000000002,0.433012701892236,1.6));
#5568=CARTESIAN_POINT('',(-0.562500000000011,0.541265877365293,1.6));
#5569=CARTESIAN_POINT('',(-0.75000000000002,0.433012701892236,0.56));
#5570=CARTESIAN_POINT('',(-0.75000000000002,0.433012701892236,1.6));
#5571=CARTESIAN_POINT('',(-2.35726950316079E-15,0.866025403784454,0.56));
#5572=CARTESIAN_POINT('Origin',(-0.75000000000003,-0.433012701892213,1.6));
#5573=CARTESIAN_POINT('',(-0.75000000000003,-0.433012701892213,1.6));
#5574=CARTESIAN_POINT('',(-0.750000000000027,-0.216506350946102,1.6));
#5575=CARTESIAN_POINT('',(-0.75000000000003,-0.433012701892213,0.56));
#5576=CARTESIAN_POINT('',(-0.75000000000003,-0.433012701892213,1.6));
#5577=CARTESIAN_POINT('',(-0.75000000000002,0.433012701892236,0.56));
#5578=CARTESIAN_POINT('Origin',(-2.28983498828939E-14,-0.866025403784453,
1.6));
#5579=CARTESIAN_POINT('',(-2.27535664530942E-14,-0.866025403784453,1.6));
#5580=CARTESIAN_POINT('',(-0.187500000000021,-0.757772228311395,1.6));
#5581=CARTESIAN_POINT('',(-2.27595720048157E-14,-0.866025403784453,0.56));
#5582=CARTESIAN_POINT('',(-2.27535664530942E-14,-0.866025403784453,1.6));
#5583=CARTESIAN_POINT('',(-0.75000000000003,-0.433012701892213,0.56));
#5584=CARTESIAN_POINT('Origin',(0.750000000000006,-0.433012701892234,1.6));
#5585=CARTESIAN_POINT('',(0.750000000000006,-0.433012701892234,1.6));
#5586=CARTESIAN_POINT('',(0.562499999999999,-0.541265877365289,1.6));
#5587=CARTESIAN_POINT('',(0.750000000000006,-0.433012701892234,0.56));
#5588=CARTESIAN_POINT('',(0.750000000000006,-0.433012701892234,1.6));
#5589=CARTESIAN_POINT('',(-2.27535664530942E-14,-0.866025403784453,0.56));
#5590=CARTESIAN_POINT('Origin',(0.750000000000006,0.433012701892242,1.6));
#5591=CARTESIAN_POINT('',(0.750000000000006,0.216506350946121,1.6));
#5592=CARTESIAN_POINT('',(0.750000000000006,-0.433012701892234,0.56));
#5593=CARTESIAN_POINT('Origin',(-1.19348975147204E-14,5.55111512312578E-16,
0.56));
#5594=CARTESIAN_POINT('Origin',(0.,0.,-10.));
#5595=CARTESIAN_POINT('Origin',(0.,0.,-10.));
#5596=CARTESIAN_POINT('Origin',(0.,0.,-10.));
#5597=CARTESIAN_POINT('Origin',(0.,0.,0.));
#5598=CARTESIAN_POINT('',(-1.5,-1.83697019872103E-16,1.6));
#5599=CARTESIAN_POINT('Origin',(0.,0.,1.6));
#5600=CARTESIAN_POINT('',(-1.5,-1.83697019872103E-16,0.));
#5601=CARTESIAN_POINT('',(-1.5,-1.83697019872103E-16,0.));
#5602=CARTESIAN_POINT('Origin',(0.,0.,0.));
#5603=CARTESIAN_POINT('Origin',(0.,0.,1.6));
#5604=CARTESIAN_POINT('Origin',(0.,0.,0.));
#5605=UNCERTAINTY_MEASURE_WITH_UNIT(LENGTH_MEASURE(0.01),#5609,
'DISTANCE_ACCURACY_VALUE',
'Maximum model space distance between geometric entities at asserted c
onnectivities');
#5606=UNCERTAINTY_MEASURE_WITH_UNIT(LENGTH_MEASURE(0.01),#5609,
'DISTANCE_ACCURACY_VALUE',
'Maximum model space distance between geometric entities at asserted c
onnectivities');
#5607=(
GEOMETRIC_REPRESENTATION_CONTEXT(3)
GLOBAL_UNCERTAINTY_ASSIGNED_CONTEXT((#5605))
GLOBAL_UNIT_ASSIGNED_CONTEXT((#5609,#5611,#5612))
REPRESENTATION_CONTEXT('','3D')
);
#5608=(
GEOMETRIC_REPRESENTATION_CONTEXT(3)
GLOBAL_UNCERTAINTY_ASSIGNED_CONTEXT((#5606))
GLOBAL_UNIT_ASSIGNED_CONTEXT((#5609,#5611,#5612))
REPRESENTATION_CONTEXT('','3D')
);
#5609=(
LENGTH_UNIT()
NAMED_UNIT(*)
SI_UNIT(.MILLI.,.METRE.)
);
#5610=(
LENGTH_UNIT()
NAMED_UNIT(*)
SI_UNIT($,.METRE.)
);
#5611=(
NAMED_UNIT(*)
PLANE_ANGLE_UNIT()
SI_UNIT($,.RADIAN.)
);
#5612=(
NAMED_UNIT(*)
SI_UNIT($,.STERADIAN.)
SOLID_ANGLE_UNIT()
);
#5613=SHAPE_DEFINITION_REPRESENTATION(#5614,#5615);
#5614=PRODUCT_DEFINITION_SHAPE('',$,#5617);
#5615=SHAPE_REPRESENTATION('',(#1348),#5607);
#5616=PRODUCT_DEFINITION_CONTEXT('part definition',#5621,'design');
#5617=PRODUCT_DEFINITION('SHC base','SHC base v8',#5618,#5616);
#5618=PRODUCT_DEFINITION_FORMATION('',$,#5623);
#5619=PRODUCT_RELATED_PRODUCT_CATEGORY('SHC base v8','SHC base v8',(#5623));
#5620=APPLICATION_PROTOCOL_DEFINITION('international standard',
'automotive_design',2009,#5621);
#5621=APPLICATION_CONTEXT(
'Core Data for Automotive Mechanical Design Process');
#5622=PRODUCT_CONTEXT('part definition',#5621,'mechanical');
#5623=PRODUCT('SHC base','SHC base v8',$,(#5622));
#5624=PRESENTATION_STYLE_ASSIGNMENT((#5625));
#5625=SURFACE_STYLE_USAGE(.BOTH.,#5626);
#5626=SURFACE_SIDE_STYLE('',(#5627));
#5627=SURFACE_STYLE_FILL_AREA(#5628);
#5628=FILL_AREA_STYLE('Steel - Satin',(#5629));
#5629=FILL_AREA_STYLE_COLOUR('Steel - Satin',#5630);
#5630=COLOUR_RGB('Steel - Satin',0.627450980392157,0.627450980392157,0.627450980392157);
ENDSEC;
END-ISO-10303-21;
