ISO-10303-21;
HEADER;
/* Generated by software containing ST-Developer
 * from STEP Tools, Inc. (www.steptools.com) 
 */

FILE_DESCRIPTION(
/* description */ (''),
/* implementation_level */ '2;1');

FILE_NAME(
/* name */ '464711-HHTPS-M3-5-5-S-Z.stp',
/* time_stamp */ '2024-06-04T08:51:15+01:00',
/* author */ (''),
/* organization */ (''),
/* preprocessor_version */ 'ST-DEVELOPER v20',
/* originating_system */ 'Autodesk Translation Framework v13.14.0.145',

/* authorisation */ '');

FILE_SCHEMA (('AUTOMOTIVE_DESIGN { 1 0 10303 214 3 1 1 }'));
ENDSEC;

DATA;
#10=MECHANICAL_DESIGN_GEOMETRIC_PRESENTATION_REPRESENTATION('',(#13),#2965);
#11=SHAPE_REPRESENTATION_RELATIONSHIP('SRR','None',#2972,#12);
#12=ADVANCED_BREP_SHAPE_REPRESENTATION('',(#14),#2964);
#13=STYLED_ITEM('',(#2981),#14);
#14=MANIFOLD_SOLID_BREP('Body1',#711);
#15=FACE_BOUND('',#126,.T.);
#16=FACE_BOUND('',#128,.T.);
#17=(
BOUNDED_CURVE()
B_SPLINE_CURVE(2,(#2887,#2888,#2889),.UNSPECIFIED.,.F.,.F.)
B_SPLINE_CURVE_WITH_KNOTS((3,3),(0.180033979700183,0.563291879754022),
 .UNSPECIFIED.)
CURVE()
GEOMETRIC_REPRESENTATION_ITEM()
RATIONAL_B_SPLINE_CURVE((1.27163842547745,1.46836157452255,1.27163842547745))
REPRESENTATION_ITEM('')
);
#18=(
BOUNDED_CURVE()
B_SPLINE_CURVE(2,(#2891,#2892,#2893),.UNSPECIFIED.,.F.,.F.)
B_SPLINE_CURVE_WITH_KNOTS((3,3),(0.180033979700183,0.563291879754023),
 .UNSPECIFIED.)
CURVE()
GEOMETRIC_REPRESENTATION_ITEM()
RATIONAL_B_SPLINE_CURVE((1.27163842547745,1.46836157452255,1.27163842547745))
REPRESENTATION_ITEM('')
);
#19=(
BOUNDED_CURVE()
B_SPLINE_CURVE(2,(#2895,#2896,#2897),.UNSPECIFIED.,.F.,.F.)
B_SPLINE_CURVE_WITH_KNOTS((3,3),(0.180033979700183,0.563291879754022),
 .UNSPECIFIED.)
CURVE()
GEOMETRIC_REPRESENTATION_ITEM()
RATIONAL_B_SPLINE_CURVE((1.27163842547745,1.46836157452255,1.27163842547745))
REPRESENTATION_ITEM('')
);
#20=(
BOUNDED_CURVE()
B_SPLINE_CURVE(2,(#2899,#2900,#2901),.UNSPECIFIED.,.F.,.F.)
B_SPLINE_CURVE_WITH_KNOTS((3,3),(0.180033979700184,0.563291879754023),
 .UNSPECIFIED.)
CURVE()
GEOMETRIC_REPRESENTATION_ITEM()
RATIONAL_B_SPLINE_CURVE((1.27163842547745,1.46836157452255,1.27163842547745))
REPRESENTATION_ITEM('')
);
#21=(
BOUNDED_CURVE()
B_SPLINE_CURVE(2,(#2903,#2904,#2905),.UNSPECIFIED.,.F.,.F.)
B_SPLINE_CURVE_WITH_KNOTS((3,3),(0.180033979700183,0.563291879754022),
 .UNSPECIFIED.)
CURVE()
GEOMETRIC_REPRESENTATION_ITEM()
RATIONAL_B_SPLINE_CURVE((1.27163842547745,1.46836157452255,1.27163842547745))
REPRESENTATION_ITEM('')
);
#22=(
BOUNDED_CURVE()
B_SPLINE_CURVE(2,(#2907,#2908,#2909),.UNSPECIFIED.,.F.,.F.)
B_SPLINE_CURVE_WITH_KNOTS((3,3),(0.371662929727103,0.563291879754023),
 .UNSPECIFIED.)
CURVE()
GEOMETRIC_REPRESENTATION_ITEM()
RATIONAL_B_SPLINE_CURVE((1.37,1.37,1.27163842547745))
REPRESENTATION_ITEM('')
);
#23=(
BOUNDED_CURVE()
B_SPLINE_CURVE(2,(#2913,#2914,#2915),.UNSPECIFIED.,.F.,.F.)
B_SPLINE_CURVE_WITH_KNOTS((3,3),(0.180033979700183,0.371662929727103),
 .UNSPECIFIED.)
CURVE()
GEOMETRIC_REPRESENTATION_ITEM()
RATIONAL_B_SPLINE_CURVE((1.27163842547745,1.37,1.37))
REPRESENTATION_ITEM('')
);
#24=(
BOUNDED_CURVE()
B_SPLINE_CURVE(2,(#2920,#2921,#2922),.UNSPECIFIED.,.F.,.F.)
B_SPLINE_CURVE_WITH_KNOTS((3,3),(0.180033979700184,0.563291879754022),
 .UNSPECIFIED.)
CURVE()
GEOMETRIC_REPRESENTATION_ITEM()
RATIONAL_B_SPLINE_CURVE((1.27163842547745,1.46836157452255,1.27163842547745))
REPRESENTATION_ITEM('')
);
#25=(
BOUNDED_CURVE()
B_SPLINE_CURVE(2,(#2927,#2928,#2929),.UNSPECIFIED.,.F.,.F.)
B_SPLINE_CURVE_WITH_KNOTS((3,3),(0.180033979700183,0.563291879754023),
 .UNSPECIFIED.)
CURVE()
GEOMETRIC_REPRESENTATION_ITEM()
RATIONAL_B_SPLINE_CURVE((1.27163842547745,1.46836157452255,1.27163842547745))
REPRESENTATION_ITEM('')
);
#26=(
BOUNDED_CURVE()
B_SPLINE_CURVE(2,(#2933,#2934,#2935),.UNSPECIFIED.,.F.,.F.)
B_SPLINE_CURVE_WITH_KNOTS((3,3),(0.180033979700183,0.563291879754023),
 .UNSPECIFIED.)
CURVE()
GEOMETRIC_REPRESENTATION_ITEM()
RATIONAL_B_SPLINE_CURVE((1.27163842547745,1.46836157452255,1.27163842547745))
REPRESENTATION_ITEM('')
);
#27=(
BOUNDED_CURVE()
B_SPLINE_CURVE(2,(#2938,#2939,#2940),.UNSPECIFIED.,.F.,.F.)
B_SPLINE_CURVE_WITH_KNOTS((3,3),(0.180033979700183,0.563291879754022),
 .UNSPECIFIED.)
CURVE()
GEOMETRIC_REPRESENTATION_ITEM()
RATIONAL_B_SPLINE_CURVE((1.27163842547745,1.46836157452255,1.27163842547745))
REPRESENTATION_ITEM('')
);
#28=(
BOUNDED_CURVE()
B_SPLINE_CURVE(2,(#2942,#2943,#2944),.UNSPECIFIED.,.F.,.F.)
B_SPLINE_CURVE_WITH_KNOTS((3,3),(0.371662929727103,0.563291879754022),
 .UNSPECIFIED.)
CURVE()
GEOMETRIC_REPRESENTATION_ITEM()
RATIONAL_B_SPLINE_CURVE((1.37,1.37,1.27163842547745))
REPRESENTATION_ITEM('')
);
#29=(
BOUNDED_CURVE()
B_SPLINE_CURVE(2,(#2949,#2950,#2951),.UNSPECIFIED.,.F.,.F.)
B_SPLINE_CURVE_WITH_KNOTS((3,3),(0.180033979700183,0.371662929727103),
 .UNSPECIFIED.)
CURVE()
GEOMETRIC_REPRESENTATION_ITEM()
RATIONAL_B_SPLINE_CURVE((1.27163842547745,1.37,1.37))
REPRESENTATION_ITEM('')
);
#30=(
BOUNDED_CURVE()
B_SPLINE_CURVE(2,(#2952,#2953,#2954),.UNSPECIFIED.,.F.,.F.)
B_SPLINE_CURVE_WITH_KNOTS((3,3),(0.180033979700183,0.563291879754022),
 .UNSPECIFIED.)
CURVE()
GEOMETRIC_REPRESENTATION_ITEM()
RATIONAL_B_SPLINE_CURVE((1.27163842547745,1.46836157452255,1.27163842547745))
REPRESENTATION_ITEM('')
);
#31=CONICAL_SURFACE('',#759,2.45,1.0471975511966);
#32=CONICAL_SURFACE('',#764,2.45,1.0471975511966);
#33=PLANE('',#756);
#34=PLANE('',#758);
#35=PLANE('',#761);
#36=PLANE('',#762);
#37=PLANE('',#763);
#38=PLANE('',#766);
#39=PLANE('',#767);
#40=PLANE('',#768);
#41=PLANE('',#769);
#42=PLANE('',#770);
#43=B_SPLINE_SURFACE_WITH_KNOTS('',3,3,((#1556,#1557,#1558,#1559,#1560,
#1561,#1562,#1563,#1564,#1565,#1566,#1567,#1568,#1569,#1570,#1571,#1572,
#1573,#1574,#1575,#1576,#1577,#1578,#1579,#1580,#1581,#1582,#1583,#1584,
#1585,#1586,#1587,#1588,#1589,#1590,#1591),(#1592,#1593,#1594,#1595,#1596,
#1597,#1598,#1599,#1600,#1601,#1602,#1603,#1604,#1605,#1606,#1607,#1608,
#1609,#1610,#1611,#1612,#1613,#1614,#1615,#1616,#1617,#1618,#1619,#1620,
#1621,#1622,#1623,#1624,#1625,#1626,#1627),(#1628,#1629,#1630,#1631,#1632,
#1633,#1634,#1635,#1636,#1637,#1638,#1639,#1640,#1641,#1642,#1643,#1644,
#1645,#1646,#1647,#1648,#1649,#1650,#1651,#1652,#1653,#1654,#1655,#1656,
#1657,#1658,#1659,#1660,#1661,#1662,#1663),(#1664,#1665,#1666,#1667,#1668,
#1669,#1670,#1671,#1672,#1673,#1674,#1675,#1676,#1677,#1678,#1679,#1680,
#1681,#1682,#1683,#1684,#1685,#1686,#1687,#1688,#1689,#1690,#1691,#1692,
#1693,#1694,#1695,#1696,#1697,#1698,#1699)),.UNSPECIFIED.,.F.,.F.,.F.,(4,
4),(4,1,1,1,1,1,1,1,1,1,1,1,1,1,1,1,1,1,1,1,1,1,1,1,1,1,1,1,1,1,1,1,1,4),
(0.,0.0321584099938621),(11.8553612635794,12.8495485513653,13.8437358391513,
14.8379231269373,15.8321104147232,16.8262977025092,17.8204849902952,18.8146722780811,
19.8088595658671,20.8030468536531,21.797234141439,22.791421429225,23.785608717011,
24.7797960047969,25.7739832925829,26.7681705803689,27.7623578681548,28.7565451559408,
29.7507324437268,30.7449197315127,31.7391070192987,32.7332943070846,33.7274815948706,
34.7216688826566,35.7158561704425,36.7100434582285,37.7042307460145,38.6984180338005,
39.6926053215864,40.6867926093724,41.6809798971583,42.6751671849443,43.6693544727303,
44.6635417605162),.UNSPECIFIED.);
#44=B_SPLINE_SURFACE_WITH_KNOTS('',3,3,((#1883,#1884,#1885,#1886,#1887,
#1888,#1889,#1890,#1891,#1892,#1893,#1894,#1895,#1896,#1897,#1898,#1899,
#1900,#1901,#1902,#1903,#1904,#1905,#1906,#1907,#1908,#1909,#1910,#1911,
#1912,#1913,#1914,#1915,#1916,#1917,#1918),(#1919,#1920,#1921,#1922,#1923,
#1924,#1925,#1926,#1927,#1928,#1929,#1930,#1931,#1932,#1933,#1934,#1935,
#1936,#1937,#1938,#1939,#1940,#1941,#1942,#1943,#1944,#1945,#1946,#1947,
#1948,#1949,#1950,#1951,#1952,#1953,#1954),(#1955,#1956,#1957,#1958,#1959,
#1960,#1961,#1962,#1963,#1964,#1965,#1966,#1967,#1968,#1969,#1970,#1971,
#1972,#1973,#1974,#1975,#1976,#1977,#1978,#1979,#1980,#1981,#1982,#1983,
#1984,#1985,#1986,#1987,#1988,#1989,#1990),(#1991,#1992,#1993,#1994,#1995,
#1996,#1997,#1998,#1999,#2000,#2001,#2002,#2003,#2004,#2005,#2006,#2007,
#2008,#2009,#2010,#2011,#2012,#2013,#2014,#2015,#2016,#2017,#2018,#2019,
#2020,#2021,#2022,#2023,#2024,#2025,#2026)),.UNSPECIFIED.,.F.,.F.,.F.,(4,
4),(4,1,1,1,1,1,1,1,1,1,1,1,1,1,1,1,1,1,1,1,1,1,1,1,1,1,1,1,1,1,1,1,1,4),
(0.,0.0321584099938621),(14.3984001269719,15.3925874147578,16.3867747025438,
17.3809619903298,18.3751492781157,19.3693365659017,20.3635238536877,21.3577111414736,
22.3518984292596,23.3460857170456,24.3402730048315,25.3344602926175,26.3286475804035,
27.3228348681894,28.3170221559754,29.3112094437614,30.3053967315473,31.2995840193333,
32.2937713071193,33.2879585949052,34.2821458826912,35.2763331704772,36.2705204582631,
37.2647077460491,38.2588950338351,39.253082321621,40.247269609407,41.2414568971929,
42.2356441849789,43.2298314727649,44.2240187605508,45.2182060483368,46.2123933361228,
47.2065806239087),.UNSPECIFIED.);
#45=B_SPLINE_SURFACE_WITH_KNOTS('',3,3,((#2229,#2230,#2231,#2232,#2233,
#2234,#2235,#2236,#2237,#2238,#2239,#2240,#2241,#2242,#2243,#2244,#2245,
#2246,#2247,#2248,#2249,#2250,#2251,#2252,#2253,#2254,#2255,#2256,#2257,
#2258,#2259,#2260,#2261,#2262,#2263,#2264),(#2265,#2266,#2267,#2268,#2269,
#2270,#2271,#2272,#2273,#2274,#2275,#2276,#2277,#2278,#2279,#2280,#2281,
#2282,#2283,#2284,#2285,#2286,#2287,#2288,#2289,#2290,#2291,#2292,#2293,
#2294,#2295,#2296,#2297,#2298,#2299,#2300),(#2301,#2302,#2303,#2304,#2305,
#2306,#2307,#2308,#2309,#2310,#2311,#2312,#2313,#2314,#2315,#2316,#2317,
#2318,#2319,#2320,#2321,#2322,#2323,#2324,#2325,#2326,#2327,#2328,#2329,
#2330,#2331,#2332,#2333,#2334,#2335,#2336),(#2337,#2338,#2339,#2340,#2341,
#2342,#2343,#2344,#2345,#2346,#2347,#2348,#2349,#2350,#2351,#2352,#2353,
#2354,#2355,#2356,#2357,#2358,#2359,#2360,#2361,#2362,#2363,#2364,#2365,
#2366,#2367,#2368,#2369,#2370,#2371,#2372)),.UNSPECIFIED.,.F.,.F.,.F.,(4,
4),(4,1,1,1,1,1,1,1,1,1,1,1,1,1,1,1,1,1,1,1,1,1,1,1,1,1,1,1,1,1,1,1,1,4),
(0.,0.0321584099938621),(11.8553612635794,12.8495485513653,13.8437358391513,
14.8379231269373,15.8321104147232,16.8262977025092,17.8204849902952,18.8146722780811,
19.8088595658671,20.8030468536531,21.797234141439,22.791421429225,23.785608717011,
24.7797960047969,25.7739832925829,26.7681705803689,27.7623578681548,28.7565451559408,
29.7507324437268,30.7449197315127,31.7391070192987,32.7332943070847,33.7274815948706,
34.7216688826566,35.7158561704426,36.7100434582285,37.7042307460145,38.6984180338005,
39.6926053215864,40.6867926093724,41.6809798971584,42.6751671849443,43.6693544727303,
44.6635417605163),.UNSPECIFIED.);
#46=B_SPLINE_SURFACE_WITH_KNOTS('',3,3,((#2556,#2557,#2558,#2559,#2560,
#2561,#2562,#2563,#2564,#2565,#2566,#2567,#2568,#2569,#2570,#2571,#2572,
#2573,#2574,#2575,#2576,#2577,#2578,#2579,#2580,#2581,#2582,#2583,#2584,
#2585,#2586,#2587,#2588,#2589,#2590,#2591),(#2592,#2593,#2594,#2595,#2596,
#2597,#2598,#2599,#2600,#2601,#2602,#2603,#2604,#2605,#2606,#2607,#2608,
#2609,#2610,#2611,#2612,#2613,#2614,#2615,#2616,#2617,#2618,#2619,#2620,
#2621,#2622,#2623,#2624,#2625,#2626,#2627),(#2628,#2629,#2630,#2631,#2632,
#2633,#2634,#2635,#2636,#2637,#2638,#2639,#2640,#2641,#2642,#2643,#2644,
#2645,#2646,#2647,#2648,#2649,#2650,#2651,#2652,#2653,#2654,#2655,#2656,
#2657,#2658,#2659,#2660,#2661,#2662,#2663),(#2664,#2665,#2666,#2667,#2668,
#2669,#2670,#2671,#2672,#2673,#2674,#2675,#2676,#2677,#2678,#2679,#2680,
#2681,#2682,#2683,#2684,#2685,#2686,#2687,#2688,#2689,#2690,#2691,#2692,
#2693,#2694,#2695,#2696,#2697,#2698,#2699)),.UNSPECIFIED.,.F.,.F.,.F.,(4,
4),(4,1,1,1,1,1,1,1,1,1,1,1,1,1,1,1,1,1,1,1,1,1,1,1,1,1,1,1,1,1,1,1,1,4),
(0.,0.0321584099938621),(14.3984001269719,15.3925874147578,16.3867747025438,
17.3809619903298,18.3751492781157,19.3693365659017,20.3635238536877,21.3577111414736,
22.3518984292596,23.3460857170456,24.3402730048315,25.3344602926175,26.3286475804035,
27.3228348681894,28.3170221559754,29.3112094437614,30.3053967315473,31.2995840193333,
32.2937713071193,33.2879585949052,34.2821458826912,35.2763331704772,36.2705204582631,
37.2647077460491,38.2588950338351,39.253082321621,40.247269609407,41.241456897193,
42.2356441849789,43.2298314727649,44.2240187605509,45.2182060483368,46.2123933361228,
47.2065806239088),.UNSPECIFIED.);
#47=FACE_OUTER_BOUND('',#87,.T.);
#48=FACE_OUTER_BOUND('',#88,.T.);
#49=FACE_OUTER_BOUND('',#89,.T.);
#50=FACE_OUTER_BOUND('',#90,.T.);
#51=FACE_OUTER_BOUND('',#91,.T.);
#52=FACE_OUTER_BOUND('',#92,.T.);
#53=FACE_OUTER_BOUND('',#93,.T.);
#54=FACE_OUTER_BOUND('',#94,.T.);
#55=FACE_OUTER_BOUND('',#95,.T.);
#56=FACE_OUTER_BOUND('',#96,.T.);
#57=FACE_OUTER_BOUND('',#97,.T.);
#58=FACE_OUTER_BOUND('',#98,.T.);
#59=FACE_OUTER_BOUND('',#99,.T.);
#60=FACE_OUTER_BOUND('',#100,.T.);
#61=FACE_OUTER_BOUND('',#101,.T.);
#62=FACE_OUTER_BOUND('',#102,.T.);
#63=FACE_OUTER_BOUND('',#103,.T.);
#64=FACE_OUTER_BOUND('',#104,.T.);
#65=FACE_OUTER_BOUND('',#105,.T.);
#66=FACE_OUTER_BOUND('',#106,.T.);
#67=FACE_OUTER_BOUND('',#107,.T.);
#68=FACE_OUTER_BOUND('',#108,.T.);
#69=FACE_OUTER_BOUND('',#109,.T.);
#70=FACE_OUTER_BOUND('',#110,.T.);
#71=FACE_OUTER_BOUND('',#111,.T.);
#72=FACE_OUTER_BOUND('',#112,.T.);
#73=FACE_OUTER_BOUND('',#113,.T.);
#74=FACE_OUTER_BOUND('',#114,.T.);
#75=FACE_OUTER_BOUND('',#115,.T.);
#76=FACE_OUTER_BOUND('',#116,.T.);
#77=FACE_OUTER_BOUND('',#117,.T.);
#78=FACE_OUTER_BOUND('',#118,.T.);
#79=FACE_OUTER_BOUND('',#119,.T.);
#80=FACE_OUTER_BOUND('',#120,.T.);
#81=FACE_OUTER_BOUND('',#121,.T.);
#82=FACE_OUTER_BOUND('',#122,.T.);
#83=FACE_OUTER_BOUND('',#123,.T.);
#84=FACE_OUTER_BOUND('',#124,.T.);
#85=FACE_OUTER_BOUND('',#125,.T.);
#86=FACE_OUTER_BOUND('',#127,.T.);
#87=EDGE_LOOP('',(#431,#432,#433,#434));
#88=EDGE_LOOP('',(#435,#436,#437,#438));
#89=EDGE_LOOP('',(#439,#440,#441,#442));
#90=EDGE_LOOP('',(#443,#444,#445,#446));
#91=EDGE_LOOP('',(#447,#448,#449,#450));
#92=EDGE_LOOP('',(#451,#452,#453,#454));
#93=EDGE_LOOP('',(#455,#456,#457,#458));
#94=EDGE_LOOP('',(#459,#460,#461,#462));
#95=EDGE_LOOP('',(#463,#464,#465,#466));
#96=EDGE_LOOP('',(#467,#468,#469,#470));
#97=EDGE_LOOP('',(#471,#472,#473,#474));
#98=EDGE_LOOP('',(#475,#476,#477,#478));
#99=EDGE_LOOP('',(#479,#480,#481,#482));
#100=EDGE_LOOP('',(#483,#484,#485,#486));
#101=EDGE_LOOP('',(#487,#488,#489,#490));
#102=EDGE_LOOP('',(#491,#492,#493,#494));
#103=EDGE_LOOP('',(#495,#496,#497,#498));
#104=EDGE_LOOP('',(#499,#500,#501,#502));
#105=EDGE_LOOP('',(#503,#504,#505,#506));
#106=EDGE_LOOP('',(#507,#508,#509,#510));
#107=EDGE_LOOP('',(#511,#512,#513,#514));
#108=EDGE_LOOP('',(#515,#516,#517,#518,#519,#520,#521,#522,#523,#524,#525,
#526,#527,#528));
#109=EDGE_LOOP('',(#529,#530,#531,#532,#533,#534,#535,#536,#537,#538,#539,
#540,#541,#542));
#110=EDGE_LOOP('',(#543,#544,#545,#546));
#111=EDGE_LOOP('',(#547,#548,#549,#550,#551,#552,#553,#554,#555,#556,#557,
#558,#559,#560));
#112=EDGE_LOOP('',(#561,#562,#563,#564,#565,#566,#567,#568,#569,#570,#571,
#572,#573,#574));
#113=EDGE_LOOP('',(#575,#576,#577,#578));
#114=EDGE_LOOP('',(#579,#580,#581,#582));
#115=EDGE_LOOP('',(#583,#584,#585,#586));
#116=EDGE_LOOP('',(#587,#588,#589,#590));
#117=EDGE_LOOP('',(#591,#592,#593,#594,#595,#596,#597,#598,#599,#600));
#118=EDGE_LOOP('',(#601,#602,#603,#604));
#119=EDGE_LOOP('',(#605,#606,#607,#608));
#120=EDGE_LOOP('',(#609,#610,#611,#612));
#121=EDGE_LOOP('',(#613,#614,#615,#616,#617,#618,#619,#620,#621,#622));
#122=EDGE_LOOP('',(#623,#624,#625,#626));
#123=EDGE_LOOP('',(#627,#628,#629,#630));
#124=EDGE_LOOP('',(#631,#632,#633,#634,#635,#636));
#125=EDGE_LOOP('',(#637));
#126=EDGE_LOOP('',(#638,#639,#640,#641));
#127=EDGE_LOOP('',(#642));
#128=EDGE_LOOP('',(#643,#644,#645,#646));
#129=CIRCLE('',#726,1.2645);
#130=CIRCLE('',#731,1.2645);
#131=CIRCLE('',#733,1.2645);
#132=CIRCLE('',#738,1.2645);
#133=CIRCLE('',#740,1.543);
#134=CIRCLE('',#745,1.543);
#135=CIRCLE('',#747,1.543);
#136=CIRCLE('',#752,1.543);
#137=CIRCLE('',#760,2.45);
#138=CIRCLE('',#765,2.45);
#139=B_SPLINE_CURVE_WITH_KNOTS('',3,(#899,#900,#901,#902),.UNSPECIFIED.,
 .F.,.F.,(4,4),(32.725489676875,32.8081804969369),.UNSPECIFIED.);
#140=B_SPLINE_CURVE_WITH_KNOTS('',3,(#905,#906,#907,#908,#909,#910,#911),
 .UNSPECIFIED.,.F.,.F.,(4,3,4),(-30.78760800518,-29.825618633579,-28.985343233088),
 .UNSPECIFIED.);
#141=B_SPLINE_CURVE_WITH_KNOTS('',3,(#916,#917,#918,#919,#920,#921,#922,
#923,#924,#925,#926,#927,#928,#929,#930,#931,#932,#933,#934,#935,#936,#937),
 .UNSPECIFIED.,.F.,.F.,(4,3,3,3,3,3,3,4),(26.4423043696955,26.8430567702211,
27.8372440580071,28.831431345793,29.825618633579,30.819805921365,31.8139932091509,
32.725489676875),.UNSPECIFIED.);
#142=B_SPLINE_CURVE_WITH_KNOTS('',3,(#938,#939,#940,#941,#942,#943,#944,
#945,#946,#947,#948,#949,#950,#951,#952,#953,#954,#955,#956,#957,#958,#959,
#960,#961,#962),.UNSPECIFIED.,.F.,.F.,(4,3,3,3,3,3,3,3,4),(-28.985343233088,
-28.831431345793,-27.8372440580071,-26.8430567702211,-25.8488694824351,
-24.8546821946492,-23.8604949068632,-22.8663076190772,-22.7021579259084),
 .UNSPECIFIED.);
#143=B_SPLINE_CURVE_WITH_KNOTS('',3,(#967,#968,#969,#970,#971,#972,#973,
#974,#975,#976,#977,#978,#979,#980,#981,#982,#983,#984,#985,#986,#987,#988),
 .UNSPECIFIED.,.F.,.F.,(4,3,3,3,3,3,3,4),(20.1591190625159,20.8779330435053,
21.8721203312913,22.8663076190772,23.8604949068632,24.8546821946492,25.8488694824351,
26.4423043696955),.UNSPECIFIED.);
#144=B_SPLINE_CURVE_WITH_KNOTS('',3,(#989,#990,#991,#992,#993,#994,#995,
#996,#997,#998,#999,#1000,#1001,#1002,#1003,#1004,#1005,#1006,#1007,#1008,
#1009,#1010),.UNSPECIFIED.,.F.,.F.,(4,3,3,3,3,3,3,4),(-22.7021579259084,
-21.8721203312913,-20.8779330435053,-19.8837457557193,-18.8895584679334,
-17.8953711801474,-16.9011838923614,-16.4189726187288),.UNSPECIFIED.);
#145=B_SPLINE_CURVE_WITH_KNOTS('',3,(#1015,#1016,#1017,#1018,#1019,#1020,
#1021,#1022,#1023,#1024,#1025,#1026,#1027,#1028,#1029,#1030,#1031,#1032,
#1033,#1034,#1035,#1036,#1037,#1038,#1039),.UNSPECIFIED.,.F.,.F.,(4,3,3,
3,3,3,3,3,4),(13.8759337553363,13.9186220290035,14.9128093167895,15.9069966045755,
16.9011838923614,17.8953711801474,18.8895584679334,19.8837457557193,20.1591190625159),
 .UNSPECIFIED.);
#146=B_SPLINE_CURVE_WITH_KNOTS('',3,(#1040,#1041,#1042,#1043,#1044,#1045,
#1046,#1047,#1048,#1049,#1050,#1051,#1052,#1053,#1054,#1055,#1056,#1057,
#1058,#1059,#1060,#1061),.UNSPECIFIED.,.F.,.F.,(4,3,3,3,3,3,3,4),(-16.4189726187288,
-15.9069966045755,-14.9128093167895,-13.9186220290035,-12.9244347412176,
-11.9302474534316,-10.9360601656456,-10.1357873115492),.UNSPECIFIED.);
#147=B_SPLINE_CURVE_WITH_KNOTS('',3,(#1067,#1068,#1069,#1070,#1071,#1072,
#1073,#1074,#1075,#1076,#1077,#1078,#1079),.UNSPECIFIED.,.F.,.F.,(4,3,3,
3,4),(-3.85260200436961,-2.9825618633579,-1.98837457557193,-0.994187287785966,
0.),.UNSPECIFIED.);
#148=B_SPLINE_CURVE_WITH_KNOTS('',3,(#1082,#1083,#1084,#1085,#1086,#1087,
#1088,#1089,#1090,#1091,#1092,#1093,#1094,#1095,#1096,#1097,#1098,#1099,
#1100),.UNSPECIFIED.,.F.,.F.,(4,3,3,3,3,3,4),(2.02057249175692,2.9825618633579,
3.97674915114387,4.97093643892983,5.9651237267158,6.95931101450176,7.5927484481567),
 .UNSPECIFIED.);
#149=B_SPLINE_CURVE_WITH_KNOTS('',3,(#1106,#1107,#1108,#1109),
 .UNSPECIFIED.,.F.,.F.,(4,4),(32.725489676875,32.8081804969369),
 .UNSPECIFIED.);
#150=B_SPLINE_CURVE_WITH_KNOTS('',3,(#1112,#1113,#1114,#1115,#1116,#1117,
#1118),.UNSPECIFIED.,.F.,.F.,(4,3,4),(-30.78760800518,-29.825618633579,
-28.9853432330879),.UNSPECIFIED.);
#151=B_SPLINE_CURVE_WITH_KNOTS('',3,(#1123,#1124,#1125,#1126,#1127,#1128,
#1129,#1130,#1131,#1132,#1133,#1134,#1135,#1136,#1137,#1138,#1139,#1140,
#1141,#1142,#1143,#1144),.UNSPECIFIED.,.F.,.F.,(4,3,3,3,3,3,3,4),(26.4423043696955,
26.8430567702211,27.8372440580071,28.831431345793,29.825618633579,30.819805921365,
31.8139932091509,32.725489676875),.UNSPECIFIED.);
#152=B_SPLINE_CURVE_WITH_KNOTS('',3,(#1145,#1146,#1147,#1148,#1149,#1150,
#1151,#1152,#1153,#1154,#1155,#1156,#1157,#1158,#1159,#1160,#1161,#1162,
#1163,#1164,#1165,#1166,#1167,#1168,#1169),.UNSPECIFIED.,.F.,.F.,(4,3,3,
3,3,3,3,3,4),(-28.9853432330879,-28.831431345793,-27.8372440580071,-26.8430567702211,
-25.8488694824351,-24.8546821946492,-23.8604949068632,-22.8663076190772,
-22.7021579259084),.UNSPECIFIED.);
#153=B_SPLINE_CURVE_WITH_KNOTS('',3,(#1174,#1175,#1176,#1177,#1178,#1179,
#1180,#1181,#1182,#1183,#1184,#1185,#1186,#1187,#1188,#1189,#1190,#1191,
#1192,#1193,#1194,#1195),.UNSPECIFIED.,.F.,.F.,(4,3,3,3,3,3,3,4),(20.1591190625159,
20.8779330435053,21.8721203312913,22.8663076190772,23.8604949068632,24.8546821946492,
25.8488694824351,26.4423043696955),.UNSPECIFIED.);
#154=B_SPLINE_CURVE_WITH_KNOTS('',3,(#1196,#1197,#1198,#1199,#1200,#1201,
#1202,#1203,#1204,#1205,#1206,#1207,#1208,#1209,#1210,#1211,#1212,#1213,
#1214,#1215,#1216,#1217),.UNSPECIFIED.,.F.,.F.,(4,3,3,3,3,3,3,4),(-22.7021579259084,
-21.8721203312913,-20.8779330435053,-19.8837457557193,-18.8895584679334,
-17.8953711801474,-16.9011838923614,-16.4189726187288),.UNSPECIFIED.);
#155=B_SPLINE_CURVE_WITH_KNOTS('',3,(#1222,#1223,#1224,#1225,#1226,#1227,
#1228,#1229,#1230,#1231,#1232,#1233,#1234,#1235,#1236,#1237,#1238,#1239,
#1240,#1241,#1242,#1243,#1244,#1245,#1246),.UNSPECIFIED.,.F.,.F.,(4,3,3,
3,3,3,3,3,4),(13.8759337553363,13.9186220290035,14.9128093167895,15.9069966045755,
16.9011838923614,17.8953711801474,18.8895584679334,19.8837457557193,20.1591190625159),
 .UNSPECIFIED.);
#156=B_SPLINE_CURVE_WITH_KNOTS('',3,(#1247,#1248,#1249,#1250,#1251,#1252,
#1253,#1254,#1255,#1256,#1257,#1258,#1259,#1260,#1261,#1262,#1263,#1264,
#1265,#1266,#1267,#1268),.UNSPECIFIED.,.F.,.F.,(4,3,3,3,3,3,3,4),(-16.4189726187288,
-15.9069966045755,-14.9128093167895,-13.9186220290035,-12.9244347412176,
-11.9302474534316,-10.9360601656456,-10.1357873115492),.UNSPECIFIED.);
#157=B_SPLINE_CURVE_WITH_KNOTS('',3,(#1274,#1275,#1276,#1277,#1278,#1279,
#1280,#1281,#1282,#1283,#1284,#1285,#1286),.UNSPECIFIED.,.F.,.F.,(4,3,3,
3,4),(-3.85260200436961,-2.9825618633579,-1.98837457557193,-0.994187287785964,
0.),.UNSPECIFIED.);
#158=B_SPLINE_CURVE_WITH_KNOTS('',3,(#1289,#1290,#1291,#1292,#1293,#1294,
#1295,#1296,#1297,#1298,#1299,#1300,#1301,#1302,#1303,#1304,#1305,#1306,
#1307),.UNSPECIFIED.,.F.,.F.,(4,3,3,3,3,3,4),(2.02057249175692,2.9825618633579,
3.97674915114387,4.97093643892984,5.9651237267158,6.95931101450177,7.59274844815669),
 .UNSPECIFIED.);
#159=B_SPLINE_CURVE_WITH_KNOTS('',3,(#1313,#1314,#1315,#1316,#1317,#1318,
#1319),.UNSPECIFIED.,.F.,.F.,(4,1,1,1,4),(40.8407044966673,41.6809798971584,
42.6751671849443,43.6693544727303,44.6635417605163),.UNSPECIFIED.);
#160=B_SPLINE_CURVE_WITH_KNOTS('',3,(#1322,#1323,#1324,#1325,#1326,#1327,
#1328,#1329),.UNSPECIFIED.,.F.,.F.,(4,1,1,1,1,4),(40.8407044966673,41.241456897193,
42.2356441849789,43.2298314727649,44.2240187605509,45.1860081321518),
 .UNSPECIFIED.);
#161=B_SPLINE_CURVE_WITH_KNOTS('',3,(#1334,#1335,#1336,#1337,#1338,#1339,
#1340,#1341,#1342,#1343,#1344),.UNSPECIFIED.,.F.,.F.,(4,1,1,1,1,1,1,1,4),
(34.5575191894877,34.7216688826566,35.7158561704426,36.7100434582285,37.7042307460145,
38.6984180338005,39.6926053215864,40.6867926093724,40.8407044966673),
 .UNSPECIFIED.);
#162=B_SPLINE_CURVE_WITH_KNOTS('',3,(#1345,#1346,#1347,#1348,#1349,#1350,
#1351,#1352,#1353,#1354),.UNSPECIFIED.,.F.,.F.,(4,1,1,1,1,1,1,4),(34.5575191894877,
35.2763331704772,36.2705204582631,37.2647077460491,38.2588950338351,39.253082321621,
40.247269609407,40.8407044966673),.UNSPECIFIED.);
#163=B_SPLINE_CURVE_WITH_KNOTS('',3,(#1359,#1360,#1361,#1362,#1363,#1364,
#1365,#1366,#1367,#1368),.UNSPECIFIED.,.F.,.F.,(4,1,1,1,1,1,1,4),(28.2743338823081,
28.7565451559408,29.7507324437268,30.7449197315127,31.7391070192987,32.7332943070847,
33.7274815948706,34.5575191894877),.UNSPECIFIED.);
#164=B_SPLINE_CURVE_WITH_KNOTS('',3,(#1369,#1370,#1371,#1372,#1373,#1374,
#1375,#1376,#1377,#1378,#1379),.UNSPECIFIED.,.F.,.F.,(4,1,1,1,1,1,1,1,4),
(28.2743338823081,28.3170221559754,29.3112094437614,30.3053967315473,31.2995840193333,
32.2937713071193,33.2879585949052,34.2821458826912,34.5575191894877),
 .UNSPECIFIED.);
#165=B_SPLINE_CURVE_WITH_KNOTS('',3,(#1384,#1385,#1386,#1387,#1388,#1389,
#1390,#1391,#1392,#1393),.UNSPECIFIED.,.F.,.F.,(4,1,1,1,1,1,1,4),(21.9911485751285,
22.791421429225,23.785608717011,24.7797960047969,25.7739832925829,26.7681705803689,
27.7623578681548,28.2743338823081),.UNSPECIFIED.);
#166=B_SPLINE_CURVE_WITH_KNOTS('',3,(#1394,#1395,#1396,#1397,#1398,#1399,
#1400,#1401,#1402,#1403),.UNSPECIFIED.,.F.,.F.,(4,1,1,1,1,1,1,4),(21.9911485751285,
22.3518984292596,23.3460857170456,24.3402730048315,25.3344602926175,26.3286475804035,
27.3228348681894,28.2743338823081),.UNSPECIFIED.);
#167=B_SPLINE_CURVE_WITH_KNOTS('',3,(#1409,#1410,#1411,#1412,#1413),
 .UNSPECIFIED.,.F.,.F.,(4,1,4),(14.3984001269719,15.3925874147578,15.7079632679489),
 .UNSPECIFIED.);
#168=B_SPLINE_CURVE_WITH_KNOTS('',3,(#1416,#1417,#1418,#1419,#1420),
 .UNSPECIFIED.,.F.,.F.,(4,1,4),(13.8759337553363,14.8379231269373,15.7079632679489),
 .UNSPECIFIED.);
#169=B_SPLINE_CURVE_WITH_KNOTS('',3,(#1426,#1427,#1428,#1429,#1430,#1431,
#1432),.UNSPECIFIED.,.F.,.F.,(4,1,1,1,4),(40.8407044966673,41.6809798971583,
42.6751671849443,43.6693544727303,44.6635417605162),.UNSPECIFIED.);
#170=B_SPLINE_CURVE_WITH_KNOTS('',3,(#1435,#1436,#1437,#1438,#1439,#1440,
#1441,#1442),.UNSPECIFIED.,.F.,.F.,(4,1,1,1,1,4),(40.8407044966673,41.2414568971929,
42.2356441849789,43.2298314727649,44.2240187605508,45.1860081321518),
 .UNSPECIFIED.);
#171=B_SPLINE_CURVE_WITH_KNOTS('',3,(#1447,#1448,#1449,#1450,#1451,#1452,
#1453,#1454,#1455,#1456,#1457),.UNSPECIFIED.,.F.,.F.,(4,1,1,1,1,1,1,1,4),
(34.5575191894877,34.7216688826566,35.7158561704425,36.7100434582285,37.7042307460145,
38.6984180338005,39.6926053215864,40.6867926093724,40.8407044966673),
 .UNSPECIFIED.);
#172=B_SPLINE_CURVE_WITH_KNOTS('',3,(#1458,#1459,#1460,#1461,#1462,#1463,
#1464,#1465,#1466,#1467),.UNSPECIFIED.,.F.,.F.,(4,1,1,1,1,1,1,4),(34.5575191894877,
35.2763331704772,36.2705204582631,37.2647077460491,38.2588950338351,39.253082321621,
40.247269609407,40.8407044966673),.UNSPECIFIED.);
#173=B_SPLINE_CURVE_WITH_KNOTS('',3,(#1472,#1473,#1474,#1475,#1476,#1477,
#1478,#1479,#1480,#1481),.UNSPECIFIED.,.F.,.F.,(4,1,1,1,1,1,1,4),(28.2743338823081,
28.7565451559408,29.7507324437268,30.7449197315127,31.7391070192987,32.7332943070846,
33.7274815948706,34.5575191894877),.UNSPECIFIED.);
#174=B_SPLINE_CURVE_WITH_KNOTS('',3,(#1482,#1483,#1484,#1485,#1486,#1487,
#1488,#1489,#1490,#1491,#1492),.UNSPECIFIED.,.F.,.F.,(4,1,1,1,1,1,1,1,4),
(28.2743338823081,28.3170221559754,29.3112094437614,30.3053967315473,31.2995840193333,
32.2937713071193,33.2879585949052,34.2821458826912,34.5575191894877),
 .UNSPECIFIED.);
#175=B_SPLINE_CURVE_WITH_KNOTS('',3,(#1497,#1498,#1499,#1500,#1501,#1502,
#1503,#1504,#1505,#1506),.UNSPECIFIED.,.F.,.F.,(4,1,1,1,1,1,1,4),(21.9911485751285,
22.791421429225,23.785608717011,24.7797960047969,25.7739832925829,26.7681705803689,
27.7623578681548,28.2743338823081),.UNSPECIFIED.);
#176=B_SPLINE_CURVE_WITH_KNOTS('',3,(#1507,#1508,#1509,#1510,#1511,#1512,
#1513,#1514,#1515,#1516),.UNSPECIFIED.,.F.,.F.,(4,1,1,1,1,1,1,4),(21.9911485751285,
22.3518984292596,23.3460857170456,24.3402730048315,25.3344602926175,26.3286475804035,
27.3228348681894,28.2743338823081),.UNSPECIFIED.);
#177=B_SPLINE_CURVE_WITH_KNOTS('',3,(#1522,#1523,#1524,#1525,#1526),
 .UNSPECIFIED.,.F.,.F.,(4,1,4),(14.3984001269719,15.3925874147578,15.707963267949),
 .UNSPECIFIED.);
#178=B_SPLINE_CURVE_WITH_KNOTS('',3,(#1529,#1530,#1531,#1532,#1533),
 .UNSPECIFIED.,.F.,.F.,(4,1,4),(13.8759337553363,14.8379231269373,15.707963267949),
 .UNSPECIFIED.);
#179=B_SPLINE_CURVE_WITH_KNOTS('',3,(#1535,#1536,#1537,#1538,#1539,#1540,
#1541,#1542,#1543,#1544,#1545),.UNSPECIFIED.,.F.,.F.,(4,1,1,1,1,1,1,1,4),
(15.707963267949,15.8321104147232,16.8262977025092,17.8204849902952,18.8146722780811,
19.8088595658671,20.8030468536531,21.797234141439,21.9911485751285),
 .UNSPECIFIED.);
#180=B_SPLINE_CURVE_WITH_KNOTS('',3,(#1546,#1547,#1548,#1549,#1550,#1551,
#1552,#1553,#1554,#1555),.UNSPECIFIED.,.F.,.F.,(4,1,1,1,1,1,1,4),(15.707963267949,
16.3867747025438,17.3809619903298,18.3751492781157,19.3693365659017,20.3635238536877,
21.3577111414736,21.9911485751285),.UNSPECIFIED.);
#181=B_SPLINE_CURVE_WITH_KNOTS('',3,(#1700,#1701,#1702,#1703,#1704,#1705,
#1706,#1707,#1708,#1709,#1710,#1711,#1712,#1713,#1714,#1715,#1716,#1717,
#1718,#1719,#1720,#1721,#1722,#1723,#1724,#1725,#1726,#1727,#1728,#1729,
#1730,#1731,#1732,#1733,#1734,#1735,#1736,#1737,#1738,#1739,#1740,#1741,
#1742,#1743,#1744,#1745,#1746,#1747,#1748,#1749,#1750,#1751,#1752,#1753,
#1754,#1755,#1756,#1757,#1758,#1759,#1760,#1761,#1762,#1763,#1764,#1765,
#1766,#1767,#1768,#1769,#1770,#1771,#1772,#1773,#1774,#1775),
 .UNSPECIFIED.,.F.,.F.,(4,3,3,3,3,3,3,3,3,3,3,3,3,3,3,3,3,3,3,3,3,3,3,3,
3,4),(-0.285142803995138,-0.266757973527035,-0.24931375524385,-0.245740519405648,
-0.227762171728289,-0.216549920293542,-0.212947908993753,-0.209456524559893,
-0.191608433482498,-0.174485295210861,-0.165065184263129,-0.156637194778535,
-0.153527466104073,-0.138064160250315,-0.12097133664758,-0.106363100034598,
-0.102981861882393,-0.10033602976694,-0.0837263638626268,-0.0672068721102398,
-0.0512442280422582,-0.0481899760415015,-0.0322756614748876,-0.0169224887720689,
-0.00410544374372196,0.),.UNSPECIFIED.);
#182=B_SPLINE_CURVE_WITH_KNOTS('',3,(#1776,#1777,#1778,#1779,#1780,#1781,
#1782,#1783,#1784,#1785,#1786,#1787,#1788,#1789,#1790,#1791,#1792,#1793,
#1794,#1795,#1796,#1797,#1798,#1799,#1800,#1801,#1802,#1803,#1804,#1805,
#1806,#1807,#1808,#1809,#1810,#1811,#1812,#1813,#1814,#1815,#1816,#1817,
#1818,#1819,#1820,#1821,#1822,#1823,#1824,#1825,#1826,#1827,#1828,#1829,
#1830,#1831,#1832,#1833,#1834,#1835,#1836,#1837,#1838,#1839,#1840,#1841,
#1842,#1843,#1844,#1845,#1846,#1847,#1848,#1849,#1850,#1851,#1852,#1853,
#1854,#1855,#1856,#1857),.UNSPECIFIED.,.F.,.F.,(4,3,3,3,3,3,3,3,3,3,3,3,
3,3,3,3,3,3,3,3,3,3,3,3,3,3,3,4),(0.,0.0151395562914103,0.0309593303997907,
0.0437784426405727,0.0496289674556387,0.0523752188696796,0.068688220017903,
0.0852963640646044,0.097350330129965,0.101001758931022,0.104239981096336,
0.121318532169728,0.133512228326047,0.150150925264377,0.154733890588714,
0.158578445457194,0.175604199538309,0.193038549700106,0.203930998406253,
0.209186041394894,0.212469772999418,0.215886118190144,0.233885121003476,
0.246534055101437,0.251338777186865,0.269527783714151,0.280178139349283,
0.285142803995147),.UNSPECIFIED.);
#183=B_SPLINE_CURVE_WITH_KNOTS('',3,(#1858,#1859,#1860,#1861,#1862,#1863,
#1864,#1865,#1866,#1867,#1868,#1869,#1870,#1871,#1872,#1873,#1874,#1875,
#1876,#1877,#1878,#1879,#1880,#1881,#1882),.UNSPECIFIED.,.F.,.F.,(4,3,3,
3,3,3,3,3,4),(-10.1357873115492,-9.94187287785966,-8.9476855900737,-7.95349830228773,
-6.95931101450176,-5.9651237267158,-4.97093643892983,-3.97674915114387,
-3.85260200436961),.UNSPECIFIED.);
#184=B_SPLINE_CURVE_WITH_KNOTS('',3,(#2027,#2028,#2029,#2030,#2031,#2032,
#2033,#2034,#2035,#2036,#2037,#2038,#2039,#2040,#2041,#2042,#2043,#2044,
#2045,#2046,#2047,#2048,#2049,#2050,#2051,#2052,#2053,#2054,#2055,#2056,
#2057,#2058,#2059,#2060,#2061,#2062,#2063,#2064,#2065,#2066,#2067,#2068,
#2069,#2070,#2071,#2072,#2073,#2074,#2075,#2076,#2077,#2078,#2079,#2080,
#2081,#2082,#2083,#2084,#2085,#2086,#2087,#2088,#2089,#2090,#2091,#2092,
#2093,#2094,#2095,#2096,#2097,#2098,#2099,#2100,#2101,#2102,#2103,#2104,
#2105),.UNSPECIFIED.,.F.,.F.,(4,3,3,3,3,3,3,3,3,3,3,3,3,3,3,3,3,3,3,3,3,
3,3,3,3,3,4),(-0.286347380332251,-0.271023934071279,-0.260126102859788,
-0.255545158870706,-0.251860196761731,-0.235666164392114,-0.229213970791103,
-0.2243657025216,-0.221005329958906,-0.20386021184859,-0.187076423272336,
-0.178413531833662,-0.17267972888096,-0.168869762738557,-0.152424857517639,
-0.13583815062677,-0.119481488002843,-0.116050988562965,-0.113113348608632,
-0.0957810939711861,-0.0780799162467779,-0.0597806895708849,-0.0567396924170944,
-0.0385158216695408,-0.0204690690334334,-0.0049848496353528,0.),
 .UNSPECIFIED.);
#185=B_SPLINE_CURVE_WITH_KNOTS('',3,(#2106,#2107,#2108,#2109,#2110,#2111,
#2112,#2113,#2114,#2115,#2116,#2117,#2118,#2119,#2120,#2121,#2122,#2123,
#2124,#2125,#2126,#2127),.UNSPECIFIED.,.F.,.F.,(4,3,3,3,3,3,3,4),(7.5927484481567,
7.95349830228773,8.9476855900737,9.94187287785967,10.9360601656456,11.9302474534316,
12.9244347412176,13.8759337553363),.UNSPECIFIED.);
#186=B_SPLINE_CURVE_WITH_KNOTS('',3,(#2128,#2129,#2130,#2131,#2132,#2133,
#2134,#2135,#2136,#2137,#2138,#2139,#2140,#2141,#2142,#2143,#2144,#2145,
#2146,#2147,#2148,#2149,#2150,#2151,#2152,#2153,#2154,#2155,#2156,#2157,
#2158,#2159,#2160,#2161,#2162,#2163,#2164,#2165,#2166,#2167,#2168,#2169,
#2170,#2171,#2172,#2173,#2174,#2175,#2176,#2177,#2178,#2179,#2180,#2181,
#2182,#2183,#2184,#2185,#2186,#2187,#2188,#2189,#2190,#2191,#2192,#2193,
#2194,#2195,#2196,#2197,#2198,#2199,#2200,#2201,#2202,#2203,#2204,#2205,
#2206),.UNSPECIFIED.,.F.,.F.,(4,3,3,3,3,3,3,3,3,3,3,3,3,3,3,3,3,3,3,3,3,
3,3,3,3,3,4),(0.,0.0184817060419573,0.0367234284872172,0.0506147059682723,
0.0580404427818349,0.0611485757996457,0.0789031804848087,0.0962932200494949,
0.109183327121036,0.115750491917138,0.119107358954805,0.135943657756596,
0.147853648335658,0.164650458433791,0.169419285874306,0.173089658794139,
0.189859695498297,0.206617672268262,0.216884486759915,0.222219657144357,
0.226237274512179,0.242329677880615,0.253217727405261,0.258083865993534,
0.273545039219768,0.282228129120723,0.286347380332248),.UNSPECIFIED.);
#187=B_SPLINE_CURVE_WITH_KNOTS('',3,(#2208,#2209,#2210,#2211,#2212,#2213,
#2214,#2215,#2216,#2217,#2218),.UNSPECIFIED.,.F.,.F.,(4,1,1,1,1,1,1,1,4),
(15.7079632679489,15.8321104147232,16.8262977025092,17.8204849902952,18.8146722780811,
19.8088595658671,20.8030468536531,21.797234141439,21.9911485751285),
 .UNSPECIFIED.);
#188=B_SPLINE_CURVE_WITH_KNOTS('',3,(#2219,#2220,#2221,#2222,#2223,#2224,
#2225,#2226,#2227,#2228),.UNSPECIFIED.,.F.,.F.,(4,1,1,1,1,1,1,4),(15.7079632679489,
16.3867747025438,17.3809619903298,18.3751492781157,19.3693365659017,20.3635238536877,
21.3577111414736,21.9911485751285),.UNSPECIFIED.);
#189=B_SPLINE_CURVE_WITH_KNOTS('',3,(#2373,#2374,#2375,#2376,#2377,#2378,
#2379,#2380,#2381,#2382,#2383,#2384,#2385,#2386,#2387,#2388,#2389,#2390,
#2391,#2392,#2393,#2394,#2395,#2396,#2397,#2398,#2399,#2400,#2401,#2402,
#2403,#2404,#2405,#2406,#2407,#2408,#2409,#2410,#2411,#2412,#2413,#2414,
#2415,#2416,#2417,#2418,#2419,#2420,#2421,#2422,#2423,#2424,#2425,#2426,
#2427,#2428,#2429,#2430,#2431,#2432,#2433,#2434,#2435,#2436,#2437,#2438,
#2439,#2440,#2441,#2442,#2443,#2444,#2445,#2446,#2447,#2448),
 .UNSPECIFIED.,.F.,.F.,(4,3,3,3,3,3,3,3,3,3,3,3,3,3,3,3,3,3,3,3,3,3,3,3,
3,4),(-0.285142803995149,-0.266757973527045,-0.249313629800028,-0.245740310108602,
-0.227761984657775,-0.216549756606843,-0.212947536142867,-0.209456455608613,
-0.19160838176904,-0.174485343545975,-0.165065234490681,-0.156637280732389,
-0.15352747168983,-0.138064160250321,-0.12097132668006,-0.106363091313018,
-0.102981961520707,-0.10033615342927,-0.0837264784728898,-0.0672070281123987,
-0.0512446018886817,-0.0481900289324443,-0.0322757927338283,-0.01692283802717,
-0.00410544374372372,0.),.UNSPECIFIED.);
#190=B_SPLINE_CURVE_WITH_KNOTS('',3,(#2449,#2450,#2451,#2452,#2453,#2454,
#2455,#2456,#2457,#2458,#2459,#2460,#2461,#2462,#2463,#2464,#2465,#2466,
#2467,#2468,#2469,#2470,#2471,#2472,#2473,#2474,#2475,#2476,#2477,#2478,
#2479,#2480,#2481,#2482,#2483,#2484,#2485,#2486,#2487,#2488,#2489,#2490,
#2491,#2492,#2493,#2494,#2495,#2496,#2497,#2498,#2499,#2500,#2501,#2502,
#2503,#2504,#2505,#2506,#2507,#2508,#2509,#2510,#2511,#2512,#2513,#2514,
#2515,#2516,#2517,#2518,#2519,#2520,#2521,#2522,#2523,#2524,#2525,#2526,
#2527,#2528,#2529,#2530),.UNSPECIFIED.,.F.,.F.,(4,3,3,3,3,3,3,3,3,3,3,3,
3,3,3,3,3,3,3,3,3,3,3,3,3,3,3,4),(0.,0.015139911482927,0.0309599333080718,
0.0437789701853187,0.0496309337755378,0.0523788359507174,0.0686921624975148,
0.0853003682654118,0.0973533332805706,0.101013643879721,0.104238743500597,
0.121317249100186,0.133512228326047,0.150150742909118,0.154733637431166,
0.158578409921761,0.175603955887132,0.193038211926873,0.203930702854675,
0.20918585920285,0.212469202838563,0.215886007477474,0.233885003642964,
0.246533851421653,0.25133870772578,0.269527711995697,0.280178139349284,
0.285142803995148),.UNSPECIFIED.);
#191=B_SPLINE_CURVE_WITH_KNOTS('',3,(#2531,#2532,#2533,#2534,#2535,#2536,
#2537,#2538,#2539,#2540,#2541,#2542,#2543,#2544,#2545,#2546,#2547,#2548,
#2549,#2550,#2551,#2552,#2553,#2554,#2555),.UNSPECIFIED.,.F.,.F.,(4,3,3,
3,3,3,3,3,4),(-10.1357873115492,-9.94187287785966,-8.9476855900737,-7.95349830228773,
-6.95931101450177,-5.9651237267158,-4.97093643892983,-3.97674915114387,
-3.85260200436961),.UNSPECIFIED.);
#192=B_SPLINE_CURVE_WITH_KNOTS('',3,(#2700,#2701,#2702,#2703,#2704,#2705,
#2706,#2707,#2708,#2709,#2710,#2711,#2712,#2713,#2714,#2715,#2716,#2717,
#2718,#2719,#2720,#2721,#2722,#2723,#2724,#2725,#2726,#2727,#2728,#2729,
#2730,#2731,#2732,#2733,#2734,#2735,#2736,#2737,#2738,#2739,#2740,#2741,
#2742,#2743,#2744,#2745,#2746,#2747,#2748,#2749,#2750,#2751,#2752,#2753,
#2754,#2755,#2756,#2757,#2758,#2759,#2760,#2761,#2762,#2763,#2764,#2765,
#2766,#2767,#2768,#2769,#2770,#2771,#2772,#2773,#2774,#2775,#2776,#2777,
#2778),.UNSPECIFIED.,.F.,.F.,(4,3,3,3,3,3,3,3,3,3,3,3,3,3,3,3,3,3,3,3,3,
3,3,3,3,3,4),(-0.286347380332255,-0.271023628987816,-0.260124951369253,
-0.25554034188283,-0.251859051252365,-0.235664802454178,-0.22921111845873,
-0.224335297871359,-0.220955842235729,-0.203823096056208,-0.187039619242679,
-0.178385928811421,-0.17261217369708,-0.168857064344429,-0.152424857517646,
-0.135838369184845,-0.119481679241159,-0.116049975936696,-0.113113171558363,
-0.0957810718524489,-0.0780799479033795,-0.0597807063934249,-0.0567397417500738,
-0.0385158975373393,-0.0204691613047982,-0.00498484963535478,0.),
 .UNSPECIFIED.);
#193=B_SPLINE_CURVE_WITH_KNOTS('',3,(#2779,#2780,#2781,#2782,#2783,#2784,
#2785,#2786,#2787,#2788,#2789,#2790,#2791,#2792,#2793,#2794,#2795,#2796,
#2797,#2798,#2799,#2800),.UNSPECIFIED.,.F.,.F.,(4,3,3,3,3,3,3,4),(7.59274844815669,
7.95349830228773,8.9476855900737,9.94187287785967,10.9360601656456,11.9302474534316,
12.9244347412176,13.8759337553363),.UNSPECIFIED.);
#194=B_SPLINE_CURVE_WITH_KNOTS('',3,(#2801,#2802,#2803,#2804,#2805,#2806,
#2807,#2808,#2809,#2810,#2811,#2812,#2813,#2814,#2815,#2816,#2817,#2818,
#2819,#2820,#2821,#2822,#2823,#2824,#2825,#2826,#2827,#2828,#2829,#2830,
#2831,#2832,#2833,#2834,#2835,#2836,#2837,#2838,#2839,#2840,#2841,#2842,
#2843,#2844,#2845,#2846,#2847,#2848,#2849,#2850,#2851,#2852,#2853,#2854,
#2855,#2856,#2857,#2858,#2859,#2860,#2861,#2862,#2863,#2864,#2865,#2866,
#2867,#2868,#2869,#2870,#2871,#2872,#2873,#2874,#2875,#2876,#2877,#2878,
#2879),.UNSPECIFIED.,.F.,.F.,(4,3,3,3,3,3,3,3,3,3,3,3,3,3,3,3,3,3,3,3,3,
3,3,3,3,3,4),(0.,0.0184817060419573,0.0367234379083629,0.0506147142117749,
0.0580404787521751,0.0611486063567234,0.0789032036222516,0.0962931494587278,
0.10918327417796,0.115750470760068,0.119107366497188,0.13594357807814,0.147853648335659,
0.164650458433792,0.169419259202438,0.173089642095404,0.189859684950149,
0.206617640771286,0.216884609386068,0.222219658264866,0.226237246963098,
0.242329544798921,0.253217494517466,0.258083822577376,0.273544819048423,
0.282228129120726,0.28634738033225),.UNSPECIFIED.);
#195=LINE('',#897,#223);
#196=LINE('',#915,#224);
#197=LINE('',#966,#225);
#198=LINE('',#1014,#226);
#199=LINE('',#1065,#227);
#200=LINE('',#1104,#228);
#201=LINE('',#1122,#229);
#202=LINE('',#1173,#230);
#203=LINE('',#1221,#231);
#204=LINE('',#1272,#232);
#205=LINE('',#1311,#233);
#206=LINE('',#1333,#234);
#207=LINE('',#1358,#235);
#208=LINE('',#1383,#236);
#209=LINE('',#1407,#237);
#210=LINE('',#1424,#238);
#211=LINE('',#1446,#239);
#212=LINE('',#1471,#240);
#213=LINE('',#1496,#241);
#214=LINE('',#1520,#242);
#215=LINE('',#2911,#243);
#216=LINE('',#2918,#244);
#217=LINE('',#2923,#245);
#218=LINE('',#2926,#246);
#219=LINE('',#2932,#247);
#220=LINE('',#2946,#248);
#221=LINE('',#2956,#249);
#222=LINE('',#2958,#250);
#223=VECTOR('',#775,0.825);
#224=VECTOR('',#780,0.825);
#225=VECTOR('',#783,0.825);
#226=VECTOR('',#786,0.825);
#227=VECTOR('',#789,0.825);
#228=VECTOR('',#794,0.825);
#229=VECTOR('',#799,0.825);
#230=VECTOR('',#802,0.825);
#231=VECTOR('',#805,0.825);
#232=VECTOR('',#808,0.825);
#233=VECTOR('',#813,1.543);
#234=VECTOR('',#818,1.543);
#235=VECTOR('',#821,1.543);
#236=VECTOR('',#824,1.543);
#237=VECTOR('',#827,1.543);
#238=VECTOR('',#832,1.543);
#239=VECTOR('',#837,1.543);
#240=VECTOR('',#840,1.543);
#241=VECTOR('',#843,1.543);
#242=VECTOR('',#846,1.543);
#243=VECTOR('',#863,2.45);
#244=VECTOR('',#868,10.);
#245=VECTOR('',#869,10.);
#246=VECTOR('',#872,10.);
#247=VECTOR('',#875,10.);
#248=VECTOR('',#878,2.45);
#249=VECTOR('',#883,10.);
#250=VECTOR('',#886,10.);
#251=VERTEX_POINT('',#895);
#252=VERTEX_POINT('',#896);
#253=VERTEX_POINT('',#898);
#254=VERTEX_POINT('',#903);
#255=VERTEX_POINT('',#913);
#256=VERTEX_POINT('',#914);
#257=VERTEX_POINT('',#964);
#258=VERTEX_POINT('',#965);
#259=VERTEX_POINT('',#1012);
#260=VERTEX_POINT('',#1013);
#261=VERTEX_POINT('',#1063);
#262=VERTEX_POINT('',#1064);
#263=VERTEX_POINT('',#1066);
#264=VERTEX_POINT('',#1080);
#265=VERTEX_POINT('',#1102);
#266=VERTEX_POINT('',#1103);
#267=VERTEX_POINT('',#1105);
#268=VERTEX_POINT('',#1110);
#269=VERTEX_POINT('',#1120);
#270=VERTEX_POINT('',#1121);
#271=VERTEX_POINT('',#1171);
#272=VERTEX_POINT('',#1172);
#273=VERTEX_POINT('',#1219);
#274=VERTEX_POINT('',#1220);
#275=VERTEX_POINT('',#1270);
#276=VERTEX_POINT('',#1271);
#277=VERTEX_POINT('',#1273);
#278=VERTEX_POINT('',#1287);
#279=VERTEX_POINT('',#1309);
#280=VERTEX_POINT('',#1310);
#281=VERTEX_POINT('',#1312);
#282=VERTEX_POINT('',#1320);
#283=VERTEX_POINT('',#1331);
#284=VERTEX_POINT('',#1332);
#285=VERTEX_POINT('',#1356);
#286=VERTEX_POINT('',#1357);
#287=VERTEX_POINT('',#1381);
#288=VERTEX_POINT('',#1382);
#289=VERTEX_POINT('',#1405);
#290=VERTEX_POINT('',#1406);
#291=VERTEX_POINT('',#1408);
#292=VERTEX_POINT('',#1414);
#293=VERTEX_POINT('',#1422);
#294=VERTEX_POINT('',#1423);
#295=VERTEX_POINT('',#1425);
#296=VERTEX_POINT('',#1433);
#297=VERTEX_POINT('',#1444);
#298=VERTEX_POINT('',#1445);
#299=VERTEX_POINT('',#1469);
#300=VERTEX_POINT('',#1470);
#301=VERTEX_POINT('',#1494);
#302=VERTEX_POINT('',#1495);
#303=VERTEX_POINT('',#1518);
#304=VERTEX_POINT('',#1519);
#305=VERTEX_POINT('',#1521);
#306=VERTEX_POINT('',#1527);
#307=VERTEX_POINT('',#2885);
#308=VERTEX_POINT('',#2886);
#309=VERTEX_POINT('',#2890);
#310=VERTEX_POINT('',#2894);
#311=VERTEX_POINT('',#2898);
#312=VERTEX_POINT('',#2902);
#313=VERTEX_POINT('',#2906);
#314=VERTEX_POINT('',#2910);
#315=VERTEX_POINT('',#2917);
#316=VERTEX_POINT('',#2919);
#317=VERTEX_POINT('',#2925);
#318=VERTEX_POINT('',#2931);
#319=VERTEX_POINT('',#2937);
#320=VERTEX_POINT('',#2941);
#321=VERTEX_POINT('',#2945);
#322=VERTEX_POINT('',#2948);
#323=EDGE_CURVE('',#251,#252,#195,.T.);
#324=EDGE_CURVE('',#252,#253,#139,.T.);
#325=EDGE_CURVE('',#253,#254,#129,.T.);
#326=EDGE_CURVE('',#254,#251,#140,.T.);
#327=EDGE_CURVE('',#255,#256,#196,.T.);
#328=EDGE_CURVE('',#256,#252,#141,.T.);
#329=EDGE_CURVE('',#251,#255,#142,.T.);
#330=EDGE_CURVE('',#257,#258,#197,.T.);
#331=EDGE_CURVE('',#258,#256,#143,.T.);
#332=EDGE_CURVE('',#255,#257,#144,.T.);
#333=EDGE_CURVE('',#259,#260,#198,.T.);
#334=EDGE_CURVE('',#260,#258,#145,.T.);
#335=EDGE_CURVE('',#257,#259,#146,.T.);
#336=EDGE_CURVE('',#261,#262,#199,.T.);
#337=EDGE_CURVE('',#261,#263,#147,.T.);
#338=EDGE_CURVE('',#264,#263,#130,.T.);
#339=EDGE_CURVE('',#264,#262,#148,.T.);
#340=EDGE_CURVE('',#265,#266,#200,.T.);
#341=EDGE_CURVE('',#266,#267,#149,.T.);
#342=EDGE_CURVE('',#267,#268,#131,.T.);
#343=EDGE_CURVE('',#268,#265,#150,.T.);
#344=EDGE_CURVE('',#269,#270,#201,.T.);
#345=EDGE_CURVE('',#270,#266,#151,.T.);
#346=EDGE_CURVE('',#265,#269,#152,.T.);
#347=EDGE_CURVE('',#271,#272,#202,.T.);
#348=EDGE_CURVE('',#272,#270,#153,.T.);
#349=EDGE_CURVE('',#269,#271,#154,.T.);
#350=EDGE_CURVE('',#273,#274,#203,.T.);
#351=EDGE_CURVE('',#274,#272,#155,.T.);
#352=EDGE_CURVE('',#271,#273,#156,.T.);
#353=EDGE_CURVE('',#275,#276,#204,.T.);
#354=EDGE_CURVE('',#275,#277,#157,.T.);
#355=EDGE_CURVE('',#278,#277,#132,.F.);
#356=EDGE_CURVE('',#278,#276,#158,.T.);
#357=EDGE_CURVE('',#279,#280,#205,.T.);
#358=EDGE_CURVE('',#280,#281,#159,.T.);
#359=EDGE_CURVE('',#282,#281,#133,.T.);
#360=EDGE_CURVE('',#279,#282,#160,.T.);
#361=EDGE_CURVE('',#283,#284,#206,.T.);
#362=EDGE_CURVE('',#284,#280,#161,.T.);
#363=EDGE_CURVE('',#283,#279,#162,.T.);
#364=EDGE_CURVE('',#285,#286,#207,.T.);
#365=EDGE_CURVE('',#286,#284,#163,.T.);
#366=EDGE_CURVE('',#285,#283,#164,.T.);
#367=EDGE_CURVE('',#287,#288,#208,.T.);
#368=EDGE_CURVE('',#288,#286,#165,.T.);
#369=EDGE_CURVE('',#287,#285,#166,.T.);
#370=EDGE_CURVE('',#289,#290,#209,.T.);
#371=EDGE_CURVE('',#291,#289,#167,.T.);
#372=EDGE_CURVE('',#292,#291,#134,.T.);
#373=EDGE_CURVE('',#292,#290,#168,.T.);
#374=EDGE_CURVE('',#293,#294,#210,.T.);
#375=EDGE_CURVE('',#294,#295,#169,.T.);
#376=EDGE_CURVE('',#296,#295,#135,.T.);
#377=EDGE_CURVE('',#293,#296,#170,.T.);
#378=EDGE_CURVE('',#297,#298,#211,.T.);
#379=EDGE_CURVE('',#298,#294,#171,.T.);
#380=EDGE_CURVE('',#297,#293,#172,.T.);
#381=EDGE_CURVE('',#299,#300,#212,.T.);
#382=EDGE_CURVE('',#300,#298,#173,.T.);
#383=EDGE_CURVE('',#299,#297,#174,.T.);
#384=EDGE_CURVE('',#301,#302,#213,.T.);
#385=EDGE_CURVE('',#302,#300,#175,.T.);
#386=EDGE_CURVE('',#301,#299,#176,.T.);
#387=EDGE_CURVE('',#303,#304,#214,.T.);
#388=EDGE_CURVE('',#305,#303,#177,.T.);
#389=EDGE_CURVE('',#306,#305,#136,.T.);
#390=EDGE_CURVE('',#306,#304,#178,.T.);
#391=EDGE_CURVE('',#304,#302,#179,.T.);
#392=EDGE_CURVE('',#303,#301,#180,.T.);
#393=EDGE_CURVE('',#295,#254,#181,.T.);
#394=EDGE_CURVE('',#263,#306,#182,.T.);
#395=EDGE_CURVE('',#259,#261,#183,.T.);
#396=EDGE_CURVE('',#253,#296,#184,.T.);
#397=EDGE_CURVE('',#262,#260,#185,.T.);
#398=EDGE_CURVE('',#305,#264,#186,.T.);
#399=EDGE_CURVE('',#290,#288,#187,.T.);
#400=EDGE_CURVE('',#289,#287,#188,.T.);
#401=EDGE_CURVE('',#281,#268,#189,.T.);
#402=EDGE_CURVE('',#277,#292,#190,.T.);
#403=EDGE_CURVE('',#273,#275,#191,.T.);
#404=EDGE_CURVE('',#267,#282,#192,.T.);
#405=EDGE_CURVE('',#276,#274,#193,.T.);
#406=EDGE_CURVE('',#291,#278,#194,.T.);
#407=EDGE_CURVE('',#307,#308,#17,.T.);
#408=EDGE_CURVE('',#309,#307,#18,.T.);
#409=EDGE_CURVE('',#310,#309,#19,.T.);
#410=EDGE_CURVE('',#311,#310,#20,.T.);
#411=EDGE_CURVE('',#312,#311,#21,.T.);
#412=EDGE_CURVE('',#313,#312,#22,.T.);
#413=EDGE_CURVE('',#313,#314,#215,.T.);
#414=EDGE_CURVE('',#314,#314,#137,.T.);
#415=EDGE_CURVE('',#308,#313,#23,.T.);
#416=EDGE_CURVE('',#310,#315,#216,.T.);
#417=EDGE_CURVE('',#315,#316,#24,.T.);
#418=EDGE_CURVE('',#311,#316,#217,.T.);
#419=EDGE_CURVE('',#309,#317,#218,.T.);
#420=EDGE_CURVE('',#317,#315,#25,.T.);
#421=EDGE_CURVE('',#307,#318,#219,.T.);
#422=EDGE_CURVE('',#318,#317,#26,.T.);
#423=EDGE_CURVE('',#319,#318,#27,.T.);
#424=EDGE_CURVE('',#320,#319,#28,.T.);
#425=EDGE_CURVE('',#320,#321,#220,.T.);
#426=EDGE_CURVE('',#321,#321,#138,.T.);
#427=EDGE_CURVE('',#322,#320,#29,.T.);
#428=EDGE_CURVE('',#316,#322,#30,.T.);
#429=EDGE_CURVE('',#308,#319,#221,.T.);
#430=EDGE_CURVE('',#312,#322,#222,.T.);
#431=ORIENTED_EDGE('',*,*,#323,.T.);
#432=ORIENTED_EDGE('',*,*,#324,.T.);
#433=ORIENTED_EDGE('',*,*,#325,.T.);
#434=ORIENTED_EDGE('',*,*,#326,.T.);
#435=ORIENTED_EDGE('',*,*,#327,.T.);
#436=ORIENTED_EDGE('',*,*,#328,.T.);
#437=ORIENTED_EDGE('',*,*,#323,.F.);
#438=ORIENTED_EDGE('',*,*,#329,.T.);
#439=ORIENTED_EDGE('',*,*,#330,.T.);
#440=ORIENTED_EDGE('',*,*,#331,.T.);
#441=ORIENTED_EDGE('',*,*,#327,.F.);
#442=ORIENTED_EDGE('',*,*,#332,.T.);
#443=ORIENTED_EDGE('',*,*,#333,.T.);
#444=ORIENTED_EDGE('',*,*,#334,.T.);
#445=ORIENTED_EDGE('',*,*,#330,.F.);
#446=ORIENTED_EDGE('',*,*,#335,.T.);
#447=ORIENTED_EDGE('',*,*,#336,.F.);
#448=ORIENTED_EDGE('',*,*,#337,.T.);
#449=ORIENTED_EDGE('',*,*,#338,.F.);
#450=ORIENTED_EDGE('',*,*,#339,.T.);
#451=ORIENTED_EDGE('',*,*,#340,.T.);
#452=ORIENTED_EDGE('',*,*,#341,.T.);
#453=ORIENTED_EDGE('',*,*,#342,.T.);
#454=ORIENTED_EDGE('',*,*,#343,.T.);
#455=ORIENTED_EDGE('',*,*,#344,.T.);
#456=ORIENTED_EDGE('',*,*,#345,.T.);
#457=ORIENTED_EDGE('',*,*,#340,.F.);
#458=ORIENTED_EDGE('',*,*,#346,.T.);
#459=ORIENTED_EDGE('',*,*,#347,.T.);
#460=ORIENTED_EDGE('',*,*,#348,.T.);
#461=ORIENTED_EDGE('',*,*,#344,.F.);
#462=ORIENTED_EDGE('',*,*,#349,.T.);
#463=ORIENTED_EDGE('',*,*,#350,.T.);
#464=ORIENTED_EDGE('',*,*,#351,.T.);
#465=ORIENTED_EDGE('',*,*,#347,.F.);
#466=ORIENTED_EDGE('',*,*,#352,.T.);
#467=ORIENTED_EDGE('',*,*,#353,.F.);
#468=ORIENTED_EDGE('',*,*,#354,.T.);
#469=ORIENTED_EDGE('',*,*,#355,.F.);
#470=ORIENTED_EDGE('',*,*,#356,.T.);
#471=ORIENTED_EDGE('',*,*,#357,.T.);
#472=ORIENTED_EDGE('',*,*,#358,.T.);
#473=ORIENTED_EDGE('',*,*,#359,.F.);
#474=ORIENTED_EDGE('',*,*,#360,.F.);
#475=ORIENTED_EDGE('',*,*,#361,.T.);
#476=ORIENTED_EDGE('',*,*,#362,.T.);
#477=ORIENTED_EDGE('',*,*,#357,.F.);
#478=ORIENTED_EDGE('',*,*,#363,.F.);
#479=ORIENTED_EDGE('',*,*,#364,.T.);
#480=ORIENTED_EDGE('',*,*,#365,.T.);
#481=ORIENTED_EDGE('',*,*,#361,.F.);
#482=ORIENTED_EDGE('',*,*,#366,.F.);
#483=ORIENTED_EDGE('',*,*,#367,.T.);
#484=ORIENTED_EDGE('',*,*,#368,.T.);
#485=ORIENTED_EDGE('',*,*,#364,.F.);
#486=ORIENTED_EDGE('',*,*,#369,.F.);
#487=ORIENTED_EDGE('',*,*,#370,.F.);
#488=ORIENTED_EDGE('',*,*,#371,.F.);
#489=ORIENTED_EDGE('',*,*,#372,.F.);
#490=ORIENTED_EDGE('',*,*,#373,.T.);
#491=ORIENTED_EDGE('',*,*,#374,.T.);
#492=ORIENTED_EDGE('',*,*,#375,.T.);
#493=ORIENTED_EDGE('',*,*,#376,.F.);
#494=ORIENTED_EDGE('',*,*,#377,.F.);
#495=ORIENTED_EDGE('',*,*,#378,.T.);
#496=ORIENTED_EDGE('',*,*,#379,.T.);
#497=ORIENTED_EDGE('',*,*,#374,.F.);
#498=ORIENTED_EDGE('',*,*,#380,.F.);
#499=ORIENTED_EDGE('',*,*,#381,.T.);
#500=ORIENTED_EDGE('',*,*,#382,.T.);
#501=ORIENTED_EDGE('',*,*,#378,.F.);
#502=ORIENTED_EDGE('',*,*,#383,.F.);
#503=ORIENTED_EDGE('',*,*,#384,.T.);
#504=ORIENTED_EDGE('',*,*,#385,.T.);
#505=ORIENTED_EDGE('',*,*,#381,.F.);
#506=ORIENTED_EDGE('',*,*,#386,.F.);
#507=ORIENTED_EDGE('',*,*,#387,.F.);
#508=ORIENTED_EDGE('',*,*,#388,.F.);
#509=ORIENTED_EDGE('',*,*,#389,.F.);
#510=ORIENTED_EDGE('',*,*,#390,.T.);
#511=ORIENTED_EDGE('',*,*,#387,.T.);
#512=ORIENTED_EDGE('',*,*,#391,.T.);
#513=ORIENTED_EDGE('',*,*,#384,.F.);
#514=ORIENTED_EDGE('',*,*,#392,.F.);
#515=ORIENTED_EDGE('',*,*,#393,.F.);
#516=ORIENTED_EDGE('',*,*,#375,.F.);
#517=ORIENTED_EDGE('',*,*,#379,.F.);
#518=ORIENTED_EDGE('',*,*,#382,.F.);
#519=ORIENTED_EDGE('',*,*,#385,.F.);
#520=ORIENTED_EDGE('',*,*,#391,.F.);
#521=ORIENTED_EDGE('',*,*,#390,.F.);
#522=ORIENTED_EDGE('',*,*,#394,.F.);
#523=ORIENTED_EDGE('',*,*,#337,.F.);
#524=ORIENTED_EDGE('',*,*,#395,.F.);
#525=ORIENTED_EDGE('',*,*,#335,.F.);
#526=ORIENTED_EDGE('',*,*,#332,.F.);
#527=ORIENTED_EDGE('',*,*,#329,.F.);
#528=ORIENTED_EDGE('',*,*,#326,.F.);
#529=ORIENTED_EDGE('',*,*,#396,.F.);
#530=ORIENTED_EDGE('',*,*,#324,.F.);
#531=ORIENTED_EDGE('',*,*,#328,.F.);
#532=ORIENTED_EDGE('',*,*,#331,.F.);
#533=ORIENTED_EDGE('',*,*,#334,.F.);
#534=ORIENTED_EDGE('',*,*,#397,.F.);
#535=ORIENTED_EDGE('',*,*,#339,.F.);
#536=ORIENTED_EDGE('',*,*,#398,.F.);
#537=ORIENTED_EDGE('',*,*,#388,.T.);
#538=ORIENTED_EDGE('',*,*,#392,.T.);
#539=ORIENTED_EDGE('',*,*,#386,.T.);
#540=ORIENTED_EDGE('',*,*,#383,.T.);
#541=ORIENTED_EDGE('',*,*,#380,.T.);
#542=ORIENTED_EDGE('',*,*,#377,.T.);
#543=ORIENTED_EDGE('',*,*,#370,.T.);
#544=ORIENTED_EDGE('',*,*,#399,.T.);
#545=ORIENTED_EDGE('',*,*,#367,.F.);
#546=ORIENTED_EDGE('',*,*,#400,.F.);
#547=ORIENTED_EDGE('',*,*,#401,.F.);
#548=ORIENTED_EDGE('',*,*,#358,.F.);
#549=ORIENTED_EDGE('',*,*,#362,.F.);
#550=ORIENTED_EDGE('',*,*,#365,.F.);
#551=ORIENTED_EDGE('',*,*,#368,.F.);
#552=ORIENTED_EDGE('',*,*,#399,.F.);
#553=ORIENTED_EDGE('',*,*,#373,.F.);
#554=ORIENTED_EDGE('',*,*,#402,.F.);
#555=ORIENTED_EDGE('',*,*,#354,.F.);
#556=ORIENTED_EDGE('',*,*,#403,.F.);
#557=ORIENTED_EDGE('',*,*,#352,.F.);
#558=ORIENTED_EDGE('',*,*,#349,.F.);
#559=ORIENTED_EDGE('',*,*,#346,.F.);
#560=ORIENTED_EDGE('',*,*,#343,.F.);
#561=ORIENTED_EDGE('',*,*,#404,.F.);
#562=ORIENTED_EDGE('',*,*,#341,.F.);
#563=ORIENTED_EDGE('',*,*,#345,.F.);
#564=ORIENTED_EDGE('',*,*,#348,.F.);
#565=ORIENTED_EDGE('',*,*,#351,.F.);
#566=ORIENTED_EDGE('',*,*,#405,.F.);
#567=ORIENTED_EDGE('',*,*,#356,.F.);
#568=ORIENTED_EDGE('',*,*,#406,.F.);
#569=ORIENTED_EDGE('',*,*,#371,.T.);
#570=ORIENTED_EDGE('',*,*,#400,.T.);
#571=ORIENTED_EDGE('',*,*,#369,.T.);
#572=ORIENTED_EDGE('',*,*,#366,.T.);
#573=ORIENTED_EDGE('',*,*,#363,.T.);
#574=ORIENTED_EDGE('',*,*,#360,.T.);
#575=ORIENTED_EDGE('',*,*,#353,.T.);
#576=ORIENTED_EDGE('',*,*,#405,.T.);
#577=ORIENTED_EDGE('',*,*,#350,.F.);
#578=ORIENTED_EDGE('',*,*,#403,.T.);
#579=ORIENTED_EDGE('',*,*,#404,.T.);
#580=ORIENTED_EDGE('',*,*,#359,.T.);
#581=ORIENTED_EDGE('',*,*,#401,.T.);
#582=ORIENTED_EDGE('',*,*,#342,.F.);
#583=ORIENTED_EDGE('',*,*,#336,.T.);
#584=ORIENTED_EDGE('',*,*,#397,.T.);
#585=ORIENTED_EDGE('',*,*,#333,.F.);
#586=ORIENTED_EDGE('',*,*,#395,.T.);
#587=ORIENTED_EDGE('',*,*,#396,.T.);
#588=ORIENTED_EDGE('',*,*,#376,.T.);
#589=ORIENTED_EDGE('',*,*,#393,.T.);
#590=ORIENTED_EDGE('',*,*,#325,.F.);
#591=ORIENTED_EDGE('',*,*,#407,.F.);
#592=ORIENTED_EDGE('',*,*,#408,.F.);
#593=ORIENTED_EDGE('',*,*,#409,.F.);
#594=ORIENTED_EDGE('',*,*,#410,.F.);
#595=ORIENTED_EDGE('',*,*,#411,.F.);
#596=ORIENTED_EDGE('',*,*,#412,.F.);
#597=ORIENTED_EDGE('',*,*,#413,.T.);
#598=ORIENTED_EDGE('',*,*,#414,.F.);
#599=ORIENTED_EDGE('',*,*,#413,.F.);
#600=ORIENTED_EDGE('',*,*,#415,.F.);
#601=ORIENTED_EDGE('',*,*,#410,.T.);
#602=ORIENTED_EDGE('',*,*,#416,.T.);
#603=ORIENTED_EDGE('',*,*,#417,.T.);
#604=ORIENTED_EDGE('',*,*,#418,.F.);
#605=ORIENTED_EDGE('',*,*,#409,.T.);
#606=ORIENTED_EDGE('',*,*,#419,.T.);
#607=ORIENTED_EDGE('',*,*,#420,.T.);
#608=ORIENTED_EDGE('',*,*,#416,.F.);
#609=ORIENTED_EDGE('',*,*,#408,.T.);
#610=ORIENTED_EDGE('',*,*,#421,.T.);
#611=ORIENTED_EDGE('',*,*,#422,.T.);
#612=ORIENTED_EDGE('',*,*,#419,.F.);
#613=ORIENTED_EDGE('',*,*,#417,.F.);
#614=ORIENTED_EDGE('',*,*,#420,.F.);
#615=ORIENTED_EDGE('',*,*,#422,.F.);
#616=ORIENTED_EDGE('',*,*,#423,.F.);
#617=ORIENTED_EDGE('',*,*,#424,.F.);
#618=ORIENTED_EDGE('',*,*,#425,.T.);
#619=ORIENTED_EDGE('',*,*,#426,.F.);
#620=ORIENTED_EDGE('',*,*,#425,.F.);
#621=ORIENTED_EDGE('',*,*,#427,.F.);
#622=ORIENTED_EDGE('',*,*,#428,.F.);
#623=ORIENTED_EDGE('',*,*,#407,.T.);
#624=ORIENTED_EDGE('',*,*,#429,.T.);
#625=ORIENTED_EDGE('',*,*,#423,.T.);
#626=ORIENTED_EDGE('',*,*,#421,.F.);
#627=ORIENTED_EDGE('',*,*,#411,.T.);
#628=ORIENTED_EDGE('',*,*,#418,.T.);
#629=ORIENTED_EDGE('',*,*,#428,.T.);
#630=ORIENTED_EDGE('',*,*,#430,.F.);
#631=ORIENTED_EDGE('',*,*,#415,.T.);
#632=ORIENTED_EDGE('',*,*,#412,.T.);
#633=ORIENTED_EDGE('',*,*,#430,.T.);
#634=ORIENTED_EDGE('',*,*,#427,.T.);
#635=ORIENTED_EDGE('',*,*,#424,.T.);
#636=ORIENTED_EDGE('',*,*,#429,.F.);
#637=ORIENTED_EDGE('',*,*,#426,.T.);
#638=ORIENTED_EDGE('',*,*,#398,.T.);
#639=ORIENTED_EDGE('',*,*,#338,.T.);
#640=ORIENTED_EDGE('',*,*,#394,.T.);
#641=ORIENTED_EDGE('',*,*,#389,.T.);
#642=ORIENTED_EDGE('',*,*,#414,.T.);
#643=ORIENTED_EDGE('',*,*,#406,.T.);
#644=ORIENTED_EDGE('',*,*,#355,.T.);
#645=ORIENTED_EDGE('',*,*,#402,.T.);
#646=ORIENTED_EDGE('',*,*,#372,.T.);
#647=CYLINDRICAL_SURFACE('',#725,1.2645);
#648=CYLINDRICAL_SURFACE('',#727,1.2645);
#649=CYLINDRICAL_SURFACE('',#728,1.2645);
#650=CYLINDRICAL_SURFACE('',#729,1.2645);
#651=CYLINDRICAL_SURFACE('',#730,1.2645);
#652=CYLINDRICAL_SURFACE('',#732,1.2645);
#653=CYLINDRICAL_SURFACE('',#734,1.2645);
#654=CYLINDRICAL_SURFACE('',#735,1.2645);
#655=CYLINDRICAL_SURFACE('',#736,1.2645);
#656=CYLINDRICAL_SURFACE('',#737,1.2645);
#657=CYLINDRICAL_SURFACE('',#739,1.543);
#658=CYLINDRICAL_SURFACE('',#741,1.543);
#659=CYLINDRICAL_SURFACE('',#742,1.543);
#660=CYLINDRICAL_SURFACE('',#743,1.543);
#661=CYLINDRICAL_SURFACE('',#744,1.543);
#662=CYLINDRICAL_SURFACE('',#746,1.543);
#663=CYLINDRICAL_SURFACE('',#748,1.543);
#664=CYLINDRICAL_SURFACE('',#749,1.543);
#665=CYLINDRICAL_SURFACE('',#750,1.543);
#666=CYLINDRICAL_SURFACE('',#751,1.543);
#667=CYLINDRICAL_SURFACE('',#753,1.543);
#668=CYLINDRICAL_SURFACE('',#754,1.543);
#669=CYLINDRICAL_SURFACE('',#755,1.2645);
#670=CYLINDRICAL_SURFACE('',#757,1.2645);
#671=ADVANCED_FACE('',(#47),#647,.F.);
#672=ADVANCED_FACE('',(#48),#648,.F.);
#673=ADVANCED_FACE('',(#49),#649,.F.);
#674=ADVANCED_FACE('',(#50),#650,.F.);
#675=ADVANCED_FACE('',(#51),#651,.F.);
#676=ADVANCED_FACE('',(#52),#652,.F.);
#677=ADVANCED_FACE('',(#53),#653,.F.);
#678=ADVANCED_FACE('',(#54),#654,.F.);
#679=ADVANCED_FACE('',(#55),#655,.F.);
#680=ADVANCED_FACE('',(#56),#656,.F.);
#681=ADVANCED_FACE('',(#57),#657,.F.);
#682=ADVANCED_FACE('',(#58),#658,.F.);
#683=ADVANCED_FACE('',(#59),#659,.F.);
#684=ADVANCED_FACE('',(#60),#660,.F.);
#685=ADVANCED_FACE('',(#61),#661,.F.);
#686=ADVANCED_FACE('',(#62),#662,.F.);
#687=ADVANCED_FACE('',(#63),#663,.F.);
#688=ADVANCED_FACE('',(#64),#664,.F.);
#689=ADVANCED_FACE('',(#65),#665,.F.);
#690=ADVANCED_FACE('',(#66),#666,.F.);
#691=ADVANCED_FACE('',(#67),#667,.F.);
#692=ADVANCED_FACE('',(#68),#43,.F.);
#693=ADVANCED_FACE('',(#69),#44,.F.);
#694=ADVANCED_FACE('',(#70),#668,.F.);
#695=ADVANCED_FACE('',(#71),#45,.F.);
#696=ADVANCED_FACE('',(#72),#46,.F.);
#697=ADVANCED_FACE('',(#73),#669,.F.);
#698=ADVANCED_FACE('',(#74),#33,.T.);
#699=ADVANCED_FACE('',(#75),#670,.F.);
#700=ADVANCED_FACE('',(#76),#34,.T.);
#701=ADVANCED_FACE('',(#77),#31,.T.);
#702=ADVANCED_FACE('',(#78),#35,.T.);
#703=ADVANCED_FACE('',(#79),#36,.T.);
#704=ADVANCED_FACE('',(#80),#37,.T.);
#705=ADVANCED_FACE('',(#81),#32,.T.);
#706=ADVANCED_FACE('',(#82),#38,.T.);
#707=ADVANCED_FACE('',(#83),#39,.T.);
#708=ADVANCED_FACE('',(#84),#40,.T.);
#709=ADVANCED_FACE('',(#85,#15),#41,.T.);
#710=ADVANCED_FACE('',(#86,#16),#42,.F.);
#711=CLOSED_SHELL('',(#671,#672,#673,#674,#675,#676,#677,#678,#679,#680,
#681,#682,#683,#684,#685,#686,#687,#688,#689,#690,#691,#692,#693,#694,#695,
#696,#697,#698,#699,#700,#701,#702,#703,#704,#705,#706,#707,#708,#709,#710));
#712=DERIVED_UNIT_ELEMENT(#714,1.);
#713=DERIVED_UNIT_ELEMENT(#2967,-3.);
#714=(
MASS_UNIT()
NAMED_UNIT(*)
SI_UNIT(.KILO.,.GRAM.)
);
#715=DERIVED_UNIT((#712,#713));
#716=MEASURE_REPRESENTATION_ITEM('density measure',
POSITIVE_RATIO_MEASURE(7850.),#715);
#717=PROPERTY_DEFINITION_REPRESENTATION(#722,#719);
#718=PROPERTY_DEFINITION_REPRESENTATION(#723,#720);
#719=REPRESENTATION('material name',(#721),#2964);
#720=REPRESENTATION('density',(#716),#2964);
#721=DESCRIPTIVE_REPRESENTATION_ITEM('Steel','Steel');
#722=PROPERTY_DEFINITION('material property','material name',#2974);
#723=PROPERTY_DEFINITION('material property','density of part',#2974);
#724=AXIS2_PLACEMENT_3D('',#893,#771,#772);
#725=AXIS2_PLACEMENT_3D('',#894,#773,#774);
#726=AXIS2_PLACEMENT_3D('',#904,#776,#777);
#727=AXIS2_PLACEMENT_3D('',#912,#778,#779);
#728=AXIS2_PLACEMENT_3D('',#963,#781,#782);
#729=AXIS2_PLACEMENT_3D('',#1011,#784,#785);
#730=AXIS2_PLACEMENT_3D('',#1062,#787,#788);
#731=AXIS2_PLACEMENT_3D('',#1081,#790,#791);
#732=AXIS2_PLACEMENT_3D('',#1101,#792,#793);
#733=AXIS2_PLACEMENT_3D('',#1111,#795,#796);
#734=AXIS2_PLACEMENT_3D('',#1119,#797,#798);
#735=AXIS2_PLACEMENT_3D('',#1170,#800,#801);
#736=AXIS2_PLACEMENT_3D('',#1218,#803,#804);
#737=AXIS2_PLACEMENT_3D('',#1269,#806,#807);
#738=AXIS2_PLACEMENT_3D('',#1288,#809,#810);
#739=AXIS2_PLACEMENT_3D('',#1308,#811,#812);
#740=AXIS2_PLACEMENT_3D('',#1321,#814,#815);
#741=AXIS2_PLACEMENT_3D('',#1330,#816,#817);
#742=AXIS2_PLACEMENT_3D('',#1355,#819,#820);
#743=AXIS2_PLACEMENT_3D('',#1380,#822,#823);
#744=AXIS2_PLACEMENT_3D('',#1404,#825,#826);
#745=AXIS2_PLACEMENT_3D('',#1415,#828,#829);
#746=AXIS2_PLACEMENT_3D('',#1421,#830,#831);
#747=AXIS2_PLACEMENT_3D('',#1434,#833,#834);
#748=AXIS2_PLACEMENT_3D('',#1443,#835,#836);
#749=AXIS2_PLACEMENT_3D('',#1468,#838,#839);
#750=AXIS2_PLACEMENT_3D('',#1493,#841,#842);
#751=AXIS2_PLACEMENT_3D('',#1517,#844,#845);
#752=AXIS2_PLACEMENT_3D('',#1528,#847,#848);
#753=AXIS2_PLACEMENT_3D('',#1534,#849,#850);
#754=AXIS2_PLACEMENT_3D('',#2207,#851,#852);
#755=AXIS2_PLACEMENT_3D('',#2880,#853,#854);
#756=AXIS2_PLACEMENT_3D('',#2881,#855,#856);
#757=AXIS2_PLACEMENT_3D('',#2882,#857,#858);
#758=AXIS2_PLACEMENT_3D('',#2883,#859,#860);
#759=AXIS2_PLACEMENT_3D('',#2884,#861,#862);
#760=AXIS2_PLACEMENT_3D('',#2912,#864,#865);
#761=AXIS2_PLACEMENT_3D('',#2916,#866,#867);
#762=AXIS2_PLACEMENT_3D('',#2924,#870,#871);
#763=AXIS2_PLACEMENT_3D('',#2930,#873,#874);
#764=AXIS2_PLACEMENT_3D('',#2936,#876,#877);
#765=AXIS2_PLACEMENT_3D('',#2947,#879,#880);
#766=AXIS2_PLACEMENT_3D('',#2955,#881,#882);
#767=AXIS2_PLACEMENT_3D('',#2957,#884,#885);
#768=AXIS2_PLACEMENT_3D('',#2959,#887,#888);
#769=AXIS2_PLACEMENT_3D('',#2960,#889,#890);
#770=AXIS2_PLACEMENT_3D('',#2961,#891,#892);
#771=DIRECTION('axis',(0.,0.,1.));
#772=DIRECTION('refdir',(1.,0.,0.));
#773=DIRECTION('center_axis',(0.,0.,-1.));
#774=DIRECTION('ref_axis',(-0.620962834063602,0.78384000836376,0.));
#775=DIRECTION('',(0.,0.,-1.));
#776=DIRECTION('center_axis',(0.,0.,-1.));
#777=DIRECTION('ref_axis',(1.,0.,0.));
#778=DIRECTION('center_axis',(0.,0.,-1.));
#779=DIRECTION('ref_axis',(1.,0.,0.));
#780=DIRECTION('',(0.,0.,-1.));
#781=DIRECTION('center_axis',(0.,0.,-1.));
#782=DIRECTION('ref_axis',(1.,0.,0.));
#783=DIRECTION('',(0.,0.,-1.));
#784=DIRECTION('center_axis',(0.,0.,-1.));
#785=DIRECTION('ref_axis',(1.,0.,0.));
#786=DIRECTION('',(0.,0.,-1.));
#787=DIRECTION('center_axis',(0.,0.,-1.));
#788=DIRECTION('ref_axis',(0.937379157111361,-0.348310659918979,0.));
#789=DIRECTION('',(0.,0.,-1.));
#790=DIRECTION('center_axis',(0.,0.,-1.));
#791=DIRECTION('ref_axis',(1.,0.,0.));
#792=DIRECTION('center_axis',(0.,0.,1.));
#793=DIRECTION('ref_axis',(0.62096410804328,0.783838999107606,0.));
#794=DIRECTION('',(0.,0.,1.));
#795=DIRECTION('center_axis',(0.,0.,1.));
#796=DIRECTION('ref_axis',(-1.,0.,0.));
#797=DIRECTION('center_axis',(0.,0.,1.));
#798=DIRECTION('ref_axis',(-1.,0.,0.));
#799=DIRECTION('',(0.,0.,1.));
#800=DIRECTION('center_axis',(0.,0.,1.));
#801=DIRECTION('ref_axis',(-1.,0.,0.));
#802=DIRECTION('',(0.,0.,1.));
#803=DIRECTION('center_axis',(0.,0.,1.));
#804=DIRECTION('ref_axis',(-1.,0.,0.));
#805=DIRECTION('',(0.,0.,1.));
#806=DIRECTION('center_axis',(0.,0.,1.));
#807=DIRECTION('ref_axis',(-0.937378514294165,-0.348312389873896,0.));
#808=DIRECTION('',(0.,0.,1.));
#809=DIRECTION('center_axis',(0.,0.,-1.));
#810=DIRECTION('ref_axis',(-1.,0.,0.));
#811=DIRECTION('center_axis',(0.,0.,1.));
#812=DIRECTION('ref_axis',(-0.56591892557332,0.824460896391053,0.));
#813=DIRECTION('',(-1.22464679914735E-16,1.24525543920254E-30,1.));
#814=DIRECTION('center_axis',(0.,0.,-1.));
#815=DIRECTION('ref_axis',(-1.,1.02907469966573E-14,0.));
#816=DIRECTION('center_axis',(0.,0.,1.));
#817=DIRECTION('ref_axis',(-1.,1.02907469966573E-14,0.));
#818=DIRECTION('',(-1.22464679914735E-16,1.24525543920254E-30,1.));
#819=DIRECTION('center_axis',(0.,0.,1.));
#820=DIRECTION('ref_axis',(-1.,1.02907469966573E-14,0.));
#821=DIRECTION('',(-1.22464679914735E-16,1.24525543920254E-30,1.));
#822=DIRECTION('center_axis',(0.,0.,1.));
#823=DIRECTION('ref_axis',(-1.,1.02907469966573E-14,0.));
#824=DIRECTION('',(-1.22464679914735E-16,1.24525543920254E-30,1.));
#825=DIRECTION('center_axis',(0.,0.,1.));
#826=DIRECTION('ref_axis',(0.60918596007664,-0.793027405608093,0.));
#827=DIRECTION('',(-1.22464679914735E-16,1.24525543920254E-30,1.));
#828=DIRECTION('center_axis',(0.,0.,1.));
#829=DIRECTION('ref_axis',(-1.,1.02907469966573E-14,0.));
#830=DIRECTION('center_axis',(0.,0.,-1.));
#831=DIRECTION('ref_axis',(0.565920096051341,0.824460092960988,0.));
#832=DIRECTION('',(1.22464679914735E-16,8.10173495699536E-31,-1.));
#833=DIRECTION('center_axis',(0.,0.,1.));
#834=DIRECTION('ref_axis',(1.,6.7380333178568E-15,0.));
#835=DIRECTION('center_axis',(0.,0.,-1.));
#836=DIRECTION('ref_axis',(1.,6.7380333178568E-15,0.));
#837=DIRECTION('',(1.22464679914735E-16,8.10173495699536E-31,-1.));
#838=DIRECTION('center_axis',(0.,0.,-1.));
#839=DIRECTION('ref_axis',(1.,6.7380333178568E-15,0.));
#840=DIRECTION('',(1.22464679914735E-16,8.10173495699536E-31,-1.));
#841=DIRECTION('center_axis',(0.,0.,-1.));
#842=DIRECTION('ref_axis',(1.,6.7380333178568E-15,0.));
#843=DIRECTION('',(1.22464679914735E-16,8.10173495699536E-31,-1.));
#844=DIRECTION('center_axis',(0.,0.,-1.));
#845=DIRECTION('ref_axis',(-0.609184730755331,-0.79302834994378,0.));
#846=DIRECTION('',(1.22464679914735E-16,8.10173495699536E-31,-1.));
#847=DIRECTION('center_axis',(0.,0.,-1.));
#848=DIRECTION('ref_axis',(1.,6.7380333178568E-15,0.));
#849=DIRECTION('center_axis',(0.,0.,-1.));
#850=DIRECTION('ref_axis',(1.,6.7380333178568E-15,0.));
#851=DIRECTION('center_axis',(0.,0.,1.));
#852=DIRECTION('ref_axis',(-1.,1.02907469966573E-14,0.));
#853=DIRECTION('center_axis',(0.,0.,1.));
#854=DIRECTION('ref_axis',(-1.,0.,0.));
#855=DIRECTION('center_axis',(0.,0.,-1.));
#856=DIRECTION('ref_axis',(-1.,0.,0.));
#857=DIRECTION('center_axis',(0.,0.,-1.));
#858=DIRECTION('ref_axis',(1.,0.,0.));
#859=DIRECTION('center_axis',(0.,0.,1.));
#860=DIRECTION('ref_axis',(1.,0.,0.));
#861=DIRECTION('center_axis',(0.,0.,1.));
#862=DIRECTION('ref_axis',(1.,0.,0.));
#863=DIRECTION('',(0.866025403784439,-1.06057523872491E-16,-0.5));
#864=DIRECTION('center_axis',(0.,0.,-1.));
#865=DIRECTION('ref_axis',(1.,0.,0.));
#866=DIRECTION('center_axis',(0.5,-0.866025403784439,0.));
#867=DIRECTION('ref_axis',(0.866025403784439,0.5,0.));
#868=DIRECTION('',(0.,0.,1.));
#869=DIRECTION('',(0.,0.,1.));
#870=DIRECTION('center_axis',(1.,-3.84592537276713E-16,0.));
#871=DIRECTION('ref_axis',(3.84592537276713E-16,1.,0.));
#872=DIRECTION('',(0.,0.,1.));
#873=DIRECTION('center_axis',(0.5,0.866025403784439,0.));
#874=DIRECTION('ref_axis',(-0.866025403784439,0.5,0.));
#875=DIRECTION('',(0.,0.,1.));
#876=DIRECTION('center_axis',(0.,0.,-1.));
#877=DIRECTION('ref_axis',(1.,0.,0.));
#878=DIRECTION('',(0.866025403784439,-1.06057523872491E-16,0.5));
#879=DIRECTION('center_axis',(0.,0.,1.));
#880=DIRECTION('ref_axis',(1.,0.,0.));
#881=DIRECTION('center_axis',(-0.5,0.866025403784438,0.));
#882=DIRECTION('ref_axis',(-0.866025403784438,-0.5,0.));
#883=DIRECTION('',(0.,0.,1.));
#884=DIRECTION('center_axis',(-0.5,-0.866025403784439,0.));
#885=DIRECTION('ref_axis',(0.866025403784439,-0.5,0.));
#886=DIRECTION('',(0.,0.,1.));
#887=DIRECTION('center_axis',(-1.,-2.88444402957535E-16,0.));
#888=DIRECTION('ref_axis',(2.88444402957535E-16,-1.,0.));
#889=DIRECTION('center_axis',(0.,0.,1.));
#890=DIRECTION('ref_axis',(1.,0.,0.));
#891=DIRECTION('center_axis',(0.,0.,1.));
#892=DIRECTION('ref_axis',(1.,0.,0.));
#893=CARTESIAN_POINT('',(0.,0.,0.));
#894=CARTESIAN_POINT('Origin',(0.,0.,5.));
#895=CARTESIAN_POINT('',(-1.26546580885141,-0.000941436753970175,2.69341967361942));
#896=CARTESIAN_POINT('',(-1.26421358392834,3.78885980467321E-5,2.55658032638058));
#897=CARTESIAN_POINT('',(-1.2645,1.54856587752183E-16,5.));
#898=CARTESIAN_POINT('',(-1.26017928167754,0.104443420236406,2.55));
#899=CARTESIAN_POINT('Ctrl Pts',(-1.26421358392834,3.78885980467321E-5,
2.55658032638058));
#900=CARTESIAN_POINT('Ctrl Pts',(-1.26438671705103,0.0348695558802878,2.55438688425372));
#901=CARTESIAN_POINT('Ctrl Pts',(-1.26305811903401,0.0697083341607867,2.55219344212686));
#902=CARTESIAN_POINT('Ctrl Pts',(-1.26017928167754,0.104443420236406,2.55));
#903=CARTESIAN_POINT('',(0.290759616136692,1.23291601588212,2.55));
#904=CARTESIAN_POINT('Origin',(0.,0.,2.55));
#905=CARTESIAN_POINT('Ctrl Pts',(0.290760535723452,1.23291893324432,2.55));
#906=CARTESIAN_POINT('Ctrl Pts',(-0.102451756687601,1.32468150685031,2.57551756061536));
#907=CARTESIAN_POINT('Ctrl Pts',(-0.544457668215774,1.21268425033925,2.60103512123072));
#908=CARTESIAN_POINT('Ctrl Pts',(-0.845100340362608,0.943221297325274,2.62655268184608));
#909=CARTESIAN_POINT('Ctrl Pts',(-1.10770474037012,0.707851658693519,2.64884167910386));
#910=CARTESIAN_POINT('Ctrl Pts',(-1.26245439944005,0.35234172066567,2.67113067636164));
#911=CARTESIAN_POINT('Ctrl Pts',(-1.26546580885141,-0.000941436753970175,
2.69341967361942));
#912=CARTESIAN_POINT('Origin',(0.,0.,5.));
#913=CARTESIAN_POINT('',(-1.26534230770323,0.00100922709786816,3.19341967361941));
#914=CARTESIAN_POINT('',(-1.26275774742605,0.000609222512609608,3.05658032638058));
#915=CARTESIAN_POINT('',(-1.2645,1.54856587752183E-16,5.));
#916=CARTESIAN_POINT('Ctrl Pts',(-1.26275774742605,0.000609222512609608,
3.05658032638058));
#917=CARTESIAN_POINT('Ctrl Pts',(-1.26351647129636,0.17005920315341,3.04595003879732));
#918=CARTESIAN_POINT('Ctrl Pts',(-1.23177618447044,0.339238162727305,3.03531975121405));
#919=CARTESIAN_POINT('Ctrl Pts',(-1.16618041426297,0.494077810078654,3.02468946363078));
#920=CARTESIAN_POINT('Ctrl Pts',(-1.0034503076254,0.878204290269574,2.99831782676241));
#921=CARTESIAN_POINT('Ctrl Pts',(-0.632360768715256,1.17408122694646,2.97194618989403));
#922=CARTESIAN_POINT('Ctrl Pts',(-0.221607642753009,1.24703920688918,2.94557455302565));
#923=CARTESIAN_POINT('Ctrl Pts',(0.189145483209238,1.31999718683191,2.91920291615728));
#924=CARTESIAN_POINT('Ctrl Pts',(0.639562196223589,1.17003621004047,2.8928312792889));
#925=CARTESIAN_POINT('Ctrl Pts',(0.9246298413198,0.865552264362454,2.86645964242052));
#926=CARTESIAN_POINT('Ctrl Pts',(1.20969748641601,0.561068318684436,2.84008800555215));
#927=CARTESIAN_POINT('Ctrl Pts',(1.32941606359408,0.102061404119833,2.81371636868377));
#928=CARTESIAN_POINT('Ctrl Pts',(1.22963684414186,-0.30307309966972,2.78734473181539));
#929=CARTESIAN_POINT('Ctrl Pts',(1.12985762468964,-0.708207603459276,2.76097309494702));
#930=CARTESIAN_POINT('Ctrl Pts',(0.810580608607118,-1.05946969647378,2.73460145807864));
#931=CARTESIAN_POINT('Ctrl Pts',(0.41641857298483,-1.19637685722899,2.70822982121026));
#932=CARTESIAN_POINT('Ctrl Pts',(0.0222565373625414,-1.3332840179842,2.68185818434188));
#933=CARTESIAN_POINT('Ctrl Pts',(-0.446790517799509,-1.25583624648012,2.65548654747351));
#934=CARTESIAN_POINT('Ctrl Pts',(-0.776052499283858,-1.00080890543956,2.62911491060513));
#935=CARTESIAN_POINT('Ctrl Pts',(-1.07792834980614,-0.766993281977681,2.60493671586362));
#936=CARTESIAN_POINT('Ctrl Pts',(-1.26230514681687,-0.383909708837322,2.5807585211221));
#937=CARTESIAN_POINT('Ctrl Pts',(-1.26421358392834,3.78885980467321E-5,
2.55658032638058));
#938=CARTESIAN_POINT('Ctrl Pts',(-1.26546580885141,-0.000941436753970175,
2.69341967361942));
#939=CARTESIAN_POINT('Ctrl Pts',(-1.26601740384711,-0.0656517418232265,
2.69750231323002));
#940=CARTESIAN_POINT('Ctrl Pts',(-1.26147808088558,-0.130287336940242,2.70158495284061));
#941=CARTESIAN_POINT('Ctrl Pts',(-1.25157815739155,-0.194096225051373,2.70566759245121));
#942=CARTESIAN_POINT('Ctrl Pts',(-1.18763002277505,-0.606267023050132,2.73203922931959));
#943=CARTESIAN_POINT('Ctrl Pts',(-0.9000130255073,-0.983943809672536,2.75841086618796));
#944=CARTESIAN_POINT('Ctrl Pts',(-0.519560729179761,-1.15510758935624,2.78478250305634));
#945=CARTESIAN_POINT('Ctrl Pts',(-0.13910843285222,-1.32627136903995,2.81115413992472));
#946=CARTESIAN_POINT('Ctrl Pts',(0.334179162535107,-1.29092214178497,2.8375257767931));
#947=CARTESIAN_POINT('Ctrl Pts',(0.685054313255839,-1.06526553893172,2.86389741366147));
#948=CARTESIAN_POINT('Ctrl Pts',(1.03592946397657,-0.839608936078468,2.89026905052985));
#949=CARTESIAN_POINT('Ctrl Pts',(1.26439217003071,-0.423644957626946,2.91664068739823));
#950=CARTESIAN_POINT('Ctrl Pts',(1.2665283595396,-0.0064934948511538,2.9430123242666));
#951=CARTESIAN_POINT('Ctrl Pts',(1.26866454904849,0.410657967924634,2.96938396113498));
#952=CARTESIAN_POINT('Ctrl Pts',(1.04447422201216,0.82899691502469,2.99575559800336));
#953=CARTESIAN_POINT('Ctrl Pts',(0.695925601608035,1.05822122305175,3.02212723487173));
#954=CARTESIAN_POINT('Ctrl Pts',(0.347376981203912,1.28744553107881,3.04849887174011));
#955=CARTESIAN_POINT('Ctrl Pts',(-0.125529932567999,1.32755520003287,3.07487050860849));
#956=CARTESIAN_POINT('Ctrl Pts',(-0.50771123566592,1.16032604137991,3.10124214547687));
#957=CARTESIAN_POINT('Ctrl Pts',(-0.889892538763845,0.993096882726949,3.12761378234524));
#958=CARTESIAN_POINT('Ctrl Pts',(-1.18134823118778,0.618528896466973,3.15398541921362));
#959=CARTESIAN_POINT('Ctrl Pts',(-1.24951890234346,0.206971878357403,3.18035705608199));
#960=CARTESIAN_POINT('Ctrl Pts',(-1.26077452277916,0.139019935022241,3.1847112619278));
#961=CARTESIAN_POINT('Ctrl Pts',(-1.26594314283026,0.0700596291475067,3.18906546777361));
#962=CARTESIAN_POINT('Ctrl Pts',(-1.26534230770323,0.00100922709786816,
3.19341967361941));
#963=CARTESIAN_POINT('Origin',(0.,0.,5.));
#964=CARTESIAN_POINT('',(-1.26246606530081,0.000101747046409653,3.69341967361942));
#965=CARTESIAN_POINT('',(-1.26396005282393,-0.00110816845699652,3.55658032638058));
#966=CARTESIAN_POINT('',(-1.2645,1.54856587752183E-16,5.));
#967=CARTESIAN_POINT('Ctrl Pts',(-1.26396005282393,-0.00110816845699652,
3.55658032638058));
#968=CARTESIAN_POINT('Ctrl Pts',(-1.26137000284236,0.302113564627141,3.53751319334091));
#969=CARTESIAN_POINT('Ctrl Pts',(-1.15179758641677,0.607015444337288,3.51844606030124));
#970=CARTESIAN_POINT('Ctrl Pts',(-0.953184580135733,0.834009459333117,3.49937892726157));
#971=CARTESIAN_POINT('Ctrl Pts',(-0.678484127368006,1.14796351431925,3.47300729039319));
#972=CARTESIAN_POINT('Ctrl Pts',(-0.233453571765998,1.31288380133583,3.44663565352481));
#973=CARTESIAN_POINT('Ctrl Pts',(0.179501905552143,1.2537599508205,3.42026401665644));
#974=CARTESIAN_POINT('Ctrl Pts',(0.592457382870282,1.19463610030517,3.39389237978806));
#975=CARTESIAN_POINT('Ctrl Pts',(0.973337781904549,0.91146811225793,3.36752074291968));
#976=CARTESIAN_POINT('Ctrl Pts',(1.14890956210743,0.533049120320567,3.34114910605131));
#977=CARTESIAN_POINT('Ctrl Pts',(1.3244813423103,0.154630128383204,3.31477746918293));
#978=CARTESIAN_POINT('Ctrl Pts',(1.29474450368178,-0.319039867444289,3.28840583231455));
#979=CARTESIAN_POINT('Ctrl Pts',(1.07322991491329,-0.67253582736683,3.26203419544618));
#980=CARTESIAN_POINT('Ctrl Pts',(0.851715326144801,-1.02603178728938,3.2356625585778));
#981=CARTESIAN_POINT('Ctrl Pts',(0.438422987236339,-1.25935371130697,3.20929092170942));
#982=CARTESIAN_POINT('Ctrl Pts',(0.0213130647890367,-1.26636885368204,3.18291928484105));
#983=CARTESIAN_POINT('Ctrl Pts',(-0.395796857658263,-1.2733839960571,3.15654764797267));
#984=CARTESIAN_POINT('Ctrl Pts',(-0.816724363644401,-1.05409235678964,3.13017601110429));
#985=CARTESIAN_POINT('Ctrl Pts',(-1.05000277945497,-0.708258525303428,3.10380437423591));
#986=CARTESIAN_POINT('Ctrl Pts',(-1.18924772061199,-0.501828747614487,3.0880630249508));
#987=CARTESIAN_POINT('Ctrl Pts',(-1.26163422773198,-0.25031261856918,3.07232167566569));
#988=CARTESIAN_POINT('Ctrl Pts',(-1.26275774742605,0.000609222512609608,
3.05658032638058));
#989=CARTESIAN_POINT('Ctrl Pts',(-1.26534230770323,0.00100922709786816,
3.19341967361941));
#990=CARTESIAN_POINT('Ctrl Pts',(-1.26230413118291,-0.348150302342575,3.21543710464198));
#991=CARTESIAN_POINT('Ctrl Pts',(-1.11174620064409,-0.699613509539321,3.23745453566456));
#992=CARTESIAN_POINT('Ctrl Pts',(-0.854724704231658,-0.934655514172086,
3.25947196668713));
#993=CARTESIAN_POINT('Ctrl Pts',(-0.54687418507675,-1.21617983863285,3.2858436035555));
#994=CARTESIAN_POINT('Ctrl Pts',(-0.0862874968795033,-1.33068243759523,
3.31221524042388));
#995=CARTESIAN_POINT('Ctrl Pts',(0.317553560723591,-1.22608836092568,3.33858687729226));
#996=CARTESIAN_POINT('Ctrl Pts',(0.721394618326684,-1.12149428425614,3.36495851416063));
#997=CARTESIAN_POINT('Ctrl Pts',(1.06849004533563,-0.797803531954668,3.39133015102901));
#998=CARTESIAN_POINT('Ctrl Pts',(1.20097530450218,-0.402234339004393,3.41770178789739));
#999=CARTESIAN_POINT('Ctrl Pts',(1.33346056366873,-0.00666514605411402,
3.44407342476577));
#1000=CARTESIAN_POINT('Ctrl Pts',(1.25133565499288,0.460782487544971,3.47044506163414));
#1001=CARTESIAN_POINT('Ctrl Pts',(0.991952329411781,0.787505346486568,3.49681669850252));
#1002=CARTESIAN_POINT('Ctrl Pts',(0.732569003830684,1.11422820542816,3.52318833537089));
#1003=CARTESIAN_POINT('Ctrl Pts',(0.295927261344337,1.30022628971227,3.54955997223927));
#1004=CARTESIAN_POINT('Ctrl Pts',(-0.119381442952616,1.26090516695037,3.57593160910765));
#1005=CARTESIAN_POINT('Ctrl Pts',(-0.534690147249574,1.22158404418847,3.60230324597603));
#1006=CARTESIAN_POINT('Ctrl Pts',(-0.92866581335714,0.956943714380555,3.6286748828444));
#1007=CARTESIAN_POINT('Ctrl Pts',(-1.1221221405464,0.587346484481667,3.65504651971278));
#1008=CARTESIAN_POINT('Ctrl Pts',(-1.21595438229029,0.408080512013302,3.66783757101499));
#1009=CARTESIAN_POINT('Ctrl Pts',(-1.26261350722282,0.204122935558719,3.6806286223172));
#1010=CARTESIAN_POINT('Ctrl Pts',(-1.26246606530081,0.000101747046409653,
3.69341967361942));
#1011=CARTESIAN_POINT('Origin',(0.,0.,5.));
#1012=CARTESIAN_POINT('',(-1.26497612500399,-0.00109035683801266,4.19341967361942));
#1013=CARTESIAN_POINT('',(-1.26644025184585,0.000324489191073658,4.05658032638058));
#1014=CARTESIAN_POINT('',(-1.2645,1.54856587752183E-16,5.));
#1015=CARTESIAN_POINT('Ctrl Pts',(-1.26644025184585,0.000324489191073658,
4.05658032638058));
#1016=CARTESIAN_POINT('Ctrl Pts',(-1.26650212459729,0.0182406490003614,
4.05544798475288));
#1017=CARTESIAN_POINT('Ctrl Pts',(-1.26615460759221,0.0361543551484928,
4.05431564312518));
#1018=CARTESIAN_POINT('Ctrl Pts',(-1.26539020040637,0.0540502536610151,
4.05318330149748));
#1019=CARTESIAN_POINT('Ctrl Pts',(-1.24758756184625,0.470836253098354,4.0268116646291));
#1020=CARTESIAN_POINT('Ctrl Pts',(-1.00366392543054,0.877963401070128,4.00044002776073));
#1021=CARTESIAN_POINT('Ctrl Pts',(-0.644559783879568,1.09026425560625,3.97406839089235));
#1022=CARTESIAN_POINT('Ctrl Pts',(-0.285455642328593,1.30256511014238,3.94769675402398));
#1023=CARTESIAN_POINT('Ctrl Pts',(0.188829004357656,1.32003967124285,3.9213251171556));
#1024=CARTESIAN_POINT('Ctrl Pts',(0.562582226107552,1.13474002501488,3.89495348028722));
#1025=CARTESIAN_POINT('Ctrl Pts',(0.936335447857449,0.949440378786916,3.86858184341884));
#1026=CARTESIAN_POINT('Ctrl Pts',(1.20955724467099,0.561366525230503,3.84221020655046));
#1027=CARTESIAN_POINT('Ctrl Pts',(1.25798195704242,0.147020683098134,3.81583856968209));
#1028=CARTESIAN_POINT('Ctrl Pts',(1.30640666941384,-0.267325159034238,3.78946693281371));
#1029=CARTESIAN_POINT('Ctrl Pts',(1.13003429734314,-0.707942989742566,3.76309529594534));
#1030=CARTESIAN_POINT('Ctrl Pts',(0.809081903094861,-0.974433135793281,
3.73672365907696));
#1031=CARTESIAN_POINT('Ctrl Pts',(0.488129508846585,-1.24092328184399,3.71035202220858));
#1032=CARTESIAN_POINT('Ctrl Pts',(0.0225970924207296,-1.33328574323709,
3.68398038534021));
#1033=CARTESIAN_POINT('Ctrl Pts',(-0.375784183919735,-1.20951231342267,
3.65760874847183));
#1034=CARTESIAN_POINT('Ctrl Pts',(-0.774165460260199,-1.08573888360825,
3.63123711160345));
#1035=CARTESIAN_POINT('Ctrl Pts',(-1.10539559651527,-0.745829562586316,
3.60486547473508));
#1036=CARTESIAN_POINT('Ctrl Pts',(-1.21882548967609,-0.344380990597508,
3.5784938378667));
#1037=CARTESIAN_POINT('Ctrl Pts',(-1.25024367934016,-0.233186427827045,
3.57118933403799));
#1038=CARTESIAN_POINT('Ctrl Pts',(-1.26495228537235,-0.117270588137576,
3.56388483020929));
#1039=CARTESIAN_POINT('Ctrl Pts',(-1.26396005282393,-0.00110816845699652,
3.55658032638058));
#1040=CARTESIAN_POINT('Ctrl Pts',(-1.26246606530081,0.000101747046409653,
3.69341967361942));
#1041=CARTESIAN_POINT('Ctrl Pts',(-1.26230952244983,-0.216512754954909,
3.70700025918558));
#1042=CARTESIAN_POINT('Ctrl Pts',(-1.20938975872929,-0.433198964352804,
3.72058084475175));
#1043=CARTESIAN_POINT('Ctrl Pts',(-1.10414547646707,-0.620481069763388,
3.73416143031791));
#1044=CARTESIAN_POINT('Ctrl Pts',(-0.899775496927513,-0.984157264119703,
3.76053306718629));
#1045=CARTESIAN_POINT('Ctrl Pts',(-0.498098549577434,-1.23695552284247,
3.78690470405466));
#1046=CARTESIAN_POINT('Ctrl Pts',(-0.0818035907406023,-1.26389949818232,
3.81327634092304));
#1047=CARTESIAN_POINT('Ctrl Pts',(0.334491368096229,-1.29084347352218,3.83964797779141));
#1048=CARTESIAN_POINT('Ctrl Pts',(0.765404338419813,-1.09193316547913,3.8660196146598));
#1049=CARTESIAN_POINT('Ctrl Pts',(1.01494938823262,-0.757635686789257,3.89239125152817));
#1050=CARTESIAN_POINT('Ctrl Pts',(1.26449443804542,-0.423338208099385,3.91876288839655));
#1051=CARTESIAN_POINT('Ctrl Pts',(1.33267156734744,0.0463464412373087,3.94513452526492));
#1052=CARTESIAN_POINT('Ctrl Pts',(1.18847271487695,0.437797614762123,3.9715061621333));
#1053=CARTESIAN_POINT('Ctrl Pts',(1.04427386240646,0.829248788286941,3.99787779900168));
#1054=CARTESIAN_POINT('Ctrl Pts',(0.687699028163466,1.14246648599988,4.02424943587006));
#1055=CARTESIAN_POINT('Ctrl Pts',(0.280924090896652,1.23499578455943,4.05062107273844));
#1056=CARTESIAN_POINT('Ctrl Pts',(-0.125850846370159,1.32752508311897,4.07699270960681));
#1057=CARTESIAN_POINT('Ctrl Pts',(-0.582825886660784,1.19936598252513,4.10336434647519));
#1058=CARTESIAN_POINT('Ctrl Pts',(-0.882161786138771,0.908804617765907,
4.12973598334356));
#1059=CARTESIAN_POINT('Ctrl Pts',(-1.12311275941288,0.674916722071874,4.15096388010218));
#1060=CARTESIAN_POINT('Ctrl Pts',(-1.26192185935602,0.335800699597087,4.1721917768608));
#1061=CARTESIAN_POINT('Ctrl Pts',(-1.26497612500399,-0.00109035683801266,
4.19341967361942));
#1062=CARTESIAN_POINT('Origin',(0.,0.,5.));
#1063=CARTESIAN_POINT('',(-1.26579716658619,0.000800034048264314,4.69341967361941));
#1064=CARTESIAN_POINT('',(-1.26306712306881,0.000830933514683109,4.55658032638058));
#1065=CARTESIAN_POINT('',(-1.2645,1.54856587752183E-16,5.));
#1066=CARTESIAN_POINT('',(0.958116152722385,0.825211298936494,5.));
#1067=CARTESIAN_POINT('Ctrl Pts',(-1.26579716658619,0.000800034048264314,
4.69341967361941));
#1068=CARTESIAN_POINT('Ctrl Pts',(-1.26298657851063,-0.364753279783375,
4.71649820514114));
#1069=CARTESIAN_POINT('Ctrl Pts',(-1.09569432140529,-0.732446923643965,
4.73957673666288));
#1070=CARTESIAN_POINT('Ctrl Pts',(-0.816655422064611,-0.967953987863804,
4.76265526818461));
#1071=CARTESIAN_POINT('Ctrl Pts',(-0.497800103274718,-1.23706585798843,
4.78902690505299));
#1072=CARTESIAN_POINT('Ctrl Pts',(-0.0330323466429987,-1.3335759774069,
4.81539854192136));
#1073=CARTESIAN_POINT('Ctrl Pts',(0.366323282746067,-1.21265371565826,4.84177017878974));
#1074=CARTESIAN_POINT('Ctrl Pts',(0.765678912135133,-1.09173145390963,4.86814181565811));
#1075=CARTESIAN_POINT('Ctrl Pts',(1.09962241428154,-0.75337681099389,4.89451345252649));
#1076=CARTESIAN_POINT('Ctrl Pts',(1.21609960635669,-0.353520031053942,4.92088508939487));
#1077=CARTESIAN_POINT('Ctrl Pts',(1.33257679843184,0.0463367488860056,4.94725672626325));
#1078=CARTESIAN_POINT('Ctrl Pts',(1.23158768043572,0.507695665850164,4.97362836313162));
#1079=CARTESIAN_POINT('Ctrl Pts',(0.958116152722385,0.825211298936494,5.));
#1080=CARTESIAN_POINT('',(-0.959919177791567,0.826546153418107,5.));
#1081=CARTESIAN_POINT('Origin',(0.,0.,5.));
#1082=CARTESIAN_POINT('Ctrl Pts',(-0.959921625249789,0.826547965373271,
5.));
#1083=CARTESIAN_POINT('Ctrl Pts',(-0.695742846428316,1.13190998346343,4.97448243938464));
#1084=CARTESIAN_POINT('Ctrl Pts',(-0.272322345730177,1.30110612826114,4.94896487876928));
#1085=CARTESIAN_POINT('Ctrl Pts',(0.129288957509366,1.25981920833138,4.92344731815392));
#1086=CARTESIAN_POINT('Ctrl Pts',(0.544342246141252,1.21715040952989,4.89707568128554));
#1087=CARTESIAN_POINT('Ctrl Pts',(0.936101991900091,0.949672958251038,4.87070404441716));
#1088=CARTESIAN_POINT('Ctrl Pts',(1.12663477649254,0.578632133742732,4.84433240754879));
#1089=CARTESIAN_POINT('Ctrl Pts',(1.31716756108498,0.207591309234429,4.81796077068041));
#1090=CARTESIAN_POINT('Ctrl Pts',(1.30647338451103,-0.267012888503323,4.79158913381203));
#1091=CARTESIAN_POINT('Ctrl Pts',(1.09928857418211,-0.629111565239437,4.76521749694365));
#1092=CARTESIAN_POINT('Ctrl Pts',(0.892103763853181,-0.991210241975553,
4.73884586007528));
#1093=CARTESIAN_POINT('Ctrl Pts',(0.488428319769272,-1.24080339771003,4.7124742232069));
#1094=CARTESIAN_POINT('Ctrl Pts',(0.0719267747569727,-1.26448257405776,
4.68610258633853));
#1095=CARTESIAN_POINT('Ctrl Pts',(-0.344574770255327,-1.28816175040548,
4.65973094947015));
#1096=CARTESIAN_POINT('Ctrl Pts',(-0.773902416196018,-1.08592694736645,
4.63335931260177));
#1097=CARTESIAN_POINT('Ctrl Pts',(-1.02082608167854,-0.749699997661054,
4.60698767573339));
#1098=CARTESIAN_POINT('Ctrl Pts',(-1.17815126063979,-0.535476039294702,
4.59018522594912));
#1099=CARTESIAN_POINT('Ctrl Pts',(-1.26142980074426,-0.26685815778629,4.57338277616485));
#1100=CARTESIAN_POINT('Ctrl Pts',(-1.26306712306881,0.000830933514683109,
4.55658032638058));
#1101=CARTESIAN_POINT('Origin',(0.,0.,0.));
#1102=CARTESIAN_POINT('',(1.26546462475031,-0.00094026391037113,2.30658032638058));
#1103=CARTESIAN_POINT('',(1.26421387045702,3.79406140780032E-5,2.44341967361942));
#1104=CARTESIAN_POINT('',(1.2645,1.54856587752183E-16,0.));
#1105=CARTESIAN_POINT('',(1.26017928167754,0.104443420236419,2.45));
#1106=CARTESIAN_POINT('Ctrl Pts',(1.26421387045702,3.79406140780032E-5,
2.44341967361942));
#1107=CARTESIAN_POINT('Ctrl Pts',(1.26438681826565,0.0348695742038865,2.44561311574628));
#1108=CARTESIAN_POINT('Ctrl Pts',(1.26305811903401,0.0697083341607998,2.44780655787314));
#1109=CARTESIAN_POINT('Ctrl Pts',(1.26017928167754,0.104443420236428,2.45));
#1110=CARTESIAN_POINT('',(-0.290754908363839,1.23291901152522,2.45));
#1111=CARTESIAN_POINT('Origin',(0.,0.,2.45));
#1112=CARTESIAN_POINT('Ctrl Pts',(-0.290755763084977,1.23292174598824,2.45));
#1113=CARTESIAN_POINT('Ctrl Pts',(0.102458209564725,1.32468568910448,2.42448243938464));
#1114=CARTESIAN_POINT('Ctrl Pts',(0.544456511523098,1.21268108547342,2.39896487876928));
#1115=CARTESIAN_POINT('Ctrl Pts',(0.845097121082704,0.943217156879659,2.37344731815392));
#1116=CARTESIAN_POINT('Ctrl Pts',(1.10769971946812,0.707846666101581,2.35115832089614));
#1117=CARTESIAN_POINT('Ctrl Pts',(1.26245180905135,0.352340737168701,2.32886932363836));
#1118=CARTESIAN_POINT('Ctrl Pts',(1.26546462475031,-0.00094026391037113,
2.30658032638058));
#1119=CARTESIAN_POINT('Origin',(0.,0.,0.));
#1120=CARTESIAN_POINT('',(1.26534065365198,0.00100931808036761,1.80658032638058));
#1121=CARTESIAN_POINT('',(1.26275572486994,0.00060896472157192,1.94341967361942));
#1122=CARTESIAN_POINT('',(1.2645,1.54856587752183E-16,0.));
#1123=CARTESIAN_POINT('Ctrl Pts',(1.26275572486994,0.00060896472157192,
1.94341967361942));
#1124=CARTESIAN_POINT('Ctrl Pts',(1.26351427568552,0.170058636656448,1.95404996120268));
#1125=CARTESIAN_POINT('Ctrl Pts',(1.23177394462469,0.339237331484998,1.96468024878595));
#1126=CARTESIAN_POINT('Ctrl Pts',(1.16617841688357,0.494076860430183,1.97531053636922));
#1127=CARTESIAN_POINT('Ctrl Pts',(1.00344891175697,0.87820304687886,2.00168217323759));
#1128=CARTESIAN_POINT('Ctrl Pts',(0.632361738825681,1.17408059044009,2.02805381010597));
#1129=CARTESIAN_POINT('Ctrl Pts',(0.22160841641985,1.24703826826764,2.05442544697435));
#1130=CARTESIAN_POINT('Ctrl Pts',(-0.189144905985978,1.31999594609518,2.08079708384272));
#1131=CARTESIAN_POINT('Ctrl Pts',(-0.639564377866342,1.17003375818905,2.1071687207111));
#1132=CARTESIAN_POINT('Ctrl Pts',(-0.924630517856441,0.865550401791841,
2.13354035757948));
#1133=CARTESIAN_POINT('Ctrl Pts',(-1.20969665784654,0.561067045394634,2.15991199444785));
#1134=CARTESIAN_POINT('Ctrl Pts',(-1.32940946594637,0.102062520506354,2.18628363131623));
#1135=CARTESIAN_POINT('Ctrl Pts',(-1.22963234510962,-0.303071651990281,
2.21265526818461));
#1136=CARTESIAN_POINT('Ctrl Pts',(-1.12985522427287,-0.708205824486916,
2.23902690505299));
#1137=CARTESIAN_POINT('Ctrl Pts',(-0.810588174499526,-1.05946964459191,
2.26539854192136));
#1138=CARTESIAN_POINT('Ctrl Pts',(-0.416423323098951,-1.19637650679152,
2.29177017878974));
#1139=CARTESIAN_POINT('Ctrl Pts',(-0.022258471698378,-1.33328336899113,
2.31814181565812));
#1140=CARTESIAN_POINT('Ctrl Pts',(0.446804181329427,-1.25583327328537,2.34451345252649));
#1141=CARTESIAN_POINT('Ctrl Pts',(0.776066646397735,-1.00080609449307,2.37088508939487));
#1142=CARTESIAN_POINT('Ctrl Pts',(1.07794294028222,-0.766990619784575,2.39506328413638));
#1143=CARTESIAN_POINT('Ctrl Pts',(1.26230747605259,-0.383909285431311,2.4192414788779));
#1144=CARTESIAN_POINT('Ctrl Pts',(1.26421387045702,3.79406140780032E-5,
2.44341967361942));
#1145=CARTESIAN_POINT('Ctrl Pts',(1.26546462475031,-0.00094026391037113,
2.30658032638058));
#1146=CARTESIAN_POINT('Ctrl Pts',(1.26601647733344,-0.0656501740062092,
2.30249768676998));
#1147=CARTESIAN_POINT('Ctrl Pts',(1.26147737759589,-0.130285436310933,2.29841504715939));
#1148=CARTESIAN_POINT('Ctrl Pts',(1.25157761065985,-0.194094095031222,2.29433240754879));
#1149=CARTESIAN_POINT('Ctrl Pts',(1.18763048732306,-0.606263411289589,2.26796077068041));
#1150=CARTESIAN_POINT('Ctrl Pts',(0.90001171972391,-0.983943031389186,2.24158913381203));
#1151=CARTESIAN_POINT('Ctrl Pts',(0.519559432886753,-1.15510721050952,2.21521749694366));
#1152=CARTESIAN_POINT('Ctrl Pts',(0.139107146049594,-1.32627138962986,2.18884586007528));
#1153=CARTESIAN_POINT('Ctrl Pts',(-0.334178660025576,-1.29092012777094,
2.1624742232069));
#1154=CARTESIAN_POINT('Ctrl Pts',(-0.685053075344869,-1.0652634185447,2.13610258633853));
#1155=CARTESIAN_POINT('Ctrl Pts',(-1.03592749066416,-0.839606709318457,
2.10973094947015));
#1156=CARTESIAN_POINT('Ctrl Pts',(-1.26439051522758,-0.423644552724892,
2.08335931260177));
#1157=CARTESIAN_POINT('Ctrl Pts',(-1.26652684595428,-0.00649390120064039,
2.0569876757334));
#1158=CARTESIAN_POINT('Ctrl Pts',(-1.26866317668098,0.410656750323607,2.03061603886502));
#1159=CARTESIAN_POINT('Ctrl Pts',(-1.04447281357098,0.828995896778537,2.00424440199664));
#1160=CARTESIAN_POINT('Ctrl Pts',(-0.69592458025297,1.05822005507907,1.97787276512827));
#1161=CARTESIAN_POINT('Ctrl Pts',(-0.347376346934963,1.2874442133796,1.95150112825989));
#1162=CARTESIAN_POINT('Ctrl Pts',(0.125529756591047,1.32755338352573,1.92512949139151));
#1163=CARTESIAN_POINT('Ctrl Pts',(0.507710508617424,1.1603243545596,1.89875785452313));
#1164=CARTESIAN_POINT('Ctrl Pts',(0.889891260643804,0.993095325593475,1.87238621765476));
#1165=CARTESIAN_POINT('Ctrl Pts',(1.18134666117055,0.618528097515082,1.84601458078638));
#1166=CARTESIAN_POINT('Ctrl Pts',(1.24951726384908,0.206971682862481,1.81964294391801));
#1167=CARTESIAN_POINT('Ctrl Pts',(1.26077287297856,0.139019839163747,1.8152887380722));
#1168=CARTESIAN_POINT('Ctrl Pts',(1.26594148781412,0.0700596287074732,1.81093453222639));
#1169=CARTESIAN_POINT('Ctrl Pts',(1.26534065365198,0.00100931808036761,
1.80658032638058));
#1170=CARTESIAN_POINT('Origin',(0.,0.,0.));
#1171=CARTESIAN_POINT('',(1.26246438342162,0.000101747092946872,1.30658032638058));
#1172=CARTESIAN_POINT('',(1.26395853533116,-0.00110816707961578,1.44341967361942));
#1173=CARTESIAN_POINT('',(1.2645,1.54856587752183E-16,0.));
#1174=CARTESIAN_POINT('Ctrl Pts',(1.26395853533116,-0.00110816707961578,
1.44341967361942));
#1175=CARTESIAN_POINT('Ctrl Pts',(1.26136847590103,0.302113192143539,1.46248680665909));
#1176=CARTESIAN_POINT('Ctrl Pts',(1.15179617507605,0.607014693010903,1.48155393969876));
#1177=CARTESIAN_POINT('Ctrl Pts',(0.953183417348145,0.834008443102964,1.50062107273843));
#1178=CARTESIAN_POINT('Ctrl Pts',(0.678483308352769,1.14796213170228,1.52699270960681));
#1179=CARTESIAN_POINT('Ctrl Pts',(0.233453350854511,1.31288227029156,1.55336434647519));
#1180=CARTESIAN_POINT('Ctrl Pts',(-0.17950165609879,1.25375847306646,1.57973598334356));
#1181=CARTESIAN_POINT('Ctrl Pts',(-0.592456663052097,1.19463467584135,1.60610762021194));
#1182=CARTESIAN_POINT('Ctrl Pts',(-0.973336719460448,0.911466942801834,
1.63247925708032));
#1183=CARTESIAN_POINT('Ctrl Pts',(-1.1489082443957,0.5330484344849,1.6588508939487));
#1184=CARTESIAN_POINT('Ctrl Pts',(-1.32447976933094,0.154629926167973,1.68522253081707));
#1185=CARTESIAN_POINT('Ctrl Pts',(-1.2947427627931,-0.319039357426367,1.71159416768545));
#1186=CARTESIAN_POINT('Ctrl Pts',(-1.07322851825374,-0.672534941419735,
1.73796580455382));
#1187=CARTESIAN_POINT('Ctrl Pts',(-0.851714273714386,-1.0260305254131,1.7643374414222));
#1188=CARTESIAN_POINT('Ctrl Pts',(-0.438422791173502,-1.2593524098055,1.79070907829058));
#1189=CARTESIAN_POINT('Ctrl Pts',(-0.0213132323553,-1.26636746708383,1.81708071515896));
#1190=CARTESIAN_POINT('Ctrl Pts',(0.395796326462908,-1.27338252436217,1.84345235202733));
#1191=CARTESIAN_POINT('Ctrl Pts',(0.816723961558433,-1.05409075452645,1.86982398889571));
#1192=CARTESIAN_POINT('Ctrl Pts',(1.05000186044525,-0.708257454940529,1.89619562576409));
#1193=CARTESIAN_POINT('Ctrl Pts',(1.18924649304814,-0.501827994745282,1.9119369750492));
#1194=CARTESIAN_POINT('Ctrl Pts',(1.26163246143561,-0.250312419227905,1.92767832433431));
#1195=CARTESIAN_POINT('Ctrl Pts',(1.26275572486994,0.00060896472157192,
1.94341967361942));
#1196=CARTESIAN_POINT('Ctrl Pts',(1.26534065365198,0.00100931808036761,
1.80658032638058));
#1197=CARTESIAN_POINT('Ctrl Pts',(1.26230248201077,-0.348149749073833,1.78456289535801));
#1198=CARTESIAN_POINT('Ctrl Pts',(1.11174471437943,-0.699612596156604,1.76254546433544));
#1199=CARTESIAN_POINT('Ctrl Pts',(0.854723550508481,-0.934654314139745,
1.74052803331287));
#1200=CARTESIAN_POINT('Ctrl Pts',(0.546873429659044,-1.21617829526256,1.7141563964445));
#1201=CARTESIAN_POINT('Ctrl Pts',(0.0862873831298608,-1.33068065628138,
1.68778475957612));
#1202=CARTESIAN_POINT('Ctrl Pts',(-0.317553129724404,-1.22608670071112,
1.66141312270774));
#1203=CARTESIAN_POINT('Ctrl Pts',(-0.721393642578671,-1.12149274514086,
1.63504148583937));
#1204=CARTESIAN_POINT('Ctrl Pts',(-1.06848862175802,-0.797802472981517,
1.60866984897099));
#1205=CARTESIAN_POINT('Ctrl Pts',(-1.20097370783195,-0.402233817626044,
1.58229821210261));
#1206=CARTESIAN_POINT('Ctrl Pts',(-1.33345879390588,-0.00666516227057483,
1.55592657523423));
#1207=CARTESIAN_POINT('Ctrl Pts',(-1.2513339868744,0.460781876281025,1.52955493836586));
#1208=CARTESIAN_POINT('Ctrl Pts',(-0.99195100509944,0.787504305376662,1.50318330149748));
#1209=CARTESIAN_POINT('Ctrl Pts',(-0.732568023324484,1.1142267344723,1.4768116646291));
#1210=CARTESIAN_POINT('Ctrl Pts',(-0.29592686680605,1.30022455411198,1.45044002776073));
#1211=CARTESIAN_POINT('Ctrl Pts',(0.119381282797953,1.26090348098486,1.42406839089235));
#1212=CARTESIAN_POINT('Ctrl Pts',(0.534689432401954,1.22158240785775,1.39769675402397));
#1213=CARTESIAN_POINT('Ctrl Pts',(0.928664575091527,0.956942441963861,1.3713251171556));
#1214=CARTESIAN_POINT('Ctrl Pts',(1.12212064520807,0.587345705527198,1.34495348028722));
#1215=CARTESIAN_POINT('Ctrl Pts',(1.21595276226382,0.408079972403112,1.33216242898501));
#1216=CARTESIAN_POINT('Ctrl Pts',(1.26261182516719,0.204122665769631,1.3193713776828));
#1217=CARTESIAN_POINT('Ctrl Pts',(1.26246438342162,0.000101747092946872,
1.30658032638058));
#1218=CARTESIAN_POINT('Origin',(0.,0.,0.));
#1219=CARTESIAN_POINT('',(1.26497446864392,-0.00109044790624634,0.806580326380584));
#1220=CARTESIAN_POINT('',(1.26643873484801,0.000324495418264135,0.943419673619417));
#1221=CARTESIAN_POINT('',(1.2645,1.54856587752183E-16,0.));
#1222=CARTESIAN_POINT('Ctrl Pts',(1.26643873484801,0.000324495418264135,
0.943419673619417));
#1223=CARTESIAN_POINT('Ctrl Pts',(1.26650060761961,0.018240634016405,0.944552015247117));
#1224=CARTESIAN_POINT('Ctrl Pts',(1.26615309111357,0.0361543189246898,0.945684356874818));
#1225=CARTESIAN_POINT('Ctrl Pts',(1.26538868491311,0.0540501961828583,0.946816698502518));
#1226=CARTESIAN_POINT('Ctrl Pts',(1.24758606930189,0.470835700617449,0.973188335370895));
#1227=CARTESIAN_POINT('Ctrl Pts',(1.00366271962072,0.877962345717796,0.999559972239271));
#1228=CARTESIAN_POINT('Ctrl Pts',(0.644559008346558,1.09026294286758,1.02593160910765));
#1229=CARTESIAN_POINT('Ctrl Pts',(0.285455297072396,1.30256354001737,1.05230324597603));
#1230=CARTESIAN_POINT('Ctrl Pts',(-0.18882877579476,1.3200380892166,1.0786748828444));
#1231=CARTESIAN_POINT('Ctrl Pts',(-0.562581549176194,1.1347386663681,1.10504651971278));
#1232=CARTESIAN_POINT('Ctrl Pts',(-0.936334322557628,0.949439243519613,
1.13141815658116));
#1233=CARTESIAN_POINT('Ctrl Pts',(-1.20955579645334,0.561365848623399,1.15778979344953));
#1234=CARTESIAN_POINT('Ctrl Pts',(-1.25798044970927,0.147020503922459,1.18416143031791));
#1235=CARTESIAN_POINT('Ctrl Pts',(-1.3064051029652,-0.267324840778483,1.21053306718629));
#1236=CARTESIAN_POINT('Ctrl Pts',(-1.13003293558134,-0.707942135284154,
1.23690470405466));
#1237=CARTESIAN_POINT('Ctrl Pts',(-0.809080928728955,-0.974431963042097,
1.26327634092304));
#1238=CARTESIAN_POINT('Ctrl Pts',(-0.488128921876569,-1.24092179080004,
1.28964797779142));
#1239=CARTESIAN_POINT('Ctrl Pts',(-0.0225970755556533,-1.33328415181026,
1.31601961465979));
#1240=CARTESIAN_POINT('Ctrl Pts',(0.375783727032011,-1.20951086729779,1.34239125152817));
#1241=CARTESIAN_POINT('Ctrl Pts',(0.774164529619675,-1.08573758278533,1.36876288839655));
#1242=CARTESIAN_POINT('Ctrl Pts',(1.10539428847409,-0.745828652750185,1.39513452526492));
#1243=CARTESIAN_POINT('Ctrl Pts',(1.21882403765505,-0.344380568427944,1.4215061621333));
#1244=CARTESIAN_POINT('Ctrl Pts',(1.25024218743911,-0.233186140732998,1.42881066596201));
#1245=CARTESIAN_POINT('Ctrl Pts',(1.26495077149926,-0.117270443536295,1.43611516979071));
#1246=CARTESIAN_POINT('Ctrl Pts',(1.26395853533116,-0.00110816707961578,
1.44341967361942));
#1247=CARTESIAN_POINT('Ctrl Pts',(1.26246438342162,0.000101747092946872,
1.30658032638058));
#1248=CARTESIAN_POINT('Ctrl Pts',(1.26230784075796,-0.21651246841699,1.29299974081442));
#1249=CARTESIAN_POINT('Ctrl Pts',(1.20938814734669,-0.43319839130713,1.27941915524825));
#1250=CARTESIAN_POINT('Ctrl Pts',(1.10414400497305,-0.620480246652145,1.26583856968209));
#1251=CARTESIAN_POINT('Ctrl Pts',(0.899774297077949,-0.984155955415382,
1.23946693281371));
#1252=CARTESIAN_POINT('Ctrl Pts',(0.498097883744232,-1.23695386596242,1.21309529594534));
#1253=CARTESIAN_POINT('Ctrl Pts',(0.0818034808318118,-1.26389780819734,
1.18672365907696));
#1254=CARTESIAN_POINT('Ctrl Pts',(-0.334490922080611,-1.29084175043225,
1.16035202220858));
#1255=CARTESIAN_POINT('Ctrl Pts',(-0.765403314571738,-1.09193172435503,
1.13398038534021));
#1256=CARTESIAN_POINT('Ctrl Pts',(-1.01494803352305,-0.757634685552512,
1.10760874847183));
#1257=CARTESIAN_POINT('Ctrl Pts',(-1.26449275247437,-0.423337646749995,
1.08123711160345));
#1258=CARTESIAN_POINT('Ctrl Pts',(-1.33266979788588,0.0463464047778163,
1.05486547473507));
#1259=CARTESIAN_POINT('Ctrl Pts',(-1.18847113443035,0.437797046097246,1.0284938378667));
#1260=CARTESIAN_POINT('Ctrl Pts',(-1.04427247097482,0.829247687416673,1.00212220099832));
#1261=CARTESIAN_POINT('Ctrl Pts',(-0.687698098652268,1.14246491852772,0.975750564129945));
#1262=CARTESIAN_POINT('Ctrl Pts',(-0.280923709496956,1.23499411225354,0.949378927261568));
#1263=CARTESIAN_POINT('Ctrl Pts',(0.12585067965836,1.32752330597936,0.923007290393191));
#1264=CARTESIAN_POINT('Ctrl Pts',(0.582825085646434,1.19936446231995,0.896635653524813));
#1265=CARTESIAN_POINT('Ctrl Pts',(0.882160597213236,0.908803452600311,0.870264016656437));
#1266=CARTESIAN_POINT('Ctrl Pts',(1.12311125823753,0.674915842696037,0.849036119897819));
#1267=CARTESIAN_POINT('Ctrl Pts',(1.26192020557952,0.33580016957799,0.827808223139201));
#1268=CARTESIAN_POINT('Ctrl Pts',(1.26497446864392,-0.00109044790624634,
0.806580326380584));
#1269=CARTESIAN_POINT('Origin',(0.,0.,0.));
#1270=CARTESIAN_POINT('',(1.26579608679182,0.000798670859045586,0.306580326380583));
#1271=CARTESIAN_POINT('',(1.26306560270537,0.000830838487010689,0.443419673619416));
#1272=CARTESIAN_POINT('',(1.2645,1.54856587752183E-16,0.));
#1273=CARTESIAN_POINT('',(-0.958116152722388,0.825211298936491,0.));
#1274=CARTESIAN_POINT('Ctrl Pts',(1.26579608679182,0.000798670859045586,
0.306580326380583));
#1275=CARTESIAN_POINT('Ctrl Pts',(1.26298418732621,-0.364752514909968,0.283501794858853));
#1276=CARTESIAN_POINT('Ctrl Pts',(1.09568938841696,-0.732441751768513,0.260423263337123));
#1277=CARTESIAN_POINT('Ctrl Pts',(0.81665232743176,-0.967949753445244,0.237344731815392));
#1278=CARTESIAN_POINT('Ctrl Pts',(0.49779910931465,-1.2370626947937,0.210973094947015));
#1279=CARTESIAN_POINT('Ctrl Pts',(0.0330391727198071,-1.33358086392784,
0.184601458078638));
#1280=CARTESIAN_POINT('Ctrl Pts',(-0.366318791350387,-1.21265649592593,
0.158229821210261));
#1281=CARTESIAN_POINT('Ctrl Pts',(-0.765676755420582,-1.09173212792402,
0.131858184341884));
#1282=CARTESIAN_POINT('Ctrl Pts',(-1.09963274696613,-0.753365222786051,
0.105486547473507));
#1283=CARTESIAN_POINT('Ctrl Pts',(-1.21611047821991,-0.353508274342506,
0.0791149106051304));
#1284=CARTESIAN_POINT('Ctrl Pts',(-1.3325882094737,0.0463486741010372,0.0527432737367536));
#1285=CARTESIAN_POINT('Ctrl Pts',(-1.23158768043572,0.50769566585016,0.0263716368683768));
#1286=CARTESIAN_POINT('Ctrl Pts',(-0.958116152722388,0.825211298936491,
-3.76056033032776E-17));
#1287=CARTESIAN_POINT('',(0.959917332860722,0.826550834200017,8.66032430633389E-17));
#1288=CARTESIAN_POINT('Origin',(0.,0.,0.));
#1289=CARTESIAN_POINT('Ctrl Pts',(0.959919636190207,0.826552547183079,6.93889390390723E-17));
#1290=CARTESIAN_POINT('Ctrl Pts',(0.695740358087169,1.13191645183383,0.0255175606153604));
#1291=CARTESIAN_POINT('Ctrl Pts',(0.272321513336457,1.30110320820665,0.0510351212307207));
#1292=CARTESIAN_POINT('Ctrl Pts',(-0.129288803409808,1.25981448463365,0.076552681846081));
#1293=CARTESIAN_POINT('Ctrl Pts',(-0.544341072530352,1.21714382182076,0.102924318714458));
#1294=CARTESIAN_POINT('Ctrl Pts',(-0.936100513795398,0.94967260753638,0.129295955582835));
#1295=CARTESIAN_POINT('Ctrl Pts',(-1.12663325111355,0.578633398689368,0.155667592451212));
#1296=CARTESIAN_POINT('Ctrl Pts',(-1.3171659884317,0.207594189842354,0.182039229319588));
#1297=CARTESIAN_POINT('Ctrl Pts',(-1.30647202180295,-0.267013013567297,
0.208410866187965));
#1298=CARTESIAN_POINT('Ctrl Pts',(-1.09928742965935,-0.629111977111391,
0.234782503056342));
#1299=CARTESIAN_POINT('Ctrl Pts',(-0.892102837515754,-0.991210940655484,
0.261154139924719));
#1300=CARTESIAN_POINT('Ctrl Pts',(-0.488427619857316,-1.24080166433402,
0.287525776793096));
#1301=CARTESIAN_POINT('Ctrl Pts',(-0.0719265542051747,-1.26448037344111,
0.313897413661473));
#1302=CARTESIAN_POINT('Ctrl Pts',(0.344574511446969,-1.28815908254821,0.34026905052985));
#1303=CARTESIAN_POINT('Ctrl Pts',(0.773901425092818,-1.08592577708385,0.366640687398227));
#1304=CARTESIAN_POINT('Ctrl Pts',(1.02082476412212,-0.749699493378736,0.393012324266604));
#1305=CARTESIAN_POINT('Ctrl Pts',(1.17814973508665,-0.535475959348446,0.409814774050874));
#1306=CARTESIAN_POINT('Ctrl Pts',(1.26142823194524,-0.266858164599647,0.426617223835145));
#1307=CARTESIAN_POINT('Ctrl Pts',(1.26306560270537,0.000830838487010689,
0.443419673619416));
#1308=CARTESIAN_POINT('Origin',(0.,0.,-1.10421172358873));
#1309=CARTESIAN_POINT('',(1.54087155672148,0.000743086251743658,2.10421172358873));
#1310=CARTESIAN_POINT('',(1.54417707867911,-0.00114735248220186,2.14578827641127));
#1311=CARTESIAN_POINT('',(1.543,-1.56896596147338E-14,-1.10421172358873));
#1312=CARTESIAN_POINT('',(-1.19858622080121,-0.971720161005978,2.45));
#1313=CARTESIAN_POINT('Ctrl Pts',(1.54417707867911,-0.00114735248220191,
2.14578827641127));
#1314=CARTESIAN_POINT('Ctrl Pts',(1.54050070491597,0.429942077857867,2.16807727366905));
#1315=CARTESIAN_POINT('Ctrl Pts',(1.12824103832367,1.37701010212928,2.2167379077952));
#1316=CARTESIAN_POINT('Ctrl Pts',(-0.474637900580047,1.75997636497177,2.29177017878974));
#1317=CARTESIAN_POINT('Ctrl Pts',(-1.73348424118023,0.55823604081437,2.37088508939487));
#1318=CARTESIAN_POINT('Ctrl Pts',(-1.52061016458703,-0.574513766327317,
2.42362836313162));
#1319=CARTESIAN_POINT('Ctrl Pts',(-1.19858622080121,-0.971720161005978,
2.45));
#1320=CARTESIAN_POINT('',(-0.554575029056794,-1.44282159772159,2.45));
#1321=CARTESIAN_POINT('Origin',(0.,0.,2.45));
#1322=CARTESIAN_POINT('Ctrl Pts',(1.54087155672148,0.000743086251743692,
2.10421172358872));
#1323=CARTESIAN_POINT('Ctrl Pts',(1.54179717467992,0.207513227647973,2.11484201117199));
#1324=CARTESIAN_POINT('Ctrl Pts',(1.40698229048269,0.926088157072604,2.15184393562364));
#1325=CARTESIAN_POINT('Ctrl Pts',(0.31881902346781,1.79370929281458,2.21521749694366));
#1326=CARTESIAN_POINT('Ctrl Pts',(-1.33004751297681,1.24473739260303,2.29433240754879));
#1327=CARTESIAN_POINT('Ctrl Pts',(-1.76355349747912,-0.417417322594813,
2.3725932419009));
#1328=CARTESIAN_POINT('Ctrl Pts',(-1.01406964487415,-1.26498051991414,2.42448243938464));
#1329=CARTESIAN_POINT('Ctrl Pts',(-0.554576049209971,-1.44282494855634,
2.45));
#1330=CARTESIAN_POINT('Origin',(0.,0.,-1.10421172358873));
#1331=CARTESIAN_POINT('',(1.5423392803606,-0.00135223551119244,1.60421172358872));
#1332=CARTESIAN_POINT('',(1.54402580354687,0.00123161549857803,1.64578827641127));
#1333=CARTESIAN_POINT('',(1.543,-1.56896596147338E-14,-1.10421172358873));
#1334=CARTESIAN_POINT('Ctrl Pts',(1.54402580354687,0.00123161549857784,
1.64578827641127));
#1335=CARTESIAN_POINT('Ctrl Pts',(1.54475896852288,0.0854899225746098,1.65014248225708));
#1336=CARTESIAN_POINT('Ctrl Pts',(1.50025322009416,0.679290365402354,1.68086832497126));
#1337=CARTESIAN_POINT('Ctrl Pts',(0.730238459597169,1.6688836064181,1.73796580455382));
#1338=CARTESIAN_POINT('Ctrl Pts',(-1.0009456868812,1.52205454464946,1.81708071515896));
#1339=CARTESIAN_POINT('Ctrl Pts',(-1.82164730082839,-0.00937440666717435,
1.89619562576409));
#1340=CARTESIAN_POINT('Ctrl Pts',(-0.985304603553534,-1.53210182688988,
1.97531053636922));
#1341=CARTESIAN_POINT('Ctrl Pts',(0.747269533514044,-1.66151344503534,2.05442544697435));
#1342=CARTESIAN_POINT('Ctrl Pts',(1.50353392324439,-0.66844317430014,2.1112513603217));
#1343=CARTESIAN_POINT('Ctrl Pts',(1.5448504741206,-0.0801093068340087,2.14170563680067));
#1344=CARTESIAN_POINT('Ctrl Pts',(1.54417707867911,-0.00114735248220191,
2.14578827641127));
#1345=CARTESIAN_POINT('Ctrl Pts',(1.5423392803606,-0.00135223551119253,
1.60421172358872));
#1346=CARTESIAN_POINT('Ctrl Pts',(1.53917877288676,0.368652159333684,1.6232788566284));
#1347=CARTESIAN_POINT('Ctrl Pts',(1.22054702744448,1.25529318701935,1.66871762653645));
#1348=CARTESIAN_POINT('Ctrl Pts',(-0.258175329419777,1.80328123124014,1.74052803331288));
#1349=CARTESIAN_POINT('Ctrl Pts',(-1.65247646118271,0.76667906734937,1.819642943918));
#1350=CARTESIAN_POINT('Ctrl Pts',(-1.54361714662069,-0.967298879474073,
1.89875785452314));
#1351=CARTESIAN_POINT('Ctrl Pts',(-0.0306663576276315,-1.82142857726164,
1.97787276512826));
#1352=CARTESIAN_POINT('Ctrl Pts',(1.30319445690003,-1.12652362366813,2.04635738815013));
#1353=CARTESIAN_POINT('Ctrl Pts',(1.53950089995662,-0.305442517096635,2.08847037430362));
#1354=CARTESIAN_POINT('Ctrl Pts',(1.54087155672148,0.000743086251743692,
2.10421172358872));
#1355=CARTESIAN_POINT('Origin',(0.,0.,-1.10421172358873));
#1356=CARTESIAN_POINT('',(1.54536573180742,0.000395963962303847,1.10421172358873));
#1357=CARTESIAN_POINT('',(1.54051604873037,0.000124156397291904,1.14578827641127));
#1358=CARTESIAN_POINT('',(1.543,-1.56896596147338E-14,-1.10421172358873));
#1359=CARTESIAN_POINT('Ctrl Pts',(1.54051604873037,0.000124156397292088,
1.14578827641127));
#1360=CARTESIAN_POINT('Ctrl Pts',(1.54069596380624,0.249079694173596,1.15857932771348));
#1361=CARTESIAN_POINT('Ctrl Pts',(1.36637510436887,1.01107555882504,1.19774201588407));
#1362=CARTESIAN_POINT('Ctrl Pts',(0.171705930427996,1.813555652589,1.26327634092304));
#1363=CARTESIAN_POINT('Ctrl Pts',(-1.42672183827411,1.13266683715836,1.34239125152817));
#1364=CARTESIAN_POINT('Ctrl Pts',(-1.72735903222329,-0.578533116542999,
1.4215061621333));
#1365=CARTESIAN_POINT('Ctrl Pts',(-0.456736130980751,-1.76347757666603,
1.50062107273843));
#1366=CARTESIAN_POINT('Ctrl Pts',(1.13655144276167,-1.3673839686416,1.57538177749775));
#1367=CARTESIAN_POINT('Ctrl Pts',(1.540318489318,-0.424828044935516,1.6237708453887));
#1368=CARTESIAN_POINT('Ctrl Pts',(1.54402580354687,0.00123161549857784,
1.64578827641127));
#1369=CARTESIAN_POINT('Ctrl Pts',(1.54536573180742,0.00039596396230353,
1.10421172358873));
#1370=CARTESIAN_POINT('Ctrl Pts',(1.54544123175726,0.0222580453042944,1.10534406521643));
#1371=CARTESIAN_POINT('Ctrl Pts',(1.53514115227602,0.553203698676744,1.1328480437125));
#1372=CARTESIAN_POINT('Ctrl Pts',(0.927068286134229,1.56812361631664,1.18672365907696));
#1373=CARTESIAN_POINT('Ctrl Pts',(-0.809160241585873,1.63209331836743,1.26583856968209));
#1374=CARTESIAN_POINT('Ctrl Pts',(-1.80935178184942,0.211459277264571,1.34495348028722));
#1375=CARTESIAN_POINT('Ctrl Pts',(-1.16369993303972,-1.40152408079533,1.42406839089235));
#1376=CARTESIAN_POINT('Ctrl Pts',(0.540489008533653,-1.7396382517058,1.50318330149748));
#1377=CARTESIAN_POINT('Ctrl Pts',(1.46080356690858,-0.795208808183233,1.56323107906294));
#1378=CARTESIAN_POINT('Ctrl Pts',(1.54355005173852,-0.143098690689234,1.59690721976002));
#1379=CARTESIAN_POINT('Ctrl Pts',(1.5423392803606,-0.00135223551119253,
1.60421172358872));
#1380=CARTESIAN_POINT('Origin',(0.,0.,-1.10421172358873));
#1381=CARTESIAN_POINT('',(1.54124968364917,0.00101382663930588,0.604211723588725));
#1382=CARTESIAN_POINT('',(1.5435789680645,-0.00133061377572143,0.64578827641127));
#1383=CARTESIAN_POINT('',(1.543,-1.56896596147338E-14,-1.10421172358873));
#1384=CARTESIAN_POINT('Ctrl Pts',(1.5435789680645,-0.00133061377572147,
0.64578827641127));
#1385=CARTESIAN_POINT('Ctrl Pts',(1.53985201835446,0.409758530374692,0.667016173169889));
#1386=CARTESIAN_POINT('Ctrl Pts',(1.16004736276619,1.33763611967641,0.714615706796885));
#1387=CARTESIAN_POINT('Ctrl Pts',(-0.404052123152822,1.77628909204636,0.788586877292255));
#1388=CARTESIAN_POINT('Ctrl Pts',(-1.70937657509518,0.629683664752533,0.867701787897388));
#1389=CARTESIAN_POINT('Ctrl Pts',(-1.45979844681534,-1.08970540169447,0.946816698502517));
#1390=CARTESIAN_POINT('Ctrl Pts',(0.117657832220972,-1.81786238920847,1.02593160910765));
#1391=CARTESIAN_POINT('Ctrl Pts',(1.3503542252591,-1.0420561378217,1.09225546841057));
#1392=CARTESIAN_POINT('Ctrl Pts',(1.5403250283033,-0.264198290840208,1.13220769084511));
#1393=CARTESIAN_POINT('Ctrl Pts',(1.54051604873037,0.000124156397292088,
1.14578827641127));
#1394=CARTESIAN_POINT('Ctrl Pts',(1.54124968364917,0.00101382663930593,
0.604211723588725));
#1395=CARTESIAN_POINT('Ctrl Pts',(1.54238756390629,0.187042574114598,0.613780910672831));
#1396=CARTESIAN_POINT('Ctrl Pts',(1.42530177270988,0.88436562950987,0.649721734625315));
#1397=CARTESIAN_POINT('Ctrl Pts',(0.39016986736889,1.77937868149828,0.712034195446176));
#1398=CARTESIAN_POINT('Ctrl Pts',(-1.27896986662892,1.29719363524874,0.791149106051306));
#1399=CARTESIAN_POINT('Ctrl Pts',(-1.78473149002051,-0.364981106624915,
0.870264016656437));
#1400=CARTESIAN_POINT('Ctrl Pts',(-0.667038846546061,-1.6951461576478,0.949378927261568));
#1401=CARTESIAN_POINT('Ctrl Pts',(1.03272824386643,-1.48639056557511,1.027361496239));
#1402=CARTESIAN_POINT('Ctrl Pts',(1.54368287790699,-0.48689825190641,1.07897242834805));
#1403=CARTESIAN_POINT('Ctrl Pts',(1.54536573180742,0.00039596396230353,
1.10421172358873));
#1404=CARTESIAN_POINT('Origin',(0.,0.,-1.10421172358873));
#1405=CARTESIAN_POINT('',(1.54142910364249,-0.00186108532949029,0.104211723588725));
#1406=CARTESIAN_POINT('',(1.54458154362972,0.000974574247095152,0.14578827641127));
#1407=CARTESIAN_POINT('',(1.543,-1.56896596147338E-14,-1.10421172358873));
#1408=CARTESIAN_POINT('',(0.398513841857237,-1.49064942821851,0.));
#1409=CARTESIAN_POINT('Ctrl Pts',(0.398513841857231,-1.49064942821852,-2.77555756156289E-16));
#1410=CARTESIAN_POINT('Ctrl Pts',(0.892508745883987,-1.35858362969145,0.0263716368683766));
#1411=CARTESIAN_POINT('Ctrl Pts',(1.44444502472035,-0.837431733088753,0.0611088780646183));
#1412=CARTESIAN_POINT('Ctrl Pts',(1.54262901678726,-0.164397269156757,0.0958461192608602));
#1413=CARTESIAN_POINT('Ctrl Pts',(1.54142910364249,-0.00186108532949024,
0.104211723588725));
#1414=CARTESIAN_POINT('',(-0.399408470379276,-1.49323832839418,-3.80931582216754E-16));
#1415=CARTESIAN_POINT('Origin',(0.,0.,0.));
#1416=CARTESIAN_POINT('Ctrl Pts',(-0.399409612188433,-1.49324163259236,
3.65918233213858E-18));
#1417=CARTESIAN_POINT('Ctrl Pts',(0.0768629042466763,-1.61944607509562,
0.0255175606153604));
#1418=CARTESIAN_POINT('Ctrl Pts',(1.11129462002829,-1.38984680981789,0.0741136527524506));
#1419=CARTESIAN_POINT('Ctrl Pts',(1.54115033692711,-0.445087489526389,0.122709744889541));
#1420=CARTESIAN_POINT('Ctrl Pts',(1.54458154362972,0.000974574247095171,
0.14578827641127));
#1421=CARTESIAN_POINT('Origin',(0.,0.,6.10421172358873));
#1422=CARTESIAN_POINT('',(-1.54087402473579,0.000743400820020085,2.89578827641127));
#1423=CARTESIAN_POINT('',(-1.54417852357274,-0.00114878363891152,2.85421172358873));
#1424=CARTESIAN_POINT('',(-1.543,-1.02078224083446E-14,6.10421172358873));
#1425=CARTESIAN_POINT('',(1.19858622080122,-0.971720161005966,2.55));
#1426=CARTESIAN_POINT('Ctrl Pts',(-1.54417852357274,-0.00114878363891144,
2.85421172358873));
#1427=CARTESIAN_POINT('Ctrl Pts',(-1.54050386582523,0.42994327796529,2.83192272633095));
#1428=CARTESIAN_POINT('Ctrl Pts',(-1.12825067412191,1.3770219824683,2.7832620922048));
#1429=CARTESIAN_POINT('Ctrl Pts',(0.474656234291562,1.75996111845606,2.70822982121026));
#1430=CARTESIAN_POINT('Ctrl Pts',(1.73345553885186,0.558264302513096,2.62911491060513));
#1431=CARTESIAN_POINT('Ctrl Pts',(1.52061016458704,-0.5745137663273,2.57637163686838));
#1432=CARTESIAN_POINT('Ctrl Pts',(1.19858622080122,-0.971720161005966,2.55));
#1433=CARTESIAN_POINT('',(0.554568892748171,-1.44282179125885,2.55));
#1434=CARTESIAN_POINT('Origin',(0.,0.,2.55));
#1435=CARTESIAN_POINT('Ctrl Pts',(-1.54087402473579,0.000743400820020085,
2.89578827641127));
#1436=CARTESIAN_POINT('Ctrl Pts',(-1.54179985386342,0.207513918913155,2.88515798882801));
#1437=CARTESIAN_POINT('Ctrl Pts',(-1.40698515755093,0.926089972825532,2.84815606437636));
#1438=CARTESIAN_POINT('Ctrl Pts',(-0.318814952621028,1.79370932896071,2.78478250305634));
#1439=CARTESIAN_POINT('Ctrl Pts',(1.33004148434491,1.24474186231971,2.70566759245121));
#1440=CARTESIAN_POINT('Ctrl Pts',(1.76356835992798,-0.417421506413252,2.6274067580991));
#1441=CARTESIAN_POINT('Ctrl Pts',(1.01406119027938,-1.26498071709429,2.57551756061536));
#1442=CARTESIAN_POINT('Ctrl Pts',(0.55456996729778,-1.44282534838847,2.55));
#1443=CARTESIAN_POINT('Origin',(0.,0.,6.10421172358873));
#1444=CARTESIAN_POINT('',(-1.54234113207381,-0.00135223719193486,3.39578827641127));
#1445=CARTESIAN_POINT('',(-1.54402782189488,0.001231504477624,3.35421172358873));
#1446=CARTESIAN_POINT('',(-1.543,-1.02078224083446E-14,6.10421172358873));
#1447=CARTESIAN_POINT('Ctrl Pts',(-1.54402782189488,0.00123150447762401,
3.35421172358873));
#1448=CARTESIAN_POINT('Ctrl Pts',(-1.54476098804831,0.0854899231115592,
3.34985751774292));
#1449=CARTESIAN_POINT('Ctrl Pts',(-1.50025519470976,0.679291187565676,3.31913167502874));
#1450=CARTESIAN_POINT('Ctrl Pts',(-0.730239663030829,1.66888643167009,3.26203419544618));
#1451=CARTESIAN_POINT('Ctrl Pts',(1.00094744954345,1.52205554389758,3.18291928484105));
#1452=CARTESIAN_POINT('Ctrl Pts',(1.82164893143448,-0.00937267763360722,
3.10380437423591));
#1453=CARTESIAN_POINT('Ctrl Pts',(0.985307400137864,-1.53210676719634,3.02468946363079));
#1454=CARTESIAN_POINT('Ctrl Pts',(-0.747273287128219,-1.661510937195,2.94557455302565));
#1455=CARTESIAN_POINT('Ctrl Pts',(-1.50353302195164,-0.668448116800823,
2.8887486396783));
#1456=CARTESIAN_POINT('Ctrl Pts',(-1.54485160469442,-0.0801112199551261,
2.85829436319933));
#1457=CARTESIAN_POINT('Ctrl Pts',(-1.54417852357274,-0.00114878363891144,
2.85421172358873));
#1458=CARTESIAN_POINT('Ctrl Pts',(-1.54234113207381,-0.00135223719193497,
3.39578827641127));
#1459=CARTESIAN_POINT('Ctrl Pts',(-1.53918063612952,0.368652613854995,3.3767211433716));
#1460=CARTESIAN_POINT('Ctrl Pts',(-1.22054855452541,1.25529474319991,3.33128237346355));
#1461=CARTESIAN_POINT('Ctrl Pts',(0.258175789686801,1.80328328060716,3.25947196668713));
#1462=CARTESIAN_POINT('Ctrl Pts',(1.65247817571261,0.766680183200548,3.180357056082));
#1463=CARTESIAN_POINT('Ctrl Pts',(1.54361947582221,-0.967300370920008,3.10124214547686));
#1464=CARTESIAN_POINT('Ctrl Pts',(0.0306655518939638,-1.82143021376498,
3.02212723487174));
#1465=CARTESIAN_POINT('Ctrl Pts',(-1.30319485350411,-1.12652567392399,2.95364261184987));
#1466=CARTESIAN_POINT('Ctrl Pts',(-1.5395030552712,-0.305442760341852,2.91152962569638));
#1467=CARTESIAN_POINT('Ctrl Pts',(-1.54087402473579,0.000743400820020085,
2.89578827641127));
#1468=CARTESIAN_POINT('Origin',(0.,0.,6.10421172358873));
#1469=CARTESIAN_POINT('',(-1.54536758291669,0.000395956363605232,3.89578827641127));
#1470=CARTESIAN_POINT('',(-1.54051810103531,0.000124156340499382,3.85421172358873));
#1471=CARTESIAN_POINT('',(-1.543,-1.02078224083446E-14,6.10421172358873));
#1472=CARTESIAN_POINT('Ctrl Pts',(-1.54051810103531,0.000124156340499323,
3.85421172358873));
#1473=CARTESIAN_POINT('Ctrl Pts',(-1.54069801632646,0.249080023382421,3.84142067228652));
#1474=CARTESIAN_POINT('Ctrl Pts',(-1.3663769251447,1.01107689610056,3.80225798411592));
#1475=CARTESIAN_POINT('Ctrl Pts',(-0.171706164019076,1.81355809337795,3.73672365907696));
#1476=CARTESIAN_POINT('Ctrl Pts',(1.42672374975657,1.13266830915403,3.65760874847183));
#1477=CARTESIAN_POINT('Ctrl Pts',(1.72736131579888,-0.578533822858745,3.5784938378667));
#1478=CARTESIAN_POINT('Ctrl Pts',(0.456736775170634,-1.76348004065511,3.49937892726157));
#1479=CARTESIAN_POINT('Ctrl Pts',(-1.13655301826939,-1.3673856095217,3.42461822250224));
#1480=CARTESIAN_POINT('Ctrl Pts',(-1.5403205017123,-0.424828720059019,3.3762291546113));
#1481=CARTESIAN_POINT('Ctrl Pts',(-1.54402782189488,0.00123150447762401,
3.35421172358873));
#1482=CARTESIAN_POINT('Ctrl Pts',(-1.54536758291669,0.00039595636360521,
3.89578827641127));
#1483=CARTESIAN_POINT('Ctrl Pts',(-1.54544308284193,0.0222580635883934,
3.89465593478357));
#1484=CARTESIAN_POINT('Ctrl Pts',(-1.53514298856941,0.553204346491092,3.8671519562875));
#1485=CARTESIAN_POINT('Ctrl Pts',(-0.927069407631401,1.56812551773163,3.81327634092304));
#1486=CARTESIAN_POINT('Ctrl Pts',(0.809161220688613,1.63209526334974,3.73416143031791));
#1487=CARTESIAN_POINT('Ctrl Pts',(1.80935394306891,0.211459543213227,3.65504651971278));
#1488=CARTESIAN_POINT('Ctrl Pts',(1.16370134495483,-1.40152577774277,3.57593160910765));
#1489=CARTESIAN_POINT('Ctrl Pts',(-0.540489683621911,-1.73964031612842,
3.49681669850252));
#1490=CARTESIAN_POINT('Ctrl Pts',(-1.46080529059623,-0.795209786257686,
3.43676892093706));
#1491=CARTESIAN_POINT('Ctrl Pts',(-1.54355189903482,-0.14309886713825,3.40309278023998));
#1492=CARTESIAN_POINT('Ctrl Pts',(-1.54234113207381,-0.00135223719193497,
3.39578827641127));
#1493=CARTESIAN_POINT('Origin',(0.,0.,6.10421172358873));
#1494=CARTESIAN_POINT('',(-1.54125153886531,0.00101394259635193,4.39578827641127));
#1495=CARTESIAN_POINT('',(-1.54358098922986,-0.0013305026501457,4.35421172358873));
#1496=CARTESIAN_POINT('',(-1.543,-1.02078224083446E-14,6.10421172358873));
#1497=CARTESIAN_POINT('Ctrl Pts',(-1.54358098922986,-0.00133050265014574,
4.35421172358873));
#1498=CARTESIAN_POINT('Ctrl Pts',(-1.53985403636723,0.40975917712793,4.33298382683011));
#1499=CARTESIAN_POINT('Ctrl Pts',(-1.16004896323648,1.33763772232852,4.28538429320311));
#1500=CARTESIAN_POINT('Ctrl Pts',(0.404052693728181,1.77629157411536,4.21141312270774));
#1501=CARTESIAN_POINT('Ctrl Pts',(1.70937883663908,0.629684438715453,4.13229821210261));
#1502=CARTESIAN_POINT('Ctrl Pts',(1.45980040125825,-1.08970681615174,4.05318330149748));
#1503=CARTESIAN_POINT('Ctrl Pts',(-0.117657993069836,-1.81786483586805,
3.97406839089235));
#1504=CARTESIAN_POINT('Ctrl Pts',(-1.35035602493967,-1.04205751597205,3.90774453158943));
#1505=CARTESIAN_POINT('Ctrl Pts',(-1.54032708037966,-0.264198640486722,
3.86779230915489));
#1506=CARTESIAN_POINT('Ctrl Pts',(-1.54051810103531,0.000124156340499323,
3.85421172358873));
#1507=CARTESIAN_POINT('Ctrl Pts',(-1.54125153886531,0.00101394259635172,
4.39578827641127));
#1508=CARTESIAN_POINT('Ctrl Pts',(-1.54238938546243,0.187042751375603,4.38621908932717));
#1509=CARTESIAN_POINT('Ctrl Pts',(-1.4253033315583,0.884366039184292,4.35027826537468));
#1510=CARTESIAN_POINT('Ctrl Pts',(-0.390170486104783,1.7793813771905,4.28796580455382));
#1511=CARTESIAN_POINT('Ctrl Pts',(1.27897149524635,1.29719487312671,4.20885089394869));
#1512=CARTESIAN_POINT('Ctrl Pts',(1.78473357456879,-0.364981364325175,4.12973598334356));
#1513=CARTESIAN_POINT('Ctrl Pts',(0.667039681296745,-1.69514829341808,4.05062107273843));
#1514=CARTESIAN_POINT('Ctrl Pts',(-1.0327295029795,-1.48639229422,3.972638503761));
#1515=CARTESIAN_POINT('Ctrl Pts',(-1.54368472956462,-0.486898836419128,
3.92102757165195));
#1516=CARTESIAN_POINT('Ctrl Pts',(-1.54536758291669,0.00039595636360521,
3.89578827641127));
#1517=CARTESIAN_POINT('Origin',(0.,0.,6.10421172358873));
#1518=CARTESIAN_POINT('',(-1.54142769286998,-0.00184861016934386,4.89578827641128));
#1519=CARTESIAN_POINT('',(-1.54458286124357,0.000976237672147703,4.85421172358873));
#1520=CARTESIAN_POINT('',(-1.543,-1.02078224083446E-14,6.10421172358873));
#1521=CARTESIAN_POINT('',(-0.398513841857223,-1.49064942821852,5.));
#1522=CARTESIAN_POINT('Ctrl Pts',(-0.398513841857218,-1.49064942821852,
5.));
#1523=CARTESIAN_POINT('Ctrl Pts',(-0.892508745883975,-1.35858362969146,
4.97362836313162));
#1524=CARTESIAN_POINT('Ctrl Pts',(-1.44444110339788,-0.837408158356399,
4.93889112193538));
#1525=CARTESIAN_POINT('Ctrl Pts',(-1.5426270080076,-0.164382020858349,4.90415388073914));
#1526=CARTESIAN_POINT('Ctrl Pts',(-1.54142769286998,-0.00184861016934396,
4.89578827641128));
#1527=CARTESIAN_POINT('',(0.399414103685262,-1.49323450363194,5.));
#1528=CARTESIAN_POINT('Origin',(0.,0.,5.));
#1529=CARTESIAN_POINT('Ctrl Pts',(0.39941533125329,-1.4932380285575,5.));
#1530=CARTESIAN_POINT('Ctrl Pts',(-0.0768551855205463,-1.61944073964501,
4.97448243938464));
#1531=CARTESIAN_POINT('Ctrl Pts',(-1.111304068899,-1.38985906672489,4.92588634724755));
#1532=CARTESIAN_POINT('Ctrl Pts',(-1.54115325475832,-0.44508842285945,4.87729025511046));
#1533=CARTESIAN_POINT('Ctrl Pts',(-1.54458286124357,0.00097623767214762,
4.85421172358873));
#1534=CARTESIAN_POINT('Origin',(0.,0.,6.10421172358873));
#1535=CARTESIAN_POINT('Ctrl Pts',(-1.54458286124357,0.000976237672147516,
4.85421172358873));
#1536=CARTESIAN_POINT('Ctrl Pts',(-1.54507223620414,0.0646257778157079,
4.85091861824208));
#1537=CARTESIAN_POINT('Ctrl Pts',(-1.51266816512894,0.637510494166581,4.82125387602706));
#1538=CARTESIAN_POINT('Ctrl Pts',(-0.796389431966098,1.63853588081761,4.76521749694366));
#1539=CARTESIAN_POINT('Ctrl Pts',(0.939274943726374,1.56075122903781,4.68610258633853));
#1540=CARTESIAN_POINT('Ctrl Pts',(1.8205631212552,0.0635814281682215,4.6069876757334));
#1541=CARTESIAN_POINT('Ctrl Pts',(1.04580099193977,-1.49159282671736,4.52787276512826));
#1542=CARTESIAN_POINT('Ctrl Pts',(-0.680249575498278,-1.68987940466481,
4.44875785452314));
#1543=CARTESIAN_POINT('Ctrl Pts',(-1.49042490246343,-0.710277401056679,
4.39087084067662));
#1544=CARTESIAN_POINT('Ctrl Pts',(-1.54448406866089,-0.100941806521959,
4.35935546369849));
#1545=CARTESIAN_POINT('Ctrl Pts',(-1.54358098922986,-0.00133050265014574,
4.35421172358873));
#1546=CARTESIAN_POINT('Ctrl Pts',(-1.54142769286998,-0.00184861016934396,
4.89578827641128));
#1547=CARTESIAN_POINT('Ctrl Pts',(-1.53884630047465,0.347986472520171,4.87778224387077));
#1548=CARTESIAN_POINT('Ctrl Pts',(-1.24880586933218,1.21534789812442,4.83340457446188));
#1549=CARTESIAN_POINT('Ctrl Pts',(0.186188057010725,1.81160995589395,4.7626552681846));
#1550=CARTESIAN_POINT('Ctrl Pts',(1.62031685346597,0.832445762956173,4.68354035757948));
#1551=CARTESIAN_POINT('Ctrl Pts',(1.58116830197464,-0.90495465723209,4.60442544697434));
#1552=CARTESIAN_POINT('Ctrl Pts',(0.103419286028088,-1.81864917514028,4.52531053636922));
#1553=CARTESIAN_POINT('Ctrl Pts',(-1.27813924914925,-1.16786597752836,4.45576481284819));
#1554=CARTESIAN_POINT('Ctrl Pts',(-1.53925360422964,-0.325632374428068,
4.41259072619554));
#1555=CARTESIAN_POINT('Ctrl Pts',(-1.54125153886531,0.00101394259635172,
4.39578827641127));
#1556=CARTESIAN_POINT('Ctrl Pts',(0.958116152722385,0.825211298936494,5.));
#1557=CARTESIAN_POINT('Ctrl Pts',(1.23158768043572,0.507695665850164,4.97362836313162));
#1558=CARTESIAN_POINT('Ctrl Pts',(1.43356591642796,-0.415022168078153,4.92088508939487));
#1559=CARTESIAN_POINT('Ctrl Pts',(0.43173540998872,-1.43008609682537,4.84177017878974));
#1560=CARTESIAN_POINT('Ctrl Pts',(-0.96256785990644,-1.14055573856996,4.76265526818462));
#1561=CARTESIAN_POINT('Ctrl Pts',(-1.48139650275063,0.184585123922403,4.68354035757947));
#1562=CARTESIAN_POINT('Ctrl Pts',(-0.652647074997493,1.34279236636025,4.60442544697435));
#1563=CARTESIAN_POINT('Ctrl Pts',(0.769742816812703,1.27904726449664,4.52531053636921));
#1564=CARTESIAN_POINT('Ctrl Pts',(1.49196504655036,0.0521054542571073,4.44619562576409));
#1565=CARTESIAN_POINT('Ctrl Pts',(0.857041707263672,-1.22237143835651,4.36708071515895));
#1566=CARTESIAN_POINT('Ctrl Pts',(-0.557469597030184,-1.38486876681702,
4.28796580455383));
#1567=CARTESIAN_POINT('Ctrl Pts',(-1.46489120294746,-0.28768400484252,4.20885089394869));
#1568=CARTESIAN_POINT('Ctrl Pts',(-1.03980092695141,1.07120688193128,4.12973598334356));
#1569=CARTESIAN_POINT('Ctrl Pts',(0.33112419392047,1.45568418371282,4.05062107273844));
#1570=CARTESIAN_POINT('Ctrl Pts',(1.40084869664946,0.516031090574004,3.9715061621333));
#1571=CARTESIAN_POINT('Ctrl Pts',(1.19631730874339,-0.893022857436083,3.89239125152818));
#1572=CARTESIAN_POINT('Ctrl Pts',(-0.096421602227354,-1.48975378156523,
3.81327634092303));
#1573=CARTESIAN_POINT('Ctrl Pts',(-1.30145244427759,-0.73135900539694,3.73416143031792));
#1574=CARTESIAN_POINT('Ctrl Pts',(-1.3226414794647,0.692303384572643,3.65504651971277));
#1575=CARTESIAN_POINT('Ctrl Pts',(-0.14071448114201,1.48622437399638,3.57593160910765));
#1576=CARTESIAN_POINT('Ctrl Pts',(1.16921074631703,0.928230121144053,3.49681669850252));
#1577=CARTESIAN_POINT('Ctrl Pts',(1.41558547234457,-0.474112779653197,3.41770178789739));
#1578=CARTESIAN_POINT('Ctrl Pts',(0.374299191317737,-1.44518503655761,3.33858687729226));
#1579=CARTESIAN_POINT('Ctrl Pts',(-1.00746087327399,-1.10167723967048,3.25947196668713));
#1580=CARTESIAN_POINT('Ctrl Pts',(-1.47280392361171,0.243960910206997,3.18035705608199));
#1581=CARTESIAN_POINT('Ctrl Pts',(-0.598436846339912,1.36766486898693,3.10124214547687));
#1582=CARTESIAN_POINT('Ctrl Pts',(0.820283894975825,1.24733586212475,3.02212723487173));
#1583=CARTESIAN_POINT('Ctrl Pts',(1.49285487608483,-0.00768097917543543,
2.9430123242666));
#1584=CARTESIAN_POINT('Ctrl Pts',(0.807466757922443,-1.25557291452998,2.86389741366148));
#1585=CARTESIAN_POINT('Ctrl Pts',(-0.612396028239555,-1.36162059629493,
2.78478250305634));
#1586=CARTESIAN_POINT('Ctrl Pts',(-1.4752470200428,-0.228590236427735,2.70566759245121));
#1587=CARTESIAN_POINT('Ctrl Pts',(-0.996084835938537,1.11140419169762,2.62655268184608));
#1588=CARTESIAN_POINT('Ctrl Pts',(0.388984321621309,1.44230125358891,2.54743777124095));
#1589=CARTESIAN_POINT('Ctrl Pts',(1.42057973355683,0.457501756660927,2.46832286063582));
#1590=CARTESIAN_POINT('Ctrl Pts',(1.24615136300733,-0.470818313364142,2.41557958689907));
#1591=CARTESIAN_POINT('Ctrl Pts',(0.982250341026012,-0.796331914187974,
2.38920795003069));
#1592=CARTESIAN_POINT('Ctrl Pts',(1.02845629995665,0.885794229410677,5.05359734998977));
#1593=CARTESIAN_POINT('Ctrl Pts',(1.32200475411474,0.54496816959058,5.02722571312139));
#1594=CARTESIAN_POINT('Ctrl Pts',(1.53881123281788,-0.445491042154803,4.97448243938464));
#1595=CARTESIAN_POINT('Ctrl Pts',(0.463431287590371,-1.535075942078,4.89536752877951));
#1596=CARTESIAN_POINT('Ctrl Pts',(-1.03323482945539,-1.22428969749754,4.81625261817438));
#1597=CARTESIAN_POINT('Ctrl Pts',(-1.59015330412563,0.198136450405175,4.73713770756924));
#1598=CARTESIAN_POINT('Ctrl Pts',(-0.700561193987028,1.44137353784604,4.65802279696412));
#1599=CARTESIAN_POINT('Ctrl Pts',(0.826253525783927,1.37294858601037,4.57890788635898));
#1600=CARTESIAN_POINT('Ctrl Pts',(1.60149773811864,0.0559307788941445,4.49979297575386));
#1601=CARTESIAN_POINT('Ctrl Pts',(0.919961468822373,-1.31211190114346,4.42067806514872));
#1602=CARTESIAN_POINT('Ctrl Pts',(-0.598396256519549,-1.48653897943295,
4.3415631545436));
#1603=CARTESIAN_POINT('Ctrl Pts',(-1.57243626687809,-0.308804341035649,
4.26244824393846));
#1604=CARTESIAN_POINT('Ctrl Pts',(-1.11613796613843,1.14984959093823,4.18333333333334));
#1605=CARTESIAN_POINT('Ctrl Pts',(0.355433693856374,1.562553313847,4.10421842272821));
#1606=CARTESIAN_POINT('Ctrl Pts',(1.503692076646,0.553915539954487,4.02510351212307));
#1607=CARTESIAN_POINT('Ctrl Pts',(1.28414500624834,-0.958584177007971,3.94598860151794));
#1608=CARTESIAN_POINT('Ctrl Pts',(-0.103500399174847,-1.5991241329995,3.86687369091281));
#1609=CARTESIAN_POINT('Ctrl Pts',(-1.39699864323141,-0.785051764854711,
3.78775878030768));
#1610=CARTESIAN_POINT('Ctrl Pts',(-1.41974327253994,0.743128873594255,3.70864386970255));
#1611=CARTESIAN_POINT('Ctrl Pts',(-0.151045042101034,1.59533561379023,3.62952895909742));
#1612=CARTESIAN_POINT('Ctrl Pts',(1.25504841413021,0.996376183814046,3.55041404849229));
#1613=CARTESIAN_POINT('Ctrl Pts',(1.51951075349601,-0.508919794055046,3.47129913788716));
#1614=CARTESIAN_POINT('Ctrl Pts',(0.401778385935371,-1.55128337125677,3.39218422728203));
#1615=CARTESIAN_POINT('Ctrl Pts',(-1.08142366573657,-1.18255693157722,3.3130693166769));
#1616=CARTESIAN_POINT('Ctrl Pts',(-1.58092990034187,0.261871313131117,3.23395440607177));
#1617=CARTESIAN_POINT('Ctrl Pts',(-0.642371118570219,1.46807205654798,3.15483949546663));
#1618=CARTESIAN_POINT('Ctrl Pts',(0.880505079831702,1.33890908938236,3.07572458486151));
#1619=CARTESIAN_POINT('Ctrl Pts',(1.60245289453471,-0.00824487866149253,
2.99660967425637));
#1620=CARTESIAN_POINT('Ctrl Pts',(0.866746971994251,-1.34775086541877,2.91749476365125));
#1621=CARTESIAN_POINT('Ctrl Pts',(-0.657355114535777,-1.46158404326162,
2.83837985304611));
#1622=CARTESIAN_POINT('Ctrl Pts',(-1.58355235682464,-0.245372200536112,
2.75926494244098));
#1623=CARTESIAN_POINT('Ctrl Pts',(-1.06921245602787,1.19299798829385,2.68015003183585));
#1624=CARTESIAN_POINT('Ctrl Pts',(0.417541625844727,1.54818787521129,2.60103512123072));
#1625=CARTESIAN_POINT('Ctrl Pts',(1.52487166865517,0.491089271944984,2.52192021062559));
#1626=CARTESIAN_POINT('Ctrl Pts',(1.33763763020057,-0.505383464351862,2.46917693688884));
#1627=CARTESIAN_POINT('Ctrl Pts',(1.05436230095108,-0.854794663127304,2.44280530002046));
#1628=CARTESIAN_POINT('Ctrl Pts',(1.09879644719091,0.94637715988486,5.10719469997954));
#1629=CARTESIAN_POINT('Ctrl Pts',(1.41242182779375,0.582240673330997,5.08082306311116));
#1630=CARTESIAN_POINT('Ctrl Pts',(1.64405654920781,-0.47595991623145,5.02807978937441));
#1631=CARTESIAN_POINT('Ctrl Pts',(0.495127165192022,-1.64006578733063,4.94896487876928));
#1632=CARTESIAN_POINT('Ctrl Pts',(-1.10390179900434,-1.3080236564251,4.86984996816415));
#1633=CARTESIAN_POINT('Ctrl Pts',(-1.69891010550062,0.211687776887944,4.79073505755902));
#1634=CARTESIAN_POINT('Ctrl Pts',(-0.748475312976565,1.53995470933183,4.71162014695389));
#1635=CARTESIAN_POINT('Ctrl Pts',(0.882764234755152,1.46684990752409,4.63250523634875));
#1636=CARTESIAN_POINT('Ctrl Pts',(1.71103042968692,0.0597561035311832,4.55339032574363));
#1637=CARTESIAN_POINT('Ctrl Pts',(0.982881230381075,-1.40185236393041,4.47427541513849));
#1638=CARTESIAN_POINT('Ctrl Pts',(-0.639322916008915,-1.58820919204888,
4.39516050453337));
#1639=CARTESIAN_POINT('Ctrl Pts',(-1.67998133080873,-0.329924677228781,
4.31604559392823));
#1640=CARTESIAN_POINT('Ctrl Pts',(-1.19247500532546,1.22849229994518,4.23693068332311));
#1641=CARTESIAN_POINT('Ctrl Pts',(0.379743193792278,1.66942244398118,4.15781577271797));
#1642=CARTESIAN_POINT('Ctrl Pts',(1.60653545664254,0.59179998933497,4.07870086211284));
#1643=CARTESIAN_POINT('Ctrl Pts',(1.37197270375329,-1.02414549657986,3.99958595150771));
#1644=CARTESIAN_POINT('Ctrl Pts',(-0.110579196122342,-1.70849448443378,
3.92047104090258));
#1645=CARTESIAN_POINT('Ctrl Pts',(-1.49254484218522,-0.83874452431248,3.84135613029745));
#1646=CARTESIAN_POINT('Ctrl Pts',(-1.51684506561518,0.793954362615866,3.76224121969232));
#1647=CARTESIAN_POINT('Ctrl Pts',(-0.161375603060055,1.70444685358409,3.68312630908719));
#1648=CARTESIAN_POINT('Ctrl Pts',(1.34088608194339,1.06452224648404,3.60401139848205));
#1649=CARTESIAN_POINT('Ctrl Pts',(1.62343603464744,-0.543726808456896,3.52489648787693));
#1650=CARTESIAN_POINT('Ctrl Pts',(0.429257580553004,-1.65738170595594,3.4457815772718));
#1651=CARTESIAN_POINT('Ctrl Pts',(-1.15538645819916,-1.26343662348396,3.36666666666667));
#1652=CARTESIAN_POINT('Ctrl Pts',(-1.68905587707203,0.279781716055237,3.28755175606154));
#1653=CARTESIAN_POINT('Ctrl Pts',(-0.686305390800525,1.56847924410903,3.20843684545641));
#1654=CARTESIAN_POINT('Ctrl Pts',(0.940726264687578,1.43048231663997,3.12932193485128));
#1655=CARTESIAN_POINT('Ctrl Pts',(1.7120509129846,-0.00880877814754946,
3.05020702424614));
#1656=CARTESIAN_POINT('Ctrl Pts',(0.926027186066057,-1.43992881630755,2.97109211364101));
#1657=CARTESIAN_POINT('Ctrl Pts',(-0.702314200831998,-1.56154749022831,
2.89197720303588));
#1658=CARTESIAN_POINT('Ctrl Pts',(-1.69185769360649,-0.262154164644486,
2.81286229243075));
#1659=CARTESIAN_POINT('Ctrl Pts',(-1.1423400761172,1.27459178489007,2.73374738182563));
#1660=CARTESIAN_POINT('Ctrl Pts',(0.446098930068144,1.65407449683368,2.65463247122049));
#1661=CARTESIAN_POINT('Ctrl Pts',(1.62916360375352,0.524676787229039,2.57551756061536));
#1662=CARTESIAN_POINT('Ctrl Pts',(1.4291238973938,-0.539948615339581,2.52277428687861));
#1663=CARTESIAN_POINT('Ctrl Pts',(1.12647426087615,-0.913257412066635,2.49640265001023));
#1664=CARTESIAN_POINT('Ctrl Pts',(1.16913659442518,1.00696009035904,5.16079204996931));
#1665=CARTESIAN_POINT('Ctrl Pts',(1.50283890147277,0.619513177071414,5.13442041310093));
#1666=CARTESIAN_POINT('Ctrl Pts',(1.74930186559774,-0.5064287903081,5.08167713936418));
#1667=CARTESIAN_POINT('Ctrl Pts',(0.52682304279367,-1.74505563258326,5.00256222875905));
#1668=CARTESIAN_POINT('Ctrl Pts',(-1.17456876855329,-1.39175761535267,4.92344731815392));
#1669=CARTESIAN_POINT('Ctrl Pts',(-1.80766690687562,0.225239103370715,4.84433240754879));
#1670=CARTESIAN_POINT('Ctrl Pts',(-0.796389431966098,1.63853588081761,4.76521749694366));
#1671=CARTESIAN_POINT('Ctrl Pts',(0.939274943726374,1.56075122903781,4.68610258633853));
#1672=CARTESIAN_POINT('Ctrl Pts',(1.8205631212552,0.0635814281682215,4.6069876757334));
#1673=CARTESIAN_POINT('Ctrl Pts',(1.04580099193977,-1.49159282671736,4.52787276512826));
#1674=CARTESIAN_POINT('Ctrl Pts',(-0.680249575498278,-1.68987940466481,
4.44875785452314));
#1675=CARTESIAN_POINT('Ctrl Pts',(-1.78752639473936,-0.351045013421913,
4.36964294391801));
#1676=CARTESIAN_POINT('Ctrl Pts',(-1.26881204451248,1.30713500895213,4.29052803331287));
#1677=CARTESIAN_POINT('Ctrl Pts',(0.404052693728181,1.77629157411536,4.21141312270774));
#1678=CARTESIAN_POINT('Ctrl Pts',(1.70937883663908,0.629684438715453,4.13229821210261));
#1679=CARTESIAN_POINT('Ctrl Pts',(1.45980040125825,-1.08970681615174,4.05318330149748));
#1680=CARTESIAN_POINT('Ctrl Pts',(-0.117657993069836,-1.81786483586805,
3.97406839089235));
#1681=CARTESIAN_POINT('Ctrl Pts',(-1.58809104113904,-0.892437283770249,
3.89495348028722));
#1682=CARTESIAN_POINT('Ctrl Pts',(-1.61394685869042,0.844779851637476,3.81583856968209));
#1683=CARTESIAN_POINT('Ctrl Pts',(-0.171706164019076,1.81355809337795,3.73672365907696));
#1684=CARTESIAN_POINT('Ctrl Pts',(1.42672374975657,1.13266830915403,3.65760874847183));
#1685=CARTESIAN_POINT('Ctrl Pts',(1.72736131579888,-0.578533822858745,3.5784938378667));
#1686=CARTESIAN_POINT('Ctrl Pts',(0.456736775170634,-1.76348004065511,3.49937892726157));
#1687=CARTESIAN_POINT('Ctrl Pts',(-1.22934925066174,-1.34431631539071,3.42026401665644));
#1688=CARTESIAN_POINT('Ctrl Pts',(-1.79718185380219,0.297692118979358,3.3411491060513));
#1689=CARTESIAN_POINT('Ctrl Pts',(-0.730239663030829,1.66888643167009,3.26203419544618));
#1690=CARTESIAN_POINT('Ctrl Pts',(1.00094744954345,1.52205554389758,3.18291928484105));
#1691=CARTESIAN_POINT('Ctrl Pts',(1.82164893143448,-0.00937267763360722,
3.10380437423591));
#1692=CARTESIAN_POINT('Ctrl Pts',(0.985307400137864,-1.53210676719634,3.02468946363079));
#1693=CARTESIAN_POINT('Ctrl Pts',(-0.747273287128219,-1.661510937195,2.94557455302565));
#1694=CARTESIAN_POINT('Ctrl Pts',(-1.80016303038833,-0.278936128752863,
2.86645964242052));
#1695=CARTESIAN_POINT('Ctrl Pts',(-1.21546769620653,1.3561855814863,2.7873447318154));
#1696=CARTESIAN_POINT('Ctrl Pts',(0.474656234291562,1.75996111845606,2.70822982121026));
#1697=CARTESIAN_POINT('Ctrl Pts',(1.73345553885186,0.558264302513096,2.62911491060513));
#1698=CARTESIAN_POINT('Ctrl Pts',(1.52061016458704,-0.5745137663273,2.57637163686838));
#1699=CARTESIAN_POINT('Ctrl Pts',(1.19858622080122,-0.971720161005966,2.55));
#1700=CARTESIAN_POINT('Ctrl Pts',(1.19858622080122,-0.971720161005966,2.55));
#1701=CARTESIAN_POINT('Ctrl Pts',(1.23291837315382,-0.920682239809565,2.55));
#1702=CARTESIAN_POINT('Ctrl Pts',(1.26386526492786,-0.867551395222527,2.55));
#1703=CARTESIAN_POINT('Ctrl Pts',(1.29141610601109,-0.812684639292048,2.55));
#1704=CARTESIAN_POINT('Ctrl Pts',(1.31755737974081,-0.760624998676809,2.55));
#1705=CARTESIAN_POINT('Ctrl Pts',(1.34064082841219,-0.707001420004868,2.55));
#1706=CARTESIAN_POINT('Ctrl Pts',(1.360612869072,-0.652110034332353,2.55));
#1707=CARTESIAN_POINT('Ctrl Pts',(1.36470389856322,-0.640866201945626,2.55));
#1708=CARTESIAN_POINT('Ctrl Pts',(1.36866339847516,-0.629571265415646,2.55));
#1709=CARTESIAN_POINT('Ctrl Pts',(1.3724882133118,-0.618236245773157,2.55));
#1710=CARTESIAN_POINT('Ctrl Pts',(1.39173235337091,-0.561205326659547,2.55));
#1711=CARTESIAN_POINT('Ctrl Pts',(1.40759343492456,-0.503099426527429,2.55));
#1712=CARTESIAN_POINT('Ctrl Pts',(1.42003043673749,-0.444251583964473,2.55));
#1713=CARTESIAN_POINT('Ctrl Pts',(1.42778681090066,-0.407550947229141,2.55));
#1714=CARTESIAN_POINT('Ctrl Pts',(1.4342103807187,-0.37056158511425,2.55));
#1715=CARTESIAN_POINT('Ctrl Pts',(1.43928094058151,-0.333365160591977,2.55));
#1716=CARTESIAN_POINT('Ctrl Pts',(1.44090989209302,-0.321415558656921,2.55));
#1717=CARTESIAN_POINT('Ctrl Pts',(1.44239914425377,-0.309444600919578,2.55));
#1718=CARTESIAN_POINT('Ctrl Pts',(1.44374785457418,-0.297455044545497,2.55));
#1719=CARTESIAN_POINT('Ctrl Pts',(1.44505514259372,-0.285833717734056,2.55));
#1720=CARTESIAN_POINT('Ctrl Pts',(1.44622945068672,-0.27420293186437,2.55));
#1721=CARTESIAN_POINT('Ctrl Pts',(1.44727017375505,-0.26256998350808,2.55));
#1722=CARTESIAN_POINT('Ctrl Pts',(1.45259038997923,-0.203101905530732,2.55));
#1723=CARTESIAN_POINT('Ctrl Pts',(1.45442869503428,-0.143536449344528,2.55));
#1724=CARTESIAN_POINT('Ctrl Pts',(1.45274455126758,-0.0842000045470104,
2.55));
#1725=CARTESIAN_POINT('Ctrl Pts',(1.45112881396203,-0.0272736842806303,
2.55));
#1726=CARTESIAN_POINT('Ctrl Pts',(1.44627059475473,0.0294427936447773,2.55));
#1727=CARTESIAN_POINT('Ctrl Pts',(1.43808629559101,0.085648771857416,2.55));
#1728=CARTESIAN_POINT('Ctrl Pts',(1.43358379114769,0.116569888202418,2.55));
#1729=CARTESIAN_POINT('Ctrl Pts',(1.42807381762751,0.147336197607407,2.55));
#1730=CARTESIAN_POINT('Ctrl Pts',(1.42153646187251,0.177894440818519,2.55));
#1731=CARTESIAN_POINT('Ctrl Pts',(1.41568761721814,0.205234304847715,2.55));
#1732=CARTESIAN_POINT('Ctrl Pts',(1.40901634413178,0.232407612116073,2.55));
#1733=CARTESIAN_POINT('Ctrl Pts',(1.40150550907329,0.259374093195877,2.55));
#1734=CARTESIAN_POINT('Ctrl Pts',(1.39873418867793,0.269324086562206,2.55));
#1735=CARTESIAN_POINT('Ctrl Pts',(1.39585082061579,0.279237607629281,2.55));
#1736=CARTESIAN_POINT('Ctrl Pts',(1.39285614947322,0.289109286838818,2.55));
#1737=CARTESIAN_POINT('Ctrl Pts',(1.37796497385737,0.338196783172771,2.55));
#1738=CARTESIAN_POINT('Ctrl Pts',(1.36031639447192,0.386280001448394,2.55));
#1739=CARTESIAN_POINT('Ctrl Pts',(1.33985680614412,0.433137382659684,2.55));
#1740=CARTESIAN_POINT('Ctrl Pts',(1.31724119357207,0.484932578273439,2.55));
#1741=CARTESIAN_POINT('Ctrl Pts',(1.29119078535335,0.535231098613772,2.55));
#1742=CARTESIAN_POINT('Ctrl Pts',(1.26197807473548,0.583813977131362,2.55));
#1743=CARTESIAN_POINT('Ctrl Pts',(1.23701167955521,0.625334921898566,2.55));
#1744=CARTESIAN_POINT('Ctrl Pts',(1.20973436169445,0.665602477336378,2.55));
#1745=CARTESIAN_POINT('Ctrl Pts',(1.18029777883846,0.70445605711044,2.55));
#1746=CARTESIAN_POINT('Ctrl Pts',(1.17348435572244,0.713449148457622,2.55));
#1747=CARTESIAN_POINT('Ctrl Pts',(1.16655519877626,0.7223663813197,2.55));
#1748=CARTESIAN_POINT('Ctrl Pts',(1.15951210380486,0.731205565860203,2.55));
#1749=CARTESIAN_POINT('Ctrl Pts',(1.15400085436643,0.738122262430786,2.55));
#1750=CARTESIAN_POINT('Ctrl Pts',(1.14842049897648,0.744990237767089,2.55));
#1751=CARTESIAN_POINT('Ctrl Pts',(1.14277843002751,0.751800909759249,2.55));
#1752=CARTESIAN_POINT('Ctrl Pts',(1.10735937236919,0.794556073895679,2.55));
#1753=CARTESIAN_POINT('Ctrl Pts',(1.0694446981817,0.835140275658165,2.55));
#1754=CARTESIAN_POINT('Ctrl Pts',(1.02930006462344,0.87335673523211,2.55));
#1755=CARTESIAN_POINT('Ctrl Pts',(0.989373376947193,0.911365717012608,2.55));
#1756=CARTESIAN_POINT('Ctrl Pts',(0.947239828783051,0.947033188910276,2.55));
#1757=CARTESIAN_POINT('Ctrl Pts',(0.903134637454474,0.98012179620133,2.55));
#1758=CARTESIAN_POINT('Ctrl Pts',(0.860516167026861,1.01209503537898,2.55));
#1759=CARTESIAN_POINT('Ctrl Pts',(0.816055805559876,1.0416606117581,2.55));
#1760=CARTESIAN_POINT('Ctrl Pts',(0.76995582316156,1.06855747153849,2.55));
#1761=CARTESIAN_POINT('Ctrl Pts',(0.761135168959458,1.07370384875823,2.55));
#1762=CARTESIAN_POINT('Ctrl Pts',(0.752253729571925,1.07875267199971,2.55));
#1763=CARTESIAN_POINT('Ctrl Pts',(0.743327257913946,1.08369431608776,2.55));
#1764=CARTESIAN_POINT('Ctrl Pts',(0.696815484196572,1.10944297025055,2.55));
#1765=CARTESIAN_POINT('Ctrl Pts',(0.648992310131602,1.132339308003,2.55));
#1766=CARTESIAN_POINT('Ctrl Pts',(0.6000774567807,1.15217708107351,2.55));
#1767=CARTESIAN_POINT('Ctrl Pts',(0.552887350786129,1.17131537036119,2.55));
#1768=CARTESIAN_POINT('Ctrl Pts',(0.504680338739067,1.1876071567023,2.55));
#1769=CARTESIAN_POINT('Ctrl Pts',(0.455647005008426,1.2008203980407,2.55));
#1770=CARTESIAN_POINT('Ctrl Pts',(0.414713286715776,1.21185099819631,2.55));
#1771=CARTESIAN_POINT('Ctrl Pts',(0.373203366628881,1.2207354243421,2.55));
#1772=CARTESIAN_POINT('Ctrl Pts',(0.331230457014358,1.2273108199876,2.55));
#1773=CARTESIAN_POINT('Ctrl Pts',(0.317786061773361,1.22941699320114,2.55));
#1774=CARTESIAN_POINT('Ctrl Pts',(0.304294199028649,1.23128604668187,2.55));
#1775=CARTESIAN_POINT('Ctrl Pts',(0.290760535723452,1.23291893324432,2.55));
#1776=CARTESIAN_POINT('Ctrl Pts',(0.958116152722385,0.825211298936494,5.));
#1777=CARTESIAN_POINT('Ctrl Pts',(0.994999172424452,0.790767460285744,5.));
#1778=CARTESIAN_POINT('Ctrl Pts',(1.02950211556427,0.754085242295017,5.));
#1779=CARTESIAN_POINT('Ctrl Pts',(1.06162374464129,0.715484519078209,5.));
#1780=CARTESIAN_POINT('Ctrl Pts',(1.0951885933205,0.675149471606806,5.));
#1781=CARTESIAN_POINT('Ctrl Pts',(1.12615395637673,0.632719193458421,5.));
#1782=CARTESIAN_POINT('Ctrl Pts',(1.15449033649208,0.588508908875397,5.));
#1783=CARTESIAN_POINT('Ctrl Pts',(1.17745193093126,0.552684339170164,5.));
#1784=CARTESIAN_POINT('Ctrl Pts',(1.19868684323887,0.515689820203139,5.));
#1785=CARTESIAN_POINT('Ctrl Pts',(1.21816251957036,0.477674495567483,5.));
#1786=CARTESIAN_POINT('Ctrl Pts',(1.22705103895668,0.460324651369526,5.));
#1787=CARTESIAN_POINT('Ctrl Pts',(1.23557289810654,0.442761985510639,5.));
#1788=CARTESIAN_POINT('Ctrl Pts',(1.24372380418736,0.42499982118674,5.));
#1789=CARTESIAN_POINT('Ctrl Pts',(1.24754986049132,0.416662215513259,5.));
#1790=CARTESIAN_POINT('Ctrl Pts',(1.25129258999809,0.408283956180593,5.));
#1791=CARTESIAN_POINT('Ctrl Pts',(1.25494852746362,0.399874171487524,5.));
#1792=CARTESIAN_POINT('Ctrl Pts',(1.27666515244851,0.349919230489427,5.));
#1793=CARTESIAN_POINT('Ctrl Pts',(1.29535817774168,0.298777184574844,5.));
#1794=CARTESIAN_POINT('Ctrl Pts',(1.31100021043378,0.246779312840475,5.));
#1795=CARTESIAN_POINT('Ctrl Pts',(1.32692524653065,0.193840669850165,5.));
#1796=CARTESIAN_POINT('Ctrl Pts',(1.33968848545603,0.140014023318638,5.));
#1797=CARTESIAN_POINT('Ctrl Pts',(1.34922009382756,0.0856146235872958,5.));
#1798=CARTESIAN_POINT('Ctrl Pts',(1.35613800612021,0.0461322758611618,5.));
#1799=CARTESIAN_POINT('Ctrl Pts',(1.36135277807755,0.00634743839541681,
5.));
#1800=CARTESIAN_POINT('Ctrl Pts',(1.36482185446713,-0.0336259541607252,
5.));
#1801=CARTESIAN_POINT('Ctrl Pts',(1.36587271900195,-0.0457348315263997,
5.));
#1802=CARTESIAN_POINT('Ctrl Pts',(1.36676329425612,-0.0578610345557608,
5.));
#1803=CARTESIAN_POINT('Ctrl Pts',(1.36749213031878,-0.0700014422153716,
5.));
#1804=CARTESIAN_POINT('Ctrl Pts',(1.36813848910642,-0.0807680049285533,
5.));
#1805=CARTESIAN_POINT('Ctrl Pts',(1.36865757699408,-0.0915470520020178,
5.));
#1806=CARTESIAN_POINT('Ctrl Pts',(1.36904797866612,-0.102318353228516,5.));
#1807=CARTESIAN_POINT('Ctrl Pts',(1.37110697726311,-0.159126752631776,5.));
#1808=CARTESIAN_POINT('Ctrl Pts',(1.36959820543365,-0.21583039072191,5.));
#1809=CARTESIAN_POINT('Ctrl Pts',(1.36446442484049,-0.272096205352952,5.));
#1810=CARTESIAN_POINT('Ctrl Pts',(1.36079902252286,-0.312268714405407,5.));
#1811=CARTESIAN_POINT('Ctrl Pts',(1.35528484428329,-0.352218744850306,5.));
#1812=CARTESIAN_POINT('Ctrl Pts',(1.3478856084486,-0.391830208368763,5.));
#1813=CARTESIAN_POINT('Ctrl Pts',(1.33778910931903,-0.445881344982152,5.));
#1814=CARTESIAN_POINT('Ctrl Pts',(1.32418498883238,-0.499302715426654,5.));
#1815=CARTESIAN_POINT('Ctrl Pts',(1.30730034051895,-0.551891413530472,5.));
#1816=CARTESIAN_POINT('Ctrl Pts',(1.30264963030884,-0.566376452879113,5.));
#1817=CARTESIAN_POINT('Ctrl Pts',(1.29774973289139,-0.580798286029346,5.));
#1818=CARTESIAN_POINT('Ctrl Pts',(1.29260472507569,-0.595152559445186,5.));
#1819=CARTESIAN_POINT('Ctrl Pts',(1.28828868438012,-0.607194062672652,5.));
#1820=CARTESIAN_POINT('Ctrl Pts',(1.28379883247092,-0.619191001281935,5.));
#1821=CARTESIAN_POINT('Ctrl Pts',(1.27914710674484,-0.631117145983576,5.));
#1822=CARTESIAN_POINT('Ctrl Pts',(1.25854676653009,-0.683932520915706,5.));
#1823=CARTESIAN_POINT('Ctrl Pts',(1.23474481889377,-0.735452312745165,5.));
#1824=CARTESIAN_POINT('Ctrl Pts',(1.20802806145092,-0.785468936607665,5.));
#1825=CARTESIAN_POINT('Ctrl Pts',(1.18067013637886,-0.836685894762659,5.));
#1826=CARTESIAN_POINT('Ctrl Pts',(1.15025547098246,-0.886327569977082,5.));
#1827=CARTESIAN_POINT('Ctrl Pts',(1.11703648862856,-0.934165420091687,5.));
#1828=CARTESIAN_POINT('Ctrl Pts',(1.09628228454283,-0.964053045598229,5.));
#1829=CARTESIAN_POINT('Ctrl Pts',(1.07443236840487,-0.993236412804982,5.));
#1830=CARTESIAN_POINT('Ctrl Pts',(1.0515387071495,-1.02165625061197,5.));
#1831=CARTESIAN_POINT('Ctrl Pts',(1.04049369997895,-1.03536735207639,5.));
#1832=CARTESIAN_POINT('Ctrl Pts',(1.02920565229477,-1.04890068487355,5.));
#1833=CARTESIAN_POINT('Ctrl Pts',(1.01767985811218,-1.06224925194817,5.));
#1834=CARTESIAN_POINT('Ctrl Pts',(1.01047770682503,-1.07059040380417,5.));
#1835=CARTESIAN_POINT('Ctrl Pts',(1.00318271694592,-1.07885940624199,5.));
#1836=CARTESIAN_POINT('Ctrl Pts',(0.995796115697815,-1.0870544993349,5.));
#1837=CARTESIAN_POINT('Ctrl Pts',(0.988111206366307,-1.09558055147538,5.));
#1838=CARTESIAN_POINT('Ctrl Pts',(0.980332734750185,-1.10402035138576,5.));
#1839=CARTESIAN_POINT('Ctrl Pts',(0.972465163654929,-1.11236947817972,5.));
#1840=CARTESIAN_POINT('Ctrl Pts',(0.93101489256932,-1.15635682379729,5.));
#1841=CARTESIAN_POINT('Ctrl Pts',(0.887072972541188,-1.19785396698881,5.));
#1842=CARTESIAN_POINT('Ctrl Pts',(0.840896732413154,-1.23660918048161,5.));
#1843=CARTESIAN_POINT('Ctrl Pts',(0.808446033653417,-1.26384469716588,5.));
#1844=CARTESIAN_POINT('Ctrl Pts',(0.774890768910847,-1.28972576201903,5.));
#1845=CARTESIAN_POINT('Ctrl Pts',(0.740307486382598,-1.31415638751635,5.));
#1846=CARTESIAN_POINT('Ctrl Pts',(0.727170959615739,-1.32343640787054,5.));
#1847=CARTESIAN_POINT('Ctrl Pts',(0.713884053444665,-1.33250813840569,5.));
#1848=CARTESIAN_POINT('Ctrl Pts',(0.700469912080596,-1.34135385922816,5.));
#1849=CARTESIAN_POINT('Ctrl Pts',(0.649688638889176,-1.37484068134143,5.));
#1850=CARTESIAN_POINT('Ctrl Pts',(0.597030877087702,-1.40513217927154,5.));
#1851=CARTESIAN_POINT('Ctrl Pts',(0.542736352947446,-1.43196430450865,5.));
#1852=CARTESIAN_POINT('Ctrl Pts',(0.510944842494882,-1.44767553512441,5.));
#1853=CARTESIAN_POINT('Ctrl Pts',(0.478591385889588,-1.4622001389375,5.));
#1854=CARTESIAN_POINT('Ctrl Pts',(0.445718557037653,-1.47547887286275,5.));
#1855=CARTESIAN_POINT('Ctrl Pts',(0.430394883650408,-1.4816687563858,5.));
#1856=CARTESIAN_POINT('Ctrl Pts',(0.414958301304974,-1.48758784265444,5.));
#1857=CARTESIAN_POINT('Ctrl Pts',(0.399415331253291,-1.4932380285575,5.));
#1858=CARTESIAN_POINT('Ctrl Pts',(-1.26497612500399,-0.00109035683801266,
4.19341967361942));
#1859=CARTESIAN_POINT('Ctrl Pts',(-1.26571620532839,-0.0827225627653793,
4.19856341372918));
#1860=CARTESIAN_POINT('Ctrl Pts',(-1.25848553165932,-0.164224131304853,
4.20370715383893));
#1861=CARTESIAN_POINT('Ctrl Pts',(-1.24280588929524,-0.244066317375971,
4.20885089394869));
#1862=CARTESIAN_POINT('Ctrl Pts',(-1.16241733430837,-0.65341225883402,4.23522253081707));
#1863=CARTESIAN_POINT('Ctrl Pts',(-0.859943465669275,-1.01914051282552,
4.26159416768545));
#1864=CARTESIAN_POINT('Ctrl Pts',(-0.472954647300756,-1.17492175174452,
4.28796580455383));
#1865=CARTESIAN_POINT('Ctrl Pts',(-0.0859658289322333,-1.33070299066352,
4.3143374414222));
#1866=CARTESIAN_POINT('Ctrl Pts',(0.38553793916572,-1.27653721451001,4.34070907829058));
#1867=CARTESIAN_POINT('Ctrl Pts',(0.727110379762478,-1.03704151099766,4.36708071515895));
#1868=CARTESIAN_POINT('Ctrl Pts',(1.06868282035924,-0.797545807485305,4.39345235202733));
#1869=CARTESIAN_POINT('Ctrl Pts',(1.2803239334548,-0.372720176614099,4.41982398889571));
#1870=CARTESIAN_POINT('Ctrl Pts',(1.26577411837964,0.044182940528093,4.44619562576409));
#1871=CARTESIAN_POINT('Ctrl Pts',(1.25122430330447,0.461086057670285,4.47256726263247));
#1872=CARTESIAN_POINT('Ctrl Pts',(1.01048356005859,0.870066661083462,4.49893889950084));
#1873=CARTESIAN_POINT('Ctrl Pts',(0.65304820646728,1.08518114643399,4.52531053636921));
#1874=CARTESIAN_POINT('Ctrl Pts',(0.295612852875971,1.30029563178451,4.55168217323759));
#1875=CARTESIAN_POINT('Ctrl Pts',(-0.178517111060761,1.32154399907238,4.57805381010597));
#1876=CARTESIAN_POINT('Ctrl Pts',(-0.55370699765465,1.13913364231001,4.60442544697435));
#1877=CARTESIAN_POINT('Ctrl Pts',(-0.928896884248539,0.956723285547638,
4.63079708384273));
#1878=CARTESIAN_POINT('Ctrl Pts',(-1.20514669349958,0.57065420473502,4.6571687207111));
#1879=CARTESIAN_POINT('Ctrl Pts',(-1.25680015765108,0.156762853913317,4.68354035757947));
#1880=CARTESIAN_POINT('Ctrl Pts',(-1.26325028055467,0.105079000266903,4.68683346292612));
#1881=CARTESIAN_POINT('Ctrl Pts',(-1.2661982130137,0.052961306576792,4.69012656827277));
#1882=CARTESIAN_POINT('Ctrl Pts',(-1.26579716658619,0.000800034048264314,
4.69341967361941));
#1883=CARTESIAN_POINT('Ctrl Pts',(-0.398513841857218,-1.49064942821852,
5.));
#1884=CARTESIAN_POINT('Ctrl Pts',(-0.892508745883975,-1.35858362969146,
4.97362836313162));
#1885=CARTESIAN_POINT('Ctrl Pts',(-1.73053497980599,-0.567257099348564,
4.92088508939487));
#1886=CARTESIAN_POINT('Ctrl Pts',(-1.41848373661231,1.14484413330346,4.84177017878974));
#1887=CARTESIAN_POINT('Ctrl Pts',(0.186188057010725,1.81160995589395,4.7626552681846));
#1888=CARTESIAN_POINT('Ctrl Pts',(1.62031685346597,0.832445762956173,4.68354035757948));
#1889=CARTESIAN_POINT('Ctrl Pts',(1.58116830197464,-0.90495465723209,4.60442544697434));
#1890=CARTESIAN_POINT('Ctrl Pts',(0.103419286028088,-1.81864917514028,4.52531053636922));
#1891=CARTESIAN_POINT('Ctrl Pts',(-1.46823565510237,-1.07832105867712,4.44619562576408));
#1892=CARTESIAN_POINT('Ctrl Pts',(-1.70442515449165,0.643026665407438,4.36708071515895));
#1893=CARTESIAN_POINT('Ctrl Pts',(-0.390170486104783,1.7793813771905,4.28796580455382));
#1894=CARTESIAN_POINT('Ctrl Pts',(1.27897149524635,1.29719487312671,4.20885089394869));
#1895=CARTESIAN_POINT('Ctrl Pts',(1.78473357456879,-0.364981364325175,4.12973598334356));
#1896=CARTESIAN_POINT('Ctrl Pts',(0.667039681296745,-1.69514829341808,4.05062107273843));
#1897=CARTESIAN_POINT('Ctrl Pts',(-1.05741090845354,-1.48336106415123,3.9715061621333));
#1898=CARTESIAN_POINT('Ctrl Pts',(-1.82000931507962,0.0777407269357907,
3.89239125152817));
#1899=CARTESIAN_POINT('Ctrl Pts',(-0.927069407631401,1.56812551773163,3.81327634092304));
#1900=CARTESIAN_POINT('Ctrl Pts',(0.809161220688613,1.63209526334974,3.73416143031791));
#1901=CARTESIAN_POINT('Ctrl Pts',(1.80935394306891,0.211459543213227,3.65504651971278));
#1902=CARTESIAN_POINT('Ctrl Pts',(1.16370134495483,-1.40152577774277,3.57593160910765));
#1903=CARTESIAN_POINT('Ctrl Pts',(-0.540489683621911,-1.73964031612842,
3.49681669850252));
#1904=CARTESIAN_POINT('Ctrl Pts',(-1.75303559166837,-0.495322208567681,
3.41770178789739));
#1905=CARTESIAN_POINT('Ctrl Pts',(-1.3709633498005,1.19955373643971,3.33858687729226));
#1906=CARTESIAN_POINT('Ctrl Pts',(0.258175789686801,1.80328328060716,3.25947196668713));
#1907=CARTESIAN_POINT('Ctrl Pts',(1.65247817571261,0.766680183200548,3.180357056082));
#1908=CARTESIAN_POINT('Ctrl Pts',(1.54361947582221,-0.967300370920008,3.10124214547686));
#1909=CARTESIAN_POINT('Ctrl Pts',(0.0306655518939638,-1.82143021376498,
3.02212723487174));
#1910=CARTESIAN_POINT('Ctrl Pts',(-1.51023869896396,-1.01866153193888,2.9430123242666));
#1911=CARTESIAN_POINT('Ctrl Pts',(-1.67727558972268,0.710582132537387,2.86389741366147));
#1912=CARTESIAN_POINT('Ctrl Pts',(-0.318814952621028,1.79370932896071,2.78478250305634));
#1913=CARTESIAN_POINT('Ctrl Pts',(1.33004148434491,1.24474186231971,2.70566759245121));
#1914=CARTESIAN_POINT('Ctrl Pts',(1.76829952606677,-0.435561030143365,2.62655268184608));
#1915=CARTESIAN_POINT('Ctrl Pts',(0.599510828996013,-1.72143863280382,2.54743777124095));
#1916=CARTESIAN_POINT('Ctrl Pts',(-1.11754636226153,-1.43792282869752,2.46832286063582));
#1917=CARTESIAN_POINT('Ctrl Pts',(-1.57996292018267,-0.382149854367151,
2.41557958689907));
#1918=CARTESIAN_POINT('Ctrl Pts',(-1.53772766439576,0.127446577639205,2.38920795003069));
#1919=CARTESIAN_POINT('Ctrl Pts',(-0.374537582415171,-1.40096572423086,
5.05359734998977));
#1920=CARTESIAN_POINT('Ctrl Pts',(-0.838811686966566,-1.27684555648578,
5.02722571312139));
#1921=CARTESIAN_POINT('Ctrl Pts',(-1.62641875775458,-0.533128539796053,
4.97448243938464));
#1922=CARTESIAN_POINT('Ctrl Pts',(-1.33314182245233,1.07596552212933,4.89536752877951));
#1923=CARTESIAN_POINT('Ctrl Pts',(0.174986204801288,1.70261592419888,4.81625261817438));
#1924=CARTESIAN_POINT('Ctrl Pts',(1.52283181486362,0.782362344294846,4.73713770756925));
#1925=CARTESIAN_POINT('Ctrl Pts',(1.48603860396212,-0.850508800235087,4.65802279696411));
#1926=CARTESIAN_POINT('Ctrl Pts',(0.0971971492471787,-1.70923163457502,
4.57890788635899));
#1927=CARTESIAN_POINT('Ctrl Pts',(-1.37990045744715,-1.01344475389389,4.49979297575385));
#1928=CARTESIAN_POINT('Ctrl Pts',(-1.60187980873103,0.604339491867586,4.42067806514873));
#1929=CARTESIAN_POINT('Ctrl Pts',(-0.36669619783946,1.67232635158075,4.34156315454359));
#1930=CARTESIAN_POINT('Ctrl Pts',(1.20202322101302,1.21915020426394,4.26244824393847));
#1931=CARTESIAN_POINT('Ctrl Pts',(1.6773565383801,-0.343022558975303,4.18333333333333));
#1932=CARTESIAN_POINT('Ctrl Pts',(0.626907784290665,-1.59316108241852,4.1042184227282));
#1933=CARTESIAN_POINT('Ctrl Pts',(-0.993792645760885,-1.3941158586282,4.02510351212307));
#1934=CARTESIAN_POINT('Ctrl Pts',(-1.71050994280707,0.0730635196660545,
3.94598860151794));
#1935=CARTESIAN_POINT('Ctrl Pts',(-0.871293034759216,1.47378052816839,3.86687369091281));
#1936=CARTESIAN_POINT('Ctrl Pts',(0.760478697473712,1.53390158634761,3.78775878030768));
#1937=CARTESIAN_POINT('Ctrl Pts',(1.70049564254079,0.198737252700181,3.70864386970255));
#1938=CARTESIAN_POINT('Ctrl Pts',(1.0936882050607,-1.31720412531214,3.62952895909742));
#1939=CARTESIAN_POINT('Ctrl Pts',(-0.507971563749649,-1.63497627896234,
3.55041404849228));
#1940=CARTESIAN_POINT('Ctrl Pts',(-1.64756563870236,-0.465521552899912,
3.47129913788717));
#1941=CARTESIAN_POINT('Ctrl Pts',(-1.288480460857,1.12738356672737,3.39218422728202));
#1942=CARTESIAN_POINT('Ctrl Pts',(0.242642854403203,1.69479021652224,3.3130693166769));
#1943=CARTESIAN_POINT('Ctrl Pts',(1.55305817745468,0.720553496870596,3.23395440607177));
#1944=CARTESIAN_POINT('Ctrl Pts',(1.45074887223256,-0.909103535037265,3.15483949546664));
#1945=CARTESIAN_POINT('Ctrl Pts',(0.0288205840386031,-1.71184535428484,
3.07572458486151));
#1946=CARTESIAN_POINT('Ctrl Pts',(-1.41937642251949,-0.957374593799976,
2.99660967425637));
#1947=CARTESIAN_POINT('Ctrl Pts',(-1.57636367532697,0.667830539555822,2.91749476365124));
#1948=CARTESIAN_POINT('Ctrl Pts',(-0.29963371168239,1.68579227384825,2.83837985304611));
#1949=CARTESIAN_POINT('Ctrl Pts',(1.25002062597592,1.16985298596282,2.75926494244098));
#1950=CARTESIAN_POINT('Ctrl Pts',(1.66191123096856,-0.409355856910501,2.68015003183585));
#1951=CARTESIAN_POINT('Ctrl Pts',(0.56344175017221,-1.61786968503197,2.60103512123072));
#1952=CARTESIAN_POINT('Ctrl Pts',(-1.05031009916155,-1.35141137745702,2.52192021062559));
#1953=CARTESIAN_POINT('Ctrl Pts',(-1.48490574298006,-0.359158120852083,
2.46917693688884));
#1954=CARTESIAN_POINT('Ctrl Pts',(-1.44521153682302,0.119778858504939,2.44280530002046));
#1955=CARTESIAN_POINT('Ctrl Pts',(-0.350561322973124,-1.31128202024321,
5.10719469997954));
#1956=CARTESIAN_POINT('Ctrl Pts',(-0.785114628049157,-1.19510748328011,
5.08082306311116));
#1957=CARTESIAN_POINT('Ctrl Pts',(-1.52230253570317,-0.498999980243541,
5.0280797893744));
#1958=CARTESIAN_POINT('Ctrl Pts',(-1.24779990829236,1.00708691095521,4.94896487876929));
#1959=CARTESIAN_POINT('Ctrl Pts',(0.163784352591851,1.59362189250382,4.86984996816414));
#1960=CARTESIAN_POINT('Ctrl Pts',(1.42534677626127,0.732278925633514,4.79073505755903));
#1961=CARTESIAN_POINT('Ctrl Pts',(1.39090890594961,-0.79606294323808,4.71162014695388));
#1962=CARTESIAN_POINT('Ctrl Pts',(0.0909750124662714,-1.59981409400977,
4.63250523634876));
#1963=CARTESIAN_POINT('Ctrl Pts',(-1.29156525979193,-0.948568449110655,
4.55339032574362));
#1964=CARTESIAN_POINT('Ctrl Pts',(-1.4993344629704,0.565652318327735,4.4742754151385));
#1965=CARTESIAN_POINT('Ctrl Pts',(-0.343221909574137,1.56527132597099,4.39516050453337));
#1966=CARTESIAN_POINT('Ctrl Pts',(1.12507494677968,1.14110553540116,4.31604559392823));
#1967=CARTESIAN_POINT('Ctrl Pts',(1.56997950219142,-0.32106375362543,4.23693068332311));
#1968=CARTESIAN_POINT('Ctrl Pts',(0.586775887284585,-1.49117387141897,4.15781577271797));
#1969=CARTESIAN_POINT('Ctrl Pts',(-0.930174383068226,-1.30487065310517,
4.07870086211285));
#1970=CARTESIAN_POINT('Ctrl Pts',(-1.60101057053451,0.0683863123963157,
3.99958595150771));
#1971=CARTESIAN_POINT('Ctrl Pts',(-0.815516661887031,1.37943553860514,3.92047104090258));
#1972=CARTESIAN_POINT('Ctrl Pts',(0.711796174258811,1.43570790934546,3.84135613029745));
#1973=CARTESIAN_POINT('Ctrl Pts',(1.59163734201266,0.186014962187137,3.76224121969232));
#1974=CARTESIAN_POINT('Ctrl Pts',(1.02367506516657,-1.23288247288152,3.68312630908718));
#1975=CARTESIAN_POINT('Ctrl Pts',(-0.475453443877388,-1.53031224179627,
3.60401139848207));
#1976=CARTESIAN_POINT('Ctrl Pts',(-1.54209568573635,-0.435720897232144,
3.52489648787692));
#1977=CARTESIAN_POINT('Ctrl Pts',(-1.20599757191351,1.05521339701502,3.4457815772718));
#1978=CARTESIAN_POINT('Ctrl Pts',(0.227109919119604,1.58629715243732,3.36666666666667));
#1979=CARTESIAN_POINT('Ctrl Pts',(1.45363817919675,0.674426810540642,3.28755175606154));
#1980=CARTESIAN_POINT('Ctrl Pts',(1.35787826864291,-0.850906699154521,3.2084368454564));
#1981=CARTESIAN_POINT('Ctrl Pts',(0.0269756161832413,-1.60226049480471,
3.12932193485128));
#1982=CARTESIAN_POINT('Ctrl Pts',(-1.32851414607501,-0.896087655661073,
3.05020702424614));
#1983=CARTESIAN_POINT('Ctrl Pts',(-1.47545176093125,0.625078946574257,2.97109211364101));
#1984=CARTESIAN_POINT('Ctrl Pts',(-0.280452470743751,1.5778752187358,2.89197720303588));
#1985=CARTESIAN_POINT('Ctrl Pts',(1.16999976760693,1.09496410960593,2.81286229243075));
#1986=CARTESIAN_POINT('Ctrl Pts',(1.55552293587036,-0.383150683677635,2.73374738182562));
#1987=CARTESIAN_POINT('Ctrl Pts',(0.527372671348404,-1.51430073726013,2.65463247122049));
#1988=CARTESIAN_POINT('Ctrl Pts',(-0.983073836061559,-1.26489992621653,
2.57551756061536));
#1989=CARTESIAN_POINT('Ctrl Pts',(-1.38984856577746,-0.336166387337014,
2.52277428687861));
#1990=CARTESIAN_POINT('Ctrl Pts',(-1.35269540925028,0.112111139370672,2.49640265001023));
#1991=CARTESIAN_POINT('Ctrl Pts',(-0.326585063531077,-1.22159831625555,
5.16079204996931));
#1992=CARTESIAN_POINT('Ctrl Pts',(-0.731417569131748,-1.11336941007443,
5.13442041310093));
#1993=CARTESIAN_POINT('Ctrl Pts',(-1.41818631365177,-0.46487142069103,5.08167713936418));
#1994=CARTESIAN_POINT('Ctrl Pts',(-1.16245799413238,0.938208299781089,5.00256222875905));
#1995=CARTESIAN_POINT('Ctrl Pts',(0.152582500382412,1.48462786080875,4.92344731815391));
#1996=CARTESIAN_POINT('Ctrl Pts',(1.32786173765893,0.682195506972186,4.84433240754879));
#1997=CARTESIAN_POINT('Ctrl Pts',(1.29577920793709,-0.741617086241075,4.76521749694365));
#1998=CARTESIAN_POINT('Ctrl Pts',(0.0847528756853642,-1.49039655344451,
4.68610258633853));
#1999=CARTESIAN_POINT('Ctrl Pts',(-1.20323006213671,-0.883692144327424,
4.60698767573339));
#2000=CARTESIAN_POINT('Ctrl Pts',(-1.39678911720978,0.526965144787884,4.52787276512827));
#2001=CARTESIAN_POINT('Ctrl Pts',(-0.319747621308814,1.45821630036124,4.44875785452313));
#2002=CARTESIAN_POINT('Ctrl Pts',(1.04812667254635,1.06306086653839,4.36964294391801));
#2003=CARTESIAN_POINT('Ctrl Pts',(1.46260246600274,-0.299104948275557,4.29052803331287));
#2004=CARTESIAN_POINT('Ctrl Pts',(0.546643990278506,-1.38918666041941,4.21141312270774));
#2005=CARTESIAN_POINT('Ctrl Pts',(-0.86655612037557,-1.21562544758213,4.13229821210261));
#2006=CARTESIAN_POINT('Ctrl Pts',(-1.49151119826195,0.0637091051265765,
4.05318330149748));
#2007=CARTESIAN_POINT('Ctrl Pts',(-0.759740289014846,1.2850905490419,3.97406839089236));
#2008=CARTESIAN_POINT('Ctrl Pts',(0.663113651043909,1.33751423234332,3.89495348028722));
#2009=CARTESIAN_POINT('Ctrl Pts',(1.48277904148454,0.173292671674093,3.81583856968209));
#2010=CARTESIAN_POINT('Ctrl Pts',(0.953661925272443,-1.14856082045089,3.73672365907696));
#2011=CARTESIAN_POINT('Ctrl Pts',(-0.442935324005125,-1.42564820463019,
3.65760874847183));
#2012=CARTESIAN_POINT('Ctrl Pts',(-1.43662573277035,-0.405920241564376,
3.5784938378667));
#2013=CARTESIAN_POINT('Ctrl Pts',(-1.12351468297001,0.983043227302668,3.49937892726156));
#2014=CARTESIAN_POINT('Ctrl Pts',(0.211576983836007,1.4778040883524,3.42026401665644));
#2015=CARTESIAN_POINT('Ctrl Pts',(1.35421818093882,0.628300124210688,3.3411491060513));
#2016=CARTESIAN_POINT('Ctrl Pts',(1.26500766505326,-0.792709863271776,3.26203419544618));
#2017=CARTESIAN_POINT('Ctrl Pts',(0.0251306483278794,-1.49267563532457,
3.18291928484105));
#2018=CARTESIAN_POINT('Ctrl Pts',(-1.23765186963054,-0.834800717522172,
3.10380437423591));
#2019=CARTESIAN_POINT('Ctrl Pts',(-1.37453984653554,0.582327353592693,3.02468946363078));
#2020=CARTESIAN_POINT('Ctrl Pts',(-0.261271229805113,1.46995816362334,2.94557455302565));
#2021=CARTESIAN_POINT('Ctrl Pts',(1.08997890923794,1.02007523324904,2.86645964242052));
#2022=CARTESIAN_POINT('Ctrl Pts',(1.44913464077215,-0.356945510444773,2.7873447318154));
#2023=CARTESIAN_POINT('Ctrl Pts',(0.4913035925246,-1.41073178948829,2.70822982121026));
#2024=CARTESIAN_POINT('Ctrl Pts',(-0.915837572961573,-1.17838847497603,
2.62911491060513));
#2025=CARTESIAN_POINT('Ctrl Pts',(-1.29479138857485,-0.313174653821946,
2.57637163686838));
#2026=CARTESIAN_POINT('Ctrl Pts',(-1.26017928167754,0.104443420236406,2.55));
#2027=CARTESIAN_POINT('Ctrl Pts',(-1.26017928167754,0.104443420236406,2.55));
#2028=CARTESIAN_POINT('Ctrl Pts',(-1.26985410624103,0.0544780073529992,
2.55));
#2029=CARTESIAN_POINT('Ctrl Pts',(-1.27624201566736,0.00404453681167135,
2.55));
#2030=CARTESIAN_POINT('Ctrl Pts',(-1.27951611539565,-0.0465958603768625,
2.55));
#2031=CARTESIAN_POINT('Ctrl Pts',(-1.28184461158383,-0.0826106374475469,
2.55));
#2032=CARTESIAN_POINT('Ctrl Pts',(-1.28259718271406,-0.118730714044437,
2.55));
#2033=CARTESIAN_POINT('Ctrl Pts',(-1.28182184675748,-0.154867735672332,
2.55));
#2034=CARTESIAN_POINT('Ctrl Pts',(-1.28149593139681,-0.170058067472943,
2.55));
#2035=CARTESIAN_POINT('Ctrl Pts',(-1.28089989781806,-0.185251433200532,
2.55));
#2036=CARTESIAN_POINT('Ctrl Pts',(-1.28003670413821,-0.200441401150381,
2.55));
#2037=CARTESIAN_POINT('Ctrl Pts',(-1.27934234157658,-0.212660379698287,
2.55));
#2038=CARTESIAN_POINT('Ctrl Pts',(-1.27847565826563,-0.224867198820071,
2.55));
#2039=CARTESIAN_POINT('Ctrl Pts',(-1.27743896056321,-0.23705771688062,2.55));
#2040=CARTESIAN_POINT('Ctrl Pts',(-1.27288306130181,-0.290630491372408,
2.55));
#2041=CARTESIAN_POINT('Ctrl Pts',(-1.26504762099838,-0.343891704222133,
2.55));
#2042=CARTESIAN_POINT('Ctrl Pts',(-1.25409262911612,-0.396556641632102,
2.55));
#2043=CARTESIAN_POINT('Ctrl Pts',(-1.24972782812594,-0.417539949828509,
2.55));
#2044=CARTESIAN_POINT('Ctrl Pts',(-1.24486722660549,-0.438428735617928,
2.55));
#2045=CARTESIAN_POINT('Ctrl Pts',(-1.23951867054838,-0.459205299925472,
2.55));
#2046=CARTESIAN_POINT('Ctrl Pts',(-1.23549969092333,-0.474817100145752,
2.55));
#2047=CARTESIAN_POINT('Ctrl Pts',(-1.23120517452567,-0.490365540730947,
2.55));
#2048=CARTESIAN_POINT('Ctrl Pts',(-1.22663798295771,-0.505843096799674,
2.55));
#2049=CARTESIAN_POINT('Ctrl Pts',(-1.22347242684976,-0.516570711663328,
2.55));
#2050=CARTESIAN_POINT('Ctrl Pts',(-1.22017730452866,-0.527259182822747,
2.55));
#2051=CARTESIAN_POINT('Ctrl Pts',(-1.21675647350384,-0.537898494962247,
2.55));
#2052=CARTESIAN_POINT('Ctrl Pts',(-1.19930288737262,-0.592181839990529,
2.55));
#2053=CARTESIAN_POINT('Ctrl Pts',(-1.17856400805234,-0.645244992992512,
2.55));
#2054=CARTESIAN_POINT('Ctrl Pts',(-1.15472189518824,-0.696769635933516,
2.55));
#2055=CARTESIAN_POINT('Ctrl Pts',(-1.13138224952658,-0.74720840853482,2.55));
#2056=CARTESIAN_POINT('Ctrl Pts',(-1.10506835102701,-0.796174021782592,
2.55));
#2057=CARTESIAN_POINT('Ctrl Pts',(-1.07589793962765,-0.843365600108398,
2.55));
#2058=CARTESIAN_POINT('Ctrl Pts',(-1.06084173786332,-0.867723361647087,
2.55));
#2059=CARTESIAN_POINT('Ctrl Pts',(-1.04502370899358,-0.891608362966167,
2.55));
#2060=CARTESIAN_POINT('Ctrl Pts',(-1.02845489831824,-0.914977421643387,
2.55));
#2061=CARTESIAN_POINT('Ctrl Pts',(-1.01748831790504,-0.930444956772262,
2.55));
#2062=CARTESIAN_POINT('Ctrl Pts',(-1.00619275931883,-0.945686434415768,
2.55));
#2063=CARTESIAN_POINT('Ctrl Pts',(-0.994570619124837,-0.960688848019364,
2.55));
#2064=CARTESIAN_POINT('Ctrl Pts',(-0.986848002738011,-0.970657570062226,
2.55));
#2065=CARTESIAN_POINT('Ctrl Pts',(-0.978979018249074,-0.980523123822647,
2.55));
#2066=CARTESIAN_POINT('Ctrl Pts',(-0.970980744396845,-0.990262164650979,
2.55));
#2067=CARTESIAN_POINT('Ctrl Pts',(-0.936457903375511,-1.03229865457725,
2.55));
#2068=CARTESIAN_POINT('Ctrl Pts',(-0.899473717120091,-1.07205406964543,
2.55));
#2069=CARTESIAN_POINT('Ctrl Pts',(-0.86015157781285,-1.10926433443274,2.55));
#2070=CARTESIAN_POINT('Ctrl Pts',(-0.82049037026867,-1.14679545711587,2.55));
#2071=CARTESIAN_POINT('Ctrl Pts',(-0.778450896934005,-1.18173878714614,
2.55));
#2072=CARTESIAN_POINT('Ctrl Pts',(-0.734351898919207,-1.2140833738895,2.55));
#2073=CARTESIAN_POINT('Ctrl Pts',(-0.690864518492999,-1.24597936726253,
2.55));
#2074=CARTESIAN_POINT('Ctrl Pts',(-0.645373491046257,-1.27534846012398,
2.55));
#2075=CARTESIAN_POINT('Ctrl Pts',(-0.598149359044356,-1.30214884845758,
2.55));
#2076=CARTESIAN_POINT('Ctrl Pts',(-0.588244993948248,-1.30776972108183,
2.55));
#2077=CARTESIAN_POINT('Ctrl Pts',(-0.578264295658398,-1.31327748489496,
2.55));
#2078=CARTESIAN_POINT('Ctrl Pts',(-0.568209614499322,-1.31867155957564,
2.55));
#2079=CARTESIAN_POINT('Ctrl Pts',(-0.559599488300896,-1.32329066812714,
2.55));
#2080=CARTESIAN_POINT('Ctrl Pts',(-0.550943571886362,-1.32782186449602,
2.55));
#2081=CARTESIAN_POINT('Ctrl Pts',(-0.542244023635777,-1.33226504408999,
2.55));
#2082=CARTESIAN_POINT('Ctrl Pts',(-0.490916159141182,-1.35848007429103,
2.55));
#2083=CARTESIAN_POINT('Ctrl Pts',(-0.438069336909992,-1.38163584928216,
2.55));
#2084=CARTESIAN_POINT('Ctrl Pts',(-0.384056944617091,-1.4017255524833,2.55));
#2085=CARTESIAN_POINT('Ctrl Pts',(-0.328894879709995,-1.42224287202612,
2.55));
#2086=CARTESIAN_POINT('Ctrl Pts',(-0.272516207178977,-1.43956273107412,
2.55));
#2087=CARTESIAN_POINT('Ctrl Pts',(-0.215260211348522,-1.45363783097043,
2.55));
#2088=CARTESIAN_POINT('Ctrl Pts',(-0.156069774273211,-1.46818846977529,
2.55));
#2089=CARTESIAN_POINT('Ctrl Pts',(-0.0959406508545365,-1.47927214893193,
2.55));
#2090=CARTESIAN_POINT('Ctrl Pts',(-0.0352235018864634,-1.48678424733775,
2.55));
#2091=CARTESIAN_POINT('Ctrl Pts',(-0.0251334210066292,-1.48803262084969,
2.55));
#2092=CARTESIAN_POINT('Ctrl Pts',(-0.0150291040791057,-1.4891819042339,
2.55));
#2093=CARTESIAN_POINT('Ctrl Pts',(-0.00492352114274971,-1.49023062656649,
2.55));
#2094=CARTESIAN_POINT('Ctrl Pts',(0.055636495176663,-1.4965153349278,2.55));
#2095=CARTESIAN_POINT('Ctrl Pts',(0.116352233692911,-1.49920662164053,2.55));
#2096=CARTESIAN_POINT('Ctrl Pts',(0.176863027001108,-1.49826847134165,2.55));
#2097=CARTESIAN_POINT('Ctrl Pts',(0.236785714874333,-1.49733943894156,2.55));
#2098=CARTESIAN_POINT('Ctrl Pts',(0.296508557453662,-1.49285148251156,2.55));
#2099=CARTESIAN_POINT('Ctrl Pts',(0.355698692727491,-1.48472273698017,2.55));
#2100=CARTESIAN_POINT('Ctrl Pts',(0.406484175260692,-1.4777482257328,2.55));
#2101=CARTESIAN_POINT('Ctrl Pts',(0.456878175159047,-1.46809285061652,2.55));
#2102=CARTESIAN_POINT('Ctrl Pts',(0.506671277029186,-1.4556742407416,2.55));
#2103=CARTESIAN_POINT('Ctrl Pts',(0.522701218178897,-1.45167630572691,2.55));
#2104=CARTESIAN_POINT('Ctrl Pts',(0.538668851798765,-1.44739175543419,2.55));
#2105=CARTESIAN_POINT('Ctrl Pts',(0.554569967297769,-1.44282534838848,2.55));
#2106=CARTESIAN_POINT('Ctrl Pts',(-1.26306712306881,0.000830933514683109,
4.55658032638058));
#2107=CARTESIAN_POINT('Ctrl Pts',(-1.26399959683554,0.153282928784508,4.54701113929648));
#2108=CARTESIAN_POINT('Ctrl Pts',(-1.23845229181483,0.305433677209887,4.53744195221237));
#2109=CARTESIAN_POINT('Ctrl Pts',(-1.18502235871411,0.447064122530892,4.52787276512827));
#2110=CARTESIAN_POINT('Ctrl Pts',(-1.03777528524279,0.837382196645669,4.50150112825989));
#2111=CARTESIAN_POINT('Ctrl Pts',(-0.678761453275804,1.14779924850345,4.47512949139151));
#2112=CARTESIAN_POINT('Ctrl Pts',(-0.271275488316449,1.23714853546187,4.44875785452313));
#2113=CARTESIAN_POINT('Ctrl Pts',(0.136210476642906,1.32649782242029,4.42238621765476));
#2114=CARTESIAN_POINT('Ctrl Pts',(0.592168574594629,1.19477934447934,4.39601458078638));
#2115=CARTESIAN_POINT('Ctrl Pts',(0.889226922479888,0.901892469706537,4.36964294391801));
#2116=CARTESIAN_POINT('Ctrl Pts',(1.18628527036514,0.609005594933738,4.34327130704963));
#2117=CARTESIAN_POINT('Ctrl Pts',(1.32444386818394,0.154950323329092,4.31689967018125));
#2118=CARTESIAN_POINT('Ctrl Pts',(1.2408634211393,-0.25375759783054,4.29052803331287));
#2119=CARTESIAN_POINT('Ctrl Pts',(1.15728297409466,-0.662465518990175,4.2641563964445));
#2120=CARTESIAN_POINT('Ctrl Pts',(0.851963482186584,-1.0258260897048,4.23778475957612));
#2121=CARTESIAN_POINT('Ctrl Pts',(0.463770384456864,-1.17857950625589,4.21141312270774));
#2122=CARTESIAN_POINT('Ctrl Pts',(0.0755772867271465,-1.33133292280699,
4.18504148583937));
#2123=CARTESIAN_POINT('Ctrl Pts',(-0.395489416824212,-1.27347918519456,
4.15866984897099));
#2124=CARTESIAN_POINT('Ctrl Pts',(-0.73518194824762,-1.0313298909369,4.13229821210261));
#2125=CARTESIAN_POINT('Ctrl Pts',(-1.06028880962448,-0.799577968953646,
4.10705891686194));
#2126=CARTESIAN_POINT('Ctrl Pts',(-1.26506114098152,-0.399017225309109,
4.08181962162126));
#2127=CARTESIAN_POINT('Ctrl Pts',(-1.26644025184585,0.000324489191073658,
4.05658032638058));
#2128=CARTESIAN_POINT('Ctrl Pts',(-0.398513841857218,-1.49064942821852,
5.));
#2129=CARTESIAN_POINT('Ctrl Pts',(-0.456377692389391,-1.46950621539516,
5.));
#2130=CARTESIAN_POINT('Ctrl Pts',(-0.512653607380543,-1.44469644615449,
5.));
#2131=CARTESIAN_POINT('Ctrl Pts',(-0.567140045067558,-1.4165270392982,5.));
#2132=CARTESIAN_POINT('Ctrl Pts',(-0.620918980359627,-1.38872341012277,
5.));
#2133=CARTESIAN_POINT('Ctrl Pts',(-0.67295526433154,-1.35764573082514,5.));
#2134=CARTESIAN_POINT('Ctrl Pts',(-0.723022972632288,-1.32354428234247,
5.));
#2135=CARTESIAN_POINT('Ctrl Pts',(-0.761150097465663,-1.29757564452331,
5.));
#2136=CARTESIAN_POINT('Ctrl Pts',(-0.798135075614763,-1.26985251982463,
5.));
#2137=CARTESIAN_POINT('Ctrl Pts',(-0.833861884855767,-1.24047331988207,
5.));
#2138=CARTESIAN_POINT('Ctrl Pts',(-0.8529600479278,-1.22476834192997,5.));
#2139=CARTESIAN_POINT('Ctrl Pts',(-0.871698422665461,-1.20858998067456,
5.));
#2140=CARTESIAN_POINT('Ctrl Pts',(-0.890057338486555,-1.19195244212899,
5.));
#2141=CARTESIAN_POINT('Ctrl Pts',(-0.89774168737575,-1.1849885967643,5.));
#2142=CARTESIAN_POINT('Ctrl Pts',(-0.905359266004533,-1.17794442346872,
5.));
#2143=CARTESIAN_POINT('Ctrl Pts',(-0.912898685826644,-1.17083066098289,
5.));
#2144=CARTESIAN_POINT('Ctrl Pts',(-0.955966153573357,-1.13019467789066,
5.));
#2145=CARTESIAN_POINT('Ctrl Pts',(-0.996573069760605,-1.08721319472621,
5.));
#2146=CARTESIAN_POINT('Ctrl Pts',(-1.03451271508759,-1.04212666197316,5.));
#2147=CARTESIAN_POINT('Ctrl Pts',(-1.07167332468751,-0.997965915940602,
5.));
#2148=CARTESIAN_POINT('Ctrl Pts',(-1.10627551777524,-0.951784740295086,
5.));
#2149=CARTESIAN_POINT('Ctrl Pts',(-1.13808207961991,-0.903786021928052,
5.));
#2150=CARTESIAN_POINT('Ctrl Pts',(-1.16165821849126,-0.868207688897446,
5.));
#2151=CARTESIAN_POINT('Ctrl Pts',(-1.18369751979851,-0.831630216419204,
5.));
#2152=CARTESIAN_POINT('Ctrl Pts',(-1.20408548373092,-0.794132194399937,
5.));
#2153=CARTESIAN_POINT('Ctrl Pts',(-1.2144726060611,-0.775027955097527,5.));
#2154=CARTESIAN_POINT('Ctrl Pts',(-1.22443084331728,-0.755684741563117,
5.));
#2155=CARTESIAN_POINT('Ctrl Pts',(-1.233943351987,-0.736112861309846,5.));
#2156=CARTESIAN_POINT('Ctrl Pts',(-1.23880575879273,-0.726108513661016,
5.));
#2157=CARTESIAN_POINT('Ctrl Pts',(-1.24354780791333,-0.71605228977558,5.));
#2158=CARTESIAN_POINT('Ctrl Pts',(-1.24816543670207,-0.705951098405518,
5.));
#2159=CARTESIAN_POINT('Ctrl Pts',(-1.27132506059264,-0.655288777183931,
5.));
#2160=CARTESIAN_POINT('Ctrl Pts',(-1.29137953826095,-0.603453702899132,
5.));
#2161=CARTESIAN_POINT('Ctrl Pts',(-1.3081159522959,-0.550635749592848,5.));
#2162=CARTESIAN_POINT('Ctrl Pts',(-1.31995528443358,-0.513272351990503,
5.));
#2163=CARTESIAN_POINT('Ctrl Pts',(-1.33013328090033,-0.4754167139177,5.));
#2164=CARTESIAN_POINT('Ctrl Pts',(-1.33855887683762,-0.437133813907625,
5.));
#2165=CARTESIAN_POINT('Ctrl Pts',(-1.35044160117588,-0.383142956634783,
5.));
#2166=CARTESIAN_POINT('Ctrl Pts',(-1.35884029871206,-0.328301260367415,
5.));
#2167=CARTESIAN_POINT('Ctrl Pts',(-1.36381221730895,-0.272926581274429,
5.));
#2168=CARTESIAN_POINT('Ctrl Pts',(-1.36522380806329,-0.257205007497891,
5.));
#2169=CARTESIAN_POINT('Ctrl Pts',(-1.36635890395612,-0.241440558069845,
5.));
#2170=CARTESIAN_POINT('Ctrl Pts',(-1.36721818088145,-0.225640765190035,
5.));
#2171=CARTESIAN_POINT('Ctrl Pts',(-1.36787953145383,-0.213480305905566,
5.));
#2172=CARTESIAN_POINT('Ctrl Pts',(-1.3683774169388,-0.201296399066962,5.));
#2173=CARTESIAN_POINT('Ctrl Pts',(-1.36871182238912,-0.189115755732386,
5.));
#2174=CARTESIAN_POINT('Ctrl Pts',(-1.37023973026072,-0.133462055069619,
5.));
#2175=CARTESIAN_POINT('Ctrl Pts',(-1.36836626996678,-0.077773666177167,
5.));
#2176=CARTESIAN_POINT('Ctrl Pts',(-1.36320033818169,-0.0223686311188032,
5.));
#2177=CARTESIAN_POINT('Ctrl Pts',(-1.35803812140322,0.0329965601939225,
5.));
#2178=CARTESIAN_POINT('Ctrl Pts',(-1.3495877014291,0.0880799500296118,5.));
#2179=CARTESIAN_POINT('Ctrl Pts',(-1.33790844756318,0.142548928259786,5.));
#2180=CARTESIAN_POINT('Ctrl Pts',(-1.33075312478835,0.175919477862249,5.));
#2181=CARTESIAN_POINT('Ctrl Pts',(-1.32238494904905,0.209059041264966,5.));
#2182=CARTESIAN_POINT('Ctrl Pts',(-1.31280954041639,0.241885526129005,5.));
#2183=CARTESIAN_POINT('Ctrl Pts',(-1.3078336604492,0.258943873683094,5.));
#2184=CARTESIAN_POINT('Ctrl Pts',(-1.3025316865469,0.275917594695787,5.));
#2185=CARTESIAN_POINT('Ctrl Pts',(-1.29690381960217,0.292794554897645,5.));
#2186=CARTESIAN_POINT('Ctrl Pts',(-1.29266578888307,0.305503646367477,5.));
#2187=CARTESIAN_POINT('Ctrl Pts',(-1.28824205433827,0.318159847157498,5.));
#2188=CARTESIAN_POINT('Ctrl Pts',(-1.28364065284783,0.330737006453011,5.));
#2189=CARTESIAN_POINT('Ctrl Pts',(-1.2652099258609,0.38111430774445,5.));
#2190=CARTESIAN_POINT('Ctrl Pts',(-1.24390826516766,0.430300435619303,5.));
#2191=CARTESIAN_POINT('Ctrl Pts',(-1.2197810843437,0.477981178755328,5.));
#2192=CARTESIAN_POINT('Ctrl Pts',(-1.20345673963975,0.510241760394439,5.));
#2193=CARTESIAN_POINT('Ctrl Pts',(-1.18583806513383,0.541812679510668,5.));
#2194=CARTESIAN_POINT('Ctrl Pts',(-1.16692975616383,0.572586774271973,5.));
#2195=CARTESIAN_POINT('Ctrl Pts',(-1.15847916529265,0.586340478247898,5.));
#2196=CARTESIAN_POINT('Ctrl Pts',(-1.14976857168279,0.599938018908459,5.));
#2197=CARTESIAN_POINT('Ctrl Pts',(-1.14081335997116,0.613347178853181,5.));
#2198=CARTESIAN_POINT('Ctrl Pts',(-1.11235998219751,0.655952078192301,5.));
#2199=CARTESIAN_POINT('Ctrl Pts',(-1.08141384557597,0.696702800480421,5.));
#2200=CARTESIAN_POINT('Ctrl Pts',(-1.04799963790945,0.73529811277905,5.));
#2201=CARTESIAN_POINT('Ctrl Pts',(-1.02923401353593,0.756973477354605,5.));
#2202=CARTESIAN_POINT('Ctrl Pts',(-1.00968937971208,0.77796834941101,5.));
#2203=CARTESIAN_POINT('Ctrl Pts',(-0.989366117063565,0.798223266637,5.));
#2204=CARTESIAN_POINT('Ctrl Pts',(-0.979724776798527,0.807832183885839,
5.));
#2205=CARTESIAN_POINT('Ctrl Pts',(-0.969908158426884,0.817274496144786,
5.));
#2206=CARTESIAN_POINT('Ctrl Pts',(-0.959921625249783,0.826547965373278,
5.));
#2207=CARTESIAN_POINT('Origin',(0.,0.,-1.10421172358873));
#2208=CARTESIAN_POINT('Ctrl Pts',(1.54458154362972,0.000974574247095249,
0.14578827641127));
#2209=CARTESIAN_POINT('Ctrl Pts',(1.54507114692737,0.0646237438559066,0.149081381757918));
#2210=CARTESIAN_POINT('Ctrl Pts',(1.51266885736635,0.637505632425622,0.178746123972941));
#2211=CARTESIAN_POINT('Ctrl Pts',(0.796385754648713,1.638538499256,0.234782503056342));
#2212=CARTESIAN_POINT('Ctrl Pts',(-0.939272295406004,1.56074620769228,0.313897413661473));
#2213=CARTESIAN_POINT('Ctrl Pts',(-1.82056143991474,0.0635831079085086,
0.393012324266604));
#2214=CARTESIAN_POINT('Ctrl Pts',(-1.04579920032028,-1.4915918803693,0.472127234871734));
#2215=CARTESIAN_POINT('Ctrl Pts',(0.680248456678166,-1.68987654484962,0.551242145476865));
#2216=CARTESIAN_POINT('Ctrl Pts',(1.49042294170697,-0.710276547861011,0.609129159323376));
#2217=CARTESIAN_POINT('Ctrl Pts',(1.54448204673163,-0.100941787859379,0.640644536301512));
#2218=CARTESIAN_POINT('Ctrl Pts',(1.5435789680645,-0.00133061377572147,
0.64578827641127));
#2219=CARTESIAN_POINT('Ctrl Pts',(1.54142910364249,-0.00186108532949024,
0.104211723588725));
#2220=CARTESIAN_POINT('Ctrl Pts',(1.53884642410329,0.347979966231615,0.122217756129237));
#2221=CARTESIAN_POINT('Ctrl Pts',(1.24880125162834,1.2153648708168,0.166595425538126));
#2222=CARTESIAN_POINT('Ctrl Pts',(-0.186186996474785,1.81159430661148,0.237344731815391));
#2223=CARTESIAN_POINT('Ctrl Pts',(-1.62031467825881,0.832452945660611,0.316459642420523));
#2224=CARTESIAN_POINT('Ctrl Pts',(-1.5811668953213,-0.904958477497374,0.395574553025653));
#2225=CARTESIAN_POINT('Ctrl Pts',(-0.10341870825849,-1.81864409229212,0.474689463630784));
#2226=CARTESIAN_POINT('Ctrl Pts',(1.27813747042444,-1.16786571381331,0.544235187151808));
#2227=CARTESIAN_POINT('Ctrl Pts',(1.53925168991024,-0.325632382742027,0.587409273804454));
#2228=CARTESIAN_POINT('Ctrl Pts',(1.54124968364917,0.00101382663930593,
0.604211723588725));
#2229=CARTESIAN_POINT('Ctrl Pts',(-0.958116152722388,0.825211298936491,
0.));
#2230=CARTESIAN_POINT('Ctrl Pts',(-1.23158768043572,0.507695665850159,0.0263716368683769));
#2231=CARTESIAN_POINT('Ctrl Pts',(-1.43358873851167,-0.414998317648089,
0.0791149106051307));
#2232=CARTESIAN_POINT('Ctrl Pts',(-0.431720763875037,-1.43009903306198,
0.158229821210261));
#2233=CARTESIAN_POINT('Ctrl Pts',(0.962559045909493,-1.14054452565955,0.237344731815392));
#2234=CARTESIAN_POINT('Ctrl Pts',(1.48139854482762,0.184578615028728,0.316459642420522));
#2235=CARTESIAN_POINT('Ctrl Pts',(0.652644061408488,1.34279451219003,0.395574553025653));
#2236=CARTESIAN_POINT('Ctrl Pts',(-0.769740646494421,1.27904314946655,0.474689463630784));
#2237=CARTESIAN_POINT('Ctrl Pts',(-1.49196366867932,0.0521068308167923,
0.553804374235915));
#2238=CARTESIAN_POINT('Ctrl Pts',(-0.857040239018141,-1.22237066281723,
0.632919284841045));
#2239=CARTESIAN_POINT('Ctrl Pts',(0.557468680148763,-1.38486642317715,0.712034195446175));
#2240=CARTESIAN_POINT('Ctrl Pts',(1.4648893430711,-0.287683908679035,0.791149106051307));
#2241=CARTESIAN_POINT('Ctrl Pts',(1.03979949163451,1.07120561866054,0.870264016656436));
#2242=CARTESIAN_POINT('Ctrl Pts',(-0.33112372632971,1.45568214963877,0.949378927261568));
#2243=CARTESIAN_POINT('Ctrl Pts',(-1.40084684329738,0.516030456305626,1.0284938378667));
#2244=CARTESIAN_POINT('Ctrl Pts',(-1.19631570706287,-0.893021698277807,
1.10760874847183));
#2245=CARTESIAN_POINT('Ctrl Pts',(0.0964214704105103,-1.48975177650947,
1.18672365907696));
#2246=CARTESIAN_POINT('Ctrl Pts',(1.30145071041167,-0.73135804486834,1.26583856968209));
#2247=CARTESIAN_POINT('Ctrl Pts',(1.3226397177811,0.692302476069966,1.34495348028722));
#2248=CARTESIAN_POINT('Ctrl Pts',(0.140714289712379,1.48622237375165,1.42406839089235));
#2249=CARTESIAN_POINT('Ctrl Pts',(-1.16920917984291,0.928228914832629,1.50318330149748));
#2250=CARTESIAN_POINT('Ctrl Pts',(-1.41558360093736,-0.474112200822179,
1.58229821210261));
#2251=CARTESIAN_POINT('Ctrl Pts',(-0.374298663399327,-1.44518301730019,
1.66141312270774));
#2252=CARTESIAN_POINT('Ctrl Pts',(1.00745947618823,-1.10167593424374,1.74052803331287));
#2253=CARTESIAN_POINT('Ctrl Pts',(1.4728020616973,0.243960869436689,1.81964294391801));
#2254=CARTESIAN_POINT('Ctrl Pts',(0.59843586011706,1.36766255367186,1.89875785452313));
#2255=CARTESIAN_POINT('Ctrl Pts',(-0.820282450460975,1.24733504323347,1.97787276512827));
#2256=CARTESIAN_POINT('Ctrl Pts',(-1.49285353979099,-0.00768239613133067,
2.0569876757334));
#2257=CARTESIAN_POINT('Ctrl Pts',(-0.807464466100743,-1.25556886591203,
2.13610258633853));
#2258=CARTESIAN_POINT('Ctrl Pts',(0.612392952124764,-1.36162265148878,2.21521749694366));
#2259=CARTESIAN_POINT('Ctrl Pts',(1.47524925492221,-0.228583791189987,2.29433240754879));
#2260=CARTESIAN_POINT('Ctrl Pts',(0.996075692145531,1.11139324606144,2.37344731815392));
#2261=CARTESIAN_POINT('Ctrl Pts',(-0.388969297008082,1.44231374822217,2.45256222875905));
#2262=CARTESIAN_POINT('Ctrl Pts',(-1.42060325532884,0.457478595988186,2.53167713936418));
#2263=CARTESIAN_POINT('Ctrl Pts',(-1.24615136300732,-0.470818313364156,
2.58442041310093));
#2264=CARTESIAN_POINT('Ctrl Pts',(-0.982250341026004,-0.796331914187984,
2.61079204996931));
#2265=CARTESIAN_POINT('Ctrl Pts',(-1.02845629995665,0.885794229410674,-0.0535973499897702));
#2266=CARTESIAN_POINT('Ctrl Pts',(-1.32200475411474,0.544968169590576,-0.0272257131213934));
#2267=CARTESIAN_POINT('Ctrl Pts',(-1.53883573038606,-0.445465440744173,
0.0255175606153604));
#2268=CARTESIAN_POINT('Ctrl Pts',(-0.463415566231488,-1.5350898280291,0.104632471220491));
#2269=CARTESIAN_POINT('Ctrl Pts',(1.0332253683784,-1.22427766139072,0.183747381825622));
#2270=CARTESIAN_POINT('Ctrl Pts',(1.59015549612181,0.19812946366073,0.262862292430752));
#2271=CARTESIAN_POINT('Ctrl Pts',(0.700557959155232,1.44137584121202,0.341977203035883));
#2272=CARTESIAN_POINT('Ctrl Pts',(-0.826251196131618,1.37294416887513,0.421092113641013));
#2273=CARTESIAN_POINT('Ctrl Pts',(-1.60149625909112,0.0559322565140311,
0.500207024246144));
#2274=CARTESIAN_POINT('Ctrl Pts',(-0.919959892785522,-1.31211106866792,
0.579321934851276));
#2275=CARTESIAN_POINT('Ctrl Pts',(0.598395272325233,-1.48653646373464,0.658436845456404));
#2276=CARTESIAN_POINT('Ctrl Pts',(1.57243427045881,-0.308804237812318,0.737551756061537));
#2277=CARTESIAN_POINT('Ctrl Pts',(1.11613642544766,1.1498482349244,0.816666666666666));
#2278=CARTESIAN_POINT('Ctrl Pts',(-0.355433191937416,1.5625511304413,0.895781577271799));
#2279=CARTESIAN_POINT('Ctrl Pts',(-1.50369008722998,0.553914859121262,0.974896487876926));
#2280=CARTESIAN_POINT('Ctrl Pts',(-1.28414328698036,-0.958582932750027,
1.05401139848206));
#2281=CARTESIAN_POINT('Ctrl Pts',(0.103500257680665,-1.59912198074247,1.13312630908719));
#2282=CARTESIAN_POINT('Ctrl Pts',(1.39699678207363,-0.785050733808853,1.21224121969232));
#2283=CARTESIAN_POINT('Ctrl Pts',(1.41974138152225,0.743127898393806,1.29135613029745));
#2284=CARTESIAN_POINT('Ctrl Pts',(0.151044836617584,1.59533346669743,1.37047104090258));
#2285=CARTESIAN_POINT('Ctrl Pts',(-1.25504673265331,0.996374888941205,1.44958595150771));
#2286=CARTESIAN_POINT('Ctrl Pts',(-1.51950874469934,-0.508919172729118,
1.52870086211285));
#2287=CARTESIAN_POINT('Ctrl Pts',(-0.4017778192598,-1.55128120375548,1.60781577271797));
#2288=CARTESIAN_POINT('Ctrl Pts',(1.08142216608369,-1.18255553031251,1.6869306833231));
#2289=CARTESIAN_POINT('Ctrl Pts',(1.58092790173492,0.261871269367654,1.76604559392823));
#2290=CARTESIAN_POINT('Ctrl Pts',(0.642370059943763,1.46806957125394,1.84516050453336));
#2291=CARTESIAN_POINT('Ctrl Pts',(-0.880503529267717,1.33890821037213,1.9242754151385));
#2292=CARTESIAN_POINT('Ctrl Pts',(-1.60245146013679,-0.0082463996432784,
2.00339032574363));
#2293=CARTESIAN_POINT('Ctrl Pts',(-0.86674451191834,-1.34774651957131,2.08250523634876));
#2294=CARTESIAN_POINT('Ctrl Pts',(0.657351812587858,-1.46158624933764,2.16162014695389));
#2295=CARTESIAN_POINT('Ctrl Pts',(1.58355475577784,-0.245365282120898,2.24073505755902));
#2296=CARTESIAN_POINT('Ctrl Pts',(1.06920264094283,1.19298623908321,2.31984996816415));
#2297=CARTESIAN_POINT('Ctrl Pts',(-0.417525498198738,1.54820128713871,2.39896487876928));
#2298=CARTESIAN_POINT('Ctrl Pts',(-1.5248969172793,0.491064410930246,2.47807978937441));
#2299=CARTESIAN_POINT('Ctrl Pts',(-1.33763763020056,-0.505383464351876,
2.53082306311116));
#2300=CARTESIAN_POINT('Ctrl Pts',(-1.05436230095107,-0.854794663127316,
2.55719469997954));
#2301=CARTESIAN_POINT('Ctrl Pts',(-1.09879644719092,0.946377159884856,-0.107194699979541));
#2302=CARTESIAN_POINT('Ctrl Pts',(-1.41242182779376,0.582240673330992,-0.0808230631111637));
#2303=CARTESIAN_POINT('Ctrl Pts',(-1.64408272226045,-0.475932563840255,
-0.0280797893744097));
#2304=CARTESIAN_POINT('Ctrl Pts',(-0.495110368587939,-1.64008062299621,
0.0510351212307207));
#2305=CARTESIAN_POINT('Ctrl Pts',(1.1038916908473,-1.30801079712189,0.130150031835852));
#2306=CARTESIAN_POINT('Ctrl Pts',(1.69891244741599,0.211680312292732,0.209264942440982));
#2307=CARTESIAN_POINT('Ctrl Pts',(0.748471856901973,1.53995717023401,0.288379853046113));
#2308=CARTESIAN_POINT('Ctrl Pts',(-0.882761745768811,1.4668451882837,0.367494763651242));
#2309=CARTESIAN_POINT('Ctrl Pts',(-1.71102884950293,0.0597576822112705,
0.446609674256374));
#2310=CARTESIAN_POINT('Ctrl Pts',(-0.9828795465529,-1.40185147451861,0.525724584861505));
#2311=CARTESIAN_POINT('Ctrl Pts',(0.639321864501701,-1.58820650429213,0.604839495466635));
#2312=CARTESIAN_POINT('Ctrl Pts',(1.67997919784653,-0.329924566945602,0.683954406071766));
#2313=CARTESIAN_POINT('Ctrl Pts',(1.19247335926082,1.22849085118826,0.763069316676896));
#2314=CARTESIAN_POINT('Ctrl Pts',(-0.379742657545118,1.66942011124383,0.842184227282027));
#2315=CARTESIAN_POINT('Ctrl Pts',(-1.60653333116258,0.591799261936899,0.921299137887157));
#2316=CARTESIAN_POINT('Ctrl Pts',(-1.37197086689785,-1.02414416722225,1.00041404849229));
#2317=CARTESIAN_POINT('Ctrl Pts',(0.110579044950818,-1.70849218497547,1.07952895909742));
#2318=CARTESIAN_POINT('Ctrl Pts',(1.49254285373559,-0.838743422749366,1.15864386970255));
#2319=CARTESIAN_POINT('Ctrl Pts',(1.51684304526339,0.793953320717647,1.23775878030768));
#2320=CARTESIAN_POINT('Ctrl Pts',(0.16137538352279,1.70444455964322,1.31687369091281));
#2321=CARTESIAN_POINT('Ctrl Pts',(-1.34088428546371,1.06452086304978,1.39598860151794));
#2322=CARTESIAN_POINT('Ctrl Pts',(-1.62343388846131,-0.543726144636059,
1.47510351212307));
#2323=CARTESIAN_POINT('Ctrl Pts',(-0.429256975120277,-1.65737939021075,
1.5542184227282));
#2324=CARTESIAN_POINT('Ctrl Pts',(1.15538485597915,-1.26343512638128,1.63333333333333));
#2325=CARTESIAN_POINT('Ctrl Pts',(1.68905374177253,0.279781669298621,1.71244824393846));
#2326=CARTESIAN_POINT('Ctrl Pts',(0.686304259770467,1.56847658883602,1.79156315454359));
#2327=CARTESIAN_POINT('Ctrl Pts',(-0.940724608074461,1.4304813775108,1.87067806514873));
#2328=CARTESIAN_POINT('Ctrl Pts',(-1.71204938048259,-0.00881040315522797,
1.94979297575385));
#2329=CARTESIAN_POINT('Ctrl Pts',(-0.926024557735938,-1.4399241732306,2.02890788635899));
#2330=CARTESIAN_POINT('Ctrl Pts',(0.702310673050953,-1.56154984718649,2.10802279696412));
#2331=CARTESIAN_POINT('Ctrl Pts',(1.69186025663347,-0.262146773051809,2.18713770756925));
#2332=CARTESIAN_POINT('Ctrl Pts',(1.14232958974012,1.27457923210499,2.26625261817438));
#2333=CARTESIAN_POINT('Ctrl Pts',(-0.446081699389393,1.65408882605524,2.34536752877951));
#2334=CARTESIAN_POINT('Ctrl Pts',(-1.62919057922977,0.524650225872309,2.42448243938464));
#2335=CARTESIAN_POINT('Ctrl Pts',(-1.4291238973938,-0.539948615339596,2.47722571312139));
#2336=CARTESIAN_POINT('Ctrl Pts',(-1.12647426087614,-0.913257412066647,
2.50359734998977));
#2337=CARTESIAN_POINT('Ctrl Pts',(-1.16913659442518,1.00696009035904,-0.160792049969311));
#2338=CARTESIAN_POINT('Ctrl Pts',(-1.50283890147277,0.619513177071408,-0.134420413100934));
#2339=CARTESIAN_POINT('Ctrl Pts',(-1.74932971413484,-0.50639968693634,-0.08167713936418));
#2340=CARTESIAN_POINT('Ctrl Pts',(-0.52680517094439,-1.74507141796333,-0.00256222875904942));
#2341=CARTESIAN_POINT('Ctrl Pts',(1.17455801331621,-1.39174393285306,0.0765526818460813));
#2342=CARTESIAN_POINT('Ctrl Pts',(1.80766939871018,0.225231160924735,0.155667592451212));
#2343=CARTESIAN_POINT('Ctrl Pts',(0.796385754648713,1.638538499256,0.234782503056342));
#2344=CARTESIAN_POINT('Ctrl Pts',(-0.939272295406004,1.56074620769228,0.313897413661473));
#2345=CARTESIAN_POINT('Ctrl Pts',(-1.82056143991474,0.0635831079085086,
0.393012324266604));
#2346=CARTESIAN_POINT('Ctrl Pts',(-1.04579920032028,-1.4915918803693,0.472127234871734));
#2347=CARTESIAN_POINT('Ctrl Pts',(0.680248456678166,-1.68987654484962,0.551242145476865));
#2348=CARTESIAN_POINT('Ctrl Pts',(1.78752412523425,-0.351044896078883,0.630357056081994));
#2349=CARTESIAN_POINT('Ctrl Pts',(1.26881029307398,1.30713346745212,0.709471966687127));
#2350=CARTESIAN_POINT('Ctrl Pts',(-0.404052123152822,1.77628909204636,0.788586877292255));
#2351=CARTESIAN_POINT('Ctrl Pts',(-1.70937657509518,0.629683664752533,0.867701787897388));
#2352=CARTESIAN_POINT('Ctrl Pts',(-1.45979844681534,-1.08970540169447,0.946816698502517));
#2353=CARTESIAN_POINT('Ctrl Pts',(0.117657832220972,-1.81786238920847,1.02593160910765));
#2354=CARTESIAN_POINT('Ctrl Pts',(1.58808892539755,-0.892436111689875,1.10504651971278));
#2355=CARTESIAN_POINT('Ctrl Pts',(1.61394470900454,0.844778743041485,1.18416143031791));
#2356=CARTESIAN_POINT('Ctrl Pts',(0.171705930427996,1.813555652589,1.26327634092304));
#2357=CARTESIAN_POINT('Ctrl Pts',(-1.42672183827411,1.13266683715836,1.34239125152817));
#2358=CARTESIAN_POINT('Ctrl Pts',(-1.72735903222329,-0.578533116542999,
1.4215061621333));
#2359=CARTESIAN_POINT('Ctrl Pts',(-0.456736130980751,-1.76347757666603,
1.50062107273843));
#2360=CARTESIAN_POINT('Ctrl Pts',(1.22934754587461,-1.34431472245005,1.57973598334356));
#2361=CARTESIAN_POINT('Ctrl Pts',(1.79717958181015,0.297692069229585,1.6588508939487));
#2362=CARTESIAN_POINT('Ctrl Pts',(0.730238459597169,1.6688836064181,1.73796580455382));
#2363=CARTESIAN_POINT('Ctrl Pts',(-1.0009456868812,1.52205454464946,1.81708071515896));
#2364=CARTESIAN_POINT('Ctrl Pts',(-1.82164730082839,-0.00937440666717435,
1.89619562576409));
#2365=CARTESIAN_POINT('Ctrl Pts',(-0.985304603553534,-1.53210182688988,
1.97531053636922));
#2366=CARTESIAN_POINT('Ctrl Pts',(0.747269533514044,-1.66151344503534,2.05442544697435));
#2367=CARTESIAN_POINT('Ctrl Pts',(1.8001657574891,-0.278928263982721,2.13354035757948));
#2368=CARTESIAN_POINT('Ctrl Pts',(1.21545653853741,1.35617222512677,2.21265526818461));
#2369=CARTESIAN_POINT('Ctrl Pts',(-0.474637900580047,1.75997636497177,2.29177017878974));
#2370=CARTESIAN_POINT('Ctrl Pts',(-1.73348424118023,0.55823604081437,2.37088508939487));
#2371=CARTESIAN_POINT('Ctrl Pts',(-1.52061016458703,-0.574513766327317,
2.42362836313162));
#2372=CARTESIAN_POINT('Ctrl Pts',(-1.19858622080121,-0.971720161005978,
2.45));
#2373=CARTESIAN_POINT('Ctrl Pts',(-1.19858622080121,-0.971720161005978,
2.45));
#2374=CARTESIAN_POINT('Ctrl Pts',(-1.23291837315382,-0.920682239809574,
2.45));
#2375=CARTESIAN_POINT('Ctrl Pts',(-1.26386547075239,-0.867551597886438,
2.45));
#2376=CARTESIAN_POINT('Ctrl Pts',(-1.29141667185608,-0.812685197255822,
2.45));
#2377=CARTESIAN_POINT('Ctrl Pts',(-1.31755847517478,-0.760625519396664,
2.45));
#2378=CARTESIAN_POINT('Ctrl Pts',(-1.34064254845495,-0.707002018526305,
2.45));
#2379=CARTESIAN_POINT('Ctrl Pts',(-1.36061526427659,-0.652110790311158,
2.45));
#2380=CARTESIAN_POINT('Ctrl Pts',(-1.36470649865339,-0.640866807176157,
2.45));
#2381=CARTESIAN_POINT('Ctrl Pts',(-1.36866620094696,-0.629571722458318,
2.45));
#2382=CARTESIAN_POINT('Ctrl Pts',(-1.37249121544665,-0.618236556220917,
2.45));
#2383=CARTESIAN_POINT('Ctrl Pts',(-1.39173588468087,-0.56120630836926,2.45));
#2384=CARTESIAN_POINT('Ctrl Pts',(-1.40759759341001,-0.503101176164428,
2.45));
#2385=CARTESIAN_POINT('Ctrl Pts',(-1.4200352711163,-0.444254149615497,2.45));
#2386=CARTESIAN_POINT('Ctrl Pts',(-1.42779206021484,-0.40755405295797,2.45));
#2387=CARTESIAN_POINT('Ctrl Pts',(-1.4342160662007,-0.370565250135831,2.45));
#2388=CARTESIAN_POINT('Ctrl Pts',(-1.43928707151149,-0.333369392068427,
2.45));
#2389=CARTESIAN_POINT('Ctrl Pts',(-1.44091626412338,-0.321419253300566,
2.45));
#2390=CARTESIAN_POINT('Ctrl Pts',(-1.44240574153455,-0.309447756898575,
2.45));
#2391=CARTESIAN_POINT('Ctrl Pts',(-1.44375466070036,-0.297457660121644,
2.45));
#2392=CARTESIAN_POINT('Ctrl Pts',(-1.44506196143031,-0.285837495870074,
2.45));
#2393=CARTESIAN_POINT('Ctrl Pts',(-1.44623630481405,-0.27420787848975,2.45));
#2394=CARTESIAN_POINT('Ctrl Pts',(-1.44727708609906,-0.26257609691104,2.45));
#2395=CARTESIAN_POINT('Ctrl Pts',(-1.45259805794241,-0.203108864784596,
2.45));
#2396=CARTESIAN_POINT('Ctrl Pts',(-1.45443711204368,-0.143544246053701,
2.45));
#2397=CARTESIAN_POINT('Ctrl Pts',(-1.45275366184858,-0.0842085821021023,
2.45));
#2398=CARTESIAN_POINT('Ctrl Pts',(-1.45113859782002,-0.0272832885961171,
2.45));
#2399=CARTESIAN_POINT('Ctrl Pts',(-1.44628103252553,0.029432216596289,2.45));
#2400=CARTESIAN_POINT('Ctrl Pts',(-1.43809732485358,0.0856373244477191,
2.45));
#2401=CARTESIAN_POINT('Ctrl Pts',(-1.43359512041169,0.116558136427909,2.45));
#2402=CARTESIAN_POINT('Ctrl Pts',(-1.42808541662179,0.147324170746362,2.45));
#2403=CARTESIAN_POINT('Ctrl Pts',(-1.42154829259221,0.177882175707698,2.45));
#2404=CARTESIAN_POINT('Ctrl Pts',(-1.41569967887551,0.205221716178845,2.45));
#2405=CARTESIAN_POINT('Ctrl Pts',(-1.40902861294519,0.232394730719681,2.45));
#2406=CARTESIAN_POINT('Ctrl Pts',(-1.4015179557025,0.259360956038273,2.45));
#2407=CARTESIAN_POINT('Ctrl Pts',(-1.3987466175487,0.269311154359771,2.45));
#2408=CARTESIAN_POINT('Ctrl Pts',(-1.39586322062951,0.279224884351336,2.45));
#2409=CARTESIAN_POINT('Ctrl Pts',(-1.39286850968823,0.289096774928044,2.45));
#2410=CARTESIAN_POINT('Ctrl Pts',(-1.37797751563603,0.338184071413237,2.45));
#2411=CARTESIAN_POINT('Ctrl Pts',(-1.3603289846861,0.386267214066896,2.45));
#2412=CARTESIAN_POINT('Ctrl Pts',(-1.33986927799657,0.433124676176549,2.45));
#2413=CARTESIAN_POINT('Ctrl Pts',(-1.31725352957111,0.484919972707841,2.45));
#2414=CARTESIAN_POINT('Ctrl Pts',(-1.29120278012156,0.535218784598481,2.45));
#2415=CARTESIAN_POINT('Ctrl Pts',(-1.26198956881855,0.583802101720866,2.45));
#2416=CARTESIAN_POINT('Ctrl Pts',(-1.23702276242059,0.625323393583805,2.45));
#2417=CARTESIAN_POINT('Ctrl Pts',(-1.20974491987266,0.665591405283278,2.45));
#2418=CARTESIAN_POINT('Ctrl Pts',(-1.18030772677466,0.704445523960476,2.45));
#2419=CARTESIAN_POINT('Ctrl Pts',(-1.17349438018728,0.713438452600566,2.45));
#2420=CARTESIAN_POINT('Ctrl Pts',(-1.16656530258519,0.722355532030837,2.45));
#2421=CARTESIAN_POINT('Ctrl Pts',(-1.15952228995034,0.731194572294815,2.45));
#2422=CARTESIAN_POINT('Ctrl Pts',(-1.15401097835864,0.738111314829856,2.45));
#2423=CARTESIAN_POINT('Ctrl Pts',(-1.14843055894089,0.744979340168795,2.45));
#2424=CARTESIAN_POINT('Ctrl Pts',(-1.14278842482403,0.751790065337667,2.45));
#2425=CARTESIAN_POINT('Ctrl Pts',(-1.10736861714986,0.794545974822681,2.45));
#2426=CARTESIAN_POINT('Ctrl Pts',(-1.06945309692493,0.835131008798432,2.45));
#2427=CARTESIAN_POINT('Ctrl Pts',(-1.02930756581568,0.873348345769748,2.45));
#2428=CARTESIAN_POINT('Ctrl Pts',(-0.989380107265381,0.911358084230361,
2.45));
#2429=CARTESIAN_POINT('Ctrl Pts',(-0.947245750601853,0.947026371881944,
2.45));
#2430=CARTESIAN_POINT('Ctrl Pts',(-0.903139754550442,0.980115815327578,
2.45));
#2431=CARTESIAN_POINT('Ctrl Pts',(-0.860520981369101,1.01208950623488,2.45));
#2432=CARTESIAN_POINT('Ctrl Pts',(-0.816060361628322,1.04165560703413,2.45));
#2433=CARTESIAN_POINT('Ctrl Pts',(-0.769960197506876,1.06855303719805,2.45));
#2434=CARTESIAN_POINT('Ctrl Pts',(-0.76113846122256,1.07370013461416,2.45));
#2435=CARTESIAN_POINT('Ctrl Pts',(-0.752255926634172,1.07874965742482,2.45));
#2436=CARTESIAN_POINT('Ctrl Pts',(-0.743328351969049,1.08369197692168,2.45));
#2437=CARTESIAN_POINT('Ctrl Pts',(-0.696815947800921,1.10944131765405,2.45));
#2438=CARTESIAN_POINT('Ctrl Pts',(-0.648992204782401,1.13233832514663,2.45));
#2439=CARTESIAN_POINT('Ctrl Pts',(-0.600076880752506,1.15217671651972,2.45));
#2440=CARTESIAN_POINT('Ctrl Pts',(-0.552886758341364,1.171315424806,2.45));
#2441=CARTESIAN_POINT('Ctrl Pts',(-0.504679840142084,1.18760763506852,2.45));
#2442=CARTESIAN_POINT('Ctrl Pts',(-0.455646740031485,1.20082128019618,2.45));
#2443=CARTESIAN_POINT('Ctrl Pts',(-0.414711520129827,1.21185267465794,2.45));
#2444=CARTESIAN_POINT('Ctrl Pts',(-0.373200148075526,1.22073770338243,2.45));
#2445=CARTESIAN_POINT('Ctrl Pts',(-0.331225868819899,1.22731347464253,2.45));
#2446=CARTESIAN_POINT('Ctrl Pts',(-0.317781401219344,1.22941971077625,2.45));
#2447=CARTESIAN_POINT('Ctrl Pts',(-0.304289477167087,1.23128881677578,2.45));
#2448=CARTESIAN_POINT('Ctrl Pts',(-0.290755763084977,1.23292174598824,2.45));
#2449=CARTESIAN_POINT('Ctrl Pts',(-0.958116152722388,0.825211298936491,
0.));
#2450=CARTESIAN_POINT('Ctrl Pts',(-0.995000037742794,0.790766652193412,
5.60289277304411E-19));
#2451=CARTESIAN_POINT('Ctrl Pts',(-1.02950389784779,0.754083691862124,5.31301600265181E-17));
#2452=CARTESIAN_POINT('Ctrl Pts',(-1.06162645452486,0.71548227218116,3.29597460435593E-17));
#2453=CARTESIAN_POINT('Ctrl Pts',(-1.0951920105906,0.67514681166522,1.18832430671414E-17));
#2454=CARTESIAN_POINT('Ctrl Pts',(-1.12615813330588,0.632716203209243,-1.37217229349077E-16));
#2455=CARTESIAN_POINT('Ctrl Pts',(-1.15449528013415,0.588505640474814,-1.70002900645727E-16));
#2456=CARTESIAN_POINT('Ctrl Pts',(-1.17745700131271,0.55268161694814,-1.96569281782386E-16));
#2457=CARTESIAN_POINT('Ctrl Pts',(-1.19869211937069,0.515687728776316,1.92185877879831E-16));
#2458=CARTESIAN_POINT('Ctrl Pts',(-1.21816805855491,0.477673093964926,2.1163626406917E-16));
#2459=CARTESIAN_POINT('Ctrl Pts',(-1.22705893608985,0.460319195934834,2.20515476515914E-16));
#2460=CARTESIAN_POINT('Ctrl Pts',(-1.23558298065912,0.442752381389229,1.53517542078758E-16));
#2461=CARTESIAN_POINT('Ctrl Pts',(-1.24373589405206,0.424985981166775,1.49186218934005E-16));
#2462=CARTESIAN_POINT('Ctrl Pts',(-1.24756425150868,0.41664342587508,1.47152362757804E-16));
#2463=CARTESIAN_POINT('Ctrl Pts',(-1.25130917352397,0.40826019130658,2.26722474130294E-16));
#2464=CARTESIAN_POINT('Ctrl Pts',(-1.25496720313198,0.399845390105754,2.22044604925031E-16));
#2465=CARTESIAN_POINT('Ctrl Pts',(-1.27668363541707,0.349889681691031,1.9427374445629E-16));
#2466=CARTESIAN_POINT('Ctrl Pts',(-1.29537637905491,0.298746936886727,-1.37287698249495E-16));
#2467=CARTESIAN_POINT('Ctrl Pts',(-1.31101798708283,0.246748399942301,-1.04083408558608E-16));
#2468=CARTESIAN_POINT('Ctrl Pts',(-1.32694233236722,0.193809938940785,-7.02789190830172E-17));
#2469=CARTESIAN_POINT('Ctrl Pts',(-1.33970483494712,0.1399835380718,-3.72503347988153E-17));
#2470=CARTESIAN_POINT('Ctrl Pts',(-1.34923560470805,0.0855843983736665,
-6.24500451351651E-17));
#2471=CARTESIAN_POINT('Ctrl Pts',(-1.35615230817991,0.0461056649813018,
-8.07380668107671E-17));
#2472=CARTESIAN_POINT('Ctrl Pts',(-1.36136611276695,0.00632450196657549,
7.01836610623704E-17));
#2473=CARTESIAN_POINT('Ctrl Pts',(-1.36483445235287,-0.0336452032303808,
1.04083408558608E-16));
#2474=CARTESIAN_POINT('Ctrl Pts',(-1.36588773676313,-0.0457834227799546,
1.14378270023231E-16));
#2475=CARTESIAN_POINT('Ctrl Pts',(-1.36677994575389,-0.0579390540671438,
6.17727516177557E-17));
#2476=CARTESIAN_POINT('Ctrl Pts',(-1.36750961804957,-0.0701089537553948,
6.24500451351651E-17));
#2477=CARTESIAN_POINT('Ctrl Pts',(-1.36815253229971,-0.0808318522110047,
6.30468084444662E-17));
#2478=CARTESIAN_POINT('Ctrl Pts',(-1.36866919554243,-0.0915670859389097,
1.20212457425753E-16));
#2479=CARTESIAN_POINT('Ctrl Pts',(-1.36905820974656,-0.10229463278654,1.11022302462516E-16));
#2480=CARTESIAN_POINT('Ctrl Pts',(-1.37111823332556,-0.15910232570901,6.23558637625259E-17));
#2481=CARTESIAN_POINT('Ctrl Pts',(-1.36961039075065,-0.215805399978105,
8.00527505625222E-17));
#2482=CARTESIAN_POINT('Ctrl Pts',(-1.36447740132133,-0.272070841898387,
1.11022302462516E-16));
#2483=CARTESIAN_POINT('Ctrl Pts',(-1.36081216848862,-0.312247418903358,
1.3313624210743E-16));
#2484=CARTESIAN_POINT('Ctrl Pts',(-1.35529769068489,-0.352201566684862,
5.7204356663448E-17));
#2485=CARTESIAN_POINT('Ctrl Pts',(-1.34789765847139,-0.391817177608728,
1.2490009027033E-16));
#2486=CARTESIAN_POINT('Ctrl Pts',(-1.33780124570848,-0.445867693633897,
2.31755936739435E-16));
#2487=CARTESIAN_POINT('Ctrl Pts',(-1.32419710178957,-0.499288645813761,
-3.88859354441396E-17));
#2488=CARTESIAN_POINT('Ctrl Pts',(-1.30731235172518,-0.551877095682532,
-5.55111512312578E-17));
#2489=CARTESIAN_POINT('Ctrl Pts',(-1.30266163436758,-0.566362001629111,
-6.00903827472832E-17));
#2490=CARTESIAN_POINT('Ctrl Pts',(-1.29776172609599,-0.580783714861393,
-5.83943710746812E-17));
#2491=CARTESIAN_POINT('Ctrl Pts',(-1.29261670432129,-0.595137881264283,
-5.55111512312578E-17));
#2492=CARTESIAN_POINT('Ctrl Pts',(-1.28830034092089,-0.607180162369761,
-5.30923034299389E-17));
#2493=CARTESIAN_POINT('Ctrl Pts',(-1.28381013876033,-0.61917788231627,1.14152576087752E-16));
#2494=CARTESIAN_POINT('Ctrl Pts',(-1.27915803753718,-0.631104807592967,
1.11022302462516E-16));
#2495=CARTESIAN_POINT('Ctrl Pts',(-1.25855745235195,-0.683920004076161,
9.7160723494965E-17));
#2496=CARTESIAN_POINT('Ctrl Pts',(-1.23475520550334,-0.735439783104923,
3.72390698649411E-17));
#2497=CARTESIAN_POINT('Ctrl Pts',(-1.20803812682914,-0.785456524772432,
5.55111512312578E-17));
#2498=CARTESIAN_POINT('Ctrl Pts',(-1.18067968609619,-0.836673953116787,
7.42218666213709E-17));
#2499=CARTESIAN_POINT('Ctrl Pts',(-1.15026444021789,-0.886316214019718,
2.32404061458719E-16));
#2500=CARTESIAN_POINT('Ctrl Pts',(-1.11704485193587,-0.934154726270627,
3.05311331771918E-16));
#2501=CARTESIAN_POINT('Ctrl Pts',(-1.09629007678732,-0.964043042669374,
3.50861986680682E-16));
#2502=CARTESIAN_POINT('Ctrl Pts',(-1.07443955930838,-0.993227117610207,
-1.6640968694741E-17));
#2503=CARTESIAN_POINT('Ctrl Pts',(-1.05154527733794,-1.02164766922203,-4.16333634234434E-17));
#2504=CARTESIAN_POINT('Ctrl Pts',(-1.04049977525478,-1.0353593576881,-5.36911142799913E-17));
#2505=CARTESIAN_POINT('Ctrl Pts',(-1.02921121954407,-1.04889327261108,1.33651683633954E-16));
#2506=CARTESIAN_POINT('Ctrl Pts',(-1.01768490570807,-1.0622424153556,1.2490009027033E-16));
#2507=CARTESIAN_POINT('Ctrl Pts',(-1.01048343601444,-1.07058276147825,1.19432224717142E-16));
#2508=CARTESIAN_POINT('Ctrl Pts',(-1.00318914912898,-1.0788509758209,-1.29786276946235E-16));
#2509=CARTESIAN_POINT('Ctrl Pts',(-0.995803272120935,-1.08704529880746,
-1.38777878078145E-16));
#2510=CARTESIAN_POINT('Ctrl Pts',(-0.988117174769134,-1.09557270376401,
-1.48134968857363E-16));
#2511=CARTESIAN_POINT('Ctrl Pts',(-0.980337485359625,-1.10401383836046,
2.11170148073507E-16));
#2512=CARTESIAN_POINT('Ctrl Pts',(-0.972468674640085,-1.1123642731218,2.22044604925031E-16));
#2513=CARTESIAN_POINT('Ctrl Pts',(-0.931017462488507,-1.15635257773187,
2.79328918152491E-16));
#2514=CARTESIAN_POINT('Ctrl Pts',(-0.887074609526109,-1.19785067615621,
-8.48147608429832E-17));
#2515=CARTESIAN_POINT('Ctrl Pts',(-0.840897489480425,-1.23660679630015,
2.77555756156289E-17));
#2516=CARTESIAN_POINT('Ctrl Pts',(-0.808446381821657,-1.26384277433393,
1.06864712434647E-16));
#2517=CARTESIAN_POINT('Ctrl Pts',(-0.774890748571239,-1.28972429406435,
1.41916994948049E-16));
#2518=CARTESIAN_POINT('Ctrl Pts',(-0.740307151971933,-1.31415535442259,
1.11022302462516E-16));
#2519=CARTESIAN_POINT('Ctrl Pts',(-0.727170049285036,-1.32343586253152,
9.92864858450296E-17));
#2520=CARTESIAN_POINT('Ctrl Pts',(-0.713882564001996,-1.33250806387649,
2.50333626750546E-16));
#2521=CARTESIAN_POINT('Ctrl Pts',(-0.700467843261179,-1.34135423597922,
2.4980018054066E-16));
#2522=CARTESIAN_POINT('Ctrl Pts',(-0.649685801636982,-1.37484182685904,
2.47780795407113E-16));
#2523=CARTESIAN_POINT('Ctrl Pts',(-0.597027371839254,-1.40513399469984,
9.32063403907977E-17));
#2524=CARTESIAN_POINT('Ctrl Pts',(-0.542732324752943,-1.43196664629944,
5.55111512312578E-17));
#2525=CARTESIAN_POINT('Ctrl Pts',(-0.510940290066983,-1.44767829287034,
3.34390318471662E-17));
#2526=CARTESIAN_POINT('Ctrl Pts',(-0.478586351254398,-1.46220324715532,
2.79842942191161E-17));
#2527=CARTESIAN_POINT('Ctrl Pts',(-0.445713092196909,-1.47548225571322,
0.));
#2528=CARTESIAN_POINT('Ctrl Pts',(-0.430389321458067,-1.48167222557367,
-4.04329111142054E-17));
#2529=CARTESIAN_POINT('Ctrl Pts',(-0.414952654582479,-1.4875913853423,1.43738574577588E-16));
#2530=CARTESIAN_POINT('Ctrl Pts',(-0.39940961218843,-1.49324163259236,1.38777878078145E-16));
#2531=CARTESIAN_POINT('Ctrl Pts',(1.26497446864392,-0.00109044790624634,
0.806580326380584));
#2532=CARTESIAN_POINT('Ctrl Pts',(1.26571454834228,-0.0827225474712534,
0.801436586270825));
#2533=CARTESIAN_POINT('Ctrl Pts',(1.25848388285537,-0.164224004387909,0.796292846161065));
#2534=CARTESIAN_POINT('Ctrl Pts',(1.24280425734461,-0.244066073205459,0.791149106051307));
#2535=CARTESIAN_POINT('Ctrl Pts',(1.16241578876365,-0.653411413511741,0.76477746918293));
#2536=CARTESIAN_POINT('Ctrl Pts',(0.859942234456209,-1.01913891834445,0.738405832314552));
#2537=CARTESIAN_POINT('Ctrl Pts',(0.472953970774669,-1.17492004403414,0.712034195446175));
#2538=CARTESIAN_POINT('Ctrl Pts',(0.0859657070931284,-1.33070116972384,
0.685662558577798));
#2539=CARTESIAN_POINT('Ctrl Pts',(-0.385537265962506,-1.27653591627053,
0.659290921709422));
#2540=CARTESIAN_POINT('Ctrl Pts',(-0.72710932410052,-1.03704037393821,0.632919284841045));
#2541=CARTESIAN_POINT('Ctrl Pts',(-1.06868138223853,-0.797544831605887,
0.606547647972668));
#2542=CARTESIAN_POINT('Ctrl Pts',(-1.28032252545892,-0.372719000394548,
0.580176011104292));
#2543=CARTESIAN_POINT('Ctrl Pts',(-1.26577259337164,0.0441833016527476,
0.553804374235915));
#2544=CARTESIAN_POINT('Ctrl Pts',(-1.25122266128435,0.461085603700045,0.527432737367538));
#2545=CARTESIAN_POINT('Ctrl Pts',(-1.01048165388939,0.870064376583298,0.501061100499161));
#2546=CARTESIAN_POINT('Ctrl Pts',(-0.653047032208084,1.0851789901455,0.474689463630784));
#2547=CARTESIAN_POINT('Ctrl Pts',(-0.295612410526783,1.30029360370771,0.448317826762407));
#2548=CARTESIAN_POINT('Ctrl Pts',(0.178515825440852,1.32154405794887,0.42194618989403));
#2549=CARTESIAN_POINT('Ctrl Pts',(0.553705690661193,1.13913330220923,0.395574553025653));
#2550=CARTESIAN_POINT('Ctrl Pts',(0.928895555881533,0.956722546469595,0.369202916157276));
#2551=CARTESIAN_POINT('Ctrl Pts',(1.20514705035458,0.570650580749162,0.342831279288899));
#2552=CARTESIAN_POINT('Ctrl Pts',(1.25679954777141,0.156760741107565,0.316459642420522));
#2553=CARTESIAN_POINT('Ctrl Pts',(1.26324954995596,0.105077076166738,0.313166537073876));
#2554=CARTESIAN_POINT('Ctrl Pts',(1.26619732034326,0.0529596397315819,0.30987343172723));
#2555=CARTESIAN_POINT('Ctrl Pts',(1.26579608679182,0.000798670859045586,
0.306580326380583));
#2556=CARTESIAN_POINT('Ctrl Pts',(0.398513841857231,-1.49064942821852,-2.77555756156289E-16));
#2557=CARTESIAN_POINT('Ctrl Pts',(0.892508745883987,-1.35858362969145,0.0263716368683766));
#2558=CARTESIAN_POINT('Ctrl Pts',(1.73054093374412,-0.567292894032274,0.0791149106051303));
#2559=CARTESIAN_POINT('Ctrl Pts',(1.41847844749682,1.14486496331329,0.158229821210261));
#2560=CARTESIAN_POINT('Ctrl Pts',(-0.186186996474785,1.81159430661148,0.237344731815391));
#2561=CARTESIAN_POINT('Ctrl Pts',(-1.62031467825881,0.832452945660611,0.316459642420523));
#2562=CARTESIAN_POINT('Ctrl Pts',(-1.5811668953213,-0.904958477497374,0.395574553025653));
#2563=CARTESIAN_POINT('Ctrl Pts',(-0.10341870825849,-1.81864409229212,0.474689463630784));
#2564=CARTESIAN_POINT('Ctrl Pts',(1.46823355213425,-1.07832145805368,0.553804374235914));
#2565=CARTESIAN_POINT('Ctrl Pts',(1.70442334214348,0.643026872153859,0.632919284841045));
#2566=CARTESIAN_POINT('Ctrl Pts',(0.39016986736889,1.77937868149828,0.712034195446176));
#2567=CARTESIAN_POINT('Ctrl Pts',(-1.27896986662892,1.29719363524874,0.791149106051306));
#2568=CARTESIAN_POINT('Ctrl Pts',(-1.78473149002051,-0.364981106624915,
0.870264016656437));
#2569=CARTESIAN_POINT('Ctrl Pts',(-0.667038846546061,-1.6951461576478,0.949378927261568));
#2570=CARTESIAN_POINT('Ctrl Pts',(1.05740961893664,-1.48335934141798,1.0284938378667));
#2571=CARTESIAN_POINT('Ctrl Pts',(1.82000714392317,0.077740666400071,1.10760874847183));
#2572=CARTESIAN_POINT('Ctrl Pts',(0.927068286134229,1.56812361631664,1.18672365907696));
#2573=CARTESIAN_POINT('Ctrl Pts',(-0.809160241585873,1.63209331836743,1.26583856968209));
#2574=CARTESIAN_POINT('Ctrl Pts',(-1.80935178184942,0.211459277264571,1.34495348028722));
#2575=CARTESIAN_POINT('Ctrl Pts',(-1.16369993303972,-1.40152408079533,1.42406839089235));
#2576=CARTESIAN_POINT('Ctrl Pts',(0.540489008533653,-1.7396382517058,1.50318330149748));
#2577=CARTESIAN_POINT('Ctrl Pts',(1.75303353501612,-0.495321575444284,1.58229821210261));
#2578=CARTESIAN_POINT('Ctrl Pts',(1.37096162056792,1.19955223042573,1.66141312270774));
#2579=CARTESIAN_POINT('Ctrl Pts',(-0.258175329419777,1.80328123124014,1.74052803331288));
#2580=CARTESIAN_POINT('Ctrl Pts',(-1.65247646118271,0.76667906734937,1.819642943918));
#2581=CARTESIAN_POINT('Ctrl Pts',(-1.54361714662069,-0.967298879474073,
1.89875785452314));
#2582=CARTESIAN_POINT('Ctrl Pts',(-0.0306663576276315,-1.82142857726164,
1.97787276512826));
#2583=CARTESIAN_POINT('Ctrl Pts',(1.51023836586561,-1.01865941745971,2.0569876757334));
#2584=CARTESIAN_POINT('Ctrl Pts',(1.67727099934677,0.710579874748204,2.13610258633853));
#2585=CARTESIAN_POINT('Ctrl Pts',(0.31881902346781,1.79370929281458,2.21521749694366));
#2586=CARTESIAN_POINT('Ctrl Pts',(-1.33004751297681,1.24473739260303,2.29433240754879));
#2587=CARTESIAN_POINT('Ctrl Pts',(-1.76828443562934,-0.435556751887158,
2.37344731815392));
#2588=CARTESIAN_POINT('Ctrl Pts',(-0.599532222580079,-1.72144067696901,
2.45256222875905));
#2589=CARTESIAN_POINT('Ctrl Pts',(1.11758206833786,-1.4379163645752,2.53167713936418));
#2590=CARTESIAN_POINT('Ctrl Pts',(1.57996292018268,-0.382149854367127,2.58442041310093));
#2591=CARTESIAN_POINT('Ctrl Pts',(1.53772766439576,0.127446577639232,2.61079204996931));
#2592=CARTESIAN_POINT('Ctrl Pts',(0.374537582415184,-1.40096572423086,-0.0535973499897705));
#2593=CARTESIAN_POINT('Ctrl Pts',(0.838811686966577,-1.27684555648577,-0.0272257131213936));
#2594=CARTESIAN_POINT('Ctrl Pts',(1.62642435347889,-0.533162180921884,0.02551756061536));
#2595=CARTESIAN_POINT('Ctrl Pts',(1.33313685155215,1.07598509891866,0.104632471220491));
#2596=CARTESIAN_POINT('Ctrl Pts',(-0.174985208071626,1.7026012164427,0.183747381825621));
#2597=CARTESIAN_POINT('Ctrl Pts',(-1.52282977052602,0.782369094857741,0.262862292430752));
#2598=CARTESIAN_POINT('Ctrl Pts',(-1.48603728193893,-0.85051239065723,0.341977203035883));
#2599=CARTESIAN_POINT('Ctrl Pts',(-0.0971966062386189,-1.70922685753227,
0.421092113641013));
#2600=CARTESIAN_POINT('Ctrl Pts',(1.37989848100239,-1.01344512924228,0.500207024246145));
#2601=CARTESIAN_POINT('Ctrl Pts',(1.6018781054213,0.604339686175278,0.579321934851274));
#2602=CARTESIAN_POINT('Ctrl Pts',(0.366695616329306,1.67232381807264,0.658436845456406));
#2603=CARTESIAN_POINT('Ctrl Pts',(-1.20202169038002,1.21914904086188,0.737551756061536));
#2604=CARTESIAN_POINT('Ctrl Pts',(-1.67735457924697,-0.343022316779368,
0.816666666666667));
#2605=CARTESIAN_POINT('Ctrl Pts',(-0.626906999762074,-1.59315907514512,
0.895781577271797));
#2606=CARTESIAN_POINT('Ctrl Pts',(0.993791433826715,-1.39411423954178,0.974896487876928));
#2607=CARTESIAN_POINT('Ctrl Pts',(1.71050790227647,0.0730634627724151,1.05401139848206));
#2608=CARTESIAN_POINT('Ctrl Pts',(0.871291980736004,1.47377874115048,1.13312630908719));
#2609=CARTESIAN_POINT('Ctrl Pts',(-0.760477777277887,1.53389975838356,1.21224121969232));
#2610=CARTESIAN_POINT('Ctrl Pts',(-1.7004936113493,0.198737002752108,1.29135613029745));
#2611=CARTESIAN_POINT('Ctrl Pts',(-1.09368687809231,-1.31720253046016,1.37047104090258));
#2612=CARTESIAN_POINT('Ctrl Pts',(0.507970929277524,-1.63497433874403,1.44958595150771));
#2613=CARTESIAN_POINT('Ctrl Pts',(1.64756370578692,-0.465520957867865,1.52870086211284));
#2614=CARTESIAN_POINT('Ctrl Pts',(1.28847883566229,1.12738215132148,1.60781577271797));
#2615=CARTESIAN_POINT('Ctrl Pts',(-0.242642421827768,1.69478829045371,1.6869306833231));
#2616=CARTESIAN_POINT('Ctrl Pts',(-1.55305656607807,0.72055244815369,1.76604559392823));
#2617=CARTESIAN_POINT('Ctrl Pts',(-1.45074668316555,-0.909102133322953,
1.84516050453337));
#2618=CARTESIAN_POINT('Ctrl Pts',(-0.0288213412959627,-1.71184381624039,
1.92427541513849));
#2619=CARTESIAN_POINT('Ctrl Pts',(1.41937610946173,-0.957372606536716,2.00339032574363));
#2620=CARTESIAN_POINT('Ctrl Pts',(1.57635936112727,0.66782841760468,2.08250523634876));
#2621=CARTESIAN_POINT('Ctrl Pts',(0.299637537610004,1.68579223987683,2.16162014695389));
#2622=CARTESIAN_POINT('Ctrl Pts',(-1.25002629190011,1.16984878516299,2.24073505755902));
#2623=CARTESIAN_POINT('Ctrl Pts',(-1.66189704843496,-0.409351836052082,
2.31984996816415));
#2624=CARTESIAN_POINT('Ctrl Pts',(-0.563461856628781,-1.61787160621163,
2.39896487876928));
#2625=CARTESIAN_POINT('Ctrl Pts',(1.05034365701098,-1.35140530224334,2.47807978937441));
#2626=CARTESIAN_POINT('Ctrl Pts',(1.48490574298007,-0.35915812085206,2.53082306311116));
#2627=CARTESIAN_POINT('Ctrl Pts',(1.44521153682302,0.119778858504964,2.55719469997954));
#2628=CARTESIAN_POINT('Ctrl Pts',(0.350561322973136,-1.31128202024321,-0.107194699979541));
#2629=CARTESIAN_POINT('Ctrl Pts',(0.785114628049168,-1.1951074832801,-0.0808230631111638));
#2630=CARTESIAN_POINT('Ctrl Pts',(1.52230777321366,-0.499031467811496,-0.0280797893744101));
#2631=CARTESIAN_POINT('Ctrl Pts',(1.24779525560749,1.00710523452402,0.0510351212307206));
#2632=CARTESIAN_POINT('Ctrl Pts',(-0.163783419668466,1.59360812627392,0.130150031835851));
#2633=CARTESIAN_POINT('Ctrl Pts',(-1.42534486279323,0.732285244054872,0.209264942440982));
#2634=CARTESIAN_POINT('Ctrl Pts',(-1.39090766855656,-0.796066303817088,
0.288379853046112));
#2635=CARTESIAN_POINT('Ctrl Pts',(-0.0909745042187452,-1.59980962277241,
0.367494763651243));
#2636=CARTESIAN_POINT('Ctrl Pts',(1.29156340987053,-0.948568800430888,0.446609674256374));
#2637=CARTESIAN_POINT('Ctrl Pts',(1.49933286869912,0.565652500196697,0.525724584861504));
#2638=CARTESIAN_POINT('Ctrl Pts',(0.343221365289721,1.56526895464701,0.604839495466636));
#2639=CARTESIAN_POINT('Ctrl Pts',(-1.12507351413112,1.14110444647502,0.683954406071765));
#2640=CARTESIAN_POINT('Ctrl Pts',(-1.56997766847343,-0.321063526933821,
0.763069316676896));
#2641=CARTESIAN_POINT('Ctrl Pts',(-0.586775152978085,-1.49117199264243,
0.842184227282027));
#2642=CARTESIAN_POINT('Ctrl Pts',(0.930173248716786,-1.30486913766559,0.921299137887157));
#2643=CARTESIAN_POINT('Ctrl Pts',(1.60100866062976,0.0683862591447598,1.00041404849229));
#2644=CARTESIAN_POINT('Ctrl Pts',(0.815515675337779,1.37943386598431,1.07952895909742));
#2645=CARTESIAN_POINT('Ctrl Pts',(-0.711795312969902,1.43570619839969,1.15864386970255));
#2646=CARTESIAN_POINT('Ctrl Pts',(-1.59163544084918,0.186014728239648,1.23775878030768));
#2647=CARTESIAN_POINT('Ctrl Pts',(-1.0236738231449,-1.23288098012499,1.31687369091281));
#2648=CARTESIAN_POINT('Ctrl Pts',(0.475452850021395,-1.53031042578225,1.39598860151794));
#2649=CARTESIAN_POINT('Ctrl Pts',(1.54209387655771,-0.43572034029145,1.47510351212307));
#2650=CARTESIAN_POINT('Ctrl Pts',(1.20599605075666,1.05521207221724,1.5542184227282));
#2651=CARTESIAN_POINT('Ctrl Pts',(-0.227109514235758,1.58629534966728,1.63333333333333));
#2652=CARTESIAN_POINT('Ctrl Pts',(-1.45363667097343,0.674425828958012,1.71244824393846));
#2653=CARTESIAN_POINT('Ctrl Pts',(-1.35787621971041,-0.850905387171835,
1.7915631545436));
#2654=CARTESIAN_POINT('Ctrl Pts',(-0.0269763249642943,-1.60225905521914,
1.87067806514873));
#2655=CARTESIAN_POINT('Ctrl Pts',(1.32851385305784,-0.896085795613725,1.94979297575386));
#2656=CARTESIAN_POINT('Ctrl Pts',(1.47544772290776,0.625076960461156,2.02890788635899));
#2657=CARTESIAN_POINT('Ctrl Pts',(0.280456051752197,1.57787518693907,2.10802279696412));
#2658=CARTESIAN_POINT('Ctrl Pts',(-1.17000507082341,1.09496017772295,2.18713770756925));
#2659=CARTESIAN_POINT('Ctrl Pts',(-1.55550966124058,-0.383146920217004,
2.26625261817438));
#2660=CARTESIAN_POINT('Ctrl Pts',(-0.527391490677485,-1.51430253545427,
2.34536752877951));
#2661=CARTESIAN_POINT('Ctrl Pts',(0.98310524568411,-1.26489423991147,2.42448243938464));
#2662=CARTESIAN_POINT('Ctrl Pts',(1.38984856577746,-0.336166387336993,2.47722571312139));
#2663=CARTESIAN_POINT('Ctrl Pts',(1.35269540925028,0.112111139370696,2.50359734998977));
#2664=CARTESIAN_POINT('Ctrl Pts',(0.326585063531088,-1.22159831625555,-0.160792049969311));
#2665=CARTESIAN_POINT('Ctrl Pts',(0.731417569131758,-1.11336941007442,-0.134420413100934));
#2666=CARTESIAN_POINT('Ctrl Pts',(1.41819119294844,-0.464900754701108,-0.0816771393641803));
#2667=CARTESIAN_POINT('Ctrl Pts',(1.16245365966282,0.938225370129393,-0.00256222875904964));
#2668=CARTESIAN_POINT('Ctrl Pts',(-0.152581631265306,1.48461503610513,0.076552681846081));
#2669=CARTESIAN_POINT('Ctrl Pts',(-1.32785995506045,0.682201393252003,0.155667592451212));
#2670=CARTESIAN_POINT('Ctrl Pts',(-1.29577805517419,-0.741620216976946,
0.234782503056342));
#2671=CARTESIAN_POINT('Ctrl Pts',(-0.0847524021988734,-1.49039238801256,
0.313897413661473));
#2672=CARTESIAN_POINT('Ctrl Pts',(1.20322833873867,-0.883692471619492,0.393012324266604));
#2673=CARTESIAN_POINT('Ctrl Pts',(1.39678763197694,0.526965314218116,0.472127234871733));
#2674=CARTESIAN_POINT('Ctrl Pts',(0.319747114250136,1.45821409122137,0.551242145476866));
#2675=CARTESIAN_POINT('Ctrl Pts',(-1.04812533788222,1.06305985208816,0.630357056081994));
#2676=CARTESIAN_POINT('Ctrl Pts',(-1.46260075769989,-0.299104737088274,
0.709471966687128));
#2677=CARTESIAN_POINT('Ctrl Pts',(-0.546643306194098,-1.38918491013975,
0.788586877292255));
#2678=CARTESIAN_POINT('Ctrl Pts',(0.866555063606859,-1.21562403578939,0.867701787897388));
#2679=CARTESIAN_POINT('Ctrl Pts',(1.49150941898306,0.0637090555171041,0.946816698502519));
#2680=CARTESIAN_POINT('Ctrl Pts',(0.759739369939553,1.28508899081814,1.02593160910765));
#2681=CARTESIAN_POINT('Ctrl Pts',(-0.663112848661916,1.33751263841582,1.10504651971278));
#2682=CARTESIAN_POINT('Ctrl Pts',(-1.48277727034905,0.173292453727186,1.18416143031791));
#2683=CARTESIAN_POINT('Ctrl Pts',(-0.953660768197487,-1.14855942978982,
1.26327634092304));
#2684=CARTESIAN_POINT('Ctrl Pts',(0.442934770765266,-1.42564651282047,1.34239125152817));
#2685=CARTESIAN_POINT('Ctrl Pts',(1.43662404732851,-0.405919722715032,1.4215061621333));
#2686=CARTESIAN_POINT('Ctrl Pts',(1.12351326585103,0.983041993112986,1.50062107273843));
#2687=CARTESIAN_POINT('Ctrl Pts',(-0.21157660664375,1.47780240888085,1.57973598334356));
#2688=CARTESIAN_POINT('Ctrl Pts',(-1.35421677586879,0.628299209762331,1.65885089394869));
#2689=CARTESIAN_POINT('Ctrl Pts',(-1.26500575625526,-0.792708641020715,
1.73796580455382));
#2690=CARTESIAN_POINT('Ctrl Pts',(-0.0251313086326246,-1.49267429419789,
1.81708071515896));
#2691=CARTESIAN_POINT('Ctrl Pts',(1.23765159665396,-0.834798984690732,1.89619562576409));
#2692=CARTESIAN_POINT('Ctrl Pts',(1.37453608468826,0.58232550331763,1.97531053636922));
#2693=CARTESIAN_POINT('Ctrl Pts',(0.26127456589439,1.46995813400132,2.05442544697435));
#2694=CARTESIAN_POINT('Ctrl Pts',(-1.08998384974671,1.02007157028291,2.13354035757948));
#2695=CARTESIAN_POINT('Ctrl Pts',(-1.44912227404621,-0.356942004381924,
2.21265526818461));
#2696=CARTESIAN_POINT('Ctrl Pts',(-0.491321124726188,-1.4107334646969,2.29177017878974));
#2697=CARTESIAN_POINT('Ctrl Pts',(0.915866834357237,-1.17838317757961,2.37088508939487));
#2698=CARTESIAN_POINT('Ctrl Pts',(1.29479138857485,-0.313174653821926,2.42362836313162));
#2699=CARTESIAN_POINT('Ctrl Pts',(1.26017928167754,0.104443420236428,2.45));
#2700=CARTESIAN_POINT('Ctrl Pts',(1.26017928167754,0.10444342023642,2.45));
#2701=CARTESIAN_POINT('Ctrl Pts',(1.26985429886278,0.0544770125623321,2.45));
#2702=CARTESIAN_POINT('Ctrl Pts',(1.2762424830867,0.0040425672100745,2.45));
#2703=CARTESIAN_POINT('Ctrl Pts',(1.27951689755308,-0.0465987784328048,
2.45));
#2704=CARTESIAN_POINT('Ctrl Pts',(1.28184575207809,-0.0826163101667887,
2.45));
#2705=CARTESIAN_POINT('Ctrl Pts',(1.28259851984578,-0.118739140261509,2.45));
#2706=CARTESIAN_POINT('Ctrl Pts',(1.28182321161163,-0.154878896878009,2.45));
#2707=CARTESIAN_POINT('Ctrl Pts',(1.28149707245882,-0.170081353251137,2.45));
#2708=CARTESIAN_POINT('Ctrl Pts',(1.28090039477776,-0.185286844664525,2.45));
#2709=CARTESIAN_POINT('Ctrl Pts',(1.28003614228129,-0.200488924213037,2.45));
#2710=CARTESIAN_POINT('Ctrl Pts',(1.27934217595177,-0.212695694096331,2.45));
#2711=CARTESIAN_POINT('Ctrl Pts',(1.27847624443379,-0.224890269932471,2.45));
#2712=CARTESIAN_POINT('Ctrl Pts',(1.27744064196835,-0.23706860116933,2.45));
#2713=CARTESIAN_POINT('Ctrl Pts',(1.27288495602425,-0.290641911671992,2.45));
#2714=CARTESIAN_POINT('Ctrl Pts',(1.2650497636185,-0.343903610805597,2.45));
#2715=CARTESIAN_POINT('Ctrl Pts',(1.25409500027251,-0.396568983982123,2.45));
#2716=CARTESIAN_POINT('Ctrl Pts',(1.24972934047804,-0.417557032283672,2.45));
#2717=CARTESIAN_POINT('Ctrl Pts',(1.2448676613108,-0.438450508997716,2.45));
#2718=CARTESIAN_POINT('Ctrl Pts',(1.23951781032723,-0.459231703383429,2.45));
#2719=CARTESIAN_POINT('Ctrl Pts',(1.235475946241,-0.474932096443808,2.45));
#2720=CARTESIAN_POINT('Ctrl Pts',(1.23115540979558,-0.490568402590678,2.45));
#2721=CARTESIAN_POINT('Ctrl Pts',(1.22655910879343,-0.506132968037656,2.45));
#2722=CARTESIAN_POINT('Ctrl Pts',(1.22337338958034,-0.516920846195471,2.45));
#2723=CARTESIAN_POINT('Ctrl Pts',(1.22005673790148,-0.52766878655595,2.45));
#2724=CARTESIAN_POINT('Ctrl Pts',(1.21661293513725,-0.538367092133748,2.45));
#2725=CARTESIAN_POINT('Ctrl Pts',(1.19915396984421,-0.592604038487746,2.45));
#2726=CARTESIAN_POINT('Ctrl Pts',(1.17841505246268,-0.645621623344003,2.45));
#2727=CARTESIAN_POINT('Ctrl Pts',(1.15457763688428,-0.697102246493431,2.45));
#2728=CARTESIAN_POINT('Ctrl Pts',(1.13122617253278,-0.747533382046426,2.45));
#2729=CARTESIAN_POINT('Ctrl Pts',(1.10490082068561,-0.796490767666354,2.45));
#2730=CARTESIAN_POINT('Ctrl Pts',(1.07571914541544,-0.843673530088758,2.45));
#2731=CARTESIAN_POINT('Ctrl Pts',(1.06067284798498,-0.86800132725686,2.45));
#2732=CARTESIAN_POINT('Ctrl Pts',(1.04486636262738,-0.891857193073068,2.45));
#2733=CARTESIAN_POINT('Ctrl Pts',(1.0283106788634,-0.915198077496715,2.45));
#2734=CARTESIAN_POINT('Ctrl Pts',(1.01726470205582,-0.930771150266625,2.45));
#2735=CARTESIAN_POINT('Ctrl Pts',(1.00588514287948,-0.946114945220155,2.45));
#2736=CARTESIAN_POINT('Ctrl Pts',(0.99417444057968,-0.961216178651215,2.45));
#2737=CARTESIAN_POINT('Ctrl Pts',(0.986558085735869,-0.971037652158588,
2.45));
#2738=CARTESIAN_POINT('Ctrl Pts',(0.978799710812293,-0.980758637526991,
2.45));
#2739=CARTESIAN_POINT('Ctrl Pts',(0.970915820943506,-0.990356626011267,
2.45));
#2740=CARTESIAN_POINT('Ctrl Pts',(0.936416237374251,-1.03235703587505,2.45));
#2741=CARTESIAN_POINT('Ctrl Pts',(0.899459036544747,-1.07207971984542,2.45));
#2742=CARTESIAN_POINT('Ctrl Pts',(0.860167258017903,-1.10926121887025,2.45));
#2743=CARTESIAN_POINT('Ctrl Pts',(0.820506570139497,-1.14679181389454,2.45));
#2744=CARTESIAN_POINT('Ctrl Pts',(0.778467446541025,-1.18173472250324,2.45));
#2745=CARTESIAN_POINT('Ctrl Pts',(0.734368665447213,-1.21407898664951,2.45));
#2746=CARTESIAN_POINT('Ctrl Pts',(0.690880853273037,-1.24597513545944,2.45));
#2747=CARTESIAN_POINT('Ctrl Pts',(0.645389205436104,-1.27534440491161,2.45));
#2748=CARTESIAN_POINT('Ctrl Pts',(0.598164310542033,-1.30214498396908,2.45));
#2749=CARTESIAN_POINT('Ctrl Pts',(0.588256326199305,-1.30776785974833,2.45));
#2750=CARTESIAN_POINT('Ctrl Pts',(0.578271949054715,-1.31327754832101,2.45));
#2751=CARTESIAN_POINT('Ctrl Pts',(0.568213532303138,-1.31867346868096,2.45));
#2752=CARTESIAN_POINT('Ctrl Pts',(0.559605677912954,-1.32329122293658,2.45));
#2753=CARTESIAN_POINT('Ctrl Pts',(0.550952067893006,-1.32782110935854,2.45));
#2754=CARTESIAN_POINT('Ctrl Pts',(0.542254841515035,-1.33226303280692,2.45));
#2755=CARTESIAN_POINT('Ctrl Pts',(0.490926535189954,-1.35847787389796,2.45));
#2756=CARTESIAN_POINT('Ctrl Pts',(0.438079176662272,-1.3816335354194,2.45));
#2757=CARTESIAN_POINT('Ctrl Pts',(0.384066197722571,-1.4017231920157,2.45));
#2758=CARTESIAN_POINT('Ctrl Pts',(0.328903208166039,-1.42224058503439,2.45));
#2759=CARTESIAN_POINT('Ctrl Pts',(0.272523544055449,-1.439560549605,2.45));
#2760=CARTESIAN_POINT('Ctrl Pts',(0.215266541045545,-1.45363577865908,2.45));
#2761=CARTESIAN_POINT('Ctrl Pts',(0.156074834957892,-1.46818660698556,2.45));
#2762=CARTESIAN_POINT('Ctrl Pts',(0.095944418501021,-1.47927047428835,2.45));
#2763=CARTESIAN_POINT('Ctrl Pts',(0.0352260124938152,-1.48678274966475,
2.45));
#2764=CARTESIAN_POINT('Ctrl Pts',(0.0251358387689584,-1.48803113822764,
2.45));
#2765=CARTESIAN_POINT('Ctrl Pts',(0.015031430154247,-1.48918043865152,2.45));
#2766=CARTESIAN_POINT('Ctrl Pts',(0.00492575713701742,-1.49022917993624,
2.45));
#2767=CARTESIAN_POINT('Ctrl Pts',(-0.0556353582753209,-1.49651405991138,
2.45));
#2768=CARTESIAN_POINT('Ctrl Pts',(-0.116352142401143,-1.49920552067133,
2.45));
#2769=CARTESIAN_POINT('Ctrl Pts',(-0.176863872819097,-1.49826753797388,
2.45));
#2770=CARTESIAN_POINT('Ctrl Pts',(-0.236787521478492,-1.49733867103812,
2.45));
#2771=CARTESIAN_POINT('Ctrl Pts',(-0.29651121836045,-1.49285086988279,2.45));
#2772=CARTESIAN_POINT('Ctrl Pts',(-0.355702047824642,-1.48472226102877,
2.45));
#2773=CARTESIAN_POINT('Ctrl Pts',(-0.406488474776668,-1.47774781915115,
2.45));
#2774=CARTESIAN_POINT('Ctrl Pts',(-0.456883295906471,-1.46809246293558,
2.45));
#2775=CARTESIAN_POINT('Ctrl Pts',(-0.506677056661863,-1.45567381435186,
2.45));
#2776=CARTESIAN_POINT('Ctrl Pts',(-0.522707114403098,-1.45167589069948,
2.45));
#2777=CARTESIAN_POINT('Ctrl Pts',(-0.538674848518584,-1.44739134920653,
2.45));
#2778=CARTESIAN_POINT('Ctrl Pts',(-0.554576049209971,-1.44282494855634,
2.45));
#2779=CARTESIAN_POINT('Ctrl Pts',(1.26306560270537,0.000830838487010689,
0.443419673619416));
#2780=CARTESIAN_POINT('Ctrl Pts',(1.26399810405671,0.153282783517787,0.452988860703522));
#2781=CARTESIAN_POINT('Ctrl Pts',(1.23845085635687,0.305433481232295,0.462558047787628));
#2782=CARTESIAN_POINT('Ctrl Pts',(1.1850209968161,0.447063812745724,0.472127234871734));
#2783=CARTESIAN_POINT('Ctrl Pts',(1.03777412606801,0.8373815732192,0.498498871740111));
#2784=CARTESIAN_POINT('Ctrl Pts',(0.678760620159073,1.14779783222028,0.524870508608488));
#2785=CARTESIAN_POINT('Ctrl Pts',(0.271275125182546,1.23714692186529,0.551242145476865));
#2786=CARTESIAN_POINT('Ctrl Pts',(-0.136210369793983,1.3264960115103,0.577613782345242));
#2787=CARTESIAN_POINT('Ctrl Pts',(-0.592167853838103,1.19477793179923,0.603985419213618));
#2788=CARTESIAN_POINT('Ctrl Pts',(-0.889225832496441,0.901891460414287,
0.630357056081995));
#2789=CARTESIAN_POINT('Ctrl Pts',(-1.18628381115478,0.609004989029346,0.656728692950372));
#2790=CARTESIAN_POINT('Ctrl Pts',(-1.32444228442734,0.154950125970533,0.68310032981875));
#2791=CARTESIAN_POINT('Ctrl Pts',(-1.24086194581265,-0.253757334400786,
0.709471966687127));
#2792=CARTESIAN_POINT('Ctrl Pts',(-1.15728160719796,-0.662464794772102,
0.735843603555504));
#2793=CARTESIAN_POINT('Ctrl Pts',(-0.851962456696028,-1.02582485245593,
0.76221524042388));
#2794=CARTESIAN_POINT('Ctrl Pts',(-0.463769819811572,-1.17857806890611,
0.788586877292256));
#2795=CARTESIAN_POINT('Ctrl Pts',(-0.0755771829271119,-1.3313312853563,
0.814958514160633));
#2796=CARTESIAN_POINT('Ctrl Pts',(0.395488940339875,-1.27347766057285,0.841330151029011));
#2797=CARTESIAN_POINT('Ctrl Pts',(0.735181061202735,-1.0313286662967,0.867701787897388));
#2798=CARTESIAN_POINT('Ctrl Pts',(1.06028752964763,-0.799577031414413,0.892941083138065));
#2799=CARTESIAN_POINT('Ctrl Pts',(1.26505962353429,-0.39901674629658,0.918180378378741));
#2800=CARTESIAN_POINT('Ctrl Pts',(1.26643873484801,0.000324495418264135,
0.943419673619417));
#2801=CARTESIAN_POINT('Ctrl Pts',(0.398513841857231,-1.49064942821852,-2.77555756156289E-16));
#2802=CARTESIAN_POINT('Ctrl Pts',(0.456377692389404,-1.46950621539516,-2.74135953559267E-16));
#2803=CARTESIAN_POINT('Ctrl Pts',(0.512653650192318,-1.4446967035364,-4.03346615868767E-16));
#2804=CARTESIAN_POINT('Ctrl Pts',(0.567140162081754,-1.41652774593098,-3.45209971719385E-16));
#2805=CARTESIAN_POINT('Ctrl Pts',(0.620919198387515,-1.38872454581365,-2.87828197992539E-16));
#2806=CARTESIAN_POINT('Ctrl Pts',(0.672955612187506,-1.35764747928892,-3.45732412181807E-16));
#2807=CARTESIAN_POINT('Ctrl Pts',(0.723023468172852,-1.32354676705167,-4.26741975090295E-16));
#2808=CARTESIAN_POINT('Ctrl Pts',(0.761150682546216,-1.29757870550468,-4.88431634264206E-16));
#2809=CARTESIAN_POINT('Ctrl Pts',(0.798135761971697,-1.26985623085171,-3.77524135263655E-16));
#2810=CARTESIAN_POINT('Ctrl Pts',(0.833862679558782,-1.24047772795572,-3.95516952522712E-16));
#2811=CARTESIAN_POINT('Ctrl Pts',(0.852960973478025,-1.22477306264707,-4.05135249752276E-16));
#2812=CARTESIAN_POINT('Ctrl Pts',(0.871699478335371,-1.20859502384665,-2.86212182610912E-16));
#2813=CARTESIAN_POINT('Ctrl Pts',(0.890058522595533,-1.19195781357459,-2.91433543964104E-16));
#2814=CARTESIAN_POINT('Ctrl Pts',(0.897742883168465,-1.18499414374263,-2.93618996689797E-16));
#2815=CARTESIAN_POINT('Ctrl Pts',(0.905360473735617,-1.17795014804026,-2.73184850704902E-16));
#2816=CARTESIAN_POINT('Ctrl Pts',(0.912899905894652,-1.17083656446721,-2.77555756156289E-16));
#2817=CARTESIAN_POINT('Ctrl Pts',(0.955967501124188,-1.130201549589,-3.02523735547328E-16));
#2818=CARTESIAN_POINT('Ctrl Pts',(0.99657455099324,-1.08722107369459,-2.41547182458277E-16));
#2819=CARTESIAN_POINT('Ctrl Pts',(1.03451432623835,-1.0421355287909,-2.42861286636753E-16));
#2820=CARTESIAN_POINT('Ctrl Pts',(1.07167487833049,-0.997975969880175,-2.44148401187729E-16));
#2821=CARTESIAN_POINT('Ctrl Pts',(1.10627703572345,-0.951795982944656,-5.07851358949032E-16));
#2822=CARTESIAN_POINT('Ctrl Pts',(1.13808357785809,-0.90379839608884,-5.68989300120393E-16));
#2823=CARTESIAN_POINT('Ctrl Pts',(1.16165986146807,-0.868220661309705,-6.14307192090069E-16));
#2824=CARTESIAN_POINT('Ctrl Pts',(1.18369929555597,-0.831643742154418,-6.87362886132122E-17));
#2825=CARTESIAN_POINT('Ctrl Pts',(1.20408737577506,-0.794146205257088,-1.38777878078145E-17));
#2826=CARTESIAN_POINT('Ctrl Pts',(1.21447459340459,-0.775042146800448,1.40712481275186E-17));
#2827=CARTESIAN_POINT('Ctrl Pts',(1.22443291869784,-0.755699094732765,-4.11497719720329E-16));
#2828=CARTESIAN_POINT('Ctrl Pts',(1.23394550733366,-0.736127353468359,-4.30211422042248E-16));
#2829=CARTESIAN_POINT('Ctrl Pts',(1.23880797305116,-0.726123039755945,-4.39777139584698E-16));
#2830=CARTESIAN_POINT('Ctrl Pts',(1.2435500781354,-0.716066843302022,-4.06928129952959E-16));
#2831=CARTESIAN_POINT('Ctrl Pts',(1.24816775962119,-0.705965672843947,-4.02455846426619E-16));
#2832=CARTESIAN_POINT('Ctrl Pts',(1.27132732983023,-0.655304152092245,-3.8002550673306E-16));
#2833=CARTESIAN_POINT('Ctrl Pts',(1.29138175858289,-0.60346974405354,-2.69567902273185E-16));
#2834=CARTESIAN_POINT('Ctrl Pts',(1.30811812275866,-0.550652267756659,-2.35922392732846E-16));
#2835=CARTESIAN_POINT('Ctrl Pts',(1.31995756016597,-0.513288764067242,-2.12121291128204E-16));
#2836=CARTESIAN_POINT('Ctrl Pts',(1.33013562202851,-0.47543291349988,-1.85951696403053E-16));
#2837=CARTESIAN_POINT('Ctrl Pts',(1.33856123829263,-0.437149676448339,-1.11022302462516E-16));
#2838=CARTESIAN_POINT('Ctrl Pts',(1.35044391180237,-0.383158705044069,-4.10592534494542E-18));
#2839=CARTESIAN_POINT('Ctrl Pts',(1.35884251545782,-0.328316658202279,-3.06973715056774E-16));
#2840=CARTESIAN_POINT('Ctrl Pts',(1.36381430646584,-0.272941442617753,-2.91433543964104E-16));
#2841=CARTESIAN_POINT('Ctrl Pts',(1.3652258531013,-0.25721980445547,-2.87021516953103E-16));
#2842=CARTESIAN_POINT('Ctrl Pts',(1.3663609052501,-0.241455276131258,-2.86074894003954E-16));
#2843=CARTESIAN_POINT('Ctrl Pts',(1.36722013900913,-0.225655390871284,-3.05311331771918E-16));
#2844=CARTESIAN_POINT('Ctrl Pts',(1.36788146185385,-0.213494759429032,-3.2011696017421E-16));
#2845=CARTESIAN_POINT('Ctrl Pts',(1.36837931723602,-0.201310671904514,-1.34159608668255E-16));
#2846=CARTESIAN_POINT('Ctrl Pts',(1.36871369036374,-0.189129840440165,-1.38777878078145E-16));
#2847=CARTESIAN_POINT('Ctrl Pts',(1.37024144696154,-0.133475411019458,-1.59878830806271E-16));
#2848=CARTESIAN_POINT('Ctrl Pts',(1.36836780489371,-0.0777861377742594,
-2.22889451341944E-16));
#2849=CARTESIAN_POINT('Ctrl Pts',(1.36320167101753,-0.0223801173877116,
-2.35922392732846E-16));
#2850=CARTESIAN_POINT('Ctrl Pts',(1.35803926064011,0.0329859690263188,-2.4894594061164E-16));
#2851=CARTESIAN_POINT('Ctrl Pts',(1.34958863737055,0.0880703558536467,2.00915382933652E-17));
#2852=CARTESIAN_POINT('Ctrl Pts',(1.33790918021385,0.142540380884733,1.2490009027033E-16));
#2853=CARTESIAN_POINT('Ctrl Pts',(1.33075361653142,0.175912114490521,1.89112344151019E-16));
#2854=CARTESIAN_POINT('Ctrl Pts',(1.32238516045856,0.209052873102606,-1.23380273610432E-16));
#2855=CARTESIAN_POINT('Ctrl Pts',(1.31280943460802,0.241880548166117,-1.2490009027033E-16));
#2856=CARTESIAN_POINT('Ctrl Pts',(1.30783357782114,0.258938869625185,-1.25689836150696E-16));
#2857=CARTESIAN_POINT('Ctrl Pts',(1.30253164177541,0.275912569572725,-4.80786661521221E-16));
#2858=CARTESIAN_POINT('Ctrl Pts',(1.29690382767746,0.292789512770527,-4.85722573273506E-16));
#2859=CARTESIAN_POINT('Ctrl Pts',(1.29266577047698,0.305498790190957,-4.89439589503715E-16));
#2860=CARTESIAN_POINT('Ctrl Pts',(1.28824201215707,0.318155177594312,-1.35159055065707E-16));
#2861=CARTESIAN_POINT('Ctrl Pts',(1.28364058972557,0.330732523297231,-1.2490009027033E-16));
#2862=CARTESIAN_POINT('Ctrl Pts',(1.26520976820601,0.381110600357369,-8.38081992444818E-17));
#2863=CARTESIAN_POINT('Ctrl Pts',(1.24390805514018,0.430297499611123,-3.96680990700332E-16));
#2864=CARTESIAN_POINT('Ctrl Pts',(1.21978087264149,0.477978966123691,-4.16333634234434E-16));
#2865=CARTESIAN_POINT('Ctrl Pts',(1.20345656938934,0.510239953037549,-4.29630491949773E-16));
#2866=CARTESIAN_POINT('Ctrl Pts',(1.18583796631902,0.541811259047194,-5.77937976817012E-16));
#2867=CARTESIAN_POINT('Ctrl Pts',(1.16692976173901,0.572585709321581,-6.38378239159465E-16));
#2868=CARTESIAN_POINT('Ctrl Pts',(1.1584788110193,0.586340233797704,-6.6539178644692E-16));
#2869=CARTESIAN_POINT('Ctrl Pts',(1.14976783882832,0.599938574196069,-4.28039504725664E-16));
#2870=CARTESIAN_POINT('Ctrl Pts',(1.14081223143607,0.613348508142502,-4.16333634234434E-16));
#2871=CARTESIAN_POINT('Ctrl Pts',(1.1123590296414,0.65595372071147,-3.79142466658524E-16));
#2872=CARTESIAN_POINT('Ctrl Pts',(1.08141314795941,0.696704684387567,1.38809335393613E-16));
#2873=CARTESIAN_POINT('Ctrl Pts',(1.04799928225716,0.735300130173409,3.05311331771918E-16));
#2874=CARTESIAN_POINT('Ctrl Pts',(1.02923315957223,0.756976367132964,3.98823316262557E-16));
#2875=CARTESIAN_POINT('Ctrl Pts',(1.00968799761826,0.777972027485106,-1.9360848807796E-16));
#2876=CARTESIAN_POINT('Ctrl Pts',(0.989364178707051,0.798227635697024,-1.11022302462516E-16));
#2877=CARTESIAN_POINT('Ctrl Pts',(0.979722819020974,0.807836637099983,-7.1844472542949E-17));
#2878=CARTESIAN_POINT('Ctrl Pts',(0.969906183782341,0.817279020046914,5.74929091649324E-17));
#2879=CARTESIAN_POINT('Ctrl Pts',(0.959919636190207,0.826552547183079,5.55111512312578E-17));
#2880=CARTESIAN_POINT('Origin',(0.,0.,0.));
#2881=CARTESIAN_POINT('Origin',(0.,0.,2.45));
#2882=CARTESIAN_POINT('Origin',(0.,0.,5.));
#2883=CARTESIAN_POINT('Origin',(0.,0.,2.55));
#2884=CARTESIAN_POINT('Origin',(0.,0.,0.));
#2885=CARTESIAN_POINT('',(-1.26050611180189E-15,2.88675134594813,0.252158507152084));
#2886=CARTESIAN_POINT('',(-2.5,1.44337567297406,0.252158507152084));
#2887=CARTESIAN_POINT('Ctrl Pts',(-1.26050611180189E-15,2.88675134594813,
0.252158507152084));
#2888=CARTESIAN_POINT('Ctrl Pts',(-1.25,2.1650635094611,-0.164508159514582));
#2889=CARTESIAN_POINT('Ctrl Pts',(-2.5,1.44337567297406,0.252158507152084));
#2890=CARTESIAN_POINT('',(2.5,1.44337567297406,0.252158507152083));
#2891=CARTESIAN_POINT('Ctrl Pts',(2.5,1.44337567297406,0.252158507152083));
#2892=CARTESIAN_POINT('Ctrl Pts',(1.25,2.1650635094611,-0.164508159514584));
#2893=CARTESIAN_POINT('Ctrl Pts',(-1.26050611180189E-15,2.88675134594813,
0.252158507152084));
#2894=CARTESIAN_POINT('',(2.5,-1.44337567297407,0.252158507152083));
#2895=CARTESIAN_POINT('Ctrl Pts',(2.5,-1.44337567297407,0.252158507152083));
#2896=CARTESIAN_POINT('Ctrl Pts',(2.5,-5.55111512312578E-16,-0.164508159514584));
#2897=CARTESIAN_POINT('Ctrl Pts',(2.5,1.44337567297406,0.252158507152083));
#2898=CARTESIAN_POINT('',(2.93165929854205E-17,-2.88675134594813,0.252158507152084));
#2899=CARTESIAN_POINT('Ctrl Pts',(2.93165929854205E-17,-2.88675134594813,
0.252158507152084));
#2900=CARTESIAN_POINT('Ctrl Pts',(1.25,-2.1650635094611,-0.164508159514585));
#2901=CARTESIAN_POINT('Ctrl Pts',(2.5,-1.44337567297407,0.252158507152083));
#2902=CARTESIAN_POINT('',(-2.5,-1.44337567297407,0.252158507152084));
#2903=CARTESIAN_POINT('Ctrl Pts',(-2.5,-1.44337567297407,0.252158507152084));
#2904=CARTESIAN_POINT('Ctrl Pts',(-1.25,-2.1650635094611,-0.164508159514583));
#2905=CARTESIAN_POINT('Ctrl Pts',(2.93165929854205E-17,-2.88675134594813,
0.252158507152084));
#2906=CARTESIAN_POINT('',(-2.5,1.27756419587188E-16,0.0288675134594809));
#2907=CARTESIAN_POINT('Ctrl Pts',(-2.5,-5.06488606124615E-17,0.0288675134594809));
#2908=CARTESIAN_POINT('Ctrl Pts',(-2.5,-0.669872981077807,0.0288675134594809));
#2909=CARTESIAN_POINT('Ctrl Pts',(-2.5,-1.44337567297407,0.252158507152084));
#2910=CARTESIAN_POINT('',(-2.45,-3.00038465791102E-16,0.));
#2911=CARTESIAN_POINT('',(-2.45,3.00038465791102E-16,0.));
#2912=CARTESIAN_POINT('Origin',(0.,0.,0.));
#2913=CARTESIAN_POINT('Ctrl Pts',(-2.5,1.44337567297406,0.252158507152084));
#2914=CARTESIAN_POINT('Ctrl Pts',(-2.5,0.669872981077807,0.0288675134594809));
#2915=CARTESIAN_POINT('Ctrl Pts',(-2.5,-5.06488606124615E-17,0.0288675134594809));
#2916=CARTESIAN_POINT('Origin',(2.93165929854205E-17,-2.88675134594813,
0.));
#2917=CARTESIAN_POINT('',(2.5,-1.44337567297407,4.74784149284792));
#2918=CARTESIAN_POINT('',(2.5,-1.44337567297407,0.));
#2919=CARTESIAN_POINT('',(2.93165929854205E-17,-2.88675134594813,4.74784149284792));
#2920=CARTESIAN_POINT('Ctrl Pts',(2.5,-1.44337567297407,4.74784149284792));
#2921=CARTESIAN_POINT('Ctrl Pts',(1.25,-2.1650635094611,5.16450815951458));
#2922=CARTESIAN_POINT('Ctrl Pts',(2.93165929854205E-17,-2.88675134594813,
4.74784149284792));
#2923=CARTESIAN_POINT('',(2.93165929854205E-17,-2.88675134594813,0.));
#2924=CARTESIAN_POINT('Origin',(2.5,-1.44337567297407,0.));
#2925=CARTESIAN_POINT('',(2.5,1.44337567297406,4.74784149284792));
#2926=CARTESIAN_POINT('',(2.5,1.44337567297406,0.));
#2927=CARTESIAN_POINT('Ctrl Pts',(2.5,1.44337567297406,4.74784149284792));
#2928=CARTESIAN_POINT('Ctrl Pts',(2.5,8.32667268468867E-16,5.16450815951459));
#2929=CARTESIAN_POINT('Ctrl Pts',(2.5,-1.44337567297407,4.74784149284792));
#2930=CARTESIAN_POINT('Origin',(2.5,1.44337567297406,0.));
#2931=CARTESIAN_POINT('',(-1.26050611180189E-15,2.88675134594813,4.74784149284792));
#2932=CARTESIAN_POINT('',(-1.26050611180189E-15,2.88675134594813,0.));
#2933=CARTESIAN_POINT('Ctrl Pts',(-1.26050611180189E-15,2.88675134594813,
4.74784149284792));
#2934=CARTESIAN_POINT('Ctrl Pts',(1.25,2.1650635094611,5.16450815951459));
#2935=CARTESIAN_POINT('Ctrl Pts',(2.5,1.44337567297406,4.74784149284792));
#2936=CARTESIAN_POINT('Origin',(0.,0.,5.));
#2937=CARTESIAN_POINT('',(-2.5,1.44337567297406,4.74784149284792));
#2938=CARTESIAN_POINT('Ctrl Pts',(-2.5,1.44337567297406,4.74784149284792));
#2939=CARTESIAN_POINT('Ctrl Pts',(-1.25,2.1650635094611,5.16450815951458));
#2940=CARTESIAN_POINT('Ctrl Pts',(-1.26050611180189E-15,2.88675134594813,
4.74784149284792));
#2941=CARTESIAN_POINT('',(-2.5,2.79703001424573E-16,4.97113248654052));
#2942=CARTESIAN_POINT('Ctrl Pts',(-2.5,2.53244303062308E-16,4.97113248654052));
#2943=CARTESIAN_POINT('Ctrl Pts',(-2.5,0.669872981077806,4.97113248654052));
#2944=CARTESIAN_POINT('Ctrl Pts',(-2.5,1.44337567297406,4.74784149284792));
#2945=CARTESIAN_POINT('',(-2.45,-3.00038465791102E-16,5.));
#2946=CARTESIAN_POINT('',(-2.45,3.00038465791102E-16,5.));
#2947=CARTESIAN_POINT('Origin',(0.,0.,5.));
#2948=CARTESIAN_POINT('',(-2.5,-1.44337567297407,4.74784149284792));
#2949=CARTESIAN_POINT('Ctrl Pts',(-2.5,-1.44337567297407,4.74784149284792));
#2950=CARTESIAN_POINT('Ctrl Pts',(-2.5,-0.669872981077808,4.97113248654052));
#2951=CARTESIAN_POINT('Ctrl Pts',(-2.5,2.53244303062308E-16,4.97113248654052));
#2952=CARTESIAN_POINT('Ctrl Pts',(2.93165929854205E-17,-2.88675134594813,
4.74784149284792));
#2953=CARTESIAN_POINT('Ctrl Pts',(-1.25,-2.1650635094611,5.16450815951458));
#2954=CARTESIAN_POINT('Ctrl Pts',(-2.5,-1.44337567297407,4.74784149284792));
#2955=CARTESIAN_POINT('Origin',(-1.26050611180189E-15,2.88675134594813,
0.));
#2956=CARTESIAN_POINT('',(-2.5,1.44337567297406,0.));
#2957=CARTESIAN_POINT('Origin',(-2.5,-1.44337567297407,0.));
#2958=CARTESIAN_POINT('',(-2.5,-1.44337567297407,0.));
#2959=CARTESIAN_POINT('Origin',(-2.5,1.44337567297406,0.));
#2960=CARTESIAN_POINT('Origin',(-5.55111512312578E-16,0.,5.));
#2961=CARTESIAN_POINT('Origin',(-5.55111512312578E-16,0.,0.));
#2962=UNCERTAINTY_MEASURE_WITH_UNIT(LENGTH_MEASURE(0.01),#2966,
'DISTANCE_ACCURACY_VALUE',
'Maximum model space distance between geometric entities at asserted c
onnectivities');
#2963=UNCERTAINTY_MEASURE_WITH_UNIT(LENGTH_MEASURE(0.01),#2966,
'DISTANCE_ACCURACY_VALUE',
'Maximum model space distance between geometric entities at asserted c
onnectivities');
#2964=(
GEOMETRIC_REPRESENTATION_CONTEXT(3)
GLOBAL_UNCERTAINTY_ASSIGNED_CONTEXT((#2962))
GLOBAL_UNIT_ASSIGNED_CONTEXT((#2966,#2968,#2969))
REPRESENTATION_CONTEXT('','3D')
);
#2965=(
GEOMETRIC_REPRESENTATION_CONTEXT(3)
GLOBAL_UNCERTAINTY_ASSIGNED_CONTEXT((#2963))
GLOBAL_UNIT_ASSIGNED_CONTEXT((#2966,#2968,#2969))
REPRESENTATION_CONTEXT('','3D')
);
#2966=(
LENGTH_UNIT()
NAMED_UNIT(*)
SI_UNIT(.MILLI.,.METRE.)
);
#2967=(
LENGTH_UNIT()
NAMED_UNIT(*)
SI_UNIT($,.METRE.)
);
#2968=(
NAMED_UNIT(*)
PLANE_ANGLE_UNIT()
SI_UNIT($,.RADIAN.)
);
#2969=(
NAMED_UNIT(*)
SI_UNIT($,.STERADIAN.)
SOLID_ANGLE_UNIT()
);
#2970=SHAPE_DEFINITION_REPRESENTATION(#2971,#2972);
#2971=PRODUCT_DEFINITION_SHAPE('',$,#2974);
#2972=SHAPE_REPRESENTATION('',(#724),#2964);
#2973=PRODUCT_DEFINITION_CONTEXT('part definition',#2978,'design');
#2974=PRODUCT_DEFINITION('HHTPS Base','HHTPS Base v6',#2975,#2973);
#2975=PRODUCT_DEFINITION_FORMATION('',$,#2980);
#2976=PRODUCT_RELATED_PRODUCT_CATEGORY('HHTPS Base v6','HHTPS Base v6',
(#2980));
#2977=APPLICATION_PROTOCOL_DEFINITION('international standard',
'automotive_design',2009,#2978);
#2978=APPLICATION_CONTEXT(
'Core Data for Automotive Mechanical Design Process');
#2979=PRODUCT_CONTEXT('part definition',#2978,'mechanical');
#2980=PRODUCT('HHTPS Base','HHTPS Base v6',$,(#2979));
#2981=PRESENTATION_STYLE_ASSIGNMENT((#2982));
#2982=SURFACE_STYLE_USAGE(.BOTH.,#2983);
#2983=SURFACE_SIDE_STYLE('',(#2984));
#2984=SURFACE_STYLE_FILL_AREA(#2985);
#2985=FILL_AREA_STYLE('Steel - Satin',(#2986));
#2986=FILL_AREA_STYLE_COLOUR('Steel - Satin',#2987);
#2987=COLOUR_RGB('Steel - Satin',0.627450980392157,0.627450980392157,0.627450980392157);
ENDSEC;
END-ISO-10303-21;
