ISO-10303-21;
HEADER;
/* Generated by software containing ST-Developer
 * from STEP Tools, Inc. (www.steptools.com) 
 */

FILE_DESCRIPTION(
/* description */ (''),
/* implementation_level */ '2;1');

FILE_NAME(
/* name */ '606062-SSCSOR-M3-6-A2.stp',
/* time_stamp */ '2023-05-25T11:25:47+01:00',
/* author */ (''),
/* organization */ (''),
/* preprocessor_version */ 'ST-DEVELOPER v19.2',
/* originating_system */ 'Autodesk Translation Framework v12.4.0.73',
/* authorisation */ '');

FILE_SCHEMA (('AUTOMOTIVE_DESIGN { 1 0 10303 214 3 1 1 }'));
ENDSEC;

DATA;
#10=MECHANICAL_DESIGN_GEOMETRIC_PRESENTATION_REPRESENTATION('',(#13),#2880);
#11=SHAPE_REPRESENTATION_RELATIONSHIP('SRR','None',#2887,#12);
#12=ADVANCED_BREP_SHAPE_REPRESENTATION('',(#14),#2879);
#13=STYLED_ITEM('',(#2896),#14);
#14=MANIFOLD_SOLID_BREP('Body1',#732);
#15=FACE_BOUND('',#103,.T.);
#16=FACE_BOUND('',#114,.T.);
#17=FACE_BOUND('',#116,.T.);
#18=PLANE('',#780);
#19=PLANE('',#781);
#20=PLANE('',#782);
#21=PLANE('',#783);
#22=PLANE('',#784);
#23=PLANE('',#785);
#24=PLANE('',#786);
#25=PLANE('',#787);
#26=PLANE('',#788);
#27=PLANE('',#792);
#28=PLANE('',#793);
#29=TOROIDAL_SURFACE('',#776,1.8,0.3);
#30=B_SPLINE_SURFACE_WITH_KNOTS('',3,3,((#1794,#1795,#1796,#1797,#1798,
#1799,#1800,#1801,#1802,#1803,#1804,#1805,#1806,#1807,#1808,#1809,#1810,
#1811,#1812,#1813,#1814,#1815,#1816,#1817,#1818,#1819,#1820,#1821,#1822,
#1823,#1824,#1825,#1826,#1827,#1828,#1829,#1830,#1831,#1832,#1833,#1834,
#1835,#1836,#1837,#1838,#1839,#1840,#1841,#1842,#1843,#1844,#1845,#1846,
#1847,#1848,#1849,#1850,#1851,#1852,#1853,#1854,#1855,#1856,#1857,#1858,
#1859,#1860,#1861,#1862,#1863,#1864,#1865,#1866,#1867,#1868,#1869,#1870,
#1871,#1872,#1873,#1874),(#1875,#1876,#1877,#1878,#1879,#1880,#1881,#1882,
#1883,#1884,#1885,#1886,#1887,#1888,#1889,#1890,#1891,#1892,#1893,#1894,
#1895,#1896,#1897,#1898,#1899,#1900,#1901,#1902,#1903,#1904,#1905,#1906,
#1907,#1908,#1909,#1910,#1911,#1912,#1913,#1914,#1915,#1916,#1917,#1918,
#1919,#1920,#1921,#1922,#1923,#1924,#1925,#1926,#1927,#1928,#1929,#1930,
#1931,#1932,#1933,#1934,#1935,#1936,#1937,#1938,#1939,#1940,#1941,#1942,
#1943,#1944,#1945,#1946,#1947,#1948,#1949,#1950,#1951,#1952,#1953,#1954,
#1955),(#1956,#1957,#1958,#1959,#1960,#1961,#1962,#1963,#1964,#1965,#1966,
#1967,#1968,#1969,#1970,#1971,#1972,#1973,#1974,#1975,#1976,#1977,#1978,
#1979,#1980,#1981,#1982,#1983,#1984,#1985,#1986,#1987,#1988,#1989,#1990,
#1991,#1992,#1993,#1994,#1995,#1996,#1997,#1998,#1999,#2000,#2001,#2002,
#2003,#2004,#2005,#2006,#2007,#2008,#2009,#2010,#2011,#2012,#2013,#2014,
#2015,#2016,#2017,#2018,#2019,#2020,#2021,#2022,#2023,#2024,#2025,#2026,
#2027,#2028,#2029,#2030,#2031,#2032,#2033,#2034,#2035,#2036),(#2037,#2038,
#2039,#2040,#2041,#2042,#2043,#2044,#2045,#2046,#2047,#2048,#2049,#2050,
#2051,#2052,#2053,#2054,#2055,#2056,#2057,#2058,#2059,#2060,#2061,#2062,
#2063,#2064,#2065,#2066,#2067,#2068,#2069,#2070,#2071,#2072,#2073,#2074,
#2075,#2076,#2077,#2078,#2079,#2080,#2081,#2082,#2083,#2084,#2085,#2086,
#2087,#2088,#2089,#2090,#2091,#2092,#2093,#2094,#2095,#2096,#2097,#2098,
#2099,#2100,#2101,#2102,#2103,#2104,#2105,#2106,#2107,#2108,#2109,#2110,
#2111,#2112,#2113,#2114,#2115,#2116,#2117)),.UNSPECIFIED.,.F.,.F.,.F.,(4,
4),(4,1,1,1,1,1,1,1,1,1,1,1,1,1,1,1,1,1,1,1,1,1,1,1,1,1,1,1,1,1,1,1,1,1,
1,1,1,1,1,1,1,1,1,1,1,1,1,1,1,1,1,1,1,1,1,1,1,1,1,1,1,1,1,1,1,1,1,1,1,1,
1,1,1,1,1,1,1,1,4),(0.,0.0329955678841871),(8.30203615430834,9.29525918455802,
10.2884822148077,11.2817052450574,12.274928275307,13.2681513055567,14.2613743358064,
15.2545973660561,16.2478203963058,17.2410434265554,18.2342664568051,19.2274894870548,
20.2207125173045,21.2139355475541,22.2071585778038,23.2003816080535,24.1936046383032,
25.1868276685528,26.1800506988025,27.1732737290522,28.1664967593019,29.1597197895515,
30.1529428198012,31.1461658500509,32.1393888803006,33.1326119105503,34.1258349407999,
35.1190579710496,36.1122810012993,37.105504031549,38.0987270617986,39.0919500920483,
40.085173122298,41.0783961525477,42.0716191827973,43.064842213047,44.0580652432967,
45.0512882735464,46.044511303796,47.0377343340457,48.0309573642954,49.0241803945451,
50.0174034247948,51.0106264550444,52.0038494852941,52.9970725155438,53.9902955457935,
54.9835185760431,55.9767416062928,56.9699646365425,57.9631876667922,58.9564106970418,
59.9496337272915,60.9428567575412,61.9360797877909,62.9293028180405,63.9225258482902,
64.9157488785399,65.9089719087896,66.9021949390392,67.8954179692889,68.8886409995386,
69.8818640297883,70.875087060038,71.8683100902876,72.8615331205373,73.854756150787,
74.8479791810367,75.8412022112863,76.834425241536,77.8276482717857,78.8208713020354,
79.8140943322851,80.8073173625347,81.8005403927844,82.7937634230341,83.7869864532838,
84.7802094835334,85.7734325137831),.UNSPECIFIED.);
#31=B_SPLINE_SURFACE_WITH_KNOTS('',3,3,((#2320,#2321,#2322,#2323,#2324,
#2325,#2326,#2327,#2328,#2329,#2330,#2331,#2332,#2333,#2334,#2335,#2336,
#2337,#2338,#2339,#2340,#2341,#2342,#2343,#2344,#2345,#2346,#2347,#2348,
#2349,#2350,#2351,#2352,#2353,#2354,#2355,#2356,#2357,#2358,#2359,#2360,
#2361,#2362,#2363,#2364,#2365,#2366,#2367,#2368,#2369,#2370,#2371,#2372,
#2373,#2374,#2375,#2376,#2377,#2378,#2379,#2380,#2381,#2382,#2383,#2384,
#2385,#2386,#2387,#2388,#2389,#2390,#2391,#2392,#2393,#2394,#2395,#2396,
#2397,#2398,#2399,#2400),(#2401,#2402,#2403,#2404,#2405,#2406,#2407,#2408,
#2409,#2410,#2411,#2412,#2413,#2414,#2415,#2416,#2417,#2418,#2419,#2420,
#2421,#2422,#2423,#2424,#2425,#2426,#2427,#2428,#2429,#2430,#2431,#2432,
#2433,#2434,#2435,#2436,#2437,#2438,#2439,#2440,#2441,#2442,#2443,#2444,
#2445,#2446,#2447,#2448,#2449,#2450,#2451,#2452,#2453,#2454,#2455,#2456,
#2457,#2458,#2459,#2460,#2461,#2462,#2463,#2464,#2465,#2466,#2467,#2468,
#2469,#2470,#2471,#2472,#2473,#2474,#2475,#2476,#2477,#2478,#2479,#2480,
#2481),(#2482,#2483,#2484,#2485,#2486,#2487,#2488,#2489,#2490,#2491,#2492,
#2493,#2494,#2495,#2496,#2497,#2498,#2499,#2500,#2501,#2502,#2503,#2504,
#2505,#2506,#2507,#2508,#2509,#2510,#2511,#2512,#2513,#2514,#2515,#2516,
#2517,#2518,#2519,#2520,#2521,#2522,#2523,#2524,#2525,#2526,#2527,#2528,
#2529,#2530,#2531,#2532,#2533,#2534,#2535,#2536,#2537,#2538,#2539,#2540,
#2541,#2542,#2543,#2544,#2545,#2546,#2547,#2548,#2549,#2550,#2551,#2552,
#2553,#2554,#2555,#2556,#2557,#2558,#2559,#2560,#2561,#2562),(#2563,#2564,
#2565,#2566,#2567,#2568,#2569,#2570,#2571,#2572,#2573,#2574,#2575,#2576,
#2577,#2578,#2579,#2580,#2581,#2582,#2583,#2584,#2585,#2586,#2587,#2588,
#2589,#2590,#2591,#2592,#2593,#2594,#2595,#2596,#2597,#2598,#2599,#2600,
#2601,#2602,#2603,#2604,#2605,#2606,#2607,#2608,#2609,#2610,#2611,#2612,
#2613,#2614,#2615,#2616,#2617,#2618,#2619,#2620,#2621,#2622,#2623,#2624,
#2625,#2626,#2627,#2628,#2629,#2630,#2631,#2632,#2633,#2634,#2635,#2636,
#2637,#2638,#2639,#2640,#2641,#2642,#2643)),.UNSPECIFIED.,.F.,.F.,.F.,(4,
4),(4,1,1,1,1,1,1,1,1,1,1,1,1,1,1,1,1,1,1,1,1,1,1,1,1,1,1,1,1,1,1,1,1,1,
1,1,1,1,1,1,1,1,1,1,1,1,1,1,1,1,1,1,1,1,1,1,1,1,1,1,1,1,1,1,1,1,1,1,1,1,
1,1,1,1,1,1,1,1,4),(0.,0.0329955678841871),(11.6159397475004,12.60916277775,
13.6023858079997,14.5956088382494,15.5888318684991,16.5820548987487,17.5752779289984,
18.5685009592481,19.5617239894978,20.5549470197475,21.5481700499971,22.5413930802468,
23.5346161104965,24.5278391407462,25.5210621709958,26.5142852012455,27.5075082314952,
28.5007312617449,29.4939542919945,30.4871773222442,31.4804003524939,32.4736233827436,
33.4668464129933,34.4600694432429,35.4532924734926,36.4465155037423,37.439738533992,
38.4329615642416,39.4261845944913,40.419407624741,41.4126306549907,42.4058536852403,
43.39907671549,44.3922997457397,45.3855227759894,46.378745806239,47.3719688364887,
48.3651918667384,49.3584148969881,50.3516379272378,51.3448609574874,52.3380839877371,
53.3313070179868,54.3245300482365,55.3177530784861,56.3109761087358,57.3041991389855,
58.2974221692352,59.2906451994848,60.2838682297345,61.2770912599842,62.2703142902339,
63.2635373204836,64.2567603507332,65.2499833809829,66.2432064112326,67.2364294414823,
68.2296524717319,69.2228755019816,70.2160985322313,71.209321562481,72.2025445927306,
73.1957676229803,74.18899065323,75.1822136834797,76.1754367137294,77.168659743979,
78.1618827742287,79.1551058044784,80.1483288347281,81.1415518649777,82.1347748952274,
83.1279979254771,84.1212209557268,85.1144439859764,86.1076670162261,87.1008900464758,
88.0941130767255,89.0873361069751),.UNSPECIFIED.);
#32=FACE_OUTER_BOUND('',#73,.T.);
#33=FACE_OUTER_BOUND('',#74,.T.);
#34=FACE_OUTER_BOUND('',#75,.T.);
#35=FACE_OUTER_BOUND('',#76,.T.);
#36=FACE_OUTER_BOUND('',#77,.T.);
#37=FACE_OUTER_BOUND('',#78,.T.);
#38=FACE_OUTER_BOUND('',#79,.T.);
#39=FACE_OUTER_BOUND('',#80,.T.);
#40=FACE_OUTER_BOUND('',#81,.T.);
#41=FACE_OUTER_BOUND('',#82,.T.);
#42=FACE_OUTER_BOUND('',#83,.T.);
#43=FACE_OUTER_BOUND('',#84,.T.);
#44=FACE_OUTER_BOUND('',#85,.T.);
#45=FACE_OUTER_BOUND('',#86,.T.);
#46=FACE_OUTER_BOUND('',#87,.T.);
#47=FACE_OUTER_BOUND('',#88,.T.);
#48=FACE_OUTER_BOUND('',#89,.T.);
#49=FACE_OUTER_BOUND('',#90,.T.);
#50=FACE_OUTER_BOUND('',#91,.T.);
#51=FACE_OUTER_BOUND('',#92,.T.);
#52=FACE_OUTER_BOUND('',#93,.T.);
#53=FACE_OUTER_BOUND('',#94,.T.);
#54=FACE_OUTER_BOUND('',#95,.T.);
#55=FACE_OUTER_BOUND('',#96,.T.);
#56=FACE_OUTER_BOUND('',#97,.T.);
#57=FACE_OUTER_BOUND('',#98,.T.);
#58=FACE_OUTER_BOUND('',#99,.T.);
#59=FACE_OUTER_BOUND('',#100,.T.);
#60=FACE_OUTER_BOUND('',#101,.T.);
#61=FACE_OUTER_BOUND('',#102,.T.);
#62=FACE_OUTER_BOUND('',#104,.T.);
#63=FACE_OUTER_BOUND('',#105,.T.);
#64=FACE_OUTER_BOUND('',#106,.T.);
#65=FACE_OUTER_BOUND('',#107,.T.);
#66=FACE_OUTER_BOUND('',#108,.T.);
#67=FACE_OUTER_BOUND('',#109,.T.);
#68=FACE_OUTER_BOUND('',#110,.T.);
#69=FACE_OUTER_BOUND('',#111,.T.);
#70=FACE_OUTER_BOUND('',#112,.T.);
#71=FACE_OUTER_BOUND('',#113,.T.);
#72=FACE_OUTER_BOUND('',#115,.T.);
#73=EDGE_LOOP('',(#448,#449,#450,#451));
#74=EDGE_LOOP('',(#452,#453,#454,#455));
#75=EDGE_LOOP('',(#456,#457,#458,#459));
#76=EDGE_LOOP('',(#460,#461,#462,#463));
#77=EDGE_LOOP('',(#464,#465,#466,#467));
#78=EDGE_LOOP('',(#468,#469,#470,#471));
#79=EDGE_LOOP('',(#472,#473,#474,#475));
#80=EDGE_LOOP('',(#476,#477,#478,#479));
#81=EDGE_LOOP('',(#480,#481,#482,#483));
#82=EDGE_LOOP('',(#484,#485,#486,#487));
#83=EDGE_LOOP('',(#488,#489,#490,#491));
#84=EDGE_LOOP('',(#492,#493,#494,#495));
#85=EDGE_LOOP('',(#496,#497,#498,#499));
#86=EDGE_LOOP('',(#500,#501,#502,#503));
#87=EDGE_LOOP('',(#504,#505,#506,#507));
#88=EDGE_LOOP('',(#508,#509,#510,#511));
#89=EDGE_LOOP('',(#512,#513,#514,#515));
#90=EDGE_LOOP('',(#516,#517,#518,#519));
#91=EDGE_LOOP('',(#520,#521,#522,#523));
#92=EDGE_LOOP('',(#524,#525,#526,#527));
#93=EDGE_LOOP('',(#528,#529,#530,#531));
#94=EDGE_LOOP('',(#532,#533,#534,#535));
#95=EDGE_LOOP('',(#536,#537,#538,#539));
#96=EDGE_LOOP('',(#540,#541,#542,#543));
#97=EDGE_LOOP('',(#544,#545,#546,#547,#548,#549,#550,#551,#552,#553,#554,
#555,#556,#557,#558,#559,#560,#561,#562,#563,#564,#565,#566,#567,#568,#569,
#570,#571));
#98=EDGE_LOOP('',(#572,#573,#574,#575));
#99=EDGE_LOOP('',(#576,#577,#578,#579,#580,#581,#582,#583,#584,#585,#586,
#587,#588,#589,#590,#591,#592,#593,#594,#595,#596,#597,#598,#599,#600,#601,
#602,#603));
#100=EDGE_LOOP('',(#604,#605,#606,#607));
#101=EDGE_LOOP('',(#608,#609,#610,#611));
#102=EDGE_LOOP('',(#612));
#103=EDGE_LOOP('',(#613,#614,#615,#616));
#104=EDGE_LOOP('',(#617,#618,#619,#620));
#105=EDGE_LOOP('',(#621,#622,#623,#624));
#106=EDGE_LOOP('',(#625,#626,#627,#628));
#107=EDGE_LOOP('',(#629,#630,#631,#632));
#108=EDGE_LOOP('',(#633,#634,#635,#636));
#109=EDGE_LOOP('',(#637,#638,#639,#640));
#110=EDGE_LOOP('',(#641,#642,#643,#644));
#111=EDGE_LOOP('',(#645,#646,#647,#648,#649,#650));
#112=EDGE_LOOP('',(#651,#652,#653,#654));
#113=EDGE_LOOP('',(#655));
#114=EDGE_LOOP('',(#656,#657,#658,#659,#660,#661));
#115=EDGE_LOOP('',(#662));
#116=EDGE_LOOP('',(#663));
#117=CIRCLE('',#747,1.4635);
#118=CIRCLE('',#760,1.17775);
#119=CIRCLE('',#773,1.17775);
#120=CIRCLE('',#775,1.4635);
#121=CIRCLE('',#777,1.5);
#122=CIRCLE('',#778,0.3);
#123=CIRCLE('',#779,2.1);
#124=CIRCLE('',#790,2.75);
#125=CIRCLE('',#791,2.75);
#126=B_SPLINE_CURVE_WITH_KNOTS('',3,(#941,#942,#943,#944,#945,#946,#947,
#948,#949,#950),.UNSPECIFIED.,.F.,.F.,(4,3,3,4),(-4.09202352044854,-3.97289212099871,
-2.97966909074903,-2.07317267331973),.UNSPECIFIED.);
#127=B_SPLINE_CURVE_WITH_KNOTS('',3,(#953,#954,#955,#956,#957,#958,#959),
 .UNSPECIFIED.,.F.,.F.,(4,3,4),(0.,0.99322303024968,1.12274180646092),
 .UNSPECIFIED.);
#128=B_SPLINE_CURVE_WITH_KNOTS('',3,(#964,#965,#966,#967,#968,#969,#970,
#971,#972,#973,#974,#975,#976,#977,#978,#979,#980,#981,#982,#983,#984,#985),
 .UNSPECIFIED.,.F.,.F.,(4,3,3,3,3,3,3,4),(-10.3752088276281,-9.93223030249677,
-8.93900727224709,-7.94578424199741,-6.95256121174774,-5.95933818149806,
-4.96611515124838,-4.09202352044854),.UNSPECIFIED.);
#129=B_SPLINE_CURVE_WITH_KNOTS('',3,(#986,#987,#988,#989,#990,#991,#992,
#993,#994,#995,#996,#997,#998,#999,#1000,#1001,#1002,#1003,#1004,#1005,
#1006,#1007),.UNSPECIFIED.,.F.,.F.,(4,3,3,3,3,3,3,4),(1.12274180646092,
1.98644606049936,2.97966909074903,3.97289212099871,4.96611515124838,5.95933818149806,
6.95256121174773,7.4059271136405),.UNSPECIFIED.);
#130=B_SPLINE_CURVE_WITH_KNOTS('',3,(#1012,#1013,#1014,#1015,#1016,#1017,
#1018,#1019,#1020,#1021,#1022,#1023,#1024,#1025,#1026,#1027,#1028,#1029,
#1030,#1031,#1032,#1033),.UNSPECIFIED.,.F.,.F.,(4,3,3,3,3,3,3,4),(-16.6583941348077,
-15.8915684839948,-14.8983454537452,-13.9051224234955,-12.9118993932458,
-11.9186763629961,-10.9254533327464,-10.3752088276281),.UNSPECIFIED.);
#131=B_SPLINE_CURVE_WITH_KNOTS('',3,(#1034,#1035,#1036,#1037,#1038,#1039,
#1040,#1041,#1042,#1043,#1044,#1045,#1046,#1047,#1048,#1049,#1050,#1051,
#1052,#1053,#1054,#1055),.UNSPECIFIED.,.F.,.F.,(4,3,3,3,3,3,3,4),(7.4059271136405,
7.94578424199741,8.93900727224709,9.93223030249676,10.9254533327464,11.9186763629961,
12.9118993932458,13.6891124208201),.UNSPECIFIED.);
#132=B_SPLINE_CURVE_WITH_KNOTS('',3,(#1060,#1061,#1062,#1063,#1064,#1065,
#1066,#1067,#1068,#1069,#1070,#1071,#1072,#1073,#1074,#1075,#1076,#1077,
#1078,#1079,#1080,#1081,#1082,#1083,#1084),.UNSPECIFIED.,.F.,.F.,(4,3,3,
3,3,3,3,3,4),(-22.9415794419873,-22.8441296957426,-21.8509066654929,-20.8576836352432,
-19.8644606049935,-18.8712375747439,-17.8780145444942,-16.8847915142445,
-16.6583941348077),.UNSPECIFIED.);
#133=B_SPLINE_CURVE_WITH_KNOTS('',3,(#1085,#1086,#1087,#1088,#1089,#1090,
#1091,#1092,#1093,#1094,#1095,#1096,#1097,#1098,#1099,#1100,#1101,#1102,
#1103,#1104,#1105,#1106,#1107,#1108,#1109),.UNSPECIFIED.,.F.,.F.,(4,3,3,
3,3,3,3,3,4),(13.6891124208201,13.9051224234955,14.8983454537451,15.8915684839948,
16.8847915142445,17.8780145444942,18.8712375747439,19.8644606049935,19.9722977279997),
 .UNSPECIFIED.);
#134=B_SPLINE_CURVE_WITH_KNOTS('',3,(#1114,#1115,#1116,#1117,#1118,#1119,
#1120,#1121,#1122,#1123,#1124,#1125,#1126,#1127,#1128,#1129,#1130,#1131,
#1132,#1133,#1134,#1135),.UNSPECIFIED.,.F.,.F.,(4,3,3,3,3,3,3,4),(-29.2247647491669,
-28.8034678772406,-27.8102448469909,-26.8170218167413,-25.8237987864916,
-24.8305757562419,-23.8373527259922,-22.9415794419873),.UNSPECIFIED.);
#135=B_SPLINE_CURVE_WITH_KNOTS('',3,(#1136,#1137,#1138,#1139,#1140,#1141,
#1142,#1143,#1144,#1145,#1146,#1147,#1148,#1149,#1150,#1151,#1152,#1153,
#1154,#1155,#1156,#1157),.UNSPECIFIED.,.F.,.F.,(4,3,3,3,3,3,3,4),(19.9722977279997,
20.8576836352432,21.8509066654929,22.8441296957426,23.8373527259922,24.8305757562419,
25.8237987864916,26.2554830351793),.UNSPECIFIED.);
#136=B_SPLINE_CURVE_WITH_KNOTS('',3,(#1162,#1163,#1164,#1165,#1166,#1167,
#1168,#1169,#1170,#1171,#1172,#1173,#1174,#1175,#1176,#1177,#1178,#1179,
#1180,#1181,#1182,#1183),.UNSPECIFIED.,.F.,.F.,(4,3,3,3,3,3,3,4),(-35.5079500563465,
-34.7628060587387,-33.769583028489,-32.7763599982393,-31.7831369679897,
-30.78991393774,-29.7966909074903,-29.2247647491669),.UNSPECIFIED.);
#137=B_SPLINE_CURVE_WITH_KNOTS('',3,(#1184,#1185,#1186,#1187,#1188,#1189,
#1190,#1191,#1192,#1193,#1194,#1195,#1196,#1197,#1198,#1199,#1200,#1201,
#1202,#1203,#1204,#1205),.UNSPECIFIED.,.F.,.F.,(4,3,3,3,3,3,3,4),(26.2554830351793,
26.8170218167413,27.8102448469909,28.8034678772406,29.7966909074903,30.78991393774,
31.7831369679896,32.5386683423588),.UNSPECIFIED.);
#138=B_SPLINE_CURVE_WITH_KNOTS('',3,(#1210,#1211,#1212,#1213,#1214,#1215,
#1216,#1217,#1218,#1219,#1220,#1221,#1222,#1223,#1224,#1225,#1226,#1227,
#1228,#1229,#1230,#1231,#1232,#1233,#1234),.UNSPECIFIED.,.F.,.F.,(4,3,3,
3,3,3,3,3,4),(-41.7911353635261,-41.7153672704864,-40.7221442402367,-39.7289212099871,
-38.7356981797374,-37.7424751494877,-36.749252119238,-35.7560290889884,
-35.5079500563465),.UNSPECIFIED.);
#139=B_SPLINE_CURVE_WITH_KNOTS('',3,(#1235,#1236,#1237,#1238,#1239,#1240,
#1241,#1242,#1243,#1244,#1245,#1246,#1247,#1248,#1249,#1250,#1251,#1252,
#1253,#1254,#1255,#1256,#1257,#1258,#1259),.UNSPECIFIED.,.F.,.F.,(4,3,3,
3,3,3,3,3,4),(32.5386683423588,32.7763599982393,33.769583028489,34.7628060587387,
35.7560290889884,36.749252119238,37.7424751494877,38.7356981797374,38.8218536495384),
 .UNSPECIFIED.);
#140=B_SPLINE_CURVE_WITH_KNOTS('',3,(#1264,#1265,#1266,#1267,#1268,#1269,
#1270,#1271,#1272,#1273,#1274,#1275,#1276,#1277,#1278,#1279,#1280,#1281,
#1282,#1283,#1284,#1285),.UNSPECIFIED.,.F.,.F.,(4,3,3,3,3,3,3,4),(-48.0743206707057,
-47.6747054519845,-46.6814824217348,-45.6882593914851,-44.6950363612355,
-43.7018133309858,-42.7085903007361,-41.7911353635261),.UNSPECIFIED.);
#141=B_SPLINE_CURVE_WITH_KNOTS('',3,(#1286,#1287,#1288,#1289,#1290,#1291,
#1292,#1293,#1294,#1295,#1296,#1297,#1298,#1299,#1300,#1301,#1302,#1303,
#1304,#1305,#1306,#1307),.UNSPECIFIED.,.F.,.F.,(4,3,3,3,3,3,3,4),(38.8218536495384,
39.7289212099871,40.7221442402367,41.7153672704864,42.7085903007361,43.7018133309858,
44.6950363612354,45.105038956718),.UNSPECIFIED.);
#142=B_SPLINE_CURVE_WITH_KNOTS('',3,(#1312,#1313,#1314,#1315,#1316,#1317,
#1318,#1319,#1320,#1321,#1322,#1323,#1324,#1325,#1326,#1327,#1328,#1329,
#1330,#1331,#1332,#1333),.UNSPECIFIED.,.F.,.F.,(4,3,3,3,3,3,3,4),(-54.3575059778853,
-53.6340436334825,-52.6408206032329,-51.6475975729832,-50.6543745427335,
-49.6611515124838,-48.6679284822342,-48.0743206707057),.UNSPECIFIED.);
#143=B_SPLINE_CURVE_WITH_KNOTS('',3,(#1334,#1335,#1336,#1337,#1338,#1339,
#1340,#1341,#1342,#1343,#1344,#1345,#1346,#1347,#1348,#1349,#1350,#1351,
#1352,#1353,#1354,#1355),.UNSPECIFIED.,.F.,.F.,(4,3,3,3,3,3,3,4),(45.105038956718,
45.6882593914851,46.6814824217348,47.6747054519845,48.6679284822341,49.6611515124838,
50.6543745427335,51.3882242638976),.UNSPECIFIED.);
#144=B_SPLINE_CURVE_WITH_KNOTS('',3,(#1360,#1361,#1362,#1363,#1364,#1365,
#1366,#1367,#1368,#1369,#1370,#1371,#1372,#1373,#1374,#1375,#1376,#1377,
#1378,#1379,#1380,#1381,#1382,#1383,#1384),.UNSPECIFIED.,.F.,.F.,(4,3,3,
3,3,3,3,3,4),(-60.6406912850648,-60.5866048452303,-59.5933818149806,-58.600158784731,
-57.6069357544813,-56.6137127242316,-55.6204896939819,-54.6272666637322,
-54.3575059778853),.UNSPECIFIED.);
#145=B_SPLINE_CURVE_WITH_KNOTS('',3,(#1385,#1386,#1387,#1388,#1389,#1390,
#1391,#1392,#1393,#1394,#1395,#1396,#1397,#1398,#1399,#1400,#1401,#1402,
#1403,#1404,#1405,#1406,#1407,#1408,#1409),.UNSPECIFIED.,.F.,.F.,(4,3,3,
3,3,3,3,3,4),(51.3882242638976,51.6475975729832,52.6408206032329,53.6340436334825,
54.6272666637322,55.6204896939819,56.6137127242316,57.6069357544812,57.6714095710772),
 .UNSPECIFIED.);
#146=B_SPLINE_CURVE_WITH_KNOTS('',3,(#1414,#1415,#1416,#1417,#1418,#1419,
#1420,#1421,#1422,#1423,#1424,#1425,#1426,#1427,#1428,#1429,#1430,#1431,
#1432,#1433,#1434,#1435),.UNSPECIFIED.,.F.,.F.,(4,3,3,3,3,3,3,4),(-66.9238765922444,
-66.5459430267283,-65.5527199964787,-64.559496966229,-63.5662739359793,
-62.5730509057297,-61.57982787548,-60.6406912850648),.UNSPECIFIED.);
#147=B_SPLINE_CURVE_WITH_KNOTS('',3,(#1436,#1437,#1438,#1439,#1440,#1441,
#1442,#1443,#1444,#1445,#1446,#1447,#1448,#1449,#1450,#1451,#1452,#1453,
#1454,#1455,#1456,#1457),.UNSPECIFIED.,.F.,.F.,(4,3,3,3,3,3,3,4),(57.6714095710772,
58.6001587847309,59.5933818149806,60.5866048452303,61.57982787548,62.5730509057296,
63.5662739359793,63.9545948782568),.UNSPECIFIED.);
#148=B_SPLINE_CURVE_WITH_KNOTS('',3,(#1462,#1463,#1464,#1465,#1466,#1467,
#1468,#1469,#1470,#1471,#1472,#1473,#1474,#1475,#1476,#1477,#1478,#1479,
#1480,#1481,#1482,#1483),.UNSPECIFIED.,.F.,.F.,(4,3,3,3,3,3,3,4),(-73.207061899424,
-72.5052812082264,-71.5120581779767,-70.518835147727,-69.5256121174774,
-68.5323890872277,-67.539166056978,-66.9238765922444),.UNSPECIFIED.);
#149=B_SPLINE_CURVE_WITH_KNOTS('',3,(#1484,#1485,#1486,#1487,#1488,#1489,
#1490,#1491,#1492,#1493,#1494,#1495,#1496,#1497,#1498,#1499,#1500,#1501,
#1502,#1503,#1504,#1505),.UNSPECIFIED.,.F.,.F.,(4,3,3,3,3,3,3,4),(63.9545948782568,
64.559496966229,65.5527199964786,66.5459430267283,67.539166056978,68.5323890872277,
69.5256121174774,70.2377801854364),.UNSPECIFIED.);
#150=B_SPLINE_CURVE_WITH_KNOTS('',3,(#1511,#1512,#1513,#1514,#1515,#1516),
 .UNSPECIFIED.,.F.,.F.,(4,1,1,4),(84.8230016469244,85.1144439859764,86.1076670162261,
87.0141634336554),.UNSPECIFIED.);
#151=B_SPLINE_CURVE_WITH_KNOTS('',3,(#1519,#1520,#1521,#1522),
 .UNSPECIFIED.,.F.,.F.,(4,4),(84.8230016469244,85.7734325137831),
 .UNSPECIFIED.);
#152=B_SPLINE_CURVE_WITH_KNOTS('',3,(#1527,#1528,#1529,#1530,#1531,#1532,
#1533,#1534,#1535,#1536),.UNSPECIFIED.,.F.,.F.,(4,1,1,1,1,1,1,4),(78.5398163397448,
79.1551058044784,80.1483288347281,81.1415518649777,82.1347748952274,83.1279979254771,
84.1212209557268,84.8230016469244),.UNSPECIFIED.);
#153=B_SPLINE_CURVE_WITH_KNOTS('',3,(#1537,#1538,#1539,#1540,#1541,#1542,
#1543,#1544,#1545,#1546,#1547),.UNSPECIFIED.,.F.,.F.,(4,1,1,1,1,1,1,1,4),
(78.5398163397448,78.8208713020354,79.8140943322851,80.8073173625347,81.8005403927844,
82.7937634230341,83.7869864532838,84.7802094835334,84.8230016469244),
 .UNSPECIFIED.);
#154=B_SPLINE_CURVE_WITH_KNOTS('',3,(#1552,#1553,#1554,#1555,#1556,#1557,
#1558,#1559,#1560,#1561),.UNSPECIFIED.,.F.,.F.,(4,1,1,1,1,1,1,4),(72.2566310325652,
73.1957676229803,74.18899065323,75.1822136834797,76.1754367137294,77.168659743979,
78.1618827742287,78.5398163397448),.UNSPECIFIED.);
#155=B_SPLINE_CURVE_WITH_KNOTS('',3,(#1562,#1563,#1564,#1565,#1566,#1567,
#1568,#1569,#1570,#1571),.UNSPECIFIED.,.F.,.F.,(4,1,1,1,1,1,1,4),(72.2566310325652,
72.8615331205373,73.854756150787,74.8479791810367,75.8412022112863,76.834425241536,
77.8276482717857,78.5398163397448),.UNSPECIFIED.);
#156=B_SPLINE_CURVE_WITH_KNOTS('',3,(#1576,#1577,#1578,#1579,#1580,#1581,
#1582,#1583,#1584,#1585,#1586),.UNSPECIFIED.,.F.,.F.,(4,1,1,1,1,1,1,1,4),
(65.9734457253856,66.2432064112326,67.2364294414823,68.2296524717319,69.2228755019816,
70.2160985322313,71.209321562481,72.2025445927306,72.2566310325652),
 .UNSPECIFIED.);
#157=B_SPLINE_CURVE_WITH_KNOTS('',3,(#1587,#1588,#1589,#1590,#1591,#1592,
#1593,#1594,#1595,#1596),.UNSPECIFIED.,.F.,.F.,(4,1,1,1,1,1,1,4),(65.9734457253856,
66.9021949390392,67.8954179692889,68.8886409995386,69.8818640297883,70.875087060038,
71.8683100902876,72.2566310325652),.UNSPECIFIED.);
#158=B_SPLINE_CURVE_WITH_KNOTS('',3,(#1601,#1602,#1603,#1604,#1605,#1606,
#1607,#1608,#1609,#1610),.UNSPECIFIED.,.F.,.F.,(4,1,1,1,1,1,1,4),(59.6902604182061,
60.2838682297345,61.2770912599842,62.2703142902339,63.2635373204836,64.2567603507332,
65.2499833809829,65.9734457253856),.UNSPECIFIED.);
#159=B_SPLINE_CURVE_WITH_KNOTS('',3,(#1611,#1612,#1613,#1614,#1615,#1616,
#1617,#1618,#1619,#1620,#1621),.UNSPECIFIED.,.F.,.F.,(4,1,1,1,1,1,1,1,4),
(59.690260418206,59.9496337272915,60.9428567575412,61.9360797877909,62.9293028180405,
63.9225258482902,64.9157488785399,65.9089719087896,65.9734457253856),
 .UNSPECIFIED.);
#160=B_SPLINE_CURVE_WITH_KNOTS('',3,(#1626,#1627,#1628,#1629,#1630,#1631,
#1632,#1633,#1634,#1635),.UNSPECIFIED.,.F.,.F.,(4,1,1,1,1,1,1,4),(53.4070751110265,
54.3245300482365,55.3177530784861,56.3109761087358,57.3041991389855,58.2974221692352,
59.2906451994848,59.6902604182061),.UNSPECIFIED.);
#161=B_SPLINE_CURVE_WITH_KNOTS('',3,(#1636,#1637,#1638,#1639,#1640,#1641,
#1642,#1643,#1644,#1645),.UNSPECIFIED.,.F.,.F.,(4,1,1,1,1,1,1,4),(53.4070751110264,
53.9902955457935,54.9835185760431,55.9767416062928,56.9699646365425,57.9631876667922,
58.9564106970418,59.690260418206),.UNSPECIFIED.);
#162=B_SPLINE_CURVE_WITH_KNOTS('',3,(#1650,#1651,#1652,#1653,#1654,#1655,
#1656,#1657,#1658,#1659,#1660),.UNSPECIFIED.,.F.,.F.,(4,1,1,1,1,1,1,1,4),
(47.1238898038469,47.3719688364887,48.3651918667384,49.3584148969881,50.3516379272378,
51.3448609574874,52.3380839877371,53.3313070179868,53.4070751110265),
 .UNSPECIFIED.);
#163=B_SPLINE_CURVE_WITH_KNOTS('',3,(#1661,#1662,#1663,#1664,#1665,#1666,
#1667,#1668,#1669,#1670),.UNSPECIFIED.,.F.,.F.,(4,1,1,1,1,1,1,4),(47.1238898038468,
48.0309573642954,49.0241803945451,50.0174034247948,51.0106264550444,52.0038494852941,
52.9970725155438,53.4070751110264),.UNSPECIFIED.);
#164=B_SPLINE_CURVE_WITH_KNOTS('',3,(#1675,#1676,#1677,#1678,#1679,#1680,
#1681,#1682,#1683,#1684),.UNSPECIFIED.,.F.,.F.,(4,1,1,1,1,1,1,4),(40.8407044966673,
41.4126306549907,42.4058536852403,43.39907671549,44.3922997457397,45.3855227759894,
46.378745806239,47.1238898038469),.UNSPECIFIED.);
#165=B_SPLINE_CURVE_WITH_KNOTS('',3,(#1685,#1686,#1687,#1688,#1689,#1690,
#1691,#1692,#1693,#1694,#1695),.UNSPECIFIED.,.F.,.F.,(4,1,1,1,1,1,1,1,4),
(40.8407044966673,41.0783961525477,42.0716191827973,43.064842213047,44.0580652432967,
45.0512882735464,46.044511303796,47.0377343340457,47.1238898038468),
 .UNSPECIFIED.);
#166=B_SPLINE_CURVE_WITH_KNOTS('',3,(#1700,#1701,#1702,#1703,#1704,#1705,
#1706,#1707,#1708,#1709),.UNSPECIFIED.,.F.,.F.,(4,1,1,1,1,1,1,4),(34.5575191894877,
35.4532924734926,36.4465155037423,37.439738533992,38.4329615642416,39.4261845944913,
40.419407624741,40.8407044966673),.UNSPECIFIED.);
#167=B_SPLINE_CURVE_WITH_KNOTS('',3,(#1710,#1711,#1712,#1713,#1714,#1715,
#1716,#1717,#1718,#1719),.UNSPECIFIED.,.F.,.F.,(4,1,1,1,1,1,1,4),(34.5575191894877,
35.1190579710496,36.1122810012993,37.105504031549,38.0987270617986,39.0919500920483,
40.085173122298,40.8407044966673),.UNSPECIFIED.);
#168=B_SPLINE_CURVE_WITH_KNOTS('',3,(#1724,#1725,#1726,#1727,#1728,#1729,
#1730,#1731,#1732,#1733,#1734),.UNSPECIFIED.,.F.,.F.,(4,1,1,1,1,1,1,1,4),
(28.2743338823081,28.5007312617449,29.4939542919945,30.4871773222442,31.4804003524939,
32.4736233827436,33.4668464129933,34.4600694432429,34.5575191894877),
 .UNSPECIFIED.);
#169=B_SPLINE_CURVE_WITH_KNOTS('',3,(#1735,#1736,#1737,#1738,#1739,#1740,
#1741,#1742,#1743,#1744),.UNSPECIFIED.,.F.,.F.,(4,1,1,1,1,1,1,4),(28.2743338823081,
29.1597197895515,30.1529428198012,31.1461658500509,32.1393888803006,33.1326119105503,
34.1258349407999,34.5575191894877),.UNSPECIFIED.);
#170=B_SPLINE_CURVE_WITH_KNOTS('',3,(#1749,#1750,#1751,#1752,#1753,#1754,
#1755,#1756,#1757,#1758),.UNSPECIFIED.,.F.,.F.,(4,1,1,1,1,1,1,4),(21.9911485751285,
22.5413930802468,23.5346161104965,24.5278391407462,25.5210621709958,26.5142852012455,
27.5075082314952,28.2743338823081),.UNSPECIFIED.);
#171=B_SPLINE_CURVE_WITH_KNOTS('',3,(#1759,#1760,#1761,#1762,#1763,#1764,
#1765,#1766,#1767,#1768,#1769),.UNSPECIFIED.,.F.,.F.,(4,1,1,1,1,1,1,1,4),
(21.9911485751285,22.2071585778038,23.2003816080535,24.1936046383032,25.1868276685528,
26.1800506988025,27.1732737290522,28.1664967593019,28.2743338823081),
 .UNSPECIFIED.);
#172=B_SPLINE_CURVE_WITH_KNOTS('',3,(#1774,#1775,#1776,#1777,#1778,#1779,
#1780,#1781,#1782,#1783),.UNSPECIFIED.,.F.,.F.,(4,1,1,1,1,1,1,4),(15.7079632679489,
16.5820548987487,17.5752779289984,18.5685009592481,19.5617239894978,20.5549470197475,
21.5481700499971,21.9911485751285),.UNSPECIFIED.);
#173=B_SPLINE_CURVE_WITH_KNOTS('',3,(#1784,#1785,#1786,#1787,#1788,#1789,
#1790,#1791,#1792,#1793),.UNSPECIFIED.,.F.,.F.,(4,1,1,1,1,1,1,4),(15.7079632679489,
16.2478203963058,17.2410434265554,18.2342664568051,19.2274894870548,20.2207125173045,
21.2139355475541,21.9911485751285),.UNSPECIFIED.);
#174=B_SPLINE_CURVE_WITH_KNOTS('',3,(#2119,#2120,#2121,#2122,#2123,#2124,
#2125,#2126,#2127,#2128,#2129,#2130,#2131,#2132,#2133,#2134,#2135,#2136,
#2137,#2138,#2139,#2140,#2141,#2142,#2143,#2144,#2145,#2146,#2147,#2148,
#2149,#2150,#2151,#2152,#2153,#2154,#2155,#2156,#2157,#2158,#2159,#2160,
#2161,#2162,#2163,#2164,#2165,#2166,#2167,#2168,#2169,#2170,#2171,#2172,
#2173,#2174,#2175,#2176,#2177,#2178,#2179,#2180,#2181,#2182,#2183,#2184,
#2185,#2186,#2187,#2188,#2189,#2190,#2191,#2192,#2193,#2194),
 .UNSPECIFIED.,.F.,.F.,(4,3,3,3,3,3,3,3,3,3,3,3,3,3,3,3,3,3,3,3,3,3,3,3,
3,4),(0.,0.0127220847627864,0.0301824382153267,0.0453369123403415,0.0521833070570637,
0.0554665800995606,0.0584411499274814,0.0754696430566928,0.0923810988012142,
0.107140381904772,0.110159215969313,0.126505548415498,0.142335463923292,
0.151418231215445,0.160066323679981,0.163680136978112,0.179640436796144,
0.195665023404919,0.205785869443396,0.211106217051066,0.214593738114109,
0.230103251513765,0.242185052418456,0.246866331847589,0.261749061780161,
0.276631791712734),.UNSPECIFIED.);
#175=B_SPLINE_CURVE_WITH_KNOTS('',3,(#2195,#2196,#2197,#2198,#2199,#2200,
#2201,#2202,#2203,#2204,#2205,#2206,#2207,#2208,#2209,#2210,#2211,#2212,
#2213),.UNSPECIFIED.,.F.,.F.,(4,3,3,3,3,3,4),(70.2377801854364,70.518835147727,
71.5120581779767,72.5052812082264,73.498504238476,74.4917272687257,75.398223686155),
 .UNSPECIFIED.);
#176=B_SPLINE_CURVE_WITH_KNOTS('',3,(#2215,#2216,#2217,#2218,#2219,#2220,
#2221,#2222,#2223,#2224,#2225,#2226,#2227,#2228,#2229,#2230,#2231,#2232,
#2233,#2234,#2235,#2236,#2237,#2238,#2239,#2240,#2241,#2242,#2243,#2244,
#2245,#2246,#2247,#2248,#2249,#2250,#2251,#2252,#2253,#2254,#2255,#2256,
#2257,#2258,#2259,#2260,#2261,#2262,#2263,#2264,#2265,#2266,#2267,#2268,
#2269,#2270,#2271,#2272,#2273,#2274,#2275,#2276,#2277,#2278,#2279,#2280,
#2281,#2282,#2283,#2284,#2285,#2286,#2287,#2288,#2289,#2290,#2291,#2292,
#2293,#2294,#2295,#2296,#2297,#2298,#2299),.UNSPECIFIED.,.F.,.F.,(4,3,3,
3,3,3,3,3,3,3,3,3,3,3,3,3,3,3,3,3,3,3,3,3,3,3,3,3,4),(-0.276631791712724,
-0.266243657697227,-0.251598954432984,-0.246131926081523,-0.242430429681432,
-0.227175266179386,-0.216257258864441,-0.212273959058321,-0.209164333899871,
-0.193415984364195,-0.177365811717429,-0.167982160703028,-0.162915721932495,
-0.159878473346425,-0.143352084375914,-0.139831207659828,-0.123871143518187,
-0.115986750257577,-0.111050810101441,-0.107828047808821,-0.0912797284702023,
-0.0743699462480902,-0.0648632015808713,-0.0586616089146481,-0.0555332410119468,
-0.0380913772019982,-0.0206025522345206,-0.00351408715963506,0.),
 .UNSPECIFIED.);
#177=B_SPLINE_CURVE_WITH_KNOTS('',3,(#2300,#2301,#2302,#2303,#2304,#2305,
#2306,#2307,#2308),.UNSPECIFIED.,.F.,.F.,(4,1,1,1,1,1,4),(10.375208827628,
11.2817052450574,12.274928275307,13.2681513055567,14.2613743358064,15.2545973660561,
15.7079632679489),.UNSPECIFIED.);
#178=B_SPLINE_CURVE_WITH_KNOTS('',3,(#2312,#2313,#2314,#2315,#2316,#2317,
#2318,#2319),.UNSPECIFIED.,.F.,.F.,(4,1,1,1,1,4),(11.6159397475004,12.60916277775,
13.6023858079997,14.5956088382494,15.5888318684991,15.7079632679489),
 .UNSPECIFIED.);
#179=B_SPLINE_CURVE_WITH_KNOTS('',3,(#2645,#2646,#2647,#2648,#2649,#2650,
#2651,#2652,#2653,#2654,#2655,#2656,#2657,#2658,#2659,#2660,#2661,#2662,
#2663,#2664,#2665,#2666,#2667,#2668,#2669,#2670,#2671,#2672,#2673,#2674,
#2675,#2676,#2677,#2678,#2679,#2680,#2681,#2682,#2683,#2684,#2685,#2686,
#2687,#2688,#2689,#2690,#2691,#2692,#2693,#2694,#2695,#2696,#2697,#2698,
#2699,#2700,#2701,#2702,#2703,#2704,#2705,#2706,#2707,#2708,#2709,#2710,
#2711,#2712,#2713,#2714,#2715,#2716,#2717,#2718,#2719,#2720,#2721,#2722,
#2723),.UNSPECIFIED.,.F.,.F.,(4,3,3,3,3,3,3,3,3,3,3,3,3,3,3,3,3,3,3,3,3,
3,3,3,3,3,4),(0.,0.0103525073023419,0.0248524641067194,0.038785140977858,
0.0462210382155188,0.0488736582606354,0.0642360934189622,0.0799466048148943,
0.0940589331168165,0.0975330705166073,0.113761922614966,0.129912132319656,
0.136313879075828,0.141833758681123,0.14568982118261,0.14838387980202,0.164537369749716,
0.181081001493509,0.192866161101433,0.198573193962091,0.201838132855071,
0.218888474227217,0.233006925259637,0.236538036000546,0.240203446232982,
0.25778286229494,0.275362278356897),.UNSPECIFIED.);
#180=B_SPLINE_CURVE_WITH_KNOTS('',3,(#2724,#2725,#2726,#2727,#2728,#2729,
#2730,#2731,#2732,#2733,#2734,#2735,#2736,#2737,#2738,#2739,#2740,#2741,
#2742,#2743,#2744,#2745,#2746,#2747,#2748,#2749,#2750,#2751,#2752,#2753,
#2754,#2755,#2756,#2757,#2758,#2759,#2760,#2761,#2762,#2763,#2764,#2765,
#2766,#2767,#2768,#2769,#2770,#2771,#2772,#2773,#2774,#2775,#2776,#2777,
#2778,#2779,#2780,#2781,#2782,#2783,#2784,#2785,#2786,#2787,#2788,#2789,
#2790,#2791,#2792,#2793,#2794,#2795,#2796,#2797,#2798,#2799,#2800,#2801,
#2802,#2803,#2804,#2805),.UNSPECIFIED.,.F.,.F.,(4,3,3,3,3,3,3,3,3,3,3,3,
3,3,3,3,3,3,3,3,3,3,3,3,3,3,3,4),(-0.275362278356883,-0.262701977815384,
-0.245461752787817,-0.238518604991932,-0.234066596828263,-0.216868194004525,
-0.205357191953316,-0.200165525932775,-0.196890019284787,-0.180137667820436,
-0.163798658565028,-0.154044038322483,-0.146849587167703,-0.144229832835773,
-0.128375831608817,-0.124780177594851,-0.108568953025776,-0.101010797472798,
-0.095694906879912,-0.0926125757088975,-0.0768461820109222,-0.0611559756020521,
-0.0532970300121912,-0.0475074790358141,-0.0447090314245441,-0.0296001292826693,
-0.0148000646413347,0.),.UNSPECIFIED.);
#181=B_SPLINE_CURVE_WITH_KNOTS('',3,(#2806,#2807,#2808,#2809,#2810,#2811,
#2812,#2813,#2814,#2815,#2816,#2817,#2818,#2819,#2820,#2821),
 .UNSPECIFIED.,.F.,.F.,(4,3,3,3,3,4),(-77.4713963594748,-76.4781733292251,
-75.4849502989754,-74.4917272687258,-73.4985042384761,-73.207061899424),
 .UNSPECIFIED.);
#182=LINE('',#939,#225);
#183=LINE('',#963,#226);
#184=LINE('',#1011,#227);
#185=LINE('',#1059,#228);
#186=LINE('',#1113,#229);
#187=LINE('',#1161,#230);
#188=LINE('',#1209,#231);
#189=LINE('',#1263,#232);
#190=LINE('',#1311,#233);
#191=LINE('',#1359,#234);
#192=LINE('',#1413,#235);
#193=LINE('',#1461,#236);
#194=LINE('',#1509,#237);
#195=LINE('',#1526,#238);
#196=LINE('',#1551,#239);
#197=LINE('',#1575,#240);
#198=LINE('',#1600,#241);
#199=LINE('',#1625,#242);
#200=LINE('',#1649,#243);
#201=LINE('',#1674,#244);
#202=LINE('',#1699,#245);
#203=LINE('',#1723,#246);
#204=LINE('',#1748,#247);
#205=LINE('',#1773,#248);
#206=LINE('',#2835,#249);
#207=LINE('',#2837,#250);
#208=LINE('',#2839,#251);
#209=LINE('',#2840,#252);
#210=LINE('',#2843,#253);
#211=LINE('',#2845,#254);
#212=LINE('',#2846,#255);
#213=LINE('',#2849,#256);
#214=LINE('',#2851,#257);
#215=LINE('',#2852,#258);
#216=LINE('',#2855,#259);
#217=LINE('',#2857,#260);
#218=LINE('',#2858,#261);
#219=LINE('',#2861,#262);
#220=LINE('',#2863,#263);
#221=LINE('',#2864,#264);
#222=LINE('',#2866,#265);
#223=LINE('',#2867,#266);
#224=LINE('',#2873,#267);
#225=VECTOR('',#798,0.5);
#226=VECTOR('',#803,0.5);
#227=VECTOR('',#806,0.5);
#228=VECTOR('',#809,0.5);
#229=VECTOR('',#812,0.5);
#230=VECTOR('',#815,0.5);
#231=VECTOR('',#818,0.5);
#232=VECTOR('',#821,0.5);
#233=VECTOR('',#824,0.5);
#234=VECTOR('',#827,0.5);
#235=VECTOR('',#830,0.5);
#236=VECTOR('',#833,0.5);
#237=VECTOR('',#836,1.17775);
#238=VECTOR('',#841,1.17775);
#239=VECTOR('',#844,1.17775);
#240=VECTOR('',#847,1.17775);
#241=VECTOR('',#850,1.17775);
#242=VECTOR('',#853,1.17775);
#243=VECTOR('',#856,1.17775);
#244=VECTOR('',#859,1.17775);
#245=VECTOR('',#862,1.17775);
#246=VECTOR('',#865,1.17775);
#247=VECTOR('',#868,1.17775);
#248=VECTOR('',#871,1.17775);
#249=VECTOR('',#894,10.);
#250=VECTOR('',#895,10.);
#251=VECTOR('',#896,10.);
#252=VECTOR('',#897,10.);
#253=VECTOR('',#900,10.);
#254=VECTOR('',#901,10.);
#255=VECTOR('',#902,10.);
#256=VECTOR('',#905,10.);
#257=VECTOR('',#906,10.);
#258=VECTOR('',#907,10.);
#259=VECTOR('',#910,10.);
#260=VECTOR('',#911,10.);
#261=VECTOR('',#912,10.);
#262=VECTOR('',#915,10.);
#263=VECTOR('',#916,10.);
#264=VECTOR('',#917,10.);
#265=VECTOR('',#920,10.);
#266=VECTOR('',#921,10.);
#267=VECTOR('',#928,2.75);
#268=VERTEX_POINT('',#937);
#269=VERTEX_POINT('',#938);
#270=VERTEX_POINT('',#940);
#271=VERTEX_POINT('',#951);
#272=VERTEX_POINT('',#961);
#273=VERTEX_POINT('',#962);
#274=VERTEX_POINT('',#1009);
#275=VERTEX_POINT('',#1010);
#276=VERTEX_POINT('',#1057);
#277=VERTEX_POINT('',#1058);
#278=VERTEX_POINT('',#1111);
#279=VERTEX_POINT('',#1112);
#280=VERTEX_POINT('',#1159);
#281=VERTEX_POINT('',#1160);
#282=VERTEX_POINT('',#1207);
#283=VERTEX_POINT('',#1208);
#284=VERTEX_POINT('',#1261);
#285=VERTEX_POINT('',#1262);
#286=VERTEX_POINT('',#1309);
#287=VERTEX_POINT('',#1310);
#288=VERTEX_POINT('',#1357);
#289=VERTEX_POINT('',#1358);
#290=VERTEX_POINT('',#1411);
#291=VERTEX_POINT('',#1412);
#292=VERTEX_POINT('',#1459);
#293=VERTEX_POINT('',#1460);
#294=VERTEX_POINT('',#1507);
#295=VERTEX_POINT('',#1508);
#296=VERTEX_POINT('',#1510);
#297=VERTEX_POINT('',#1517);
#298=VERTEX_POINT('',#1524);
#299=VERTEX_POINT('',#1525);
#300=VERTEX_POINT('',#1549);
#301=VERTEX_POINT('',#1550);
#302=VERTEX_POINT('',#1573);
#303=VERTEX_POINT('',#1574);
#304=VERTEX_POINT('',#1598);
#305=VERTEX_POINT('',#1599);
#306=VERTEX_POINT('',#1623);
#307=VERTEX_POINT('',#1624);
#308=VERTEX_POINT('',#1647);
#309=VERTEX_POINT('',#1648);
#310=VERTEX_POINT('',#1672);
#311=VERTEX_POINT('',#1673);
#312=VERTEX_POINT('',#1697);
#313=VERTEX_POINT('',#1698);
#314=VERTEX_POINT('',#1721);
#315=VERTEX_POINT('',#1722);
#316=VERTEX_POINT('',#1746);
#317=VERTEX_POINT('',#1747);
#318=VERTEX_POINT('',#1771);
#319=VERTEX_POINT('',#1772);
#320=VERTEX_POINT('',#2118);
#321=VERTEX_POINT('',#2214);
#322=VERTEX_POINT('',#2310);
#323=VERTEX_POINT('',#2644);
#324=VERTEX_POINT('',#2825);
#325=VERTEX_POINT('',#2827);
#326=VERTEX_POINT('',#2833);
#327=VERTEX_POINT('',#2834);
#328=VERTEX_POINT('',#2836);
#329=VERTEX_POINT('',#2838);
#330=VERTEX_POINT('',#2842);
#331=VERTEX_POINT('',#2844);
#332=VERTEX_POINT('',#2848);
#333=VERTEX_POINT('',#2850);
#334=VERTEX_POINT('',#2854);
#335=VERTEX_POINT('',#2856);
#336=VERTEX_POINT('',#2860);
#337=VERTEX_POINT('',#2862);
#338=VERTEX_POINT('',#2870);
#339=VERTEX_POINT('',#2872);
#340=EDGE_CURVE('',#268,#269,#182,.T.);
#341=EDGE_CURVE('',#268,#270,#126,.T.);
#342=EDGE_CURVE('',#271,#270,#117,.F.);
#343=EDGE_CURVE('',#271,#269,#127,.T.);
#344=EDGE_CURVE('',#272,#273,#183,.T.);
#345=EDGE_CURVE('',#272,#268,#128,.T.);
#346=EDGE_CURVE('',#269,#273,#129,.T.);
#347=EDGE_CURVE('',#274,#275,#184,.T.);
#348=EDGE_CURVE('',#274,#272,#130,.T.);
#349=EDGE_CURVE('',#273,#275,#131,.T.);
#350=EDGE_CURVE('',#276,#277,#185,.T.);
#351=EDGE_CURVE('',#276,#274,#132,.T.);
#352=EDGE_CURVE('',#275,#277,#133,.T.);
#353=EDGE_CURVE('',#278,#279,#186,.T.);
#354=EDGE_CURVE('',#278,#276,#134,.T.);
#355=EDGE_CURVE('',#277,#279,#135,.T.);
#356=EDGE_CURVE('',#280,#281,#187,.T.);
#357=EDGE_CURVE('',#280,#278,#136,.T.);
#358=EDGE_CURVE('',#279,#281,#137,.T.);
#359=EDGE_CURVE('',#282,#283,#188,.T.);
#360=EDGE_CURVE('',#282,#280,#138,.T.);
#361=EDGE_CURVE('',#281,#283,#139,.T.);
#362=EDGE_CURVE('',#284,#285,#189,.T.);
#363=EDGE_CURVE('',#284,#282,#140,.T.);
#364=EDGE_CURVE('',#283,#285,#141,.T.);
#365=EDGE_CURVE('',#286,#287,#190,.T.);
#366=EDGE_CURVE('',#286,#284,#142,.T.);
#367=EDGE_CURVE('',#285,#287,#143,.T.);
#368=EDGE_CURVE('',#288,#289,#191,.T.);
#369=EDGE_CURVE('',#288,#286,#144,.T.);
#370=EDGE_CURVE('',#287,#289,#145,.T.);
#371=EDGE_CURVE('',#290,#291,#192,.T.);
#372=EDGE_CURVE('',#290,#288,#146,.T.);
#373=EDGE_CURVE('',#289,#291,#147,.T.);
#374=EDGE_CURVE('',#292,#293,#193,.T.);
#375=EDGE_CURVE('',#292,#290,#148,.T.);
#376=EDGE_CURVE('',#291,#293,#149,.T.);
#377=EDGE_CURVE('',#294,#295,#194,.T.);
#378=EDGE_CURVE('',#294,#296,#150,.T.);
#379=EDGE_CURVE('',#297,#296,#118,.T.);
#380=EDGE_CURVE('',#295,#297,#151,.T.);
#381=EDGE_CURVE('',#298,#299,#195,.T.);
#382=EDGE_CURVE('',#298,#294,#152,.T.);
#383=EDGE_CURVE('',#299,#295,#153,.T.);
#384=EDGE_CURVE('',#300,#301,#196,.T.);
#385=EDGE_CURVE('',#300,#298,#154,.T.);
#386=EDGE_CURVE('',#301,#299,#155,.T.);
#387=EDGE_CURVE('',#302,#303,#197,.T.);
#388=EDGE_CURVE('',#302,#300,#156,.T.);
#389=EDGE_CURVE('',#303,#301,#157,.T.);
#390=EDGE_CURVE('',#304,#305,#198,.T.);
#391=EDGE_CURVE('',#304,#302,#158,.T.);
#392=EDGE_CURVE('',#305,#303,#159,.T.);
#393=EDGE_CURVE('',#306,#307,#199,.T.);
#394=EDGE_CURVE('',#306,#304,#160,.T.);
#395=EDGE_CURVE('',#307,#305,#161,.T.);
#396=EDGE_CURVE('',#308,#309,#200,.T.);
#397=EDGE_CURVE('',#308,#306,#162,.T.);
#398=EDGE_CURVE('',#309,#307,#163,.T.);
#399=EDGE_CURVE('',#310,#311,#201,.T.);
#400=EDGE_CURVE('',#310,#308,#164,.T.);
#401=EDGE_CURVE('',#311,#309,#165,.T.);
#402=EDGE_CURVE('',#312,#313,#202,.T.);
#403=EDGE_CURVE('',#312,#310,#166,.T.);
#404=EDGE_CURVE('',#313,#311,#167,.T.);
#405=EDGE_CURVE('',#314,#315,#203,.T.);
#406=EDGE_CURVE('',#314,#312,#168,.T.);
#407=EDGE_CURVE('',#315,#313,#169,.T.);
#408=EDGE_CURVE('',#316,#317,#204,.T.);
#409=EDGE_CURVE('',#316,#314,#170,.T.);
#410=EDGE_CURVE('',#317,#315,#171,.T.);
#411=EDGE_CURVE('',#318,#319,#205,.T.);
#412=EDGE_CURVE('',#318,#316,#172,.T.);
#413=EDGE_CURVE('',#319,#317,#173,.T.);
#414=EDGE_CURVE('',#320,#297,#174,.T.);
#415=EDGE_CURVE('',#293,#320,#175,.T.);
#416=EDGE_CURVE('',#321,#271,#176,.T.);
#417=EDGE_CURVE('',#321,#319,#177,.T.);
#418=EDGE_CURVE('',#322,#321,#119,.T.);
#419=EDGE_CURVE('',#322,#318,#178,.T.);
#420=EDGE_CURVE('',#296,#323,#179,.T.);
#421=EDGE_CURVE('',#270,#322,#180,.T.);
#422=EDGE_CURVE('',#323,#292,#181,.T.);
#423=EDGE_CURVE('',#323,#320,#120,.F.);
#424=EDGE_CURVE('',#324,#324,#121,.T.);
#425=EDGE_CURVE('',#324,#325,#122,.T.);
#426=EDGE_CURVE('',#325,#325,#123,.T.);
#427=EDGE_CURVE('',#326,#327,#206,.T.);
#428=EDGE_CURVE('',#326,#328,#207,.T.);
#429=EDGE_CURVE('',#328,#329,#208,.T.);
#430=EDGE_CURVE('',#327,#329,#209,.T.);
#431=EDGE_CURVE('',#330,#326,#210,.T.);
#432=EDGE_CURVE('',#330,#331,#211,.T.);
#433=EDGE_CURVE('',#331,#328,#212,.T.);
#434=EDGE_CURVE('',#332,#330,#213,.T.);
#435=EDGE_CURVE('',#332,#333,#214,.T.);
#436=EDGE_CURVE('',#333,#331,#215,.T.);
#437=EDGE_CURVE('',#334,#332,#216,.T.);
#438=EDGE_CURVE('',#334,#335,#217,.T.);
#439=EDGE_CURVE('',#335,#333,#218,.T.);
#440=EDGE_CURVE('',#336,#334,#219,.T.);
#441=EDGE_CURVE('',#336,#337,#220,.T.);
#442=EDGE_CURVE('',#337,#335,#221,.T.);
#443=EDGE_CURVE('',#327,#336,#222,.T.);
#444=EDGE_CURVE('',#329,#337,#223,.T.);
#445=EDGE_CURVE('',#338,#338,#124,.T.);
#446=EDGE_CURVE('',#338,#339,#224,.T.);
#447=EDGE_CURVE('',#339,#339,#125,.T.);
#448=ORIENTED_EDGE('',*,*,#340,.F.);
#449=ORIENTED_EDGE('',*,*,#341,.T.);
#450=ORIENTED_EDGE('',*,*,#342,.F.);
#451=ORIENTED_EDGE('',*,*,#343,.T.);
#452=ORIENTED_EDGE('',*,*,#344,.F.);
#453=ORIENTED_EDGE('',*,*,#345,.T.);
#454=ORIENTED_EDGE('',*,*,#340,.T.);
#455=ORIENTED_EDGE('',*,*,#346,.T.);
#456=ORIENTED_EDGE('',*,*,#347,.F.);
#457=ORIENTED_EDGE('',*,*,#348,.T.);
#458=ORIENTED_EDGE('',*,*,#344,.T.);
#459=ORIENTED_EDGE('',*,*,#349,.T.);
#460=ORIENTED_EDGE('',*,*,#350,.F.);
#461=ORIENTED_EDGE('',*,*,#351,.T.);
#462=ORIENTED_EDGE('',*,*,#347,.T.);
#463=ORIENTED_EDGE('',*,*,#352,.T.);
#464=ORIENTED_EDGE('',*,*,#353,.F.);
#465=ORIENTED_EDGE('',*,*,#354,.T.);
#466=ORIENTED_EDGE('',*,*,#350,.T.);
#467=ORIENTED_EDGE('',*,*,#355,.T.);
#468=ORIENTED_EDGE('',*,*,#356,.F.);
#469=ORIENTED_EDGE('',*,*,#357,.T.);
#470=ORIENTED_EDGE('',*,*,#353,.T.);
#471=ORIENTED_EDGE('',*,*,#358,.T.);
#472=ORIENTED_EDGE('',*,*,#359,.F.);
#473=ORIENTED_EDGE('',*,*,#360,.T.);
#474=ORIENTED_EDGE('',*,*,#356,.T.);
#475=ORIENTED_EDGE('',*,*,#361,.T.);
#476=ORIENTED_EDGE('',*,*,#362,.F.);
#477=ORIENTED_EDGE('',*,*,#363,.T.);
#478=ORIENTED_EDGE('',*,*,#359,.T.);
#479=ORIENTED_EDGE('',*,*,#364,.T.);
#480=ORIENTED_EDGE('',*,*,#365,.F.);
#481=ORIENTED_EDGE('',*,*,#366,.T.);
#482=ORIENTED_EDGE('',*,*,#362,.T.);
#483=ORIENTED_EDGE('',*,*,#367,.T.);
#484=ORIENTED_EDGE('',*,*,#368,.F.);
#485=ORIENTED_EDGE('',*,*,#369,.T.);
#486=ORIENTED_EDGE('',*,*,#365,.T.);
#487=ORIENTED_EDGE('',*,*,#370,.T.);
#488=ORIENTED_EDGE('',*,*,#371,.F.);
#489=ORIENTED_EDGE('',*,*,#372,.T.);
#490=ORIENTED_EDGE('',*,*,#368,.T.);
#491=ORIENTED_EDGE('',*,*,#373,.T.);
#492=ORIENTED_EDGE('',*,*,#374,.F.);
#493=ORIENTED_EDGE('',*,*,#375,.T.);
#494=ORIENTED_EDGE('',*,*,#371,.T.);
#495=ORIENTED_EDGE('',*,*,#376,.T.);
#496=ORIENTED_EDGE('',*,*,#377,.F.);
#497=ORIENTED_EDGE('',*,*,#378,.T.);
#498=ORIENTED_EDGE('',*,*,#379,.F.);
#499=ORIENTED_EDGE('',*,*,#380,.F.);
#500=ORIENTED_EDGE('',*,*,#381,.F.);
#501=ORIENTED_EDGE('',*,*,#382,.T.);
#502=ORIENTED_EDGE('',*,*,#377,.T.);
#503=ORIENTED_EDGE('',*,*,#383,.F.);
#504=ORIENTED_EDGE('',*,*,#384,.F.);
#505=ORIENTED_EDGE('',*,*,#385,.T.);
#506=ORIENTED_EDGE('',*,*,#381,.T.);
#507=ORIENTED_EDGE('',*,*,#386,.F.);
#508=ORIENTED_EDGE('',*,*,#387,.F.);
#509=ORIENTED_EDGE('',*,*,#388,.T.);
#510=ORIENTED_EDGE('',*,*,#384,.T.);
#511=ORIENTED_EDGE('',*,*,#389,.F.);
#512=ORIENTED_EDGE('',*,*,#390,.F.);
#513=ORIENTED_EDGE('',*,*,#391,.T.);
#514=ORIENTED_EDGE('',*,*,#387,.T.);
#515=ORIENTED_EDGE('',*,*,#392,.F.);
#516=ORIENTED_EDGE('',*,*,#393,.F.);
#517=ORIENTED_EDGE('',*,*,#394,.T.);
#518=ORIENTED_EDGE('',*,*,#390,.T.);
#519=ORIENTED_EDGE('',*,*,#395,.F.);
#520=ORIENTED_EDGE('',*,*,#396,.F.);
#521=ORIENTED_EDGE('',*,*,#397,.T.);
#522=ORIENTED_EDGE('',*,*,#393,.T.);
#523=ORIENTED_EDGE('',*,*,#398,.F.);
#524=ORIENTED_EDGE('',*,*,#399,.F.);
#525=ORIENTED_EDGE('',*,*,#400,.T.);
#526=ORIENTED_EDGE('',*,*,#396,.T.);
#527=ORIENTED_EDGE('',*,*,#401,.F.);
#528=ORIENTED_EDGE('',*,*,#402,.F.);
#529=ORIENTED_EDGE('',*,*,#403,.T.);
#530=ORIENTED_EDGE('',*,*,#399,.T.);
#531=ORIENTED_EDGE('',*,*,#404,.F.);
#532=ORIENTED_EDGE('',*,*,#405,.F.);
#533=ORIENTED_EDGE('',*,*,#406,.T.);
#534=ORIENTED_EDGE('',*,*,#402,.T.);
#535=ORIENTED_EDGE('',*,*,#407,.F.);
#536=ORIENTED_EDGE('',*,*,#408,.F.);
#537=ORIENTED_EDGE('',*,*,#409,.T.);
#538=ORIENTED_EDGE('',*,*,#405,.T.);
#539=ORIENTED_EDGE('',*,*,#410,.F.);
#540=ORIENTED_EDGE('',*,*,#411,.F.);
#541=ORIENTED_EDGE('',*,*,#412,.T.);
#542=ORIENTED_EDGE('',*,*,#408,.T.);
#543=ORIENTED_EDGE('',*,*,#413,.F.);
#544=ORIENTED_EDGE('',*,*,#414,.F.);
#545=ORIENTED_EDGE('',*,*,#415,.F.);
#546=ORIENTED_EDGE('',*,*,#376,.F.);
#547=ORIENTED_EDGE('',*,*,#373,.F.);
#548=ORIENTED_EDGE('',*,*,#370,.F.);
#549=ORIENTED_EDGE('',*,*,#367,.F.);
#550=ORIENTED_EDGE('',*,*,#364,.F.);
#551=ORIENTED_EDGE('',*,*,#361,.F.);
#552=ORIENTED_EDGE('',*,*,#358,.F.);
#553=ORIENTED_EDGE('',*,*,#355,.F.);
#554=ORIENTED_EDGE('',*,*,#352,.F.);
#555=ORIENTED_EDGE('',*,*,#349,.F.);
#556=ORIENTED_EDGE('',*,*,#346,.F.);
#557=ORIENTED_EDGE('',*,*,#343,.F.);
#558=ORIENTED_EDGE('',*,*,#416,.F.);
#559=ORIENTED_EDGE('',*,*,#417,.T.);
#560=ORIENTED_EDGE('',*,*,#413,.T.);
#561=ORIENTED_EDGE('',*,*,#410,.T.);
#562=ORIENTED_EDGE('',*,*,#407,.T.);
#563=ORIENTED_EDGE('',*,*,#404,.T.);
#564=ORIENTED_EDGE('',*,*,#401,.T.);
#565=ORIENTED_EDGE('',*,*,#398,.T.);
#566=ORIENTED_EDGE('',*,*,#395,.T.);
#567=ORIENTED_EDGE('',*,*,#392,.T.);
#568=ORIENTED_EDGE('',*,*,#389,.T.);
#569=ORIENTED_EDGE('',*,*,#386,.T.);
#570=ORIENTED_EDGE('',*,*,#383,.T.);
#571=ORIENTED_EDGE('',*,*,#380,.T.);
#572=ORIENTED_EDGE('',*,*,#411,.T.);
#573=ORIENTED_EDGE('',*,*,#417,.F.);
#574=ORIENTED_EDGE('',*,*,#418,.F.);
#575=ORIENTED_EDGE('',*,*,#419,.T.);
#576=ORIENTED_EDGE('',*,*,#420,.F.);
#577=ORIENTED_EDGE('',*,*,#378,.F.);
#578=ORIENTED_EDGE('',*,*,#382,.F.);
#579=ORIENTED_EDGE('',*,*,#385,.F.);
#580=ORIENTED_EDGE('',*,*,#388,.F.);
#581=ORIENTED_EDGE('',*,*,#391,.F.);
#582=ORIENTED_EDGE('',*,*,#394,.F.);
#583=ORIENTED_EDGE('',*,*,#397,.F.);
#584=ORIENTED_EDGE('',*,*,#400,.F.);
#585=ORIENTED_EDGE('',*,*,#403,.F.);
#586=ORIENTED_EDGE('',*,*,#406,.F.);
#587=ORIENTED_EDGE('',*,*,#409,.F.);
#588=ORIENTED_EDGE('',*,*,#412,.F.);
#589=ORIENTED_EDGE('',*,*,#419,.F.);
#590=ORIENTED_EDGE('',*,*,#421,.F.);
#591=ORIENTED_EDGE('',*,*,#341,.F.);
#592=ORIENTED_EDGE('',*,*,#345,.F.);
#593=ORIENTED_EDGE('',*,*,#348,.F.);
#594=ORIENTED_EDGE('',*,*,#351,.F.);
#595=ORIENTED_EDGE('',*,*,#354,.F.);
#596=ORIENTED_EDGE('',*,*,#357,.F.);
#597=ORIENTED_EDGE('',*,*,#360,.F.);
#598=ORIENTED_EDGE('',*,*,#363,.F.);
#599=ORIENTED_EDGE('',*,*,#366,.F.);
#600=ORIENTED_EDGE('',*,*,#369,.F.);
#601=ORIENTED_EDGE('',*,*,#372,.F.);
#602=ORIENTED_EDGE('',*,*,#375,.F.);
#603=ORIENTED_EDGE('',*,*,#422,.F.);
#604=ORIENTED_EDGE('',*,*,#374,.T.);
#605=ORIENTED_EDGE('',*,*,#415,.T.);
#606=ORIENTED_EDGE('',*,*,#423,.F.);
#607=ORIENTED_EDGE('',*,*,#422,.T.);
#608=ORIENTED_EDGE('',*,*,#424,.F.);
#609=ORIENTED_EDGE('',*,*,#425,.T.);
#610=ORIENTED_EDGE('',*,*,#426,.F.);
#611=ORIENTED_EDGE('',*,*,#425,.F.);
#612=ORIENTED_EDGE('',*,*,#424,.T.);
#613=ORIENTED_EDGE('',*,*,#342,.T.);
#614=ORIENTED_EDGE('',*,*,#421,.T.);
#615=ORIENTED_EDGE('',*,*,#418,.T.);
#616=ORIENTED_EDGE('',*,*,#416,.T.);
#617=ORIENTED_EDGE('',*,*,#420,.T.);
#618=ORIENTED_EDGE('',*,*,#423,.T.);
#619=ORIENTED_EDGE('',*,*,#414,.T.);
#620=ORIENTED_EDGE('',*,*,#379,.T.);
#621=ORIENTED_EDGE('',*,*,#427,.F.);
#622=ORIENTED_EDGE('',*,*,#428,.T.);
#623=ORIENTED_EDGE('',*,*,#429,.T.);
#624=ORIENTED_EDGE('',*,*,#430,.F.);
#625=ORIENTED_EDGE('',*,*,#431,.F.);
#626=ORIENTED_EDGE('',*,*,#432,.T.);
#627=ORIENTED_EDGE('',*,*,#433,.T.);
#628=ORIENTED_EDGE('',*,*,#428,.F.);
#629=ORIENTED_EDGE('',*,*,#434,.F.);
#630=ORIENTED_EDGE('',*,*,#435,.T.);
#631=ORIENTED_EDGE('',*,*,#436,.T.);
#632=ORIENTED_EDGE('',*,*,#432,.F.);
#633=ORIENTED_EDGE('',*,*,#437,.F.);
#634=ORIENTED_EDGE('',*,*,#438,.T.);
#635=ORIENTED_EDGE('',*,*,#439,.T.);
#636=ORIENTED_EDGE('',*,*,#435,.F.);
#637=ORIENTED_EDGE('',*,*,#440,.F.);
#638=ORIENTED_EDGE('',*,*,#441,.T.);
#639=ORIENTED_EDGE('',*,*,#442,.T.);
#640=ORIENTED_EDGE('',*,*,#438,.F.);
#641=ORIENTED_EDGE('',*,*,#443,.F.);
#642=ORIENTED_EDGE('',*,*,#430,.T.);
#643=ORIENTED_EDGE('',*,*,#444,.T.);
#644=ORIENTED_EDGE('',*,*,#441,.F.);
#645=ORIENTED_EDGE('',*,*,#444,.F.);
#646=ORIENTED_EDGE('',*,*,#429,.F.);
#647=ORIENTED_EDGE('',*,*,#433,.F.);
#648=ORIENTED_EDGE('',*,*,#436,.F.);
#649=ORIENTED_EDGE('',*,*,#439,.F.);
#650=ORIENTED_EDGE('',*,*,#442,.F.);
#651=ORIENTED_EDGE('',*,*,#445,.F.);
#652=ORIENTED_EDGE('',*,*,#446,.T.);
#653=ORIENTED_EDGE('',*,*,#447,.T.);
#654=ORIENTED_EDGE('',*,*,#446,.F.);
#655=ORIENTED_EDGE('',*,*,#445,.T.);
#656=ORIENTED_EDGE('',*,*,#427,.T.);
#657=ORIENTED_EDGE('',*,*,#443,.T.);
#658=ORIENTED_EDGE('',*,*,#440,.T.);
#659=ORIENTED_EDGE('',*,*,#437,.T.);
#660=ORIENTED_EDGE('',*,*,#434,.T.);
#661=ORIENTED_EDGE('',*,*,#431,.T.);
#662=ORIENTED_EDGE('',*,*,#447,.F.);
#663=ORIENTED_EDGE('',*,*,#426,.T.);
#664=CYLINDRICAL_SURFACE('',#746,1.4635);
#665=CYLINDRICAL_SURFACE('',#748,1.4635);
#666=CYLINDRICAL_SURFACE('',#749,1.4635);
#667=CYLINDRICAL_SURFACE('',#750,1.4635);
#668=CYLINDRICAL_SURFACE('',#751,1.4635);
#669=CYLINDRICAL_SURFACE('',#752,1.4635);
#670=CYLINDRICAL_SURFACE('',#753,1.4635);
#671=CYLINDRICAL_SURFACE('',#754,1.4635);
#672=CYLINDRICAL_SURFACE('',#755,1.4635);
#673=CYLINDRICAL_SURFACE('',#756,1.4635);
#674=CYLINDRICAL_SURFACE('',#757,1.4635);
#675=CYLINDRICAL_SURFACE('',#758,1.4635);
#676=CYLINDRICAL_SURFACE('',#759,1.17775);
#677=CYLINDRICAL_SURFACE('',#761,1.17775);
#678=CYLINDRICAL_SURFACE('',#762,1.17775);
#679=CYLINDRICAL_SURFACE('',#763,1.17775);
#680=CYLINDRICAL_SURFACE('',#764,1.17775);
#681=CYLINDRICAL_SURFACE('',#765,1.17775);
#682=CYLINDRICAL_SURFACE('',#766,1.17775);
#683=CYLINDRICAL_SURFACE('',#767,1.17775);
#684=CYLINDRICAL_SURFACE('',#768,1.17775);
#685=CYLINDRICAL_SURFACE('',#769,1.17775);
#686=CYLINDRICAL_SURFACE('',#770,1.17775);
#687=CYLINDRICAL_SURFACE('',#771,1.17775);
#688=CYLINDRICAL_SURFACE('',#772,1.17775);
#689=CYLINDRICAL_SURFACE('',#774,1.4635);
#690=CYLINDRICAL_SURFACE('',#789,2.75);
#691=ADVANCED_FACE('',(#32),#664,.T.);
#692=ADVANCED_FACE('',(#33),#665,.T.);
#693=ADVANCED_FACE('',(#34),#666,.T.);
#694=ADVANCED_FACE('',(#35),#667,.T.);
#695=ADVANCED_FACE('',(#36),#668,.T.);
#696=ADVANCED_FACE('',(#37),#669,.T.);
#697=ADVANCED_FACE('',(#38),#670,.T.);
#698=ADVANCED_FACE('',(#39),#671,.T.);
#699=ADVANCED_FACE('',(#40),#672,.T.);
#700=ADVANCED_FACE('',(#41),#673,.T.);
#701=ADVANCED_FACE('',(#42),#674,.T.);
#702=ADVANCED_FACE('',(#43),#675,.T.);
#703=ADVANCED_FACE('',(#44),#676,.T.);
#704=ADVANCED_FACE('',(#45),#677,.T.);
#705=ADVANCED_FACE('',(#46),#678,.T.);
#706=ADVANCED_FACE('',(#47),#679,.T.);
#707=ADVANCED_FACE('',(#48),#680,.T.);
#708=ADVANCED_FACE('',(#49),#681,.T.);
#709=ADVANCED_FACE('',(#50),#682,.T.);
#710=ADVANCED_FACE('',(#51),#683,.T.);
#711=ADVANCED_FACE('',(#52),#684,.T.);
#712=ADVANCED_FACE('',(#53),#685,.T.);
#713=ADVANCED_FACE('',(#54),#686,.T.);
#714=ADVANCED_FACE('',(#55),#687,.T.);
#715=ADVANCED_FACE('',(#56),#30,.F.);
#716=ADVANCED_FACE('',(#57),#688,.T.);
#717=ADVANCED_FACE('',(#58),#31,.F.);
#718=ADVANCED_FACE('',(#59),#689,.T.);
#719=ADVANCED_FACE('',(#60),#29,.T.);
#720=ADVANCED_FACE('',(#61,#15),#18,.F.);
#721=ADVANCED_FACE('',(#62),#19,.T.);
#722=ADVANCED_FACE('',(#63),#20,.F.);
#723=ADVANCED_FACE('',(#64),#21,.F.);
#724=ADVANCED_FACE('',(#65),#22,.F.);
#725=ADVANCED_FACE('',(#66),#23,.F.);
#726=ADVANCED_FACE('',(#67),#24,.F.);
#727=ADVANCED_FACE('',(#68),#25,.F.);
#728=ADVANCED_FACE('',(#69),#26,.F.);
#729=ADVANCED_FACE('',(#70),#690,.T.);
#730=ADVANCED_FACE('',(#71,#16),#27,.T.);
#731=ADVANCED_FACE('',(#72,#17),#28,.F.);
#732=CLOSED_SHELL('',(#691,#692,#693,#694,#695,#696,#697,#698,#699,#700,
#701,#702,#703,#704,#705,#706,#707,#708,#709,#710,#711,#712,#713,#714,#715,
#716,#717,#718,#719,#720,#721,#722,#723,#724,#725,#726,#727,#728,#729,#730,
#731));
#733=DERIVED_UNIT_ELEMENT(#735,1.);
#734=DERIVED_UNIT_ELEMENT(#2882,-3.);
#735=(
MASS_UNIT()
NAMED_UNIT(*)
SI_UNIT(.KILO.,.GRAM.)
);
#736=DERIVED_UNIT((#733,#734));
#737=MEASURE_REPRESENTATION_ITEM('density measure',
POSITIVE_RATIO_MEASURE(7850.),#736);
#738=PROPERTY_DEFINITION_REPRESENTATION(#743,#740);
#739=PROPERTY_DEFINITION_REPRESENTATION(#744,#741);
#740=REPRESENTATION('material name',(#742),#2879);
#741=REPRESENTATION('density',(#737),#2879);
#742=DESCRIPTIVE_REPRESENTATION_ITEM('Steel','Steel');
#743=PROPERTY_DEFINITION('material property','material name',#2889);
#744=PROPERTY_DEFINITION('material property','density of part',#2889);
#745=AXIS2_PLACEMENT_3D('',#935,#794,#795);
#746=AXIS2_PLACEMENT_3D('',#936,#796,#797);
#747=AXIS2_PLACEMENT_3D('',#952,#799,#800);
#748=AXIS2_PLACEMENT_3D('',#960,#801,#802);
#749=AXIS2_PLACEMENT_3D('',#1008,#804,#805);
#750=AXIS2_PLACEMENT_3D('',#1056,#807,#808);
#751=AXIS2_PLACEMENT_3D('',#1110,#810,#811);
#752=AXIS2_PLACEMENT_3D('',#1158,#813,#814);
#753=AXIS2_PLACEMENT_3D('',#1206,#816,#817);
#754=AXIS2_PLACEMENT_3D('',#1260,#819,#820);
#755=AXIS2_PLACEMENT_3D('',#1308,#822,#823);
#756=AXIS2_PLACEMENT_3D('',#1356,#825,#826);
#757=AXIS2_PLACEMENT_3D('',#1410,#828,#829);
#758=AXIS2_PLACEMENT_3D('',#1458,#831,#832);
#759=AXIS2_PLACEMENT_3D('',#1506,#834,#835);
#760=AXIS2_PLACEMENT_3D('',#1518,#837,#838);
#761=AXIS2_PLACEMENT_3D('',#1523,#839,#840);
#762=AXIS2_PLACEMENT_3D('',#1548,#842,#843);
#763=AXIS2_PLACEMENT_3D('',#1572,#845,#846);
#764=AXIS2_PLACEMENT_3D('',#1597,#848,#849);
#765=AXIS2_PLACEMENT_3D('',#1622,#851,#852);
#766=AXIS2_PLACEMENT_3D('',#1646,#854,#855);
#767=AXIS2_PLACEMENT_3D('',#1671,#857,#858);
#768=AXIS2_PLACEMENT_3D('',#1696,#860,#861);
#769=AXIS2_PLACEMENT_3D('',#1720,#863,#864);
#770=AXIS2_PLACEMENT_3D('',#1745,#866,#867);
#771=AXIS2_PLACEMENT_3D('',#1770,#869,#870);
#772=AXIS2_PLACEMENT_3D('',#2309,#872,#873);
#773=AXIS2_PLACEMENT_3D('',#2311,#874,#875);
#774=AXIS2_PLACEMENT_3D('',#2822,#876,#877);
#775=AXIS2_PLACEMENT_3D('',#2823,#878,#879);
#776=AXIS2_PLACEMENT_3D('',#2824,#880,#881);
#777=AXIS2_PLACEMENT_3D('',#2826,#882,#883);
#778=AXIS2_PLACEMENT_3D('',#2828,#884,#885);
#779=AXIS2_PLACEMENT_3D('',#2829,#886,#887);
#780=AXIS2_PLACEMENT_3D('',#2830,#888,#889);
#781=AXIS2_PLACEMENT_3D('',#2831,#890,#891);
#782=AXIS2_PLACEMENT_3D('',#2832,#892,#893);
#783=AXIS2_PLACEMENT_3D('',#2841,#898,#899);
#784=AXIS2_PLACEMENT_3D('',#2847,#903,#904);
#785=AXIS2_PLACEMENT_3D('',#2853,#908,#909);
#786=AXIS2_PLACEMENT_3D('',#2859,#913,#914);
#787=AXIS2_PLACEMENT_3D('',#2865,#918,#919);
#788=AXIS2_PLACEMENT_3D('',#2868,#922,#923);
#789=AXIS2_PLACEMENT_3D('',#2869,#924,#925);
#790=AXIS2_PLACEMENT_3D('',#2871,#926,#927);
#791=AXIS2_PLACEMENT_3D('',#2874,#929,#930);
#792=AXIS2_PLACEMENT_3D('',#2875,#931,#932);
#793=AXIS2_PLACEMENT_3D('',#2876,#933,#934);
#794=DIRECTION('axis',(0.,0.,1.));
#795=DIRECTION('refdir',(1.,0.,0.));
#796=DIRECTION('center_axis',(0.,0.,-1.));
#797=DIRECTION('ref_axis',(-1.,0.,0.));
#798=DIRECTION('',(0.,0.,1.));
#799=DIRECTION('center_axis',(0.,0.,-1.));
#800=DIRECTION('ref_axis',(-1.,0.,0.));
#801=DIRECTION('center_axis',(0.,0.,-1.));
#802=DIRECTION('ref_axis',(-1.,0.,0.));
#803=DIRECTION('',(0.,0.,1.));
#804=DIRECTION('center_axis',(0.,0.,-1.));
#805=DIRECTION('ref_axis',(-1.,0.,0.));
#806=DIRECTION('',(0.,0.,1.));
#807=DIRECTION('center_axis',(0.,0.,-1.));
#808=DIRECTION('ref_axis',(-1.,0.,0.));
#809=DIRECTION('',(0.,0.,1.));
#810=DIRECTION('center_axis',(0.,0.,-1.));
#811=DIRECTION('ref_axis',(-1.,0.,0.));
#812=DIRECTION('',(0.,0.,1.));
#813=DIRECTION('center_axis',(0.,0.,-1.));
#814=DIRECTION('ref_axis',(-1.,0.,0.));
#815=DIRECTION('',(0.,0.,1.));
#816=DIRECTION('center_axis',(0.,0.,-1.));
#817=DIRECTION('ref_axis',(-1.,0.,0.));
#818=DIRECTION('',(0.,0.,1.));
#819=DIRECTION('center_axis',(0.,0.,-1.));
#820=DIRECTION('ref_axis',(-1.,0.,0.));
#821=DIRECTION('',(0.,0.,1.));
#822=DIRECTION('center_axis',(0.,0.,-1.));
#823=DIRECTION('ref_axis',(-1.,0.,0.));
#824=DIRECTION('',(0.,0.,1.));
#825=DIRECTION('center_axis',(0.,0.,-1.));
#826=DIRECTION('ref_axis',(-1.,0.,0.));
#827=DIRECTION('',(0.,0.,1.));
#828=DIRECTION('center_axis',(0.,0.,-1.));
#829=DIRECTION('ref_axis',(-1.,0.,0.));
#830=DIRECTION('',(0.,0.,1.));
#831=DIRECTION('center_axis',(0.,0.,-1.));
#832=DIRECTION('ref_axis',(-1.,0.,0.));
#833=DIRECTION('',(0.,0.,1.));
#834=DIRECTION('center_axis',(0.,0.,-1.));
#835=DIRECTION('ref_axis',(0.457358192632377,-0.889282566809923,0.));
#836=DIRECTION('',(0.,0.,-1.));
#837=DIRECTION('center_axis',(0.,0.,-1.));
#838=DIRECTION('ref_axis',(-1.,7.53540174823413E-14,0.));
#839=DIRECTION('center_axis',(0.,0.,-1.));
#840=DIRECTION('ref_axis',(-1.,7.53540174823413E-14,0.));
#841=DIRECTION('',(0.,0.,-1.));
#842=DIRECTION('center_axis',(0.,0.,-1.));
#843=DIRECTION('ref_axis',(-1.,7.53540174823413E-14,0.));
#844=DIRECTION('',(0.,0.,-1.));
#845=DIRECTION('center_axis',(0.,0.,-1.));
#846=DIRECTION('ref_axis',(-1.,7.53540174823413E-14,0.));
#847=DIRECTION('',(0.,0.,-1.));
#848=DIRECTION('center_axis',(0.,0.,-1.));
#849=DIRECTION('ref_axis',(-1.,7.53540174823413E-14,0.));
#850=DIRECTION('',(0.,0.,-1.));
#851=DIRECTION('center_axis',(0.,0.,-1.));
#852=DIRECTION('ref_axis',(-1.,7.53540174823413E-14,0.));
#853=DIRECTION('',(0.,0.,-1.));
#854=DIRECTION('center_axis',(0.,0.,-1.));
#855=DIRECTION('ref_axis',(-1.,7.53540174823413E-14,0.));
#856=DIRECTION('',(0.,0.,-1.));
#857=DIRECTION('center_axis',(0.,0.,-1.));
#858=DIRECTION('ref_axis',(-1.,7.53540174823413E-14,0.));
#859=DIRECTION('',(0.,0.,-1.));
#860=DIRECTION('center_axis',(0.,0.,-1.));
#861=DIRECTION('ref_axis',(-1.,7.53540174823413E-14,0.));
#862=DIRECTION('',(0.,0.,-1.));
#863=DIRECTION('center_axis',(0.,0.,-1.));
#864=DIRECTION('ref_axis',(-1.,7.53540174823413E-14,0.));
#865=DIRECTION('',(0.,0.,-1.));
#866=DIRECTION('center_axis',(0.,0.,-1.));
#867=DIRECTION('ref_axis',(-1.,7.53540174823413E-14,0.));
#868=DIRECTION('',(0.,0.,-1.));
#869=DIRECTION('center_axis',(0.,0.,-1.));
#870=DIRECTION('ref_axis',(-1.,7.53540174823413E-14,0.));
#871=DIRECTION('',(0.,0.,-1.));
#872=DIRECTION('center_axis',(0.,0.,-1.));
#873=DIRECTION('ref_axis',(-1.,7.53540174823413E-14,0.));
#874=DIRECTION('center_axis',(0.,0.,1.));
#875=DIRECTION('ref_axis',(-1.,7.53540174823413E-14,0.));
#876=DIRECTION('center_axis',(0.,0.,-1.));
#877=DIRECTION('ref_axis',(-1.,0.,0.));
#878=DIRECTION('center_axis',(0.,0.,1.));
#879=DIRECTION('ref_axis',(-1.,0.,0.));
#880=DIRECTION('center_axis',(0.,-1.22464679914735E-16,-1.));
#881=DIRECTION('ref_axis',(1.,0.,0.));
#882=DIRECTION('center_axis',(0.,-6.12323399573677E-17,-1.));
#883=DIRECTION('ref_axis',(-1.,0.,0.));
#884=DIRECTION('center_axis',(1.22464679914735E-16,1.,-1.22464679914735E-16));
#885=DIRECTION('ref_axis',(-1.,1.22464679914735E-16,-1.49975978266186E-32));
#886=DIRECTION('center_axis',(0.,6.12323399573677E-17,1.));
#887=DIRECTION('ref_axis',(-1.,0.,0.));
#888=DIRECTION('center_axis',(0.,0.,1.));
#889=DIRECTION('ref_axis',(1.,0.,0.));
#890=DIRECTION('center_axis',(0.,0.,-1.));
#891=DIRECTION('ref_axis',(-1.,0.,0.));
#892=DIRECTION('center_axis',(0.499999999999904,0.866025403784494,0.));
#893=DIRECTION('ref_axis',(0.866025403784494,-0.499999999999904,0.));
#894=DIRECTION('',(0.866025403784494,-0.499999999999904,0.));
#895=DIRECTION('',(0.,0.,-1.));
#896=DIRECTION('',(0.866025403784494,-0.499999999999904,0.));
#897=DIRECTION('',(0.,0.,-1.));
#898=DIRECTION('center_axis',(-0.500000000000087,0.866025403784388,0.));
#899=DIRECTION('ref_axis',(0.866025403784388,0.500000000000087,0.));
#900=DIRECTION('',(0.866025403784388,0.500000000000087,0.));
#901=DIRECTION('',(0.,0.,-1.));
#902=DIRECTION('',(0.866025403784388,0.500000000000087,0.));
#903=DIRECTION('center_axis',(-1.,-1.00570948497864E-13,0.));
#904=DIRECTION('ref_axis',(-1.00570948497864E-13,1.,0.));
#905=DIRECTION('',(-1.00570948497864E-13,1.,0.));
#906=DIRECTION('',(0.,0.,-1.));
#907=DIRECTION('',(-1.00570948497864E-13,1.,0.));
#908=DIRECTION('center_axis',(-0.499999999999939,-0.866025403784474,0.));
#909=DIRECTION('ref_axis',(-0.866025403784474,0.499999999999939,0.));
#910=DIRECTION('',(-0.866025403784474,0.499999999999939,0.));
#911=DIRECTION('',(0.,0.,-1.));
#912=DIRECTION('',(-0.866025403784474,0.499999999999939,0.));
#913=DIRECTION('center_axis',(0.50000000000013,-0.866025403784364,0.));
#914=DIRECTION('ref_axis',(-0.866025403784364,-0.50000000000013,0.));
#915=DIRECTION('',(-0.866025403784364,-0.50000000000013,0.));
#916=DIRECTION('',(0.,0.,-1.));
#917=DIRECTION('',(-0.866025403784364,-0.50000000000013,0.));
#918=DIRECTION('center_axis',(1.,0.,0.));
#919=DIRECTION('ref_axis',(0.,-1.,0.));
#920=DIRECTION('',(0.,-1.,0.));
#921=DIRECTION('',(0.,-1.,0.));
#922=DIRECTION('center_axis',(0.,0.,-1.));
#923=DIRECTION('ref_axis',(-1.,0.,0.));
#924=DIRECTION('center_axis',(0.,0.,1.));
#925=DIRECTION('ref_axis',(1.,0.,0.));
#926=DIRECTION('center_axis',(0.,0.,1.));
#927=DIRECTION('ref_axis',(1.,0.,0.));
#928=DIRECTION('',(0.,0.,-1.));
#929=DIRECTION('center_axis',(0.,0.,1.));
#930=DIRECTION('ref_axis',(1.,0.,0.));
#931=DIRECTION('center_axis',(0.,0.,1.));
#932=DIRECTION('ref_axis',(1.,0.,0.));
#933=DIRECTION('center_axis',(0.,0.,1.));
#934=DIRECTION('ref_axis',(1.,0.,0.));
#935=CARTESIAN_POINT('',(0.,0.,0.));
#936=CARTESIAN_POINT('Origin',(0.,0.,0.));
#937=CARTESIAN_POINT('',(1.46503128284476,0.00103906131117316,-0.160655045842906));
#938=CARTESIAN_POINT('',(1.46470394605714,0.00161406843743519,-0.0893449541570889));
#939=CARTESIAN_POINT('',(1.4635,-1.79227059055215E-16,0.));
#940=CARTESIAN_POINT('',(-0.634007094575212,1.31904027763685,0.));
#941=CARTESIAN_POINT('Ctrl Pts',(1.46503128284476,0.00103906131117316,-0.160655045842906));
#942=CARTESIAN_POINT('Ctrl Pts',(1.46546499559451,0.058976574217566,-0.157494987326256));
#943=CARTESIAN_POINT('Ctrl Pts',(1.4623236682758,0.116863886186636,-0.154334928809607));
#944=CARTESIAN_POINT('Ctrl Pts',(1.45544898512648,0.174300813851844,-0.151174870292958));
#945=CARTESIAN_POINT('Ctrl Pts',(1.39813333483525,0.653164317573995,-0.124828811150133));
#946=CARTESIAN_POINT('Ctrl Pts',(1.08131583335085,1.10072205621422,-0.0984827520073085));
#947=CARTESIAN_POINT('Ctrl Pts',(0.648742152100197,1.31433466596034,-0.072136692864484));
#948=CARTESIAN_POINT('Ctrl Pts',(0.253940098195599,1.50929497150612,-0.0480911285763227));
#949=CARTESIAN_POINT('Ctrl Pts',(-0.23728543702359,1.50938184731267,-0.0240455642881613));
#950=CARTESIAN_POINT('Ctrl Pts',(-0.635539952563706,1.32078352177447,-3.57786716920216E-17));
#951=CARTESIAN_POINT('',(0.634007094575231,1.31904027763684,0.));
#952=CARTESIAN_POINT('Origin',(0.,0.,0.));
#953=CARTESIAN_POINT('Ctrl Pts',(0.63400709457523,1.31904027763684,-9.0205620750794E-16));
#954=CARTESIAN_POINT('Ctrl Pts',(1.07070748843384,1.10913679507891,-0.0263460591428251));
#955=CARTESIAN_POINT('Ctrl Pts',(1.39135181087227,0.667279947094387,-0.0526921182856493));
#956=CARTESIAN_POINT('Ctrl Pts',(1.45341815338711,0.189733002957425,-0.0790381774284736));
#957=CARTESIAN_POINT('Ctrl Pts',(1.46151176024237,0.127459682762175,-0.0824737696713454));
#958=CARTESIAN_POINT('Ctrl Pts',(1.46520829648047,0.0645794590975665,-0.0859093619142171));
#959=CARTESIAN_POINT('Ctrl Pts',(1.46470394605714,0.00161406843743519,-0.0893449541570889));
#960=CARTESIAN_POINT('Origin',(0.,0.,0.));
#961=CARTESIAN_POINT('',(1.46125743268991,0.00041761670942192,-0.660655045842906));
#962=CARTESIAN_POINT('',(1.46121485203182,0.000347455851091874,-0.589344954157089));
#963=CARTESIAN_POINT('',(1.4635,-1.79227059055215E-16,0.));
#964=CARTESIAN_POINT('Ctrl Pts',(1.46125743268991,0.00041761670942192,-0.660655045842906));
#965=CARTESIAN_POINT('Ctrl Pts',(1.46181450122983,0.217293231160547,-0.648904675516537));
#966=CARTESIAN_POINT('Ctrl Pts',(1.4165791397572,0.433947548334344,-0.637154305190168));
#967=CARTESIAN_POINT('Ctrl Pts',(1.32436685601536,0.628313783615228,-0.625403934863799));
#968=CARTESIAN_POINT('Ctrl Pts',(1.11761334836585,1.06411148086625,-0.599057875720974));
#969=CARTESIAN_POINT('Ctrl Pts',(0.67469634056071,1.38786200309332,-0.57271181657815));
#970=CARTESIAN_POINT('Ctrl Pts',(0.196701533822445,1.45259185707133,-0.546365757435326));
#971=CARTESIAN_POINT('Ctrl Pts',(-0.28129327291582,1.51732171104934,-0.520019698292501));
#972=CARTESIAN_POINT('Ctrl Pts',(-0.794365878587209,1.3230308967783,-0.493673639149676));
#973=CARTESIAN_POINT('Ctrl Pts',(-1.10957375239639,0.957906713449287,-0.467327580006852));
#974=CARTESIAN_POINT('Ctrl Pts',(-1.42478162620558,0.592782530120269,-0.440981520864027));
#975=CARTESIAN_POINT('Ctrl Pts',(-1.54212476815256,0.0568249777332711,-0.414635461721203));
#976=CARTESIAN_POINT('Ctrl Pts',(-1.40833555618609,-0.406595015091304,-0.388289402578378));
#977=CARTESIAN_POINT('Ctrl Pts',(-1.27454634421962,-0.870015007915878,-0.361943343435554));
#978=CARTESIAN_POINT('Ctrl Pts',(-0.889624778339704,-1.26089744117803,-0.335597284292729));
#979=CARTESIAN_POINT('Ctrl Pts',(-0.428314754387469,-1.40185888331548,-0.309251225149905));
#980=CARTESIAN_POINT('Ctrl Pts',(0.0329952695647653,-1.54282032545294,-0.28290516600708));
#981=CARTESIAN_POINT('Ctrl Pts',(0.570693751589321,-1.4338607764657,-0.256559106864256));
#982=CARTESIAN_POINT('Ctrl Pts',(0.94063609305256,-1.12429636757004,-0.230213047721431));
#983=CARTESIAN_POINT('Ctrl Pts',(1.2662059748446,-0.851862432020664,-0.207027047095256));
#984=CARTESIAN_POINT('Ctrl Pts',(1.46184904301145,-0.424060411831187,-0.183841046469081));
#985=CARTESIAN_POINT('Ctrl Pts',(1.46503128284476,0.00103906131117316,-0.160655045842906));
#986=CARTESIAN_POINT('Ctrl Pts',(1.46470394605714,0.00161406843743519,-0.0893449541570889));
#987=CARTESIAN_POINT('Ctrl Pts',(1.46134065295865,-0.418274671722165,-0.112255421057042));
#988=CARTESIAN_POINT('Ctrl Pts',(1.27116499534528,-0.841950766574827,-0.135165887956994));
#989=CARTESIAN_POINT('Ctrl Pts',(0.952355198146368,-1.11469360293076,-0.158076354856947));
#990=CARTESIAN_POINT('Ctrl Pts',(0.58573753779953,-1.42833622439258,-0.184422413999772));
#991=CARTESIAN_POINT('Ctrl Pts',(0.0490138545146038,-1.54238442702679,-0.210768473142596));
#992=CARTESIAN_POINT('Ctrl Pts',(-0.413779887369646,-1.40610411810514,-0.23711453228542));
#993=CARTESIAN_POINT('Ctrl Pts',(-0.876573629253898,-1.26982380918348,-0.263460591428245));
#994=CARTESIAN_POINT('Ctrl Pts',(-1.26543742973747,-0.883214988705961,-0.28980665057107));
#995=CARTESIAN_POINT('Ctrl Pts',(-1.40400999829508,-0.421270141682357,-0.316152709713894));
#996=CARTESIAN_POINT('Ctrl Pts',(-1.54258256685269,0.0406747053412464,-0.342498768856719));
#997=CARTESIAN_POINT('Ctrl Pts',(-1.43086390348434,0.577955578910929,-0.368844827999543));
#998=CARTESIAN_POINT('Ctrl Pts',(-1.11947773659068,0.946365821943201,-0.395190887142368));
#999=CARTESIAN_POINT('Ctrl Pts',(-0.808091569697026,1.31477606497547,-0.421536946285192));
#1000=CARTESIAN_POINT('Ctrl Pts',(-0.297037899278059,1.51431567747033,-0.447883005428017));
#1001=CARTESIAN_POINT('Ctrl Pts',(0.1816098654651,1.45453772272234,-0.474229064570841));
#1002=CARTESIAN_POINT('Ctrl Pts',(0.660257630208258,1.39475976797434,-0.500575123713666));
#1003=CARTESIAN_POINT('Ctrl Pts',(1.10649948927561,1.07566424598349,-0.52692118285649));
#1004=CARTESIAN_POINT('Ctrl Pts',(1.31776521753775,0.642046367546558,-0.553267241999315));
#1005=CARTESIAN_POINT('Ctrl Pts',(1.41419942668866,0.444117448716543,-0.565293146051906));
#1006=CARTESIAN_POINT('Ctrl Pts',(1.46167515960097,0.222327212366143,-0.577319050104498));
#1007=CARTESIAN_POINT('Ctrl Pts',(1.46121485203182,0.000347455851091874,
-0.589344954157089));
#1008=CARTESIAN_POINT('Origin',(0.,0.,0.));
#1009=CARTESIAN_POINT('',(1.4635696389935,-0.0013035208877267,-1.16065504584291));
#1010=CARTESIAN_POINT('',(1.46372135420254,-0.0012936447782678,-1.08934495415709));
#1011=CARTESIAN_POINT('',(1.4635,-1.79227059055215E-16,0.));
#1012=CARTESIAN_POINT('Ctrl Pts',(1.4635696389935,-0.0013035208877267,-1.16065504584291));
#1013=CARTESIAN_POINT('Ctrl Pts',(1.46017551356695,0.372623085695253,-1.14031436370682));
#1014=CARTESIAN_POINT('Ctrl Pts',(1.31398115194146,0.748909328074609,-1.11997368157073));
#1015=CARTESIAN_POINT('Ctrl Pts',(1.05558522937284,1.01708613295476,-1.09963299943464));
#1016=CARTESIAN_POINT('Ctrl Pts',(0.720900570681893,1.36443937877196,-1.07328694029182));
#1017=CARTESIAN_POINT('Ctrl Pts',(0.19798142384951,1.53042327054573,-1.04694088114899));
#1018=CARTESIAN_POINT('Ctrl Pts',(-0.275763026718974,1.43968012107342,-1.02059482200617));
#1019=CARTESIAN_POINT('Ctrl Pts',(-0.749507477287455,1.34893697160111,-0.994248762863342));
#1020=CARTESIAN_POINT('Ctrl Pts',(-1.17407723159204,1.00146678088273,-0.967902703720517));
#1021=CARTESIAN_POINT('Ctrl Pts',(-1.35671434892079,0.555023157560544,-0.941556644577693));
#1022=CARTESIAN_POINT('Ctrl Pts',(-1.53935146624955,0.10857953423835,-0.915210585434868));
#1023=CARTESIAN_POINT('Ctrl Pts',(-1.48005594660247,-0.436837521687658,
-0.888864526292044));
#1024=CARTESIAN_POINT('Ctrl Pts',(-1.20574855162137,-0.833603668494086,
-0.862518467149219));
#1025=CARTESIAN_POINT('Ctrl Pts',(-0.931441156640272,-1.23036981530051,
-0.836172408006395));
#1026=CARTESIAN_POINT('Ctrl Pts',(-0.442121886325164,-1.47848505298736,
-0.80982634886357));
#1027=CARTESIAN_POINT('Ctrl Pts',(0.0400549146095039,-1.46530489974937,
-0.783480289720746));
#1028=CARTESIAN_POINT('Ctrl Pts',(0.522231715544174,-1.45212474651139,-0.757134230577921));
#1029=CARTESIAN_POINT('Ctrl Pts',(0.997266047098401,-1.17764920234858,-0.730788171435097));
#1030=CARTESIAN_POINT('Ctrl Pts',(1.24948820912858,-0.766488994129682,-0.704442112292273));
#1031=CARTESIAN_POINT('Ctrl Pts',(1.38921901932866,-0.538706674947171,-0.689846423475817));
#1032=CARTESIAN_POINT('Ctrl Pts',(1.46056547159999,-0.268973806070053,-0.675250734659361));
#1033=CARTESIAN_POINT('Ctrl Pts',(1.46125743268991,0.00041761670942192,
-0.660655045842906));
#1034=CARTESIAN_POINT('Ctrl Pts',(1.46121485203182,0.000347455851091874,
-0.589344954157089));
#1035=CARTESIAN_POINT('Ctrl Pts',(1.46066672893434,-0.263980658383501,-0.603665109247322));
#1036=CARTESIAN_POINT('Ctrl Pts',(1.39214784483294,-0.528577502152022,-0.617985264337555));
#1037=CARTESIAN_POINT('Ctrl Pts',(1.25738453836362,-0.753474267563458,-0.632305419427788));
#1038=CARTESIAN_POINT('Ctrl Pts',(1.00944853347043,-1.16723678935352,-0.658651478570613));
#1039=CARTESIAN_POINT('Ctrl Pts',(0.537286926227105,-1.44662159805064,-0.684997537713437));
#1040=CARTESIAN_POINT('Ctrl Pts',(0.0552720952554285,-1.46480708378618,
-0.711343596856262));
#1041=CARTESIAN_POINT('Ctrl Pts',(-0.426742735716249,-1.48299256952172,
-0.737689655999087));
#1042=CARTESIAN_POINT('Ctrl Pts',(-0.918610790416282,-1.23997873229569,
-0.764035715141911));
#1043=CARTESIAN_POINT('Ctrl Pts',(-1.19702419644699,-0.846084529567616,
-0.790381774284736));
#1044=CARTESIAN_POINT('Ctrl Pts',(-1.47543760247771,-0.452190326839543,
-0.816727833427561));
#1045=CARTESIAN_POINT('Ctrl Pts',(-1.5403963598391,0.0925842413905664,-0.843073892570385));
#1046=CARTESIAN_POINT('Ctrl Pts',(-1.36240663925538,0.540901555158825,-0.869419951713209));
#1047=CARTESIAN_POINT('Ctrl Pts',(-1.18441691867166,0.989218868927081,-0.895766010856034));
#1048=CARTESIAN_POINT('Ctrl Pts',(-0.763478720142826,1.34107892823349,-0.922112069998858));
#1049=CARTESIAN_POINT('Ctrl Pts',(-0.290702238455101,1.43673770750273,-0.948458129141682));
#1050=CARTESIAN_POINT('Ctrl Pts',(0.182074243232628,1.53239648677198,-0.974804188284507));
#1051=CARTESIAN_POINT('Ctrl Pts',(0.706689008079252,1.37185398600406,-1.00115024742733));
#1052=CARTESIAN_POINT('Ctrl Pts',(1.04496357859369,1.0279960832451,-1.02749630657016));
#1053=CARTESIAN_POINT('Ctrl Pts',(1.30966888152533,0.758921732853271,-1.04811252243247));
#1054=CARTESIAN_POINT('Ctrl Pts',(1.46027221911721,0.377597592666024,-1.06872873829478));
#1055=CARTESIAN_POINT('Ctrl Pts',(1.46372135420254,-0.0012936447782678,
-1.08934495415709));
#1056=CARTESIAN_POINT('Origin',(0.,0.,0.));
#1057=CARTESIAN_POINT('',(1.46529029737413,0.000798054495259153,-1.66065504584291));
#1058=CARTESIAN_POINT('',(1.46517827569903,0.000867199483999733,-1.58934495415709));
#1059=CARTESIAN_POINT('',(1.4635,-1.79227059055215E-16,0.));
#1060=CARTESIAN_POINT('Ctrl Pts',(1.46529029737413,0.000798054495259153,
-1.66065504584291));
#1061=CARTESIAN_POINT('Ctrl Pts',(1.4656029700807,0.0481726851281077,-1.65807011103992));
#1062=CARTESIAN_POINT('Ctrl Pts',(1.46350270349861,0.0955192537083718,-1.65548517623694));
#1063=CARTESIAN_POINT('Ctrl Pts',(1.4588980654718,0.142620996455151,-1.65290024143396));
#1064=CARTESIAN_POINT('Ctrl Pts',(1.41196687570035,0.622689313344425,-1.62655418229113));
#1065=CARTESIAN_POINT('Ctrl Pts',(1.104881462715,1.07732511116092,-1.60020812314831));
#1066=CARTESIAN_POINT('Ctrl Pts',(0.677060914261821,1.300120315313,-1.57386206400548));
#1067=CARTESIAN_POINT('Ctrl Pts',(0.24924036580864,1.52291551946509,-1.54751600486266));
#1068=CARTESIAN_POINT('Ctrl Pts',(-0.299315318112372,1.51387012995275,-1.52116994571983));
#1069=CARTESIAN_POINT('Ctrl Pts',(-0.719557731841728,1.2770908269227,-1.49482388657701));
#1070=CARTESIAN_POINT('Ctrl Pts',(-1.13980014557108,1.04031152389266,-1.46847782743418));
#1071=CARTESIAN_POINT('Ctrl Pts',(-1.43172928910878,0.575798307344911,-1.44213176829136));
#1072=CARTESIAN_POINT('Ctrl Pts',(-1.46280713382762,0.0944436614776357,
-1.41578570914853));
#1073=CARTESIAN_POINT('Ctrl Pts',(-1.49388497854645,-0.386910984389645,
-1.38943965000571));
#1074=CARTESIAN_POINT('Ctrl Pts',(-1.26411152444641,-0.885107059576457,
-1.36309359086289));
#1075=CARTESIAN_POINT('Ctrl Pts',(-0.877805651144007,-1.17395977966014,
-1.33674753172006));
#1076=CARTESIAN_POINT('Ctrl Pts',(-0.491499777841601,-1.46281249974382,
-1.31040147257724));
#1077=CARTESIAN_POINT('Ctrl Pts',(0.051338514663179,-1.54232186472437,-1.28405541343441));
#1078=CARTESIAN_POINT('Ctrl Pts',(0.504256564581372,-1.37639006102778,-1.25770935429159));
#1079=CARTESIAN_POINT('Ctrl Pts',(0.957174614499568,-1.21045825733118,-1.23136329514876));
#1080=CARTESIAN_POINT('Ctrl Pts',(1.32017242183117,-0.799085284957452,-1.20501723600594));
#1081=CARTESIAN_POINT('Ctrl Pts',(1.42844624022223,-0.329037498840264,-1.17867117686311));
#1082=CARTESIAN_POINT('Ctrl Pts',(1.45312640570247,-0.221893802262622,-1.17266579985638));
#1083=CARTESIAN_POINT('Ctrl Pts',(1.4645717195854,-0.11170150215288,-1.16666042284964));
#1084=CARTESIAN_POINT('Ctrl Pts',(1.4635696389935,-0.0013035208877267,-1.16065504584291));
#1085=CARTESIAN_POINT('Ctrl Pts',(1.46372135420254,-0.0012936447782678,
-1.08934495415709));
#1086=CARTESIAN_POINT('Ctrl Pts',(1.46467996870407,-0.10659848953809,-1.0950747974376));
#1087=CARTESIAN_POINT('Ctrl Pts',(1.45427173001642,-0.211715405935476,-1.10080464071812));
#1088=CARTESIAN_POINT('Ctrl Pts',(1.43178705672407,-0.314182330452689,-1.10653448399863));
#1089=CARTESIAN_POINT('Ctrl Pts',(1.32840158815775,-0.785329536641527,-1.13288054314145));
#1090=CARTESIAN_POINT('Ctrl Pts',(0.969696274842852,-1.20045064426921,-1.15922660228428));
#1091=CARTESIAN_POINT('Ctrl Pts',(0.518526185374948,-1.3710779979691,-1.1855726614271));
#1092=CARTESIAN_POINT('Ctrl Pts',(0.0673560959070434,-1.541705351669,-1.21191872056993));
#1093=CARTESIAN_POINT('Ctrl Pts',(-0.476278769713866,-1.46783895144112,
-1.23826477971275));
#1094=CARTESIAN_POINT('Ctrl Pts',(-0.865564176763278,-1.18301446185607,
-1.26461083885558));
#1095=CARTESIAN_POINT('Ctrl Pts',(-1.25484958381269,-0.898189972271023,
-1.2909568979984));
#1096=CARTESIAN_POINT('Ctrl Pts',(-1.4897855322906,-0.402407393328811,-1.31730295714123));
#1097=CARTESIAN_POINT('Ctrl Pts',(-1.46370929065407,0.0792441304649637,
-1.34364901628405));
#1098=CARTESIAN_POINT('Ctrl Pts',(-1.43763304901753,0.560895654258738,-1.36999507542687));
#1099=CARTESIAN_POINT('Ctrl Pts',(-1.15054461726654,1.02841612290408,-1.3963411345697));
#1100=CARTESIAN_POINT('Ctrl Pts',(-0.732784325855801,1.26954779265961,-1.42268719371252));
#1101=CARTESIAN_POINT('Ctrl Pts',(-0.315024034445059,1.51067946241514,-1.44903325285535));
#1102=CARTESIAN_POINT('Ctrl Pts',(0.233408116625437,1.52542233328086,-1.47537931199817));
#1103=CARTESIAN_POINT('Ctrl Pts',(0.663519817794032,1.30708299650314,-1.501725371141));
#1104=CARTESIAN_POINT('Ctrl Pts',(1.09363151896263,1.08874365972542,-1.52807143028382));
#1105=CARTESIAN_POINT('Ctrl Pts',(1.40542277022932,0.637322115304255,-1.55441748942665));
#1106=CARTESIAN_POINT('Ctrl Pts',(1.45733799195066,0.157767157987315,-1.58076354856947));
#1107=CARTESIAN_POINT('Ctrl Pts',(1.4629745790818,0.105700476743133,-1.58362401709868));
#1108=CARTESIAN_POINT('Ctrl Pts',(1.46554772714841,0.0533021566162334,-1.58648448562788));
#1109=CARTESIAN_POINT('Ctrl Pts',(1.46517827569903,0.000867199483999733,
-1.58934495415709));
#1110=CARTESIAN_POINT('Origin',(0.,0.,0.));
#1111=CARTESIAN_POINT('',(1.46136619687783,0.000574596259720825,-2.16065504584291));
#1112=CARTESIAN_POINT('',(1.46130989672292,0.000499672696070921,-2.08934495415709));
#1113=CARTESIAN_POINT('',(1.4635,-1.79227059055215E-16,0.));
#1114=CARTESIAN_POINT('Ctrl Pts',(1.46136619687783,0.000574596259720825,
-2.16065504584291));
#1115=CARTESIAN_POINT('Ctrl Pts',(1.46210121315099,0.206796289715654,-2.1494797992302));
#1116=CARTESIAN_POINT('Ctrl Pts',(1.42134847578679,0.412740605409872,-2.1383045526175));
#1117=CARTESIAN_POINT('Ctrl Pts',(1.33767765581899,0.599452085738624,-2.1271293060048));
#1118=CARTESIAN_POINT('Ctrl Pts',(1.1404205886779,1.03963133849839,-2.10078324686197));
#1119=CARTESIAN_POINT('Ctrl Pts',(0.704625614433964,1.37291484901109,-2.07443718771915));
#1120=CARTESIAN_POINT('Ctrl Pts',(0.228146929298297,1.4479893966052,-2.04809112857632));
#1121=CARTESIAN_POINT('Ctrl Pts',(-0.24833175583736,1.5230639441993,-2.0217450694335));
#1122=CARTESIAN_POINT('Ctrl Pts',(-0.765494151864748,1.33992952887484,-1.99539901029067));
#1123=CARTESIAN_POINT('Ctrl Pts',(-1.08854464109489,0.981730552772921,-1.96905295114785));
#1124=CARTESIAN_POINT('Ctrl Pts',(-1.41159513032504,0.623531576671002,-1.94270689200502));
#1125=CARTESIAN_POINT('Ctrl Pts',(-1.54053371275794,0.0902680397916299,
-1.9163608328622));
#1126=CARTESIAN_POINT('Ctrl Pts',(-1.41682130210342,-0.375954401316483,
-1.89001477371938));
#1127=CARTESIAN_POINT('Ctrl Pts',(-1.29310889144889,-0.842176842424594,
-1.86366871457655));
#1128=CARTESIAN_POINT('Ctrl Pts',(-0.916745487706947,-1.24135818776144,
-1.83732265543373));
#1129=CARTESIAN_POINT('Ctrl Pts',(-0.458602907115417,-1.39226710363986,
-1.8109765962909));
#1130=CARTESIAN_POINT('Ctrl Pts',(-0.000460326523885543,-1.54317601951827,
-1.78463053714808));
#1131=CARTESIAN_POINT('Ctrl Pts',(0.539461430917229,-1.44581250593825,-1.75828447800525));
#1132=CARTESIAN_POINT('Ctrl Pts',(0.916033826359012,-1.14438033116721,-1.73193841886243));
#1133=CARTESIAN_POINT('Ctrl Pts',(1.25565894685757,-0.872523073657254,-1.70817729452259));
#1134=CARTESIAN_POINT('Ctrl Pts',(1.46241616103229,-0.434676947706715,-1.68441617018275));
#1135=CARTESIAN_POINT('Ctrl Pts',(1.46529029737413,0.000798054495259153,
-1.66065504584291));
#1136=CARTESIAN_POINT('Ctrl Pts',(1.46517827569903,0.000867199483999733,
-1.58934495415709));
#1137=CARTESIAN_POINT('Ctrl Pts',(1.46214493154467,-0.429644768914451,-1.61283054477071));
#1138=CARTESIAN_POINT('Ctrl Pts',(1.26074899124446,-0.862626462280096,-1.63631613538433));
#1139=CARTESIAN_POINT('Ctrl Pts',(0.927871342797967,-1.13480362347287,-1.65980172599794));
#1140=CARTESIAN_POINT('Ctrl Pts',(0.554450279747921,-1.44013107740341,-1.68614778514077));
#1141=CARTESIAN_POINT('Ctrl Pts',(0.0155689614718258,-1.54309761505176,
-1.71249384428359));
#1142=CARTESIAN_POINT('Ctrl Pts',(-0.444116442027785,-1.396955648823,-1.73883990342642));
#1143=CARTESIAN_POINT('Ctrl Pts',(-0.903801845527394,-1.25081368259425,
-1.76518596256924));
#1144=CARTESIAN_POINT('Ctrl Pts',(-1.28429133425052,-0.855563212488385,
-1.79153202171207));
#1145=CARTESIAN_POINT('Ctrl Pts',(-1.41283981748016,-0.390650927510785,
-1.81787808085489));
#1146=CARTESIAN_POINT('Ctrl Pts',(-1.54138830070981,0.0742613574668133,
-1.84422413999772));
#1147=CARTESIAN_POINT('Ctrl Pts',(-1.41799577844596,0.608835457316151,-1.87057019914054));
#1148=CARTESIAN_POINT('Ctrl Pts',(-1.09868338440055,0.970370711221052,-1.89691625828337));
#1149=CARTESIAN_POINT('Ctrl Pts',(-0.779370990355131,1.33190596512596,-1.92326231742619));
#1150=CARTESIAN_POINT('Ctrl Pts',(-0.264138724528142,1.52040237308642,-1.94960837656901));
#1151=CARTESIAN_POINT('Ctrl Pts',(0.213094089259054,1.45028114735348,-1.97595443571184));
#1152=CARTESIAN_POINT('Ctrl Pts',(0.690326903046248,1.38015992162054,-2.00230049485466));
#1153=CARTESIAN_POINT('Ctrl Pts',(1.12956026479365,1.05142106219419,-2.02864655399749));
#1154=CARTESIAN_POINT('Ctrl Pts',(1.33137892437555,0.613314484295783,-2.05499261314031));
#1155=CARTESIAN_POINT('Ctrl Pts',(1.41909531211464,0.422900344505189,-2.06644339347924));
#1156=CARTESIAN_POINT('Ctrl Pts',(1.46196335167251,0.211826315191829,-2.07789417381816));
#1157=CARTESIAN_POINT('Ctrl Pts',(1.46130989672292,0.000499672696070921,
-2.08934495415709));
#1158=CARTESIAN_POINT('Origin',(0.,0.,0.));
#1159=CARTESIAN_POINT('',(1.46325554656789,-0.00130615647503107,-2.6606550458429));
#1160=CARTESIAN_POINT('',(1.46340545682799,-0.00130791713992142,-2.58934495415709));
#1161=CARTESIAN_POINT('',(1.4635,-1.79227059055215E-16,0.));
#1162=CARTESIAN_POINT('Ctrl Pts',(1.46325554656789,-0.00130615647503107,
-2.6606550458429));
#1163=CARTESIAN_POINT('Ctrl Pts',(1.4600153229767,0.362247357095029,-2.64088948742048));
#1164=CARTESIAN_POINT('Ctrl Pts',(1.32276872375753,0.727985382623056,-2.62112392899806));
#1165=CARTESIAN_POINT('Ctrl Pts',(1.07738751356365,0.993962001083259,-2.60135837057564));
#1166=CARTESIAN_POINT('Ctrl Pts',(0.750312116140438,1.34848958744336,-2.57501231143282));
#1167=CARTESIAN_POINT('Ctrl Pts',(0.231114377806442,1.52577147156563,-2.54866625228999));
#1168=CARTESIAN_POINT('Ctrl Pts',(-0.244486023014128,1.44532034460615,-2.52232019314716));
#1169=CARTESIAN_POINT('Ctrl Pts',(-0.720086423834701,1.36486921764667,-2.49597413400434));
#1170=CARTESIAN_POINT('Ctrl Pts',(-1.15208948714184,1.02668507960544,-2.46962807486151));
#1171=CARTESIAN_POINT('Ctrl Pts',(-1.34436257282139,0.584306072856129,-2.44328201571869));
#1172=CARTESIAN_POINT('Ctrl Pts',(-1.53663565850093,0.141927066106828,-2.41693595657587));
#1173=CARTESIAN_POINT('Ctrl Pts',(-1.48917876655289,-0.404646809350546,
-2.39058989743304));
#1174=CARTESIAN_POINT('Ctrl Pts',(-1.22353768287476,-0.807266902928938,
-2.36424383829022));
#1175=CARTESIAN_POINT('Ctrl Pts',(-0.957896599196627,-1.20988699650734,
-2.33789777914739));
#1176=CARTESIAN_POINT('Ctrl Pts',(-0.474071323788389,-1.46855330820675,
-2.31155172000457));
#1177=CARTESIAN_POINT('Ctrl Pts',(0.00827782915185534,-1.46582938691122,
-2.28520566086174));
#1178=CARTESIAN_POINT('Ctrl Pts',(0.490626982092099,-1.4631054656157,-2.25885960171892));
#1179=CARTESIAN_POINT('Ctrl Pts',(0.971500012564349,-1.19899131132524,-2.2325135425761));
#1180=CARTESIAN_POINT('Ctrl Pts',(1.23257694778135,-0.7933967366766,-2.20616748343327));
#1181=CARTESIAN_POINT('Ctrl Pts',(1.38291249582837,-0.559843808632529,-2.19099667090315));
#1182=CARTESIAN_POINT('Ctrl Pts',(1.46036838497505,-0.279379015458158,-2.17582585837303));
#1183=CARTESIAN_POINT('Ctrl Pts',(1.46136619687783,0.000574596259720825,
-2.16065504584291));
#1184=CARTESIAN_POINT('Ctrl Pts',(1.46130989672292,0.000499672696070921,
-2.08934495415709));
#1185=CARTESIAN_POINT('Ctrl Pts',(1.46045987660448,-0.274395938388671,-2.10424023296099));
#1186=CARTESIAN_POINT('Ctrl Pts',(1.38596695242921,-0.549718997302706,-2.11913551176489));
#1187=CARTESIAN_POINT('Ctrl Pts',(1.24075166776981,-0.780550956559523,-2.13403079056879));
#1188=CARTESIAN_POINT('Ctrl Pts',(0.983901794165747,-1.18883552314597,-2.16037684971161));
#1189=CARTESIAN_POINT('Ctrl Pts',(0.505798089541214,-1.45793035994843,-2.18672290885444));
#1190=CARTESIAN_POINT('Ctrl Pts',(0.0235032318839208,-1.46566438691643,
-2.21306896799726));
#1191=CARTESIAN_POINT('Ctrl Pts',(-0.458791625773378,-1.47339841388443,
-2.23941502714008));
#1192=CARTESIAN_POINT('Ctrl Pts',(-0.945277636463436,-1.21977163101797,
-2.26576108628291));
#1193=CARTESIAN_POINT('Ctrl Pts',(-1.2150864921388,-0.819932505484842,-2.29210714542573));
#1194=CARTESIAN_POINT('Ctrl Pts',(-1.48489534781416,-0.420093379951717,
-2.31845320456856));
#1195=CARTESIAN_POINT('Ctrl Pts',(-1.53802704847483,0.12595808824808,-2.34479926371138));
#1196=CARTESIAN_POINT('Ctrl Pts',(-1.35035940239354,0.570310425376805,-2.37114532285421));
#1197=CARTESIAN_POINT('Ctrl Pts',(-1.16269175631224,1.01466276250553,-2.39749138199703));
#1198=CARTESIAN_POINT('Ctrl Pts',(-0.734224763488977,1.35731596856319,-2.42383744113986));
#1199=CARTESIAN_POINT('Ctrl Pts',(-0.259485661436087,1.44270291066874,-2.45018350028268));
#1200=CARTESIAN_POINT('Ctrl Pts',(0.215253440616809,1.52808985277429,-2.4765295594255));
#1201=CARTESIAN_POINT('Ctrl Pts',(0.736264651899332,1.35621053092774,-2.50287561856833));
#1202=CARTESIAN_POINT('Ctrl Pts',(1.06700496362567,1.0050994500706,-2.52922167771115));
#1203=CARTESIAN_POINT('Ctrl Pts',(1.31859466167674,0.738013982459604,-2.5492627698598));
#1204=CARTESIAN_POINT('Ctrl Pts',(1.46008524766711,0.367217135093895,-2.56930386200844));
#1205=CARTESIAN_POINT('Ctrl Pts',(1.46340545682799,-0.00130791713992142,
-2.58934495415709));
#1206=CARTESIAN_POINT('Origin',(0.,0.,0.));
#1207=CARTESIAN_POINT('',(1.46549799731727,0.000640951945295315,-3.1606550458429));
#1208=CARTESIAN_POINT('',(1.46540327204527,0.000718257017388806,-3.08934495415709));
#1209=CARTESIAN_POINT('',(1.4635,-1.79227059055215E-16,0.));
#1210=CARTESIAN_POINT('Ctrl Pts',(1.46549799731727,0.000640951945295315,
-3.1606550458429));
#1211=CARTESIAN_POINT('Ctrl Pts',(1.46570107530423,0.0374613720002297,-3.15864523475358));
#1212=CARTESIAN_POINT('Ctrl Pts',(1.4644325294019,0.0742675745757113,-3.15663542366427));
#1213=CARTESIAN_POINT('Ctrl Pts',(1.4616471858817,0.11095863186161,-3.15462561257495));
#1214=CARTESIAN_POINT('Ctrl Pts',(1.42513488604109,0.591931580217342,-3.12827955343213));
#1215=CARTESIAN_POINT('Ctrl Pts',(1.12797813339056,1.05311811762172,-3.10193349428931));
#1216=CARTESIAN_POINT('Ctrl Pts',(0.705088328740537,1.28513608721203,-3.07558743514648));
#1217=CARTESIAN_POINT('Ctrl Pts',(0.282198524090515,1.51715405680234,-3.04924137600366));
#1218=CARTESIAN_POINT('Ctrl Pts',(-0.266424332558998,1.52000345857859,-3.02289531686083));
#1219=CARTESIAN_POINT('Ctrl Pts',(-0.691701337743423,1.29239064270233,-2.996549257718));
#1220=CARTESIAN_POINT('Ctrl Pts',(-1.11697834292785,1.06477782682607,-2.97020319857518));
#1221=CARTESIAN_POINT('Ctrl Pts',(-1.41890949664719,0.606702793297287,-2.94385713943236));
#1222=CARTESIAN_POINT('Ctrl Pts',(-1.46041578409435,0.126135052815191,-2.91751108028954));
#1223=CARTESIAN_POINT('Ctrl Pts',(-1.5019220715415,-0.354432687666901,-2.89116502114671));
#1224=CARTESIAN_POINT('Ctrl Pts',(-1.28300349271649,-0.857493135102309,
-2.86481896200388));
#1225=CARTESIAN_POINT('Ctrl Pts',(-0.903050729033358,-1.15465306251398,
-2.83847290286106));
#1226=CARTESIAN_POINT('Ctrl Pts',(-0.523097965350227,-1.45181298992565,
-2.81212684371823));
#1227=CARTESIAN_POINT('Ctrl Pts',(0.0178889831910148,-1.54307239731357,
-2.78578078457541));
#1228=CARTESIAN_POINT('Ctrl Pts',(0.474297972841547,-1.38699882730274,-2.75943472543259));
#1229=CARTESIAN_POINT('Ctrl Pts',(0.930706962492076,-1.2309252572919,-2.73308866628976));
#1230=CARTESIAN_POINT('Ctrl Pts',(1.3025379932519,-0.827518709882306,-2.70674260714693));
#1231=CARTESIAN_POINT('Ctrl Pts',(1.4209769803756,-0.359928791878543,-2.68039654800411));
#1232=CARTESIAN_POINT('Ctrl Pts',(1.45055969086243,-0.243138050022389,-2.67381604728371));
#1233=CARTESIAN_POINT('Ctrl Pts',(1.46433430656143,-0.122343169790001,-2.6672355465633));
#1234=CARTESIAN_POINT('Ctrl Pts',(1.46325554656789,-0.00130615647503107,
-2.6606550458429));
#1235=CARTESIAN_POINT('Ctrl Pts',(1.46340545682799,-0.00130791713992142,
-2.58934495415709));
#1236=CARTESIAN_POINT('Ctrl Pts',(1.4644500011581,-0.117246623155974,-2.59564992115127));
#1237=CARTESIAN_POINT('Ctrl Pts',(1.45181921574185,-0.23296047961847,-2.60195488814545));
#1238=CARTESIAN_POINT('Ctrl Pts',(1.42463903045149,-0.345149431187031,-2.60825985513963));
#1239=CARTESIAN_POINT('Ctrl Pts',(1.31106337338085,-0.813944391719823,-2.63460591428245));
#1240=CARTESIAN_POINT('Ctrl Pts',(0.943442647069413,-1.22119147291769,-2.66095197342528));
#1241=CARTESIAN_POINT('Ctrl Pts',(0.488679426373896,-1.38199743674711,-2.6872980325681));
#1242=CARTESIAN_POINT('Ctrl Pts',(0.0339162056783821,-1.54280340057653,
-2.71364409171093));
#1243=CARTESIAN_POINT('Ctrl Pts',(-0.507989509401216,-1.4571682470375,-2.73999015085375));
#1244=CARTESIAN_POINT('Ctrl Pts',(-0.89100844819665,-1.16397097995504,-2.76633620999657));
#1245=CARTESIAN_POINT('Ctrl Pts',(-1.27402738699209,-0.870773712872586,
-2.7926822691394));
#1246=CARTESIAN_POINT('Ctrl Pts',(-1.49815954950336,-0.370014332246696,
-2.81902832828222));
#1247=CARTESIAN_POINT('Ctrl Pts',(-1.46164724810831,0.110958636585465,-2.84537438742505));
#1248=CARTESIAN_POINT('Ctrl Pts',(-1.42513494671326,0.591931605417627,-2.87172044656787));
#1249=CARTESIAN_POINT('Ctrl Pts',(-1.12797818141188,1.05311816245606,-2.8980665057107));
#1250=CARTESIAN_POINT('Ctrl Pts',(-0.705088358758196,1.28513614192405,-2.92441256485352));
#1251=CARTESIAN_POINT('Ctrl Pts',(-0.282198536104511,1.51715412139204,-2.95075862399635));
#1252=CARTESIAN_POINT('Ctrl Pts',(0.266424343901476,1.5200035232896,-2.97710468313917));
#1253=CARTESIAN_POINT('Ctrl Pts',(0.691701367191188,1.29239069772319,-3.003450742282));
#1254=CARTESIAN_POINT('Ctrl Pts',(1.1169783904809,1.06477787215678,-3.02979680142482));
#1255=CARTESIAN_POINT('Ctrl Pts',(1.41890955705433,0.606702819126391,-3.05614286056764));
#1256=CARTESIAN_POINT('Ctrl Pts',(1.46041584626853,0.126135058185119,-3.08248891971047));
#1257=CARTESIAN_POINT('Ctrl Pts',(1.46401623987403,0.0844490118952653,-3.08477426452601));
#1258=CARTESIAN_POINT('Ctrl Pts',(1.46565709130121,0.0425937213676753,-3.08705960934155));
#1259=CARTESIAN_POINT('Ctrl Pts',(1.46540327204527,0.000718257017388806,
-3.08934495415709));
#1260=CARTESIAN_POINT('Origin',(0.,0.,0.));
#1261=CARTESIAN_POINT('',(1.46150903198177,0.000723554534183685,-3.66065504584291));
#1262=CARTESIAN_POINT('',(1.46143648618894,0.000653552262315697,-3.58934495415709));
#1263=CARTESIAN_POINT('',(1.4635,-1.79227059055215E-16,0.));
#1264=CARTESIAN_POINT('Ctrl Pts',(1.46150903198177,0.000723554534183685,
-3.66065504584291));
#1265=CARTESIAN_POINT('Ctrl Pts',(1.46239209209355,0.196284357626743,-3.65005492294387));
#1266=CARTESIAN_POINT('Ctrl Pts',(1.42586589475196,0.391528855136814,-3.63945480004483));
#1267=CARTESIAN_POINT('Ctrl Pts',(1.35035934490478,0.570310401096985,-3.62885467714579));
#1268=CARTESIAN_POINT('Ctrl Pts',(1.16269170681304,1.01466271930831,-3.60250861800297));
#1269=CARTESIAN_POINT('Ctrl Pts',(0.734224732230887,1.35731591077826,-3.57616255886015));
#1270=CARTESIAN_POINT('Ctrl Pts',(0.259485650389034,1.44270284924865,-3.54981649971732));
#1271=CARTESIAN_POINT('Ctrl Pts',(-0.215253431452815,1.52808978771905,-3.5234704405745));
#1272=CARTESIAN_POINT('Ctrl Pts',(-0.736264620554363,1.35621047318989,-3.49712438143167));
#1273=CARTESIAN_POINT('Ctrl Pts',(-1.06700491820012,1.00509940728059,-3.47077832228885));
#1274=CARTESIAN_POINT('Ctrl Pts',(-1.39774521584587,0.653988341371278,-3.44443226314602));
#1275=CARTESIAN_POINT('Ctrl Pts',(-1.53821462203583,0.123645524081822,-3.4180862040032));
#1276=CARTESIAN_POINT('Ctrl Pts',(-1.42463896980043,-0.345149416492994,
-3.39174014486038));
#1277=CARTESIAN_POINT('Ctrl Pts',(-1.31106331756504,-0.813944357067804,
-3.36539408571755));
#1278=CARTESIAN_POINT('Ctrl Pts',(-0.943442606904308,-1.22119142092798,
-3.33904802657472));
#1279=CARTESIAN_POINT('Ctrl Pts',(-0.4886794055694,-1.38199737791142,-3.3127019674319));
#1280=CARTESIAN_POINT('Ctrl Pts',(-0.0339162042344886,-1.54280333489487,
-3.28635590828907));
#1281=CARTESIAN_POINT('Ctrl Pts',(0.5079894877746,-1.45716818500158,-3.26000984914625));
#1282=CARTESIAN_POINT('Ctrl Pts',(0.8910084102638,-1.16397093040139,-3.23366379000343));
#1283=CARTESIAN_POINT('Ctrl Pts',(1.24480870564584,-0.89314025026528,-3.20932754194992));
#1284=CARTESIAN_POINT('Ctrl Pts',(1.46303898199438,-0.445207357208744,-3.18499129389641));
#1285=CARTESIAN_POINT('Ctrl Pts',(1.46549799731727,0.000640951945295315,
-3.1606550458429));
#1286=CARTESIAN_POINT('Ctrl Pts',(1.46540327204527,0.000718257017388806,
-3.08934495415709));
#1287=CARTESIAN_POINT('Ctrl Pts',(1.46273099582405,-0.440157701045136,-3.11340566848437));
#1288=CARTESIAN_POINT('Ctrl Pts',(1.25004517922301,-0.883269813371971,-3.13746638281166));
#1289=CARTESIAN_POINT('Ctrl Pts',(0.90305076747886,-1.15465311167096,-3.16152709713894));
#1290=CARTESIAN_POINT('Ctrl Pts',(0.523097987620024,-1.45181305173359,-3.18787315628177));
#1291=CARTESIAN_POINT('Ctrl Pts',(-0.0178889839526158,-1.54307246300669,
-3.21421921542459));
#1292=CARTESIAN_POINT('Ctrl Pts',(-0.474297993033813,-1.38699888635134,
-3.24056527456742));
#1293=CARTESIAN_POINT('Ctrl Pts',(-0.930707002115011,-1.23092530969599,
-3.26691133371024));
#1294=CARTESIAN_POINT('Ctrl Pts',(-1.30253804870477,-0.827518745112197,
-3.29325739285307));
#1295=CARTESIAN_POINT('Ctrl Pts',(-1.42097704087076,-0.359928807201759,
-3.31960345199589));
#1296=CARTESIAN_POINT('Ctrl Pts',(-1.53941603303675,0.107661130708683,-3.34594951113871));
#1297=CARTESIAN_POINT('Ctrl Pts',(-1.40446297077897,0.639434441945768,-3.37229557028154));
#1298=CARTESIAN_POINT('Ctrl Pts',(-1.07738755943119,0.993962043399146,-3.39864162942436));
#1299=CARTESIAN_POINT('Ctrl Pts',(-0.750312148083415,1.34848964485252,-3.42498768856719));
#1300=CARTESIAN_POINT('Ctrl Pts',(-0.231114387645636,1.52577153652219,-3.45133374771001));
#1301=CARTESIAN_POINT('Ctrl Pts',(0.244486033422636,1.44532040613767,-3.47767980685284));
#1302=CARTESIAN_POINT('Ctrl Pts',(0.720086454490911,1.36486927575315,-3.50402586599566));
#1303=CARTESIAN_POINT('Ctrl Pts',(1.15208953618968,1.02668512331443,-3.53037192513849));
#1304=CARTESIAN_POINT('Ctrl Pts',(1.34436263005485,0.584306097731746,-3.55671798428131));
#1305=CARTESIAN_POINT('Ctrl Pts',(1.42373298809656,0.401691978695095,-3.56759364090657));
#1306=CARTESIAN_POINT('Ctrl Pts',(1.46225241002284,0.201322642028708,-3.57846929753183));
#1307=CARTESIAN_POINT('Ctrl Pts',(1.46143648618894,0.000653552262315697,
-3.58934495415709));
#1308=CARTESIAN_POINT('Origin',(0.,0.,0.));
#1309=CARTESIAN_POINT('',(1.46294896219929,-0.00128484781878518,-4.16065504584291));
#1310=CARTESIAN_POINT('',(1.46309465724105,-0.00129800169269781,-4.08934495415709));
#1311=CARTESIAN_POINT('',(1.4635,-1.79227059055215E-16,0.));
#1312=CARTESIAN_POINT('Ctrl Pts',(1.46294896219929,-0.00128484781878518,
-4.16065504584291));
#1313=CARTESIAN_POINT('Ctrl Pts',(1.45990861933038,0.351878800097286,-4.14146461113415));
#1314=CARTESIAN_POINT('Ctrl Pts',(1.33127005412648,0.707028879321303,-4.1222741764254));
#1315=CARTESIAN_POINT('Ctrl Pts',(1.09868333762618,0.970370669908619,-4.10308374171664));
#1316=CARTESIAN_POINT('Ctrl Pts',(0.779370957174678,1.33190590842121,-4.07673768257381));
#1317=CARTESIAN_POINT('Ctrl Pts',(0.264138713283033,1.52040230835853,-4.05039162343098));
#1318=CARTESIAN_POINT('Ctrl Pts',(-0.213094080186876,1.45028108561125,-4.02404556428816));
#1319=CARTESIAN_POINT('Ctrl Pts',(-0.690326873656785,1.38015986286396,-3.99769950514534));
#1320=CARTESIAN_POINT('Ctrl Pts',(-1.12956021670496,1.05142101743207,-3.97135344600251));
#1321=CARTESIAN_POINT('Ctrl Pts',(-1.33137886769491,0.613314458184942,-3.94500738685969));
#1322=CARTESIAN_POINT('Ctrl Pts',(-1.53319751868485,0.175207898937815,-3.91866132771687));
#1323=CARTESIAN_POINT('Ctrl Pts',(-1.49760147761658,-0.372266374124548,
-3.89231526857404));
#1324=CARTESIAN_POINT('Ctrl Pts',(-1.24075161494735,-0.780550923329018,
-3.86596920943121));
#1325=CARTESIAN_POINT('Ctrl Pts',(-0.983901752278115,-1.18883547253349,
-3.83962315028839));
#1326=CARTESIAN_POINT('Ctrl Pts',(-0.505798068007926,-1.45793029788007,
-3.81327709114556));
#1327=CARTESIAN_POINT('Ctrl Pts',(-0.02350323088335,-1.46566432451887,-3.78693103200274));
#1328=CARTESIAN_POINT('Ctrl Pts',(0.458791606241223,-1.47339835115768,-3.76058497285992));
#1329=CARTESIAN_POINT('Ctrl Pts',(0.945277596220183,-1.21977157908872,-3.7342389137171));
#1330=CARTESIAN_POINT('Ctrl Pts',(1.21508644040901,-0.819932470577887,-3.70789285457427));
#1331=CARTESIAN_POINT('Ctrl Pts',(1.37633988767321,-0.580965379664824,-3.69214691833048));
#1332=CARTESIAN_POINT('Ctrl Pts',(1.46019729169801,-0.289771939396257,-3.67640098208669));
#1333=CARTESIAN_POINT('Ctrl Pts',(1.46150903198177,0.000723554534183685,
-3.66065504584291));
#1334=CARTESIAN_POINT('Ctrl Pts',(1.46143648618894,0.000653552262315697,
-3.58934495415709));
#1335=CARTESIAN_POINT('Ctrl Pts',(1.46027585096764,-0.284794186526062,-3.60481535667466));
#1336=CARTESIAN_POINT('Ctrl Pts',(1.37952215154752,-0.570848460410841,-3.62028575919222));
#1337=CARTESIAN_POINT('Ctrl Pts',(1.22353773496434,-0.807266937296682,-3.63575616170978));
#1338=CARTESIAN_POINT('Ctrl Pts',(0.957896639977077,-1.20988704801579,-3.66210222085261));
#1339=CARTESIAN_POINT('Ctrl Pts',(0.474071343970976,-1.46855337072735,-3.68844827999543));
#1340=CARTESIAN_POINT('Ctrl Pts',(-0.00827782950428704,-1.46582944931587,
-3.71479433913826));
#1341=CARTESIAN_POINT('Ctrl Pts',(-0.490627002979547,-1.46310552790438,
-3.74114039828108));
#1342=CARTESIAN_POINT('Ctrl Pts',(-0.971500053923969,-1.19899136236985,
-3.76748645742391));
#1343=CARTESIAN_POINT('Ctrl Pts',(-1.23257700025577,-0.79339677045384,-3.79383251656673));
#1344=CARTESIAN_POINT('Ctrl Pts',(-1.49365394658757,-0.387802178537828,
-3.82017857570955));
#1345=CARTESIAN_POINT('Ctrl Pts',(-1.53493478830675,0.159272839759666,-3.84652463485238));
#1346=CARTESIAN_POINT('Ctrl Pts',(-1.33767771276785,0.599452111259111,-3.8728706939952));
#1347=CARTESIAN_POINT('Ctrl Pts',(-1.14042063722894,1.03963138275856,-3.89921675313803));
#1348=CARTESIAN_POINT('Ctrl Pts',(-0.70462564443195,1.37291490745996,-3.92556281228085));
#1349=CARTESIAN_POINT('Ctrl Pts',(-0.228146939011187,1.44798945825027,-3.95190887142368));
#1350=CARTESIAN_POINT('Ctrl Pts',(0.248331766409574,1.52306400904059,-3.9782549305665));
#1351=CARTESIAN_POINT('Ctrl Pts',(0.765494184454104,1.33992958591983,-4.00460098970933));
#1352=CARTESIAN_POINT('Ctrl Pts',(1.08854468743745,0.98173059456821,-4.03094704885215));
#1353=CARTESIAN_POINT('Ctrl Pts',(1.32723279103153,0.717072786685343,-4.05041301728713));
#1354=CARTESIAN_POINT('Ctrl Pts',(1.4599533432561,0.356845556280754,-4.06987898572211));
#1355=CARTESIAN_POINT('Ctrl Pts',(1.46309465724105,-0.00129800169269781,
-4.08934495415709));
#1356=CARTESIAN_POINT('Origin',(0.,0.,0.));
#1357=CARTESIAN_POINT('',(1.46566441905077,0.000469066632848795,-4.66065504584291));
#1358=CARTESIAN_POINT('',(1.46559034768695,0.000553047824841515,-4.58934495415709));
#1359=CARTESIAN_POINT('',(1.4635,-1.79227059055215E-16,0.));
#1360=CARTESIAN_POINT('Ctrl Pts',(1.46566441905077,0.000469066632848795,
-4.66065504584291));
#1361=CARTESIAN_POINT('Ctrl Pts',(1.46577521147677,0.0267450924267995,-4.65922035846725));
#1362=CARTESIAN_POINT('Ctrl Pts',(1.46512922262329,0.0530155619007,-4.6577856710916));
#1363=CARTESIAN_POINT('Ctrl Pts',(1.46370922835113,0.0792441271502373,-4.65635098371595));
#1364=CARTESIAN_POINT('Ctrl Pts',(1.43763298783236,0.560895630483364,-4.63000492457313));
#1365=CARTESIAN_POINT('Ctrl Pts',(1.1505445682824,1.02841607911366,-4.6036588654303));
#1366=CARTESIAN_POINT('Ctrl Pts',(0.732784294652445,1.26954773857865,-4.57731280628748));
#1367=CARTESIAN_POINT('Ctrl Pts',(0.315024021022515,1.51067939804363,-4.55096674714465));
#1368=CARTESIAN_POINT('Ctrl Pts',(-0.233408106687385,1.52542226834332,-4.52462068800183));
#1369=CARTESIAN_POINT('Ctrl Pts',(-0.663519789542246,1.30708294087477,-4.49827462885901));
#1370=CARTESIAN_POINT('Ctrl Pts',(-1.09363147239713,1.08874361340621,-4.47192856971618));
#1371=CARTESIAN_POINT('Ctrl Pts',(-1.40542271039695,0.637322088169374,-4.44558251057336));
#1372=CARTESIAN_POINT('Ctrl Pts',(-1.45733792990963,0.15776715126085,-4.41923645143053));
#1373=CARTESIAN_POINT('Ctrl Pts',(-1.50925314942231,-0.321787785647668,
-4.3928903922877));
#1374=CARTESIAN_POINT('Ctrl Pts',(-1.30129235044786,-0.829476134227876,
-4.36654433314488));
#1375=CARTESIAN_POINT('Ctrl Pts',(-0.927871303294582,-1.13480357515551,
-4.34019827400206));
#1376=CARTESIAN_POINT('Ctrl Pts',(-0.554450256141305,-1.44013101608316,
-4.31385221485923));
#1377=CARTESIAN_POINT('Ctrl Pts',(-0.015568960809217,-1.54309754935823,
-4.28750615571641));
#1378=CARTESIAN_POINT('Ctrl Pts',(0.444116423119753,-1.39695558935349,-4.26116009657358));
#1379=CARTESIAN_POINT('Ctrl Pts',(0.903801807048714,-1.25081362934876,-4.23481403743076));
#1380=CARTESIAN_POINT('Ctrl Pts',(1.28429127957456,-0.855563176064222,-4.20846797828793));
#1381=CARTESIAN_POINT('Ctrl Pts',(1.4128397573318,-0.390650910878031,-4.18212191914511));
#1382=CARTESIAN_POINT('Ctrl Pts',(1.44775369354576,-0.264380126073764,-4.17496629471104));
#1383=CARTESIAN_POINT('Ctrl Pts',(1.46408262863525,-0.132970579101336,-4.16781067027697));
#1384=CARTESIAN_POINT('Ctrl Pts',(1.46294896219929,-0.00128484781878518,
-4.16065504584291));
#1385=CARTESIAN_POINT('Ctrl Pts',(1.46309465724105,-0.00129800169269781,
-4.08934495415709));
#1386=CARTESIAN_POINT('Ctrl Pts',(1.46420492952113,-0.12788097512749,-4.09622504486494));
#1387=CARTESIAN_POINT('Ctrl Pts',(1.44912800223487,-0.254203653611239,-4.10310513557278));
#1388=CARTESIAN_POINT('Ctrl Pts',(1.41682136242164,-0.375954417322246,-4.10998522628063));
#1389=CARTESIAN_POINT('Ctrl Pts',(1.29310894650032,-0.842176878278596,-4.13633128542345));
#1390=CARTESIAN_POINT('Ctrl Pts',(0.916745526735533,-1.24135824060882,-4.16267734456627));
#1391=CARTESIAN_POINT('Ctrl Pts',(0.45860292663951,-1.39226716291226,-4.1890234037091));
#1392=CARTESIAN_POINT('Ctrl Pts',(0.000460326543483339,-1.5431760852157,
-4.21536946285192));
#1393=CARTESIAN_POINT('Ctrl Pts',(-0.539461453883783,-1.44581256749235,
-4.24171552199475));
#1394=CARTESIAN_POINT('Ctrl Pts',(-0.916033865357322,-1.14438037988774,
-4.26806158113757));
#1395=CARTESIAN_POINT('Ctrl Pts',(-1.29260627683086,-0.842948192283134,
-4.2944076402804));
#1396=CARTESIAN_POINT('Ctrl Pts',(-1.50582931935067,-0.337447334797258,
-4.32075369942322));
#1397=CARTESIAN_POINT('Ctrl Pts',(-1.45889812758127,0.142621002528625,-4.34709975856604));
#1398=CARTESIAN_POINT('Ctrl Pts',(-1.41196693581188,0.622689339854509,-4.37344581770887));
#1399=CARTESIAN_POINT('Ctrl Pts',(-1.10488150975328,1.07732515702039,-4.39979187685169));
#1400=CARTESIAN_POINT('Ctrl Pts',(-0.677060943086443,1.30012037065989,-4.42613793599452));
#1401=CARTESIAN_POINT('Ctrl Pts',(-0.249240376419599,1.5229155842994,-4.45248399513734));
#1402=CARTESIAN_POINT('Ctrl Pts',(0.299315330855488,1.5138701944125,-4.47883005428017));
#1403=CARTESIAN_POINT('Ctrl Pts',(0.719557762475671,1.27709088129775,-4.50517611342299));
#1404=CARTESIAN_POINT('Ctrl Pts',(1.13980019409585,1.04031156818302,-4.53152217256582));
#1405=CARTESIAN_POINT('Ctrl Pts',(1.43172935006112,0.575798331840444,-4.55786823170864));
#1406=CARTESIAN_POINT('Ctrl Pts',(1.46280719610321,0.0944436654882754,-4.58421429085146));
#1407=CARTESIAN_POINT('Ctrl Pts',(1.46482457516601,0.0631971362286721,-4.58592451195334));
#1408=CARTESIAN_POINT('Ctrl Pts',(1.46574278080669,0.0318796406692932,-4.58763473305521));
#1409=CARTESIAN_POINT('Ctrl Pts',(1.46559034768695,0.000553047824841515,
-4.58934495415709));
#1410=CARTESIAN_POINT('Origin',(0.,0.,0.));
#1411=CARTESIAN_POINT('',(1.4616841042781,0.000859668510577033,-5.16065504584291));
#1412=CARTESIAN_POINT('',(1.46159648239605,0.000796379357562791,-5.08934495415709));
#1413=CARTESIAN_POINT('',(1.4635,-1.79227059055215E-16,0.));
#1414=CARTESIAN_POINT('Ctrl Pts',(1.4616841042781,0.000859668510577033,
-5.16065504584291));
#1415=CARTESIAN_POINT('Ctrl Pts',(1.46268471507122,0.185755048547766,-5.15063004665754));
#1416=CARTESIAN_POINT('Ctrl Pts',(1.43013385399966,0.370311295000471,-5.14060504747216));
#1417=CARTESIAN_POINT('Ctrl Pts',(1.36240658149945,0.540901534070902,-5.13058004828679));
#1418=CARTESIAN_POINT('Ctrl Pts',(1.1844168685949,0.989218830125763,-5.10423398914396));
#1419=CARTESIAN_POINT('Ctrl Pts',(0.763478687560221,1.3410788708321,-5.07788793000114));
#1420=CARTESIAN_POINT('Ctrl Pts',(0.290702225923976,1.43673764524242,-5.05154187085832));
#1421=CARTESIAN_POINT('Ctrl Pts',(-0.182074235712255,1.53239641965274,-5.02519581171549));
#1422=CARTESIAN_POINT('Ctrl Pts',(-0.706688977950068,1.37185392776704,-4.99884975257267));
#1423=CARTESIAN_POINT('Ctrl Pts',(-1.04496353401132,1.0279960400947,-4.97250369342985));
#1424=CARTESIAN_POINT('Ctrl Pts',(-1.38323809007259,0.684138152422352,-4.94615763428702));
#1425=CARTESIAN_POINT('Ctrl Pts',(-1.5351724599573,0.15696486896336,-4.9198115751442));
#1426=CARTESIAN_POINT('Ctrl Pts',(-1.43178699582593,-0.314182317420629,
-4.89346551600137));
#1427=CARTESIAN_POINT('Ctrl Pts',(-1.32840153169456,-0.785329503804602,
-4.86711945685855));
#1428=CARTESIAN_POINT('Ctrl Pts',(-0.969696233547121,-1.20045059311356,
-4.84077339771572));
#1429=CARTESIAN_POINT('Ctrl Pts',(-0.518526163265947,-1.37107793940676,
-4.8144273385729));
#1430=CARTESIAN_POINT('Ctrl Pts',(-0.0673560929847574,-1.54170528569996,
-4.78808127943008));
#1431=CARTESIAN_POINT('Ctrl Pts',(0.476278749430178,-1.46783888897737,-4.76173522028725));
#1432=CARTESIAN_POINT('Ctrl Pts',(0.865564139893844,-1.1830144115981,-4.73538916114443));
#1433=CARTESIAN_POINT('Ctrl Pts',(1.2336508063967,-0.913700188703475,-4.71047778937725));
#1434=CARTESIAN_POINT('Ctrl Pts',(1.46374066105306,-0.455777958486156,-4.68556641761008));
#1435=CARTESIAN_POINT('Ctrl Pts',(1.46566441905077,0.000469066632848795,
-4.66065504584291));
#1436=CARTESIAN_POINT('Ctrl Pts',(1.46559034768695,0.000553047824841515,
-4.58934495415709));
#1437=CARTESIAN_POINT('Ctrl Pts',(1.4633945394104,-0.450708410032599,-4.61398079219804));
#1438=CARTESIAN_POINT('Ctrl Pts',(1.23903502010246,-0.903857606954596,-4.63861663023899));
#1439=CARTESIAN_POINT('Ctrl Pts',(0.877805688515383,-1.17395982962071,-4.66325246827994));
#1440=CARTESIAN_POINT('Ctrl Pts',(0.491499798766595,-1.46281256201574,-4.68959852742277));
#1441=CARTESIAN_POINT('Ctrl Pts',(-0.0513385168498635,-1.54232193044403,
-4.71594458656559));
#1442=CARTESIAN_POINT('Ctrl Pts',(-0.504256586049954,-1.37639011965796,
-4.74229064570841));
#1443=CARTESIAN_POINT('Ctrl Pts',(-0.957174655250045,-1.2104583088719,-4.76863670485124));
#1444=CARTESIAN_POINT('Ctrl Pts',(-1.32017247803377,-0.799085318871494,
-4.79498276399406));
#1445=CARTESIAN_POINT('Ctrl Pts',(-1.42844630103419,-0.329037512788297,
-4.82132882313689));
#1446=CARTESIAN_POINT('Ctrl Pts',(-1.53672012403462,0.1410102932949,-4.84767488227971));
#1447=CARTESIAN_POINT('Ctrl Pts',(-1.39026994725174,0.669732915460884,-4.87402094142254));
#1448=CARTESIAN_POINT('Ctrl Pts',(-1.05558527431345,1.01708617614689,-4.90036700056536));
#1449=CARTESIAN_POINT('Ctrl Pts',(-0.720900601375157,1.36443943683289,-4.92671305970819));
#1450=CARTESIAN_POINT('Ctrl Pts',(-0.197981432281444,1.53042333603891,-4.95305911885101));
#1451=CARTESIAN_POINT('Ctrl Pts',(0.275763038459572,1.43968018255931,-4.97940517799383));
#1452=CARTESIAN_POINT('Ctrl Pts',(0.749507509200575,1.34893702907971,-5.00575123713666));
#1453=CARTESIAN_POINT('Ctrl Pts',(1.17407728158888,1.0014668229145,-5.03209729627948));
#1454=CARTESIAN_POINT('Ctrl Pts',(1.35671440668263,0.555023180841168,-5.05844335542231));
#1455=CARTESIAN_POINT('Ctrl Pts',(1.42812014170011,0.380476870008893,-5.0687438883339));
#1456=CARTESIAN_POINT('Ctrl Pts',(1.46254454545212,0.190801681529345,-5.0790444212455));
#1457=CARTESIAN_POINT('Ctrl Pts',(1.46159648239605,0.000796379357562791,
-5.08934495415709));
#1458=CARTESIAN_POINT('Origin',(0.,0.,0.));
#1459=CARTESIAN_POINT('',(1.46262187871228,-0.0013337099145104,-5.66065504584291));
#1460=CARTESIAN_POINT('',(1.46279149408676,-0.00127886785836823,-5.5893449541571));
#1461=CARTESIAN_POINT('',(1.4635,-1.79227059055215E-16,0.));
#1462=CARTESIAN_POINT('Ctrl Pts',(1.46262187871228,-0.0013337099145104,
-5.66065504584291));
#1463=CARTESIAN_POINT('Ctrl Pts',(1.45982738970758,0.341444221894685,-5.64203973484782));
#1464=CARTESIAN_POINT('Ctrl Pts',(1.33949352248697,0.686058533427013,-5.62342442385273));
#1465=CARTESIAN_POINT('Ctrl Pts',(1.11947768661864,0.946365833516487,-5.60480911285764));
#1466=CARTESIAN_POINT('Ctrl Pts',(0.808091525749584,1.3147760913561,-5.57846305371481));
#1467=CARTESIAN_POINT('Ctrl Pts',(0.297037883846269,1.51431560118903,-5.55211699457199));
#1468=CARTESIAN_POINT('Ctrl Pts',(-0.181609857745039,1.45453763001387,-5.52577093542916));
#1469=CARTESIAN_POINT('Ctrl Pts',(-0.660257599336361,1.39475965883871,-5.49942487628633));
#1470=CARTESIAN_POINT('Ctrl Pts',(-1.10649944061567,1.07566420665544,-5.47307881714351));
#1471=CARTESIAN_POINT('Ctrl Pts',(-1.31776516078947,0.642046358236357,-5.44673275800068));
#1472=CARTESIAN_POINT('Ctrl Pts',(-1.52903088096327,0.208428509817283,-5.42038669885786));
#1473=CARTESIAN_POINT('Ctrl Pts',(-1.50532048003155,-0.339711734837596,
-5.39404063971504));
#1474=CARTESIAN_POINT('Ctrl Pts',(-1.25738448551019,-0.753474245927825,
-5.36769458057222));
#1475=CARTESIAN_POINT('Ctrl Pts',(-1.00944849098883,-1.16723675701805,-5.34134852142939));
#1476=CARTESIAN_POINT('Ctrl Pts',(-0.537286902877821,-1.44662153454362,
-5.31500246228656));
#1477=CARTESIAN_POINT('Ctrl Pts',(-0.0552720923690423,-1.46480701542667,
-5.28865640314374));
#1478=CARTESIAN_POINT('Ctrl Pts',(0.426742718139743,-1.48299249630971,-5.26231034400091));
#1479=CARTESIAN_POINT('Ctrl Pts',(0.918610751046299,-1.23997868055021,-5.23596428485809));
#1480=CARTESIAN_POINT('Ctrl Pts',(1.19702414511236,-0.846084496968776,-5.20961822571527));
#1481=CARTESIAN_POINT('Ctrl Pts',(1.36949782221438,-0.602071889531987,-5.19329716575782));
#1482=CARTESIAN_POINT('Ctrl Pts',(1.4600550738466,-0.300156673500322,-5.17697610580036));
#1483=CARTESIAN_POINT('Ctrl Pts',(1.4616841042781,0.000859668510577033,
-5.16065504584291));
#1484=CARTESIAN_POINT('Ctrl Pts',(1.46159648239605,0.000796379357562791,
-5.08934495415709));
#1485=CARTESIAN_POINT('Ctrl Pts',(1.46011964903551,-0.295182002172403,-5.10539048038832));
#1486=CARTESIAN_POINT('Ctrl Pts',(1.37280989528554,-0.591961419785577,-5.12143600661955));
#1487=CARTESIAN_POINT('Ctrl Pts',(1.20574860294204,-0.83360370336145,-5.13748153285078));
#1488=CARTESIAN_POINT('Ctrl Pts',(0.931441196308535,-1.23036986750919,-5.16382759199361));
#1489=CARTESIAN_POINT('Ctrl Pts',(0.442121905242372,-1.4784851178232,-5.19017365113643));
#1490=CARTESIAN_POINT('Ctrl Pts',(-0.0400549162799415,-1.46530496323626,
-5.21651971027925));
#1491=CARTESIAN_POINT('Ctrl Pts',(-0.522231737802269,-1.45212480864932,
-5.24286576942208));
#1492=CARTESIAN_POINT('Ctrl Pts',(-0.997266089780747,-1.17764924916142,
-5.2692118285649));
#1493=CARTESIAN_POINT('Ctrl Pts',(-1.2494882624135,-0.766489024808099,-5.29555788770773));
#1494=CARTESIAN_POINT('Ctrl Pts',(-1.50171043504625,-0.355328800454775,
-5.32190394685055));
#1495=CARTESIAN_POINT('Ctrl Pts',(-1.53112042833327,0.192516088763969,-5.34825000599338));
#1496=CARTESIAN_POINT('Ctrl Pts',(-1.32436691217915,0.62831380692954,-5.3745960651362));
#1497=CARTESIAN_POINT('Ctrl Pts',(-1.11761339602503,1.06411152509511,-5.40094212427903));
#1498=CARTESIAN_POINT('Ctrl Pts',(-0.674696370429784,1.38786207220751,-5.42728818342185));
#1499=CARTESIAN_POINT('Ctrl Pts',(-0.196701542699646,1.45259192491342,-5.45363424256468));
#1500=CARTESIAN_POINT('Ctrl Pts',(0.281293285030485,1.51732177761934,-5.4799803017075));
#1501=CARTESIAN_POINT('Ctrl Pts',(0.794365914895501,1.32303093591879,-5.50632636085033));
#1502=CARTESIAN_POINT('Ctrl Pts',(1.1095738007575,0.957906743826734,-5.53267241999315));
#1503=CARTESIAN_POINT('Ctrl Pts',(1.33558647287947,0.696102715398249,-5.55156326471447));
#1504=CARTESIAN_POINT('Ctrl Pts',(1.45987129891786,0.346468442819231,-5.57045410943578));
#1505=CARTESIAN_POINT('Ctrl Pts',(1.46279149408676,-0.00127886785836823,
-5.5893449541571));
#1506=CARTESIAN_POINT('Origin',(0.,0.,0.924367114736154));
#1507=CARTESIAN_POINT('',(1.17704333286873,-0.00107330157286593,-5.82563288526385));
#1508=CARTESIAN_POINT('',(1.1794897443509,4.82091508017049E-5,-5.92436711473616));
#1509=CARTESIAN_POINT('',(1.17775,-8.88924268665971E-14,0.924367114736154));
#1510=CARTESIAN_POINT('',(-0.686120258700936,-0.959465791180114,-6.));
#1511=CARTESIAN_POINT('Ctrl Pts',(1.17704333286873,-0.00107330157286584,
-5.82563288526385));
#1512=CARTESIAN_POINT('Ctrl Pts',(1.17797726221084,-0.115631049986699,-5.83336363341158));
#1513=CARTESIAN_POINT('Ctrl Pts',(1.11018492372416,-0.619473233662113,-5.86744044070214));
#1514=CARTESIAN_POINT('Ctrl Pts',(0.419809043056809,-1.30584515339149,-5.92556281228085));
#1515=CARTESIAN_POINT('Ctrl Pts',(-0.39639468296263,-1.16394438267171,-5.97595443571184));
#1516=CARTESIAN_POINT('Ctrl Pts',(-0.686120258700936,-0.959465791180114,
-6.));
#1517=CARTESIAN_POINT('',(0.684664424539442,-0.958295198918411,-6.));
#1518=CARTESIAN_POINT('Origin',(0.,0.,-6.));
#1519=CARTESIAN_POINT('Ctrl Pts',(1.1794897443509,4.82091508017418E-5,-5.92436711473616));
#1520=CARTESIAN_POINT('Ctrl Pts',(1.1782979500717,-0.370746266459274,-5.94957807649078));
#1521=CARTESIAN_POINT('Ctrl Pts',(0.988262203410948,-0.741386464744314,
-5.97478903824539));
#1522=CARTESIAN_POINT('Ctrl Pts',(0.684664424539428,-0.95829519891842,-6.));
#1523=CARTESIAN_POINT('Origin',(0.,0.,0.924367114736154));
#1524=CARTESIAN_POINT('',(1.17628865993408,0.000691817279301389,-5.32563288526385));
#1525=CARTESIAN_POINT('',(1.17717983065301,-0.0010291674891294,-5.42436711473616));
#1526=CARTESIAN_POINT('',(1.17775,-8.88924268665971E-14,0.924367114736154));
#1527=CARTESIAN_POINT('Ctrl Pts',(1.17628865993408,0.000691817279301395,
-5.32563288526385));
#1528=CARTESIAN_POINT('Ctrl Pts',(1.17497769950312,-0.241550749719893,-5.3419539452213));
#1529=CARTESIAN_POINT('Ctrl Pts',(0.984462960786283,-0.87672129056744,-5.38462106432157));
#1530=CARTESIAN_POINT('Ctrl Pts',(-0.0524095247465918,-1.38900166316331,
-5.45363424256468));
#1531=CARTESIAN_POINT('Ctrl Pts',(-1.19232406604705,-0.714497894668416,
-5.53267241999314));
#1532=CARTESIAN_POINT('Ctrl Pts',(-1.24956682251575,0.60884786510394,-5.61171059742163));
#1533=CARTESIAN_POINT('Ctrl Pts',(-0.172228943663604,1.37922299761266,-5.69074877485009));
#1534=CARTESIAN_POINT('Ctrl Pts',(0.940901321754708,0.944604301394076,-5.76205620413084));
#1535=CARTESIAN_POINT('Ctrl Pts',(1.17479447094507,0.274776858446469,-5.80701757426876));
#1536=CARTESIAN_POINT('Ctrl Pts',(1.17704333286873,-0.00107330157286584,
-5.82563288526385));
#1537=CARTESIAN_POINT('Ctrl Pts',(1.17717983065301,-0.00102916748912951,
-5.42436711473616));
#1538=CARTESIAN_POINT('Ctrl Pts',(1.17810726040695,-0.111470827763036,-5.43182232915767));
#1539=CARTESIAN_POINT('Ctrl Pts',(1.11334488381001,-0.611131116239016,-5.465623602722));
#1540=CARTESIAN_POINT('Ctrl Pts',(0.406159384892997,-1.32926815996533,-5.52577093542916));
#1541=CARTESIAN_POINT('Ctrl Pts',(-0.89197749455194,-1.06621269939625,-5.60480911285764));
#1542=CARTESIAN_POINT('Ctrl Pts',(-1.3801047626652,0.165461450608777,-5.6838472902861));
#1543=CARTESIAN_POINT('Ctrl Pts',(-0.615229368679371,1.24597685110638,-5.76288546771459));
#1544=CARTESIAN_POINT('Ctrl Pts',(0.708574703646093,1.19688822613432,-5.84192364514305));
#1545=CARTESIAN_POINT('Ctrl Pts',(1.17157438082054,0.420934165749942,-5.89575086081692));
#1546=CARTESIAN_POINT('Ctrl Pts',(1.17954340365144,0.0167428455920863,-5.92323201734795));
#1547=CARTESIAN_POINT('Ctrl Pts',(1.1794897443509,4.82091508017418E-5,-5.92436711473616));
#1548=CARTESIAN_POINT('Origin',(0.,0.,0.924367114736154));
#1549=CARTESIAN_POINT('',(1.17949181382784,0.000377480851905792,-4.82563288526385));
#1550=CARTESIAN_POINT('',(1.17621814632179,0.000640885403652841,-4.92436711473616));
#1551=CARTESIAN_POINT('',(1.17775,-8.88924268665971E-14,0.924367114736154));
#1552=CARTESIAN_POINT('Ctrl Pts',(1.17949181382784,0.000377480851905749,
-4.82563288526385));
#1553=CARTESIAN_POINT('Ctrl Pts',(1.17794367171521,-0.366786806017852,-4.85054425703102));
#1554=CARTESIAN_POINT('Ctrl Pts',(0.796950626596434,-1.12503486166825,-4.90180168794101));
#1555=CARTESIAN_POINT('Ctrl Pts',(-0.491694276847944,-1.30012951757646,
-4.97940517799383));
#1556=CARTESIAN_POINT('Ctrl Pts',(-1.3576973480331,-0.297924810503728,-5.05844335542231));
#1557=CARTESIAN_POINT('Ctrl Pts',(-0.990890301640756,0.974801533043578,
-5.13748153285078));
#1558=CARTESIAN_POINT('Ctrl Pts',(0.275659092285955,1.36239070930262,-5.21651971027925));
#1559=CARTESIAN_POINT('Ctrl Pts',(1.08205651929007,0.688327285562522,-5.27923682775028));
#1560=CARTESIAN_POINT('Ctrl Pts',(1.17709390035883,0.149486169065305,-5.31560788607847));
#1561=CARTESIAN_POINT('Ctrl Pts',(1.17628865993408,0.000691817279301395,
-5.32563288526385));
#1562=CARTESIAN_POINT('Ctrl Pts',(1.17621814632179,0.000640885403652893,
-4.92436711473616));
#1563=CARTESIAN_POINT('Ctrl Pts',(1.17502966631469,-0.237547388492404,-4.94041264096739));
#1564=CARTESIAN_POINT('Ctrl Pts',(0.989399376214655,-0.868533584433474,
-4.98280422634144));
#1565=CARTESIAN_POINT('Ctrl Pts',(-0.0379820438360143,-1.38947972912444,
-5.05154187085832));
#1566=CARTESIAN_POINT('Ctrl Pts',(-1.18483214573416,-0.726828023924129,
-5.1305800482868));
#1567=CARTESIAN_POINT('Ctrl Pts',(-1.255835124061,0.595804674970392,-5.20961822571526));
#1568=CARTESIAN_POINT('Ctrl Pts',(-0.186524170398939,1.37741835490537,-5.28865640314374));
#1569=CARTESIAN_POINT('Ctrl Pts',(0.935321825886467,0.952596623654497,-5.3602393661507));
#1570=CARTESIAN_POINT('Ctrl Pts',(1.17482980683331,0.27882009465681,-5.40547627001485));
#1571=CARTESIAN_POINT('Ctrl Pts',(1.17717983065301,-0.00102916748912951,
-5.42436711473616));
#1572=CARTESIAN_POINT('Origin',(0.,0.,0.924367114736154));
#1573=CARTESIAN_POINT('',(1.17730655294173,-0.00103397985558485,-4.32563288526385));
#1574=CARTESIAN_POINT('',(1.17943220498005,0.000445064622846165,-4.42436711473616));
#1575=CARTESIAN_POINT('',(1.17775,-8.88924268665971E-14,0.924367114736154));
#1576=CARTESIAN_POINT('Ctrl Pts',(1.17730655294173,-0.0010339798555846,
-4.32563288526385));
#1577=CARTESIAN_POINT('Ctrl Pts',(1.17821886974729,-0.107007925887705,-4.33278850969791));
#1578=CARTESIAN_POINT('Ctrl Pts',(1.11669589264963,-0.60212328426774,-4.3662901932748));
#1579=CARTESIAN_POINT('Ctrl Pts',(0.421135020146417,-1.32466824278877,-4.42613793599452));
#1580=CARTESIAN_POINT('Ctrl Pts',(-0.879857352065472,-1.07608163281667,
-4.50517611342299));
#1581=CARTESIAN_POINT('Ctrl Pts',(-1.38192601826054,0.149603271604938,-4.58421429085146));
#1582=CARTESIAN_POINT('Ctrl Pts',(-0.629185060513444,1.2394461851977,-4.66325246827995));
#1583=CARTESIAN_POINT('Ctrl Pts',(0.69486537695229,1.20385325968596,-4.74229064570841));
#1584=CARTESIAN_POINT('Ctrl Pts',(1.16951462346819,0.430891992139826,-4.79641745136971));
#1585=CARTESIAN_POINT('Ctrl Pts',(1.17958097390965,0.0215230834339637,-4.82419819788819));
#1586=CARTESIAN_POINT('Ctrl Pts',(1.17949181382784,0.000377480851905749,
-4.82563288526385));
#1587=CARTESIAN_POINT('Ctrl Pts',(1.17943220498005,0.000445064622846187,
-4.42436711473616));
#1588=CARTESIAN_POINT('Ctrl Pts',(1.17766513070758,-0.362707092528881,-4.44900295277711));
#1589=CARTESIAN_POINT('Ctrl Pts',(0.804024979238854,-1.1173652193519,-4.49998484996088));
#1590=CARTESIAN_POINT('Ctrl Pts',(-0.478163146181919,-1.30516693696403,
-4.57731280628748));
#1591=CARTESIAN_POINT('Ctrl Pts',(-1.35452943067155,-0.312011066161865,
-4.65635098371595));
#1592=CARTESIAN_POINT('Ctrl Pts',(-1.00096257920717,0.964455763197858,-4.73538916114443));
#1593=CARTESIAN_POINT('Ctrl Pts',(0.261493282904455,1.36518183895437,-4.8144273385729));
#1594=CARTESIAN_POINT('Ctrl Pts',(1.07842109499129,0.696603683493261,-4.87741998977014));
#1595=CARTESIAN_POINT('Ctrl Pts',(1.17698109901349,0.153547441353664,-4.91406658182457));
#1596=CARTESIAN_POINT('Ctrl Pts',(1.17621814632179,0.000640885403652893,
-4.92436711473616));
#1597=CARTESIAN_POINT('Origin',(0.,0.,0.924367114736154));
#1598=CARTESIAN_POINT('',(1.17614777069801,0.000582279707933077,-3.82563288526384));
#1599=CARTESIAN_POINT('',(1.17742380086481,-0.00104456542106099,-3.92436711473616));
#1600=CARTESIAN_POINT('',(1.17775,-8.88924268665971E-14,0.924367114736154));
#1601=CARTESIAN_POINT('Ctrl Pts',(1.17614777069801,0.000582279707932957,
-3.82563288526384));
#1602=CARTESIAN_POINT('Ctrl Pts',(1.17509214916114,-0.233193646480355,-3.84137882150763));
#1603=CARTESIAN_POINT('Ctrl Pts',(0.99469368930387,-0.859624296890732,-3.88347081689424));
#1604=CARTESIAN_POINT('Ctrl Pts',(-0.0222870245624572,-1.38982155031102,
-3.95190887142368));
#1605=CARTESIAN_POINT('Ctrl Pts',(-1.17654725172175,-0.740160264587881,
-4.03094704885215));
#1606=CARTESIAN_POINT('Ctrl Pts',(-1.26248487529842,0.581577675485645,-4.10998522628063));
#1607=CARTESIAN_POINT('Ctrl Pts',(-0.202067239955081,1.37523433802217,-4.1890234037091));
#1608=CARTESIAN_POINT('Ctrl Pts',(0.92921573368,0.961357352703959,-4.26090595670351));
#1609=CARTESIAN_POINT('Ctrl Pts',(1.17485984039383,0.283174073668958,-4.30644245055509));
#1610=CARTESIAN_POINT('Ctrl Pts',(1.17730655294173,-0.0010339798555846,
-4.32563288526385));
#1611=CARTESIAN_POINT('Ctrl Pts',(1.17742380086481,-0.00104456542106113,
-3.92436711473616));
#1612=CARTESIAN_POINT('Ctrl Pts',(1.1783172912494,-0.102912072741037,-3.931247205444));
#1613=CARTESIAN_POINT('Ctrl Pts',(1.11972249049805,-0.593851110622567,-3.96447335529467));
#1614=CARTESIAN_POINT('Ctrl Pts',(0.43487190057039,-1.32022242388894,-4.02404556428816));
#1615=CARTESIAN_POINT('Ctrl Pts',(-0.868632459316608,-1.08516287554864,
-4.10308374171664));
#1616=CARTESIAN_POINT('Ctrl Pts',(-1.38340547946222,0.135240885785137,-4.18212191914511));
#1617=CARTESIAN_POINT('Ctrl Pts',(-0.642025512518871,1.23284389296066,-4.26116009657358));
#1618=CARTESIAN_POINT('Ctrl Pts',(0.682323276500374,1.21100609055689,-4.34019827400206));
#1619=CARTESIAN_POINT('Ctrl Pts',(1.16743276670199,0.439107242259396,-4.39460061338958));
#1620=CARTESIAN_POINT('Ctrl Pts',(1.17955487536391,0.0256551054309103,-4.42265689363428));
#1621=CARTESIAN_POINT('Ctrl Pts',(1.17943220498005,0.000445064622846187,
-4.42436711473616));
#1622=CARTESIAN_POINT('Origin',(0.,0.,0.924367114736154));
#1623=CARTESIAN_POINT('',(1.17935788612259,0.000515805366226552,-3.32563288526384));
#1624=CARTESIAN_POINT('',(1.17608938955178,0.000525945457324206,-3.42436711473616));
#1625=CARTESIAN_POINT('',(1.17775,-8.88924268665971E-14,0.924367114736154));
#1626=CARTESIAN_POINT('Ctrl Pts',(1.17935788612259,0.000515805366226559,
-3.32563288526384));
#1627=CARTESIAN_POINT('Ctrl Pts',(1.17737899627185,-0.358280126376955,-3.34996913331735));
#1628=CARTESIAN_POINT('Ctrl Pts',(0.811634211378169,-1.1089968571577,-3.40065144051368));
#1629=CARTESIAN_POINT('Ctrl Pts',(-0.463392031637101,-1.3104840624935,-3.47767980685283));
#1630=CARTESIAN_POINT('Ctrl Pts',(-1.3509191077847,-0.327289195131708,-3.55671798428131));
#1631=CARTESIAN_POINT('Ctrl Pts',(-1.01179131180202,0.95308918490788,-3.63575616170978));
#1632=CARTESIAN_POINT('Ctrl Pts',(0.246058215969135,1.36804824747033,-3.71479433913826));
#1633=CARTESIAN_POINT('Ctrl Pts',(1.07440568771456,0.705603014400859,-3.77808658032294));
#1634=CARTESIAN_POINT('Ctrl Pts',(1.17685841234246,0.157959618855373,-3.81503276236481));
#1635=CARTESIAN_POINT('Ctrl Pts',(1.17614777069801,0.000582279707932957,
-3.82563288526384));
#1636=CARTESIAN_POINT('Ctrl Pts',(1.17608938955178,0.000525945457324171,
-3.42436711473616));
#1637=CARTESIAN_POINT('Ctrl Pts',(1.17515536964613,-0.229187805385157,-3.43983751725372));
#1638=CARTESIAN_POINT('Ctrl Pts',(0.999497148121861,-0.851422890227433,
-3.48165397891411));
#1639=CARTESIAN_POINT('Ctrl Pts',(-0.00784948206996511,-1.38997813047331,
-3.54981649971732));
#1640=CARTESIAN_POINT('Ctrl Pts',(-1.16879564349762,-0.752341386110541,
-3.62885467714579));
#1641=CARTESIAN_POINT('Ctrl Pts',(-1.26845777810935,0.568432654476839,-3.70789285457427));
#1642=CARTESIAN_POINT('Ctrl Pts',(-0.216341168406591,1.37306129380119,-3.78693103200274));
#1643=CARTESIAN_POINT('Ctrl Pts',(0.923532418759513,0.96941616311752,-3.85908911872337));
#1644=CARTESIAN_POINT('Ctrl Pts',(1.17489583192341,0.287171065192724,-3.90490114630118));
#1645=CARTESIAN_POINT('Ctrl Pts',(1.17742380086481,-0.00104456542106113,
-3.92436711473616));
#1646=CARTESIAN_POINT('Origin',(0.,0.,0.924367114736154));
#1647=CARTESIAN_POINT('',(1.17755327637194,-0.00105112797304693,-2.82563288526384));
#1648=CARTESIAN_POINT('',(1.17928165606513,0.000578016537133384,-2.92436711473616));
#1649=CARTESIAN_POINT('',(1.17775,-8.88924268665971E-14,0.924367114736154));
#1650=CARTESIAN_POINT('Ctrl Pts',(1.17755327637194,-0.00105112797304702,
-2.82563288526384));
#1651=CARTESIAN_POINT('Ctrl Pts',(1.17842140727893,-0.0984555300445779,
-2.83221338598425));
#1652=CARTESIAN_POINT('Ctrl Pts',(1.1229553501357,-0.58485862657999,-2.86513994584747));
#1653=CARTESIAN_POINT('Ctrl Pts',(0.44975478551256,-1.31522670515012,-2.92441256485352));
#1654=CARTESIAN_POINT('Ctrl Pts',(-0.856321152945471,-1.09490398485397,
-3.00345074228199));
#1655=CARTESIAN_POINT('Ctrl Pts',(-1.38484460264378,0.119608024644613,-3.08248891971047));
#1656=CARTESIAN_POINT('Ctrl Pts',(-0.655908320526343,1.22551414846801,-3.16152709713894));
#1657=CARTESIAN_POINT('Ctrl Pts',(0.668602583646464,1.21863498972119,-3.24056527456742));
#1658=CARTESIAN_POINT('Ctrl Pts',(1.16511826799413,0.44804388859764,-3.29526720394238));
#1659=CARTESIAN_POINT('Ctrl Pts',(1.17952131290711,0.0301469975218285,-3.32362307417452));
#1660=CARTESIAN_POINT('Ctrl Pts',(1.17935788612259,0.000515805366226559,
-3.32563288526384));
#1661=CARTESIAN_POINT('Ctrl Pts',(1.17928165606513,0.000578016537133384,
-2.92436711473616));
#1662=CARTESIAN_POINT('Ctrl Pts',(1.17713114474324,-0.354216421186203,-2.94842782906344));
#1663=CARTESIAN_POINT('Ctrl Pts',(0.818556730517928,-1.10127454030734,-2.99883460253355));
#1664=CARTESIAN_POINT('Ctrl Pts',(-0.449754804659991,-1.31522676114316,
-3.07558743514648));
#1665=CARTESIAN_POINT('Ctrl Pts',(-1.34744667029938,-0.341303806366444,
-3.15462561257495));
#1666=CARTESIAN_POINT('Ctrl Pts',(-1.02163668927969,0.942528138921162,-3.23366379000343));
#1667=CARTESIAN_POINT('Ctrl Pts',(0.23183477438058,1.3705303553488,-3.3127019674319));
#1668=CARTESIAN_POINT('Ctrl Pts',(1.07065439136844,0.71387878678933,-3.37626974234281));
#1669=CARTESIAN_POINT('Ctrl Pts',(1.17674600335116,0.162014172633553,-3.4134914581109));
#1670=CARTESIAN_POINT('Ctrl Pts',(1.17608938955178,0.000525945457324171,
-3.42436711473616));
#1671=CARTESIAN_POINT('Origin',(0.,0.,0.924367114736154));
#1672=CARTESIAN_POINT('',(1.17603282430671,0.000462405701972387,-2.32563288526384));
#1673=CARTESIAN_POINT('',(1.1776739164873,-0.00105254486620465,-2.42436711473616));
#1674=CARTESIAN_POINT('',(1.17775,-8.88924268665971E-14,0.924367114736154));
#1675=CARTESIAN_POINT('Ctrl Pts',(1.17603282430671,0.000462405701972309,
-2.32563288526384));
#1676=CARTESIAN_POINT('Ctrl Pts',(1.17522983628586,-0.224829952480961,-2.34080369779396));
#1677=CARTESIAN_POINT('Ctrl Pts',(1.00464885443104,-0.842497121787958,-2.38232056946691));
#1678=CARTESIAN_POINT('Ctrl Pts',(0.00784948173573823,-1.3899780712979,
-2.45018350028268));
#1679=CARTESIAN_POINT('Ctrl Pts',(-1.16022407776965,-0.765493789909473,
-2.52922167771116));
#1680=CARTESIAN_POINT('Ctrl Pts',(-1.27479672107363,0.554070368245486,-2.60825985513962));
#1681=CARTESIAN_POINT('Ctrl Pts',(-0.231834764510645,1.37053029700132,-2.6872980325681));
#1682=CARTESIAN_POINT('Ctrl Pts',(0.917276072366284,0.978162381685367,-2.75975570927617));
#1683=CARTESIAN_POINT('Ctrl Pts',(1.17494571003473,0.29151815840014,-2.80586732684142));
#1684=CARTESIAN_POINT('Ctrl Pts',(1.17755327637194,-0.00105112797304702,
-2.82563288526384));
#1685=CARTESIAN_POINT('Ctrl Pts',(1.1776739164873,-0.00105254486620483,
-2.42436711473616));
#1686=CARTESIAN_POINT('Ctrl Pts',(1.17851451237714,-0.0943540897998329,
-2.43067208173034));
#1687=CARTESIAN_POINT('Ctrl Pts',(1.12587586023327,-0.576590248345787,-2.46332310786734));
#1688=CARTESIAN_POINT('Ctrl Pts',(0.463392051365006,-1.31048411828466,-2.52232019314717));
#1689=CARTESIAN_POINT('Ctrl Pts',(-0.8449020161478,-1.10373973410851,-2.60135837057563));
#1690=CARTESIAN_POINT('Ctrl Pts',(-1.3860123428939,0.105216932510161,-2.68039654800412));
#1691=CARTESIAN_POINT('Ctrl Pts',(-0.668602612110786,1.21863504160208,-2.75943472543258));
#1692=CARTESIAN_POINT('Ctrl Pts',(0.655908348450333,1.22551420064172,-2.83847290286107));
#1693=CARTESIAN_POINT('Ctrl Pts',(1.16294267746947,0.456266759943379,-2.89345036596225));
#1694=CARTESIAN_POINT('Ctrl Pts',(1.17948591682952,0.0342772499765502,-2.92208176992062));
#1695=CARTESIAN_POINT('Ctrl Pts',(1.17928165606513,0.000578016537133384,
-2.92436711473616));
#1696=CARTESIAN_POINT('Origin',(0.,0.,0.924367114736154));
#1697=CARTESIAN_POINT('',(1.17919073982397,0.000642233468904322,-1.82563288526384));
#1698=CARTESIAN_POINT('',(1.17598751681955,0.000402111047265868,-1.92436711473616));
#1699=CARTESIAN_POINT('',(1.17775,-8.88924268665971E-14,0.924367114736154));
#1700=CARTESIAN_POINT('Ctrl Pts',(1.17919073982397,0.000642233468904291,
-1.82563288526384));
#1701=CARTESIAN_POINT('Ctrl Pts',(1.17687778179417,-0.349805791022635,-1.84939400960368));
#1702=CARTESIAN_POINT('Ctrl Pts',(0.826001459023385,-1.09285042540781,-1.89950119308635));
#1703=CARTESIAN_POINT('Ctrl Pts',(-0.434871882056578,-1.32022236768467,
-1.97595443571184));
#1704=CARTESIAN_POINT('Ctrl Pts',(-1.34350597585311,-0.356500134400447,
-2.05499261314031));
#1705=CARTESIAN_POINT('Ctrl Pts',(-1.03221643271606,0.930929583180026,-2.13403079056878));
#1706=CARTESIAN_POINT('Ctrl Pts',(0.216341159196346,1.37306123534617,-2.21306896799726));
#1707=CARTESIAN_POINT('Ctrl Pts',(1.06651147881924,0.722875332791394,-2.27693633289561));
#1708=CARTESIAN_POINT('Ctrl Pts',(1.17662432783641,0.166419084531992,-2.31445763865114));
#1709=CARTESIAN_POINT('Ctrl Pts',(1.17603282430671,0.000462405701972309,
-2.32563288526384));
#1710=CARTESIAN_POINT('Ctrl Pts',(1.17598751681955,0.000402111047265782,
-1.92436711473616));
#1711=CARTESIAN_POINT('Ctrl Pts',(1.17530346407304,-0.220819826742295,-1.93926239354006));
#1712=CARTESIAN_POINT('Ctrl Pts',(1.00932202779924,-0.834281001260279,-1.98050373148678));
#1713=CARTESIAN_POINT('Ctrl Pts',(0.022287025511165,-1.38982160947957,-2.04809112857632));
#1714=CARTESIAN_POINT('Ctrl Pts',(-1.1522102052853,-0.777503993789152,-2.1271293060048));
#1715=CARTESIAN_POINT('Ctrl Pts',(-1.28048323662065,0.540798944384361,-2.20616748343327));
#1716=CARTESIAN_POINT('Ctrl Pts',(-0.246058226444492,1.36804830571213,-2.28520566086174));
#1717=CARTESIAN_POINT('Ctrl Pts',(0.91145123631783,0.986190992122226,-2.35793887129604));
#1718=CARTESIAN_POINT('Ctrl Pts',(1.17500198185171,0.295517581726496,-2.40432602258751));
#1719=CARTESIAN_POINT('Ctrl Pts',(1.1776739164873,-0.00105254486620483,
-2.42436711473616));
#1720=CARTESIAN_POINT('Origin',(0.,0.,0.924367114736154));
#1721=CARTESIAN_POINT('',(1.17780604190269,-0.00104900698707339,-1.32563288526384));
#1722=CARTESIAN_POINT('',(1.17910059050532,0.00069787782176008,-1.42436711473616));
#1723=CARTESIAN_POINT('',(1.17775,-8.88924268665971E-14,0.924367114736154));
#1724=CARTESIAN_POINT('Ctrl Pts',(1.17780604190269,-0.00104900698707356,
-1.32563288526384));
#1725=CARTESIAN_POINT('Ctrl Pts',(1.17861246514636,-0.0898916598295893,
-1.33163826227058));
#1726=CARTESIAN_POINT('Ctrl Pts',(1.12899422216336,-0.567602308714093,-1.36398969842014));
#1727=CARTESIAN_POINT('Ctrl Pts',(0.478163125823048,-1.30516688130166,-1.42268719371252));
#1728=CARTESIAN_POINT('Ctrl Pts',(-0.83238241363203,-1.11321166174747,-1.501725371141));
#1729=CARTESIAN_POINT('Ctrl Pts',(-1.38711220980485,0.0895565532534257,
-1.58076354856947));
#1730=CARTESIAN_POINT('Ctrl Pts',(-0.68232324745117,1.21100603898442,-1.65980172599795));
#1731=CARTESIAN_POINT('Ctrl Pts',(0.642025485185596,1.23284384048387,-1.73883990342642));
#1732=CARTESIAN_POINT('Ctrl Pts',(1.16052552377775,0.465211550751891,-1.79411695651505));
#1733=CARTESIAN_POINT('Ctrl Pts',(1.17944236283741,0.0387669148681838,-1.82304795046086));
#1734=CARTESIAN_POINT('Ctrl Pts',(1.17919073982397,0.000642233468904291,
-1.82563288526384));
#1735=CARTESIAN_POINT('Ctrl Pts',(1.17910059050532,0.000697877821760088,
-1.42436711473616));
#1736=CARTESIAN_POINT('Ctrl Pts',(1.17665951016515,-0.345756150727088,-1.44785270534978));
#1737=CARTESIAN_POINT('Ctrl Pts',(0.832773207970966,-1.08507827026593,-1.49768435510621));
#1738=CARTESIAN_POINT('Ctrl Pts',(-0.421135038077381,-1.32466829917496,
-1.57386206400549));
#1739=CARTESIAN_POINT('Ctrl Pts',(-1.33973051879551,-0.370436168323191,
-1.65290024143395));
#1740=CARTESIAN_POINT('Ctrl Pts',(-1.04183053294737,0.920157571541974,-1.73193841886243));
#1741=CARTESIAN_POINT('Ctrl Pts',(0.202067248558079,1.37523439656848,-1.8109765962909));
#1742=CARTESIAN_POINT('Ctrl Pts',(1.06264204914473,0.731147669480065,-1.87511949491548));
#1743=CARTESIAN_POINT('Ctrl Pts',(1.17651338396468,0.170466991948811,-1.91291633439723));
#1744=CARTESIAN_POINT('Ctrl Pts',(1.17598751681955,0.000402111047265782,
-1.92436711473616));
#1745=CARTESIAN_POINT('Origin',(0.,0.,0.924367114736154));
#1746=CARTESIAN_POINT('',(1.17594529644725,0.000336076583175744,-0.825632885263842));
#1747=CARTESIAN_POINT('',(1.17792813454872,-0.00104105919900704,-0.924367114736159));
#1748=CARTESIAN_POINT('',(1.17775,-8.88924268665971E-14,0.924367114736154));
#1749=CARTESIAN_POINT('Ctrl Pts',(1.17594529644725,0.000336076583175755,
-0.825632885263842));
#1750=CARTESIAN_POINT('Ctrl Pts',(1.17538844152844,-0.216456371779326,-0.840228574080297));
#1751=CARTESIAN_POINT('Ctrl Pts',(1.01433331492693,-0.825342447577174,-0.881170322039576));
#1752=CARTESIAN_POINT('Ctrl Pts',(0.0379820423601787,-1.38947966678616,
-0.948458129141683));
#1753=CARTESIAN_POINT('Ctrl Pts',(-1.14335537604833,-0.79046828068634,-1.02749630657015));
#1754=CARTESIAN_POINT('Ctrl Pts',(-1.28650938683959,0.526303029768428,-1.10653448399863));
#1755=CARTESIAN_POINT('Ctrl Pts',(-0.261493271775228,1.36518178026771,-1.1855726614271));
#1756=CARTESIAN_POINT('Ctrl Pts',(0.905040245235449,0.994903173697492,-1.25860546184884));
#1757=CARTESIAN_POINT('Ctrl Pts',(1.17507462323437,0.29986801447047,-1.30529220312775));
#1758=CARTESIAN_POINT('Ctrl Pts',(1.17780604190269,-0.00104900698707356,
-1.32563288526384));
#1759=CARTESIAN_POINT('Ctrl Pts',(1.17792813454872,-0.00104105919900703,
-0.924367114736159));
#1760=CARTESIAN_POINT('Ctrl Pts',(1.17869957850442,-0.0857850160940135,
-0.930096958016671));
#1761=CARTESIAN_POINT('Ctrl Pts',(1.13181027633372,-0.559338611867658,-0.962172860440007));
#1762=CARTESIAN_POINT('Ctrl Pts',(0.49169429787463,-1.30012957348587,-1.02059482200617));
#1763=CARTESIAN_POINT('Ctrl Pts',(-0.820774365572639,-1.12179786278877,
-1.09963299943464));
#1764=CARTESIAN_POINT('Ctrl Pts',(-1.3879676966007,0.0751435769430892,-1.17867117686311));
#1765=CARTESIAN_POINT('Ctrl Pts',(-0.694865406553413,1.20385331103337,-1.25770935429159));
#1766=CARTESIAN_POINT('Ctrl Pts',(0.629185087310497,1.23944623791159,-1.33674753172006));
#1767=CARTESIAN_POINT('Ctrl Pts',(1.15825484251211,0.473441787724637,-1.39230011853492));
#1768=CARTESIAN_POINT('Ctrl Pts',(1.17939790614899,0.0428948513526961,-1.42150664620695));
#1769=CARTESIAN_POINT('Ctrl Pts',(1.17910059050532,0.000697877821760088,
-1.42436711473616));
#1770=CARTESIAN_POINT('Origin',(0.,0.,0.924367114736154));
#1771=CARTESIAN_POINT('',(1.17898229816906,0.000836183436409179,-0.325632885263842));
#1772=CARTESIAN_POINT('',(1.17591102970993,0.000279614710281678,-0.424367114736159));
#1773=CARTESIAN_POINT('',(1.17775,-8.88924268665971E-14,0.924367114736154));
#1774=CARTESIAN_POINT('Ctrl Pts',(1.17898229816906,0.000836183436409106,
-0.325632885263842));
#1775=CARTESIAN_POINT('Ctrl Pts',(1.17642139419659,-0.341262145564894,-0.348818885890017));
#1776=CARTESIAN_POINT('Ctrl Pts',(0.840076068751676,-1.07673011309801,-0.398350945659016));
#1777=CARTESIAN_POINT('Ctrl Pts',(-0.406159349828867,-1.32926801989881,
-0.474229064570841));
#1778=CARTESIAN_POINT('Ctrl Pts',(-1.33545495805926,-0.385581407446805,
-0.553267241999313));
#1779=CARTESIAN_POINT('Ctrl Pts',(-1.05215966849029,0.908352328099049,-0.632305419427788));
#1780=CARTESIAN_POINT('Ctrl Pts',(0.186524160678443,1.37741827925936,-0.71134359685626));
#1781=CARTESIAN_POINT('Ctrl Pts',(1.05836936799798,0.740142364817503,-0.77578608546828));
#1782=CARTESIAN_POINT('Ctrl Pts',(1.17639359673621,0.174866486504473,-0.813882514937473));
#1783=CARTESIAN_POINT('Ctrl Pts',(1.17594529644725,0.000336076583175755,
-0.825632885263842));
#1784=CARTESIAN_POINT('Ctrl Pts',(1.17591102970993,0.000279614710281643,
-0.424367114736159));
#1785=CARTESIAN_POINT('Ctrl Pts',(1.17546992825583,-0.212438141722761,-0.43868726982639));
#1786=CARTESIAN_POINT('Ctrl Pts',(1.01888257252686,-0.81712574928244,-0.479353484059446));
#1787=CARTESIAN_POINT('Ctrl Pts',(0.0524095281401584,-1.38900173935577,
-0.546365757435326));
#1788=CARTESIAN_POINT('Ctrl Pts',(-1.13508128447951,-0.802306392325425,
-0.625403934863801));
#1789=CARTESIAN_POINT('Ctrl Pts',(-1.29190774805799,0.512913794349694,-0.704442112292273));
#1790=CARTESIAN_POINT('Ctrl Pts',(-0.275659104428324,1.36239077046472,-0.783480289720748));
#1791=CARTESIAN_POINT('Ctrl Pts',(0.899072312807467,1.00289970751528,-0.856788623868708));
#1792=CARTESIAN_POINT('Ctrl Pts',(1.17515244691858,0.30387124343171,-0.903750898873846));
#1793=CARTESIAN_POINT('Ctrl Pts',(1.17792813454872,-0.00104105919900703,
-0.924367114736159));
#1794=CARTESIAN_POINT('Ctrl Pts',(0.510216505388437,1.06149619882937,0.164977839420935));
#1795=CARTESIAN_POINT('Ctrl Pts',(0.861650662455046,0.892576604307607,0.138631780278111));
#1796=CARTESIAN_POINT('Ctrl Pts',(1.37772698736365,0.181408988709678,0.0859396619924619));
#1797=CARTESIAN_POINT('Ctrl Pts',(0.903299421340756,-1.05767182618786,0.00690148456398825));
#1798=CARTESIAN_POINT('Ctrl Pts',(-0.392483943173406,-1.33301231949658,
-0.0721366928644851));
#1799=CARTESIAN_POINT('Ctrl Pts',(-1.33129707816389,-0.399643262474216,
-0.151174870292959));
#1800=CARTESIAN_POINT('Ctrl Pts',(-1.06158066726791,0.897485296828883,-0.230213047721432));
#1801=CARTESIAN_POINT('Ctrl Pts',(0.172228954192849,1.37922314161701,-0.309251225149906));
#1802=CARTESIAN_POINT('Ctrl Pts',(1.24956687598971,0.608847840575543,-0.388289402578379));
#1803=CARTESIAN_POINT('Ctrl Pts',(1.19232411563075,-0.714497895605132,-0.467327580006854));
#1804=CARTESIAN_POINT('Ctrl Pts',(0.0524095281401584,-1.38900173935577,
-0.546365757435326));
#1805=CARTESIAN_POINT('Ctrl Pts',(-1.13508128447951,-0.802306392325425,
-0.625403934863801));
#1806=CARTESIAN_POINT('Ctrl Pts',(-1.29190774805799,0.512913794349694,-0.704442112292273));
#1807=CARTESIAN_POINT('Ctrl Pts',(-0.275659104428324,1.36239077046472,-0.783480289720748));
#1808=CARTESIAN_POINT('Ctrl Pts',(0.990890344081633,0.974801572761765,-0.86251846714922));
#1809=CARTESIAN_POINT('Ctrl Pts',(1.35769740567776,-0.297924822187285,-0.941556644577694));
#1810=CARTESIAN_POINT('Ctrl Pts',(0.49169429787463,-1.30012957348587,-1.02059482200617));
#1811=CARTESIAN_POINT('Ctrl Pts',(-0.820774365572639,-1.12179786278877,
-1.09963299943464));
#1812=CARTESIAN_POINT('Ctrl Pts',(-1.3879676966007,0.0751435769430892,-1.17867117686311));
#1813=CARTESIAN_POINT('Ctrl Pts',(-0.694865406553413,1.20385331103337,-1.25770935429159));
#1814=CARTESIAN_POINT('Ctrl Pts',(0.629185087310497,1.23944623791159,-1.33674753172006));
#1815=CARTESIAN_POINT('Ctrl Pts',(1.38192607708707,0.1496032780031,-1.41578570914854));
#1816=CARTESIAN_POINT('Ctrl Pts',(0.879857389526994,-1.07608167864472,-1.49482388657701));
#1817=CARTESIAN_POINT('Ctrl Pts',(-0.421135038077381,-1.32466829917496,
-1.57386206400549));
#1818=CARTESIAN_POINT('Ctrl Pts',(-1.33973051879551,-0.370436168323191,
-1.65290024143395));
#1819=CARTESIAN_POINT('Ctrl Pts',(-1.04183053294737,0.920157571541974,-1.73193841886243));
#1820=CARTESIAN_POINT('Ctrl Pts',(0.202067248558079,1.37523439656848,-1.8109765962909));
#1821=CARTESIAN_POINT('Ctrl Pts',(1.26248492904594,0.581577700245846,-1.89001477371938));
#1822=CARTESIAN_POINT('Ctrl Pts',(1.17654730181089,-0.740160296099153,-1.96905295114785));
#1823=CARTESIAN_POINT('Ctrl Pts',(0.022287025511165,-1.38982160947957,-2.04809112857632));
#1824=CARTESIAN_POINT('Ctrl Pts',(-1.1522102052853,-0.777503993789152,-2.1271293060048));
#1825=CARTESIAN_POINT('Ctrl Pts',(-1.28048323662065,0.540798944384361,-2.20616748343327));
#1826=CARTESIAN_POINT('Ctrl Pts',(-0.246058226444492,1.36804830571213,-2.28520566086174));
#1827=CARTESIAN_POINT('Ctrl Pts',(1.01179135487697,0.953089225483663,-2.36424383829022));
#1828=CARTESIAN_POINT('Ctrl Pts',(1.35091916529728,-0.327289209065436,-2.44328201571869));
#1829=CARTESIAN_POINT('Ctrl Pts',(0.463392051365006,-1.31048411828466,-2.52232019314717));
#1830=CARTESIAN_POINT('Ctrl Pts',(-0.8449020161478,-1.10373973410851,-2.60135837057563));
#1831=CARTESIAN_POINT('Ctrl Pts',(-1.3860123428939,0.105216932510161,-2.68039654800412));
#1832=CARTESIAN_POINT('Ctrl Pts',(-0.668602612110786,1.21863504160208,-2.75943472543258));
#1833=CARTESIAN_POINT('Ctrl Pts',(0.655908348450333,1.22551420064172,-2.83847290286107));
#1834=CARTESIAN_POINT('Ctrl Pts',(1.38484466160068,0.119608029736621,-2.91751108028953));
#1835=CARTESIAN_POINT('Ctrl Pts',(0.856321189401531,-1.09490403146728,-2.99654925771801));
#1836=CARTESIAN_POINT('Ctrl Pts',(-0.449754804659991,-1.31522676114316,
-3.07558743514648));
#1837=CARTESIAN_POINT('Ctrl Pts',(-1.34744667029938,-0.341303806366444,
-3.15462561257495));
#1838=CARTESIAN_POINT('Ctrl Pts',(-1.02163668927969,0.942528138921162,-3.23366379000343));
#1839=CARTESIAN_POINT('Ctrl Pts',(0.23183477438058,1.3705303553488,-3.3127019674319));
#1840=CARTESIAN_POINT('Ctrl Pts',(1.27479677534549,0.554070391833853,-3.39174014486037));
#1841=CARTESIAN_POINT('Ctrl Pts',(1.16022412716376,-0.765493822498857,-3.47077832228885));
#1842=CARTESIAN_POINT('Ctrl Pts',(-0.00784948206996511,-1.38997813047331,
-3.54981649971732));
#1843=CARTESIAN_POINT('Ctrl Pts',(-1.16879564349762,-0.752341386110541,
-3.62885467714579));
#1844=CARTESIAN_POINT('Ctrl Pts',(-1.26845777810935,0.568432654476839,-3.70789285457427));
#1845=CARTESIAN_POINT('Ctrl Pts',(-0.216341168406591,1.37306129380119,-3.78693103200274));
#1846=CARTESIAN_POINT('Ctrl Pts',(1.0322164766606,0.930929622812833,-3.86596920943122));
#1847=CARTESIAN_POINT('Ctrl Pts',(1.34350603305004,-0.356500149578561,-3.94500738685969));
#1848=CARTESIAN_POINT('Ctrl Pts',(0.43487190057039,-1.32022242388894,-4.02404556428816));
#1849=CARTESIAN_POINT('Ctrl Pts',(-0.868632459316608,-1.08516287554864,
-4.10308374171664));
#1850=CARTESIAN_POINT('Ctrl Pts',(-1.38340547946222,0.135240885785137,-4.18212191914511));
#1851=CARTESIAN_POINT('Ctrl Pts',(-0.642025512518871,1.23284389296066,-4.26116009657358));
#1852=CARTESIAN_POINT('Ctrl Pts',(0.682323276500374,1.21100609055689,-4.34019827400206));
#1853=CARTESIAN_POINT('Ctrl Pts',(1.38711226885726,0.0895565570362709,-4.41923645143053));
#1854=CARTESIAN_POINT('Ctrl Pts',(0.832382449070459,-1.11321170908619,-4.498274628859));
#1855=CARTESIAN_POINT('Ctrl Pts',(-0.478163146181919,-1.30516693696403,
-4.57731280628748));
#1856=CARTESIAN_POINT('Ctrl Pts',(-1.35452943067155,-0.312011066161865,
-4.65635098371595));
#1857=CARTESIAN_POINT('Ctrl Pts',(-1.00096257920717,0.964455763197858,-4.73538916114443));
#1858=CARTESIAN_POINT('Ctrl Pts',(0.261493282904455,1.36518183895437,-4.8144273385729));
#1859=CARTESIAN_POINT('Ctrl Pts',(1.28650944162739,0.526303051162573,-4.89346551600137));
#1860=CARTESIAN_POINT('Ctrl Pts',(1.1433554246707,-0.790468312539541,-4.97250369342984));
#1861=CARTESIAN_POINT('Ctrl Pts',(-0.0379820438360143,-1.38947972912444,
-5.05154187085832));
#1862=CARTESIAN_POINT('Ctrl Pts',(-1.18483214573416,-0.726828023924129,
-5.1305800482868));
#1863=CARTESIAN_POINT('Ctrl Pts',(-1.255835124061,0.595804674970392,-5.20961822571526));
#1864=CARTESIAN_POINT('Ctrl Pts',(-0.186524170398939,1.37741835490537,-5.28865640314374));
#1865=CARTESIAN_POINT('Ctrl Pts',(1.05215971717918,0.908352337523406,-5.36769458057221));
#1866=CARTESIAN_POINT('Ctrl Pts',(1.33545500653568,-0.385581374113129,-5.44673275800069));
#1867=CARTESIAN_POINT('Ctrl Pts',(0.406159384892997,-1.32926815996533,-5.52577093542916));
#1868=CARTESIAN_POINT('Ctrl Pts',(-0.89197749455194,-1.06621269939625,-5.60480911285764));
#1869=CARTESIAN_POINT('Ctrl Pts',(-1.3801047626652,0.165461450608777,-5.6838472902861));
#1870=CARTESIAN_POINT('Ctrl Pts',(-0.615229368679371,1.24597685110638,-5.76288546771459));
#1871=CARTESIAN_POINT('Ctrl Pts',(0.708574703646093,1.19688822613432,-5.84192364514305));
#1872=CARTESIAN_POINT('Ctrl Pts',(1.38842875471882,0.0575018779233442,-5.92096182257153));
#1873=CARTESIAN_POINT('Ctrl Pts',(1.00193137832059,-0.731620374103352,-5.97365394085718));
#1874=CARTESIAN_POINT('Ctrl Pts',(0.684664424539428,-0.95829519891842,-6.));
#1875=CARTESIAN_POINT('Ctrl Pts',(0.551480035117362,1.14734422509853,0.109985226280624));
#1876=CARTESIAN_POINT('Ctrl Pts',(0.931336271114639,0.964763334564712,0.0836391671377991));
#1877=CARTESIAN_POINT('Ctrl Pts',(1.48915003601267,0.196080358843074,0.03094704885215));
#1878=CARTESIAN_POINT('Ctrl Pts',(0.976353354588658,-1.14321055804469,-0.0480911285763235));
#1879=CARTESIAN_POINT('Ctrl Pts',(-0.424225905039048,-1.44081908955139,
-0.127129306004797));
#1880=CARTESIAN_POINT('Ctrl Pts',(-1.43896512884961,-0.431964231058957,
-0.20616748343327));
#1881=CARTESIAN_POINT('Ctrl Pts',(-1.14743552488394,0.970069015379459,-0.285205660861745));
#1882=CARTESIAN_POINT('Ctrl Pts',(0.186157893175535,1.49076719106641,-0.364243838290217));
#1883=CARTESIAN_POINT('Ctrl Pts',(1.35062503344079,0.658088135047908,-0.443282015718692));
#1884=CARTESIAN_POINT('Ctrl Pts',(1.28875279065841,-0.772282590622224,-0.522320193147164));
#1885=CARTESIAN_POINT('Ctrl Pts',(0.0566481250880338,-1.50133662848644,
-0.601358370575639));
#1886=CARTESIAN_POINT('Ctrl Pts',(-1.22688047135844,-0.867192559906835,
-0.680396548004111));
#1887=CARTESIAN_POINT('Ctrl Pts',(-1.39639020443882,0.554395466106688,-0.759434725432587));
#1888=CARTESIAN_POINT('Ctrl Pts',(-0.297952910156879,1.47257350948978,-0.838472902861058));
#1889=CARTESIAN_POINT('Ctrl Pts',(1.07102815369638,1.05363821025322,-0.917511080289533));
#1890=CARTESIAN_POINT('Ctrl Pts',(1.46750057094272,-0.322019357796139,-0.996549257718006));
#1891=CARTESIAN_POINT('Ctrl Pts',(0.531459852425738,-1.40527696628954,-1.07558743514648));
#1892=CARTESIAN_POINT('Ctrl Pts',(-0.887154122160019,-1.21252275893026,
-1.15462561257495));
#1893=CARTESIAN_POINT('Ctrl Pts',(-1.50021895798997,0.0812207798331928,
-1.23366379000343));
#1894=CARTESIAN_POINT('Ctrl Pts',(-0.751062332874128,1.30121440453872,-1.3127019674319));
#1895=CARTESIAN_POINT('Ctrl Pts',(0.680070147438977,1.33968589332325,-1.39174014486037));
#1896=CARTESIAN_POINT('Ctrl Pts',(1.49368872522338,0.161702375629765,-1.47077832228885));
#1897=CARTESIAN_POINT('Ctrl Pts',(0.951015459026,-1.16310929901483,-1.54981649971732));
#1898=CARTESIAN_POINT('Ctrl Pts',(-0.455194144319674,-1.43180025035001,
-1.62885467714579));
#1899=CARTESIAN_POINT('Ctrl Pts',(-1.44808062018822,-0.400395026342968,
-1.70789285457427));
#1900=CARTESIAN_POINT('Ctrl Pts',(-1.12608810735895,0.994574900083146,-1.78693103200274));
#1901=CARTESIAN_POINT('Ctrl Pts',(0.218409346138334,1.48645585806128,-1.86596920943122));
#1902=CARTESIAN_POINT('Ctrl Pts',(1.36458782821098,0.628612534419843,-1.94500738685969));
#1903=CARTESIAN_POINT('Ctrl Pts',(1.27170003413735,-0.80002042618061,-2.02404556428816));
#1904=CARTESIAN_POINT('Ctrl Pts',(0.024089478646338,-1.50222280523667,-2.10308374171663));
#1905=CARTESIAN_POINT('Ctrl Pts',(-1.24539468590804,-0.840384278576607,
-2.18212191914511));
#1906=CARTESIAN_POINT('Ctrl Pts',(-1.38404174079227,0.584535815072199,-2.26116009657358));
#1907=CARTESIAN_POINT('Ctrl Pts',(-0.265958074518233,1.47868859534837,-2.34019827400206));
#1908=CARTESIAN_POINT('Ctrl Pts',(1.09361952431193,1.03016988668284,-2.41923645143053));
#1909=CARTESIAN_POINT('Ctrl Pts',(1.46017414342895,-0.35375857621761,-2.498274628859));
#1910=CARTESIAN_POINT('Ctrl Pts',(0.500868674496,-1.41646893022829,-2.57731280628748));
#1911=CARTESIAN_POINT('Ctrl Pts',(-0.913233085592141,-1.1930041872385,-2.65635098371595));
#1912=CARTESIAN_POINT('Ctrl Pts',(-1.49810546593414,0.113726304466505,-2.73538916114442));
#1913=CARTESIAN_POINT('Ctrl Pts',(-0.722675546777364,1.31719160089955,-2.8144273385729));
#1914=CARTESIAN_POINT('Ctrl Pts',(0.708954640269382,1.32462710882353,-2.89346551600137));
#1915=CARTESIAN_POINT('Ctrl Pts',(1.49684334894304,0.129281275189751,-2.97250369342984));
#1916=CARTESIAN_POINT('Ctrl Pts',(0.92557577933191,-1.18345390113168,-3.05154187085832));
#1917=CARTESIAN_POINT('Ctrl Pts',(-0.48612852161508,-1.4215951321887,-3.13058004828679));
#1918=CARTESIAN_POINT('Ctrl Pts',(-1.45642081196442,-0.368906597753762,
-3.20961822571527));
#1919=CARTESIAN_POINT('Ctrl Pts',(-1.10426109569352,1.01875467700839,-3.28865640314373));
#1920=CARTESIAN_POINT('Ctrl Pts',(0.250584307184436,1.48137137962982,-3.36769458057222));
#1921=CARTESIAN_POINT('Ctrl Pts',(1.37789538952648,0.598880584847805,-3.44673275800068));
#1922=CARTESIAN_POINT('Ctrl Pts',(1.25405673010357,-0.827402790100646,-3.52577093542917));
#1923=CARTESIAN_POINT('Ctrl Pts',(-0.00848430539168365,-1.50239198479518,
-3.60480911285763));
#1924=CARTESIAN_POINT('Ctrl Pts',(-1.26332146395454,-0.813186656352134,
-3.68384729028611));
#1925=CARTESIAN_POINT('Ctrl Pts',(-1.37104372874821,0.614404389003613,-3.76288546771458));
#1926=CARTESIAN_POINT('Ctrl Pts',(-0.233837662816047,1.48410700658791,-3.84192364514306));
#1927=CARTESIAN_POINT('Ctrl Pts',(1.11569651860662,1.00621813614158,-3.92096182257152));
#1928=CARTESIAN_POINT('Ctrl Pts',(1.45216147745506,-0.385331938368498,-4.00000000000001));
#1929=CARTESIAN_POINT('Ctrl Pts',(0.470041969370509,-1.42699481690564,-4.07903817742847));
#1930=CARTESIAN_POINT('Ctrl Pts',(-0.938882717648088,-1.1729249336221,-4.15807635485695));
#1931=CARTESIAN_POINT('Ctrl Pts',(-1.49528777359831,0.146178431419632,-4.23711453228542));
#1932=CARTESIAN_POINT('Ctrl Pts',(-0.693949036244138,1.33254958670254,-4.31615270971389));
#1933=CARTESIAN_POINT('Ctrl Pts',(0.737505863710439,1.30894566187979,-4.39519088714238));
#1934=CARTESIAN_POINT('Ctrl Pts',(1.49929434791364,0.0967994031901361,-4.47422906457083));
#1935=CARTESIAN_POINT('Ctrl Pts',(0.899701004174659,-1.20324220391994,-4.55326724199932));
#1936=CARTESIAN_POINT('Ctrl Pts',(-0.516834374943388,-1.41072172426679,
-4.63230541942779));
#1937=CARTESIAN_POINT('Ctrl Pts',(-1.46407638738686,-0.337244820398272,
-4.71134359685626));
#1938=CARTESIAN_POINT('Ctrl Pts',(-1.0819149762944,1.04245568800753,-4.79038177428473));
#1939=CARTESIAN_POINT('Ctrl Pts',(0.282641434207057,1.47559030438455,-4.86941995171321));
#1940=CARTESIAN_POINT('Ctrl Pts',(1.39055531241066,0.568867573024807,-4.94845812914168));
#1941=CARTESIAN_POINT('Ctrl Pts',(1.23582377890537,-0.854397080758079,-5.02749630657016));
#1942=CARTESIAN_POINT('Ctrl Pts',(-0.0410538244986085,-1.50185327546203,
-5.10653448399863));
#1943=CARTESIAN_POINT('Ctrl Pts',(-1.28065491107585,-0.785609912507259,
-5.1855726614271));
#1944=CARTESIAN_POINT('Ctrl Pts',(-1.35740022324743,0.643990109307833,-5.26461083885558));
#1945=CARTESIAN_POINT('Ctrl Pts',(-0.201609228544139,1.48881644304355,-5.34364901628406));
#1946=CARTESIAN_POINT('Ctrl Pts',(1.13725265970629,0.98181492308835,-5.42268719371252));
#1947=CARTESIAN_POINT('Ctrl Pts',(1.44345932780295,-0.416765093819576,-5.501725371141));
#1948=CARTESIAN_POINT('Ctrl Pts',(0.439007341939117,-1.43677212280693,-5.58076354856948));
#1949=CARTESIAN_POINT('Ctrl Pts',(-0.964115772077786,-1.15244217052128,
-5.65980172599794));
#1950=CARTESIAN_POINT('Ctrl Pts',(-1.49172011281919,0.178843070791733,-5.73883990342642));
#1951=CARTESIAN_POINT('Ctrl Pts',(-0.664985766358606,1.34674466691439,-5.81787808085489));
#1952=CARTESIAN_POINT('Ctrl Pts',(0.765880363185283,1.29368602154022,-5.89691625828336));
#1953=CARTESIAN_POINT('Ctrl Pts',(1.50071730397543,0.0621523163629194,-5.97595443571184));
#1954=CARTESIAN_POINT('Ctrl Pts',(1.08296212659912,-0.790789841845519,-6.02864655399749));
#1955=CARTESIAN_POINT('Ctrl Pts',(0.740036351041137,-1.03579689087085,-6.05499261314031));
#1956=CARTESIAN_POINT('Ctrl Pts',(0.592743564846286,1.23319225136769,0.0549926131403118));
#1957=CARTESIAN_POINT('Ctrl Pts',(1.00102187977423,1.03695006482182,0.0286465539974873));
#1958=CARTESIAN_POINT('Ctrl Pts',(1.60057308466169,0.21075172897647,-0.0240455642881617));
#1959=CARTESIAN_POINT('Ctrl Pts',(1.04940728783656,-1.22874928990153,-0.103083741716635));
#1960=CARTESIAN_POINT('Ctrl Pts',(-0.455967866904686,-1.5486258596062,-0.182121919145109));
#1961=CARTESIAN_POINT('Ctrl Pts',(-1.54663317953533,-0.464285199643697,
-0.261160096573583));
#1962=CARTESIAN_POINT('Ctrl Pts',(-1.23329038249996,1.04265273393004,-0.340198274002055));
#1963=CARTESIAN_POINT('Ctrl Pts',(0.200086832158221,1.6023112405158,-0.41923645143053));
#1964=CARTESIAN_POINT('Ctrl Pts',(1.45168319089188,0.707328429520274,-0.498274628859002));
#1965=CARTESIAN_POINT('Ctrl Pts',(1.38518146568608,-0.830067285639315,-0.577312806287477));
#1966=CARTESIAN_POINT('Ctrl Pts',(0.0608867220359091,-1.6136715176171,-0.656350983715949));
#1967=CARTESIAN_POINT('Ctrl Pts',(-1.31867965823738,-0.932078727488243,
-0.735389161144424));
#1968=CARTESIAN_POINT('Ctrl Pts',(-1.50087266081966,0.595877137863681,-0.814427338572897));
#1969=CARTESIAN_POINT('Ctrl Pts',(-0.320246715885437,1.58275624851484,-0.893465516001371));
#1970=CARTESIAN_POINT('Ctrl Pts',(1.15116596331113,1.13247484774468,-0.972503693429844));
#1971=CARTESIAN_POINT('Ctrl Pts',(1.57730373620768,-0.346113893404995,-1.05154187085832));
#1972=CARTESIAN_POINT('Ctrl Pts',(0.571225406976847,-1.51042435909321,-1.13058004828679));
#1973=CARTESIAN_POINT('Ctrl Pts',(-0.953533878747398,-1.30324765507175,
-1.20961822571527));
#1974=CARTESIAN_POINT('Ctrl Pts',(-1.61247021937924,0.0872979827232972,
-1.28865640314374));
#1975=CARTESIAN_POINT('Ctrl Pts',(-0.807259259194841,1.39857549804407,-1.36769458057221));
#1976=CARTESIAN_POINT('Ctrl Pts',(0.730955207567455,1.43992554873492,-1.44673275800069));
#1977=CARTESIAN_POINT('Ctrl Pts',(1.6054513733597,0.17380147325643,-1.52577093542916));
#1978=CARTESIAN_POINT('Ctrl Pts',(1.02217352852501,-1.25013691938494,-1.60480911285763));
#1979=CARTESIAN_POINT('Ctrl Pts',(-0.489253250561967,-1.53893220152506,
-1.68384729028611));
#1980=CARTESIAN_POINT('Ctrl Pts',(-1.55643072158094,-0.430353884362745,
-1.76288546771458));
#1981=CARTESIAN_POINT('Ctrl Pts',(-1.21034568177053,1.06899222862432,-1.84192364514305));
#1982=CARTESIAN_POINT('Ctrl Pts',(0.234751443718593,1.59767731955409,-1.92096182257153));
#1983=CARTESIAN_POINT('Ctrl Pts',(1.46669072737601,0.675647368593839,-2.));
#1984=CARTESIAN_POINT('Ctrl Pts',(1.36685276646382,-0.859880556262065,-2.07903817742848));
#1985=CARTESIAN_POINT('Ctrl Pts',(0.0258919317815081,-1.61462400099378,
-2.15807635485695));
#1986=CARTESIAN_POINT('Ctrl Pts',(-1.33857916653076,-0.90326456336406,-2.23711453228542));
#1987=CARTESIAN_POINT('Ctrl Pts',(-1.48760024496388,0.628272685760036,-2.3161527097139));
#1988=CARTESIAN_POINT('Ctrl Pts',(-0.285857922591973,1.5893288849846,-2.39519088714237));
#1989=CARTESIAN_POINT('Ctrl Pts',(1.17544769374689,1.10725054788201,-2.47422906457084));
#1990=CARTESIAN_POINT('Ctrl Pts',(1.56942912156061,-0.380227943369784,-2.55326724199932));
#1991=CARTESIAN_POINT('Ctrl Pts',(0.538345297626992,-1.52245374217193,-2.63230541942779));
#1992=CARTESIAN_POINT('Ctrl Pts',(-0.981564155036479,-1.28226864036848,
-2.71134359685626));
#1993=CARTESIAN_POINT('Ctrl Pts',(-1.61019858897439,0.122235676422847,-2.79038177428474));
#1994=CARTESIAN_POINT('Ctrl Pts',(-0.776748481443941,1.41574816019702,-2.86941995171321));
#1995=CARTESIAN_POINT('Ctrl Pts',(0.762000932088431,1.42374001700534,-2.94845812914169));
#1996=CARTESIAN_POINT('Ctrl Pts',(1.6088420362854,0.13895452064288,-3.02749630657015));
#1997=CARTESIAN_POINT('Ctrl Pts',(0.994830369262288,-1.27200377079608,-3.10653448399863));
#1998=CARTESIAN_POINT('Ctrl Pts',(-0.522502238570167,-1.52796350323425,
-3.1855726614271));
#1999=CARTESIAN_POINT('Ctrl Pts',(-1.56539495362948,-0.396509389141079,
-3.26461083885558));
#2000=CARTESIAN_POINT('Ctrl Pts',(-1.18688550210736,1.09498121509562,-3.34364901628405));
#2001=CARTESIAN_POINT('Ctrl Pts',(0.269333839988291,1.59221240391085,-3.42268719371252));
#2002=CARTESIAN_POINT('Ctrl Pts',(1.48099400370746,0.64369077786176,-3.501725371141));
#2003=CARTESIAN_POINT('Ctrl Pts',(1.34788933304337,-0.889311757702436,-3.58076354856947));
#2004=CARTESIAN_POINT('Ctrl Pts',(-0.00911912871340252,-1.61480583911705,
-3.65980172599795));
#2005=CARTESIAN_POINT('Ctrl Pts',(-1.35784728441147,-0.874031926593729,
-3.73883990342642));
#2006=CARTESIAN_POINT('Ctrl Pts',(-1.47362967938707,0.660376123530389,-3.81787808085489));
#2007=CARTESIAN_POINT('Ctrl Pts',(-0.251334157225504,1.59515271937463,-3.89691625828337));
#2008=CARTESIAN_POINT('Ctrl Pts',(1.19917656055263,1.08150664947032,-3.97595443571183));
#2009=CARTESIAN_POINT('Ctrl Pts',(1.56081692186008,-0.414163727158435,-4.05499261314032));
#2010=CARTESIAN_POINT('Ctrl Pts',(0.505212038170626,-1.53376720992234,-4.13403079056878));
#2011=CARTESIAN_POINT('Ctrl Pts',(-1.00913297597957,-1.26068699169555,-4.21306896799726));
#2012=CARTESIAN_POINT('Ctrl Pts',(-1.60717006773439,0.157115977054124,-4.29210714542573));
#2013=CARTESIAN_POINT('Ctrl Pts',(-0.745872559969404,1.43225528044442,-4.37114532285421));
#2014=CARTESIAN_POINT('Ctrl Pts',(0.792688450920502,1.40688523320269,-4.45018350028268));
#2015=CARTESIAN_POINT('Ctrl Pts',(1.61147642697002,0.104042249344002,-4.52922167771115));
#2016=CARTESIAN_POINT('Ctrl Pts',(0.967019559278856,-1.2932726987537,-4.60825985513963));
#2017=CARTESIAN_POINT('Ctrl Pts',(-0.555505603704855,-1.51627651156955,
-4.6872980325681));
#2018=CARTESIAN_POINT('Ctrl Pts',(-1.57362334410218,-0.362478574634678,
-4.76633620999657));
#2019=CARTESIAN_POINT('Ctrl Pts',(-1.16286737338164,1.1204556128172,-4.84537438742505));
#2020=CARTESIAN_POINT('Ctrl Pts',(0.303789585509659,1.58599876981474,-4.92441256485352));
#2021=CARTESIAN_POINT('Ctrl Pts',(1.49460118319394,0.611432094887039,-5.003450742282));
#2022=CARTESIAN_POINT('Ctrl Pts',(1.32829213314005,-0.918325848976617,-5.08248891971046));
#2023=CARTESIAN_POINT('Ctrl Pts',(-0.0441256051612023,-1.61422682179963,
-5.16152709713895));
#2024=CARTESIAN_POINT('Ctrl Pts',(-1.37647767641754,-0.84439180109039,-5.24056527456742));
#2025=CARTESIAN_POINT('Ctrl Pts',(-1.45896532243386,0.692175543645274,-5.31960345199589));
#2026=CARTESIAN_POINT('Ctrl Pts',(-0.216694286689338,1.60021453118172,-5.39864162942437));
#2027=CARTESIAN_POINT('Ctrl Pts',(1.22234560223341,1.05527750865329,-5.47767980685283));
#2028=CARTESIAN_POINT('Ctrl Pts',(1.55146364907022,-0.44794881352602,-5.55671798428131));
#2029=CARTESIAN_POINT('Ctrl Pts',(0.471855298985237,-1.54427608564853,-5.63575616170978));
#2030=CARTESIAN_POINT('Ctrl Pts',(-1.03625404960363,-1.23867164164631,-5.71479433913826));
#2031=CARTESIAN_POINT('Ctrl Pts',(-1.60333546297318,0.192224690974688,-5.79383251656673));
#2032=CARTESIAN_POINT('Ctrl Pts',(-0.714742164037842,1.4475124827224,-5.87287069399521));
#2033=CARTESIAN_POINT('Ctrl Pts',(0.823186022724475,1.39048381694612,-5.95190887142367));
#2034=CARTESIAN_POINT('Ctrl Pts',(1.61300585323203,0.066802754802492,-6.03094704885216));
#2035=CARTESIAN_POINT('Ctrl Pts',(1.16399287487765,-0.849959309587685,-6.0836391671378));
#2036=CARTESIAN_POINT('Ctrl Pts',(0.795408277542845,-1.11329858282328,-6.10998522628063));
#2037=CARTESIAN_POINT('Ctrl Pts',(0.634007094575211,1.31904027763685,0.));
#2038=CARTESIAN_POINT('Ctrl Pts',(1.07070748843383,1.10913679507892,-0.0263460591428245));
#2039=CARTESIAN_POINT('Ctrl Pts',(1.71199613331071,0.225423099109865,-0.0790381774284735));
#2040=CARTESIAN_POINT('Ctrl Pts',(1.12246122108446,-1.31428802175836,-0.158076354856947));
#2041=CARTESIAN_POINT('Ctrl Pts',(-0.487709828770326,-1.65643262966101,
-0.237114532285421));
#2042=CARTESIAN_POINT('Ctrl Pts',(-1.65430123022105,-0.496606168228437,
-0.316152709713894));
#2043=CARTESIAN_POINT('Ctrl Pts',(-1.31914524011599,1.11523645248061,-0.395190887142368));
#2044=CARTESIAN_POINT('Ctrl Pts',(0.214015771140908,1.71385528996519,-0.474229064570841));
#2045=CARTESIAN_POINT('Ctrl Pts',(1.55274134834296,0.756568723992641,-0.553267241999315));
#2046=CARTESIAN_POINT('Ctrl Pts',(1.48161014071375,-0.887851980656408,-0.632305419427788));
#2047=CARTESIAN_POINT('Ctrl Pts',(0.0651253189837844,-1.72600640674776,
-0.711343596856262));
#2048=CARTESIAN_POINT('Ctrl Pts',(-1.41047884511631,-0.996964895069652,
-0.790381774284736));
#2049=CARTESIAN_POINT('Ctrl Pts',(-1.60535511720049,0.637358809620674,-0.869419951713209));
#2050=CARTESIAN_POINT('Ctrl Pts',(-0.342540521613993,1.69293898753989,-0.948458129141683));
#2051=CARTESIAN_POINT('Ctrl Pts',(1.23130377292587,1.21131148523614,-1.02749630657016));
#2052=CARTESIAN_POINT('Ctrl Pts',(1.68710690147265,-0.37020842901385,-1.10653448399863));
#2053=CARTESIAN_POINT('Ctrl Pts',(0.610990961527954,-1.61557175189689,-1.1855726614271));
#2054=CARTESIAN_POINT('Ctrl Pts',(-1.01991363533478,-1.39397255121323,-1.26461083885558));
#2055=CARTESIAN_POINT('Ctrl Pts',(-1.72472148076852,0.0933751856133999,
-1.34364901628405));
#2056=CARTESIAN_POINT('Ctrl Pts',(-0.863456185515555,1.49593659154942,-1.42268719371252));
#2057=CARTESIAN_POINT('Ctrl Pts',(0.781840267695934,1.54016520414658,-1.501725371141));
#2058=CARTESIAN_POINT('Ctrl Pts',(1.71721402149601,0.185900570883095,-1.58076354856947));
#2059=CARTESIAN_POINT('Ctrl Pts',(1.09333159802401,-1.33716453975506,-1.65980172599795));
#2060=CARTESIAN_POINT('Ctrl Pts',(-0.523312356804261,-1.64606415270011,
-1.73883990342642));
#2061=CARTESIAN_POINT('Ctrl Pts',(-1.66478082297365,-0.460312742382524,
-1.81787808085489));
#2062=CARTESIAN_POINT('Ctrl Pts',(-1.29460325618212,1.14340955716549,-1.89691625828337));
#2063=CARTESIAN_POINT('Ctrl Pts',(0.251093541298848,1.70889878104689,-1.97595443571184));
#2064=CARTESIAN_POINT('Ctrl Pts',(1.56879362654105,0.722682202767839,-2.05499261314031));
#2065=CARTESIAN_POINT('Ctrl Pts',(1.46200549879028,-0.919740686343524,-2.13403079056879));
#2066=CARTESIAN_POINT('Ctrl Pts',(0.0276943849166798,-1.72702519675088,
-2.21306896799726));
#2067=CARTESIAN_POINT('Ctrl Pts',(-1.43176364715349,-0.966144848151516,
-2.29210714542573));
#2068=CARTESIAN_POINT('Ctrl Pts',(-1.5911587491355,0.672009556447875,-2.37114532285421));
#2069=CARTESIAN_POINT('Ctrl Pts',(-0.305757770665714,1.69996917462084,-2.45018350028268));
#2070=CARTESIAN_POINT('Ctrl Pts',(1.25727586318185,1.18433120908118,-2.52922167771115));
#2071=CARTESIAN_POINT('Ctrl Pts',(1.67868409969227,-0.406697310521957,-2.60825985513963));
#2072=CARTESIAN_POINT('Ctrl Pts',(0.575821920757984,-1.62843855411556,-2.6872980325681));
#2073=CARTESIAN_POINT('Ctrl Pts',(-1.04989522448082,-1.37153309349847,-2.76633620999658));
#2074=CARTESIAN_POINT('Ctrl Pts',(-1.72229171201463,0.13074504837919,-2.84537438742505));
#2075=CARTESIAN_POINT('Ctrl Pts',(-0.830821416110517,1.51430471949449,-2.92441256485352));
#2076=CARTESIAN_POINT('Ctrl Pts',(0.815047223907481,1.52285292518715,-3.003450742282));
#2077=CARTESIAN_POINT('Ctrl Pts',(1.72084072362776,0.148627766096009,-3.08248891971047));
#2078=CARTESIAN_POINT('Ctrl Pts',(1.06408495919267,-1.36055364046049,-3.16152709713894));
#2079=CARTESIAN_POINT('Ctrl Pts',(-0.558875955525256,-1.63433187427979,
-3.24056527456742));
#2080=CARTESIAN_POINT('Ctrl Pts',(-1.67436909529452,-0.424112180528398,
-3.31960345199589));
#2081=CARTESIAN_POINT('Ctrl Pts',(-1.2695099085212,1.17120775318285,-3.39864162942436));
#2082=CARTESIAN_POINT('Ctrl Pts',(0.288083372792147,1.70305342819187,-3.47767980685284));
#2083=CARTESIAN_POINT('Ctrl Pts',(1.58409261788844,0.688500970875713,-3.55671798428131));
#2084=CARTESIAN_POINT('Ctrl Pts',(1.44172193598318,-0.951220725304226,-3.63575616170978));
#2085=CARTESIAN_POINT('Ctrl Pts',(-0.00975395203512156,-1.72721969343892,
-3.71479433913826));
#2086=CARTESIAN_POINT('Ctrl Pts',(-1.45237310486839,-0.934877196835322,
-3.79383251656673));
#2087=CARTESIAN_POINT('Ctrl Pts',(-1.57621563002593,0.706347858057164,-3.8728706939952));
#2088=CARTESIAN_POINT('Ctrl Pts',(-0.26883065163496,1.70619843216135,-3.95190887142368));
#2089=CARTESIAN_POINT('Ctrl Pts',(1.28265660249864,1.15679516279907,-4.03094704885215));
#2090=CARTESIAN_POINT('Ctrl Pts',(1.66947236626511,-0.442995515948371,-4.10998522628063));
#2091=CARTESIAN_POINT('Ctrl Pts',(0.540382106970744,-1.64053960293904,-4.18902340370909));
#2092=CARTESIAN_POINT('Ctrl Pts',(-1.07938323431104,-1.34844904976901,-4.26806158113757));
#2093=CARTESIAN_POINT('Ctrl Pts',(-1.71905236187048,0.168053522688617,-4.34709975856604));
#2094=CARTESIAN_POINT('Ctrl Pts',(-0.797796083694668,1.5319609741863,-4.42613793599452));
#2095=CARTESIAN_POINT('Ctrl Pts',(0.847871038130564,1.50482480452559,-4.505176113423));
#2096=CARTESIAN_POINT('Ctrl Pts',(1.72365850602641,0.111285095497866,-4.58421429085146));
#2097=CARTESIAN_POINT('Ctrl Pts',(1.03433811438305,-1.38330319358745,-4.66325246827995));
#2098=CARTESIAN_POINT('Ctrl Pts',(-0.594176832466322,-1.62183129887231,
-4.74229064570841));
#2099=CARTESIAN_POINT('Ctrl Pts',(-1.68317030081749,-0.387712328871084,
-4.82132882313689));
#2100=CARTESIAN_POINT('Ctrl Pts',(-1.24381977046887,1.19845553762687,-4.90036700056536));
#2101=CARTESIAN_POINT('Ctrl Pts',(0.324937736812261,1.69640723524493,-4.97940517799383));
#2102=CARTESIAN_POINT('Ctrl Pts',(1.59864705397722,0.653996616749272,-5.05844335542231));
#2103=CARTESIAN_POINT('Ctrl Pts',(1.42076048737472,-0.982254617195155,-5.13748153285078));
#2104=CARTESIAN_POINT('Ctrl Pts',(-0.0471973858237972,-1.72660036813722,
-5.21651971027925));
#2105=CARTESIAN_POINT('Ctrl Pts',(-1.47230044175923,-0.90317368967352,-5.29555788770773));
#2106=CARTESIAN_POINT('Ctrl Pts',(-1.56053042162028,0.740360977982715,-5.3745960651362));
#2107=CARTESIAN_POINT('Ctrl Pts',(-0.231779344834539,1.7116126193199,-5.45363424256467));
#2108=CARTESIAN_POINT('Ctrl Pts',(1.30743854476053,1.12874009421824,-5.53267241999315));
#2109=CARTESIAN_POINT('Ctrl Pts',(1.65946797033749,-0.479132533232466,-5.61171059742163));
#2110=CARTESIAN_POINT('Ctrl Pts',(0.504703256031357,-1.65178004849013,-5.69074877485009));
#2111=CARTESIAN_POINT('Ctrl Pts',(-1.10839232712948,-1.32490111277133,-5.76978695227857));
#2112=CARTESIAN_POINT('Ctrl Pts',(-1.71495081312717,0.205606311157644,-5.84882512970704));
#2113=CARTESIAN_POINT('Ctrl Pts',(-0.764498561717078,1.5482802985304,-5.92786330713552));
#2114=CARTESIAN_POINT('Ctrl Pts',(0.880491682263666,1.48728161235201,-6.00690148456399));
#2115=CARTESIAN_POINT('Ctrl Pts',(1.72529440248864,0.0714531932420673,-6.08593966199246));
#2116=CARTESIAN_POINT('Ctrl Pts',(1.24502362315618,-0.909128777329853,-6.13863178027811));
#2117=CARTESIAN_POINT('Ctrl Pts',(0.850780204044554,-1.19080027477571,-6.16497783942094));
#2118=CARTESIAN_POINT('',(0.634007094575245,1.31904027763683,-6.));
#2119=CARTESIAN_POINT('Ctrl Pts',(0.635540108029027,1.32078335493148,-6.00000000000001));
#2120=CARTESIAN_POINT('Ctrl Pts',(0.67183603263317,1.29918872567271,-6.00000000000001));
#2121=CARTESIAN_POINT('Ctrl Pts',(0.707037568654452,1.27598503030707,-6.));
#2122=CARTESIAN_POINT('Ctrl Pts',(0.741024635438032,1.25117304145158,-6.));
#2123=CARTESIAN_POINT('Ctrl Pts',(0.787669993484399,1.21711996734027,-6.));
#2124=CARTESIAN_POINT('Ctrl Pts',(0.832029692787356,1.18003852851567,-6.));
#2125=CARTESIAN_POINT('Ctrl Pts',(0.873968998016371,1.1402539570093,-6.));
#2126=CARTESIAN_POINT('Ctrl Pts',(0.91036964234707,1.10572348423813,-6.));
#2127=CARTESIAN_POINT('Ctrl Pts',(0.94494653989814,1.06915558030421,-6.));
#2128=CARTESIAN_POINT('Ctrl Pts',(0.977584038621418,1.03074684937873,-6.));
#2129=CARTESIAN_POINT('Ctrl Pts',(0.992328806205087,1.01339479015747,-6.));
#2130=CARTESIAN_POINT('Ctrl Pts',(1.00667737498415,0.995666875120634,-6.));
#2131=CARTESIAN_POINT('Ctrl Pts',(1.02061717725751,0.977580739804152,-6.));
#2132=CARTESIAN_POINT('Ctrl Pts',(1.027302181397,0.968907310505295,-6.));
#2133=CARTESIAN_POINT('Ctrl Pts',(1.03389315921271,0.960151495020925,-6.));
#2134=CARTESIAN_POINT('Ctrl Pts',(1.04038862197263,0.951315229033393,-6.));
#2135=CARTESIAN_POINT('Ctrl Pts',(1.0462733617716,0.943309775372431,-6.));
#2136=CARTESIAN_POINT('Ctrl Pts',(1.05207685424855,0.935242071605427,-6.));
#2137=CARTESIAN_POINT('Ctrl Pts',(1.05779374953189,0.927120304800797,-6.));
#2138=CARTESIAN_POINT('Ctrl Pts',(1.0905212085208,0.880625699452643,-6.));
#2139=CARTESIAN_POINT('Ctrl Pts',(1.12046201683719,0.832296889791709,-6.));
#2140=CARTESIAN_POINT('Ctrl Pts',(1.14748297595291,0.782437888147932,-6.));
#2141=CARTESIAN_POINT('Ctrl Pts',(1.17431821914163,0.732921569036976,-6.));
#2142=CARTESIAN_POINT('Ctrl Pts',(1.19827392811082,0.681894885714602,-6.));
#2143=CARTESIAN_POINT('Ctrl Pts',(1.21917062208684,0.629642032686507,-6.));
#2144=CARTESIAN_POINT('Ctrl Pts',(1.237407977107,0.58403894194962,-6.));
#2145=CARTESIAN_POINT('Ctrl Pts',(1.25331477287229,0.537501272461313,-6.));
#2146=CARTESIAN_POINT('Ctrl Pts',(1.2667379929098,0.490219312563831,-6.));
#2147=CARTESIAN_POINT('Ctrl Pts',(1.2694835513235,0.480548355636227,-6.));
#2148=CARTESIAN_POINT('Ctrl Pts',(1.27212563239254,0.470844212931497,-6.));
#2149=CARTESIAN_POINT('Ctrl Pts',(1.27466103016278,0.461115204958603,-6.));
#2150=CARTESIAN_POINT('Ctrl Pts',(1.28838965980911,0.408434734519879,-6.));
#2151=CARTESIAN_POINT('Ctrl Pts',(1.2989495928837,0.35520360947492,-6.));
#2152=CARTESIAN_POINT('Ctrl Pts',(1.30619300182372,0.301685968226371,-6.));
#2153=CARTESIAN_POINT('Ctrl Pts',(1.3132075753916,0.24985906809877,-6.));
#2154=CARTESIAN_POINT('Ctrl Pts',(1.31711186917068,0.197762585681182,-6.));
#2155=CARTESIAN_POINT('Ctrl Pts',(1.31772362409194,0.14564034084837,-6.));
#2156=CARTESIAN_POINT('Ctrl Pts',(1.31807463213029,0.115734039685362,-6.));
#2157=CARTESIAN_POINT('Ctrl Pts',(1.3173407978859,0.0858194008231165,-6.));
#2158=CARTESIAN_POINT('Ctrl Pts',(1.31548018446341,0.0559447269498101,-6.));
#2159=CARTESIAN_POINT('Ctrl Pts',(1.31370861458819,0.027499768084969,-6.));
#2160=CARTESIAN_POINT('Ctrl Pts',(1.31091536687558,-0.000908985371007,-6.));
#2161=CARTESIAN_POINT('Ctrl Pts',(1.30711939444724,-0.0292373699885706,
-6.));
#2162=CARTESIAN_POINT('Ctrl Pts',(1.3055331561297,-0.0410750663898676,-6.));
#2163=CARTESIAN_POINT('Ctrl Pts',(1.30377118805975,-0.0529014152224832,
-6.00000000000001));
#2164=CARTESIAN_POINT('Ctrl Pts',(1.30183902864755,-0.0646895764682644,
-6.00000000000001));
#2165=CARTESIAN_POINT('Ctrl Pts',(1.29330570360529,-0.116751642840998,-6.));
#2166=CARTESIAN_POINT('Ctrl Pts',(1.28144578182106,-0.168166219437684,-6.));
#2167=CARTESIAN_POINT('Ctrl Pts',(1.26645013860598,-0.218677893832834,-6.));
#2168=CARTESIAN_POINT('Ctrl Pts',(1.25139409415857,-0.269393025147899,-6.));
#2169=CARTESIAN_POINT('Ctrl Pts',(1.23317626679228,-0.319198952671394,-6.));
#2170=CARTESIAN_POINT('Ctrl Pts',(1.21194409398013,-0.36781150745791,-6.));
#2171=CARTESIAN_POINT('Ctrl Pts',(1.19853422841913,-0.398514338959468,-6.));
#2172=CARTESIAN_POINT('Ctrl Pts',(1.18392107675821,-0.428740574309424,-6.));
#2173=CARTESIAN_POINT('Ctrl Pts',(1.16813447272897,-0.458410702477568,-6.));
#2174=CARTESIAN_POINT('Ctrl Pts',(1.15983573755793,-0.474007757784852,-6.));
#2175=CARTESIAN_POINT('Ctrl Pts',(1.15121264458576,-0.489451022412959,-6.));
#2176=CARTESIAN_POINT('Ctrl Pts',(1.1422690303998,-0.50472810376423,-6.));
#2177=CARTESIAN_POINT('Ctrl Pts',(1.13640643548057,-0.514742325939782,-6.));
#2178=CARTESIAN_POINT('Ctrl Pts',(1.13041034615375,-0.524677779814212,-6.));
#2179=CARTESIAN_POINT('Ctrl Pts',(1.12428584257042,-0.534525895246592,-6.));
#2180=CARTESIAN_POINT('Ctrl Pts',(1.09704928437482,-0.578321896904745,-6.));
#2181=CARTESIAN_POINT('Ctrl Pts',(1.06725491240992,-0.620429274783107,-6.));
#2182=CARTESIAN_POINT('Ctrl Pts',(1.03503625848577,-0.660571769565681,-6.));
#2183=CARTESIAN_POINT('Ctrl Pts',(1.00993815565701,-0.691842488206757,-6.));
#2184=CARTESIAN_POINT('Ctrl Pts',(0.983368073464975,-0.721920304885021,
-6.));
#2185=CARTESIAN_POINT('Ctrl Pts',(0.955377684375976,-0.750655333456249,
-6.));
#2186=CARTESIAN_POINT('Ctrl Pts',(0.944532377977583,-0.761789161865374,
-6.));
#2187=CARTESIAN_POINT('Ctrl Pts',(0.933470085215409,-0.772724419472842,
-6.));
#2188=CARTESIAN_POINT('Ctrl Pts',(0.922215514558799,-0.783431453070838,
-6.));
#2189=CARTESIAN_POINT('Ctrl Pts',(0.886434968209229,-0.817471268858439,
-6.));
#2190=CARTESIAN_POINT('Ctrl Pts',(0.848677683801873,-0.849246454787581,
-6.));
#2191=CARTESIAN_POINT('Ctrl Pts',(0.809052641089973,-0.878488267838924,
-6.));
#2192=CARTESIAN_POINT('Ctrl Pts',(0.769427598378072,-0.907730080890267,
-6.));
#2193=CARTESIAN_POINT('Ctrl Pts',(0.727934147479951,-0.934439216547099,
-6.));
#2194=CARTESIAN_POINT('Ctrl Pts',(0.684664424539428,-0.95829519891842,-6.));
#2195=CARTESIAN_POINT('Ctrl Pts',(1.46279149408676,-0.00127886785836823,
-5.5893449541571));
#2196=CARTESIAN_POINT('Ctrl Pts',(1.46394394022974,-0.138516286504859,-5.59680016857861));
#2197=CARTESIAN_POINT('Ctrl Pts',(1.44619430360382,-0.275459817963731,-5.60425538300012));
#2198=CARTESIAN_POINT('Ctrl Pts',(1.4083356136903,-0.406595014533625,-5.61171059742162));
#2199=CARTESIAN_POINT('Ctrl Pts',(1.27454639890211,-0.870015038318356,-5.63805665656445));
#2200=CARTESIAN_POINT('Ctrl Pts',(0.889624827466732,-1.26089754340424,-5.66440271570727));
#2201=CARTESIAN_POINT('Ctrl Pts',(0.4283147778889,-1.40185897332739,-5.69074877485009));
#2202=CARTESIAN_POINT('Ctrl Pts',(-0.032995271688926,-1.54282040325053,
-5.71709483399292));
#2203=CARTESIAN_POINT('Ctrl Pts',(-0.570693799409195,-1.43386075801093,
-5.74344089313574));
#2204=CARTESIAN_POINT('Ctrl Pts',(-0.940636144268949,-1.12429636473631,
-5.76978695227857));
#2205=CARTESIAN_POINT('Ctrl Pts',(-1.3105784891287,-0.814731971461681,-5.79613301142139));
#2206=CARTESIAN_POINT('Ctrl Pts',(-1.51276465112794,-0.304562830152013,
-5.82247907056422));
#2207=CARTESIAN_POINT('Ctrl Pts',(-1.45544902355921,0.174300738398273,-5.84882512970704));
#2208=CARTESIAN_POINT('Ctrl Pts',(-1.39813339599047,0.653164306948565,-5.87517118884987));
#2209=CARTESIAN_POINT('Ctrl Pts',(-1.08131597885378,1.10072230273948,-5.90151724799269));
#2210=CARTESIAN_POINT('Ctrl Pts',(-0.648742229621968,1.31433485293854,-5.92786330713552));
#2211=CARTESIAN_POINT('Ctrl Pts',(-0.253940113672215,1.50929510413682,-5.95190887142368));
#2212=CARTESIAN_POINT('Ctrl Pts',(0.237285610480197,1.50938166179051,-5.97595443571184));
#2213=CARTESIAN_POINT('Ctrl Pts',(0.635540108029009,1.32078335493149,-6.));
#2214=CARTESIAN_POINT('',(0.684664424539447,-0.958295198918406,0.));
#2215=CARTESIAN_POINT('Ctrl Pts',(0.686120358937375,-0.959465637450386,
3.03576608295941E-17));
#2216=CARTESIAN_POINT('Ctrl Pts',(0.716343125928628,-0.943049499477214,
3.38176044996633E-17));
#2217=CARTESIAN_POINT('Ctrl Pts',(0.745733050003417,-0.925271274538972,
-3.02367163509456E-17));
#2218=CARTESIAN_POINT('Ctrl Pts',(0.774185530452619,-0.90615314533569,-5.63785129692462E-17));
#2219=CARTESIAN_POINT('Ctrl Pts',(0.814296500593031,-0.879201305021365,
-7.81614412168144E-17));
#2220=CARTESIAN_POINT('Ctrl Pts',(0.852545824711848,-0.849588826957268,
-1.5602291137244E-16));
#2221=CARTESIAN_POINT('Ctrl Pts',(0.88886230966101,-0.817611748068657,-1.80411241501588E-16));
#2222=CARTESIAN_POINT('Ctrl Pts',(0.902419651811278,-0.805674353795344,
-1.89515672629694E-16));
#2223=CARTESIAN_POINT('Ctrl Pts',(0.915707439284332,-0.793406939695232,
-9.1509530478549E-17));
#2224=CARTESIAN_POINT('Ctrl Pts',(0.928721193719407,-0.78082328296657,-1.00613961606655E-16));
#2225=CARTESIAN_POINT('Ctrl Pts',(0.937532262932216,-0.772303414934664,
-1.06778191400078E-16));
#2226=CARTESIAN_POINT('Ctrl Pts',(0.946219184141471,-0.763636862481558,
-1.48827220178036E-16));
#2227=CARTESIAN_POINT('Ctrl Pts',(0.954767682193492,-0.754841350461543,
-1.21430643318376E-16));
#2228=CARTESIAN_POINT('Ctrl Pts',(0.989999037673741,-0.718591963876644,
-8.51975155575899E-18));
#2229=CARTESIAN_POINT('Ctrl Pts',(1.02292740538886,-0.680112938443008,-1.97655782192856E-16));
#2230=CARTESIAN_POINT('Ctrl Pts',(1.05347572392041,-0.639729912325071,-1.45716771982052E-16));
#2231=CARTESIAN_POINT('Ctrl Pts',(1.07533892880458,-0.610828080201403,-1.08544407796214E-16));
#2232=CARTESIAN_POINT('Ctrl Pts',(1.09598266798589,-0.580949797284798,-5.05760170785865E-17));
#2233=CARTESIAN_POINT('Ctrl Pts',(1.11537023587991,-0.550200563977419,-6.93889390390723E-18));
#2234=CARTESIAN_POINT('Ctrl Pts',(1.12244355001185,-0.538982086874552,8.98157026755608E-18));
#2235=CARTESIAN_POINT('Ctrl Pts',(1.12934958144713,-0.527647583889532,2.05829317342985E-16));
#2236=CARTESIAN_POINT('Ctrl Pts',(1.136086261595,-0.516201868653934,2.22044604925031E-16));
#2237=CARTESIAN_POINT('Ctrl Pts',(1.14134535608748,-0.507266592429338,2.34703322237535E-16));
#2238=CARTESIAN_POINT('Ctrl Pts',(1.14650045090926,-0.498264681104368,-2.08166817117217E-17));
#2239=CARTESIAN_POINT('Ctrl Pts',(1.15154480381775,-0.489209377204907,-2.08166817117217E-17));
#2240=CARTESIAN_POINT('Ctrl Pts',(1.17709136609985,-0.443349801309413,-2.08166817117217E-17));
#2241=CARTESIAN_POINT('Ctrl Pts',(1.19984335848145,-0.396051457102974,2.94641219163352E-16));
#2242=CARTESIAN_POINT('Ctrl Pts',(1.2197187709535,-0.347644116873802,1.80411241501588E-16));
#2243=CARTESIAN_POINT('Ctrl Pts',(1.23997510326816,-0.298309031550165,6.39920028534779E-17));
#2244=CARTESIAN_POINT('Ctrl Pts',(1.25724430815643,-0.247821146600867,-2.46244144470654E-17));
#2245=CARTESIAN_POINT('Ctrl Pts',(1.27140340916076,-0.196490611237069,-5.55111512312578E-17));
#2246=CARTESIAN_POINT('Ctrl Pts',(1.27968145485076,-0.166480477337778,-7.35689232773974E-17));
#2247=CARTESIAN_POINT('Ctrl Pts',(1.28689570378786,-0.136181656017855,-1.08244183686186E-16));
#2248=CARTESIAN_POINT('Ctrl Pts',(1.29301438354198,-0.105652072433082,-1.11022302462516E-16));
#2249=CARTESIAN_POINT('Ctrl Pts',(1.29631799279633,-0.0891684813783014,
-1.12522269656089E-16));
#2250=CARTESIAN_POINT('Ctrl Pts',(1.29930212819342,-0.0726175785161188,
3.48835110523633E-17));
#2251=CARTESIAN_POINT('Ctrl Pts',(1.30196105044678,-0.0560082626228451,
4.16333634234434E-17));
#2252=CARTESIAN_POINT('Ctrl Pts',(1.30355503158822,-0.0460512447850244,
4.56797913975611E-17));
#2253=CARTESIAN_POINT('Ctrl Pts',(1.30503227372324,-0.0360714669979168,
-3.93402719705889E-18));
#2254=CARTESIAN_POINT('Ctrl Pts',(1.30638943011856,-0.0260877064511312,
0.));
#2255=CARTESIAN_POINT('Ctrl Pts',(1.31377403952647,0.0282362994736305,2.14059738071349E-17));
#2256=CARTESIAN_POINT('Ctrl Pts',(1.31762483050466,0.0827800801328978,-1.92409617242067E-16));
#2257=CARTESIAN_POINT('Ctrl Pts',(1.31783010829058,0.137212898484578,-1.52655665885959E-16));
#2258=CARTESIAN_POINT('Ctrl Pts',(1.31787384184775,0.148809578380431,-1.44186256025651E-16));
#2259=CARTESIAN_POINT('Ctrl Pts',(1.31775195140397,0.160401321555645,1.74090773261433E-16));
#2260=CARTESIAN_POINT('Ctrl Pts',(1.31746308645776,0.171985073322941,1.66533453693773E-16));
#2261=CARTESIAN_POINT('Ctrl Pts',(1.31615366740063,0.224493989742032,1.3286691539314E-16));
#2262=CARTESIAN_POINT('Ctrl Pts',(1.31141746498611,0.276838088119547,-1.32916992418195E-17));
#2263=CARTESIAN_POINT('Ctrl Pts',(1.30345625971365,0.328799845697578,1.38777878078145E-17));
#2264=CARTESIAN_POINT('Ctrl Pts',(1.29952336366514,0.35446934975607,2.72997213719439E-17));
#2265=CARTESIAN_POINT('Ctrl Pts',(1.29480262089006,0.38004566990237,1.65986256358956E-16));
#2266=CARTESIAN_POINT('Ctrl Pts',(1.28931382382097,0.405502816233488,1.94289029309402E-16));
#2267=CARTESIAN_POINT('Ctrl Pts',(1.2858776210636,0.421439990684717,2.12007677900168E-16));
#2268=CARTESIAN_POINT('Ctrl Pts',(1.28214034022745,0.437330457505862,2.20400606602177E-16));
#2269=CARTESIAN_POINT('Ctrl Pts',(1.27810627239103,0.45316778300551,2.22044604925031E-16));
#2270=CARTESIAN_POINT('Ctrl Pts',(1.27547235842573,0.463508251856768,2.23118000395079E-16));
#2271=CARTESIAN_POINT('Ctrl Pts',(1.27271146493001,0.473827255446606,9.92913055947973E-17));
#2272=CARTESIAN_POINT('Ctrl Pts',(1.26982985013949,0.484105821949687,9.71445146547012E-17));
#2273=CARTESIAN_POINT('Ctrl Pts',(1.25503326341213,0.536884458843174,8.61211195655508E-17));
#2274=CARTESIAN_POINT('Ctrl Pts',(1.23703293749082,0.588699625618146,-6.87871017808E-17));
#2275=CARTESIAN_POINT('Ctrl Pts',(1.2160691018632,0.639316357403176,-2.77555756156289E-17));
#2276=CARTESIAN_POINT('Ctrl Pts',(1.19464735577832,0.691038704172402,1.41721970781665E-17));
#2277=CARTESIAN_POINT('Ctrl Pts',(1.17013100400344,0.741510642841254,1.32520001556683E-16));
#2278=CARTESIAN_POINT('Ctrl Pts',(1.14272141625396,0.790481820033695,1.38777878078145E-16));
#2279=CARTESIAN_POINT('Ctrl Pts',(1.12731164049545,0.81801360438825,1.42296080351071E-16));
#2280=CARTESIAN_POINT('Ctrl Pts',(1.11098642499797,0.845070964673344,1.61959790738969E-16));
#2281=CARTESIAN_POINT('Ctrl Pts',(1.09377461560242,0.871607673334074,1.66533453693773E-16));
#2282=CARTESIAN_POINT('Ctrl Pts',(1.08254673112079,0.888918526162967,1.69517019112975E-16));
#2283=CARTESIAN_POINT('Ctrl Pts',(1.07094146417364,0.906007788333547,-1.55287707113707E-16));
#2284=CARTESIAN_POINT('Ctrl Pts',(1.05896577204266,0.922862116591617,-1.66533453693773E-16));
#2285=CARTESIAN_POINT('Ctrl Pts',(1.05292468342372,0.931364213130674,-1.72206324283066E-16));
#2286=CARTESIAN_POINT('Ctrl Pts',(1.0467879383104,0.939808374600769,1.10211892378331E-16));
#2287=CARTESIAN_POINT('Ctrl Pts',(1.0405608208373,0.948186848043752,1.11022302462516E-16));
#2288=CARTESIAN_POINT('Ctrl Pts',(1.00584222690192,0.994900085512267,1.15540652847825E-16));
#2289=CARTESIAN_POINT('Ctrl Pts',(0.968436345869553,1.03941648703843,-1.05858478773431E-16));
#2290=CARTESIAN_POINT('Ctrl Pts',(0.928571771332015,1.08147853987906,-8.32667268468867E-17));
#2291=CARTESIAN_POINT('Ctrl Pts',(0.888599863852018,1.12365384223883,-6.06141480022649E-17));
#2292=CARTESIAN_POINT('Ctrl Pts',(0.846155521272585,1.16336263110719,-7.76659846101319E-18));
#2293=CARTESIAN_POINT('Ctrl Pts',(0.801420093809533,1.20032778075021,0.));
#2294=CARTESIAN_POINT('Ctrl Pts',(0.757708764361498,1.23644671211566,7.58880295265631E-18));
#2295=CARTESIAN_POINT('Ctrl Pts',(0.711809423478655,1.26994707820577,-3.79440147632816E-18));
#2296=CARTESIAN_POINT('Ctrl Pts',(0.663852911759408,1.30053931201473,0.));
#2297=CARTESIAN_POINT('Ctrl Pts',(0.653991092028088,1.30683032618959,7.80284095033293E-19));
#2298=CARTESIAN_POINT('Ctrl Pts',(0.6440421639877,1.31299822782344,-2.47089963427209E-18));
#2299=CARTESIAN_POINT('Ctrl Pts',(0.634007094575211,1.31904027763685,0.));
#2300=CARTESIAN_POINT('Ctrl Pts',(0.686120358937385,-0.959465637450379,
8.83082669489443E-16));
#2301=CARTESIAN_POINT('Ctrl Pts',(0.396394794885753,-1.16394421165005,-0.0240455642881611));
#2302=CARTESIAN_POINT('Ctrl Pts',(-0.419809153050489,-1.30584556561838,
-0.0744371877191476));
#2303=CARTESIAN_POINT('Ctrl Pts',(-1.33129707816389,-0.399643262474216,
-0.151174870292959));
#2304=CARTESIAN_POINT('Ctrl Pts',(-1.06158066726791,0.897485296828883,-0.230213047721432));
#2305=CARTESIAN_POINT('Ctrl Pts',(0.172228954192849,1.37922314161701,-0.309251225149906));
#2306=CARTESIAN_POINT('Ctrl Pts',(1.05437454455367,0.748424614073148,-0.373969247488148));
#2307=CARTESIAN_POINT('Ctrl Pts',(1.1762814617151,0.178917577290149,-0.412341210683566));
#2308=CARTESIAN_POINT('Ctrl Pts',(1.17591102970993,0.000279614710281643,
-0.424367114736159));
#2309=CARTESIAN_POINT('Origin',(0.,0.,0.924367114736154));
#2310=CARTESIAN_POINT('',(-0.684664424539457,-0.958295198918399,0.));
#2311=CARTESIAN_POINT('Origin',(0.,0.,0.));
#2312=CARTESIAN_POINT('Ctrl Pts',(-0.684664424539458,-0.958295198918399,
1.2490009027033E-15));
#2313=CARTESIAN_POINT('Ctrl Pts',(-1.00193137832061,-0.731620374103321,
-0.0263460591428233));
#2314=CARTESIAN_POINT('Ctrl Pts',(-1.38842926050701,0.0575010037093426,
-0.0790381774284724));
#2315=CARTESIAN_POINT('Ctrl Pts',(-0.708574356735394,1.19688872914945,-0.158076354856946));
#2316=CARTESIAN_POINT('Ctrl Pts',(0.615229183707375,1.2459764457737,-0.237114532285419));
#2317=CARTESIAN_POINT('Ctrl Pts',(1.15572706080993,0.482432744802424,-0.292966709087718));
#2318=CARTESIAN_POINT('Ctrl Pts',(1.17933132802285,0.047461332616807,-0.322472826747192));
#2319=CARTESIAN_POINT('Ctrl Pts',(1.17898229816906,0.000836183436409106,
-0.325632885263842));
#2320=CARTESIAN_POINT('Ctrl Pts',(-0.850780204044556,-1.19080027477571,
0.164977839420937));
#2321=CARTESIAN_POINT('Ctrl Pts',(-1.24502362315618,-0.909128777329851,
0.138631780278112));
#2322=CARTESIAN_POINT('Ctrl Pts',(-1.725295030993,0.0714521069230265,0.0859396619924632));
#2323=CARTESIAN_POINT('Ctrl Pts',(-0.88049125118427,1.48728223741049,0.00690148456398967));
#2324=CARTESIAN_POINT('Ctrl Pts',(0.764498331866454,1.54827979485445,-0.072136692864484));
#2325=CARTESIAN_POINT('Ctrl Pts',(1.71495083631964,0.205606578933768,-0.151174870292957));
#2326=CARTESIAN_POINT('Ctrl Pts',(1.10839223361388,-1.32490122747846,-0.230213047721431));
#2327=CARTESIAN_POINT('Ctrl Pts',(-0.50470321245979,-1.65177987444018,-0.309251225149905));
#2328=CARTESIAN_POINT('Ctrl Pts',(-1.65946791009953,-0.479132574653727,
-0.388289402578378));
#2329=CARTESIAN_POINT('Ctrl Pts',(-1.3074384842586,1.12874008250727,-0.467327580006851));
#2330=CARTESIAN_POINT('Ctrl Pts',(0.231779332755571,1.71161252532038,-0.546365757435326));
#2331=CARTESIAN_POINT('Ctrl Pts',(1.56053035617099,0.74036095863919,-0.625403934863799));
#2332=CARTESIAN_POINT('Ctrl Pts',(1.47230037865263,-0.903173658185769,-0.704442112292273));
#2333=CARTESIAN_POINT('Ctrl Pts',(0.0471973839899385,-1.7266002906742,-0.783480289720745));
#2334=CARTESIAN_POINT('Ctrl Pts',(-1.42076042695539,-0.982254577613655,
-0.862518467149221));
#2335=CARTESIAN_POINT('Ctrl Pts',(-1.59864698589663,0.653996590164352,-0.941556644577692));
#2336=CARTESIAN_POINT('Ctrl Pts',(-0.324937722982869,1.69640716231949,-1.02059482200617));
#2337=CARTESIAN_POINT('Ctrl Pts',(1.24381971751428,1.1984554869982,-1.09963299943464));
#2338=CARTESIAN_POINT('Ctrl Pts',(1.68317022916278,-0.387712312583719,-1.17867117686312));
#2339=CARTESIAN_POINT('Ctrl Pts',(0.594176807167954,-1.62183122970492,-1.25770935429159));
#2340=CARTESIAN_POINT('Ctrl Pts',(-1.03433807034638,-1.38330313476326,-1.33674753172006));
#2341=CARTESIAN_POINT('Ctrl Pts',(-1.72365843264648,0.111285090797163,-1.41578570914853));
#2342=CARTESIAN_POINT('Ctrl Pts',(-0.84787100203338,1.50482474044041,-1.49482388657701));
#2343=CARTESIAN_POINT('Ctrl Pts',(0.797796049729648,1.53196090897742,-1.57386206400548));
#2344=CARTESIAN_POINT('Ctrl Pts',(1.7190522886857,0.168053515527926,-1.65290024143396));
#2345=CARTESIAN_POINT('Ctrl Pts',(1.07938318835834,-1.34844899235822,-1.73193841886243));
#2346=CARTESIAN_POINT('Ctrl Pts',(-0.540382083964995,-1.6405395330983,-1.8109765962909));
#2347=CARTESIAN_POINT('Ctrl Pts',(-1.66947229519084,-0.442995497087738,
-1.89001477371938));
#2348=CARTESIAN_POINT('Ctrl Pts',(-1.28265654789214,1.15679511355037,-1.96905295114785));
#2349=CARTESIAN_POINT('Ctrl Pts',(0.268830640190042,1.70619835952378,-2.04809112857633));
#2350=CARTESIAN_POINT('Ctrl Pts',(1.57621556292183,0.706347827985692,-2.12712930600479));
#2351=CARTESIAN_POINT('Ctrl Pts',(1.4523730430366,-0.934877157034787,-2.20616748343327));
#2352=CARTESIAN_POINT('Ctrl Pts',(0.009753951619853,-1.72721961990616,-2.28520566086174));
#2353=CARTESIAN_POINT('Ctrl Pts',(-1.44172187460486,-0.951220684807931,
-2.36424383829022));
#2354=CARTESIAN_POINT('Ctrl Pts',(-1.58409255044897,0.688500941564206,-2.44328201571869));
#2355=CARTESIAN_POINT('Ctrl Pts',(-0.288083360527581,1.7030533556879,-2.52232019314716));
#2356=CARTESIAN_POINT('Ctrl Pts',(1.26950985447445,1.17120770332109,-2.60135837057564));
#2357=CARTESIAN_POINT('Ctrl Pts',(1.67436902401172,-0.424112162472708,-2.68039654800411));
#2358=CARTESIAN_POINT('Ctrl Pts',(0.558875931732253,-1.6343318047015,-2.75943472543259));
#2359=CARTESIAN_POINT('Ctrl Pts',(-1.06408491389147,-1.36055358253772,-2.83847290286105));
#2360=CARTESIAN_POINT('Ctrl Pts',(-1.72084065036652,0.14862775976851,-2.91751108028954));
#2361=CARTESIAN_POINT('Ctrl Pts',(-0.815047189208516,1.52285286035484,-2.996549257718));
#2362=CARTESIAN_POINT('Ctrl Pts',(0.830821380740033,1.51430465502609,-3.07558743514649));
#2363=CARTESIAN_POINT('Ctrl Pts',(1.72229163869162,0.130745042812971,-3.15462561257494));
#2364=CARTESIAN_POINT('Ctrl Pts',(1.04989517978368,-1.3715330351083,-3.23366379000344));
#2365=CARTESIAN_POINT('Ctrl Pts',(-0.575821896243573,-1.62843848478815,
-3.31270196743189));
#2366=CARTESIAN_POINT('Ctrl Pts',(-1.67868402822577,-0.406697293207628,
-3.39174014486038));
#2367=CARTESIAN_POINT('Ctrl Pts',(-1.25727580965593,1.18433115866072,-3.47077832228884));
#2368=CARTESIAN_POINT('Ctrl Pts',(0.305757757648735,1.69996910224821,-3.54981649971733));
#2369=CARTESIAN_POINT('Ctrl Pts',(1.59115868139519,0.672009527838359,-3.62885467714579));
#2370=CARTESIAN_POINT('Ctrl Pts',(1.43176358619915,-0.966144807019755,-3.70789285457427));
#2371=CARTESIAN_POINT('Ctrl Pts',(-0.0276943837377407,-1.72702512322664,
-3.78693103200274));
#2372=CARTESIAN_POINT('Ctrl Pts',(-1.4620054365483,-0.919740647186916,-3.86596920943121));
#2373=CARTESIAN_POINT('Ctrl Pts',(-1.56879355975313,0.722682172000182,-3.94500738685969));
#2374=CARTESIAN_POINT('Ctrl Pts',(-0.251093530608611,1.70889870829586,-4.02404556428816));
#2375=CARTESIAN_POINT('Ctrl Pts',(1.29460320106632,1.14340950848389,-4.10308374171664));
#2376=CARTESIAN_POINT('Ctrl Pts',(1.6647807521004,-0.460312722779685,-4.18212191914511));
#2377=CARTESIAN_POINT('Ctrl Pts',(0.523312334522869,-1.64606408263329,-4.26116009657358));
#2378=CARTESIAN_POINT('Ctrl Pts',(-1.0933315514734,-1.33716448280808,-4.34019827400206));
#2379=CARTESIAN_POINT('Ctrl Pts',(-1.71721394839677,0.185900562932539,-4.41923645143053));
#2380=CARTESIAN_POINT('Ctrl Pts',(-0.781840234397327,1.54016513864302,-4.49827462885901));
#2381=CARTESIAN_POINT('Ctrl Pts',(0.863456148732457,1.49593652774394,-4.57731280628748));
#2382=CARTESIAN_POINT('Ctrl Pts',(1.72472140738231,0.0933751818530656,-4.65635098371595));
#2383=CARTESIAN_POINT('Ctrl Pts',(1.0199135918451,-1.39397249225478,-4.73538916114443));
#2384=CARTESIAN_POINT('Ctrl Pts',(-0.610990935399652,-1.61557168242255,
-4.8144273385729));
#2385=CARTESIAN_POINT('Ctrl Pts',(-1.68710682984202,-0.370208414495635,
-4.89346551600137));
#2386=CARTESIAN_POINT('Ctrl Pts',(-1.23130372018787,1.21131143588135,-4.97250369342985));
#2387=CARTESIAN_POINT('Ctrl Pts',(0.342540506525549,1.69293891153844,-5.05154187085832));
#2388=CARTESIAN_POINT('Ctrl Pts',(1.60535504962957,0.637358789419421,-5.13058004828679));
#2389=CARTESIAN_POINT('Ctrl Pts',(1.41047878395285,-0.996964864790716,-5.20961822571527));
#2390=CARTESIAN_POINT('Ctrl Pts',(-0.0651253147668063,-1.72600631206921,
-5.28865640314373));
#2391=CARTESIAN_POINT('Ctrl Pts',(-1.48161007909984,-0.887851979492467,
-5.36769458057222));
#2392=CARTESIAN_POINT('Ctrl Pts',(-1.55274128189498,0.756568754472162,-5.44673275800068));
#2393=CARTESIAN_POINT('Ctrl Pts',(-0.214015758057071,1.71385511102197,-5.52577093542916));
#2394=CARTESIAN_POINT('Ctrl Pts',(1.3191451676529,1.11523658152317,-5.60480911285764));
#2395=CARTESIAN_POINT('Ctrl Pts',(1.65430120715728,-0.496606436015707,-5.6838472902861));
#2396=CARTESIAN_POINT('Ctrl Pts',(0.487709688683529,-1.65643209403384,-5.76288546771458));
#2397=CARTESIAN_POINT('Ctrl Pts',(-1.12246090356111,-1.31428871147308,-5.84192364514305));
#2398=CARTESIAN_POINT('Ctrl Pts',(-1.7119965662479,0.225424277104885,-5.92096182257153));
#2399=CARTESIAN_POINT('Ctrl Pts',(-1.07070748843381,1.10913679507894,-5.97365394085718));
#2400=CARTESIAN_POINT('Ctrl Pts',(-0.634007094575192,1.31904027763686,-6.));
#2401=CARTESIAN_POINT('Ctrl Pts',(-0.795408277542857,-1.11329858282327,
0.109985226280625));
#2402=CARTESIAN_POINT('Ctrl Pts',(-1.16399287487766,-0.849959309587674,
0.0836391671378005));
#2403=CARTESIAN_POINT('Ctrl Pts',(-1.613006440831,0.0668017391851305,0.0309470488521512));
#2404=CARTESIAN_POINT('Ctrl Pts',(-0.823185619701311,1.39048440132348,-0.0480911285763221));
#2405=CARTESIAN_POINT('Ctrl Pts',(0.714741949146762,1.44751201182753,-0.127129306004796));
#2406=CARTESIAN_POINT('Ctrl Pts',(1.6033354846562,0.192224941322938,-0.206167483433269));
#2407=CARTESIAN_POINT('Ctrl Pts',(1.03625396217436,-1.23867174888788,-0.285205660861743));
#2408=CARTESIAN_POINT('Ctrl Pts',(-0.471855258249483,-1.54427592292639,
-0.364243838290216));
#2409=CARTESIAN_POINT('Ctrl Pts',(-1.55146359275278,-0.44794885225142,-0.44328201571869));
#2410=CARTESIAN_POINT('Ctrl Pts',(-1.22234554566917,1.05527749770453,-0.522320193147163));
#2411=CARTESIAN_POINT('Ctrl Pts',(0.216694275396529,1.60021444330004,-0.601358370575637));
#2412=CARTESIAN_POINT('Ctrl Pts',(1.45896526124425,0.692175525560685,-0.680396548004111));
#2413=CARTESIAN_POINT('Ctrl Pts',(1.37647761741815,-0.844391771651991,-0.759434725432585));
#2414=CARTESIAN_POINT('Ctrl Pts',(0.044125603446685,-1.61422674937819,-0.838472902861057));
#2415=CARTESIAN_POINT('Ctrl Pts',(-1.32829207665303,-0.918325811971216,
-0.917511080289532));
#2416=CARTESIAN_POINT('Ctrl Pts',(-1.49460111954428,0.611432070032377,-0.996549257718005));
#2417=CARTESIAN_POINT('Ctrl Pts',(-0.303789572580323,1.58599870163556,-1.07558743514648));
#2418=CARTESIAN_POINT('Ctrl Pts',(1.16286732387354,1.12045556548362,-1.15462561257495));
#2419=CARTESIAN_POINT('Ctrl Pts',(1.57362327711102,-0.362478559407368,-1.23366379000343));
#2420=CARTESIAN_POINT('Ctrl Pts',(0.555505580052986,-1.51627644690383,-1.3127019674319));
#2421=CARTESIAN_POINT('Ctrl Pts',(-0.967019518108265,-1.293272643758,-1.39174014486037));
#2422=CARTESIAN_POINT('Ctrl Pts',(-1.61147635836594,0.10404224494925,-1.47077832228885));
#2423=CARTESIAN_POINT('Ctrl Pts',(-0.792688417172645,1.40688517328841,-1.54981649971732));
#2424=CARTESIAN_POINT('Ctrl Pts',(0.745872528214966,1.43225521947957,-1.62885467714579));
#2425=CARTESIAN_POINT('Ctrl Pts',(1.60716999931274,0.157115970359463,-1.70789285457427));
#2426=CARTESIAN_POINT('Ctrl Pts',(1.00913293301762,-1.26068693802128,-1.78693103200274));
#2427=CARTESIAN_POINT('Ctrl Pts',(-0.505212016662191,-1.53376714462709,
-1.86596920943122));
#2428=CARTESIAN_POINT('Ctrl Pts',(-1.5608168554116,-0.414163709525307,-1.94500738685969));
#2429=CARTESIAN_POINT('Ctrl Pts',(-1.19917650950011,1.08150660342692,-2.02404556428816));
#2430=CARTESIAN_POINT('Ctrl Pts',(0.251334146525478,1.59515265146458,-2.10308374171664));
#2431=CARTESIAN_POINT('Ctrl Pts',(1.47362961665036,0.660376095416067,-2.18212191914511));
#2432=CARTESIAN_POINT('Ctrl Pts',(1.35784722660391,-0.87403188938357,-2.26116009657358));
#2433=CARTESIAN_POINT('Ctrl Pts',(0.00911912832514782,-1.61480577037007,
-2.34019827400205));
#2434=CARTESIAN_POINT('Ctrl Pts',(-1.34788927565979,-0.889311719841778,
-2.41923645143053));
#2435=CARTESIAN_POINT('Ctrl Pts',(-1.48099394065719,0.643690750457966,-2.498274628859));
#2436=CARTESIAN_POINT('Ctrl Pts',(-0.269333828521936,1.59221233612571,-2.57731280628748));
#2437=CARTESIAN_POINT('Ctrl Pts',(1.18688545157818,1.09498116847904,-2.65635098371595));
#2438=CARTESIAN_POINT('Ctrl Pts',(1.56539488698602,-0.396509372260535,-2.73538916114442));
#2439=CARTESIAN_POINT('Ctrl Pts',(0.522502216325688,-1.52796343818437,-2.8144273385729));
#2440=CARTESIAN_POINT('Ctrl Pts',(-0.994830326909466,-1.27200371664314,
-2.89346551600137));
#2441=CARTESIAN_POINT('Ctrl Pts',(-1.60884196779228,0.138954514727212,-2.97250369342984));
#2442=CARTESIAN_POINT('Ctrl Pts',(-0.762000899647791,1.42373995639257,-3.05154187085832));
#2443=CARTESIAN_POINT('Ctrl Pts',(0.776748448375509,1.41574809992445,-3.1305800482868));
#2444=CARTESIAN_POINT('Ctrl Pts',(1.61019852042351,0.122235671218884,-3.20961822571526));
#2445=CARTESIAN_POINT('Ctrl Pts',(0.98156411324839,-1.28226858577857,-3.28865640314374));
#2446=CARTESIAN_POINT('Ctrl Pts',(-0.538345274708084,-1.5224536773566,-3.36769458057221));
#2447=CARTESIAN_POINT('Ctrl Pts',(-1.56942905474541,-0.380227927182321,
-3.44673275800069));
#2448=CARTESIAN_POINT('Ctrl Pts',(-1.17544764370463,1.1072505007431,-3.52577093542916));
#2449=CARTESIAN_POINT('Ctrl Pts',(0.285857910422202,1.58932881732225,-3.60480911285763));
#2450=CARTESIAN_POINT('Ctrl Pts',(1.48760018163237,0.62827265901252,-3.68384729028611));
#2451=CARTESIAN_POINT('Ctrl Pts',(1.33857910954354,-0.903264524909317,-3.76288546771458));
#2452=CARTESIAN_POINT('Ctrl Pts',(-0.0258919306793118,-1.61462393225477,
-3.84192364514305));
#2453=CARTESIAN_POINT('Ctrl Pts',(-1.36685270827278,-0.859880519653903,
-3.92096182257153));
#2454=CARTESIAN_POINT('Ctrl Pts',(-1.46669066493489,0.675647339828669,-4.));
#2455=CARTESIAN_POINT('Ctrl Pts',(-0.234751433724103,1.59767725153796,-4.07903817742847));
#2456=CARTESIAN_POINT('Ctrl Pts',(1.21034563024189,1.06899218311108,-4.15807635485695));
#2457=CARTESIAN_POINT('Ctrl Pts',(1.55643065532038,-0.430353866035744,-4.23711453228542));
#2458=CARTESIAN_POINT('Ctrl Pts',(0.489253229730719,-1.53893213601846,-4.3161527097139));
#2459=CARTESIAN_POINT('Ctrl Pts',(-1.02217348500409,-1.25013686614428,-4.39519088714236));
#2460=CARTESIAN_POINT('Ctrl Pts',(-1.60545130501803,0.173801465823338,-4.47422906457085));
#2461=CARTESIAN_POINT('Ctrl Pts',(-0.730955176436033,1.43992548749458,-4.55326724199932));
#2462=CARTESIAN_POINT('Ctrl Pts',(0.807259224805735,1.39857543839128,-4.63230541942779));
#2463=CARTESIAN_POINT('Ctrl Pts',(1.61247015076929,0.0872979792076854,-4.71134359685626));
#2464=CARTESIAN_POINT('Ctrl Pts',(0.953533838088181,-1.30324759995054,-4.79038177428474));
#2465=CARTESIAN_POINT('Ctrl Pts',(-0.571225382549082,-1.51042429414052,
-4.86941995171321));
#2466=CARTESIAN_POINT('Ctrl Pts',(-1.57730366923905,-0.346113879831665,
-4.94845812914168));
#2467=CARTESIAN_POINT('Ctrl Pts',(-1.1511659140055,1.13247480160209,-5.02749630657016));
#2468=CARTESIAN_POINT('Ctrl Pts',(0.320246701779018,1.58275617745984,-5.10653448399862));
#2469=CARTESIAN_POINT('Ctrl Pts',(1.50087259764651,0.595877118977187,-5.18557266142712));
#2470=CARTESIAN_POINT('Ctrl Pts',(1.31867960105466,-0.932078699179983,-5.26461083885556));
#2471=CARTESIAN_POINT('Ctrl Pts',(-0.0608867180934029,-1.61367142910057,
-5.34364901628406));
#2472=CARTESIAN_POINT('Ctrl Pts',(-1.38518140808224,-0.830067284551117,
-5.42268719371252));
#2473=CARTESIAN_POINT('Ctrl Pts',(-1.45168312876857,0.707328458016089,-5.501725371141));
#2474=CARTESIAN_POINT('Ctrl Pts',(-0.200086819925914,1.60231107321886,-5.58076354856947));
#2475=CARTESIAN_POINT('Ctrl Pts',(1.23329031475304,1.04265285457402,-5.65980172599795));
#2476=CARTESIAN_POINT('Ctrl Pts',(1.54663315797264,-0.464285450002393,-5.73883990342642));
#2477=CARTESIAN_POINT('Ctrl Pts',(0.455967735935243,-1.54862535883964,-5.81787808085489));
#2478=CARTESIAN_POINT('Ctrl Pts',(-1.04940699097881,-1.22874993472705,-5.89691625828337));
#2479=CARTESIAN_POINT('Ctrl Pts',(-1.60057348942172,0.210752830303224,-5.97595443571184));
#2480=CARTESIAN_POINT('Ctrl Pts',(-1.00102187977421,1.03695006482184,-6.02864655399749));
#2481=CARTESIAN_POINT('Ctrl Pts',(-0.592743564846258,1.23319225136771,-6.05499261314031));
#2482=CARTESIAN_POINT('Ctrl Pts',(-0.740036351041157,-1.03579689087084,
0.0549926131403131));
#2483=CARTESIAN_POINT('Ctrl Pts',(-1.08296212659913,-0.790789841845498,
0.0286465539974886));
#2484=CARTESIAN_POINT('Ctrl Pts',(-1.50071785066901,0.0621513714472372,
-0.0240455642881606));
#2485=CARTESIAN_POINT('Ctrl Pts',(-0.765879988218351,1.29368656523646,-0.103083741716634));
#2486=CARTESIAN_POINT('Ctrl Pts',(0.664985566427067,1.34674422880062,-0.182121919145107));
#2487=CARTESIAN_POINT('Ctrl Pts',(1.49172013299276,0.178843303712106,-0.261160096573581));
#2488=CARTESIAN_POINT('Ctrl Pts',(0.964115690734849,-1.15244227029729,-0.340198274002055));
#2489=CARTESIAN_POINT('Ctrl Pts',(-0.439007304039176,-1.4367719714126,-0.419236451430528));
#2490=CARTESIAN_POINT('Ctrl Pts',(-1.44345927540602,-0.416765129849111,
-0.498274628859002));
#2491=CARTESIAN_POINT('Ctrl Pts',(-1.13725260707973,0.981814912901788,-0.577312806287476));
#2492=CARTESIAN_POINT('Ctrl Pts',(0.201609218037487,1.4888163612797,-0.656350983715948));
#2493=CARTESIAN_POINT('Ctrl Pts',(1.35740016631751,0.643990092482182,-0.735389161144423));
#2494=CARTESIAN_POINT('Ctrl Pts',(1.28065485618366,-0.785609885118213,-0.814427338572896));
#2495=CARTESIAN_POINT('Ctrl Pts',(0.0410538229034316,-1.50185320808217,
-0.89346551600137));
#2496=CARTESIAN_POINT('Ctrl Pts',(-1.23582372635068,-0.854397046328779,
-0.972503693429844));
#2497=CARTESIAN_POINT('Ctrl Pts',(-1.39055525319193,0.568867549900403,-1.05154187085832));
#2498=CARTESIAN_POINT('Ctrl Pts',(-0.282641422177776,1.47559024095163,-1.13058004828679));
#2499=CARTESIAN_POINT('Ctrl Pts',(1.08191493023279,1.04245564396904,-1.20961822571526));
#2500=CARTESIAN_POINT('Ctrl Pts',(1.46407632505925,-0.337244806231017,-1.28865640314374));
#2501=CARTESIAN_POINT('Ctrl Pts',(0.516834352938018,-1.41072166410275,-1.36769458057221));
#2502=CARTESIAN_POINT('Ctrl Pts',(-0.899700965870148,-1.20324215275273,
-1.44673275800069));
#2503=CARTESIAN_POINT('Ctrl Pts',(-1.49929428408539,0.0967993991013383,
-1.52577093542916));
#2504=CARTESIAN_POINT('Ctrl Pts',(-0.737505832311908,1.30894560613642,-1.60480911285763));
#2505=CARTESIAN_POINT('Ctrl Pts',(0.693949006700281,1.33254952998172,-1.68384729028611));
#2506=CARTESIAN_POINT('Ctrl Pts',(1.4952877099398,0.146178425191002,-1.76288546771458));
#2507=CARTESIAN_POINT('Ctrl Pts',(0.938882677676905,-1.17292488368434,-1.84192364514305));
#2508=CARTESIAN_POINT('Ctrl Pts',(-0.470041949359384,-1.42699475615588,
-1.92096182257153));
#2509=CARTESIAN_POINT('Ctrl Pts',(-1.45216141563235,-0.385331921962878,
-2.));
#2510=CARTESIAN_POINT('Ctrl Pts',(-1.11569647110809,1.00621809330347,-2.07903817742847));
#2511=CARTESIAN_POINT('Ctrl Pts',(0.233837652860912,1.48410694340537,-2.15807635485695));
#2512=CARTESIAN_POINT('Ctrl Pts',(1.37104367037888,0.614404362846442,-2.23711453228542));
#2513=CARTESIAN_POINT('Ctrl Pts',(1.26332141017122,-0.813186621732355,-2.3161527097139));
#2514=CARTESIAN_POINT('Ctrl Pts',(0.00848430503044181,-1.50239192083399,
-2.39519088714237));
#2515=CARTESIAN_POINT('Ctrl Pts',(-1.25405667671472,-0.827402754875627,
-2.47422906457084));
#2516=CARTESIAN_POINT('Ctrl Pts',(-1.37789533086541,0.598880559351728,-2.55326724199932));
#2517=CARTESIAN_POINT('Ctrl Pts',(-0.25058429651629,1.48137131656351,-2.63230541942778));
#2518=CARTESIAN_POINT('Ctrl Pts',(1.10426104868192,1.01875463363699,-2.71134359685627));
#2519=CARTESIAN_POINT('Ctrl Pts',(1.45642074996031,-0.368906582048361,-2.79038177428473));
#2520=CARTESIAN_POINT('Ctrl Pts',(0.486128500919125,-1.42159507166725,-2.86941995171322));
#2521=CARTESIAN_POINT('Ctrl Pts',(-0.92557573992747,-1.18345385074855,-2.94845812914168));
#2522=CARTESIAN_POINT('Ctrl Pts',(-1.49684328521803,0.129281269685913,-3.02749630657016));
#2523=CARTESIAN_POINT('Ctrl Pts',(-0.708954610087068,1.32462705243029,-3.10653448399863));
#2524=CARTESIAN_POINT('Ctrl Pts',(0.722675516010988,1.31719154482282,-3.18557266142711));
#2525=CARTESIAN_POINT('Ctrl Pts',(1.4981054021554,0.113726299624798,-3.26461083885557));
#2526=CARTESIAN_POINT('Ctrl Pts',(0.913233046713096,-1.19300413644884,-3.34364901628406));
#2527=CARTESIAN_POINT('Ctrl Pts',(-0.500868653172592,-1.41646886992505,
-3.42268719371252));
#2528=CARTESIAN_POINT('Ctrl Pts',(-1.46017408126506,-0.353758561157015,
-3.50172537114101));
#2529=CARTESIAN_POINT('Ctrl Pts',(-1.09361947775332,1.03016984282549,-3.58076354856946));
#2530=CARTESIAN_POINT('Ctrl Pts',(0.265958063195668,1.47868853239629,-3.65980172599795));
#2531=CARTESIAN_POINT('Ctrl Pts',(1.38404168186955,0.584535790186683,-3.73883990342641));
#2532=CARTESIAN_POINT('Ctrl Pts',(1.24539463288794,-0.840384242798881,-3.8178780808549));
#2533=CARTESIAN_POINT('Ctrl Pts',(-0.0240894776208855,-1.5022227412829,
-3.89691625828336));
#2534=CARTESIAN_POINT('Ctrl Pts',(-1.27169997999726,-0.800020392120892,
-3.97595443571184));
#2535=CARTESIAN_POINT('Ctrl Pts',(-1.36458777011666,0.628612507657157,-4.05499261314031));
#2536=CARTESIAN_POINT('Ctrl Pts',(-0.218409336839591,1.48645579478007,-4.13403079056879));
#2537=CARTESIAN_POINT('Ctrl Pts',(1.12608805941745,0.99457485773828,-4.21306896799725));
#2538=CARTESIAN_POINT('Ctrl Pts',(1.44808055854035,-0.400395009291805,-4.29210714542574));
#2539=CARTESIAN_POINT('Ctrl Pts',(0.455194124938568,-1.43180018940361,-4.3711453228542));
#2540=CARTESIAN_POINT('Ctrl Pts',(-0.951015418534781,-1.16310924948048,
-4.45018350028268));
#2541=CARTESIAN_POINT('Ctrl Pts',(-1.49368866163928,0.161702368714138,-4.52922167771115));
#2542=CARTESIAN_POINT('Ctrl Pts',(-0.680070118474737,1.33968583634614,-4.60825985513963));
#2543=CARTESIAN_POINT('Ctrl Pts',(0.751062300879012,1.30121434903862,-4.6872980325681));
#2544=CARTESIAN_POINT('Ctrl Pts',(1.50021889415626,0.0812207765623051,-4.76633620999658));
#2545=CARTESIAN_POINT('Ctrl Pts',(0.88715408433126,-1.21252270764629,-4.84537438742505));
#2546=CARTESIAN_POINT('Ctrl Pts',(-0.531459829698513,-1.40527690585849,
-4.92441256485352));
#2547=CARTESIAN_POINT('Ctrl Pts',(-1.46750050863608,-0.322019345167696,
-5.00345074228199));
#2548=CARTESIAN_POINT('Ctrl Pts',(-1.07102810782313,1.05363816732283,-5.08248891971047));
#2549=CARTESIAN_POINT('Ctrl Pts',(0.297952897032485,1.47257344338123,-5.16152709713894));
#2550=CARTESIAN_POINT('Ctrl Pts',(1.39639014566345,0.554395448534953,-5.24056527456741));
#2551=CARTESIAN_POINT('Ctrl Pts',(1.22688041815646,-0.867192533569251,-5.31960345199589));
#2552=CARTESIAN_POINT('Ctrl Pts',(-0.0566481214199964,-1.50133654613194,
-5.39864162942436));
#2553=CARTESIAN_POINT('Ctrl Pts',(-1.28875273706464,-0.772282589609766,
-5.47767980685284));
#2554=CARTESIAN_POINT('Ctrl Pts',(-1.35062497564216,0.658088161560013,-5.55671798428131));
#2555=CARTESIAN_POINT('Ctrl Pts',(-0.186157881794759,1.49076703541576,-5.63575616170979));
#2556=CARTESIAN_POINT('Ctrl Pts',(1.14743546185319,0.97006912762486,-5.71479433913825));
#2557=CARTESIAN_POINT('Ctrl Pts',(1.43896510878799,-0.431964463989077,-5.79383251656673));
#2558=CARTESIAN_POINT('Ctrl Pts',(0.424225783186956,-1.44081862364543,-5.8728706939952));
#2559=CARTESIAN_POINT('Ctrl Pts',(-0.976353078396517,-1.14321115798102,
-5.95190887142368));
#2560=CARTESIAN_POINT('Ctrl Pts',(-1.48915041259555,0.196081383501564,-6.03094704885215));
#2561=CARTESIAN_POINT('Ctrl Pts',(-0.931336271114604,0.964763334564744,
-6.0836391671378));
#2562=CARTESIAN_POINT('Ctrl Pts',(-0.551480035117324,1.14734422509855,-6.10998522628062));
#2563=CARTESIAN_POINT('Ctrl Pts',(-0.684664424539458,-0.958295198918399,
1.2490009027033E-15));
#2564=CARTESIAN_POINT('Ctrl Pts',(-1.00193137832061,-0.731620374103321,
-0.0263460591428233));
#2565=CARTESIAN_POINT('Ctrl Pts',(-1.38842926050701,0.0575010037093426,
-0.0790381774284724));
#2566=CARTESIAN_POINT('Ctrl Pts',(-0.708574356735394,1.19688872914945,-0.158076354856946));
#2567=CARTESIAN_POINT('Ctrl Pts',(0.615229183707375,1.2459764457737,-0.237114532285419));
#2568=CARTESIAN_POINT('Ctrl Pts',(1.38010478132932,0.165461666101276,-0.316152709713893));
#2569=CARTESIAN_POINT('Ctrl Pts',(0.891977419295334,-1.06621279170671,-0.395190887142366));
#2570=CARTESIAN_POINT('Ctrl Pts',(-0.406159349828867,-1.32926801989881,
-0.474229064570841));
#2571=CARTESIAN_POINT('Ctrl Pts',(-1.33545495805926,-0.385581407446805,
-0.553267241999313));
#2572=CARTESIAN_POINT('Ctrl Pts',(-1.05215966849029,0.908352328099049,-0.632305419427788));
#2573=CARTESIAN_POINT('Ctrl Pts',(0.186524160678443,1.37741827925936,-0.71134359685626));
#2574=CARTESIAN_POINT('Ctrl Pts',(1.25583507139077,0.595804659403677,-0.790381774284736));
#2575=CARTESIAN_POINT('Ctrl Pts',(1.18483209494918,-0.726827998584433,-0.869419951713207));
#2576=CARTESIAN_POINT('Ctrl Pts',(0.0379820423601787,-1.38947966678616,
-0.948458129141683));
#2577=CARTESIAN_POINT('Ctrl Pts',(-1.14335537604833,-0.79046828068634,-1.02749630657015));
#2578=CARTESIAN_POINT('Ctrl Pts',(-1.28650938683959,0.526303029768428,-1.10653448399863));
#2579=CARTESIAN_POINT('Ctrl Pts',(-0.261493271775228,1.36518178026771,-1.1855726614271));
#2580=CARTESIAN_POINT('Ctrl Pts',(1.00096253659205,0.964455722454461,-1.26461083885558));
#2581=CARTESIAN_POINT('Ctrl Pts',(1.35452937300749,-0.312011053054665,-1.34364901628405));
#2582=CARTESIAN_POINT('Ctrl Pts',(0.478163125823048,-1.30516688130166,-1.42268719371252));
#2583=CARTESIAN_POINT('Ctrl Pts',(-0.83238241363203,-1.11321166174747,-1.501725371141));
#2584=CARTESIAN_POINT('Ctrl Pts',(-1.38711220980485,0.0895565532534257,
-1.58076354856947));
#2585=CARTESIAN_POINT('Ctrl Pts',(-0.68232324745117,1.21100603898442,-1.65980172599795));
#2586=CARTESIAN_POINT('Ctrl Pts',(0.642025485185596,1.23284384048387,-1.73883990342642));
#2587=CARTESIAN_POINT('Ctrl Pts',(1.38340542056685,0.135240880022538,-1.81787808085489));
#2588=CARTESIAN_POINT('Ctrl Pts',(0.868632422336188,-1.0851628293474,-1.89691625828337));
#2589=CARTESIAN_POINT('Ctrl Pts',(-0.434871882056578,-1.32022236768467,
-1.97595443571184));
#2590=CARTESIAN_POINT('Ctrl Pts',(-1.34350597585311,-0.356500134400447,
-2.05499261314031));
#2591=CARTESIAN_POINT('Ctrl Pts',(-1.03221643271606,0.930929583180026,-2.13403079056878));
#2592=CARTESIAN_POINT('Ctrl Pts',(0.216341159196346,1.37306123534617,-2.21306896799726));
#2593=CARTESIAN_POINT('Ctrl Pts',(1.26845772410741,0.568432630276816,-2.29210714542573));
#2594=CARTESIAN_POINT('Ctrl Pts',(1.16879559373853,-0.752341354081138,-2.37114532285421));
#2595=CARTESIAN_POINT('Ctrl Pts',(0.00784948173573823,-1.3899780712979,
-2.45018350028268));
#2596=CARTESIAN_POINT('Ctrl Pts',(-1.16022407776965,-0.765493789909473,
-2.52922167771116));
#2597=CARTESIAN_POINT('Ctrl Pts',(-1.27479672107363,0.554070368245486,-2.60825985513962));
#2598=CARTESIAN_POINT('Ctrl Pts',(-0.231834764510645,1.37053029700132,-2.6872980325681));
#2599=CARTESIAN_POINT('Ctrl Pts',(1.02163664578565,0.942528098794934,-2.76633620999657));
#2600=CARTESIAN_POINT('Ctrl Pts',(1.34744661293461,-0.341303791836187,-2.84537438742505));
#2601=CARTESIAN_POINT('Ctrl Pts',(0.44975478551256,-1.31522670515012,-2.92441256485352));
#2602=CARTESIAN_POINT('Ctrl Pts',(-0.856321152945471,-1.09490398485397,
-3.00345074228199));
#2603=CARTESIAN_POINT('Ctrl Pts',(-1.38484460264378,0.119608024644613,-3.08248891971047));
#2604=CARTESIAN_POINT('Ctrl Pts',(-0.655908320526343,1.22551414846801,-3.16152709713894));
#2605=CARTESIAN_POINT('Ctrl Pts',(0.668602583646464,1.21863498972119,-3.24056527456742));
#2606=CARTESIAN_POINT('Ctrl Pts',(1.3860122838873,0.105216928030711,-3.31960345199589));
#2607=CARTESIAN_POINT('Ctrl Pts',(0.8449019801778,-1.10373968711911,-3.39864162942436));
#2608=CARTESIAN_POINT('Ctrl Pts',(-0.463392031637101,-1.3104840624935,-3.47767980685283));
#2609=CARTESIAN_POINT('Ctrl Pts',(-1.3509191077847,-0.327289195131708,-3.55671798428131));
#2610=CARTESIAN_POINT('Ctrl Pts',(-1.01179131180202,0.95308918490788,-3.63575616170978));
#2611=CARTESIAN_POINT('Ctrl Pts',(0.246058215969135,1.36804824747033,-3.71479433913826));
#2612=CARTESIAN_POINT('Ctrl Pts',(1.28048318210673,0.540798921360846,-3.79383251656673));
#2613=CARTESIAN_POINT('Ctrl Pts',(1.15221015623234,-0.777503960688446,-3.8728706939952));
#2614=CARTESIAN_POINT('Ctrl Pts',(-0.0222870245624572,-1.38982155031102,
-3.95190887142368));
#2615=CARTESIAN_POINT('Ctrl Pts',(-1.17654725172175,-0.740160264587881,
-4.03094704885215));
#2616=CARTESIAN_POINT('Ctrl Pts',(-1.26248487529842,0.581577675485645,-4.10998522628063));
#2617=CARTESIAN_POINT('Ctrl Pts',(-0.202067239955081,1.37523433802217,-4.1890234037091));
#2618=CARTESIAN_POINT('Ctrl Pts',(1.04183048859302,0.920157532365477,-4.26806158113757));
#2619=CARTESIAN_POINT('Ctrl Pts',(1.33973046176033,-0.370436152547866,-4.34709975856605));
#2620=CARTESIAN_POINT('Ctrl Pts',(0.421135020146417,-1.32466824278877,-4.42613793599452));
#2621=CARTESIAN_POINT('Ctrl Pts',(-0.879857352065472,-1.07608163281667,
-4.50517611342299));
#2622=CARTESIAN_POINT('Ctrl Pts',(-1.38192601826054,0.149603271604938,-4.58421429085146));
#2623=CARTESIAN_POINT('Ctrl Pts',(-0.629185060513444,1.2394461851977,-4.66325246827995));
#2624=CARTESIAN_POINT('Ctrl Pts',(0.69486537695229,1.20385325968596,-4.74229064570841));
#2625=CARTESIAN_POINT('Ctrl Pts',(1.38796763754323,0.0751435739169253,-4.82132882313689));
#2626=CARTESIAN_POINT('Ctrl Pts',(0.820774330574338,-1.12179781534205,-4.90036700056536));
#2627=CARTESIAN_POINT('Ctrl Pts',(-0.491694276847944,-1.30012951757646,
-4.97940517799383));
#2628=CARTESIAN_POINT('Ctrl Pts',(-1.3576973480331,-0.297924810503728,-5.05844335542231));
#2629=CARTESIAN_POINT('Ctrl Pts',(-0.990890301640756,0.974801533043578,
-5.13748153285078));
#2630=CARTESIAN_POINT('Ctrl Pts',(0.275659092285955,1.36239070930262,-5.21651971027925));
#2631=CARTESIAN_POINT('Ctrl Pts',(1.29190769368038,0.51291377809272,-5.29555788770773));
#2632=CARTESIAN_POINT('Ctrl Pts',(1.13508123525826,-0.802306367958518,-5.3745960651362));
#2633=CARTESIAN_POINT('Ctrl Pts',(-0.0524095247465918,-1.38900166316331,
-5.45363424256468));
#2634=CARTESIAN_POINT('Ctrl Pts',(-1.19232406604705,-0.714497894668416,
-5.53267241999314));
#2635=CARTESIAN_POINT('Ctrl Pts',(-1.24956682251575,0.60884786510394,-5.61171059742163));
#2636=CARTESIAN_POINT('Ctrl Pts',(-0.172228943663604,1.37922299761266,-5.69074877485009));
#2637=CARTESIAN_POINT('Ctrl Pts',(1.06158060895334,0.897485400675706,-5.76978695227857));
#2638=CARTESIAN_POINT('Ctrl Pts',(1.33129705960334,-0.399643477975763,-5.84882512970705));
#2639=CARTESIAN_POINT('Ctrl Pts',(0.392483830438673,-1.33301188845122,-5.92786330713551));
#2640=CARTESIAN_POINT('Ctrl Pts',(-0.903299165814224,-1.05767238123499,
-6.006901484564));
#2641=CARTESIAN_POINT('Ctrl Pts',(-1.37772733576936,0.181409936699903,-6.08593966199246));
#2642=CARTESIAN_POINT('Ctrl Pts',(-0.861650662455003,0.892576604307646,
-6.13863178027811));
#2643=CARTESIAN_POINT('Ctrl Pts',(-0.510216505388391,1.0614961988294,-6.16497783942094));
#2644=CARTESIAN_POINT('',(-0.634007094575192,1.31904027763686,-6.));
#2645=CARTESIAN_POINT('Ctrl Pts',(-0.686120258700936,-0.959465791180114,
-6.));
#2646=CARTESIAN_POINT('Ctrl Pts',(-0.716360564175308,-0.943040126091344,
-6.));
#2647=CARTESIAN_POINT('Ctrl Pts',(-0.745749796963763,-0.925260104855912,
-6.));
#2648=CARTESIAN_POINT('Ctrl Pts',(-0.774185436009398,-0.906153286950755,
-6.));
#2649=CARTESIAN_POINT('Ctrl Pts',(-0.814013037751182,-0.879391843929969,
-6.));
#2650=CARTESIAN_POINT('Ctrl Pts',(-0.851971319785908,-0.850029987153889,
-6.));
#2651=CARTESIAN_POINT('Ctrl Pts',(-0.887998601125806,-0.818371515298254,
-6.));
#2652=CARTESIAN_POINT('Ctrl Pts',(-0.922616391801076,-0.787951613739277,
-6.));
#2653=CARTESIAN_POINT('Ctrl Pts',(-0.955451648057506,-0.755410422896924,
-6.));
#2654=CARTESIAN_POINT('Ctrl Pts',(-0.986432249395187,-0.720978423396534,
-6.));
#2655=CARTESIAN_POINT('Ctrl Pts',(-1.00296665768145,-0.70260199707587,-6.));
#2656=CARTESIAN_POINT('Ctrl Pts',(-1.01897246166279,-0.683686399350912,
-6.));
#2657=CARTESIAN_POINT('Ctrl Pts',(-1.0344360581417,-0.664263074992956,-6.));
#2658=CARTESIAN_POINT('Ctrl Pts',(-1.03995241274943,-0.657334160043222,
-6.));
#2659=CARTESIAN_POINT('Ctrl Pts',(-1.04539749667552,-0.650343345516854,
-6.));
#2660=CARTESIAN_POINT('Ctrl Pts',(-1.05076580574837,-0.643298985837579,
-6.));
#2661=CARTESIAN_POINT('Ctrl Pts',(-1.08185593499373,-0.602502144614869,
-6.));
#2662=CARTESIAN_POINT('Ctrl Pts',(-1.11042462353941,-0.559848690320866,
-6.));
#2663=CARTESIAN_POINT('Ctrl Pts',(-1.13639935983759,-0.515669517437564,
-6.));
#2664=CARTESIAN_POINT('Ctrl Pts',(-1.1629626218734,-0.470489349587042,-6.));
#2665=CARTESIAN_POINT('Ctrl Pts',(-1.18681380325994,-0.423712765634358,
-6.));
#2666=CARTESIAN_POINT('Ctrl Pts',(-1.20784455606559,-0.375648877981485,
-6.));
#2667=CARTESIAN_POINT('Ctrl Pts',(-1.22673591361279,-0.332474385125722,
-6.));
#2668=CARTESIAN_POINT('Ctrl Pts',(-1.24335142337167,-0.288260078031038,
-6.));
#2669=CARTESIAN_POINT('Ctrl Pts',(-1.25758449870433,-0.24320866478178,-6.));
#2670=CARTESIAN_POINT('Ctrl Pts',(-1.26108836130371,-0.232118021456727,
-6.));
#2671=CARTESIAN_POINT('Ctrl Pts',(-1.26444804799859,-0.220974809115071,
-6.));
#2672=CARTESIAN_POINT('Ctrl Pts',(-1.26765590682244,-0.20980365952918,-6.));
#2673=CARTESIAN_POINT('Ctrl Pts',(-1.28264088306652,-0.157619501697951,
-6.));
#2674=CARTESIAN_POINT('Ctrl Pts',(-1.29434981834205,-0.104725529251894,
-6.));
#2675=CARTESIAN_POINT('Ctrl Pts',(-1.30268160725762,-0.0514553779768112,
-6.));
#2676=CARTESIAN_POINT('Ctrl Pts',(-1.31097302167105,0.00155663475698865,
-6.));
#2677=CARTESIAN_POINT('Ctrl Pts',(-1.31592056454553,0.0549422758335937,
-6.));
#2678=CARTESIAN_POINT('Ctrl Pts',(-1.31738173492373,0.108399703086342,-6.));
#2679=CARTESIAN_POINT('Ctrl Pts',(-1.31796092509524,0.129589577259255,-6.));
#2680=CARTESIAN_POINT('Ctrl Pts',(-1.31799179905666,0.15079094047267,-6.));
#2681=CARTESIAN_POINT('Ctrl Pts',(-1.31746326741054,0.171985592008749,-6.));
#2682=CARTESIAN_POINT('Ctrl Pts',(-1.31700754318943,0.190260592443992,-6.));
#2683=CARTESIAN_POINT('Ctrl Pts',(-1.31613589843562,0.208530610880613,-6.));
#2684=CARTESIAN_POINT('Ctrl Pts',(-1.31485552554676,0.226786604130731,-6.));
#2685=CARTESIAN_POINT('Ctrl Pts',(-1.31396108613183,0.239539826308194,-6.));
#2686=CARTESIAN_POINT('Ctrl Pts',(-1.31286716699366,0.252286205341923,-6.));
#2687=CARTESIAN_POINT('Ctrl Pts',(-1.31157600109057,0.265022657810552,-6.));
#2688=CARTESIAN_POINT('Ctrl Pts',(-1.31067392115049,0.273921048212828,-6.));
#2689=CARTESIAN_POINT('Ctrl Pts',(-1.30967580594337,0.282811554470909,-6.));
#2690=CARTESIAN_POINT('Ctrl Pts',(-1.30858376206991,0.291684839316565,-6.));
#2691=CARTESIAN_POINT('Ctrl Pts',(-1.30203590167618,0.344888773531162,-6.));
#2692=CARTESIAN_POINT('Ctrl Pts',(-1.2921070223401,0.397559389764906,-6.));
#2693=CARTESIAN_POINT('Ctrl Pts',(-1.2790436149647,0.449466839041112,-6.));
#2694=CARTESIAN_POINT('Ctrl Pts',(-1.2656646979853,0.502627965730498,-6.));
#2695=CARTESIAN_POINT('Ctrl Pts',(-1.24899785924911,0.554989490473433,-6.));
#2696=CARTESIAN_POINT('Ctrl Pts',(-1.2292517951866,0.606311290418786,-6.));
#2697=CARTESIAN_POINT('Ctrl Pts',(-1.21518532415963,0.642871316239525,-6.));
#2698=CARTESIAN_POINT('Ctrl Pts',(-1.19955504594123,0.678903895019459,-6.));
#2699=CARTESIAN_POINT('Ctrl Pts',(-1.18242048067937,0.714320369824923,-6.));
#2700=CARTESIAN_POINT('Ctrl Pts',(-1.1741229666655,0.731471006069813,-6.));
#2701=CARTESIAN_POINT('Ctrl Pts',(-1.16547250220053,0.748477119310232,-6.));
#2702=CARTESIAN_POINT('Ctrl Pts',(-1.15647481841327,0.765328294082402,-6.));
#2703=CARTESIAN_POINT('Ctrl Pts',(-1.15132732961112,0.774968689932463,-6.));
#2704=CARTESIAN_POINT('Ctrl Pts',(-1.14606879239278,0.784553368555764,-6.));
#2705=CARTESIAN_POINT('Ctrl Pts',(-1.14070454546453,0.794073740777347,-6.));
#2706=CARTESIAN_POINT('Ctrl Pts',(-1.11269108355017,0.843791546129517,-6.));
#2707=CARTESIAN_POINT('Ctrl Pts',(-1.08176859386435,0.891813200708226,-6.));
#2708=CARTESIAN_POINT('Ctrl Pts',(-1.04815043468174,0.937881657106302,-6.));
#2709=CARTESIAN_POINT('Ctrl Pts',(-1.02031308387098,0.976028415086054,-6.));
#2710=CARTESIAN_POINT('Ctrl Pts',(-0.990626311775846,1.0128362044745,-6.));
#2711=CARTESIAN_POINT('Ctrl Pts',(-0.959186090829428,1.04815107999963,-6.));
#2712=CARTESIAN_POINT('Ctrl Pts',(-0.951322699751645,1.0569835458271,-6.));
#2713=CARTESIAN_POINT('Ctrl Pts',(-0.943349521971355,1.06572257141183,-6.));
#2714=CARTESIAN_POINT('Ctrl Pts',(-0.935267858175348,1.07436562791184,-6.));
#2715=CARTESIAN_POINT('Ctrl Pts',(-0.926878822728282,1.08333740763193,-6.));
#2716=CARTESIAN_POINT('Ctrl Pts',(-0.918378890605558,1.09219932798277,-6.));
#2717=CARTESIAN_POINT('Ctrl Pts',(-0.90977204744984,1.10094690188472,-6.));
#2718=CARTESIAN_POINT('Ctrl Pts',(-0.868493372698668,1.14290052546398,-6.));
#2719=CARTESIAN_POINT('Ctrl Pts',(-0.82474504435056,1.18224107555913,-6.));
#2720=CARTESIAN_POINT('Ctrl Pts',(-0.778725563119758,1.21868817769231,-6.));
#2721=CARTESIAN_POINT('Ctrl Pts',(-0.732706081888957,1.25513527982549,-6.));
#2722=CARTESIAN_POINT('Ctrl Pts',(-0.68441491425378,1.28869005832452,-6.));
#2723=CARTESIAN_POINT('Ctrl Pts',(-0.634007094575192,1.31904027763686,-6.));
#2724=CARTESIAN_POINT('Ctrl Pts',(-0.635539952563707,1.32078352177447,-3.46944695195361E-17));
#2725=CARTESIAN_POINT('Ctrl Pts',(-0.671808422698506,1.2992052258686,-5.20299033500139E-17));
#2726=CARTESIAN_POINT('Ctrl Pts',(-0.707012117092504,1.27600366133052,2.90422498825546E-16));
#2727=CARTESIAN_POINT('Ctrl Pts',(-0.741024492289775,1.25117319191894,2.51534904016637E-16));
#2728=CARTESIAN_POINT('Ctrl Pts',(-0.787341007462607,1.21736018101982,1.97303502153221E-16));
#2729=CARTESIAN_POINT('Ctrl Pts',(-0.831450131696887,1.18052712371669,6.1736457511763E-17));
#2730=CARTESIAN_POINT('Ctrl Pts',(-0.873202634344358,1.14098038500488,1.2490009027033E-16));
#2731=CARTESIAN_POINT('Ctrl Pts',(-0.890017600289753,1.12505374534197,1.50337950673342E-16));
#2732=CARTESIAN_POINT('Ctrl Pts',(-0.90644986917196,1.10868666006496,3.43739970001348E-16));
#2733=CARTESIAN_POINT('Ctrl Pts',(-0.92248768115831,1.09189813166137,3.85108611666851E-16));
#2734=CARTESIAN_POINT('Ctrl Pts',(-0.932771268947256,1.08113317782399,4.11634552901151E-16));
#2735=CARTESIAN_POINT('Ctrl Pts',(-0.942893879473629,1.07019330791914,1.02242452449229E-16));
#2736=CARTESIAN_POINT('Ctrl Pts',(-0.952837398390717,1.0591006896981,9.36750677027476E-17));
#2737=CARTESIAN_POINT('Ctrl Pts',(-0.991249871489286,1.01624916977224,6.05786921798136E-17));
#2738=CARTESIAN_POINT('Ctrl Pts',(-1.02704603090596,0.971066706169622,2.04112798922947E-16));
#2739=CARTESIAN_POINT('Ctrl Pts',(-1.0600770827902,0.92386694753376,3.05311331771918E-16));
#2740=CARTESIAN_POINT('Ctrl Pts',(-1.08218497908091,0.892275844334102,3.73044163194846E-16));
#2741=CARTESIAN_POINT('Ctrl Pts',(-1.10305327692785,0.85978040379212,7.68016885791283E-17));
#2742=CARTESIAN_POINT('Ctrl Pts',(-1.12262500542858,0.826470498287998,6.93889390390723E-18));
#2743=CARTESIAN_POINT('Ctrl Pts',(-1.1314522019983,0.81144714030545,-2.45704651946118E-17));
#2744=CARTESIAN_POINT('Ctrl Pts',(-1.14001551377891,0.796258080173779,-5.58143080761908E-17));
#2745=CARTESIAN_POINT('Ctrl Pts',(-1.14830900000635,0.780911493338834,-9.0205620750794E-17));
#2746=CARTESIAN_POINT('Ctrl Pts',(-1.15354149554159,0.771229081757867,-1.11903660041654E-16));
#2747=CARTESIAN_POINT('Ctrl Pts',(-1.15866664909572,0.761483592123274,6.28431618228352E-17));
#2748=CARTESIAN_POINT('Ctrl Pts',(-1.16367628986071,0.751690644794188,6.93889390390723E-17));
#2749=CARTESIAN_POINT('Ctrl Pts',(-1.18929774993523,0.701605295210339,1.02866862401276E-16));
#2750=CARTESIAN_POINT('Ctrl Pts',(-1.21194848763757,0.650194927320142,4.35599195950828E-16));
#2751=CARTESIAN_POINT('Ctrl Pts',(-1.23148690333567,0.597749648645147,3.46944695195361E-16));
#2752=CARTESIAN_POINT('Ctrl Pts',(-1.2505432343592,0.54659838814917,2.60477627484922E-16));
#2753=CARTESIAN_POINT('Ctrl Pts',(-1.26663905527833,0.494461611687375,-7.71610731493367E-17));
#2754=CARTESIAN_POINT('Ctrl Pts',(-1.27959470799016,0.441602829886233,-1.11022302462516E-16));
#2755=CARTESIAN_POINT('Ctrl Pts',(-1.287329416394,0.410045387516647,-1.31237936576711E-16));
#2756=CARTESIAN_POINT('Ctrl Pts',(-1.29394395301354,0.378230570030321,2.20961624526057E-16));
#2757=CARTESIAN_POINT('Ctrl Pts',(-1.29939128205174,0.34621569462841,2.22044604925031E-16));
#2758=CARTESIAN_POINT('Ctrl Pts',(-1.30340892104895,0.322603349751992,2.22843349457189E-16));
#2759=CARTESIAN_POINT('Ctrl Pts',(-1.3067914986987,0.29888219823769,3.39223498051169E-16));
#2760=CARTESIAN_POINT('Ctrl Pts',(-1.3095177115262,0.275075984207973,3.46944695195361E-16));
#2761=CARTESIAN_POINT('Ctrl Pts',(-1.31051042211815,0.266407298996349,3.49756256387592E-16));
#2762=CARTESIAN_POINT('Ctrl Pts',(-1.31141582645884,0.257729020075278,5.53172504593799E-17));
#2763=CARTESIAN_POINT('Ctrl Pts',(-1.31223224609342,0.249051599077124,5.55111512312578E-17));
#2764=CARTESIAN_POINT('Ctrl Pts',(-1.31717298337199,0.196538338014882,5.66845830442314E-17));
#2765=CARTESIAN_POINT('Ctrl Pts',(-1.31887026131232,0.143960588132923,1.52812127959593E-16));
#2766=CARTESIAN_POINT('Ctrl Pts',(-1.31716695415535,0.0915637787829896,
2.22044604925031E-16));
#2767=CARTESIAN_POINT('Ctrl Pts',(-1.31678064768745,0.0796802930205592,
2.37746384566269E-16));
#2768=CARTESIAN_POINT('Ctrl Pts',(-1.31621921496337,0.0678061408636293,
1.14310019516732E-16));
#2769=CARTESIAN_POINT('Ctrl Pts',(-1.31548044926236,0.0559442512962942,
9.71445146547012E-17));
#2770=CARTESIAN_POINT('Ctrl Pts',(-1.31214967921707,0.00246420153546272,
1.9752793126692E-17));
#2771=CARTESIAN_POINT('Ctrl Pts',(-1.30521794034089,-0.0507684350865478,
2.4875883651796E-16));
#2772=CARTESIAN_POINT('Ctrl Pts',(-1.29484569277506,-0.10347078471935,2.77555756156289E-16));
#2773=CARTESIAN_POINT('Ctrl Pts',(-1.2900098421456,-0.128042189232001,2.90981737466073E-16));
#2774=CARTESIAN_POINT('Ctrl Pts',(-1.28442546347173,-0.152497991442745,
-9.54662669909782E-17));
#2775=CARTESIAN_POINT('Ctrl Pts',(-1.27810567710204,-0.176807330181599,
-9.71445146547012E-17));
#2776=CARTESIAN_POINT('Ctrl Pts',(-1.27366077084467,-0.193904859362543,
-9.83248794812232E-17));
#2777=CARTESIAN_POINT('Ctrl Pts',(-1.26885203624617,-0.210929905683763,
9.22263278775261E-17));
#2778=CARTESIAN_POINT('Ctrl Pts',(-1.26368353821276,-0.227871197432173,
9.71445146547012E-17));
#2779=CARTESIAN_POINT('Ctrl Pts',(-1.2606866701777,-0.237694325038159,9.99962438510179E-17));
#2780=CARTESIAN_POINT('Ctrl Pts',(-1.25757122792697,-0.247481308626953,
-5.48267362241418E-17));
#2781=CARTESIAN_POINT('Ctrl Pts',(-1.25434036924174,-0.257224893838189,
-5.55111512312578E-17));
#2782=CARTESIAN_POINT('Ctrl Pts',(-1.23781424430975,-0.307064184928882,
-5.90119938910173E-17));
#2783=CARTESIAN_POINT('Ctrl Pts',(-1.21825837236662,-0.355815153329214,
2.32133682338396E-17));
#2784=CARTESIAN_POINT('Ctrl Pts',(-1.19584548851424,-0.403219826235671,
1.38777878078145E-17));
#2785=CARTESIAN_POINT('Ctrl Pts',(-1.17354090950915,-0.45039542751111,4.58731931914845E-18));
#2786=CARTESIAN_POINT('Ctrl Pts',(-1.14840606890074,-0.496238607282296,
9.99898711322248E-17));
#2787=CARTESIAN_POINT('Ctrl Pts',(-1.12057206413191,-0.540462343169487,
1.11022302462516E-16));
#2788=CARTESIAN_POINT('Ctrl Pts',(-1.10663050572752,-0.562613226660818,
1.16548251279838E-16));
#2789=CARTESIAN_POINT('Ctrl Pts',(-1.0920112326195,-0.584357221064996,4.24233777165479E-17));
#2790=CARTESIAN_POINT('Ctrl Pts',(-1.07672793486404,-0.605654088392203,
5.55111512312578E-17));
#2791=CARTESIAN_POINT('Ctrl Pts',(-1.06546899046359,-0.621343126777591,
6.51526904255802E-17));
#2792=CARTESIAN_POINT('Ctrl Pts',(-1.05384964088764,-0.63678945025161,4.62981248900164E-17));
#2793=CARTESIAN_POINT('Ctrl Pts',(-1.04187486068672,-0.651975828248951,
5.55111512312578E-17));
#2794=CARTESIAN_POINT('Ctrl Pts',(-1.03608670972554,-0.659316342807663,
5.99643759567006E-17));
#2795=CARTESIAN_POINT('Ctrl Pts',(-1.03021606430856,-0.66659525436713,-1.02633076234277E-16));
#2796=CARTESIAN_POINT('Ctrl Pts',(-1.02427186710089,-0.673800883985349,
-8.32667268468867E-17));
#2797=CARTESIAN_POINT('Ctrl Pts',(-0.992178969038042,-0.712704293266201,
2.12927712695206E-17));
#2798=CARTESIAN_POINT('Ctrl Pts',(-0.957882889868973,-0.749553990106693,
6.4457418449774E-17));
#2799=CARTESIAN_POINT('Ctrl Pts',(-0.92151418376908,-0.784098238910061,
5.55111512312578E-17));
#2800=CARTESIAN_POINT('Ctrl Pts',(-0.885888881801684,-0.817936376881664,
4.6747752548191E-17));
#2801=CARTESIAN_POINT('Ctrl Pts',(-0.848274071256238,-0.849562930985818,
2.11268114257844E-16));
#2802=CARTESIAN_POINT('Ctrl Pts',(-0.808768743239041,-0.878697733855594,
1.94289029309402E-16));
#2803=CARTESIAN_POINT('Ctrl Pts',(-0.769263415221843,-0.907832536725369,
1.7730994436096E-16));
#2804=CARTESIAN_POINT('Ctrl Pts',(-0.727866942922792,-0.934476268569194,
8.74706685017734E-17));
#2805=CARTESIAN_POINT('Ctrl Pts',(-0.684664424539472,-0.958295198918389,
1.11022302462516E-16));
#2806=CARTESIAN_POINT('Ctrl Pts',(-0.634007094575211,1.31904027763685,-6.));
#2807=CARTESIAN_POINT('Ctrl Pts',(-1.07070748843382,1.10913679507893,-5.97365394085718));
#2808=CARTESIAN_POINT('Ctrl Pts',(-1.39135202734085,0.667280536091909,-5.94730788171435));
#2809=CARTESIAN_POINT('Ctrl Pts',(-1.45341835301325,0.189733575168745,-5.92096182257153));
#2810=CARTESIAN_POINT('Ctrl Pts',(-1.51548467868564,-0.287813385754433,
-5.89461576342871));
#2811=CARTESIAN_POINT('Ctrl Pts',(-1.31897279112337,-0.801051048613759,
-5.86826970428588));
#2812=CARTESIAN_POINT('Ctrl Pts',(-0.952355081968134,-1.11469377713688,
-5.84192364514305));
#2813=CARTESIAN_POINT('Ctrl Pts',(-0.585737372812895,-1.42833650566,-5.81557758600023));
#2814=CARTESIAN_POINT('Ctrl Pts',(-0.0490138420646829,-1.54238429984692,
-5.78923152685741));
#2815=CARTESIAN_POINT('Ctrl Pts',(0.41377984305505,-1.40610392060403,-5.76288546771458));
#2816=CARTESIAN_POINT('Ctrl Pts',(0.876573528174783,-1.26982354136113,-5.73653940857176));
#2817=CARTESIAN_POINT('Ctrl Pts',(1.26543736766604,-0.883214988688416,-5.71019334942893));
#2818=CARTESIAN_POINT('Ctrl Pts',(1.40400994749426,-0.42127020942891,-5.6838472902861));
#2819=CARTESIAN_POINT('Ctrl Pts',(1.44467142589702,-0.285721331805297,-5.67611654213837));
#2820=CARTESIAN_POINT('Ctrl Pts',(1.46378240139722,-0.143685877015899,-5.66838579399064));
#2821=CARTESIAN_POINT('Ctrl Pts',(1.46262187871228,-0.0013337099145104,
-5.66065504584291));
#2822=CARTESIAN_POINT('Origin',(0.,0.,0.));
#2823=CARTESIAN_POINT('Origin',(0.,0.,-6.));
#2824=CARTESIAN_POINT('Origin',(0.,0.,0.));
#2825=CARTESIAN_POINT('',(-1.5,1.83697019872103E-16,-1.12481983699639E-32));
#2826=CARTESIAN_POINT('Origin',(0.,0.,0.));
#2827=CARTESIAN_POINT('',(-2.1,2.57175827820944E-16,-1.57474777179495E-32));
#2828=CARTESIAN_POINT('Origin',(-1.8,2.20436423846524E-16,-2.69956760879134E-32));
#2829=CARTESIAN_POINT('Origin',(0.,0.,0.));
#2830=CARTESIAN_POINT('Origin',(0.,0.,0.));
#2831=CARTESIAN_POINT('Origin',(0.,0.,-6.));
#2832=CARTESIAN_POINT('Origin',(-1.45022882591661E-13,1.44337567297406,
3.));
#2833=CARTESIAN_POINT('',(-1.45229111797706E-13,1.44337567297406,3.));
#2834=CARTESIAN_POINT('',(1.24999999999993,0.721687836487175,3.));
#2835=CARTESIAN_POINT('',(0.312499999999869,1.26295371385234,3.));
#2836=CARTESIAN_POINT('',(-1.45300438347817E-13,1.44337567297406,1.7));
#2837=CARTESIAN_POINT('',(-1.45229111797706E-13,1.44337567297406,3.));
#2838=CARTESIAN_POINT('',(1.24999999999993,0.721687836487175,1.7));
#2839=CARTESIAN_POINT('',(1.24999999999993,0.721687836487175,1.7));
#2840=CARTESIAN_POINT('',(1.24999999999993,0.721687836487175,3.));
#2841=CARTESIAN_POINT('Origin',(-1.25000000000007,0.721687836486906,3.));
#2842=CARTESIAN_POINT('',(-1.25000000000007,0.721687836486906,3.));
#2843=CARTESIAN_POINT('',(-0.937500000000091,0.902109795608696,3.));
#2844=CARTESIAN_POINT('',(-1.25000000000007,0.721687836486906,1.7));
#2845=CARTESIAN_POINT('',(-1.25000000000007,0.721687836486906,3.));
#2846=CARTESIAN_POINT('',(-1.45229111797706E-13,1.44337567297406,1.7));
#2847=CARTESIAN_POINT('Origin',(-1.24999999999993,-0.721687836487108,3.));
#2848=CARTESIAN_POINT('',(-1.24999999999993,-0.721687836487108,3.));
#2849=CARTESIAN_POINT('',(-1.24999999999996,-0.360843918243617,3.));
#2850=CARTESIAN_POINT('',(-1.24999999999993,-0.721687836487108,1.7));
#2851=CARTESIAN_POINT('',(-1.24999999999993,-0.721687836487108,3.));
#2852=CARTESIAN_POINT('',(-1.25000000000007,0.721687836486906,1.7));
#2853=CARTESIAN_POINT('Origin',(1.44606548957427E-13,-1.44337567297406,
3.));
#2854=CARTESIAN_POINT('',(1.44727979600745E-13,-1.44337567297406,3.));
#2855=CARTESIAN_POINT('',(-0.312499999999884,-1.26295371385232,3.));
#2856=CARTESIAN_POINT('',(1.44745326835505E-13,-1.44337567297406,1.7));
#2857=CARTESIAN_POINT('',(1.44727979600745E-13,-1.44337567297406,3.));
#2858=CARTESIAN_POINT('',(-1.24999999999993,-0.721687836487108,1.7));
#2859=CARTESIAN_POINT('Origin',(1.24999999999993,-0.721687836486907,3.));
#2860=CARTESIAN_POINT('',(1.24999999999993,-0.721687836486907,3.));
#2861=CARTESIAN_POINT('',(0.937500000000036,-0.902109795608665,3.));
#2862=CARTESIAN_POINT('',(1.24999999999993,-0.721687836486907,1.7));
#2863=CARTESIAN_POINT('',(1.24999999999993,-0.721687836486907,3.));
#2864=CARTESIAN_POINT('',(1.44727979600745E-13,-1.44337567297406,1.7));
#2865=CARTESIAN_POINT('Origin',(1.24999999999993,0.721687836487175,3.));
#2866=CARTESIAN_POINT('',(1.24999999999993,0.360843918243588,3.));
#2867=CARTESIAN_POINT('',(1.24999999999993,-0.721687836486907,1.7));
#2868=CARTESIAN_POINT('Origin',(-7.27196081129478E-14,2.77555756156289E-16,
1.7));
#2869=CARTESIAN_POINT('Origin',(0.,0.,0.));
#2870=CARTESIAN_POINT('',(-2.75,-3.36777869765522E-16,3.));
#2871=CARTESIAN_POINT('Origin',(0.,0.,3.));
#2872=CARTESIAN_POINT('',(-2.75,-3.36777869765522E-16,0.));
#2873=CARTESIAN_POINT('',(-2.75,-3.36777869765522E-16,0.));
#2874=CARTESIAN_POINT('Origin',(0.,0.,0.));
#2875=CARTESIAN_POINT('Origin',(0.,0.,3.));
#2876=CARTESIAN_POINT('Origin',(0.,0.,0.));
#2877=UNCERTAINTY_MEASURE_WITH_UNIT(LENGTH_MEASURE(0.01),#2881,
'DISTANCE_ACCURACY_VALUE',
'Maximum model space distance between geometric entities at asserted c
onnectivities');
#2878=UNCERTAINTY_MEASURE_WITH_UNIT(LENGTH_MEASURE(0.01),#2881,
'DISTANCE_ACCURACY_VALUE',
'Maximum model space distance between geometric entities at asserted c
onnectivities');
#2879=(
GEOMETRIC_REPRESENTATION_CONTEXT(3)
GLOBAL_UNCERTAINTY_ASSIGNED_CONTEXT((#2877))
GLOBAL_UNIT_ASSIGNED_CONTEXT((#2881,#2883,#2884))
REPRESENTATION_CONTEXT('','3D')
);
#2880=(
GEOMETRIC_REPRESENTATION_CONTEXT(3)
GLOBAL_UNCERTAINTY_ASSIGNED_CONTEXT((#2878))
GLOBAL_UNIT_ASSIGNED_CONTEXT((#2881,#2883,#2884))
REPRESENTATION_CONTEXT('','3D')
);
#2881=(
LENGTH_UNIT()
NAMED_UNIT(*)
SI_UNIT(.MILLI.,.METRE.)
);
#2882=(
LENGTH_UNIT()
NAMED_UNIT(*)
SI_UNIT($,.METRE.)
);
#2883=(
NAMED_UNIT(*)
PLANE_ANGLE_UNIT()
SI_UNIT($,.RADIAN.)
);
#2884=(
NAMED_UNIT(*)
SI_UNIT($,.STERADIAN.)
SOLID_ANGLE_UNIT()
);
#2885=SHAPE_DEFINITION_REPRESENTATION(#2886,#2887);
#2886=PRODUCT_DEFINITION_SHAPE('',$,#2889);
#2887=SHAPE_REPRESENTATION('',(#745),#2879);
#2888=PRODUCT_DEFINITION_CONTEXT('part definition',#2893,'design');
#2889=PRODUCT_DEFINITION('SSCBOR SCRIPT','SSCBOR SCRIPT v2',#2890,#2888);
#2890=PRODUCT_DEFINITION_FORMATION('',$,#2895);
#2891=PRODUCT_RELATED_PRODUCT_CATEGORY('SSCBOR SCRIPT v2',
'SSCBOR SCRIPT v2',(#2895));
#2892=APPLICATION_PROTOCOL_DEFINITION('international standard',
'automotive_design',2009,#2893);
#2893=APPLICATION_CONTEXT(
'Core Data for Automotive Mechanical Design Process');
#2894=PRODUCT_CONTEXT('part definition',#2893,'mechanical');
#2895=PRODUCT('SSCBOR SCRIPT','SSCBOR SCRIPT v2',$,(#2894));
#2896=PRESENTATION_STYLE_ASSIGNMENT((#2897));
#2897=SURFACE_STYLE_USAGE(.BOTH.,#2898);
#2898=SURFACE_SIDE_STYLE('',(#2899));
#2899=SURFACE_STYLE_FILL_AREA(#2900);
#2900=FILL_AREA_STYLE('Steel - Satin',(#2901));
#2901=FILL_AREA_STYLE_COLOUR('Steel - Satin',#2902);
#2902=COLOUR_RGB('Steel - Satin',0.627450980392157,0.627450980392157,0.627450980392157);
ENDSEC;
END-ISO-10303-21;
