ISO-10303-21;
HEADER;
/* Generated by software containing ST-Developer
 * from STEP Tools, Inc. (www.steptools.com) 
 */

FILE_DESCRIPTION(
/* description */ (''),
/* implementation_level */ '2;1');

FILE_NAME(
/* name */ '606038-SSCSOR-M3-12-A2.stp',
/* time_stamp */ '2023-05-25T11:25:36+01:00',
/* author */ (''),
/* organization */ (''),
/* preprocessor_version */ 'ST-DEVELOPER v19.2',
/* originating_system */ 'Autodesk Translation Framework v12.4.0.73',
/* authorisation */ '');

FILE_SCHEMA (('AUTOMOTIVE_DESIGN { 1 0 10303 214 3 1 1 }'));
ENDSEC;

DATA;
#10=MECHANICAL_DESIGN_GEOMETRIC_PRESENTATION_REPRESENTATION('',(#13),#4917);
#11=SHAPE_REPRESENTATION_RELATIONSHIP('SRR','None',#4924,#12);
#12=ADVANCED_BREP_SHAPE_REPRESENTATION('',(#14),#4916);
#13=STYLED_ITEM('',(#4933),#14);
#14=MANIFOLD_SOLID_BREP('Body1',#1188);
#15=FACE_BOUND('',#151,.T.);
#16=FACE_BOUND('',#162,.T.);
#17=FACE_BOUND('',#164,.T.);
#18=PLANE('',#1260);
#19=PLANE('',#1261);
#20=PLANE('',#1262);
#21=PLANE('',#1263);
#22=PLANE('',#1264);
#23=PLANE('',#1265);
#24=PLANE('',#1266);
#25=PLANE('',#1267);
#26=PLANE('',#1268);
#27=PLANE('',#1272);
#28=PLANE('',#1273);
#29=TOROIDAL_SURFACE('',#1256,1.8,0.3);
#30=B_SPLINE_SURFACE_WITH_KNOTS('',3,3,((#3231,#3232,#3233,#3234,#3235,
#3236,#3237,#3238,#3239,#3240,#3241,#3242,#3243,#3244,#3245,#3246,#3247,
#3248,#3249,#3250,#3251,#3252,#3253,#3254,#3255,#3256,#3257,#3258,#3259,
#3260,#3261,#3262,#3263,#3264,#3265,#3266,#3267,#3268,#3269,#3270,#3271,
#3272,#3273,#3274,#3275,#3276,#3277,#3278,#3279,#3280,#3281,#3282,#3283,
#3284,#3285,#3286,#3287,#3288,#3289,#3290,#3291,#3292,#3293,#3294,#3295,
#3296,#3297,#3298,#3299,#3300,#3301,#3302,#3303,#3304,#3305,#3306,#3307,
#3308,#3309,#3310,#3311,#3312,#3313,#3314,#3315,#3316,#3317,#3318,#3319,
#3320,#3321,#3322,#3323,#3324,#3325,#3326,#3327,#3328,#3329,#3330,#3331,
#3332,#3333,#3334,#3335,#3336,#3337,#3338,#3339,#3340,#3341,#3342,#3343,
#3344,#3345,#3346,#3347,#3348,#3349,#3350,#3351,#3352,#3353,#3354,#3355,
#3356,#3357,#3358,#3359,#3360,#3361,#3362,#3363,#3364,#3365,#3366,#3367,
#3368,#3369,#3370,#3371,#3372,#3373,#3374,#3375,#3376,#3377,#3378,#3379,
#3380,#3381,#3382,#3383,#3384,#3385,#3386),(#3387,#3388,#3389,#3390,#3391,
#3392,#3393,#3394,#3395,#3396,#3397,#3398,#3399,#3400,#3401,#3402,#3403,
#3404,#3405,#3406,#3407,#3408,#3409,#3410,#3411,#3412,#3413,#3414,#3415,
#3416,#3417,#3418,#3419,#3420,#3421,#3422,#3423,#3424,#3425,#3426,#3427,
#3428,#3429,#3430,#3431,#3432,#3433,#3434,#3435,#3436,#3437,#3438,#3439,
#3440,#3441,#3442,#3443,#3444,#3445,#3446,#3447,#3448,#3449,#3450,#3451,
#3452,#3453,#3454,#3455,#3456,#3457,#3458,#3459,#3460,#3461,#3462,#3463,
#3464,#3465,#3466,#3467,#3468,#3469,#3470,#3471,#3472,#3473,#3474,#3475,
#3476,#3477,#3478,#3479,#3480,#3481,#3482,#3483,#3484,#3485,#3486,#3487,
#3488,#3489,#3490,#3491,#3492,#3493,#3494,#3495,#3496,#3497,#3498,#3499,
#3500,#3501,#3502,#3503,#3504,#3505,#3506,#3507,#3508,#3509,#3510,#3511,
#3512,#3513,#3514,#3515,#3516,#3517,#3518,#3519,#3520,#3521,#3522,#3523,
#3524,#3525,#3526,#3527,#3528,#3529,#3530,#3531,#3532,#3533,#3534,#3535,
#3536,#3537,#3538,#3539,#3540,#3541,#3542),(#3543,#3544,#3545,#3546,#3547,
#3548,#3549,#3550,#3551,#3552,#3553,#3554,#3555,#3556,#3557,#3558,#3559,
#3560,#3561,#3562,#3563,#3564,#3565,#3566,#3567,#3568,#3569,#3570,#3571,
#3572,#3573,#3574,#3575,#3576,#3577,#3578,#3579,#3580,#3581,#3582,#3583,
#3584,#3585,#3586,#3587,#3588,#3589,#3590,#3591,#3592,#3593,#3594,#3595,
#3596,#3597,#3598,#3599,#3600,#3601,#3602,#3603,#3604,#3605,#3606,#3607,
#3608,#3609,#3610,#3611,#3612,#3613,#3614,#3615,#3616,#3617,#3618,#3619,
#3620,#3621,#3622,#3623,#3624,#3625,#3626,#3627,#3628,#3629,#3630,#3631,
#3632,#3633,#3634,#3635,#3636,#3637,#3638,#3639,#3640,#3641,#3642,#3643,
#3644,#3645,#3646,#3647,#3648,#3649,#3650,#3651,#3652,#3653,#3654,#3655,
#3656,#3657,#3658,#3659,#3660,#3661,#3662,#3663,#3664,#3665,#3666,#3667,
#3668,#3669,#3670,#3671,#3672,#3673,#3674,#3675,#3676,#3677,#3678,#3679,
#3680,#3681,#3682,#3683,#3684,#3685,#3686,#3687,#3688,#3689,#3690,#3691,
#3692,#3693,#3694,#3695,#3696,#3697,#3698),(#3699,#3700,#3701,#3702,#3703,
#3704,#3705,#3706,#3707,#3708,#3709,#3710,#3711,#3712,#3713,#3714,#3715,
#3716,#3717,#3718,#3719,#3720,#3721,#3722,#3723,#3724,#3725,#3726,#3727,
#3728,#3729,#3730,#3731,#3732,#3733,#3734,#3735,#3736,#3737,#3738,#3739,
#3740,#3741,#3742,#3743,#3744,#3745,#3746,#3747,#3748,#3749,#3750,#3751,
#3752,#3753,#3754,#3755,#3756,#3757,#3758,#3759,#3760,#3761,#3762,#3763,
#3764,#3765,#3766,#3767,#3768,#3769,#3770,#3771,#3772,#3773,#3774,#3775,
#3776,#3777,#3778,#3779,#3780,#3781,#3782,#3783,#3784,#3785,#3786,#3787,
#3788,#3789,#3790,#3791,#3792,#3793,#3794,#3795,#3796,#3797,#3798,#3799,
#3800,#3801,#3802,#3803,#3804,#3805,#3806,#3807,#3808,#3809,#3810,#3811,
#3812,#3813,#3814,#3815,#3816,#3817,#3818,#3819,#3820,#3821,#3822,#3823,
#3824,#3825,#3826,#3827,#3828,#3829,#3830,#3831,#3832,#3833,#3834,#3835,
#3836,#3837,#3838,#3839,#3840,#3841,#3842,#3843,#3844,#3845,#3846,#3847,
#3848,#3849,#3850,#3851,#3852,#3853,#3854)),.UNSPECIFIED.,.F.,.F.,.F.,(4,
4),(4,1,1,1,1,1,1,1,1,1,1,1,1,1,1,1,1,1,1,1,1,1,1,1,1,1,1,1,1,1,1,1,1,1,
1,1,1,1,1,1,1,1,1,1,1,1,1,1,1,1,1,1,1,1,1,1,1,1,1,1,1,1,1,1,1,1,1,1,1,1,
1,1,1,1,1,1,1,1,1,1,1,1,1,1,1,1,1,1,1,1,1,1,1,1,1,1,1,1,1,1,1,1,1,1,1,1,
1,1,1,1,1,1,1,1,1,1,1,1,1,1,1,1,1,1,1,1,1,1,1,1,1,1,1,1,1,1,1,1,1,1,1,1,
1,1,1,1,1,1,1,1,1,1,1,4),(0.,0.0329955678841871),(8.30203615430842,9.30118399774391,
10.3003318411794,11.2994796846149,12.2986275280504,13.2977753714859,14.2969232149214,
15.2960710583568,16.2952189017923,17.2943667452278,18.2935145886633,19.2926624320988,
20.2918102755343,21.2909581189698,22.2901059624053,23.2892538058408,24.2884016492762,
25.2875494927117,26.2866973361472,27.2858451795827,28.2849930230182,29.2841408664537,
30.2832887098892,31.2824365533247,32.2815843967602,33.2807322401956,34.2798800836311,
35.2790279270666,36.2781757705021,37.2773236139376,38.2764714573731,39.2756193008086,
40.2747671442441,41.2739149876796,42.273062831115,43.2722106745505,44.271358517986,
45.2705063614215,46.269654204857,47.2688020482925,48.267949891728,49.2670977351635,
50.266245578599,51.2653934220344,52.2645412654699,53.2636891089054,54.2628369523409,
55.2619847957764,56.2611326392119,57.2602804826474,58.2594283260829,59.2585761695184,
60.2577240129539,61.2568718563893,62.2560196998248,63.2551675432603,64.2543153866958,
65.2534632301313,66.2526110735668,67.2517589170023,68.2509067604378,69.2500546038733,
70.2492024473087,71.2483502907442,72.2474981341797,73.2466459776152,74.2457938210507,
75.2449416644862,76.2440895079217,77.2432373513572,78.2423851947927,79.2415330382281,
80.2406808816636,81.2398287250991,82.2389765685346,83.2381244119701,84.2372722554056,
85.2364200988411,86.2355679422766,87.2347157857121,88.2338636291475,89.233011472583,
90.2321593160185,91.231307159454,92.2304550028895,93.229602846325,94.2287506897605,
95.227898533196,96.2270463766314,97.226194220067,98.2253420635024,99.2244899069379,
100.223637750373,101.222785593809,102.221933437244,103.22108128068,104.220229124115,
105.219376967551,106.218524810986,107.217672654422,108.216820497857,109.215968341293,
110.215116184728,111.214264028164,112.213411871599,113.212559715035,114.21170755847,
115.210855401906,116.210003245341,117.209151088777,118.208298932212,119.207446775648,
120.206594619083,121.205742462519,122.204890305954,123.20403814939,124.203185992825,
125.202333836261,126.201481679696,127.200629523132,128.199777366567,129.198925210003,
130.198073053438,131.197220896874,132.196368740309,133.195516583745,134.19466442718,
135.193812270616,136.192960114051,137.192107957487,138.191255800922,139.190403644357,
140.189551487793,141.188699331228,142.187847174664,143.186995018099,144.186142861535,
145.18529070497,146.184438548406,147.183586391841,148.182734235277,149.181882078712,
150.181029922148,151.180177765583,152.179325609019,153.178473452454,154.17762129589,
155.176769139325,156.175916982761,157.175064826196,158.174212669632,159.173360513067,
160.172508356503,161.171656199938),.UNSPECIFIED.);
#31=B_SPLINE_SURFACE_WITH_KNOTS('',3,3,((#4057,#4058,#4059,#4060,#4061,
#4062,#4063,#4064,#4065,#4066,#4067,#4068,#4069,#4070,#4071,#4072,#4073,
#4074,#4075,#4076,#4077,#4078,#4079,#4080,#4081,#4082,#4083,#4084,#4085,
#4086,#4087,#4088,#4089,#4090,#4091,#4092,#4093,#4094,#4095,#4096,#4097,
#4098,#4099,#4100,#4101,#4102,#4103,#4104,#4105,#4106,#4107,#4108,#4109,
#4110,#4111,#4112,#4113,#4114,#4115,#4116,#4117,#4118,#4119,#4120,#4121,
#4122,#4123,#4124,#4125,#4126,#4127,#4128,#4129,#4130,#4131,#4132,#4133,
#4134,#4135,#4136,#4137,#4138,#4139,#4140,#4141,#4142,#4143,#4144,#4145,
#4146,#4147,#4148,#4149,#4150,#4151,#4152,#4153,#4154,#4155,#4156,#4157,
#4158,#4159,#4160,#4161,#4162,#4163,#4164,#4165,#4166,#4167,#4168,#4169,
#4170,#4171,#4172,#4173,#4174,#4175,#4176,#4177,#4178,#4179,#4180,#4181,
#4182,#4183,#4184,#4185,#4186,#4187,#4188,#4189,#4190,#4191,#4192,#4193,
#4194,#4195,#4196,#4197,#4198,#4199,#4200,#4201,#4202,#4203,#4204,#4205,
#4206,#4207,#4208,#4209,#4210,#4211,#4212),(#4213,#4214,#4215,#4216,#4217,
#4218,#4219,#4220,#4221,#4222,#4223,#4224,#4225,#4226,#4227,#4228,#4229,
#4230,#4231,#4232,#4233,#4234,#4235,#4236,#4237,#4238,#4239,#4240,#4241,
#4242,#4243,#4244,#4245,#4246,#4247,#4248,#4249,#4250,#4251,#4252,#4253,
#4254,#4255,#4256,#4257,#4258,#4259,#4260,#4261,#4262,#4263,#4264,#4265,
#4266,#4267,#4268,#4269,#4270,#4271,#4272,#4273,#4274,#4275,#4276,#4277,
#4278,#4279,#4280,#4281,#4282,#4283,#4284,#4285,#4286,#4287,#4288,#4289,
#4290,#4291,#4292,#4293,#4294,#4295,#4296,#4297,#4298,#4299,#4300,#4301,
#4302,#4303,#4304,#4305,#4306,#4307,#4308,#4309,#4310,#4311,#4312,#4313,
#4314,#4315,#4316,#4317,#4318,#4319,#4320,#4321,#4322,#4323,#4324,#4325,
#4326,#4327,#4328,#4329,#4330,#4331,#4332,#4333,#4334,#4335,#4336,#4337,
#4338,#4339,#4340,#4341,#4342,#4343,#4344,#4345,#4346,#4347,#4348,#4349,
#4350,#4351,#4352,#4353,#4354,#4355,#4356,#4357,#4358,#4359,#4360,#4361,
#4362,#4363,#4364,#4365,#4366,#4367,#4368),(#4369,#4370,#4371,#4372,#4373,
#4374,#4375,#4376,#4377,#4378,#4379,#4380,#4381,#4382,#4383,#4384,#4385,
#4386,#4387,#4388,#4389,#4390,#4391,#4392,#4393,#4394,#4395,#4396,#4397,
#4398,#4399,#4400,#4401,#4402,#4403,#4404,#4405,#4406,#4407,#4408,#4409,
#4410,#4411,#4412,#4413,#4414,#4415,#4416,#4417,#4418,#4419,#4420,#4421,
#4422,#4423,#4424,#4425,#4426,#4427,#4428,#4429,#4430,#4431,#4432,#4433,
#4434,#4435,#4436,#4437,#4438,#4439,#4440,#4441,#4442,#4443,#4444,#4445,
#4446,#4447,#4448,#4449,#4450,#4451,#4452,#4453,#4454,#4455,#4456,#4457,
#4458,#4459,#4460,#4461,#4462,#4463,#4464,#4465,#4466,#4467,#4468,#4469,
#4470,#4471,#4472,#4473,#4474,#4475,#4476,#4477,#4478,#4479,#4480,#4481,
#4482,#4483,#4484,#4485,#4486,#4487,#4488,#4489,#4490,#4491,#4492,#4493,
#4494,#4495,#4496,#4497,#4498,#4499,#4500,#4501,#4502,#4503,#4504,#4505,
#4506,#4507,#4508,#4509,#4510,#4511,#4512,#4513,#4514,#4515,#4516,#4517,
#4518,#4519,#4520,#4521,#4522,#4523,#4524),(#4525,#4526,#4527,#4528,#4529,
#4530,#4531,#4532,#4533,#4534,#4535,#4536,#4537,#4538,#4539,#4540,#4541,
#4542,#4543,#4544,#4545,#4546,#4547,#4548,#4549,#4550,#4551,#4552,#4553,
#4554,#4555,#4556,#4557,#4558,#4559,#4560,#4561,#4562,#4563,#4564,#4565,
#4566,#4567,#4568,#4569,#4570,#4571,#4572,#4573,#4574,#4575,#4576,#4577,
#4578,#4579,#4580,#4581,#4582,#4583,#4584,#4585,#4586,#4587,#4588,#4589,
#4590,#4591,#4592,#4593,#4594,#4595,#4596,#4597,#4598,#4599,#4600,#4601,
#4602,#4603,#4604,#4605,#4606,#4607,#4608,#4609,#4610,#4611,#4612,#4613,
#4614,#4615,#4616,#4617,#4618,#4619,#4620,#4621,#4622,#4623,#4624,#4625,
#4626,#4627,#4628,#4629,#4630,#4631,#4632,#4633,#4634,#4635,#4636,#4637,
#4638,#4639,#4640,#4641,#4642,#4643,#4644,#4645,#4646,#4647,#4648,#4649,
#4650,#4651,#4652,#4653,#4654,#4655,#4656,#4657,#4658,#4659,#4660,#4661,
#4662,#4663,#4664,#4665,#4666,#4667,#4668,#4669,#4670,#4671,#4672,#4673,
#4674,#4675,#4676,#4677,#4678,#4679,#4680)),.UNSPECIFIED.,.F.,.F.,.F.,(4,
4),(4,1,1,1,1,1,1,1,1,1,1,1,1,1,1,1,1,1,1,1,1,1,1,1,1,1,1,1,1,1,1,1,1,1,
1,1,1,1,1,1,1,1,1,1,1,1,1,1,1,1,1,1,1,1,1,1,1,1,1,1,1,1,1,1,1,1,1,1,1,1,
1,1,1,1,1,1,1,1,1,1,1,1,1,1,1,1,1,1,1,1,1,1,1,1,1,1,1,1,1,1,1,1,1,1,1,1,
1,1,1,1,1,1,1,1,1,1,1,1,1,1,1,1,1,1,1,1,1,1,1,1,1,1,1,1,1,1,1,1,1,1,1,1,
1,1,1,1,1,1,1,1,1,1,1,4),(0.,0.0329955678841871),(11.6159397475005,12.615087590936,
13.6142354343714,14.6133832778069,15.6125311212424,16.6116789646779,17.6108268081134,
18.6099746515489,19.6091224949844,20.6082703384199,21.6074181818554,22.6065660252908,
23.6057138687263,24.6048617121618,25.6040095555973,26.6031573990328,27.6023052424683,
28.6014530859038,29.6006009293393,30.5997487727748,31.5988966162102,32.5980444596457,
33.5971923030812,34.5963401465167,35.5954879899522,36.5946358333877,37.5937836768232,
38.5929315202587,39.5920793636942,40.5912272071296,41.5903750505651,42.5895228940006,
43.5886707374361,44.5878185808716,45.5869664243071,46.5861142677426,47.5852621111781,
48.5844099546136,49.583557798049,50.5827056414845,51.58185348492,52.5810013283555,
53.580149171791,54.5792970152265,55.578444858662,56.5775927020975,57.5767405455329,
58.5758883889684,59.5750362324039,60.5741840758394,61.5733319192749,62.5724797627104,
63.5716276061459,64.5707754495814,65.5699232930169,66.5690711364524,67.5682189798878,
68.5673668233233,69.5665146667588,70.5656625101943,71.5648103536298,72.5639581970653,
73.5631060405008,74.5622538839363,75.5614017273718,76.5605495708072,77.5596974142427,
78.5588452576782,79.5579931011137,80.5571409445492,81.5562887879847,82.5554366314202,
83.5545844748557,84.5537323182912,85.5528801617266,86.5520280051621,87.5511758485976,
88.5503236920331,89.5494715354686,90.5486193789041,91.5477672223396,92.5469150657751,
93.5460629092105,94.545210752646,95.5443585960815,96.543506439517,97.5426542829525,
98.541802126388,99.5409499698235,100.540097813259,101.539245656694,102.53839350013,
103.537541343565,104.536689187001,105.535837030436,106.534984873872,107.534132717307,
108.533280560743,109.532428404178,110.531576247614,111.530724091049,112.529871934485,
113.52901977792,114.528167621356,115.527315464791,116.526463308227,117.525611151662,
118.524758995098,119.523906838533,120.523054681969,121.522202525404,122.52135036884,
123.520498212275,124.519646055711,125.518793899146,126.517941742582,127.517089586017,
128.516237429453,129.515385272888,130.514533116324,131.513680959759,132.512828803195,
133.51197664663,134.511124490066,135.510272333501,136.509420176937,137.508568020372,
138.507715863808,139.506863707243,140.506011550679,141.505159394114,142.50430723755,
143.503455080985,144.502602924421,145.501750767856,146.500898611291,147.500046454727,
148.499194298162,149.498342141598,150.497489985033,151.496637828469,152.495785671904,
153.49493351534,154.494081358775,155.493229202211,156.492377045646,157.491524889082,
158.490672732517,159.489820575953,160.488968419388,161.488116262824,162.487264106259,
163.486411949695,164.48555979313),.UNSPECIFIED.);
#32=FACE_OUTER_BOUND('',#97,.T.);
#33=FACE_OUTER_BOUND('',#98,.T.);
#34=FACE_OUTER_BOUND('',#99,.T.);
#35=FACE_OUTER_BOUND('',#100,.T.);
#36=FACE_OUTER_BOUND('',#101,.T.);
#37=FACE_OUTER_BOUND('',#102,.T.);
#38=FACE_OUTER_BOUND('',#103,.T.);
#39=FACE_OUTER_BOUND('',#104,.T.);
#40=FACE_OUTER_BOUND('',#105,.T.);
#41=FACE_OUTER_BOUND('',#106,.T.);
#42=FACE_OUTER_BOUND('',#107,.T.);
#43=FACE_OUTER_BOUND('',#108,.T.);
#44=FACE_OUTER_BOUND('',#109,.T.);
#45=FACE_OUTER_BOUND('',#110,.T.);
#46=FACE_OUTER_BOUND('',#111,.T.);
#47=FACE_OUTER_BOUND('',#112,.T.);
#48=FACE_OUTER_BOUND('',#113,.T.);
#49=FACE_OUTER_BOUND('',#114,.T.);
#50=FACE_OUTER_BOUND('',#115,.T.);
#51=FACE_OUTER_BOUND('',#116,.T.);
#52=FACE_OUTER_BOUND('',#117,.T.);
#53=FACE_OUTER_BOUND('',#118,.T.);
#54=FACE_OUTER_BOUND('',#119,.T.);
#55=FACE_OUTER_BOUND('',#120,.T.);
#56=FACE_OUTER_BOUND('',#121,.T.);
#57=FACE_OUTER_BOUND('',#122,.T.);
#58=FACE_OUTER_BOUND('',#123,.T.);
#59=FACE_OUTER_BOUND('',#124,.T.);
#60=FACE_OUTER_BOUND('',#125,.T.);
#61=FACE_OUTER_BOUND('',#126,.T.);
#62=FACE_OUTER_BOUND('',#127,.T.);
#63=FACE_OUTER_BOUND('',#128,.T.);
#64=FACE_OUTER_BOUND('',#129,.T.);
#65=FACE_OUTER_BOUND('',#130,.T.);
#66=FACE_OUTER_BOUND('',#131,.T.);
#67=FACE_OUTER_BOUND('',#132,.T.);
#68=FACE_OUTER_BOUND('',#133,.T.);
#69=FACE_OUTER_BOUND('',#134,.T.);
#70=FACE_OUTER_BOUND('',#135,.T.);
#71=FACE_OUTER_BOUND('',#136,.T.);
#72=FACE_OUTER_BOUND('',#137,.T.);
#73=FACE_OUTER_BOUND('',#138,.T.);
#74=FACE_OUTER_BOUND('',#139,.T.);
#75=FACE_OUTER_BOUND('',#140,.T.);
#76=FACE_OUTER_BOUND('',#141,.T.);
#77=FACE_OUTER_BOUND('',#142,.T.);
#78=FACE_OUTER_BOUND('',#143,.T.);
#79=FACE_OUTER_BOUND('',#144,.T.);
#80=FACE_OUTER_BOUND('',#145,.T.);
#81=FACE_OUTER_BOUND('',#146,.T.);
#82=FACE_OUTER_BOUND('',#147,.T.);
#83=FACE_OUTER_BOUND('',#148,.T.);
#84=FACE_OUTER_BOUND('',#149,.T.);
#85=FACE_OUTER_BOUND('',#150,.T.);
#86=FACE_OUTER_BOUND('',#152,.T.);
#87=FACE_OUTER_BOUND('',#153,.T.);
#88=FACE_OUTER_BOUND('',#154,.T.);
#89=FACE_OUTER_BOUND('',#155,.T.);
#90=FACE_OUTER_BOUND('',#156,.T.);
#91=FACE_OUTER_BOUND('',#157,.T.);
#92=FACE_OUTER_BOUND('',#158,.T.);
#93=FACE_OUTER_BOUND('',#159,.T.);
#94=FACE_OUTER_BOUND('',#160,.T.);
#95=FACE_OUTER_BOUND('',#161,.T.);
#96=FACE_OUTER_BOUND('',#163,.T.);
#97=EDGE_LOOP('',(#712,#713,#714,#715));
#98=EDGE_LOOP('',(#716,#717,#718,#719));
#99=EDGE_LOOP('',(#720,#721,#722,#723));
#100=EDGE_LOOP('',(#724,#725,#726,#727));
#101=EDGE_LOOP('',(#728,#729,#730,#731));
#102=EDGE_LOOP('',(#732,#733,#734,#735));
#103=EDGE_LOOP('',(#736,#737,#738,#739));
#104=EDGE_LOOP('',(#740,#741,#742,#743));
#105=EDGE_LOOP('',(#744,#745,#746,#747));
#106=EDGE_LOOP('',(#748,#749,#750,#751));
#107=EDGE_LOOP('',(#752,#753,#754,#755));
#108=EDGE_LOOP('',(#756,#757,#758,#759));
#109=EDGE_LOOP('',(#760,#761,#762,#763));
#110=EDGE_LOOP('',(#764,#765,#766,#767));
#111=EDGE_LOOP('',(#768,#769,#770,#771));
#112=EDGE_LOOP('',(#772,#773,#774,#775));
#113=EDGE_LOOP('',(#776,#777,#778,#779));
#114=EDGE_LOOP('',(#780,#781,#782,#783));
#115=EDGE_LOOP('',(#784,#785,#786,#787));
#116=EDGE_LOOP('',(#788,#789,#790,#791));
#117=EDGE_LOOP('',(#792,#793,#794,#795));
#118=EDGE_LOOP('',(#796,#797,#798,#799));
#119=EDGE_LOOP('',(#800,#801,#802,#803));
#120=EDGE_LOOP('',(#804,#805,#806,#807));
#121=EDGE_LOOP('',(#808,#809,#810,#811));
#122=EDGE_LOOP('',(#812,#813,#814,#815));
#123=EDGE_LOOP('',(#816,#817,#818,#819));
#124=EDGE_LOOP('',(#820,#821,#822,#823));
#125=EDGE_LOOP('',(#824,#825,#826,#827));
#126=EDGE_LOOP('',(#828,#829,#830,#831));
#127=EDGE_LOOP('',(#832,#833,#834,#835));
#128=EDGE_LOOP('',(#836,#837,#838,#839));
#129=EDGE_LOOP('',(#840,#841,#842,#843));
#130=EDGE_LOOP('',(#844,#845,#846,#847));
#131=EDGE_LOOP('',(#848,#849,#850,#851));
#132=EDGE_LOOP('',(#852,#853,#854,#855));
#133=EDGE_LOOP('',(#856,#857,#858,#859));
#134=EDGE_LOOP('',(#860,#861,#862,#863));
#135=EDGE_LOOP('',(#864,#865,#866,#867));
#136=EDGE_LOOP('',(#868,#869,#870,#871));
#137=EDGE_LOOP('',(#872,#873,#874,#875));
#138=EDGE_LOOP('',(#876,#877,#878,#879));
#139=EDGE_LOOP('',(#880,#881,#882,#883));
#140=EDGE_LOOP('',(#884,#885,#886,#887));
#141=EDGE_LOOP('',(#888,#889,#890,#891));
#142=EDGE_LOOP('',(#892,#893,#894,#895));
#143=EDGE_LOOP('',(#896,#897,#898,#899));
#144=EDGE_LOOP('',(#900,#901,#902,#903));
#145=EDGE_LOOP('',(#904,#905,#906,#907,#908,#909,#910,#911,#912,#913,#914,
#915,#916,#917,#918,#919,#920,#921,#922,#923,#924,#925,#926,#927,#928,#929,
#930,#931,#932,#933,#934,#935,#936,#937,#938,#939,#940,#941,#942,#943,#944,
#945,#946,#947,#948,#949,#950,#951,#952,#953,#954,#955));
#146=EDGE_LOOP('',(#956,#957,#958,#959));
#147=EDGE_LOOP('',(#960,#961,#962,#963,#964,#965,#966,#967,#968,#969,#970,
#971,#972,#973,#974,#975,#976,#977,#978,#979,#980,#981,#982,#983,#984,#985,
#986,#987,#988,#989,#990,#991,#992,#993,#994,#995,#996,#997,#998,#999,#1000,
#1001,#1002,#1003,#1004,#1005,#1006,#1007,#1008,#1009,#1010,#1011));
#148=EDGE_LOOP('',(#1012,#1013,#1014,#1015));
#149=EDGE_LOOP('',(#1016,#1017,#1018,#1019));
#150=EDGE_LOOP('',(#1020));
#151=EDGE_LOOP('',(#1021,#1022,#1023,#1024));
#152=EDGE_LOOP('',(#1025,#1026,#1027,#1028));
#153=EDGE_LOOP('',(#1029,#1030,#1031,#1032));
#154=EDGE_LOOP('',(#1033,#1034,#1035,#1036));
#155=EDGE_LOOP('',(#1037,#1038,#1039,#1040));
#156=EDGE_LOOP('',(#1041,#1042,#1043,#1044));
#157=EDGE_LOOP('',(#1045,#1046,#1047,#1048));
#158=EDGE_LOOP('',(#1049,#1050,#1051,#1052));
#159=EDGE_LOOP('',(#1053,#1054,#1055,#1056,#1057,#1058));
#160=EDGE_LOOP('',(#1059,#1060,#1061,#1062));
#161=EDGE_LOOP('',(#1063));
#162=EDGE_LOOP('',(#1064,#1065,#1066,#1067,#1068,#1069));
#163=EDGE_LOOP('',(#1070));
#164=EDGE_LOOP('',(#1071));
#165=CIRCLE('',#1203,1.4635);
#166=CIRCLE('',#1228,1.17775);
#167=CIRCLE('',#1253,1.17775);
#168=CIRCLE('',#1255,1.4635);
#169=CIRCLE('',#1257,1.5);
#170=CIRCLE('',#1258,0.3);
#171=CIRCLE('',#1259,2.1);
#172=CIRCLE('',#1270,2.75);
#173=CIRCLE('',#1271,2.75);
#174=B_SPLINE_CURVE_WITH_KNOTS('',3,(#1493,#1494,#1495,#1496,#1497,#1498,
#1499,#1500,#1501,#1502),.UNSPECIFIED.,.F.,.F.,(4,3,3,4),(-4.09202352044853,
-3.99659137374196,-2.99744353030647,-2.07317267331971),.UNSPECIFIED.);
#175=B_SPLINE_CURVE_WITH_KNOTS('',3,(#1505,#1506,#1507,#1508,#1509,#1510,
#1511),.UNSPECIFIED.,.F.,.F.,(4,3,4),(0.,0.999147843435486,1.12274180646096),
 .UNSPECIFIED.);
#176=B_SPLINE_CURVE_WITH_KNOTS('',3,(#1516,#1517,#1518,#1519,#1520,#1521,
#1522,#1523,#1524,#1525,#1526,#1527,#1528,#1529,#1530,#1531,#1532,#1533,
#1534,#1535,#1536,#1537),.UNSPECIFIED.,.F.,.F.,(4,3,3,3,3,3,3,4),(-10.3752088276281,
-9.99147843435489,-8.9923305909194,-7.99318274748391,-6.99403490404842,
-5.99488706061293,-4.99573921717744,-4.09202352044853),.UNSPECIFIED.);
#177=B_SPLINE_CURVE_WITH_KNOTS('',3,(#1538,#1539,#1540,#1541,#1542,#1543,
#1544,#1545,#1546,#1547,#1548,#1549,#1550,#1551,#1552,#1553,#1554,#1555,
#1556,#1557,#1558,#1559),.UNSPECIFIED.,.F.,.F.,(4,3,3,3,3,3,3,4),(1.12274180646096,
1.99829568687098,2.99744353030647,3.99659137374196,4.99573921717746,5.99488706061295,
6.99403490404844,7.40592711364054),.UNSPECIFIED.);
#178=B_SPLINE_CURVE_WITH_KNOTS('',3,(#1564,#1565,#1566,#1567,#1568,#1569,
#1570,#1571,#1572,#1573,#1574,#1575,#1576,#1577,#1578,#1579,#1580,#1581,
#1582,#1583,#1584,#1585),.UNSPECIFIED.,.F.,.F.,(4,3,3,3,3,3,3,4),(-16.6583941348077,
-15.9863654949678,-14.9872176515323,-13.9880698080968,-12.9889219646614,
-11.9897741212259,-10.9906262777904,-10.3752088276281),.UNSPECIFIED.);
#179=B_SPLINE_CURVE_WITH_KNOTS('',3,(#1586,#1587,#1588,#1589,#1590,#1591,
#1592,#1593,#1594,#1595,#1596,#1597,#1598,#1599,#1600,#1601,#1602,#1603,
#1604,#1605,#1606,#1607),.UNSPECIFIED.,.F.,.F.,(4,3,3,3,3,3,3,4),(7.40592711364054,
7.99318274748393,8.99233059091942,9.9914784343549,10.9906262777904,11.9897741212259,
12.9889219646614,13.6891124208201),.UNSPECIFIED.);
#180=B_SPLINE_CURVE_WITH_KNOTS('',3,(#1612,#1613,#1614,#1615,#1616,#1617,
#1618,#1619,#1620,#1621,#1622,#1623,#1624,#1625,#1626,#1627,#1628,#1629,
#1630,#1631,#1632,#1633),.UNSPECIFIED.,.F.,.F.,(4,3,3,3,3,3,3,4),(-22.9415794419873,
-21.9812525555808,-20.9821047121453,-19.9829568687098,-18.9838090252743,
-17.9846611818388,-16.9855133384033,-16.6583941348077),.UNSPECIFIED.);
#181=B_SPLINE_CURVE_WITH_KNOTS('',3,(#1634,#1635,#1636,#1637,#1638,#1639,
#1640,#1641,#1642,#1643,#1644,#1645,#1646,#1647,#1648,#1649,#1650,#1651,
#1652,#1653,#1654,#1655),.UNSPECIFIED.,.F.,.F.,(4,3,3,3,3,3,3,4),(13.6891124208201,
13.9880698080968,14.9872176515323,15.9863654949678,16.9855133384033,17.9846611818388,
18.9838090252743,19.9722977279997),.UNSPECIFIED.);
#182=B_SPLINE_CURVE_WITH_KNOTS('',3,(#1660,#1661,#1662,#1663,#1664,#1665,
#1666,#1667,#1668,#1669,#1670,#1671,#1672,#1673,#1674,#1675,#1676,#1677,
#1678,#1679,#1680,#1681,#1682,#1683,#1684),.UNSPECIFIED.,.F.,.F.,(4,3,3,
3,3,3,3,3,4),(-29.2247647491669,-28.9752874596292,-27.9761396161937,-26.9769917727582,
-25.9778439293227,-24.9786960858872,-23.9795482424517,-22.9804003990162,
-22.9415794419873),.UNSPECIFIED.);
#183=B_SPLINE_CURVE_WITH_KNOTS('',3,(#1685,#1686,#1687,#1688,#1689,#1690,
#1691,#1692,#1693,#1694,#1695,#1696,#1697,#1698,#1699,#1700,#1701,#1702,
#1703,#1704,#1705,#1706,#1707,#1708,#1709),.UNSPECIFIED.,.F.,.F.,(4,3,3,
3,3,3,3,3,4),(19.9722977279997,19.9829568687098,20.9821047121453,21.9812525555807,
22.9804003990162,23.9795482424517,24.9786960858872,25.9778439293227,26.2554830351793),
 .UNSPECIFIED.);
#184=B_SPLINE_CURVE_WITH_KNOTS('',3,(#1714,#1715,#1716,#1717,#1718,#1719,
#1720,#1721,#1722,#1723,#1724,#1725,#1726,#1727,#1728,#1729,#1730,#1731,
#1732,#1733,#1734,#1735),.UNSPECIFIED.,.F.,.F.,(4,3,3,3,3,3,3,4),(-35.5079500563465,
-34.9701745202421,-33.9710266768066,-32.9718788333711,-31.9727309899356,
-30.9735831465002,-29.9744353030647,-29.2247647491669),.UNSPECIFIED.);
#185=B_SPLINE_CURVE_WITH_KNOTS('',3,(#1736,#1737,#1738,#1739,#1740,#1741,
#1742,#1743,#1744,#1745,#1746,#1747,#1748,#1749,#1750,#1751,#1752,#1753,
#1754,#1755,#1756,#1757),.UNSPECIFIED.,.F.,.F.,(4,3,3,3,3,3,3,4),(26.2554830351793,
26.9769917727582,27.9761396161937,28.9752874596292,29.9744353030647,30.9735831465002,
31.9727309899357,32.5386683423589),.UNSPECIFIED.);
#186=B_SPLINE_CURVE_WITH_KNOTS('',3,(#1762,#1763,#1764,#1765,#1766,#1767,
#1768,#1769,#1770,#1771,#1772,#1773,#1774,#1775,#1776,#1777,#1778,#1779,
#1780,#1781,#1782,#1783),.UNSPECIFIED.,.F.,.F.,(4,3,3,3,3,3,3,4),(-41.791135363526,
-40.965061580855,-39.9659137374196,-38.9667658939841,-37.9676180505486,
-36.9684702071131,-35.9693223636776,-35.5079500563465),.UNSPECIFIED.);
#187=B_SPLINE_CURVE_WITH_KNOTS('',3,(#1784,#1785,#1786,#1787,#1788,#1789,
#1790,#1791,#1792,#1793,#1794,#1795,#1796,#1797,#1798,#1799,#1800,#1801,
#1802,#1803,#1804,#1805),.UNSPECIFIED.,.F.,.F.,(4,3,3,3,3,3,3,4),(32.5386683423589,
32.9718788333712,33.9710266768066,34.9701745202421,35.9693223636776,36.9684702071131,
37.9676180505486,38.8218536495385),.UNSPECIFIED.);
#188=B_SPLINE_CURVE_WITH_KNOTS('',3,(#1810,#1811,#1812,#1813,#1814,#1815,
#1816,#1817,#1818,#1819,#1820,#1821,#1822,#1823,#1824,#1825,#1826,#1827,
#1828,#1829,#1830,#1831,#1832,#1833,#1834),.UNSPECIFIED.,.F.,.F.,(4,3,3,
3,3,3,3,3,4),(-48.0743206707056,-47.9590964849035,-46.959948641468,-45.9608007980325,
-44.961652954597,-43.9625051111615,-42.963357267726,-41.9642094242905,-41.791135363526),
 .UNSPECIFIED.);
#189=B_SPLINE_CURVE_WITH_KNOTS('',3,(#1835,#1836,#1837,#1838,#1839,#1840,
#1841,#1842,#1843,#1844,#1845,#1846,#1847,#1848,#1849,#1850,#1851,#1852,
#1853,#1854,#1855,#1856,#1857,#1858,#1859),.UNSPECIFIED.,.F.,.F.,(4,3,3,
3,3,3,3,3,4),(38.8218536495385,38.9667658939841,39.9659137374196,40.9650615808551,
41.9642094242905,42.963357267726,43.9625051111615,44.961652954597,45.1050389567181),
 .UNSPECIFIED.);
#190=B_SPLINE_CURVE_WITH_KNOTS('',3,(#1864,#1865,#1866,#1867,#1868,#1869,
#1870,#1871,#1872,#1873,#1874,#1875,#1876,#1877,#1878,#1879,#1880,#1881,
#1882,#1883,#1884,#1885),.UNSPECIFIED.,.F.,.F.,(4,3,3,3,3,3,3,4),(-54.3575059778852,
-53.9539835455164,-52.9548357020809,-51.9556878586454,-50.9565400152099,
-49.9573921717745,-48.958244328339,-48.0743206707056),.UNSPECIFIED.);
#191=B_SPLINE_CURVE_WITH_KNOTS('',3,(#1886,#1887,#1888,#1889,#1890,#1891,
#1892,#1893,#1894,#1895,#1896,#1897,#1898,#1899,#1900,#1901,#1902,#1903,
#1904,#1905,#1906,#1907),.UNSPECIFIED.,.F.,.F.,(4,3,3,3,3,3,3,4),(45.1050389567181,
45.9608007980325,46.959948641468,47.9590964849035,48.958244328339,49.9573921717745,
50.95654001521,51.3882242638977),.UNSPECIFIED.);
#192=B_SPLINE_CURVE_WITH_KNOTS('',3,(#1912,#1913,#1914,#1915,#1916,#1917,
#1918,#1919,#1920,#1921,#1922,#1923,#1924,#1925,#1926,#1927,#1928,#1929,
#1930,#1931,#1932,#1933),.UNSPECIFIED.,.F.,.F.,(4,3,3,3,3,3,3,4),(-60.6406912850648,
-59.9488706061293,-58.9497227626939,-57.9505749192584,-56.9514270758229,
-55.9522792323874,-54.9531313889519,-54.3575059778852),.UNSPECIFIED.);
#193=B_SPLINE_CURVE_WITH_KNOTS('',3,(#1934,#1935,#1936,#1937,#1938,#1939,
#1940,#1941,#1942,#1943,#1944,#1945,#1946,#1947,#1948,#1949,#1950,#1951,
#1952,#1953,#1954,#1955),.UNSPECIFIED.,.F.,.F.,(4,3,3,3,3,3,3,4),(51.3882242638977,
51.9556878586454,52.9548357020809,53.9539835455164,54.9531313889519,55.9522792323874,
56.9514270758229,57.6714095710773),.UNSPECIFIED.);
#194=B_SPLINE_CURVE_WITH_KNOTS('',3,(#1960,#1961,#1962,#1963,#1964,#1965,
#1966,#1967,#1968,#1969,#1970,#1971,#1972,#1973,#1974,#1975,#1976,#1977,
#1978,#1979,#1980,#1981),.UNSPECIFIED.,.F.,.F.,(4,3,3,3,3,3,3,4),(-66.9238765922444,
-65.9437576667423,-64.9446098233068,-63.9454619798713,-62.9463141364358,
-61.9471662930003,-60.9480184495648,-60.6406912850648),.UNSPECIFIED.);
#195=B_SPLINE_CURVE_WITH_KNOTS('',3,(#1982,#1983,#1984,#1985,#1986,#1987,
#1988,#1989,#1990,#1991,#1992,#1993,#1994,#1995,#1996,#1997,#1998,#1999,
#2000,#2001,#2002,#2003,#2004,#2005,#2006),.UNSPECIFIED.,.F.,.F.,(4,3,3,
3,3,3,3,3,4),(57.6714095710773,57.9505749192584,58.9497227626939,59.9488706061293,
60.9480184495648,61.9471662930003,62.9463141364358,63.9454619798713,63.9545948782569),
 .UNSPECIFIED.);
#196=B_SPLINE_CURVE_WITH_KNOTS('',3,(#2011,#2012,#2013,#2014,#2015,#2016,
#2017,#2018,#2019,#2020,#2021,#2022,#2023,#2024,#2025,#2026,#2027,#2028,
#2029,#2030,#2031,#2032,#2033,#2034,#2035),.UNSPECIFIED.,.F.,.F.,(4,3,3,
3,3,3,3,3,4),(-73.207061899424,-72.9377925707907,-71.9386447273552,-70.9394968839197,
-69.9403490404842,-68.9412011970487,-67.9420533536132,-66.9429055101778,
-66.9238765922444),.UNSPECIFIED.);
#197=B_SPLINE_CURVE_WITH_KNOTS('',3,(#2036,#2037,#2038,#2039,#2040,#2041,
#2042,#2043,#2044,#2045,#2046,#2047,#2048,#2049,#2050,#2051,#2052,#2053,
#2054,#2055,#2056,#2057),.UNSPECIFIED.,.F.,.F.,(4,3,3,3,3,3,3,4),(63.9545948782569,
64.9446098233068,65.9437576667423,66.9429055101778,67.9420533536132,68.9412011970488,
69.9403490404842,70.2377801854364),.UNSPECIFIED.);
#198=B_SPLINE_CURVE_WITH_KNOTS('',3,(#2062,#2063,#2064,#2065,#2066,#2067,
#2068,#2069,#2070,#2071,#2072,#2073,#2074,#2075,#2076,#2077,#2078,#2079,
#2080,#2081,#2082,#2083),.UNSPECIFIED.,.F.,.F.,(4,3,3,3,3,3,3,4),(-79.4902472066036,
-78.9326796314037,-77.9335317879681,-76.9343839445326,-75.9352361010972,
-74.9360882576617,-73.9369404142262,-73.207061899424),.UNSPECIFIED.);
#199=B_SPLINE_CURVE_WITH_KNOTS('',3,(#2084,#2085,#2086,#2087,#2088,#2089,
#2090,#2091,#2092,#2093,#2094,#2095,#2096,#2097,#2098,#2099,#2100,#2101,
#2102,#2103,#2104,#2105),.UNSPECIFIED.,.F.,.F.,(4,3,3,3,3,3,3,4),(70.2377801854364,
70.9394968839197,71.9386447273552,72.9377925707907,73.9369404142262,74.9360882576617,
75.9352361010972,76.520965492616),.UNSPECIFIED.);
#200=B_SPLINE_CURVE_WITH_KNOTS('',3,(#2110,#2111,#2112,#2113,#2114,#2115,
#2116,#2117,#2118,#2119,#2120,#2121,#2122,#2123,#2124,#2125,#2126,#2127,
#2128,#2129,#2130,#2131),.UNSPECIFIED.,.F.,.F.,(4,3,3,3,3,3,3,4),(-85.7734325137832,
-84.9275666920166,-83.9284188485811,-82.9292710051456,-81.9301231617101,
-80.9309753182746,-79.9318274748391,-79.4902472066036),.UNSPECIFIED.);
#201=B_SPLINE_CURVE_WITH_KNOTS('',3,(#2132,#2133,#2134,#2135,#2136,#2137,
#2138,#2139,#2140,#2141,#2142,#2143,#2144,#2145,#2146,#2147,#2148,#2149,
#2150,#2151,#2152,#2153),.UNSPECIFIED.,.F.,.F.,(4,3,3,3,3,3,3,4),(76.520965492616,
76.9343839445327,77.9335317879681,78.9326796314037,79.9318274748392,80.9309753182746,
81.9301231617102,82.8041507997956),.UNSPECIFIED.);
#202=B_SPLINE_CURVE_WITH_KNOTS('',3,(#2158,#2159,#2160,#2161,#2162,#2163,
#2164,#2165,#2166,#2167,#2168,#2169,#2170,#2171,#2172,#2173,#2174,#2175,
#2176,#2177,#2178,#2179,#2180,#2181,#2182),.UNSPECIFIED.,.F.,.F.,(4,3,3,
3,3,3,3,3,4),(-92.0566178209628,-91.921601596065,-90.9224537526295,-89.923305909194,
-88.9241580657585,-87.925010222323,-86.9258623788875,-85.926714535452,-85.7734325137832),
 .UNSPECIFIED.);
#203=B_SPLINE_CURVE_WITH_KNOTS('',3,(#2183,#2184,#2185,#2186,#2187,#2188,
#2189,#2190,#2191,#2192,#2193,#2194,#2195,#2196,#2197,#2198,#2199,#2200,
#2201,#2202,#2203,#2204,#2205,#2206,#2207),.UNSPECIFIED.,.F.,.F.,(4,3,3,
3,3,3,3,3,4),(82.8041507997956,82.9292710051456,83.9284188485811,84.9275666920166,
85.9267145354521,86.9258623788876,87.925010222323,88.9241580657585,89.0873361069752),
 .UNSPECIFIED.);
#204=B_SPLINE_CURVE_WITH_KNOTS('',3,(#2212,#2213,#2214,#2215,#2216,#2217,
#2218,#2219,#2220,#2221,#2222,#2223,#2224,#2225,#2226,#2227,#2228,#2229,
#2230,#2231,#2232,#2233),.UNSPECIFIED.,.F.,.F.,(4,3,3,3,3,3,3,4),(-98.3398031281424,
-97.9164886566779,-96.9173408132424,-95.9181929698069,-94.9190451263714,
-93.919897282936,-92.9207494395005,-92.0566178209628),.UNSPECIFIED.);
#205=B_SPLINE_CURVE_WITH_KNOTS('',3,(#2234,#2235,#2236,#2237,#2238,#2239,
#2240,#2241,#2242,#2243,#2244,#2245,#2246,#2247,#2248,#2249,#2250,#2251,
#2252,#2253,#2254,#2255),.UNSPECIFIED.,.F.,.F.,(4,3,3,3,3,3,3,4),(89.0873361069752,
89.923305909194,90.9224537526295,91.921601596065,92.9207494395005,93.9198972829359,
94.9190451263715,95.3705214141548),.UNSPECIFIED.);
#206=B_SPLINE_CURVE_WITH_KNOTS('',3,(#2260,#2261,#2262,#2263,#2264,#2265,
#2266,#2267,#2268,#2269,#2270,#2271,#2272,#2273,#2274,#2275,#2276,#2277,
#2278,#2279,#2280,#2281),.UNSPECIFIED.,.F.,.F.,(4,3,3,3,3,3,3,4),(-104.622988435322,
-103.911375717291,-102.912227873855,-101.91308003042,-100.913932186984,
-99.9147843435489,-98.9156365001134,-98.3398031281424),.UNSPECIFIED.);
#207=B_SPLINE_CURVE_WITH_KNOTS('',3,(#2282,#2283,#2284,#2285,#2286,#2287,
#2288,#2289,#2290,#2291,#2292,#2293,#2294,#2295,#2296,#2297,#2298,#2299,
#2300,#2301,#2302,#2303),.UNSPECIFIED.,.F.,.F.,(4,3,3,3,3,3,3,4),(95.3705214141548,
95.9181929698069,96.9173408132424,97.9164886566779,98.9156365001134,99.9147843435489,
100.913932186984,101.653706721334),.UNSPECIFIED.);
#208=B_SPLINE_CURVE_WITH_KNOTS('',3,(#2308,#2309,#2310,#2311,#2312,#2313,
#2314,#2315,#2316,#2317,#2318,#2319,#2320,#2321,#2322,#2323,#2324,#2325,
#2326,#2327,#2328,#2329),.UNSPECIFIED.,.F.,.F.,(4,3,3,3,3,3,3,4),(-110.906173742502,
-109.906262777904,-108.907114934468,-107.907967091033,-106.908819247597,
-105.909671404162,-104.910523560726,-104.622988435322),.UNSPECIFIED.);
#209=B_SPLINE_CURVE_WITH_KNOTS('',3,(#2330,#2331,#2332,#2333,#2334,#2335,
#2336,#2337,#2338,#2339,#2340,#2341,#2342,#2343,#2344,#2345,#2346,#2347,
#2348,#2349,#2350,#2351,#2352,#2353,#2354),.UNSPECIFIED.,.F.,.F.,(4,3,3,
3,3,3,3,3,4),(101.653706721334,101.91308003042,102.912227873855,103.911375717291,
104.910523560726,105.909671404162,106.908819247597,107.907967091033,107.936892028514),
 .UNSPECIFIED.);
#210=B_SPLINE_CURVE_WITH_KNOTS('',3,(#2359,#2360,#2361,#2362,#2363,#2364,
#2365,#2366,#2367,#2368,#2369,#2370,#2371,#2372,#2373,#2374,#2375,#2376,
#2377,#2378,#2379,#2380),.UNSPECIFIED.,.F.,.F.,(4,3,3,3,3,3,3,4),(-117.189359049681,
-116.900297681952,-115.901149838517,-114.902001995081,-113.902854151646,
-112.90370630821,-111.904558464775,-110.906173742502),.UNSPECIFIED.);
#211=B_SPLINE_CURVE_WITH_KNOTS('',3,(#2381,#2382,#2383,#2384,#2385,#2386,
#2387,#2388,#2389,#2390,#2391,#2392,#2393,#2394,#2395,#2396,#2397,#2398,
#2399,#2400,#2401,#2402),.UNSPECIFIED.,.F.,.F.,(4,3,3,3,3,3,3,4),(107.936892028514,
108.907114934468,109.906262777904,110.905410621339,111.904558464775,112.90370630821,
113.902854151646,114.220077335694),.UNSPECIFIED.);
#212=B_SPLINE_CURVE_WITH_KNOTS('',3,(#2407,#2408,#2409,#2410,#2411,#2412,
#2413,#2414,#2415,#2416,#2417,#2418,#2419,#2420,#2421,#2422,#2423,#2424,
#2425,#2426,#2427,#2428),.UNSPECIFIED.,.F.,.F.,(4,3,3,3,3,3,3,4),(-123.472544356861,
-122.895184742565,-121.89603689913,-120.896889055694,-119.897741212259,
-118.898593368823,-117.899445525388,-117.189359049681),.UNSPECIFIED.);
#213=B_SPLINE_CURVE_WITH_KNOTS('',3,(#2429,#2430,#2431,#2432,#2433,#2434,
#2435,#2436,#2437,#2438,#2439,#2440,#2441,#2442,#2443,#2444,#2445,#2446,
#2447,#2448,#2449,#2450),.UNSPECIFIED.,.F.,.F.,(4,3,3,3,3,3,3,4),(114.220077335694,
114.902001995081,115.901149838517,116.900297681952,117.899445525388,118.898593368823,
119.897741212259,120.503262642873),.UNSPECIFIED.);
#214=B_SPLINE_CURVE_WITH_KNOTS('',3,(#2455,#2456,#2457,#2458,#2459,#2460,
#2461,#2462,#2463,#2464,#2465,#2466,#2467,#2468,#2469,#2470,#2471,#2472,
#2473,#2474,#2475,#2476),.UNSPECIFIED.,.F.,.F.,(4,3,3,3,3,3,3,4),(-129.75572966404,
-128.890071803178,-127.890923959743,-126.891776116307,-125.892628272872,
-124.893480429436,-123.894332586001,-123.472544356861),.UNSPECIFIED.);
#215=B_SPLINE_CURVE_WITH_KNOTS('',3,(#2477,#2478,#2479,#2480,#2481,#2482,
#2483,#2484,#2485,#2486,#2487,#2488,#2489,#2490,#2491,#2492,#2493,#2494,
#2495,#2496,#2497,#2498),.UNSPECIFIED.,.F.,.F.,(4,3,3,3,3,3,3,4),(120.503262642873,
120.896889055694,121.89603689913,122.895184742565,123.894332586001,124.893480429436,
125.892628272872,126.786447950053),.UNSPECIFIED.);
#216=B_SPLINE_CURVE_WITH_KNOTS('',3,(#2503,#2504,#2505,#2506,#2507,#2508,
#2509,#2510,#2511,#2512,#2513,#2514,#2515,#2516,#2517,#2518,#2519,#2520,
#2521,#2522,#2523,#2524,#2525,#2526,#2527),.UNSPECIFIED.,.F.,.F.,(4,3,3,
3,3,3,3,3,4),(-136.03891497122,-135.884106707227,-134.884958863791,-133.885811020356,
-132.88666317692,-131.887515333485,-130.888367490049,-129.889219646614,
-129.75572966404),.UNSPECIFIED.);
#217=B_SPLINE_CURVE_WITH_KNOTS('',3,(#2528,#2529,#2530,#2531,#2532,#2533,
#2534,#2535,#2536,#2537,#2538,#2539,#2540,#2541,#2542,#2543,#2544,#2545,
#2546,#2547,#2548,#2549,#2550,#2551,#2552),.UNSPECIFIED.,.F.,.F.,(4,3,3,
3,3,3,3,3,4),(126.786447950053,126.891776116307,127.890923959743,128.890071803178,
129.889219646614,130.888367490049,131.887515333485,132.88666317692,133.069633257232),
 .UNSPECIFIED.);
#218=B_SPLINE_CURVE_WITH_KNOTS('',3,(#2557,#2558,#2559,#2560,#2561,#2562,
#2563,#2564,#2565,#2566,#2567,#2568,#2569,#2570,#2571,#2572,#2573,#2574,
#2575,#2576,#2577,#2578),.UNSPECIFIED.,.F.,.F.,(4,3,3,3,3,3,3,4),(-142.322100278399,
-141.878993767839,-140.879845924404,-139.880698080968,-138.881550237533,
-137.882402394098,-136.883254550662,-136.03891497122),.UNSPECIFIED.);
#219=B_SPLINE_CURVE_WITH_KNOTS('',3,(#2579,#2580,#2581,#2582,#2583,#2584,
#2585,#2586,#2587,#2588,#2589,#2590,#2591,#2592,#2593,#2594,#2595,#2596,
#2597,#2598,#2599,#2600),.UNSPECIFIED.,.F.,.F.,(4,3,3,3,3,3,3,4),(133.069633257232,
133.885811020356,134.884958863791,135.884106707226,136.883254550662,137.882402394098,
138.881550237533,139.352818564412),.UNSPECIFIED.);
#220=B_SPLINE_CURVE_WITH_KNOTS('',3,(#2605,#2606,#2607,#2608,#2609,#2610,
#2611,#2612,#2613,#2614,#2615,#2616,#2617,#2618,#2619,#2620,#2621,#2622,
#2623,#2624,#2625,#2626),.UNSPECIFIED.,.F.,.F.,(4,3,3,3,3,3,3,4),(-148.605285585579,
-147.873880828452,-146.874732985017,-145.875585141581,-144.876437298146,
-143.87728945471,-142.878141611275,-142.322100278399),.UNSPECIFIED.);
#221=B_SPLINE_CURVE_WITH_KNOTS('',3,(#2627,#2628,#2629,#2630,#2631,#2632,
#2633,#2634,#2635,#2636,#2637,#2638,#2639,#2640,#2641,#2642,#2643,#2644,
#2645,#2646,#2647,#2648),.UNSPECIFIED.,.F.,.F.,(4,3,3,3,3,3,3,4),(139.352818564412,
139.880698080968,140.879845924404,141.878993767839,142.878141611275,143.87728945471,
144.876437298146,145.636003871591),.UNSPECIFIED.);
#222=B_SPLINE_CURVE_WITH_KNOTS('',3,(#2654,#2655,#2656,#2657,#2658,#2659),
 .UNSPECIFIED.,.F.,.F.,(4,1,1,4),(160.221225333079,160.488968419388,161.488116262824,
162.412387119811),.UNSPECIFIED.);
#223=B_SPLINE_CURVE_WITH_KNOTS('',3,(#2662,#2663,#2664,#2665),
 .UNSPECIFIED.,.F.,.F.,(4,4),(160.221225333079,161.171656199938),
 .UNSPECIFIED.);
#224=B_SPLINE_CURVE_WITH_KNOTS('',3,(#2670,#2671,#2672,#2673,#2674,#2675,
#2676,#2677,#2678,#2679),.UNSPECIFIED.,.F.,.F.,(4,1,1,1,1,1,1,4),(153.9380400259,
154.494081358775,155.493229202211,156.492377045646,157.491524889082,158.490672732517,
159.489820575953,160.221225333079),.UNSPECIFIED.);
#225=B_SPLINE_CURVE_WITH_KNOTS('',3,(#2680,#2681,#2682,#2683,#2684,#2685,
#2686,#2687,#2688,#2689,#2690),.UNSPECIFIED.,.F.,.F.,(4,1,1,1,1,1,1,1,4),
(153.9380400259,154.17762129589,155.176769139325,156.175916982761,157.175064826196,
158.174212669632,159.173360513067,160.172508356503,160.221225333079),
 .UNSPECIFIED.);
#226=B_SPLINE_CURVE_WITH_KNOTS('',3,(#2695,#2696,#2697,#2698,#2699,#2700,
#2701,#2702,#2703,#2704),.UNSPECIFIED.,.F.,.F.,(4,1,1,1,1,1,1,4),(147.65485471872,
148.499194298162,149.498342141598,150.497489985033,151.496637828469,152.495785671904,
153.49493351534,153.9380400259),.UNSPECIFIED.);
#227=B_SPLINE_CURVE_WITH_KNOTS('',3,(#2705,#2706,#2707,#2708,#2709,#2710,
#2711,#2712,#2713,#2714),.UNSPECIFIED.,.F.,.F.,(4,1,1,1,1,1,1,4),(147.65485471872,
148.182734235277,149.181882078712,150.181029922148,151.180177765583,152.179325609019,
153.178473452454,153.9380400259),.UNSPECIFIED.);
#228=B_SPLINE_CURVE_WITH_KNOTS('',3,(#2719,#2720,#2721,#2722,#2723,#2724,
#2725,#2726,#2727,#2728,#2729),.UNSPECIFIED.,.F.,.F.,(4,1,1,1,1,1,1,1,4),
(141.371669411541,141.505159394114,142.50430723755,143.503455080985,144.502602924421,
145.501750767856,146.500898611291,147.500046454727,147.65485471872),
 .UNSPECIFIED.);
#229=B_SPLINE_CURVE_WITH_KNOTS('',3,(#2730,#2731,#2732,#2733,#2734,#2735,
#2736,#2737,#2738,#2739),.UNSPECIFIED.,.F.,.F.,(4,1,1,1,1,1,1,4),(141.371669411541,
142.187847174664,143.186995018099,144.186142861535,145.18529070497,146.184438548406,
147.183586391841,147.65485471872),.UNSPECIFIED.);
#230=B_SPLINE_CURVE_WITH_KNOTS('',3,(#2744,#2745,#2746,#2747,#2748,#2749,
#2750,#2751,#2752,#2753),.UNSPECIFIED.,.F.,.F.,(4,1,1,1,1,1,1,4),(135.088484104361,
135.510272333501,136.509420176937,137.508568020372,138.507715863808,139.506863707243,
140.506011550679,141.371669411541),.UNSPECIFIED.);
#231=B_SPLINE_CURVE_WITH_KNOTS('',3,(#2754,#2755,#2756,#2757,#2758,#2759,
#2760,#2761,#2762,#2763,#2764),.UNSPECIFIED.,.F.,.F.,(4,1,1,1,1,1,1,1,4),
(135.088484104361,135.193812270616,136.192960114051,137.192107957487,138.191255800922,
139.190403644357,140.189551487793,141.188699331228,141.371669411541),
 .UNSPECIFIED.);
#232=B_SPLINE_CURVE_WITH_KNOTS('',3,(#2769,#2770,#2771,#2772,#2773,#2774,
#2775,#2776,#2777,#2778),.UNSPECIFIED.,.F.,.F.,(4,1,1,1,1,1,1,4),(128.805298797182,
129.515385272888,130.514533116324,131.513680959759,132.512828803195,133.51197664663,
134.511124490066,135.088484104361),.UNSPECIFIED.);
#233=B_SPLINE_CURVE_WITH_KNOTS('',3,(#2779,#2780,#2781,#2782,#2783,#2784,
#2785,#2786,#2787,#2788),.UNSPECIFIED.,.F.,.F.,(4,1,1,1,1,1,1,4),(128.805298797182,
129.198925210003,130.198073053438,131.197220896874,132.196368740309,133.195516583745,
134.19466442718,135.088484104361),.UNSPECIFIED.);
#234=B_SPLINE_CURVE_WITH_KNOTS('',3,(#2793,#2794,#2795,#2796,#2797,#2798,
#2799,#2800,#2801,#2802),.UNSPECIFIED.,.F.,.F.,(4,1,1,1,1,1,1,4),(122.522113490002,
123.520498212275,124.519646055711,125.518793899146,126.517941742582,127.517089586017,
128.516237429453,128.805298797182),.UNSPECIFIED.);
#235=B_SPLINE_CURVE_WITH_KNOTS('',3,(#2803,#2804,#2805,#2806,#2807,#2808,
#2809,#2810,#2811,#2812),.UNSPECIFIED.,.F.,.F.,(4,1,1,1,1,1,1,4),(122.522113490002,
123.20403814939,124.203185992825,125.202333836261,126.201481679696,127.200629523132,
128.199777366567,128.805298797182),.UNSPECIFIED.);
#236=B_SPLINE_CURVE_WITH_KNOTS('',3,(#2817,#2818,#2819,#2820,#2821,#2822,
#2823,#2824,#2825,#2826,#2827),.UNSPECIFIED.,.F.,.F.,(4,1,1,1,1,1,1,1,4),
(116.238928182822,116.526463308227,117.525611151662,118.524758995098,119.523906838533,
120.523054681969,121.522202525404,122.52135036884,122.522113490002),
 .UNSPECIFIED.);
#237=B_SPLINE_CURVE_WITH_KNOTS('',3,(#2828,#2829,#2830,#2831,#2832,#2833,
#2834,#2835,#2836,#2837),.UNSPECIFIED.,.F.,.F.,(4,1,1,1,1,1,1,4),(116.238928182822,
117.209151088777,118.208298932212,119.207446775648,120.206594619083,121.205742462519,
122.204890305954,122.522113490002),.UNSPECIFIED.);
#238=B_SPLINE_CURVE_WITH_KNOTS('',3,(#2842,#2843,#2844,#2845,#2846,#2847,
#2848,#2849,#2850,#2851),.UNSPECIFIED.,.F.,.F.,(4,1,1,1,1,1,1,4),(109.955742875643,
110.531576247614,111.530724091049,112.529871934485,113.52901977792,114.528167621356,
115.527315464791,116.238928182822),.UNSPECIFIED.);
#239=B_SPLINE_CURVE_WITH_KNOTS('',3,(#2852,#2853,#2854,#2855,#2856,#2857,
#2858,#2859,#2860,#2861,#2862),.UNSPECIFIED.,.F.,.F.,(4,1,1,1,1,1,1,1,4),
(109.955742875643,110.215116184728,111.214264028164,112.213411871599,113.212559715035,
114.21170755847,115.210855401906,116.210003245341,116.238928182822),
 .UNSPECIFIED.);
#240=B_SPLINE_CURVE_WITH_KNOTS('',3,(#2867,#2868,#2869,#2870,#2871,#2872,
#2873,#2874,#2875,#2876),.UNSPECIFIED.,.F.,.F.,(4,1,1,1,1,1,1,4),(103.672557568463,
104.536689187001,105.535837030436,106.534984873872,107.534132717307,108.533280560743,
109.532428404178,109.955742875643),.UNSPECIFIED.);
#241=B_SPLINE_CURVE_WITH_KNOTS('',3,(#2877,#2878,#2879,#2880,#2881,#2882,
#2883,#2884,#2885,#2886),.UNSPECIFIED.,.F.,.F.,(4,1,1,1,1,1,1,4),(103.672557568463,
104.220229124115,105.219376967551,106.218524810986,107.217672654422,108.216820497857,
109.215968341293,109.955742875643),.UNSPECIFIED.);
#242=B_SPLINE_CURVE_WITH_KNOTS('',3,(#2891,#2892,#2893,#2894,#2895,#2896,
#2897,#2898,#2899,#2900,#2901),.UNSPECIFIED.,.F.,.F.,(4,1,1,1,1,1,1,1,4),
(97.3893722612836,97.5426542829525,98.541802126388,99.5409499698235,100.540097813259,
101.539245656694,102.53839350013,103.537541343565,103.672557568463),
 .UNSPECIFIED.);
#243=B_SPLINE_CURVE_WITH_KNOTS('',3,(#2902,#2903,#2904,#2905,#2906,#2907,
#2908,#2909,#2910,#2911),.UNSPECIFIED.,.F.,.F.,(4,1,1,1,1,1,1,4),(97.3893722612836,
98.2253420635024,99.2244899069379,100.223637750373,101.222785593809,102.221933437244,
103.22108128068,103.672557568463),.UNSPECIFIED.);
#244=B_SPLINE_CURVE_WITH_KNOTS('',3,(#2916,#2917,#2918,#2919,#2920,#2921,
#2922,#2923,#2924,#2925),.UNSPECIFIED.,.F.,.F.,(4,1,1,1,1,1,1,4),(91.106186954104,
91.5477672223396,92.5469150657751,93.5460629092105,94.545210752646,95.5443585960815,
96.543506439517,97.3893722612836),.UNSPECIFIED.);
#245=B_SPLINE_CURVE_WITH_KNOTS('',3,(#2926,#2927,#2928,#2929,#2930,#2931,
#2932,#2933,#2934,#2935,#2936),.UNSPECIFIED.,.F.,.F.,(4,1,1,1,1,1,1,1,4),
(91.106186954104,91.231307159454,92.2304550028895,93.229602846325,94.2287506897605,
95.227898533196,96.2270463766314,97.226194220067,97.3893722612836),
 .UNSPECIFIED.);
#246=B_SPLINE_CURVE_WITH_KNOTS('',3,(#2941,#2942,#2943,#2944,#2945,#2946,
#2947,#2948,#2949,#2950),.UNSPECIFIED.,.F.,.F.,(4,1,1,1,1,1,1,4),(84.8230016469245,
85.5528801617266,86.5520280051621,87.5511758485976,88.5503236920331,89.5494715354686,
90.5486193789041,91.106186954104),.UNSPECIFIED.);
#247=B_SPLINE_CURVE_WITH_KNOTS('',3,(#2951,#2952,#2953,#2954,#2955,#2956,
#2957,#2958,#2959,#2960),.UNSPECIFIED.,.F.,.F.,(4,1,1,1,1,1,1,4),(84.8230016469245,
85.2364200988411,86.2355679422766,87.2347157857121,88.2338636291475,89.233011472583,
90.2321593160185,91.106186954104),.UNSPECIFIED.);
#248=B_SPLINE_CURVE_WITH_KNOTS('',3,(#2965,#2966,#2967,#2968,#2969,#2970,
#2971,#2972,#2973,#2974,#2975),.UNSPECIFIED.,.F.,.F.,(4,1,1,1,1,1,1,1,4),
(78.5398163397449,78.5588452576782,79.5579931011137,80.5571409445492,81.5562887879847,
82.5554366314202,83.5545844748557,84.5537323182912,84.8230016469245),
 .UNSPECIFIED.);
#249=B_SPLINE_CURVE_WITH_KNOTS('',3,(#2976,#2977,#2978,#2979,#2980,#2981,
#2982,#2983,#2984,#2985),.UNSPECIFIED.,.F.,.F.,(4,1,1,1,1,1,1,4),(78.5398163397449,
79.2415330382281,80.2406808816636,81.2398287250991,82.2389765685346,83.2381244119701,
84.2372722554056,84.8230016469245),.UNSPECIFIED.);
#250=B_SPLINE_CURVE_WITH_KNOTS('',3,(#2990,#2991,#2992,#2993,#2994,#2995,
#2996,#2997,#2998,#2999),.UNSPECIFIED.,.F.,.F.,(4,1,1,1,1,1,1,4),(72.2566310325653,
72.5639581970653,73.5631060405008,74.5622538839363,75.5614017273718,76.5605495708072,
77.5596974142427,78.5398163397449),.UNSPECIFIED.);
#251=B_SPLINE_CURVE_WITH_KNOTS('',3,(#3000,#3001,#3002,#3003,#3004,#3005,
#3006,#3007,#3008,#3009),.UNSPECIFIED.,.F.,.F.,(4,1,1,1,1,1,1,4),(72.2566310325653,
73.2466459776152,74.2457938210507,75.2449416644862,76.2440895079217,77.2432373513572,
78.2423851947927,78.5398163397449),.UNSPECIFIED.);
#252=B_SPLINE_CURVE_WITH_KNOTS('',3,(#3014,#3015,#3016,#3017,#3018,#3019,
#3020,#3021,#3022,#3023),.UNSPECIFIED.,.F.,.F.,(4,1,1,1,1,1,1,4),(65.9734457253857,
66.5690711364524,67.5682189798878,68.5673668233233,69.5665146667588,70.5656625101943,
71.5648103536298,72.2566310325653),.UNSPECIFIED.);
#253=B_SPLINE_CURVE_WITH_KNOTS('',3,(#3024,#3025,#3026,#3027,#3028,#3029,
#3030,#3031,#3032,#3033,#3034),.UNSPECIFIED.,.F.,.F.,(4,1,1,1,1,1,1,1,4),
(65.9734457253857,66.2526110735668,67.2517589170023,68.2509067604378,69.2500546038733,
70.2492024473087,71.2483502907442,72.2474981341797,72.2566310325653),
 .UNSPECIFIED.);
#254=B_SPLINE_CURVE_WITH_KNOTS('',3,(#3039,#3040,#3041,#3042,#3043,#3044,
#3045,#3046,#3047,#3048),.UNSPECIFIED.,.F.,.F.,(4,1,1,1,1,1,1,4),(59.6902604182061,
60.5741840758394,61.5733319192749,62.5724797627104,63.5716276061459,64.5707754495814,
65.5699232930169,65.9734457253857),.UNSPECIFIED.);
#255=B_SPLINE_CURVE_WITH_KNOTS('',3,(#3049,#3050,#3051,#3052,#3053,#3054,
#3055,#3056,#3057,#3058),.UNSPECIFIED.,.F.,.F.,(4,1,1,1,1,1,1,4),(59.6902604182061,
60.2577240129539,61.2568718563893,62.2560196998248,63.2551675432603,64.2543153866958,
65.2534632301313,65.9734457253857),.UNSPECIFIED.);
#256=B_SPLINE_CURVE_WITH_KNOTS('',3,(#3063,#3064,#3065,#3066,#3067,#3068,
#3069,#3070,#3071,#3072,#3073),.UNSPECIFIED.,.F.,.F.,(4,1,1,1,1,1,1,1,4),
(53.4070751110265,53.580149171791,54.5792970152265,55.578444858662,56.5775927020975,
57.5767405455329,58.5758883889684,59.5750362324039,59.6902604182061),
 .UNSPECIFIED.);
#257=B_SPLINE_CURVE_WITH_KNOTS('',3,(#3074,#3075,#3076,#3077,#3078,#3079,
#3080,#3081,#3082,#3083),.UNSPECIFIED.,.F.,.F.,(4,1,1,1,1,1,1,4),(53.4070751110265,
54.2628369523409,55.2619847957764,56.2611326392119,57.2602804826474,58.2594283260829,
59.2585761695184,59.6902604182061),.UNSPECIFIED.);
#258=B_SPLINE_CURVE_WITH_KNOTS('',3,(#3088,#3089,#3090,#3091,#3092,#3093,
#3094,#3095,#3096,#3097),.UNSPECIFIED.,.F.,.F.,(4,1,1,1,1,1,1,4),(47.1238898038469,
47.5852621111781,48.5844099546136,49.583557798049,50.5827056414845,51.58185348492,
52.5810013283555,53.4070751110265),.UNSPECIFIED.);
#259=B_SPLINE_CURVE_WITH_KNOTS('',3,(#3098,#3099,#3100,#3101,#3102,#3103,
#3104,#3105,#3106,#3107,#3108),.UNSPECIFIED.,.F.,.F.,(4,1,1,1,1,1,1,1,4),
(47.1238898038469,47.2688020482925,48.267949891728,49.2670977351635,50.266245578599,
51.2653934220344,52.2645412654699,53.2636891089054,53.4070751110265),
 .UNSPECIFIED.);
#260=B_SPLINE_CURVE_WITH_KNOTS('',3,(#3113,#3114,#3115,#3116,#3117,#3118,
#3119,#3120,#3121,#3122),.UNSPECIFIED.,.F.,.F.,(4,1,1,1,1,1,1,4),(40.8407044966673,
41.5903750505651,42.5895228940006,43.5886707374361,44.5878185808716,45.5869664243071,
46.5861142677426,47.1238898038469),.UNSPECIFIED.);
#261=B_SPLINE_CURVE_WITH_KNOTS('',3,(#3123,#3124,#3125,#3126,#3127,#3128,
#3129,#3130,#3131,#3132),.UNSPECIFIED.,.F.,.F.,(4,1,1,1,1,1,1,4),(40.8407044966673,
41.2739149876796,42.273062831115,43.2722106745505,44.271358517986,45.2705063614215,
46.269654204857,47.1238898038469),.UNSPECIFIED.);
#262=B_SPLINE_CURVE_WITH_KNOTS('',3,(#3137,#3138,#3139,#3140,#3141,#3142,
#3143,#3144,#3145,#3146,#3147),.UNSPECIFIED.,.F.,.F.,(4,1,1,1,1,1,1,1,4),
(34.5575191894877,34.5963401465167,35.5954879899522,36.5946358333877,37.5937836768232,
38.5929315202587,39.5920793636942,40.5912272071296,40.8407044966673),
 .UNSPECIFIED.);
#263=B_SPLINE_CURVE_WITH_KNOTS('',3,(#3148,#3149,#3150,#3151,#3152,#3153,
#3154,#3155,#3156,#3157),.UNSPECIFIED.,.F.,.F.,(4,1,1,1,1,1,1,4),(34.5575191894877,
35.2790279270666,36.2781757705021,37.2773236139376,38.2764714573731,39.2756193008086,
40.2747671442441,40.8407044966673),.UNSPECIFIED.);
#264=B_SPLINE_CURVE_WITH_KNOTS('',3,(#3162,#3163,#3164,#3165,#3166,#3167,
#3168,#3169,#3170,#3171),.UNSPECIFIED.,.F.,.F.,(4,1,1,1,1,1,1,4),(28.2743338823081,
28.6014530859038,29.6006009293393,30.5997487727748,31.5988966162102,32.5980444596457,
33.5971923030812,34.5575191894877),.UNSPECIFIED.);
#265=B_SPLINE_CURVE_WITH_KNOTS('',3,(#3172,#3173,#3174,#3175,#3176,#3177,
#3178,#3179,#3180,#3181,#3182),.UNSPECIFIED.,.F.,.F.,(4,1,1,1,1,1,1,1,4),
(28.2743338823081,28.2849930230182,29.2841408664537,30.2832887098892,31.2824365533247,
32.2815843967602,33.2807322401956,34.2798800836311,34.5575191894877),
 .UNSPECIFIED.);
#266=B_SPLINE_CURVE_WITH_KNOTS('',3,(#3187,#3188,#3189,#3190,#3191,#3192,
#3193,#3194,#3195,#3196),.UNSPECIFIED.,.F.,.F.,(4,1,1,1,1,1,1,4),(21.9911485751285,
22.6065660252908,23.6057138687263,24.6048617121618,25.6040095555973,26.6031573990328,
27.6023052424683,28.2743338823081),.UNSPECIFIED.);
#267=B_SPLINE_CURVE_WITH_KNOTS('',3,(#3197,#3198,#3199,#3200,#3201,#3202,
#3203,#3204,#3205,#3206),.UNSPECIFIED.,.F.,.F.,(4,1,1,1,1,1,1,4),(21.9911485751285,
22.2901059624053,23.2892538058408,24.2884016492762,25.2875494927117,26.2866973361472,
27.2858451795827,28.2743338823081),.UNSPECIFIED.);
#268=B_SPLINE_CURVE_WITH_KNOTS('',3,(#3211,#3212,#3213,#3214,#3215,#3216,
#3217,#3218,#3219,#3220),.UNSPECIFIED.,.F.,.F.,(4,1,1,1,1,1,1,4),(15.707963267949,
16.6116789646779,17.6108268081134,18.6099746515489,19.6091224949844,20.6082703384199,
21.6074181818554,21.9911485751285),.UNSPECIFIED.);
#269=B_SPLINE_CURVE_WITH_KNOTS('',3,(#3221,#3222,#3223,#3224,#3225,#3226,
#3227,#3228,#3229,#3230),.UNSPECIFIED.,.F.,.F.,(4,1,1,1,1,1,1,4),(15.707963267949,
16.2952189017923,17.2943667452278,18.2935145886633,19.2926624320988,20.2918102755343,
21.2909581189698,21.9911485751285),.UNSPECIFIED.);
#270=B_SPLINE_CURVE_WITH_KNOTS('',3,(#3856,#3857,#3858,#3859,#3860,#3861,
#3862,#3863,#3864,#3865,#3866,#3867,#3868,#3869,#3870,#3871,#3872,#3873,
#3874,#3875,#3876,#3877,#3878,#3879,#3880,#3881,#3882,#3883,#3884,#3885,
#3886,#3887,#3888,#3889,#3890,#3891,#3892,#3893,#3894,#3895,#3896,#3897,
#3898,#3899,#3900,#3901,#3902,#3903,#3904,#3905,#3906,#3907,#3908,#3909,
#3910,#3911,#3912,#3913,#3914,#3915,#3916,#3917,#3918,#3919,#3920,#3921,
#3922,#3923,#3924,#3925,#3926,#3927,#3928,#3929,#3930,#3931),
 .UNSPECIFIED.,.F.,.F.,(4,3,3,3,3,3,3,3,3,3,3,3,3,3,3,3,3,3,3,3,3,3,3,3,
3,4),(0.,0.0109874364872518,0.0284428313420402,0.0437163018399801,0.0508943265649232,
0.0554381673654594,0.0582948383538679,0.0753265338276787,0.0922354912049141,
0.106834267235075,0.110062408207496,0.126405524836379,0.142236131749565,
0.150630595325559,0.158756532459903,0.161876103630574,0.177810275085685,
0.193848585621518,0.204196486382922,0.211224035943452,0.214442362744571,
0.229989719986615,0.242003616771644,0.246878669894336,0.261755230803543,
0.276631791712749),.UNSPECIFIED.);
#271=B_SPLINE_CURVE_WITH_KNOTS('',3,(#3932,#3933,#3934,#3935,#3936,#3937,
#3938,#3939,#3940,#3941,#3942,#3943,#3944,#3945,#3946,#3947,#3948,#3949,
#3950),.UNSPECIFIED.,.F.,.F.,(4,3,3,3,3,3,4),(145.636003871591,145.875585141581,
146.874732985017,147.873880828452,148.873028671888,149.872176515323,150.79644737231),
 .UNSPECIFIED.);
#272=B_SPLINE_CURVE_WITH_KNOTS('',3,(#3952,#3953,#3954,#3955,#3956,#3957,
#3958,#3959,#3960,#3961,#3962,#3963,#3964,#3965,#3966,#3967,#3968,#3969,
#3970,#3971,#3972,#3973,#3974,#3975,#3976,#3977,#3978,#3979,#3980,#3981,
#3982,#3983,#3984,#3985,#3986,#3987,#3988,#3989,#3990,#3991,#3992,#3993,
#3994,#3995,#3996,#3997,#3998,#3999,#4000,#4001,#4002,#4003,#4004,#4005,
#4006,#4007,#4008,#4009,#4010,#4011,#4012,#4013,#4014,#4015,#4016,#4017,
#4018,#4019,#4020,#4021,#4022,#4023,#4024,#4025,#4026,#4027,#4028,#4029,
#4030,#4031,#4032,#4033,#4034,#4035,#4036),.UNSPECIFIED.,.F.,.F.,(4,3,3,
3,3,3,3,3,3,3,3,3,3,3,3,3,3,3,3,3,3,3,3,3,3,3,3,3,4),(-0.276631791712717,
-0.26767011696606,-0.253057550166153,-0.247349270035494,-0.243978242411924,
-0.228755306890352,-0.217739210766984,-0.213023108170893,-0.209179040816194,
-0.193421490100817,-0.177369552793682,-0.168183799071114,-0.162442307061829,
-0.159556834824234,-0.143028961734617,-0.140626537903411,-0.124682947182469,
-0.116224740904432,-0.111150802286713,-0.107651521702388,-0.091092874053336,
-0.0741758581011223,-0.0647043528429108,-0.0582151631007953,-0.0537833568155233,
-0.0363204589585418,-0.0181602294792709,-0.00111725793451179,0.),
 .UNSPECIFIED.);
#273=B_SPLINE_CURVE_WITH_KNOTS('',3,(#4037,#4038,#4039,#4040,#4041,#4042,
#4043,#4044,#4045),.UNSPECIFIED.,.F.,.F.,(4,1,1,1,1,1,4),(10.3752088276281,
11.2994796846149,12.2986275280504,13.2977753714859,14.2969232149214,15.2960710583568,
15.707963267949),.UNSPECIFIED.);
#274=B_SPLINE_CURVE_WITH_KNOTS('',3,(#4049,#4050,#4051,#4052,#4053,#4054,
#4055,#4056),.UNSPECIFIED.,.F.,.F.,(4,1,1,1,1,4),(11.6159397475005,12.615087590936,
13.6142354343714,14.6133832778069,15.6125311212424,15.707963267949),
 .UNSPECIFIED.);
#275=B_SPLINE_CURVE_WITH_KNOTS('',3,(#4682,#4683,#4684,#4685,#4686,#4687,
#4688,#4689,#4690,#4691,#4692,#4693,#4694,#4695,#4696,#4697,#4698,#4699,
#4700,#4701,#4702,#4703,#4704,#4705,#4706,#4707,#4708,#4709,#4710,#4711,
#4712,#4713,#4714,#4715,#4716,#4717,#4718,#4719,#4720,#4721,#4722,#4723,
#4724,#4725,#4726,#4727,#4728,#4729,#4730,#4731,#4732,#4733,#4734,#4735,
#4736,#4737,#4738,#4739,#4740,#4741,#4742,#4743,#4744,#4745,#4746,#4747,
#4748,#4749,#4750,#4751,#4752,#4753,#4754,#4755,#4756,#4757,#4758,#4759,
#4760),.UNSPECIFIED.,.F.,.F.,(4,3,3,3,3,3,3,3,3,3,3,3,3,3,3,3,3,3,3,3,3,
3,3,3,3,3,4),(0.,0.00893021571946131,0.0233956142243489,0.0374115923511899,
0.0439731295777052,0.0469605060631321,0.0622766365153508,0.0779640916252354,
0.0923539285286959,0.0953281777040092,0.0982341228760016,0.114474143840121,
0.130617959836415,0.135523439239077,0.145214632581751,0.148187277223399,
0.16434073302758,0.18088559490294,0.192695180334682,0.198084673495713,0.201263150906653,
0.218308049436624,0.232571606666687,0.236511821688166,0.240199368053811,
0.257780823205344,0.275362278356876),.UNSPECIFIED.);
#276=B_SPLINE_CURVE_WITH_KNOTS('',3,(#4761,#4762,#4763,#4764,#4765,#4766,
#4767,#4768,#4769,#4770,#4771,#4772,#4773,#4774,#4775,#4776,#4777,#4778,
#4779,#4780,#4781,#4782,#4783,#4784,#4785,#4786,#4787,#4788,#4789,#4790,
#4791,#4792,#4793,#4794,#4795,#4796,#4797,#4798,#4799,#4800,#4801,#4802,
#4803,#4804,#4805,#4806,#4807,#4808,#4809,#4810,#4811,#4812,#4813,#4814,
#4815,#4816,#4817,#4818,#4819,#4820,#4821,#4822,#4823,#4824,#4825,#4826,
#4827,#4828,#4829,#4830,#4831,#4832,#4833,#4834,#4835,#4836,#4837,#4838,
#4839,#4840,#4841,#4842),.UNSPECIFIED.,.F.,.F.,(4,3,3,3,3,3,3,3,3,3,3,3,
3,3,3,3,3,3,3,3,3,3,3,3,3,3,3,4),(-0.275362278356892,-0.264427089989627,
-0.247069377450603,-0.237952674817352,-0.234253377870795,-0.2170517847855,
-0.205615985396991,-0.200846242964884,-0.196785712232228,-0.180033544426067,
-0.163703279837724,-0.15416880729765,-0.147905153898005,-0.144156472916903,
-0.12830503491091,-0.125565389677429,-0.109470296085647,-0.10172261395657,
-0.0972595894191685,-0.0934383919017616,-0.0776748483419321,-0.06197241801993,
-0.0536060954898252,-0.0484020063319671,-0.0447390769417944,-0.0296311478475824,
-0.0148155739237912,0.),.UNSPECIFIED.);
#277=B_SPLINE_CURVE_WITH_KNOTS('',3,(#4843,#4844,#4845,#4846,#4847,#4848,
#4849,#4850,#4851,#4852,#4853,#4854,#4855,#4856,#4857,#4858),
 .UNSPECIFIED.,.F.,.F.,(4,3,3,3,3,4),(-152.86962004563,-151.870472202194,
-150.871324358759,-149.872176515323,-148.873028671888,-148.605285585579),
 .UNSPECIFIED.);
#278=LINE('',#1491,#345);
#279=LINE('',#1515,#346);
#280=LINE('',#1563,#347);
#281=LINE('',#1611,#348);
#282=LINE('',#1659,#349);
#283=LINE('',#1713,#350);
#284=LINE('',#1761,#351);
#285=LINE('',#1809,#352);
#286=LINE('',#1863,#353);
#287=LINE('',#1911,#354);
#288=LINE('',#1959,#355);
#289=LINE('',#2010,#356);
#290=LINE('',#2061,#357);
#291=LINE('',#2109,#358);
#292=LINE('',#2157,#359);
#293=LINE('',#2211,#360);
#294=LINE('',#2259,#361);
#295=LINE('',#2307,#362);
#296=LINE('',#2358,#363);
#297=LINE('',#2406,#364);
#298=LINE('',#2454,#365);
#299=LINE('',#2502,#366);
#300=LINE('',#2556,#367);
#301=LINE('',#2604,#368);
#302=LINE('',#2652,#369);
#303=LINE('',#2669,#370);
#304=LINE('',#2694,#371);
#305=LINE('',#2718,#372);
#306=LINE('',#2743,#373);
#307=LINE('',#2768,#374);
#308=LINE('',#2792,#375);
#309=LINE('',#2816,#376);
#310=LINE('',#2841,#377);
#311=LINE('',#2866,#378);
#312=LINE('',#2890,#379);
#313=LINE('',#2915,#380);
#314=LINE('',#2940,#381);
#315=LINE('',#2964,#382);
#316=LINE('',#2989,#383);
#317=LINE('',#3013,#384);
#318=LINE('',#3038,#385);
#319=LINE('',#3062,#386);
#320=LINE('',#3087,#387);
#321=LINE('',#3112,#388);
#322=LINE('',#3136,#389);
#323=LINE('',#3161,#390);
#324=LINE('',#3186,#391);
#325=LINE('',#3210,#392);
#326=LINE('',#4872,#393);
#327=LINE('',#4874,#394);
#328=LINE('',#4876,#395);
#329=LINE('',#4877,#396);
#330=LINE('',#4880,#397);
#331=LINE('',#4882,#398);
#332=LINE('',#4883,#399);
#333=LINE('',#4886,#400);
#334=LINE('',#4888,#401);
#335=LINE('',#4889,#402);
#336=LINE('',#4892,#403);
#337=LINE('',#4894,#404);
#338=LINE('',#4895,#405);
#339=LINE('',#4898,#406);
#340=LINE('',#4900,#407);
#341=LINE('',#4901,#408);
#342=LINE('',#4903,#409);
#343=LINE('',#4904,#410);
#344=LINE('',#4910,#411);
#345=VECTOR('',#1278,0.5);
#346=VECTOR('',#1283,0.5);
#347=VECTOR('',#1286,0.5);
#348=VECTOR('',#1289,0.5);
#349=VECTOR('',#1292,0.5);
#350=VECTOR('',#1295,0.5);
#351=VECTOR('',#1298,0.5);
#352=VECTOR('',#1301,0.5);
#353=VECTOR('',#1304,0.5);
#354=VECTOR('',#1307,0.5);
#355=VECTOR('',#1310,0.5);
#356=VECTOR('',#1313,0.5);
#357=VECTOR('',#1316,0.5);
#358=VECTOR('',#1319,0.5);
#359=VECTOR('',#1322,0.5);
#360=VECTOR('',#1325,0.5);
#361=VECTOR('',#1328,0.5);
#362=VECTOR('',#1331,0.5);
#363=VECTOR('',#1334,0.5);
#364=VECTOR('',#1337,0.5);
#365=VECTOR('',#1340,0.5);
#366=VECTOR('',#1343,0.5);
#367=VECTOR('',#1346,0.5);
#368=VECTOR('',#1349,0.5);
#369=VECTOR('',#1352,1.17775);
#370=VECTOR('',#1357,1.17775);
#371=VECTOR('',#1360,1.17775);
#372=VECTOR('',#1363,1.17775);
#373=VECTOR('',#1366,1.17775);
#374=VECTOR('',#1369,1.17775);
#375=VECTOR('',#1372,1.17775);
#376=VECTOR('',#1375,1.17775);
#377=VECTOR('',#1378,1.17775);
#378=VECTOR('',#1381,1.17775);
#379=VECTOR('',#1384,1.17775);
#380=VECTOR('',#1387,1.17775);
#381=VECTOR('',#1390,1.17775);
#382=VECTOR('',#1393,1.17775);
#383=VECTOR('',#1396,1.17775);
#384=VECTOR('',#1399,1.17775);
#385=VECTOR('',#1402,1.17775);
#386=VECTOR('',#1405,1.17775);
#387=VECTOR('',#1408,1.17775);
#388=VECTOR('',#1411,1.17775);
#389=VECTOR('',#1414,1.17775);
#390=VECTOR('',#1417,1.17775);
#391=VECTOR('',#1420,1.17775);
#392=VECTOR('',#1423,1.17775);
#393=VECTOR('',#1446,10.);
#394=VECTOR('',#1447,10.);
#395=VECTOR('',#1448,10.);
#396=VECTOR('',#1449,10.);
#397=VECTOR('',#1452,10.);
#398=VECTOR('',#1453,10.);
#399=VECTOR('',#1454,10.);
#400=VECTOR('',#1457,10.);
#401=VECTOR('',#1458,10.);
#402=VECTOR('',#1459,10.);
#403=VECTOR('',#1462,10.);
#404=VECTOR('',#1463,10.);
#405=VECTOR('',#1464,10.);
#406=VECTOR('',#1467,10.);
#407=VECTOR('',#1468,10.);
#408=VECTOR('',#1469,10.);
#409=VECTOR('',#1472,10.);
#410=VECTOR('',#1473,10.);
#411=VECTOR('',#1480,2.75);
#412=VERTEX_POINT('',#1489);
#413=VERTEX_POINT('',#1490);
#414=VERTEX_POINT('',#1492);
#415=VERTEX_POINT('',#1503);
#416=VERTEX_POINT('',#1513);
#417=VERTEX_POINT('',#1514);
#418=VERTEX_POINT('',#1561);
#419=VERTEX_POINT('',#1562);
#420=VERTEX_POINT('',#1609);
#421=VERTEX_POINT('',#1610);
#422=VERTEX_POINT('',#1657);
#423=VERTEX_POINT('',#1658);
#424=VERTEX_POINT('',#1711);
#425=VERTEX_POINT('',#1712);
#426=VERTEX_POINT('',#1759);
#427=VERTEX_POINT('',#1760);
#428=VERTEX_POINT('',#1807);
#429=VERTEX_POINT('',#1808);
#430=VERTEX_POINT('',#1861);
#431=VERTEX_POINT('',#1862);
#432=VERTEX_POINT('',#1909);
#433=VERTEX_POINT('',#1910);
#434=VERTEX_POINT('',#1957);
#435=VERTEX_POINT('',#1958);
#436=VERTEX_POINT('',#2008);
#437=VERTEX_POINT('',#2009);
#438=VERTEX_POINT('',#2059);
#439=VERTEX_POINT('',#2060);
#440=VERTEX_POINT('',#2107);
#441=VERTEX_POINT('',#2108);
#442=VERTEX_POINT('',#2155);
#443=VERTEX_POINT('',#2156);
#444=VERTEX_POINT('',#2209);
#445=VERTEX_POINT('',#2210);
#446=VERTEX_POINT('',#2257);
#447=VERTEX_POINT('',#2258);
#448=VERTEX_POINT('',#2305);
#449=VERTEX_POINT('',#2306);
#450=VERTEX_POINT('',#2356);
#451=VERTEX_POINT('',#2357);
#452=VERTEX_POINT('',#2404);
#453=VERTEX_POINT('',#2405);
#454=VERTEX_POINT('',#2452);
#455=VERTEX_POINT('',#2453);
#456=VERTEX_POINT('',#2500);
#457=VERTEX_POINT('',#2501);
#458=VERTEX_POINT('',#2554);
#459=VERTEX_POINT('',#2555);
#460=VERTEX_POINT('',#2602);
#461=VERTEX_POINT('',#2603);
#462=VERTEX_POINT('',#2650);
#463=VERTEX_POINT('',#2651);
#464=VERTEX_POINT('',#2653);
#465=VERTEX_POINT('',#2660);
#466=VERTEX_POINT('',#2667);
#467=VERTEX_POINT('',#2668);
#468=VERTEX_POINT('',#2692);
#469=VERTEX_POINT('',#2693);
#470=VERTEX_POINT('',#2716);
#471=VERTEX_POINT('',#2717);
#472=VERTEX_POINT('',#2741);
#473=VERTEX_POINT('',#2742);
#474=VERTEX_POINT('',#2766);
#475=VERTEX_POINT('',#2767);
#476=VERTEX_POINT('',#2790);
#477=VERTEX_POINT('',#2791);
#478=VERTEX_POINT('',#2814);
#479=VERTEX_POINT('',#2815);
#480=VERTEX_POINT('',#2839);
#481=VERTEX_POINT('',#2840);
#482=VERTEX_POINT('',#2864);
#483=VERTEX_POINT('',#2865);
#484=VERTEX_POINT('',#2888);
#485=VERTEX_POINT('',#2889);
#486=VERTEX_POINT('',#2913);
#487=VERTEX_POINT('',#2914);
#488=VERTEX_POINT('',#2938);
#489=VERTEX_POINT('',#2939);
#490=VERTEX_POINT('',#2962);
#491=VERTEX_POINT('',#2963);
#492=VERTEX_POINT('',#2987);
#493=VERTEX_POINT('',#2988);
#494=VERTEX_POINT('',#3011);
#495=VERTEX_POINT('',#3012);
#496=VERTEX_POINT('',#3036);
#497=VERTEX_POINT('',#3037);
#498=VERTEX_POINT('',#3060);
#499=VERTEX_POINT('',#3061);
#500=VERTEX_POINT('',#3085);
#501=VERTEX_POINT('',#3086);
#502=VERTEX_POINT('',#3110);
#503=VERTEX_POINT('',#3111);
#504=VERTEX_POINT('',#3134);
#505=VERTEX_POINT('',#3135);
#506=VERTEX_POINT('',#3159);
#507=VERTEX_POINT('',#3160);
#508=VERTEX_POINT('',#3184);
#509=VERTEX_POINT('',#3185);
#510=VERTEX_POINT('',#3208);
#511=VERTEX_POINT('',#3209);
#512=VERTEX_POINT('',#3855);
#513=VERTEX_POINT('',#3951);
#514=VERTEX_POINT('',#4047);
#515=VERTEX_POINT('',#4681);
#516=VERTEX_POINT('',#4862);
#517=VERTEX_POINT('',#4864);
#518=VERTEX_POINT('',#4870);
#519=VERTEX_POINT('',#4871);
#520=VERTEX_POINT('',#4873);
#521=VERTEX_POINT('',#4875);
#522=VERTEX_POINT('',#4879);
#523=VERTEX_POINT('',#4881);
#524=VERTEX_POINT('',#4885);
#525=VERTEX_POINT('',#4887);
#526=VERTEX_POINT('',#4891);
#527=VERTEX_POINT('',#4893);
#528=VERTEX_POINT('',#4897);
#529=VERTEX_POINT('',#4899);
#530=VERTEX_POINT('',#4907);
#531=VERTEX_POINT('',#4909);
#532=EDGE_CURVE('',#412,#413,#278,.T.);
#533=EDGE_CURVE('',#412,#414,#174,.T.);
#534=EDGE_CURVE('',#415,#414,#165,.F.);
#535=EDGE_CURVE('',#415,#413,#175,.T.);
#536=EDGE_CURVE('',#416,#417,#279,.T.);
#537=EDGE_CURVE('',#416,#412,#176,.T.);
#538=EDGE_CURVE('',#413,#417,#177,.T.);
#539=EDGE_CURVE('',#418,#419,#280,.T.);
#540=EDGE_CURVE('',#418,#416,#178,.T.);
#541=EDGE_CURVE('',#417,#419,#179,.T.);
#542=EDGE_CURVE('',#420,#421,#281,.T.);
#543=EDGE_CURVE('',#420,#418,#180,.T.);
#544=EDGE_CURVE('',#419,#421,#181,.T.);
#545=EDGE_CURVE('',#422,#423,#282,.T.);
#546=EDGE_CURVE('',#422,#420,#182,.T.);
#547=EDGE_CURVE('',#421,#423,#183,.T.);
#548=EDGE_CURVE('',#424,#425,#283,.T.);
#549=EDGE_CURVE('',#424,#422,#184,.T.);
#550=EDGE_CURVE('',#423,#425,#185,.T.);
#551=EDGE_CURVE('',#426,#427,#284,.T.);
#552=EDGE_CURVE('',#426,#424,#186,.T.);
#553=EDGE_CURVE('',#425,#427,#187,.T.);
#554=EDGE_CURVE('',#428,#429,#285,.T.);
#555=EDGE_CURVE('',#428,#426,#188,.T.);
#556=EDGE_CURVE('',#427,#429,#189,.T.);
#557=EDGE_CURVE('',#430,#431,#286,.T.);
#558=EDGE_CURVE('',#430,#428,#190,.T.);
#559=EDGE_CURVE('',#429,#431,#191,.T.);
#560=EDGE_CURVE('',#432,#433,#287,.T.);
#561=EDGE_CURVE('',#432,#430,#192,.T.);
#562=EDGE_CURVE('',#431,#433,#193,.T.);
#563=EDGE_CURVE('',#434,#435,#288,.T.);
#564=EDGE_CURVE('',#434,#432,#194,.T.);
#565=EDGE_CURVE('',#433,#435,#195,.T.);
#566=EDGE_CURVE('',#436,#437,#289,.T.);
#567=EDGE_CURVE('',#436,#434,#196,.T.);
#568=EDGE_CURVE('',#435,#437,#197,.T.);
#569=EDGE_CURVE('',#438,#439,#290,.T.);
#570=EDGE_CURVE('',#438,#436,#198,.T.);
#571=EDGE_CURVE('',#437,#439,#199,.T.);
#572=EDGE_CURVE('',#440,#441,#291,.T.);
#573=EDGE_CURVE('',#440,#438,#200,.T.);
#574=EDGE_CURVE('',#439,#441,#201,.T.);
#575=EDGE_CURVE('',#442,#443,#292,.T.);
#576=EDGE_CURVE('',#442,#440,#202,.T.);
#577=EDGE_CURVE('',#441,#443,#203,.T.);
#578=EDGE_CURVE('',#444,#445,#293,.T.);
#579=EDGE_CURVE('',#444,#442,#204,.T.);
#580=EDGE_CURVE('',#443,#445,#205,.T.);
#581=EDGE_CURVE('',#446,#447,#294,.T.);
#582=EDGE_CURVE('',#446,#444,#206,.T.);
#583=EDGE_CURVE('',#445,#447,#207,.T.);
#584=EDGE_CURVE('',#448,#449,#295,.T.);
#585=EDGE_CURVE('',#448,#446,#208,.T.);
#586=EDGE_CURVE('',#447,#449,#209,.T.);
#587=EDGE_CURVE('',#450,#451,#296,.T.);
#588=EDGE_CURVE('',#450,#448,#210,.T.);
#589=EDGE_CURVE('',#449,#451,#211,.T.);
#590=EDGE_CURVE('',#452,#453,#297,.T.);
#591=EDGE_CURVE('',#452,#450,#212,.T.);
#592=EDGE_CURVE('',#451,#453,#213,.T.);
#593=EDGE_CURVE('',#454,#455,#298,.T.);
#594=EDGE_CURVE('',#454,#452,#214,.T.);
#595=EDGE_CURVE('',#453,#455,#215,.T.);
#596=EDGE_CURVE('',#456,#457,#299,.T.);
#597=EDGE_CURVE('',#456,#454,#216,.T.);
#598=EDGE_CURVE('',#455,#457,#217,.T.);
#599=EDGE_CURVE('',#458,#459,#300,.T.);
#600=EDGE_CURVE('',#458,#456,#218,.T.);
#601=EDGE_CURVE('',#457,#459,#219,.T.);
#602=EDGE_CURVE('',#460,#461,#301,.T.);
#603=EDGE_CURVE('',#460,#458,#220,.T.);
#604=EDGE_CURVE('',#459,#461,#221,.T.);
#605=EDGE_CURVE('',#462,#463,#302,.T.);
#606=EDGE_CURVE('',#462,#464,#222,.T.);
#607=EDGE_CURVE('',#465,#464,#166,.T.);
#608=EDGE_CURVE('',#463,#465,#223,.T.);
#609=EDGE_CURVE('',#466,#467,#303,.T.);
#610=EDGE_CURVE('',#466,#462,#224,.T.);
#611=EDGE_CURVE('',#467,#463,#225,.T.);
#612=EDGE_CURVE('',#468,#469,#304,.T.);
#613=EDGE_CURVE('',#468,#466,#226,.T.);
#614=EDGE_CURVE('',#469,#467,#227,.T.);
#615=EDGE_CURVE('',#470,#471,#305,.T.);
#616=EDGE_CURVE('',#470,#468,#228,.T.);
#617=EDGE_CURVE('',#471,#469,#229,.T.);
#618=EDGE_CURVE('',#472,#473,#306,.T.);
#619=EDGE_CURVE('',#472,#470,#230,.T.);
#620=EDGE_CURVE('',#473,#471,#231,.T.);
#621=EDGE_CURVE('',#474,#475,#307,.T.);
#622=EDGE_CURVE('',#474,#472,#232,.T.);
#623=EDGE_CURVE('',#475,#473,#233,.T.);
#624=EDGE_CURVE('',#476,#477,#308,.T.);
#625=EDGE_CURVE('',#476,#474,#234,.T.);
#626=EDGE_CURVE('',#477,#475,#235,.T.);
#627=EDGE_CURVE('',#478,#479,#309,.T.);
#628=EDGE_CURVE('',#478,#476,#236,.T.);
#629=EDGE_CURVE('',#479,#477,#237,.T.);
#630=EDGE_CURVE('',#480,#481,#310,.T.);
#631=EDGE_CURVE('',#480,#478,#238,.T.);
#632=EDGE_CURVE('',#481,#479,#239,.T.);
#633=EDGE_CURVE('',#482,#483,#311,.T.);
#634=EDGE_CURVE('',#482,#480,#240,.T.);
#635=EDGE_CURVE('',#483,#481,#241,.T.);
#636=EDGE_CURVE('',#484,#485,#312,.T.);
#637=EDGE_CURVE('',#484,#482,#242,.T.);
#638=EDGE_CURVE('',#485,#483,#243,.T.);
#639=EDGE_CURVE('',#486,#487,#313,.T.);
#640=EDGE_CURVE('',#486,#484,#244,.T.);
#641=EDGE_CURVE('',#487,#485,#245,.T.);
#642=EDGE_CURVE('',#488,#489,#314,.T.);
#643=EDGE_CURVE('',#488,#486,#246,.T.);
#644=EDGE_CURVE('',#489,#487,#247,.T.);
#645=EDGE_CURVE('',#490,#491,#315,.T.);
#646=EDGE_CURVE('',#490,#488,#248,.T.);
#647=EDGE_CURVE('',#491,#489,#249,.T.);
#648=EDGE_CURVE('',#492,#493,#316,.T.);
#649=EDGE_CURVE('',#492,#490,#250,.T.);
#650=EDGE_CURVE('',#493,#491,#251,.T.);
#651=EDGE_CURVE('',#494,#495,#317,.T.);
#652=EDGE_CURVE('',#494,#492,#252,.T.);
#653=EDGE_CURVE('',#495,#493,#253,.T.);
#654=EDGE_CURVE('',#496,#497,#318,.T.);
#655=EDGE_CURVE('',#496,#494,#254,.T.);
#656=EDGE_CURVE('',#497,#495,#255,.T.);
#657=EDGE_CURVE('',#498,#499,#319,.T.);
#658=EDGE_CURVE('',#498,#496,#256,.T.);
#659=EDGE_CURVE('',#499,#497,#257,.T.);
#660=EDGE_CURVE('',#500,#501,#320,.T.);
#661=EDGE_CURVE('',#500,#498,#258,.T.);
#662=EDGE_CURVE('',#501,#499,#259,.T.);
#663=EDGE_CURVE('',#502,#503,#321,.T.);
#664=EDGE_CURVE('',#502,#500,#260,.T.);
#665=EDGE_CURVE('',#503,#501,#261,.T.);
#666=EDGE_CURVE('',#504,#505,#322,.T.);
#667=EDGE_CURVE('',#504,#502,#262,.T.);
#668=EDGE_CURVE('',#505,#503,#263,.T.);
#669=EDGE_CURVE('',#506,#507,#323,.T.);
#670=EDGE_CURVE('',#506,#504,#264,.T.);
#671=EDGE_CURVE('',#507,#505,#265,.T.);
#672=EDGE_CURVE('',#508,#509,#324,.T.);
#673=EDGE_CURVE('',#508,#506,#266,.T.);
#674=EDGE_CURVE('',#509,#507,#267,.T.);
#675=EDGE_CURVE('',#510,#511,#325,.T.);
#676=EDGE_CURVE('',#510,#508,#268,.T.);
#677=EDGE_CURVE('',#511,#509,#269,.T.);
#678=EDGE_CURVE('',#512,#465,#270,.T.);
#679=EDGE_CURVE('',#461,#512,#271,.T.);
#680=EDGE_CURVE('',#513,#415,#272,.T.);
#681=EDGE_CURVE('',#513,#511,#273,.T.);
#682=EDGE_CURVE('',#514,#513,#167,.T.);
#683=EDGE_CURVE('',#514,#510,#274,.T.);
#684=EDGE_CURVE('',#464,#515,#275,.T.);
#685=EDGE_CURVE('',#414,#514,#276,.T.);
#686=EDGE_CURVE('',#515,#460,#277,.T.);
#687=EDGE_CURVE('',#515,#512,#168,.F.);
#688=EDGE_CURVE('',#516,#516,#169,.T.);
#689=EDGE_CURVE('',#516,#517,#170,.T.);
#690=EDGE_CURVE('',#517,#517,#171,.T.);
#691=EDGE_CURVE('',#518,#519,#326,.T.);
#692=EDGE_CURVE('',#518,#520,#327,.T.);
#693=EDGE_CURVE('',#520,#521,#328,.T.);
#694=EDGE_CURVE('',#519,#521,#329,.T.);
#695=EDGE_CURVE('',#522,#518,#330,.T.);
#696=EDGE_CURVE('',#522,#523,#331,.T.);
#697=EDGE_CURVE('',#523,#520,#332,.T.);
#698=EDGE_CURVE('',#524,#522,#333,.T.);
#699=EDGE_CURVE('',#524,#525,#334,.T.);
#700=EDGE_CURVE('',#525,#523,#335,.T.);
#701=EDGE_CURVE('',#526,#524,#336,.T.);
#702=EDGE_CURVE('',#526,#527,#337,.T.);
#703=EDGE_CURVE('',#527,#525,#338,.T.);
#704=EDGE_CURVE('',#528,#526,#339,.T.);
#705=EDGE_CURVE('',#528,#529,#340,.T.);
#706=EDGE_CURVE('',#529,#527,#341,.T.);
#707=EDGE_CURVE('',#519,#528,#342,.T.);
#708=EDGE_CURVE('',#521,#529,#343,.T.);
#709=EDGE_CURVE('',#530,#530,#172,.T.);
#710=EDGE_CURVE('',#530,#531,#344,.T.);
#711=EDGE_CURVE('',#531,#531,#173,.T.);
#712=ORIENTED_EDGE('',*,*,#532,.F.);
#713=ORIENTED_EDGE('',*,*,#533,.T.);
#714=ORIENTED_EDGE('',*,*,#534,.F.);
#715=ORIENTED_EDGE('',*,*,#535,.T.);
#716=ORIENTED_EDGE('',*,*,#536,.F.);
#717=ORIENTED_EDGE('',*,*,#537,.T.);
#718=ORIENTED_EDGE('',*,*,#532,.T.);
#719=ORIENTED_EDGE('',*,*,#538,.T.);
#720=ORIENTED_EDGE('',*,*,#539,.F.);
#721=ORIENTED_EDGE('',*,*,#540,.T.);
#722=ORIENTED_EDGE('',*,*,#536,.T.);
#723=ORIENTED_EDGE('',*,*,#541,.T.);
#724=ORIENTED_EDGE('',*,*,#542,.F.);
#725=ORIENTED_EDGE('',*,*,#543,.T.);
#726=ORIENTED_EDGE('',*,*,#539,.T.);
#727=ORIENTED_EDGE('',*,*,#544,.T.);
#728=ORIENTED_EDGE('',*,*,#545,.F.);
#729=ORIENTED_EDGE('',*,*,#546,.T.);
#730=ORIENTED_EDGE('',*,*,#542,.T.);
#731=ORIENTED_EDGE('',*,*,#547,.T.);
#732=ORIENTED_EDGE('',*,*,#548,.F.);
#733=ORIENTED_EDGE('',*,*,#549,.T.);
#734=ORIENTED_EDGE('',*,*,#545,.T.);
#735=ORIENTED_EDGE('',*,*,#550,.T.);
#736=ORIENTED_EDGE('',*,*,#551,.F.);
#737=ORIENTED_EDGE('',*,*,#552,.T.);
#738=ORIENTED_EDGE('',*,*,#548,.T.);
#739=ORIENTED_EDGE('',*,*,#553,.T.);
#740=ORIENTED_EDGE('',*,*,#554,.F.);
#741=ORIENTED_EDGE('',*,*,#555,.T.);
#742=ORIENTED_EDGE('',*,*,#551,.T.);
#743=ORIENTED_EDGE('',*,*,#556,.T.);
#744=ORIENTED_EDGE('',*,*,#557,.F.);
#745=ORIENTED_EDGE('',*,*,#558,.T.);
#746=ORIENTED_EDGE('',*,*,#554,.T.);
#747=ORIENTED_EDGE('',*,*,#559,.T.);
#748=ORIENTED_EDGE('',*,*,#560,.F.);
#749=ORIENTED_EDGE('',*,*,#561,.T.);
#750=ORIENTED_EDGE('',*,*,#557,.T.);
#751=ORIENTED_EDGE('',*,*,#562,.T.);
#752=ORIENTED_EDGE('',*,*,#563,.F.);
#753=ORIENTED_EDGE('',*,*,#564,.T.);
#754=ORIENTED_EDGE('',*,*,#560,.T.);
#755=ORIENTED_EDGE('',*,*,#565,.T.);
#756=ORIENTED_EDGE('',*,*,#566,.F.);
#757=ORIENTED_EDGE('',*,*,#567,.T.);
#758=ORIENTED_EDGE('',*,*,#563,.T.);
#759=ORIENTED_EDGE('',*,*,#568,.T.);
#760=ORIENTED_EDGE('',*,*,#569,.F.);
#761=ORIENTED_EDGE('',*,*,#570,.T.);
#762=ORIENTED_EDGE('',*,*,#566,.T.);
#763=ORIENTED_EDGE('',*,*,#571,.T.);
#764=ORIENTED_EDGE('',*,*,#572,.F.);
#765=ORIENTED_EDGE('',*,*,#573,.T.);
#766=ORIENTED_EDGE('',*,*,#569,.T.);
#767=ORIENTED_EDGE('',*,*,#574,.T.);
#768=ORIENTED_EDGE('',*,*,#575,.F.);
#769=ORIENTED_EDGE('',*,*,#576,.T.);
#770=ORIENTED_EDGE('',*,*,#572,.T.);
#771=ORIENTED_EDGE('',*,*,#577,.T.);
#772=ORIENTED_EDGE('',*,*,#578,.F.);
#773=ORIENTED_EDGE('',*,*,#579,.T.);
#774=ORIENTED_EDGE('',*,*,#575,.T.);
#775=ORIENTED_EDGE('',*,*,#580,.T.);
#776=ORIENTED_EDGE('',*,*,#581,.F.);
#777=ORIENTED_EDGE('',*,*,#582,.T.);
#778=ORIENTED_EDGE('',*,*,#578,.T.);
#779=ORIENTED_EDGE('',*,*,#583,.T.);
#780=ORIENTED_EDGE('',*,*,#584,.F.);
#781=ORIENTED_EDGE('',*,*,#585,.T.);
#782=ORIENTED_EDGE('',*,*,#581,.T.);
#783=ORIENTED_EDGE('',*,*,#586,.T.);
#784=ORIENTED_EDGE('',*,*,#587,.F.);
#785=ORIENTED_EDGE('',*,*,#588,.T.);
#786=ORIENTED_EDGE('',*,*,#584,.T.);
#787=ORIENTED_EDGE('',*,*,#589,.T.);
#788=ORIENTED_EDGE('',*,*,#590,.F.);
#789=ORIENTED_EDGE('',*,*,#591,.T.);
#790=ORIENTED_EDGE('',*,*,#587,.T.);
#791=ORIENTED_EDGE('',*,*,#592,.T.);
#792=ORIENTED_EDGE('',*,*,#593,.F.);
#793=ORIENTED_EDGE('',*,*,#594,.T.);
#794=ORIENTED_EDGE('',*,*,#590,.T.);
#795=ORIENTED_EDGE('',*,*,#595,.T.);
#796=ORIENTED_EDGE('',*,*,#596,.F.);
#797=ORIENTED_EDGE('',*,*,#597,.T.);
#798=ORIENTED_EDGE('',*,*,#593,.T.);
#799=ORIENTED_EDGE('',*,*,#598,.T.);
#800=ORIENTED_EDGE('',*,*,#599,.F.);
#801=ORIENTED_EDGE('',*,*,#600,.T.);
#802=ORIENTED_EDGE('',*,*,#596,.T.);
#803=ORIENTED_EDGE('',*,*,#601,.T.);
#804=ORIENTED_EDGE('',*,*,#602,.F.);
#805=ORIENTED_EDGE('',*,*,#603,.T.);
#806=ORIENTED_EDGE('',*,*,#599,.T.);
#807=ORIENTED_EDGE('',*,*,#604,.T.);
#808=ORIENTED_EDGE('',*,*,#605,.F.);
#809=ORIENTED_EDGE('',*,*,#606,.T.);
#810=ORIENTED_EDGE('',*,*,#607,.F.);
#811=ORIENTED_EDGE('',*,*,#608,.F.);
#812=ORIENTED_EDGE('',*,*,#609,.F.);
#813=ORIENTED_EDGE('',*,*,#610,.T.);
#814=ORIENTED_EDGE('',*,*,#605,.T.);
#815=ORIENTED_EDGE('',*,*,#611,.F.);
#816=ORIENTED_EDGE('',*,*,#612,.F.);
#817=ORIENTED_EDGE('',*,*,#613,.T.);
#818=ORIENTED_EDGE('',*,*,#609,.T.);
#819=ORIENTED_EDGE('',*,*,#614,.F.);
#820=ORIENTED_EDGE('',*,*,#615,.F.);
#821=ORIENTED_EDGE('',*,*,#616,.T.);
#822=ORIENTED_EDGE('',*,*,#612,.T.);
#823=ORIENTED_EDGE('',*,*,#617,.F.);
#824=ORIENTED_EDGE('',*,*,#618,.F.);
#825=ORIENTED_EDGE('',*,*,#619,.T.);
#826=ORIENTED_EDGE('',*,*,#615,.T.);
#827=ORIENTED_EDGE('',*,*,#620,.F.);
#828=ORIENTED_EDGE('',*,*,#621,.F.);
#829=ORIENTED_EDGE('',*,*,#622,.T.);
#830=ORIENTED_EDGE('',*,*,#618,.T.);
#831=ORIENTED_EDGE('',*,*,#623,.F.);
#832=ORIENTED_EDGE('',*,*,#624,.F.);
#833=ORIENTED_EDGE('',*,*,#625,.T.);
#834=ORIENTED_EDGE('',*,*,#621,.T.);
#835=ORIENTED_EDGE('',*,*,#626,.F.);
#836=ORIENTED_EDGE('',*,*,#627,.F.);
#837=ORIENTED_EDGE('',*,*,#628,.T.);
#838=ORIENTED_EDGE('',*,*,#624,.T.);
#839=ORIENTED_EDGE('',*,*,#629,.F.);
#840=ORIENTED_EDGE('',*,*,#630,.F.);
#841=ORIENTED_EDGE('',*,*,#631,.T.);
#842=ORIENTED_EDGE('',*,*,#627,.T.);
#843=ORIENTED_EDGE('',*,*,#632,.F.);
#844=ORIENTED_EDGE('',*,*,#633,.F.);
#845=ORIENTED_EDGE('',*,*,#634,.T.);
#846=ORIENTED_EDGE('',*,*,#630,.T.);
#847=ORIENTED_EDGE('',*,*,#635,.F.);
#848=ORIENTED_EDGE('',*,*,#636,.F.);
#849=ORIENTED_EDGE('',*,*,#637,.T.);
#850=ORIENTED_EDGE('',*,*,#633,.T.);
#851=ORIENTED_EDGE('',*,*,#638,.F.);
#852=ORIENTED_EDGE('',*,*,#639,.F.);
#853=ORIENTED_EDGE('',*,*,#640,.T.);
#854=ORIENTED_EDGE('',*,*,#636,.T.);
#855=ORIENTED_EDGE('',*,*,#641,.F.);
#856=ORIENTED_EDGE('',*,*,#642,.F.);
#857=ORIENTED_EDGE('',*,*,#643,.T.);
#858=ORIENTED_EDGE('',*,*,#639,.T.);
#859=ORIENTED_EDGE('',*,*,#644,.F.);
#860=ORIENTED_EDGE('',*,*,#645,.F.);
#861=ORIENTED_EDGE('',*,*,#646,.T.);
#862=ORIENTED_EDGE('',*,*,#642,.T.);
#863=ORIENTED_EDGE('',*,*,#647,.F.);
#864=ORIENTED_EDGE('',*,*,#648,.F.);
#865=ORIENTED_EDGE('',*,*,#649,.T.);
#866=ORIENTED_EDGE('',*,*,#645,.T.);
#867=ORIENTED_EDGE('',*,*,#650,.F.);
#868=ORIENTED_EDGE('',*,*,#651,.F.);
#869=ORIENTED_EDGE('',*,*,#652,.T.);
#870=ORIENTED_EDGE('',*,*,#648,.T.);
#871=ORIENTED_EDGE('',*,*,#653,.F.);
#872=ORIENTED_EDGE('',*,*,#654,.F.);
#873=ORIENTED_EDGE('',*,*,#655,.T.);
#874=ORIENTED_EDGE('',*,*,#651,.T.);
#875=ORIENTED_EDGE('',*,*,#656,.F.);
#876=ORIENTED_EDGE('',*,*,#657,.F.);
#877=ORIENTED_EDGE('',*,*,#658,.T.);
#878=ORIENTED_EDGE('',*,*,#654,.T.);
#879=ORIENTED_EDGE('',*,*,#659,.F.);
#880=ORIENTED_EDGE('',*,*,#660,.F.);
#881=ORIENTED_EDGE('',*,*,#661,.T.);
#882=ORIENTED_EDGE('',*,*,#657,.T.);
#883=ORIENTED_EDGE('',*,*,#662,.F.);
#884=ORIENTED_EDGE('',*,*,#663,.F.);
#885=ORIENTED_EDGE('',*,*,#664,.T.);
#886=ORIENTED_EDGE('',*,*,#660,.T.);
#887=ORIENTED_EDGE('',*,*,#665,.F.);
#888=ORIENTED_EDGE('',*,*,#666,.F.);
#889=ORIENTED_EDGE('',*,*,#667,.T.);
#890=ORIENTED_EDGE('',*,*,#663,.T.);
#891=ORIENTED_EDGE('',*,*,#668,.F.);
#892=ORIENTED_EDGE('',*,*,#669,.F.);
#893=ORIENTED_EDGE('',*,*,#670,.T.);
#894=ORIENTED_EDGE('',*,*,#666,.T.);
#895=ORIENTED_EDGE('',*,*,#671,.F.);
#896=ORIENTED_EDGE('',*,*,#672,.F.);
#897=ORIENTED_EDGE('',*,*,#673,.T.);
#898=ORIENTED_EDGE('',*,*,#669,.T.);
#899=ORIENTED_EDGE('',*,*,#674,.F.);
#900=ORIENTED_EDGE('',*,*,#675,.F.);
#901=ORIENTED_EDGE('',*,*,#676,.T.);
#902=ORIENTED_EDGE('',*,*,#672,.T.);
#903=ORIENTED_EDGE('',*,*,#677,.F.);
#904=ORIENTED_EDGE('',*,*,#678,.F.);
#905=ORIENTED_EDGE('',*,*,#679,.F.);
#906=ORIENTED_EDGE('',*,*,#604,.F.);
#907=ORIENTED_EDGE('',*,*,#601,.F.);
#908=ORIENTED_EDGE('',*,*,#598,.F.);
#909=ORIENTED_EDGE('',*,*,#595,.F.);
#910=ORIENTED_EDGE('',*,*,#592,.F.);
#911=ORIENTED_EDGE('',*,*,#589,.F.);
#912=ORIENTED_EDGE('',*,*,#586,.F.);
#913=ORIENTED_EDGE('',*,*,#583,.F.);
#914=ORIENTED_EDGE('',*,*,#580,.F.);
#915=ORIENTED_EDGE('',*,*,#577,.F.);
#916=ORIENTED_EDGE('',*,*,#574,.F.);
#917=ORIENTED_EDGE('',*,*,#571,.F.);
#918=ORIENTED_EDGE('',*,*,#568,.F.);
#919=ORIENTED_EDGE('',*,*,#565,.F.);
#920=ORIENTED_EDGE('',*,*,#562,.F.);
#921=ORIENTED_EDGE('',*,*,#559,.F.);
#922=ORIENTED_EDGE('',*,*,#556,.F.);
#923=ORIENTED_EDGE('',*,*,#553,.F.);
#924=ORIENTED_EDGE('',*,*,#550,.F.);
#925=ORIENTED_EDGE('',*,*,#547,.F.);
#926=ORIENTED_EDGE('',*,*,#544,.F.);
#927=ORIENTED_EDGE('',*,*,#541,.F.);
#928=ORIENTED_EDGE('',*,*,#538,.F.);
#929=ORIENTED_EDGE('',*,*,#535,.F.);
#930=ORIENTED_EDGE('',*,*,#680,.F.);
#931=ORIENTED_EDGE('',*,*,#681,.T.);
#932=ORIENTED_EDGE('',*,*,#677,.T.);
#933=ORIENTED_EDGE('',*,*,#674,.T.);
#934=ORIENTED_EDGE('',*,*,#671,.T.);
#935=ORIENTED_EDGE('',*,*,#668,.T.);
#936=ORIENTED_EDGE('',*,*,#665,.T.);
#937=ORIENTED_EDGE('',*,*,#662,.T.);
#938=ORIENTED_EDGE('',*,*,#659,.T.);
#939=ORIENTED_EDGE('',*,*,#656,.T.);
#940=ORIENTED_EDGE('',*,*,#653,.T.);
#941=ORIENTED_EDGE('',*,*,#650,.T.);
#942=ORIENTED_EDGE('',*,*,#647,.T.);
#943=ORIENTED_EDGE('',*,*,#644,.T.);
#944=ORIENTED_EDGE('',*,*,#641,.T.);
#945=ORIENTED_EDGE('',*,*,#638,.T.);
#946=ORIENTED_EDGE('',*,*,#635,.T.);
#947=ORIENTED_EDGE('',*,*,#632,.T.);
#948=ORIENTED_EDGE('',*,*,#629,.T.);
#949=ORIENTED_EDGE('',*,*,#626,.T.);
#950=ORIENTED_EDGE('',*,*,#623,.T.);
#951=ORIENTED_EDGE('',*,*,#620,.T.);
#952=ORIENTED_EDGE('',*,*,#617,.T.);
#953=ORIENTED_EDGE('',*,*,#614,.T.);
#954=ORIENTED_EDGE('',*,*,#611,.T.);
#955=ORIENTED_EDGE('',*,*,#608,.T.);
#956=ORIENTED_EDGE('',*,*,#675,.T.);
#957=ORIENTED_EDGE('',*,*,#681,.F.);
#958=ORIENTED_EDGE('',*,*,#682,.F.);
#959=ORIENTED_EDGE('',*,*,#683,.T.);
#960=ORIENTED_EDGE('',*,*,#684,.F.);
#961=ORIENTED_EDGE('',*,*,#606,.F.);
#962=ORIENTED_EDGE('',*,*,#610,.F.);
#963=ORIENTED_EDGE('',*,*,#613,.F.);
#964=ORIENTED_EDGE('',*,*,#616,.F.);
#965=ORIENTED_EDGE('',*,*,#619,.F.);
#966=ORIENTED_EDGE('',*,*,#622,.F.);
#967=ORIENTED_EDGE('',*,*,#625,.F.);
#968=ORIENTED_EDGE('',*,*,#628,.F.);
#969=ORIENTED_EDGE('',*,*,#631,.F.);
#970=ORIENTED_EDGE('',*,*,#634,.F.);
#971=ORIENTED_EDGE('',*,*,#637,.F.);
#972=ORIENTED_EDGE('',*,*,#640,.F.);
#973=ORIENTED_EDGE('',*,*,#643,.F.);
#974=ORIENTED_EDGE('',*,*,#646,.F.);
#975=ORIENTED_EDGE('',*,*,#649,.F.);
#976=ORIENTED_EDGE('',*,*,#652,.F.);
#977=ORIENTED_EDGE('',*,*,#655,.F.);
#978=ORIENTED_EDGE('',*,*,#658,.F.);
#979=ORIENTED_EDGE('',*,*,#661,.F.);
#980=ORIENTED_EDGE('',*,*,#664,.F.);
#981=ORIENTED_EDGE('',*,*,#667,.F.);
#982=ORIENTED_EDGE('',*,*,#670,.F.);
#983=ORIENTED_EDGE('',*,*,#673,.F.);
#984=ORIENTED_EDGE('',*,*,#676,.F.);
#985=ORIENTED_EDGE('',*,*,#683,.F.);
#986=ORIENTED_EDGE('',*,*,#685,.F.);
#987=ORIENTED_EDGE('',*,*,#533,.F.);
#988=ORIENTED_EDGE('',*,*,#537,.F.);
#989=ORIENTED_EDGE('',*,*,#540,.F.);
#990=ORIENTED_EDGE('',*,*,#543,.F.);
#991=ORIENTED_EDGE('',*,*,#546,.F.);
#992=ORIENTED_EDGE('',*,*,#549,.F.);
#993=ORIENTED_EDGE('',*,*,#552,.F.);
#994=ORIENTED_EDGE('',*,*,#555,.F.);
#995=ORIENTED_EDGE('',*,*,#558,.F.);
#996=ORIENTED_EDGE('',*,*,#561,.F.);
#997=ORIENTED_EDGE('',*,*,#564,.F.);
#998=ORIENTED_EDGE('',*,*,#567,.F.);
#999=ORIENTED_EDGE('',*,*,#570,.F.);
#1000=ORIENTED_EDGE('',*,*,#573,.F.);
#1001=ORIENTED_EDGE('',*,*,#576,.F.);
#1002=ORIENTED_EDGE('',*,*,#579,.F.);
#1003=ORIENTED_EDGE('',*,*,#582,.F.);
#1004=ORIENTED_EDGE('',*,*,#585,.F.);
#1005=ORIENTED_EDGE('',*,*,#588,.F.);
#1006=ORIENTED_EDGE('',*,*,#591,.F.);
#1007=ORIENTED_EDGE('',*,*,#594,.F.);
#1008=ORIENTED_EDGE('',*,*,#597,.F.);
#1009=ORIENTED_EDGE('',*,*,#600,.F.);
#1010=ORIENTED_EDGE('',*,*,#603,.F.);
#1011=ORIENTED_EDGE('',*,*,#686,.F.);
#1012=ORIENTED_EDGE('',*,*,#602,.T.);
#1013=ORIENTED_EDGE('',*,*,#679,.T.);
#1014=ORIENTED_EDGE('',*,*,#687,.F.);
#1015=ORIENTED_EDGE('',*,*,#686,.T.);
#1016=ORIENTED_EDGE('',*,*,#688,.F.);
#1017=ORIENTED_EDGE('',*,*,#689,.T.);
#1018=ORIENTED_EDGE('',*,*,#690,.F.);
#1019=ORIENTED_EDGE('',*,*,#689,.F.);
#1020=ORIENTED_EDGE('',*,*,#688,.T.);
#1021=ORIENTED_EDGE('',*,*,#534,.T.);
#1022=ORIENTED_EDGE('',*,*,#685,.T.);
#1023=ORIENTED_EDGE('',*,*,#682,.T.);
#1024=ORIENTED_EDGE('',*,*,#680,.T.);
#1025=ORIENTED_EDGE('',*,*,#684,.T.);
#1026=ORIENTED_EDGE('',*,*,#687,.T.);
#1027=ORIENTED_EDGE('',*,*,#678,.T.);
#1028=ORIENTED_EDGE('',*,*,#607,.T.);
#1029=ORIENTED_EDGE('',*,*,#691,.F.);
#1030=ORIENTED_EDGE('',*,*,#692,.T.);
#1031=ORIENTED_EDGE('',*,*,#693,.T.);
#1032=ORIENTED_EDGE('',*,*,#694,.F.);
#1033=ORIENTED_EDGE('',*,*,#695,.F.);
#1034=ORIENTED_EDGE('',*,*,#696,.T.);
#1035=ORIENTED_EDGE('',*,*,#697,.T.);
#1036=ORIENTED_EDGE('',*,*,#692,.F.);
#1037=ORIENTED_EDGE('',*,*,#698,.F.);
#1038=ORIENTED_EDGE('',*,*,#699,.T.);
#1039=ORIENTED_EDGE('',*,*,#700,.T.);
#1040=ORIENTED_EDGE('',*,*,#696,.F.);
#1041=ORIENTED_EDGE('',*,*,#701,.F.);
#1042=ORIENTED_EDGE('',*,*,#702,.T.);
#1043=ORIENTED_EDGE('',*,*,#703,.T.);
#1044=ORIENTED_EDGE('',*,*,#699,.F.);
#1045=ORIENTED_EDGE('',*,*,#704,.F.);
#1046=ORIENTED_EDGE('',*,*,#705,.T.);
#1047=ORIENTED_EDGE('',*,*,#706,.T.);
#1048=ORIENTED_EDGE('',*,*,#702,.F.);
#1049=ORIENTED_EDGE('',*,*,#707,.F.);
#1050=ORIENTED_EDGE('',*,*,#694,.T.);
#1051=ORIENTED_EDGE('',*,*,#708,.T.);
#1052=ORIENTED_EDGE('',*,*,#705,.F.);
#1053=ORIENTED_EDGE('',*,*,#708,.F.);
#1054=ORIENTED_EDGE('',*,*,#693,.F.);
#1055=ORIENTED_EDGE('',*,*,#697,.F.);
#1056=ORIENTED_EDGE('',*,*,#700,.F.);
#1057=ORIENTED_EDGE('',*,*,#703,.F.);
#1058=ORIENTED_EDGE('',*,*,#706,.F.);
#1059=ORIENTED_EDGE('',*,*,#709,.F.);
#1060=ORIENTED_EDGE('',*,*,#710,.T.);
#1061=ORIENTED_EDGE('',*,*,#711,.T.);
#1062=ORIENTED_EDGE('',*,*,#710,.F.);
#1063=ORIENTED_EDGE('',*,*,#709,.T.);
#1064=ORIENTED_EDGE('',*,*,#691,.T.);
#1065=ORIENTED_EDGE('',*,*,#707,.T.);
#1066=ORIENTED_EDGE('',*,*,#704,.T.);
#1067=ORIENTED_EDGE('',*,*,#701,.T.);
#1068=ORIENTED_EDGE('',*,*,#698,.T.);
#1069=ORIENTED_EDGE('',*,*,#695,.T.);
#1070=ORIENTED_EDGE('',*,*,#711,.F.);
#1071=ORIENTED_EDGE('',*,*,#690,.T.);
#1072=CYLINDRICAL_SURFACE('',#1202,1.4635);
#1073=CYLINDRICAL_SURFACE('',#1204,1.4635);
#1074=CYLINDRICAL_SURFACE('',#1205,1.4635);
#1075=CYLINDRICAL_SURFACE('',#1206,1.4635);
#1076=CYLINDRICAL_SURFACE('',#1207,1.4635);
#1077=CYLINDRICAL_SURFACE('',#1208,1.4635);
#1078=CYLINDRICAL_SURFACE('',#1209,1.4635);
#1079=CYLINDRICAL_SURFACE('',#1210,1.4635);
#1080=CYLINDRICAL_SURFACE('',#1211,1.4635);
#1081=CYLINDRICAL_SURFACE('',#1212,1.4635);
#1082=CYLINDRICAL_SURFACE('',#1213,1.4635);
#1083=CYLINDRICAL_SURFACE('',#1214,1.4635);
#1084=CYLINDRICAL_SURFACE('',#1215,1.4635);
#1085=CYLINDRICAL_SURFACE('',#1216,1.4635);
#1086=CYLINDRICAL_SURFACE('',#1217,1.4635);
#1087=CYLINDRICAL_SURFACE('',#1218,1.4635);
#1088=CYLINDRICAL_SURFACE('',#1219,1.4635);
#1089=CYLINDRICAL_SURFACE('',#1220,1.4635);
#1090=CYLINDRICAL_SURFACE('',#1221,1.4635);
#1091=CYLINDRICAL_SURFACE('',#1222,1.4635);
#1092=CYLINDRICAL_SURFACE('',#1223,1.4635);
#1093=CYLINDRICAL_SURFACE('',#1224,1.4635);
#1094=CYLINDRICAL_SURFACE('',#1225,1.4635);
#1095=CYLINDRICAL_SURFACE('',#1226,1.4635);
#1096=CYLINDRICAL_SURFACE('',#1227,1.17775);
#1097=CYLINDRICAL_SURFACE('',#1229,1.17775);
#1098=CYLINDRICAL_SURFACE('',#1230,1.17775);
#1099=CYLINDRICAL_SURFACE('',#1231,1.17775);
#1100=CYLINDRICAL_SURFACE('',#1232,1.17775);
#1101=CYLINDRICAL_SURFACE('',#1233,1.17775);
#1102=CYLINDRICAL_SURFACE('',#1234,1.17775);
#1103=CYLINDRICAL_SURFACE('',#1235,1.17775);
#1104=CYLINDRICAL_SURFACE('',#1236,1.17775);
#1105=CYLINDRICAL_SURFACE('',#1237,1.17775);
#1106=CYLINDRICAL_SURFACE('',#1238,1.17775);
#1107=CYLINDRICAL_SURFACE('',#1239,1.17775);
#1108=CYLINDRICAL_SURFACE('',#1240,1.17775);
#1109=CYLINDRICAL_SURFACE('',#1241,1.17775);
#1110=CYLINDRICAL_SURFACE('',#1242,1.17775);
#1111=CYLINDRICAL_SURFACE('',#1243,1.17775);
#1112=CYLINDRICAL_SURFACE('',#1244,1.17775);
#1113=CYLINDRICAL_SURFACE('',#1245,1.17775);
#1114=CYLINDRICAL_SURFACE('',#1246,1.17775);
#1115=CYLINDRICAL_SURFACE('',#1247,1.17775);
#1116=CYLINDRICAL_SURFACE('',#1248,1.17775);
#1117=CYLINDRICAL_SURFACE('',#1249,1.17775);
#1118=CYLINDRICAL_SURFACE('',#1250,1.17775);
#1119=CYLINDRICAL_SURFACE('',#1251,1.17775);
#1120=CYLINDRICAL_SURFACE('',#1252,1.17775);
#1121=CYLINDRICAL_SURFACE('',#1254,1.4635);
#1122=CYLINDRICAL_SURFACE('',#1269,2.75);
#1123=ADVANCED_FACE('',(#32),#1072,.T.);
#1124=ADVANCED_FACE('',(#33),#1073,.T.);
#1125=ADVANCED_FACE('',(#34),#1074,.T.);
#1126=ADVANCED_FACE('',(#35),#1075,.T.);
#1127=ADVANCED_FACE('',(#36),#1076,.T.);
#1128=ADVANCED_FACE('',(#37),#1077,.T.);
#1129=ADVANCED_FACE('',(#38),#1078,.T.);
#1130=ADVANCED_FACE('',(#39),#1079,.T.);
#1131=ADVANCED_FACE('',(#40),#1080,.T.);
#1132=ADVANCED_FACE('',(#41),#1081,.T.);
#1133=ADVANCED_FACE('',(#42),#1082,.T.);
#1134=ADVANCED_FACE('',(#43),#1083,.T.);
#1135=ADVANCED_FACE('',(#44),#1084,.T.);
#1136=ADVANCED_FACE('',(#45),#1085,.T.);
#1137=ADVANCED_FACE('',(#46),#1086,.T.);
#1138=ADVANCED_FACE('',(#47),#1087,.T.);
#1139=ADVANCED_FACE('',(#48),#1088,.T.);
#1140=ADVANCED_FACE('',(#49),#1089,.T.);
#1141=ADVANCED_FACE('',(#50),#1090,.T.);
#1142=ADVANCED_FACE('',(#51),#1091,.T.);
#1143=ADVANCED_FACE('',(#52),#1092,.T.);
#1144=ADVANCED_FACE('',(#53),#1093,.T.);
#1145=ADVANCED_FACE('',(#54),#1094,.T.);
#1146=ADVANCED_FACE('',(#55),#1095,.T.);
#1147=ADVANCED_FACE('',(#56),#1096,.T.);
#1148=ADVANCED_FACE('',(#57),#1097,.T.);
#1149=ADVANCED_FACE('',(#58),#1098,.T.);
#1150=ADVANCED_FACE('',(#59),#1099,.T.);
#1151=ADVANCED_FACE('',(#60),#1100,.T.);
#1152=ADVANCED_FACE('',(#61),#1101,.T.);
#1153=ADVANCED_FACE('',(#62),#1102,.T.);
#1154=ADVANCED_FACE('',(#63),#1103,.T.);
#1155=ADVANCED_FACE('',(#64),#1104,.T.);
#1156=ADVANCED_FACE('',(#65),#1105,.T.);
#1157=ADVANCED_FACE('',(#66),#1106,.T.);
#1158=ADVANCED_FACE('',(#67),#1107,.T.);
#1159=ADVANCED_FACE('',(#68),#1108,.T.);
#1160=ADVANCED_FACE('',(#69),#1109,.T.);
#1161=ADVANCED_FACE('',(#70),#1110,.T.);
#1162=ADVANCED_FACE('',(#71),#1111,.T.);
#1163=ADVANCED_FACE('',(#72),#1112,.T.);
#1164=ADVANCED_FACE('',(#73),#1113,.T.);
#1165=ADVANCED_FACE('',(#74),#1114,.T.);
#1166=ADVANCED_FACE('',(#75),#1115,.T.);
#1167=ADVANCED_FACE('',(#76),#1116,.T.);
#1168=ADVANCED_FACE('',(#77),#1117,.T.);
#1169=ADVANCED_FACE('',(#78),#1118,.T.);
#1170=ADVANCED_FACE('',(#79),#1119,.T.);
#1171=ADVANCED_FACE('',(#80),#30,.F.);
#1172=ADVANCED_FACE('',(#81),#1120,.T.);
#1173=ADVANCED_FACE('',(#82),#31,.F.);
#1174=ADVANCED_FACE('',(#83),#1121,.T.);
#1175=ADVANCED_FACE('',(#84),#29,.T.);
#1176=ADVANCED_FACE('',(#85,#15),#18,.F.);
#1177=ADVANCED_FACE('',(#86),#19,.T.);
#1178=ADVANCED_FACE('',(#87),#20,.F.);
#1179=ADVANCED_FACE('',(#88),#21,.F.);
#1180=ADVANCED_FACE('',(#89),#22,.F.);
#1181=ADVANCED_FACE('',(#90),#23,.F.);
#1182=ADVANCED_FACE('',(#91),#24,.F.);
#1183=ADVANCED_FACE('',(#92),#25,.F.);
#1184=ADVANCED_FACE('',(#93),#26,.F.);
#1185=ADVANCED_FACE('',(#94),#1122,.T.);
#1186=ADVANCED_FACE('',(#95,#16),#27,.T.);
#1187=ADVANCED_FACE('',(#96,#17),#28,.F.);
#1188=CLOSED_SHELL('',(#1123,#1124,#1125,#1126,#1127,#1128,#1129,#1130,
#1131,#1132,#1133,#1134,#1135,#1136,#1137,#1138,#1139,#1140,#1141,#1142,
#1143,#1144,#1145,#1146,#1147,#1148,#1149,#1150,#1151,#1152,#1153,#1154,
#1155,#1156,#1157,#1158,#1159,#1160,#1161,#1162,#1163,#1164,#1165,#1166,
#1167,#1168,#1169,#1170,#1171,#1172,#1173,#1174,#1175,#1176,#1177,#1178,
#1179,#1180,#1181,#1182,#1183,#1184,#1185,#1186,#1187));
#1189=DERIVED_UNIT_ELEMENT(#1191,1.);
#1190=DERIVED_UNIT_ELEMENT(#4919,-3.);
#1191=(
MASS_UNIT()
NAMED_UNIT(*)
SI_UNIT(.KILO.,.GRAM.)
);
#1192=DERIVED_UNIT((#1189,#1190));
#1193=MEASURE_REPRESENTATION_ITEM('density measure',
POSITIVE_RATIO_MEASURE(7850.),#1192);
#1194=PROPERTY_DEFINITION_REPRESENTATION(#1199,#1196);
#1195=PROPERTY_DEFINITION_REPRESENTATION(#1200,#1197);
#1196=REPRESENTATION('material name',(#1198),#4916);
#1197=REPRESENTATION('density',(#1193),#4916);
#1198=DESCRIPTIVE_REPRESENTATION_ITEM('Steel','Steel');
#1199=PROPERTY_DEFINITION('material property','material name',#4926);
#1200=PROPERTY_DEFINITION('material property','density of part',#4926);
#1201=AXIS2_PLACEMENT_3D('',#1487,#1274,#1275);
#1202=AXIS2_PLACEMENT_3D('',#1488,#1276,#1277);
#1203=AXIS2_PLACEMENT_3D('',#1504,#1279,#1280);
#1204=AXIS2_PLACEMENT_3D('',#1512,#1281,#1282);
#1205=AXIS2_PLACEMENT_3D('',#1560,#1284,#1285);
#1206=AXIS2_PLACEMENT_3D('',#1608,#1287,#1288);
#1207=AXIS2_PLACEMENT_3D('',#1656,#1290,#1291);
#1208=AXIS2_PLACEMENT_3D('',#1710,#1293,#1294);
#1209=AXIS2_PLACEMENT_3D('',#1758,#1296,#1297);
#1210=AXIS2_PLACEMENT_3D('',#1806,#1299,#1300);
#1211=AXIS2_PLACEMENT_3D('',#1860,#1302,#1303);
#1212=AXIS2_PLACEMENT_3D('',#1908,#1305,#1306);
#1213=AXIS2_PLACEMENT_3D('',#1956,#1308,#1309);
#1214=AXIS2_PLACEMENT_3D('',#2007,#1311,#1312);
#1215=AXIS2_PLACEMENT_3D('',#2058,#1314,#1315);
#1216=AXIS2_PLACEMENT_3D('',#2106,#1317,#1318);
#1217=AXIS2_PLACEMENT_3D('',#2154,#1320,#1321);
#1218=AXIS2_PLACEMENT_3D('',#2208,#1323,#1324);
#1219=AXIS2_PLACEMENT_3D('',#2256,#1326,#1327);
#1220=AXIS2_PLACEMENT_3D('',#2304,#1329,#1330);
#1221=AXIS2_PLACEMENT_3D('',#2355,#1332,#1333);
#1222=AXIS2_PLACEMENT_3D('',#2403,#1335,#1336);
#1223=AXIS2_PLACEMENT_3D('',#2451,#1338,#1339);
#1224=AXIS2_PLACEMENT_3D('',#2499,#1341,#1342);
#1225=AXIS2_PLACEMENT_3D('',#2553,#1344,#1345);
#1226=AXIS2_PLACEMENT_3D('',#2601,#1347,#1348);
#1227=AXIS2_PLACEMENT_3D('',#2649,#1350,#1351);
#1228=AXIS2_PLACEMENT_3D('',#2661,#1353,#1354);
#1229=AXIS2_PLACEMENT_3D('',#2666,#1355,#1356);
#1230=AXIS2_PLACEMENT_3D('',#2691,#1358,#1359);
#1231=AXIS2_PLACEMENT_3D('',#2715,#1361,#1362);
#1232=AXIS2_PLACEMENT_3D('',#2740,#1364,#1365);
#1233=AXIS2_PLACEMENT_3D('',#2765,#1367,#1368);
#1234=AXIS2_PLACEMENT_3D('',#2789,#1370,#1371);
#1235=AXIS2_PLACEMENT_3D('',#2813,#1373,#1374);
#1236=AXIS2_PLACEMENT_3D('',#2838,#1376,#1377);
#1237=AXIS2_PLACEMENT_3D('',#2863,#1379,#1380);
#1238=AXIS2_PLACEMENT_3D('',#2887,#1382,#1383);
#1239=AXIS2_PLACEMENT_3D('',#2912,#1385,#1386);
#1240=AXIS2_PLACEMENT_3D('',#2937,#1388,#1389);
#1241=AXIS2_PLACEMENT_3D('',#2961,#1391,#1392);
#1242=AXIS2_PLACEMENT_3D('',#2986,#1394,#1395);
#1243=AXIS2_PLACEMENT_3D('',#3010,#1397,#1398);
#1244=AXIS2_PLACEMENT_3D('',#3035,#1400,#1401);
#1245=AXIS2_PLACEMENT_3D('',#3059,#1403,#1404);
#1246=AXIS2_PLACEMENT_3D('',#3084,#1406,#1407);
#1247=AXIS2_PLACEMENT_3D('',#3109,#1409,#1410);
#1248=AXIS2_PLACEMENT_3D('',#3133,#1412,#1413);
#1249=AXIS2_PLACEMENT_3D('',#3158,#1415,#1416);
#1250=AXIS2_PLACEMENT_3D('',#3183,#1418,#1419);
#1251=AXIS2_PLACEMENT_3D('',#3207,#1421,#1422);
#1252=AXIS2_PLACEMENT_3D('',#4046,#1424,#1425);
#1253=AXIS2_PLACEMENT_3D('',#4048,#1426,#1427);
#1254=AXIS2_PLACEMENT_3D('',#4859,#1428,#1429);
#1255=AXIS2_PLACEMENT_3D('',#4860,#1430,#1431);
#1256=AXIS2_PLACEMENT_3D('',#4861,#1432,#1433);
#1257=AXIS2_PLACEMENT_3D('',#4863,#1434,#1435);
#1258=AXIS2_PLACEMENT_3D('',#4865,#1436,#1437);
#1259=AXIS2_PLACEMENT_3D('',#4866,#1438,#1439);
#1260=AXIS2_PLACEMENT_3D('',#4867,#1440,#1441);
#1261=AXIS2_PLACEMENT_3D('',#4868,#1442,#1443);
#1262=AXIS2_PLACEMENT_3D('',#4869,#1444,#1445);
#1263=AXIS2_PLACEMENT_3D('',#4878,#1450,#1451);
#1264=AXIS2_PLACEMENT_3D('',#4884,#1455,#1456);
#1265=AXIS2_PLACEMENT_3D('',#4890,#1460,#1461);
#1266=AXIS2_PLACEMENT_3D('',#4896,#1465,#1466);
#1267=AXIS2_PLACEMENT_3D('',#4902,#1470,#1471);
#1268=AXIS2_PLACEMENT_3D('',#4905,#1474,#1475);
#1269=AXIS2_PLACEMENT_3D('',#4906,#1476,#1477);
#1270=AXIS2_PLACEMENT_3D('',#4908,#1478,#1479);
#1271=AXIS2_PLACEMENT_3D('',#4911,#1481,#1482);
#1272=AXIS2_PLACEMENT_3D('',#4912,#1483,#1484);
#1273=AXIS2_PLACEMENT_3D('',#4913,#1485,#1486);
#1274=DIRECTION('axis',(0.,0.,1.));
#1275=DIRECTION('refdir',(1.,0.,0.));
#1276=DIRECTION('center_axis',(0.,0.,-1.));
#1277=DIRECTION('ref_axis',(-1.,0.,0.));
#1278=DIRECTION('',(0.,0.,1.));
#1279=DIRECTION('center_axis',(0.,0.,-1.));
#1280=DIRECTION('ref_axis',(-1.,0.,0.));
#1281=DIRECTION('center_axis',(0.,0.,-1.));
#1282=DIRECTION('ref_axis',(-1.,0.,0.));
#1283=DIRECTION('',(0.,0.,1.));
#1284=DIRECTION('center_axis',(0.,0.,-1.));
#1285=DIRECTION('ref_axis',(-1.,0.,0.));
#1286=DIRECTION('',(0.,0.,1.));
#1287=DIRECTION('center_axis',(0.,0.,-1.));
#1288=DIRECTION('ref_axis',(-1.,0.,0.));
#1289=DIRECTION('',(0.,0.,1.));
#1290=DIRECTION('center_axis',(0.,0.,-1.));
#1291=DIRECTION('ref_axis',(-1.,0.,0.));
#1292=DIRECTION('',(0.,0.,1.));
#1293=DIRECTION('center_axis',(0.,0.,-1.));
#1294=DIRECTION('ref_axis',(-1.,0.,0.));
#1295=DIRECTION('',(0.,0.,1.));
#1296=DIRECTION('center_axis',(0.,0.,-1.));
#1297=DIRECTION('ref_axis',(-1.,0.,0.));
#1298=DIRECTION('',(0.,0.,1.));
#1299=DIRECTION('center_axis',(0.,0.,-1.));
#1300=DIRECTION('ref_axis',(-1.,0.,0.));
#1301=DIRECTION('',(0.,0.,1.));
#1302=DIRECTION('center_axis',(0.,0.,-1.));
#1303=DIRECTION('ref_axis',(-1.,0.,0.));
#1304=DIRECTION('',(0.,0.,1.));
#1305=DIRECTION('center_axis',(0.,0.,-1.));
#1306=DIRECTION('ref_axis',(-1.,0.,0.));
#1307=DIRECTION('',(0.,0.,1.));
#1308=DIRECTION('center_axis',(0.,0.,-1.));
#1309=DIRECTION('ref_axis',(-1.,0.,0.));
#1310=DIRECTION('',(0.,0.,1.));
#1311=DIRECTION('center_axis',(0.,0.,-1.));
#1312=DIRECTION('ref_axis',(-1.,0.,0.));
#1313=DIRECTION('',(0.,0.,1.));
#1314=DIRECTION('center_axis',(0.,0.,-1.));
#1315=DIRECTION('ref_axis',(-1.,0.,0.));
#1316=DIRECTION('',(0.,0.,1.));
#1317=DIRECTION('center_axis',(0.,0.,-1.));
#1318=DIRECTION('ref_axis',(-1.,0.,0.));
#1319=DIRECTION('',(0.,0.,1.));
#1320=DIRECTION('center_axis',(0.,0.,-1.));
#1321=DIRECTION('ref_axis',(-1.,0.,0.));
#1322=DIRECTION('',(0.,0.,1.));
#1323=DIRECTION('center_axis',(0.,0.,-1.));
#1324=DIRECTION('ref_axis',(-1.,0.,0.));
#1325=DIRECTION('',(0.,0.,1.));
#1326=DIRECTION('center_axis',(0.,0.,-1.));
#1327=DIRECTION('ref_axis',(-1.,0.,0.));
#1328=DIRECTION('',(0.,0.,1.));
#1329=DIRECTION('center_axis',(0.,0.,-1.));
#1330=DIRECTION('ref_axis',(-1.,0.,0.));
#1331=DIRECTION('',(0.,0.,1.));
#1332=DIRECTION('center_axis',(0.,0.,-1.));
#1333=DIRECTION('ref_axis',(-1.,0.,0.));
#1334=DIRECTION('',(0.,0.,1.));
#1335=DIRECTION('center_axis',(0.,0.,-1.));
#1336=DIRECTION('ref_axis',(-1.,0.,0.));
#1337=DIRECTION('',(0.,0.,1.));
#1338=DIRECTION('center_axis',(0.,0.,-1.));
#1339=DIRECTION('ref_axis',(-1.,0.,0.));
#1340=DIRECTION('',(0.,0.,1.));
#1341=DIRECTION('center_axis',(0.,0.,-1.));
#1342=DIRECTION('ref_axis',(-1.,0.,0.));
#1343=DIRECTION('',(0.,0.,1.));
#1344=DIRECTION('center_axis',(0.,0.,-1.));
#1345=DIRECTION('ref_axis',(-1.,0.,0.));
#1346=DIRECTION('',(0.,0.,1.));
#1347=DIRECTION('center_axis',(0.,0.,-1.));
#1348=DIRECTION('ref_axis',(-1.,0.,0.));
#1349=DIRECTION('',(0.,0.,1.));
#1350=DIRECTION('center_axis',(0.,0.,-1.));
#1351=DIRECTION('ref_axis',(0.457400203461508,-0.889260959377713,0.));
#1352=DIRECTION('',(0.,0.,-1.));
#1353=DIRECTION('center_axis',(0.,0.,-1.));
#1354=DIRECTION('ref_axis',(-1.,-3.05984471784006E-14,0.));
#1355=DIRECTION('center_axis',(0.,0.,-1.));
#1356=DIRECTION('ref_axis',(-1.,-3.05984471784006E-14,0.));
#1357=DIRECTION('',(0.,0.,-1.));
#1358=DIRECTION('center_axis',(0.,0.,-1.));
#1359=DIRECTION('ref_axis',(-1.,-3.05984471784006E-14,0.));
#1360=DIRECTION('',(0.,0.,-1.));
#1361=DIRECTION('center_axis',(0.,0.,-1.));
#1362=DIRECTION('ref_axis',(-1.,-3.05984471784006E-14,0.));
#1363=DIRECTION('',(0.,0.,-1.));
#1364=DIRECTION('center_axis',(0.,0.,-1.));
#1365=DIRECTION('ref_axis',(-1.,-3.05984471784006E-14,0.));
#1366=DIRECTION('',(0.,0.,-1.));
#1367=DIRECTION('center_axis',(0.,0.,-1.));
#1368=DIRECTION('ref_axis',(-1.,-3.05984471784006E-14,0.));
#1369=DIRECTION('',(0.,0.,-1.));
#1370=DIRECTION('center_axis',(0.,0.,-1.));
#1371=DIRECTION('ref_axis',(-1.,-3.05984471784006E-14,0.));
#1372=DIRECTION('',(0.,0.,-1.));
#1373=DIRECTION('center_axis',(0.,0.,-1.));
#1374=DIRECTION('ref_axis',(-1.,-3.05984471784006E-14,0.));
#1375=DIRECTION('',(0.,0.,-1.));
#1376=DIRECTION('center_axis',(0.,0.,-1.));
#1377=DIRECTION('ref_axis',(-1.,-3.05984471784006E-14,0.));
#1378=DIRECTION('',(0.,0.,-1.));
#1379=DIRECTION('center_axis',(0.,0.,-1.));
#1380=DIRECTION('ref_axis',(-1.,-3.05984471784006E-14,0.));
#1381=DIRECTION('',(0.,0.,-1.));
#1382=DIRECTION('center_axis',(0.,0.,-1.));
#1383=DIRECTION('ref_axis',(-1.,-3.05984471784006E-14,0.));
#1384=DIRECTION('',(0.,0.,-1.));
#1385=DIRECTION('center_axis',(0.,0.,-1.));
#1386=DIRECTION('ref_axis',(-1.,-3.05984471784006E-14,0.));
#1387=DIRECTION('',(0.,0.,-1.));
#1388=DIRECTION('center_axis',(0.,0.,-1.));
#1389=DIRECTION('ref_axis',(-1.,-3.05984471784006E-14,0.));
#1390=DIRECTION('',(0.,0.,-1.));
#1391=DIRECTION('center_axis',(0.,0.,-1.));
#1392=DIRECTION('ref_axis',(-1.,-3.05984471784006E-14,0.));
#1393=DIRECTION('',(0.,0.,-1.));
#1394=DIRECTION('center_axis',(0.,0.,-1.));
#1395=DIRECTION('ref_axis',(-1.,-3.05984471784006E-14,0.));
#1396=DIRECTION('',(0.,0.,-1.));
#1397=DIRECTION('center_axis',(0.,0.,-1.));
#1398=DIRECTION('ref_axis',(-1.,-3.05984471784006E-14,0.));
#1399=DIRECTION('',(0.,0.,-1.));
#1400=DIRECTION('center_axis',(0.,0.,-1.));
#1401=DIRECTION('ref_axis',(-1.,-3.05984471784006E-14,0.));
#1402=DIRECTION('',(0.,0.,-1.));
#1403=DIRECTION('center_axis',(0.,0.,-1.));
#1404=DIRECTION('ref_axis',(-1.,-3.05984471784006E-14,0.));
#1405=DIRECTION('',(0.,0.,-1.));
#1406=DIRECTION('center_axis',(0.,0.,-1.));
#1407=DIRECTION('ref_axis',(-1.,-3.05984471784006E-14,0.));
#1408=DIRECTION('',(0.,0.,-1.));
#1409=DIRECTION('center_axis',(0.,0.,-1.));
#1410=DIRECTION('ref_axis',(-1.,-3.05984471784006E-14,0.));
#1411=DIRECTION('',(0.,0.,-1.));
#1412=DIRECTION('center_axis',(0.,0.,-1.));
#1413=DIRECTION('ref_axis',(-1.,-3.05984471784006E-14,0.));
#1414=DIRECTION('',(0.,0.,-1.));
#1415=DIRECTION('center_axis',(0.,0.,-1.));
#1416=DIRECTION('ref_axis',(-1.,-3.05984471784006E-14,0.));
#1417=DIRECTION('',(0.,0.,-1.));
#1418=DIRECTION('center_axis',(0.,0.,-1.));
#1419=DIRECTION('ref_axis',(-1.,-3.05984471784006E-14,0.));
#1420=DIRECTION('',(0.,0.,-1.));
#1421=DIRECTION('center_axis',(0.,0.,-1.));
#1422=DIRECTION('ref_axis',(-1.,-3.05984471784006E-14,0.));
#1423=DIRECTION('',(0.,0.,-1.));
#1424=DIRECTION('center_axis',(0.,0.,-1.));
#1425=DIRECTION('ref_axis',(-1.,-3.05984471784006E-14,0.));
#1426=DIRECTION('center_axis',(0.,0.,1.));
#1427=DIRECTION('ref_axis',(-1.,-3.05984471784006E-14,0.));
#1428=DIRECTION('center_axis',(0.,0.,-1.));
#1429=DIRECTION('ref_axis',(-1.,0.,0.));
#1430=DIRECTION('center_axis',(0.,0.,1.));
#1431=DIRECTION('ref_axis',(-1.,0.,0.));
#1432=DIRECTION('center_axis',(0.,-1.22464679914735E-16,-1.));
#1433=DIRECTION('ref_axis',(1.,0.,0.));
#1434=DIRECTION('center_axis',(0.,-6.12323399573677E-17,-1.));
#1435=DIRECTION('ref_axis',(-1.,0.,0.));
#1436=DIRECTION('center_axis',(1.22464679914735E-16,1.,-1.22464679914735E-16));
#1437=DIRECTION('ref_axis',(-1.,1.22464679914735E-16,-1.49975978266186E-32));
#1438=DIRECTION('center_axis',(0.,6.12323399573677E-17,1.));
#1439=DIRECTION('ref_axis',(-1.,0.,0.));
#1440=DIRECTION('center_axis',(0.,0.,1.));
#1441=DIRECTION('ref_axis',(1.,0.,0.));
#1442=DIRECTION('center_axis',(0.,0.,-1.));
#1443=DIRECTION('ref_axis',(-1.,0.,0.));
#1444=DIRECTION('center_axis',(0.499999999999904,0.866025403784494,0.));
#1445=DIRECTION('ref_axis',(0.866025403784494,-0.499999999999904,0.));
#1446=DIRECTION('',(0.866025403784494,-0.499999999999904,0.));
#1447=DIRECTION('',(0.,0.,-1.));
#1448=DIRECTION('',(0.866025403784494,-0.499999999999904,0.));
#1449=DIRECTION('',(0.,0.,-1.));
#1450=DIRECTION('center_axis',(-0.500000000000087,0.866025403784388,0.));
#1451=DIRECTION('ref_axis',(0.866025403784388,0.500000000000087,0.));
#1452=DIRECTION('',(0.866025403784388,0.500000000000087,0.));
#1453=DIRECTION('',(0.,0.,-1.));
#1454=DIRECTION('',(0.866025403784388,0.500000000000087,0.));
#1455=DIRECTION('center_axis',(-1.,-1.00570948497864E-13,0.));
#1456=DIRECTION('ref_axis',(-1.00570948497864E-13,1.,0.));
#1457=DIRECTION('',(-1.00570948497864E-13,1.,0.));
#1458=DIRECTION('',(0.,0.,-1.));
#1459=DIRECTION('',(-1.00570948497864E-13,1.,0.));
#1460=DIRECTION('center_axis',(-0.499999999999939,-0.866025403784474,0.));
#1461=DIRECTION('ref_axis',(-0.866025403784474,0.499999999999939,0.));
#1462=DIRECTION('',(-0.866025403784474,0.499999999999939,0.));
#1463=DIRECTION('',(0.,0.,-1.));
#1464=DIRECTION('',(-0.866025403784474,0.499999999999939,0.));
#1465=DIRECTION('center_axis',(0.50000000000013,-0.866025403784364,0.));
#1466=DIRECTION('ref_axis',(-0.866025403784364,-0.50000000000013,0.));
#1467=DIRECTION('',(-0.866025403784364,-0.50000000000013,0.));
#1468=DIRECTION('',(0.,0.,-1.));
#1469=DIRECTION('',(-0.866025403784364,-0.50000000000013,0.));
#1470=DIRECTION('center_axis',(1.,0.,0.));
#1471=DIRECTION('ref_axis',(0.,-1.,0.));
#1472=DIRECTION('',(0.,-1.,0.));
#1473=DIRECTION('',(0.,-1.,0.));
#1474=DIRECTION('center_axis',(0.,0.,-1.));
#1475=DIRECTION('ref_axis',(-1.,0.,0.));
#1476=DIRECTION('center_axis',(0.,0.,1.));
#1477=DIRECTION('ref_axis',(1.,0.,0.));
#1478=DIRECTION('center_axis',(0.,0.,1.));
#1479=DIRECTION('ref_axis',(1.,0.,0.));
#1480=DIRECTION('',(0.,0.,-1.));
#1481=DIRECTION('center_axis',(0.,0.,1.));
#1482=DIRECTION('ref_axis',(1.,0.,0.));
#1483=DIRECTION('center_axis',(0.,0.,1.));
#1484=DIRECTION('ref_axis',(1.,0.,0.));
#1485=DIRECTION('center_axis',(0.,0.,1.));
#1486=DIRECTION('ref_axis',(1.,0.,0.));
#1487=CARTESIAN_POINT('',(0.,0.,0.));
#1488=CARTESIAN_POINT('Origin',(0.,0.,0.));
#1489=CARTESIAN_POINT('',(1.46534851499261,0.000907863353186312,-0.160655045842906));
#1490=CARTESIAN_POINT('',(1.4648210729502,0.00162039691003986,-0.0893449541570928));
#1491=CARTESIAN_POINT('',(1.4635,-1.79227059055215E-16,0.));
#1492=CARTESIAN_POINT('',(-0.634007094575209,1.31904027763685,0.));
#1493=CARTESIAN_POINT('Ctrl Pts',(1.46534851499261,0.000907863353186312,
-0.160655045842906));
#1494=CARTESIAN_POINT('Ctrl Pts',(1.46565560464507,0.0472921419230293,-0.158123629529869));
#1495=CARTESIAN_POINT('Ctrl Pts',(1.4636453306399,0.0936475676818761,-0.155592213216832));
#1496=CARTESIAN_POINT('Ctrl Pts',(1.45923082197526,0.139770564449144,-0.153060796903795));
#1497=CARTESIAN_POINT('Ctrl Pts',(1.41301215285467,0.622665420566053,-0.126557577210067));
#1498=CARTESIAN_POINT('Ctrl Pts',(1.10325321898139,1.08008256479003,-0.10005435751634));
#1499=CARTESIAN_POINT('Ctrl Pts',(0.672032629227436,1.30264780826884,-0.0735511378226122));
#1500=CARTESIAN_POINT('Ctrl Pts',(0.273128076051612,1.50853382371406,-0.0490340918817415));
#1501=CARTESIAN_POINT('Ctrl Pts',(-0.229715398605369,1.51344898054334,-0.0245170459408708));
#1502=CARTESIAN_POINT('Ctrl Pts',(-0.635548257493477,1.32096862995681,-5.83141781517465E-17));
#1503=CARTESIAN_POINT('',(0.634007094575201,1.31904027763686,0.));
#1504=CARTESIAN_POINT('Origin',(0.,0.,0.));
#1505=CARTESIAN_POINT('Ctrl Pts',(0.634007094575202,1.31904027763685,4.16333634234434E-16));
#1506=CARTESIAN_POINT('Ctrl Pts',(1.07331251084367,1.10788467054765,-0.0265032196937272));
#1507=CARTESIAN_POINT('Ctrl Pts',(1.39500152061211,0.661827233030565,-0.0530064393874547));
#1508=CARTESIAN_POINT('Ctrl Pts',(1.45457236654625,0.181140065302493,-0.0795096590811823));
#1509=CARTESIAN_POINT('Ctrl Pts',(1.4619412429124,0.121679363440068,-0.0827880907731525));
#1510=CARTESIAN_POINT('Ctrl Pts',(1.46529930897014,0.0616887735421253,-0.0860665224651226));
#1511=CARTESIAN_POINT('Ctrl Pts',(1.4648210729502,0.00162039691003986,-0.0893449541570928));
#1512=CARTESIAN_POINT('Origin',(0.,0.,0.));
#1513=CARTESIAN_POINT('',(1.4616035551768,0.000867627315441072,-0.660655045842906));
#1514=CARTESIAN_POINT('',(1.46138034925214,0.000689811765071255,-0.589344954157091));
#1515=CARTESIAN_POINT('',(1.4635,-1.79227059055215E-16,0.));
#1516=CARTESIAN_POINT('Ctrl Pts',(1.4616035551768,0.000867627315441072,
-0.660655045842906));
#1517=CARTESIAN_POINT('Ctrl Pts',(1.46261255715564,0.188622294585297,-0.650476281025567));
#1518=CARTESIAN_POINT('Ctrl Pts',(1.42906702532264,0.376029762977874,-0.640297516208228));
#1519=CARTESIAN_POINT('Ctrl Pts',(1.35930593042309,0.548814562250474,-0.63011875139089));
#1520=CARTESIAN_POINT('Ctrl Pts',(1.17766369215778,0.99870741045322,-0.603615531697162));
#1521=CARTESIAN_POINT('Ctrl Pts',(0.75049270265453,1.34946371666166,-0.577112312003435));
#1522=CARTESIAN_POINT('Ctrl Pts',(0.273854232798176,1.44010513386574,-0.550609092309708));
#1523=CARTESIAN_POINT('Ctrl Pts',(-0.202784237058179,1.53074655106982,-0.52410587261598));
#1524=CARTESIAN_POINT('Ctrl Pts',(-0.728890187267638,1.36127307926954,-0.497602652922253));
#1525=CARTESIAN_POINT('Ctrl Pts',(-1.06298723434203,1.00944687019292,-0.471099433228525));
#1526=CARTESIAN_POINT('Ctrl Pts',(-1.39708428141643,0.657620661116291,-0.444596213534798));
#1527=CARTESIAN_POINT('Ctrl Pts',(-1.53917242535577,0.123441714763314,-0.41809299384107));
#1528=CARTESIAN_POINT('Ctrl Pts',(-1.42404322440058,-0.347868549611153,
-0.391589774147342));
#1529=CARTESIAN_POINT('Ctrl Pts',(-1.3089140234454,-0.819178813985615,-0.365086554453614));
#1530=CARTESIAN_POINT('Ctrl Pts',(-0.936567477595712,-1.22762039638157,
-0.338583334759887));
#1531=CARTESIAN_POINT('Ctrl Pts',(-0.477889666074593,-1.3858090957312,-0.31208011506616));
#1532=CARTESIAN_POINT('Ctrl Pts',(-0.0192118545534697,-1.54399779508083,
-0.285576895372432));
#1533=CARTESIAN_POINT('Ctrl Pts',(0.525797222639083,-1.45193361138414,-0.259073675678705));
#1534=CARTESIAN_POINT('Ctrl Pts',(0.906962559051414,-1.15171523553087,-0.232570455984977));
#1535=CARTESIAN_POINT('Ctrl Pts',(1.25172144516417,-0.880171779287027,-0.208598652604287));
#1536=CARTESIAN_POINT('Ctrl Pts',(1.46244046200619,-0.438338261476231,-0.184626849223596));
#1537=CARTESIAN_POINT('Ctrl Pts',(1.46534851499261,0.000907863353186312,
-0.160655045842906));
#1538=CARTESIAN_POINT('Ctrl Pts',(1.4648210729502,0.00162039691003986,-0.0893449541570928));
#1539=CARTESIAN_POINT('Ctrl Pts',(1.46143319386,-0.423910907068889,-0.11256974215885));
#1540=CARTESIAN_POINT('Ctrl Pts',(1.26552168763176,-0.853345914118434,-0.135794530160608));
#1541=CARTESIAN_POINT('Ctrl Pts',(0.939126694761286,-1.12595622685511,-0.159019318162365));
#1542=CARTESIAN_POINT('Ctrl Pts',(0.566657494942357,-1.43704845334559,-0.185522537856092));
#1543=CARTESIAN_POINT('Ctrl Pts',(0.0242664132046643,-1.54391600838748,
-0.21202575754982));
#1544=CARTESIAN_POINT('Ctrl Pts',(-0.438729262332079,-1.39858360981984,
-0.238528977243547));
#1545=CARTESIAN_POINT('Ctrl Pts',(-0.901724937868825,-1.2532512112522,-0.265032196937275));
#1546=CARTESIAN_POINT('Ctrl Pts',(-1.28532520720462,-0.85571885907503,-0.291535416631002));
#1547=CARTESIAN_POINT('Ctrl Pts',(-1.41365634680269,-0.387899708125301,
-0.31803863632473));
#1548=CARTESIAN_POINT('Ctrl Pts',(-1.54198748640075,0.0799194428244264,
-0.344541856018458));
#1549=CARTESIAN_POINT('Ctrl Pts',(-1.41504949626108,0.618025392546707,-0.371045075712185));
#1550=CARTESIAN_POINT('Ctrl Pts',(-1.0910040701036,0.979152302567983,-0.397548295405913));
#1551=CARTESIAN_POINT('Ctrl Pts',(-0.766958643946115,1.34027921258926,-0.42405151509964));
#1552=CARTESIAN_POINT('Ctrl Pts',(-0.245805781770813,1.52442708290953,-0.450554734793367));
#1553=CARTESIAN_POINT('Ctrl Pts',(0.233202516888338,1.44722566053062,-0.477057954487095));
#1554=CARTESIAN_POINT('Ctrl Pts',(0.712210815547486,1.37002423815171,-0.503561174180823));
#1555=CARTESIAN_POINT('Ctrl Pts',(1.14907455069048,1.03147352307363,-0.530064393874551));
#1556=CARTESIAN_POINT('Ctrl Pts',(1.34330945894264,0.586882796171667,-0.556567613568278));
#1557=CARTESIAN_POINT('Ctrl Pts',(1.42338153843071,0.40360315635565,-0.567493393764549));
#1558=CARTESIAN_POINT('Ctrl Pts',(1.46222013280211,0.202302577703379,-0.57841917396082));
#1559=CARTESIAN_POINT('Ctrl Pts',(1.46138034925214,0.000689811765071255,
-0.589344954157091));
#1560=CARTESIAN_POINT('Origin',(0.,0.,0.));
#1561=CARTESIAN_POINT('',(1.46219720575964,-0.00116391999763168,-1.16065504584291));
#1562=CARTESIAN_POINT('',(1.46255461743595,-0.0012637718905511,-1.08934495415709));
#1563=CARTESIAN_POINT('',(1.4635,-1.79227059055215E-16,0.));
#1564=CARTESIAN_POINT('Ctrl Pts',(1.46219720575964,-0.00116391999763168,
-1.16065504584291));
#1565=CARTESIAN_POINT('Ctrl Pts',(1.45975926849661,0.327315736069763,-1.14282893252127));
#1566=CARTESIAN_POINT('Ctrl Pts',(1.35033382565723,0.657267351935459,-1.12500281919963));
#1567=CARTESIAN_POINT('Ctrl Pts',(1.14716741782876,0.912642212838582,-1.10717670587799));
#1568=CARTESIAN_POINT('Ctrl Pts',(0.845106960570987,1.29232430733948,-1.08067348618426));
#1569=CARTESIAN_POINT('Ctrl Pts',(0.335835235932024,1.50715697966121,-1.05417026649053));
#1570=CARTESIAN_POINT('Ctrl Pts',(-0.146901842727663,1.4585364101193,-1.0276670467968));
#1571=CARTESIAN_POINT('Ctrl Pts',(-0.629638921387349,1.4099158405774,-1.00116382710308));
#1572=CARTESIAN_POINT('Ctrl Pts',(-1.08584135406776,1.09784202917186,-0.974660607409348));
#1573=CARTESIAN_POINT('Ctrl Pts',(-1.30612088974325,0.665550382356409,-0.948157387715621));
#1574=CARTESIAN_POINT('Ctrl Pts',(-1.52640042541874,0.233258735540958,-0.921654168021893));
#1575=CARTESIAN_POINT('Ctrl Pts',(-1.51075706408931,-0.319250746684406,
-0.895150948328166));
#1576=CARTESIAN_POINT('Ctrl Pts',(-1.26637096423277,-0.738385877474804,
-0.868647728634438));
#1577=CARTESIAN_POINT('Ctrl Pts',(-1.02198486437624,-1.1575210082652,-0.842144508940711));
#1578=CARTESIAN_POINT('Ctrl Pts',(-0.548856025992602,-1.44328178762064,
-0.815641289246983));
#1579=CARTESIAN_POINT('Ctrl Pts',(-0.0641412184087597,-1.46451126052674,
-0.789138069553255));
#1580=CARTESIAN_POINT('Ctrl Pts',(0.420573589175083,-1.48574073343284,-0.762634849859528));
#1581=CARTESIAN_POINT('Ctrl Pts',(0.91687436595913,-1.24243889988961,-0.736131630165801));
#1582=CARTESIAN_POINT('Ctrl Pts',(1.19696801083746,-0.846273288019471,-0.709628410472073));
#1583=CARTESIAN_POINT('Ctrl Pts',(1.36948954293123,-0.602258118191566,-0.693303955595684));
#1584=CARTESIAN_POINT('Ctrl Pts',(1.45998534240055,-0.300248730973663,-0.676979500719295));
#1585=CARTESIAN_POINT('Ctrl Pts',(1.4616035551768,0.000867627315441072,
-0.660655045842906));
#1586=CARTESIAN_POINT('Ctrl Pts',(1.46138034925214,0.000689811765071255,
-0.589344954157091));
#1587=CARTESIAN_POINT('Ctrl Pts',(1.46018302721146,-0.286759743955518,-0.604922393654547));
#1588=CARTESIAN_POINT('Ctrl Pts',(1.37832887734528,-0.574843903142736,-0.620499833152004));
#1589=CARTESIAN_POINT('Ctrl Pts',(1.2203249371654,-0.812238867819774,-0.63607727264946));
#1590=CARTESIAN_POINT('Ctrl Pts',(0.951499425774681,-1.2161390661834,-0.662580492343188));
#1591=CARTESIAN_POINT('Ctrl Pts',(0.462242321631917,-1.47330872418482,-0.689083712036916));
#1592=CARTESIAN_POINT('Ctrl Pts',(-0.0228790328659731,-1.46573380701505,
-0.715586931730643));
#1593=CARTESIAN_POINT('Ctrl Pts',(-0.508000387363864,-1.45815888984528,
-0.742090151424371));
#1594=CARTESIAN_POINT('Ctrl Pts',(-0.988985992216882,-1.18583939750432,
-0.768593371118098));
#1595=CARTESIAN_POINT('Ctrl Pts',(-1.24507673918847,-0.773753218974157,
-0.795096590811825));
#1596=CARTESIAN_POINT('Ctrl Pts',(-1.50116748616007,-0.361667040443994,
-0.821599810505553));
#1597=CARTESIAN_POINT('Ctrl Pts',(-1.53236337525023,0.190185824275378,-0.848103030199281));
#1598=CARTESIAN_POINT('Ctrl Pts',(-1.32434395263183,0.628509416716999,-0.874606249893009));
#1599=CARTESIAN_POINT('Ctrl Pts',(-1.11632453001343,1.06683300915862,-0.901109469586736));
#1600=CARTESIAN_POINT('Ctrl Pts',(-0.669089795686467,1.39162732932249,-0.927612689280463));
#1601=CARTESIAN_POINT('Ctrl Pts',(-0.18791304350948,1.45382121127377,-0.954115908974191));
#1602=CARTESIAN_POINT('Ctrl Pts',(0.293263708667506,1.51601509322505,-0.980619128667918));
#1603=CARTESIAN_POINT('Ctrl Pts',(0.808382478694512,1.31560853696374,-1.00712234836165));
#1604=CARTESIAN_POINT('Ctrl Pts',(1.12101422149125,0.944582624365168,-1.03362556805537));
#1605=CARTESIAN_POINT('Ctrl Pts',(1.34010268175944,0.684572251830248,-1.05219869675595));
#1606=CARTESIAN_POINT('Ctrl Pts',(1.45974909229889,0.340770148290844,-1.07077182545652));
#1607=CARTESIAN_POINT('Ctrl Pts',(1.46255461743595,-0.0012637718905511,
-1.08934495415709));
#1608=CARTESIAN_POINT('Origin',(0.,0.,0.));
#1609=CARTESIAN_POINT('',(1.46581445842007,-0.000349776394765744,-1.6606550458429));
#1610=CARTESIAN_POINT('',(1.46590771178301,-9.72805402671758E-5,-1.58934495415709));
#1611=CARTESIAN_POINT('',(1.4635,-1.79227059055215E-16,0.));
#1612=CARTESIAN_POINT('Ctrl Pts',(1.46581445842007,-0.000349776394765744,
-1.6606550458429));
#1613=CARTESIAN_POINT('Ctrl Pts',(1.46431519638188,0.466064910301723,-1.63518158401696));
#1614=CARTESIAN_POINT('Ctrl Pts',(1.22243889338347,0.933816887716144,-1.60970812219102));
#1615=CARTESIAN_POINT('Ctrl Pts',(0.840339359350933,1.20114054075201,-1.58423466036508));
#1616=CARTESIAN_POINT('Ctrl Pts',(0.442793554052402,1.47927068082289,-1.55773144067135));
#1617=CARTESIAN_POINT('Ctrl Pts',(-0.106541602402849,1.54044044217132,-1.53122822097763));
#1618=CARTESIAN_POINT('Ctrl Pts',(-0.55553180742043,1.35657408274163,-1.5047250012839));
#1619=CARTESIAN_POINT('Ctrl Pts',(-1.00452201243801,1.17270772331194,-1.47822178159017));
#1620=CARTESIAN_POINT('Ctrl Pts',(-1.35316726601793,0.743805243104127,-1.45171856189644));
#1621=CARTESIAN_POINT('Ctrl Pts',(-1.44144608016211,0.266724646052252,-1.42521534220272));
#1622=CARTESIAN_POINT('Ctrl Pts',(-1.5297248943063,-0.210355950999626,-1.39871212250899));
#1623=CARTESIAN_POINT('Ctrl Pts',(-1.35763726901475,-0.735614664895573,
-1.37220890281526));
#1624=CARTESIAN_POINT('Ctrl Pts',(-1.00416812789955,-1.06796779778364,-1.34570568312153));
#1625=CARTESIAN_POINT('Ctrl Pts',(-0.65069898678435,-1.40032093067171,-1.31920246342781));
#1626=CARTESIAN_POINT('Ctrl Pts',(-0.115848329845496,-1.53976848255189,
-1.29269924373408));
#1627=CARTESIAN_POINT('Ctrl Pts',(0.354897653248324,-1.42230673859038,-1.26619602404035));
#1628=CARTESIAN_POINT('Ctrl Pts',(0.825643636342141,-1.30484499462887,-1.23969280434662));
#1629=CARTESIAN_POINT('Ctrl Pts',(1.23228494559092,-0.930473954825663,-1.2131895846529));
#1630=CARTESIAN_POINT('Ctrl Pts',(1.38818100527702,-0.471022676584026,-1.18668636495917));
#1631=CARTESIAN_POINT('Ctrl Pts',(1.43922109431216,-0.320599155964081,-1.17800925858708));
#1632=CARTESIAN_POINT('Ctrl Pts',(1.46338390532663,-0.161055920308407,-1.16933215221499));
#1633=CARTESIAN_POINT('Ctrl Pts',(1.46219720575964,-0.00116391999763168,
-1.16065504584291));
#1634=CARTESIAN_POINT('Ctrl Pts',(1.46255461743595,-0.0012637718905511,
-1.08934495415709));
#1635=CARTESIAN_POINT('Ctrl Pts',(1.46375248075662,-0.147300562649454,-1.09727504515025));
#1636=CARTESIAN_POINT('Ctrl Pts',(1.44365027341051,-0.293015013926353,-1.1052051361434));
#1637=CARTESIAN_POINT('Ctrl Pts',(1.40089374337217,-0.431747502658185,-1.11313522713656));
#1638=CARTESIAN_POINT('Ctrl Pts',(1.25799680688987,-0.895406448147128,-1.13963844683028));
#1639=CARTESIAN_POINT('Ctrl Pts',(0.862058218358808,-1.28107907018918,-1.16614166652401));
#1640=CARTESIAN_POINT('Ctrl Pts',(0.394806362428955,-1.41174949759709,-1.19264488621774));
#1641=CARTESIAN_POINT('Ctrl Pts',(-0.0724454935008977,-1.542419925005,-1.21914810591147));
#1642=CARTESIAN_POINT('Ctrl Pts',(-0.611010616829541,-1.41808815777878,
-1.24565132560519));
#1643=CARTESIAN_POINT('Ctrl Pts',(-0.973698029357097,-1.09581984702849,
-1.27215454529892));
#1644=CARTESIAN_POINT('Ctrl Pts',(-1.33638544188465,-0.77355153627819,-1.29865776499265));
#1645=CARTESIAN_POINT('Ctrl Pts',(-1.52319514361112,-0.253346682003818,
-1.32516098468638));
#1646=CARTESIAN_POINT('Ctrl Pts',(-1.44838501783526,0.226030532855929,-1.3516642043801));
#1647=CARTESIAN_POINT('Ctrl Pts',(-1.3735748920594,0.705407747715676,-1.37816742407383));
#1648=CARTESIAN_POINT('Ctrl Pts',(-1.0371449387812,1.1439573231608,-1.40467064376756));
#1649=CARTESIAN_POINT('Ctrl Pts',(-0.59351007965729,1.34039348131563,-1.43117386346129));
#1650=CARTESIAN_POINT('Ctrl Pts',(-0.149875220533376,1.53682963947047,-1.45767708315501));
#1651=CARTESIAN_POINT('Ctrl Pts',(0.400964544436262,1.49115238033502,-1.48418030284874));
#1652=CARTESIAN_POINT('Ctrl Pts',(0.806184337928588,1.22432665407847,-1.51068352254247));
#1653=CARTESIAN_POINT('Ctrl Pts',(1.20708115276895,0.960347486496819,-1.53690399974734));
#1654=CARTESIAN_POINT('Ctrl Pts',(1.46544843814871,0.479913208809514,-1.56312447695222));
#1655=CARTESIAN_POINT('Ctrl Pts',(1.46590771178301,-9.72805402671758E-5,
-1.58934495415709));
#1656=CARTESIAN_POINT('Origin',(0.,0.,0.));
#1657=CARTESIAN_POINT('',(1.46325030121023,0.00134766558286439,-2.16065504584291));
#1658=CARTESIAN_POINT('',(1.46284588730237,0.00131487684999367,-2.08934495415709));
#1659=CARTESIAN_POINT('',(1.4635,-1.79227059055215E-16,0.));
#1660=CARTESIAN_POINT('Ctrl Pts',(1.46325030121023,0.00134766558286439,
-2.16065504584291));
#1661=CARTESIAN_POINT('Ctrl Pts',(1.46435676198248,0.123066980142508,-2.15403745520639));
#1662=CARTESIAN_POINT('Ctrl Pts',(1.45044357221478,0.244536833735203,-2.14741986456988));
#1663=CARTESIAN_POINT('Ctrl Pts',(1.42053330876381,0.361930869638992,-2.14080227393336));
#1664=CARTESIAN_POINT('Ctrl Pts',(1.30074374684015,0.83208988901433,-2.11429905423963));
#1665=CARTESIAN_POINT('Ctrl Pts',(0.924365192183178,1.23687382941787,-2.0877958345459));
#1666=CARTESIAN_POINT('Ctrl Pts',(0.464148184471641,1.39049462372453,-2.06129261485218));
#1667=CARTESIAN_POINT('Ctrl Pts',(0.00393117676010954,1.54411541803118,
-2.03478939515845));
#1668=CARTESIAN_POINT('Ctrl Pts',(-0.54012428400599,1.44657306624096,-2.00828617546472));
#1669=CARTESIAN_POINT('Ctrl Pts',(-0.918307173416301,1.14263763760442,-1.98178295577099));
#1670=CARTESIAN_POINT('Ctrl Pts',(-1.29649006282662,0.838702208967883,-1.95527973607727));
#1671=CARTESIAN_POINT('Ctrl Pts',(-1.50880038088114,0.328373703485026,-1.92877651638354));
#1672=CARTESIAN_POINT('Ctrl Pts',(-1.45779176252713,-0.154116880409953,
-1.90227329668981));
#1673=CARTESIAN_POINT('Ctrl Pts',(-1.40678314417313,-0.636607464304936,
-1.87577007699608));
#1674=CARTESIAN_POINT('Ctrl Pts',(-1.09245558941058,-1.09126012661204,-1.84926685730236));
#1675=CARTESIAN_POINT('Ctrl Pts',(-0.659079418832088,-1.30939801270566,
-1.82276363760863));
#1676=CARTESIAN_POINT('Ctrl Pts',(-0.225703248253596,-1.52753589879928,
-1.7962604179149));
#1677=CARTESIAN_POINT('Ctrl Pts',(0.326721538140849,-1.50915900867942,-1.76975719822117));
#1678=CARTESIAN_POINT('Ctrl Pts',(0.744642556071037,-1.26270198334382,-1.74325397852745));
#1679=CARTESIAN_POINT('Ctrl Pts',(1.16256357400123,-1.01624495800822,-1.71675075883372));
#1680=CARTESIAN_POINT('Ctrl Pts',(1.44598082346716,-0.541707797456882,-1.69024753913999));
#1681=CARTESIAN_POINT('Ctrl Pts',(1.46481122112922,-0.056893957784545,-1.66374431944626));
#1682=CARTESIAN_POINT('Ctrl Pts',(1.46554285865742,-0.0380569684834915,
-1.66271456157848));
#1683=CARTESIAN_POINT('Ctrl Pts',(1.46587506568619,-0.0192044651119318,
-1.66168480371069));
#1684=CARTESIAN_POINT('Ctrl Pts',(1.46581445842007,-0.000349776394765744,
-1.6606550458429));
#1685=CARTESIAN_POINT('Ctrl Pts',(1.46590771178301,-9.72805402671758E-5,
-1.58934495415709));
#1686=CARTESIAN_POINT('Ctrl Pts',(1.46591266425467,-0.00527336331609687,
-1.58962769664595));
#1687=CARTESIAN_POINT('Ctrl Pts',(1.4658876274626,-0.0104493968142786,-1.5899104391348));
#1688=CARTESIAN_POINT('Ctrl Pts',(1.46583245673751,-0.0156251090975293,
-1.59019318162365));
#1689=CARTESIAN_POINT('Ctrl Pts',(1.46066096003909,-0.500776952639343,-1.61669640131738));
#1690=CARTESIAN_POINT('Ctrl Pts',(1.19071814462723,-0.98310644634532,-1.64319962101111));
#1691=CARTESIAN_POINT('Ctrl Pts',(0.779902590230633,-1.24123361105733,-1.66970284070483));
#1692=CARTESIAN_POINT('Ctrl Pts',(0.36908703583404,-1.49936077576933,-1.69620606039856));
#1693=CARTESIAN_POINT('Ctrl Pts',(-0.18260125754729,-1.53328561148737,-1.72270928009229));
#1694=CARTESIAN_POINT('Ctrl Pts',(-0.621947943517032,-1.327437263866,-1.74921249978602));
#1695=CARTESIAN_POINT('Ctrl Pts',(-1.06129462948678,-1.12158891624462,-1.77571571947974));
#1696=CARTESIAN_POINT('Ctrl Pts',(-1.38829970804494,-0.67596738528382,-1.80221893917347));
#1697=CARTESIAN_POINT('Ctrl Pts',(-1.45287411736156,-0.19510441183018,-1.8287221588672));
#1698=CARTESIAN_POINT('Ctrl Pts',(-1.51744852667819,0.285758561623458,-1.85522537856093));
#1699=CARTESIAN_POINT('Ctrl Pts',(-1.31959226675329,0.801862977569934,-1.88172859825466));
#1700=CARTESIAN_POINT('Ctrl Pts',(-0.950117567584301,1.11632680665562,-1.90823181794838));
#1701=CARTESIAN_POINT('Ctrl Pts',(-0.580642868415309,1.43079063574131,-1.93473503764211));
#1702=CARTESIAN_POINT('Ctrl Pts',(-0.0395497300022215,1.5436138779662,-1.96123825733584));
#1703=CARTESIAN_POINT('Ctrl Pts',(0.424810472653329,1.40301282772663,-1.98774147702956));
#1704=CARTESIAN_POINT('Ctrl Pts',(0.889170675308878,1.26241177748706,-2.01424469672329));
#1705=CARTESIAN_POINT('Ctrl Pts',(1.27679794220689,0.868386434783037,-2.04074791641702));
#1706=CARTESIAN_POINT('Ctrl Pts',(1.40977879030816,0.401786877029438,-2.06725113611075));
#1707=CARTESIAN_POINT('Ctrl Pts',(1.44673096310767,0.272130105152362,-2.0746157421262));
#1708=CARTESIAN_POINT('Ctrl Pts',(1.46402060870874,0.136869514128481,-2.08198034814165));
#1709=CARTESIAN_POINT('Ctrl Pts',(1.46284588730237,0.00131487684999367,
-2.08934495415709));
#1710=CARTESIAN_POINT('Origin',(0.,0.,0.));
#1711=CARTESIAN_POINT('',(1.46113927500244,-0.000306542829272838,-2.66065504584291));
#1712=CARTESIAN_POINT('',(1.46125604813065,-0.000523416682376479,-2.58934495415709));
#1713=CARTESIAN_POINT('',(1.4635,-1.79227059055215E-16,0.));
#1714=CARTESIAN_POINT('Ctrl Pts',(1.46113927500244,-0.000306542829272838,
-2.66065504584291));
#1715=CARTESIAN_POINT('Ctrl Pts',(1.46064768239231,0.263029069007323,-2.64639010670209));
#1716=CARTESIAN_POINT('Ctrl Pts',(1.39276501561386,0.526601006200716,-2.63212516756127));
#1717=CARTESIAN_POINT('Ctrl Pts',(1.25900204275969,0.75088127692343,-2.61786022842046));
#1718=CARTESIAN_POINT('Ctrl Pts',(1.01048016534795,1.16757771209606,-2.59135700872673));
#1719=CARTESIAN_POINT('Ctrl Pts',(0.534546467317347,1.44864348706838,-2.564853789033));
#1720=CARTESIAN_POINT('Ctrl Pts',(0.0496453902120542,1.46507480045876,-2.53835056933927));
#1721=CARTESIAN_POINT('Ctrl Pts',(-0.435255686893236,1.48150611384914,-2.51184734964554));
#1722=CARTESIAN_POINT('Ctrl Pts',(-0.929124143073218,1.23330296565757,-2.48534412995182));
#1723=CARTESIAN_POINT('Ctrl Pts',(-1.20528382668614,0.8343858417032,-2.45884091025809));
#1724=CARTESIAN_POINT('Ctrl Pts',(-1.48144351029906,0.435468717748828,-2.43233769056436));
#1725=CARTESIAN_POINT('Ctrl Pts',(-1.53989442134491,-0.114162381968352,
-2.40583447087063));
#1726=CARTESIAN_POINT('Ctrl Pts',(-1.3538087124274,-0.562237321655345,-2.37933125117691));
#1727=CARTESIAN_POINT('Ctrl Pts',(-1.16772300350989,-1.01031226134234,-2.35282803148318));
#1728=CARTESIAN_POINT('Ctrl Pts',(-0.737100674629012,-1.35683104099915,
-2.32632481178945));
#1729=CARTESIAN_POINT('Ctrl Pts',(-0.259589117719186,-1.44274818512333,
-2.29982159209573));
#1730=CARTESIAN_POINT('Ctrl Pts',(0.217922439190643,-1.52866532924751,-2.273318372402));
#1731=CARTESIAN_POINT('Ctrl Pts',(0.742323224129419,-1.35398083783906,-2.24681515270827));
#1732=CARTESIAN_POINT('Ctrl Pts',(1.07292333200363,-0.998871542961268,-2.22031193301454));
#1733=CARTESIAN_POINT('Ctrl Pts',(1.32097587759742,-0.732429510849253,-2.20042630395733));
#1734=CARTESIAN_POINT('Ctrl Pts',(1.45992542518028,-0.364414629394293,-2.18054067490012));
#1735=CARTESIAN_POINT('Ctrl Pts',(1.46325030121023,0.00134766558286439,
-2.16065504584291));
#1736=CARTESIAN_POINT('Ctrl Pts',(1.46284588730237,0.00131487684999367,
-2.08934495415709));
#1737=CARTESIAN_POINT('Ctrl Pts',(1.4597931049636,-0.350954861643865,-2.10848356783537));
#1738=CARTESIAN_POINT('Ctrl Pts',(1.33204322668813,-0.70521040956222,-2.12762218151365));
#1739=CARTESIAN_POINT('Ctrl Pts',(1.10062424235359,-0.968264018333001,-2.14676079519193));
#1740=CARTESIAN_POINT('Ctrl Pts',(0.780154416993222,-1.33254158313866,-2.17326401488566));
#1741=CARTESIAN_POINT('Ctrl Pts',(0.260880336967966,-1.5219229399468,-2.19976723457939));
#1742=CARTESIAN_POINT('Ctrl Pts',(-0.218861151917839,-1.44948567718786,
-2.22627045427311));
#1743=CARTESIAN_POINT('Ctrl Pts',(-0.698602640803641,-1.37704841442892,
-2.25277367396684));
#1744=CARTESIAN_POINT('Ctrl Pts',(-1.13881153854999,-1.04279253210289,-2.27927689366057));
#1745=CARTESIAN_POINT('Ctrl Pts',(-1.33744040191288,-0.600135071023806,
-2.30578011335429));
#1746=CARTESIAN_POINT('Ctrl Pts',(-1.53606926527578,-0.157477609944715,
-2.33228333304802));
#1747=CARTESIAN_POINT('Ctrl Pts',(-1.4931180942552,0.393581429887442,-2.35878655274175));
#1748=CARTESIAN_POINT('Ctrl Pts',(-1.22830065278776,0.800116515573394,-2.38528977243548));
#1749=CARTESIAN_POINT('Ctrl Pts',(-0.963483211320321,1.20665160125935,-2.41179299212921));
#1750=CARTESIAN_POINT('Ctrl Pts',(-0.476799499406014,1.46866273279909,-2.43829621182293));
#1751=CARTESIAN_POINT('Ctrl Pts',(0.00837199117188055,1.4658918247658,-2.46479943151666));
#1752=CARTESIAN_POINT('Ctrl Pts',(0.493543481749768,1.46312091673251,-2.49130265121039));
#1753=CARTESIAN_POINT('Ctrl Pts',(0.977202750991239,1.19556796912619,-2.51780587090411));
#1754=CARTESIAN_POINT('Ctrl Pts',(1.2373594682985,0.786034654678224,-2.54430909059784));
#1755=CARTESIAN_POINT('Ctrl Pts',(1.38471744417296,0.554066782024997,-2.55932104511759));
#1756=CARTESIAN_POINT('Ctrl Pts',(1.46036872719925,0.27654711379951,-2.57433299963734));
#1757=CARTESIAN_POINT('Ctrl Pts',(1.46125604813065,-0.000523416682376479,
-2.58934495415709));
#1758=CARTESIAN_POINT('Origin',(0.,0.,0.));
#1759=CARTESIAN_POINT('',(1.46437840905619,-0.00122753351252433,-3.1606550458429));
#1760=CARTESIAN_POINT('',(1.46476989821586,-0.00110676076346624,-3.08934495415709));
#1761=CARTESIAN_POINT('',(1.4635,-1.79227059055215E-16,0.));
#1762=CARTESIAN_POINT('Ctrl Pts',(1.46437840905619,-0.00122753351252433,
-3.1606550458429));
#1763=CARTESIAN_POINT('Ctrl Pts',(1.46076693105671,0.401015235784459,-3.13874275819779));
#1764=CARTESIAN_POINT('Ctrl Pts',(1.28849602557801,0.805975658992016,-3.11683047055267));
#1765=CARTESIAN_POINT('Ctrl Pts',(0.993550501933881,1.07785260393729,-3.09491818290755));
#1766=CARTESIAN_POINT('Ctrl Pts',(0.636809748187742,1.40669158771857,-3.06841496321382));
#1767=CARTESIAN_POINT('Ctrl Pts',(0.1006053233373,1.54083952677148,-3.0419117435201));
#1768=CARTESIAN_POINT('Ctrl Pts',(-0.368955223132022,1.41872508930768,-3.01540852382637));
#1769=CARTESIAN_POINT('Ctrl Pts',(-0.838515769601343,1.29661065184387,-2.98890530413264));
#1770=CARTESIAN_POINT('Ctrl Pts',(-1.24143243768954,0.91823383786335,-2.96240208443891));
#1771=CARTESIAN_POINT('Ctrl Pts',(-1.39277420252179,0.457262349748177,-2.93589886474518));
#1772=CARTESIAN_POINT('Ctrl Pts',(-1.54411596735404,-0.00370913836699578,
-2.90939564505146));
#1773=CARTESIAN_POINT('Ctrl Pts',(-1.44388282893033,-0.547275300616818,
-2.88289242535773));
#1774=CARTESIAN_POINT('Ctrl Pts',(-1.13807987585389,-0.92394969120824,-2.856389205664));
#1775=CARTESIAN_POINT('Ctrl Pts',(-0.832276922777451,-1.30062408179966,
-2.82988598597028));
#1776=CARTESIAN_POINT('Ctrl Pts',(-0.320904155048269,-1.51040670073269,
-2.80338276627655));
#1777=CARTESIAN_POINT('Ctrl Pts',(0.161328132329042,-1.45701134842075,-2.77687954658282));
#1778=CARTESIAN_POINT('Ctrl Pts',(0.64356041970635,-1.40361599610881,-2.75037632688909));
#1779=CARTESIAN_POINT('Ctrl Pts',(1.09665222673179,-1.08704267255192,-2.72387310719536));
#1780=CARTESIAN_POINT('Ctrl Pts',(1.31264310184806,-0.652592463087017,-2.69736988750164));
#1781=CARTESIAN_POINT('Ctrl Pts',(1.41238030197274,-0.451978212775359,-2.68513160694873));
#1782=CARTESIAN_POINT('Ctrl Pts',(1.46156102571733,-0.226229350169349,-2.67289332639582));
#1783=CARTESIAN_POINT('Ctrl Pts',(1.46113927500244,-0.000306542829272838,
-2.66065504584291));
#1784=CARTESIAN_POINT('Ctrl Pts',(1.46125604813065,-0.000523416682376479,
-2.58934495415709));
#1785=CARTESIAN_POINT('Ctrl Pts',(1.46193526948745,-0.212613783294773,-2.60083621933107));
#1786=CARTESIAN_POINT('Ctrl Pts',(1.4188064812239,-0.424440977249632,-2.61232748450505));
#1787=CARTESIAN_POINT('Ctrl Pts',(1.33049840534303,-0.615372184553477,-2.62381874967903));
#1788=CARTESIAN_POINT('Ctrl Pts',(1.12682645970726,-1.05573202804758,-2.65032196937275));
#1789=CARTESIAN_POINT('Ctrl Pts',(0.682828403062651,-1.38493803374618,-2.67682518906648));
#1790=CARTESIAN_POINT('Ctrl Pts',(0.202290829910232,-1.45189095743425,-2.70332840876021));
#1791=CARTESIAN_POINT('Ctrl Pts',(-0.27824674324219,-1.51884388112233,-2.72983162845394));
#1792=CARTESIAN_POINT('Ctrl Pts',(-0.795323832902431,-1.32354372279989,
-2.75633484814766));
#1793=CARTESIAN_POINT('Ctrl Pts',(-1.11161196967738,-0.955629510330106,
-2.78283806784139));
#1794=CARTESIAN_POINT('Ctrl Pts',(-1.42790010645232,-0.587715297860323,
-2.80934128753512));
#1795=CARTESIAN_POINT('Ctrl Pts',(-1.54339929034197,-0.0471870312431976,
-2.83584450722885));
#1796=CARTESIAN_POINT('Ctrl Pts',(-1.40509761059522,0.417863179573673,-2.86234772692257));
#1797=CARTESIAN_POINT('Ctrl Pts',(-1.26679593084846,0.882913390390554,-2.8888509466163));
#1798=CARTESIAN_POINT('Ctrl Pts',(-0.874693387465289,1.27248554540717,-2.91535416631003));
#1799=CARTESIAN_POINT('Ctrl Pts',(-0.408757529437645,1.40777349537211,-2.94185738600376));
#1800=CARTESIAN_POINT('Ctrl Pts',(0.0571783285899924,1.54306144533704,-2.96836060569748));
#1801=CARTESIAN_POINT('Ctrl Pts',(0.596947501262096,1.42406519025029,-2.99486382539121));
#1802=CARTESIAN_POINT('Ctrl Pts',(0.962806288195761,1.10540172948782,-3.02136704508494));
#1803=CARTESIAN_POINT('Ctrl Pts',(1.27560243949143,0.832955890697198,-3.04402634810899));
#1804=CARTESIAN_POINT('Ctrl Pts',(1.46127640848284,0.414560568715465,-3.06668565113304));
#1805=CARTESIAN_POINT('Ctrl Pts',(1.46476989821586,-0.00110676076346624,
-3.08934495415709));
#1806=CARTESIAN_POINT('Origin',(0.,0.,0.));
#1807=CARTESIAN_POINT('',(1.4651451410314,0.000938362656894564,-3.66065504584291));
#1808=CARTESIAN_POINT('',(1.46479026197393,0.00109909968791647,-3.58934495415709));
#1809=CARTESIAN_POINT('',(1.4635,-1.79227059055215E-16,0.));
#1810=CARTESIAN_POINT('Ctrl Pts',(1.4651451410314,0.000938362656894564,
-3.66065504584291));
#1811=CARTESIAN_POINT('Ctrl Pts',(1.46556270150607,0.0569684455963607,-3.65759862938722));
#1812=CARTESIAN_POINT('Ctrl Pts',(1.46262803925762,0.112954370356056,-3.65454221293152));
#1813=CARTESIAN_POINT('Ctrl Pts',(1.45619526267951,0.168535434426165,-3.65148579647583));
#1814=CARTESIAN_POINT('Ctrl Pts',(1.40041448366529,0.650497618969968,-3.6249825767821));
#1815=CARTESIAN_POINT('Ctrl Pts',(1.08160314185987,1.1020174780211,-3.59847935708837));
#1816=CARTESIAN_POINT('Ctrl Pts',(0.646089530062713,1.31585605400089,-3.57197613739465));
#1817=CARTESIAN_POINT('Ctrl Pts',(0.210575918265557,1.52969462998068,-3.54547291770092));
#1818=CARTESIAN_POINT('Ctrl Pts',(-0.341639963523328,1.50585192288914,-3.51896969800719));
#1819=CARTESIAN_POINT('Ctrl Pts',(-0.757101614097528,1.2552712781062,-3.49246647831346));
#1820=CARTESIAN_POINT('Ctrl Pts',(-1.17256326467173,1.00469063332327,-3.46596325861974));
#1821=CARTESIAN_POINT('Ctrl Pts',(-1.45127068403124,0.527372050848943,-3.43946003892601));
#1822=CARTESIAN_POINT('Ctrl Pts',(-1.46530251080142,0.0423956076321993,
-3.41295681923228));
#1823=CARTESIAN_POINT('Ctrl Pts',(-1.4793343375716,-0.442580835584545,-3.38645359953855));
#1824=CARTESIAN_POINT('Ctrl Pts',(-1.22869057175245,-0.935215139543708,
-3.35995037984483));
#1825=CARTESIAN_POINT('Ctrl Pts',(-0.828411895853734,-1.20939760480806,
-3.3334471601511));
#1826=CARTESIAN_POINT('Ctrl Pts',(-0.428133219955019,-1.48358007007241,
-3.30694394045737));
#1827=CARTESIAN_POINT('Ctrl Pts',(0.121780366023262,-1.53931069664196,-3.28044072076364));
#1828=CARTESIAN_POINT('Ctrl Pts',(0.568929070506091,-1.35101019553538,-3.25393750106992));
#1829=CARTESIAN_POINT('Ctrl Pts',(1.01607777498892,-1.16270969442879,-3.22743428137619));
#1830=CARTESIAN_POINT('Ctrl Pts',(1.36046159797631,-0.730378065646056,-3.20093106168246));
#1831=CARTESIAN_POINT('Ctrl Pts',(1.44401496814908,-0.252447236999862,-3.17442784198873));
#1832=CARTESIAN_POINT('Ctrl Pts',(1.45848822269431,-0.169659259402955,-3.16983690994012));
#1833=CARTESIAN_POINT('Ctrl Pts',(1.46513506442505,-0.0855030437100317,
-3.16524597789151));
#1834=CARTESIAN_POINT('Ctrl Pts',(1.46437840905619,-0.00122753351252433,
-3.1606550458429));
#1835=CARTESIAN_POINT('Ctrl Pts',(1.46476989821586,-0.00110676076346624,
-3.08934495415709));
#1836=CARTESIAN_POINT('Ctrl Pts',(1.46536253265858,-0.0716204290403772,
-3.09318887082677));
#1837=CARTESIAN_POINT('Ctrl Pts',(1.46071244697658,-0.142055592192849,-3.09703278749644));
#1838=CARTESIAN_POINT('Ctrl Pts',(1.45055085617224,-0.211686432729983,-3.10087670416612));
#1839=CARTESIAN_POINT('Ctrl Pts',(1.38048823601984,-0.691780467747123,-3.12737992385985));
#1840=CARTESIAN_POINT('Ctrl Pts',(1.04841459451981,-1.1336378713432,-3.15388314355358));
#1841=CARTESIAN_POINT('Ctrl Pts',(0.606745365731752,-1.33445456771936,-3.1803863632473));
#1842=CARTESIAN_POINT('Ctrl Pts',(0.165076136943697,-1.53527126409552,-3.20688958294103));
#1843=CARTESIAN_POINT('Ctrl Pts',(-0.386188679132378,-1.49504725325177,
-3.23339280263476));
#1844=CARTESIAN_POINT('Ctrl Pts',(-0.794029102215891,-1.23224458488492,
-3.25989602232849));
#1845=CARTESIAN_POINT('Ctrl Pts',(-1.2018695252994,-0.969441916518079,-3.28639924202221));
#1846=CARTESIAN_POINT('Ctrl Pts',(-1.46628555539035,-0.484060590628148,
-3.31290246171594));
#1847=CARTESIAN_POINT('Ctrl Pts',(-1.46591530475629,0.00111867120827138,
-3.33940568140967));
#1848=CARTESIAN_POINT('Ctrl Pts',(-1.46554505412223,0.48629793304469,-3.3659089011034));
#1849=CARTESIAN_POINT('Ctrl Pts',(-1.20038852276315,0.971275130827599,-3.39241212079712));
#1850=CARTESIAN_POINT('Ctrl Pts',(-0.792147474294747,1.23345503003249,-3.41891534049085));
#1851=CARTESIAN_POINT('Ctrl Pts',(-0.383906425826343,1.49563492923738,-3.44541856018458));
#1852=CARTESIAN_POINT('Ctrl Pts',(0.167419139751377,1.53501752986426,-3.47192177987831));
#1853=CARTESIAN_POINT('Ctrl Pts',(0.60878135930145,1.33352697337214,-3.49842499957203));
#1854=CARTESIAN_POINT('Ctrl Pts',(1.05014357885152,1.13203641688003,-3.52492821926576));
#1855=CARTESIAN_POINT('Ctrl Pts',(1.38154245237394,0.689672703268916,-3.55143143895949));
#1856=CARTESIAN_POINT('Ctrl Pts',(1.45087225137237,0.209472294926209,-3.57793465865322));
#1857=CARTESIAN_POINT('Ctrl Pts',(1.46082165252612,0.140559553712246,-3.58173809048784));
#1858=CARTESIAN_POINT('Ctrl Pts',(1.46537383796442,0.070867579756698,-3.58554152232247));
#1859=CARTESIAN_POINT('Ctrl Pts',(1.46479026197393,0.00109909968791647,
-3.58934495415709));
#1860=CARTESIAN_POINT('Origin',(0.,0.,0.));
#1861=CARTESIAN_POINT('',(1.46144384539992,0.000736203742617985,-4.16065504584291));
#1862=CARTESIAN_POINT('',(1.46126411388782,0.000534808756606323,-4.08934495415709));
#1863=CARTESIAN_POINT('',(1.4635,-1.79227059055215E-16,0.));
#1864=CARTESIAN_POINT('Ctrl Pts',(1.46144384539992,0.000736203742617986,
-4.16065504584291));
#1865=CARTESIAN_POINT('Ctrl Pts',(1.46234034310865,0.198228499782216,-4.14995128088291));
#1866=CARTESIAN_POINT('Ctrl Pts',(1.42511950216036,0.395396964687857,-4.13924751592292));
#1867=CARTESIAN_POINT('Ctrl Pts',(1.34817860219768,0.575606890406791,-4.12854375096292));
#1868=CARTESIAN_POINT('Ctrl Pts',(1.15766791901605,1.0218184122564,-4.1020405312692));
#1869=CARTESIAN_POINT('Ctrl Pts',(0.723637574998128,1.36405884711619,-4.07553731157547));
#1870=CARTESIAN_POINT('Ctrl Pts',(0.245299175677311,1.44524639771891,-4.04903409188174));
#1871=CARTESIAN_POINT('Ctrl Pts',(-0.233039223643502,1.52643394832163,-4.02253087218801));
#1872=CARTESIAN_POINT('Ctrl Pts',(-0.755685678267219,1.34656861466727,-3.99602765249429));
#1873=CARTESIAN_POINT('Ctrl Pts',(-1.08275548707343,0.988205136052145,-3.96952443280056));
#1874=CARTESIAN_POINT('Ctrl Pts',(-1.40982529587964,0.629841657437014,-3.94302121310683));
#1875=CARTESIAN_POINT('Ctrl Pts',(-1.54131845886835,0.0929800338611139,
-3.9165179934131));
#1876=CARTESIAN_POINT('Ctrl Pts',(-1.41688213556036,-0.375970543576702,
-3.89001477371938));
#1877=CARTESIAN_POINT('Ctrl Pts',(-1.29244581225238,-0.844921121014517,
-3.86351155402565));
#1878=CARTESIAN_POINT('Ctrl Pts',(-0.912080002647682,-1.24596065231424,
-3.83700833433192));
#1879=CARTESIAN_POINT('Ctrl Pts',(-0.450365319981547,-1.39501968239354,
-3.81050511463819));
#1880=CARTESIAN_POINT('Ctrl Pts',(0.0113493626845885,-1.54407871247284,
-3.78400189494447));
#1881=CARTESIAN_POINT('Ctrl Pts',(0.55441291841216,-1.44115724133172,-3.75749867525074));
#1882=CARTESIAN_POINT('Ctrl Pts',(0.929569588164446,-1.13349425074292,-3.73099545555701));
#1883=CARTESIAN_POINT('Ctrl Pts',(1.2614622684036,-0.861311712646676,-3.70754865231898));
#1884=CARTESIAN_POINT('Ctrl Pts',(1.46194189355789,-0.4288873332641,-3.68410184908094));
#1885=CARTESIAN_POINT('Ctrl Pts',(1.4651451410314,0.000938362656894564,
-3.66065504584291));
#1886=CARTESIAN_POINT('Ctrl Pts',(1.46479026197393,0.00109909968791647,
-3.58934495415709));
#1887=CARTESIAN_POINT('Ctrl Pts',(1.46130734134858,-0.415295820919209,-3.61204474201619));
#1888=CARTESIAN_POINT('Ctrl Pts',(1.27488926943411,-0.834415879286921,-3.6347445298753));
#1889=CARTESIAN_POINT('Ctrl Pts',(0.961118056557846,-1.10686991715489,-3.6574443177344));
#1890=CARTESIAN_POINT('Ctrl Pts',(0.594773338270434,-1.42497461781897,-3.68394753742813));
#1891=CARTESIAN_POINT('Ctrl Pts',(0.0548231772211588,-1.54314691607282,
-3.71045075712186));
#1892=CARTESIAN_POINT('Ctrl Pts',(-0.410905656012398,-1.4071479929279,-3.73695397681558));
#1893=CARTESIAN_POINT('Ctrl Pts',(-0.876634489245955,-1.27114906978298,
-3.76345719650931));
#1894=CARTESIAN_POINT('Ctrl Pts',(-1.26814199466379,-0.880978925239304,
-3.78996041620304));
#1895=CARTESIAN_POINT('Ctrl Pts',(-1.40573373429031,-0.415718174274626,
-3.81646363589677));
#1896=CARTESIAN_POINT('Ctrl Pts',(-1.54332547391682,0.049542576690056,-3.84296685559049));
#1897=CARTESIAN_POINT('Ctrl Pts',(-1.427001447752,0.589893934075737,-3.86947007528422));
#1898=CARTESIAN_POINT('Ctrl Pts',(-1.11015215333546,0.957324985879212,-3.89597329497795));
#1899=CARTESIAN_POINT('Ctrl Pts',(-0.793302858918923,1.32475603768268,-3.92247651467167));
#1900=CARTESIAN_POINT('Ctrl Pts',(-0.275928296250663,1.51926678390395,-3.9489797343654));
#1901=CARTESIAN_POINT('Ctrl Pts',(0.204506530869903,1.45158052169887,-3.97548295405913));
#1902=CARTESIAN_POINT('Ctrl Pts',(0.684941357990478,1.38389425949378,-4.00198617375286));
#1903=CARTESIAN_POINT('Ctrl Pts',(1.12843644956336,1.05401098886232,-4.02848939344659));
#1904=CARTESIAN_POINT('Ctrl Pts',(1.33143606241044,0.613340805634988,-4.05499261314031));
#1905=CARTESIAN_POINT('Ctrl Pts',(1.41914253741466,0.422948184347361,-4.06644339347924));
#1906=CARTESIAN_POINT('Ctrl Pts',(1.46195589024581,0.211875047863799,-4.07789417381817));
#1907=CARTESIAN_POINT('Ctrl Pts',(1.46126411388782,0.000534808756606323,
-4.08934495415709));
#1908=CARTESIAN_POINT('Origin',(0.,0.,0.));
#1909=CARTESIAN_POINT('',(1.46244480200977,-0.00123786654511238,-4.66065504584291));
#1910=CARTESIAN_POINT('',(1.46282454183512,-0.0013119568970902,-4.5893449541571));
#1911=CARTESIAN_POINT('',(1.4635,-1.79227059055215E-16,0.));
#1912=CARTESIAN_POINT('Ctrl Pts',(1.46244480200977,-0.00123786654511238,
-4.66065504584291));
#1913=CARTESIAN_POINT('Ctrl Pts',(1.459744324307,0.336771473765776,-4.64230393237861));
#1914=CARTESIAN_POINT('Ctrl Pts',(1.34319272217439,0.676461472286483,-4.62395281891431));
#1915=CARTESIAN_POINT('Ctrl Pts',(1.1288808745747,0.93516672670007,-4.60560170545002));
#1916=CARTESIAN_POINT('Ctrl Pts',(0.81936537890986,1.30879649074599,-4.57909848575629));
#1917=CARTESIAN_POINT('Ctrl Pts',(0.305941671637983,1.51350836532227,-4.55259526606257));
#1918=CARTESIAN_POINT('Ctrl Pts',(-0.175738610312258,1.45534352527263,-4.52609204636884));
#1919=CARTESIAN_POINT('Ctrl Pts',(-0.657418892262508,1.397178685223,-4.49958882667511));
#1920=CARTESIAN_POINT('Ctrl Pts',(-1.10735574889113,1.07613713054745,-4.47308560698138));
#1921=CARTESIAN_POINT('Ctrl Pts',(-1.31903679037789,0.639570778989352,-4.44658238728765));
#1922=CARTESIAN_POINT('Ctrl Pts',(-1.53071783186466,0.203004427431258,-4.42007916759392));
#1923=CARTESIAN_POINT('Ctrl Pts',(-1.50414305820957,-0.349086721009384,
-4.3935759479002));
#1924=CARTESIAN_POINT('Ctrl Pts',(-1.2515097809589,-0.763303415341288,-4.36707272820647));
#1925=CARTESIAN_POINT('Ctrl Pts',(-0.99887650370822,-1.17752010967319,-4.34056950851275));
#1926=CARTESIAN_POINT('Ctrl Pts',(-0.520184722861943,-1.45386234989636,
-4.31406628881902));
#1927=CARTESIAN_POINT('Ctrl Pts',(-0.035144787091196,-1.46549434650829,
-4.28756306912529));
#1928=CARTESIAN_POINT('Ctrl Pts',(0.449895148679554,-1.47712634312023,-4.26105984943156));
#1929=CARTESIAN_POINT('Ctrl Pts',(0.941283239374774,-1.22404809612093,-4.23455662973784));
#1930=CARTESIAN_POINT('Ctrl Pts',(1.21348177354971,-0.822417668201567,-4.20805341004411));
#1931=CARTESIAN_POINT('Ctrl Pts',(1.37574841394221,-0.582992351619985,-4.19225395531037));
#1932=CARTESIAN_POINT('Ctrl Pts',(1.46012055634968,-0.290775297416185,-4.17645450057664));
#1933=CARTESIAN_POINT('Ctrl Pts',(1.46144384539992,0.000736203742617986,
-4.16065504584291));
#1934=CARTESIAN_POINT('Ctrl Pts',(1.46126411388782,0.000534808756606323,
-4.08934495415709));
#1935=CARTESIAN_POINT('Ctrl Pts',(1.46035475038878,-0.277279107695508,-4.10439739351189));
#1936=CARTESIAN_POINT('Ctrl Pts',(1.38426854670074,-0.555554577339738,-4.11944983286669));
#1937=CARTESIAN_POINT('Ctrl Pts',(1.23615834824334,-0.787922248836957,-4.13450227222149));
#1938=CARTESIAN_POINT('Ctrl Pts',(0.975376887107861,-1.19705802425841,-4.16100549191522));
#1939=CARTESIAN_POINT('Ctrl Pts',(0.491309830715602,-1.46387247927812,-4.18750871160895));
#1940=CARTESIAN_POINT('Ctrl Pts',(0.0061346761443733,-1.46590289511025,
-4.21401193130268));
#1941=CARTESIAN_POINT('Ctrl Pts',(-0.479040478426855,-1.46793331094237,
-4.24051515099641));
#1942=CARTESIAN_POINT('Ctrl Pts',(-0.965323731177059,-1.2051796875869,-4.26701837069013));
#1943=CARTESIAN_POINT('Ctrl Pts',(-1.22952039339486,-0.798240899960751,
-4.29352159038386));
#1944=CARTESIAN_POINT('Ctrl Pts',(-1.49371705561266,-0.391302112334601,
-4.32002481007758));
#1945=CARTESIAN_POINT('Ctrl Pts',(-1.53582712729806,0.159821839562233,-4.34652802977132));
#1946=CARTESIAN_POINT('Ctrl Pts',(-1.33652289299247,0.602175629406437,-4.37303124946505));
#1947=CARTESIAN_POINT('Ctrl Pts',(-1.13721865868688,1.04452941925064,-4.39953446915878));
#1948=CARTESIAN_POINT('Ctrl Pts',(-0.696500118390298,1.37811304704221,-4.4260376888525));
#1949=CARTESIAN_POINT('Ctrl Pts',(-0.216648631484335,1.44981802396713,-4.45254090854622));
#1950=CARTESIAN_POINT('Ctrl Pts',(0.263202855421632,1.52152300089206,-4.47904412823995));
#1951=CARTESIAN_POINT('Ctrl Pts',(0.782187288936977,1.33134932695033,-4.50554734793368));
#1952=CARTESIAN_POINT('Ctrl Pts',(1.10210076541215,0.966583071971549,-4.53205056762741));
#1953=CARTESIAN_POINT('Ctrl Pts',(1.33262931488698,0.70373376476472,-4.55114869647064));
#1954=CARTESIAN_POINT('Ctrl Pts',(1.45978839924705,0.350225619206281,-4.57024682531387));
#1955=CARTESIAN_POINT('Ctrl Pts',(1.46282454183512,-0.0013119568970902,
-4.5893449541571));
#1956=CARTESIAN_POINT('Origin',(0.,0.,0.));
#1957=CARTESIAN_POINT('',(1.46589050476674,-0.000173257330462612,-5.16065504584291));
#1958=CARTESIAN_POINT('',(1.46590982778626,8.33727528854022E-5,-5.0893449541571));
#1959=CARTESIAN_POINT('',(1.4635,-1.79227059055215E-16,0.));
#1960=CARTESIAN_POINT('Ctrl Pts',(1.46589050476674,-0.000173257330462612,
-5.16065504584291));
#1961=CARTESIAN_POINT('Ctrl Pts',(1.46509637697838,0.475787867888347,-5.13465658387431));
#1962=CARTESIAN_POINT('Ctrl Pts',(1.21170098468743,0.952474444023004,-5.10865812190571));
#1963=CARTESIAN_POINT('Ctrl Pts',(0.816403305502581,1.21753623291955,-5.08265965993711));
#1964=CARTESIAN_POINT('Ctrl Pts',(0.413430958580254,1.48774417183618,-5.05615644024338));
#1965=CARTESIAN_POINT('Ctrl Pts',(-0.137007203136584,1.53803020277035,-5.02965322054966));
#1966=CARTESIAN_POINT('Ctrl Pts',(-0.582270617867469,1.34531400173926,-5.00315000085593));
#1967=CARTESIAN_POINT('Ctrl Pts',(-1.02753403259835,1.15259780070816,-4.97664678116221));
#1968=CARTESIAN_POINT('Ctrl Pts',(-1.36762270034328,0.716879367711801,-4.95014356146848));
#1969=CARTESIAN_POINT('Ctrl Pts',(-1.44644244368138,0.238145108756186,-4.92364034177475));
#1970=CARTESIAN_POINT('Ctrl Pts',(-1.52526218701948,-0.240589150199435,
-4.89713712208102));
#1971=CARTESIAN_POINT('Ctrl Pts',(-1.34281300595074,-0.762339235114313,
-4.8706339023873));
#1972=CARTESIAN_POINT('Ctrl Pts',(-0.982835576190345,-1.08763186137684,
-4.84413068269357));
#1973=CARTESIAN_POINT('Ctrl Pts',(-0.622858146429957,-1.41292448763937,
-4.81762746299984));
#1974=CARTESIAN_POINT('Ctrl Pts',(-0.0853524679779219,-1.54175965524955,
-4.79112424330611));
#1975=CARTESIAN_POINT('Ctrl Pts',(0.382976659228267,-1.41500449264086,-4.76462102361239));
#1976=CARTESIAN_POINT('Ctrl Pts',(0.851305786434456,-1.28824933003217,-4.73811780391866));
#1977=CARTESIAN_POINT('Ctrl Pts',(1.2504583623948,-0.905903837204614,-4.71161458422493));
#1978=CARTESIAN_POINT('Ctrl Pts',(1.39723100834607,-0.443457264033045,-4.6851113645312));
#1979=CARTESIAN_POINT('Ctrl Pts',(1.4423767006505,-0.301213656143257,-4.67695925830177));
#1980=CARTESIAN_POINT('Ctrl Pts',(1.46364443390927,-0.151391591773596,-4.66880715207234));
#1981=CARTESIAN_POINT('Ctrl Pts',(1.46244480200977,-0.00123786654511238,
-4.66065504584291));
#1982=CARTESIAN_POINT('Ctrl Pts',(1.46282454183512,-0.0013119568970902,
-4.5893449541571));
#1983=CARTESIAN_POINT('Ctrl Pts',(1.46400177295992,-0.137616812193554,-4.5967500450076));
#1984=CARTESIAN_POINT('Ctrl Pts',(1.44651816343374,-0.273625408941293,-4.6041551358581));
#1985=CARTESIAN_POINT('Ctrl Pts',(1.40916392440694,-0.403938072350233,-4.61156022670859));
#1986=CARTESIAN_POINT('Ctrl Pts',(1.27547108749158,-0.870334125677437,-4.63806344640232));
#1987=CARTESIAN_POINT('Ctrl Pts',(0.887242894225861,-1.26376739631602,-4.66456666609604));
#1988=CARTESIAN_POINT('Ctrl Pts',(0.422668641187164,-1.40365955697989,-4.69106988578977));
#1989=CARTESIAN_POINT('Ctrl Pts',(-0.0419056118515333,-1.54355171764376,
-4.7175731054835));
#1990=CARTESIAN_POINT('Ctrl Pts',(-0.58282592466321,-1.42990276833292,-4.74407632517723));
#1991=CARTESIAN_POINT('Ctrl Pts',(-0.951820245613637,-1.11487539760459,
-4.77057954487096));
#1992=CARTESIAN_POINT('Ctrl Pts',(-1.32081456656406,-0.799848026876268,
-4.79708276456468));
#1993=CARTESIAN_POINT('Ctrl Pts',(-1.51788289565324,-0.283442234730469,
-4.82358598425841));
#1994=CARTESIAN_POINT('Ctrl Pts',(-1.45257464854135,0.197321622127381,-4.85008920395214));
#1995=CARTESIAN_POINT('Ctrl Pts',(-1.38726640142945,0.678085478985242,-4.87659242364587));
#1996=CARTESIAN_POINT('Ctrl Pts',(-1.05958157811649,1.12320740055515,-4.9030956433396));
#1997=CARTESIAN_POINT('Ctrl Pts',(-0.619921229268163,1.32838495988424,-4.92959886303333));
#1998=CARTESIAN_POINT('Ctrl Pts',(-0.180260880419843,1.53356251921333,-4.95610208272705));
#1999=CARTESIAN_POINT('Ctrl Pts',(0.37137499396383,1.4987957163016,-4.98260530242077));
#2000=CARTESIAN_POINT('Ctrl Pts',(0.781796104953997,1.24004184704499,-5.0091085221145));
#2001=CARTESIAN_POINT('Ctrl Pts',(1.19221721594416,0.981287977788387,-5.03561174180823));
#2002=CARTESIAN_POINT('Ctrl Pts',(1.46142356354082,0.498547042186903,-5.06211496150196));
#2003=CARTESIAN_POINT('Ctrl Pts',(1.46585459612897,0.0133878733032618,-5.08861818119569));
#2004=CARTESIAN_POINT('Ctrl Pts',(1.46589509881396,0.00895318486416032,
-5.08886043884949));
#2005=CARTESIAN_POINT('Ctrl Pts',(1.46591347894649,0.00451829437641732,
-5.08910269650329));
#2006=CARTESIAN_POINT('Ctrl Pts',(1.46590982778626,8.33727528854022E-5,
-5.0893449541571));
#2007=CARTESIAN_POINT('Origin',(0.,0.,0.));
#2008=CARTESIAN_POINT('',(1.46296408509929,0.00132882646073952,-5.66065504584291));
#2009=CARTESIAN_POINT('',(1.46257495193894,0.00126819553868581,-5.5893449541571));
#2010=CARTESIAN_POINT('',(1.4635,-1.79227059055215E-16,0.));
#2011=CARTESIAN_POINT('Ctrl Pts',(1.46296408509929,0.00132882646073952,
-5.66065504584291));
#2012=CARTESIAN_POINT('Ctrl Pts',(1.46412279625973,0.132770028650795,-5.65351245506374));
#2013=CARTESIAN_POINT('Ctrl Pts',(1.4478766825492,0.263929744893436,-5.64636986428456));
#2014=CARTESIAN_POINT('Ctrl Pts',(1.41309220651901,0.389973398557753,-5.63922727350539));
#2015=CARTESIAN_POINT('Ctrl Pts',(1.28402130792467,0.857669609547024,-5.61272405381167));
#2016=CARTESIAN_POINT('Ctrl Pts',(0.899705492743635,1.25492545781495,-5.58622083411794));
#2017=CARTESIAN_POINT('Ctrl Pts',(0.43653835103081,1.39940812624008,-5.55971761442421));
#2018=CARTESIAN_POINT('Ctrl Pts',(-0.0266287906820072,1.5438907946652,-5.53321439473049));
#2019=CARTESIAN_POINT('Ctrl Pts',(-0.568647258926609,1.43560028324753,-5.50671117503675));
#2020=CARTESIAN_POINT('Ctrl Pts',(-0.940740969781784,1.12423986029739,-5.48020795534303));
#2021=CARTESIAN_POINT('Ctrl Pts',(-1.31283468063697,0.812879437347237,-5.4537047356493));
#2022=CARTESIAN_POINT('Ctrl Pts',(-1.51500363410272,0.298449102864607,-5.42720151595557));
#2023=CARTESIAN_POINT('Ctrl Pts',(-1.45445615705294,-0.182937483633796,
-5.40069829626185));
#2024=CARTESIAN_POINT('Ctrl Pts',(-1.39390868000315,-0.664324070132179,
-5.37419507656812));
#2025=CARTESIAN_POINT('Ctrl Pts',(-1.07064477243786,-1.11266690864634,-5.34769185687439));
#2026=CARTESIAN_POINT('Ctrl Pts',(-0.633036369464016,-1.32218523310589,
-5.32118863718066));
#2027=CARTESIAN_POINT('Ctrl Pts',(-0.195427966490157,-1.53170355756545,
-5.29468541748693));
#2028=CARTESIAN_POINT('Ctrl Pts',(0.356524931892263,-1.50239736797039,-5.26818219779321));
#2029=CARTESIAN_POINT('Ctrl Pts',(0.769486528817782,-1.24771764340952,-5.24167897809948));
#2030=CARTESIAN_POINT('Ctrl Pts',(1.1824481257433,-0.993037918848663,-5.21517575840575));
#2031=CARTESIAN_POINT('Ctrl Pts',(1.45641842121192,-0.512984659322,-5.18867253871203));
#2032=CARTESIAN_POINT('Ctrl Pts',(1.46565030288232,-0.0278931061091081,
-5.1621693190183));
#2033=CARTESIAN_POINT('Ctrl Pts',(1.46582612542934,-0.0186544659850414,
-5.16166456129317));
#2034=CARTESIAN_POINT('Ctrl Pts',(1.46590592268401,-0.00941399838298534,
-5.16115980356804));
#2035=CARTESIAN_POINT('Ctrl Pts',(1.46589050476674,-0.000173257330462612,
-5.16065504584291));
#2036=CARTESIAN_POINT('Ctrl Pts',(1.46590982778626,8.33727528854022E-5,
-5.0893449541571));
#2037=CARTESIAN_POINT('Ctrl Pts',(1.46551403851595,-0.480666385107572,-5.11560591619702));
#2038=CARTESIAN_POINT('Ctrl Pts',(1.20623364056126,-0.961782012398772,-5.14186687823695));
#2039=CARTESIAN_POINT('Ctrl Pts',(0.804314782493764,-1.22555565471586,-5.16812784027687));
#2040=CARTESIAN_POINT('Ctrl Pts',(0.39868821869077,-1.49176261168554,-5.19463105997059));
#2041=CARTESIAN_POINT('Ctrl Pts',(-0.152220626494841,-1.53659912345908,
-5.22113427966432));
#2042=CARTESIAN_POINT('Ctrl Pts',(-0.595555156595597,-1.33948609085589,
-5.24763749935805));
#2043=CARTESIAN_POINT('Ctrl Pts',(-1.03888968669633,-1.14237305825271,-5.27414071905178));
#2044=CARTESIAN_POINT('Ctrl Pts',(-1.37464990171222,-0.703310481272845,
-5.30064393874552));
#2045=CARTESIAN_POINT('Ctrl Pts',(-1.44872830102855,-0.223819663888,-5.32714715843924));
#2046=CARTESIAN_POINT('Ctrl Pts',(-1.52280670034488,0.255671153496852,-5.35365037813297));
#2047=CARTESIAN_POINT('Ctrl Pts',(-1.33520328396164,0.775590211286683,-5.38015359782669));
#2048=CARTESIAN_POINT('Ctrl Pts',(-0.972024422772818,1.09730463121103,-5.40665681752041));
#2049=CARTESIAN_POINT('Ctrl Pts',(-0.608845561583989,1.41901905113538,-5.43316003721414));
#2050=CARTESIAN_POINT('Ctrl Pts',(-0.0700912555895721,1.54252883319423,
-5.45966325690788));
#2051=CARTESIAN_POINT('Ctrl Pts',(0.396960599172946,1.41114535567682,-5.4861664766016));
#2052=CARTESIAN_POINT('Ctrl Pts',(0.864012453935452,1.27976187815941,-5.51266969629533));
#2053=CARTESIAN_POINT('Ctrl Pts',(1.25936185746606,0.893485141065755,-5.53917291598906));
#2054=CARTESIAN_POINT('Ctrl Pts',(1.40155101422238,0.429608760008699,-5.56567613568278));
#2055=CARTESIAN_POINT('Ctrl Pts',(1.44387856761869,0.291519803463803,-5.57356574184089));
#2056=CARTESIAN_POINT('Ctrl Pts',(1.46377200892264,0.146554257354851,-5.58145534799899));
#2057=CARTESIAN_POINT('Ctrl Pts',(1.46257495193894,0.00126819553868581,
-5.5893449541571));
#2058=CARTESIAN_POINT('Origin',(0.,0.,0.));
#2059=CARTESIAN_POINT('',(1.46121492871085,-0.000460209046744958,-6.16065504584291));
#2060=CARTESIAN_POINT('',(1.46137412069449,-0.000667492803314914,-6.0893449541571));
#2061=CARTESIAN_POINT('',(1.4635,-1.79227059055215E-16,0.));
#2062=CARTESIAN_POINT('Ctrl Pts',(1.46121492871085,-0.000460209046744958,
-6.16065504584291));
#2063=CARTESIAN_POINT('Ctrl Pts',(1.46044752051855,0.272531816357661,-6.14586510655943));
#2064=CARTESIAN_POINT('Ctrl Pts',(1.387155751487,0.54590646762392,-6.13107516727596));
#2065=CARTESIAN_POINT('Ctrl Pts',(1.24389495830008,0.775650803147336,-6.11628522799249));
#2066=CARTESIAN_POINT('Ctrl Pts',(0.987175021689264,1.18734719223062,-6.08978200829876));
#2067=CARTESIAN_POINT('Ctrl Pts',(0.505772036506517,1.45893883539825,-6.06327878860503));
#2068=CARTESIAN_POINT('Ctrl Pts',(0.0206407422270759,1.46577037610527,-6.03677556891131));
#2069=CARTESIAN_POINT('Ctrl Pts',(-0.464490552052365,1.47260191681229,-6.01027234921758));
#2070=CARTESIAN_POINT('Ctrl Pts',(-0.953350155428508,1.21467335505871,-5.98376912952385));
#2071=CARTESIAN_POINT('Ctrl Pts',(-1.22156088365323,0.810368955004937,-5.95726590983012));
#2072=CARTESIAN_POINT('Ctrl Pts',(-1.48977161187795,0.406064554951183,-5.9307626901364));
#2073=CARTESIAN_POINT('Ctrl Pts',(-1.53733346495127,-0.144615683402734,
-5.90425947044267));
#2074=CARTESIAN_POINT('Ctrl Pts',(-1.34241646429344,-0.58892008974169,-5.87775625074894));
#2075=CARTESIAN_POINT('Ctrl Pts',(-1.1474994636356,-1.03322449608066,-5.85125303105521));
#2076=CARTESIAN_POINT('Ctrl Pts',(-0.710103609246579,-1.37115307040466,
-5.82474981136148));
#2077=CARTESIAN_POINT('Ctrl Pts',(-0.230985211387695,-1.447603076754,-5.79824659166776));
#2078=CARTESIAN_POINT('Ctrl Pts',(0.248133186471174,-1.52405308310334,-5.77174337197403));
#2079=CARTESIAN_POINT('Ctrl Pts',(0.768974127799909,-1.33902452147804,-5.74524015228031));
#2080=CARTESIAN_POINT('Ctrl Pts',(1.09248160746045,-0.977441953810091,-5.71873693258658));
#2081=CARTESIAN_POINT('Ctrl Pts',(1.32880415004849,-0.71330552074689,-5.69937630367202));
#2082=CARTESIAN_POINT('Ctrl Pts',(1.45982329522485,-0.354954267218034,-5.68001567475746));
#2083=CARTESIAN_POINT('Ctrl Pts',(1.46296408509929,0.00132882646073952,
-5.66065504584291));
#2084=CARTESIAN_POINT('Ctrl Pts',(1.46257495193894,0.00126819553868581,
-5.5893449541571));
#2085=CARTESIAN_POINT('Ctrl Pts',(1.45975078611517,-0.341499054507219,-5.60795856769272));
#2086=CARTESIAN_POINT('Ctrl Pts',(1.33953487010558,-0.68605032593179,-5.62657218122834));
#2087=CARTESIAN_POINT('Ctrl Pts',(1.11957134665723,-0.946292202170191,-5.64518579476397));
#2088=CARTESIAN_POINT('Ctrl Pts',(0.806373612353734,-1.31684075827157,-5.67168901445769));
#2089=CARTESIAN_POINT('Ctrl Pts',(0.290949233764705,-1.51646184545388,-5.69819223415142));
#2090=CARTESIAN_POINT('Ctrl Pts',(-0.190131882408742,-1.45353321236073,
-5.72469545384515));
#2091=CARTESIAN_POINT('Ctrl Pts',(-0.671212998582202,-1.39060457926758,
-5.75119867353887));
#2092=CARTESIAN_POINT('Ctrl Pts',(-1.11795085234009,-1.06512622589895,-5.7777018932326));
#2093=CARTESIAN_POINT('Ctrl Pts',(-1.32530133484013,-0.626486475524374,
-5.80420511292633));
#2094=CARTESIAN_POINT('Ctrl Pts',(-1.53265181734018,-0.187846725149802,
-5.83070833262006));
#2095=CARTESIAN_POINT('Ctrl Pts',(-1.50061492858241,0.363954422230703,-5.85721155231379));
#2096=CARTESIAN_POINT('Ctrl Pts',(-1.24389498621117,0.775650820551817,-5.88371477200751));
#2097=CARTESIAN_POINT('Ctrl Pts',(-0.987175043839939,1.18734721887293,-5.91021799170124));
#2098=CARTESIAN_POINT('Ctrl Pts',(-0.505772047855247,1.45893886813463,-5.93672121139497));
#2099=CARTESIAN_POINT('Ctrl Pts',(-0.0206407426902064,1.46577040899494,
-5.96322443108869));
#2100=CARTESIAN_POINT('Ctrl Pts',(0.464490562474848,1.47260194985524,-5.98972765078242));
#2101=CARTESIAN_POINT('Ctrl Pts',(0.953350176820259,1.21467338231413,-6.01623087047615));
#2102=CARTESIAN_POINT('Ctrl Pts',(1.22156091106322,0.810368973188378,-6.04273409016988));
#2103=CARTESIAN_POINT('Ctrl Pts',(1.37879380827569,0.573354023797755,-6.05827104483228));
#2104=CARTESIAN_POINT('Ctrl Pts',(1.46019754441391,0.28603491123282,-6.07380799949469));
#2105=CARTESIAN_POINT('Ctrl Pts',(1.46137412069449,-0.000667492803314914,
-6.0893449541571));
#2106=CARTESIAN_POINT('Origin',(0.,0.,0.));
#2107=CARTESIAN_POINT('',(1.46465646518768,-0.00114676890624263,-6.66065504584291));
#2108=CARTESIAN_POINT('',(1.46502534970872,-0.000998928537024239,-6.58934495415709));
#2109=CARTESIAN_POINT('',(1.4635,-1.79227059055215E-16,0.));
#2110=CARTESIAN_POINT('Ctrl Pts',(1.46465646518768,-0.00114676890624263,
-6.66065504584291));
#2111=CARTESIAN_POINT('Ctrl Pts',(1.46111290314624,0.410530732756875,-6.63821775805513));
#2112=CARTESIAN_POINT('Ctrl Pts',(1.27948698619706,0.824945287730322,-6.61578047026736));
#2113=CARTESIAN_POINT('Ctrl Pts',(0.972024400962071,1.09730460658916,-6.59334318247958));
#2114=CARTESIAN_POINT('Ctrl Pts',(0.60884554792244,1.41901901929472,-6.56683996278586));
#2115=CARTESIAN_POINT('Ctrl Pts',(0.0700912540168801,1.54252879858221,-6.54033674309213));
#2116=CARTESIAN_POINT('Ctrl Pts',(-0.396960590265694,1.41114532401286,-6.5138335233984));
#2117=CARTESIAN_POINT('Ctrl Pts',(-0.864012434548267,1.27976184944352,-6.48733030370468));
#2118=CARTESIAN_POINT('Ctrl Pts',(-1.25936182920785,0.89348512101735,-6.46082708401095));
#2119=CARTESIAN_POINT('Ctrl Pts',(-1.40155098277368,0.429608750368984,-6.43432386431722));
#2120=CARTESIAN_POINT('Ctrl Pts',(-1.54374013633951,-0.034267620279395,
-6.40782064462349));
#2121=CARTESIAN_POINT('Ctrl Pts',(-1.43276904881157,-0.575743633149985,
-6.38131742492976));
#2122=CARTESIAN_POINT('Ctrl Pts',(-1.11957132153574,-0.946292180936828,
-6.35481420523603));
#2123=CARTESIAN_POINT('Ctrl Pts',(-0.806373594259926,-1.31684072872365,
-6.32831098554231));
#2124=CARTESIAN_POINT('Ctrl Pts',(-0.290949227236257,-1.51646181142676,
-6.30180776584858));
#2125=CARTESIAN_POINT('Ctrl Pts',(0.190131878142453,-1.45353317974564,-6.27530454615486));
#2126=CARTESIAN_POINT('Ctrl Pts',(0.67121298352117,-1.39060454806452,-6.24880132646113));
#2127=CARTESIAN_POINT('Ctrl Pts',(1.11795082725492,-1.06512620199916,-6.2222981067674));
#2128=CARTESIAN_POINT('Ctrl Pts',(1.32530130510235,-0.626486461467017,-6.19579488707367));
#2129=CARTESIAN_POINT('Ctrl Pts',(1.41694127633204,-0.432626608237544,-6.18408160666342));
#2130=CARTESIAN_POINT('Ctrl Pts',(1.4618226977607,-0.216663405154422,-6.17236832625316));
#2131=CARTESIAN_POINT('Ctrl Pts',(1.46121492871085,-0.000460209046744958,
-6.16065504584291));
#2132=CARTESIAN_POINT('Ctrl Pts',(1.46137412069449,-0.000667492803314914,
-6.0893449541571));
#2133=CARTESIAN_POINT('Ctrl Pts',(1.46220456962111,-0.203027261245263,-6.10031121918842));
#2134=CARTESIAN_POINT('Ctrl Pts',(1.42306750817837,-0.405079798263796,-6.11127748421974));
#2135=CARTESIAN_POINT('Ctrl Pts',(1.3424164944152,-0.588920102956239,-6.12224374925106));
#2136=CARTESIAN_POINT('Ctrl Pts',(1.14749948938371,-1.03322451926471,-6.14874696894479));
#2137=CARTESIAN_POINT('Ctrl Pts',(0.710103625180195,-1.37115310117127,-6.17525018863851));
#2138=CARTESIAN_POINT('Ctrl Pts',(0.230985216570638,-1.44760310923603,-6.20175340833224));
#2139=CARTESIAN_POINT('Ctrl Pts',(-0.248133192038946,-1.52405311730079,
-6.22825662802597));
#2140=CARTESIAN_POINT('Ctrl Pts',(-0.768974145054566,-1.33902455152371,
-6.2547598477197));
#2141=CARTESIAN_POINT('Ctrl Pts',(-1.09248163197413,-0.977441975742368,
-6.28126306741343));
#2142=CARTESIAN_POINT('Ctrl Pts',(-1.41598911889368,-0.615859399961038,
-6.30776628710715));
#2143=CARTESIAN_POINT('Ctrl Pts',(-1.54216313971717,-0.0777228141754534,
-6.33426950680088));
#2144=CARTESIAN_POINT('Ctrl Pts',(-1.41309223822666,0.389973407308203,-6.36077272649461));
#2145=CARTESIAN_POINT('Ctrl Pts',(-1.28402133673615,0.857669628791859,-6.38727594618833));
#2146=CARTESIAN_POINT('Ctrl Pts',(-0.899705512931645,1.2549254859736,-6.41377916588206));
#2147=CARTESIAN_POINT('Ctrl Pts',(-0.436538360826056,1.39940815764069,-6.44028238557579));
#2148=CARTESIAN_POINT('Ctrl Pts',(0.0266287912795526,1.54389082930778,-6.46678560526952));
#2149=CARTESIAN_POINT('Ctrl Pts',(0.568647271686259,1.43560031546021,-6.49328882496325));
#2150=CARTESIAN_POINT('Ctrl Pts',(0.940740990890653,1.12423988552358,-6.51979204465698));
#2151=CARTESIAN_POINT('Ctrl Pts',(1.26623856032382,0.851870162705523,-6.54297634782368));
#2152=CARTESIAN_POINT('Ctrl Pts',(1.46170495402531,0.424105665412194,-6.56616065099039));
#2153=CARTESIAN_POINT('Ctrl Pts',(1.46502534970872,-0.000998928537024239,
-6.58934495415709));
#2154=CARTESIAN_POINT('Origin',(0.,0.,0.));
#2155=CARTESIAN_POINT('',(1.46490001465338,0.00105512033141273,-7.16065504584291));
#2156=CARTESIAN_POINT('',(1.46451902447391,0.00118961834162329,-7.0893449541571));
#2157=CARTESIAN_POINT('',(1.4635,-1.79227059055215E-16,0.));
#2158=CARTESIAN_POINT('Ctrl Pts',(1.46490001465338,0.00105512033141273,
-7.16065504584291));
#2159=CARTESIAN_POINT('Ctrl Pts',(1.46543387784495,0.066738216522613,-7.15707362924456));
#2160=CARTESIAN_POINT('Ctrl Pts',(1.461399809176,0.13235533669317,-7.15349221264622));
#2161=CARTESIAN_POINT('Ctrl Pts',(1.45257461594777,0.197321617699765,-7.14991079604787));
#2162=CARTESIAN_POINT('Ctrl Pts',(1.3872663703013,0.678085463770001,-7.12340757635414));
#2163=CARTESIAN_POINT('Ctrl Pts',(1.0595815543411,1.12320737535204,-7.0969043566604));
#2164=CARTESIAN_POINT('Ctrl Pts',(0.619921215358101,1.32838493007727,-7.07040113696667));
#2165=CARTESIAN_POINT('Ctrl Pts',(0.180260876375106,1.53356248480249,-7.04389791727295));
#2166=CARTESIAN_POINT('Ctrl Pts',(-0.371374985630681,1.4987956826709,-7.01739469757923));
#2167=CARTESIAN_POINT('Ctrl Pts',(-0.781796087411624,1.24004181922036,-6.9908914778855));
#2168=CARTESIAN_POINT('Ctrl Pts',(-1.19221718919257,0.981287955769815,-6.96438825819178));
#2169=CARTESIAN_POINT('Ctrl Pts',(-1.46142353074866,0.49854703100032,-6.93788503849805));
#2170=CARTESIAN_POINT('Ctrl Pts',(-1.4658545632374,0.0133878730029165,-6.91138181880432));
#2171=CARTESIAN_POINT('Ctrl Pts',(-1.47028559572614,-0.471771284994501,
-6.88487859911059));
#2172=CARTESIAN_POINT('Ctrl Pts',(-1.20994131914751,-0.959348676219825,
-6.85837537941686));
#2173=CARTESIAN_POINT('Ctrl Pts',(-0.804314764446169,-1.22555562721623,
-6.83187215972313));
#2174=CARTESIAN_POINT('Ctrl Pts',(-0.398688209744838,-1.49176257821263,
-6.8053689400294));
#2175=CARTESIAN_POINT('Ctrl Pts',(0.152220623079191,-1.53659908898011,-6.77886572033568));
#2176=CARTESIAN_POINT('Ctrl Pts',(0.595555143232186,-1.33948606079987,-6.75236250064195));
#2177=CARTESIAN_POINT('Ctrl Pts',(1.03888966338517,-1.14237303261963,-6.72585928094823));
#2178=CARTESIAN_POINT('Ctrl Pts',(1.37464987086713,-0.703310465491663,-6.6993560612545));
#2179=CARTESIAN_POINT('Ctrl Pts',(1.44872826852127,-0.223819658865862,-6.67285284156077));
#2180=CARTESIAN_POINT('Ctrl Pts',(1.46009283946942,-0.150259654013607,-6.66878690965481));
#2181=CARTESIAN_POINT('Ctrl Pts',(1.46529860527615,-0.0757481514265973,
-6.66472097774886));
#2182=CARTESIAN_POINT('Ctrl Pts',(1.46465646518768,-0.00114676890624263,
-6.66065504584291));
#2183=CARTESIAN_POINT('Ctrl Pts',(1.46502534970872,-0.000998928537024239,
-6.58934495415709));
#2184=CARTESIAN_POINT('Ctrl Pts',(1.46550067631357,-0.0618541827331706,
-6.59266387068411));
#2185=CARTESIAN_POINT('Ctrl Pts',(1.46203836382007,-0.122654927652445,-6.59598278721113));
#2186=CARTESIAN_POINT('Ctrl Pts',(1.45445618968873,-0.182937487738654,-6.59930170373815));
#2187=CARTESIAN_POINT('Ctrl Pts',(1.39390871128035,-0.664324085038632,-6.62580492343188));
#2188=CARTESIAN_POINT('Ctrl Pts',(1.07064479646149,-1.11266693361292,-6.65230814312561));
#2189=CARTESIAN_POINT('Ctrl Pts',(0.633036383668362,-1.32218526277375,-6.67881136281934));
#2190=CARTESIAN_POINT('Ctrl Pts',(0.195427970875237,-1.53170359193456,-6.70531458251307));
#2191=CARTESIAN_POINT('Ctrl Pts',(-0.356524939892172,-1.50239740168191,
-6.7318178022068));
#2192=CARTESIAN_POINT('Ctrl Pts',(-0.769486546083913,-1.24771767140642,
-6.75832102190052));
#2193=CARTESIAN_POINT('Ctrl Pts',(-1.18244815227567,-0.993037941130916,
-6.78482424159425));
#2194=CARTESIAN_POINT('Ctrl Pts',(-1.45641845389176,-0.512984670832572,
-6.81132746128798));
#2195=CARTESIAN_POINT('Ctrl Pts',(-1.4656503357693,-0.0278931067349492,
-6.83783068098171));
#2196=CARTESIAN_POINT('Ctrl Pts',(-1.47488221764684,0.45719845736266,-6.86433390067543));
#2197=CARTESIAN_POINT('Ctrl Pts',(-1.21937567978584,0.947328315259536,-6.89083712036916));
#2198=CARTESIAN_POINT('Ctrl Pts',(-0.816403323821423,1.21753626023923,-6.91734034006289));
#2199=CARTESIAN_POINT('Ctrl Pts',(-0.413430967857002,1.48774420521892,-6.94384355975662));
#2200=CARTESIAN_POINT('Ctrl Pts',(0.137007206210856,1.53803023728143,-6.97034677945034));
#2201=CARTESIAN_POINT('Ctrl Pts',(0.582270630932776,1.34531403192606,-6.99684999914407));
#2202=CARTESIAN_POINT('Ctrl Pts',(1.0275340556547,1.15259782657068,-7.02335321883779));
#2203=CARTESIAN_POINT('Ctrl Pts',(1.3676227310307,0.716879383797445,-7.04985643853153));
#2204=CARTESIAN_POINT('Ctrl Pts',(1.44644247613737,0.238145114099745,-7.07635965822526));
#2205=CARTESIAN_POINT('Ctrl Pts',(1.45931509724166,0.159959567380289,-7.08068809020254));
#2206=CARTESIAN_POINT('Ctrl Pts',(1.46521901964745,0.0806266804976017,-7.08501652217982));
#2207=CARTESIAN_POINT('Ctrl Pts',(1.46451902447391,0.00118961834162329,
-7.0893449541571));
#2208=CARTESIAN_POINT('Origin',(0.,0.,0.));
#2209=CARTESIAN_POINT('',(1.46131142228403,0.000596480419320228,-7.66065504584291));
#2210=CARTESIAN_POINT('',(1.46117332296404,0.00038403270583433,-7.5893449541571));
#2211=CARTESIAN_POINT('',(1.4635,-1.79227059055215E-16,0.));
#2212=CARTESIAN_POINT('Ctrl Pts',(1.46131142228403,0.000596480419320228,
-7.66065504584291));
#2213=CARTESIAN_POINT('Ctrl Pts',(1.4620694119678,0.20782234428113,-7.64942628074026));
#2214=CARTESIAN_POINT('Ctrl Pts',(1.42096318408945,0.414761152883051,-7.63819751563761));
#2215=CARTESIAN_POINT('Ctrl Pts',(1.33652286300293,0.602175615894482,-7.62696875053496));
#2216=CARTESIAN_POINT('Ctrl Pts',(1.13721863316944,1.04452939581294,-7.60046553084123));
#2217=CARTESIAN_POINT('Ctrl Pts',(0.696500102761925,1.37811301611942,-7.5739623111475));
#2218=CARTESIAN_POINT('Ctrl Pts',(0.216648626623104,1.4498179914354,-7.54745909145377));
#2219=CARTESIAN_POINT('Ctrl Pts',(-0.263202849515718,1.52152296675139,-7.52095587176004));
#2220=CARTESIAN_POINT('Ctrl Pts',(-0.782187271385843,1.33134929707688,-7.49445265206632));
#2221=CARTESIAN_POINT('Ctrl Pts',(-1.10210074068265,0.966583050282914,-7.4679494323726));
#2222=CARTESIAN_POINT('Ctrl Pts',(-1.42201420997945,0.601816803488949,-7.44144621267887));
#2223=CARTESIAN_POINT('Ctrl Pts',(-1.54285672670293,0.0624579795755263,
-7.41494299298514));
#2224=CARTESIAN_POINT('Ctrl Pts',(-1.40916389278744,-0.403938063286457,
-7.38843977329141));
#2225=CARTESIAN_POINT('Ctrl Pts',(-1.27547105887195,-0.870334106148434,
-7.36193655359768));
#2226=CARTESIAN_POINT('Ctrl Pts',(-0.887242874317497,-1.26376736795897,
-7.33543333390396));
#2227=CARTESIAN_POINT('Ctrl Pts',(-0.422668631703154,-1.40365952548388,
-7.30893011421023));
#2228=CARTESIAN_POINT('Ctrl Pts',(0.0419056109112023,-1.5435516830088,-7.2824268945165));
#2229=CARTESIAN_POINT('Ctrl Pts',(0.582825911585455,-1.42990273624807,-7.25592367482277));
#2230=CARTESIAN_POINT('Ctrl Pts',(0.951820224256216,-1.11487537258848,-7.22942045512904));
#2231=CARTESIAN_POINT('Ctrl Pts',(1.27095182698579,-0.842418090684352,-7.20649865203367));
#2232=CARTESIAN_POINT('Ctrl Pts',(1.46148318038656,-0.419330209396324,-7.18357684893829));
#2233=CARTESIAN_POINT('Ctrl Pts',(1.46490001465338,0.00105512033141273,
-7.16065504584291));
#2234=CARTESIAN_POINT('Ctrl Pts',(1.46451902447391,0.00118961834162329,
-7.0893449541571));
#2235=CARTESIAN_POINT('Ctrl Pts',(1.4609329118915,-0.405770684921207,-7.11151974187355));
#2236=CARTESIAN_POINT('Ctrl Pts',(1.28402252417219,-0.815465138559678,-7.13369452958999));
#2237=CARTESIAN_POINT('Ctrl Pts',(0.982835598243662,-1.08763188578168,-7.15586931730643));
#2238=CARTESIAN_POINT('Ctrl Pts',(0.622858160405919,-1.41292451934327,-7.18237253700016));
#2239=CARTESIAN_POINT('Ctrl Pts',(0.0853524698930794,-1.5417596898443,-7.20887575669389));
#2240=CARTESIAN_POINT('Ctrl Pts',(-0.3829766678217,-1.41500452439142,-7.23537897638762));
#2241=CARTESIAN_POINT('Ctrl Pts',(-0.851305805536507,-1.28824935893853,
-7.26188219608135));
#2242=CARTESIAN_POINT('Ctrl Pts',(-1.25045839045324,-0.905903857531681,
-7.28838541577507));
#2243=CARTESIAN_POINT('Ctrl Pts',(-1.39723103969785,-0.443457273983481,
-7.3148886354688));
#2244=CARTESIAN_POINT('Ctrl Pts',(-1.54400368894246,0.0189893095646936,
-7.34139185516252));
#2245=CARTESIAN_POINT('Ctrl Pts',(-1.43839640251496,0.561536975254226,-7.36789507485625));
#2246=CARTESIAN_POINT('Ctrl Pts',(-1.12888089990506,0.935166747683827,-7.39439829454998));
#2247=CARTESIAN_POINT('Ctrl Pts',(-0.819365397295145,1.30879652011343,-7.42090151424371));
#2248=CARTESIAN_POINT('Ctrl Pts',(-0.305941678502817,1.51350839928312,-7.44740473393744));
#2249=CARTESIAN_POINT('Ctrl Pts',(0.175738614255604,1.45534355792834,-7.47390795363117));
#2250=CARTESIAN_POINT('Ctrl Pts',(0.657418907014039,1.39717871657356,-7.5004111733249));
#2251=CARTESIAN_POINT('Ctrl Pts',(1.10735577373856,1.07613715469431,-7.52691439301862));
#2252=CARTESIAN_POINT('Ctrl Pts',(1.31903681997511,0.639570793340301,-7.55341761271234));
#2253=CARTESIAN_POINT('Ctrl Pts',(1.41468730211034,0.44230333038159,-7.56539339319393));
#2254=CARTESIAN_POINT('Ctrl Pts',(1.46169102661266,0.221448166987576,-7.57736917367551));
#2255=CARTESIAN_POINT('Ctrl Pts',(1.46117332296404,0.00038403270583433,
-7.5893449541571));
#2256=CARTESIAN_POINT('Origin',(0.,0.,0.));
#2257=CARTESIAN_POINT('',(1.46270873826671,-0.00129390770050267,-8.16065504584291));
#2258=CARTESIAN_POINT('',(1.46310619939159,-0.00134075757407857,-8.0893449541571));
#2259=CARTESIAN_POINT('',(1.4635,-1.79227059055215E-16,0.));
#2260=CARTESIAN_POINT('Ctrl Pts',(1.46270873826671,-0.00129390770050267,
-8.16065504584291));
#2261=CARTESIAN_POINT('Ctrl Pts',(1.45976689260101,0.34622675100666,-8.14177893223596));
#2262=CARTESIAN_POINT('Ctrl Pts',(1.33581841397868,0.695633358582517,-8.12290281862902));
#2263=CARTESIAN_POINT('Ctrl Pts',(1.11015212842536,0.957324964398242,-8.10402670502206));
#2264=CARTESIAN_POINT('Ctrl Pts',(0.793302841118455,1.32475600795713,-8.07752348532834));
#2265=CARTESIAN_POINT('Ctrl Pts',(0.275928290059271,1.5192667498139,-8.05102026563459));
#2266=CARTESIAN_POINT('Ctrl Pts',(-0.204506526281069,1.4515804891276,-8.02451704594086));
#2267=CARTESIAN_POINT('Ctrl Pts',(-0.684941342621408,1.38389422844129,-7.99801382624714));
#2268=CARTESIAN_POINT('Ctrl Pts',(-1.12843642424293,1.05401096521192,-7.97151060655342));
#2269=CARTESIAN_POINT('Ctrl Pts',(-1.33143603253502,0.613340791872572,-7.94500738685969));
#2270=CARTESIAN_POINT('Ctrl Pts',(-1.5344356408271,0.172670618533226,-7.91850416716597));
#2271=CARTESIAN_POINT('Ctrl Pts',(-1.49693977578976,-0.378786464916083,
-7.89200094747223));
#2272=CARTESIAN_POINT('Ctrl Pts',(-1.23615832050583,-0.78792223115715,-7.8654977277785));
#2273=CARTESIAN_POINT('Ctrl Pts',(-0.975376865221904,-1.19705799739821,
-7.83899450808477));
#2274=CARTESIAN_POINT('Ctrl Pts',(-0.491309819691364,-1.46387244643103,
-7.81249128839105));
#2275=CARTESIAN_POINT('Ctrl Pts',(-0.00613467600673694,-1.4659028622176,
-7.78598806869733));
#2276=CARTESIAN_POINT('Ctrl Pts',(0.479040467677904,-1.46793327800417,-7.7594848490036));
#2277=CARTESIAN_POINT('Ctrl Pts',(0.965323709516636,-1.20517966054451,-7.73298162930987));
#2278=CARTESIAN_POINT('Ctrl Pts',(1.22952036580627,-0.798240882049446,-7.70647840961614));
#2279=CARTESIAN_POINT('Ctrl Pts',(1.38178336917885,-0.563712097799812,-7.69120395502506));
#2280=CARTESIAN_POINT('Ctrl Pts',(1.46028033125137,-0.281292224056889,-7.67592950043399));
#2281=CARTESIAN_POINT('Ctrl Pts',(1.46131142228403,0.000596480419320228,
-7.66065504584291));
#2282=CARTESIAN_POINT('Ctrl Pts',(1.46117332296404,0.00038403270583433,
-7.5893449541571));
#2283=CARTESIAN_POINT('Ctrl Pts',(1.4605453130989,-0.267781852407206,-7.60387239336924));
#2284=CARTESIAN_POINT('Ctrl Pts',(1.38998787710157,-0.536255245413545,-7.61839983258139));
#2285=CARTESIAN_POINT('Ctrl Pts',(1.25150980904085,-0.763303432468713,-7.63292727179353));
#2286=CARTESIAN_POINT('Ctrl Pts',(0.998876526121453,-1.17752013609501,-7.65943049148726));
#2287=CARTESIAN_POINT('Ctrl Pts',(0.520184734534065,-1.45386238251885,-7.68593371118098));
#2288=CARTESIAN_POINT('Ctrl Pts',(0.0351447878797543,-1.46549437939177,
-7.71243693087471));
#2289=CARTESIAN_POINT('Ctrl Pts',(-0.449895158774549,-1.4771263762647,-7.73894015056843));
#2290=CARTESIAN_POINT('Ctrl Pts',(-0.941283260495768,-1.2240481235867,-7.76544337026217));
#2291=CARTESIAN_POINT('Ctrl Pts',(-1.21348180077842,-0.822417686655362,
-7.79194658995589));
#2292=CARTESIAN_POINT('Ctrl Pts',(-1.48568034106108,-0.420787249724016,
-7.81844980964962));
#2293=CARTESIAN_POINT('Ctrl Pts',(-1.53868931990517,0.129395371460679,-7.84495302934335));
#2294=CARTESIAN_POINT('Ctrl Pts',(-1.34817863244875,0.575606903322594,-7.87145624903708));
#2295=CARTESIAN_POINT('Ctrl Pts',(-1.15766794499233,1.0218184351845,-7.8979594687308));
#2296=CARTESIAN_POINT('Ctrl Pts',(-0.72363759123542,1.36405887772363,-7.92446268842453));
#2297=CARTESIAN_POINT('Ctrl Pts',(-0.245299181181417,1.44524643014806,-7.95096590811826));
#2298=CARTESIAN_POINT('Ctrl Pts',(0.233039228872594,1.5264339825725,-7.97746912781199));
#2299=CARTESIAN_POINT('Ctrl Pts',(0.755685695223687,1.34656864488223,-8.00397234750571));
#2300=CARTESIAN_POINT('Ctrl Pts',(1.08275551136885,0.988205158225955,-8.03047556719944));
#2301=CARTESIAN_POINT('Ctrl Pts',(1.32491979419087,0.72287087040161,-8.05009869618533));
#2302=CARTESIAN_POINT('Ctrl Pts',(1.45986890485753,0.359683849387226,-8.06972182517121));
#2303=CARTESIAN_POINT('Ctrl Pts',(1.46310619939159,-0.00134075757407857,
-8.0893449541571));
#2304=CARTESIAN_POINT('Origin',(0.,0.,0.));
#2305=CARTESIAN_POINT('',(1.46591565689125,6.97192543978669E-6,-8.66065504584291));
#2306=CARTESIAN_POINT('',(1.46585852467062,0.000262207414582392,-8.5893449541571));
#2307=CARTESIAN_POINT('',(1.4635,-1.79227059055215E-16,0.));
#2308=CARTESIAN_POINT('Ctrl Pts',(1.46591565689125,6.97192543978669E-6,
-8.66065504584291));
#2309=CARTESIAN_POINT('Ctrl Pts',(1.46594983424673,0.485556968049218,-8.63413158373166));
#2310=CARTESIAN_POINT('Ctrl Pts',(1.20070029890973,0.971074863368038,-8.60760812162041));
#2311=CARTESIAN_POINT('Ctrl Pts',(0.792147456520188,1.2334550023556,-8.58108465950915));
#2312=CARTESIAN_POINT('Ctrl Pts',(0.383906417212107,1.49563489567758,-8.55458143981542));
#2313=CARTESIAN_POINT('Ctrl Pts',(-0.167419135994698,1.53501749542079,-8.5280782201217));
#2314=CARTESIAN_POINT('Ctrl Pts',(-0.608781345641273,1.33352694344983,-8.50157500042797));
#2315=CARTESIAN_POINT('Ctrl Pts',(-1.05014355528786,1.13203639147887,-8.47507178073424));
#2316=CARTESIAN_POINT('Ctrl Pts',(-1.3815424213742,0.689672687793741,-8.44856856104051));
#2317=CARTESIAN_POINT('Ctrl Pts',(-1.45087221881699,0.209472290225994,-8.42206534134678));
#2318=CARTESIAN_POINT('Ctrl Pts',(-1.52020201625978,-0.270728107341746,
-8.39556212165306));
#2319=CARTESIAN_POINT('Ctrl Pts',(-1.32746274505901,-0.788765198792091,
-8.36905890195933));
#2320=CARTESIAN_POINT('Ctrl Pts',(-0.961118034991821,-1.10686989231839,
-8.3425556822656));
#2321=CARTESIAN_POINT('Ctrl Pts',(-0.594773324924643,-1.42497458584468,
-8.31605246257188));
#2322=CARTESIAN_POINT('Ctrl Pts',(-0.0548231759910289,-1.54314688144693,
-8.28954924287815));
#2323=CARTESIAN_POINT('Ctrl Pts',(0.41090564679227,-1.40714796135363,-8.26304602318442));
#2324=CARTESIAN_POINT('Ctrl Pts',(0.876634469575583,-1.27114904126034,-8.23654280349069));
#2325=CARTESIAN_POINT('Ctrl Pts',(1.26814196620859,-0.880978905471488,-8.21003958379696));
#2326=CARTESIAN_POINT('Ctrl Pts',(1.40573370274776,-0.415718164946555,-8.18353636410323));
#2327=CARTESIAN_POINT('Ctrl Pts',(1.44532990212939,-0.281825261857685,-8.17590925801646));
#2328=CARTESIAN_POINT('Ctrl Pts',(1.463897424108,-0.141713539966829,-8.16828215192968));
#2329=CARTESIAN_POINT('Ctrl Pts',(1.46270873826671,-0.00129390770050267,
-8.16065504584291));
#2330=CARTESIAN_POINT('Ctrl Pts',(1.46310619939159,-0.00134075757407857,
-8.0893449541571));
#2331=CARTESIAN_POINT('Ctrl Pts',(1.46424123142743,-0.127920063323124,-8.09622504486494));
#2332=CARTESIAN_POINT('Ctrl Pts',(1.44918515622811,-0.254233547228329,-8.10310513557278));
#2333=CARTESIAN_POINT('Ctrl Pts',(1.41688216735304,-0.375970552012969,-8.10998522628063));
#2334=CARTESIAN_POINT('Ctrl Pts',(1.29244584125288,-0.844921139973315,-8.13648844597435));
#2335=CARTESIAN_POINT('Ctrl Pts',(0.91208002311334,-1.24596068027174,-8.16299166566808));
#2336=CARTESIAN_POINT('Ctrl Pts',(0.450365330087028,-1.39501971369569,-8.18949488536181));
#2337=CARTESIAN_POINT('Ctrl Pts',(-0.0113493629392844,-1.54407874711963,
-8.21599810505554));
#2338=CARTESIAN_POINT('Ctrl Pts',(-0.55441293085238,-1.44115727366909,-8.24250132474926));
#2339=CARTESIAN_POINT('Ctrl Pts',(-0.929569609022604,-1.1334942761768,-8.26900454444299));
#2340=CARTESIAN_POINT('Ctrl Pts',(-1.30472628719284,-0.825831278684487,
-8.29550776413672));
#2341=CARTESIAN_POINT('Ctrl Pts',(-1.5119760756202,-0.313426757150417,-8.32201098383045));
#2342=CARTESIAN_POINT('Ctrl Pts',(-1.45619529535432,0.168535438207903,-8.34851420352418));
#2343=CARTESIAN_POINT('Ctrl Pts',(-1.40041451508845,0.650497633566202,-8.3750174232179));
#2344=CARTESIAN_POINT('Ctrl Pts',(-1.08160316612937,1.10201750274875,-8.40152064291163));
#2345=CARTESIAN_POINT('Ctrl Pts',(-0.646089544559942,1.31585608352674,-8.42802386260536));
#2346=CARTESIAN_POINT('Ctrl Pts',(-0.210575922990517,1.52969466430473,-8.45452708229908));
#2347=CARTESIAN_POINT('Ctrl Pts',(0.341639971189256,1.50585195667817,-8.48103030199281));
#2348=CARTESIAN_POINT('Ctrl Pts',(0.757101631085776,1.25527130627257,-8.50753352168654));
#2349=CARTESIAN_POINT('Ctrl Pts',(1.17256329098231,1.00469065586697,-8.53403674138026));
#2350=CARTESIAN_POINT('Ctrl Pts',(1.45127071659559,0.527372062682323,-8.56053996107399));
#2351=CARTESIAN_POINT('Ctrl Pts',(1.4653025436806,0.0423956085834341,-8.58704318076772));
#2352=CARTESIAN_POINT('Ctrl Pts',(1.46570875956131,0.0283557307947715,-8.58781043856418));
#2353=CARTESIAN_POINT('Ctrl Pts',(1.46589315618257,0.014309435107948,-8.58857769636064));
#2354=CARTESIAN_POINT('Ctrl Pts',(1.46585852467062,0.000262207414582392,
-8.5893449541571));
#2355=CARTESIAN_POINT('Origin',(0.,0.,0.));
#2356=CARTESIAN_POINT('',(1.46268787422507,0.00129024849823148,-9.16065504584291));
#2357=CARTESIAN_POINT('',(1.4623188075134,0.00120306053270247,-9.0893449541571));
#2358=CARTESIAN_POINT('',(1.4635,-1.79227059055215E-16,0.));
#2359=CARTESIAN_POINT('Ctrl Pts',(1.46268787422507,0.00129024849823148,
-9.16065504584291));
#2360=CARTESIAN_POINT('Ctrl Pts',(1.46387822128374,0.142460330938428,-9.15298745492108));
#2361=CARTESIAN_POINT('Ctrl Pts',(1.44510934716757,0.283320471768767,-9.14531986399926));
#2362=CARTESIAN_POINT('Ctrl Pts',(1.40509757906696,0.417863170197439,-9.13765227307743));
#2363=CARTESIAN_POINT('Ctrl Pts',(1.26679590242349,0.882913370579293,-9.1111490533837));
#2364=CARTESIAN_POINT('Ctrl Pts',(0.874693367838511,1.2724855168545,-9.08464583368997));
#2365=CARTESIAN_POINT('Ctrl Pts',(0.40875752026577,1.40777346378379,-9.05814261399624));
#2366=CARTESIAN_POINT('Ctrl Pts',(-0.0571783273069706,1.54306141071307,
-9.03163939430251));
#2367=CARTESIAN_POINT('Ctrl Pts',(-0.596947487867478,1.42406515829643,-9.00513617460879));
#2368=CARTESIAN_POINT('Ctrl Pts',(-0.96280626659183,1.10540170468428,-8.97863295491506));
#2369=CARTESIAN_POINT('Ctrl Pts',(-1.32866504531618,0.786738251072142,-8.95212973522134));
#2370=CARTESIAN_POINT('Ctrl Pts',(-1.52061344220437,0.268407596264506,-8.92562651552761));
#2371=CARTESIAN_POINT('Ctrl Pts',(-1.45055082362408,-0.211686427980043,
-8.89912329583388));
#2372=CARTESIAN_POINT('Ctrl Pts',(-1.38048820504378,-0.691780452224591,
-8.87262007614015));
#2373=CARTESIAN_POINT('Ctrl Pts',(-1.04841457099499,-1.13363784590605,-8.84611685644643));
#2374=CARTESIAN_POINT('Ctrl Pts',(-0.606745352117337,-1.3344545377762,-8.8196136367527));
#2375=CARTESIAN_POINT('Ctrl Pts',(-0.165076133239672,-1.53527122964635,
-8.79311041705897));
#2376=CARTESIAN_POINT('Ctrl Pts',(0.386188670466865,-1.49504721970517,-8.76660719736524));
#2377=CARTESIAN_POINT('Ctrl Pts',(0.794029084399064,-1.23224455723522,-8.74010397767151));
#2378=CARTESIAN_POINT('Ctrl Pts',(1.20155800123624,-0.969642616084514,-8.71362100039531));
#2379=CARTESIAN_POINT('Ctrl Pts',(1.46588153170334,-0.484801891256466,-8.68713802311911));
#2380=CARTESIAN_POINT('Ctrl Pts',(1.46591565689125,6.97192543978669E-6,
-8.66065504584291));
#2381=CARTESIAN_POINT('Ctrl Pts',(1.46585852467062,0.000262207414582392,
-8.5893449541571));
#2382=CARTESIAN_POINT('Ctrl Pts',(1.46469688737468,-0.470920905155359,-8.61508091605437));
#2383=CARTESIAN_POINT('Ctrl Pts',(1.21710268867305,-0.943152635343978,-8.64081687795163));
#2384=CARTESIAN_POINT('Ctrl Pts',(0.828411914442013,-1.20939763194514,-8.6665528398489));
#2385=CARTESIAN_POINT('Ctrl Pts',(0.428133229561642,-1.48358010336172,-8.69305605954263));
#2386=CARTESIAN_POINT('Ctrl Pts',(-0.121780368755867,-1.53931073118177,
-8.71955927923636));
#2387=CARTESIAN_POINT('Ctrl Pts',(-0.568929083272034,-1.35101022584999,
-8.74606249893009));
#2388=CARTESIAN_POINT('Ctrl Pts',(-1.01607779778821,-1.16270972051821,-8.77256571862381));
#2389=CARTESIAN_POINT('Ctrl Pts',(-1.36046162850304,-0.730378082034584,
-8.79906893831755));
#2390=CARTESIAN_POINT('Ctrl Pts',(-1.44401500055061,-0.252447242664328,
-8.82557215801127));
#2391=CARTESIAN_POINT('Ctrl Pts',(-1.52756837259817,0.225483596705908,-8.852075377705));
#2392=CARTESIAN_POINT('Ctrl Pts',(-1.35029128597848,0.749013636962784,-8.87857859739872));
#2393=CARTESIAN_POINT('Ctrl Pts',(-0.993550524227617,1.0778526281227,-8.90508181709245));
#2394=CARTESIAN_POINT('Ctrl Pts',(-0.63680976247674,1.40669161928263,-8.93158503678617));
#2395=CARTESIAN_POINT('Ctrl Pts',(-0.100605325594675,1.5408395613456,-8.95808825647991));
#2396=CARTESIAN_POINT('Ctrl Pts',(0.368955231410875,1.41872512114171,-8.98459147617364));
#2397=CARTESIAN_POINT('Ctrl Pts',(0.838515788416413,1.29661068093783,-9.01109469586737));
#2398=CARTESIAN_POINT('Ctrl Pts',(1.24143246554543,0.918233858467099,-9.03759791556109));
#2399=CARTESIAN_POINT('Ctrl Pts',(1.39277423377355,0.457262360008428,-9.06410113525481));
#2400=CARTESIAN_POINT('Ctrl Pts',(1.44082429754758,0.310906795657143,-9.07251574155558));
#2401=CARTESIAN_POINT('Ctrl Pts',(1.46351503843897,0.15622550015121,-9.08093034785633));
#2402=CARTESIAN_POINT('Ctrl Pts',(1.4623188075134,0.00120306053270247,-9.0893449541571));
#2403=CARTESIAN_POINT('Origin',(0.,0.,0.));
#2404=CARTESIAN_POINT('',(1.46132061761122,-0.000607572630443864,-9.66065504584291));
#2405=CARTESIAN_POINT('',(1.46152054086466,-0.000802369160266847,-9.5893449541571));
#2406=CARTESIAN_POINT('',(1.4635,-1.79227059055215E-16,0.));
#2407=CARTESIAN_POINT('Ctrl Pts',(1.46132061761122,-0.000607572630443864,
-9.66065504584291));
#2408=CARTESIAN_POINT('Ctrl Pts',(1.46026718857694,0.282023833019566,-9.64534010641678));
#2409=CARTESIAN_POINT('Ctrl Pts',(1.38132591916899,0.56519937645045,-9.63002516699065));
#2410=CARTESIAN_POINT('Ctrl Pts',(1.22830062522657,0.800116497619944,-9.61471022756452));
#2411=CARTESIAN_POINT('Ctrl Pts',(0.963483189701237,1.20665157418386,-9.5882070078708));
#2412=CARTESIAN_POINT('Ctrl Pts',(0.476799488707375,1.46866269984452,-9.56170378817707));
#2413=CARTESIAN_POINT('Ctrl Pts',(-0.00837199098400743,1.46589179187341,
-9.53520056848335));
#2414=CARTESIAN_POINT('Ctrl Pts',(-0.493543470675376,1.46312088390231,-9.50869734878962));
#2415=CARTESIAN_POINT('Ctrl Pts',(-0.977202729064273,1.19556794229946,-9.48219412909589));
#2416=CARTESIAN_POINT('Ctrl Pts',(-1.23735944053402,0.786034637040804,-9.45569090940216));
#2417=CARTESIAN_POINT('Ctrl Pts',(-1.49751615200376,0.376501331782142,-9.42918768970843));
#2418=CARTESIAN_POINT('Ctrl Pts',(-1.53417031655435,-0.175012337132318,
-9.4026844700147));
#2419=CARTESIAN_POINT('Ctrl Pts',(-1.33049837548868,-0.615372170745419,
-9.37618125032097));
#2420=CARTESIAN_POINT('Ctrl Pts',(-1.126826434423,-1.05573200435851,-9.34967803062725));
#2421=CARTESIAN_POINT('Ctrl Pts',(-0.682828387741057,-1.38493800267024,
-9.32317481093353));
#2422=CARTESIAN_POINT('Ctrl Pts',(-0.20229082537118,-1.45189092485601,-9.2966715912398));
#2423=CARTESIAN_POINT('Ctrl Pts',(0.278246736998711,-1.51884384704178,-9.27016837154607));
#2424=CARTESIAN_POINT('Ctrl Pts',(0.795323815056545,-1.32354369310159,-9.24366515185234));
#2425=CARTESIAN_POINT('Ctrl Pts',(1.11161194473447,-0.955629488887237,-9.21716193215861));
#2426=CARTESIAN_POINT('Ctrl Pts',(1.33639541875826,-0.694155771709761,-9.19832630338671));
#2427=CARTESIAN_POINT('Ctrl Pts',(1.45976375691945,-0.345497587948861,-9.17949067461481));
#2428=CARTESIAN_POINT('Ctrl Pts',(1.46268787422507,0.00129024849823148,
-9.16065504584291));
#2429=CARTESIAN_POINT('Ctrl Pts',(1.4623188075134,0.00120306053270247,-9.0893449541571));
#2430=CARTESIAN_POINT('Ctrl Pts',(1.45974730767515,-0.332043781597063,-9.10743356755007));
#2431=CARTESIAN_POINT('Ctrl Pts',(1.34679233635781,-0.666867076016766,-9.12552218094304));
#2432=CARTESIAN_POINT('Ctrl Pts',(1.13807990139065,-0.923949711940321,-9.143610794336));
#2433=CARTESIAN_POINT('Ctrl Pts',(0.832276941452436,-1.30062411098374,-9.17011401402973));
#2434=CARTESIAN_POINT('Ctrl Pts',(0.320904162248812,-1.51040673462394,-9.19661723372345));
#2435=CARTESIAN_POINT('Ctrl Pts',(-0.16132813594906,-1.45701138111388,-9.22312045341718));
#2436=CARTESIAN_POINT('Ctrl Pts',(-0.643560434146918,-1.40361602760381,
-9.24962367311091));
#2437=CARTESIAN_POINT('Ctrl Pts',(-1.09665225133903,-1.08704269694349,-9.27612689280464));
#2438=CARTESIAN_POINT('Ctrl Pts',(-1.3126431313018,-0.652592477730183,-9.30263011249837));
#2439=CARTESIAN_POINT('Ctrl Pts',(-1.52863401126458,-0.218142258516852,
-9.32913333219209));
#2440=CARTESIAN_POINT('Ctrl Pts',(-1.50752395399799,0.334184849249465,-9.35563655188582));
#2441=CARTESIAN_POINT('Ctrl Pts',(-1.25900207100976,0.75088129377213,-9.38213977157955));
#2442=CARTESIAN_POINT('Ctrl Pts',(-1.01048018802155,1.16757773829478,-9.40864299127327));
#2443=CARTESIAN_POINT('Ctrl Pts',(-0.534546479311707,1.44864351957377,-9.435146210967));
#2444=CARTESIAN_POINT('Ctrl Pts',(-0.0496453913259738,1.46507483333283,
-9.46164943066073));
#2445=CARTESIAN_POINT('Ctrl Pts',(0.435255696659759,1.48150614709188,-9.48815265035446));
#2446=CARTESIAN_POINT('Ctrl Pts',(0.929124163921395,1.233302993331,-9.51465587004818));
#2447=CARTESIAN_POINT('Ctrl Pts',(1.20528385373091,0.834385860425529,-9.54115908974191));
#2448=CARTESIAN_POINT('Ctrl Pts',(1.37264708385763,0.59262697098731,-9.55722104454697));
#2449=CARTESIAN_POINT('Ctrl Pts',(1.46004982064485,0.295513564994464,-9.57328299935203));
#2450=CARTESIAN_POINT('Ctrl Pts',(1.46152054086466,-0.000802369160266847,
-9.5893449541571));
#2451=CARTESIAN_POINT('Origin',(0.,0.,0.));
#2452=CARTESIAN_POINT('',(1.46491967177767,-0.00104674612714961,-10.1606550458429));
#2453=CARTESIAN_POINT('',(1.46525887969959,-0.000873623129431719,-10.0893449541571));
#2454=CARTESIAN_POINT('',(1.4635,-1.79227059055215E-16,0.));
#2455=CARTESIAN_POINT('Ctrl Pts',(1.46491967177767,-0.00104674612714961,
-10.1606550458429));
#2456=CARTESIAN_POINT('Ctrl Pts',(1.46151639761584,0.420066328244922,-10.1376927579125));
#2457=CARTESIAN_POINT('Ctrl Pts',(1.27022900189202,0.843876531841208,-10.114730469982));
#2458=CARTESIAN_POINT('Ctrl Pts',(0.950117546265015,1.11632678160643,-10.0917681820516));
#2459=CARTESIAN_POINT('Ctrl Pts',(0.580642855386394,1.43079060363567,-10.0652649623579));
#2460=CARTESIAN_POINT('Ctrl Pts',(0.0395497291148257,1.5436138433299,-10.0387617426642));
#2461=CARTESIAN_POINT('Ctrl Pts',(-0.424810463121145,1.40301279624541,-10.0122585229704));
#2462=CARTESIAN_POINT('Ctrl Pts',(-0.889170655357103,1.26241174916093,-9.98575530327671));
#2463=CARTESIAN_POINT('Ctrl Pts',(-1.27679791355747,0.868386415297748,-9.95925208358298));
#2464=CARTESIAN_POINT('Ctrl Pts',(-1.40977875867488,0.40178686801383,-9.93274886388925));
#2465=CARTESIAN_POINT('Ctrl Pts',(-1.5427596037923,-0.0648126792700873,
-9.90624564419553));
#2466=CARTESIAN_POINT('Ctrl Pts',(-1.42109403582677,-0.603986439974739,
-9.8797424245018));
#2467=CARTESIAN_POINT('Ctrl Pts',(-1.10062421765726,-0.968263996606505,
-9.85323920480807));
#2468=CARTESIAN_POINT('Ctrl Pts',(-0.78015439948774,-1.33254155323828,-9.82673598511434));
#2469=CARTESIAN_POINT('Ctrl Pts',(-0.260880331114235,-1.52192290579716,
-9.80023276542062));
#2470=CARTESIAN_POINT('Ctrl Pts',(0.218861147006899,-1.44948564466364,-9.77372954572689));
#2471=CARTESIAN_POINT('Ctrl Pts',(0.698602625128019,-1.37704838353012,-9.74722632603316));
#2472=CARTESIAN_POINT('Ctrl Pts',(1.13881151299677,-1.04279250870421,-9.72072310633943));
#2473=CARTESIAN_POINT('Ctrl Pts',(1.33744037190274,-0.600135057557673,-9.6942198866457));
#2474=CARTESIAN_POINT('Ctrl Pts',(1.4212911405397,-0.413268115231408,-9.6830316063781));
#2475=CARTESIAN_POINT('Ctrl Pts',(1.46209019684035,-0.207083046731405,-9.67184332611051));
#2476=CARTESIAN_POINT('Ctrl Pts',(1.46132061761122,-0.000607572630443864,
-9.66065504584291));
#2477=CARTESIAN_POINT('Ctrl Pts',(1.46152054086466,-0.000802369160266847,
-9.5893449541571));
#2478=CARTESIAN_POINT('Ctrl Pts',(1.46247660004789,-0.193426068877505,-9.59978621904576));
#2479=CARTESIAN_POINT('Ctrl Pts',(1.4271194667415,-0.385712772565561,-9.61022748393443));
#2480=CARTESIAN_POINT('Ctrl Pts',(1.3538087428048,-0.562237334271169,-9.62066874882309));
#2481=CARTESIAN_POINT('Ctrl Pts',(1.16772302971179,-1.01031228401227,-9.64717196851682));
#2482=CARTESIAN_POINT('Ctrl Pts',(0.737100691168378,-1.3568310714444,-9.67367518821055));
#2483=CARTESIAN_POINT('Ctrl Pts',(0.259589123543917,-1.44274821749642,-9.70017840790428));
#2484=CARTESIAN_POINT('Ctrl Pts',(-0.217922444080551,-1.52866536354844,
-9.72668162759801));
#2485=CARTESIAN_POINT('Ctrl Pts',(-0.74232324078607,-1.35398086822035,-9.75318484729173));
#2486=CARTESIAN_POINT('Ctrl Pts',(-1.07292335607843,-0.998871565374422,
-9.77968806698546));
#2487=CARTESIAN_POINT('Ctrl Pts',(-1.4035234713708,-0.643762262528491,-9.80619128667918));
#2488=CARTESIAN_POINT('Ctrl Pts',(-1.54032290524999,-0.108228152164713,
-9.83269450637291));
#2489=CARTESIAN_POINT('Ctrl Pts',(-1.42053334063841,0.361930877760264,-9.85919772606664));
#2490=CARTESIAN_POINT('Ctrl Pts',(-1.30074377602683,0.832089907685234,-9.88570094576037));
#2491=CARTESIAN_POINT('Ctrl Pts',(-0.924365212924499,1.23687385717141,-9.9122041654541));
#2492=CARTESIAN_POINT('Ctrl Pts',(-0.464148194886383,1.3904946549251,-9.93870738514783));
#2493=CARTESIAN_POINT('Ctrl Pts',(-0.00393117684827339,1.54411545267879,
-9.96521060484156));
#2494=CARTESIAN_POINT('Ctrl Pts',(0.540124296125622,1.4465730987,-9.99171382453527));
#2495=CARTESIAN_POINT('Ctrl Pts',(0.91830719402177,1.14263766324353,-10.018217044229));
#2496=CARTESIAN_POINT('Ctrl Pts',(1.25662280760575,0.87074249318589,-10.0419263475384));
#2497=CARTESIAN_POINT('Ctrl Pts',(1.46219442160607,0.433675695998817,-10.0656356508477));
#2498=CARTESIAN_POINT('Ctrl Pts',(1.46525887969959,-0.000873623129431719,
-10.0893449541571));
#2499=CARTESIAN_POINT('Origin',(0.,0.,0.));
#2500=CARTESIAN_POINT('',(1.46463549265856,0.00115370344820447,-10.6606550458429));
#2501=CARTESIAN_POINT('',(1.46423533958914,0.00126042221185985,-10.5893449541571));
#2502=CARTESIAN_POINT('',(1.4635,-1.79227059055215E-16,0.));
#2503=CARTESIAN_POINT('Ctrl Pts',(1.46463549265856,0.00115370344820447,
-10.6606550458429));
#2504=CARTESIAN_POINT('Ctrl Pts',(1.46528661595316,0.0765007061493733,-10.6565486291019));
#2505=CARTESIAN_POINT('Ctrl Pts',(1.45997608821624,0.151755681248628,-10.6524422123609));
#2506=CARTESIAN_POINT('Ctrl Pts',(1.44838498534184,0.226030527815632,-10.6483357956199));
#2507=CARTESIAN_POINT('Ctrl Pts',(1.3735748612487,0.705407731942708,-10.6218325759262));
#2508=CARTESIAN_POINT('Ctrl Pts',(1.03714491550814,1.14395729748793,-10.5953293562324));
#2509=CARTESIAN_POINT('Ctrl Pts',(0.593510066336332,1.34039345122177,-10.5688261365387));
#2510=CARTESIAN_POINT('Ctrl Pts',(0.149875217164508,1.53682960495562,-10.542322916845));
#2511=CARTESIAN_POINT('Ctrl Pts',(-0.400964535438579,1.49115234687807,-10.5158196971513));
#2512=CARTESIAN_POINT('Ctrl Pts',(-0.806184319836997,1.22432662661607,-10.4893164774575));
#2513=CARTESIAN_POINT('Ctrl Pts',(-1.2114041042354,0.95750090635407,-10.4628132577638));
#2514=CARTESIAN_POINT('Ctrl Pts',(-1.47100392042915,0.469526723907628,-10.4363100380701));
#2515=CARTESIAN_POINT('Ctrl Pts',(-1.46583242384759,-0.0156251087521912,
-10.4098068183763));
#2516=CARTESIAN_POINT('Ctrl Pts',(-1.46066092726603,-0.50077694141201,-10.3833035986826));
#2517=CARTESIAN_POINT('Ctrl Pts',(-1.19071811790916,-0.983106424285207,
-10.3568003789889));
#2518=CARTESIAN_POINT('Ctrl Pts',(-0.779902572730195,-1.24123358320298,
-10.3302971592952));
#2519=CARTESIAN_POINT('Ctrl Pts',(-0.369087027551218,-1.49936074212077,
-10.3037939396014));
#2520=CARTESIAN_POINT('Ctrl Pts',(0.182601253449867,-1.53328557708312,-10.2772907199077));
#2521=CARTESIAN_POINT('Ctrl Pts',(0.621947929561083,-1.32743723408192,-10.250787500214));
#2522=CARTESIAN_POINT('Ctrl Pts',(1.06129460567227,-1.12158889108072,-10.2242842805203));
#2523=CARTESIAN_POINT('Ctrl Pts',(1.38829967689361,-0.675967370115999,-10.1977810608265));
#2524=CARTESIAN_POINT('Ctrl Pts',(1.45287408476146,-0.195104407451534,-10.1712778411328));
#2525=CARTESIAN_POINT('Ctrl Pts',(1.46150147322813,-0.13085927203143,-10.1677369093695));
#2526=CARTESIAN_POINT('Ctrl Pts',(1.46544447843524,-0.0659850774250561,
-10.1641959776062));
#2527=CARTESIAN_POINT('Ctrl Pts',(1.46491967177767,-0.00104674612714961,
-10.1606550458429));
#2528=CARTESIAN_POINT('Ctrl Pts',(1.46525887969959,-0.000873623129431719,
-10.0893449541571));
#2529=CARTESIAN_POINT('Ctrl Pts',(1.465619997003,-0.0520811363441577,-10.0921388705415));
#2530=CARTESIAN_POINT('Ctrl Pts',(1.46316902183165,-0.103253690887558,-10.0949327869258));
#2531=CARTESIAN_POINT('Ctrl Pts',(1.45779179523776,-0.154116883868286,-10.0977267033102));
#2532=CARTESIAN_POINT('Ctrl Pts',(1.40678317573919,-0.636607478589515,-10.1242299230039));
#2533=CARTESIAN_POINT('Ctrl Pts',(1.09245561392363,-1.09126015109783,-10.1507331426976));
#2534=CARTESIAN_POINT('Ctrl Pts',(0.6590794336208,-1.30939804208633,-10.1772363623914));
#2535=CARTESIAN_POINT('Ctrl Pts',(0.225703253317974,-1.52753593307483,-10.2037395820851));
#2536=CARTESIAN_POINT('Ctrl Pts',(-0.326721545472121,-1.50915904254353,
-10.2302428017788));
#2537=CARTESIAN_POINT('Ctrl Pts',(-0.744642572779798,-1.26270201167739,
-10.2567460214726));
#2538=CARTESIAN_POINT('Ctrl Pts',(-1.16256360008745,-1.01624498081127,-10.2832492411663));
#2539=CARTESIAN_POINT('Ctrl Pts',(-1.44598085591272,-0.541707809610331,
-10.30975246086));
#2540=CARTESIAN_POINT('Ctrl Pts',(-1.46481125399732,-0.0568939590602256,
-10.3362556805537));
#2541=CARTESIAN_POINT('Ctrl Pts',(-1.48364165208192,0.427919891489894,-10.3627589002475));
#2542=CARTESIAN_POINT('Ctrl Pts',(-1.23788519242587,0.923010421389171,-10.3892621199412));
#2543=CARTESIAN_POINT('Ctrl Pts',(-0.840339378206973,1.20114056770214,-10.4157653396349));
#2544=CARTESIAN_POINT('Ctrl Pts',(-0.442793563988055,1.47927071401513,-10.4422685593287));
#2545=CARTESIAN_POINT('Ctrl Pts',(0.106541604793728,1.54044047674176,-10.4687717790224));
#2546=CARTESIAN_POINT('Ctrl Pts',(0.555531819885915,1.35657411318406,-10.4952749987161));
#2547=CARTESIAN_POINT('Ctrl Pts',(1.00452203497808,1.17270774962636,-10.5217782184098));
#2548=CARTESIAN_POINT('Ctrl Pts',(1.35316729638067,0.743805259784369,-10.5482814381036));
#2549=CARTESIAN_POINT('Ctrl Pts',(1.44144611250577,0.266724652031692,-10.5747846577973));
#2550=CARTESIAN_POINT('Ctrl Pts',(1.45761227067987,0.179358725467913,-10.5796380899172));
#2551=CARTESIAN_POINT('Ctrl Pts',(1.46504699314527,0.0903771370293675,-10.5844915220372));
#2552=CARTESIAN_POINT('Ctrl Pts',(1.46423533958914,0.00126042221185985,
-10.5893449541571));
#2553=CARTESIAN_POINT('Origin',(0.,0.,0.));
#2554=CARTESIAN_POINT('',(1.46120764703293,0.000447514212230243,-11.1606550458429));
#2555=CARTESIAN_POINT('',(1.46111297493413,0.000227825724804693,-11.0893449541571));
#2556=CARTESIAN_POINT('',(1.4635,-1.79227059055215E-16,0.));
#2557=CARTESIAN_POINT('Ctrl Pts',(1.46120764703293,0.000447514212230243,
-11.1606550458429));
#2558=CARTESIAN_POINT('Ctrl Pts',(1.46180217548919,0.217401275720884,-11.1489012805976));
#2559=CARTESIAN_POINT('Ctrl Pts',(1.41659729575693,0.434119719693327,-11.1371475153523));
#2560=CARTESIAN_POINT('Ctrl Pts',(1.32434392304701,0.628509403646382,-11.125393750107));
#2561=CARTESIAN_POINT('Ctrl Pts',(1.1163245051507,1.06683298698153,-11.0988905304133));
#2562=CARTESIAN_POINT('Ctrl Pts',(0.669089780630813,1.39162729793167,-11.0723873107195));
#2563=CARTESIAN_POINT('Ctrl Pts',(0.18791303921003,1.45382117806951,-11.0458840910258));
#2564=CARTESIAN_POINT('Ctrl Pts',(-0.293263702210739,1.51601505820736,-11.0193808713321));
#2565=CARTESIAN_POINT('Ctrl Pts',(-0.808382460532389,1.31560850753292,-10.9928776516384));
#2566=CARTESIAN_POINT('Ctrl Pts',(-1.12101419628642,0.944582603497647,-10.9663744319446));
#2567=CARTESIAN_POINT('Ctrl Pts',(-1.43364593204044,0.573556699462379,-10.9398712122509));
#2568=CARTESIAN_POINT('Ctrl Pts',(-1.54379064522684,0.0319114420662482,
-10.9133679925572));
#2569=CARTESIAN_POINT('Ctrl Pts',(-1.40089371196889,-0.431747493153685,
-10.8868647728634));
#2570=CARTESIAN_POINT('Ctrl Pts',(-1.25799677871093,-0.89540642837363,-10.8603615531697));
#2571=CARTESIAN_POINT('Ctrl Pts',(-0.862058199008613,-1.2810790414174,-10.833858333476));
#2572=CARTESIAN_POINT('Ctrl Pts',(-0.394806353551997,-1.41174946581731,
-10.8073551137823));
#2573=CARTESIAN_POINT('Ctrl Pts',(0.0724454919046322,-1.54241989021723,
-10.7808518940885));
#2574=CARTESIAN_POINT('Ctrl Pts',(0.611010603115551,-1.41808812597327,-10.7543486743948));
#2575=CARTESIAN_POINT('Ctrl Pts',(0.973698007498146,-1.09581982249682,-10.7278454547011));
#2576=CARTESIAN_POINT('Ctrl Pts',(1.28019051758792,-0.823483865798747,-10.7054486517483));
#2577=CARTESIAN_POINT('Ctrl Pts',(1.46108420182595,-0.409796299683655,-10.6830518487956));
#2578=CARTESIAN_POINT('Ctrl Pts',(1.46463549265856,0.00115370344820447,
-10.6606550458429));
#2579=CARTESIAN_POINT('Ctrl Pts',(1.46423533958914,0.00126042221185985,
-10.5893449541571));
#2580=CARTESIAN_POINT('Ctrl Pts',(1.46061478270494,-0.396264030051042,-10.6109947417309));
#2581=CARTESIAN_POINT('Ctrl Pts',(1.29290786127385,-0.796477226584221,-10.6326445293047));
#2582=CARTESIAN_POINT('Ctrl Pts',(1.00416815043188,-1.06796782173742,-10.6542943168785));
#2583=CARTESIAN_POINT('Ctrl Pts',(0.65069900138524,-1.40032096209049,-10.6807975365722));
#2584=CARTESIAN_POINT('Ctrl Pts',(0.115848332444329,-1.53976851713325,-10.7073007562659));
#2585=CARTESIAN_POINT('Ctrl Pts',(-0.354897661212233,-1.42230677052257,
-10.7338039759596));
#2586=CARTESIAN_POINT('Ctrl Pts',(-0.825643654868768,-1.30484502391189,
-10.7603071956534));
#2587=CARTESIAN_POINT('Ctrl Pts',(-1.23228497324096,-0.930473975647784,
-10.7868104153471));
#2588=CARTESIAN_POINT('Ctrl Pts',(-1.38818103642506,-0.471022687120946,
-10.8133136350408));
#2589=CARTESIAN_POINT('Ctrl Pts',(-1.54407709960916,-0.0115713985940949,
-10.8398168547346));
#2590=CARTESIAN_POINT('Ctrl Pts',(-1.44922790760514,0.5329601301955,-10.8663200744283));
#2591=CARTESIAN_POINT('Ctrl Pts',(-1.14716744357018,0.912642233259057,-10.892823294122));
#2592=CARTESIAN_POINT('Ctrl Pts',(-0.84510697953521,1.29232433632264,-10.9193265138157));
#2593=CARTESIAN_POINT('Ctrl Pts',(-0.335835243469267,1.50715701366015,-10.9458297335095));
#2594=CARTESIAN_POINT('Ctrl Pts',(0.146901846024328,1.45853644295049,-10.9723329532032));
#2595=CARTESIAN_POINT('Ctrl Pts',(0.629638935517896,1.40991587224083,-10.9988361728969));
#2596=CARTESIAN_POINT('Ctrl Pts',(1.08584137843912,1.09784205348401,-11.0253393925906));
#2597=CARTESIAN_POINT('Ctrl Pts',(1.30612091905189,0.665550397104472,-11.0518426122844));
#2598=CARTESIAN_POINT('Ctrl Pts',(1.41002022808036,0.461651277505493,-11.0643433929086));
#2599=CARTESIAN_POINT('Ctrl Pts',(1.46143309954343,0.231006954423111,-11.0768441735329));
#2600=CARTESIAN_POINT('Ctrl Pts',(1.46111297493413,0.000227825724804693,
-11.0893449541571));
#2601=CARTESIAN_POINT('Origin',(0.,0.,0.));
#2602=CARTESIAN_POINT('',(1.46295112232382,-0.00142968716573807,-11.6606550458429));
#2603=CARTESIAN_POINT('',(1.46339347638966,-0.00136484557708511,-11.5893449541571));
#2604=CARTESIAN_POINT('',(1.4635,-1.79227059055215E-16,0.));
#2605=CARTESIAN_POINT('Ctrl Pts',(1.46295112232382,-0.00142968716573807,
-11.6606550458429));
#2606=CARTESIAN_POINT('Ctrl Pts',(1.45980192267955,0.355604822322273,-11.6412539320933));
#2607=CARTESIAN_POINT('Ctrl Pts',(1.32821454859055,0.714797090253587,-11.6218528183437));
#2608=CARTESIAN_POINT('Ctrl Pts',(1.09100404441358,0.979152308044176,-11.6024517045941));
#2609=CARTESIAN_POINT('Ctrl Pts',(0.766958621712544,1.34027922605059,-11.5759484849004));
#2610=CARTESIAN_POINT('Ctrl Pts',(0.245805774776983,1.52442704241828,-11.5494452652066));
#2611=CARTESIAN_POINT('Ctrl Pts',(-0.233202511671552,1.44722561174901,-11.5229420455129));
#2612=CARTESIAN_POINT('Ctrl Pts',(-0.712210798120072,1.37002418107974,-11.4964388258192));
#2613=CARTESIAN_POINT('Ctrl Pts',(-1.14907452408157,1.03147350337351,-11.4699356061255));
#2614=CARTESIAN_POINT('Ctrl Pts',(-1.34330942845154,0.58688279255997,-11.4434323864317));
#2615=CARTESIAN_POINT('Ctrl Pts',(-1.5375443328215,0.142292081746426,-11.416929166738));
#2616=CARTESIAN_POINT('Ctrl Pts',(-1.48915041559994,-0.408338662174437,
-11.3904259470443));
#2617=CARTESIAN_POINT('Ctrl Pts',(-1.22032491014621,-0.812238855136261,
-11.3639227273505));
#2618=CARTESIAN_POINT('Ctrl Pts',(-0.951499404692458,-1.2161390480981,-11.3374195076568));
#2619=CARTESIAN_POINT('Ctrl Pts',(-0.462242311006518,-1.47330869010088,
-11.3109162879631));
#2620=CARTESIAN_POINT('Ctrl Pts',(0.0228790326380221,-1.46573377093983,
-11.2844130682694));
#2621=CARTESIAN_POINT('Ctrl Pts',(0.508000376282549,-1.45815885177877,-11.2579098485756));
#2622=CARTESIAN_POINT('Ctrl Pts',(0.988985969885676,-1.18583937145389,-11.2314066288819));
#2623=CARTESIAN_POINT('Ctrl Pts',(1.24507671105087,-0.773753203431383,-11.2049034091882));
#2624=CARTESIAN_POINT('Ctrl Pts',(1.38759519616808,-0.544420834220732,-11.1901539547397));
#2625=CARTESIAN_POINT('Ctrl Pts',(1.46046159075216,-0.27180138271584,-11.1754045002913));
#2626=CARTESIAN_POINT('Ctrl Pts',(1.46120764703293,0.000447514212230243,
-11.1606550458429));
#2627=CARTESIAN_POINT('Ctrl Pts',(1.46111297493413,0.000227825724804693,
-11.0893449541571));
#2628=CARTESIAN_POINT('Ctrl Pts',(1.46075439530051,-0.258273685920163,-11.1033473932266));
#2629=CARTESIAN_POINT('Ctrl Pts',(1.39548743920278,-0.516944335529915,-11.1173498322961));
#2630=CARTESIAN_POINT('Ctrl Pts',(1.26637099264225,-0.738385893711749,-11.1313522713656));
#2631=CARTESIAN_POINT('Ctrl Pts',(1.02198488731554,-1.15752103414617,-11.1578554910593));
#2632=CARTESIAN_POINT('Ctrl Pts',(0.548856038357793,-1.44328182101272,-11.184358710753));
#2633=CARTESIAN_POINT('Ctrl Pts',(0.0641412198660807,-1.46451129397647,
-11.2108619304467));
#2634=CARTESIAN_POINT('Ctrl Pts',(-0.420573598625604,-1.48574076694022,
-11.2373651501405));
#2635=CARTESIAN_POINT('Ctrl Pts',(-0.916874386651254,-1.2424389260012,-11.2638683698342));
#2636=CARTESIAN_POINT('Ctrl Pts',(-1.19696803774312,-0.846273305969079,
-11.2903715895279));
#2637=CARTESIAN_POINT('Ctrl Pts',(-1.477061688835,-0.450107685936939,-11.3168748092217));
#2638=CARTESIAN_POINT('Ctrl Pts',(-1.54094820299306,0.0989217131883199,
-11.3433780289154));
#2639=CARTESIAN_POINT('Ctrl Pts',(-1.35930596080895,0.548814572738679,-11.3698812486091));
#2640=CARTESIAN_POINT('Ctrl Pts',(-1.17766371862484,0.998707432289024,-11.3963844683028));
#2641=CARTESIAN_POINT('Ctrl Pts',(-0.750492720098563,1.34946375226448,-11.4228876879966));
#2642=CARTESIAN_POINT('Ctrl Pts',(-0.27385423920815,1.44010516936766,-11.4493909076903));
#2643=CARTESIAN_POINT('Ctrl Pts',(0.202784241682277,1.53074658647084,-11.475894127384));
#2644=CARTESIAN_POINT('Ctrl Pts',(0.728890204936845,1.36127310070174,-11.5023973470778));
#2645=CARTESIAN_POINT('Ctrl Pts',(1.06298725878648,1.00944688732122,-11.5289005667715));
#2646=CARTESIAN_POINT('Ctrl Pts',(1.31697264849441,0.741983535324304,-11.5490486959));
#2647=CARTESIAN_POINT('Ctrl Pts',(1.45999111132537,0.369133814260524,-11.5691968250286));
#2648=CARTESIAN_POINT('Ctrl Pts',(1.46339347638966,-0.00136484557708511,
-11.5893449541571));
#2649=CARTESIAN_POINT('Origin',(0.,0.,0.924367114736161));
#2650=CARTESIAN_POINT('',(1.17730829129954,-0.00115053915906443,-11.8256328852638));
#2651=CARTESIAN_POINT('',(1.17951199511941,0.000101094569138456,-11.9243671147362));
#2652=CARTESIAN_POINT('',(1.17775,3.58930883875917E-14,0.924367114736161));
#2653=CARTESIAN_POINT('',(-0.686152384682151,-0.959611404847654,-12.));
#2654=CARTESIAN_POINT('Ctrl Pts',(1.17730829129954,-0.00115053915906451,
-11.8256328852638));
#2655=CARTESIAN_POINT('Ctrl Pts',(1.17823602015412,-0.106330030441181,-11.832734991208));
#2656=CARTESIAN_POINT('Ctrl Pts',(1.11708730129279,-0.602911092898273,-11.8663403168458));
#2657=CARTESIAN_POINT('Ctrl Pts',(0.440094574389997,-1.30449141564486,-11.9244626884245));
#2658=CARTESIAN_POINT('Ctrl Pts',(-0.390954108684062,-1.1682134619788,-11.9754829540591));
#2659=CARTESIAN_POINT('Ctrl Pts',(-0.686152384682151,-0.959611404847654,
-12.));
#2660=CARTESIAN_POINT('',(0.684664424539437,-0.958295198918414,-12.));
#2661=CARTESIAN_POINT('Origin',(0.,0.,-12.));
#2662=CARTESIAN_POINT('Ctrl Pts',(1.17951199511941,0.000101094569138474,
-11.9243671147362));
#2663=CARTESIAN_POINT('Ctrl Pts',(1.17815325647068,-0.37064365535604,-11.9495780764908));
#2664=CARTESIAN_POINT('Ctrl Pts',(0.988262203410987,-0.741386464744282,
-11.9747890382454));
#2665=CARTESIAN_POINT('Ctrl Pts',(0.684664424539437,-0.958295198918414,
-12.));
#2666=CARTESIAN_POINT('Origin',(0.,0.,0.924367114736161));
#2667=CARTESIAN_POINT('',(1.17590523149507,0.000360136565468359,-11.3256328852638));
#2668=CARTESIAN_POINT('',(1.17766427524286,-0.00109835796269386,-11.4243671147362));
#2669=CARTESIAN_POINT('',(1.17775,3.58930883875917E-14,0.924367114736161));
#2670=CARTESIAN_POINT('Ctrl Pts',(1.17590523149507,0.000360136565468148,
-11.3256328852638));
#2671=CARTESIAN_POINT('Ctrl Pts',(1.17530484353151,-0.21873186094534,-11.3403823397123));
#2672=CARTESIAN_POINT('Ctrl Pts',(1.01129730271586,-0.832343198174985,-11.3816350138544));
#2673=CARTESIAN_POINT('Ctrl Pts',(0.021740116365346,-1.39260051632053,-11.4493909076903));
#2674=CARTESIAN_POINT('Ctrl Pts',(-1.15944719232329,-0.771729564761714,
-11.5289005667715));
#2675=CARTESIAN_POINT('Ctrl Pts',(-1.27628204577262,0.55762887456757,-11.6084102258527));
#2676=CARTESIAN_POINT('Ctrl Pts',(-0.221585250587468,1.37497372048867,-11.6879198849338));
#2677=CARTESIAN_POINT('Ctrl Pts',(0.924219809274554,0.970106893036173,-11.7603274380709));
#2678=CARTESIAN_POINT('Ctrl Pts',(1.17477397638251,0.286172585917435,-11.8062317715142));
#2679=CARTESIAN_POINT('Ctrl Pts',(1.17730829129954,-0.00115053915906451,
-11.8256328852638));
#2680=CARTESIAN_POINT('Ctrl Pts',(1.17766427524286,-0.0010983579626939,
-11.4243671147362));
#2681=CARTESIAN_POINT('Ctrl Pts',(1.17852790642579,-0.0951429974486932,
-11.4307222053013));
#2682=CARTESIAN_POINT('Ctrl Pts',(1.1251978014468,-0.580417417296464,-11.4635805155603));
#2683=CARTESIAN_POINT('Ctrl Pts',(0.454056187907934,-1.31661913455697,-11.5229420455129));
#2684=CARTESIAN_POINT('Ctrl Pts',(-0.861730219829694,-1.0943533637206,-11.6024517045941));
#2685=CARTESIAN_POINT('Ctrl Pts',(-1.38639810942448,0.132983252315619,-11.6819613636753));
#2686=CARTESIAN_POINT('Ctrl Pts',(-0.638563742934833,1.2373013973084,-11.7614710227565));
#2687=CARTESIAN_POINT('Ctrl Pts',(0.695747808044637,1.2076378976044,-11.8409806818376));
#2688=CARTESIAN_POINT('Ctrl Pts',(1.17042523905626,0.427856612991136,-11.8952793791642));
#2689=CARTESIAN_POINT('Ctrl Pts',(1.17958164104657,0.0191046475132131,-11.9230748567971));
#2690=CARTESIAN_POINT('Ctrl Pts',(1.17951199511941,0.000101094569138474,
-11.9243671147362));
#2691=CARTESIAN_POINT('Origin',(0.,0.,0.924367114736161));
#2692=CARTESIAN_POINT('',(1.17866378645618,0.000928441569032503,-10.8256328852638));
#2693=CARTESIAN_POINT('',(1.17582904422868,0.000183342499143688,-10.9243671147362));
#2694=CARTESIAN_POINT('',(1.17775,3.58930883875917E-14,0.924367114736161));
#2695=CARTESIAN_POINT('Ctrl Pts',(1.17866378645618,0.000928441569032473,
-10.8256328852638));
#2696=CARTESIAN_POINT('Ctrl Pts',(1.17580588910185,-0.329783117152248,-10.8480296882166));
#2697=CARTESIAN_POINT('Ctrl Pts',(0.857967155697921,-1.05665167861058,-10.896929710863));
#2698=CARTESIAN_POINT('Ctrl Pts',(-0.375109246079918,-1.34131654324678,
-10.9723329532032));
#2699=CARTESIAN_POINT('Ctrl Pts',(-1.3310026432328,-0.410207721902801,-11.0518426122844));
#2700=CARTESIAN_POINT('Ctrl Pts',(-1.06508613632071,0.897457536515253,-11.1313522713656));
#2701=CARTESIAN_POINT('Ctrl Pts',(0.178537610068083,1.38128838391564,-11.2108619304468));
#2702=CARTESIAN_POINT('Ctrl Pts',(1.05797611759898,0.74261565030099,-11.2756221350795));
#2703=CARTESIAN_POINT('Ctrl Pts',(1.1763836776101,0.174953435244514,-11.3138791200185));
#2704=CARTESIAN_POINT('Ctrl Pts',(1.17590523149507,0.000360136565468148,
-11.3256328852638));
#2705=CARTESIAN_POINT('Ctrl Pts',(1.17582904422868,0.000183342499143584,
-10.9243671147362));
#2706=CARTESIAN_POINT('Ctrl Pts',(1.17554047766668,-0.207845461969523,-10.9383695538057));
#2707=CARTESIAN_POINT('Ctrl Pts',(1.02360270591203,-0.81001606206903,-10.9788752125689));
#2708=CARTESIAN_POINT('Ctrl Pts',(0.0609413715858793,-1.3914451188451,-11.0458840910258));
#2709=CARTESIAN_POINT('Ctrl Pts',(-1.13725115269953,-0.804054459810012,
-11.125393750107));
#2710=CARTESIAN_POINT('Ctrl Pts',(-1.29148895669609,0.521437938180593,-11.2049034091882));
#2711=CARTESIAN_POINT('Ctrl Pts',(-0.260192796434409,1.36825021529251,-11.2844130682694));
#2712=CARTESIAN_POINT('Ctrl Pts',(0.908435578615915,0.991802240699555,-11.3575676367854));
#2713=CARTESIAN_POINT('Ctrl Pts',(1.17492622573519,0.297060027157732,-11.4042189856076));
#2714=CARTESIAN_POINT('Ctrl Pts',(1.17766427524286,-0.0010983579626939,
-11.4243671147362));
#2715=CARTESIAN_POINT('Origin',(0.,0.,0.924367114736161));
#2716=CARTESIAN_POINT('',(1.17889247928674,-0.00084236778352704,-10.3256328852638));
#2717=CARTESIAN_POINT('',(1.17834176371787,0.00101432337548901,-10.4243671147361));
#2718=CARTESIAN_POINT('',(1.17775,3.58930883875917E-14,0.924367114736161));
#2719=CARTESIAN_POINT('Ctrl Pts',(1.17889247928674,-0.000842367783527179,
-10.3256328852638));
#2720=CARTESIAN_POINT('Ctrl Pts',(1.1793148168617,-0.0531014177911182,-10.3291738170271));
#2721=CARTESIAN_POINT('Ctrl Pts',(1.152391403333,-0.496071862157492,-10.3592179684842));
#2722=CARTESIAN_POINT('Ctrl Pts',(0.590918687529622,-1.26121083893854,-10.4157653396349));
#2723=CARTESIAN_POINT('Ctrl Pts',(-0.740992907172837,-1.1793079191362,-10.4952749987161));
#2724=CARTESIAN_POINT('Ctrl Pts',(-1.39270143546813,-0.0148455717759471,
-10.5747846577973));
#2725=CARTESIAN_POINT('Ctrl Pts',(-0.765963443963831,1.16324447272621,-10.6542943168785));
#2726=CARTESIAN_POINT('Ctrl Pts',(0.563899593880259,1.27352064088645,-10.7338039759597));
#2727=CARTESIAN_POINT('Ctrl Pts',(1.14733163237363,0.512994206644041,-10.7909168320881));
#2728=CARTESIAN_POINT('Ctrl Pts',(1.17918777720453,0.0615638583310774,-10.8215264685228));
#2729=CARTESIAN_POINT('Ctrl Pts',(1.17866378645618,0.000928441569032473,
-10.8256328852638));
#2730=CARTESIAN_POINT('Ctrl Pts',(1.17834176371787,0.00101432337548899,
-10.4243671147362));
#2731=CARTESIAN_POINT('Ctrl Pts',(1.17542812458541,-0.318893038191052,-10.4460169023099));
#2732=CARTESIAN_POINT('Ctrl Pts',(0.875248542630235,-1.03523693743577,-10.4941699095775));
#2733=CARTESIAN_POINT('Ctrl Pts',(-0.337191665055566,-1.3513472695629,-10.5688261365387));
#2734=CARTESIAN_POINT('Ctrl Pts',(-1.31892411339079,-0.447523213342055,
-10.6483357956199));
#2735=CARTESIAN_POINT('Ctrl Pts',(-1.08993476754301,0.867110216173386,-10.7278454547011));
#2736=CARTESIAN_POINT('Ctrl Pts',(0.139572824841616,1.38576929181584,-10.8073551137823));
#2737=CARTESIAN_POINT('Ctrl Pts',(1.04699319733744,0.765031403940482,-10.8728623337939));
#2738=CARTESIAN_POINT('Ctrl Pts',(1.17608666415255,0.18590259007304,-10.9118663341119));
#2739=CARTESIAN_POINT('Ctrl Pts',(1.17582904422868,0.000183342499143584,
-10.9243671147362));
#2740=CARTESIAN_POINT('Origin',(0.,0.,0.924367114736161));
#2741=CARTESIAN_POINT('',(1.17599614444251,-0.00048894339965632,-9.82563288526384));
#2742=CARTESIAN_POINT('',(1.17916545648527,-0.00070304724327383,-9.92436711473616));
#2743=CARTESIAN_POINT('',(1.17775,3.58930883875917E-14,0.924367114736161));
#2744=CARTESIAN_POINT('Ctrl Pts',(1.17599614444251,-0.000488943399656189,
-9.82563288526384));
#2745=CARTESIAN_POINT('Ctrl Pts',(1.17661546247266,-0.166649851921993,-9.83682116553144));
#2746=CARTESIAN_POINT('Ctrl Pts',(1.06600643142885,-0.725631669404085,-9.87451266549277));
#2747=CARTESIAN_POINT('Ctrl Pts',(0.207942073151418,-1.37717020176209,-9.93870738514783));
#2748=CARTESIAN_POINT('Ctrl Pts',(-1.04571361668846,-0.919956902186663,
-10.018217044229));
#2749=CARTESIAN_POINT('Ctrl Pts',(-1.33944430887447,0.381741553576733,-10.0977267033102));
#2750=CARTESIAN_POINT('Ctrl Pts',(-0.403616491972223,1.33301590333561,-10.1772363623914));
#2751=CARTESIAN_POINT('Ctrl Pts',(0.844538785476987,1.07276324957598,-10.2532050897093));
#2752=CARTESIAN_POINT('Ctrl Pts',(1.17615369818383,0.338047911233686,-10.3026705973334));
#2753=CARTESIAN_POINT('Ctrl Pts',(1.17889247928674,-0.000842367783527179,
-10.3256328852638));
#2754=CARTESIAN_POINT('Ctrl Pts',(1.17916545648527,-0.000703047243273934,
-9.92436711473616));
#2755=CARTESIAN_POINT('Ctrl Pts',(1.17945606523422,-0.0419122366444989,
-9.92716103112052));
#2756=CARTESIAN_POINT('Ctrl Pts',(1.15877318287766,-0.473738694081094,-9.95645816719862));
#2757=CARTESIAN_POINT('Ctrl Pts',(0.62619768593802,-1.24407162828979,-10.0122585229704));
#2758=CARTESIAN_POINT('Ctrl Pts',(-0.707492044383154,-1.19970528153906,
-10.0917681820516));
#2759=CARTESIAN_POINT('Ctrl Pts',(-1.39173121018068,-0.0540554966769334,
-10.1712778411328));
#2760=CARTESIAN_POINT('Ctrl Pts',(-0.798414496084456,1.14121516595836,-10.250787500214));
#2761=CARTESIAN_POINT('Ctrl Pts',(0.527816105280843,1.28889406186121,-10.3302971592952));
#2762=CARTESIAN_POINT('Ctrl Pts',(1.14033992380951,0.53536886034955,-10.3881570308025));
#2763=CARTESIAN_POINT('Ctrl Pts',(1.17899494101595,0.0727309006739653,-10.4195136826162));
#2764=CARTESIAN_POINT('Ctrl Pts',(1.17834176371787,0.00101432337548899,
-10.4243671147362));
#2765=CARTESIAN_POINT('Origin',(0.,0.,0.924367114736161));
#2766=CARTESIAN_POINT('',(1.17709644268437,0.00103832604632868,-9.32563288526384));
#2767=CARTESIAN_POINT('',(1.17615703245873,-0.000645705690839188,-9.42436711473616));
#2768=CARTESIAN_POINT('',(1.17775,3.58930883875917E-14,0.924367114736161));
#2769=CARTESIAN_POINT('Ctrl Pts',(1.17709644268437,0.00103832604632871,
-9.32563288526384));
#2770=CARTESIAN_POINT('Ctrl Pts',(1.17474326252947,-0.278038800277938,-9.34446851403574));
#2771=CARTESIAN_POINT('Ctrl Pts',(0.935767165542288,-0.953422559026142,
-9.38980736250138));
#2772=CARTESIAN_POINT('Ctrl Pts',(-0.192198451781583,-1.3794554814872,-9.46164943066072));
#2773=CARTESIAN_POINT('Ctrl Pts',(-1.26411925700126,-0.584670996666634,
-9.54115908974191));
#2774=CARTESIAN_POINT('Ctrl Pts',(-1.17562706233206,0.746819041387378,-9.62066874882309));
#2775=CARTESIAN_POINT('Ctrl Pts',(-0.00795430886258981,1.39275783941832,
-9.70017840790429));
#2776=CARTESIAN_POINT('Ctrl Pts',(1.00168249638356,0.849209585571402,-9.76849978671785));
#2777=CARTESIAN_POINT('Ctrl Pts',(1.17514839859684,0.22695836647685,-9.81031794583771));
#2778=CARTESIAN_POINT('Ctrl Pts',(1.17599614444251,-0.000488943399656189,
-9.82563288526384));
#2779=CARTESIAN_POINT('Ctrl Pts',(1.17615703245873,-0.000645705690839188,
-9.42436711473616));
#2780=CARTESIAN_POINT('Ctrl Pts',(1.17692642002487,-0.155659414158184,-9.43480837962483));
#2781=CARTESIAN_POINT('Ctrl Pts',(1.07624857050873,-0.703187169027336,-9.47175286420722));
#2782=CARTESIAN_POINT('Ctrl Pts',(0.246638113976137,-1.37076890761314,-9.53520056848335));
#2783=CARTESIAN_POINT('Ctrl Pts',(-1.01939476266193,-0.949037446651078,
-9.61471022756452));
#2784=CARTESIAN_POINT('Ctrl Pts',(-1.34966234021824,0.343873995400691,-9.69421988664571));
#2785=CARTESIAN_POINT('Ctrl Pts',(-0.440991647986374,1.32112229708983,-9.77372954572689));
#2786=CARTESIAN_POINT('Ctrl Pts',(0.826337509758947,1.09390600122809,-9.85044528842371));
#2787=CARTESIAN_POINT('Ctrl Pts',(1.1766993372371,0.349000034822489,-9.90065781142679));
#2788=CARTESIAN_POINT('Ctrl Pts',(1.17916545648527,-0.000703047243273934,
-9.92436711473616));
#2789=CARTESIAN_POINT('Origin',(0.,0.,0.924367114736161));
#2790=CARTESIAN_POINT('',(1.179693997201,5.61064928059353E-6,-8.82563288526384));
#2791=CARTESIAN_POINT('',(1.17679943665795,0.000968161627861799,-8.92436711473616));
#2792=CARTESIAN_POINT('',(1.17775,3.58930883875917E-14,0.924367114736161));
#2793=CARTESIAN_POINT('Ctrl Pts',(1.179693997201,5.61064928051908E-6,-8.82563288526384));
#2794=CARTESIAN_POINT('Ctrl Pts',(1.17966653499394,-0.390143783687924,-8.85211586254004));
#2795=CARTESIAN_POINT('Ctrl Pts',(0.754075810458089,-1.17079208616564,-8.90510205950999));
#2796=CARTESIAN_POINT('Ctrl Pts',(-0.576474573616914,-1.26787804470394,
-8.98459147617362));
#2797=CARTESIAN_POINT('Ctrl Pts',(-1.37818223846346,-0.201125303860056,
-9.06410113525482));
#2798=CARTESIAN_POINT('Ctrl Pts',(-0.914771460666935,1.05025275292102,-9.14361079433599));
#2799=CARTESIAN_POINT('Ctrl Pts',(0.388364437215129,1.33753905893476,-9.22312045341718));
#2800=CARTESIAN_POINT('Ctrl Pts',(1.11074199189562,0.619823284167363,-9.28379448372645));
#2801=CARTESIAN_POINT('Ctrl Pts',(1.17805437315813,0.114644793141608,-9.31796529434201));
#2802=CARTESIAN_POINT('Ctrl Pts',(1.17709644268437,0.00103832604632871,
-9.32563288526384));
#2803=CARTESIAN_POINT('Ctrl Pts',(1.17679943665795,0.000968161627861903,
-8.92436711473616));
#2804=CARTESIAN_POINT('Ctrl Pts',(1.17473002501838,-0.267211864554799,-8.94245572812913));
#2805=CARTESIAN_POINT('Ctrl Pts',(0.950643477867983,-0.931453509495254,
-8.98704756121582));
#2806=CARTESIAN_POINT('Ctrl Pts',(-0.153279408007164,-1.38432047604755,
-9.05814261399625));
#2807=CARTESIAN_POINT('Ctrl Pts',(-1.24715481838919,-0.620034367024264,
-9.13765227307743));
#2808=CARTESIAN_POINT('Ctrl Pts',(-1.19618993295211,0.713419513068209,-9.21716193215861));
#2809=CARTESIAN_POINT('Ctrl Pts',(-0.0471685620610632,1.39198163927526,
-9.29667159123979));
#2810=CARTESIAN_POINT('Ctrl Pts',(0.988575391224181,0.871448475618212,-9.36573998543232));
#2811=CARTESIAN_POINT('Ctrl Pts',(1.17497347199486,0.237814213305232,-9.4083051599311));
#2812=CARTESIAN_POINT('Ctrl Pts',(1.17615703245873,-0.000645705690839188,
-9.42436711473616));
#2813=CARTESIAN_POINT('Origin',(0.,0.,0.924367114736161));
#2814=CARTESIAN_POINT('',(1.17711323299871,-0.00104127078524609,-8.32563288526384));
#2815=CARTESIAN_POINT('',(1.17964802010989,0.000211011125749979,-8.42436711473616));
#2816=CARTESIAN_POINT('',(1.17775,3.58930883875917E-14,0.924367114736161));
#2817=CARTESIAN_POINT('Ctrl Pts',(1.17711323299871,-0.00104127078524599,
-8.32563288526384));
#2818=CARTESIAN_POINT('Ctrl Pts',(1.17806982660964,-0.114043813936378,-8.33325999135061));
#2819=CARTESIAN_POINT('Ctrl Pts',(1.11120542236763,-0.618606933470942,-8.36739031713111));
#2820=CARTESIAN_POINT('Ctrl Pts',(0.390405392813892,-1.33694476308143,-8.42802386260537));
#2821=CARTESIAN_POINT('Ctrl Pts',(-0.913167455645059,-1.0516476920622,-8.50753352168653));
#2822=CARTESIAN_POINT('Ctrl Pts',(-1.37848759911626,0.19902163036139,-8.58704318076772));
#2823=CARTESIAN_POINT('Ctrl Pts',(-0.578408990575417,1.26699672844508,-8.6665528398489));
#2824=CARTESIAN_POINT('Ctrl Pts',(0.752626889758013,1.17191741820071,-8.74606249893009));
#2825=CARTESIAN_POINT('Ctrl Pts',(1.17955870561839,0.391049624226031,-8.79908918073506));
#2826=CARTESIAN_POINT('Ctrl Pts',(1.1796940181919,0.000303823605300978,
-8.82561264284632));
#2827=CARTESIAN_POINT('Ctrl Pts',(1.179693997201,5.61064928051908E-6,-8.82563288526384));
#2828=CARTESIAN_POINT('Ctrl Pts',(1.17964802010989,0.00021101112574995,
-8.42436711473616));
#2829=CARTESIAN_POINT('Ctrl Pts',(1.17871319378581,-0.378973075535847,-8.45010307663344));
#2830=CARTESIAN_POINT('Ctrl Pts',(0.774270671389933,-1.15035864561143,-8.50234225822443));
#2831=CARTESIAN_POINT('Ctrl Pts',(-0.540544974185638,-1.28360776259952,
-8.58108465950915));
#2832=CARTESIAN_POINT('Ctrl Pts',(-1.37197249032718,-0.239852544511217,
-8.66059431859034));
#2833=CARTESIAN_POINT('Ctrl Pts',(-0.943981874475464,1.02407811127122,-8.74010397767151));
#2834=CARTESIAN_POINT('Ctrl Pts',(0.350547901140204,1.3479443335425,-8.8196136367527));
#2835=CARTESIAN_POINT('Ctrl Pts',(1.10198771058578,0.642271365617733,-8.88103468244092));
#2836=CARTESIAN_POINT('Ctrl Pts',(1.17776210216707,0.125722297781401,-8.9159525084354));
#2837=CARTESIAN_POINT('Ctrl Pts',(1.17679943665795,0.000968161627861903,
-8.92436711473616));
#2838=CARTESIAN_POINT('Origin',(0.,0.,0.924367114736161));
#2839=CARTESIAN_POINT('',(1.17598874451317,0.000480016955168695,-7.82563288526385));
#2840=CARTESIAN_POINT('',(1.17743308939764,-0.00107897316905373,-7.92436711473617));
#2841=CARTESIAN_POINT('',(1.17775,3.58930883875917E-14,0.924367114736161));
#2842=CARTESIAN_POINT('Ctrl Pts',(1.17598874451317,0.000480016955168635,
-7.82563288526384));
#2843=CARTESIAN_POINT('Ctrl Pts',(1.17515897514951,-0.226369604976415,-7.84090733985492));
#2844=CARTESIAN_POINT('Ctrl Pts',(1.0023796460125,-0.848002787101059,-7.88268501413972));
#2845=CARTESIAN_POINT('Ctrl Pts',(-0.00582861446390852,-1.39276835745304,
-7.95096590811827));
#2846=CARTESIAN_POINT('Ctrl Pts',(-1.17448586668169,-0.748612462649385,
-8.03047556719944));
#2847=CARTESIAN_POINT('Ctrl Pts',(-1.26501013394729,0.582740964133886,-8.10998522628063));
#2848=CARTESIAN_POINT('Ctrl Pts',(-0.194303610449356,1.37916053352588,-8.1894948853618));
#2849=CARTESIAN_POINT('Ctrl Pts',(0.934946925381591,0.954610545481532,-8.26137743835623));
#2850=CARTESIAN_POINT('Ctrl Pts',(1.17474578596571,0.27862559343911,-8.30675677165689));
#2851=CARTESIAN_POINT('Ctrl Pts',(1.17711323299871,-0.00104127078524599,
-8.32563288526384));
#2852=CARTESIAN_POINT('Ctrl Pts',(1.17743308939764,-0.0010789731690537,
-7.92436711473617));
#2853=CARTESIAN_POINT('Ctrl Pts',(1.1783465051682,-0.102943528923015,-7.93124720544401));
#2854=CARTESIAN_POINT('Ctrl Pts',(1.11955597212337,-0.596168818463994,-7.96463051584558));
#2855=CARTESIAN_POINT('Ctrl Pts',(0.427896416062805,-1.32542159875402,-8.02451704594086));
#2856=CARTESIAN_POINT('Ctrl Pts',(-0.88319299379641,-1.07694377431323,-8.10402670502206));
#2857=CARTESIAN_POINT('Ctrl Pts',(-1.38354510514657,0.160127134952398,-8.18353636410324));
#2858=CARTESIAN_POINT('Ctrl Pts',(-0.613855867900455,1.25020747508853,-8.26304602318442));
#2859=CARTESIAN_POINT('Ctrl Pts',(0.719329515161175,1.19264529762251,-8.3425556822656));
#2860=CARTESIAN_POINT('Ctrl Pts',(1.17440159040412,0.413281912256592,-8.39632937944952));
#2861=CARTESIAN_POINT('Ctrl Pts',(1.17967588978068,0.0115155020146201,-8.42359985693971));
#2862=CARTESIAN_POINT('Ctrl Pts',(1.17964802010989,0.00021101112574995,
-8.42436711473616));
#2863=CARTESIAN_POINT('Origin',(0.,0.,0.924367114736161));
#2864=CARTESIAN_POINT('',(1.1788766602378,0.000849106915173235,-7.32563288526384));
#2865=CARTESIAN_POINT('',(1.17587760923874,0.000309049893615701,-7.42436711473616));
#2866=CARTESIAN_POINT('',(1.17775,3.58930883875917E-14,0.924367114736161));
#2867=CARTESIAN_POINT('Ctrl Pts',(1.1788766602378,0.000849106915173361,
-7.32563288526384));
#2868=CARTESIAN_POINT('Ctrl Pts',(1.17612696665547,-0.337455520407586,-7.34855468835922));
#2869=CARTESIAN_POINT('Ctrl Pts',(0.845510150532394,-1.07161273786818,-7.39797971114833));
#2870=CARTESIAN_POINT('Ctrl Pts',(-0.401581517504892,-1.33363036673116,
-7.47390795363116));
#2871=CARTESIAN_POINT('Ctrl Pts',(-1.33886011885579,-0.383785424953168,
-7.55341761271235));
#2872=CARTESIAN_POINT('Ctrl Pts',(-1.04711647538929,0.918359819045525,-7.63292727179353));
#2873=CARTESIAN_POINT('Ctrl Pts',(0.205839936344633,1.37748596757813,-7.71243693087471));
#2874=CARTESIAN_POINT('Ctrl Pts',(1.06543947110434,0.726847736973791,-7.77667213536482));
#2875=CARTESIAN_POINT('Ctrl Pts',(1.17659873586954,0.16724480080433,-7.81440412016119));
#2876=CARTESIAN_POINT('Ctrl Pts',(1.17598874451317,0.000480016955168635,
-7.82563288526384));
#2877=CARTESIAN_POINT('Ctrl Pts',(1.17587760923874,0.000309049893615649,
-7.42436711473616));
#2878=CARTESIAN_POINT('Ctrl Pts',(1.17537221899708,-0.215497148392605,-7.43889455394831));
#2879=CARTESIAN_POINT('Ctrl Pts',(1.01500241402601,-0.8257095954262,-7.47992521285418));
#2880=CARTESIAN_POINT('Ctrl Pts',(0.03339139976457,-1.39238025400565,-7.54745909145378));
#2881=CARTESIAN_POINT('Ctrl Pts',(-1.15294068797476,-0.781386925495538,
-7.62696875053497));
#2882=CARTESIAN_POINT('Ctrl Pts',(-1.28091743857324,0.546889635010627,-7.70647840961613));
#2883=CARTESIAN_POINT('Ctrl Pts',(-0.233061102794897,1.37314248338878,-7.78598806869734));
#2884=CARTESIAN_POINT('Ctrl Pts',(0.919551147881004,0.976478571851887,-7.85861763707065));
#2885=CARTESIAN_POINT('Ctrl Pts',(1.1748278802159,0.289455178418712,-7.90474398575028));
#2886=CARTESIAN_POINT('Ctrl Pts',(1.17743308939764,-0.0010789731690537,
-7.92436711473617));
#2887=CARTESIAN_POINT('Origin',(0.,0.,0.924367114736161));
#2888=CARTESIAN_POINT('',(1.17868066407571,-0.00092286100395797,-6.82563288526384));
#2889=CARTESIAN_POINT('',(1.1785700588139,0.000957344039533535,-6.92436711473616));
#2890=CARTESIAN_POINT('',(1.17775,3.58930883875917E-14,0.924367114736161));
#2891=CARTESIAN_POINT('Ctrl Pts',(1.17868066407571,-0.000922861003957963,
-6.82563288526384));
#2892=CARTESIAN_POINT('Ctrl Pts',(1.1791974255989,-0.0609582407534325,-6.8296988171698));
#2893=CARTESIAN_POINT('Ctrl Pts',(1.14770049037327,-0.511782203581776,-6.86026796876948));
#2894=CARTESIAN_POINT('Ctrl Pts',(0.565842648916992,-1.27265854294686,-6.91734034006288));
#2895=CARTESIAN_POINT('Ctrl Pts',(-0.764187165620411,-1.16441214617938,
-6.99684999914406));
#2896=CARTESIAN_POINT('Ctrl Pts',(-1.3927224681291,0.0127199464388827,-7.07635965822526));
#2897=CARTESIAN_POINT('Ctrl Pts',(-0.742791954768624,1.17817561602676,-7.15586931730643));
#2898=CARTESIAN_POINT('Ctrl Pts',(0.588993087549082,1.26211125226282,-7.23537897638762));
#2899=CARTESIAN_POINT('Ctrl Pts',(1.15203575493896,0.497282928812915,-7.29196683237342));
#2900=CARTESIAN_POINT('Ctrl Pts',(1.17930628604844,0.0537075056436859,-7.32205146866549));
#2901=CARTESIAN_POINT('Ctrl Pts',(1.1788766602378,0.000849106915173361,
-7.32563288526384));
#2902=CARTESIAN_POINT('Ctrl Pts',(1.1785700588139,0.000957344039533552,
-6.92436711473616));
#2903=CARTESIAN_POINT('Ctrl Pts',(1.17568413869506,-0.326543508142085,-6.9465419024526));
#2904=CARTESIAN_POINT('Ctrl Pts',(0.86315749931244,-1.05030219987296,-6.99521990986277));
#2905=CARTESIAN_POINT('Ctrl Pts',(-0.363869802244594,-1.34440935891475,
-7.07040113696669));
#2906=CARTESIAN_POINT('Ctrl Pts',(-1.32752260078029,-0.42133300575746,-7.14991079604786));
#2907=CARTESIAN_POINT('Ctrl Pts',(-1.07256056130648,0.888510888876998,-7.22942045512906));
#2908=CARTESIAN_POINT('Ctrl Pts',(0.166970941544913,1.38273586125575,-7.30893011421022));
#2909=CARTESIAN_POINT('Ctrl Pts',(1.05475608372751,0.749278259227336,-7.37391233407927));
#2910=CARTESIAN_POINT('Ctrl Pts',(1.17629423067513,0.178210166497866,-7.41239133425458));
#2911=CARTESIAN_POINT('Ctrl Pts',(1.17587760923874,0.000309049893615649,
-7.42436711473616));
#2912=CARTESIAN_POINT('Origin',(0.,0.,0.924367114736161));
#2913=CARTESIAN_POINT('',(1.17591109141729,-0.00037035271933336,-6.32563288526384));
#2914=CARTESIAN_POINT('',(1.17897752348442,-0.000803886631000617,-6.42436711473616));
#2915=CARTESIAN_POINT('',(1.17775,3.58930883875917E-14,0.924367114736161));
#2916=CARTESIAN_POINT('Ctrl Pts',(1.17591109141729,-0.000370352719333278,
-6.32563288526384));
#2917=CARTESIAN_POINT('Ctrl Pts',(1.17640019288532,-0.174359634725363,-6.3373461656741));
#2918=CARTESIAN_POINT('Ctrl Pts',(1.05855839485394,-0.741398096294331,-6.37556266577808));
#2919=CARTESIAN_POINT('Ctrl Pts',(0.18064611949754,-1.38101580359513,-6.44028238557579));
#2920=CARTESIAN_POINT('Ctrl Pts',(-1.06371544168212,-0.899081269628071,
-6.51979204465697));
#2921=CARTESIAN_POINT('Ctrl Pts',(-1.33162702009559,0.408175390757923,-6.59930170373816));
#2922=CARTESIAN_POINT('Ctrl Pts',(-0.377156060969537,1.34074269565154,-6.67881136281933));
#2923=CARTESIAN_POINT('Ctrl Pts',(0.857015770603487,1.05780798451375,-6.75425508999457));
#2924=CARTESIAN_POINT('Ctrl Pts',(1.17582898645745,0.330374151352535,-6.80319559747607));
#2925=CARTESIAN_POINT('Ctrl Pts',(1.17868066407571,-0.000922861003957963,
-6.82563288526384));
#2926=CARTESIAN_POINT('Ctrl Pts',(1.17897752348442,-0.000803886631000617,
-6.42436711473616));
#2927=CARTESIAN_POINT('Ctrl Pts',(1.17936004204189,-0.0497770848746023,
-6.42768603126318));
#2928=CARTESIAN_POINT('Ctrl Pts',(1.15432380418624,-0.489431770711951,-6.45750816748393));
#2929=CARTESIAN_POINT('Ctrl Pts',(0.601453934646137,-1.25622088894499,-6.51383352339841));
#2930=CARTESIAN_POINT('Ctrl Pts',(-0.731096541588188,-1.18546851674807,
-6.59334318247958));
#2931=CARTESIAN_POINT('Ctrl Pts',(-1.39252842965451,-0.0265015080144923,
-6.67285284156077));
#2932=CARTESIAN_POINT('Ctrl Pts',(-0.775672621730096,1.15679286876321,-6.75236250064195));
#2933=CARTESIAN_POINT('Ctrl Pts',(0.553220906472989,1.27819575416455,-6.83187215972313));
#2934=CARTESIAN_POINT('Ctrl Pts',(1.14529050639485,0.519641698208087,-6.88920703108787));
#2935=CARTESIAN_POINT('Ctrl Pts',(1.17913337915257,0.0648842316064644,-6.92003868275888));
#2936=CARTESIAN_POINT('Ctrl Pts',(1.1785700588139,0.000957344039533552,
-6.92436711473616));
#2937=CARTESIAN_POINT('Origin',(0.,0.,0.924367114736161));
#2938=CARTESIAN_POINT('',(1.17731872307871,0.00106937161883866,-5.82563288526384));
#2939=CARTESIAN_POINT('',(1.17603920098936,-0.000537164092325598,-5.92436711473616));
#2940=CARTESIAN_POINT('',(1.17775,3.58930883875917E-14,0.924367114736161));
#2941=CARTESIAN_POINT('Ctrl Pts',(1.17731872307871,0.00106937161883862,
-5.82563288526384));
#2942=CARTESIAN_POINT('Ctrl Pts',(1.17479117591464,-0.285649052419552,-5.8449935141784));
#2943=CARTESIAN_POINT('Ctrl Pts',(0.925017777997133,-0.968805778266168,
-5.89085736278668));
#2944=CARTESIAN_POINT('Ctrl Pts',(-0.219461262920044,-1.37538155591333,
-5.9632244310887));
#2945=CARTESIAN_POINT('Ctrl Pts',(-1.27544274738877,-0.559538621010566,
-6.04273409016987));
#2946=CARTESIAN_POINT('Ctrl Pts',(-1.16061670203768,0.769939310088916,-6.12224374925106));
#2947=CARTESIAN_POINT('Ctrl Pts',(0.0196109669945758,1.39264248112808,-6.20175340833224));
#2948=CARTESIAN_POINT('Ctrl Pts',(1.01061865876064,0.833548716272591,-6.26954978700318));
#2949=CARTESIAN_POINT('Ctrl Pts',(1.17529352052662,0.219319676607645,-6.31084294598037));
#2950=CARTESIAN_POINT('Ctrl Pts',(1.17591109141729,-0.000370352719333278,
-6.32563288526384));
#2951=CARTESIAN_POINT('Ctrl Pts',(1.17603920098936,-0.000537164092325702,
-5.92436711473616));
#2952=CARTESIAN_POINT('Ctrl Pts',(1.17670750384097,-0.16338596305542,-5.93533337976748));
#2953=CARTESIAN_POINT('Ctrl Pts',(1.06909379896183,-0.71896221960719,-5.97280286449253));
#2954=CARTESIAN_POINT('Ctrl Pts',(0.219461267844409,-1.37538158677482,-6.0367755689113));
#2955=CARTESIAN_POINT('Ctrl Pts',(-1.03797726802334,-0.92867698818798,-6.1162852279925));
#2956=CARTESIAN_POINT('Ctrl Pts',(-1.34259247750376,0.370517471481936,-6.19579488707367));
#2957=CARTESIAN_POINT('Ctrl Pts',(-0.414759280061149,1.32959110140157,-6.27530454615485));
#2958=CARTESIAN_POINT('Ctrl Pts',(0.839184455272375,1.07906419808766,-6.35149528870902));
#2959=CARTESIAN_POINT('Ctrl Pts',(1.176305438745,0.341298563333947,-6.40118281156945));
#2960=CARTESIAN_POINT('Ctrl Pts',(1.17897752348442,-0.000803886631000617,
-6.42436711473616));
#2961=CARTESIAN_POINT('Origin',(0.,0.,0.924367114736161));
#2962=CARTESIAN_POINT('',(1.17967375605673,-0.000139428644306003,-5.32563288526384));
#2963=CARTESIAN_POINT('',(1.17700556859999,0.00102057895162135,-5.42436711473616));
#2964=CARTESIAN_POINT('',(1.17775,3.58930883875917E-14,0.924367114736161));
#2965=CARTESIAN_POINT('Ctrl Pts',(1.17967375605673,-0.000139428644306185,
-5.32563288526384));
#2966=CARTESIAN_POINT('Ctrl Pts',(1.17968616360854,-0.0075759047458495,
-5.32613764298897));
#2967=CARTESIAN_POINT('Ctrl Pts',(1.17625012983596,-0.405466269330747,-5.35314562040783));
#2968=CARTESIAN_POINT('Ctrl Pts',(0.731096525183478,-1.18546849014796,-5.40665681752042));
#2969=CARTESIAN_POINT('Ctrl Pts',(-0.601453921150434,-1.25622086075729,
-5.48616647660159));
#2970=CARTESIAN_POINT('Ctrl Pts',(-1.38189273317988,-0.173810656329415,
-5.56567613568278));
#2971=CARTESIAN_POINT('Ctrl Pts',(-0.893807010711249,1.06815106509915,-5.64518579476396));
#2972=CARTESIAN_POINT('Ctrl Pts',(0.414759270754591,1.32959107156755,-5.72469545384515));
#2973=CARTESIAN_POINT('Ctrl Pts',(1.11666475463218,0.604052211631874,-5.78484448401177));
#2974=CARTESIAN_POINT('Ctrl Pts',(1.17825119459849,0.106846533135292,-5.81849029448467));
#2975=CARTESIAN_POINT('Ctrl Pts',(1.17731872307871,0.00106937161883862,
-5.82563288526384));
#2976=CARTESIAN_POINT('Ctrl Pts',(1.17700556859999,0.00102057895162119,
-5.42436711473616));
#2977=CARTESIAN_POINT('Ctrl Pts',(1.17473282428913,-0.274820984930556,-5.44298072827178));
#2978=CARTESIAN_POINT('Ctrl Pts',(0.940239614065904,-0.946902822383754,
-5.48809756150113));
#2979=CARTESIAN_POINT('Ctrl Pts',(-0.180646123550973,-1.38101583458304,
-5.55971761442421));
#2980=CARTESIAN_POINT('Ctrl Pts',(-1.25918149887725,-0.595230804149378,
-5.63922727350539));
#2981=CARTESIAN_POINT('Ctrl Pts',(-1.18183654691046,0.736953277833689,-5.71873693258659));
#2982=CARTESIAN_POINT('Ctrl Pts',(-0.0196109674346066,1.39264251237687,
-5.79824659166776));
#2983=CARTESIAN_POINT('Ctrl Pts',(0.997835377287243,0.855824844189165,-5.86678998571762));
#2984=CARTESIAN_POINT('Ctrl Pts',(1.17509235253398,0.230186277215202,-5.90883016007376));
#2985=CARTESIAN_POINT('Ctrl Pts',(1.17603920098936,-0.000537164092325702,
-5.92436711473616));
#2986=CARTESIAN_POINT('Origin',(0.,0.,0.924367114736161));
#2987=CARTESIAN_POINT('',(1.176900830589,-0.000996171727671096,-4.82563288526384));
#2988=CARTESIAN_POINT('',(1.17968930623524,6.7094130318311E-5,-4.92436711473616));
#2989=CARTESIAN_POINT('',(1.17775,3.58930883875917E-14,0.924367114736161));
#2990=CARTESIAN_POINT('Ctrl Pts',(1.176900830589,-0.000996171727671025,
-4.82563288526384));
#2991=CARTESIAN_POINT('Ctrl Pts',(1.17786623302812,-0.121832215381825,-4.83378499149327));
#2992=CARTESIAN_POINT('Ctrl Pts',(1.10510806621844,-0.63438231268401,-4.86844031741643));
#2993=CARTESIAN_POINT('Ctrl Pts',(0.363869794079883,-1.34440932874824,-4.92959886303332));
#2994=CARTESIAN_POINT('Ctrl Pts',(-0.933801499661611,-1.03336945450248,
-5.00910852211451));
#2995=CARTESIAN_POINT('Ctrl Pts',(-1.37427882730844,0.22626395002466,-5.08861818119568));
#2996=CARTESIAN_POINT('Ctrl Pts',(-0.553220894059533,1.27819572548378,-5.16812784027687));
#2997=CARTESIAN_POINT('Ctrl Pts',(0.76723628014853,1.15756355473753,-5.24713274163292));
#2998=CARTESIAN_POINT('Ctrl Pts',(1.17903468260081,0.382889758391187,-5.29963442329524));
#2999=CARTESIAN_POINT('Ctrl Pts',(1.17967375605673,-0.000139428644306185,
-5.32563288526384));
#3000=CARTESIAN_POINT('Ctrl Pts',(1.17968930623524,6.70941303182758E-5,
-4.92436711473616));
#3001=CARTESIAN_POINT('Ctrl Pts',(1.17937079525942,-0.386815739706482,-4.95062807677608));
#3002=CARTESIAN_POINT('Ctrl Pts',(0.760134720295612,-1.16474198781631,-5.00339225850975));
#3003=CARTESIAN_POINT('Ctrl Pts',(-0.565842661613661,-1.27265857150339,
-5.08265965993711));
#3004=CARTESIAN_POINT('Ctrl Pts',(-1.37645064227983,-0.212653207571621,
-5.1621693190183));
#3005=CARTESIAN_POINT('Ctrl Pts',(-0.923529719194029,1.04255964581816,-5.24167897809948));
#3006=CARTESIAN_POINT('Ctrl Pts',(0.377156069432374,1.34074272573578,-5.32118863718067));
#3007=CARTESIAN_POINT('Ctrl Pts',(1.10818056349679,0.62649412998476,-5.38208468272622));
#3008=CARTESIAN_POINT('Ctrl Pts',(1.17796889887847,0.117939375879526,-5.41647750857805));
#3009=CARTESIAN_POINT('Ctrl Pts',(1.17700556859999,0.00102057895162119,
-5.42436711473616));
#3010=CARTESIAN_POINT('Origin',(0.,0.,0.924367114736161));
#3011=CARTESIAN_POINT('',(1.17609531186864,0.000592459144450442,-4.32563288526384));
#3012=CARTESIAN_POINT('',(1.17720642579181,-0.00105579585617591,-4.42436711473616));
#3013=CARTESIAN_POINT('',(1.17775,3.58930883875917E-14,0.924367114736161));
#3014=CARTESIAN_POINT('Ctrl Pts',(1.17609531186864,0.000592459144450469,
-4.32563288526384));
#3015=CARTESIAN_POINT('Ctrl Pts',(1.17503039647479,-0.234001097732753,-4.34143233999758));
#3016=CARTESIAN_POINT('Ctrl Pts',(0.993234034086317,-0.86364017013616,-4.38373501442504));
#3017=CARTESIAN_POINT('Ctrl Pts',(-0.033391399015336,-1.39238022276274,
-4.45254090854622));
#3018=CARTESIAN_POINT('Ctrl Pts',(-1.18907143637447,-0.725221889815366,
-4.53205056762741));
#3019=CARTESIAN_POINT('Ctrl Pts',(-1.25322949514922,0.607662326261106,-4.61156022670858));
#3020=CARTESIAN_POINT('Ctrl Pts',(-0.166970937798314,1.38273583022925,-4.69106988578978));
#3021=CARTESIAN_POINT('Ctrl Pts',(0.945471673119353,0.939183635396757,-4.76242743864152));
#3022=CARTESIAN_POINT('Ctrl Pts',(1.17472762415617,0.271016469578193,-4.80728177179954));
#3023=CARTESIAN_POINT('Ctrl Pts',(1.176900830589,-0.000996171727671025,
-4.82563288526384));
#3024=CARTESIAN_POINT('Ctrl Pts',(1.17720642579181,-0.00105579585617615,
-4.42436711473616));
#3025=CARTESIAN_POINT('Ctrl Pts',(1.17815380123235,-0.110746976809656,-4.43177220558666));
#3026=CARTESIAN_POINT('Ctrl Pts',(1.11372689969119,-0.611937103384921,-4.46568051613088));
#3027=CARTESIAN_POINT('Ctrl Pts',(0.401581526515762,-1.33363039665582,-4.52609204636884));
#3028=CARTESIAN_POINT('Ctrl Pts',(-0.904333536854136,-1.0592537993531,-4.60560170545002));
#3029=CARTESIAN_POINT('Ctrl Pts',(-1.38010509391212,0.187477164158457,-4.68511136453121));
#3030=CARTESIAN_POINT('Ctrl Pts',(-0.588993100765186,1.2621112805827,-4.76462102361238));
#3031=CARTESIAN_POINT('Ctrl Pts',(0.74279197143577,1.17817564246323,-4.84413068269358));
#3032=CARTESIAN_POINT('Ctrl Pts',(1.17805926072215,0.397654156463056,-4.89737937973483));
#3033=CARTESIAN_POINT('Ctrl Pts',(1.17969224450237,0.00363609238253196,
-4.92412485708235));
#3034=CARTESIAN_POINT('Ctrl Pts',(1.17968930623524,6.70941303182758E-5,
-4.92436711473616));
#3035=CARTESIAN_POINT('Origin',(0.,0.,0.924367114736161));
#3036=CARTESIAN_POINT('',(1.17907392541833,0.000755146306238249,-3.82563288526384));
#3037=CARTESIAN_POINT('',(1.17595067313384,0.000430386753043216,-3.92436711473616));
#3038=CARTESIAN_POINT('',(1.17775,3.58930883875917E-14,0.924367114736161));
#3039=CARTESIAN_POINT('Ctrl Pts',(1.17907392541833,0.000755146306238227,
-3.82563288526384));
#3040=CARTESIAN_POINT('Ctrl Pts',(1.17649611557076,-0.345146605228409,-3.84907968850188));
#3041=CARTESIAN_POINT('Ctrl Pts',(0.832793623716665,-1.08649544114065,-3.89902971143364));
#3042=CARTESIAN_POINT('Ctrl Pts',(-0.427896406461475,-1.32542156901356,
-3.97548295405913));
#3043=CARTESIAN_POINT('Ctrl Pts',(-1.34619329527991,-0.357213216458229,
-4.05499261314031));
#3044=CARTESIAN_POINT('Ctrl Pts',(-1.02873636454548,0.93890316994394,-4.1345022722215));
#3045=CARTESIAN_POINT('Ctrl Pts',(0.233061097565381,1.37314245257753,-4.21401193130267));
#3046=CARTESIAN_POINT('Ctrl Pts',(1.07269669093483,0.711075261748459,-4.27772213565013));
#3047=CARTESIAN_POINT('Ctrl Pts',(1.17681676740431,0.159524165096367,-4.31492912030385));
#3048=CARTESIAN_POINT('Ctrl Pts',(1.17609531186864,0.000592459144450469,
-4.32563288526384));
#3049=CARTESIAN_POINT('Ctrl Pts',(1.17595067313384,0.000430386753043129,
-3.92436711473616));
#3050=CARTESIAN_POINT('Ctrl Pts',(1.17521886386771,-0.223140054040581,-3.93941955409096));
#3051=CARTESIAN_POINT('Ctrl Pts',(1.00617882265479,-0.841382187004271,-3.98097521313949));
#3052=CARTESIAN_POINT('Ctrl Pts',(0.00582861459468463,-1.39276838870467,
-4.04903409188174));
#3053=CARTESIAN_POINT('Ctrl Pts',(-1.16817910852088,-0.75841632876569,-4.12854375096292));
#3054=CARTESIAN_POINT('Ctrl Pts',(-1.26984320881638,0.572132836276671,-4.20805341004411));
#3055=CARTESIAN_POINT('Ctrl Pts',(-0.205839940963362,1.37748599848684,-4.28756306912529));
#3056=CARTESIAN_POINT('Ctrl Pts',(0.930423050868566,0.961120316269694,-4.35966763735597));
#3057=CARTESIAN_POINT('Ctrl Pts',(1.17476309341524,0.281843678182592,-4.40526898589293));
#3058=CARTESIAN_POINT('Ctrl Pts',(1.17720642579181,-0.00105579585617615,
-4.42436711473616));
#3059=CARTESIAN_POINT('Origin',(0.,0.,0.924367114736161));
#3060=CARTESIAN_POINT('',(1.17845689871263,-0.000987856231194435,-3.32563288526384));
#3061=CARTESIAN_POINT('',(1.17878833689087,0.000884499253453568,-3.42436711473616));
#3062=CARTESIAN_POINT('',(1.17775,3.58930883875917E-14,0.924367114736161));
#3063=CARTESIAN_POINT('Ctrl Pts',(1.17845689871263,-0.00098785623119455,
-3.32563288526384));
#3064=CARTESIAN_POINT('Ctrl Pts',(1.17906581628057,-0.0688084794871689,
-3.33022381731245));
#3065=CARTESIAN_POINT('Ctrl Pts',(1.14283704767527,-0.52750393043134,-3.36131796905479));
#3066=CARTESIAN_POINT('Ctrl Pts',(0.540544962056596,-1.28360773379731,-3.41891534049085));
#3067=CARTESIAN_POINT('Ctrl Pts',(-0.7870820810987,-1.1490602542436,-3.49842499957203));
#3068=CARTESIAN_POINT('Ctrl Pts',(-1.39219795781924,0.0402804730975031,
-3.57793465865322));
#3069=CARTESIAN_POINT('Ctrl Pts',(-0.719329499020485,1.19264527086136,-3.6574443177344));
#3070=CARTESIAN_POINT('Ctrl Pts',(0.613855854126482,1.25020744703576,-3.73695397681558));
#3071=CARTESIAN_POINT('Ctrl Pts',(1.15656948517662,0.481583655895868,-3.79301683265873));
#3072=CARTESIAN_POINT('Ctrl Pts',(1.17940995674669,0.045845293338662,-3.82257646880815));
#3073=CARTESIAN_POINT('Ctrl Pts',(1.17907392541833,0.000755146306238227,
-3.82563288526384));
#3074=CARTESIAN_POINT('Ctrl Pts',(1.17878833689087,0.000884499253453516,
-3.42436711473616));
#3075=CARTESIAN_POINT('Ctrl Pts',(1.17598546038489,-0.334208850760236,-3.44706690259526));
#3076=CARTESIAN_POINT('Ctrl Pts',(0.850809636356579,-1.06529521458145,-3.49626991014809));
#3077=CARTESIAN_POINT('Ctrl Pts',(-0.390405401574002,-1.33694479308045,
-3.57197613739464));
#3078=CARTESIAN_POINT('Ctrl Pts',(-1.33560109239572,-0.394977821294351,
-3.65148579647583));
#3079=CARTESIAN_POINT('Ctrl Pts',(-1.05476619970914,0.90956364333356,-3.73099545555701));
#3080=CARTESIAN_POINT('Ctrl Pts',(0.194303614809241,1.37916056447215,-3.81050511463819));
#3081=CARTESIAN_POINT('Ctrl Pts',(1.06230843326403,0.733515834966332,-3.87496233436458));
#3082=CARTESIAN_POINT('Ctrl Pts',(1.17650737938982,0.170506209512529,-3.91291633439723));
#3083=CARTESIAN_POINT('Ctrl Pts',(1.17595067313384,0.000430386753043129,
-3.92436711473616));
#3084=CARTESIAN_POINT('Origin',(0.,0.,0.924367114736161));
#3085=CARTESIAN_POINT('',(1.17585020917945,-0.000246690001463113,-2.82563288526384));
#3086=CARTESIAN_POINT('',(1.17877194917918,-0.000890664495523663,-2.92436711473616));
#3087=CARTESIAN_POINT('',(1.17775,3.58930883875917E-14,0.924367114736161));
#3088=CARTESIAN_POINT('Ctrl Pts',(1.17585020917945,-0.000246690001463323,
-2.82563288526384));
#3089=CARTESIAN_POINT('Ctrl Pts',(1.17618961259897,-0.182057818354578,-2.83787116581675));
#3090=CARTESIAN_POINT('Ctrl Pts',(1.05090107749851,-0.757155989812682,-2.87661266606339));
#3091=CARTESIAN_POINT('Ctrl Pts',(0.153279404567781,-1.3843204449855,-2.94185738600375));
#3092=CARTESIAN_POINT('Ctrl Pts',(-1.08130059651122,-0.877853456024049,
-3.02136704508494));
#3093=CARTESIAN_POINT('Ctrl Pts',(-1.32328811706849,0.434449340538427,-3.10087670416612));
#3094=CARTESIAN_POINT('Ctrl Pts',(-0.350547893274421,1.34794430329667,-3.1803863632473));
#3095=CARTESIAN_POINT('Ctrl Pts',(0.869234983918874,1.04277830412919,-3.25530509027988));
#3096=CARTESIAN_POINT('Ctrl Pts',(1.17555056580255,0.322716565729528,-3.30372059761872));
#3097=CARTESIAN_POINT('Ctrl Pts',(1.17845689871263,-0.00098785623119455,
-3.32563288526384));
#3098=CARTESIAN_POINT('Ctrl Pts',(1.17877194917918,-0.000890664495523733,
-2.92436711473616));
#3099=CARTESIAN_POINT('Ctrl Pts',(1.17924887108893,-0.057636460746377,-2.92821103140583));
#3100=CARTESIAN_POINT('Ctrl Pts',(1.1497051568959,-0.50513710301822,-2.95855816776924));
#3101=CARTESIAN_POINT('Ctrl Pts',(0.576474586552131,-1.26787807315321,-3.01540852382637));
#3102=CARTESIAN_POINT('Ctrl Pts',(-0.754414659365726,-1.17076738896211,
-3.09491818290755));
#3103=CARTESIAN_POINT('Ctrl Pts',(-1.39278017922829,0.00106286023543188,
-3.17442784198874));
#3104=CARTESIAN_POINT('Ctrl Pts',(-0.752626906645819,1.17191744449676,-3.25393750106991));
#3105=CARTESIAN_POINT('Ctrl Pts',(0.578409003554046,1.26699675687458,-3.3334471601511));
#3106=CARTESIAN_POINT('Ctrl Pts',(1.15006739404243,0.503925579699067,-3.39025703137318));
#3107=CARTESIAN_POINT('Ctrl Pts',(1.17925796902125,0.057030606121247,-3.42056368290153));
#3108=CARTESIAN_POINT('Ctrl Pts',(1.17878833689087,0.000884499253453516,
-3.42436711473616));
#3109=CARTESIAN_POINT('Origin',(0.,0.,0.924367114736161));
#3110=CARTESIAN_POINT('',(1.17754905517619,0.00108453238146771,-2.32563288526384));
#3111=CARTESIAN_POINT('',(1.17594418222472,-0.00042121899398409,-2.42436711473616));
#3112=CARTESIAN_POINT('',(1.17775,3.58930883875917E-14,0.924367114736161));
#3113=CARTESIAN_POINT('Ctrl Pts',(1.17754905517619,0.00108453238146775,
-2.32563288526384));
#3114=CARTESIAN_POINT('Ctrl Pts',(1.17487336488288,-0.293262268376553,-2.34551851432105));
#3115=CARTESIAN_POINT('Ctrl Pts',(0.914022798582773,-0.984138143140768,
-2.39190736307199));
#3116=CARTESIAN_POINT('Ctrl Pts',(-0.246638108441986,-1.37076887685518,
-2.46479943151666));
#3117=CARTESIAN_POINT('Ctrl Pts',(-1.2862666315157,-0.534187067342087,-2.54430909059784));
#3118=CARTESIAN_POINT('Ctrl Pts',(-1.14515171422649,0.792757984298312,-2.62381874967903));
#3119=CARTESIAN_POINT('Ctrl Pts',(0.047168561002701,1.3919816080413,-2.70332840876021));
#3120=CARTESIAN_POINT('Ctrl Pts',(1.01933031766361,0.81786508999474,-2.77059978728848));
#3121=CARTESIAN_POINT('Ctrl Pts',(1.17545460057229,0.211672351228838,-2.81136794612302));
#3122=CARTESIAN_POINT('Ctrl Pts',(1.17585020917945,-0.000246690001463323,
-2.82563288526384));
#3123=CARTESIAN_POINT('Ctrl Pts',(1.17594418222472,-0.000421218993984264,
-2.42436711473616));
#3124=CARTESIAN_POINT('Ctrl Pts',(1.17649078485743,-0.171100706030361,-2.43585837991013));
#3125=CARTESIAN_POINT('Ctrl Pts',(1.06173347559465,-0.73473163065534,-2.47385286477784));
#3126=CARTESIAN_POINT('Ctrl Pts',(0.192198456094208,-1.37945551244009,-2.53835056933928));
#3127=CARTESIAN_POINT('Ctrl Pts',(-1.05615318520545,-0.907952755765856,
-2.61786022842045));
#3128=CARTESIAN_POINT('Ctrl Pts',(-1.33499670517683,0.3970158113848,-2.69736988750164));
#3129=CARTESIAN_POINT('Ctrl Pts',(-0.388364445929434,1.33753908894712,-2.77687954658282));
#3130=CARTESIAN_POINT('Ctrl Pts',(0.851771010923057,1.06414171348163,-2.85254528899433));
#3131=CARTESIAN_POINT('Ctrl Pts',(1.17596056719554,0.333617157365649,-2.90170781171211));
#3132=CARTESIAN_POINT('Ctrl Pts',(1.17877194917918,-0.000890664495523733,
-2.92436711473616));
#3133=CARTESIAN_POINT('Origin',(0.,0.,0.924367114736161));
#3134=CARTESIAN_POINT('',(1.17961255784369,-0.000281482165272483,-1.82563288526384));
#3135=CARTESIAN_POINT('',(1.17722360353288,0.00105814568506328,-1.92436711473616));
#3136=CARTESIAN_POINT('',(1.17775,3.58930883875917E-14,0.924367114736161));
#3137=CARTESIAN_POINT('Ctrl Pts',(1.17961255784369,-0.000281482165272646,
-1.82563288526384));
#3138=CARTESIAN_POINT('Ctrl Pts',(1.1796613314738,-0.0154547719750838,-1.82666264313162));
#3139=CARTESIAN_POINT('Ctrl Pts',(1.17251328668526,-0.42110103110208,-1.85419562069314));
#3140=CARTESIAN_POINT('Ctrl Pts',(0.707492028507997,-1.19970525461805,-1.90823181794838));
#3141=CARTESIAN_POINT('Ctrl Pts',(-0.626197671887068,-1.24407160037548,
-1.98774147702956));
#3142=CARTESIAN_POINT('Ctrl Pts',(-1.38506192392995,-0.146427924873908,
-2.06725113611075));
#3143=CARTESIAN_POINT('Ctrl Pts',(-0.872492445784312,1.08563096955542,-2.14676079519193));
#3144=CARTESIAN_POINT('Ctrl Pts',(0.440991638091217,1.32112226744596,-2.22627045427311));
#3145=CARTESIAN_POINT('Ctrl Pts',(1.12240076555997,0.588287018915058,-2.28589448429708));
#3146=CARTESIAN_POINT('Ctrl Pts',(1.17843947825409,0.0990380156220579,-2.31901529462733));
#3147=CARTESIAN_POINT('Ctrl Pts',(1.17754905517619,0.00108453238146775,
-2.32563288526384));
#3148=CARTESIAN_POINT('Ctrl Pts',(1.17722360353288,0.0010581456850633,-1.92436711473616));
#3149=CARTESIAN_POINT('Ctrl Pts',(1.17476688033541,-0.282430535224495,-1.94350572841444));
#3150=CARTESIAN_POINT('Ctrl Pts',(0.929593403334256,-0.962306442760126,
-1.98914756178644));
#3151=CARTESIAN_POINT('Ctrl Pts',(-0.207942077817363,-1.37717023266358,
-2.06129261485218));
#3152=CARTESIAN_POINT('Ctrl Pts',(-1.27071494284115,-0.570194082182919,
-2.14080227393336));
#3153=CARTESIAN_POINT('Ctrl Pts',(-1.16702022127748,0.760198369123503,-2.22031193301454));
#3154=CARTESIAN_POINT('Ctrl Pts',(0.00795430904108385,1.39275787066967,
-2.29982159209572));
#3155=CARTESIAN_POINT('Ctrl Pts',(1.00686724616284,0.840174434921277,-2.36783998600293));
#3156=CARTESIAN_POINT('Ctrl Pts',(1.17523011169041,0.222550982765534,-2.40935516021641));
#3157=CARTESIAN_POINT('Ctrl Pts',(1.17594418222472,-0.000421218993984264,
-2.42436711473616));
#3158=CARTESIAN_POINT('Origin',(0.,0.,0.924367114736161));
#3159=CARTESIAN_POINT('',(1.17670157778163,-0.000936663325693068,-1.32563288526384));
#3160=CARTESIAN_POINT('',(1.17968760338397,-7.82864067407074E-5,-1.42436711473616));
#3161=CARTESIAN_POINT('',(1.17775,3.58930883875917E-14,0.924367114736161));
#3162=CARTESIAN_POINT('Ctrl Pts',(1.17670157778163,-0.000936663325693185,
-1.32563288526384));
#3163=CARTESIAN_POINT('Ctrl Pts',(1.17765657294051,-0.129609573039415,-1.33430999163593));
#3164=CARTESIAN_POINT('Ctrl Pts',(1.09881908416402,-0.650161095080434,-1.36949031770174));
#3165=CARTESIAN_POINT('Ctrl Pts',(0.337191657488355,-1.35134723918851,-1.43117386346129));
#3166=CARTESIAN_POINT('Ctrl Pts',(-0.954069759408947,-1.01468645156934,
-1.51068352254247));
#3167=CARTESIAN_POINT('Ctrl Pts',(-1.3695317355356,0.253417648787926,-1.59019318162365));
#3168=CARTESIAN_POINT('Ctrl Pts',(-0.527816093437064,1.28889403293158,-1.66970284070483));
#3169=CARTESIAN_POINT('Ctrl Pts',(0.781237994438716,1.14312778220727,-1.74818274191823));
#3170=CARTESIAN_POINT('Ctrl Pts',(1.17840602838315,0.375065219069284,-1.8001594234379));
#3171=CARTESIAN_POINT('Ctrl Pts',(1.17961255784369,-0.000281482165272646,
-1.82563288526384));
#3172=CARTESIAN_POINT('Ctrl Pts',(1.17968760338397,-7.82864067405876E-5,
-1.42436711473616));
#3173=CARTESIAN_POINT('Ctrl Pts',(1.17969158888004,-0.00424373327332177,
-1.42464985722501));
#3174=CARTESIAN_POINT('Ctrl Pts',(1.177782811659,-0.398858778457003,-1.45143581940759));
#3175=CARTESIAN_POINT('Ctrl Pts',(0.740992923801442,-1.1793079456067,-1.5047250012839));
#3176=CARTESIAN_POINT('Ctrl Pts',(-0.590918700790002,-1.26121086723347,
-1.58423466036508));
#3177=CARTESIAN_POINT('Ctrl Pts',(-1.38038962242692,-0.185370570501512,
-1.66374431944627));
#3178=CARTESIAN_POINT('Ctrl Pts',(-0.902715805973449,1.06063279652474,-1.74325397852744));
#3179=CARTESIAN_POINT('Ctrl Pts',(0.403616501028957,1.33301593324569,-1.82276363760863));
#3180=CARTESIAN_POINT('Ctrl Pts',(1.114183060414,0.610720945289195,-1.88313468301153));
#3181=CARTESIAN_POINT('Ctrl Pts',(1.1781689592803,0.110145589521578,-1.91700250872071));
#3182=CARTESIAN_POINT('Ctrl Pts',(1.17722360353288,0.0010581456850633,-1.92436711473616));
#3183=CARTESIAN_POINT('Origin',(0.,0.,0.924367114736161));
#3184=CARTESIAN_POINT('',(1.17622383813425,0.000698222118770128,-0.825632885263839));
#3185=CARTESIAN_POINT('',(1.17698920443129,-0.00101701902566975,-0.924367114736156));
#3186=CARTESIAN_POINT('',(1.17775,3.58930883875917E-14,0.924367114736161));
#3187=CARTESIAN_POINT('Ctrl Pts',(1.17622383813425,0.000698222118770166,
-0.825632885263839));
#3188=CARTESIAN_POINT('Ctrl Pts',(1.17492158319935,-0.241624832869279,-0.841957340140228));
#3189=CARTESIAN_POINT('Ctrl Pts',(0.983859453897508,-0.879251738531013,
-0.884785014710345));
#3190=CARTESIAN_POINT('Ctrl Pts',(-0.0609413701444783,-1.3914450859283,
-0.954115908974192));
#3191=CARTESIAN_POINT('Ctrl Pts',(-1.20319109219367,-0.701548076254522,
-1.03362556805537));
#3192=CARTESIAN_POINT('Ctrl Pts',(-1.24095802517435,0.63234610076821,-1.11313522713656));
#3193=CARTESIAN_POINT('Ctrl Pts',(-0.13957282171138,1.38576926041879,-1.19264488621774));
#3194=CARTESIAN_POINT('Ctrl Pts',(0.955755222656184,0.923712877832008,-1.26347743892683));
#3195=CARTESIAN_POINT('Ctrl Pts',(1.17473965047616,0.263406975166523,-1.3078067719422));
#3196=CARTESIAN_POINT('Ctrl Pts',(1.17670157778163,-0.000936663325693185,
-1.32563288526384));
#3197=CARTESIAN_POINT('Ctrl Pts',(1.17698920443129,-0.00101701902566986,
-0.924367114736156));
#3198=CARTESIAN_POINT('Ctrl Pts',(1.17795318360855,-0.118539964236673,-0.932297205729311));
#3199=CARTESIAN_POINT('Ctrl Pts',(1.10770990971531,-0.627710919197881,-0.966730516416193));
#3200=CARTESIAN_POINT('Ctrl Pts',(0.375109254547071,-1.34131657364217,-1.0276670467968));
#3201=CARTESIAN_POINT('Ctrl Pts',(-0.925119800458687,-1.04114901877232,
-1.10717670587799));
#3202=CARTESIAN_POINT('Ctrl Pts',(-1.37612450057831,0.214753817828244,-1.18668636495917));
#3203=CARTESIAN_POINT('Ctrl Pts',(-0.56389960654334,1.27352066951357,-1.26619602404035));
#3204=CARTESIAN_POINT('Ctrl Pts',(0.761234365372073,1.16363664937988,-1.34542294063268));
#3205=CARTESIAN_POINT('Ctrl Pts',(1.17931800343671,0.386209621916932,-1.39814663753128));
#3206=CARTESIAN_POINT('Ctrl Pts',(1.17968760338397,-7.82864067405876E-5,
-1.42436711473616));
#3207=CARTESIAN_POINT('Origin',(0.,0.,0.924367114736161));
#3208=CARTESIAN_POINT('',(1.1792375903878,0.000730602025469458,-0.325632885263839));
#3209=CARTESIAN_POINT('',(1.17604421341422,0.000555125251987046,-0.424367114736157));
#3210=CARTESIAN_POINT('',(1.17775,3.58930883875917E-14,0.924367114736161));
#3211=CARTESIAN_POINT('Ctrl Pts',(1.1792375903878,0.000730602025469564,
-0.325632885263839));
#3212=CARTESIAN_POINT('Ctrl Pts',(1.17689733797595,-0.352752229213247,-0.34960468864453));
#3213=CARTESIAN_POINT('Ctrl Pts',(0.819838377139815,-1.10142987158467,-0.400079711718949));
#3214=CARTESIAN_POINT('Ctrl Pts',(-0.454056168338821,-1.3166190608167,-0.477057954487095));
#3215=CARTESIAN_POINT('Ctrl Pts',(-1.35299257634937,-0.330540331058919,
-0.556567613568277));
#3216=CARTESIAN_POINT('Ctrl Pts',(-1.00995674814736,0.959099410793932,-0.636077272649461));
#3217=CARTESIAN_POINT('Ctrl Pts',(0.260192789657609,1.36825017556218,-0.715586931730642));
#3218=CARTESIAN_POINT('Ctrl Pts',(1.0797492795025,0.695300433723596,-0.778772135935436));
#3219=CARTESIAN_POINT('Ctrl Pts',(1.17703583135637,0.151793582130425,-0.815454120446501));
#3220=CARTESIAN_POINT('Ctrl Pts',(1.17622383813425,0.000698222118770166,
-0.825632885263839));
#3221=CARTESIAN_POINT('Ctrl Pts',(1.17604421341422,0.000555125251987063,
-0.424367114736157));
#3222=CARTESIAN_POINT('Ctrl Pts',(1.17508066983143,-0.230769585543989,-0.439944554233613));
#3223=CARTESIAN_POINT('Ctrl Pts',(0.997134948599939,-0.857046244280802,
-0.482025213424796));
#3224=CARTESIAN_POINT('Ctrl Pts',(-0.02174011622968,-1.39260055662442,-0.550609092309707));
#3225=CARTESIAN_POINT('Ctrl Pts',(-1.18295801055625,-0.735154129351661,
-0.63011875139089));
#3226=CARTESIAN_POINT('Ctrl Pts',(-1.25827258187695,0.597154811044444,-0.709628410472073));
#3227=CARTESIAN_POINT('Ctrl Pts',(-0.178537614291879,1.38128841659212,-0.789138069553254));
#3228=CARTESIAN_POINT('Ctrl Pts',(0.941050290901426,0.945713614105618,-0.860717637641285));
#3229=CARTESIAN_POINT('Ctrl Pts',(1.17473146119235,0.274234398462292,-0.905793986035584));
#3230=CARTESIAN_POINT('Ctrl Pts',(1.17698920443129,-0.00101701902566986,
-0.924367114736156));
#3231=CARTESIAN_POINT('Ctrl Pts',(0.510216505388408,1.06149619882939,0.164977839420936));
#3232=CARTESIAN_POINT('Ctrl Pts',(0.863747051346859,0.891568958481382,0.138474619727208));
#3233=CARTESIAN_POINT('Ctrl Pts',(1.38150479819316,0.173640503359078,0.0854681803397531));
#3234=CARTESIAN_POINT('Ctrl Pts',(0.892505610649085,-1.07046160094101,0.00595852125857079));
#3235=CARTESIAN_POINT('Ctrl Pts',(-0.41696025170124,-1.32846623971913,-0.073551137822612));
#3236=CARTESIAN_POINT('Ctrl Pts',(-1.34306592415133,-0.3687250826778,-0.153060796903795));
#3237=CARTESIAN_POINT('Ctrl Pts',(-1.03660630429416,0.930395413978335,-0.232570455984977));
#3238=CARTESIAN_POINT('Ctrl Pts',(0.221585257223349,1.37497379649224,-0.312080115066159));
#3239=CARTESIAN_POINT('Ctrl Pts',(1.27628207457491,0.557628860346269,-0.391589774147343));
#3240=CARTESIAN_POINT('Ctrl Pts',(1.15944721770432,-0.771729566440945,-0.471099433228525));
#3241=CARTESIAN_POINT('Ctrl Pts',(-0.02174011622968,-1.39260055662442,-0.550609092309707));
#3242=CARTESIAN_POINT('Ctrl Pts',(-1.18295801055625,-0.735154129351661,
-0.63011875139089));
#3243=CARTESIAN_POINT('Ctrl Pts',(-1.25827258187695,0.597154811044444,-0.709628410472073));
#3244=CARTESIAN_POINT('Ctrl Pts',(-0.178537614291879,1.38128841659212,-0.789138069553254));
#3245=CARTESIAN_POINT('Ctrl Pts',(1.06508616035652,0.897457555703653,-0.86864772863444));
#3246=CARTESIAN_POINT('Ctrl Pts',(1.3310026730147,-0.410207730574135,-0.948157387715619));
#3247=CARTESIAN_POINT('Ctrl Pts',(0.375109254547071,-1.34131657364217,-1.0276670467968));
#3248=CARTESIAN_POINT('Ctrl Pts',(-0.925119800458687,-1.04114901877232,
-1.10717670587799));
#3249=CARTESIAN_POINT('Ctrl Pts',(-1.37612450057831,0.214753817828244,-1.18668636495917));
#3250=CARTESIAN_POINT('Ctrl Pts',(-0.56389960654334,1.27352066951357,-1.26619602404035));
#3251=CARTESIAN_POINT('Ctrl Pts',(0.765963461156667,1.16324449879932,-1.34570568312153));
#3252=CARTESIAN_POINT('Ctrl Pts',(1.39270146671497,-0.0148455720934465,
-1.42521534220272));
#3253=CARTESIAN_POINT('Ctrl Pts',(0.740992923801442,-1.1793079456067,-1.5047250012839));
#3254=CARTESIAN_POINT('Ctrl Pts',(-0.590918700790002,-1.26121086723347,
-1.58423466036508));
#3255=CARTESIAN_POINT('Ctrl Pts',(-1.38038962242692,-0.185370570501512,
-1.66374431944627));
#3256=CARTESIAN_POINT('Ctrl Pts',(-0.902715805973449,1.06063279652474,-1.74325397852744));
#3257=CARTESIAN_POINT('Ctrl Pts',(0.403616501028957,1.33301593324569,-1.82276363760863));
#3258=CARTESIAN_POINT('Ctrl Pts',(1.33944433892948,0.381741562142852,-1.90227329668981));
#3259=CARTESIAN_POINT('Ctrl Pts',(1.04571364015274,-0.919956922829344,-1.98178295577099));
#3260=CARTESIAN_POINT('Ctrl Pts',(-0.207942077817363,-1.37717023266358,
-2.06129261485218));
#3261=CARTESIAN_POINT('Ctrl Pts',(-1.27071494284115,-0.570194082182919,
-2.14080227393336));
#3262=CARTESIAN_POINT('Ctrl Pts',(-1.16702022127748,0.760198369123503,-2.22031193301454));
#3263=CARTESIAN_POINT('Ctrl Pts',(0.00795430904108385,1.39275787066967,
-2.29982159209572));
#3264=CARTESIAN_POINT('Ctrl Pts',(1.17562708871136,0.746819058144879,-2.37933125117691));
#3265=CARTESIAN_POINT('Ctrl Pts',(1.26411928536618,-0.584671009785793,-2.45884091025809));
#3266=CARTESIAN_POINT('Ctrl Pts',(0.192198456094208,-1.37945551244009,-2.53835056933928));
#3267=CARTESIAN_POINT('Ctrl Pts',(-1.05615318520545,-0.907952755765856,
-2.61786022842045));
#3268=CARTESIAN_POINT('Ctrl Pts',(-1.33499670517683,0.3970158113848,-2.69736988750164));
#3269=CARTESIAN_POINT('Ctrl Pts',(-0.388364445929434,1.33753908894712,-2.77687954658282));
#3270=CARTESIAN_POINT('Ctrl Pts',(0.91477148119303,1.0502527764871,-2.856389205664));
#3271=CARTESIAN_POINT('Ctrl Pts',(1.37818226938779,-0.201125308373008,-2.93589886474519));
#3272=CARTESIAN_POINT('Ctrl Pts',(0.576474586552131,-1.26787807315321,-3.01540852382637));
#3273=CARTESIAN_POINT('Ctrl Pts',(-0.754414659365726,-1.17076738896211,
-3.09491818290755));
#3274=CARTESIAN_POINT('Ctrl Pts',(-1.39278017922829,0.00106286023543188,
-3.17442784198874));
#3275=CARTESIAN_POINT('Ctrl Pts',(-0.752626906645819,1.17191744449676,-3.25393750106991));
#3276=CARTESIAN_POINT('Ctrl Pts',(0.578409003554046,1.26699675687458,-3.3334471601511));
#3277=CARTESIAN_POINT('Ctrl Pts',(1.37848763004744,0.199021634827128,-3.41295681923228));
#3278=CARTESIAN_POINT('Ctrl Pts',(0.913167476135153,-1.05164771565959,-3.49246647831347));
#3279=CARTESIAN_POINT('Ctrl Pts',(-0.390405401574002,-1.33694479308045,
-3.57197613739464));
#3280=CARTESIAN_POINT('Ctrl Pts',(-1.33560109239572,-0.394977821294351,
-3.65148579647583));
#3281=CARTESIAN_POINT('Ctrl Pts',(-1.05476619970914,0.90956364333356,-3.73099545555701));
#3282=CARTESIAN_POINT('Ctrl Pts',(0.194303614809241,1.37916056447215,-3.81050511463819));
#3283=CARTESIAN_POINT('Ctrl Pts',(1.2650101623322,0.582740977209708,-3.89001477371938));
#3284=CARTESIAN_POINT('Ctrl Pts',(1.17448589303538,-0.74861247944712,-3.96952443280056));
#3285=CARTESIAN_POINT('Ctrl Pts',(0.00582861459468463,-1.39276838870467,
-4.04903409188174));
#3286=CARTESIAN_POINT('Ctrl Pts',(-1.16817910852088,-0.75841632876569,-4.12854375096292));
#3287=CARTESIAN_POINT('Ctrl Pts',(-1.26984320881638,0.572132836276671,-4.20805341004411));
#3288=CARTESIAN_POINT('Ctrl Pts',(-0.205839940963362,1.37748599848684,-4.28756306912529));
#3289=CARTESIAN_POINT('Ctrl Pts',(1.04711649888501,0.918359839652127,-4.36707272820647));
#3290=CARTESIAN_POINT('Ctrl Pts',(1.33886014889779,-0.383785433564744,-4.44658238728766));
#3291=CARTESIAN_POINT('Ctrl Pts',(0.401581526515762,-1.33363039665582,-4.52609204636884));
#3292=CARTESIAN_POINT('Ctrl Pts',(-0.904333536854136,-1.0592537993531,-4.60560170545002));
#3293=CARTESIAN_POINT('Ctrl Pts',(-1.38010509391212,0.187477164158457,-4.68511136453121));
#3294=CARTESIAN_POINT('Ctrl Pts',(-0.588993100765186,1.2621112805827,-4.76462102361238));
#3295=CARTESIAN_POINT('Ctrl Pts',(0.74279197143577,1.17817564246323,-4.84413068269358));
#3296=CARTESIAN_POINT('Ctrl Pts',(1.39272249937968,0.0127199467242853,-4.92364034177474));
#3297=CARTESIAN_POINT('Ctrl Pts',(0.764187182767608,-1.16441217230704,-5.00315000085594));
#3298=CARTESIAN_POINT('Ctrl Pts',(-0.565842661613661,-1.27265857150339,
-5.08265965993711));
#3299=CARTESIAN_POINT('Ctrl Pts',(-1.37645064227983,-0.212653207571621,
-5.1621693190183));
#3300=CARTESIAN_POINT('Ctrl Pts',(-0.923529719194029,1.04255964581816,-5.24167897809948));
#3301=CARTESIAN_POINT('Ctrl Pts',(0.377156069432374,1.34074272573578,-5.32118863718067));
#3302=CARTESIAN_POINT('Ctrl Pts',(1.33162704997528,0.408175399916742,-5.40069829626184));
#3303=CARTESIAN_POINT('Ctrl Pts',(1.06371546555029,-0.8990812898021,-5.48020795534303));
#3304=CARTESIAN_POINT('Ctrl Pts',(-0.180646123550973,-1.38101583458304,
-5.55971761442421));
#3305=CARTESIAN_POINT('Ctrl Pts',(-1.25918149887725,-0.595230804149378,
-5.63922727350539));
#3306=CARTESIAN_POINT('Ctrl Pts',(-1.18183654691046,0.736953277833689,-5.71873693258659));
#3307=CARTESIAN_POINT('Ctrl Pts',(-0.0196109674346066,1.39264251237687,
-5.79824659166776));
#3308=CARTESIAN_POINT('Ctrl Pts',(1.16061672808018,0.769939327365182,-5.87775625074894));
#3309=CARTESIAN_POINT('Ctrl Pts',(1.27544277600777,-0.559538633565778,-5.95726590983013));
#3310=CARTESIAN_POINT('Ctrl Pts',(0.219461267844409,-1.37538158677482,-6.0367755689113));
#3311=CARTESIAN_POINT('Ctrl Pts',(-1.03797726802334,-0.92867698818798,-6.1162852279925));
#3312=CARTESIAN_POINT('Ctrl Pts',(-1.34259247750376,0.370517471481936,-6.19579488707367));
#3313=CARTESIAN_POINT('Ctrl Pts',(-0.414759280061149,1.32959110140157,-6.27530454615485));
#3314=CARTESIAN_POINT('Ctrl Pts',(0.893807030766949,1.06815108906683,-6.35481420523604));
#3315=CARTESIAN_POINT('Ctrl Pts',(1.38189276418746,-0.173810660229488,-6.43432386431722));
#3316=CARTESIAN_POINT('Ctrl Pts',(0.601453934646137,-1.25622088894499,-6.51383352339841));
#3317=CARTESIAN_POINT('Ctrl Pts',(-0.731096541588188,-1.18546851674807,
-6.59334318247958));
#3318=CARTESIAN_POINT('Ctrl Pts',(-1.39252842965451,-0.0265015080144923,
-6.67285284156077));
#3319=CARTESIAN_POINT('Ctrl Pts',(-0.775672621730096,1.15679286876321,-6.75236250064195));
#3320=CARTESIAN_POINT('Ctrl Pts',(0.553220906472989,1.27819575416455,-6.83187215972313));
#3321=CARTESIAN_POINT('Ctrl Pts',(1.37427885814519,0.22626395510166,-6.91138181880432));
#3322=CARTESIAN_POINT('Ctrl Pts',(0.933801520614682,-1.03336947768974,-6.99089147788549));
#3323=CARTESIAN_POINT('Ctrl Pts',(-0.363869802244594,-1.34440935891475,
-7.07040113696669));
#3324=CARTESIAN_POINT('Ctrl Pts',(-1.32752260078029,-0.42133300575746,-7.14991079604786));
#3325=CARTESIAN_POINT('Ctrl Pts',(-1.07256056130648,0.888510888876998,-7.22942045512906));
#3326=CARTESIAN_POINT('Ctrl Pts',(0.166970941544913,1.38273586125575,-7.30893011421022));
#3327=CARTESIAN_POINT('Ctrl Pts',(1.25322952326981,0.6076623398961,-7.38843977329142));
#3328=CARTESIAN_POINT('Ctrl Pts',(1.18907146305542,-0.725221906088274,-7.46794943237259));
#3329=CARTESIAN_POINT('Ctrl Pts',(0.03339139976457,-1.39238025400565,-7.54745909145378));
#3330=CARTESIAN_POINT('Ctrl Pts',(-1.15294068797476,-0.781386925495538,
-7.62696875053497));
#3331=CARTESIAN_POINT('Ctrl Pts',(-1.28091743857324,0.546889635010627,-7.70647840961613));
#3332=CARTESIAN_POINT('Ctrl Pts',(-0.233061102794897,1.37314248338878,-7.78598806869734));
#3333=CARTESIAN_POINT('Ctrl Pts',(1.02873638762878,0.938903191011496,-7.86549772777849));
#3334=CARTESIAN_POINT('Ctrl Pts',(1.34619332548645,-0.357213224473575,-7.9450073868597));
#3335=CARTESIAN_POINT('Ctrl Pts',(0.427896416062805,-1.32542159875402,-8.02451704594086));
#3336=CARTESIAN_POINT('Ctrl Pts',(-0.88319299379641,-1.07694377431323,-8.10402670502206));
#3337=CARTESIAN_POINT('Ctrl Pts',(-1.38354510514657,0.160127134952398,-8.18353636410324));
#3338=CARTESIAN_POINT('Ctrl Pts',(-0.613855867900455,1.25020747508853,-8.26304602318442));
#3339=CARTESIAN_POINT('Ctrl Pts',(0.719329515161175,1.19264529762251,-8.3425556822656));
#3340=CARTESIAN_POINT('Ctrl Pts',(1.39219798905806,0.0402804740013086,-8.42206534134679));
#3341=CARTESIAN_POINT('Ctrl Pts',(0.787082098759608,-1.14906028002678,-8.50157500042797));
#3342=CARTESIAN_POINT('Ctrl Pts',(-0.540544974185638,-1.28360776259952,
-8.58108465950915));
#3343=CARTESIAN_POINT('Ctrl Pts',(-1.37197249032718,-0.239852544511217,
-8.66059431859034));
#3344=CARTESIAN_POINT('Ctrl Pts',(-0.943981874475464,1.02407811127122,-8.74010397767151));
#3345=CARTESIAN_POINT('Ctrl Pts',(0.350547901140204,1.3479443335425,-8.8196136367527));
#3346=CARTESIAN_POINT('Ctrl Pts',(1.32328814676109,0.434449350286795,-8.89912329583388));
#3347=CARTESIAN_POINT('Ctrl Pts',(1.08130062077396,-0.877853475721779,-8.97863295491506));
#3348=CARTESIAN_POINT('Ctrl Pts',(-0.153279408007164,-1.38432047604755,
-9.05814261399625));
#3349=CARTESIAN_POINT('Ctrl Pts',(-1.24715481838919,-0.620034367024264,
-9.13765227307743));
#3350=CARTESIAN_POINT('Ctrl Pts',(-1.19618993295211,0.713419513068209,-9.21716193215861));
#3351=CARTESIAN_POINT('Ctrl Pts',(-0.0471685620610632,1.39198163927526,
-9.29667159123979));
#3352=CARTESIAN_POINT('Ctrl Pts',(1.14515173992198,0.792758002086585,-9.37618125032098));
#3353=CARTESIAN_POINT('Ctrl Pts',(1.28626666037757,-0.534187079328485,-9.45569090940215));
#3354=CARTESIAN_POINT('Ctrl Pts',(0.246638113976137,-1.37076890761314,-9.53520056848335));
#3355=CARTESIAN_POINT('Ctrl Pts',(-1.01939476266193,-0.949037446651078,
-9.61471022756452));
#3356=CARTESIAN_POINT('Ctrl Pts',(-1.34966234021824,0.343873995400691,-9.69421988664571));
#3357=CARTESIAN_POINT('Ctrl Pts',(-0.440991647986374,1.32112229708983,-9.77372954572689));
#3358=CARTESIAN_POINT('Ctrl Pts',(0.872492465361762,1.08563099391555,-9.85323920480807));
#3359=CARTESIAN_POINT('Ctrl Pts',(1.38506195500861,-0.14642792815999,-9.93274886388925));
#3360=CARTESIAN_POINT('Ctrl Pts',(0.62619768593802,-1.24407162828979,-10.0122585229704));
#3361=CARTESIAN_POINT('Ctrl Pts',(-0.707492044383154,-1.19970528153906,
-10.0917681820516));
#3362=CARTESIAN_POINT('Ctrl Pts',(-1.39173121018068,-0.0540554966769334,
-10.1712778411328));
#3363=CARTESIAN_POINT('Ctrl Pts',(-0.798414496084456,1.14121516595836,-10.250787500214));
#3364=CARTESIAN_POINT('Ctrl Pts',(0.527816105280843,1.28889406186121,-10.3302971592952));
#3365=CARTESIAN_POINT('Ctrl Pts',(1.36953176626527,0.25341765445825,-10.4098068183763));
#3366=CARTESIAN_POINT('Ctrl Pts',(0.954069780817639,-1.01468647430848,-10.4893164774576));
#3367=CARTESIAN_POINT('Ctrl Pts',(-0.337191665055566,-1.3513472695629,-10.5688261365387));
#3368=CARTESIAN_POINT('Ctrl Pts',(-1.31892411339079,-0.447523213342055,
-10.6483357956199));
#3369=CARTESIAN_POINT('Ctrl Pts',(-1.08993476754301,0.867110216173386,-10.7278454547011));
#3370=CARTESIAN_POINT('Ctrl Pts',(0.139572824841616,1.38576929181584,-10.8073551137823));
#3371=CARTESIAN_POINT('Ctrl Pts',(1.24095805302845,0.632346114417472,-10.8868647728634));
#3372=CARTESIAN_POINT('Ctrl Pts',(1.20319111916355,-0.70154809103763,-10.9663744319447));
#3373=CARTESIAN_POINT('Ctrl Pts',(0.0609413715858793,-1.3914451188451,-11.0458840910258));
#3374=CARTESIAN_POINT('Ctrl Pts',(-1.13725115269953,-0.804054459810012,
-11.125393750107));
#3375=CARTESIAN_POINT('Ctrl Pts',(-1.29148895669609,0.521437938180593,-11.2049034091882));
#3376=CARTESIAN_POINT('Ctrl Pts',(-0.260192796434409,1.36825021529251,-11.2844130682694));
#3377=CARTESIAN_POINT('Ctrl Pts',(1.00995677286465,0.959099416800087,-11.3639227273505));
#3378=CARTESIAN_POINT('Ctrl Pts',(1.35299260228674,-0.330540312109829,-11.4434323864317));
#3379=CARTESIAN_POINT('Ctrl Pts',(0.454056187907934,-1.31661913455697,-11.5229420455129));
#3380=CARTESIAN_POINT('Ctrl Pts',(-0.861730219829694,-1.0943533637206,-11.6024517045941));
#3381=CARTESIAN_POINT('Ctrl Pts',(-1.38639810942448,0.132983252315619,-11.6819613636753));
#3382=CARTESIAN_POINT('Ctrl Pts',(-0.638563742934833,1.2373013973084,-11.7614710227565));
#3383=CARTESIAN_POINT('Ctrl Pts',(0.695747808044637,1.2076378976044,-11.8409806818376));
#3384=CARTESIAN_POINT('Ctrl Pts',(1.3908186397863,0.0658030626984817,-11.9204903409188));
#3385=CARTESIAN_POINT('Ctrl Pts',(1.00382395166407,-0.73026820449989,-11.9734967803063));
#3386=CARTESIAN_POINT('Ctrl Pts',(0.684664424539437,-0.958295198918414,
-12.));
#3387=CARTESIAN_POINT('Ctrl Pts',(0.551480035117339,1.14734422509854,0.109985226280624));
#3388=CARTESIAN_POINT('Ctrl Pts',(0.933602204512463,0.963674195836805,0.0834820065868965));
#3389=CARTESIAN_POINT('Ctrl Pts',(1.49323337558896,0.187683600743879,0.0304755671994414));
#3390=CARTESIAN_POINT('Ctrl Pts',(0.964686599326073,-1.15703470006191,-0.0490340918817411));
#3391=CARTESIAN_POINT('Ctrl Pts',(-0.450681723978503,-1.43590534762255,
-0.128543750962924));
#3392=CARTESIAN_POINT('Ctrl Pts',(-1.45168577494769,-0.39854555741782,-0.208053410044107));
#3393=CARTESIAN_POINT('Ctrl Pts',(-1.12044137156991,1.00564072340855,-0.287563069125289));
#3394=CARTESIAN_POINT('Ctrl Pts',(0.239505864950395,1.48617418207143,-0.367072728206472));
#3395=CARTESIAN_POINT('Ctrl Pts',(1.3795008116611,0.602726842896029,-0.446582387287654));
#3396=CARTESIAN_POINT('Ctrl Pts',(1.25321698844203,-0.834142847021292,-0.526092046368837));
#3397=CARTESIAN_POINT('Ctrl Pts',(-0.0234983383234009,-1.50522649847836,
-0.605601705450019));
#3398=CARTESIAN_POINT('Ctrl Pts',(-1.2786292060608,-0.794609387955561,-0.685111364531202));
#3399=CARTESIAN_POINT('Ctrl Pts',(-1.36003480936476,0.645449437027876,-0.764621023612385));
#3400=CARTESIAN_POINT('Ctrl Pts',(-0.192976763314421,1.49299949422354,-0.844130682693567));
#3401=CARTESIAN_POINT('Ctrl Pts',(1.15122452314485,0.970039030703245,-0.923640341774751));
#3402=CARTESIAN_POINT('Ctrl Pts',(1.43864691381677,-0.443383095751117,-1.00315000085593));
#3403=CARTESIAN_POINT('Ctrl Pts',(0.405446046307296,-1.44979494650519,-1.08265965993712));
#3404=CARTESIAN_POINT('Ctrl Pts',(-0.999938447025185,-1.1253514760324,-1.1621693190183));
#3405=CARTESIAN_POINT('Ctrl Pts',(-1.4874179488314,0.232121935975681,-1.24167897809948));
#3406=CARTESIAN_POINT('Ctrl Pts',(-0.60950473286323,1.37651607921102,-1.32118863718066));
#3407=CARTESIAN_POINT('Ctrl Pts',(0.827910410573077,1.25732137293274,-1.40069829626185));
#3408=CARTESIAN_POINT('Ctrl Pts',(1.50533556962696,-0.016046201040087,-1.48020795534303));
#3409=CARTESIAN_POINT('Ctrl Pts',(0.800920392272751,-1.2746839437549,-1.55971761442421));
#3410=CARTESIAN_POINT('Ctrl Pts',(-0.638708984169541,-1.36321072722412,
-1.63922727350539));
#3411=CARTESIAN_POINT('Ctrl Pts',(-1.49202801048564,-0.200362331775352,
-1.71873693258658));
#3412=CARTESIAN_POINT('Ctrl Pts',(-0.975722539591761,1.14641099552197,-1.79824659166776));
#3413=CARTESIAN_POINT('Ctrl Pts',(0.436258803489591,1.44082299556082,-1.87775625074894));
#3414=CARTESIAN_POINT('Ctrl Pts',(1.44777129565462,0.412614738788239,-1.95726590983012));
#3415=CARTESIAN_POINT('Ctrl Pts',(1.13028525910799,-0.9943580239964,-2.03677556891131));
#3416=CARTESIAN_POINT('Ctrl Pts',(-0.224759299564005,-1.48854825402737,
-2.11628522799248));
#3417=CARTESIAN_POINT('Ctrl Pts',(-1.37348344065955,-0.616308271380899,
-2.19579488707368));
#3418=CARTESIAN_POINT('Ctrl Pts',(-1.26140245526319,0.821679069322203,-2.27530454615485));
#3419=CARTESIAN_POINT('Ctrl Pts',(0.00859761019681826,1.50539653522606,
-2.35481420523604));
#3420=CARTESIAN_POINT('Ctrl Pts',(1.27070539921848,0.807217712603207,-2.43432386431721));
#3421=CARTESIAN_POINT('Ctrl Pts',(1.36635436236141,-0.631956013973523,-2.51383352339841));
#3422=CARTESIAN_POINT('Ctrl Pts',(0.207742419535489,-1.49101835477498,-2.59334318247958));
#3423=CARTESIAN_POINT('Ctrl Pts',(-1.14156909765786,-0.981383025336388,
-2.67285284156077));
#3424=CARTESIAN_POINT('Ctrl Pts',(-1.44296396152843,0.429124286047848,-2.75236250064195));
#3425=CARTESIAN_POINT('Ctrl Pts',(-0.419773245313661,1.44571195943934,-2.83187215972313));
#3426=CARTESIAN_POINT('Ctrl Pts',(0.988753212106753,1.13519149604591,-2.91138181880432));
#3427=CARTESIAN_POINT('Ctrl Pts',(1.48964213876515,-0.21739122696569,-2.9908914778855));
#3428=CARTESIAN_POINT('Ctrl Pts',(0.62309670870801,-1.37041714041523,-3.07040113696668));
#3429=CARTESIAN_POINT('Ctrl Pts',(-0.815427604646633,-1.26545267344408,
-3.14991079604786));
#3430=CARTESIAN_POINT('Ctrl Pts',(-1.5054206479793,0.00114881857754808,
-3.22942045512905));
#3431=CARTESIAN_POINT('Ctrl Pts',(-0.813495268231902,1.26669573920135,-3.30893011421023));
#3432=CARTESIAN_POINT('Ctrl Pts',(0.6251875708124,1.3694645480801,-3.38843977329141));
#3433=CARTESIAN_POINT('Ctrl Pts',(1.48997219533042,0.21511741977069,-3.46794943237259));
#3434=CARTESIAN_POINT('Ctrl Pts',(0.987019483863337,-1.13669925029476,-3.54745909145378));
#3435=CARTESIAN_POINT('Ctrl Pts',(-0.421979262325373,-1.44506960016252,
-3.62696875053496));
#3436=CARTESIAN_POINT('Ctrl Pts',(-1.44361722829102,-0.426921474428109,
-3.70647840961614));
#3437=CARTESIAN_POINT('Ctrl Pts',(-1.14006994033516,0.98312419270951,-3.78598806869732));
#3438=CARTESIAN_POINT('Ctrl Pts',(0.210017832012031,1.49069955302318,-3.86549772777851));
#3439=CARTESIAN_POINT('Ctrl Pts',(1.36731728860021,0.629869890883425,-3.94500738685969));
#3440=CARTESIAN_POINT('Ctrl Pts',(1.26947190985696,-0.80915617604431,-4.02451704594087));
#3441=CARTESIAN_POINT('Ctrl Pts',(0.00630000117090252,-1.50540790390239,
-4.10402670502205));
#3442=CARTESIAN_POINT('Ctrl Pts',(-1.26265506698967,-0.819752907254272,
-4.18353636410323));
#3443=CARTESIAN_POINT('Ctrl Pts',(-1.37254120553874,0.618403821337469,-4.26304602318442));
#3444=CARTESIAN_POINT('Ctrl Pts',(-0.222487153340145,1.48888955726915,-4.3425556822656));
#3445=CARTESIAN_POINT('Ctrl Pts',(1.13180157340744,0.992631777437617,-4.42206534134679));
#3446=CARTESIAN_POINT('Ctrl Pts',(1.44713985951762,-0.414823907389448,-4.50157500042797));
#3447=CARTESIAN_POINT('Ctrl Pts',(0.434059251330555,-1.44148715342208,-4.58108465950915));
#3448=CARTESIAN_POINT('Ctrl Pts',(-0.977471103727716,-1.14492047257609,
-4.66059431859033));
#3449=CARTESIAN_POINT('Ctrl Pts',(-1.49172047085555,0.202639295244084,-4.74010397767152));
#3450=CARTESIAN_POINT('Ctrl Pts',(-0.636627652111295,1.36418396109682,-4.8196136367527));
#3451=CARTESIAN_POINT('Ctrl Pts',(0.802864937073011,1.27346006610544,-4.89912329583388));
#3452=CARTESIAN_POINT('Ctrl Pts',(1.50535830329895,0.0137486666779964,-4.97863295491506));
#3453=CARTESIAN_POINT('Ctrl Pts',(0.825990476470526,-1.25858348150869,-5.05814261399625));
#3454=CARTESIAN_POINT('Ctrl Pts',(-0.611604931635911,-1.37558425941313,
-5.13765227307743));
#3455=CARTESIAN_POINT('Ctrl Pts',(-1.48777046709593,-0.229851439812073,
-5.2171619321586));
#3456=CARTESIAN_POINT('Ctrl Pts',(-0.998219768655484,1.12687618690428,-5.29667159123981));
#3457=CARTESIAN_POINT('Ctrl Pts',(0.407658396423194,1.44917468890821,-5.37618125032097));
#3458=CARTESIAN_POINT('Ctrl Pts',(1.43932178698241,0.441186401268527,-5.45569090940217));
#3459=CARTESIAN_POINT('Ctrl Pts',(1.14974297401445,-0.971794083564486,-5.53520056848333));
#3460=CARTESIAN_POINT('Ctrl Pts',(-0.195255797308761,-1.49270486726743,
-5.61471022756453));
#3461=CARTESIAN_POINT('Ctrl Pts',(-1.36101723461749,-0.643369826943031,
-5.69421988664571));
#3462=CARTESIAN_POINT('Ctrl Pts',(-1.27741704454852,0.796554041759533,-5.77372954572689));
#3463=CARTESIAN_POINT('Ctrl Pts',(-0.0211969955799187,1.50527184738336,
-5.85323920480808));
#3464=CARTESIAN_POINT('Ctrl Pts',(1.254481082442,0.832207823167797,-5.93274886388925));
#3465=CARTESIAN_POINT('Ctrl Pts',(1.37859363520092,-0.604791068163226,-6.01225852297044));
#3466=CARTESIAN_POINT('Ctrl Pts',(0.237210098888497,-1.48661495220916,-6.09176818205162));
#3467=CARTESIAN_POINT('Ctrl Pts',(-1.12192321137229,-1.00378332070753,-6.1712778411328));
#3468=CARTESIAN_POINT('Ctrl Pts',(-1.45117403851606,0.400482904858,-6.25078750021398));
#3469=CARTESIAN_POINT('Ctrl Pts',(-0.448302749749809,1.43712118198616,-6.33029715929517));
#3470=CARTESIAN_POINT('Ctrl Pts',(0.966093271208939,1.15453732658211,-6.40980681837635));
#3471=CARTESIAN_POINT('Ctrl Pts',(1.49365271815804,-0.187867518974437,-6.48931647745754));
#3472=CARTESIAN_POINT('Ctrl Pts',(0.650096250311636,-1.3578171866924,-6.56882613653871));
#3473=CARTESIAN_POINT('Ctrl Pts',(-0.790223644611988,-1.28134274830847,
-6.6483357956199));
#3474=CARTESIAN_POINT('Ctrl Pts',(-1.50514853827229,-0.0286448055210736,
-6.72784545470108));
#3475=CARTESIAN_POINT('Ctrl Pts',(-0.838404795128346,1.25034797022761,-6.80735511378227));
#3476=CARTESIAN_POINT('Ctrl Pts',(0.597962397741558,1.38156925922435,-6.88686477286344));
#3477=CARTESIAN_POINT('Ctrl Pts',(1.48542304089902,0.244562950409179,-6.96637443194463));
#3478=CARTESIAN_POINT('Ctrl Pts',(1.00932229738271,-1.11694276807391,-7.04588409102581));
#3479=CARTESIAN_POINT('Ctrl Pts',(-0.393297608369665,-1.45313785939161,
-7.12539375010699));
#3480=CARTESIAN_POINT('Ctrl Pts',(-1.43488539231018,-0.455408122546587,
-7.20490340918818));
#3481=CARTESIAN_POINT('Ctrl Pts',(-1.15930341290014,0.96036880623258,-7.28441306826936));
#3482=CARTESIAN_POINT('Ctrl Pts',(0.180474641126453,1.49456400032144,-7.36392272735054));
#3483=CARTESIAN_POINT('Ctrl Pts',(1.35458389566756,0.656806757535752,-7.44343238643173));
#3484=CARTESIAN_POINT('Ctrl Pts',(1.28523708127323,-0.783873900615901,-7.52294204551291));
#3485=CARTESIAN_POINT('Ctrl Pts',(0.0360919141586008,-1.50498837898466,
-7.60245170459408));
#3486=CARTESIAN_POINT('Ctrl Pts',(-1.24618424605551,-0.844581240633256,
-7.68196136367528));
#3487=CARTESIAN_POINT('Ctrl Pts',(-1.38451105863191,0.591119087555536,-7.76147102275645));
#3488=CARTESIAN_POINT('Ctrl Pts',(-0.251909814356102,1.48419476234677,-7.84098068183764));
#3489=CARTESIAN_POINT('Ctrl Pts',(1.11193497894412,1.01483656307165,-7.92049034091882));
#3490=CARTESIAN_POINT('Ctrl Pts',(1.45506610345511,-0.38610268287401,-8.00000000000001));
#3491=CARTESIAN_POINT('Ctrl Pts',(0.462502345699805,-1.43261447269274,-8.07950965908118));
#3492=CARTESIAN_POINT('Ctrl Pts',(-0.954620828786101,-1.16404111628167,
-8.15901931816236));
#3493=CARTESIAN_POINT('Ctrl Pts',(-1.49543869144689,0.173077344762816,-8.23852897724356));
#3494=CARTESIAN_POINT('Ctrl Pts',(-0.663501184323731,1.35131744070278,-8.31803863632472));
#3495=CARTESIAN_POINT('Ctrl Pts',(0.777504965230463,1.28909994809887,-8.39754829540592));
#3496=CARTESIAN_POINT('Ctrl Pts',(1.50479137344166,0.0435381391667683,-8.47705795448709));
#3497=CARTESIAN_POINT('Ctrl Pts',(0.850737008466122,-1.24199001186508,-8.55656761356829));
#3498=CARTESIAN_POINT('Ctrl Pts',(-0.584261305148222,-1.38741896140029,
-8.63607727264946));
#3499=CARTESIAN_POINT('Ctrl Pts',(-1.48293014662408,-0.259250510857801,
-8.71558693173066));
#3500=CARTESIAN_POINT('Ctrl Pts',(-1.02032598276991,1.10689996658736,-8.79509659081182));
#3501=CARTESIAN_POINT('Ctrl Pts',(0.378898304522592,1.45695872349786,-8.87460624989302));
#3502=CARTESIAN_POINT('Ctrl Pts',(1.43030847873222,0.469585245523316,-8.95411590897419));
#3503=CARTESIAN_POINT('Ctrl Pts',(1.16875032073466,-0.948849479595692,-9.03362556805538));
#3504=CARTESIAN_POINT('Ctrl Pts',(-0.165675810989705,-1.49627677011975,
-9.11313522713655));
#3505=CARTESIAN_POINT('Ctrl Pts',(-1.34801790176984,-0.670179366777229,
-9.19264488621775));
#3506=CARTESIAN_POINT('Ctrl Pts',(-1.29293125421187,0.771116994384065,-9.27215454529892));
#3507=CARTESIAN_POINT('Ctrl Pts',(-0.0509832982413318,1.50455752646776,
-9.35166420438011));
#3508=CARTESIAN_POINT('Ctrl Pts',(1.23776537034233,0.856871947914428,-9.43117386346129));
#3509=CARTESIAN_POINT('Ctrl Pts',(1.39029289633678,-0.577389218412365,-9.51068352254247));
#3510=CARTESIAN_POINT('Ctrl Pts',(0.266584860192416,-1.48162922470094,-9.59019318162366));
#3511=CARTESIAN_POINT('Ctrl Pts',(-1.10183785427182,-1.0257904220648,-9.66970284070483));
#3512=CARTESIAN_POINT('Ctrl Pts',(-1.45881567318855,0.371684649666806,-9.74921249978603));
#3513=CARTESIAN_POINT('Ctrl Pts',(-0.476656648598302,1.42796746694575,-9.8287221588672));
#3514=CARTESIAN_POINT('Ctrl Pts',(0.94305489994101,1.17343091085077,-9.90823181794839));
#3515=CARTESIAN_POINT('Ctrl Pts',(1.49707821585733,-0.158270220800401,-9.98774147702956));
#3516=CARTESIAN_POINT('Ctrl Pts',(0.676841141328038,-1.3446853600619,-10.0672511361108));
#3517=CARTESIAN_POINT('Ctrl Pts',(-0.764710144342822,-1.29673090503012,
-10.1467607951919));
#3518=CARTESIAN_POINT('Ctrl Pts',(-1.50428684403312,-0.058427210587758,
-10.2262704542731));
#3519=CARTESIAN_POINT('Ctrl Pts',(-0.862985908312891,1.23351042773508,-10.3057801133543));
#3520=CARTESIAN_POINT('Ctrl Pts',(0.570502994712389,1.39313278773026,-10.3852897724355));
#3521=CARTESIAN_POINT('Ctrl Pts',(1.4802920301046,0.273912692952961,-10.4647994315167));
#3522=CARTESIAN_POINT('Ctrl Pts',(1.03122974398714,-1.09674878522157,-10.5443090905978));
#3523=CARTESIAN_POINT('Ctrl Pts',(-0.364461888869233,-1.46063687043394,
-10.623818749679));
#3524=CARTESIAN_POINT('Ctrl Pts',(-1.42559150613159,-0.483716451355918,
-10.7033284087602));
#3525=CARTESIAN_POINT('Ctrl Pts',(-1.17808275022904,0.937237363777308,-10.7828380678414));
#3526=CARTESIAN_POINT('Ctrl Pts',(0.150860714093298,1.49784275820978,-10.8623477269226));
#3527=CARTESIAN_POINT('Ctrl Pts',(1.34131997580575,0.683486821187381,-10.9418573860038));
#3528=CARTESIAN_POINT('Ctrl Pts',(1.30049865820012,-0.758285476451628,-11.0213670450849));
#3529=CARTESIAN_POINT('Ctrl Pts',(0.0658699775239398,-1.50397761518982,
-11.1008767041661));
#3530=CARTESIAN_POINT('Ctrl Pts',(-1.229225826692,-0.869082001560723,-11.1803863632473));
#3531=CARTESIAN_POINT('Ctrl Pts',(-1.39593754351443,0.563608996224919,-11.2598960223285));
#3532=CARTESIAN_POINT('Ctrl Pts',(-0.281235771480365,1.47890683427498,-11.3394056814097));
#3533=CARTESIAN_POINT('Ctrl Pts',(1.0916365713069,1.03666614951094,-11.4189153404909));
#3534=CARTESIAN_POINT('Ctrl Pts',(1.46241526869965,-0.357272610754248,-11.498424999572));
#3535=CARTESIAN_POINT('Ctrl Pts',(0.490777777292971,-1.4231001131743,-11.5779346586532));
#3536=CARTESIAN_POINT('Ctrl Pts',(-0.931422262656084,-1.18285869837939,
-11.6574443177344));
#3537=CARTESIAN_POINT('Ctrl Pts',(-1.49852243115887,0.143738212861631,-11.7369539768156));
#3538=CARTESIAN_POINT('Ctrl Pts',(-0.690207297606486,1.33736758970375,-11.8164636358968));
#3539=CARTESIAN_POINT('Ctrl Pts',(0.752016098187923,1.30530506784156,-11.8959732949779));
#3540=CARTESIAN_POINT('Ctrl Pts',(1.50330046991973,0.0711248557123021,-11.9754829540591));
#3541=CARTESIAN_POINT('Ctrl Pts',(1.08500776095807,-0.789328316135311,-12.0284893934466));
#3542=CARTESIAN_POINT('Ctrl Pts',(0.740036351041138,-1.03579689087085,-12.0549926131403));
#3543=CARTESIAN_POINT('Ctrl Pts',(0.59274356484627,1.2331922513677,0.0549926131403122));
#3544=CARTESIAN_POINT('Ctrl Pts',(1.00345735767807,1.03577943319223,0.0284893934465847));
#3545=CARTESIAN_POINT('Ctrl Pts',(1.60496195298475,0.201726698128678,-0.0245170459408704));
#3546=CARTESIAN_POINT('Ctrl Pts',(1.03686758800306,-1.2436077991828,-0.104026705022053));
#3547=CARTESIAN_POINT('Ctrl Pts',(-0.484403196255767,-1.54334445552596,
-0.183536364103236));
#3548=CARTESIAN_POINT('Ctrl Pts',(-1.56030562574406,-0.428366032157838,
-0.263046023184418));
#3549=CARTESIAN_POINT('Ctrl Pts',(-1.20427643884566,1.08088603283877,-0.342555682265601));
#3550=CARTESIAN_POINT('Ctrl Pts',(0.257426472677441,1.59737456765061,-0.422065341346783));
#3551=CARTESIAN_POINT('Ctrl Pts',(1.48271954874729,0.647824825445786,-0.501575000427966));
#3552=CARTESIAN_POINT('Ctrl Pts',(1.34698675917974,-0.896556127601637,-0.581084659509148));
#3553=CARTESIAN_POINT('Ctrl Pts',(-0.0252565604171235,-1.6178524403323,
-0.660594318590332));
#3554=CARTESIAN_POINT('Ctrl Pts',(-1.37430040156535,-0.854064646559458,
-0.740103977671512));
#3555=CARTESIAN_POINT('Ctrl Pts',(-1.46179703685258,0.693744063011307,-0.819613636752699));
#3556=CARTESIAN_POINT('Ctrl Pts',(-0.207415912336962,1.60471057185495,-0.899123295833876));
#3557=CARTESIAN_POINT('Ctrl Pts',(1.23736288593318,1.04262050570284,-0.978632954915065));
#3558=CARTESIAN_POINT('Ctrl Pts',(1.54629115461886,-0.476558460928099,-1.05814261399624));
#3559=CARTESIAN_POINT('Ctrl Pts',(0.43578283806752,-1.55827331936821,-1.13765227307743));
#3560=CARTESIAN_POINT('Ctrl Pts',(-1.07475709359168,-1.20955393329248,-1.21716193215861));
#3561=CARTESIAN_POINT('Ctrl Pts',(-1.5987113970845,0.249490054123119,-1.29667159123979));
#3562=CARTESIAN_POINT('Ctrl Pts',(-0.65510985918312,1.47951148890847,-1.37618125032097));
#3563=CARTESIAN_POINT('Ctrl Pts',(0.889857359989487,1.35139824706616,-1.45569090940216));
#3564=CARTESIAN_POINT('Ctrl Pts',(1.61796967253895,-0.0172468299867275,
-1.53520056848334));
#3565=CARTESIAN_POINT('Ctrl Pts',(0.860847860744061,-1.3700599419031,-1.61471022756452));
#3566=CARTESIAN_POINT('Ctrl Pts',(-0.686499267549081,-1.46521058721477,
-1.6942198866457));
#3567=CARTESIAN_POINT('Ctrl Pts',(-1.60366639854437,-0.215354093049191,
-1.77372954572689));
#3568=CARTESIAN_POINT('Ctrl Pts',(-1.04872927321008,1.23218919451919,-1.85323920480807));
#3569=CARTESIAN_POINT('Ctrl Pts',(0.468901105950227,1.54863005787596,-1.93274886388925));
#3570=CARTESIAN_POINT('Ctrl Pts',(1.55609825237976,0.443487915433623,-2.01225852297044));
#3571=CARTESIAN_POINT('Ctrl Pts',(1.21485687806324,-1.06875912516345,-2.09176818205162));
#3572=CARTESIAN_POINT('Ctrl Pts',(-0.241576521310647,-1.59992627539116,
-2.1712778411328));
#3573=CARTESIAN_POINT('Ctrl Pts',(-1.47625193847795,-0.662422460578877,
-2.25078750021399));
#3574=CARTESIAN_POINT('Ctrl Pts',(-1.35578468924891,0.8831597695209,-2.33029715929517));
#3575=CARTESIAN_POINT('Ctrl Pts',(0.00924091135255353,1.61803519978245,
-2.40980681837635));
#3576=CARTESIAN_POINT('Ctrl Pts',(1.3657837097256,0.867616367061536,-2.48931647745753));
#3577=CARTESIAN_POINT('Ctrl Pts',(1.46858943935664,-0.679241018161255,-2.56882613653872));
#3578=CARTESIAN_POINT('Ctrl Pts',(0.22328638297677,-1.60258119710988,-2.6483357956199));
#3579=CARTESIAN_POINT('Ctrl Pts',(-1.22698501011027,-1.05481329490692,-2.72784545470108));
#3580=CARTESIAN_POINT('Ctrl Pts',(-1.55093121788003,0.461232760710897,-2.80735511378226));
#3581=CARTESIAN_POINT('Ctrl Pts',(-0.451182044697889,1.55388482993156,-2.88686477286344));
#3582=CARTESIAN_POINT('Ctrl Pts',(1.06273494302048,1.22013021560473,-2.96637443194463));
#3583=CARTESIAN_POINT('Ctrl Pts',(1.60110200814251,-0.233657145558374,-3.0458840910258));
#3584=CARTESIAN_POINT('Ctrl Pts',(0.669718830863889,-1.47295620767725,-3.125393750107));
#3585=CARTESIAN_POINT('Ctrl Pts',(-0.876440549927541,-1.36013795792604,
-3.20490340918817));
#3586=CARTESIAN_POINT('Ctrl Pts',(-1.6180611167303,0.00123477691966546,
-3.28441306826936));
#3587=CARTESIAN_POINT('Ctrl Pts',(-0.874363629817987,1.36147403390593,-3.36392272735054));
#3588=CARTESIAN_POINT('Ctrl Pts',(0.671966138070754,1.47193233928562,-3.44343238643172));
#3589=CARTESIAN_POINT('Ctrl Pts',(1.60145676061339,0.231213204714251,-3.5229420455129));
#3590=CARTESIAN_POINT('Ctrl Pts',(1.06087149159152,-1.22175078492994,-3.60245170459409));
#3591=CARTESIAN_POINT('Ctrl Pts',(-0.453553123076744,-1.55319440724459,
-3.68196136367527));
#3592=CARTESIAN_POINT('Ctrl Pts',(-1.55163336418633,-0.458865127561866,
-3.76147102275646));
#3593=CARTESIAN_POINT('Ctrl Pts',(-1.22537368096118,1.05668474208546,-3.84098068183764));
#3594=CARTESIAN_POINT('Ctrl Pts',(0.225732049214819,1.60223854157421,-3.92049034091882));
#3595=CARTESIAN_POINT('Ctrl Pts',(1.46962441486822,0.676998804557144,-4.));
#3596=CARTESIAN_POINT('Ctrl Pts',(1.36445792667854,-0.869699872641502,-4.07950965908118));
#3597=CARTESIAN_POINT('Ctrl Pts',(0.00677138774711906,-1.61804741910011,
-4.15901931816237));
#3598=CARTESIAN_POINT('Ctrl Pts',(-1.35713102545846,-0.881089485742856,
-4.23852897724355));
#3599=CARTESIAN_POINT('Ctrl Pts',(-1.4752392022611,0.66467480639827,-4.31803863632473));
#3600=CARTESIAN_POINT('Ctrl Pts',(-0.239134365716928,1.60029311605147,-4.39754829540592));
#3601=CARTESIAN_POINT('Ctrl Pts',(1.21648664792988,1.06690371522311,-4.47705795448709));
#3602=CARTESIAN_POINT('Ctrl Pts',(1.55541957013746,-0.445862381214151,-4.55656761356829));
#3603=CARTESIAN_POINT('Ctrl Pts',(0.466536976145348,-1.54934391018835,-4.63607727264945));
#3604=CARTESIAN_POINT('Ctrl Pts',(-1.0506086706013,-1.23058714579908,-4.71558693173065));
#3605=CARTESIAN_POINT('Ctrl Pts',(-1.60333584779899,0.217801426329709,-4.79509659081183));
#3606=CARTESIAN_POINT('Ctrl Pts',(-0.684262203457405,1.46625664161094,-4.87460624989301));
#3607=CARTESIAN_POINT('Ctrl Pts',(0.862937902710253,1.36874448974766,-4.95411590897419));
#3608=CARTESIAN_POINT('Ctrl Pts',(1.61799410721821,0.0147773866317092,-5.03362556805538));
#3609=CARTESIAN_POINT('Ctrl Pts',(0.887793770173444,-1.35275479071034,-5.11313522713655));
#3610=CARTESIAN_POINT('Ctrl Pts',(-0.657367201658161,-1.47850994732287,
-5.19264488621775));
#3611=CARTESIAN_POINT('Ctrl Pts',(-1.59909029191202,-0.247049672052527,
-5.27215454529892));
#3612=CARTESIAN_POINT('Ctrl Pts',(-1.07290981811694,1.21119272799041,-5.3516642043801));
#3613=CARTESIAN_POINT('Ctrl Pts',(0.438160723414012,1.55760665208064,-5.43117386346129));
#3614=CARTESIAN_POINT('Ctrl Pts',(1.54701652398954,0.474197402620314,-5.51068352254246));
#3615=CARTESIAN_POINT('Ctrl Pts',(1.2357704824786,-1.04450687732688,-5.59019318162366));
#3616=CARTESIAN_POINT('Ctrl Pts',(-0.209865471066548,-1.60439389995181,
-5.66970284070483));
#3617=CARTESIAN_POINT('Ctrl Pts',(-1.46285297035772,-0.691508849736684,
-5.74921249978602));
#3618=CARTESIAN_POINT('Ctrl Pts',(-1.37299754218657,0.856154805685377,-5.82872215886721));
#3619=CARTESIAN_POINT('Ctrl Pts',(-0.022783023725231,1.61790118238986,-5.90823181794838));
#3620=CARTESIAN_POINT('Ctrl Pts',(1.34834543680383,0.894476318970413,-5.98774147702957));
#3621=CARTESIAN_POINT('Ctrl Pts',(1.48174449439408,-0.650043502760674,-6.06725113611074));
#3622=CARTESIAN_POINT('Ctrl Pts',(0.254958929932585,-1.59784831764351,-6.14676079519194));
#3623=CARTESIAN_POINT('Ctrl Pts',(-1.20586915472124,-1.07888965322708,-6.2262704542731));
#3624=CARTESIAN_POINT('Ctrl Pts',(-1.55975559952836,0.430448338234063,-6.3057801133543));
#3625=CARTESIAN_POINT('Ctrl Pts',(-0.48184621943847,1.54465126257075,-6.38528977243547));
#3626=CARTESIAN_POINT('Ctrl Pts',(1.03837951165093,1.24092356409738,-6.46479943151667));
#3627=CARTESIAN_POINT('Ctrl Pts',(1.60541267212862,-0.201924377719384,-6.54430909059784));
#3628=CARTESIAN_POINT('Ctrl Pts',(0.698738565977133,-1.45941348443981,-6.62381874967902));
#3629=CARTESIAN_POINT('Ctrl Pts',(-0.849350747635785,-1.37721697986886,
-6.70332840876022));
#3630=CARTESIAN_POINT('Ctrl Pts',(-1.61776864689007,-0.0307881030276547,
-6.78283806784138));
#3631=CARTESIAN_POINT('Ctrl Pts',(-0.901136968526594,1.34390307169201,-6.86234772692258));
#3632=CARTESIAN_POINT('Ctrl Pts',(0.642703889010125,1.48494276428414,-6.94185738600375));
#3633=CARTESIAN_POINT('Ctrl Pts',(1.59656722365286,0.262861945716696,-7.02136704508495));
#3634=CARTESIAN_POINT('Ctrl Pts',(1.08484307415074,-1.20051605845807,-7.10087670416612));
#3635=CARTESIAN_POINT('Ctrl Pts',(-0.422725414494735,-1.56186635986848,
-7.1803863632473));
#3636=CARTESIAN_POINT('Ctrl Pts',(-1.54224818384007,-0.489483239335715,
-7.25989602232849));
#3637=CARTESIAN_POINT('Ctrl Pts',(-1.24604626449381,1.03222672358817,-7.33940568140966));
#3638=CARTESIAN_POINT('Ctrl Pts',(0.19397834070799,1.60639213938712,-7.41891534049086));
#3639=CARTESIAN_POINT('Ctrl Pts',(1.45593826806531,0.705951175175406,-7.49842499957203));
#3640=CARTESIAN_POINT('Ctrl Pts',(1.38140269949104,-0.842525895143529,-7.57793465865323));
#3641=CARTESIAN_POINT('Ctrl Pts',(0.0387924285526332,-1.61759650396368,
-7.6574443177344));
#3642=CARTESIAN_POINT('Ctrl Pts',(-1.33942780413625,-0.907775555770974,
-7.73695397681558));
#3643=CARTESIAN_POINT('Ctrl Pts',(-1.48810467869058,0.635348540100445,-7.81646363589676));
#3644=CARTESIAN_POINT('Ctrl Pts',(-0.270758525917309,1.59524704130477,-7.89597329497796));
#3645=CARTESIAN_POINT('Ctrl Pts',(1.19513357025947,1.0907699351318,-7.97548295405912));
#3646=CARTESIAN_POINT('Ctrl Pts',(1.56393888142376,-0.414992141274444,-8.05499261314031));
#3647=CARTESIAN_POINT('Ctrl Pts',(0.497108275336807,-1.53980734663145,-8.1345022722215));
#3648=CARTESIAN_POINT('Ctrl Pts',(-1.0260486637758,-1.25113845825011,-8.21401193130268));
#3649=CARTESIAN_POINT('Ctrl Pts',(-1.60733227774722,0.186027554573233,-8.29352159038386));
#3650=CARTESIAN_POINT('Ctrl Pts',(-0.713146500747009,1.45242740631704,-8.37303124946505));
#3651=CARTESIAN_POINT('Ctrl Pts',(0.835680415299752,1.38555459857524,-8.45254090854622));
#3652=CARTESIAN_POINT('Ctrl Pts',(1.61738475782526,0.0467958043322279,-8.53205056762742));
#3653=CARTESIAN_POINT('Ctrl Pts',(0.914391918172637,-1.33491974370338,-8.61156022670857));
#3654=CARTESIAN_POINT('Ctrl Pts',(-0.627977636110808,-1.49123016020105,
-8.69106988578979));
#3655=CARTESIAN_POINT('Ctrl Pts',(-1.59388780292097,-0.278648477204385,
-8.77057954487095));
#3656=CARTESIAN_POINT('Ctrl Pts',(-1.09667009106436,1.18972182190351,-8.85008920395214));
#3657=CARTESIAN_POINT('Ctrl Pts',(0.40724870790498,1.56597311345321,-8.92959886303333));
#3658=CARTESIAN_POINT('Ctrl Pts',(1.53732881070335,0.504721140759838,-9.0091085221145));
#3659=CARTESIAN_POINT('Ctrl Pts',(1.25620002069536,-1.01984548346961,-9.0886181811957));
#3660=CARTESIAN_POINT('Ctrl Pts',(-0.178072213972245,-1.60823306419195,
-9.16812784027686));
#3661=CARTESIAN_POINT('Ctrl Pts',(-1.4488809851505,-0.720324366530197,-9.24763749935807));
#3662=CARTESIAN_POINT('Ctrl Pts',(-1.38967257547163,0.828814475699922,-9.32714715843922));
#3663=CARTESIAN_POINT('Ctrl Pts',(-0.0547980344216015,1.61713341366026,
-9.40665681752043));
#3664=CARTESIAN_POINT('Ctrl Pts',(1.33037900076269,0.920985893742274,-9.4861664766016));
#3665=CARTESIAN_POINT('Ctrl Pts',(1.49431913229599,-0.620591357496248,-9.56567613568278));
#3666=CARTESIAN_POINT('Ctrl Pts',(0.286531606408697,-1.59248954178874,-9.64518579476397));
#3667=CARTESIAN_POINT('Ctrl Pts',(-1.18428094588172,-1.10254339747852,-9.72469545384515));
#3668=CARTESIAN_POINT('Ctrl Pts',(-1.56796900615887,0.399495303932925,-9.80420511292633));
#3669=CARTESIAN_POINT('Ctrl Pts',(-0.51232164921023,1.53481263680166,-9.88371477200752));
#3670=CARTESIAN_POINT('Ctrl Pts',(1.01361733452026,1.26123082778599,-9.96322443108869));
#3671=CARTESIAN_POINT('Ctrl Pts',(1.60909447670604,-0.170112513440811,-10.0427340901699));
#3672=CARTESIAN_POINT('Ctrl Pts',(0.727484596718054,-1.44529909183401,-10.1222437492511));
#3673=CARTESIAN_POINT('Ctrl Pts',(-0.82192824430249,-1.39375652852118,-10.2017534083322));
#3674=CARTESIAN_POINT('Ctrl Pts',(-1.61684247788556,-0.0627989244985821,
-10.2812630674134));
#3675=CARTESIAN_POINT('Ctrl Pts',(-0.927557320541329,1.3258056895118,-10.3607727264946));
#3676=CARTESIAN_POINT('Ctrl Pts',(0.613189884143935,1.49737151359931,-10.4402823855758));
#3677=CARTESIAN_POINT('Ctrl Pts',(1.59105229394393,0.294407731447669,-10.519792044657));
#3678=CARTESIAN_POINT('Ctrl Pts',(1.10838970715664,-1.17881109613465,-10.5993017037382));
#3679=CARTESIAN_POINT('Ctrl Pts',(-0.391732112682899,-1.56992647130497,
-10.6788113628193));
#3680=CARTESIAN_POINT('Ctrl Pts',(-1.53225889887239,-0.51990968936978,-10.7583210219005));
#3681=CARTESIAN_POINT('Ctrl Pts',(-1.26623073291507,1.00736451138123,-10.8378306809817));
#3682=CARTESIAN_POINT('Ctrl Pts',(0.162148603344979,1.60991622460372,-10.9173403400629));
#3683=CARTESIAN_POINT('Ctrl Pts',(1.44168189858304,0.734627527957291,-10.9968499991441));
#3684=CARTESIAN_POINT('Ctrl Pts',(1.3978061972367,-0.815022861865628,-11.0763596582253));
#3685=CARTESIAN_POINT('Ctrl Pts',(0.0707985834619996,-1.61651011153454,
-11.1558693173064));
#3686=CARTESIAN_POINT('Ctrl Pts',(-1.32120050068448,-0.934109543311434,
-11.2353789763876));
#3687=CARTESIAN_POINT('Ctrl Pts',(-1.50038613033277,0.605780054269245,-11.3148886354688));
#3688=CARTESIAN_POINT('Ctrl Pts',(-0.30227874652632,1.58956345325746,-11.39439829455));
#3689=CARTESIAN_POINT('Ctrl Pts',(1.17331636974915,1.11423288222179,-11.4739079536312));
#3690=CARTESIAN_POINT('Ctrl Pts',(1.57183793511257,-0.384004909398668,-11.5534176127123));
#3691=CARTESIAN_POINT('Ctrl Pts',(0.527499366678007,-1.52958109179162,-11.6329272717935));
#3692=CARTESIAN_POINT('Ctrl Pts',(-1.00111430548247,-1.27136403303817,-11.7124369308747));
#3693=CARTESIAN_POINT('Ctrl Pts',(-1.61064675289327,0.154493173407644,-11.7919465899559));
#3694=CARTESIAN_POINT('Ctrl Pts',(-0.741850852278139,1.4374337820991,-11.8714562490371));
#3695=CARTESIAN_POINT('Ctrl Pts',(0.80828438833121,1.40297223807873,-11.9509659081183));
#3696=CARTESIAN_POINT('Ctrl Pts',(1.61578230005316,0.0764466487261217,-12.0304755671995));
#3697=CARTESIAN_POINT('Ctrl Pts',(1.16619157025206,-0.848388427770732,-12.0834820065869));
#3698=CARTESIAN_POINT('Ctrl Pts',(0.795408277542839,-1.11329858282328,-12.1099852262806));
#3699=CARTESIAN_POINT('Ctrl Pts',(0.634007094575202,1.31904027763685,4.16333634234434E-16));
#3700=CARTESIAN_POINT('Ctrl Pts',(1.07331251084367,1.10788467054765,-0.0265032196937271));
#3701=CARTESIAN_POINT('Ctrl Pts',(1.71669053038055,0.215769795513478,-0.0795096590811822));
#3702=CARTESIAN_POINT('Ctrl Pts',(1.10904857668005,-1.3301808983037,-0.159019318162365));
#3703=CARTESIAN_POINT('Ctrl Pts',(-0.518124668533031,-1.65078356342938,
-0.238528977243547));
#3704=CARTESIAN_POINT('Ctrl Pts',(-1.66892547654042,-0.458186506897855,
-0.31803863632473));
#3705=CARTESIAN_POINT('Ctrl Pts',(-1.28811150612141,1.15613134226899,-0.397548295405913));
#3706=CARTESIAN_POINT('Ctrl Pts',(0.275347080404487,1.7085749532298,-0.477057954487095));
#3707=CARTESIAN_POINT('Ctrl Pts',(1.58593828583348,0.692922807995546,-0.556567613568278));
#3708=CARTESIAN_POINT('Ctrl Pts',(1.44075652991745,-0.958969408181985,-0.63607727264946));
#3709=CARTESIAN_POINT('Ctrl Pts',(-0.0270147825108458,-1.73047838218624,
-0.715586931730643));
#3710=CARTESIAN_POINT('Ctrl Pts',(-1.4699715970699,-0.913519905163358,-0.795096590811825));
#3711=CARTESIAN_POINT('Ctrl Pts',(-1.5635592643404,0.742038688994739,-0.874606249893009));
#3712=CARTESIAN_POINT('Ctrl Pts',(-0.221855061359502,1.71642164948637,-0.95411590897419));
#3713=CARTESIAN_POINT('Ctrl Pts',(1.32350124872152,1.11520198070243,-1.03362556805537));
#3714=CARTESIAN_POINT('Ctrl Pts',(1.65393539542093,-0.509733826105081,-1.11313522713656));
#3715=CARTESIAN_POINT('Ctrl Pts',(0.466119629827745,-1.66675169223122,-1.19264488621774));
#3716=CARTESIAN_POINT('Ctrl Pts',(-1.14957574015818,-1.29375639055256,-1.27215454529892));
#3717=CARTESIAN_POINT('Ctrl Pts',(-1.71000484533759,0.266858172270556,-1.3516642043801));
#3718=CARTESIAN_POINT('Ctrl Pts',(-0.700714985503009,1.58250689860592,-1.43117386346129));
#3719=CARTESIAN_POINT('Ctrl Pts',(0.951804309405895,1.44547512119958,-1.51068352254247));
#3720=CARTESIAN_POINT('Ctrl Pts',(1.73060377545095,-0.0184474589333659,
-1.59019318162365));
#3721=CARTESIAN_POINT('Ctrl Pts',(0.920775329215369,-1.4654359400513,-1.66970284070483));
#3722=CARTESIAN_POINT('Ctrl Pts',(-0.734289550928618,-1.56721044720541,
-1.74921249978602));
#3723=CARTESIAN_POINT('Ctrl Pts',(-1.71530478660309,-0.230345854323033,
-1.8287221588672));
#3724=CARTESIAN_POINT('Ctrl Pts',(-1.12173600682839,1.31796739351642,-1.90823181794839));
#3725=CARTESIAN_POINT('Ctrl Pts',(0.501543408410859,1.65643712019109,-1.98774147702956));
#3726=CARTESIAN_POINT('Ctrl Pts',(1.66442520910491,0.47436109207901,-2.06725113611075));
#3727=CARTESIAN_POINT('Ctrl Pts',(1.29942849701849,-1.14316022633051,-2.14676079519193));
#3728=CARTESIAN_POINT('Ctrl Pts',(-0.258393743057288,-1.71130429675495,
-2.22627045427312));
#3729=CARTESIAN_POINT('Ctrl Pts',(-1.57902043629635,-0.708536649776856,
-2.30578011335429));
#3730=CARTESIAN_POINT('Ctrl Pts',(-1.45016692323463,0.944640469719599,-2.38528977243548));
#3731=CARTESIAN_POINT('Ctrl Pts',(0.00988421250828845,1.73067386433884,
-2.46479943151666));
#3732=CARTESIAN_POINT('Ctrl Pts',(1.46086202023272,0.928015021519863,-2.54430909059784));
#3733=CARTESIAN_POINT('Ctrl Pts',(1.57082451635186,-0.726526022348985,-2.62381874967903));
#3734=CARTESIAN_POINT('Ctrl Pts',(0.238830346418052,-1.71414403944477,-2.70332840876021));
#3735=CARTESIAN_POINT('Ctrl Pts',(-1.31240092256267,-1.12824356447745,-2.78283806784139));
#3736=CARTESIAN_POINT('Ctrl Pts',(-1.65889847423162,0.493341235373947,-2.86234772692258));
#3737=CARTESIAN_POINT('Ctrl Pts',(-0.482590844082117,1.66205770042378,-2.94185738600375));
#3738=CARTESIAN_POINT('Ctrl Pts',(1.1367166739342,1.30506893516354,-3.02136704508494));
#3739=CARTESIAN_POINT('Ctrl Pts',(1.71256187751987,-0.249923064151058,-3.10087670416612));
#3740=CARTESIAN_POINT('Ctrl Pts',(0.716340953019768,-1.57549527493927,-3.1803863632473));
#3741=CARTESIAN_POINT('Ctrl Pts',(-0.937453495208448,-1.45482324240801,
-3.25989602232849));
#3742=CARTESIAN_POINT('Ctrl Pts',(-1.7307015854813,0.00132073526178284,
-3.33940568140967));
#3743=CARTESIAN_POINT('Ctrl Pts',(-0.935231991404072,1.45625232861051,-3.41891534049085));
#3744=CARTESIAN_POINT('Ctrl Pts',(0.718744705329109,1.57440013049114,-3.49842499957204));
#3745=CARTESIAN_POINT('Ctrl Pts',(1.71294132589636,0.247308989657813,-3.57793465865322));
#3746=CARTESIAN_POINT('Ctrl Pts',(1.13472349931971,-1.30680231956512,-3.6574443177344));
#3747=CARTESIAN_POINT('Ctrl Pts',(-0.485126983828116,-1.66131921432667,
-3.73695397681558));
#3748=CARTESIAN_POINT('Ctrl Pts',(-1.65964950008163,-0.490808780695624,
-3.81646363589677));
#3749=CARTESIAN_POINT('Ctrl Pts',(-1.31067742158719,1.13024529146141,-3.89597329497795));
#3750=CARTESIAN_POINT('Ctrl Pts',(0.241446266417607,1.71377753012523,-3.97548295405913));
#3751=CARTESIAN_POINT('Ctrl Pts',(1.57193154113622,0.724127718230862,-4.05499261314031));
#3752=CARTESIAN_POINT('Ctrl Pts',(1.45944394350012,-0.930243569238693,-4.13450227222149));
#3753=CARTESIAN_POINT('Ctrl Pts',(0.00724277432333763,-1.73068693429783,
-4.21401193130269));
#3754=CARTESIAN_POINT('Ctrl Pts',(-1.45160698392725,-0.94242606423144,-4.29352159038385));
#3755=CARTESIAN_POINT('Ctrl Pts',(-1.57793719898346,0.71094579145907,-4.37303124946505));
#3756=CARTESIAN_POINT('Ctrl Pts',(-0.255781578093711,1.71169667483378,-4.45254090854622));
#3757=CARTESIAN_POINT('Ctrl Pts',(1.30117172245232,1.1411756530086,-4.53205056762741));
#3758=CARTESIAN_POINT('Ctrl Pts',(1.66369928075729,-0.476900855038857,-4.6115602267086));
#3759=CARTESIAN_POINT('Ctrl Pts',(0.499014700960142,-1.65720066695461,-4.69106988578977));
#3760=CARTESIAN_POINT('Ctrl Pts',(-1.12374623747488,-1.31625381902207,-4.77057954487096));
#3761=CARTESIAN_POINT('Ctrl Pts',(-1.71495122474242,0.232963557415336,-4.85008920395213));
#3762=CARTESIAN_POINT('Ctrl Pts',(-0.731896754803514,1.56832932212505,-4.92959886303333));
#3763=CARTESIAN_POINT('Ctrl Pts',(0.923010868347493,1.46402891338988,-5.0091085221145));
#3764=CARTESIAN_POINT('Ctrl Pts',(1.73062991113748,0.0158061065854216,-5.08861818119569));
#3765=CARTESIAN_POINT('Ctrl Pts',(0.949597063876361,-1.446926099912,-5.16812784027687));
#3766=CARTESIAN_POINT('Ctrl Pts',(-0.703129471680411,-1.58143563523261,
-5.24763749935805));
#3767=CARTESIAN_POINT('Ctrl Pts',(-1.71041011672811,-0.264247904292979,
-5.32714715843925));
#3768=CARTESIAN_POINT('Ctrl Pts',(-1.14759986757839,1.29550926907653,-5.40665681752041));
#3769=CARTESIAN_POINT('Ctrl Pts',(0.468663050404831,1.66603861525308,-5.48616647660161));
#3770=CARTESIAN_POINT('Ctrl Pts',(1.65471126099667,0.507208403972098,-5.56567613568278));
#3771=CARTESIAN_POINT('Ctrl Pts',(1.32179799094276,-1.11721967108926,-5.64518579476397));
#3772=CARTESIAN_POINT('Ctrl Pts',(-0.224475144824335,-1.7160829326362,-5.72469545384515));
#3773=CARTESIAN_POINT('Ctrl Pts',(-1.56468870609795,-0.739647872530336,
-5.80420511292633));
#3774=CARTESIAN_POINT('Ctrl Pts',(-1.46857803982463,0.915755569611221,-5.88371477200752));
#3775=CARTESIAN_POINT('Ctrl Pts',(-0.0243690518705451,1.73053051739635,
-5.96322443108869));
#3776=CARTESIAN_POINT('Ctrl Pts',(1.44220979116565,0.956744814773028,-6.04273409016988));
#3777=CARTESIAN_POINT('Ctrl Pts',(1.58489535358723,-0.695295937358121,-6.12224374925106));
#3778=CARTESIAN_POINT('Ctrl Pts',(0.272707760976675,-1.70908168307786,-6.20175340833224));
#3779=CARTESIAN_POINT('Ctrl Pts',(-1.28981509807019,-1.15399598574664,-6.28126306741343));
#3780=CARTESIAN_POINT('Ctrl Pts',(-1.66833716054065,0.460413771610127,-6.3607727264946));
#3781=CARTESIAN_POINT('Ctrl Pts',(-0.515389689127132,1.65218134315534,-6.44028238557579));
#3782=CARTESIAN_POINT('Ctrl Pts',(1.11066575209292,1.32730980161265,-6.51979204465697));
#3783=CARTESIAN_POINT('Ctrl Pts',(1.71717262609921,-0.215981236464335,-6.59930170373815));
#3784=CARTESIAN_POINT('Ctrl Pts',(0.747380881642633,-1.56100978218722,-6.67881136281934));
#3785=CARTESIAN_POINT('Ctrl Pts',(-0.908477850659584,-1.47309121142925,
-6.75832102190052));
#3786=CARTESIAN_POINT('Ctrl Pts',(-1.73038875550785,-0.0329314005342361,
-6.8378306809817));
#3787=CARTESIAN_POINT('Ctrl Pts',(-0.963869141924844,1.43745817315642,-6.91734034006289));
#3788=CARTESIAN_POINT('Ctrl Pts',(0.687445380278692,1.58831626934393,-6.99684999914406));
#3789=CARTESIAN_POINT('Ctrl Pts',(1.70771140640669,0.281160941024214,-7.07635965822526));
#3790=CARTESIAN_POINT('Ctrl Pts',(1.16036385091877,-1.28408934884224,-7.15586931730643));
#3791=CARTESIAN_POINT('Ctrl Pts',(-0.452153220619805,-1.67059486034535,
-7.23537897638762));
#3792=CARTESIAN_POINT('Ctrl Pts',(-1.64961097536995,-0.523558356124841,
-7.3148886354688));
#3793=CARTESIAN_POINT('Ctrl Pts',(-1.33278911608748,1.10408464094375,-7.39439829454998));
#3794=CARTESIAN_POINT('Ctrl Pts',(0.207482040289529,1.71822027845281,-7.47390795363118));
#3795=CARTESIAN_POINT('Ctrl Pts',(1.55729264046307,0.755095592815058,-7.55341761271234));
#3796=CARTESIAN_POINT('Ctrl Pts',(1.47756831770885,-0.901177889671155,-7.63292727179354));
#3797=CARTESIAN_POINT('Ctrl Pts',(0.0414929429466647,-1.7302046289427,-7.7124369308747));
#3798=CARTESIAN_POINT('Ctrl Pts',(-1.432671362217,-0.970969870908691,-7.7919465899559));
#3799=CARTESIAN_POINT('Ctrl Pts',(-1.59169829874925,0.679577992645353,-7.87145624903708));
#3800=CARTESIAN_POINT('Ctrl Pts',(-0.289607237478513,1.70629932026277,-7.95096590811826));
#3801=CARTESIAN_POINT('Ctrl Pts',(1.27833216157481,1.16670330719195,-8.03047556719944));
#3802=CARTESIAN_POINT('Ctrl Pts',(1.67281165939242,-0.443881599674878,-8.10998522628062));
#3803=CARTESIAN_POINT('Ctrl Pts',(0.531714204973807,-1.64700022057017,-8.18949488536181));
#3804=CARTESIAN_POINT('Ctrl Pts',(-1.09747649876549,-1.33823580021855,-8.26900454444299));
#3805=CARTESIAN_POINT('Ctrl Pts',(-1.71922586404755,0.198977764383651,-8.34851420352418));
#3806=CARTESIAN_POINT('Ctrl Pts',(-0.762791817170285,1.55353737193129,-8.42802386260536));
#3807=CARTESIAN_POINT('Ctrl Pts',(0.89385586536904,1.48200924905161,-8.50753352168653));
#3808=CARTESIAN_POINT('Ctrl Pts',(1.72997814220885,0.0500534694976879,-8.58704318076772));
#3809=CARTESIAN_POINT('Ctrl Pts',(0.978046827879153,-1.42784947554167,-8.6665528398489));
#3810=CARTESIAN_POINT('Ctrl Pts',(-0.671693967073394,-1.59504135900182,
-8.74606249893008));
#3811=CARTESIAN_POINT('Ctrl Pts',(-1.70484545921786,-0.29804644355097,-8.82557215801128));
#3812=CARTESIAN_POINT('Ctrl Pts',(-1.1730141993588,1.27254367721965,-8.90508181709244));
#3813=CARTESIAN_POINT('Ctrl Pts',(0.435599111287368,1.67498750340857,-8.98459147617365));
#3814=CARTESIAN_POINT('Ctrl Pts',(1.64434914267447,0.539857035996361,-9.06410113525481));
#3815=CARTESIAN_POINT('Ctrl Pts',(1.34364972065607,-1.09084148734352,-9.14361079433601));
#3816=CARTESIAN_POINT('Ctrl Pts',(-0.190468616954784,-1.72018935826414,
-9.22312045341717));
#3817=CARTESIAN_POINT('Ctrl Pts',(-1.54974406853116,-0.770469366283166,
-9.30263011249837));
#3818=CARTESIAN_POINT('Ctrl Pts',(-1.48641389673139,0.886511957015779,-9.38213977157955));
#3819=CARTESIAN_POINT('Ctrl Pts',(-0.0586127706018723,1.72970930085276,
-9.46164943066073));
#3820=CARTESIAN_POINT('Ctrl Pts',(1.42299263118304,0.98509983957012,-9.54115908974191));
#3821=CARTESIAN_POINT('Ctrl Pts',(1.5983453682552,-0.663793496580131,-9.62066874882309));
#3822=CARTESIAN_POINT('Ctrl Pts',(0.306478352624976,-1.70334985887653,-9.70017840790429));
#3823=CARTESIAN_POINT('Ctrl Pts',(-1.26672403749161,-1.17929637289225,-9.77968806698545));
#3824=CARTESIAN_POINT('Ctrl Pts',(-1.67712233912918,0.427305958199042,-9.85919772606664));
#3825=CARTESIAN_POINT('Ctrl Pts',(-0.547986649822159,1.64165780665758,-9.93870738514784));
#3826=CARTESIAN_POINT('Ctrl Pts',(1.08417976909951,1.34903074472121,-10.018217044229));
#3827=CARTESIAN_POINT('Ctrl Pts',(1.72111073755475,-0.18195480608122,-10.0977267033102));
#3828=CARTESIAN_POINT('Ctrl Pts',(0.778128052108071,-1.54591282360612,-10.1772363623914));
#3829=CARTESIAN_POINT('Ctrl Pts',(-0.879146344262158,-1.49078215201223,
-10.2567460214726));
#3830=CARTESIAN_POINT('Ctrl Pts',(-1.72939811173799,-0.0671706384094076,
-10.3362556805537));
#3831=CARTESIAN_POINT('Ctrl Pts',(-0.992128732769765,1.41810095128853,-10.4157653396349));
#3832=CARTESIAN_POINT('Ctrl Pts',(0.655876773575482,1.60161023946837,-10.4952749987161));
#3833=CARTESIAN_POINT('Ctrl Pts',(1.70181255778325,0.314902769942379,-10.5747846577973));
#3834=CARTESIAN_POINT('Ctrl Pts',(1.18554967032614,-1.26087340704774,-10.6542943168785));
#3835=CARTESIAN_POINT('Ctrl Pts',(-0.419002336496567,-1.67921607217601,
-10.7338039759596));
#3836=CARTESIAN_POINT('Ctrl Pts',(-1.63892629161319,-0.556102927383644,
-10.8133136350408));
#3837=CARTESIAN_POINT('Ctrl Pts',(-1.35437871560109,1.07749165898515,-10.892823294122));
#3838=CARTESIAN_POINT('Ctrl Pts',(0.17343649259666,1.72198969099765,-10.9723329532032));
#3839=CARTESIAN_POINT('Ctrl Pts',(1.54204382136034,0.785768234727201,-11.0518426122844));
#3840=CARTESIAN_POINT('Ctrl Pts',(1.49511373627327,-0.871760247279629,-11.1313522713656));
#3841=CARTESIAN_POINT('Ctrl Pts',(0.0757271894000609,-1.72904260787926,
-11.2108619304467));
#3842=CARTESIAN_POINT('Ctrl Pts',(-1.41317517467695,-0.999137085062147,
-11.2903715895279));
#3843=CARTESIAN_POINT('Ctrl Pts',(-1.60483471715111,0.647951112313573,-11.3698812486091));
#3844=CARTESIAN_POINT('Ctrl Pts',(-0.323321721572276,1.70022007223994,-11.4493909076903));
#3845=CARTESIAN_POINT('Ctrl Pts',(1.2549961681914,1.19179961493264,-11.5289005667715));
#3846=CARTESIAN_POINT('Ctrl Pts',(1.68126060152548,-0.410737208043085,-11.6084102258526));
#3847=CARTESIAN_POINT('Ctrl Pts',(0.564220956063044,-1.63606207040895,-11.6879198849339));
#3848=CARTESIAN_POINT('Ctrl Pts',(-1.07080634830887,-1.35986936769696,-11.767429544015));
#3849=CARTESIAN_POINT('Ctrl Pts',(-1.72277107462766,0.165248133953656,-11.8469392030962));
#3850=CARTESIAN_POINT('Ctrl Pts',(-0.793494406949792,1.53749997449446,-11.9264488621774));
#3851=CARTESIAN_POINT('Ctrl Pts',(0.864552678474496,1.50063940831589,-12.0059585212586));
#3852=CARTESIAN_POINT('Ctrl Pts',(1.72826413018658,0.0817684417399414,-12.0854681803398));
#3853=CARTESIAN_POINT('Ctrl Pts',(1.24737537954605,-0.907448539406153,-12.1384746197272));
#3854=CARTESIAN_POINT('Ctrl Pts',(0.85078020404454,-1.19080027477572,-12.1649778394209));
#3855=CARTESIAN_POINT('',(0.634007094575252,1.31904027763683,-12.));
#3856=CARTESIAN_POINT('Ctrl Pts',(0.635548338694748,1.32096854258819,-12.));
#3857=CARTESIAN_POINT('Ctrl Pts',(0.666876671857432,1.30230301101132,-12.));
#3858=CARTESIAN_POINT('Ctrl Pts',(0.697386320857429,1.28242907404915,-12.));
#3859=CARTESIAN_POINT('Ctrl Pts',(0.727000260109452,1.26134627726864,-12.));
#3860=CARTESIAN_POINT('Ctrl Pts',(0.774046994208853,1.22785270095772,-12.));
#3861=CARTESIAN_POINT('Ctrl Pts',(0.818835339425119,1.19130976632616,-12.));
#3862=CARTESIAN_POINT('Ctrl Pts',(0.861231331489595,1.1520440579785,-12.));
#3863=CARTESIAN_POINT('Ctrl Pts',(0.898327824546012,1.11768656317431,-12.));
#3864=CARTESIAN_POINT('Ctrl Pts',(0.933592289598827,1.08124329172078,-12.));
#3865=CARTESIAN_POINT('Ctrl Pts',(0.966907130835194,1.04291554209672,-12.));
#3866=CARTESIAN_POINT('Ctrl Pts',(0.982564001625265,1.02490277057305,-12.));
#3867=CARTESIAN_POINT('Ctrl Pts',(0.997789865175555,1.00647360373797,-12.));
#3868=CARTESIAN_POINT('Ctrl Pts',(1.01257030145559,0.987648290733408,-12.));
#3869=CARTESIAN_POINT('Ctrl Pts',(1.02192662885658,0.975731471191708,-12.));
#3870=CARTESIAN_POINT('Ctrl Pts',(1.03110443746671,0.963655903439804,-12.));
#3871=CARTESIAN_POINT('Ctrl Pts',(1.04009975641224,0.951426689483252,-12.));
#3872=CARTESIAN_POINT('Ctrl Pts',(1.04575503083562,0.943738294961023,-12.));
#3873=CARTESIAN_POINT('Ctrl Pts',(1.05133581890555,0.935992280845394,-12.));
#3874=CARTESIAN_POINT('Ctrl Pts',(1.05683681330841,0.928196635026095,-12.));
#3875=CARTESIAN_POINT('Ctrl Pts',(1.08963417144056,0.881718385989106,-12.));
#3876=CARTESIAN_POINT('Ctrl Pts',(1.1196499235228,0.833408879122868,-12.));
#3877=CARTESIAN_POINT('Ctrl Pts',(1.1467478489953,0.78357070472171,-12.));
#3878=CARTESIAN_POINT('Ctrl Pts',(1.17365049456753,0.734091686734086,-12.));
#3879=CARTESIAN_POINT('Ctrl Pts',(1.19767753890802,0.683104824096358,-12.));
#3880=CARTESIAN_POINT('Ctrl Pts',(1.21864672989818,0.630892530961133,-12.));
#3881=CARTESIAN_POINT('Ctrl Pts',(1.23675101131362,0.585813727076485,-12.));
#3882=CARTESIAN_POINT('Ctrl Pts',(1.25257528576267,0.539820853678416,-12.));
#3883=CARTESIAN_POINT('Ctrl Pts',(1.26596976314087,0.493096864778834,-12.));
#3884=CARTESIAN_POINT('Ctrl Pts',(1.2689316046774,0.482765065547855,-12.));
#3885=CARTESIAN_POINT('Ctrl Pts',(1.27177496450484,0.472395819383541,-12.));
#3886=CARTESIAN_POINT('Ctrl Pts',(1.27449660257664,0.461996552405126,-12.));
#3887=CARTESIAN_POINT('Ctrl Pts',(1.2882754458208,0.409348159867393,-12.));
#3888=CARTESIAN_POINT('Ctrl Pts',(1.29888267265595,0.356148583352026,-12.));
#3889=CARTESIAN_POINT('Ctrl Pts',(1.30616778128701,0.30266021799871,-12.));
#3890=CARTESIAN_POINT('Ctrl Pts',(1.31322443355702,0.250849213674067,-12.));
#3891=CARTESIAN_POINT('Ctrl Pts',(1.31716406971302,0.198766368500126,-12.));
#3892=CARTESIAN_POINT('Ctrl Pts',(1.31780178907599,0.146653983668558,-12.));
#3893=CARTESIAN_POINT('Ctrl Pts',(1.31813995121933,0.119020455862215,-12.));
#3894=CARTESIAN_POINT('Ctrl Pts',(1.31754884514858,0.0913787660719921,-12.));
#3895=CARTESIAN_POINT('Ctrl Pts',(1.31599512030979,0.0637667307755325,-12.));
#3896=CARTESIAN_POINT('Ctrl Pts',(1.31449109682458,0.0370379635423343,-12.));
#3897=CARTESIAN_POINT('Ctrl Pts',(1.31208493819614,0.0103369609086419,-12.));
#3898=CARTESIAN_POINT('Ctrl Pts',(1.30879254744523,-0.0162998094861661,
-12.));
#3899=CARTESIAN_POINT('Ctrl Pts',(1.30752858895043,-0.0265257440005037,
-12.));
#3900=CARTESIAN_POINT('Ctrl Pts',(1.30613374781782,-0.0367438061525187,
-12.));
#3901=CARTESIAN_POINT('Ctrl Pts',(1.30460959144418,-0.0469468069860346,
-12.));
#3902=CARTESIAN_POINT('Ctrl Pts',(1.29682449289913,-0.099061779122704,-12.));
#3903=CARTESIAN_POINT('Ctrl Pts',(1.28570439303219,-0.150561713870337,-12.));
#3904=CARTESIAN_POINT('Ctrl Pts',(1.2714439307558,-0.201193778888083,-12.));
#3905=CARTESIAN_POINT('Ctrl Pts',(1.2570902680619,-0.252156753907703,-12.));
#3906=CARTESIAN_POINT('Ctrl Pts',(1.23955432951071,-0.30224148030693,-12.));
#3907=CARTESIAN_POINT('Ctrl Pts',(1.21898745994081,-0.351166112553203,-12.));
#3908=CARTESIAN_POINT('Ctrl Pts',(1.20571773774615,-0.382732232821388,-12.));
#3909=CARTESIAN_POINT('Ctrl Pts',(1.19118537055791,-0.413814897988547,-12.));
#3910=CARTESIAN_POINT('Ctrl Pts',(1.17542284822543,-0.44433021316034,-12.));
#3911=CARTESIAN_POINT('Ctrl Pts',(1.16471807733087,-0.465054019337997,-12.));
#3912=CARTESIAN_POINT('Ctrl Pts',(1.15344581318835,-0.485516015647873,-12.));
#3913=CARTESIAN_POINT('Ctrl Pts',(1.14161490521946,-0.505687785407665,-12.));
#3914=CARTESIAN_POINT('Ctrl Pts',(1.136196839097,-0.514925620969658,-12.));
#3915=CARTESIAN_POINT('Ctrl Pts',(1.13066578900978,-0.524095353762938,-12.));
#3916=CARTESIAN_POINT('Ctrl Pts',(1.12502515005095,-0.533191262159162,-12.));
#3917=CARTESIAN_POINT('Ctrl Pts',(1.09777588843591,-0.577132522949664,-12.));
#3918=CARTESIAN_POINT('Ctrl Pts',(1.06795658998333,-0.619379990654897,-12.));
#3919=CARTESIAN_POINT('Ctrl Pts',(1.03570097811416,-0.659655136074554,-12.));
#3920=CARTESIAN_POINT('Ctrl Pts',(1.01077612524681,-0.690776916615191,-12.));
#3921=CARTESIAN_POINT('Ctrl Pts',(0.984395665155395,-0.720720431991753,
-12.));
#3922=CARTESIAN_POINT('Ctrl Pts',(0.956610002269568,-0.749338259584787,
-12.));
#3923=CARTESIAN_POINT('Ctrl Pts',(0.945335010895709,-0.760950930499851,
-12.));
#3924=CARTESIAN_POINT('Ctrl Pts',(0.933824303742982,-0.772348853273298,
-12.));
#3925=CARTESIAN_POINT('Ctrl Pts',(0.922104737472368,-0.783499432510078,
-12.));
#3926=CARTESIAN_POINT('Ctrl Pts',(0.886341672523861,-0.817526194273295,
-12.));
#3927=CARTESIAN_POINT('Ctrl Pts',(0.848603110815332,-0.849289341428874,
-12.));
#3928=CARTESIAN_POINT('Ctrl Pts',(0.808996907141575,-0.878519895278359,
-12.));
#3929=CARTESIAN_POINT('Ctrl Pts',(0.769390703467818,-0.907750449127844,
-12.));
#3930=CARTESIAN_POINT('Ctrl Pts',(0.727916211796593,-0.934449105063061,
-12.));
#3931=CARTESIAN_POINT('Ctrl Pts',(0.684664424539437,-0.958295198918414,
-12.));
#3932=CARTESIAN_POINT('Ctrl Pts',(1.46339347638966,-0.00136484557708511,
-11.5893449541571));
#3933=CARTESIAN_POINT('Ctrl Pts',(1.46446664491968,-0.118226938455676,-11.5957000447223));
#3934=CARTESIAN_POINT('Ctrl Pts',(1.45164958040398,-0.234855127158038,-11.6020551352875));
#3935=CARTESIAN_POINT('Ctrl Pts',(1.4240432550594,-0.347868547941442,-11.6084102258527));
#3936=CARTESIAN_POINT('Ctrl Pts',(1.30891405303801,-0.819178828831702,-11.6349134455464));
#3937=CARTESIAN_POINT('Ctrl Pts',(0.936567504550531,-1.22762044962032,-11.6614166652401));
#3938=CARTESIAN_POINT('Ctrl Pts',(0.477889679578145,-1.38580914289597,-11.6879198849338));
#3939=CARTESIAN_POINT('Ctrl Pts',(0.0192118546057465,-1.54399783617162,
-11.7144231046276));
#3940=CARTESIAN_POINT('Ctrl Pts',(-0.525797246851567,-1.45193360193429,
-11.7409263243213));
#3941=CARTESIAN_POINT('Ctrl Pts',(-0.906962585300022,-1.15171523454051,
-11.767429544015));
#3942=CARTESIAN_POINT('Ctrl Pts',(-1.28812792374847,-0.851496867146742,
-11.7939327637088));
#3943=CARTESIAN_POINT('Ctrl Pts',(-1.50544949918806,-0.343124366596543,
-11.8204359834025));
#3944=CARTESIAN_POINT('Ctrl Pts',(-1.45923084229488,0.139770523768688,-11.8469392030962));
#3945=CARTESIAN_POINT('Ctrl Pts',(-1.41301218540171,0.622665414133919,-11.8734424227899));
#3946=CARTESIAN_POINT('Ctrl Pts',(-1.10325329617575,1.08008269431418,-11.8999456424837));
#3947=CARTESIAN_POINT('Ctrl Pts',(-0.672032670658733,1.30264790670789,-11.9264488621774));
#3948=CARTESIAN_POINT('Ctrl Pts',(-0.273128084399975,1.50853389339755,-11.9509659081183));
#3949=CARTESIAN_POINT('Ctrl Pts',(0.229715492149876,1.51344887852822,-11.9754829540591));
#3950=CARTESIAN_POINT('Ctrl Pts',(0.635548338694673,1.32096854258823,-12.));
#3951=CARTESIAN_POINT('',(0.684664424539469,-0.958295198918391,0.));
#3952=CARTESIAN_POINT('Ctrl Pts',(0.686152437005741,-0.959611324374797,
1.43114686768087E-16));
#3953=CARTESIAN_POINT('Ctrl Pts',(0.712208267169493,-0.945440524992485,
1.36150066418029E-16));
#3954=CARTESIAN_POINT('Ctrl Pts',(0.737641198432676,-0.930249632510406,
1.19235639023548E-16));
#3955=CARTESIAN_POINT('Ctrl Pts',(0.762383796177876,-0.91405215861541,1.54390389361936E-16));
#3956=CARTESIAN_POINT('Ctrl Pts',(0.802728137227505,-0.887641172279551,
2.08242944399107E-16));
#3957=CARTESIAN_POINT('Ctrl Pts',(0.841238451295595,-0.858556768094986,
3.16595975655126E-17));
#3958=CARTESIAN_POINT('Ctrl Pts',(0.87784274992118,-0.827096858452713,-1.21430643318376E-17));
#3959=CARTESIAN_POINT('Ctrl Pts',(0.892141920860982,-0.814807301143419,
-2.92542172184225E-17));
#3960=CARTESIAN_POINT('Ctrl Pts',(0.906150038640882,-0.802154708113771,
1.03969109351644E-16));
#3961=CARTESIAN_POINT('Ctrl Pts',(0.919861961438393,-0.789154933744107,
8.32667268468867E-17));
#3962=CARTESIAN_POINT('Ctrl Pts',(0.927959544154139,-0.781477910630799,
7.10409247313951E-17));
#3963=CARTESIAN_POINT('Ctrl Pts',(0.93595558626691,-0.773678005439837,-1.40090971396452E-17));
#3964=CARTESIAN_POINT('Ctrl Pts',(0.943843080991907,-0.765764233052061,
-3.12250225675825E-17));
#3965=CARTESIAN_POINT('Ctrl Pts',(0.979461544271729,-0.730027104720863,
-1.0896894875238E-16));
#3966=CARTESIAN_POINT('Ctrl Pts',(1.01280264319178,-0.692039914481523,1.37666532074146E-16));
#3967=CARTESIAN_POINT('Ctrl Pts',(1.0437887579039,-0.652130240970509,-1.38777878078145E-17));
#3968=CARTESIAN_POINT('Ctrl Pts',(1.06621189815006,-0.623249556359678,-1.23543022374713E-16));
#3969=CARTESIAN_POINT('Ctrl Pts',(1.08740146966933,-0.593360910994783,6.20172360195211E-17));
#3970=CARTESIAN_POINT('Ctrl Pts',(1.10731970444323,-0.56257377320259,4.16333634234434E-17));
#3971=CARTESIAN_POINT('Ctrl Pts',(1.11584690297842,-0.54939348693403,3.2906820608986E-17));
#3972=CARTESIAN_POINT('Ctrl Pts',(1.12414099255718,-0.536048390956426,-7.24458137569596E-17));
#3973=CARTESIAN_POINT('Ctrl Pts',(1.13219852193138,-0.52254651631236,-8.32667268468867E-17));
#3974=CARTESIAN_POINT('Ctrl Pts',(1.13876616650564,-0.511541218083795,-9.20867891567064E-17));
#3975=CARTESIAN_POINT('Ctrl Pts',(1.14517761583839,-0.500429677202317,-2.42039532721914E-16));
#3976=CARTESIAN_POINT('Ctrl Pts',(1.15141996078195,-0.489236589783624,-2.35922392732846E-16));
#3977=CARTESIAN_POINT('Ctrl Pts',(1.17700849967961,-0.443354031964726,-2.10847092350041E-16));
#3978=CARTESIAN_POINT('Ctrl Pts',(1.19980122536132,-0.396034463575681,9.73211076820723E-17));
#3979=CARTESIAN_POINT('Ctrl Pts',(1.21971257252857,-0.347607158627916,7.63278329429795E-17));
#3980=CARTESIAN_POINT('Ctrl Pts',(1.23999590857503,-0.298275122385988,5.4942356477115E-17));
#3981=CARTESIAN_POINT('Ctrl Pts',(1.25728997696591,-0.247792683604906,9.55772361260579E-17));
#3982=CARTESIAN_POINT('Ctrl Pts',(1.27146825185192,-0.196469015830654,1.11022302462516E-16));
#3983=CARTESIAN_POINT('Ctrl Pts',(1.27958179844893,-0.167098942717819,1.19860773039669E-16));
#3984=CARTESIAN_POINT('Ctrl Pts',(1.28667428732793,-0.137452750546582,1.63414182699369E-16));
#3985=CARTESIAN_POINT('Ctrl Pts',(1.29271531148972,-0.107584600921203,1.80411241501588E-16));
#3986=CARTESIAN_POINT('Ctrl Pts',(1.29649121197654,-0.0889157200012904,
1.91035135875605E-16));
#3987=CARTESIAN_POINT('Ctrl Pts',(1.29985622554202,-0.0701600782460739,
-6.43561948611361E-17));
#3988=CARTESIAN_POINT('Ctrl Pts',(1.30280181343233,-0.0513305748047835,
-8.32667268468867E-17));
#3989=CARTESIAN_POINT('Ctrl Pts',(1.30428216245435,-0.041867527683988,-9.27704960683339E-17));
#3990=CARTESIAN_POINT('Ctrl Pts',(1.30565627829408,-0.0323870200040955,
-1.3280210063423E-16));
#3991=CARTESIAN_POINT('Ctrl Pts',(1.30692167908876,-0.0229032880146201,
-1.2490009027033E-16));
#3992=CARTESIAN_POINT('Ctrl Pts',(1.31416984577339,0.0314191610790645,-7.96376813149647E-17));
#3993=CARTESIAN_POINT('Ctrl Pts',(1.31787227607945,0.0859542591845322,1.61409082555827E-16));
#3994=CARTESIAN_POINT('Ctrl Pts',(1.31791279422409,0.140372870410445,1.38777878078145E-16));
#3995=CARTESIAN_POINT('Ctrl Pts',(1.31791868377538,0.148282936500704,1.35488299033625E-16));
#3996=CARTESIAN_POINT('Ctrl Pts',(1.31784712638373,0.156190587986674,1.22055048934529E-16));
#3997=CARTESIAN_POINT('Ctrl Pts',(1.31769768409029,0.164094857041597,1.2490009027033E-16));
#3998=CARTESIAN_POINT('Ctrl Pts',(1.31670591622156,0.216551225948254,1.42601031783919E-16));
#3999=CARTESIAN_POINT('Ctrl Pts',(1.31228817625346,0.26885792517972,-1.2584538879019E-16));
#4000=CARTESIAN_POINT('Ctrl Pts',(1.30464733259482,0.320797021311355,-1.94289029309402E-16));
#4001=CARTESIAN_POINT('Ctrl Pts',(1.30059380206119,0.348351139870052,-2.30598944689438E-16));
#4002=CARTESIAN_POINT('Ctrl Pts',(1.29563227881879,0.375801956878023,5.07108422684522E-17));
#4003=CARTESIAN_POINT('Ctrl Pts',(1.28978731057966,0.40311729178703,4.16333634234434E-17));
#4004=CARTESIAN_POINT('Ctrl Pts',(1.28628101041471,0.419503311244917,3.61879333938146E-17));
#4005=CARTESIAN_POINT('Ctrl Pts',(1.28245671897674,0.435840575870124,1.34441641304097E-16));
#4006=CARTESIAN_POINT('Ctrl Pts',(1.27831908669379,0.452122078105366,1.52655665885959E-16));
#4007=CARTESIAN_POINT('Ctrl Pts',(1.27546553693617,0.463350740678554,1.65217107279665E-16));
#4008=CARTESIAN_POINT('Ctrl Pts',(1.27246241200319,0.474554233995297,8.48207195966236E-17));
#4009=CARTESIAN_POINT('Ctrl Pts',(1.26931724917464,0.485710043252989,8.32667268468867E-17));
#4010=CARTESIAN_POINT('Ctrl Pts',(1.25443429200047,0.538499498195696,7.59132100962338E-17));
#4011=CARTESIAN_POINT('Ctrl Pts',(1.2363501119048,0.590324267281889,-1.10625962030898E-16));
#4012=CARTESIAN_POINT('Ctrl Pts',(1.21530381016699,0.640948232432736,-9.71445146547012E-17));
#4013=CARTESIAN_POINT('Ctrl Pts',(1.19380201667637,0.692667819936022,-8.33712968680955E-17));
#4014=CARTESIAN_POINT('Ctrl Pts',(1.16920827984986,0.743135022586185,1.46125075029079E-18));
#4015=CARTESIAN_POINT('Ctrl Pts',(1.14172265801355,0.792098297026729,2.77555756156289E-17));
#4016=CARTESIAN_POINT('Ctrl Pts',(1.12633399771535,0.819511873548313,4.24772521173635E-17));
#4017=CARTESIAN_POINT('Ctrl Pts',(1.11003786973985,0.846453942979206,1.5362916087604E-16));
#4018=CARTESIAN_POINT('Ctrl Pts',(1.09286254742502,0.872878620873607,1.94289029309402E-16));
#4019=CARTESIAN_POINT('Ctrl Pts',(1.0810952599301,0.890982897232678,2.22146227712453E-16));
#4020=CARTESIAN_POINT('Ctrl Pts',(1.06891517860699,0.908844280249756,4.00031369824875E-17));
#4021=CARTESIAN_POINT('Ctrl Pts',(1.05633017674144,0.926447413046094,2.77555756156289E-17));
#4022=CARTESIAN_POINT('Ctrl Pts',(1.04773522227341,0.938469510976283,1.93910768720303E-17));
#4023=CARTESIAN_POINT('Ctrl Pts',(1.03894752475873,0.950375941361915,3.25118592149301E-17));
#4024=CARTESIAN_POINT('Ctrl Pts',(1.0299906504142,0.962134474632077,2.77555756156289E-17));
#4025=CARTESIAN_POINT('Ctrl Pts',(0.994697370038627,1.00846729069562,9.01412138071402E-18));
#4026=CARTESIAN_POINT('Ctrl Pts',(0.956736369062887,1.05257259180384,1.44560714245942E-16));
#4027=CARTESIAN_POINT('Ctrl Pts',(0.916330773557652,1.09419006546134,1.66533453693773E-16));
#4028=CARTESIAN_POINT('Ctrl Pts',(0.874311694443111,1.13746941566755,1.89383612580852E-16));
#4029=CARTESIAN_POINT('Ctrl Pts',(0.829648663075202,1.17805964350545,4.63723812708351E-17));
#4030=CARTESIAN_POINT('Ctrl Pts',(0.782537568027602,1.21564594129762,0.));
#4031=CARTESIAN_POINT('Ctrl Pts',(0.738324852915429,1.25091984598456,-4.35194486591527E-17));
#4032=CARTESIAN_POINT('Ctrl Pts',(0.691955121057643,1.28354877896854,7.56859976680917E-18));
#4033=CARTESIAN_POINT('Ctrl Pts',(0.643552467046767,1.31323919857611,0.));
#4034=CARTESIAN_POINT('Ctrl Pts',(0.640379414207768,1.31518556437262,-4.96162193336054E-19));
#4035=CARTESIAN_POINT('Ctrl Pts',(0.6371976133117,1.31711928712407,7.0289644055941E-19));
#4036=CARTESIAN_POINT('Ctrl Pts',(0.634007094575209,1.31904027763685,0.));
#4037=CARTESIAN_POINT('Ctrl Pts',(0.686152437005739,-0.959611324374799,
5.42101086242752E-19));
#4038=CARTESIAN_POINT('Ctrl Pts',(0.390954168772849,-1.16821336819056,-0.0245170459408706));
#4039=CARTESIAN_POINT('Ctrl Pts',(-0.440094633111606,-1.30449163439847,
-0.0755373115754689));
#4040=CARTESIAN_POINT('Ctrl Pts',(-1.34306592415133,-0.3687250826778,-0.153060796903795));
#4041=CARTESIAN_POINT('Ctrl Pts',(-1.03660630429416,0.930395413978335,-0.232570455984977));
#4042=CARTESIAN_POINT('Ctrl Pts',(0.221585257223349,1.37497379649224,-0.312080115066159));
#4043=CARTESIAN_POINT('Ctrl Pts',(1.06964710656834,0.717762125140751,-0.376012334649887));
#4044=CARTESIAN_POINT('Ctrl Pts',(1.17672002829361,0.162802774779732,-0.413441334539885));
#4045=CARTESIAN_POINT('Ctrl Pts',(1.17604421341422,0.000555125251987063,
-0.424367114736157));
#4046=CARTESIAN_POINT('Origin',(0.,0.,0.924367114736161));
#4047=CARTESIAN_POINT('',(-0.684664424539459,-0.958295198918398,0.));
#4048=CARTESIAN_POINT('Origin',(0.,0.,0.));
#4049=CARTESIAN_POINT('Ctrl Pts',(-0.684664424539452,-0.958295198918403,
2.77555756156289E-16));
#4050=CARTESIAN_POINT('Ctrl Pts',(-1.00382395166409,-0.730268204499872,
-0.0265032196937273));
#4051=CARTESIAN_POINT('Ctrl Pts',(-1.39081890514722,0.0658026037295143,
-0.0795096590811822));
#4052=CARTESIAN_POINT('Ctrl Pts',(-0.695747625625199,1.20763816228552,-0.159019318162365));
#4053=CARTESIAN_POINT('Ctrl Pts',(0.638563644882856,1.23730118366331,-0.238528977243547));
#4054=CARTESIAN_POINT('Ctrl Pts',(1.1609294001928,0.46593020479748,-0.294066832944039));
#4055=CARTESIAN_POINT('Ctrl Pts',(1.17948472044464,0.0380582987016679,-0.323101468950803));
#4056=CARTESIAN_POINT('Ctrl Pts',(1.1792375903878,0.000730602025469564,
-0.325632885263839));
#4057=CARTESIAN_POINT('Ctrl Pts',(-0.850780204044573,-1.1908002747757,0.164977839420936));
#4058=CARTESIAN_POINT('Ctrl Pts',(-1.24737537954608,-0.907448539406116,
0.138474619727208));
#4059=CARTESIAN_POINT('Ctrl Pts',(-1.72826445993034,0.081767871414271,0.0854681803397533));
#4060=CARTESIAN_POINT('Ctrl Pts',(-0.864552451795769,1.50063973721492,0.00595852125857043));
#4061=CARTESIAN_POINT('Ctrl Pts',(0.793494285108105,1.53749970901401,-0.0735511378226119));
#4062=CARTESIAN_POINT('Ctrl Pts',(1.72277108672796,0.165248276342076,-0.153060796903795));
#4063=CARTESIAN_POINT('Ctrl Pts',(1.07080629983163,-1.35986942768745,-0.232570455984977));
#4064=CARTESIAN_POINT('Ctrl Pts',(-0.564220931746021,-1.63606197877753,
-0.31208011506616));
#4065=CARTESIAN_POINT('Ctrl Pts',(-1.6812605692951,-0.410737231589655,-0.391589774147342));
#4066=CARTESIAN_POINT('Ctrl Pts',(-1.2549961374771,1.19179960746927,-0.471099433228525));
#4067=CARTESIAN_POINT('Ctrl Pts',(0.323321713151281,1.7002200228701,-0.550609092309708));
#4068=CARTESIAN_POINT('Ctrl Pts',(1.60483468166103,0.64795110424478,-0.630118751390889));
#4069=CARTESIAN_POINT('Ctrl Pts',(1.41317514274318,-0.999137066346385,-0.709628410472074));
#4070=CARTESIAN_POINT('Ctrl Pts',(-0.0757271876089619,-1.72904256697607,
-0.789138069553255));
#4071=CARTESIAN_POINT('Ctrl Pts',(-1.49511370275988,-0.87176022890977,-0.868647728634438));
#4072=CARTESIAN_POINT('Ctrl Pts',(-1.54204378674817,0.785768217766322,-0.948157387715621));
#4073=CARTESIAN_POINT('Ctrl Pts',(-0.173436488706936,1.72198965198293,-1.0276670467968));
#4074=CARTESIAN_POINT('Ctrl Pts',(1.35437868520995,1.07749163501775,-1.10717670587799));
#4075=CARTESIAN_POINT('Ctrl Pts',(1.63892625483971,-0.556102915022455,-1.18668636495917));
#4076=CARTESIAN_POINT('Ctrl Pts',(0.419002327093352,-1.67921603443208,-1.26619602404035));
#4077=CARTESIAN_POINT('Ctrl Pts',(-1.1855496437232,-1.26087337879152,-1.34570568312153));
#4078=CARTESIAN_POINT('Ctrl Pts',(-1.70181251959784,0.314902762896319,-1.42521534220271));
#4079=CARTESIAN_POINT('Ctrl Pts',(-0.655876758858103,1.60161020351974,-1.5047250012839));
#4080=CARTESIAN_POINT('Ctrl Pts',(0.992128710507653,1.41810091947446,-1.58423466036508));
#4081=CARTESIAN_POINT('Ctrl Pts',(1.72939807293309,-0.0671706369055432,
-1.66374431944626));
#4082=CARTESIAN_POINT('Ctrl Pts',(0.879146324535294,-1.49078211855956,-1.74325397852745));
#4083=CARTESIAN_POINT('Ctrl Pts',(-0.778128034648044,-1.54591278891914,
-1.82276363760863));
#4084=CARTESIAN_POINT('Ctrl Pts',(-1.72111069893567,-0.181954801997835,
-1.90227329668981));
#4085=CARTESIAN_POINT('Ctrl Pts',(-1.08417974477209,1.34903071445074,-1.98178295577099));
#4086=CARTESIAN_POINT('Ctrl Pts',(0.547986637526221,1.6416577698214,-2.06129261485218));
#4087=CARTESIAN_POINT('Ctrl Pts',(1.67712230149711,0.427305948610789,-2.14080227393336));
#4088=CARTESIAN_POINT('Ctrl Pts',(1.26672400906819,-1.17929634643061,-2.22031193301454));
#4089=CARTESIAN_POINT('Ctrl Pts',(-0.306478345748129,-1.70334982065596,
-2.29982159209573));
#4090=CARTESIAN_POINT('Ctrl Pts',(-1.59834533239077,-0.663793481685531,
-2.37933125117691));
#4091=CARTESIAN_POINT('Ctrl Pts',(-1.4229925992532,0.985099817466007,-2.45884091025809));
#4092=CARTESIAN_POINT('Ctrl Pts',(0.0586127692867469,1.72970926204071,-2.53835056933927));
#4093=CARTESIAN_POINT('Ctrl Pts',(1.48641386337854,0.886511937123741,-2.61786022842046));
#4094=CARTESIAN_POINT('Ctrl Pts',(1.54974403375723,-0.77046934899504,-2.69736988750164));
#4095=CARTESIAN_POINT('Ctrl Pts',(0.190468612680904,-1.72018931966571,-2.77687954658282));
#4096=CARTESIAN_POINT('Ctrl Pts',(-1.34364969050663,-1.09084146286664,-2.856389205664));
#4097=CARTESIAN_POINT('Ctrl Pts',(-1.64434910577775,0.539857023882827,-2.93589886474518));
#4098=CARTESIAN_POINT('Ctrl Pts',(-0.435599101513143,1.6749874658244,-3.01540852382637));
#4099=CARTESIAN_POINT('Ctrl Pts',(1.17301417303819,1.27254364866566,-3.09491818290754));
#4100=CARTESIAN_POINT('Ctrl Pts',(1.70484542096369,-0.298046436863322,-3.17442784198873));
#4101=CARTESIAN_POINT('Ctrl Pts',(0.671693952001543,-1.59504132321152,-3.25393750106992));
#4102=CARTESIAN_POINT('Ctrl Pts',(-0.978046805933312,-1.42784944350286,
-3.3334471601511));
#4103=CARTESIAN_POINT('Ctrl Pts',(-1.72997810339075,0.0500534683746187,
-3.41295681923228));
#4104=CARTESIAN_POINT('Ctrl Pts',(-0.893855845312223,1.48200921579759,-3.49246647831346));
#4105=CARTESIAN_POINT('Ctrl Pts',(0.762791800054441,1.55353733707224,-3.57197613739464));
#4106=CARTESIAN_POINT('Ctrl Pts',(1.71922582547072,0.198977759918836,-3.65148579647583));
#4107=CARTESIAN_POINT('Ctrl Pts',(1.09747647413974,-1.33823577019059,-3.73099545555701));
#4108=CARTESIAN_POINT('Ctrl Pts',(-0.531714193042989,-1.64700018361396,
-3.8105051146382));
#4109=CARTESIAN_POINT('Ctrl Pts',(-1.67281162185706,-0.443881589714801,
-3.89001477371938));
#4110=CARTESIAN_POINT('Ctrl Pts',(-1.27833213289094,1.16670328101292,-3.96952443280056));
#4111=CARTESIAN_POINT('Ctrl Pts',(0.289607230980214,1.70629928197599,-4.04903409188174));
#4112=CARTESIAN_POINT('Ctrl Pts',(1.59169826303396,0.679577977396606,-4.12854375096292));
#4113=CARTESIAN_POINT('Ctrl Pts',(1.43267133006999,-0.970969849121628,-4.20805341004411));
#4114=CARTESIAN_POINT('Ctrl Pts',(-0.04149294201567,-1.73020459011953,-4.28756306912529));
#4115=CARTESIAN_POINT('Ctrl Pts',(-1.47756828455449,-0.901177869450035,
-4.36707272820647));
#4116=CARTESIAN_POINT('Ctrl Pts',(-1.55729260551974,0.755095575871909,-4.44658238728765));
#4117=CARTESIAN_POINT('Ctrl Pts',(-0.207482035633895,1.71822023989854,-4.52609204636884));
#4118=CARTESIAN_POINT('Ctrl Pts',(1.33278908618174,1.10408461616972,-4.60560170545002));
#4119=CARTESIAN_POINT('Ctrl Pts',(1.64961093835516,-0.523558344377036,-4.6851113645312));
#4120=CARTESIAN_POINT('Ctrl Pts',(0.452153210474121,-1.67059482285973,-4.76462102361239));
#4121=CARTESIAN_POINT('Ctrl Pts',(-1.160363824882,-1.28408932002918,-4.84413068269357));
#4122=CARTESIAN_POINT('Ctrl Pts',(-1.70771136808822,0.281160934715435,-4.92364034177475));
#4123=CARTESIAN_POINT('Ctrl Pts',(-0.687445364853419,1.58831623370453,-5.00315000085594));
#4124=CARTESIAN_POINT('Ctrl Pts',(0.963869120297111,1.43745814090201,-5.08265965993711));
#4125=CARTESIAN_POINT('Ctrl Pts',(1.73038871668054,-0.032931399795344,-5.1621693190183));
#4126=CARTESIAN_POINT('Ctrl Pts',(0.908477830274683,-1.47309117837533,-5.24167897809948));
#4127=CARTESIAN_POINT('Ctrl Pts',(-0.747380864872569,-1.56100974716051,
-5.32118863718066));
#4128=CARTESIAN_POINT('Ctrl Pts',(-1.71717258756846,-0.21598123161799,-5.40069829626185));
#4129=CARTESIAN_POINT('Ctrl Pts',(-1.11066572717122,1.32730977182985,-5.48020795534302));
#4130=CARTESIAN_POINT('Ctrl Pts',(0.515389677562602,1.65218130608287,-5.55971761442422));
#4131=CARTESIAN_POINT('Ctrl Pts',(1.66833712310571,0.460413761279098,-5.63922727350539));
#4132=CARTESIAN_POINT('Ctrl Pts',(1.28981506912865,-1.15399595985274,-5.71873693258658));
#4133=CARTESIAN_POINT('Ctrl Pts',(-0.272707754857564,-1.70908164472863,
-5.79824659166776));
#4134=CARTESIAN_POINT('Ctrl Pts',(-1.5848953180246,-0.6952959217567,-5.87775625074894));
#4135=CARTESIAN_POINT('Ctrl Pts',(-1.44220975880462,0.95674479330515,-5.95726590983013));
#4136=CARTESIAN_POINT('Ctrl Pts',(0.0243690513237737,1.73053047856586,-6.0367755689113));
#4137=CARTESIAN_POINT('Ctrl Pts',(1.46857800687198,0.915755549063021,-6.11628522799249));
#4138=CARTESIAN_POINT('Ctrl Pts',(1.56468867098869,-0.739647855933789,-6.19579488707367));
#4139=CARTESIAN_POINT('Ctrl Pts',(0.224475139787424,-1.71608289412989,-6.27530454615486));
#4140=CARTESIAN_POINT('Ctrl Pts',(-1.32179796128363,-1.11721964602053,-6.35481420523604));
#4141=CARTESIAN_POINT('Ctrl Pts',(-1.65471122386745,0.507208392591154,-6.43432386431722));
#4142=CARTESIAN_POINT('Ctrl Pts',(-0.468663039888692,1.6660385778697,-6.51383352339841));
#4143=CARTESIAN_POINT('Ctrl Pts',(1.14759984182801,1.29550924000723,-6.59334318247958));
#4144=CARTESIAN_POINT('Ctrl Pts',(1.7104100783491,-0.264247898363693,-6.67285284156076));
#4145=CARTESIAN_POINT('Ctrl Pts',(0.703129455903211,-1.5814355997476,-6.75236250064196));
#4146=CARTESIAN_POINT('Ctrl Pts',(-0.949597042568866,-1.44692606744514,
-6.83187215972312));
#4147=CARTESIAN_POINT('Ctrl Pts',(-1.73062987230477,0.0158061062307933,
-6.91138181880432));
#4148=CARTESIAN_POINT('Ctrl Pts',(-0.923010847636485,1.4640288805393,-6.9908914778855));
#4149=CARTESIAN_POINT('Ctrl Pts',(0.731896738380887,1.56832928693409,-7.07040113696667));
#4150=CARTESIAN_POINT('Ctrl Pts',(1.71495118626151,0.232963552187952,-7.14991079604787));
#4151=CARTESIAN_POINT('Ctrl Pts',(1.12374621225968,-1.31625378948735,-7.22942045512904));
#4152=CARTESIAN_POINT('Ctrl Pts',(-0.49901468976304,-1.65720062976952,-7.30893011421023));
#4153=CARTESIAN_POINT('Ctrl Pts',(-1.66369924342641,-0.476900844337889,
-7.38843977329141));
#4154=CARTESIAN_POINT('Ctrl Pts',(-1.30117169325597,1.14117562740236,-7.4679494323726));
#4155=CARTESIAN_POINT('Ctrl Pts',(0.25578157235439,1.71169663642589,-7.54745909145376));
#4156=CARTESIAN_POINT('Ctrl Pts',(1.57793716357695,0.710945775506492,-7.62696875053497));
#4157=CARTESIAN_POINT('Ctrl Pts',(1.45160695135537,-0.94242604308485,-7.70647840961613));
#4158=CARTESIAN_POINT('Ctrl Pts',(-0.00724277416085086,-1.73068689546384,
-7.78598806869733));
#4159=CARTESIAN_POINT('Ctrl Pts',(-1.45944391075242,-0.930243548365412,
-7.8654977277785));
#4160=CARTESIAN_POINT('Ctrl Pts',(-1.57193150586444,0.724127701982555,-7.9450073868597));
#4161=CARTESIAN_POINT('Ctrl Pts',(-0.241446260999891,1.71377749167066,-8.02451704594085));
#4162=CARTESIAN_POINT('Ctrl Pts',(1.31067739217759,1.13024526610039,-8.10402670502208));
#4163=CARTESIAN_POINT('Ctrl Pts',(1.6596494628416,-0.490808769682644,-8.18353636410322));
#4164=CARTESIAN_POINT('Ctrl Pts',(0.485126972942577,-1.66131917704918,-8.26304602318442));
#4165=CARTESIAN_POINT('Ctrl Pts',(-1.13472347385825,-1.30680229024243,-8.3425556822656));
#4166=CARTESIAN_POINT('Ctrl Pts',(-1.71294128746054,0.247308984108603,-8.42206534134678));
#4167=CARTESIAN_POINT('Ctrl Pts',(-0.718744689201538,1.57440009516399,-8.50157500042797));
#4168=CARTESIAN_POINT('Ctrl Pts',(0.935231970418904,1.45625229593439,-8.58108465950915));
#4169=CARTESIAN_POINT('Ctrl Pts',(1.73070154664697,0.00132073523212185,
-8.66059431859033));
#4170=CARTESIAN_POINT('Ctrl Pts',(0.937453474173389,-1.45482320976399,-8.74010397767151));
#4171=CARTESIAN_POINT('Ctrl Pts',(-0.716340936946182,-1.57549523958754,
-8.8196136367527));
#4172=CARTESIAN_POINT('Ctrl Pts',(-1.71256183909257,-0.249923058543137,
-8.89912329583388));
#4173=CARTESIAN_POINT('Ctrl Pts',(-1.13671664842798,1.30506890587979,-8.97863295491507));
#4174=CARTESIAN_POINT('Ctrl Pts',(0.482590833253537,1.66205766312972,-9.05814261399624));
#4175=CARTESIAN_POINT('Ctrl Pts',(1.65889843700845,0.493341224304087,-9.13765227307743));
#4176=CARTESIAN_POINT('Ctrl Pts',(1.31240089311436,-1.1282435391614,-9.21716193215861));
#4177=CARTESIAN_POINT('Ctrl Pts',(-0.238830341059104,-1.71414400098197,
-9.2966715912398));
#4178=CARTESIAN_POINT('Ctrl Pts',(-1.57082448110494,-0.726526006046792,
-9.37618125032097));
#4179=CARTESIAN_POINT('Ctrl Pts',(-1.46086198745317,0.928015000696616,-9.45569090940215));
#4180=CARTESIAN_POINT('Ctrl Pts',(-0.0098842122864692,1.73067382550516,
-9.53520056848335));
#4181=CARTESIAN_POINT('Ctrl Pts',(1.45016689069508,0.94464044852322,-9.61471022756452));
#4182=CARTESIAN_POINT('Ctrl Pts',(1.57902040086552,-0.708536633878305,-9.6942198866457));
#4183=CARTESIAN_POINT('Ctrl Pts',(0.258393737259256,-1.71130425835604,-9.77372954572689));
#4184=CARTESIAN_POINT('Ctrl Pts',(-1.29942846786123,-1.14316020067941,-9.85323920480807));
#4185=CARTESIAN_POINT('Ctrl Pts',(-1.66442517175783,0.474361081434564,-9.93274886388925));
#4186=CARTESIAN_POINT('Ctrl Pts',(-0.501543397156727,1.65643708302413,-10.0122585229704));
#4187=CARTESIAN_POINT('Ctrl Pts',(1.12173598165795,1.31796736394144,-10.0917681820516));
#4188=CARTESIAN_POINT('Ctrl Pts',(1.71530474811497,-0.23034584915123,-10.1712778411328));
#4189=CARTESIAN_POINT('Ctrl Pts',(0.734289534450936,-1.56721041204547,-10.250787500214));
#4190=CARTESIAN_POINT('Ctrl Pts',(-0.920775308552287,-1.46543590715842,
-10.3302971592952));
#4191=CARTESIAN_POINT('Ctrl Pts',(-1.73060373662289,-0.0184474585388141,
-10.4098068183763));
#4192=CARTESIAN_POINT('Ctrl Pts',(-0.951804288041652,1.44547508880053,-10.4893164774575));
#4193=CARTESIAN_POINT('Ctrl Pts',(0.700714969767581,1.58250686303317,-10.5688261365387));
#4194=CARTESIAN_POINT('Ctrl Pts',(1.71000480698925,0.266858166397484,-10.6483357956199));
#4195=CARTESIAN_POINT('Ctrl Pts',(1.14957571432646,-1.29375636172931,-10.7278454547011));
#4196=CARTESIAN_POINT('Ctrl Pts',(-0.46611961930628,-1.66675165446118,-10.8073551137823));
#4197=CARTESIAN_POINT('Ctrl Pts',(-1.65393535841325,-0.509733815329856,
-10.8868647728634));
#4198=CARTESIAN_POINT('Ctrl Pts',(-1.32350121885405,1.11520195685849,-10.9663744319446));
#4199=CARTESIAN_POINT('Ctrl Pts',(0.221855056110934,1.7164216088818,-11.0458840910258));
#4200=CARTESIAN_POINT('Ctrl Pts',(1.56355922967058,0.742038676031393,-11.125393750107));
#4201=CARTESIAN_POINT('Ctrl Pts',(1.4699715634888,-0.913519891129005,-11.2049034091882));
#4202=CARTESIAN_POINT('Ctrl Pts',(0.0270147826794073,-1.73047833210366,
-11.2844130682694));
#4203=CARTESIAN_POINT('Ctrl Pts',(-1.44075649837838,-0.958969406095317,
-11.3639227273505));
#4204=CARTESIAN_POINT('Ctrl Pts',(-1.58593825004306,0.69292282566729,-11.4434323864317));
#4205=CARTESIAN_POINT('Ctrl Pts',(-0.275347072158564,1.70857485878597,-11.5229420455129));
#4206=CARTESIAN_POINT('Ctrl Pts',(1.28811146864809,1.15613140968291,-11.6024517045941));
#4207=CARTESIAN_POINT('Ctrl Pts',(1.66892546404764,-0.458186649252477,-11.6819613636753));
#4208=CARTESIAN_POINT('Ctrl Pts',(0.518124594014746,-1.65078328098949,-11.7614710227565));
#4209=CARTESIAN_POINT('Ctrl Pts',(-1.10904840975112,-1.33018126119829,-11.8409806818376));
#4210=CARTESIAN_POINT('Ctrl Pts',(-1.71669075745341,0.215770413931095,-11.9204903409188));
#4211=CARTESIAN_POINT('Ctrl Pts',(-1.07331251084365,1.10788467054767,-11.9734967803063));
#4212=CARTESIAN_POINT('Ctrl Pts',(-0.634007094575177,1.31904027763687,-12.));
#4213=CARTESIAN_POINT('Ctrl Pts',(-0.795408277542866,-1.11329858282327,
0.109985226280624));
#4214=CARTESIAN_POINT('Ctrl Pts',(-1.16619157025208,-0.848388427770702,
0.0834820065868965));
#4215=CARTESIAN_POINT('Ctrl Pts',(-1.61578260833597,0.0764461155193518,
0.0304755671994414));
#4216=CARTESIAN_POINT('Ctrl Pts',(-0.808284176405579,1.40297254557178,-0.0490340918817414));
#4217=CARTESIAN_POINT('Ctrl Pts',(0.741850738366356,1.43743353389711,-0.128543750962924));
#4218=CARTESIAN_POINT('Ctrl Pts',(1.61064676420603,0.154493306528905,-0.208053410044107));
#4219=CARTESIAN_POINT('Ctrl Pts',(1.00111426016033,-1.27136408912426,-0.287563069125289));
#4220=CARTESIAN_POINT('Ctrl Pts',(-0.527499343943621,-1.52958100612391,
-0.367072728206472));
#4221=CARTESIAN_POINT('Ctrl Pts',(-1.57183790497986,-0.384004931412743,
-0.446582387287654));
#4222=CARTESIAN_POINT('Ctrl Pts',(-1.17331634103385,1.11423287524415,-0.526092046368837));
#4223=CARTESIAN_POINT('Ctrl Pts',(0.30227873865339,1.58956340710079,-0.605601705450019));
#4224=CARTESIAN_POINT('Ctrl Pts',(1.50038609715251,0.605780046725605,-0.685111364531202));
#4225=CARTESIAN_POINT('Ctrl Pts',(1.32120047082908,-0.934109525813759,-0.764621023612384));
#4226=CARTESIAN_POINT('Ctrl Pts',(-0.070798581787468,-1.61651007329348,
-0.844130682693568));
#4227=CARTESIAN_POINT('Ctrl Pts',(-1.39780616590447,-0.815022844691353,
-0.92364034177475));
#4228=CARTESIAN_POINT('Ctrl Pts',(-1.44168186622357,0.734627512100284,-1.00315000085593));
#4229=CARTESIAN_POINT('Ctrl Pts',(-0.162148599708418,1.60991618812822,-1.08265965993711));
#4230=CARTESIAN_POINT('Ctrl Pts',(1.26623070450189,1.00736448897372,-1.1621693190183));
#4231=CARTESIAN_POINT('Ctrl Pts',(1.53225886449227,-0.519909677813098,-1.24167897809948));
#4232=CARTESIAN_POINT('Ctrl Pts',(0.391732103891688,-1.56992643601756,-1.32118863718066));
#4233=CARTESIAN_POINT('Ctrl Pts',(-1.10838968228512,-1.17881106971746,-1.40069829626185));
#4234=CARTESIAN_POINT('Ctrl Pts',(-1.59105225824376,0.294407724860186,-1.48020795534303));
#4235=CARTESIAN_POINT('Ctrl Pts',(-0.613189870384425,1.49737147999036,-1.55971761442421));
#4236=CARTESIAN_POINT('Ctrl Pts',(0.927557299728114,1.32580565976832,-1.63922727350539));
#4237=CARTESIAN_POINT('Ctrl Pts',(1.61684244160621,-0.0627989230925885,
-1.71873693258658));
#4238=CARTESIAN_POINT('Ctrl Pts',(0.82192822585953,-1.39375649724573,-1.79824659166776));
#4239=CARTESIAN_POINT('Ctrl Pts',(-0.727484580394387,-1.44529905940458,
-1.87775625074894));
#4240=CARTESIAN_POINT('Ctrl Pts',(-1.60909444060043,-0.170112509623194,
-1.95726590983013));
#4241=CARTESIAN_POINT('Ctrl Pts',(-1.01361731177617,1.26123079948563,-2.0367755689113));
#4242=CARTESIAN_POINT('Ctrl Pts',(0.512321637714554,1.53481260236292,-2.11628522799249));
#4243=CARTESIAN_POINT('Ctrl Pts',(1.56796897097603,0.399495294968717,-2.19579488707367));
#4244=CARTESIAN_POINT('Ctrl Pts',(1.1842809193082,-1.10254337273911,-2.27530454615485));
#4245=CARTESIAN_POINT('Ctrl Pts',(-0.286531599979412,-1.5924895060557,-2.35481420523604));
#4246=CARTESIAN_POINT('Ctrl Pts',(-1.49431909876575,-0.620591343571049,
-2.43432386431722));
#4247=CARTESIAN_POINT('Ctrl Pts',(-1.33037897091096,0.920985873076774,-2.5138335233984));
#4248=CARTESIAN_POINT('Ctrl Pts',(0.0547980331920625,1.61713337737424,-2.59334318247958));
#4249=CARTESIAN_POINT('Ctrl Pts',(1.3896725442895,0.828814457102536,-2.67285284156077));
#4250=CARTESIAN_POINT('Ctrl Pts',(1.44888095263978,-0.720324350367243,-2.75236250064194));
#4251=CARTESIAN_POINT('Ctrl Pts',(0.17807220997653,-1.60823302810564,-2.83187215972313));
#4252=CARTESIAN_POINT('Ctrl Pts',(-1.25619999250816,-1.01984546058578,-2.91138181880431));
#4253=CARTESIAN_POINT('Ctrl Pts',(-1.53732877620799,0.504721129434693,-2.9908914778855));
#4254=CARTESIAN_POINT('Ctrl Pts',(-0.407248698766903,1.56597307831516,-3.07040113696668));
#4255=CARTESIAN_POINT('Ctrl Pts',(1.09667006645678,1.18972179520792,-3.14991079604787));
#4256=CARTESIAN_POINT('Ctrl Pts',(1.59388776715652,-0.278648470951988,-3.22942045512904));
#4257=CARTESIAN_POINT('Ctrl Pts',(0.627977622019894,-1.49123012674012,-3.30893011421023));
#4258=CARTESIAN_POINT('Ctrl Pts',(-0.914391897655107,-1.33491971374977,
-3.38843977329141));
#4259=CARTESIAN_POINT('Ctrl Pts',(-1.61738472153358,0.0467958032822471,
-3.4679494323726));
#4260=CARTESIAN_POINT('Ctrl Pts',(-0.835680396548309,1.38555456748551,-3.54745909145377));
#4261=CARTESIAN_POINT('Ctrl Pts',(0.71314648474512,1.45242737372674,-3.62696875053496));
#4262=CARTESIAN_POINT('Ctrl Pts',(1.60733224168112,0.186027550399009,-3.70647840961614));
#4263=CARTESIAN_POINT('Ctrl Pts',(1.02604864075278,-1.25113843017648,-3.78598806869732));
#4264=CARTESIAN_POINT('Ctrl Pts',(-0.497108264182484,-1.5398073120805,-3.86549772777851));
#4265=CARTESIAN_POINT('Ctrl Pts',(-1.56393884633135,-0.414992131962611,
-3.94500738685968));
#4266=CARTESIAN_POINT('Ctrl Pts',(-1.19513354344245,1.09076991065659,-4.02451704594088));
#4267=CARTESIAN_POINT('Ctrl Pts',(0.270758519841936,1.59524700550983,-4.10402670502205));
#4268=CARTESIAN_POINT('Ctrl Pts',(1.48810464529977,0.635348525844147,-4.18353636410324));
#4269=CARTESIAN_POINT('Ctrl Pts',(1.33942777408149,-0.907775535401888,-4.26304602318441));
#4270=CARTESIAN_POINT('Ctrl Pts',(-0.0387924276822241,-1.61759646766727,
-4.3425556822656));
#4271=CARTESIAN_POINT('Ctrl Pts',(-1.38140266849448,-0.842525876238478,
-4.42206534134678));
#4272=CARTESIAN_POINT('Ctrl Pts',(-1.45593823539623,0.705951159334973,-4.50157500042797));
#4273=CARTESIAN_POINT('Ctrl Pts',(-0.193978336355369,1.60639210334211,-4.58108465950915));
#4274=CARTESIAN_POINT('Ctrl Pts',(1.24604623653445,1.03222670042653,-4.66059431859033));
#4275=CARTESIAN_POINT('Ctrl Pts',(1.54224814923433,-0.489483228352494,-4.74010397767151));
#4276=CARTESIAN_POINT('Ctrl Pts',(0.422725405009374,-1.56186632482257,-4.8196136367527));
#4277=CARTESIAN_POINT('Ctrl Pts',(-1.08484304980854,-1.20051603152028,-4.89912329583388));
#4278=CARTESIAN_POINT('Ctrl Pts',(-1.59656718782829,0.26286193981851,-4.97863295491506));
#4279=CARTESIAN_POINT('Ctrl Pts',(-0.642703874588789,1.48494273096428,-5.05814261399624));
#4280=CARTESIAN_POINT('Ctrl Pts',(0.901136948306469,1.34390304153685,-5.13765227307743));
#4281=CARTESIAN_POINT('Ctrl Pts',(1.61776861058978,-0.030788102336846,-5.21716193215861));
#4282=CARTESIAN_POINT('Ctrl Pts',(0.849350728577615,-1.3772169489662,-5.29667159123979));
#4283=CARTESIAN_POINT('Ctrl Pts',(-0.698738550298524,-1.45941345169277,
-5.37618125032098));
#4284=CARTESIAN_POINT('Ctrl Pts',(-1.6054126361056,-0.201924373188465,-5.45569090940216));
#4285=CARTESIAN_POINT('Ctrl Pts',(-1.03837948835123,1.24092353625295,-5.53520056848334));
#4286=CARTESIAN_POINT('Ctrl Pts',(0.481846208626598,1.5446512279111,-5.61471022756452));
#4287=CARTESIAN_POINT('Ctrl Pts',(1.55975556452982,0.430448328575421,-5.69421988664571));
#4288=CARTESIAN_POINT('Ctrl Pts',(1.20586912766332,-1.07888962901846,-5.77372954572689));
#4289=CARTESIAN_POINT('Ctrl Pts',(-0.254958924211724,-1.5978482817902,-5.85323920480807));
#4290=CARTESIAN_POINT('Ctrl Pts',(-1.48174446114599,-0.650043488174655,
-5.93274886388926));
#4291=CARTESIAN_POINT('Ctrl Pts',(-1.34834540654897,0.894476298899738,-6.01225852297043));
#4292=CARTESIAN_POINT('Ctrl Pts',(0.0227830232140409,1.6179011460866,-6.09176818205161));
#4293=CARTESIAN_POINT('Ctrl Pts',(1.3729975113786,0.856154786474534,-6.17127784113281));
#4294=CARTESIAN_POINT('Ctrl Pts',(1.46285293753349,-0.691508834220295,-6.25078750021398));
#4295=CARTESIAN_POINT('Ctrl Pts',(0.209865466357463,-1.60439386395163,-6.33029715929517));
#4296=CARTESIAN_POINT('Ctrl Pts',(-1.23577045474979,-1.04450685388971,-6.40980681837635));
#4297=CARTESIAN_POINT('Ctrl Pts',(-1.54701648927683,0.474197391980077,-6.48931647745752));
#4298=CARTESIAN_POINT('Ctrl Pts',(-0.438160713582306,1.55760661713031,-6.56882613653872));
#4299=CARTESIAN_POINT('Ctrl Pts',(1.07290979404248,1.21119270081305,-6.6483357956199));
#4300=CARTESIAN_POINT('Ctrl Pts',(1.59909025603085,-0.247049666509134,-6.72784545470107));
#4301=CARTESIAN_POINT('Ctrl Pts',(0.657367186907805,-1.47850991414735,-6.80735511378227));
#4302=CARTESIAN_POINT('Ctrl Pts',(-0.887793750252715,-1.35275476035656,
-6.88686477286344));
#4303=CARTESIAN_POINT('Ctrl Pts',(-1.61799407091288,0.0147773863001563,
-6.96637443194463));
#4304=CARTESIAN_POINT('Ctrl Pts',(-0.862937883347199,1.36874445903512,-7.04588409102581));
#4305=CARTESIAN_POINT('Ctrl Pts',(0.684262188103619,1.46625660871034,-7.125393750107));
#4306=CARTESIAN_POINT('Ctrl Pts',(1.60333581182256,0.217801421442547,-7.20490340918817));
#4307=CARTESIAN_POINT('Ctrl Pts',(1.05060864702721,-1.23058711818659,-7.28441306826936));
#4308=CARTESIAN_POINT('Ctrl Pts',(-0.466536965676991,-1.5493438754234,-7.36392272735054));
#4309=CARTESIAN_POINT('Ctrl Pts',(-1.5554195352362,-0.445862371209648,-7.44343238643172));
#4310=CARTESIAN_POINT('Ctrl Pts',(-1.21648662063374,1.06690369128342,-7.52294204551291));
#4311=CARTESIAN_POINT('Ctrl Pts',(0.239134360351137,1.6002930801433,-7.60245170459409));
#4312=CARTESIAN_POINT('Ctrl Pts',(1.47523916915898,0.664674791483951,-7.68196136367527));
#4313=CARTESIAN_POINT('Ctrl Pts',(1.35713099500648,-0.881089465972562,-7.76147102275645));
#4314=CARTESIAN_POINT('Ctrl Pts',(-0.00677138759520206,-1.61804738279357,
-7.84098068183764));
#4315=CARTESIAN_POINT('Ctrl Pts',(-1.36445789606218,-0.869699853126737,
-7.92049034091881));
#4316=CARTESIAN_POINT('Ctrl Pts',(-1.46962438189206,0.676998789366333,-8.00000000000001));
#4317=CARTESIAN_POINT('Ctrl Pts',(-0.225732044149712,1.6022385056224,-8.07950965908118));
#4318=CARTESIAN_POINT('Ctrl Pts',(1.22537365346565,1.05668471837503,-8.15901931816236));
#4319=CARTESIAN_POINT('Ctrl Pts',(1.55163332937001,-0.458865117265646,-8.23852897724355));
#4320=CARTESIAN_POINT('Ctrl Pts',(0.453553112899681,-1.55319437239326,-8.31803863632473));
#4321=CARTESIAN_POINT('Ctrl Pts',(-1.06087146778719,-1.22175075751569,-8.39754829540591));
#4322=CARTESIAN_POINT('Ctrl Pts',(-1.60145672467912,0.231213199526198,-8.47705795448709));
#4323=CARTESIAN_POINT('Ctrl Pts',(-0.67196612299283,1.47193230625769,-8.55656761356828));
#4324=CARTESIAN_POINT('Ctrl Pts',(0.874363610198606,1.36147400335649,-8.63607727264947));
#4325=CARTESIAN_POINT('Ctrl Pts',(1.61806108042345,0.00123477689194199,
-8.71558693173064));
#4326=CARTESIAN_POINT('Ctrl Pts',(0.876440530261525,-1.36013792740661,-8.79509659081183));
#4327=CARTESIAN_POINT('Ctrl Pts',(-0.669718815836426,-1.47295617462634,
-8.874606249893));
#4328=CARTESIAN_POINT('Ctrl Pts',(-1.6011019722162,-0.233657140315444,-8.95411590897421));
#4329=CARTESIAN_POINT('Ctrl Pts',(-1.0627349191743,1.22013018822686,-9.03362556805536));
#4330=CARTESIAN_POINT('Ctrl Pts',(0.451182034574068,1.55388479506473,-9.11313522713657));
#4331=CARTESIAN_POINT('Ctrl Pts',(1.55093118307948,0.461232750361509,-9.19264488621772));
#4332=CARTESIAN_POINT('Ctrl Pts',(1.22698498257856,-1.05481327123852,-9.27215454529894));
#4333=CARTESIAN_POINT('Ctrl Pts',(-0.223286377966597,-1.60258116115038,
-9.35166420438009));
#4334=CARTESIAN_POINT('Ctrl Pts',(-1.46858940640372,-0.679241002920071,
-9.4311738634613));
#4335=CARTESIAN_POINT('Ctrl Pts',(-1.36578367907947,0.867616347593535,-9.51068352254246));
#4336=CARTESIAN_POINT('Ctrl Pts',(-0.00924091114517626,1.61803516347622,
-9.59019318162366));
#4337=CARTESIAN_POINT('Ctrl Pts',(1.35578465882716,0.883159749704064,-9.66970284070484));
#4338=CARTESIAN_POINT('Ctrl Pts',(1.47625190535309,-0.662422445715058,-9.74921249978602));
#4339=CARTESIAN_POINT('Ctrl Pts',(0.241576515889977,-1.59992623949139,-9.8287221588672));
#4340=CARTESIAN_POINT('Ctrl Pts',(-1.21485685080364,-1.06875910118183,-9.90823181794839));
#4341=CARTESIAN_POINT('Ctrl Pts',(-1.55609821746338,0.443487905481955,-9.98774147702956));
#4342=CARTESIAN_POINT('Ctrl Pts',(-0.46890109542856,1.54863002312795,-10.0672511361108));
#4343=CARTESIAN_POINT('Ctrl Pts',(1.04872924967782,1.23218916686906,-10.1467607951919));
#4344=CARTESIAN_POINT('Ctrl Pts',(1.60366636256119,-0.215354088213985,-10.2262704542731));
#4345=CARTESIAN_POINT('Ctrl Pts',(0.686499252143832,-1.46521055434316,-10.3057801133543));
#4346=CARTESIAN_POINT('Ctrl Pts',(-0.860847841425804,-1.37005991115101,
-10.3852897724355));
#4347=CARTESIAN_POINT('Ctrl Pts',(-1.61796963623797,-0.0172468296178591,
-10.4647994315167));
#4348=CARTESIAN_POINT('Ctrl Pts',(-0.889857340015711,1.35139821677576,-10.5443090905978));
#4349=CARTESIAN_POINT('Ctrl Pts',(0.655109844471807,1.47951145565093,-10.623818749679));
#4350=CARTESIAN_POINT('Ctrl Pts',(1.59871136123201,0.249490048632293,-10.7033284087602));
#4351=CARTESIAN_POINT('Ctrl Pts',(1.07475706944119,-1.20955390634515,-10.7828380678414));
#4352=CARTESIAN_POINT('Ctrl Pts',(-0.435782828230826,-1.55827328405638,
-10.8623477269226));
#4353=CARTESIAN_POINT('Ctrl Pts',(-1.54629112001976,-0.476558450854171,
-10.9418573860038));
#4354=CARTESIAN_POINT('Ctrl Pts',(-1.2373628580096,1.04262048341074,-11.0213670450849));
#4355=CARTESIAN_POINT('Ctrl Pts',(0.207415907429984,1.60471053389308,-11.1008767041661));
#4356=CARTESIAN_POINT('Ctrl Pts',(1.4617970044392,0.693744050891669,-11.1803863632473));
#4357=CARTESIAN_POINT('Ctrl Pts',(1.37430037016984,-0.85406463343851,-11.2598960223285));
#4358=CARTESIAN_POINT('Ctrl Pts',(0.0252565605747208,-1.61785239350928,
-11.3394056814097));
#4359=CARTESIAN_POINT('Ctrl Pts',(-1.34698672969335,-0.896556125650782,
-11.4189153404909));
#4360=CARTESIAN_POINT('Ctrl Pts',(-1.48271951528625,0.647824841967383,-11.498424999572));
#4361=CARTESIAN_POINT('Ctrl Pts',(-0.257426464968199,1.59737447935354,-11.5779346586532));
#4362=CARTESIAN_POINT('Ctrl Pts',(1.20427640381124,1.08088609586515,-11.6574443177344));
#4363=CARTESIAN_POINT('Ctrl Pts',(1.56030561406436,-0.428366165247487,-11.7369539768156));
#4364=CARTESIAN_POINT('Ctrl Pts',(0.484403126587412,-1.54334419146831,-11.8164636358967));
#4365=CARTESIAN_POINT('Ctrl Pts',(-1.03686743193848,-1.24360813845887,-11.895973294978));
#4366=CARTESIAN_POINT('Ctrl Pts',(-1.60496216527887,0.20172727629738,-11.9754829540591));
#4367=CARTESIAN_POINT('Ctrl Pts',(-1.00345735767805,1.03577943319224,-12.0284893934466));
#4368=CARTESIAN_POINT('Ctrl Pts',(-0.592743564846252,1.23319225136771,-12.0549926131403));
#4369=CARTESIAN_POINT('Ctrl Pts',(-0.740036351041159,-1.03579689087083,
0.0549926131403121));
#4370=CARTESIAN_POINT('Ctrl Pts',(-1.08500776095809,-0.789328316135286,
0.0284893934465846));
#4371=CARTESIAN_POINT('Ctrl Pts',(-1.5033007567416,0.0711243596244326,-0.0245170459408703));
#4372=CARTESIAN_POINT('Ctrl Pts',(-0.752015901015389,1.30530535392865,-0.104026705022054));
#4373=CARTESIAN_POINT('Ctrl Pts',(0.690207191624607,1.33736735878021,-0.183536364103235));
#4374=CARTESIAN_POINT('Ctrl Pts',(1.49852244168411,0.143738336715732,-0.263046023184419));
#4375=CARTESIAN_POINT('Ctrl Pts',(0.931422220489018,-1.18285875056107,-0.342555682265601));
#4376=CARTESIAN_POINT('Ctrl Pts',(-0.490777756141222,-1.4231000334703,-0.422065341346783));
#4377=CARTESIAN_POINT('Ctrl Pts',(-1.46241524066461,-0.357272631235831,
-0.501575000427966));
#4378=CARTESIAN_POINT('Ctrl Pts',(-1.09163654459061,1.03666614301904,-0.581084659509149));
#4379=CARTESIAN_POINT('Ctrl Pts',(0.2812357641555,1.47890679133149,-0.660594318590331));
#4380=CARTESIAN_POINT('Ctrl Pts',(1.395937512644,0.563608989206431,-0.740103977671514));
#4381=CARTESIAN_POINT('Ctrl Pts',(1.22922579891498,-0.869081985281135,-0.819613636752697));
#4382=CARTESIAN_POINT('Ctrl Pts',(-0.065869975965973,-1.50397757961089,
-0.899123295833879));
#4383=CARTESIAN_POINT('Ctrl Pts',(-1.30049862904907,-0.758285460472939,
-0.978632954915062));
#4384=CARTESIAN_POINT('Ctrl Pts',(-1.34131994569896,0.683486806434249,-1.05814261399624));
#4385=CARTESIAN_POINT('Ctrl Pts',(-0.150860710709899,1.4978427242735,-1.13765227307743));
#4386=CARTESIAN_POINT('Ctrl Pts',(1.17808272379382,0.937237342929695,-1.21716193215861));
#4387=CARTESIAN_POINT('Ctrl Pts',(1.42559147414483,-0.483716440603744,-1.29667159123979));
#4388=CARTESIAN_POINT('Ctrl Pts',(0.364461880690021,-1.46063683760303,-1.37618125032097));
#4389=CARTESIAN_POINT('Ctrl Pts',(-1.03122972084703,-1.0967487606434,-1.45569090940216));
#4390=CARTESIAN_POINT('Ctrl Pts',(-1.48029199688968,0.273912686824057,-1.53520056848334));
#4391=CARTESIAN_POINT('Ctrl Pts',(-0.570502981910744,1.39313275646097,-1.61471022756452));
#4392=CARTESIAN_POINT('Ctrl Pts',(0.862985888948572,1.23351040006218,-1.6942198866457));
#4393=CARTESIAN_POINT('Ctrl Pts',(1.50428681027934,-0.0584272092796358,
-1.77372954572689));
#4394=CARTESIAN_POINT('Ctrl Pts',(0.764710127183762,-1.29673087593189,-1.85323920480807));
#4395=CARTESIAN_POINT('Ctrl Pts',(-0.676841126140727,-1.34468532989003,
-1.93274886388925));
#4396=CARTESIAN_POINT('Ctrl Pts',(-1.49707818226519,-0.15827021724855,-2.01225852297044));
#4397=CARTESIAN_POINT('Ctrl Pts',(-0.943054878780239,1.17343088452053,-2.09176818205162));
#4398=CARTESIAN_POINT('Ctrl Pts',(0.476656637902886,1.42796743490444,-2.1712778411328));
#4399=CARTESIAN_POINT('Ctrl Pts',(1.45881564045495,0.371684641326643,-2.25078750021398));
#4400=CARTESIAN_POINT('Ctrl Pts',(1.10183782954822,-1.0257903990476,-2.33029715929517));
#4401=CARTESIAN_POINT('Ctrl Pts',(-0.2665848542107,-1.48162919145544,-2.40980681837635));
#4402=CARTESIAN_POINT('Ctrl Pts',(-1.39029286514073,-0.577389205456567,
-2.48931647745753));
#4403=CARTESIAN_POINT('Ctrl Pts',(-1.23776534256872,0.856871928687542,-2.56882613653872));
#4404=CARTESIAN_POINT('Ctrl Pts',(0.0509832970973822,1.50455749270777,-2.64833579561989));
#4405=CARTESIAN_POINT('Ctrl Pts',(1.29293122520046,0.77111697708133,-2.72784545470108));
#4406=CARTESIAN_POINT('Ctrl Pts',(1.34801787152235,-0.670179351739445,-2.80735511378226));
#4407=CARTESIAN_POINT('Ctrl Pts',(0.165675807272154,-1.49627673654557,-2.88686477286344));
#4408=CARTESIAN_POINT('Ctrl Pts',(-1.16875029450969,-0.948849458304914,
-2.96637443194463));
#4409=CARTESIAN_POINT('Ctrl Pts',(-1.43030844663825,0.469585234986561,-3.04588409102581));
#4410=CARTESIAN_POINT('Ctrl Pts',(-0.378898296020661,1.45695869080592,-3.12539375010699));
#4411=CARTESIAN_POINT('Ctrl Pts',(1.02032595987537,1.10689994175018,-3.20490340918818));
#4412=CARTESIAN_POINT('Ctrl Pts',(1.48293011334935,-0.259250505040656,-3.28441306826935));
#4413=CARTESIAN_POINT('Ctrl Pts',(0.584261292038245,-1.38741893026871,-3.36392272735054));
#4414=CARTESIAN_POINT('Ctrl Pts',(-0.850736989376904,-1.24198998399668,
-3.44343238643172));
#4415=CARTESIAN_POINT('Ctrl Pts',(-1.50479133967641,0.0435381381898753,
-3.52294204551291));
#4416=CARTESIAN_POINT('Ctrl Pts',(-0.777504947784399,1.28909991917343,-3.60245170459409));
#4417=CARTESIAN_POINT('Ctrl Pts',(0.663501169435803,1.35131741038125,-3.68196136367527));
#4418=CARTESIAN_POINT('Ctrl Pts',(1.49543865789151,0.173077340879184,-3.76147102275646));
#4419=CARTESIAN_POINT('Ctrl Pts',(0.954620807365828,-1.16404109016236,-3.84098068183763));
#4420=CARTESIAN_POINT('Ctrl Pts',(-0.462502335321978,-1.43261444054703,
-3.92049034091882));
#4421=CARTESIAN_POINT('Ctrl Pts',(-1.45506607080563,-0.38610267421042,-4.));
#4422=CARTESIAN_POINT('Ctrl Pts',(-1.11193495399396,1.01483654030027,-4.07950965908118));
#4423=CARTESIAN_POINT('Ctrl Pts',(0.251909808703658,1.48419472904368,-4.15901931816237));
#4424=CARTESIAN_POINT('Ctrl Pts',(1.38451102756558,0.591119074291689,-4.23852897724355));
#4425=CARTESIAN_POINT('Ctrl Pts',(1.246184218093,-0.84458122168215,-4.31803863632474));
#4426=CARTESIAN_POINT('Ctrl Pts',(-0.0360919133487795,-1.50498834521501,
-4.39754829540591));
#4427=CARTESIAN_POINT('Ctrl Pts',(-1.28523705243448,-0.783873883026922,
-4.4770579544871));
#4428=CARTESIAN_POINT('Ctrl Pts',(-1.35458386527272,0.656806742798039,-4.55656761356828));
#4429=CARTESIAN_POINT('Ctrl Pts',(-0.180474637076841,1.49456396678568,-4.63607727264946));
#4430=CARTESIAN_POINT('Ctrl Pts',(1.15930338688715,0.960368784683333,-4.71558693173064));
#4431=CARTESIAN_POINT('Ctrl Pts',(1.43488536011351,-0.455408112327953,-4.79509659081183));
#4432=CARTESIAN_POINT('Ctrl Pts',(0.393297599544628,-1.4531378267854,-4.87460624989301));
#4433=CARTESIAN_POINT('Ctrl Pts',(-1.00932227473507,-1.11694274301138,-4.9541159089742));
#4434=CARTESIAN_POINT('Ctrl Pts',(-1.48542300756836,0.244562944921585,-5.03362556805537));
#4435=CARTESIAN_POINT('Ctrl Pts',(-0.597962384324161,1.38156922822403,-5.11313522713656));
#4436=CARTESIAN_POINT('Ctrl Pts',(0.83840477631583,1.25034794217169,-5.19264488621774));
#4437=CARTESIAN_POINT('Ctrl Pts',(1.50514850449902,-0.0286448048783478,
-5.27215454529891));
#4438=CARTESIAN_POINT('Ctrl Pts',(0.790223626880546,-1.28134271955708,-5.35166420438011));
#4439=CARTESIAN_POINT('Ctrl Pts',(-0.650096235724478,-1.35781715622503,
-5.43117386346128));
#4440=CARTESIAN_POINT('Ctrl Pts',(-1.49365268464274,-0.18786751475894,-5.51068352254247));
#4441=CARTESIAN_POINT('Ctrl Pts',(-0.966093249531239,1.15453730067605,-5.59019318162365));
#4442=CARTESIAN_POINT('Ctrl Pts',(0.448302739690594,1.43712114973932,-5.66970284070484));
#4443=CARTESIAN_POINT('Ctrl Pts',(1.45117400595392,0.400482895871745,-5.74921249978601));
#4444=CARTESIAN_POINT('Ctrl Pts',(1.121923186198,-1.00378329818417,-5.82872215886721));
#4445=CARTESIAN_POINT('Ctrl Pts',(-0.237210093565884,-1.48661491885176,
-5.90823181794838));
#4446=CARTESIAN_POINT('Ctrl Pts',(-1.37859360426738,-0.604791054592611,
-5.98774147702956));
#4447=CARTESIAN_POINT('Ctrl Pts',(-1.25448105429333,0.832207804494327,-6.06725113611076));
#4448=CARTESIAN_POINT('Ctrl Pts',(0.0211969951043087,1.50527181360734,-6.14676079519192));
#4449=CARTESIAN_POINT('Ctrl Pts',(1.27741701588522,0.796554023886048,-6.22627045427312));
#4450=CARTESIAN_POINT('Ctrl Pts',(1.36101720407831,-0.643369812506802,-6.30578011335429));
#4451=CARTESIAN_POINT('Ctrl Pts',(0.195255792927502,-1.49270483377338,-6.38528977243548));
#4452=CARTESIAN_POINT('Ctrl Pts',(-1.14974294821596,-0.971794061758891,
-6.46479943151666));
#4453=CARTESIAN_POINT('Ctrl Pts',(-1.4393217546862,0.441186391369001,-6.54430909059784));
#4454=CARTESIAN_POINT('Ctrl Pts',(-0.407658387275923,1.44917465639093,-6.62381874967903));
#4455=CARTESIAN_POINT('Ctrl Pts',(0.998219746256955,1.12687616161886,-6.70332840876021));
#4456=CARTESIAN_POINT('Ctrl Pts',(1.48777043371261,-0.229851434654576,-6.78283806784139));
#4457=CARTESIAN_POINT('Ctrl Pts',(0.611604917912399,-1.37558422854711,-6.86234772692257));
#4458=CARTESIAN_POINT('Ctrl Pts',(-0.825990457936563,-1.25858345326797,
-6.94185738600375));
#4459=CARTESIAN_POINT('Ctrl Pts',(-1.50535826952099,0.0137486663695193,
-7.02136704508494));
#4460=CARTESIAN_POINT('Ctrl Pts',(-0.802864919057911,1.27346003753094,-7.10087670416612));
#4461=CARTESIAN_POINT('Ctrl Pts',(0.63662763782635,1.36418393048658,-7.1803863632473));
#4462=CARTESIAN_POINT('Ctrl Pts',(1.4917204373836,0.202639290697144,-7.25989602232849));
#4463=CARTESIAN_POINT('Ctrl Pts',(0.977471081794727,-1.14492044688582,-7.33940568140967));
#4464=CARTESIAN_POINT('Ctrl Pts',(-0.434059241590941,-1.44148712107728,
-7.41891534049085));
#4465=CARTESIAN_POINT('Ctrl Pts',(-1.44713982704599,-0.414823898081408,
-7.49842499957203));
#4466=CARTESIAN_POINT('Ctrl Pts',(-1.13180154801152,0.992631755164472,-7.57793465865322));
#4467=CARTESIAN_POINT('Ctrl Pts',(0.222487148347886,1.48888952386072,-7.6574443177344));
#4468=CARTESIAN_POINT('Ctrl Pts',(1.372541174741,0.61840380746141,-7.73695397681558));
#4469=CARTESIAN_POINT('Ctrl Pts',(1.26265503865759,-0.819752888860274,-7.81646363589677));
#4470=CARTESIAN_POINT('Ctrl Pts',(-0.00630000102955546,-1.50540787012331,
-7.89597329497795));
#4471=CARTESIAN_POINT('Ctrl Pts',(-1.26947188137193,-0.809156157888062,
-7.97548295405913));
#4472=CARTESIAN_POINT('Ctrl Pts',(-1.36731725791967,0.629869876750111,-8.05499261314031));
#4473=CARTESIAN_POINT('Ctrl Pts',(-0.210017827299534,1.49069951957414,-8.13450227222149));
#4474=CARTESIAN_POINT('Ctrl Pts',(1.14006991475372,0.983124170649678,-8.21401193130268));
#4475=CARTESIAN_POINT('Ctrl Pts',(1.44361719589843,-0.426921464848647,-8.29352159038385));
#4476=CARTESIAN_POINT('Ctrl Pts',(0.421979252856787,-1.44506956773735,-8.37303124946506));
#4477=CARTESIAN_POINT('Ctrl Pts',(-0.987019461716122,-1.13669922478894,
-8.45254090854622));
#4478=CARTESIAN_POINT('Ctrl Pts',(-1.48997216189769,0.215117414943793,-8.5320505676274));
#4479=CARTESIAN_POINT('Ctrl Pts',(-0.625187556784124,1.36946451735139,-8.6115602267086));
#4480=CARTESIAN_POINT('Ctrl Pts',(0.81349524997831,1.2666957107786,-8.69106988578976));
#4481=CARTESIAN_POINT('Ctrl Pts',(1.50542061419993,0.0011488185517596,-8.77057954487096));
#4482=CARTESIAN_POINT('Ctrl Pts',(0.815427586349662,-1.26545264504923,-8.85008920395214));
#4483=CARTESIAN_POINT('Ctrl Pts',(-0.623096694726669,-1.37041710966514,
-8.92959886303331));
#4484=CARTESIAN_POINT('Ctrl Pts',(-1.48964210533983,-0.21739122208775,-9.00910852211451));
#4485=CARTESIAN_POINT('Ctrl Pts',(-0.988753189920615,1.13519147057394,-9.08861818119568));
#4486=CARTESIAN_POINT('Ctrl Pts',(0.419773235894598,1.44571192699975,-9.16812784027687));
#4487=CARTESIAN_POINT('Ctrl Pts',(1.4429639291505,0.429124276418935,-9.24763749935805));
#4488=CARTESIAN_POINT('Ctrl Pts',(1.14156907204277,-0.981383003315651,-9.32714715843924));
#4489=CARTESIAN_POINT('Ctrl Pts',(-0.20774241487409,-1.49101832131879,-9.40665681752041));
#4490=CARTESIAN_POINT('Ctrl Pts',(-1.36635433170249,-0.631955999793353,
-9.48616647660161));
#4491=CARTESIAN_POINT('Ctrl Pts',(-1.27070537070577,0.807217694490456,-9.56567613568277));
#4492=CARTESIAN_POINT('Ctrl Pts',(-0.00859761000388266,1.50539650144727,
-9.64518579476398));
#4493=CARTESIAN_POINT('Ctrl Pts',(1.26140242695923,0.821679050884909,-9.72469545384514));
#4494=CARTESIAN_POINT('Ctrl Pts',(1.37348340984066,-0.61630825755181,-9.80420511292633));
#4495=CARTESIAN_POINT('Ctrl Pts',(0.224759294520696,-1.48854822062674,-9.88371477200752));
#4496=CARTESIAN_POINT('Ctrl Pts',(-1.13028523374605,-0.994358001684244,
-9.96322443108869));
#4497=CARTESIAN_POINT('Ctrl Pts',(-1.44777126316893,0.412614729529344,-10.0427340901699));
#4498=CARTESIAN_POINT('Ctrl Pts',(-0.43625879370039,1.44082296323178,-10.1222437492511));
#4499=CARTESIAN_POINT('Ctrl Pts',(0.975722517697684,1.14641096979669,-10.2017534083322));
#4500=CARTESIAN_POINT('Ctrl Pts',(1.49202797700742,-0.200362327276741,-10.2812630674134));
#4501=CARTESIAN_POINT('Ctrl Pts',(0.638708969836726,-1.36321069664085,-10.3607727264946));
#4502=CARTESIAN_POINT('Ctrl Pts',(-0.80092037429932,-1.27468391514361,-10.4402823855758));
#4503=CARTESIAN_POINT('Ctrl Pts',(-1.50533553585305,-0.0160462006969032,
-10.519792044657));
#4504=CARTESIAN_POINT('Ctrl Pts',(-0.827910391989771,1.25732134475098,-10.5993017037382));
#4505=CARTESIAN_POINT('Ctrl Pts',(0.609504719176032,1.37651604826869,-10.6788113628193));
#4506=CARTESIAN_POINT('Ctrl Pts',(1.48741791547476,0.232121930867102,-10.7583210219005));
#4507=CARTESIAN_POINT('Ctrl Pts',(0.999938424555922,-1.12535145096099,-10.8378306809817));
#4508=CARTESIAN_POINT('Ctrl Pts',(-0.405446037155371,-1.44979491365158,
-10.9173403400629));
#4509=CARTESIAN_POINT('Ctrl Pts',(-1.43864688162628,-0.443383086378485,
-10.9968499991441));
#4510=CARTESIAN_POINT('Ctrl Pts',(-1.15122449716516,0.970039009962997,-11.0763596582252));
#4511=CARTESIAN_POINT('Ctrl Pts',(0.192976758749033,1.49299945890436,-11.1558693173064));
#4512=CARTESIAN_POINT('Ctrl Pts',(1.36003477920782,0.645449425751944,-11.2353789763876));
#4513=CARTESIAN_POINT('Ctrl Pts',(1.27862917685087,-0.794609375748013,-11.3148886354688));
#4514=CARTESIAN_POINT('Ctrl Pts',(0.0234983384700339,-1.5052264549149,-11.39439829455));
#4515=CARTESIAN_POINT('Ctrl Pts',(-1.25321696100832,-0.834142845206248,
-11.4739079536312));
#4516=CARTESIAN_POINT('Ctrl Pts',(-1.37950078052943,0.602726858267476,-11.5534176127123));
#4517=CARTESIAN_POINT('Ctrl Pts',(-0.239505857777833,1.48617409992111,-11.6329272717935));
#4518=CARTESIAN_POINT('Ctrl Pts',(1.12044133897438,1.00564078204738,-11.7124369308747));
#4519=CARTESIAN_POINT('Ctrl Pts',(1.45168576408107,-0.398545681242499,-11.7919465899559));
#4520=CARTESIAN_POINT('Ctrl Pts',(0.450681659160081,-1.43590510194712,-11.8714562490371));
#4521=CARTESIAN_POINT('Ctrl Pts',(-0.964686454125838,-1.15703501571946,
-11.9509659081183));
#4522=CARTESIAN_POINT('Ctrl Pts',(-1.49323357310433,0.187684138663667,-12.0304755671994));
#4523=CARTESIAN_POINT('Ctrl Pts',(-0.933602204512449,0.963674195836817,
-12.0834820065869));
#4524=CARTESIAN_POINT('Ctrl Pts',(-0.551480035117326,1.14734422509855,-12.1099852262806));
#4525=CARTESIAN_POINT('Ctrl Pts',(-0.684664424539452,-0.958295198918403,
2.77555756156289E-16));
#4526=CARTESIAN_POINT('Ctrl Pts',(-1.00382395166409,-0.730268204499872,
-0.0265032196937273));
#4527=CARTESIAN_POINT('Ctrl Pts',(-1.39081890514722,0.0658026037295143,
-0.0795096590811822));
#4528=CARTESIAN_POINT('Ctrl Pts',(-0.695747625625199,1.20763816228552,-0.159019318162365));
#4529=CARTESIAN_POINT('Ctrl Pts',(0.638563644882856,1.23730118366331,-0.238528977243547));
#4530=CARTESIAN_POINT('Ctrl Pts',(1.38639811916218,0.132983366902558,-0.31803863632473));
#4531=CARTESIAN_POINT('Ctrl Pts',(0.861730180817709,-1.09435341199788,-0.397548295405913));
#4532=CARTESIAN_POINT('Ctrl Pts',(-0.454056168338821,-1.3166190608167,-0.477057954487095));
#4533=CARTESIAN_POINT('Ctrl Pts',(-1.35299257634937,-0.330540331058919,
-0.556567613568277));
#4534=CARTESIAN_POINT('Ctrl Pts',(-1.00995674814736,0.959099410793932,-0.636077272649461));
#4535=CARTESIAN_POINT('Ctrl Pts',(0.260192789657609,1.36825017556218,-0.715586931730642));
#4536=CARTESIAN_POINT('Ctrl Pts',(1.29148892813548,0.521437931687258,-0.795096590811827));
#4537=CARTESIAN_POINT('Ctrl Pts',(1.13725112700088,-0.804054444748511,-0.874606249893007));
#4538=CARTESIAN_POINT('Ctrl Pts',(-0.0609413701444783,-1.3914450859283,
-0.954115908974192));
#4539=CARTESIAN_POINT('Ctrl Pts',(-1.20319109219367,-0.701548076254522,
-1.03362556805537));
#4540=CARTESIAN_POINT('Ctrl Pts',(-1.24095802517435,0.63234610076821,-1.11313522713656));
#4541=CARTESIAN_POINT('Ctrl Pts',(-0.13957282171138,1.38576926041879,-1.19264488621774));
#4542=CARTESIAN_POINT('Ctrl Pts',(1.08993474308576,0.867110196885664,-1.27215454529892));
#4543=CARTESIAN_POINT('Ctrl Pts',(1.31892408379738,-0.447523203394387,-1.3516642043801));
#4544=CARTESIAN_POINT('Ctrl Pts',(0.337191657488355,-1.35134723918851,-1.43117386346129));
#4545=CARTESIAN_POINT('Ctrl Pts',(-0.954069759408947,-1.01468645156934,
-1.51068352254247));
#4546=CARTESIAN_POINT('Ctrl Pts',(-1.3695317355356,0.253417648787926,-1.59019318162365));
#4547=CARTESIAN_POINT('Ctrl Pts',(-0.527816093437064,1.28889403293158,-1.66970284070483));
#4548=CARTESIAN_POINT('Ctrl Pts',(0.798414478169032,1.14121514035604,-1.74921249978602));
#4549=CARTESIAN_POINT('Ctrl Pts',(1.39173117895247,-0.0540554954666836,
-1.8287221588672));
#4550=CARTESIAN_POINT('Ctrl Pts',(0.707492028507997,-1.19970525461805,-1.90823181794838));
#4551=CARTESIAN_POINT('Ctrl Pts',(-0.626197671887068,-1.24407160037548,
-1.98774147702956));
#4552=CARTESIAN_POINT('Ctrl Pts',(-1.38506192392995,-0.146427924873908,
-2.06725113611075));
#4553=CARTESIAN_POINT('Ctrl Pts',(-0.872492445784312,1.08563096955542,-2.14676079519193));
#4554=CARTESIAN_POINT('Ctrl Pts',(0.440991638091217,1.32112226744596,-2.22627045427311));
#4555=CARTESIAN_POINT('Ctrl Pts',(1.34966230993387,0.343873987684571,-2.3057801133543));
#4556=CARTESIAN_POINT('Ctrl Pts',(1.01939473978823,-0.949037425356096,-2.38528977243548));
#4557=CARTESIAN_POINT('Ctrl Pts',(-0.246638108441986,-1.37076887685518,
-2.46479943151666));
#4558=CARTESIAN_POINT('Ctrl Pts',(-1.2862666315157,-0.534187067342087,-2.54430909059784));
#4559=CARTESIAN_POINT('Ctrl Pts',(-1.14515171422649,0.792757984298312,-2.62381874967903));
#4560=CARTESIAN_POINT('Ctrl Pts',(0.047168561002701,1.3919816080413,-2.70332840876021));
#4561=CARTESIAN_POINT('Ctrl Pts',(1.19618990611142,0.713419497060126,-2.78283806784139));
#4562=CARTESIAN_POINT('Ctrl Pts',(1.2471547904049,-0.620034353111648,-2.86234772692258));
#4563=CARTESIAN_POINT('Ctrl Pts',(0.153279404567781,-1.3843204449855,-2.94185738600375));
#4564=CARTESIAN_POINT('Ctrl Pts',(-1.08130059651122,-0.877853456024049,
-3.02136704508494));
#4565=CARTESIAN_POINT('Ctrl Pts',(-1.32328811706849,0.434449340538427,-3.10087670416612));
#4566=CARTESIAN_POINT('Ctrl Pts',(-0.350547893274421,1.34794430329667,-3.1803863632473));
#4567=CARTESIAN_POINT('Ctrl Pts',(0.943981853293965,1.02407808829244,-3.25989602232849));
#4568=CARTESIAN_POINT('Ctrl Pts',(1.37197245954219,-0.239852539129324,-3.33940568140967));
#4569=CARTESIAN_POINT('Ctrl Pts',(0.540544962056596,-1.28360773379731,-3.41891534049085));
#4570=CARTESIAN_POINT('Ctrl Pts',(-0.7870820810987,-1.1490602542436,-3.49842499957203));
#4571=CARTESIAN_POINT('Ctrl Pts',(-1.39219795781924,0.0402804730975031,
-3.57793465865322));
#4572=CARTESIAN_POINT('Ctrl Pts',(-0.719329499020485,1.19264527086136,-3.6574443177344));
#4573=CARTESIAN_POINT('Ctrl Pts',(0.613855854126482,1.25020744703576,-3.73695397681558));
#4574=CARTESIAN_POINT('Ctrl Pts',(1.38354507410191,0.160127131359358,-3.81646363589676));
#4575=CARTESIAN_POINT('Ctrl Pts',(0.883192973978875,-1.07694375014825,-3.89597329497795));
#4576=CARTESIAN_POINT('Ctrl Pts',(-0.427896406461475,-1.32542156901356,
-3.97548295405913));
#4577=CARTESIAN_POINT('Ctrl Pts',(-1.34619329527991,-0.357213216458229,
-4.05499261314031));
#4578=CARTESIAN_POINT('Ctrl Pts',(-1.02873636454548,0.93890316994394,-4.1345022722215));
#4579=CARTESIAN_POINT('Ctrl Pts',(0.233061097565381,1.37314245257753,-4.21401193130267));
#4580=CARTESIAN_POINT('Ctrl Pts',(1.28091740983139,0.54688962273923,-4.29352159038386));
#4581=CARTESIAN_POINT('Ctrl Pts',(1.1529406621045,-0.78138690796241,-4.37303124946505));
#4582=CARTESIAN_POINT('Ctrl Pts',(-0.033391399015336,-1.39238022276274,
-4.45254090854622));
#4583=CARTESIAN_POINT('Ctrl Pts',(-1.18907143637447,-0.725221889815366,
-4.53205056762741));
#4584=CARTESIAN_POINT('Ctrl Pts',(-1.25322949514922,0.607662326261106,-4.61156022670858));
#4585=CARTESIAN_POINT('Ctrl Pts',(-0.166970937798314,1.38273583022925,-4.69106988578978));
#4586=CARTESIAN_POINT('Ctrl Pts',(1.07256053723986,0.88851086894014,-4.77057954487095));
#4587=CARTESIAN_POINT('Ctrl Pts',(1.32752257099268,-0.42133299630341,-4.85008920395214));
#4588=CARTESIAN_POINT('Ctrl Pts',(0.363869794079883,-1.34440932874824,-4.92959886303332));
#4589=CARTESIAN_POINT('Ctrl Pts',(-0.933801499661611,-1.03336945450248,
-5.00910852211451));
#4590=CARTESIAN_POINT('Ctrl Pts',(-1.37427882730844,0.22626395002466,-5.08861818119568));
#4591=CARTESIAN_POINT('Ctrl Pts',(-0.553220894059533,1.27819572548378,-5.16812784027687));
#4592=CARTESIAN_POINT('Ctrl Pts',(0.775672604325189,1.15679284280653,-5.24763749935806));
#4593=CARTESIAN_POINT('Ctrl Pts',(1.39252839840827,-0.0265015074198521,
-5.32714715843922));
#4594=CARTESIAN_POINT('Ctrl Pts',(0.731096525183478,-1.18546849014796,-5.40665681752042));
#4595=CARTESIAN_POINT('Ctrl Pts',(-0.601453921150434,-1.25622086075729,
-5.48616647660159));
#4596=CARTESIAN_POINT('Ctrl Pts',(-1.38189273317988,-0.173810656329415,
-5.56567613568278));
#4597=CARTESIAN_POINT('Ctrl Pts',(-0.893807010711249,1.06815106509915,-5.64518579476396));
#4598=CARTESIAN_POINT('Ctrl Pts',(0.414759270754591,1.32959107156755,-5.72469545384515));
#4599=CARTESIAN_POINT('Ctrl Pts',(1.34259244737803,0.370517463168069,-5.80420511292632));
#4600=CARTESIAN_POINT('Ctrl Pts',(1.03797724473268,-0.928676967349887,-5.88371477200751));
#4601=CARTESIAN_POINT('Ctrl Pts',(-0.219461262920044,-1.37538155591333,
-5.9632244310887));
#4602=CARTESIAN_POINT('Ctrl Pts',(-1.27544274738877,-0.559538621010566,
-6.04273409016987));
#4603=CARTESIAN_POINT('Ctrl Pts',(-1.16061670203768,0.769939310088916,-6.12224374925106));
#4604=CARTESIAN_POINT('Ctrl Pts',(0.0196109669945758,1.39264248112808,-6.20175340833224));
#4605=CARTESIAN_POINT('Ctrl Pts',(1.18183652039185,0.736953261297562,-6.28126306741343));
#4606=CARTESIAN_POINT('Ctrl Pts',(1.25918147062312,-0.595230790793309,-6.3607727264946));
#4607=CARTESIAN_POINT('Ctrl Pts',(0.18064611949754,-1.38101580359513,-6.44028238557579));
#4608=CARTESIAN_POINT('Ctrl Pts',(-1.06371544168212,-0.899081269628071,
-6.51979204465697));
#4609=CARTESIAN_POINT('Ctrl Pts',(-1.33162702009559,0.408175390757923,-6.59930170373816));
#4610=CARTESIAN_POINT('Ctrl Pts',(-0.377156060969537,1.34074269565154,-6.67881136281933));
#4611=CARTESIAN_POINT('Ctrl Pts',(0.923529698471425,1.04255962242468,-6.75832102190052));
#4612=CARTESIAN_POINT('Ctrl Pts',(1.37645061139436,-0.212653202800019,-6.8378306809817));
#4613=CARTESIAN_POINT('Ctrl Pts',(0.565842648916992,-1.27265854294686,-6.91734034006288));
#4614=CARTESIAN_POINT('Ctrl Pts',(-0.764187165620411,-1.16441214617938,
-6.99684999914406));
#4615=CARTESIAN_POINT('Ctrl Pts',(-1.3927224681291,0.0127199464388827,-7.07635965822526));
#4616=CARTESIAN_POINT('Ctrl Pts',(-0.742791954768624,1.17817561602676,-7.15586931730643));
#4617=CARTESIAN_POINT('Ctrl Pts',(0.588993087549082,1.26211125226282,-7.23537897638762));
#4618=CARTESIAN_POINT('Ctrl Pts',(1.38010506294465,0.187477159951741,-7.31488863546879));
#4619=CARTESIAN_POINT('Ctrl Pts',(0.90433351656225,-1.05925377558505,-7.39439829454998));
#4620=CARTESIAN_POINT('Ctrl Pts',(-0.401581517504892,-1.33363036673116,
-7.47390795363116));
#4621=CARTESIAN_POINT('Ctrl Pts',(-1.33886011885579,-0.383785424953168,
-7.55341761271235));
#4622=CARTESIAN_POINT('Ctrl Pts',(-1.04711647538929,0.918359819045525,-7.63292727179353));
#4623=CARTESIAN_POINT('Ctrl Pts',(0.205839936344633,1.37748596757813,-7.71243693087471));
#4624=CARTESIAN_POINT('Ctrl Pts',(1.26984318032303,0.572132823438867,-7.7919465899559));
#4625=CARTESIAN_POINT('Ctrl Pts',(1.16817908230871,-0.758416311747982,-7.87145624903707));
#4626=CARTESIAN_POINT('Ctrl Pts',(-0.00582861446390852,-1.39276835745304,
-7.95096590811827));
#4627=CARTESIAN_POINT('Ctrl Pts',(-1.17448586668169,-0.748612462649385,
-8.03047556719944));
#4628=CARTESIAN_POINT('Ctrl Pts',(-1.26501013394729,0.582740964133886,-8.10998522628063));
#4629=CARTESIAN_POINT('Ctrl Pts',(-0.194303610449356,1.37916053352588,-8.1894948853618));
#4630=CARTESIAN_POINT('Ctrl Pts',(1.05476617604178,0.90956362292432,-8.26900454444301));
#4631=CARTESIAN_POINT('Ctrl Pts',(1.33560106242685,-0.39497781243165,-8.34851420352416));
#4632=CARTESIAN_POINT('Ctrl Pts',(0.390405392813892,-1.33694476308143,-8.42802386260537));
#4633=CARTESIAN_POINT('Ctrl Pts',(-0.913167455645059,-1.0516476920622,-8.50753352168653));
#4634=CARTESIAN_POINT('Ctrl Pts',(-1.37848759911626,0.19902163036139,-8.58704318076772));
#4635=CARTESIAN_POINT('Ctrl Pts',(-0.578408990575417,1.26699672844508,-8.6665528398489));
#4636=CARTESIAN_POINT('Ctrl Pts',(0.752626889758013,1.17191741820071,-8.74606249893009));
#4637=CARTESIAN_POINT('Ctrl Pts',(1.39278014797641,0.0010628602115789,-8.82557215801125));
#4638=CARTESIAN_POINT('Ctrl Pts',(0.754414642437798,-1.17076736269186,-8.90508181709246));
#4639=CARTESIAN_POINT('Ctrl Pts',(-0.576474573616914,-1.26787804470394,
-8.98459147617362));
#4640=CARTESIAN_POINT('Ctrl Pts',(-1.37818223846346,-0.201125303860056,
-9.06410113525482));
#4641=CARTESIAN_POINT('Ctrl Pts',(-0.914771460666935,1.05025275292102,-9.14361079433599));
#4642=CARTESIAN_POINT('Ctrl Pts',(0.388364437215129,1.33753905893476,-9.22312045341718));
#4643=CARTESIAN_POINT('Ctrl Pts',(1.33499667522153,0.397015802476357,-9.30263011249835));
#4644=CARTESIAN_POINT('Ctrl Pts',(1.05615316150697,-0.907952735392776,-9.38213977157956));
#4645=CARTESIAN_POINT('Ctrl Pts',(-0.192198451781583,-1.3794554814872,-9.46164943066072));
#4646=CARTESIAN_POINT('Ctrl Pts',(-1.26411925700126,-0.584670996666634,
-9.54115908974191));
#4647=CARTESIAN_POINT('Ctrl Pts',(-1.17562706233206,0.746819041387378,-9.62066874882309));
#4648=CARTESIAN_POINT('Ctrl Pts',(-0.00795430886258981,1.39275783941832,
-9.70017840790429));
#4649=CARTESIAN_POINT('Ctrl Pts',(1.16702019509131,0.760198352065754,-9.77968806698545));
#4650=CARTESIAN_POINT('Ctrl Pts',(1.27071491432824,-0.570194069388563,-9.85919772606664));
#4651=CARTESIAN_POINT('Ctrl Pts',(0.207942073151418,-1.37717020176209,-9.93870738514783));
#4652=CARTESIAN_POINT('Ctrl Pts',(-1.04571361668846,-0.919956902186663,
-10.018217044229));
#4653=CARTESIAN_POINT('Ctrl Pts',(-1.33944430887447,0.381741553576733,-10.0977267033102));
#4654=CARTESIAN_POINT('Ctrl Pts',(-0.403616491972223,1.33301590333561,-10.1772363623914));
#4655=CARTESIAN_POINT('Ctrl Pts',(0.902715785717553,1.06063277272432,-10.2567460214726));
#4656=CARTESIAN_POINT('Ctrl Pts',(1.38038959145364,-0.185370566339495,-10.3362556805537));
#4657=CARTESIAN_POINT('Ctrl Pts',(0.590918687529622,-1.26121083893854,-10.4157653396349));
#4658=CARTESIAN_POINT('Ctrl Pts',(-0.740992907172837,-1.1793079191362,-10.4952749987161));
#4659=CARTESIAN_POINT('Ctrl Pts',(-1.39270143546813,-0.0148455717759471,
-10.5747846577973));
#4660=CARTESIAN_POINT('Ctrl Pts',(-0.765963443963831,1.16324447272621,-10.6542943168785));
#4661=CARTESIAN_POINT('Ctrl Pts',(0.563899593880259,1.27352064088645,-10.7338039759597));
#4662=CARTESIAN_POINT('Ctrl Pts',(1.37612446971752,0.214753813101911,-10.8133136350408));
#4663=CARTESIAN_POINT('Ctrl Pts',(0.925119779670653,-1.04114899557683,-10.892823294122));
#4664=CARTESIAN_POINT('Ctrl Pts',(-0.375109246079918,-1.34131654324678,
-10.9723329532032));
#4665=CARTESIAN_POINT('Ctrl Pts',(-1.3310026432328,-0.410207721902801,-11.0518426122844));
#4666=CARTESIAN_POINT('Ctrl Pts',(-1.06508613632071,0.897457536515253,-11.1313522713656));
#4667=CARTESIAN_POINT('Ctrl Pts',(0.178537610068083,1.38128838391564,-11.2108619304468));
#4668=CARTESIAN_POINT('Ctrl Pts',(1.25827255397644,0.597154800612221,-11.2903715895279));
#4669=CARTESIAN_POINT('Ctrl Pts',(1.18295798353191,-0.735154118057517,-11.3698812486091));
#4670=CARTESIAN_POINT('Ctrl Pts',(0.021740116365346,-1.39260051632053,-11.4493909076903));
#4671=CARTESIAN_POINT('Ctrl Pts',(-1.15944719232329,-0.771729564761714,
-11.5289005667715));
#4672=CARTESIAN_POINT('Ctrl Pts',(-1.27628204577262,0.55762887456757,-11.6084102258527));
#4673=CARTESIAN_POINT('Ctrl Pts',(-0.221585250587468,1.37497372048867,-11.6879198849338));
#4674=CARTESIAN_POINT('Ctrl Pts',(1.03660627413753,0.930395468229623,-11.767429544015));
#4675=CARTESIAN_POINT('Ctrl Pts',(1.34306591409779,-0.368725197237508,-11.8469392030962));
#4676=CARTESIAN_POINT('Ctrl Pts',(0.416960191732749,-1.32846601242594,-11.9264488621774));
#4677=CARTESIAN_POINT('Ctrl Pts',(-0.892505476313199,-1.07046189298004,
-12.0059585212586));
#4678=CARTESIAN_POINT('Ctrl Pts',(-1.3815049809298,0.173641001029952,-12.0854681803397));
#4679=CARTESIAN_POINT('Ctrl Pts',(-0.863747051346849,0.89156895848139,-12.1384746197272));
#4680=CARTESIAN_POINT('Ctrl Pts',(-0.5102165053884,1.06149619882939,-12.1649778394209));
#4681=CARTESIAN_POINT('',(-0.634007094575177,1.31904027763687,-12.));
#4682=CARTESIAN_POINT('Ctrl Pts',(-0.686152384682097,-0.959611404847693,
-12.));
#4683=CARTESIAN_POINT('Ctrl Pts',(-0.712221220265785,-0.945433531711943,
-12.));
#4684=CARTESIAN_POINT('Ctrl Pts',(-0.737653715660495,-0.930241482586218,
-12.));
#4685=CARTESIAN_POINT('Ctrl Pts',(-0.762383746641128,-0.914052233128055,
-12.));
#4686=CARTESIAN_POINT('Ctrl Pts',(-0.8024421018266,-0.887828460683565,-12.));
#4687=CARTESIAN_POINT('Ctrl Pts',(-0.840658597268821,-0.858991122602271,
-12.));
#4688=CARTESIAN_POINT('Ctrl Pts',(-0.876970472628917,-0.827845801702204,
-12.));
#4689=CARTESIAN_POINT('Ctrl Pts',(-0.912154187105897,-0.797668123822034,
-12.));
#4690=CARTESIAN_POINT('Ctrl Pts',(-0.945550160368725,-0.765322829281422,
-12.));
#4691=CARTESIAN_POINT('Ctrl Pts',(-0.977084422775343,-0.731047285442398,
-12.));
#4692=CARTESIAN_POINT('Ctrl Pts',(-0.991847091125651,-0.715001294586567,
-12.));
#4693=CARTESIAN_POINT('Ctrl Pts',(-1.00620146554124,-0.698531751722104,
-12.));
#4694=CARTESIAN_POINT('Ctrl Pts',(-1.020138279253,-0.681660559044428,-12.));
#4695=CARTESIAN_POINT('Ctrl Pts',(-1.02648351637153,-0.673979340063803,
-12.));
#4696=CARTESIAN_POINT('Ctrl Pts',(-1.03274330946106,-0.666213409923195,
-12.));
#4697=CARTESIAN_POINT('Ctrl Pts',(-1.03891314726424,-0.658369269651534,
-12.));
#4698=CARTESIAN_POINT('Ctrl Pts',(-1.07054559838767,-0.618152753162114,
-12.));
#4699=CARTESIAN_POINT('Ctrl Pts',(-1.09968544814341,-0.576051395255824,
-12.));
#4700=CARTESIAN_POINT('Ctrl Pts',(-1.12626040464294,-0.532398101401239,
-12.));
#4701=CARTESIAN_POINT('Ctrl Pts',(-1.15347964506624,-0.487686475976085,
-12.));
#4702=CARTESIAN_POINT('Ctrl Pts',(-1.17800886923318,-0.441346007309444,
-12.));
#4703=CARTESIAN_POINT('Ctrl Pts',(-1.19974119048447,-0.393688235400331,
-12.));
#4704=CARTESIAN_POINT('Ctrl Pts',(-1.21967588072893,-0.349972568317891,
-12.));
#4705=CARTESIAN_POINT('Ctrl Pts',(-1.23725730220465,-0.305147415303128,
-12.));
#4706=CARTESIAN_POINT('Ctrl Pts',(-1.25237390105392,-0.259429124040152,
-12.));
#4707=CARTESIAN_POINT('Ctrl Pts',(-1.25549836535206,-0.249979566620016,
-12.));
#4708=CARTESIAN_POINT('Ctrl Pts',(-1.25851742100003,-0.240491794770686,
-12.));
#4709=CARTESIAN_POINT('Ctrl Pts',(-1.26142990646599,-0.230967637089083,
-12.));
#4710=CARTESIAN_POINT('Ctrl Pts',(-1.26427550633992,-0.221662202876689,
-12.));
#4711=CARTESIAN_POINT('Ctrl Pts',(-1.26701662625022,-0.212330959320594,
-12.));
#4712=CARTESIAN_POINT('Ctrl Pts',(-1.2696521110758,-0.202978118556924,-12.));
#4713=CARTESIAN_POINT('Ctrl Pts',(-1.28438065077107,-0.15070929685306,-12.));
#4714=CARTESIAN_POINT('Ctrl Pts',(-1.29581991168631,-0.0977465985085182,
-12.));
#4715=CARTESIAN_POINT('Ctrl Pts',(-1.30386331028082,-0.0444216831481509,
-12.));
#4716=CARTESIAN_POINT('Ctrl Pts',(-1.31185906023592,0.00858733842255646,
-12.));
#4717=CARTESIAN_POINT('Ctrl Pts',(-1.3164996888807,0.0619553866574797,-12.));
#4718=CARTESIAN_POINT('Ctrl Pts',(-1.31763724238297,0.115382857019507,-12.));
#4719=CARTESIAN_POINT('Ctrl Pts',(-1.31798290076238,0.13161739261242,-12.));
#4720=CARTESIAN_POINT('Ctrl Pts',(-1.3180047749711,0.147857536388872,-12.));
#4721=CARTESIAN_POINT('Ctrl Pts',(-1.31769777888161,0.164095129048328,-12.));
#4722=CARTESIAN_POINT('Ctrl Pts',(-1.31709128189845,0.196173879556783,-12.));
#4723=CARTESIAN_POINT('Ctrl Pts',(-1.31520167627723,0.228242675276652,-12.));
#4724=CARTESIAN_POINT('Ctrl Pts',(-1.31206672749726,0.260252422292724,-12.));
#4725=CARTESIAN_POINT('Ctrl Pts',(-1.31110512366137,0.270070986383159,-12.));
#4726=CARTESIAN_POINT('Ctrl Pts',(-1.31002618128582,0.279884009609608,-12.));
#4727=CARTESIAN_POINT('Ctrl Pts',(-1.30883295948262,0.289675632710003,-12.));
#4728=CARTESIAN_POINT('Ctrl Pts',(-1.30234895012862,0.342883657909995,-12.));
#4729=CARTESIAN_POINT('Ctrl Pts',(-1.29248528020474,0.395564627665623,-12.));
#4730=CARTESIAN_POINT('Ctrl Pts',(-1.27948811912601,0.447487757437412,-12.));
#4731=CARTESIAN_POINT('Ctrl Pts',(-1.26617603052862,0.500669009834706,-12.));
#4732=CARTESIAN_POINT('Ctrl Pts',(-1.24957660779007,0.553056126857436,-12.));
#4733=CARTESIAN_POINT('Ctrl Pts',(-1.22989826524199,0.604408153988937,-12.));
#4734=CARTESIAN_POINT('Ctrl Pts',(-1.21585202724815,0.641062805812036,-12.));
#4735=CARTESIAN_POINT('Ctrl Pts',(-1.20023588651045,0.677190268262117,-12.));
#4736=CARTESIAN_POINT('Ctrl Pts',(-1.18310959670257,0.712701110962263,-12.));
#4737=CARTESIAN_POINT('Ctrl Pts',(-1.17529374047908,0.728907051888901,-12.));
#4738=CARTESIAN_POINT('Ctrl Pts',(-1.1671631904848,0.744984528036158,-12.));
#4739=CARTESIAN_POINT('Ctrl Pts',(-1.1587227737243,0.760924756246103,-12.));
#4740=CARTESIAN_POINT('Ctrl Pts',(-1.15374500063682,0.770325576281808,-12.));
#4741=CARTESIAN_POINT('Ctrl Pts',(-1.14865977015139,0.779677832816127,-12.));
#4742=CARTESIAN_POINT('Ctrl Pts',(-1.14347466442145,0.788968435235346,-12.));
#4743=CARTESIAN_POINT('Ctrl Pts',(-1.11566902366723,0.838790206808394,-12.));
#4744=CARTESIAN_POINT('Ctrl Pts',(-1.08495000130093,0.886926508313119,-12.));
#4745=CARTESIAN_POINT('Ctrl Pts',(-1.05153149535607,0.933120010702881,-12.));
#4746=CARTESIAN_POINT('Ctrl Pts',(-1.02356613250867,0.971775779983927,-12.));
#4747=CARTESIAN_POINT('Ctrl Pts',(-0.993709298066716,1.00907135515162,-12.));
#4748=CARTESIAN_POINT('Ctrl Pts',(-0.96206017698172,1.04484792065907,-12.));
#4749=CARTESIAN_POINT('Ctrl Pts',(-0.953317312890787,1.05473096445773,-12.));
#4750=CARTESIAN_POINT('Ctrl Pts',(-0.944437548762474,1.06449802607617,-12.));
#4751=CARTESIAN_POINT('Ctrl Pts',(-0.935422686812293,1.07414558730629,-12.));
#4752=CARTESIAN_POINT('Ctrl Pts',(-0.926985908301481,1.08317449287554,-12.));
#4753=CARTESIAN_POINT('Ctrl Pts',(-0.91843667969837,1.09209239849638,-12.));
#4754=CARTESIAN_POINT('Ctrl Pts',(-0.90977931048898,1.10089444657532,-12.));
#4755=CARTESIAN_POINT('Ctrl Pts',(-0.868502772272899,1.14286078359098,-12.));
#4756=CARTESIAN_POINT('Ctrl Pts',(-0.824755546849874,1.18221268296893,-12.));
#4757=CARTESIAN_POINT('Ctrl Pts',(-0.778735176855473,1.21866883973907,-12.));
#4758=CARTESIAN_POINT('Ctrl Pts',(-0.732714806861072,1.25512499650921,-12.));
#4759=CARTESIAN_POINT('Ctrl Pts',(-0.684420761209017,1.28868653791092,-12.));
#4760=CARTESIAN_POINT('Ctrl Pts',(-0.634007094575177,1.31904027763687,-12.));
#4761=CARTESIAN_POINT('Ctrl Pts',(-0.635548257493474,1.32096862995681,-7.11236625150491E-17));
#4762=CARTESIAN_POINT('Ctrl Pts',(-0.666856076344317,1.30231532019863,-7.07189792515841E-17));
#4763=CARTESIAN_POINT('Ctrl Pts',(-0.697367110398527,1.28244277817641,-1.34719496518002E-16));
#4764=CARTESIAN_POINT('Ctrl Pts',(-0.727000184789455,1.26134635666974,-8.41340885848751E-17));
#4765=CARTESIAN_POINT('Ctrl Pts',(-0.774037544334634,1.22785945111162,1.00392497048145E-17));
#4766=CARTESIAN_POINT('Ctrl Pts',(-0.818865022022055,1.19129003669624,4.17740613846733E-17));
#4767=CARTESIAN_POINT('Ctrl Pts',(-0.861330991234764,1.15195174613768,1.04083408558608E-16));
#4768=CARTESIAN_POINT('Ctrl Pts',(-0.883635175180353,1.13129029686454,1.3680982848172E-16));
#4769=CARTESIAN_POINT('Ctrl Pts',(-0.905287220360351,1.10986449243509,-5.24803262289847E-17));
#4770=CARTESIAN_POINT('Ctrl Pts',(-0.926260218856578,1.08771717661742,-3.12250225675825E-17));
#4771=CARTESIAN_POINT('Ctrl Pts',(-0.934770461256529,1.07873042986537,-2.26002288130972E-17));
#4772=CARTESIAN_POINT('Ctrl Pts',(-0.943168802835536,1.06962474491699,1.55022245422157E-16));
#4773=CARTESIAN_POINT('Ctrl Pts',(-0.95144386581654,1.06041396563876,1.35308431126191E-16));
#4774=CARTESIAN_POINT('Ctrl Pts',(-0.989922600616921,1.01758418489085,4.36399285492614E-17));
#4775=CARTESIAN_POINT('Ctrl Pts',(-1.02579412707288,0.972427346104566,7.22550426689876E-17));
#4776=CARTESIAN_POINT('Ctrl Pts',(-1.05890662344829,0.9252556998848,1.73472347597681E-16));
#4777=CARTESIAN_POINT('Ctrl Pts',(-1.08092015812058,0.893895495029349,2.407626728641E-16));
#4778=CARTESIAN_POINT('Ctrl Pts',(-1.10171336979694,0.86164415729049,-2.50294084698745E-16));
#4779=CARTESIAN_POINT('Ctrl Pts',(-1.12122958201757,0.828589320602196,-3.05311331771918E-16));
#4780=CARTESIAN_POINT('Ctrl Pts',(-1.12936957314371,0.814802522514695,-3.28258402540433E-16));
#4781=CARTESIAN_POINT('Ctrl Pts',(-1.13728729202726,0.800875923118629,-1.02196506013087E-16));
#4782=CARTESIAN_POINT('Ctrl Pts',(-1.14497808962578,0.786815824870475,-1.11022302462516E-16));
#4783=CARTESIAN_POINT('Ctrl Pts',(-1.15152534463,0.77484631879055,-1.18535793648502E-16));
#4784=CARTESIAN_POINT('Ctrl Pts',(-1.15790949752801,0.762777086014049,-2.80031512374697E-17));
#4785=CARTESIAN_POINT('Ctrl Pts',(-1.16411641093958,0.750634641976805,-1.38777878078145E-17));
#4786=CARTESIAN_POINT('Ctrl Pts',(-1.18972371744086,0.700539648617202,4.43979584126457E-17));
#4787=CARTESIAN_POINT('Ctrl Pts',(-1.21236063961358,0.649125620142705,1.0856547978834E-16));
#4788=CARTESIAN_POINT('Ctrl Pts',(-1.23188200304045,0.596680836269975,7.63278329429795E-17));
#4789=CARTESIAN_POINT('Ctrl Pts',(-1.25091172107902,0.545556873877173,4.49020909863687E-17));
#4790=CARTESIAN_POINT('Ctrl Pts',(-1.26698095959388,0.493452382702708,3.01288211893799E-17));
#4791=CARTESIAN_POINT('Ctrl Pts',(-1.27990694641135,0.440628874106067,5.55111512312578E-17));
#4792=CARTESIAN_POINT('Ctrl Pts',(-1.2874538214603,0.409787714769032,7.03306985495623E-17));
#4793=CARTESIAN_POINT('Ctrl Pts',(-1.2939282935926,0.378701429413865,6.23445498131311E-18));
#4794=CARTESIAN_POINT('Ctrl Pts',(-1.29928580713393,0.347423215475711,-1.38777878078145E-17));
#4795=CARTESIAN_POINT('Ctrl Pts',(-1.30280541535197,0.326875052979556,-2.70904870306754E-17));
#4796=CARTESIAN_POINT('Ctrl Pts',(-1.30584284037794,0.306244081320377,1.32519231077842E-16));
#4797=CARTESIAN_POINT('Ctrl Pts',(-1.30838394918393,0.285545833524644,1.38777878078145E-16));
#4798=CARTESIAN_POINT('Ctrl Pts',(-1.3099047559151,0.273158314148432,1.42523562821619E-16));
#4799=CARTESIAN_POINT('Ctrl Pts',(-1.31124793147017,0.260743352578934,3.94136983902736E-17));
#4800=CARTESIAN_POINT('Ctrl Pts',(-1.31240830962767,0.24832980608228,4.16333634234434E-17));
#4801=CARTESIAN_POINT('Ctrl Pts',(-1.31731501215047,0.195838659538143,5.10193001955348E-17));
#4802=CARTESIAN_POINT('Ctrl Pts',(-1.3189700670959,0.143282866456044,1.15530884500951E-16));
#4803=CARTESIAN_POINT('Ctrl Pts',(-1.31721326509239,0.0909062500599837,
8.32667268468867E-17));
#4804=CARTESIAN_POINT('Ctrl Pts',(-1.31690963243564,0.0818538633048465,
7.76904286147757E-17));
#4805=CARTESIAN_POINT('Ctrl Pts',(-1.31650395899961,0.0728068449563244,
1.5984189581524E-16));
#4806=CARTESIAN_POINT('Ctrl Pts',(-1.31599525924547,0.0637664810093833,
1.66533453693773E-16));
#4807=CARTESIAN_POINT('Ctrl Pts',(-1.31300670800795,0.0106554058776161,
2.06441207486083E-16));
#4808=CARTESIAN_POINT('Ctrl Pts',(-1.30646601450323,-0.0422277571906007,
2.41578053327483E-16));
#4809=CARTESIAN_POINT('Ctrl Pts',(-1.29653146825275,-0.0946067920435018,
3.05311331771918E-16));
#4810=CARTESIAN_POINT('Ctrl Pts',(-1.29174928379348,-0.119820445505902,
3.35990568249519E-16));
#4811=CARTESIAN_POINT('Ctrl Pts',(-1.28618000305708,-0.14491695982278,-9.50810193014472E-17));
#4812=CARTESIAN_POINT('Ctrl Pts',(-1.27983784567091,-0.16986321645703,-1.2490009027033E-16));
#4813=CARTESIAN_POINT('Ctrl Pts',(-1.27618446862691,-0.184233418230944,
-1.4207725928675E-16));
#4814=CARTESIAN_POINT('Ctrl Pts',(-1.27227459023783,-0.198553728160928,
-1.3002804900856E-16));
#4815=CARTESIAN_POINT('Ctrl Pts',(-1.26811064252149,-0.212817522993718,
-1.52655665885959E-16));
#4816=CARTESIAN_POINT('Ctrl Pts',(-1.2645455116236,-0.225030043213379,-1.72029207911585E-16));
#4817=CARTESIAN_POINT('Ctrl Pts',(-1.26079269029716,-0.237205071399328,
2.36546068656788E-17));
#4818=CARTESIAN_POINT('Ctrl Pts',(-1.25686262067469,-0.249311978144005,
2.77555756156289E-17));
#4819=CARTESIAN_POINT('Ctrl Pts',(-1.24064994823237,-0.299256465696694,
4.46732563251065E-17));
#4820=CARTESIAN_POINT('Ctrl Pts',(-1.22140229468067,-0.348127622542431,
2.07337346016832E-16));
#4821=CARTESIAN_POINT('Ctrl Pts',(-1.1992935939046,-0.395668362640908,2.35922392732846E-16));
#4822=CARTESIAN_POINT('Ctrl Pts',(-1.17727060572756,-0.443024793383745,
2.64396618886742E-16));
#4823=CARTESIAN_POINT('Ctrl Pts',(-1.15240792179467,-0.489062008777647,
8.78537178406216E-18));
#4824=CARTESIAN_POINT('Ctrl Pts',(-1.12483764105016,-0.533493777845295,
-1.38777878078145E-17));
#4825=CARTESIAN_POINT('Ctrl Pts',(-1.11014807668184,-0.557167215840572,
-2.59528168834857E-17));
#4826=CARTESIAN_POINT('Ctrl Pts',(-1.09468927473088,-0.580384271620114,
1.95837109960129E-16));
#4827=CARTESIAN_POINT('Ctrl Pts',(-1.07847772677141,-0.603096574845637,
1.94289029309402E-16));
#4828=CARTESIAN_POINT('Ctrl Pts',(-1.06839368558552,-0.617224269605267,
1.93326079375193E-16));
#4829=CARTESIAN_POINT('Ctrl Pts',(-1.05801834885093,-0.63115659094946,2.68889206748405E-16));
#4830=CARTESIAN_POINT('Ctrl Pts',(-1.04735531794324,-0.644881079659274,
2.77555756156289E-16));
#4831=CARTESIAN_POINT('Ctrl Pts',(-1.03985007963633,-0.654541143415937,
2.83655758976108E-16));
#4832=CARTESIAN_POINT('Ctrl Pts',(-1.03219981010056,-0.664101028390431,
2.48580179976696E-16));
#4833=CARTESIAN_POINT('Ctrl Pts',(-1.02442295443988,-0.673535947279594,
2.4980018054066E-16));
#4834=CARTESIAN_POINT('Ctrl Pts',(-0.992346937847044,-0.712450725699714,
2.548321317611E-16));
#4835=CARTESIAN_POINT('Ctrl Pts',(-0.958068229686231,-0.749312395281956,
4.2791516594237E-16));
#4836=CARTESIAN_POINT('Ctrl Pts',(-0.921716412721577,-0.783868796276195,
3.60822483003176E-16));
#4837=CARTESIAN_POINT('Ctrl Pts',(-0.88606804369989,-0.817756492616156,
2.9502811783026E-16));
#4838=CARTESIAN_POINT('Ctrl Pts',(-0.848425279940171,-0.849427865128126,
1.56188814913536E-16));
#4839=CARTESIAN_POINT('Ctrl Pts',(-0.808886479859907,-0.878601397749818,
8.32667268468867E-17));
#4840=CARTESIAN_POINT('Ctrl Pts',(-0.769347679779642,-0.907774930371509,
1.0344638780238E-17));
#4841=CARTESIAN_POINT('Ctrl Pts',(-0.727912215702094,-0.934451308237781,
2.7810404253273E-16));
#4842=CARTESIAN_POINT('Ctrl Pts',(-0.684664424539452,-0.958295198918403,
2.77555756156289E-16));
#4843=CARTESIAN_POINT('Ctrl Pts',(-0.634007094575177,1.31904027763687,-12.));
#4844=CARTESIAN_POINT('Ctrl Pts',(-1.07331251084364,1.10788467054767,-11.9734967803063));
#4845=CARTESIAN_POINT('Ctrl Pts',(-1.39500163414852,0.661827542239386,-11.9469935606126));
#4846=CARTESIAN_POINT('Ctrl Pts',(-1.45457247118392,0.181140365563688,-11.9204903409188));
#4847=CARTESIAN_POINT('Ctrl Pts',(-1.51414330821931,-0.299546811112037,
-11.8939871212251));
#4848=CARTESIAN_POINT('Ctrl Pts',(-1.3115958589852,-0.814864036155197,-11.8674839015314));
#4849=CARTESIAN_POINT('Ctrl Pts',(-0.939126633740478,-1.12595631864196,
-11.8409806818376));
#4850=CARTESIAN_POINT('Ctrl Pts',(-0.566657408495792,-1.43704860112869,
-11.8144774621439));
#4851=CARTESIAN_POINT('Ctrl Pts',(-0.0242664072405627,-1.54391594105908,
-11.7879742424502));
#4852=CARTESIAN_POINT('Ctrl Pts',(0.438729238392548,-1.3985835057348,-11.7614710227565));
#4853=CARTESIAN_POINT('Ctrl Pts',(0.901724884025685,-1.25325107041051,-11.7349678030627));
#4854=CARTESIAN_POINT('Ctrl Pts',(1.28532517403667,-0.85571885983149,-11.708464583369));
#4855=CARTESIAN_POINT('Ctrl Pts',(1.4136563198089,-0.387899744719417,-11.6819613636753));
#4856=CARTESIAN_POINT('Ctrl Pts',(1.44804540172941,-0.262537582815855,-11.6748592577311));
#4857=CARTESIAN_POINT('Ctrl Pts',(1.46410394013631,-0.132128210189577,-11.667757151787));
#4858=CARTESIAN_POINT('Ctrl Pts',(1.46295112232382,-0.00142968716573807,
-11.6606550458429));
#4859=CARTESIAN_POINT('Origin',(0.,0.,0.));
#4860=CARTESIAN_POINT('Origin',(0.,0.,-12.));
#4861=CARTESIAN_POINT('Origin',(0.,0.,0.));
#4862=CARTESIAN_POINT('',(-1.5,1.83697019872103E-16,-1.12481983699639E-32));
#4863=CARTESIAN_POINT('Origin',(0.,0.,0.));
#4864=CARTESIAN_POINT('',(-2.1,2.57175827820944E-16,-1.57474777179495E-32));
#4865=CARTESIAN_POINT('Origin',(-1.8,2.20436423846524E-16,-2.69956760879134E-32));
#4866=CARTESIAN_POINT('Origin',(0.,0.,0.));
#4867=CARTESIAN_POINT('Origin',(0.,0.,0.));
#4868=CARTESIAN_POINT('Origin',(0.,0.,-12.));
#4869=CARTESIAN_POINT('Origin',(-1.45022882591661E-13,1.44337567297406,
3.));
#4870=CARTESIAN_POINT('',(-1.45229111797706E-13,1.44337567297406,3.));
#4871=CARTESIAN_POINT('',(1.24999999999993,0.721687836487175,3.));
#4872=CARTESIAN_POINT('',(0.312499999999869,1.26295371385234,3.));
#4873=CARTESIAN_POINT('',(-1.45300438347817E-13,1.44337567297406,1.7));
#4874=CARTESIAN_POINT('',(-1.45229111797706E-13,1.44337567297406,3.));
#4875=CARTESIAN_POINT('',(1.24999999999993,0.721687836487175,1.7));
#4876=CARTESIAN_POINT('',(1.24999999999993,0.721687836487175,1.7));
#4877=CARTESIAN_POINT('',(1.24999999999993,0.721687836487175,3.));
#4878=CARTESIAN_POINT('Origin',(-1.25000000000007,0.721687836486906,3.));
#4879=CARTESIAN_POINT('',(-1.25000000000007,0.721687836486906,3.));
#4880=CARTESIAN_POINT('',(-0.937500000000091,0.902109795608696,3.));
#4881=CARTESIAN_POINT('',(-1.25000000000007,0.721687836486906,1.7));
#4882=CARTESIAN_POINT('',(-1.25000000000007,0.721687836486906,3.));
#4883=CARTESIAN_POINT('',(-1.45229111797706E-13,1.44337567297406,1.7));
#4884=CARTESIAN_POINT('Origin',(-1.24999999999993,-0.721687836487108,3.));
#4885=CARTESIAN_POINT('',(-1.24999999999993,-0.721687836487108,3.));
#4886=CARTESIAN_POINT('',(-1.24999999999996,-0.360843918243617,3.));
#4887=CARTESIAN_POINT('',(-1.24999999999993,-0.721687836487108,1.7));
#4888=CARTESIAN_POINT('',(-1.24999999999993,-0.721687836487108,3.));
#4889=CARTESIAN_POINT('',(-1.25000000000007,0.721687836486906,1.7));
#4890=CARTESIAN_POINT('Origin',(1.44606548957427E-13,-1.44337567297406,
3.));
#4891=CARTESIAN_POINT('',(1.44727979600745E-13,-1.44337567297406,3.));
#4892=CARTESIAN_POINT('',(-0.312499999999884,-1.26295371385232,3.));
#4893=CARTESIAN_POINT('',(1.44745326835505E-13,-1.44337567297406,1.7));
#4894=CARTESIAN_POINT('',(1.44727979600745E-13,-1.44337567297406,3.));
#4895=CARTESIAN_POINT('',(-1.24999999999993,-0.721687836487108,1.7));
#4896=CARTESIAN_POINT('Origin',(1.24999999999993,-0.721687836486907,3.));
#4897=CARTESIAN_POINT('',(1.24999999999993,-0.721687836486907,3.));
#4898=CARTESIAN_POINT('',(0.937500000000036,-0.902109795608665,3.));
#4899=CARTESIAN_POINT('',(1.24999999999993,-0.721687836486907,1.7));
#4900=CARTESIAN_POINT('',(1.24999999999993,-0.721687836486907,3.));
#4901=CARTESIAN_POINT('',(1.44727979600745E-13,-1.44337567297406,1.7));
#4902=CARTESIAN_POINT('Origin',(1.24999999999993,0.721687836487175,3.));
#4903=CARTESIAN_POINT('',(1.24999999999993,0.360843918243588,3.));
#4904=CARTESIAN_POINT('',(1.24999999999993,-0.721687836486907,1.7));
#4905=CARTESIAN_POINT('Origin',(-7.27196081129478E-14,2.77555756156289E-16,
1.7));
#4906=CARTESIAN_POINT('Origin',(0.,0.,0.));
#4907=CARTESIAN_POINT('',(-2.75,-3.36777869765522E-16,3.));
#4908=CARTESIAN_POINT('Origin',(0.,0.,3.));
#4909=CARTESIAN_POINT('',(-2.75,-3.36777869765522E-16,0.));
#4910=CARTESIAN_POINT('',(-2.75,-3.36777869765522E-16,0.));
#4911=CARTESIAN_POINT('Origin',(0.,0.,0.));
#4912=CARTESIAN_POINT('Origin',(0.,0.,3.));
#4913=CARTESIAN_POINT('Origin',(0.,0.,0.));
#4914=UNCERTAINTY_MEASURE_WITH_UNIT(LENGTH_MEASURE(0.01),#4918,
'DISTANCE_ACCURACY_VALUE',
'Maximum model space distance between geometric entities at asserted c
onnectivities');
#4915=UNCERTAINTY_MEASURE_WITH_UNIT(LENGTH_MEASURE(0.01),#4918,
'DISTANCE_ACCURACY_VALUE',
'Maximum model space distance between geometric entities at asserted c
onnectivities');
#4916=(
GEOMETRIC_REPRESENTATION_CONTEXT(3)
GLOBAL_UNCERTAINTY_ASSIGNED_CONTEXT((#4914))
GLOBAL_UNIT_ASSIGNED_CONTEXT((#4918,#4920,#4921))
REPRESENTATION_CONTEXT('','3D')
);
#4917=(
GEOMETRIC_REPRESENTATION_CONTEXT(3)
GLOBAL_UNCERTAINTY_ASSIGNED_CONTEXT((#4915))
GLOBAL_UNIT_ASSIGNED_CONTEXT((#4918,#4920,#4921))
REPRESENTATION_CONTEXT('','3D')
);
#4918=(
LENGTH_UNIT()
NAMED_UNIT(*)
SI_UNIT(.MILLI.,.METRE.)
);
#4919=(
LENGTH_UNIT()
NAMED_UNIT(*)
SI_UNIT($,.METRE.)
);
#4920=(
NAMED_UNIT(*)
PLANE_ANGLE_UNIT()
SI_UNIT($,.RADIAN.)
);
#4921=(
NAMED_UNIT(*)
SI_UNIT($,.STERADIAN.)
SOLID_ANGLE_UNIT()
);
#4922=SHAPE_DEFINITION_REPRESENTATION(#4923,#4924);
#4923=PRODUCT_DEFINITION_SHAPE('',$,#4926);
#4924=SHAPE_REPRESENTATION('',(#1201),#4916);
#4925=PRODUCT_DEFINITION_CONTEXT('part definition',#4930,'design');
#4926=PRODUCT_DEFINITION('SSCBOR SCRIPT','SSCBOR SCRIPT v2',#4927,#4925);
#4927=PRODUCT_DEFINITION_FORMATION('',$,#4932);
#4928=PRODUCT_RELATED_PRODUCT_CATEGORY('SSCBOR SCRIPT v2',
'SSCBOR SCRIPT v2',(#4932));
#4929=APPLICATION_PROTOCOL_DEFINITION('international standard',
'automotive_design',2009,#4930);
#4930=APPLICATION_CONTEXT(
'Core Data for Automotive Mechanical Design Process');
#4931=PRODUCT_CONTEXT('part definition',#4930,'mechanical');
#4932=PRODUCT('SSCBOR SCRIPT','SSCBOR SCRIPT v2',$,(#4931));
#4933=PRESENTATION_STYLE_ASSIGNMENT((#4934));
#4934=SURFACE_STYLE_USAGE(.BOTH.,#4935);
#4935=SURFACE_SIDE_STYLE('',(#4936));
#4936=SURFACE_STYLE_FILL_AREA(#4937);
#4937=FILL_AREA_STYLE('Steel - Satin',(#4938));
#4938=FILL_AREA_STYLE_COLOUR('Steel - Satin',#4939);
#4939=COLOUR_RGB('Steel - Satin',0.627450980392157,0.627450980392157,0.627450980392157);
ENDSEC;
END-ISO-10303-21;
