ISO-10303-21;
HEADER;
/* Generated by software containing ST-Developer
 * from STEP Tools, Inc. (www.steptools.com) 
 */

FILE_DESCRIPTION(
/* description */ (''),
/* implementation_level */ '2;1');

FILE_NAME(
/* name */ '606034-SSCSOR-M3-10-A2.stp',
/* time_stamp */ '2023-05-25T11:25:34+01:00',
/* author */ (''),
/* organization */ (''),
/* preprocessor_version */ 'ST-DEVELOPER v19.2',
/* originating_system */ 'Autodesk Translation Framework v12.4.0.73',
/* authorisation */ '');

FILE_SCHEMA (('AUTOMOTIVE_DESIGN { 1 0 10303 214 3 1 1 }'));
ENDSEC;

DATA;
#10=MECHANICAL_DESIGN_GEOMETRIC_PRESENTATION_REPRESENTATION('',(#13),#4240);
#11=SHAPE_REPRESENTATION_RELATIONSHIP('SRR','None',#4247,#12);
#12=ADVANCED_BREP_SHAPE_REPRESENTATION('',(#14),#4239);
#13=STYLED_ITEM('',(#4256),#14);
#14=MANIFOLD_SOLID_BREP('Body1',#1036);
#15=FACE_BOUND('',#135,.T.);
#16=FACE_BOUND('',#146,.T.);
#17=FACE_BOUND('',#148,.T.);
#18=PLANE('',#1100);
#19=PLANE('',#1101);
#20=PLANE('',#1102);
#21=PLANE('',#1103);
#22=PLANE('',#1104);
#23=PLANE('',#1105);
#24=PLANE('',#1106);
#25=PLANE('',#1107);
#26=PLANE('',#1108);
#27=PLANE('',#1112);
#28=PLANE('',#1113);
#29=TOROIDAL_SURFACE('',#1096,1.8,0.3);
#30=B_SPLINE_SURFACE_WITH_KNOTS('',3,3,((#2754,#2755,#2756,#2757,#2758,
#2759,#2760,#2761,#2762,#2763,#2764,#2765,#2766,#2767,#2768,#2769,#2770,
#2771,#2772,#2773,#2774,#2775,#2776,#2777,#2778,#2779,#2780,#2781,#2782,
#2783,#2784,#2785,#2786,#2787,#2788,#2789,#2790,#2791,#2792,#2793,#2794,
#2795,#2796,#2797,#2798,#2799,#2800,#2801,#2802,#2803,#2804,#2805,#2806,
#2807,#2808,#2809,#2810,#2811,#2812,#2813,#2814,#2815,#2816,#2817,#2818,
#2819,#2820,#2821,#2822,#2823,#2824,#2825,#2826,#2827,#2828,#2829,#2830,
#2831,#2832,#2833,#2834,#2835,#2836,#2837,#2838,#2839,#2840,#2841,#2842,
#2843,#2844,#2845,#2846,#2847,#2848,#2849,#2850,#2851,#2852,#2853,#2854,
#2855,#2856,#2857,#2858,#2859,#2860,#2861,#2862,#2863,#2864,#2865,#2866,
#2867,#2868,#2869,#2870,#2871,#2872,#2873,#2874,#2875,#2876,#2877,#2878,
#2879,#2880,#2881,#2882,#2883,#2884),(#2885,#2886,#2887,#2888,#2889,#2890,
#2891,#2892,#2893,#2894,#2895,#2896,#2897,#2898,#2899,#2900,#2901,#2902,
#2903,#2904,#2905,#2906,#2907,#2908,#2909,#2910,#2911,#2912,#2913,#2914,
#2915,#2916,#2917,#2918,#2919,#2920,#2921,#2922,#2923,#2924,#2925,#2926,
#2927,#2928,#2929,#2930,#2931,#2932,#2933,#2934,#2935,#2936,#2937,#2938,
#2939,#2940,#2941,#2942,#2943,#2944,#2945,#2946,#2947,#2948,#2949,#2950,
#2951,#2952,#2953,#2954,#2955,#2956,#2957,#2958,#2959,#2960,#2961,#2962,
#2963,#2964,#2965,#2966,#2967,#2968,#2969,#2970,#2971,#2972,#2973,#2974,
#2975,#2976,#2977,#2978,#2979,#2980,#2981,#2982,#2983,#2984,#2985,#2986,
#2987,#2988,#2989,#2990,#2991,#2992,#2993,#2994,#2995,#2996,#2997,#2998,
#2999,#3000,#3001,#3002,#3003,#3004,#3005,#3006,#3007,#3008,#3009,#3010,
#3011,#3012,#3013,#3014,#3015),(#3016,#3017,#3018,#3019,#3020,#3021,#3022,
#3023,#3024,#3025,#3026,#3027,#3028,#3029,#3030,#3031,#3032,#3033,#3034,
#3035,#3036,#3037,#3038,#3039,#3040,#3041,#3042,#3043,#3044,#3045,#3046,
#3047,#3048,#3049,#3050,#3051,#3052,#3053,#3054,#3055,#3056,#3057,#3058,
#3059,#3060,#3061,#3062,#3063,#3064,#3065,#3066,#3067,#3068,#3069,#3070,
#3071,#3072,#3073,#3074,#3075,#3076,#3077,#3078,#3079,#3080,#3081,#3082,
#3083,#3084,#3085,#3086,#3087,#3088,#3089,#3090,#3091,#3092,#3093,#3094,
#3095,#3096,#3097,#3098,#3099,#3100,#3101,#3102,#3103,#3104,#3105,#3106,
#3107,#3108,#3109,#3110,#3111,#3112,#3113,#3114,#3115,#3116,#3117,#3118,
#3119,#3120,#3121,#3122,#3123,#3124,#3125,#3126,#3127,#3128,#3129,#3130,
#3131,#3132,#3133,#3134,#3135,#3136,#3137,#3138,#3139,#3140,#3141,#3142,
#3143,#3144,#3145,#3146),(#3147,#3148,#3149,#3150,#3151,#3152,#3153,#3154,
#3155,#3156,#3157,#3158,#3159,#3160,#3161,#3162,#3163,#3164,#3165,#3166,
#3167,#3168,#3169,#3170,#3171,#3172,#3173,#3174,#3175,#3176,#3177,#3178,
#3179,#3180,#3181,#3182,#3183,#3184,#3185,#3186,#3187,#3188,#3189,#3190,
#3191,#3192,#3193,#3194,#3195,#3196,#3197,#3198,#3199,#3200,#3201,#3202,
#3203,#3204,#3205,#3206,#3207,#3208,#3209,#3210,#3211,#3212,#3213,#3214,
#3215,#3216,#3217,#3218,#3219,#3220,#3221,#3222,#3223,#3224,#3225,#3226,
#3227,#3228,#3229,#3230,#3231,#3232,#3233,#3234,#3235,#3236,#3237,#3238,
#3239,#3240,#3241,#3242,#3243,#3244,#3245,#3246,#3247,#3248,#3249,#3250,
#3251,#3252,#3253,#3254,#3255,#3256,#3257,#3258,#3259,#3260,#3261,#3262,
#3263,#3264,#3265,#3266,#3267,#3268,#3269,#3270,#3271,#3272,#3273,#3274,
#3275,#3276,#3277)),.UNSPECIFIED.,.F.,.F.,.F.,(4,4),(4,1,1,1,1,1,1,1,1,
1,1,1,1,1,1,1,1,1,1,1,1,1,1,1,1,1,1,1,1,1,1,1,1,1,1,1,1,1,1,1,1,1,1,1,1,
1,1,1,1,1,1,1,1,1,1,1,1,1,1,1,1,1,1,1,1,1,1,1,1,1,1,1,1,1,1,1,1,1,1,1,1,
1,1,1,1,1,1,1,1,1,1,1,1,1,1,1,1,1,1,1,1,1,1,1,1,1,1,1,1,1,1,1,1,1,1,1,1,
1,1,1,1,1,1,1,1,1,1,1,4),(0.,0.0329955678841871),(8.30203615430831,9.29998052006543,
10.2979248858226,11.2958692515797,12.2938136173368,13.2917579830939,14.289702348851,
15.2876467146082,16.2855910803653,17.2835354461224,18.2814798118795,19.2794241776366,
20.2773685433938,21.2753129091509,22.273257274908,23.2712016406651,24.2691460064222,
25.2670903721794,26.2650347379365,27.2629791036936,28.2609234694507,29.2588678352079,
30.256812200965,31.2547565667221,32.2527009324792,33.2506452982363,34.2485896639935,
35.2465340297506,36.2444783955077,37.2424227612648,38.2403671270219,39.2383114927791,
40.2362558585362,41.2342002242933,42.2321445900504,43.2300889558076,44.2280333215647,
45.2259776873218,46.2239220530789,47.221866418836,48.2198107845932,49.2177551503503,
50.2156995161074,51.2136438818645,52.2115882476216,53.2095326133788,54.2074769791359,
55.205421344893,56.2033657106501,57.2013100764072,58.1992544421644,59.1971988079215,
60.1951431736786,61.1930875394357,62.1910319051929,63.18897627095,64.1869206367071,
65.1848650024642,66.1828093682213,67.1807537339785,68.1786980997356,69.1766424654927,
70.1745868312498,71.1725311970069,72.1704755627641,73.1684199285212,74.1663642942783,
75.1643086600354,76.1622530257926,77.1601973915497,78.1581417573068,79.1560861230639,
80.154030488821,81.1519748545782,82.1499192203353,83.1478635860924,84.1458079518495,
85.1437523176066,86.1416966833638,87.1396410491209,88.137585414878,89.1355297806351,
90.1334741463922,91.1314185121494,92.1293628779065,93.1273072436636,94.1252516094207,
95.1231959751779,96.121140340935,97.1190847066921,98.1170290724492,99.1149734382063,
100.112917803963,101.110862169721,102.108806535478,103.106750901235,104.104695266992,
105.102639632749,106.100583998506,107.098528364263,108.09647273002,109.094417095778,
110.092361461535,111.090305827292,112.088250193049,113.086194558806,114.084138924563,
115.08208329032,116.080027656077,117.077972021835,118.075916387592,119.073860753349,
120.071805119106,121.069749484863,122.06769385062,123.065638216377,124.063582582134,
125.061526947891,126.059471313649,127.057415679406,128.055360045163,129.05330441092,
130.051248776677,131.049193142434,132.047137508191,133.045081873948,134.043026239706,
135.040970605463,136.03891497122),.UNSPECIFIED.);
#31=B_SPLINE_SURFACE_WITH_KNOTS('',3,3,((#3480,#3481,#3482,#3483,#3484,
#3485,#3486,#3487,#3488,#3489,#3490,#3491,#3492,#3493,#3494,#3495,#3496,
#3497,#3498,#3499,#3500,#3501,#3502,#3503,#3504,#3505,#3506,#3507,#3508,
#3509,#3510,#3511,#3512,#3513,#3514,#3515,#3516,#3517,#3518,#3519,#3520,
#3521,#3522,#3523,#3524,#3525,#3526,#3527,#3528,#3529,#3530,#3531,#3532,
#3533,#3534,#3535,#3536,#3537,#3538,#3539,#3540,#3541,#3542,#3543,#3544,
#3545,#3546,#3547,#3548,#3549,#3550,#3551,#3552,#3553,#3554,#3555,#3556,
#3557,#3558,#3559,#3560,#3561,#3562,#3563,#3564,#3565,#3566,#3567,#3568,
#3569,#3570,#3571,#3572,#3573,#3574,#3575,#3576,#3577,#3578,#3579,#3580,
#3581,#3582,#3583,#3584,#3585,#3586,#3587,#3588,#3589,#3590,#3591,#3592,
#3593,#3594,#3595,#3596,#3597,#3598,#3599,#3600,#3601,#3602,#3603,#3604,
#3605,#3606,#3607,#3608,#3609,#3610),(#3611,#3612,#3613,#3614,#3615,#3616,
#3617,#3618,#3619,#3620,#3621,#3622,#3623,#3624,#3625,#3626,#3627,#3628,
#3629,#3630,#3631,#3632,#3633,#3634,#3635,#3636,#3637,#3638,#3639,#3640,
#3641,#3642,#3643,#3644,#3645,#3646,#3647,#3648,#3649,#3650,#3651,#3652,
#3653,#3654,#3655,#3656,#3657,#3658,#3659,#3660,#3661,#3662,#3663,#3664,
#3665,#3666,#3667,#3668,#3669,#3670,#3671,#3672,#3673,#3674,#3675,#3676,
#3677,#3678,#3679,#3680,#3681,#3682,#3683,#3684,#3685,#3686,#3687,#3688,
#3689,#3690,#3691,#3692,#3693,#3694,#3695,#3696,#3697,#3698,#3699,#3700,
#3701,#3702,#3703,#3704,#3705,#3706,#3707,#3708,#3709,#3710,#3711,#3712,
#3713,#3714,#3715,#3716,#3717,#3718,#3719,#3720,#3721,#3722,#3723,#3724,
#3725,#3726,#3727,#3728,#3729,#3730,#3731,#3732,#3733,#3734,#3735,#3736,
#3737,#3738,#3739,#3740,#3741),(#3742,#3743,#3744,#3745,#3746,#3747,#3748,
#3749,#3750,#3751,#3752,#3753,#3754,#3755,#3756,#3757,#3758,#3759,#3760,
#3761,#3762,#3763,#3764,#3765,#3766,#3767,#3768,#3769,#3770,#3771,#3772,
#3773,#3774,#3775,#3776,#3777,#3778,#3779,#3780,#3781,#3782,#3783,#3784,
#3785,#3786,#3787,#3788,#3789,#3790,#3791,#3792,#3793,#3794,#3795,#3796,
#3797,#3798,#3799,#3800,#3801,#3802,#3803,#3804,#3805,#3806,#3807,#3808,
#3809,#3810,#3811,#3812,#3813,#3814,#3815,#3816,#3817,#3818,#3819,#3820,
#3821,#3822,#3823,#3824,#3825,#3826,#3827,#3828,#3829,#3830,#3831,#3832,
#3833,#3834,#3835,#3836,#3837,#3838,#3839,#3840,#3841,#3842,#3843,#3844,
#3845,#3846,#3847,#3848,#3849,#3850,#3851,#3852,#3853,#3854,#3855,#3856,
#3857,#3858,#3859,#3860,#3861,#3862,#3863,#3864,#3865,#3866,#3867,#3868,
#3869,#3870,#3871,#3872),(#3873,#3874,#3875,#3876,#3877,#3878,#3879,#3880,
#3881,#3882,#3883,#3884,#3885,#3886,#3887,#3888,#3889,#3890,#3891,#3892,
#3893,#3894,#3895,#3896,#3897,#3898,#3899,#3900,#3901,#3902,#3903,#3904,
#3905,#3906,#3907,#3908,#3909,#3910,#3911,#3912,#3913,#3914,#3915,#3916,
#3917,#3918,#3919,#3920,#3921,#3922,#3923,#3924,#3925,#3926,#3927,#3928,
#3929,#3930,#3931,#3932,#3933,#3934,#3935,#3936,#3937,#3938,#3939,#3940,
#3941,#3942,#3943,#3944,#3945,#3946,#3947,#3948,#3949,#3950,#3951,#3952,
#3953,#3954,#3955,#3956,#3957,#3958,#3959,#3960,#3961,#3962,#3963,#3964,
#3965,#3966,#3967,#3968,#3969,#3970,#3971,#3972,#3973,#3974,#3975,#3976,
#3977,#3978,#3979,#3980,#3981,#3982,#3983,#3984,#3985,#3986,#3987,#3988,
#3989,#3990,#3991,#3992,#3993,#3994,#3995,#3996,#3997,#3998,#3999,#4000,
#4001,#4002,#4003)),.UNSPECIFIED.,.F.,.F.,.F.,(4,4),(4,1,1,1,1,1,1,1,1,
1,1,1,1,1,1,1,1,1,1,1,1,1,1,1,1,1,1,1,1,1,1,1,1,1,1,1,1,1,1,1,1,1,1,1,1,
1,1,1,1,1,1,1,1,1,1,1,1,1,1,1,1,1,1,1,1,1,1,1,1,1,1,1,1,1,1,1,1,1,1,1,1,
1,1,1,1,1,1,1,1,1,1,1,1,1,1,1,1,1,1,1,1,1,1,1,1,1,1,1,1,1,1,1,1,1,1,1,1,
1,1,1,1,1,1,1,1,1,1,1,4),(0.,0.0329955678841871),(11.6159397475003,12.6138841132575,
13.6118284790146,14.6097728447717,15.6077172105288,16.6056615762859,17.6036059420431,
18.6015503078002,19.5994946735573,20.5974390393144,21.5953834050715,22.5933277708287,
23.5912721365858,24.5892165023429,25.5871608681,26.5851052338571,27.5830495996143,
28.5809939653714,29.5789383311285,30.5768826968856,31.5748270626427,32.5727714283999,
33.570715794157,34.5686601599141,35.5666045256712,36.5645488914283,37.5624932571855,
38.5604376229426,39.5583819886997,40.5563263544568,41.5542707202139,42.5522150859711,
43.5501594517282,44.5481038174853,45.5460481832424,46.5439925489996,47.5419369147567,
48.5398812805138,49.5378256462709,50.535770012028,51.5337143777852,52.5316587435423,
53.5296031092994,54.5275474750565,55.5254918408136,56.5234362065708,57.5213805723279,
58.519324938085,59.5172693038421,60.5152136695992,61.5131580353564,62.5111024011135,
63.5090467668706,64.5069911326277,65.5049354983849,66.502879864142,67.5008242298991,
68.4987685956562,69.4967129614133,70.4946573271705,71.4926016929276,72.4905460586847,
73.4884904244418,74.4864347901989,75.4843791559561,76.4823235217132,77.4802678874703,
78.4782122532274,79.4761566189845,80.4741009847417,81.4720453504988,82.4699897162559,
83.467934082013,84.4658784477702,85.4638228135273,86.4617671792844,87.4597115450415,
88.4576559107986,89.4556002765558,90.4535446423129,91.45148900807,92.4494333738271,
93.4473777395842,94.4453221053414,95.4432664710985,96.4412108368556,97.4391552026127,
98.4370995683698,99.435043934127,100.432988299884,101.430932665641,102.428877031398,
103.426821397155,104.424765762913,105.42271012867,106.420654494427,107.418598860184,
108.416543225941,109.414487591698,110.412431957455,111.410376323212,112.40832068897,
113.406265054727,114.404209420484,115.402153786241,116.400098151998,117.398042517755,
118.395986883512,119.393931249269,120.391875615026,121.389819980784,122.387764346541,
123.385708712298,124.383653078055,125.381597443812,126.379541809569,127.377486175326,
128.375430541083,129.373374906841,130.371319272598,131.369263638355,132.367208004112,
133.365152369869,134.363096735626,135.361041101383,136.35898546714,137.356929832898,
138.354874198655,139.352818564412),.UNSPECIFIED.);
#32=FACE_OUTER_BOUND('',#89,.T.);
#33=FACE_OUTER_BOUND('',#90,.T.);
#34=FACE_OUTER_BOUND('',#91,.T.);
#35=FACE_OUTER_BOUND('',#92,.T.);
#36=FACE_OUTER_BOUND('',#93,.T.);
#37=FACE_OUTER_BOUND('',#94,.T.);
#38=FACE_OUTER_BOUND('',#95,.T.);
#39=FACE_OUTER_BOUND('',#96,.T.);
#40=FACE_OUTER_BOUND('',#97,.T.);
#41=FACE_OUTER_BOUND('',#98,.T.);
#42=FACE_OUTER_BOUND('',#99,.T.);
#43=FACE_OUTER_BOUND('',#100,.T.);
#44=FACE_OUTER_BOUND('',#101,.T.);
#45=FACE_OUTER_BOUND('',#102,.T.);
#46=FACE_OUTER_BOUND('',#103,.T.);
#47=FACE_OUTER_BOUND('',#104,.T.);
#48=FACE_OUTER_BOUND('',#105,.T.);
#49=FACE_OUTER_BOUND('',#106,.T.);
#50=FACE_OUTER_BOUND('',#107,.T.);
#51=FACE_OUTER_BOUND('',#108,.T.);
#52=FACE_OUTER_BOUND('',#109,.T.);
#53=FACE_OUTER_BOUND('',#110,.T.);
#54=FACE_OUTER_BOUND('',#111,.T.);
#55=FACE_OUTER_BOUND('',#112,.T.);
#56=FACE_OUTER_BOUND('',#113,.T.);
#57=FACE_OUTER_BOUND('',#114,.T.);
#58=FACE_OUTER_BOUND('',#115,.T.);
#59=FACE_OUTER_BOUND('',#116,.T.);
#60=FACE_OUTER_BOUND('',#117,.T.);
#61=FACE_OUTER_BOUND('',#118,.T.);
#62=FACE_OUTER_BOUND('',#119,.T.);
#63=FACE_OUTER_BOUND('',#120,.T.);
#64=FACE_OUTER_BOUND('',#121,.T.);
#65=FACE_OUTER_BOUND('',#122,.T.);
#66=FACE_OUTER_BOUND('',#123,.T.);
#67=FACE_OUTER_BOUND('',#124,.T.);
#68=FACE_OUTER_BOUND('',#125,.T.);
#69=FACE_OUTER_BOUND('',#126,.T.);
#70=FACE_OUTER_BOUND('',#127,.T.);
#71=FACE_OUTER_BOUND('',#128,.T.);
#72=FACE_OUTER_BOUND('',#129,.T.);
#73=FACE_OUTER_BOUND('',#130,.T.);
#74=FACE_OUTER_BOUND('',#131,.T.);
#75=FACE_OUTER_BOUND('',#132,.T.);
#76=FACE_OUTER_BOUND('',#133,.T.);
#77=FACE_OUTER_BOUND('',#134,.T.);
#78=FACE_OUTER_BOUND('',#136,.T.);
#79=FACE_OUTER_BOUND('',#137,.T.);
#80=FACE_OUTER_BOUND('',#138,.T.);
#81=FACE_OUTER_BOUND('',#139,.T.);
#82=FACE_OUTER_BOUND('',#140,.T.);
#83=FACE_OUTER_BOUND('',#141,.T.);
#84=FACE_OUTER_BOUND('',#142,.T.);
#85=FACE_OUTER_BOUND('',#143,.T.);
#86=FACE_OUTER_BOUND('',#144,.T.);
#87=FACE_OUTER_BOUND('',#145,.T.);
#88=FACE_OUTER_BOUND('',#147,.T.);
#89=EDGE_LOOP('',(#624,#625,#626,#627));
#90=EDGE_LOOP('',(#628,#629,#630,#631));
#91=EDGE_LOOP('',(#632,#633,#634,#635));
#92=EDGE_LOOP('',(#636,#637,#638,#639));
#93=EDGE_LOOP('',(#640,#641,#642,#643));
#94=EDGE_LOOP('',(#644,#645,#646,#647));
#95=EDGE_LOOP('',(#648,#649,#650,#651));
#96=EDGE_LOOP('',(#652,#653,#654,#655));
#97=EDGE_LOOP('',(#656,#657,#658,#659));
#98=EDGE_LOOP('',(#660,#661,#662,#663));
#99=EDGE_LOOP('',(#664,#665,#666,#667));
#100=EDGE_LOOP('',(#668,#669,#670,#671));
#101=EDGE_LOOP('',(#672,#673,#674,#675));
#102=EDGE_LOOP('',(#676,#677,#678,#679));
#103=EDGE_LOOP('',(#680,#681,#682,#683));
#104=EDGE_LOOP('',(#684,#685,#686,#687));
#105=EDGE_LOOP('',(#688,#689,#690,#691));
#106=EDGE_LOOP('',(#692,#693,#694,#695));
#107=EDGE_LOOP('',(#696,#697,#698,#699));
#108=EDGE_LOOP('',(#700,#701,#702,#703));
#109=EDGE_LOOP('',(#704,#705,#706,#707));
#110=EDGE_LOOP('',(#708,#709,#710,#711));
#111=EDGE_LOOP('',(#712,#713,#714,#715));
#112=EDGE_LOOP('',(#716,#717,#718,#719));
#113=EDGE_LOOP('',(#720,#721,#722,#723));
#114=EDGE_LOOP('',(#724,#725,#726,#727));
#115=EDGE_LOOP('',(#728,#729,#730,#731));
#116=EDGE_LOOP('',(#732,#733,#734,#735));
#117=EDGE_LOOP('',(#736,#737,#738,#739));
#118=EDGE_LOOP('',(#740,#741,#742,#743));
#119=EDGE_LOOP('',(#744,#745,#746,#747));
#120=EDGE_LOOP('',(#748,#749,#750,#751));
#121=EDGE_LOOP('',(#752,#753,#754,#755));
#122=EDGE_LOOP('',(#756,#757,#758,#759));
#123=EDGE_LOOP('',(#760,#761,#762,#763));
#124=EDGE_LOOP('',(#764,#765,#766,#767));
#125=EDGE_LOOP('',(#768,#769,#770,#771));
#126=EDGE_LOOP('',(#772,#773,#774,#775));
#127=EDGE_LOOP('',(#776,#777,#778,#779));
#128=EDGE_LOOP('',(#780,#781,#782,#783));
#129=EDGE_LOOP('',(#784,#785,#786,#787,#788,#789,#790,#791,#792,#793,#794,
#795,#796,#797,#798,#799,#800,#801,#802,#803,#804,#805,#806,#807,#808,#809,
#810,#811,#812,#813,#814,#815,#816,#817,#818,#819,#820,#821,#822,#823,#824,
#825,#826,#827));
#130=EDGE_LOOP('',(#828,#829,#830,#831));
#131=EDGE_LOOP('',(#832,#833,#834,#835,#836,#837,#838,#839,#840,#841,#842,
#843,#844,#845,#846,#847,#848,#849,#850,#851,#852,#853,#854,#855,#856,#857,
#858,#859,#860,#861,#862,#863,#864,#865,#866,#867,#868,#869,#870,#871,#872,
#873,#874,#875));
#132=EDGE_LOOP('',(#876,#877,#878,#879));
#133=EDGE_LOOP('',(#880,#881,#882,#883));
#134=EDGE_LOOP('',(#884));
#135=EDGE_LOOP('',(#885,#886,#887,#888));
#136=EDGE_LOOP('',(#889,#890,#891,#892));
#137=EDGE_LOOP('',(#893,#894,#895,#896));
#138=EDGE_LOOP('',(#897,#898,#899,#900));
#139=EDGE_LOOP('',(#901,#902,#903,#904));
#140=EDGE_LOOP('',(#905,#906,#907,#908));
#141=EDGE_LOOP('',(#909,#910,#911,#912));
#142=EDGE_LOOP('',(#913,#914,#915,#916));
#143=EDGE_LOOP('',(#917,#918,#919,#920,#921,#922));
#144=EDGE_LOOP('',(#923,#924,#925,#926));
#145=EDGE_LOOP('',(#927));
#146=EDGE_LOOP('',(#928,#929,#930,#931,#932,#933));
#147=EDGE_LOOP('',(#934));
#148=EDGE_LOOP('',(#935));
#149=CIRCLE('',#1051,1.4635);
#150=CIRCLE('',#1072,1.17775);
#151=CIRCLE('',#1093,1.17775);
#152=CIRCLE('',#1095,1.4635);
#153=CIRCLE('',#1097,1.5);
#154=CIRCLE('',#1098,0.3);
#155=CIRCLE('',#1099,2.1);
#156=CIRCLE('',#1110,2.75);
#157=CIRCLE('',#1111,2.75);
#158=B_SPLINE_CURVE_WITH_KNOTS('',3,(#1309,#1310,#1311,#1312,#1313,#1314,
#1315,#1316,#1317,#1318),.UNSPECIFIED.,.F.,.F.,(4,3,3,4),(-4.09202352044855,
-3.99177746302848,-2.99383309727136,-2.07317267331974),.UNSPECIFIED.);
#159=B_SPLINE_CURVE_WITH_KNOTS('',3,(#1321,#1322,#1323,#1324,#1325,#1326,
#1327),.UNSPECIFIED.,.F.,.F.,(4,3,4),(0.,0.997944365757109,1.12274180646084),
 .UNSPECIFIED.);
#160=B_SPLINE_CURVE_WITH_KNOTS('',3,(#1332,#1333,#1334,#1335,#1336,#1337,
#1338,#1339,#1340,#1341,#1342,#1343,#1344,#1345,#1346,#1347,#1348,#1349,
#1350,#1351,#1352,#1353),.UNSPECIFIED.,.F.,.F.,(4,3,3,3,3,3,3,4),(-10.3752088276281,
-9.97944365757121,-8.98149929181409,-7.98355492605697,-6.98561056029985,
-5.98766619454272,-4.9897218287856,-4.09202352044855),.UNSPECIFIED.);
#161=B_SPLINE_CURVE_WITH_KNOTS('',3,(#1354,#1355,#1356,#1357,#1358,#1359,
#1360,#1361,#1362,#1363,#1364,#1365,#1366,#1367,#1368,#1369,#1370,#1371,
#1372,#1373,#1374,#1375),.UNSPECIFIED.,.F.,.F.,(4,3,3,3,3,3,3,4),(1.12274180646084,
1.99588873151424,2.99383309727136,3.99177746302848,4.98972182878561,5.98766619454273,
6.98561056029986,7.40592711364043),.UNSPECIFIED.);
#162=B_SPLINE_CURVE_WITH_KNOTS('',3,(#1380,#1381,#1382,#1383,#1384,#1385,
#1386,#1387,#1388,#1389,#1390,#1391,#1392,#1393,#1394,#1395,#1396,#1397,
#1398,#1399,#1400,#1401),.UNSPECIFIED.,.F.,.F.,(4,3,3,3,3,3,3,4),(-16.6583941348077,
-15.9671098521139,-14.9691654863568,-13.9712211205997,-12.9732767548426,
-11.9753323890854,-10.9773880233283,-10.3752088276281),.UNSPECIFIED.);
#163=B_SPLINE_CURVE_WITH_KNOTS('',3,(#1402,#1403,#1404,#1405,#1406,#1407,
#1408,#1409,#1410,#1411,#1412,#1413,#1414,#1415,#1416,#1417,#1418,#1419,
#1420,#1421,#1422,#1423),.UNSPECIFIED.,.F.,.F.,(4,3,3,3,3,3,3,4),(7.40592711364043,
7.98355492605698,8.9814992918141,9.97944365757122,10.9773880233283,11.9753323890855,
12.9732767548426,13.68911242082),.UNSPECIFIED.);
#164=B_SPLINE_CURVE_WITH_KNOTS('',3,(#1428,#1429,#1430,#1431,#1432,#1433,
#1434,#1435,#1436,#1437,#1438,#1439,#1440,#1441,#1442,#1443,#1444,#1445,
#1446,#1447,#1448,#1449),.UNSPECIFIED.,.F.,.F.,(4,3,3,3,3,3,3,4),(-22.9415794419873,
-21.9547760466567,-20.9568316808995,-19.9588873151424,-18.9609429493853,
-17.9629985836282,-16.9650542178711,-16.6583941348077),.UNSPECIFIED.);
#165=B_SPLINE_CURVE_WITH_KNOTS('',3,(#1450,#1451,#1452,#1453,#1454,#1455,
#1456,#1457,#1458,#1459,#1460,#1461,#1462,#1463,#1464,#1465,#1466,#1467,
#1468,#1469,#1470,#1471,#1472,#1473,#1474),.UNSPECIFIED.,.F.,.F.,(4,3,3,
3,3,3,3,3,4),(13.68911242082,13.9712211205997,14.9691654863568,15.9671098521139,
16.9650542178711,17.9629985836282,18.9609429493853,19.9588873151424,19.9722977279996),
 .UNSPECIFIED.);
#166=B_SPLINE_CURVE_WITH_KNOTS('',3,(#1479,#1480,#1481,#1482,#1483,#1484,
#1485,#1486,#1487,#1488,#1489,#1490,#1491,#1492,#1493,#1494,#1495,#1496,
#1497,#1498,#1499,#1500,#1501,#1502,#1503),.UNSPECIFIED.,.F.,.F.,(4,3,3,
3,3,3,3,3,4),(-29.2247647491669,-28.9403866069565,-27.9424422411994,-26.9444978754423,
-25.9465535096851,-24.948609143928,-23.9506647781709,-22.9527204124138,
-22.9415794419873),.UNSPECIFIED.);
#167=B_SPLINE_CURVE_WITH_KNOTS('',3,(#1504,#1505,#1506,#1507,#1508,#1509,
#1510,#1511,#1512,#1513,#1514,#1515,#1516,#1517,#1518,#1519,#1520,#1521,
#1522,#1523,#1524,#1525),.UNSPECIFIED.,.F.,.F.,(4,3,3,3,3,3,3,4),(19.9722977279996,
20.9568316808995,21.9547760466567,22.9527204124138,23.9506647781709,24.948609143928,
25.9465535096852,26.2554830351792),.UNSPECIFIED.);
#168=B_SPLINE_CURVE_WITH_KNOTS('',3,(#1530,#1531,#1532,#1533,#1534,#1535,
#1536,#1537,#1538,#1539,#1540,#1541,#1542,#1543,#1544,#1545,#1546,#1547,
#1548,#1549,#1550,#1551),.UNSPECIFIED.,.F.,.F.,(4,3,3,3,3,3,3,4),(-35.5079500563465,
-34.9280528014992,-33.9301084357421,-32.932164069985,-31.9342197042279,
-30.9362753384707,-29.9383309727136,-29.2247647491669),.UNSPECIFIED.);
#169=B_SPLINE_CURVE_WITH_KNOTS('',3,(#1552,#1553,#1554,#1555,#1556,#1557,
#1558,#1559,#1560,#1561,#1562,#1563,#1564,#1565,#1566,#1567,#1568,#1569,
#1570,#1571,#1572,#1573),.UNSPECIFIED.,.F.,.F.,(4,3,3,3,3,3,3,4),(26.2554830351792,
26.9444978754423,27.9424422411994,28.9403866069565,29.9383309727136,30.9362753384708,
31.9342197042279,32.5386683423588),.UNSPECIFIED.);
#170=B_SPLINE_CURVE_WITH_KNOTS('',3,(#1578,#1579,#1580,#1581,#1582,#1583,
#1584,#1585,#1586,#1587,#1588,#1589,#1590,#1591,#1592,#1593,#1594,#1595,
#1596,#1597,#1598,#1599),.UNSPECIFIED.,.F.,.F.,(4,3,3,3,3,3,3,4),(-41.7911353635261,
-40.915718996042,-39.9177746302848,-38.9198302645277,-37.9218858987706,
-36.9239415330135,-35.9259971672563,-35.5079500563465),.UNSPECIFIED.);
#171=B_SPLINE_CURVE_WITH_KNOTS('',3,(#1600,#1601,#1602,#1603,#1604,#1605,
#1606,#1607,#1608,#1609,#1610,#1611,#1612,#1613,#1614,#1615,#1616,#1617,
#1618,#1619,#1620,#1621),.UNSPECIFIED.,.F.,.F.,(4,3,3,3,3,3,3,4),(32.5386683423588,
32.932164069985,33.9301084357421,34.9280528014992,35.9259971672564,36.9239415330135,
37.9218858987706,38.8218536495384),.UNSPECIFIED.);
#172=B_SPLINE_CURVE_WITH_KNOTS('',3,(#1626,#1627,#1628,#1629,#1630,#1631,
#1632,#1633,#1634,#1635,#1636,#1637,#1638,#1639,#1640,#1641,#1642,#1643,
#1644,#1645,#1646,#1647,#1648,#1649,#1650),.UNSPECIFIED.,.F.,.F.,(4,3,3,
3,3,3,3,3,4),(-48.0743206707057,-47.9013295563418,-46.9033851905847,-45.9054408248276,
-44.9074964590704,-43.9095520933133,-42.9116077275562,-41.9136633617991,
-41.7911353635261),.UNSPECIFIED.);
#173=B_SPLINE_CURVE_WITH_KNOTS('',3,(#1651,#1652,#1653,#1654,#1655,#1656,
#1657,#1658,#1659,#1660,#1661,#1662,#1663,#1664,#1665,#1666,#1667,#1668,
#1669,#1670,#1671,#1672,#1673,#1674,#1675),.UNSPECIFIED.,.F.,.F.,(4,3,3,
3,3,3,3,3,4),(38.8218536495384,38.9198302645277,39.9177746302848,40.915718996042,
41.9136633617991,42.9116077275562,43.9095520933133,44.9074964590705,45.105038956718),
 .UNSPECIFIED.);
#174=B_SPLINE_CURVE_WITH_KNOTS('',3,(#1680,#1681,#1682,#1683,#1684,#1685,
#1686,#1687,#1688,#1689,#1690,#1691,#1692,#1693,#1694,#1695,#1696,#1697,
#1698,#1699,#1700,#1701),.UNSPECIFIED.,.F.,.F.,(4,3,3,3,3,3,3,4),(-54.3575059778853,
-53.8889957508845,-52.8910513851274,-51.8931070193703,-50.8951626536131,
-49.897218287856,-48.8992739220989,-48.0743206707057),.UNSPECIFIED.);
#175=B_SPLINE_CURVE_WITH_KNOTS('',3,(#1702,#1703,#1704,#1705,#1706,#1707,
#1708,#1709,#1710,#1711,#1712,#1713,#1714,#1715,#1716,#1717,#1718,#1719,
#1720,#1721,#1722,#1723),.UNSPECIFIED.,.F.,.F.,(4,3,3,3,3,3,3,4),(45.105038956718,
45.9054408248276,46.9033851905847,47.9013295563418,48.8992739220989,49.8972182878561,
50.8951626536132,51.3882242638976),.UNSPECIFIED.);
#176=B_SPLINE_CURVE_WITH_KNOTS('',3,(#1728,#1729,#1730,#1731,#1732,#1733,
#1734,#1735,#1736,#1737,#1738,#1739,#1740,#1741,#1742,#1743,#1744,#1745,
#1746,#1747,#1748,#1749),.UNSPECIFIED.,.F.,.F.,(4,3,3,3,3,3,3,4),(-60.6406912850649,
-59.8766619454273,-58.8787175796702,-57.880773213913,-56.8828288481559,
-55.8848844823988,-54.8869401166416,-54.3575059778853),.UNSPECIFIED.);
#177=B_SPLINE_CURVE_WITH_KNOTS('',3,(#1750,#1751,#1752,#1753,#1754,#1755,
#1756,#1757,#1758,#1759,#1760,#1761,#1762,#1763,#1764,#1765,#1766,#1767,
#1768,#1769,#1770,#1771),.UNSPECIFIED.,.F.,.F.,(4,3,3,3,3,3,3,4),(51.3882242638976,
51.8931070193703,52.8910513851274,53.8889957508845,54.8869401166417,55.8848844823988,
56.8828288481559,57.6714095710771),.UNSPECIFIED.);
#178=B_SPLINE_CURVE_WITH_KNOTS('',3,(#1776,#1777,#1778,#1779,#1780,#1781,
#1782,#1783,#1784,#1785,#1786,#1787,#1788,#1789,#1790,#1791,#1792,#1793,
#1794,#1795,#1796,#1797,#1798,#1799,#1800),.UNSPECIFIED.,.F.,.F.,(4,3,3,
3,3,3,3,3,4),(-66.9238765922445,-66.8622725057271,-65.86432813997,-64.8663837742129,
-63.8684394084557,-62.8704950426986,-61.8725506769415,-60.8746063111844,
-60.6406912850649),.UNSPECIFIED.);
#179=B_SPLINE_CURVE_WITH_KNOTS('',3,(#1801,#1802,#1803,#1804,#1805,#1806,
#1807,#1808,#1809,#1810,#1811,#1812,#1813,#1814,#1815,#1816,#1817,#1818,
#1819,#1820,#1821,#1822,#1823,#1824,#1825),.UNSPECIFIED.,.F.,.F.,(4,3,3,
3,3,3,3,3,4),(57.6714095710771,57.880773213913,58.8787175796702,59.8766619454273,
60.8746063111844,61.8725506769415,62.8704950426986,63.8684394084558,63.9545948782567),
 .UNSPECIFIED.);
#180=B_SPLINE_CURVE_WITH_KNOTS('',3,(#1830,#1831,#1832,#1833,#1834,#1835,
#1836,#1837,#1838,#1839,#1840,#1841,#1842,#1843,#1844,#1845,#1846,#1847,
#1848,#1849,#1850,#1851),.UNSPECIFIED.,.F.,.F.,(4,3,3,3,3,3,3,4),(-73.207061899424,
-72.8499387002698,-71.8519943345127,-70.8540499687556,-69.8561056029985,
-68.8581612372413,-67.8602168714842,-66.9238765922445),.UNSPECIFIED.);
#181=B_SPLINE_CURVE_WITH_KNOTS('',3,(#1852,#1853,#1854,#1855,#1856,#1857,
#1858,#1859,#1860,#1861,#1862,#1863,#1864,#1865,#1866,#1867,#1868,#1869,
#1870,#1871,#1872,#1873),.UNSPECIFIED.,.F.,.F.,(4,3,3,3,3,3,3,4),(63.9545948782567,
64.8663837742129,65.86432813997,66.8622725057271,67.8602168714842,68.8581612372414,
69.8561056029985,70.2377801854363),.UNSPECIFIED.);
#182=B_SPLINE_CURVE_WITH_KNOTS('',3,(#1878,#1879,#1880,#1881,#1882,#1883,
#1884,#1885,#1886,#1887,#1888,#1889,#1890,#1891,#1892,#1893,#1894,#1895,
#1896,#1897,#1898,#1899),.UNSPECIFIED.,.F.,.F.,(4,3,3,3,3,3,3,4),(-79.4902472066036,
-78.8376048948126,-77.8396605290554,-76.8417161632983,-75.8437717975412,
-74.8458274317841,-73.847883066027,-73.207061899424),.UNSPECIFIED.);
#183=B_SPLINE_CURVE_WITH_KNOTS('',3,(#1900,#1901,#1902,#1903,#1904,#1905,
#1906,#1907,#1908,#1909,#1910,#1911,#1912,#1913,#1914,#1915,#1916,#1917,
#1918,#1919,#1920,#1921),.UNSPECIFIED.,.F.,.F.,(4,3,3,3,3,3,3,4),(70.2377801854363,
70.8540499687556,71.8519943345127,72.8499387002698,73.847883066027,74.8458274317841,
75.8437717975412,76.5209654926159),.UNSPECIFIED.);
#184=B_SPLINE_CURVE_WITH_KNOTS('',3,(#1926,#1927,#1928,#1929,#1930,#1931,
#1932,#1933,#1934,#1935,#1936,#1937,#1938,#1939,#1940,#1941,#1942,#1943,
#1944,#1945,#1946,#1947),.UNSPECIFIED.,.F.,.F.,(4,3,3,3,3,3,3,4),(-85.7734325137832,
-84.8252710893553,-83.8273267235982,-82.829382357841,-81.8314379920839,
-80.8334936263268,-79.8355492605697,-79.4902472066036),.UNSPECIFIED.);
#185=B_SPLINE_CURVE_WITH_KNOTS('',3,(#1948,#1949,#1950,#1951,#1952,#1953,
#1954,#1955,#1956,#1957,#1958,#1959,#1960,#1961,#1962,#1963,#1964,#1965,
#1966,#1967,#1968,#1969),.UNSPECIFIED.,.F.,.F.,(4,3,3,3,3,3,3,4),(76.5209654926159,
76.8417161632983,77.8396605290555,78.8376048948126,79.8355492605697,80.8334936263268,
81.8314379920839,82.8041507997955),.UNSPECIFIED.);
#186=B_SPLINE_CURVE_WITH_KNOTS('',3,(#1974,#1975,#1976,#1977,#1978,#1979,
#1980,#1981,#1982,#1983,#1984,#1985,#1986,#1987,#1988,#1989,#1990,#1991,
#1992,#1993,#1994,#1995,#1996,#1997,#1998),.UNSPECIFIED.,.F.,.F.,(4,3,3,
3,3,3,3,3,4),(-92.0566178209628,-91.8108816496551,-90.812937283898,-89.8149929181409,
-88.8170485523838,-87.8191041866267,-86.8211598208695,-85.8232154551124,
-85.7734325137832),.UNSPECIFIED.);
#187=B_SPLINE_CURVE_WITH_KNOTS('',3,(#1999,#2000,#2001,#2002,#2003,#2004,
#2005,#2006,#2007,#2008,#2009,#2010,#2011,#2012,#2013,#2014,#2015,#2016,
#2017,#2018,#2019,#2020,#2021,#2022,#2023),.UNSPECIFIED.,.F.,.F.,(4,3,3,
3,3,3,3,3,4),(82.8041507997955,82.8293823578411,83.8273267235982,84.8252710893553,
85.8232154551124,86.8211598208695,87.8191041866267,88.8170485523838,89.0873361069751),
 .UNSPECIFIED.);
#188=B_SPLINE_CURVE_WITH_KNOTS('',3,(#2028,#2029,#2030,#2031,#2032,#2033,
#2034,#2035,#2036,#2037,#2038,#2039,#2040,#2041,#2042,#2043,#2044,#2045,
#2046,#2047,#2048,#2049),.UNSPECIFIED.,.F.,.F.,(4,3,3,3,3,3,3,4),(-98.3398031281424,
-97.7985478441978,-96.8006034784407,-95.8026591126836,-94.8047147469265,
-93.8067703811694,-92.8088260154123,-92.0566178209628),.UNSPECIFIED.);
#189=B_SPLINE_CURVE_WITH_KNOTS('',3,(#2050,#2051,#2052,#2053,#2054,#2055,
#2056,#2057,#2058,#2059,#2060,#2061,#2062,#2063,#2064,#2065,#2066,#2067,
#2068,#2069,#2070,#2071),.UNSPECIFIED.,.F.,.F.,(4,3,3,3,3,3,3,4),(89.0873361069751,
89.8149929181409,90.812937283898,91.8108816496552,92.8088260154123,93.8067703811694,
94.8047147469265,95.3705214141547),.UNSPECIFIED.);
#190=B_SPLINE_CURVE_WITH_KNOTS('',3,(#2076,#2077,#2078,#2079,#2080,#2081,
#2082,#2083,#2084,#2085,#2086,#2087,#2088,#2089,#2090,#2091,#2092,#2093,
#2094,#2095,#2096,#2097),.UNSPECIFIED.,.F.,.F.,(4,3,3,3,3,3,3,4),(-104.622988435322,
-103.786214038741,-102.788269672983,-101.790325307226,-100.792380941469,
-99.7944365757121,-98.7964922099549,-98.3398031281424),.UNSPECIFIED.);
#191=B_SPLINE_CURVE_WITH_KNOTS('',3,(#2098,#2099,#2100,#2101,#2102,#2103,
#2104,#2105,#2106,#2107,#2108,#2109,#2110,#2111,#2112,#2113,#2114,#2115,
#2116,#2117,#2118,#2119),.UNSPECIFIED.,.F.,.F.,(4,3,3,3,3,3,3,4),(95.3705214141547,
95.8026591126836,96.8006034784407,97.7985478441979,98.796492209955,99.7944365757121,
100.792380941469,101.653706721334),.UNSPECIFIED.);
#192=B_SPLINE_CURVE_WITH_KNOTS('',3,(#2124,#2125,#2126,#2127,#2128,#2129,
#2130,#2131,#2132,#2133,#2134,#2135,#2136,#2137,#2138,#2139,#2140,#2141,
#2142,#2143,#2144,#2145,#2146,#2147,#2148),.UNSPECIFIED.,.F.,.F.,(4,3,3,
3,3,3,3,3,4),(-110.906173742502,-110.77182459904,-109.773880233283,-108.775935867526,
-107.777991501769,-106.780047136012,-105.782102770255,-104.784158404498,
-104.622988435322),.UNSPECIFIED.);
#193=B_SPLINE_CURVE_WITH_KNOTS('',3,(#2149,#2150,#2151,#2152,#2153,#2154,
#2155,#2156,#2157,#2158,#2159,#2160,#2161,#2162,#2163,#2164,#2165,#2166,
#2167,#2168,#2169,#2170,#2171,#2172,#2173),.UNSPECIFIED.,.F.,.F.,(4,3,3,
3,3,3,3,3,4),(101.653706721334,101.790325307226,102.788269672983,103.786214038741,
104.784158404498,105.782102770255,106.780047136012,107.777991501769,107.936892028514),
 .UNSPECIFIED.);
#194=B_SPLINE_CURVE_WITH_KNOTS('',3,(#2178,#2179,#2180,#2181,#2182,#2183,
#2184,#2185,#2186,#2187,#2188,#2189,#2190,#2191,#2192,#2193,#2194,#2195,
#2196,#2197,#2198,#2199),.UNSPECIFIED.,.F.,.F.,(4,3,3,3,3,3,3,4),(-117.189359049681,
-116.759490793583,-115.761546427826,-114.763602062069,-113.765657696312,
-112.767713330555,-111.769768964798,-110.906173742502),.UNSPECIFIED.);
#195=B_SPLINE_CURVE_WITH_KNOTS('',3,(#2200,#2201,#2202,#2203,#2204,#2205,
#2206,#2207,#2208,#2209,#2210,#2211,#2212,#2213,#2214,#2215,#2216,#2217,
#2218,#2219,#2220,#2221),.UNSPECIFIED.,.F.,.F.,(4,3,3,3,3,3,3,4),(107.936892028514,
108.775935867526,109.773880233283,110.77182459904,111.769768964798,112.767713330555,
113.765657696312,114.220077335693),.UNSPECIFIED.);
#196=B_SPLINE_CURVE_WITH_KNOTS('',3,(#2226,#2227,#2228,#2229,#2230,#2231,
#2232,#2233,#2234,#2235,#2236,#2237,#2238,#2239,#2240,#2241,#2242,#2243,
#2244,#2245,#2246,#2247),.UNSPECIFIED.,.F.,.F.,(4,3,3,3,3,3,3,4),(-123.472544356861,
-122.747156988126,-121.749212622369,-120.751268256612,-119.753323890855,
-118.755379525097,-117.75743515934,-117.189359049681),.UNSPECIFIED.);
#197=B_SPLINE_CURVE_WITH_KNOTS('',3,(#2248,#2249,#2250,#2251,#2252,#2253,
#2254,#2255,#2256,#2257,#2258,#2259,#2260,#2261,#2262,#2263,#2264,#2265,
#2266,#2267,#2268,#2269),.UNSPECIFIED.,.F.,.F.,(4,3,3,3,3,3,3,4),(114.220077335693,
114.763602062069,115.761546427826,116.759490793583,117.75743515934,118.755379525097,
119.753323890855,120.503262642873),.UNSPECIFIED.);
#198=B_SPLINE_CURVE_WITH_KNOTS('',3,(#2275,#2276,#2277,#2278,#2279,#2280),
 .UNSPECIFIED.,.F.,.F.,(4,1,1,4),(135.088484104361,135.361041101383,136.35898546714,
137.279645891092),.UNSPECIFIED.);
#199=B_SPLINE_CURVE_WITH_KNOTS('',3,(#2283,#2284,#2285,#2286),
 .UNSPECIFIED.,.F.,.F.,(4,4),(135.088484104361,136.03891497122),
 .UNSPECIFIED.);
#200=B_SPLINE_CURVE_WITH_KNOTS('',3,(#2291,#2292,#2293,#2294,#2295,#2296,
#2297,#2298,#2299,#2300),.UNSPECIFIED.,.F.,.F.,(4,1,1,1,1,1,1,4),(128.805298797182,
129.373374906841,130.371319272598,131.369263638355,132.367208004112,133.365152369869,
134.363096735626,135.088484104361),.UNSPECIFIED.);
#201=B_SPLINE_CURVE_WITH_KNOTS('',3,(#2301,#2302,#2303,#2304,#2305,#2306,
#2307,#2308,#2309,#2310,#2311),.UNSPECIFIED.,.F.,.F.,(4,1,1,1,1,1,1,1,4),
(128.805298797182,129.05330441092,130.051248776677,131.049193142434,132.047137508191,
133.045081873948,134.043026239706,135.040970605463,135.088484104361),
 .UNSPECIFIED.);
#202=B_SPLINE_CURVE_WITH_KNOTS('',3,(#2316,#2317,#2318,#2319,#2320,#2321,
#2322,#2323,#2324,#2325),.UNSPECIFIED.,.F.,.F.,(4,1,1,1,1,1,1,4),(122.522113490002,
123.385708712298,124.383653078055,125.381597443812,126.379541809569,127.377486175326,
128.375430541083,128.805298797182),.UNSPECIFIED.);
#203=B_SPLINE_CURVE_WITH_KNOTS('',3,(#2326,#2327,#2328,#2329,#2330,#2331,
#2332,#2333,#2334,#2335),.UNSPECIFIED.,.F.,.F.,(4,1,1,1,1,1,1,4),(122.522113490002,
123.065638216377,124.063582582134,125.061526947891,126.059471313649,127.057415679406,
128.055360045163,128.805298797182),.UNSPECIFIED.);
#204=B_SPLINE_CURVE_WITH_KNOTS('',3,(#2340,#2341,#2342,#2343,#2344,#2345,
#2346,#2347,#2348,#2349,#2350),.UNSPECIFIED.,.F.,.F.,(4,1,1,1,1,1,1,1,4),
(116.238928182822,116.400098151998,117.398042517755,118.395986883512,119.393931249269,
120.391875615026,121.389819980784,122.387764346541,122.522113490002),
 .UNSPECIFIED.);
#205=B_SPLINE_CURVE_WITH_KNOTS('',3,(#2351,#2352,#2353,#2354,#2355,#2356,
#2357,#2358,#2359,#2360),.UNSPECIFIED.,.F.,.F.,(4,1,1,1,1,1,1,4),(116.238928182822,
117.077972021835,118.075916387592,119.073860753349,120.071805119106,121.069749484863,
122.06769385062,122.522113490002),.UNSPECIFIED.);
#206=B_SPLINE_CURVE_WITH_KNOTS('',3,(#2365,#2366,#2367,#2368,#2369,#2370,
#2371,#2372,#2373,#2374),.UNSPECIFIED.,.F.,.F.,(4,1,1,1,1,1,1,4),(109.955742875643,
110.412431957455,111.410376323212,112.40832068897,113.406265054727,114.404209420484,
115.402153786241,116.238928182822),.UNSPECIFIED.);
#207=B_SPLINE_CURVE_WITH_KNOTS('',3,(#2375,#2376,#2377,#2378,#2379,#2380,
#2381,#2382,#2383,#2384,#2385),.UNSPECIFIED.,.F.,.F.,(4,1,1,1,1,1,1,1,4),
(109.955742875643,110.092361461535,111.090305827292,112.088250193049,113.086194558806,
114.084138924563,115.08208329032,116.080027656077,116.238928182822),
 .UNSPECIFIED.);
#208=B_SPLINE_CURVE_WITH_KNOTS('',3,(#2390,#2391,#2392,#2393,#2394,#2395,
#2396,#2397,#2398,#2399),.UNSPECIFIED.,.F.,.F.,(4,1,1,1,1,1,1,4),(103.672557568463,
104.424765762913,105.42271012867,106.420654494427,107.418598860184,108.416543225941,
109.414487591698,109.955742875643),.UNSPECIFIED.);
#209=B_SPLINE_CURVE_WITH_KNOTS('',3,(#2400,#2401,#2402,#2403,#2404,#2405,
#2406,#2407,#2408,#2409),.UNSPECIFIED.,.F.,.F.,(4,1,1,1,1,1,1,4),(103.672557568463,
104.104695266992,105.102639632749,106.100583998506,107.098528364263,108.09647273002,
109.094417095778,109.955742875643),.UNSPECIFIED.);
#210=B_SPLINE_CURVE_WITH_KNOTS('',3,(#2414,#2415,#2416,#2417,#2418,#2419,
#2420,#2421,#2422,#2423,#2424),.UNSPECIFIED.,.F.,.F.,(4,1,1,1,1,1,1,1,4),
(97.3893722612836,97.4391552026127,98.4370995683698,99.435043934127,100.432988299884,
101.430932665641,102.428877031398,103.426821397155,103.672557568463),
 .UNSPECIFIED.);
#211=B_SPLINE_CURVE_WITH_KNOTS('',3,(#2425,#2426,#2427,#2428,#2429,#2430,
#2431,#2432,#2433,#2434),.UNSPECIFIED.,.F.,.F.,(4,1,1,1,1,1,1,4),(97.3893722612835,
98.1170290724492,99.1149734382063,100.112917803963,101.110862169721,102.108806535478,
103.106750901235,103.672557568463),.UNSPECIFIED.);
#212=B_SPLINE_CURVE_WITH_KNOTS('',3,(#2439,#2440,#2441,#2442,#2443,#2444,
#2445,#2446,#2447,#2448),.UNSPECIFIED.,.F.,.F.,(4,1,1,1,1,1,1,4),(91.106186954104,
91.45148900807,92.4494333738271,93.4473777395842,94.4453221053414,95.4432664710985,
96.4412108368556,97.3893722612836),.UNSPECIFIED.);
#213=B_SPLINE_CURVE_WITH_KNOTS('',3,(#2449,#2450,#2451,#2452,#2453,#2454,
#2455,#2456,#2457,#2458,#2459),.UNSPECIFIED.,.F.,.F.,(4,1,1,1,1,1,1,1,4),
(91.106186954104,91.1314185121494,92.1293628779065,93.1273072436636,94.1252516094207,
95.1231959751779,96.121140340935,97.1190847066921,97.3893722612835),
 .UNSPECIFIED.);
#214=B_SPLINE_CURVE_WITH_KNOTS('',3,(#2464,#2465,#2466,#2467,#2468,#2469,
#2470,#2471,#2472,#2473),.UNSPECIFIED.,.F.,.F.,(4,1,1,1,1,1,1,4),(84.8230016469244,
85.4638228135273,86.4617671792844,87.4597115450415,88.4576559107986,89.4556002765558,
90.4535446423129,91.106186954104),.UNSPECIFIED.);
#215=B_SPLINE_CURVE_WITH_KNOTS('',3,(#2474,#2475,#2476,#2477,#2478,#2479,
#2480,#2481,#2482,#2483),.UNSPECIFIED.,.F.,.F.,(4,1,1,1,1,1,1,4),(84.8230016469244,
85.1437523176066,86.1416966833638,87.1396410491209,88.137585414878,89.1355297806351,
90.1334741463922,91.106186954104),.UNSPECIFIED.);
#216=B_SPLINE_CURVE_WITH_KNOTS('',3,(#2488,#2489,#2490,#2491,#2492,#2493,
#2494,#2495,#2496,#2497),.UNSPECIFIED.,.F.,.F.,(4,1,1,1,1,1,1,4),(78.5398163397448,
79.4761566189845,80.4741009847417,81.4720453504988,82.4699897162559,83.467934082013,
84.4658784477702,84.8230016469244),.UNSPECIFIED.);
#217=B_SPLINE_CURVE_WITH_KNOTS('',3,(#2498,#2499,#2500,#2501,#2502,#2503,
#2504,#2505,#2506,#2507),.UNSPECIFIED.,.F.,.F.,(4,1,1,1,1,1,1,4),(78.5398163397448,
79.1560861230639,80.154030488821,81.1519748545782,82.1499192203353,83.1478635860924,
84.1458079518495,84.8230016469244),.UNSPECIFIED.);
#218=B_SPLINE_CURVE_WITH_KNOTS('',3,(#2512,#2513,#2514,#2515,#2516,#2517,
#2518,#2519,#2520,#2521,#2522),.UNSPECIFIED.,.F.,.F.,(4,1,1,1,1,1,1,1,4),
(72.2566310325652,72.4905460586847,73.4884904244418,74.4864347901989,75.4843791559561,
76.4823235217132,77.4802678874703,78.4782122532274,78.5398163397448),
 .UNSPECIFIED.);
#219=B_SPLINE_CURVE_WITH_KNOTS('',3,(#2523,#2524,#2525,#2526,#2527,#2528,
#2529,#2530,#2531,#2532),.UNSPECIFIED.,.F.,.F.,(4,1,1,1,1,1,1,4),(72.2566310325652,
73.1684199285212,74.1663642942783,75.1643086600354,76.1622530257926,77.1601973915497,
78.1581417573068,78.5398163397448),.UNSPECIFIED.);
#220=B_SPLINE_CURVE_WITH_KNOTS('',3,(#2537,#2538,#2539,#2540,#2541,#2542,
#2543,#2544,#2545,#2546),.UNSPECIFIED.,.F.,.F.,(4,1,1,1,1,1,1,4),(65.9734457253856,
66.502879864142,67.5008242298991,68.4987685956562,69.4967129614133,70.4946573271705,
71.4926016929276,72.2566310325652),.UNSPECIFIED.);
#221=B_SPLINE_CURVE_WITH_KNOTS('',3,(#2547,#2548,#2549,#2550,#2551,#2552,
#2553,#2554,#2555,#2556,#2557),.UNSPECIFIED.,.F.,.F.,(4,1,1,1,1,1,1,1,4),
(65.9734457253856,66.1828093682213,67.1807537339785,68.1786980997356,69.1766424654927,
70.1745868312498,71.1725311970069,72.1704755627641,72.2566310325652),
 .UNSPECIFIED.);
#222=B_SPLINE_CURVE_WITH_KNOTS('',3,(#2562,#2563,#2564,#2565,#2566,#2567,
#2568,#2569,#2570,#2571),.UNSPECIFIED.,.F.,.F.,(4,1,1,1,1,1,1,4),(59.690260418206,
60.5152136695992,61.5131580353564,62.5111024011135,63.5090467668706,64.5069911326277,
65.5049354983849,65.9734457253856),.UNSPECIFIED.);
#223=B_SPLINE_CURVE_WITH_KNOTS('',3,(#2572,#2573,#2574,#2575,#2576,#2577,
#2578,#2579,#2580,#2581),.UNSPECIFIED.,.F.,.F.,(4,1,1,1,1,1,1,4),(59.690260418206,
60.1951431736786,61.1930875394357,62.1910319051929,63.18897627095,64.1869206367071,
65.1848650024642,65.9734457253856),.UNSPECIFIED.);
#224=B_SPLINE_CURVE_WITH_KNOTS('',3,(#2586,#2587,#2588,#2589,#2590,#2591,
#2592,#2593,#2594,#2595,#2596),.UNSPECIFIED.,.F.,.F.,(4,1,1,1,1,1,1,1,4),
(53.4070751110265,53.5296031092994,54.5275474750565,55.5254918408136,56.5234362065708,
57.5213805723279,58.519324938085,59.5172693038421,59.690260418206),
 .UNSPECIFIED.);
#225=B_SPLINE_CURVE_WITH_KNOTS('',3,(#2597,#2598,#2599,#2600,#2601,#2602,
#2603,#2604,#2605,#2606),.UNSPECIFIED.,.F.,.F.,(4,1,1,1,1,1,1,4),(53.4070751110264,
54.2074769791359,55.205421344893,56.2033657106501,57.2013100764072,58.1992544421644,
59.1971988079215,59.690260418206),.UNSPECIFIED.);
#226=B_SPLINE_CURVE_WITH_KNOTS('',3,(#2611,#2612,#2613,#2614,#2615,#2616,
#2617,#2618,#2619,#2620),.UNSPECIFIED.,.F.,.F.,(4,1,1,1,1,1,1,4),(47.1238898038469,
47.5419369147567,48.5398812805138,49.5378256462709,50.535770012028,51.5337143777852,
52.5316587435423,53.4070751110265),.UNSPECIFIED.);
#227=B_SPLINE_CURVE_WITH_KNOTS('',3,(#2621,#2622,#2623,#2624,#2625,#2626,
#2627,#2628,#2629,#2630,#2631),.UNSPECIFIED.,.F.,.F.,(4,1,1,1,1,1,1,1,4),
(47.1238898038468,47.221866418836,48.2198107845932,49.2177551503503,50.2156995161074,
51.2136438818645,52.2115882476216,53.2095326133788,53.4070751110264),
 .UNSPECIFIED.);
#228=B_SPLINE_CURVE_WITH_KNOTS('',3,(#2636,#2637,#2638,#2639,#2640,#2641,
#2642,#2643,#2644,#2645),.UNSPECIFIED.,.F.,.F.,(4,1,1,1,1,1,1,4),(40.8407044966673,
41.5542707202139,42.5522150859711,43.5501594517282,44.5481038174853,45.5460481832424,
46.5439925489996,47.1238898038469),.UNSPECIFIED.);
#229=B_SPLINE_CURVE_WITH_KNOTS('',3,(#2646,#2647,#2648,#2649,#2650,#2651,
#2652,#2653,#2654,#2655),.UNSPECIFIED.,.F.,.F.,(4,1,1,1,1,1,1,4),(40.8407044966672,
41.2342002242933,42.2321445900504,43.2300889558076,44.2280333215647,45.2259776873218,
46.2239220530789,47.1238898038468),.UNSPECIFIED.);
#230=B_SPLINE_CURVE_WITH_KNOTS('',3,(#2660,#2661,#2662,#2663,#2664,#2665,
#2666,#2667,#2668,#2669,#2670),.UNSPECIFIED.,.F.,.F.,(4,1,1,1,1,1,1,1,4),
(34.5575191894877,34.5686601599141,35.5666045256712,36.5645488914283,37.5624932571855,
38.5604376229426,39.5583819886997,40.5563263544568,40.8407044966673),
 .UNSPECIFIED.);
#231=B_SPLINE_CURVE_WITH_KNOTS('',3,(#2671,#2672,#2673,#2674,#2675,#2676,
#2677,#2678,#2679,#2680),.UNSPECIFIED.,.F.,.F.,(4,1,1,1,1,1,1,4),(34.5575191894876,
35.2465340297506,36.2444783955077,37.2424227612648,38.2403671270219,39.2383114927791,
40.2362558585362,40.8407044966672),.UNSPECIFIED.);
#232=B_SPLINE_CURVE_WITH_KNOTS('',3,(#2685,#2686,#2687,#2688,#2689,#2690,
#2691,#2692,#2693,#2694),.UNSPECIFIED.,.F.,.F.,(4,1,1,1,1,1,1,4),(28.2743338823081,
28.5809939653714,29.5789383311285,30.5768826968856,31.5748270626427,32.5727714283999,
33.570715794157,34.5575191894877),.UNSPECIFIED.);
#233=B_SPLINE_CURVE_WITH_KNOTS('',3,(#2695,#2696,#2697,#2698,#2699,#2700,
#2701,#2702,#2703,#2704),.UNSPECIFIED.,.F.,.F.,(4,1,1,1,1,1,1,4),(28.274333882308,
29.2588678352079,30.256812200965,31.2547565667221,32.2527009324792,33.2506452982363,
34.2485896639935,34.5575191894876),.UNSPECIFIED.);
#234=B_SPLINE_CURVE_WITH_KNOTS('',3,(#2709,#2710,#2711,#2712,#2713,#2714,
#2715,#2716,#2717,#2718),.UNSPECIFIED.,.F.,.F.,(4,1,1,1,1,1,1,4),(21.9911485751285,
22.5933277708287,23.5912721365858,24.5892165023429,25.5871608681,26.5851052338571,
27.5830495996143,28.2743338823081),.UNSPECIFIED.);
#235=B_SPLINE_CURVE_WITH_KNOTS('',3,(#2719,#2720,#2721,#2722,#2723,#2724,
#2725,#2726,#2727,#2728,#2729),.UNSPECIFIED.,.F.,.F.,(4,1,1,1,1,1,1,1,4),
(21.9911485751285,22.273257274908,23.2712016406651,24.2691460064222,25.2670903721794,
26.2650347379365,27.2629791036936,28.2609234694507,28.274333882308),
 .UNSPECIFIED.);
#236=B_SPLINE_CURVE_WITH_KNOTS('',3,(#2734,#2735,#2736,#2737,#2738,#2739,
#2740,#2741,#2742,#2743),.UNSPECIFIED.,.F.,.F.,(4,1,1,1,1,1,1,4),(15.7079632679489,
16.6056615762859,17.6036059420431,18.6015503078002,19.5994946735573,20.5974390393144,
21.5953834050715,21.9911485751285),.UNSPECIFIED.);
#237=B_SPLINE_CURVE_WITH_KNOTS('',3,(#2744,#2745,#2746,#2747,#2748,#2749,
#2750,#2751,#2752,#2753),.UNSPECIFIED.,.F.,.F.,(4,1,1,1,1,1,1,4),(15.7079632679489,
16.2855910803653,17.2835354461224,18.2814798118795,19.2794241776366,20.2773685433938,
21.2753129091509,21.9911485751285),.UNSPECIFIED.);
#238=B_SPLINE_CURVE_WITH_KNOTS('',3,(#3279,#3280,#3281,#3282,#3283,#3284,
#3285,#3286,#3287,#3288,#3289,#3290,#3291,#3292,#3293,#3294,#3295,#3296,
#3297,#3298,#3299,#3300,#3301,#3302,#3303,#3304,#3305,#3306,#3307,#3308,
#3309,#3310,#3311,#3312,#3313,#3314,#3315,#3316,#3317,#3318,#3319,#3320,
#3321,#3322,#3323,#3324,#3325,#3326,#3327,#3328,#3329,#3330,#3331,#3332,
#3333,#3334,#3335,#3336,#3337,#3338,#3339,#3340,#3341,#3342,#3343,#3344,
#3345,#3346,#3347,#3348,#3349,#3350,#3351,#3352,#3353,#3354),
 .UNSPECIFIED.,.F.,.F.,(4,3,3,3,3,3,3,3,3,3,3,3,3,3,3,3,3,3,3,3,3,3,3,3,
3,4),(0.,0.011339891212627,0.0287890624589745,0.0440392587878852,0.0509734610658169,
0.0556127837762178,0.0588553227330094,0.0758885500110066,0.0927884629056158,
0.107289005451777,0.110016057763355,0.126360817863283,0.142192373737892,
0.15079063309026,0.159009312188598,0.162084670726828,0.178021604264576,
0.194058415309367,0.204380087359787,0.211370160275076,0.214468175988032,
0.230009079919206,0.242034340608578,0.246874094926239,0.261752943319484,
0.276631791712728),.UNSPECIFIED.);
#239=B_SPLINE_CURVE_WITH_KNOTS('',3,(#3355,#3356,#3357,#3358,#3359,#3360,
#3361,#3362,#3363,#3364,#3365,#3366,#3367,#3368,#3369,#3370,#3371,#3372,
#3373),.UNSPECIFIED.,.F.,.F.,(4,3,3,3,3,3,4),(120.503262642873,120.751268256612,
121.749212622369,122.747156988126,123.745101353883,124.74304571964,125.663706143592),
 .UNSPECIFIED.);
#240=B_SPLINE_CURVE_WITH_KNOTS('',3,(#3375,#3376,#3377,#3378,#3379,#3380,
#3381,#3382,#3383,#3384,#3385,#3386,#3387,#3388,#3389,#3390,#3391,#3392,
#3393,#3394,#3395,#3396,#3397,#3398,#3399,#3400,#3401,#3402,#3403,#3404,
#3405,#3406,#3407,#3408,#3409,#3410,#3411,#3412,#3413,#3414,#3415,#3416,
#3417,#3418,#3419,#3420,#3421,#3422,#3423,#3424,#3425,#3426,#3427,#3428,
#3429,#3430,#3431,#3432,#3433,#3434,#3435,#3436,#3437,#3438,#3439,#3440,
#3441,#3442,#3443,#3444,#3445,#3446,#3447,#3448,#3449,#3450,#3451,#3452,
#3453,#3454,#3455,#3456,#3457,#3458,#3459),.UNSPECIFIED.,.F.,.F.,(4,3,3,
3,3,3,3,3,3,3,3,3,3,3,3,3,3,3,3,3,3,3,3,3,3,3,3,3,4),(-0.276631791712727,
-0.267380541287819,-0.252761394393609,-0.246644076302279,-0.242125591840214,
-0.226854277701289,-0.216055621541344,-0.211859885003555,-0.208657964144917,
-0.192888651146211,-0.176839265989589,-0.167745706597625,-0.162518353665023,
-0.159615535280997,-0.143087958131272,-0.14046502842173,-0.124518072826979,
-0.116161914602472,-0.111134272890942,-0.108001355897317,-0.0914533345555175,
-0.0745426043612444,-0.0650257010434549,-0.0590737395933771,-0.0560709714571907,
-0.0528964822432884,-0.035426607514198,-0.017713303757099,0.),
 .UNSPECIFIED.);
#241=B_SPLINE_CURVE_WITH_KNOTS('',3,(#3460,#3461,#3462,#3463,#3464,#3465,
#3466,#3467,#3468),.UNSPECIFIED.,.F.,.F.,(4,1,1,1,1,1,4),(10.375208827628,
11.2958692515797,12.2938136173368,13.2917579830939,14.289702348851,15.2876467146082,
15.7079632679489),.UNSPECIFIED.);
#242=B_SPLINE_CURVE_WITH_KNOTS('',3,(#3472,#3473,#3474,#3475,#3476,#3477,
#3478,#3479),.UNSPECIFIED.,.F.,.F.,(4,1,1,1,1,4),(11.6159397475003,12.6138841132575,
13.6118284790146,14.6097728447717,15.6077172105288,15.7079632679489),
 .UNSPECIFIED.);
#243=B_SPLINE_CURVE_WITH_KNOTS('',3,(#4005,#4006,#4007,#4008,#4009,#4010,
#4011,#4012,#4013,#4014,#4015,#4016,#4017,#4018,#4019,#4020,#4021,#4022,
#4023,#4024,#4025,#4026,#4027,#4028,#4029,#4030,#4031,#4032,#4033,#4034,
#4035,#4036,#4037,#4038,#4039,#4040,#4041,#4042,#4043,#4044,#4045,#4046,
#4047,#4048,#4049,#4050,#4051,#4052,#4053,#4054,#4055,#4056,#4057,#4058,
#4059,#4060,#4061,#4062,#4063,#4064,#4065,#4066,#4067,#4068,#4069,#4070,
#4071,#4072,#4073,#4074,#4075,#4076,#4077,#4078,#4079,#4080,#4081,#4082,
#4083),.UNSPECIFIED.,.F.,.F.,(4,3,3,3,3,3,3,3,3,3,3,3,3,3,3,3,3,3,3,3,3,
3,3,3,3,3,4),(0.,0.00921892634804751,0.0236913809765249,0.0376904546697252,
0.0443879975558594,0.0469346347103167,0.0622479297401518,0.0779333290733775,
0.0923709894355649,0.095296086882725,0.0982283107981066,0.114467463211899,
0.130610999150561,0.135683970522127,0.145535012101441,0.148148908957272,
0.164300171075777,0.18084324939944,0.192658128019117,0.197987765654114,
0.201202567551026,0.218245446623048,0.232524654556501,0.236416595417658,
0.240186727553232,0.257774502955045,0.275362278356859),.UNSPECIFIED.);
#244=B_SPLINE_CURVE_WITH_KNOTS('',3,(#4084,#4085,#4086,#4087,#4088,#4089,
#4090,#4091,#4092,#4093,#4094,#4095,#4096,#4097,#4098,#4099,#4100,#4101,
#4102,#4103,#4104,#4105,#4106,#4107,#4108,#4109,#4110,#4111,#4112,#4113,
#4114,#4115,#4116,#4117,#4118,#4119,#4120,#4121,#4122,#4123,#4124,#4125,
#4126,#4127,#4128,#4129,#4130,#4131,#4132,#4133,#4134,#4135,#4136,#4137,
#4138,#4139,#4140,#4141,#4142,#4143,#4144,#4145,#4146,#4147,#4148,#4149,
#4150,#4151,#4152,#4153,#4154,#4155,#4156,#4157,#4158,#4159,#4160,#4161,
#4162,#4163,#4164,#4165),.UNSPECIFIED.,.F.,.F.,(4,3,3,3,3,3,3,3,3,3,3,3,
3,3,3,3,3,3,3,3,3,3,3,3,3,3,3,4),(-0.275362278356885,-0.264076544903233,
-0.246742709081251,-0.237355439066163,-0.233947849982783,-0.216746499797094,
-0.205328919613379,-0.200172656454765,-0.196892043966007,-0.180139535813478,
-0.163805491871091,-0.154205583485162,-0.147902749655551,-0.144155789440806,
-0.128304037701758,-0.125405858327374,-0.108912768502138,-0.101191363675162,
-0.0956665779099409,-0.0926067415509291,-0.0768377576452453,-0.0611480989907875,
-0.0532942268485821,-0.047505644081494,-0.0447075267704529,-0.0295997788413432,
-0.0147998894206716,0.),.UNSPECIFIED.);
#245=B_SPLINE_CURVE_WITH_KNOTS('',3,(#4166,#4167,#4168,#4169,#4170,#4171,
#4172,#4173,#4174,#4175,#4176,#4177,#4178,#4179,#4180,#4181),
 .UNSPECIFIED.,.F.,.F.,(4,3,3,3,3,4),(-127.736878816911,-126.738934451154,
-125.740990085397,-124.74304571964,-123.745101353883,-123.472544356861),
 .UNSPECIFIED.);
#246=LINE('',#1307,#305);
#247=LINE('',#1331,#306);
#248=LINE('',#1379,#307);
#249=LINE('',#1427,#308);
#250=LINE('',#1478,#309);
#251=LINE('',#1529,#310);
#252=LINE('',#1577,#311);
#253=LINE('',#1625,#312);
#254=LINE('',#1679,#313);
#255=LINE('',#1727,#314);
#256=LINE('',#1775,#315);
#257=LINE('',#1829,#316);
#258=LINE('',#1877,#317);
#259=LINE('',#1925,#318);
#260=LINE('',#1973,#319);
#261=LINE('',#2027,#320);
#262=LINE('',#2075,#321);
#263=LINE('',#2123,#322);
#264=LINE('',#2177,#323);
#265=LINE('',#2225,#324);
#266=LINE('',#2273,#325);
#267=LINE('',#2290,#326);
#268=LINE('',#2315,#327);
#269=LINE('',#2339,#328);
#270=LINE('',#2364,#329);
#271=LINE('',#2389,#330);
#272=LINE('',#2413,#331);
#273=LINE('',#2438,#332);
#274=LINE('',#2463,#333);
#275=LINE('',#2487,#334);
#276=LINE('',#2511,#335);
#277=LINE('',#2536,#336);
#278=LINE('',#2561,#337);
#279=LINE('',#2585,#338);
#280=LINE('',#2610,#339);
#281=LINE('',#2635,#340);
#282=LINE('',#2659,#341);
#283=LINE('',#2684,#342);
#284=LINE('',#2708,#343);
#285=LINE('',#2733,#344);
#286=LINE('',#4195,#345);
#287=LINE('',#4197,#346);
#288=LINE('',#4199,#347);
#289=LINE('',#4200,#348);
#290=LINE('',#4203,#349);
#291=LINE('',#4205,#350);
#292=LINE('',#4206,#351);
#293=LINE('',#4209,#352);
#294=LINE('',#4211,#353);
#295=LINE('',#4212,#354);
#296=LINE('',#4215,#355);
#297=LINE('',#4217,#356);
#298=LINE('',#4218,#357);
#299=LINE('',#4221,#358);
#300=LINE('',#4223,#359);
#301=LINE('',#4224,#360);
#302=LINE('',#4226,#361);
#303=LINE('',#4227,#362);
#304=LINE('',#4233,#363);
#305=VECTOR('',#1118,0.5);
#306=VECTOR('',#1123,0.5);
#307=VECTOR('',#1126,0.5);
#308=VECTOR('',#1129,0.5);
#309=VECTOR('',#1132,0.5);
#310=VECTOR('',#1135,0.5);
#311=VECTOR('',#1138,0.5);
#312=VECTOR('',#1141,0.5);
#313=VECTOR('',#1144,0.5);
#314=VECTOR('',#1147,0.5);
#315=VECTOR('',#1150,0.5);
#316=VECTOR('',#1153,0.5);
#317=VECTOR('',#1156,0.5);
#318=VECTOR('',#1159,0.5);
#319=VECTOR('',#1162,0.5);
#320=VECTOR('',#1165,0.5);
#321=VECTOR('',#1168,0.5);
#322=VECTOR('',#1171,0.5);
#323=VECTOR('',#1174,0.5);
#324=VECTOR('',#1177,0.5);
#325=VECTOR('',#1180,1.17775);
#326=VECTOR('',#1185,1.17775);
#327=VECTOR('',#1188,1.17775);
#328=VECTOR('',#1191,1.17775);
#329=VECTOR('',#1194,1.17775);
#330=VECTOR('',#1197,1.17775);
#331=VECTOR('',#1200,1.17775);
#332=VECTOR('',#1203,1.17775);
#333=VECTOR('',#1206,1.17775);
#334=VECTOR('',#1209,1.17775);
#335=VECTOR('',#1212,1.17775);
#336=VECTOR('',#1215,1.17775);
#337=VECTOR('',#1218,1.17775);
#338=VECTOR('',#1221,1.17775);
#339=VECTOR('',#1224,1.17775);
#340=VECTOR('',#1227,1.17775);
#341=VECTOR('',#1230,1.17775);
#342=VECTOR('',#1233,1.17775);
#343=VECTOR('',#1236,1.17775);
#344=VECTOR('',#1239,1.17775);
#345=VECTOR('',#1262,10.);
#346=VECTOR('',#1263,10.);
#347=VECTOR('',#1264,10.);
#348=VECTOR('',#1265,10.);
#349=VECTOR('',#1268,10.);
#350=VECTOR('',#1269,10.);
#351=VECTOR('',#1270,10.);
#352=VECTOR('',#1273,10.);
#353=VECTOR('',#1274,10.);
#354=VECTOR('',#1275,10.);
#355=VECTOR('',#1278,10.);
#356=VECTOR('',#1279,10.);
#357=VECTOR('',#1280,10.);
#358=VECTOR('',#1283,10.);
#359=VECTOR('',#1284,10.);
#360=VECTOR('',#1285,10.);
#361=VECTOR('',#1288,10.);
#362=VECTOR('',#1289,10.);
#363=VECTOR('',#1296,2.75);
#364=VERTEX_POINT('',#1305);
#365=VERTEX_POINT('',#1306);
#366=VERTEX_POINT('',#1308);
#367=VERTEX_POINT('',#1319);
#368=VERTEX_POINT('',#1329);
#369=VERTEX_POINT('',#1330);
#370=VERTEX_POINT('',#1377);
#371=VERTEX_POINT('',#1378);
#372=VERTEX_POINT('',#1425);
#373=VERTEX_POINT('',#1426);
#374=VERTEX_POINT('',#1476);
#375=VERTEX_POINT('',#1477);
#376=VERTEX_POINT('',#1527);
#377=VERTEX_POINT('',#1528);
#378=VERTEX_POINT('',#1575);
#379=VERTEX_POINT('',#1576);
#380=VERTEX_POINT('',#1623);
#381=VERTEX_POINT('',#1624);
#382=VERTEX_POINT('',#1677);
#383=VERTEX_POINT('',#1678);
#384=VERTEX_POINT('',#1725);
#385=VERTEX_POINT('',#1726);
#386=VERTEX_POINT('',#1773);
#387=VERTEX_POINT('',#1774);
#388=VERTEX_POINT('',#1827);
#389=VERTEX_POINT('',#1828);
#390=VERTEX_POINT('',#1875);
#391=VERTEX_POINT('',#1876);
#392=VERTEX_POINT('',#1923);
#393=VERTEX_POINT('',#1924);
#394=VERTEX_POINT('',#1971);
#395=VERTEX_POINT('',#1972);
#396=VERTEX_POINT('',#2025);
#397=VERTEX_POINT('',#2026);
#398=VERTEX_POINT('',#2073);
#399=VERTEX_POINT('',#2074);
#400=VERTEX_POINT('',#2121);
#401=VERTEX_POINT('',#2122);
#402=VERTEX_POINT('',#2175);
#403=VERTEX_POINT('',#2176);
#404=VERTEX_POINT('',#2223);
#405=VERTEX_POINT('',#2224);
#406=VERTEX_POINT('',#2271);
#407=VERTEX_POINT('',#2272);
#408=VERTEX_POINT('',#2274);
#409=VERTEX_POINT('',#2281);
#410=VERTEX_POINT('',#2288);
#411=VERTEX_POINT('',#2289);
#412=VERTEX_POINT('',#2313);
#413=VERTEX_POINT('',#2314);
#414=VERTEX_POINT('',#2337);
#415=VERTEX_POINT('',#2338);
#416=VERTEX_POINT('',#2362);
#417=VERTEX_POINT('',#2363);
#418=VERTEX_POINT('',#2387);
#419=VERTEX_POINT('',#2388);
#420=VERTEX_POINT('',#2411);
#421=VERTEX_POINT('',#2412);
#422=VERTEX_POINT('',#2436);
#423=VERTEX_POINT('',#2437);
#424=VERTEX_POINT('',#2461);
#425=VERTEX_POINT('',#2462);
#426=VERTEX_POINT('',#2485);
#427=VERTEX_POINT('',#2486);
#428=VERTEX_POINT('',#2509);
#429=VERTEX_POINT('',#2510);
#430=VERTEX_POINT('',#2534);
#431=VERTEX_POINT('',#2535);
#432=VERTEX_POINT('',#2559);
#433=VERTEX_POINT('',#2560);
#434=VERTEX_POINT('',#2583);
#435=VERTEX_POINT('',#2584);
#436=VERTEX_POINT('',#2608);
#437=VERTEX_POINT('',#2609);
#438=VERTEX_POINT('',#2633);
#439=VERTEX_POINT('',#2634);
#440=VERTEX_POINT('',#2657);
#441=VERTEX_POINT('',#2658);
#442=VERTEX_POINT('',#2682);
#443=VERTEX_POINT('',#2683);
#444=VERTEX_POINT('',#2706);
#445=VERTEX_POINT('',#2707);
#446=VERTEX_POINT('',#2731);
#447=VERTEX_POINT('',#2732);
#448=VERTEX_POINT('',#3278);
#449=VERTEX_POINT('',#3374);
#450=VERTEX_POINT('',#3470);
#451=VERTEX_POINT('',#4004);
#452=VERTEX_POINT('',#4185);
#453=VERTEX_POINT('',#4187);
#454=VERTEX_POINT('',#4193);
#455=VERTEX_POINT('',#4194);
#456=VERTEX_POINT('',#4196);
#457=VERTEX_POINT('',#4198);
#458=VERTEX_POINT('',#4202);
#459=VERTEX_POINT('',#4204);
#460=VERTEX_POINT('',#4208);
#461=VERTEX_POINT('',#4210);
#462=VERTEX_POINT('',#4214);
#463=VERTEX_POINT('',#4216);
#464=VERTEX_POINT('',#4220);
#465=VERTEX_POINT('',#4222);
#466=VERTEX_POINT('',#4230);
#467=VERTEX_POINT('',#4232);
#468=EDGE_CURVE('',#364,#365,#246,.T.);
#469=EDGE_CURVE('',#364,#366,#158,.T.);
#470=EDGE_CURVE('',#367,#366,#149,.F.);
#471=EDGE_CURVE('',#367,#365,#159,.T.);
#472=EDGE_CURVE('',#368,#369,#247,.T.);
#473=EDGE_CURVE('',#368,#364,#160,.T.);
#474=EDGE_CURVE('',#365,#369,#161,.T.);
#475=EDGE_CURVE('',#370,#371,#248,.T.);
#476=EDGE_CURVE('',#370,#368,#162,.T.);
#477=EDGE_CURVE('',#369,#371,#163,.T.);
#478=EDGE_CURVE('',#372,#373,#249,.T.);
#479=EDGE_CURVE('',#372,#370,#164,.T.);
#480=EDGE_CURVE('',#371,#373,#165,.T.);
#481=EDGE_CURVE('',#374,#375,#250,.T.);
#482=EDGE_CURVE('',#374,#372,#166,.T.);
#483=EDGE_CURVE('',#373,#375,#167,.T.);
#484=EDGE_CURVE('',#376,#377,#251,.T.);
#485=EDGE_CURVE('',#376,#374,#168,.T.);
#486=EDGE_CURVE('',#375,#377,#169,.T.);
#487=EDGE_CURVE('',#378,#379,#252,.T.);
#488=EDGE_CURVE('',#378,#376,#170,.T.);
#489=EDGE_CURVE('',#377,#379,#171,.T.);
#490=EDGE_CURVE('',#380,#381,#253,.T.);
#491=EDGE_CURVE('',#380,#378,#172,.T.);
#492=EDGE_CURVE('',#379,#381,#173,.T.);
#493=EDGE_CURVE('',#382,#383,#254,.T.);
#494=EDGE_CURVE('',#382,#380,#174,.T.);
#495=EDGE_CURVE('',#381,#383,#175,.T.);
#496=EDGE_CURVE('',#384,#385,#255,.T.);
#497=EDGE_CURVE('',#384,#382,#176,.T.);
#498=EDGE_CURVE('',#383,#385,#177,.T.);
#499=EDGE_CURVE('',#386,#387,#256,.T.);
#500=EDGE_CURVE('',#386,#384,#178,.T.);
#501=EDGE_CURVE('',#385,#387,#179,.T.);
#502=EDGE_CURVE('',#388,#389,#257,.T.);
#503=EDGE_CURVE('',#388,#386,#180,.T.);
#504=EDGE_CURVE('',#387,#389,#181,.T.);
#505=EDGE_CURVE('',#390,#391,#258,.T.);
#506=EDGE_CURVE('',#390,#388,#182,.T.);
#507=EDGE_CURVE('',#389,#391,#183,.T.);
#508=EDGE_CURVE('',#392,#393,#259,.T.);
#509=EDGE_CURVE('',#392,#390,#184,.T.);
#510=EDGE_CURVE('',#391,#393,#185,.T.);
#511=EDGE_CURVE('',#394,#395,#260,.T.);
#512=EDGE_CURVE('',#394,#392,#186,.T.);
#513=EDGE_CURVE('',#393,#395,#187,.T.);
#514=EDGE_CURVE('',#396,#397,#261,.T.);
#515=EDGE_CURVE('',#396,#394,#188,.T.);
#516=EDGE_CURVE('',#395,#397,#189,.T.);
#517=EDGE_CURVE('',#398,#399,#262,.T.);
#518=EDGE_CURVE('',#398,#396,#190,.T.);
#519=EDGE_CURVE('',#397,#399,#191,.T.);
#520=EDGE_CURVE('',#400,#401,#263,.T.);
#521=EDGE_CURVE('',#400,#398,#192,.T.);
#522=EDGE_CURVE('',#399,#401,#193,.T.);
#523=EDGE_CURVE('',#402,#403,#264,.T.);
#524=EDGE_CURVE('',#402,#400,#194,.T.);
#525=EDGE_CURVE('',#401,#403,#195,.T.);
#526=EDGE_CURVE('',#404,#405,#265,.T.);
#527=EDGE_CURVE('',#404,#402,#196,.T.);
#528=EDGE_CURVE('',#403,#405,#197,.T.);
#529=EDGE_CURVE('',#406,#407,#266,.T.);
#530=EDGE_CURVE('',#406,#408,#198,.T.);
#531=EDGE_CURVE('',#409,#408,#150,.T.);
#532=EDGE_CURVE('',#407,#409,#199,.T.);
#533=EDGE_CURVE('',#410,#411,#267,.T.);
#534=EDGE_CURVE('',#410,#406,#200,.T.);
#535=EDGE_CURVE('',#411,#407,#201,.T.);
#536=EDGE_CURVE('',#412,#413,#268,.T.);
#537=EDGE_CURVE('',#412,#410,#202,.T.);
#538=EDGE_CURVE('',#413,#411,#203,.T.);
#539=EDGE_CURVE('',#414,#415,#269,.T.);
#540=EDGE_CURVE('',#414,#412,#204,.T.);
#541=EDGE_CURVE('',#415,#413,#205,.T.);
#542=EDGE_CURVE('',#416,#417,#270,.T.);
#543=EDGE_CURVE('',#416,#414,#206,.T.);
#544=EDGE_CURVE('',#417,#415,#207,.T.);
#545=EDGE_CURVE('',#418,#419,#271,.T.);
#546=EDGE_CURVE('',#418,#416,#208,.T.);
#547=EDGE_CURVE('',#419,#417,#209,.T.);
#548=EDGE_CURVE('',#420,#421,#272,.T.);
#549=EDGE_CURVE('',#420,#418,#210,.T.);
#550=EDGE_CURVE('',#421,#419,#211,.T.);
#551=EDGE_CURVE('',#422,#423,#273,.T.);
#552=EDGE_CURVE('',#422,#420,#212,.T.);
#553=EDGE_CURVE('',#423,#421,#213,.T.);
#554=EDGE_CURVE('',#424,#425,#274,.T.);
#555=EDGE_CURVE('',#424,#422,#214,.T.);
#556=EDGE_CURVE('',#425,#423,#215,.T.);
#557=EDGE_CURVE('',#426,#427,#275,.T.);
#558=EDGE_CURVE('',#426,#424,#216,.T.);
#559=EDGE_CURVE('',#427,#425,#217,.T.);
#560=EDGE_CURVE('',#428,#429,#276,.T.);
#561=EDGE_CURVE('',#428,#426,#218,.T.);
#562=EDGE_CURVE('',#429,#427,#219,.T.);
#563=EDGE_CURVE('',#430,#431,#277,.T.);
#564=EDGE_CURVE('',#430,#428,#220,.T.);
#565=EDGE_CURVE('',#431,#429,#221,.T.);
#566=EDGE_CURVE('',#432,#433,#278,.T.);
#567=EDGE_CURVE('',#432,#430,#222,.T.);
#568=EDGE_CURVE('',#433,#431,#223,.T.);
#569=EDGE_CURVE('',#434,#435,#279,.T.);
#570=EDGE_CURVE('',#434,#432,#224,.T.);
#571=EDGE_CURVE('',#435,#433,#225,.T.);
#572=EDGE_CURVE('',#436,#437,#280,.T.);
#573=EDGE_CURVE('',#436,#434,#226,.T.);
#574=EDGE_CURVE('',#437,#435,#227,.T.);
#575=EDGE_CURVE('',#438,#439,#281,.T.);
#576=EDGE_CURVE('',#438,#436,#228,.T.);
#577=EDGE_CURVE('',#439,#437,#229,.T.);
#578=EDGE_CURVE('',#440,#441,#282,.T.);
#579=EDGE_CURVE('',#440,#438,#230,.T.);
#580=EDGE_CURVE('',#441,#439,#231,.T.);
#581=EDGE_CURVE('',#442,#443,#283,.T.);
#582=EDGE_CURVE('',#442,#440,#232,.T.);
#583=EDGE_CURVE('',#443,#441,#233,.T.);
#584=EDGE_CURVE('',#444,#445,#284,.T.);
#585=EDGE_CURVE('',#444,#442,#234,.T.);
#586=EDGE_CURVE('',#445,#443,#235,.T.);
#587=EDGE_CURVE('',#446,#447,#285,.T.);
#588=EDGE_CURVE('',#446,#444,#236,.T.);
#589=EDGE_CURVE('',#447,#445,#237,.T.);
#590=EDGE_CURVE('',#448,#409,#238,.T.);
#591=EDGE_CURVE('',#405,#448,#239,.T.);
#592=EDGE_CURVE('',#449,#367,#240,.T.);
#593=EDGE_CURVE('',#449,#447,#241,.T.);
#594=EDGE_CURVE('',#450,#449,#151,.T.);
#595=EDGE_CURVE('',#450,#446,#242,.T.);
#596=EDGE_CURVE('',#408,#451,#243,.T.);
#597=EDGE_CURVE('',#366,#450,#244,.T.);
#598=EDGE_CURVE('',#451,#404,#245,.T.);
#599=EDGE_CURVE('',#451,#448,#152,.F.);
#600=EDGE_CURVE('',#452,#452,#153,.T.);
#601=EDGE_CURVE('',#452,#453,#154,.T.);
#602=EDGE_CURVE('',#453,#453,#155,.T.);
#603=EDGE_CURVE('',#454,#455,#286,.T.);
#604=EDGE_CURVE('',#454,#456,#287,.T.);
#605=EDGE_CURVE('',#456,#457,#288,.T.);
#606=EDGE_CURVE('',#455,#457,#289,.T.);
#607=EDGE_CURVE('',#458,#454,#290,.T.);
#608=EDGE_CURVE('',#458,#459,#291,.T.);
#609=EDGE_CURVE('',#459,#456,#292,.T.);
#610=EDGE_CURVE('',#460,#458,#293,.T.);
#611=EDGE_CURVE('',#460,#461,#294,.T.);
#612=EDGE_CURVE('',#461,#459,#295,.T.);
#613=EDGE_CURVE('',#462,#460,#296,.T.);
#614=EDGE_CURVE('',#462,#463,#297,.T.);
#615=EDGE_CURVE('',#463,#461,#298,.T.);
#616=EDGE_CURVE('',#464,#462,#299,.T.);
#617=EDGE_CURVE('',#464,#465,#300,.T.);
#618=EDGE_CURVE('',#465,#463,#301,.T.);
#619=EDGE_CURVE('',#455,#464,#302,.T.);
#620=EDGE_CURVE('',#457,#465,#303,.T.);
#621=EDGE_CURVE('',#466,#466,#156,.T.);
#622=EDGE_CURVE('',#466,#467,#304,.T.);
#623=EDGE_CURVE('',#467,#467,#157,.T.);
#624=ORIENTED_EDGE('',*,*,#468,.F.);
#625=ORIENTED_EDGE('',*,*,#469,.T.);
#626=ORIENTED_EDGE('',*,*,#470,.F.);
#627=ORIENTED_EDGE('',*,*,#471,.T.);
#628=ORIENTED_EDGE('',*,*,#472,.F.);
#629=ORIENTED_EDGE('',*,*,#473,.T.);
#630=ORIENTED_EDGE('',*,*,#468,.T.);
#631=ORIENTED_EDGE('',*,*,#474,.T.);
#632=ORIENTED_EDGE('',*,*,#475,.F.);
#633=ORIENTED_EDGE('',*,*,#476,.T.);
#634=ORIENTED_EDGE('',*,*,#472,.T.);
#635=ORIENTED_EDGE('',*,*,#477,.T.);
#636=ORIENTED_EDGE('',*,*,#478,.F.);
#637=ORIENTED_EDGE('',*,*,#479,.T.);
#638=ORIENTED_EDGE('',*,*,#475,.T.);
#639=ORIENTED_EDGE('',*,*,#480,.T.);
#640=ORIENTED_EDGE('',*,*,#481,.F.);
#641=ORIENTED_EDGE('',*,*,#482,.T.);
#642=ORIENTED_EDGE('',*,*,#478,.T.);
#643=ORIENTED_EDGE('',*,*,#483,.T.);
#644=ORIENTED_EDGE('',*,*,#484,.F.);
#645=ORIENTED_EDGE('',*,*,#485,.T.);
#646=ORIENTED_EDGE('',*,*,#481,.T.);
#647=ORIENTED_EDGE('',*,*,#486,.T.);
#648=ORIENTED_EDGE('',*,*,#487,.F.);
#649=ORIENTED_EDGE('',*,*,#488,.T.);
#650=ORIENTED_EDGE('',*,*,#484,.T.);
#651=ORIENTED_EDGE('',*,*,#489,.T.);
#652=ORIENTED_EDGE('',*,*,#490,.F.);
#653=ORIENTED_EDGE('',*,*,#491,.T.);
#654=ORIENTED_EDGE('',*,*,#487,.T.);
#655=ORIENTED_EDGE('',*,*,#492,.T.);
#656=ORIENTED_EDGE('',*,*,#493,.F.);
#657=ORIENTED_EDGE('',*,*,#494,.T.);
#658=ORIENTED_EDGE('',*,*,#490,.T.);
#659=ORIENTED_EDGE('',*,*,#495,.T.);
#660=ORIENTED_EDGE('',*,*,#496,.F.);
#661=ORIENTED_EDGE('',*,*,#497,.T.);
#662=ORIENTED_EDGE('',*,*,#493,.T.);
#663=ORIENTED_EDGE('',*,*,#498,.T.);
#664=ORIENTED_EDGE('',*,*,#499,.F.);
#665=ORIENTED_EDGE('',*,*,#500,.T.);
#666=ORIENTED_EDGE('',*,*,#496,.T.);
#667=ORIENTED_EDGE('',*,*,#501,.T.);
#668=ORIENTED_EDGE('',*,*,#502,.F.);
#669=ORIENTED_EDGE('',*,*,#503,.T.);
#670=ORIENTED_EDGE('',*,*,#499,.T.);
#671=ORIENTED_EDGE('',*,*,#504,.T.);
#672=ORIENTED_EDGE('',*,*,#505,.F.);
#673=ORIENTED_EDGE('',*,*,#506,.T.);
#674=ORIENTED_EDGE('',*,*,#502,.T.);
#675=ORIENTED_EDGE('',*,*,#507,.T.);
#676=ORIENTED_EDGE('',*,*,#508,.F.);
#677=ORIENTED_EDGE('',*,*,#509,.T.);
#678=ORIENTED_EDGE('',*,*,#505,.T.);
#679=ORIENTED_EDGE('',*,*,#510,.T.);
#680=ORIENTED_EDGE('',*,*,#511,.F.);
#681=ORIENTED_EDGE('',*,*,#512,.T.);
#682=ORIENTED_EDGE('',*,*,#508,.T.);
#683=ORIENTED_EDGE('',*,*,#513,.T.);
#684=ORIENTED_EDGE('',*,*,#514,.F.);
#685=ORIENTED_EDGE('',*,*,#515,.T.);
#686=ORIENTED_EDGE('',*,*,#511,.T.);
#687=ORIENTED_EDGE('',*,*,#516,.T.);
#688=ORIENTED_EDGE('',*,*,#517,.F.);
#689=ORIENTED_EDGE('',*,*,#518,.T.);
#690=ORIENTED_EDGE('',*,*,#514,.T.);
#691=ORIENTED_EDGE('',*,*,#519,.T.);
#692=ORIENTED_EDGE('',*,*,#520,.F.);
#693=ORIENTED_EDGE('',*,*,#521,.T.);
#694=ORIENTED_EDGE('',*,*,#517,.T.);
#695=ORIENTED_EDGE('',*,*,#522,.T.);
#696=ORIENTED_EDGE('',*,*,#523,.F.);
#697=ORIENTED_EDGE('',*,*,#524,.T.);
#698=ORIENTED_EDGE('',*,*,#520,.T.);
#699=ORIENTED_EDGE('',*,*,#525,.T.);
#700=ORIENTED_EDGE('',*,*,#526,.F.);
#701=ORIENTED_EDGE('',*,*,#527,.T.);
#702=ORIENTED_EDGE('',*,*,#523,.T.);
#703=ORIENTED_EDGE('',*,*,#528,.T.);
#704=ORIENTED_EDGE('',*,*,#529,.F.);
#705=ORIENTED_EDGE('',*,*,#530,.T.);
#706=ORIENTED_EDGE('',*,*,#531,.F.);
#707=ORIENTED_EDGE('',*,*,#532,.F.);
#708=ORIENTED_EDGE('',*,*,#533,.F.);
#709=ORIENTED_EDGE('',*,*,#534,.T.);
#710=ORIENTED_EDGE('',*,*,#529,.T.);
#711=ORIENTED_EDGE('',*,*,#535,.F.);
#712=ORIENTED_EDGE('',*,*,#536,.F.);
#713=ORIENTED_EDGE('',*,*,#537,.T.);
#714=ORIENTED_EDGE('',*,*,#533,.T.);
#715=ORIENTED_EDGE('',*,*,#538,.F.);
#716=ORIENTED_EDGE('',*,*,#539,.F.);
#717=ORIENTED_EDGE('',*,*,#540,.T.);
#718=ORIENTED_EDGE('',*,*,#536,.T.);
#719=ORIENTED_EDGE('',*,*,#541,.F.);
#720=ORIENTED_EDGE('',*,*,#542,.F.);
#721=ORIENTED_EDGE('',*,*,#543,.T.);
#722=ORIENTED_EDGE('',*,*,#539,.T.);
#723=ORIENTED_EDGE('',*,*,#544,.F.);
#724=ORIENTED_EDGE('',*,*,#545,.F.);
#725=ORIENTED_EDGE('',*,*,#546,.T.);
#726=ORIENTED_EDGE('',*,*,#542,.T.);
#727=ORIENTED_EDGE('',*,*,#547,.F.);
#728=ORIENTED_EDGE('',*,*,#548,.F.);
#729=ORIENTED_EDGE('',*,*,#549,.T.);
#730=ORIENTED_EDGE('',*,*,#545,.T.);
#731=ORIENTED_EDGE('',*,*,#550,.F.);
#732=ORIENTED_EDGE('',*,*,#551,.F.);
#733=ORIENTED_EDGE('',*,*,#552,.T.);
#734=ORIENTED_EDGE('',*,*,#548,.T.);
#735=ORIENTED_EDGE('',*,*,#553,.F.);
#736=ORIENTED_EDGE('',*,*,#554,.F.);
#737=ORIENTED_EDGE('',*,*,#555,.T.);
#738=ORIENTED_EDGE('',*,*,#551,.T.);
#739=ORIENTED_EDGE('',*,*,#556,.F.);
#740=ORIENTED_EDGE('',*,*,#557,.F.);
#741=ORIENTED_EDGE('',*,*,#558,.T.);
#742=ORIENTED_EDGE('',*,*,#554,.T.);
#743=ORIENTED_EDGE('',*,*,#559,.F.);
#744=ORIENTED_EDGE('',*,*,#560,.F.);
#745=ORIENTED_EDGE('',*,*,#561,.T.);
#746=ORIENTED_EDGE('',*,*,#557,.T.);
#747=ORIENTED_EDGE('',*,*,#562,.F.);
#748=ORIENTED_EDGE('',*,*,#563,.F.);
#749=ORIENTED_EDGE('',*,*,#564,.T.);
#750=ORIENTED_EDGE('',*,*,#560,.T.);
#751=ORIENTED_EDGE('',*,*,#565,.F.);
#752=ORIENTED_EDGE('',*,*,#566,.F.);
#753=ORIENTED_EDGE('',*,*,#567,.T.);
#754=ORIENTED_EDGE('',*,*,#563,.T.);
#755=ORIENTED_EDGE('',*,*,#568,.F.);
#756=ORIENTED_EDGE('',*,*,#569,.F.);
#757=ORIENTED_EDGE('',*,*,#570,.T.);
#758=ORIENTED_EDGE('',*,*,#566,.T.);
#759=ORIENTED_EDGE('',*,*,#571,.F.);
#760=ORIENTED_EDGE('',*,*,#572,.F.);
#761=ORIENTED_EDGE('',*,*,#573,.T.);
#762=ORIENTED_EDGE('',*,*,#569,.T.);
#763=ORIENTED_EDGE('',*,*,#574,.F.);
#764=ORIENTED_EDGE('',*,*,#575,.F.);
#765=ORIENTED_EDGE('',*,*,#576,.T.);
#766=ORIENTED_EDGE('',*,*,#572,.T.);
#767=ORIENTED_EDGE('',*,*,#577,.F.);
#768=ORIENTED_EDGE('',*,*,#578,.F.);
#769=ORIENTED_EDGE('',*,*,#579,.T.);
#770=ORIENTED_EDGE('',*,*,#575,.T.);
#771=ORIENTED_EDGE('',*,*,#580,.F.);
#772=ORIENTED_EDGE('',*,*,#581,.F.);
#773=ORIENTED_EDGE('',*,*,#582,.T.);
#774=ORIENTED_EDGE('',*,*,#578,.T.);
#775=ORIENTED_EDGE('',*,*,#583,.F.);
#776=ORIENTED_EDGE('',*,*,#584,.F.);
#777=ORIENTED_EDGE('',*,*,#585,.T.);
#778=ORIENTED_EDGE('',*,*,#581,.T.);
#779=ORIENTED_EDGE('',*,*,#586,.F.);
#780=ORIENTED_EDGE('',*,*,#587,.F.);
#781=ORIENTED_EDGE('',*,*,#588,.T.);
#782=ORIENTED_EDGE('',*,*,#584,.T.);
#783=ORIENTED_EDGE('',*,*,#589,.F.);
#784=ORIENTED_EDGE('',*,*,#590,.F.);
#785=ORIENTED_EDGE('',*,*,#591,.F.);
#786=ORIENTED_EDGE('',*,*,#528,.F.);
#787=ORIENTED_EDGE('',*,*,#525,.F.);
#788=ORIENTED_EDGE('',*,*,#522,.F.);
#789=ORIENTED_EDGE('',*,*,#519,.F.);
#790=ORIENTED_EDGE('',*,*,#516,.F.);
#791=ORIENTED_EDGE('',*,*,#513,.F.);
#792=ORIENTED_EDGE('',*,*,#510,.F.);
#793=ORIENTED_EDGE('',*,*,#507,.F.);
#794=ORIENTED_EDGE('',*,*,#504,.F.);
#795=ORIENTED_EDGE('',*,*,#501,.F.);
#796=ORIENTED_EDGE('',*,*,#498,.F.);
#797=ORIENTED_EDGE('',*,*,#495,.F.);
#798=ORIENTED_EDGE('',*,*,#492,.F.);
#799=ORIENTED_EDGE('',*,*,#489,.F.);
#800=ORIENTED_EDGE('',*,*,#486,.F.);
#801=ORIENTED_EDGE('',*,*,#483,.F.);
#802=ORIENTED_EDGE('',*,*,#480,.F.);
#803=ORIENTED_EDGE('',*,*,#477,.F.);
#804=ORIENTED_EDGE('',*,*,#474,.F.);
#805=ORIENTED_EDGE('',*,*,#471,.F.);
#806=ORIENTED_EDGE('',*,*,#592,.F.);
#807=ORIENTED_EDGE('',*,*,#593,.T.);
#808=ORIENTED_EDGE('',*,*,#589,.T.);
#809=ORIENTED_EDGE('',*,*,#586,.T.);
#810=ORIENTED_EDGE('',*,*,#583,.T.);
#811=ORIENTED_EDGE('',*,*,#580,.T.);
#812=ORIENTED_EDGE('',*,*,#577,.T.);
#813=ORIENTED_EDGE('',*,*,#574,.T.);
#814=ORIENTED_EDGE('',*,*,#571,.T.);
#815=ORIENTED_EDGE('',*,*,#568,.T.);
#816=ORIENTED_EDGE('',*,*,#565,.T.);
#817=ORIENTED_EDGE('',*,*,#562,.T.);
#818=ORIENTED_EDGE('',*,*,#559,.T.);
#819=ORIENTED_EDGE('',*,*,#556,.T.);
#820=ORIENTED_EDGE('',*,*,#553,.T.);
#821=ORIENTED_EDGE('',*,*,#550,.T.);
#822=ORIENTED_EDGE('',*,*,#547,.T.);
#823=ORIENTED_EDGE('',*,*,#544,.T.);
#824=ORIENTED_EDGE('',*,*,#541,.T.);
#825=ORIENTED_EDGE('',*,*,#538,.T.);
#826=ORIENTED_EDGE('',*,*,#535,.T.);
#827=ORIENTED_EDGE('',*,*,#532,.T.);
#828=ORIENTED_EDGE('',*,*,#587,.T.);
#829=ORIENTED_EDGE('',*,*,#593,.F.);
#830=ORIENTED_EDGE('',*,*,#594,.F.);
#831=ORIENTED_EDGE('',*,*,#595,.T.);
#832=ORIENTED_EDGE('',*,*,#596,.F.);
#833=ORIENTED_EDGE('',*,*,#530,.F.);
#834=ORIENTED_EDGE('',*,*,#534,.F.);
#835=ORIENTED_EDGE('',*,*,#537,.F.);
#836=ORIENTED_EDGE('',*,*,#540,.F.);
#837=ORIENTED_EDGE('',*,*,#543,.F.);
#838=ORIENTED_EDGE('',*,*,#546,.F.);
#839=ORIENTED_EDGE('',*,*,#549,.F.);
#840=ORIENTED_EDGE('',*,*,#552,.F.);
#841=ORIENTED_EDGE('',*,*,#555,.F.);
#842=ORIENTED_EDGE('',*,*,#558,.F.);
#843=ORIENTED_EDGE('',*,*,#561,.F.);
#844=ORIENTED_EDGE('',*,*,#564,.F.);
#845=ORIENTED_EDGE('',*,*,#567,.F.);
#846=ORIENTED_EDGE('',*,*,#570,.F.);
#847=ORIENTED_EDGE('',*,*,#573,.F.);
#848=ORIENTED_EDGE('',*,*,#576,.F.);
#849=ORIENTED_EDGE('',*,*,#579,.F.);
#850=ORIENTED_EDGE('',*,*,#582,.F.);
#851=ORIENTED_EDGE('',*,*,#585,.F.);
#852=ORIENTED_EDGE('',*,*,#588,.F.);
#853=ORIENTED_EDGE('',*,*,#595,.F.);
#854=ORIENTED_EDGE('',*,*,#597,.F.);
#855=ORIENTED_EDGE('',*,*,#469,.F.);
#856=ORIENTED_EDGE('',*,*,#473,.F.);
#857=ORIENTED_EDGE('',*,*,#476,.F.);
#858=ORIENTED_EDGE('',*,*,#479,.F.);
#859=ORIENTED_EDGE('',*,*,#482,.F.);
#860=ORIENTED_EDGE('',*,*,#485,.F.);
#861=ORIENTED_EDGE('',*,*,#488,.F.);
#862=ORIENTED_EDGE('',*,*,#491,.F.);
#863=ORIENTED_EDGE('',*,*,#494,.F.);
#864=ORIENTED_EDGE('',*,*,#497,.F.);
#865=ORIENTED_EDGE('',*,*,#500,.F.);
#866=ORIENTED_EDGE('',*,*,#503,.F.);
#867=ORIENTED_EDGE('',*,*,#506,.F.);
#868=ORIENTED_EDGE('',*,*,#509,.F.);
#869=ORIENTED_EDGE('',*,*,#512,.F.);
#870=ORIENTED_EDGE('',*,*,#515,.F.);
#871=ORIENTED_EDGE('',*,*,#518,.F.);
#872=ORIENTED_EDGE('',*,*,#521,.F.);
#873=ORIENTED_EDGE('',*,*,#524,.F.);
#874=ORIENTED_EDGE('',*,*,#527,.F.);
#875=ORIENTED_EDGE('',*,*,#598,.F.);
#876=ORIENTED_EDGE('',*,*,#526,.T.);
#877=ORIENTED_EDGE('',*,*,#591,.T.);
#878=ORIENTED_EDGE('',*,*,#599,.F.);
#879=ORIENTED_EDGE('',*,*,#598,.T.);
#880=ORIENTED_EDGE('',*,*,#600,.F.);
#881=ORIENTED_EDGE('',*,*,#601,.T.);
#882=ORIENTED_EDGE('',*,*,#602,.F.);
#883=ORIENTED_EDGE('',*,*,#601,.F.);
#884=ORIENTED_EDGE('',*,*,#600,.T.);
#885=ORIENTED_EDGE('',*,*,#470,.T.);
#886=ORIENTED_EDGE('',*,*,#597,.T.);
#887=ORIENTED_EDGE('',*,*,#594,.T.);
#888=ORIENTED_EDGE('',*,*,#592,.T.);
#889=ORIENTED_EDGE('',*,*,#596,.T.);
#890=ORIENTED_EDGE('',*,*,#599,.T.);
#891=ORIENTED_EDGE('',*,*,#590,.T.);
#892=ORIENTED_EDGE('',*,*,#531,.T.);
#893=ORIENTED_EDGE('',*,*,#603,.F.);
#894=ORIENTED_EDGE('',*,*,#604,.T.);
#895=ORIENTED_EDGE('',*,*,#605,.T.);
#896=ORIENTED_EDGE('',*,*,#606,.F.);
#897=ORIENTED_EDGE('',*,*,#607,.F.);
#898=ORIENTED_EDGE('',*,*,#608,.T.);
#899=ORIENTED_EDGE('',*,*,#609,.T.);
#900=ORIENTED_EDGE('',*,*,#604,.F.);
#901=ORIENTED_EDGE('',*,*,#610,.F.);
#902=ORIENTED_EDGE('',*,*,#611,.T.);
#903=ORIENTED_EDGE('',*,*,#612,.T.);
#904=ORIENTED_EDGE('',*,*,#608,.F.);
#905=ORIENTED_EDGE('',*,*,#613,.F.);
#906=ORIENTED_EDGE('',*,*,#614,.T.);
#907=ORIENTED_EDGE('',*,*,#615,.T.);
#908=ORIENTED_EDGE('',*,*,#611,.F.);
#909=ORIENTED_EDGE('',*,*,#616,.F.);
#910=ORIENTED_EDGE('',*,*,#617,.T.);
#911=ORIENTED_EDGE('',*,*,#618,.T.);
#912=ORIENTED_EDGE('',*,*,#614,.F.);
#913=ORIENTED_EDGE('',*,*,#619,.F.);
#914=ORIENTED_EDGE('',*,*,#606,.T.);
#915=ORIENTED_EDGE('',*,*,#620,.T.);
#916=ORIENTED_EDGE('',*,*,#617,.F.);
#917=ORIENTED_EDGE('',*,*,#620,.F.);
#918=ORIENTED_EDGE('',*,*,#605,.F.);
#919=ORIENTED_EDGE('',*,*,#609,.F.);
#920=ORIENTED_EDGE('',*,*,#612,.F.);
#921=ORIENTED_EDGE('',*,*,#615,.F.);
#922=ORIENTED_EDGE('',*,*,#618,.F.);
#923=ORIENTED_EDGE('',*,*,#621,.F.);
#924=ORIENTED_EDGE('',*,*,#622,.T.);
#925=ORIENTED_EDGE('',*,*,#623,.T.);
#926=ORIENTED_EDGE('',*,*,#622,.F.);
#927=ORIENTED_EDGE('',*,*,#621,.T.);
#928=ORIENTED_EDGE('',*,*,#603,.T.);
#929=ORIENTED_EDGE('',*,*,#619,.T.);
#930=ORIENTED_EDGE('',*,*,#616,.T.);
#931=ORIENTED_EDGE('',*,*,#613,.T.);
#932=ORIENTED_EDGE('',*,*,#610,.T.);
#933=ORIENTED_EDGE('',*,*,#607,.T.);
#934=ORIENTED_EDGE('',*,*,#623,.F.);
#935=ORIENTED_EDGE('',*,*,#602,.T.);
#936=CYLINDRICAL_SURFACE('',#1050,1.4635);
#937=CYLINDRICAL_SURFACE('',#1052,1.4635);
#938=CYLINDRICAL_SURFACE('',#1053,1.4635);
#939=CYLINDRICAL_SURFACE('',#1054,1.4635);
#940=CYLINDRICAL_SURFACE('',#1055,1.4635);
#941=CYLINDRICAL_SURFACE('',#1056,1.4635);
#942=CYLINDRICAL_SURFACE('',#1057,1.4635);
#943=CYLINDRICAL_SURFACE('',#1058,1.4635);
#944=CYLINDRICAL_SURFACE('',#1059,1.4635);
#945=CYLINDRICAL_SURFACE('',#1060,1.4635);
#946=CYLINDRICAL_SURFACE('',#1061,1.4635);
#947=CYLINDRICAL_SURFACE('',#1062,1.4635);
#948=CYLINDRICAL_SURFACE('',#1063,1.4635);
#949=CYLINDRICAL_SURFACE('',#1064,1.4635);
#950=CYLINDRICAL_SURFACE('',#1065,1.4635);
#951=CYLINDRICAL_SURFACE('',#1066,1.4635);
#952=CYLINDRICAL_SURFACE('',#1067,1.4635);
#953=CYLINDRICAL_SURFACE('',#1068,1.4635);
#954=CYLINDRICAL_SURFACE('',#1069,1.4635);
#955=CYLINDRICAL_SURFACE('',#1070,1.4635);
#956=CYLINDRICAL_SURFACE('',#1071,1.17775);
#957=CYLINDRICAL_SURFACE('',#1073,1.17775);
#958=CYLINDRICAL_SURFACE('',#1074,1.17775);
#959=CYLINDRICAL_SURFACE('',#1075,1.17775);
#960=CYLINDRICAL_SURFACE('',#1076,1.17775);
#961=CYLINDRICAL_SURFACE('',#1077,1.17775);
#962=CYLINDRICAL_SURFACE('',#1078,1.17775);
#963=CYLINDRICAL_SURFACE('',#1079,1.17775);
#964=CYLINDRICAL_SURFACE('',#1080,1.17775);
#965=CYLINDRICAL_SURFACE('',#1081,1.17775);
#966=CYLINDRICAL_SURFACE('',#1082,1.17775);
#967=CYLINDRICAL_SURFACE('',#1083,1.17775);
#968=CYLINDRICAL_SURFACE('',#1084,1.17775);
#969=CYLINDRICAL_SURFACE('',#1085,1.17775);
#970=CYLINDRICAL_SURFACE('',#1086,1.17775);
#971=CYLINDRICAL_SURFACE('',#1087,1.17775);
#972=CYLINDRICAL_SURFACE('',#1088,1.17775);
#973=CYLINDRICAL_SURFACE('',#1089,1.17775);
#974=CYLINDRICAL_SURFACE('',#1090,1.17775);
#975=CYLINDRICAL_SURFACE('',#1091,1.17775);
#976=CYLINDRICAL_SURFACE('',#1092,1.17775);
#977=CYLINDRICAL_SURFACE('',#1094,1.4635);
#978=CYLINDRICAL_SURFACE('',#1109,2.75);
#979=ADVANCED_FACE('',(#32),#936,.T.);
#980=ADVANCED_FACE('',(#33),#937,.T.);
#981=ADVANCED_FACE('',(#34),#938,.T.);
#982=ADVANCED_FACE('',(#35),#939,.T.);
#983=ADVANCED_FACE('',(#36),#940,.T.);
#984=ADVANCED_FACE('',(#37),#941,.T.);
#985=ADVANCED_FACE('',(#38),#942,.T.);
#986=ADVANCED_FACE('',(#39),#943,.T.);
#987=ADVANCED_FACE('',(#40),#944,.T.);
#988=ADVANCED_FACE('',(#41),#945,.T.);
#989=ADVANCED_FACE('',(#42),#946,.T.);
#990=ADVANCED_FACE('',(#43),#947,.T.);
#991=ADVANCED_FACE('',(#44),#948,.T.);
#992=ADVANCED_FACE('',(#45),#949,.T.);
#993=ADVANCED_FACE('',(#46),#950,.T.);
#994=ADVANCED_FACE('',(#47),#951,.T.);
#995=ADVANCED_FACE('',(#48),#952,.T.);
#996=ADVANCED_FACE('',(#49),#953,.T.);
#997=ADVANCED_FACE('',(#50),#954,.T.);
#998=ADVANCED_FACE('',(#51),#955,.T.);
#999=ADVANCED_FACE('',(#52),#956,.T.);
#1000=ADVANCED_FACE('',(#53),#957,.T.);
#1001=ADVANCED_FACE('',(#54),#958,.T.);
#1002=ADVANCED_FACE('',(#55),#959,.T.);
#1003=ADVANCED_FACE('',(#56),#960,.T.);
#1004=ADVANCED_FACE('',(#57),#961,.T.);
#1005=ADVANCED_FACE('',(#58),#962,.T.);
#1006=ADVANCED_FACE('',(#59),#963,.T.);
#1007=ADVANCED_FACE('',(#60),#964,.T.);
#1008=ADVANCED_FACE('',(#61),#965,.T.);
#1009=ADVANCED_FACE('',(#62),#966,.T.);
#1010=ADVANCED_FACE('',(#63),#967,.T.);
#1011=ADVANCED_FACE('',(#64),#968,.T.);
#1012=ADVANCED_FACE('',(#65),#969,.T.);
#1013=ADVANCED_FACE('',(#66),#970,.T.);
#1014=ADVANCED_FACE('',(#67),#971,.T.);
#1015=ADVANCED_FACE('',(#68),#972,.T.);
#1016=ADVANCED_FACE('',(#69),#973,.T.);
#1017=ADVANCED_FACE('',(#70),#974,.T.);
#1018=ADVANCED_FACE('',(#71),#975,.T.);
#1019=ADVANCED_FACE('',(#72),#30,.F.);
#1020=ADVANCED_FACE('',(#73),#976,.T.);
#1021=ADVANCED_FACE('',(#74),#31,.F.);
#1022=ADVANCED_FACE('',(#75),#977,.T.);
#1023=ADVANCED_FACE('',(#76),#29,.T.);
#1024=ADVANCED_FACE('',(#77,#15),#18,.F.);
#1025=ADVANCED_FACE('',(#78),#19,.T.);
#1026=ADVANCED_FACE('',(#79),#20,.F.);
#1027=ADVANCED_FACE('',(#80),#21,.F.);
#1028=ADVANCED_FACE('',(#81),#22,.F.);
#1029=ADVANCED_FACE('',(#82),#23,.F.);
#1030=ADVANCED_FACE('',(#83),#24,.F.);
#1031=ADVANCED_FACE('',(#84),#25,.F.);
#1032=ADVANCED_FACE('',(#85),#26,.F.);
#1033=ADVANCED_FACE('',(#86),#978,.T.);
#1034=ADVANCED_FACE('',(#87,#16),#27,.T.);
#1035=ADVANCED_FACE('',(#88,#17),#28,.F.);
#1036=CLOSED_SHELL('',(#979,#980,#981,#982,#983,#984,#985,#986,#987,#988,
#989,#990,#991,#992,#993,#994,#995,#996,#997,#998,#999,#1000,#1001,#1002,
#1003,#1004,#1005,#1006,#1007,#1008,#1009,#1010,#1011,#1012,#1013,#1014,
#1015,#1016,#1017,#1018,#1019,#1020,#1021,#1022,#1023,#1024,#1025,#1026,
#1027,#1028,#1029,#1030,#1031,#1032,#1033,#1034,#1035));
#1037=DERIVED_UNIT_ELEMENT(#1039,1.);
#1038=DERIVED_UNIT_ELEMENT(#4242,-3.);
#1039=(
MASS_UNIT()
NAMED_UNIT(*)
SI_UNIT(.KILO.,.GRAM.)
);
#1040=DERIVED_UNIT((#1037,#1038));
#1041=MEASURE_REPRESENTATION_ITEM('density measure',
POSITIVE_RATIO_MEASURE(7850.),#1040);
#1042=PROPERTY_DEFINITION_REPRESENTATION(#1047,#1044);
#1043=PROPERTY_DEFINITION_REPRESENTATION(#1048,#1045);
#1044=REPRESENTATION('material name',(#1046),#4239);
#1045=REPRESENTATION('density',(#1041),#4239);
#1046=DESCRIPTIVE_REPRESENTATION_ITEM('Steel','Steel');
#1047=PROPERTY_DEFINITION('material property','material name',#4249);
#1048=PROPERTY_DEFINITION('material property','density of part',#4249);
#1049=AXIS2_PLACEMENT_3D('',#1303,#1114,#1115);
#1050=AXIS2_PLACEMENT_3D('',#1304,#1116,#1117);
#1051=AXIS2_PLACEMENT_3D('',#1320,#1119,#1120);
#1052=AXIS2_PLACEMENT_3D('',#1328,#1121,#1122);
#1053=AXIS2_PLACEMENT_3D('',#1376,#1124,#1125);
#1054=AXIS2_PLACEMENT_3D('',#1424,#1127,#1128);
#1055=AXIS2_PLACEMENT_3D('',#1475,#1130,#1131);
#1056=AXIS2_PLACEMENT_3D('',#1526,#1133,#1134);
#1057=AXIS2_PLACEMENT_3D('',#1574,#1136,#1137);
#1058=AXIS2_PLACEMENT_3D('',#1622,#1139,#1140);
#1059=AXIS2_PLACEMENT_3D('',#1676,#1142,#1143);
#1060=AXIS2_PLACEMENT_3D('',#1724,#1145,#1146);
#1061=AXIS2_PLACEMENT_3D('',#1772,#1148,#1149);
#1062=AXIS2_PLACEMENT_3D('',#1826,#1151,#1152);
#1063=AXIS2_PLACEMENT_3D('',#1874,#1154,#1155);
#1064=AXIS2_PLACEMENT_3D('',#1922,#1157,#1158);
#1065=AXIS2_PLACEMENT_3D('',#1970,#1160,#1161);
#1066=AXIS2_PLACEMENT_3D('',#2024,#1163,#1164);
#1067=AXIS2_PLACEMENT_3D('',#2072,#1166,#1167);
#1068=AXIS2_PLACEMENT_3D('',#2120,#1169,#1170);
#1069=AXIS2_PLACEMENT_3D('',#2174,#1172,#1173);
#1070=AXIS2_PLACEMENT_3D('',#2222,#1175,#1176);
#1071=AXIS2_PLACEMENT_3D('',#2270,#1178,#1179);
#1072=AXIS2_PLACEMENT_3D('',#2282,#1181,#1182);
#1073=AXIS2_PLACEMENT_3D('',#2287,#1183,#1184);
#1074=AXIS2_PLACEMENT_3D('',#2312,#1186,#1187);
#1075=AXIS2_PLACEMENT_3D('',#2336,#1189,#1190);
#1076=AXIS2_PLACEMENT_3D('',#2361,#1192,#1193);
#1077=AXIS2_PLACEMENT_3D('',#2386,#1195,#1196);
#1078=AXIS2_PLACEMENT_3D('',#2410,#1198,#1199);
#1079=AXIS2_PLACEMENT_3D('',#2435,#1201,#1202);
#1080=AXIS2_PLACEMENT_3D('',#2460,#1204,#1205);
#1081=AXIS2_PLACEMENT_3D('',#2484,#1207,#1208);
#1082=AXIS2_PLACEMENT_3D('',#2508,#1210,#1211);
#1083=AXIS2_PLACEMENT_3D('',#2533,#1213,#1214);
#1084=AXIS2_PLACEMENT_3D('',#2558,#1216,#1217);
#1085=AXIS2_PLACEMENT_3D('',#2582,#1219,#1220);
#1086=AXIS2_PLACEMENT_3D('',#2607,#1222,#1223);
#1087=AXIS2_PLACEMENT_3D('',#2632,#1225,#1226);
#1088=AXIS2_PLACEMENT_3D('',#2656,#1228,#1229);
#1089=AXIS2_PLACEMENT_3D('',#2681,#1231,#1232);
#1090=AXIS2_PLACEMENT_3D('',#2705,#1234,#1235);
#1091=AXIS2_PLACEMENT_3D('',#2730,#1237,#1238);
#1092=AXIS2_PLACEMENT_3D('',#3469,#1240,#1241);
#1093=AXIS2_PLACEMENT_3D('',#3471,#1242,#1243);
#1094=AXIS2_PLACEMENT_3D('',#4182,#1244,#1245);
#1095=AXIS2_PLACEMENT_3D('',#4183,#1246,#1247);
#1096=AXIS2_PLACEMENT_3D('',#4184,#1248,#1249);
#1097=AXIS2_PLACEMENT_3D('',#4186,#1250,#1251);
#1098=AXIS2_PLACEMENT_3D('',#4188,#1252,#1253);
#1099=AXIS2_PLACEMENT_3D('',#4189,#1254,#1255);
#1100=AXIS2_PLACEMENT_3D('',#4190,#1256,#1257);
#1101=AXIS2_PLACEMENT_3D('',#4191,#1258,#1259);
#1102=AXIS2_PLACEMENT_3D('',#4192,#1260,#1261);
#1103=AXIS2_PLACEMENT_3D('',#4201,#1266,#1267);
#1104=AXIS2_PLACEMENT_3D('',#4207,#1271,#1272);
#1105=AXIS2_PLACEMENT_3D('',#4213,#1276,#1277);
#1106=AXIS2_PLACEMENT_3D('',#4219,#1281,#1282);
#1107=AXIS2_PLACEMENT_3D('',#4225,#1286,#1287);
#1108=AXIS2_PLACEMENT_3D('',#4228,#1290,#1291);
#1109=AXIS2_PLACEMENT_3D('',#4229,#1292,#1293);
#1110=AXIS2_PLACEMENT_3D('',#4231,#1294,#1295);
#1111=AXIS2_PLACEMENT_3D('',#4234,#1297,#1298);
#1112=AXIS2_PLACEMENT_3D('',#4235,#1299,#1300);
#1113=AXIS2_PLACEMENT_3D('',#4236,#1301,#1302);
#1114=DIRECTION('axis',(0.,0.,1.));
#1115=DIRECTION('refdir',(1.,0.,0.));
#1116=DIRECTION('center_axis',(0.,0.,-1.));
#1117=DIRECTION('ref_axis',(-1.,0.,0.));
#1118=DIRECTION('',(0.,0.,1.));
#1119=DIRECTION('center_axis',(0.,0.,-1.));
#1120=DIRECTION('ref_axis',(-1.,0.,0.));
#1121=DIRECTION('center_axis',(0.,0.,-1.));
#1122=DIRECTION('ref_axis',(-1.,0.,0.));
#1123=DIRECTION('',(0.,0.,1.));
#1124=DIRECTION('center_axis',(0.,0.,-1.));
#1125=DIRECTION('ref_axis',(-1.,0.,0.));
#1126=DIRECTION('',(0.,0.,1.));
#1127=DIRECTION('center_axis',(0.,0.,-1.));
#1128=DIRECTION('ref_axis',(-1.,0.,0.));
#1129=DIRECTION('',(0.,0.,1.));
#1130=DIRECTION('center_axis',(0.,0.,-1.));
#1131=DIRECTION('ref_axis',(-1.,0.,0.));
#1132=DIRECTION('',(0.,0.,1.));
#1133=DIRECTION('center_axis',(0.,0.,-1.));
#1134=DIRECTION('ref_axis',(-1.,0.,0.));
#1135=DIRECTION('',(0.,0.,1.));
#1136=DIRECTION('center_axis',(0.,0.,-1.));
#1137=DIRECTION('ref_axis',(-1.,0.,0.));
#1138=DIRECTION('',(0.,0.,1.));
#1139=DIRECTION('center_axis',(0.,0.,-1.));
#1140=DIRECTION('ref_axis',(-1.,0.,0.));
#1141=DIRECTION('',(0.,0.,1.));
#1142=DIRECTION('center_axis',(0.,0.,-1.));
#1143=DIRECTION('ref_axis',(-1.,0.,0.));
#1144=DIRECTION('',(0.,0.,1.));
#1145=DIRECTION('center_axis',(0.,0.,-1.));
#1146=DIRECTION('ref_axis',(-1.,0.,0.));
#1147=DIRECTION('',(0.,0.,1.));
#1148=DIRECTION('center_axis',(0.,0.,-1.));
#1149=DIRECTION('ref_axis',(-1.,0.,0.));
#1150=DIRECTION('',(0.,0.,1.));
#1151=DIRECTION('center_axis',(0.,0.,-1.));
#1152=DIRECTION('ref_axis',(-1.,0.,0.));
#1153=DIRECTION('',(0.,0.,1.));
#1154=DIRECTION('center_axis',(0.,0.,-1.));
#1155=DIRECTION('ref_axis',(-1.,0.,0.));
#1156=DIRECTION('',(0.,0.,1.));
#1157=DIRECTION('center_axis',(0.,0.,-1.));
#1158=DIRECTION('ref_axis',(-1.,0.,0.));
#1159=DIRECTION('',(0.,0.,1.));
#1160=DIRECTION('center_axis',(0.,0.,-1.));
#1161=DIRECTION('ref_axis',(-1.,0.,0.));
#1162=DIRECTION('',(0.,0.,1.));
#1163=DIRECTION('center_axis',(0.,0.,-1.));
#1164=DIRECTION('ref_axis',(-1.,0.,0.));
#1165=DIRECTION('',(0.,0.,1.));
#1166=DIRECTION('center_axis',(0.,0.,-1.));
#1167=DIRECTION('ref_axis',(-1.,0.,0.));
#1168=DIRECTION('',(0.,0.,1.));
#1169=DIRECTION('center_axis',(0.,0.,-1.));
#1170=DIRECTION('ref_axis',(-1.,0.,0.));
#1171=DIRECTION('',(0.,0.,1.));
#1172=DIRECTION('center_axis',(0.,0.,-1.));
#1173=DIRECTION('ref_axis',(-1.,0.,0.));
#1174=DIRECTION('',(0.,0.,1.));
#1175=DIRECTION('center_axis',(0.,0.,-1.));
#1176=DIRECTION('ref_axis',(-1.,0.,0.));
#1177=DIRECTION('',(0.,0.,1.));
#1178=DIRECTION('center_axis',(0.,0.,-1.));
#1179=DIRECTION('ref_axis',(0.457391380426548,-0.889265497537994,0.));
#1180=DIRECTION('',(0.,0.,-1.));
#1181=DIRECTION('center_axis',(0.,0.,-1.));
#1182=DIRECTION('ref_axis',(-1.,1.10671505702589E-13,0.));
#1183=DIRECTION('center_axis',(0.,0.,-1.));
#1184=DIRECTION('ref_axis',(-1.,1.10671505702589E-13,0.));
#1185=DIRECTION('',(0.,0.,-1.));
#1186=DIRECTION('center_axis',(0.,0.,-1.));
#1187=DIRECTION('ref_axis',(-1.,1.10671505702589E-13,0.));
#1188=DIRECTION('',(0.,0.,-1.));
#1189=DIRECTION('center_axis',(0.,0.,-1.));
#1190=DIRECTION('ref_axis',(-1.,1.10671505702589E-13,0.));
#1191=DIRECTION('',(0.,0.,-1.));
#1192=DIRECTION('center_axis',(0.,0.,-1.));
#1193=DIRECTION('ref_axis',(-1.,1.10671505702589E-13,0.));
#1194=DIRECTION('',(0.,0.,-1.));
#1195=DIRECTION('center_axis',(0.,0.,-1.));
#1196=DIRECTION('ref_axis',(-1.,1.10671505702589E-13,0.));
#1197=DIRECTION('',(0.,0.,-1.));
#1198=DIRECTION('center_axis',(0.,0.,-1.));
#1199=DIRECTION('ref_axis',(-1.,1.10671505702589E-13,0.));
#1200=DIRECTION('',(0.,0.,-1.));
#1201=DIRECTION('center_axis',(0.,0.,-1.));
#1202=DIRECTION('ref_axis',(-1.,1.10671505702589E-13,0.));
#1203=DIRECTION('',(0.,0.,-1.));
#1204=DIRECTION('center_axis',(0.,0.,-1.));
#1205=DIRECTION('ref_axis',(-1.,1.10671505702589E-13,0.));
#1206=DIRECTION('',(0.,0.,-1.));
#1207=DIRECTION('center_axis',(0.,0.,-1.));
#1208=DIRECTION('ref_axis',(-1.,1.10671505702589E-13,0.));
#1209=DIRECTION('',(0.,0.,-1.));
#1210=DIRECTION('center_axis',(0.,0.,-1.));
#1211=DIRECTION('ref_axis',(-1.,1.10671505702589E-13,0.));
#1212=DIRECTION('',(0.,0.,-1.));
#1213=DIRECTION('center_axis',(0.,0.,-1.));
#1214=DIRECTION('ref_axis',(-1.,1.10671505702589E-13,0.));
#1215=DIRECTION('',(0.,0.,-1.));
#1216=DIRECTION('center_axis',(0.,0.,-1.));
#1217=DIRECTION('ref_axis',(-1.,1.10671505702589E-13,0.));
#1218=DIRECTION('',(0.,0.,-1.));
#1219=DIRECTION('center_axis',(0.,0.,-1.));
#1220=DIRECTION('ref_axis',(-1.,1.10671505702589E-13,0.));
#1221=DIRECTION('',(0.,0.,-1.));
#1222=DIRECTION('center_axis',(0.,0.,-1.));
#1223=DIRECTION('ref_axis',(-1.,1.10671505702589E-13,0.));
#1224=DIRECTION('',(0.,0.,-1.));
#1225=DIRECTION('center_axis',(0.,0.,-1.));
#1226=DIRECTION('ref_axis',(-1.,1.10671505702589E-13,0.));
#1227=DIRECTION('',(0.,0.,-1.));
#1228=DIRECTION('center_axis',(0.,0.,-1.));
#1229=DIRECTION('ref_axis',(-1.,1.10671505702589E-13,0.));
#1230=DIRECTION('',(0.,0.,-1.));
#1231=DIRECTION('center_axis',(0.,0.,-1.));
#1232=DIRECTION('ref_axis',(-1.,1.10671505702589E-13,0.));
#1233=DIRECTION('',(0.,0.,-1.));
#1234=DIRECTION('center_axis',(0.,0.,-1.));
#1235=DIRECTION('ref_axis',(-1.,1.10671505702589E-13,0.));
#1236=DIRECTION('',(0.,0.,-1.));
#1237=DIRECTION('center_axis',(0.,0.,-1.));
#1238=DIRECTION('ref_axis',(-1.,1.10671505702589E-13,0.));
#1239=DIRECTION('',(0.,0.,-1.));
#1240=DIRECTION('center_axis',(0.,0.,-1.));
#1241=DIRECTION('ref_axis',(-1.,1.10671505702589E-13,0.));
#1242=DIRECTION('center_axis',(0.,0.,1.));
#1243=DIRECTION('ref_axis',(-1.,1.10671505702589E-13,0.));
#1244=DIRECTION('center_axis',(0.,0.,-1.));
#1245=DIRECTION('ref_axis',(-1.,0.,0.));
#1246=DIRECTION('center_axis',(0.,0.,1.));
#1247=DIRECTION('ref_axis',(-1.,0.,0.));
#1248=DIRECTION('center_axis',(0.,-1.22464679914735E-16,-1.));
#1249=DIRECTION('ref_axis',(1.,0.,0.));
#1250=DIRECTION('center_axis',(0.,-6.12323399573677E-17,-1.));
#1251=DIRECTION('ref_axis',(-1.,0.,0.));
#1252=DIRECTION('center_axis',(1.22464679914735E-16,1.,-1.22464679914735E-16));
#1253=DIRECTION('ref_axis',(-1.,1.22464679914735E-16,-1.49975978266186E-32));
#1254=DIRECTION('center_axis',(0.,6.12323399573677E-17,1.));
#1255=DIRECTION('ref_axis',(-1.,0.,0.));
#1256=DIRECTION('center_axis',(0.,0.,1.));
#1257=DIRECTION('ref_axis',(1.,0.,0.));
#1258=DIRECTION('center_axis',(0.,0.,-1.));
#1259=DIRECTION('ref_axis',(-1.,0.,0.));
#1260=DIRECTION('center_axis',(0.499999999999904,0.866025403784494,0.));
#1261=DIRECTION('ref_axis',(0.866025403784494,-0.499999999999904,0.));
#1262=DIRECTION('',(0.866025403784494,-0.499999999999904,0.));
#1263=DIRECTION('',(0.,0.,-1.));
#1264=DIRECTION('',(0.866025403784494,-0.499999999999904,0.));
#1265=DIRECTION('',(0.,0.,-1.));
#1266=DIRECTION('center_axis',(-0.500000000000087,0.866025403784388,0.));
#1267=DIRECTION('ref_axis',(0.866025403784388,0.500000000000087,0.));
#1268=DIRECTION('',(0.866025403784388,0.500000000000087,0.));
#1269=DIRECTION('',(0.,0.,-1.));
#1270=DIRECTION('',(0.866025403784388,0.500000000000087,0.));
#1271=DIRECTION('center_axis',(-1.,-1.00570948497864E-13,0.));
#1272=DIRECTION('ref_axis',(-1.00570948497864E-13,1.,0.));
#1273=DIRECTION('',(-1.00570948497864E-13,1.,0.));
#1274=DIRECTION('',(0.,0.,-1.));
#1275=DIRECTION('',(-1.00570948497864E-13,1.,0.));
#1276=DIRECTION('center_axis',(-0.499999999999939,-0.866025403784474,0.));
#1277=DIRECTION('ref_axis',(-0.866025403784474,0.499999999999939,0.));
#1278=DIRECTION('',(-0.866025403784474,0.499999999999939,0.));
#1279=DIRECTION('',(0.,0.,-1.));
#1280=DIRECTION('',(-0.866025403784474,0.499999999999939,0.));
#1281=DIRECTION('center_axis',(0.50000000000013,-0.866025403784364,0.));
#1282=DIRECTION('ref_axis',(-0.866025403784364,-0.50000000000013,0.));
#1283=DIRECTION('',(-0.866025403784364,-0.50000000000013,0.));
#1284=DIRECTION('',(0.,0.,-1.));
#1285=DIRECTION('',(-0.866025403784364,-0.50000000000013,0.));
#1286=DIRECTION('center_axis',(1.,0.,0.));
#1287=DIRECTION('ref_axis',(0.,-1.,0.));
#1288=DIRECTION('',(0.,-1.,0.));
#1289=DIRECTION('',(0.,-1.,0.));
#1290=DIRECTION('center_axis',(0.,0.,-1.));
#1291=DIRECTION('ref_axis',(-1.,0.,0.));
#1292=DIRECTION('center_axis',(0.,0.,1.));
#1293=DIRECTION('ref_axis',(1.,0.,0.));
#1294=DIRECTION('center_axis',(0.,0.,1.));
#1295=DIRECTION('ref_axis',(1.,0.,0.));
#1296=DIRECTION('',(0.,0.,-1.));
#1297=DIRECTION('center_axis',(0.,0.,1.));
#1298=DIRECTION('ref_axis',(1.,0.,0.));
#1299=DIRECTION('center_axis',(0.,0.,1.));
#1300=DIRECTION('ref_axis',(1.,0.,0.));
#1301=DIRECTION('center_axis',(0.,0.,1.));
#1302=DIRECTION('ref_axis',(1.,0.,0.));
#1303=CARTESIAN_POINT('',(0.,0.,0.));
#1304=CARTESIAN_POINT('Origin',(0.,0.,0.));
#1305=CARTESIAN_POINT('',(1.46528639874337,0.000937095999422894,-0.160655045842905));
#1306=CARTESIAN_POINT('',(1.46479713134054,0.00161937911539987,-0.0893449541570844));
#1307=CARTESIAN_POINT('',(1.4635,-1.79227059055215E-16,0.));
#1308=CARTESIAN_POINT('',(-0.634007094575212,1.31904027763685,0.));
#1309=CARTESIAN_POINT('Ctrl Pts',(1.46528639874337,0.000937095999422894,
-0.160655045842905));
#1310=CARTESIAN_POINT('Ctrl Pts',(1.46561870304349,0.0496668263086653,-0.157995936582259));
#1311=CARTESIAN_POINT('Ctrl Pts',(1.46339929465161,0.0983638624096775,-0.155336827321613));
#1312=CARTESIAN_POINT('Ctrl Pts',(1.45852876926998,0.146791723680913,-0.152677718060967));
#1313=CARTESIAN_POINT('Ctrl Pts',(1.41004293862525,0.62888860155397,-0.126206421604141));
#1314=CARTESIAN_POINT('Ctrl Pts',(1.09882875002341,1.08430998328543,-0.099735125147316));
#1315=CARTESIAN_POINT('Ctrl Pts',(0.66731848142419,1.30505512878889,-0.0732638286904907));
#1316=CARTESIAN_POINT('Ctrl Pts',(0.269225721486987,1.5087050778422,-0.0488425524603272));
#1317=CARTESIAN_POINT('Ctrl Pts',(-0.231252375393744,1.51261946178508,-0.0244212762301636));
#1318=CARTESIAN_POINT('Ctrl Pts',(-0.635547511266856,1.32093130851845,-1.34441069388203E-16));
#1319=CARTESIAN_POINT('',(0.63400709457524,1.31904027763684,0.));
#1320=CARTESIAN_POINT('Origin',(0.,0.,0.));
#1321=CARTESIAN_POINT('Ctrl Pts',(0.634007094575239,1.31904027763684,-1.49186218934005E-15));
#1322=CARTESIAN_POINT('Ctrl Pts',(1.07278336566669,1.10813900834304,-0.0264712964568263));
#1323=CARTESIAN_POINT('Ctrl Pts',(1.39426130287018,0.662936553832701,-0.0529425929136511));
#1324=CARTESIAN_POINT('Ctrl Pts',(1.45434194131799,0.182886043011202,-0.0794138893704759));
#1325=CARTESIAN_POINT('Ctrl Pts',(1.46185529594117,0.122853563030625,-0.0827242442993454));
#1326=CARTESIAN_POINT('Ctrl Pts',(1.46528075499703,0.0622761072006331,-0.0860345992282149));
#1327=CARTESIAN_POINT('Ctrl Pts',(1.46479713134054,0.00161937911539987,
-0.0893449541570844));
#1328=CARTESIAN_POINT('Origin',(0.,0.,0.));
#1329=CARTESIAN_POINT('',(1.46151006670506,0.000781989241921202,-0.660655045842905));
#1330=CARTESIAN_POINT('',(1.46133432800372,0.000621919907442354,-0.589344954157083));
#1331=CARTESIAN_POINT('',(1.4635,-1.79227059055215E-16,0.));
#1332=CARTESIAN_POINT('Ctrl Pts',(1.46151006670506,0.000781989241921202,
-0.660655045842905));
#1333=CARTESIAN_POINT('Ctrl Pts',(1.46244603323605,0.194456690544236,-0.650157048656545));
#1334=CARTESIAN_POINT('Ctrl Pts',(1.4266810053168,0.387799278924769,-0.639659051470184));
#1335=CARTESIAN_POINT('Ctrl Pts',(1.35259091945302,0.565128386132336,-0.629161054283824));
#1336=CARTESIAN_POINT('Ctrl Pts',(1.16576855775912,1.0122738067288,-0.602689757826998));
#1337=CARTESIAN_POINT('Ctrl Pts',(0.735265941497394,1.35760152950488,-0.576218461370172));
#1338=CARTESIAN_POINT('Ctrl Pts',(0.25823794999208,1.44297412614321,-0.549747164913347));
#1339=CARTESIAN_POINT('Ctrl Pts',(-0.218790041513233,1.52834672278153,-0.523275868456522));
#1340=CARTESIAN_POINT('Ctrl Pts',(-0.742343408262135,1.3537641932821,-0.496804571999696));
#1341=CARTESIAN_POINT('Ctrl Pts',(-1.07264708317933,0.99915716570618,-0.470333275542871));
#1342=CARTESIAN_POINT('Ctrl Pts',(-1.40295075809653,0.644550138130264,-0.443861979086046));
#1343=CARTESIAN_POINT('Ctrl Pts',(-1.54000474118202,0.109918612477868,-0.41739068262922));
#1344=CARTESIAN_POINT('Ctrl Pts',(-1.42104978737636,-0.35984945586117,-0.390919386172395));
#1345=CARTESIAN_POINT('Ctrl Pts',(-1.3020948335707,-0.829617524200209,-0.364448089715569));
#1346=CARTESIAN_POINT('Ctrl Pts',(-0.927130942873891,-1.23452213522589,
-0.337976793258744));
#1347=CARTESIAN_POINT('Ctrl Pts',(-0.467866231280986,-1.38921163340038,
-0.311505496801919));
#1348=CARTESIAN_POINT('Ctrl Pts',(-0.00860151968808065,-1.54390113157486,
-0.285034200345094));
#1349=CARTESIAN_POINT('Ctrl Pts',(0.534964012800918,-1.44837551689816,-0.258562903888268));
#1350=CARTESIAN_POINT('Ctrl Pts',(0.913868042701615,-1.14622652255248,-0.232091607431443));
#1351=CARTESIAN_POINT('Ctrl Pts',(1.25471019616765,-0.874429165508354,-0.208279420235264));
#1352=CARTESIAN_POINT('Ctrl Pts',(1.46231063076058,-0.435435142372236,-0.184467233039084));
#1353=CARTESIAN_POINT('Ctrl Pts',(1.46528639874337,0.000937095999422894,
-0.160655045842905));
#1354=CARTESIAN_POINT('Ctrl Pts',(1.46479713134054,0.00161937911539987,
-0.0893449541570844));
#1355=CARTESIAN_POINT('Ctrl Pts',(1.46141345210672,-0.422766211749015,-0.11250589568504));
#1356=CARTESIAN_POINT('Ctrl Pts',(1.26667550217807,-0.851032274249438,-0.135666837212996));
#1357=CARTESIAN_POINT('Ctrl Pts',(0.941824480808886,-1.123681066406,-0.158827778740952));
#1358=CARTESIAN_POINT('Ctrl Pts',(0.570543042159833,-1.43529909786903,-0.185299075197778));
#1359=CARTESIAN_POINT('Ctrl Pts',(0.0292968251695955,-1.54363659366241,
-0.211770371654603));
#1360=CARTESIAN_POINT('Ctrl Pts',(-0.43367217188104,-1.40014701469402,-0.238241668111428));
#1361=CARTESIAN_POINT('Ctrl Pts',(-0.896641168931676,-1.25665743572563,
-0.264712964568254));
#1362=CARTESIAN_POINT('Ctrl Pts',(-1.28133294604271,-0.861340781995464,
-0.291184261025079));
#1363=CARTESIAN_POINT('Ctrl Pts',(-1.41176085107696,-0.394696511910895,
-0.317655557481904));
#1364=CARTESIAN_POINT('Ctrl Pts',(-1.54218875611121,0.071947758173674,-0.34412685393873));
#1365=CARTESIAN_POINT('Ctrl Pts',(-1.41835278906867,0.609919644612651,-0.370598150395555));
#1366=CARTESIAN_POINT('Ctrl Pts',(-1.09686620445293,0.972560858931445,-0.39706944685238));
#1367=CARTESIAN_POINT('Ctrl Pts',(-0.775379619837195,1.33520207325024,-0.423540743309206));
#1368=CARTESIAN_POINT('Ctrl Pts',(-0.256242417648255,1.52251261544885,-0.450012039766031));
#1369=CARTESIAN_POINT('Ctrl Pts',(0.222744120701171,1.44885920640078,-0.476483336222857));
#1370=CARTESIAN_POINT('Ctrl Pts',(0.701730659050599,1.3752057973527,-0.502954632679682));
#1371=CARTESIAN_POINT('Ctrl Pts',(1.14056653356051,1.04058843705794,-0.529425929136507));
#1372=CARTESIAN_POINT('Ctrl Pts',(1.33830611634648,0.598173026871079,-0.555897225593333));
#1373=CARTESIAN_POINT('Ctrl Pts',(1.42159053855226,0.41183546464293,-0.567046468447916));
#1374=CARTESIAN_POINT('Ctrl Pts',(1.46210578724752,0.206375113478607,-0.5781957113025));
#1375=CARTESIAN_POINT('Ctrl Pts',(1.46133432800372,0.000621919907442354,
-0.589344954157083));
#1376=CARTESIAN_POINT('Origin',(0.,0.,0.));
#1377=CARTESIAN_POINT('',(1.462454293299,-0.00123100667420231,-1.16065504584291));
#1378=CARTESIAN_POINT('',(1.46278271023486,-0.00129700671248165,-1.08934495415708));
#1379=CARTESIAN_POINT('',(1.4635,-1.79227059055215E-16,0.));
#1380=CARTESIAN_POINT('Ctrl Pts',(1.462454293299,-0.00123100667420231,-1.16065504584291));
#1381=CARTESIAN_POINT('Ctrl Pts',(1.45976404650336,0.336511489055342,-1.14231816073083));
#1382=CARTESIAN_POINT('Ctrl Pts',(1.34338432866102,0.675927425956313,-1.12398127561875));
#1383=CARTESIAN_POINT('Ctrl Pts',(1.12937239121526,0.934552883742242,-1.10564439050668));
#1384=CARTESIAN_POINT('Ctrl Pts',(0.820422784627193,1.30790697973454,-1.07917309404985));
#1385=CARTESIAN_POINT('Ctrl Pts',(0.308006891666349,1.51289310430729,-1.05270179759303));
#1386=CARTESIAN_POINT('Ctrl Pts',(-0.173204695222996,1.45563420614227,-1.0262305011362));
#1387=CARTESIAN_POINT('Ctrl Pts',(-0.654416282112342,1.39837530797724,-0.999759204679379));
#1388=CARTESIAN_POINT('Ctrl Pts',(-1.10442356293019,1.07887138707445,-0.973287908222553));
#1389=CARTESIAN_POINT('Ctrl Pts',(-1.31713703584374,0.64344487478638,-0.946816611765728));
#1390=CARTESIAN_POINT('Ctrl Pts',(-1.52985050875728,0.208018362498315,-0.920345315308902));
#1391=CARTESIAN_POINT('Ctrl Pts',(-1.50527017376653,-0.34333074117502,-0.893874018852076));
#1392=CARTESIAN_POINT('Ctrl Pts',(-1.25465321865913,-0.758100672341458,
-0.867402722395251));
#1393=CARTESIAN_POINT('Ctrl Pts',(-1.00403626355173,-1.1728706035079,-0.840931425938426));
#1394=CARTESIAN_POINT('Ctrl Pts',(-0.527382688327672,-1.45106136216744,
-0.814460129481601));
#1395=CARTESIAN_POINT('Ctrl Pts',(-0.0429847992985236,-1.46527193324234,
-0.787988833024775));
#1396=CARTESIAN_POINT('Ctrl Pts',(0.441413089730624,-1.47948250431725,-0.76151753656795));
#1397=CARTESIAN_POINT('Ctrl Pts',(0.933555292564863,-1.22971288780751,-0.735046240111125));
#1398=CARTESIAN_POINT('Ctrl Pts',(1.20805534041894,-0.830346520344231,-0.708574943654299));
#1399=CARTESIAN_POINT('Ctrl Pts',(1.37369405106091,-0.589361024357896,-0.692601644383835));
#1400=CARTESIAN_POINT('Ctrl Pts',(1.46008594044162,-0.293905074404759,-0.67662834511337));
#1401=CARTESIAN_POINT('Ctrl Pts',(1.46151006670506,0.000781989241921202,
-0.660655045842905));
#1402=CARTESIAN_POINT('Ctrl Pts',(1.46133432800372,0.000621919907442354,
-0.589344954157083));
#1403=CARTESIAN_POINT('Ctrl Pts',(1.46027413584184,-0.282138219220197,-0.604667007759325));
#1404=CARTESIAN_POINT('Ctrl Pts',(1.38123928921892,-0.565451424616008,-0.619989061361567));
#1405=CARTESIAN_POINT('Ctrl Pts',(1.22807747235179,-0.800445270870016,-0.635311114963809));
#1406=CARTESIAN_POINT('Ctrl Pts',(0.963465954509136,-1.20643469834528,-0.661782411420634));
#1407=CARTESIAN_POINT('Ctrl Pts',(0.477599627761806,-1.46820009321683,-0.688253707877459));
#1408=CARTESIAN_POINT('Ctrl Pts',(-0.00700209258581389,-1.46588275922613,
-0.714725004334285));
#1409=CARTESIAN_POINT('Ctrl Pts',(-0.491603812933435,-1.46356542523544,
-0.74119630079111));
#1410=CARTESIAN_POINT('Ctrl Pts',(-0.974940926881345,-1.19716536238248,
-0.767667597247936));
#1411=CARTESIAN_POINT('Ctrl Pts',(-1.23566401427607,-0.788674104875176,
-0.794138893704761));
#1412=CARTESIAN_POINT('Ctrl Pts',(-1.4963871016708,-0.380182847367867,-0.820610190161587));
#1413=CARTESIAN_POINT('Ctrl Pts',(-1.53449616251234,0.170399604793798,-0.847081486618412));
#1414=CARTESIAN_POINT('Ctrl Pts',(-1.33253630156658,0.610917479660348,-0.873552783075237));
#1415=CARTESIAN_POINT('Ctrl Pts',(-1.13057644062082,1.05143535452689,-0.900024079532063));
#1416=CARTESIAN_POINT('Ctrl Pts',(-0.688547657887767,1.38188865209833,-0.926495375988888));
#1417=CARTESIAN_POINT('Ctrl Pts',(-0.208886586650981,1.45094315594167,-0.952966672445713));
#1418=CARTESIAN_POINT('Ctrl Pts',(0.270774484585806,1.51999765978502,-0.979437968902539));
#1419=CARTESIAN_POINT('Ctrl Pts',(0.788067844326327,1.32765336990028,-1.00590926535936));
#1420=CARTESIAN_POINT('Ctrl Pts',(1.10608971708944,0.961996351410025,-1.03238056181619));
#1421=CARTESIAN_POINT('Ctrl Pts',(1.33421004813822,0.69970684476833,-1.05136869259649));
#1422=CARTESIAN_POINT('Ctrl Pts',(1.45979844114,0.348242061614788,-1.07035682337678));
#1423=CARTESIAN_POINT('Ctrl Pts',(1.46278271023486,-0.00129700671248165,
-1.08934495415708));
#1424=CARTESIAN_POINT('Origin',(0.,0.,0.));
#1425=CARTESIAN_POINT('',(1.46589407412424,-0.00010114654970389,-1.6606550458429));
#1426=CARTESIAN_POINT('',(1.46589024475269,0.000121682633488958,-1.58934495415708));
#1427=CARTESIAN_POINT('',(1.4635,-1.79227059055215E-16,0.));
#1428=CARTESIAN_POINT('Ctrl Pts',(1.46589407412424,-0.00010114654970389,
-1.6606550458429));
#1429=CARTESIAN_POINT('Ctrl Pts',(1.4654167901529,0.479102655041673,-1.63447927280511));
#1430=CARTESIAN_POINT('Ctrl Pts',(1.20801728932736,0.958746140109684,-1.60830349976733));
#1431=CARTESIAN_POINT('Ctrl Pts',(0.808239433034848,1.22295545802015,-1.58212772672954));
#1432=CARTESIAN_POINT('Ctrl Pts',(0.403948100911999,1.49014768844508,-1.55565643027271));
#1433=CARTESIAN_POINT('Ctrl Pts',(-0.145954626427502,1.53701380571707,-1.52918513381588));
#1434=CARTESIAN_POINT('Ctrl Pts',(-0.589630303581004,1.34209058265975,-1.50271383735906));
#1435=CARTESIAN_POINT('Ctrl Pts',(-1.03330598073451,1.14716735960243,-1.47624254090223));
#1436=CARTESIAN_POINT('Ctrl Pts',(-1.37075460770201,0.710454796215798,-1.44977124444541));
#1437=CARTESIAN_POINT('Ctrl Pts',(-1.44743514539678,0.231953733176843,-1.42329994798858));
#1438=CARTESIAN_POINT('Ctrl Pts',(-1.52411568309156,-0.246547329862113,
-1.39682865153176));
#1439=CARTESIAN_POINT('Ctrl Pts',(-1.34002813151361,-0.766836892553394,
-1.37035735507493));
#1440=CARTESIAN_POINT('Ctrl Pts',(-0.979478900651896,-1.09063840270746,
-1.34388605861811));
#1441=CARTESIAN_POINT('Ctrl Pts',(-0.618929669790181,-1.41443991286152,
-1.31741476216128));
#1442=CARTESIAN_POINT('Ctrl Pts',(-0.0819187596446964,-1.54175337047836,
-1.29094346570446));
#1443=CARTESIAN_POINT('Ctrl Pts',(0.385619443383567,-1.41427318578321,-1.26447216924763));
#1444=CARTESIAN_POINT('Ctrl Pts',(0.85315764641183,-1.28679300108806,-1.23800087279081));
#1445=CARTESIAN_POINT('Ctrl Pts',(1.25122314232287,-0.904519174080913,-1.21152957633398));
#1446=CARTESIAN_POINT('Ctrl Pts',(1.39751423017075,-0.442521226871413,-1.18505827987716));
#1447=CARTESIAN_POINT('Ctrl Pts',(1.44246827639839,-0.300553063386797,-1.17692386853241));
#1448=CARTESIAN_POINT('Ctrl Pts',(1.46364771158792,-0.151056692556779,-1.16878945718766));
#1449=CARTESIAN_POINT('Ctrl Pts',(1.462454293299,-0.00123100667420231,-1.16065504584291));
#1450=CARTESIAN_POINT('Ctrl Pts',(1.46278271023486,-0.00129700671248165,
-1.08934495415708));
#1451=CARTESIAN_POINT('Ctrl Pts',(1.46395880177955,-0.139049310452989,-1.09682811983361));
#1452=CARTESIAN_POINT('Ctrl Pts',(1.44609294549419,-0.276502526690651,-1.10431128551014));
#1453=CARTESIAN_POINT('Ctrl Pts',(1.40795655949055,-0.40808052989841,-1.11179445118666));
#1454=CARTESIAN_POINT('Ctrl Pts',(1.27305114334281,-0.873530645620812,-1.13826574764349));
#1455=CARTESIAN_POINT('Ctrl Pts',(0.884489925261633,-1.26546112996984,-1.16473704410032));
#1456=CARTESIAN_POINT('Ctrl Pts',(0.420222092162824,-1.4043804031134,-1.19120834055714));
#1457=CARTESIAN_POINT('Ctrl Pts',(-0.044045740935986,-1.54329967625696,
-1.21767963701397));
#1458=CARTESIAN_POINT('Ctrl Pts',(-0.584020189052425,-1.42920773819506,
-1.24415093347079));
#1459=CARTESIAN_POINT('Ctrl Pts',(-0.952409736713563,-1.11435492475745,
-1.27062222992762));
#1460=CARTESIAN_POINT('Ctrl Pts',(-1.3207992843747,-0.799502111319841,-1.29709352638444));
#1461=CARTESIAN_POINT('Ctrl Pts',(-1.51760393158054,-0.283888422506536,
-1.32356482284127));
#1462=CARTESIAN_POINT('Ctrl Pts',(-1.45269318979595,0.196350886272602,-1.35003611929809));
#1463=CARTESIAN_POINT('Ctrl Pts',(-1.38778244801137,0.676590195051741,-1.37650741575492));
#1464=CARTESIAN_POINT('Ctrl Pts',(-1.06115631723636,1.12145512379671,-1.40297871221174));
#1465=CARTESIAN_POINT('Ctrl Pts',(-0.622399490020557,1.32721135789173,-1.42945000866857));
#1466=CARTESIAN_POINT('Ctrl Pts',(-0.183642662804751,1.53296759198675,-1.45592130512539));
#1467=CARTESIAN_POINT('Ctrl Pts',(0.367244860851857,1.49961513143182,-1.48239260158222));
#1468=CARTESIAN_POINT('Ctrl Pts',(0.777973640914372,1.2424283362811,-1.50886389803905));
#1469=CARTESIAN_POINT('Ctrl Pts',(1.18870242097689,0.985241541130379,-1.53533519449587));
#1470=CARTESIAN_POINT('Ctrl Pts',(1.45927245744531,0.504220411383874,-1.5618064909527));
#1471=CARTESIAN_POINT('Ctrl Pts',(1.46577103294639,0.019657770216614,-1.58827778740952));
#1472=CARTESIAN_POINT('Ctrl Pts',(1.46585836104146,0.0131461997361372,-1.58863350965871));
#1473=CARTESIAN_POINT('Ctrl Pts',(1.46589800289394,0.00663398972660243,
-1.5889892319079));
#1474=CARTESIAN_POINT('Ctrl Pts',(1.46589024475269,0.000121682633488958,
-1.58934495415708));
#1475=CARTESIAN_POINT('Origin',(0.,0.,0.));
#1476=CARTESIAN_POINT('',(1.46275143756893,0.00129214213160381,-2.16065504584291));
#1477=CARTESIAN_POINT('',(1.46242515188202,0.00122349164394209,-2.08934495415708));
#1478=CARTESIAN_POINT('',(1.4635,-1.79227059055215E-16,0.));
#1479=CARTESIAN_POINT('Ctrl Pts',(1.46275143756893,0.00129214213160381,
-2.16065504584291));
#1480=CARTESIAN_POINT('Ctrl Pts',(1.46393056895575,0.140160050084639,-2.15311168133623));
#1481=CARTESIAN_POINT('Ctrl Pts',(1.44577083330196,0.278725737486954,-2.14556831682955));
#1482=CARTESIAN_POINT('Ctrl Pts',(1.4070267341408,0.411274605329939,-2.13802495232287));
#1483=CARTESIAN_POINT('Ctrl Pts',(1.27106531613698,0.876417231353316,-2.11155365586604));
#1484=CARTESIAN_POINT('Ctrl Pts',(0.881615738539008,1.26746514387446,-2.08508235940922));
#1485=CARTESIAN_POINT('Ctrl Pts',(0.41703386624781,1.40533048996667,-2.05861106295239));
#1486=CARTESIAN_POINT('Ctrl Pts',(-0.0475480060433879,1.54319583605888,
-2.03213976649557));
#1487=CARTESIAN_POINT('Ctrl Pts',(-0.587262173027809,1.42787861572216,-2.00566847003874));
#1488=CARTESIAN_POINT('Ctrl Pts',(-0.954936234025495,1.11219055041746,-1.97919717358191));
#1489=CARTESIAN_POINT('Ctrl Pts',(-1.32261029502318,0.796502485112766,-1.95272587712509));
#1490=CARTESIAN_POINT('Ctrl Pts',(-1.51824425003413,0.280443574840091,-1.92625458066827));
#1491=CARTESIAN_POINT('Ctrl Pts',(-1.45224379656209,-0.199647156083223,
-1.89978328421144));
#1492=CARTESIAN_POINT('Ctrl Pts',(-1.38624334309005,-0.679737887006538,
-1.87331198775462));
#1493=CARTESIAN_POINT('Ctrl Pts',(-1.05860848113502,-1.12386043858049,-1.84684069129779));
#1494=CARTESIAN_POINT('Ctrl Pts',(-0.619385847183468,-1.32862041388426,
-1.82036939484096));
#1495=CARTESIAN_POINT('Ctrl Pts',(-0.180163213231919,-1.53338038918803,
-1.79389809838414));
#1496=CARTESIAN_POINT('Ctrl Pts',(0.370647192716145,-1.49877778822162,-1.76742680192731));
#1497=CARTESIAN_POINT('Ctrl Pts',(0.780791235741157,-1.24065953312263,-1.74095550547049));
#1498=CARTESIAN_POINT('Ctrl Pts',(1.19093527876616,-0.982541278023636,-1.71448420901366));
#1499=CARTESIAN_POINT('Ctrl Pts',(1.46041295886812,-0.500907368792073,-1.68801291255684));
#1500=CARTESIAN_POINT('Ctrl Pts',(1.46581183046601,-0.0163312423873625,
-1.66154161610001));
#1501=CARTESIAN_POINT('Ctrl Pts',(1.46587210303317,-0.010921473587718,-1.66124609268098));
#1502=CARTESIAN_POINT('Ctrl Pts',(1.46589946264097,-0.00551133809043952,
-1.66095056926194));
#1503=CARTESIAN_POINT('Ctrl Pts',(1.46589407412424,-0.00010114654970389,
-1.6606550458429));
#1504=CARTESIAN_POINT('Ctrl Pts',(1.46589024475269,0.000121682633488958,
-1.58934495415708));
#1505=CARTESIAN_POINT('Ctrl Pts',(1.46532067589922,-0.477983466936542,-1.61546052836472));
#1506=CARTESIAN_POINT('Ctrl Pts',(1.20927200363789,-0.956611882939041,-1.64157610257236));
#1507=CARTESIAN_POINT('Ctrl Pts',(0.811012797502214,-1.22111808755588,-1.66769167678));
#1508=CARTESIAN_POINT('Ctrl Pts',(0.407328872023214,-1.48922715157311,-1.69416297323682));
#1509=CARTESIAN_POINT('Ctrl Pts',(-0.142466093468528,-1.53734112701954,
-1.72063426969365));
#1510=CARTESIAN_POINT('Ctrl Pts',(-0.586583006083126,-1.34342529560729,
-1.74710556615047));
#1511=CARTESIAN_POINT('Ctrl Pts',(-1.03069991869772,-1.14950946419504,-1.7735768626073));
#1512=CARTESIAN_POINT('Ctrl Pts',(-1.36913877843517,-0.713563825924116,
-1.80004815906413));
#1513=CARTESIAN_POINT('Ctrl Pts',(-1.44690505098671,-0.235238006569538,
-1.82651945552095));
#1514=CARTESIAN_POINT('Ctrl Pts',(-1.52467132353825,0.24308781278504,-1.85299075197778));
#1515=CARTESIAN_POINT('Ctrl Pts',(-1.34176500890387,0.763793813223273,-1.8794620484346));
#1516=CARTESIAN_POINT('Ctrl Pts',(-0.981951544292354,1.08841274803976,-1.90593334489142));
#1517=CARTESIAN_POINT('Ctrl Pts',(-0.622138079680837,1.41303168285624,-1.93240464134825));
#1518=CARTESIAN_POINT('Ctrl Pts',(-0.0854174650921859,1.54156355205098,
-1.95887593780508));
#1519=CARTESIAN_POINT('Ctrl Pts',(0.382408853479092,1.41514473293547,-1.9853472342619));
#1520=CARTESIAN_POINT('Ctrl Pts',(0.850235172050366,1.28872591381996,-2.01181853071873));
#1521=CARTESIAN_POINT('Ctrl Pts',(1.24916719460426,0.907356406394225,-2.03828982717555));
#1522=CARTESIAN_POINT('Ctrl Pts',(1.39650638951356,0.445691653642832,-2.06476112363238));
#1523=CARTESIAN_POINT('Ctrl Pts',(1.44211757700242,0.302775998323107,-2.07295573380728));
#1524=CARTESIAN_POINT('Ctrl Pts',(1.46361836370009,0.152165566627785,-2.08115034398218));
#1525=CARTESIAN_POINT('Ctrl Pts',(1.46242515188202,0.00122349164394209,
-2.08934495415708));
#1526=CARTESIAN_POINT('Origin',(0.,0.,0.));
#1527=CARTESIAN_POINT('',(1.46135234121456,-0.000626941461484981,-2.66065504584291));
#1528=CARTESIAN_POINT('',(1.46152845975575,-0.000795055325168511,-2.58934495415708));
#1529=CARTESIAN_POINT('',(1.4635,-1.79227059055215E-16,0.));
#1530=CARTESIAN_POINT('Ctrl Pts',(1.46135234121456,-0.000626941461484981,
-2.66065504584291));
#1531=CARTESIAN_POINT('Ctrl Pts',(1.4602571418251,0.283232098595402,-2.64527279341051));
#1532=CARTESIAN_POINT('Ctrl Pts',(1.38055518539276,0.567659537877159,-2.62989054097812));
#1533=CARTESIAN_POINT('Ctrl Pts',(1.22625547800982,0.803223838185975,-2.61450828854572));
#1534=CARTESIAN_POINT('Ctrl Pts',(0.960721329790192,1.20860610944474,-2.5880369920889));
#1535=CARTESIAN_POINT('Ctrl Pts',(0.474266543202029,1.46928058835003,-2.56156569563207));
#1536=CARTESIAN_POINT('Ctrl Pts',(-0.0103276305144942,1.46586642352864,
-2.53509439917525));
#1537=CARTESIAN_POINT('Ctrl Pts',(-0.494921804231018,1.46245225870724,-2.50862310271842));
#1538=CARTESIAN_POINT('Ctrl Pts',(-0.977655365075902,1.19494945015914,-2.4821518062616));
#1539=CARTESIAN_POINT('Ctrl Pts',(-1.23745126814099,0.785866013105513,-2.45568050980477));
#1540=CARTESIAN_POINT('Ctrl Pts',(-1.49724717120608,0.376782576051885,-2.42920921334795));
#1541=CARTESIAN_POINT('Ctrl Pts',(-1.53410541649138,-0.173881489507277,
-2.40273791689112));
#1542=CARTESIAN_POINT('Ctrl Pts',(-1.3311460672999,-0.61393906789719,-2.3762666204343));
#1543=CARTESIAN_POINT('Ctrl Pts',(-1.12818671810843,-1.0539966462871,-2.34979532397747));
#1544=CARTESIAN_POINT('Ctrl Pts',(-0.685409774440178,-1.38344773750777,
-2.32332402752065));
#1545=CARTESIAN_POINT('Ctrl Pts',(-0.205593385983408,-1.45141392828747,
-2.29685273106382));
#1546=CARTESIAN_POINT('Ctrl Pts',(0.274223002473362,-1.51938011906717,-2.27038143460699));
#1547=CARTESIAN_POINT('Ctrl Pts',(0.791078835718652,-1.32586140940592,-2.24391013815017));
#1548=CARTESIAN_POINT('Ctrl Pts',(1.10827012313647,-0.959483384812482,-2.21743884169334));
#1549=CARTESIAN_POINT('Ctrl Pts',(1.3350733366933,-0.697509879705009,-2.1985109097432));
#1550=CARTESIAN_POINT('Ctrl Pts',(1.45979274206506,-0.347157453465551,-2.17958297779305));
#1551=CARTESIAN_POINT('Ctrl Pts',(1.46275143756893,0.00129214213160381,
-2.16065504584291));
#1552=CARTESIAN_POINT('Ctrl Pts',(1.46242515188202,0.00122349164394209,
-2.08934495415708));
#1553=CARTESIAN_POINT('Ctrl Pts',(1.45976389556827,-0.335427171699609,-2.10762164043901));
#1554=CARTESIAN_POINT('Ctrl Pts',(1.34421423360661,-0.673727552348789,-2.12589832672093));
#1555=CARTESIAN_POINT('Ctrl Pts',(1.13149043168742,-0.931987418899302,-2.14417501300285));
#1556=CARTESIAN_POINT('Ctrl Pts',(0.823388911687304,-1.30604174061298,-2.17064630945968));
#1557=CARTESIAN_POINT('Ctrl Pts',(0.311439504422397,-1.51219038596328,-2.19711760591651));
#1558=CARTESIAN_POINT('Ctrl Pts',(-0.169900790921465,-1.45602364931533,
-2.22358890237333));
#1559=CARTESIAN_POINT('Ctrl Pts',(-0.651241086265326,-1.39985691266737,
-2.25006019883016));
#1560=CARTESIAN_POINT('Ctrl Pts',(-1.10197226968814,-1.08137479402116,-2.27653149528698));
#1561=CARTESIAN_POINT('Ctrl Pts',(-1.31567339561742,-0.646432256415637,
-2.30300279174381));
#1562=CARTESIAN_POINT('Ctrl Pts',(-1.5293745215467,-0.211489718810115,-2.32947408820063));
#1563=CARTESIAN_POINT('Ctrl Pts',(-1.50604558998245,0.339913237754715,-2.35594538465746));
#1564=CARTESIAN_POINT('Ctrl Pts',(-1.25637053026924,0.755251108395752,-2.38241668111428));
#1565=CARTESIAN_POINT('Ctrl Pts',(-1.00669547055602,1.17058897903679,-2.40888797757111));
#1566=CARTESIAN_POINT('Ctrl Pts',(-0.530674282693846,1.44986176375403,-2.43535927402793));
#1567=CARTESIAN_POINT('Ctrl Pts',(-0.0463099523038053,1.46517116215083,
-2.46183057048476));
#1568=CARTESIAN_POINT('Ctrl Pts',(0.438054378086239,1.48048056054764,-2.48830186694158));
#1569=CARTESIAN_POINT('Ctrl Pts',(0.930761851004148,1.23182657262399,-2.51477316339841));
#1570=CARTESIAN_POINT('Ctrl Pts',(1.20616767819889,0.833085036560261,-2.54124445985524));
#1571=CARTESIAN_POINT('Ctrl Pts',(1.37297925897762,0.5915697911116,-2.55727795795585));
#1572=CARTESIAN_POINT('Ctrl Pts',(1.46007049628217,0.294992694432562,-2.57331145605647));
#1573=CARTESIAN_POINT('Ctrl Pts',(1.46152845975575,-0.000795055325168511,
-2.58934495415708));
#1574=CARTESIAN_POINT('Origin',(0.,0.,0.));
#1575=CARTESIAN_POINT('',(1.46504709599516,-0.000978161059923266,-3.1606550458429));
#1576=CARTESIAN_POINT('',(1.46532790336131,-0.000818598094736374,-3.08934495415708));
#1577=CARTESIAN_POINT('',(1.4635,-1.79227059055215E-16,0.));
#1578=CARTESIAN_POINT('Ctrl Pts',(1.46504709599516,-0.000978161059923266,
-3.1606550458429));
#1579=CARTESIAN_POINT('Ctrl Pts',(1.46177054645109,0.424785500940865,-3.1374339054848));
#1580=CARTESIAN_POINT('Ctrl Pts',(1.26557136138046,0.853179538633385,-3.11421276512669));
#1581=CARTESIAN_POINT('Ctrl Pts',(0.939170537029135,1.1255353099552,-3.09099162476858));
#1582=CARTESIAN_POINT('Ctrl Pts',(0.567084892142225,1.43601146457996,-3.06452032831176));
#1583=CARTESIAN_POINT('Ctrl Pts',(0.0257994693150385,1.54371259912075,-3.03804903185493));
#1584=CARTESIAN_POINT('Ctrl Pts',(-0.43679374415972,1.39931492404051,-3.01157773539811));
#1585=CARTESIAN_POINT('Ctrl Pts',(-0.899386957634478,1.25491724896028,-2.98510643894128));
#1586=CARTESIAN_POINT('Ctrl Pts',(-1.28328796175681,0.858420764259012,-2.95863514248445));
#1587=CARTESIAN_POINT('Ctrl Pts',(-1.41268196672786,0.391408600392782,-2.93216384602763));
#1588=CARTESIAN_POINT('Ctrl Pts',(-1.54207597169891,-0.0756035634734488,
-2.9056925495708));
#1589=CARTESIAN_POINT('Ctrl Pts',(-1.41696297751869,-0.613131406504645,
-2.87922125311398));
#1590=CARTESIAN_POINT('Ctrl Pts',(-1.09464086707026,-0.975003796771673,
-2.85274995665715));
#1591=CARTESIAN_POINT('Ctrl Pts',(-0.77231875662183,-1.3368761870387,-2.82627866020033));
#1592=CARTESIAN_POINT('Ctrl Pts',(-0.252787529905197,-1.52309312454156,
-2.7998073637435));
#1593=CARTESIAN_POINT('Ctrl Pts',(0.226023574973157,-1.44837300966846,-2.77333606728668));
#1594=CARTESIAN_POINT('Ctrl Pts',(0.70483467985151,-1.37365289479536,-2.74686477082985));
#1595=CARTESIAN_POINT('Ctrl Pts',(1.14292566289158,-1.0379957275463,-2.72039347437303));
#1596=CARTESIAN_POINT('Ctrl Pts',(1.33966439948607,-0.595122112115658,-2.6939221779162));
#1597=CARTESIAN_POINT('Ctrl Pts',(1.42207987599912,-0.409598708425188,-2.68283313389177));
#1598=CARTESIAN_POINT('Ctrl Pts',(1.46214186890556,-0.205260521995828,-2.67174408986734));
#1599=CARTESIAN_POINT('Ctrl Pts',(1.46135234121456,-0.000626941461484981,
-2.66065504584291));
#1600=CARTESIAN_POINT('Ctrl Pts',(1.46152845975575,-0.000795055325168511,
-2.58934495415708));
#1601=CARTESIAN_POINT('Ctrl Pts',(1.46247759316709,-0.19335271609475,-2.59978275251329));
#1602=CARTESIAN_POINT('Ctrl Pts',(1.42713532143552,-0.38557585142068,-2.6102205508695));
#1603=CARTESIAN_POINT('Ctrl Pts',(1.35387030406287,-0.562055465099912,-2.62065834922571));
#1604=CARTESIAN_POINT('Ctrl Pts',(1.16806292126052,-1.00962534649255,-2.64712964568254));
#1605=CARTESIAN_POINT('Ctrl Pts',(0.738343974184227,-1.35593602507402,-2.67360094213936));
#1606=CARTESIAN_POINT('Ctrl Pts',(0.261511453829654,-1.44238791786066,-2.70007223859619));
#1607=CARTESIAN_POINT('Ctrl Pts',(-0.215321066524926,-1.52883981064731,
-2.72654353505301));
#1608=CARTESIAN_POINT('Ctrl Pts',(-0.739267160157795,-1.35543291763913,
-2.75301483150984));
#1609=CARTESIAN_POINT('Ctrl Pts',(-1.07037571642062,-1.00158223415264,-2.77948612796666));
#1610=CARTESIAN_POINT('Ctrl Pts',(-1.40148427268344,-0.647731550666164,
-2.80595742442349));
#1611=CARTESIAN_POINT('Ctrl Pts',(-1.53975529157622,-0.113437076701392,
-2.83242872088031));
#1612=CARTESIAN_POINT('Ctrl Pts',(-1.42186492173942,0.356610838870847,-2.85890001733714));
#1613=CARTESIAN_POINT('Ctrl Pts',(-1.30397455190262,0.826658754443089,-2.88537131379397));
#1614=CARTESIAN_POINT('Ctrl Pts',(-0.929922793336248,1.23246011162279,-2.91184261025079));
#1615=CARTESIAN_POINT('Ctrl Pts',(-0.47101378590974,1.38817043606199,-2.93831390670762));
#1616=CARTESIAN_POINT('Ctrl Pts',(-0.0121047784832357,1.54388076050118,
-2.96478520316444));
#1617=CARTESIAN_POINT('Ctrl Pts',(0.531661477803405,1.44950005219987,-2.99125649962127));
#1618=CARTESIAN_POINT('Ctrl Pts',(0.911256850639507,1.14825175734066,-3.01772779607809));
#1619=CARTESIAN_POINT('Ctrl Pts',(1.25358414423967,0.876579548297841,-3.04160018210442));
#1620=CARTESIAN_POINT('Ctrl Pts',(1.46239419091223,0.436665626380949,-3.06547256813075));
#1621=CARTESIAN_POINT('Ctrl Pts',(1.46532790336131,-0.000818598094736374,
-3.08934495415708));
#1622=CARTESIAN_POINT('Origin',(0.,0.,0.));
#1623=CARTESIAN_POINT('',(1.46437187246752,0.00122023511780523,-3.66065504584291));
#1624=CARTESIAN_POINT('',(1.46401490780879,0.00129189155743115,-3.58934495415708));
#1625=CARTESIAN_POINT('',(1.4635,-1.79227059055215E-16,0.));
#1626=CARTESIAN_POINT('Ctrl Pts',(1.46437187246752,0.00122023511780523,
-3.66065504584291));
#1627=CARTESIAN_POINT('Ctrl Pts',(1.46512534088576,0.0854564102834462,-3.65606631401591));
#1628=CARTESIAN_POINT('Ctrl Pts',(1.45848298971613,0.169573825933976,-3.65147758218891));
#1629=CARTESIAN_POINT('Ctrl Pts',(1.44402320079961,0.252325240774662,-3.64688885036192));
#1630=CARTESIAN_POINT('Ctrl Pts',(1.36060813678121,0.72969836194539,-3.62041755390509));
#1631=CARTESIAN_POINT('Ctrl Pts',(1.01703967645975,1.16161288638155,-3.59394625744826));
#1632=CARTESIAN_POINT('Ctrl Pts',(0.570661551641903,1.35026531654235,-3.56747496099144));
#1633=CARTESIAN_POINT('Ctrl Pts',(0.124283426824049,1.53891774670315,-3.54100366453461));
#1634=CARTESIAN_POINT('Ctrl Pts',(-0.424904362490197,1.4843080825886,-3.51453236807779));
#1635=CARTESIAN_POINT('Ctrl Pts',(-0.825390789495561,1.21144586185081,-3.48806107162096));
#1636=CARTESIAN_POINT('Ctrl Pts',(-1.22587721650092,0.938583641113021,-3.46158977516414));
#1637=CARTESIAN_POINT('Ctrl Pts',(-1.47766228119741,0.447468863752001,-3.43511847870731));
#1638=CARTESIAN_POINT('Ctrl Pts',(-1.46543620906304,-0.0369830873036684,
-3.40864718225049));
#1639=CARTESIAN_POINT('Ctrl Pts',(-1.45321013692866,-0.521435038359338,
-3.38217588579366));
#1640=CARTESIAN_POINT('Ctrl Pts',(-1.17697292796344,-0.999224163109657,
-3.35570458933683));
#1641=CARTESIAN_POINT('Ctrl Pts',(-0.76323268271239,-1.25153781549708,-3.32923329288001));
#1642=CARTESIAN_POINT('Ctrl Pts',(-0.349492437461338,-1.5038514678845,-3.30276199642318));
#1643=CARTESIAN_POINT('Ctrl Pts',(0.201750844075539,-1.53068964790902,-3.27629069996636));
#1644=CARTESIAN_POINT('Ctrl Pts',(0.638044783210127,-1.31976129894686,-3.24981940350954));
#1645=CARTESIAN_POINT('Ctrl Pts',(1.07433872234471,-1.10883294998469,-3.22334810705271));
#1646=CARTESIAN_POINT('Ctrl Pts',(1.39568331907701,-0.660138072035842,-3.19687681059588));
#1647=CARTESIAN_POINT('Ctrl Pts',(1.45491268396985,-0.179165045707058,-3.17040551413906));
#1648=CARTESIAN_POINT('Ctrl Pts',(1.46218488848176,-0.120110990028651,-3.16715535804034));
#1649=CARTESIAN_POINT('Ctrl Pts',(1.46550569954862,-0.0605703404845158,
-3.16390520194162));
#1650=CARTESIAN_POINT('Ctrl Pts',(1.46504709599516,-0.000978161059923266,
-3.1606550458429));
#1651=CARTESIAN_POINT('Ctrl Pts',(1.46532790336131,-0.000818598094736374,
-3.08934495415708));
#1652=CARTESIAN_POINT('Ctrl Pts',(1.46564728726686,-0.0484461085125236,
-3.09194386458758));
#1653=CARTESIAN_POINT('Ctrl Pts',(1.46352662865556,-0.0960448222010415,
-3.09454277501807));
#1654=CARTESIAN_POINT('Ctrl Pts',(1.45887256351,-0.143394523992875,-3.09714168544857));
#1655=CARTESIAN_POINT('Ctrl Pts',(1.41146841415881,-0.625676629050091,-3.12361298190539));
#1656=CARTESIAN_POINT('Ctrl Pts',(1.10123562607086,-1.08212495774742,-3.15008427836222));
#1657=CARTESIAN_POINT('Ctrl Pts',(0.670251223897569,-1.30370028876933,-3.17655557481904));
#1658=CARTESIAN_POINT('Ctrl Pts',(0.239266821724274,-1.52527561979124,-3.20302687127587));
#1659=CARTESIAN_POINT('Ctrl Pts',(-0.312469194534375,-1.51197795313773,
-3.22949816773269));
#1660=CARTESIAN_POINT('Ctrl Pts',(-0.732278788922864,-1.26989720897679,
-3.25596946418952));
#1661=CARTESIAN_POINT('Ctrl Pts',(-1.15208838331136,-1.02781646481585,-3.28244076064634));
#1662=CARTESIAN_POINT('Ctrl Pts',(-1.43997155582969,-0.556952643147474,
-3.30891205710317));
#1663=CARTESIAN_POINT('Ctrl Pts',(-1.46408671471478,-0.0729468153456906,
-3.33538335356));
#1664=CARTESIAN_POINT('Ctrl Pts',(-1.48820187359987,0.411059012456092,-3.36185465001682));
#1665=CARTESIAN_POINT('Ctrl Pts',(-1.2485490188517,0.908206846391278,-3.38832594647365));
#1666=CARTESIAN_POINT('Ctrl Pts',(-0.854881747959753,1.19081835016037,-3.41479724293047));
#1667=CARTESIAN_POINT('Ctrl Pts',(-0.461214477067809,1.47342985392946,-3.4412685393873));
#1668=CARTESIAN_POINT('Ctrl Pts',(0.0864672099679067,1.54150502753248,-3.46773983584412));
#1669=CARTESIAN_POINT('Ctrl Pts',(0.537342034617528,1.36386754632057,-3.49421113230095));
#1670=CARTESIAN_POINT('Ctrl Pts',(0.988216859267156,1.18623006510866,-3.52068242875777));
#1671=CARTESIAN_POINT('Ctrl Pts',(1.34228482153068,0.762879929081821,-3.5471537252146));
#1672=CARTESIAN_POINT('Ctrl Pts',(1.43739374235301,0.287698410697366,-3.57362502167142));
#1673=CARTESIAN_POINT('Ctrl Pts',(1.45622049704244,0.193636509855444,-3.57886499916664));
#1674=CARTESIAN_POINT('Ctrl Pts',(1.46490020877944,0.0975436497539433,-3.58410497666187));
#1675=CARTESIAN_POINT('Ctrl Pts',(1.46401490780879,0.00129189155743116,
-3.58934495415708));
#1676=CARTESIAN_POINT('Origin',(0.,0.,0.));
#1677=CARTESIAN_POINT('',(1.4611309958528,0.000243934393922146,-4.16065504584291));
#1678=CARTESIAN_POINT('',(1.46109535294815,4.75777157917219E-5,-4.08934495415708));
#1679=CARTESIAN_POINT('',(1.4635,-1.79227059055215E-16,0.));
#1680=CARTESIAN_POINT('Ctrl Pts',(1.4611309958528,0.000243934393922146,
-4.16065504584291));
#1681=CARTESIAN_POINT('Ctrl Pts',(1.46147231938028,0.229665919939558,-4.14822742609019));
#1682=CARTESIAN_POINT('Ctrl Pts',(1.41067419133723,0.458944929887799,-4.13579980633748));
#1683=CARTESIAN_POINT('Ctrl Pts',(1.30794004449951,0.661939477274295,-4.12337218658477));
#1684=CARTESIAN_POINT('Ctrl Pts',(1.08911245632948,1.09432548118419,-4.09690089012794));
#1685=CARTESIAN_POINT('Ctrl Pts',(0.634648041445782,1.40745730478408,-4.07042959367112));
#1686=CARTESIAN_POINT('Ctrl Pts',(0.152677449979199,1.45793025479527,-4.04395829721429));
#1687=CARTESIAN_POINT('Ctrl Pts',(-0.329293141487384,1.50840320480646,-4.01748700075747));
#1688=CARTESIAN_POINT('Ctrl Pts',(-0.838769909536853,1.29621728122895,-3.99101570430064));
#1689=CARTESIAN_POINT('Ctrl Pts',(-1.14242824725186,0.918547076344265,-3.96454440784382));
#1690=CARTESIAN_POINT('Ctrl Pts',(-1.44608658496687,0.540876871459576,-3.93807311138699));
#1691=CARTESIAN_POINT('Ctrl Pts',(-1.54392649234741,-0.00227761473229317,
-3.91160181493017));
#1692=CARTESIAN_POINT('Ctrl Pts',(-1.39114031699002,-0.462168421708416,
-3.88513051847334));
#1693=CARTESIAN_POINT('Ctrl Pts',(-1.23835414163264,-0.922059228684532,
-3.85865922201652));
#1694=CARTESIAN_POINT('Ctrl Pts',(-0.834941883537346,-1.2986863564449,-3.83218792555969));
#1695=CARTESIAN_POINT('Ctrl Pts',(-0.365653883541239,-1.41956622565866,
-3.80571662910287));
#1696=CARTESIAN_POINT('Ctrl Pts',(0.103634116454865,-1.54044609487241,-3.77924533264604));
#1697=CARTESIAN_POINT('Ctrl Pts',(0.638797858351778,-1.40557870553954,-3.75277403618921));
#1698=CARTESIAN_POINT('Ctrl Pts',(0.994748895442565,-1.07672915192046,-3.72630273973239));
#1699=CARTESIAN_POINT('Ctrl Pts',(1.28899672674532,-0.804884830948258,-3.70442017510256));
#1700=CARTESIAN_POINT('Ctrl Pts',(1.46077876178243,-0.400481938102783,-3.68253761047274));
#1701=CARTESIAN_POINT('Ctrl Pts',(1.46437187246752,0.00122023511780523,
-3.66065504584291));
#1702=CARTESIAN_POINT('Ctrl Pts',(1.46401490780879,0.00129189155743116,
-3.58934495415708));
#1703=CARTESIAN_POINT('Ctrl Pts',(1.46042784902809,-0.388700580881542,-3.61057627311869));
#1704=CARTESIAN_POINT('Ctrl Pts',(1.29981150369685,-0.781301691202834,-3.63180759208029));
#1705=CARTESIAN_POINT('Ctrl Pts',(1.02088166954958,-1.05198467804957,-3.6530389110419));
#1706=CARTESIAN_POINT('Ctrl Pts',(0.673110796542674,-1.38947334766998,-3.67951020749872));
#1707=CARTESIAN_POINT('Ctrl Pts',(0.141419171147714,-1.53743778616874,-3.70598150395555));
#1708=CARTESIAN_POINT('Ctrl Pts',(-0.330694881929584,-1.42811485572379,
-3.73245280041238));
#1709=CARTESIAN_POINT('Ctrl Pts',(-0.802808935006874,-1.31879192527884,
-3.7589240968692));
#1710=CARTESIAN_POINT('Ctrl Pts',(-1.2153454157665,-0.952181625890185,-3.78539539332602));
#1711=CARTESIAN_POINT('Ctrl Pts',(-1.37937537150898,-0.496180139211404,
-3.81186668978285));
#1712=CARTESIAN_POINT('Ctrl Pts',(-1.54340532725146,-0.0401786525326225,
-3.83833798623967));
#1713=CARTESIAN_POINT('Ctrl Pts',(-1.45892875797679,0.505214021436289,-3.8648092826965));
#1714=CARTESIAN_POINT('Ctrl Pts',(-1.16463332042583,0.890224901374538,-3.89128057915333));
#1715=CARTESIAN_POINT('Ctrl Pts',(-0.870337882874858,1.2752357813128,-3.91775187561016));
#1716=CARTESIAN_POINT('Ctrl Pts',(-0.366223577047583,1.49986486722038,-3.94422317206698));
#1717=CARTESIAN_POINT('Ctrl Pts',(0.116840832030886,1.46123898320696,-3.97069446852381));
#1718=CARTESIAN_POINT('Ctrl Pts',(0.599905241109348,1.42261309919355,-3.99716576498063));
#1719=CARTESIAN_POINT('Ctrl Pts',(1.06191975343901,1.12073224525913,-4.02363706143746));
#1720=CARTESIAN_POINT('Ctrl Pts',(1.29129600770529,0.693848518451809,-4.05010835789428));
#1721=CARTESIAN_POINT('Ctrl Pts',(1.40462559717968,0.482934979615277,-4.06318722331522));
#1722=CARTESIAN_POINT('Ctrl Pts',(1.46116531911884,0.241506698057274,-4.07626608873615));
#1723=CARTESIAN_POINT('Ctrl Pts',(1.46109535294815,4.75777157917219E-5,
-4.08934495415708));
#1724=CARTESIAN_POINT('Origin',(0.,0.,0.));
#1725=CARTESIAN_POINT('',(1.46347589599424,-0.00133979806904119,-4.6606550458429));
#1726=CARTESIAN_POINT('',(1.46384007609618,-0.00131512955467029,-4.58934495415708));
#1727=CARTESIAN_POINT('',(1.4635,-1.79227059055215E-16,0.));
#1728=CARTESIAN_POINT('Ctrl Pts',(1.46347589599424,-0.00133979806904119,
-4.6606550458429));
#1729=CARTESIAN_POINT('Ctrl Pts',(1.46005294397112,0.371282076042712,-4.64038853816448));
#1730=CARTESIAN_POINT('Ctrl Pts',(1.31514374308967,0.746271304665132,-4.62012203048605));
#1731=CARTESIAN_POINT('Ctrl Pts',(1.05846132896333,1.01416499972575,-4.59985552280763));
#1732=CARTESIAN_POINT('Ctrl Pts',(0.723193092945305,1.36407695956542,-4.5733842263508));
#1733=CARTESIAN_POINT('Ctrl Pts',(0.197233800555907,1.5312782337705,-4.54691292989398));
#1734=CARTESIAN_POINT('Ctrl Pts',(-0.278543454773917,1.43919580856191,-4.52044163343715));
#1735=CARTESIAN_POINT('Ctrl Pts',(-0.75432071010375,1.34711338335331,-4.49397033698032));
#1736=CARTESIAN_POINT('Ctrl Pts',(-1.179915928374,0.995747258731028,-4.4674990405235));
#1737=CARTESIAN_POINT('Ctrl Pts',(-1.36041965887705,0.546012255650362,-4.44102774406667));
#1738=CARTESIAN_POINT('Ctrl Pts',(-1.5409233893801,0.0962772525697012,-4.41455644760985));
#1739=CARTESIAN_POINT('Ctrl Pts',(-1.47633563211596,-0.451826628969341,
-4.38808515115302));
#1740=CARTESIAN_POINT('Ctrl Pts',(-1.19623558288,-0.847284758408467,-4.3616138546962));
#1741=CARTESIAN_POINT('Ctrl Pts',(-0.916135533644043,-1.24274288784759,
-4.33514255823937));
#1742=CARTESIAN_POINT('Ctrl Pts',(-0.420523192436265,-1.48555526518681,
-4.30867126178255));
#1743=CARTESIAN_POINT('Ctrl Pts',(0.063626312636086,-1.46452132928131,-4.28219996532572));
#1744=CARTESIAN_POINT('Ctrl Pts',(0.547775817708441,-1.44348739337581,-4.2557286688689));
#1745=CARTESIAN_POINT('Ctrl Pts',(1.02046248664536,-1.1586071442256,-4.22925737241207));
#1746=CARTESIAN_POINT('Ctrl Pts',(1.26521044038564,-0.740346927540544,-4.20278607595525));
#1747=CARTESIAN_POINT('Ctrl Pts',(1.39505527597681,-0.518449550096361,-4.18874239925113));
#1748=CARTESIAN_POINT('Ctrl Pts',(1.46074528745756,-0.259011519017848,-4.17469872254702));
#1749=CARTESIAN_POINT('Ctrl Pts',(1.4611309958528,0.000243934393922146,
-4.16065504584291));
#1750=CARTESIAN_POINT('Ctrl Pts',(1.46109535294815,4.75777157917219E-5,
-4.08934495415708));
#1751=CARTESIAN_POINT('Ctrl Pts',(1.46102370933949,-0.247200521647937,-4.10273738519297));
#1752=CARTESIAN_POINT('Ctrl Pts',(1.40159540541868,-0.49448095624008,-4.11612981622886));
#1753=CARTESIAN_POINT('Ctrl Pts',(1.28300389319306,-0.709064282082279,-4.12952224726476));
#1754=CARTESIAN_POINT('Ctrl Pts',(1.04859752821162,-1.13320675612883,-4.15599354372158));
#1755=CARTESIAN_POINT('Ctrl Pts',(0.583046802045814,-1.4296051045417,-4.18246484017841));
#1756=CARTESIAN_POINT('Ctrl Pts',(0.0995595526086352,-1.46251804828445,
-4.20893613663523));
#1757=CARTESIAN_POINT('Ctrl Pts',(-0.383927696828547,-1.4954309920272,-4.23540743309206));
#1758=CARTESIAN_POINT('Ctrl Pts',(-0.885351469537105,-1.26485853109983,
-4.26187872954888));
#1759=CARTESIAN_POINT('Ctrl Pts',(-1.17507518146993,-0.876395723384592,
-4.28835002600571));
#1760=CARTESIAN_POINT('Ctrl Pts',(-1.46479889340276,-0.487932915669352,
-4.31482132246253));
#1761=CARTESIAN_POINT('Ctrl Pts',(-1.54282254455986,0.0584202388337571,
-4.34129261891936));
#1762=CARTESIAN_POINT('Ctrl Pts',(-1.37341371517617,0.512450888417011,-4.36776391537619));
#1763=CARTESIAN_POINT('Ctrl Pts',(-1.20400488579249,0.966481538000268,-4.39423521183301));
#1764=CARTESIAN_POINT('Ctrl Pts',(-0.787163575868015,1.32818968266367,-4.42070650828983));
#1765=CARTESIAN_POINT('Ctrl Pts',(-0.313790216755889,1.43192417604484,-4.44717780474666));
#1766=CARTESIAN_POINT('Ctrl Pts',(0.159583142356233,1.53565866942601,-4.47364910120348));
#1767=CARTESIAN_POINT('Ctrl Pts',(0.689488550656011,1.38141951152494,-4.50012039766031));
#1768=CARTESIAN_POINT('Ctrl Pts',(1.0332457156381,1.03984346763776,-4.52659169411714));
#1769=CARTESIAN_POINT('Ctrl Pts',(1.30488437904722,0.769928337231889,-4.54750944746379));
#1770=CARTESIAN_POINT('Ctrl Pts',(1.46028759444573,0.383035541695191,-4.56842720081044));
#1771=CARTESIAN_POINT('Ctrl Pts',(1.46384007609618,-0.00131512955467029,
-4.58934495415708));
#1772=CARTESIAN_POINT('Origin',(0.,0.,0.));
#1773=CARTESIAN_POINT('',(1.46565902591855,0.000541069440009121,-5.1606550458429));
#1774=CARTESIAN_POINT('',(1.46544784085817,0.000733302900668445,-5.08934495415708));
#1775=CARTESIAN_POINT('',(1.4635,-1.79227059055215E-16,0.));
#1776=CARTESIAN_POINT('Ctrl Pts',(1.46565902591855,0.000541069440009121,
-5.1606550458429));
#1777=CARTESIAN_POINT('Ctrl Pts',(1.46580107286026,0.0304695962903039,-5.15902094669559));
#1778=CARTESIAN_POINT('Ctrl Pts',(1.46496382094968,0.0603900248354407,-5.15738684754827));
#1779=CARTESIAN_POINT('Ctrl Pts',(1.46312208676226,0.0902484947686969,-5.15575274840096));
#1780=CARTESIAN_POINT('Ctrl Pts',(1.4332872436622,0.573935430563606,-5.12928145194413));
#1781=CARTESIAN_POINT('Ctrl Pts',(1.13985817308268,1.04136331150932,-5.10281015548731));
#1782=CARTESIAN_POINT('Ctrl Pts',(0.717216316621502,1.27846462084464,-5.07633885903048));
#1783=CARTESIAN_POINT('Ctrl Pts',(0.294574460160316,1.51556593017998,-5.04986756257366));
#1784=CARTESIAN_POINT('Ctrl Pts',(-0.257280182182523,1.52234066790491,-5.02339626611683));
#1785=CARTESIAN_POINT('Ctrl Pts',(-0.685615247372833,1.29568621361402,-4.99692496966));
#1786=CARTESIAN_POINT('Ctrl Pts',(-1.11395031256314,1.06903175932314,-4.97045367320318));
#1787=CARTESIAN_POINT('Ctrl Pts',(-1.41876580060091,0.608948113016442,-4.94398237674636));
#1788=CARTESIAN_POINT('Ctrl Pts',(-1.46046564275663,0.126139359071705,-4.91751108028953));
#1789=CARTESIAN_POINT('Ctrl Pts',(-1.50216548491234,-0.356669394873036,
-4.89103978383271));
#1790=CARTESIAN_POINT('Ctrl Pts',(-1.28074968118599,-0.862203256455821,
-4.86456848737588));
#1791=CARTESIAN_POINT('Ctrl Pts',(-0.897619823582499,-1.15894334800769,
-4.83809719091905));
#1792=CARTESIAN_POINT('Ctrl Pts',(-0.514489965979016,-1.45568343955956,
-4.81162589446223));
#1793=CARTESIAN_POINT('Ctrl Pts',(0.0303539455015964,-1.54362976108052,
-4.78515459800541));
#1794=CARTESIAN_POINT('Ctrl Pts',(0.487390245790642,-1.3825056165845,-4.75868330154858));
#1795=CARTESIAN_POINT('Ctrl Pts',(0.944426546079694,-1.22138147208848,-4.73221200509176));
#1796=CARTESIAN_POINT('Ctrl Pts',(1.31365523517717,-0.811186861575455,-4.70574070863493));
#1797=CARTESIAN_POINT('Ctrl Pts',(1.42598098990259,-0.339778233581815,-4.6792694121781));
#1798=CARTESIAN_POINT('Ctrl Pts',(1.45230979414466,-0.229281531246671,-4.6730646233997));
#1799=CARTESIAN_POINT('Ctrl Pts',(1.46452386610528,-0.115421615210904,-4.6668598346213));
#1800=CARTESIAN_POINT('Ctrl Pts',(1.46347589599424,-0.00133979806904119,
-4.6606550458429));
#1801=CARTESIAN_POINT('Ctrl Pts',(1.46384007609618,-0.00131512955467029,
-4.58934495415708));
#1802=CARTESIAN_POINT('Ctrl Pts',(1.46478323952616,-0.103358020434878,-4.59489849726726));
#1803=CARTESIAN_POINT('Ctrl Pts',(1.45502287089155,-0.205221724108382,-4.60045204037744));
#1804=CARTESIAN_POINT('Ctrl Pts',(1.43389246772352,-0.304669553909053,-4.60600558348761));
#1805=CARTESIAN_POINT('Ctrl Pts',(1.33317313316247,-0.778693601695365,-4.63247687994444));
#1806=CARTESIAN_POINT('Ctrl Pts',(0.974125542375969,-1.19782876739468,-4.65894817640126));
#1807=CARTESIAN_POINT('Ctrl Pts',(0.521182390314202,-1.37012410463424,-4.68541947285809));
#1808=CARTESIAN_POINT('Ctrl Pts',(0.0682392382524347,-1.54241944187379,
-4.71189076931491));
#1809=CARTESIAN_POINT('Ctrl Pts',(-0.478599475084601,-1.46787495065359,
-4.73836206577174));
#1810=CARTESIAN_POINT('Ctrl Pts',(-0.868898527056555,-1.18062970306203,
-4.76483336222857));
#1811=CARTESIAN_POINT('Ctrl Pts',(-1.25919757902851,-0.893384455470473,
-4.79130465868539));
#1812=CARTESIAN_POINT('Ctrl Pts',(-1.49295696963538,-0.393438451507564,
-4.81777595514222));
#1813=CARTESIAN_POINT('Ctrl Pts',(-1.4631221257405,0.0902484971729974,-4.84424725159904));
#1814=CARTESIAN_POINT('Ctrl Pts',(-1.43328728184562,0.573935445853556,-4.87071854805587));
#1815=CARTESIAN_POINT('Ctrl Pts',(-1.13985820344899,1.04136333925176,-4.89718984451269));
#1816=CARTESIAN_POINT('Ctrl Pts',(-0.717216335728425,1.27846465490356,-4.92366114096952));
#1817=CARTESIAN_POINT('Ctrl Pts',(-0.294574468007861,1.51556597055536,-4.95013243742634));
#1818=CARTESIAN_POINT('Ctrl Pts',(0.257280189036634,1.52234070846076,-4.97660373388317));
#1819=CARTESIAN_POINT('Ctrl Pts',(0.685615265637975,1.29568624813169,-5.00307503033999));
#1820=CARTESIAN_POINT('Ctrl Pts',(1.11395034223932,1.06903178780261,-5.02954632679682));
#1821=CARTESIAN_POINT('Ctrl Pts',(1.41876583839751,0.608948129239062,-5.05601762325364));
#1822=CARTESIAN_POINT('Ctrl Pts',(1.46046568166411,0.126139362432077,-5.08248891971047));
#1823=CARTESIAN_POINT('Ctrl Pts',(1.46406575167857,0.0844570627412265,-5.08477426452601));
#1824=CARTESIAN_POINT('Ctrl Pts',(1.46570472171831,0.0426053842668948,-5.08705960934155));
#1825=CARTESIAN_POINT('Ctrl Pts',(1.46544784085817,0.000733302900668445,
-5.08934495415708));
#1826=CARTESIAN_POINT('Origin',(0.,0.,0.));
#1827=CARTESIAN_POINT('',(1.4618637799043,0.00101185659328151,-5.66065504584291));
#1828=CARTESIAN_POINT('',(1.46162810654546,0.000870156629671911,-5.58934495415709));
#1829=CARTESIAN_POINT('',(1.4635,-1.79227059055215E-16,0.));
#1830=CARTESIAN_POINT('Ctrl Pts',(1.4618637799043,0.00101185659328151,-5.66065504584291));
#1831=CARTESIAN_POINT('Ctrl Pts',(1.46297563505043,0.175670041922651,-5.65118205876988));
#1832=CARTESIAN_POINT('Ctrl Pts',(1.4340381217719,0.349972003860648,-5.64170907169685));
#1833=CARTESIAN_POINT('Ctrl Pts',(1.3734136785878,0.512450874765055,-5.63223608462382));
#1834=CARTESIAN_POINT('Ctrl Pts',(1.20400485371725,0.966481512252734,-5.605764788167));
#1835=CARTESIAN_POINT('Ctrl Pts',(0.787163554897635,1.32818964728007,-5.57929349171016));
#1836=CARTESIAN_POINT('Ctrl Pts',(0.313790208396391,1.43192413789771,-5.55282219525333));
#1837=CARTESIAN_POINT('Ctrl Pts',(-0.159583138104833,1.53565862851535,-5.52635089879651));
#1838=CARTESIAN_POINT('Ctrl Pts',(-0.689488532287668,1.38141947472331,-5.49987960233969));
#1839=CARTESIAN_POINT('Ctrl Pts',(-1.03324568811191,1.03984343993589,-5.47340830588287));
#1840=CARTESIAN_POINT('Ctrl Pts',(-1.37700284393616,0.698267405148458,-5.44693700942604));
#1841=CARTESIAN_POINT('Ctrl Pts',(-1.5346117614018,0.16935448936562,-5.42046571296921));
#1842=CARTESIAN_POINT('Ctrl Pts',(-1.43389242952397,-0.304669545792477,
-5.39399441651239));
#1843=CARTESIAN_POINT('Ctrl Pts',(-1.33317309764614,-0.778693580950575,
-5.36752312005556));
#1844=CARTESIAN_POINT('Ctrl Pts',(-0.974125516424847,-1.19782873548394,
-5.34105182359873));
#1845=CARTESIAN_POINT('Ctrl Pts',(-0.521182376429698,-1.37012406813348,
-5.31458052714191));
#1846=CARTESIAN_POINT('Ctrl Pts',(-0.0682392364345426,-1.54241940078303,
-5.28810923068509));
#1847=CARTESIAN_POINT('Ctrl Pts',(0.478599462334464,-1.46787491154873,-5.26163793422826));
#1848=CARTESIAN_POINT('Ctrl Pts',(0.868898503908682,-1.18062967160952,-5.23516663777144));
#1849=CARTESIAN_POINT('Ctrl Pts',(1.23510400204519,-0.911116362647739,-5.21032944046193));
#1850=CARTESIAN_POINT('Ctrl Pts',(1.46350000886974,-0.454352213984424,-5.18549224315241));
#1851=CARTESIAN_POINT('Ctrl Pts',(1.46565902591855,0.000541069440009121,
-5.1606550458429));
#1852=CARTESIAN_POINT('Ctrl Pts',(1.46544784085817,0.000733302900668445,
-5.08934495415708));
#1853=CARTESIAN_POINT('Ctrl Pts',(1.46272925414047,-0.442401635931353,-5.11353090579837));
#1854=CARTESIAN_POINT('Ctrl Pts',(1.24767298789626,-0.887821724255295,-5.13771685743966));
#1855=CARTESIAN_POINT('Ctrl Pts',(0.897619847495493,-1.15894337888249,-5.16190280908095));
#1856=CARTESIAN_POINT('Ctrl Pts',(0.514489979685244,-1.45568347833965,-5.18837410553777));
#1857=CARTESIAN_POINT('Ctrl Pts',(-0.0303539463102739,-1.54362980220354,
-5.2148454019946));
#1858=CARTESIAN_POINT('Ctrl Pts',(-0.48739025877498,-1.38250565341508,-5.24131669845142));
#1859=CARTESIAN_POINT('Ctrl Pts',(-0.944426571239687,-1.22138150462662,
-5.26778799490825));
#1860=CARTESIAN_POINT('Ctrl Pts',(-1.31365527017358,-0.811186883185813,
-5.29425929136507));
#1861=CARTESIAN_POINT('Ctrl Pts',(-1.42598102789139,-0.339778242633627,
-5.32073058782189));
#1862=CARTESIAN_POINT('Ctrl Pts',(-1.53830678560921,0.13163039791856,-5.34720188427872));
#1863=CARTESIAN_POINT('Ctrl Pts',(-1.39372960211095,0.664253057582126,-5.37367318073555));
#1864=CARTESIAN_POINT('Ctrl Pts',(-1.0584613571612,1.0141650267436,-5.40014447719238));
#1865=CARTESIAN_POINT('Ctrl Pts',(-0.723193112211463,1.36407699590508,-5.4266157736492));
#1866=CARTESIAN_POINT('Ctrl Pts',(-0.197233805810249,1.53127827456447,-5.45308707010602));
#1867=CARTESIAN_POINT('Ctrl Pts',(0.278543462194502,1.43919584690274,-5.47955836656285));
#1868=CARTESIAN_POINT('Ctrl Pts',(0.754320730199259,1.34711341924101,-5.50602966301967));
#1869=CARTESIAN_POINT('Ctrl Pts',(1.17991595980755,0.99574728525815,-5.5325009594765));
#1870=CARTESIAN_POINT('Ctrl Pts',(1.36041969511929,0.546012270196325,-5.55897225593333));
#1871=CARTESIAN_POINT('Ctrl Pts',(1.42945529486568,0.374006264680011,-5.56909648867458));
#1872=CARTESIAN_POINT('Ctrl Pts',(1.46263982999175,0.187611228151779,-5.57922072141583));
#1873=CARTESIAN_POINT('Ctrl Pts',(1.46162810654546,0.000870156629671911,
-5.58934495415709));
#1874=CARTESIAN_POINT('Origin',(0.,0.,0.));
#1875=CARTESIAN_POINT('',(1.46199018277717,-0.00107244571645904,-6.16065504584291));
#1876=CARTESIAN_POINT('',(1.46227678354408,-0.00118058122644244,-6.08934495415709));
#1877=CARTESIAN_POINT('',(1.4635,-1.79227059055215E-16,0.));
#1878=CARTESIAN_POINT('Ctrl Pts',(1.46199018277717,-0.00107244571645904,
-6.16065504584291));
#1879=CARTESIAN_POINT('Ctrl Pts',(1.45982463890426,0.318045864048406,-6.14334317084416));
#1880=CARTESIAN_POINT('Ctrl Pts',(1.35709857723171,0.638432901396477,-6.12603129584542));
#1881=CARTESIAN_POINT('Ctrl Pts',(1.16463328939947,0.890224877658519,-6.10871942084667));
#1882=CARTESIAN_POINT('Ctrl Pts',(0.87033785968867,1.27523574733991,-6.08224812438985));
#1883=CARTESIAN_POINT('Ctrl Pts',(0.366223567291235,1.49986482726328,-6.05577682793302));
#1884=CARTESIAN_POINT('Ctrl Pts',(-0.116840828918174,1.46123894427888,-6.0293055314762));
#1885=CARTESIAN_POINT('Ctrl Pts',(-0.599905225127576,1.42261306129448,-6.00283423501937));
#1886=CARTESIAN_POINT('Ctrl Pts',(-1.06191972514896,1.12073221540232,-5.97636293856254));
#1887=CARTESIAN_POINT('Ctrl Pts',(-1.29129597330456,0.69384849996738,-5.94989164210572));
#1888=CARTESIAN_POINT('Ctrl Pts',(-1.52067222146016,0.266964784532446,-5.92342034564889));
#1889=CARTESIAN_POINT('Ctrl Pts',(-1.51741021774999,-0.284921800445245,
-5.89694904919207));
#1890=CARTESIAN_POINT('Ctrl Pts',(-1.28300385901326,-0.709064263192444,
-5.87047775273524));
#1891=CARTESIAN_POINT('Ctrl Pts',(-1.04859750027652,-1.13320672593965,-5.84400645627842));
#1892=CARTESIAN_POINT('Ctrl Pts',(-0.5830467865132,-1.42960506645635,-5.8175351598216));
#1893=CARTESIAN_POINT('Ctrl Pts',(-0.0995595499563413,-1.46251800932229,
-5.79106386336477));
#1894=CARTESIAN_POINT('Ctrl Pts',(0.383927686600505,-1.49543095218823,-5.76459256690794));
#1895=CARTESIAN_POINT('Ctrl Pts',(0.885351445950896,-1.26485849740344,-5.73812127045111));
#1896=CARTESIAN_POINT('Ctrl Pts',(1.17507515016536,-0.876395700037043,-5.71164997399429));
#1897=CARTESIAN_POINT('Ctrl Pts',(1.36111866972205,-0.626947743285164,-5.69465166461049));
#1898=CARTESIAN_POINT('Ctrl Pts',(1.45986866921555,-0.312394447854544,-5.67765335522671));
#1899=CARTESIAN_POINT('Ctrl Pts',(1.4618637799043,0.00101185659328151,-5.66065504584291));
#1900=CARTESIAN_POINT('Ctrl Pts',(1.46162810654546,0.000870156629671911,
-5.58934495415709));
#1901=CARTESIAN_POINT('Ctrl Pts',(1.45999453014892,-0.300650785500341,-5.60569201787266));
#1902=CARTESIAN_POINT('Ctrl Pts',(1.36920838474631,-0.603073870436552,-5.62203908158823));
#1903=CARTESIAN_POINT('Ctrl Pts',(1.19623561474825,-0.847284780980557,-5.6383861453038));
#1904=CARTESIAN_POINT('Ctrl Pts',(0.916135558050286,-1.24274292095486,-5.66485744176063));
#1905=CARTESIAN_POINT('Ctrl Pts',(0.420523203639158,-1.4855553047627,-5.69132873821745));
#1906=CARTESIAN_POINT('Ctrl Pts',(-0.0636263143311594,-1.46452136829683,
-5.71780003467428));
#1907=CARTESIAN_POINT('Ctrl Pts',(-0.547775832301476,-1.44348743183097,
-5.7442713311311));
#1908=CARTESIAN_POINT('Ctrl Pts',(-1.02046251383099,-1.1586071750914,-5.77074262758793));
#1909=CARTESIAN_POINT('Ctrl Pts',(-1.26521047409145,-0.740346947263695,
-5.79721392404475));
#1910=CARTESIAN_POINT('Ctrl Pts',(-1.50995843435192,-0.322086719435986,
-5.82368522050158));
#1911=CARTESIAN_POINT('Ctrl Pts',(-1.52676767334334,0.229553479479849,-5.85015651695841));
#1912=CARTESIAN_POINT('Ctrl Pts',(-1.30794007934362,0.661939494908704,-5.87662781341523));
#1913=CARTESIAN_POINT('Ctrl Pts',(-1.08911248534391,1.09432551033755,-5.90309910987206));
#1914=CARTESIAN_POINT('Ctrl Pts',(-0.634648058353061,1.40745734227941,-5.92957040632888));
#1915=CARTESIAN_POINT('Ctrl Pts',(-0.152677454046558,1.45793029363521,-5.95604170278571));
#1916=CARTESIAN_POINT('Ctrl Pts',(0.329293150259952,1.50840324499101,-5.98251299924253));
#1917=CARTESIAN_POINT('Ctrl Pts',(0.838769931882123,1.29621731576075,-6.00898429569936));
#1918=CARTESIAN_POINT('Ctrl Pts',(1.14242827768671,0.918547100814739,-6.03545559215618));
#1919=CARTESIAN_POINT('Ctrl Pts',(1.34848737706313,0.662264388917366,-6.05341871282315));
#1920=CARTESIAN_POINT('Ctrl Pts',(1.45977068401948,0.329779055765602,-6.07138183349012));
#1921=CARTESIAN_POINT('Ctrl Pts',(1.46227678354408,-0.00118058122644244,
-6.08934495415709));
#1922=CARTESIAN_POINT('Origin',(0.,0.,0.));
#1923=CARTESIAN_POINT('',(1.46574008113321,-0.000442365717320259,-6.66065504584291));
#1924=CARTESIAN_POINT('',(1.46585915379323,-0.000227975927380916,-6.58934495415709));
#1925=CARTESIAN_POINT('',(1.4635,-1.79227059055215E-16,0.));
#1926=CARTESIAN_POINT('Ctrl Pts',(1.46574008113321,-0.000442365717320259,
-6.66065504584291));
#1927=CARTESIAN_POINT('Ctrl Pts',(1.46390816114642,0.460126037521289,-6.63550428291845));
#1928=CARTESIAN_POINT('Ctrl Pts',(1.22891070233433,0.92230503450046,-6.61035351999399));
#1929=CARTESIAN_POINT('Ctrl Pts',(0.854881725185322,1.19081831843641,-6.58520275706953));
#1930=CARTESIAN_POINT('Ctrl Pts',(0.461214464780862,1.4734298146766,-6.5587314606127));
#1931=CARTESIAN_POINT('Ctrl Pts',(-0.0864672076643629,1.54150498646607,
-6.53226016415588));
#1932=CARTESIAN_POINT('Ctrl Pts',(-0.537342020302471,1.36386750998651,-6.50578886769905));
#1933=CARTESIAN_POINT('Ctrl Pts',(-0.988216832940591,1.18623003350695,-6.47931757124223));
#1934=CARTESIAN_POINT('Ctrl Pts',(-1.34228478577159,0.762879908758357,-6.4528462747854));
#1935=CARTESIAN_POINT('Ctrl Pts',(-1.43739370406018,0.287698403032955,-6.42637497832857));
#1936=CARTESIAN_POINT('Ctrl Pts',(-1.53250262234876,-0.187483102692434,
-6.39990368187175));
#1937=CARTESIAN_POINT('Ctrl Pts',(-1.36865250609496,-0.714495989394627,
-6.37343238541493));
#1938=CARTESIAN_POINT('Ctrl Pts',(-1.02088164235284,-1.05198465002419,-6.3469610889581));
#1939=CARTESIAN_POINT('Ctrl Pts',(-0.673110778610721,-1.38947331065375,
-6.32048979250128));
#1940=CARTESIAN_POINT('Ctrl Pts',(-0.141419167380279,-1.53743774521068,
-6.29401849604445));
#1941=CARTESIAN_POINT('Ctrl Pts',(0.330694873119681,-1.42811481767816,-6.26754719958763));
#1942=CARTESIAN_POINT('Ctrl Pts',(0.802808913619641,-1.31879189014563,-6.2410759031308));
#1943=CARTESIAN_POINT('Ctrl Pts',(1.21534538338912,-0.952181600523652,-6.21460460667397));
#1944=CARTESIAN_POINT('Ctrl Pts',(1.37937533476178,-0.496180125992962,-6.18813331021715));
#1945=CARTESIAN_POINT('Ctrl Pts',(1.43613188459004,-0.338397536932971,-6.17897388875907));
#1946=CARTESIAN_POINT('Ctrl Pts',(1.4631359355636,-0.169912568137531,-6.16981446730099));
#1947=CARTESIAN_POINT('Ctrl Pts',(1.46199018277717,-0.00107244571645904,
-6.16065504584291));
#1948=CARTESIAN_POINT('Ctrl Pts',(1.46227678354408,-0.00118058122644244,
-6.08934495415709));
#1949=CARTESIAN_POINT('Ctrl Pts',(1.46346378972732,-0.157938575735376,-6.09785312994694));
#1950=CARTESIAN_POINT('Ctrl Pts',(1.44024757004785,-0.314354293503963,-6.1063613057368));
#1951=CARTESIAN_POINT('Ctrl Pts',(1.39114035405065,-0.462168434020794,-6.11486948152666));
#1952=CARTESIAN_POINT('Ctrl Pts',(1.23835417462297,-0.922059253248617,-6.14134077798349));
#1953=CARTESIAN_POINT('Ctrl Pts',(0.83494190578059,-1.29868639104251,-6.16781207444031));
#1954=CARTESIAN_POINT('Ctrl Pts',(0.365653893282431,-1.41956626347656,-6.19428337089713));
#1955=CARTESIAN_POINT('Ctrl Pts',(-0.103634119215728,-1.54044613591061,
-6.22075466735396));
#1956=CARTESIAN_POINT('Ctrl Pts',(-0.638797875369672,-1.4055787429848,-6.24722596381078));
#1957=CARTESIAN_POINT('Ctrl Pts',(-0.994748921943158,-1.076729180605,-6.27369726026761));
#1958=CARTESIAN_POINT('Ctrl Pts',(-1.35069996851664,-0.747879618225206,
-6.30016855672444));
#1959=CARTESIAN_POINT('Ctrl Pts',(-1.52743830550968,-0.225047886391422,
-6.32663985318126));
#1960=CARTESIAN_POINT('Ctrl Pts',(-1.44402323926906,0.252325247496752,-6.35311114963809));
#1961=CARTESIAN_POINT('Ctrl Pts',(-1.36060817302843,0.729698381384925,-6.37958244609492));
#1962=CARTESIAN_POINT('Ctrl Pts',(-1.01703970355414,1.16161291732748,-6.40605374255174));
#1963=CARTESIAN_POINT('Ctrl Pts',(-0.570661566844556,1.35026535251406,-6.43252503900856));
#1964=CARTESIAN_POINT('Ctrl Pts',(-0.124283430134975,1.53891778770064,-6.45899633546539));
#1965=CARTESIAN_POINT('Ctrl Pts',(0.424904373809906,1.48430812213124,-6.48546763192221));
#1966=CARTESIAN_POINT('Ctrl Pts',(0.825390811484404,1.21144589412425,-6.51193892837904));
#1967=CARTESIAN_POINT('Ctrl Pts',(1.21575153760086,0.945482586919503,-6.53774093697172));
#1968=CARTESIAN_POINT('Ctrl Pts',(1.46483523048854,0.472163588982939,-6.56354294556441));
#1969=CARTESIAN_POINT('Ctrl Pts',(1.46585915379323,-0.000227975927380916,
-6.58934495415709));
#1970=CARTESIAN_POINT('Origin',(0.,0.,0.));
#1971=CARTESIAN_POINT('',(1.46330191074833,0.0013403597830236,-7.16065504584291));
#1972=CARTESIAN_POINT('',(1.46294796796228,0.00131844088275032,-7.08934495415708));
#1973=CARTESIAN_POINT('',(1.4635,-1.79227059055215E-16,0.));
#1974=CARTESIAN_POINT('Ctrl Pts',(1.46330191074833,0.0013403597830236,-7.16065504584291));
#1975=CARTESIAN_POINT('Ctrl Pts',(1.46439166539888,0.121223814568965,-7.15413669144956));
#1976=CARTESIAN_POINT('Ctrl Pts',(1.45089448544934,0.240865126513589,-7.14761833705621));
#1977=CARTESIAN_POINT('Ctrl Pts',(1.42186488386028,0.356610829370561,-7.14109998266286));
#1978=CARTESIAN_POINT('Ctrl Pts',(1.30397451716414,0.826658732420502,-7.11462868620603));
#1979=CARTESIAN_POINT('Ctrl Pts',(0.929922768562691,1.23246007878947,-7.08815738974921));
#1980=CARTESIAN_POINT('Ctrl Pts',(0.471013773361742,1.38817039908048,-7.06168609329238));
#1981=CARTESIAN_POINT('Ctrl Pts',(0.01210477816078,1.54388071937149,-7.03521479683556));
#1982=CARTESIAN_POINT('Ctrl Pts',(-0.531661463639661,1.44950001358453,-7.00874350037874));
#1983=CARTESIAN_POINT('Ctrl Pts',(-0.911256826363181,1.14825172675072,-6.98227220392191));
#1984=CARTESIAN_POINT('Ctrl Pts',(-1.29085218908669,0.847003439916917,-6.95580090746509));
#1985=CARTESIAN_POINT('Ctrl Pts',(-1.50627667273326,0.338887572036256,-6.92932961100826));
#1986=CARTESIAN_POINT('Ctrl Pts',(-1.45887252464496,-0.143394520172729,
-6.90285831455143));
#1987=CARTESIAN_POINT('Ctrl Pts',(-1.41146837655666,-0.625676612381729,
-6.87638701809461));
#1988=CARTESIAN_POINT('Ctrl Pts',(-1.10123559673347,-1.08212492891907,-6.84991572163778));
#1989=CARTESIAN_POINT('Ctrl Pts',(-0.67025120604181,-1.30370025403813,-6.82344442518096));
#1990=CARTESIAN_POINT('Ctrl Pts',(-0.239266815350146,-1.52527557915718,
-6.79697312872413));
#1991=CARTESIAN_POINT('Ctrl Pts',(0.312469186209999,-1.51197791285795,-6.77050183226731));
#1992=CARTESIAN_POINT('Ctrl Pts',(0.732278769414576,-1.26989717514617,-6.74403053581048));
#1993=CARTESIAN_POINT('Ctrl Pts',(1.15208835261916,-1.02781643743438,-6.71755923935366));
#1994=CARTESIAN_POINT('Ctrl Pts',(1.43997151746817,-0.55695262831003,-6.69108794289683));
#1995=CARTESIAN_POINT('Ctrl Pts',(1.46408667571083,-0.0729468134023824,
-6.66461664644));
#1996=CARTESIAN_POINT('Ctrl Pts',(1.46528967213942,-0.0488019473023129,
-6.66329611290764));
#1997=CARTESIAN_POINT('Ctrl Pts',(1.46583626556222,-0.0246243765076559,
-6.66197557937527));
#1998=CARTESIAN_POINT('Ctrl Pts',(1.46574008113321,-0.000442365717320259,
-6.66065504584291));
#1999=CARTESIAN_POINT('Ctrl Pts',(1.46585915379323,-0.000227975927380916,
-6.58934495415709));
#2000=CARTESIAN_POINT('Ctrl Pts',(1.46588571371934,-0.0124815158168124,
-6.59001424202123));
#2001=CARTESIAN_POINT('Ctrl Pts',(1.46574536639402,-0.0247344316820522,
-6.59068352988538));
#2002=CARTESIAN_POINT('Ctrl Pts',(1.46543624810293,-0.0369830882889746,
-6.59135281774952));
#2003=CARTESIAN_POINT('Ctrl Pts',(1.45321017564283,-0.521435052250666,-6.61782411420634));
#2004=CARTESIAN_POINT('Ctrl Pts',(1.1769729593185,-0.999224189729502,-6.64429541066317));
#2005=CARTESIAN_POINT('Ctrl Pts',(0.763232703045212,-1.25153784883866,-6.67076670711999));
#2006=CARTESIAN_POINT('Ctrl Pts',(0.349492446771921,-1.50385150794781,-6.69723800357682));
#2007=CARTESIAN_POINT('Ctrl Pts',(-0.201750849450318,-1.5306896886873,-6.72370930003364));
#2008=CARTESIAN_POINT('Ctrl Pts',(-0.638044800207971,-1.31976133410589,
-6.75018059649047));
#2009=CARTESIAN_POINT('Ctrl Pts',(-1.07433875096563,-1.10883297952449,-6.77665189294729));
#2010=CARTESIAN_POINT('Ctrl Pts',(-1.39568335625868,-0.660138089622187,
-6.80312318940412));
#2011=CARTESIAN_POINT('Ctrl Pts',(-1.4549127227294,-0.179165050480058,-6.82959448586094));
#2012=CARTESIAN_POINT('Ctrl Pts',(-1.51414208920011,0.30180798866207,-6.85606578231777));
#2013=CARTESIAN_POINT('Ctrl Pts',(-1.31125621684849,0.815059177044035,-6.88253707877459));
#2014=CARTESIAN_POINT('Ctrl Pts',(-0.939170562049044,1.12553533994001,-6.90900837523142));
#2015=CARTESIAN_POINT('Ctrl Pts',(-0.567084907249593,1.43601150283598,-6.93547967168825));
#2016=CARTESIAN_POINT('Ctrl Pts',(-0.0257994700023068,1.54371264024597,
-6.96195096814507));
#2017=CARTESIAN_POINT('Ctrl Pts',(0.436793755796144,1.3993149613189,-6.9884222646019));
#2018=CARTESIAN_POINT('Ctrl Pts',(0.899386981594596,1.25491728239183,-7.01489356105872));
#2019=CARTESIAN_POINT('Ctrl Pts',(1.2832879959442,0.858420787127721,-7.04136485751554));
#2020=CARTESIAN_POINT('Ctrl Pts',(1.41268200436237,0.391408610820071,-7.06783615397237));
#2021=CARTESIAN_POINT('Ctrl Pts',(1.44772763547586,0.264921019497477,-7.07500575403394));
#2022=CARTESIAN_POINT('Ctrl Pts',(1.46410348751428,0.133260634673211,-7.08217535409551));
#2023=CARTESIAN_POINT('Ctrl Pts',(1.46294796796228,0.00131844088275032,
-7.08934495415708));
#2024=CARTESIAN_POINT('Origin',(0.,0.,0.));
#2025=CARTESIAN_POINT('',(1.46116522236425,-0.000336899757348158,-7.66065504584291));
#2026=CARTESIAN_POINT('',(1.46127104669682,-0.000524202366723162,-7.58934495415709));
#2027=CARTESIAN_POINT('',(1.4635,-1.79227059055215E-16,0.));
#2028=CARTESIAN_POINT('Ctrl Pts',(1.46116522236425,-0.000336899757348158,
-7.66065504584291));
#2029=CARTESIAN_POINT('Ctrl Pts',(1.46061990818358,0.264691689651947,-7.64629780352385));
#2030=CARTESIAN_POINT('Ctrl Pts',(1.39178680493782,0.529984210850606,-7.63194056120478));
#2031=CARTESIAN_POINT('Ctrl Pts',(1.25637049679894,0.7552510882755,-7.61758331888572));
#2032=CARTESIAN_POINT('Ctrl Pts',(1.00669544373718,1.17058894785173,-7.59111202242889));
#2033=CARTESIAN_POINT('Ctrl Pts',(0.530674268556437,1.44986172512905,-7.56464072597207));
#2034=CARTESIAN_POINT('Ctrl Pts',(0.0463099510700865,1.465171123118,-7.53816942951524));
#2035=CARTESIAN_POINT('Ctrl Pts',(-0.438054366416264,1.48048052110696,-7.51169813305842));
#2036=CARTESIAN_POINT('Ctrl Pts',(-0.930761826208216,1.23182653980756,-7.48522683660159));
#2037=CARTESIAN_POINT('Ctrl Pts',(-1.20616764606602,0.833085014366492,-7.45875554014476));
#2038=CARTESIAN_POINT('Ctrl Pts',(-1.48157346592382,0.434343488925432,-7.43228424368794));
#2039=CARTESIAN_POINT('Ctrl Pts',(-1.53967764584749,-0.114485580657305,
-7.40581294723112));
#2040=CARTESIAN_POINT('Ctrl Pts',(-1.35387026799514,-0.562055450126465,
-7.37934165077429));
#2041=CARTESIAN_POINT('Ctrl Pts',(-1.16806289014279,-1.00962531959564,-7.35287035431747));
#2042=CARTESIAN_POINT('Ctrl Pts',(-0.73834395451442,-1.35593598895125,-7.32639905786064));
#2043=CARTESIAN_POINT('Ctrl Pts',(-0.261511446862876,-1.44238787943478,
-7.29992776140381));
#2044=CARTESIAN_POINT('Ctrl Pts',(0.215321060788654,-1.52883976991831,-7.27345646494699));
#2045=CARTESIAN_POINT('Ctrl Pts',(0.739267140463346,-1.35543288152978,-7.24698516849017));
#2046=CARTESIAN_POINT('Ctrl Pts',(1.07037568790529,-1.00158220747006,-7.22051387203334));
#2047=CARTESIAN_POINT('Ctrl Pts',(1.31995128669042,-0.734864556895176,-7.20056092996987));
#2048=CARTESIAN_POINT('Ctrl Pts',(1.45996612841836,-0.365627663642279,-7.18060798790639));
#2049=CARTESIAN_POINT('Ctrl Pts',(1.46330191074833,0.0013403597830236,-7.16065504584291));
#2050=CARTESIAN_POINT('Ctrl Pts',(1.46294796796228,0.00131844088275032,
-7.08934495415708));
#2051=CARTESIAN_POINT('Ctrl Pts',(1.45983712671869,-0.353890795950035,-7.10864665055234));
#2052=CARTESIAN_POINT('Ctrl Pts',(1.32966390287769,-0.711142503818111,-7.1279483469476));
#2053=CARTESIAN_POINT('Ctrl Pts',(1.09464089623197,-0.975003822746254,-7.14725004334285));
#2054=CARTESIAN_POINT('Ctrl Pts',(0.772318777196728,-1.33687622265372,-7.17372133979968));
#2055=CARTESIAN_POINT('Ctrl Pts',(0.252787536639551,-1.52309316511747,-7.2001926362565));
#2056=CARTESIAN_POINT('Ctrl Pts',(-0.226023580994547,-1.44837304825379,
-7.22666393271332));
#2057=CARTESIAN_POINT('Ctrl Pts',(-0.704834698628659,-1.3736529313901,-7.25313522917015));
#2058=CARTESIAN_POINT('Ctrl Pts',(-1.14292569333968,-1.03799575519897,-7.27960652562697));
#2059=CARTESIAN_POINT('Ctrl Pts',(-1.33966443517537,-0.595122127969951,
-7.3060778220838));
#2060=CARTESIAN_POINT('Ctrl Pts',(-1.53640317701106,-0.152248500740942,
-7.33254911854063));
#2061=CARTESIAN_POINT('Ctrl Pts',(-1.49178966597141,0.397841577525938,-7.35902041499745));
#2062=CARTESIAN_POINT('Ctrl Pts',(-1.22625551067782,0.803223859584264,-7.38549171145428));
#2063=CARTESIAN_POINT('Ctrl Pts',(-0.960721355384225,1.20860614164258,-7.4119630079111));
#2064=CARTESIAN_POINT('Ctrl Pts',(-0.474266555836666,1.46928062749236,-7.43843430436792));
#2065=CARTESIAN_POINT('Ctrl Pts',(0.0103276307896652,1.46586646257999,-7.46490560082475));
#2066=CARTESIAN_POINT('Ctrl Pts',(0.494921817416004,1.46245229766763,-7.49137689728157));
#2067=CARTESIAN_POINT('Ctrl Pts',(0.977655391121126,1.19494948199313,-7.5178481937384));
#2068=CARTESIAN_POINT('Ctrl Pts',(1.23745130110729,0.785866034041318,-7.54431949019523));
#2069=CARTESIAN_POINT('Ctrl Pts',(1.38474834794944,0.553927110143266,-7.55932797818252));
#2070=CARTESIAN_POINT('Ctrl Pts',(1.46038042767846,0.276476040891436,-7.5743364661698));
#2071=CARTESIAN_POINT('Ctrl Pts',(1.46127104669682,-0.000524202366723162,
-7.58934495415709));
#2072=CARTESIAN_POINT('Origin',(0.,0.,0.));
#2073=CARTESIAN_POINT('',(1.46453880707279,-0.00117467349420627,-8.16065504584291));
#2074=CARTESIAN_POINT('',(1.46486974613036,-0.00105796618825676,-8.08934495415709));
#2075=CARTESIAN_POINT('',(1.4635,-1.79227059055215E-16,0.));
#2076=CARTESIAN_POINT('Ctrl Pts',(1.46453880707279,-0.00117467349420627,
-8.16065504584291));
#2077=CARTESIAN_POINT('Ctrl Pts',(1.46097758027866,0.40616336344019,-8.13845891559813));
#2078=CARTESIAN_POINT('Ctrl Pts',(1.28365439560997,0.816220385097887,-8.11626278535335));
#2079=CARTESIAN_POINT('Ctrl Pts',(0.981951518132575,1.08841271904337,-8.09406665510858));
#2080=CARTESIAN_POINT('Ctrl Pts',(0.622138063106552,1.41303164521142,-8.06759535865175));
#2081=CARTESIAN_POINT('Ctrl Pts',(0.0854174628166461,1.54156351098307,-8.04112406219492));
#2082=CARTESIAN_POINT('Ctrl Pts',(-0.382408843291472,1.41514469523567,-8.0146527657381));
#2083=CARTESIAN_POINT('Ctrl Pts',(-0.850235149399583,1.28872587948826,-7.98818146928127));
#2084=CARTESIAN_POINT('Ctrl Pts',(-1.24916716132589,0.907356382221788,-7.96171017282445));
#2085=CARTESIAN_POINT('Ctrl Pts',(-1.39650635231003,0.445691641769219,-7.93523887636762));
#2086=CARTESIAN_POINT('Ctrl Pts',(-1.54384554329416,-0.0159730986833491,
-7.9087675799108));
#2087=CARTESIAN_POINT('Ctrl Pts',(-1.43959191333613,-0.557933082322014,
-7.88229628345397));
#2088=CARTESIAN_POINT('Ctrl Pts',(-1.13149040154397,-0.931987394070636,
-7.85582498699714));
#2089=CARTESIAN_POINT('Ctrl Pts',(-0.823388889751802,-1.30604170581926,
-7.82935369054032));
#2090=CARTESIAN_POINT('Ctrl Pts',(-0.311439496125502,-1.51219034567784,
-7.8028823940835));
#2091=CARTESIAN_POINT('Ctrl Pts',(0.16990078639522,-1.45602361052623,-7.77641109762667));
#2092=CARTESIAN_POINT('Ctrl Pts',(0.651241068915942,-1.39985687537463,-7.74993980116984));
#2093=CARTESIAN_POINT('Ctrl Pts',(1.10197224033109,-1.08137476521283,-7.72346850471302));
#2094=CARTESIAN_POINT('Ctrl Pts',(1.31567336056728,-0.646432239194353,-7.69699720825619));
#2095=CARTESIAN_POINT('Ctrl Pts',(1.41346936175912,-0.447389577434447,-7.68488315411843));
#2096=CARTESIAN_POINT('Ctrl Pts',(1.4616253361772,-0.223957189002949,-7.67276909998067));
#2097=CARTESIAN_POINT('Ctrl Pts',(1.46116522236425,-0.000336899757348158,
-7.66065504584291));
#2098=CARTESIAN_POINT('Ctrl Pts',(1.46127104669682,-0.000524202366723162,
-7.58934495415709));
#2099=CARTESIAN_POINT('Ctrl Pts',(1.46195126146833,-0.212084536570526,-7.60080776262663));
#2100=CARTESIAN_POINT('Ctrl Pts',(1.41903315478696,-0.423381894155936,-7.61227057109617));
#2101=CARTESIAN_POINT('Ctrl Pts',(1.33114610276224,-0.613939084252851,-7.6237333795657));
#2102=CARTESIAN_POINT('Ctrl Pts',(1.12818674816382,-1.05399667436609,-7.65020467602253));
#2103=CARTESIAN_POINT('Ctrl Pts',(0.685409792699777,-1.38344777436346,-7.67667597247936));
#2104=CARTESIAN_POINT('Ctrl Pts',(0.205593391460474,-1.45141396695381,-7.70314726893618));
#2105=CARTESIAN_POINT('Ctrl Pts',(-0.27422300977883,-1.51938015954416,-7.729618565393));
#2106=CARTESIAN_POINT('Ctrl Pts',(-0.791078856793398,-1.32586144472748,
-7.75608986184983));
#2107=CARTESIAN_POINT('Ctrl Pts',(-1.10827015266132,-0.95948341037355,-7.78256115830666));
#2108=CARTESIAN_POINT('Ctrl Pts',(-1.42546144852925,-0.593105376019615,
-7.80903245476348));
#2109=CARTESIAN_POINT('Ctrl Pts',(-1.54298819325054,-0.0538680221284165,
-7.83550375122031));
#2110=CARTESIAN_POINT('Ctrl Pts',(-1.40702677162463,0.41127461628655,-7.86197504767714));
#2111=CARTESIAN_POINT('Ctrl Pts',(-1.27106534999873,0.876417254701517,-7.88844634413396));
#2112=CARTESIAN_POINT('Ctrl Pts',(-0.881615762025634,1.26746517764025,-7.91491764059078));
#2113=CARTESIAN_POINT('Ctrl Pts',(-0.417033877357753,1.40533052740529,-7.9413889370476));
#2114=CARTESIAN_POINT('Ctrl Pts',(0.0475480073101279,1.54319587717033,-7.96786023350443));
#2115=CARTESIAN_POINT('Ctrl Pts',(0.587262188672795,1.42787865376166,-7.99433152996126));
#2116=CARTESIAN_POINT('Ctrl Pts',(0.954936259465476,1.1121905800468,-8.02080282641809));
#2117=CARTESIAN_POINT('Ctrl Pts',(1.27227574914875,0.839720204325754,-8.04365020233109));
#2118=CARTESIAN_POINT('Ctrl Pts',(1.46145540254006,0.417985245549941,-8.06649757824409));
#2119=CARTESIAN_POINT('Ctrl Pts',(1.46486974613036,-0.00105796618825676,
-8.08934495415709));
#2120=CARTESIAN_POINT('Origin',(0.,0.,0.));
#2121=CARTESIAN_POINT('',(1.46489897491516,0.00104573543396765,-8.66065504584291));
#2122=CARTESIAN_POINT('',(1.46457040198798,0.00116512349123665,-8.58934495415708));
#2123=CARTESIAN_POINT('',(1.4635,-1.79227059055215E-16,0.));
#2124=CARTESIAN_POINT('Ctrl Pts',(1.46489897491516,0.00104573543396765,
-8.66065504584291));
#2125=CARTESIAN_POINT('Ctrl Pts',(1.46542711943353,0.0664044707559741,-8.65709132412924));
#2126=CARTESIAN_POINT('Ctrl Pts',(1.46143181693074,0.131698240822017,-8.65352760241557));
#2127=CARTESIAN_POINT('Ctrl Pts',(1.45269315110281,0.196350881079044,-8.6499638807019));
#2128=CARTESIAN_POINT('Ctrl Pts',(1.3877824110523,0.676590177092607,-8.62349258424508));
#2129=CARTESIAN_POINT('Ctrl Pts',(1.06115628896533,1.12145509391571,-8.59702128778826));
#2130=CARTESIAN_POINT('Ctrl Pts',(0.622399473435371,1.32721132251357,-8.57054999133143));
#2131=CARTESIAN_POINT('Ctrl Pts',(0.183642657905407,1.53296755111142,-8.5440786948746));
#2132=CARTESIAN_POINT('Ctrl Pts',(-0.367244851067555,1.49961509148403,-8.51760739841778));
#2133=CARTESIAN_POINT('Ctrl Pts',(-0.777973620186408,1.24242830319362,-8.49113610196095));
#2134=CARTESIAN_POINT('Ctrl Pts',(-1.18870238930526,0.985241514903207,-8.46466480550413));
#2135=CARTESIAN_POINT('Ctrl Pts',(-1.45927241857001,0.504220397949778,-8.4381935090473));
#2136=CARTESIAN_POINT('Ctrl Pts',(-1.46577099389892,0.0196577696866552,
-8.41172221259048));
#2137=CARTESIAN_POINT('Ctrl Pts',(-1.47226956922783,-0.464904858576467,
-8.38525091613365));
#2138=CARTESIAN_POINT('Ctrl Pts',(-1.21469669062092,-0.953008998149283,
-8.35877961967683));
#2139=CARTESIAN_POINT('Ctrl Pts',(-0.811012775895697,-1.22111805502128,
-8.33230832322));
#2140=CARTESIAN_POINT('Ctrl Pts',(-0.407328861170483,-1.48922711189328,
-8.30583702676318));
#2141=CARTESIAN_POINT('Ctrl Pts',(0.142466089673026,-1.53734108606447,-8.27936573030635));
#2142=CARTESIAN_POINT('Ctrl Pts',(0.586582990455828,-1.34342525981972,-8.25289443384953));
#2143=CARTESIAN_POINT('Ctrl Pts',(1.03069989123865,-1.14950943357495,-8.2264231373927));
#2144=CARTESIAN_POINT('Ctrl Pts',(1.36913874196075,-0.71356380691422,-8.19995184093587));
#2145=CARTESIAN_POINT('Ctrl Pts',(1.44690501244073,-0.235238000301635,-8.17348054447905));
#2146=CARTESIAN_POINT('Ctrl Pts',(1.4594644173998,-0.157987445909074,-8.169205378267));
#2147=CARTESIAN_POINT('Ctrl Pts',(1.46522473008261,-0.07963149426334,-8.16493021205496));
#2148=CARTESIAN_POINT('Ctrl Pts',(1.46453880707279,-0.00117467349420627,
-8.16065504584291));
#2149=CARTESIAN_POINT('Ctrl Pts',(1.46486974613036,-0.00105796618825676,
-8.08934495415709));
#2150=CARTESIAN_POINT('Ctrl Pts',(1.46541130984987,-0.0675242120079412,
-8.09296887470091));
#2151=CARTESIAN_POINT('Ctrl Pts',(1.46127929771837,-0.133922737519859,-8.09659279524474));
#2152=CARTESIAN_POINT('Ctrl Pts',(1.45224383525052,-0.199647161402128,-8.10021671578856));
#2153=CARTESIAN_POINT('Ctrl Pts',(1.38624338002019,-0.679737905115143,-8.12668801224538));
#2154=CARTESIAN_POINT('Ctrl Pts',(1.05860850933684,-1.12386046852011,-8.15315930870221));
#2155=CARTESIAN_POINT('Ctrl Pts',(0.619385863684179,-1.32862044927902,-8.17963060515904));
#2156=CARTESIAN_POINT('Ctrl Pts',(0.180163218031517,-1.53338043003793,-8.20610190161586));
#2157=CARTESIAN_POINT('Ctrl Pts',(-0.370647202590454,-1.49877782815078,
-8.23257319807269));
#2158=CARTESIAN_POINT('Ctrl Pts',(-0.780791256541865,-1.24065956617493,
-8.25904449452951));
#2159=CARTESIAN_POINT('Ctrl Pts',(-1.19093531049328,-0.982541304199081,
-8.28551579098634));
#2160=CARTESIAN_POINT('Ctrl Pts',(-1.46041299777413,-0.500907382134535,
-8.31198708744317));
#2161=CARTESIAN_POINT('Ctrl Pts',(-1.46581186951586,-0.0163312428213136,
-8.33845838389999));
#2162=CARTESIAN_POINT('Ctrl Pts',(-1.47121074125759,0.468244896491908,-8.36492968035681));
#2163=CARTESIAN_POINT('Ctrl Pts',(-1.2125307974602,0.955763253053805,-8.39140097681364));
#2164=CARTESIAN_POINT('Ctrl Pts',(-0.808239454566777,1.22295549059835,-8.41787227327046));
#2165=CARTESIAN_POINT('Ctrl Pts',(-0.403948111673357,1.49014772814289,-8.44434356972729));
#2166=CARTESIAN_POINT('Ctrl Pts',(0.145954630316094,1.53701384667008,-8.47081486618412));
#2167=CARTESIAN_POINT('Ctrl Pts',(0.589630319289233,1.34209061841717,-8.49728616264095));
#2168=CARTESIAN_POINT('Ctrl Pts',(1.03330600826237,1.14716739016426,-8.52375745909777));
#2169=CARTESIAN_POINT('Ctrl Pts',(1.3707546442192,0.710454815131261,-8.55022875555459));
#2170=CARTESIAN_POINT('Ctrl Pts',(1.44743518395688,0.231953739349742,-8.57670005201141));
#2171=CARTESIAN_POINT('Ctrl Pts',(1.45964486074197,0.155763046162199,-8.5809150193933));
#2172=CARTESIAN_POINT('Ctrl Pts',(1.46524315220897,0.0785128679980842,-8.58512998677519));
#2173=CARTESIAN_POINT('Ctrl Pts',(1.46457040198798,0.00116512349123665,
-8.58934495415708));
#2174=CARTESIAN_POINT('Origin',(0.,0.,0.));
#2175=CARTESIAN_POINT('',(1.46128276606261,0.000540044044346003,-9.16065504584291));
#2176=CARTESIAN_POINT('',(1.46117305843268,0.000354406260232626,-9.08934495415709));
#2177=CARTESIAN_POINT('',(1.4635,-1.79227059055215E-16,0.));
#2178=CARTESIAN_POINT('Ctrl Pts',(1.46128276606261,0.000540044044346003,
-9.16065504584291));
#2179=CARTESIAN_POINT('Ctrl Pts',(1.46198169455824,0.210985692630498,-9.14925243620353));
#2180=CARTESIAN_POINT('Ctrl Pts',(1.41953122692901,0.421162752348558,-9.13784982656414));
#2181=CARTESIAN_POINT('Ctrl Pts',(1.33253626622278,0.61091746460839,-9.12644721692476));
#2182=CARTESIAN_POINT('Ctrl Pts',(1.13057641072174,1.05143532860338,-9.09997592046794));
#2183=CARTESIAN_POINT('Ctrl Pts',(0.688547639494448,1.38188861508914,-9.07350462401111));
#2184=CARTESIAN_POINT('Ctrl Pts',(0.208886580987921,1.4509431165975,-9.04703332755429));
#2185=CARTESIAN_POINT('Ctrl Pts',(-0.270774477518607,1.51999761810585,-9.02056203109746));
#2186=CARTESIAN_POINT('Ctrl Pts',(-0.788067823304363,1.3276533346368,-8.99409073464064));
#2187=CARTESIAN_POINT('Ctrl Pts',(-1.1060896875624,0.961996326169905,-8.96761943818381));
#2188=CARTESIAN_POINT('Ctrl Pts',(-1.42411155182044,0.59633931770301,-8.94114814172699));
#2189=CARTESIAN_POINT('Ctrl Pts',(-1.54286193455077,0.0573695842382739,
-8.91467684527016));
#2190=CARTESIAN_POINT('Ctrl Pts',(-1.4079565220182,-0.408080519244054,-8.88820554881333));
#2191=CARTESIAN_POINT('Ctrl Pts',(-1.27305110948563,-0.873530622726389,
-8.86173425235651));
#2192=CARTESIAN_POINT('Ctrl Pts',(-0.884489901690188,-1.2654610962263,-8.83526295589968));
#2193=CARTESIAN_POINT('Ctrl Pts',(-0.420222080946432,-1.40438036557899,
-8.80879165944286));
#2194=CARTESIAN_POINT('Ctrl Pts',(0.0440457397973105,-1.54329963493167,
-8.78232036298603));
#2195=CARTESIAN_POINT('Ctrl Pts',(0.584020173489373,-1.42920770013711,-8.75584906652921));
#2196=CARTESIAN_POINT('Ctrl Pts',(0.952409711328366,-1.11435489513783,-8.72937777007238));
#2197=CARTESIAN_POINT('Ctrl Pts',(1.27120448159615,-0.841889427669036,-8.70647019532923));
#2198=CARTESIAN_POINT('Ctrl Pts',(1.46150406616479,-0.419079693766847,-8.68356262058607));
#2199=CARTESIAN_POINT('Ctrl Pts',(1.46489897491516,0.00104573543396765,
-8.66065504584291));
#2200=CARTESIAN_POINT('Ctrl Pts',(1.46457040198798,0.00116512349123665,
-8.58934495415708));
#2201=CARTESIAN_POINT('Ctrl Pts',(1.46101807312108,-0.407254847288328,-8.61160128323202));
#2202=CARTESIAN_POINT('Ctrl Pts',(1.28261869009841,-0.818395129693999,-8.63385761230696));
#2203=CARTESIAN_POINT('Ctrl Pts',(0.979478926746026,-1.09063843175098,-8.6561139413819));
#2204=CARTESIAN_POINT('Ctrl Pts',(0.618929686278963,-1.41443995054014,-8.68258523783872));
#2205=CARTESIAN_POINT('Ctrl Pts',(0.0819187618263275,-1.54175341158842,
-8.70905653429555));
#2206=CARTESIAN_POINT('Ctrl Pts',(-0.385619453657267,-1.41427322348114,
-8.73552783075237));
#2207=CARTESIAN_POINT('Ctrl Pts',(-0.853157669140849,-1.28679303537387,
-8.76199912720919));
#2208=CARTESIAN_POINT('Ctrl Pts',(-1.25122317565539,-0.904519198111027,
-8.78847042366602));
#2209=CARTESIAN_POINT('Ctrl Pts',(-1.39751426740042,-0.442521238622324,
-8.81494172012285));
#2210=CARTESIAN_POINT('Ctrl Pts',(-1.54380535914546,0.0194767208663807,
-8.84141301657967));
#2211=CARTESIAN_POINT('Ctrl Pts',(-1.43832203612101,0.56119880258095,-8.86788431303649));
#2212=CARTESIAN_POINT('Ctrl Pts',(-1.1293724213031,0.934552908570701,-8.89435560949332));
#2213=CARTESIAN_POINT('Ctrl Pts',(-0.82042280648517,1.30790701456046,-8.92082690595014));
#2214=CARTESIAN_POINT('Ctrl Pts',(-0.308006899873748,1.51289314482538,-8.94729820240697));
#2215=CARTESIAN_POINT('Ctrl Pts',(0.173204699837679,1.455634245044,-8.9737694988638));
#2216=CARTESIAN_POINT('Ctrl Pts',(0.654416299549106,1.39837534526262,-9.00024079532062));
#2217=CARTESIAN_POINT('Ctrl Pts',(1.10442359236054,1.07887141543494,-9.02671209177745));
#2218=CARTESIAN_POINT('Ctrl Pts',(1.31713707093439,0.643444891707905,-9.05318338823427));
#2219=CARTESIAN_POINT('Ctrl Pts',(1.41399736249164,0.445170949112785,-9.06523724354188));
#2220=CARTESIAN_POINT('Ctrl Pts',(1.46165506664255,0.222860595888811,-9.07729109884948));
#2221=CARTESIAN_POINT('Ctrl Pts',(1.46117305843268,0.000354406260232626,
-9.08934495415709));
#2222=CARTESIAN_POINT('Origin',(0.,0.,0.));
#2223=CARTESIAN_POINT('',(1.46288156111607,-0.00141249584393474,-9.66065504584291));
#2224=CARTESIAN_POINT('',(1.46326620866413,-0.00135480675343012,-9.58934495415709));
#2225=CARTESIAN_POINT('',(1.4635,-1.79227059055215E-16,0.));
#2226=CARTESIAN_POINT('Ctrl Pts',(1.46288156111607,-0.00141249584393474,
-9.66065504584291));
#2227=CARTESIAN_POINT('Ctrl Pts',(1.45980147139712,0.352729225426055,-9.64141354827781));
#2228=CARTESIAN_POINT('Ctrl Pts',(1.33054884466392,0.708963643010567,-9.62217205071272));
#2229=CARTESIAN_POINT('Ctrl Pts',(1.09686617379357,0.972560865581933,-9.60293055314762));
#2230=CARTESIAN_POINT('Ctrl Pts',(0.775379593214074,1.33520208933676,-9.5764592566908));
#2231=CARTESIAN_POINT('Ctrl Pts',(0.256242409069031,1.52251256744028,-9.54998796023397));
#2232=CARTESIAN_POINT('Ctrl Pts',(-0.222744114783732,1.44885914846034,-9.52351666377714));
#2233=CARTESIAN_POINT('Ctrl Pts',(-0.701730638636495,1.37520572948041,-9.49704536732031));
#2234=CARTESIAN_POINT('Ctrl Pts',(-1.14056650219699,1.04058841341701,-9.47057407086349));
#2235=CARTESIAN_POINT('Ctrl Pts',(-1.33830608028069,0.598173022268405,-9.44410277440666));
#2236=CARTESIAN_POINT('Ctrl Pts',(-1.5360456583644,0.155757631119792,-9.41763147794984));
#2237=CARTESIAN_POINT('Ctrl Pts',(-1.49268895097133,-0.394455835114022,
-9.39116018149301));
#2238=CARTESIAN_POINT('Ctrl Pts',(-1.22807744006476,-0.800445256116321,
-9.36468888503619));
#2239=CARTESIAN_POINT('Ctrl Pts',(-0.963465929158199,-1.20643467711861,
-9.33821758857936));
#2240=CARTESIAN_POINT('Ctrl Pts',(-0.477599614738147,-1.46820005288938,
-9.31174629212254));
#2241=CARTESIAN_POINT('Ctrl Pts',(0.00700209273711828,-1.46588271639724,
-9.28527499566572));
#2242=CARTESIAN_POINT('Ctrl Pts',(0.491603800212384,-1.46356537990511,-9.25880369920889));
#2243=CARTESIAN_POINT('Ctrl Pts',(0.974940900742871,-1.19716533115007,-9.23233240275207));
#2244=CARTESIAN_POINT('Ctrl Pts',(1.23566398112073,-0.788674086020443,-9.20586110629524));
#2245=CARTESIAN_POINT('Ctrl Pts',(1.3840796225949,-0.556141967672368,-9.19079241947779));
#2246=CARTESIAN_POINT('Ctrl Pts',(1.46035912358589,-0.277566430782755,-9.17572373266035));
#2247=CARTESIAN_POINT('Ctrl Pts',(1.46128276606261,0.000540044044346003,
-9.16065504584291));
#2248=CARTESIAN_POINT('Ctrl Pts',(1.46117305843268,0.000354406260232626,
-9.08934495415709));
#2249=CARTESIAN_POINT('Ctrl Pts',(1.46059653541809,-0.265782013370035,-9.10376239530631));
#2250=CARTESIAN_POINT('Ctrl Pts',(1.39115035576692,-0.532198600564266,-9.11817983645552));
#2251=CARTESIAN_POINT('Ctrl Pts',(1.25465325207656,-0.758100692145131,-9.13259727760475));
#2252=CARTESIAN_POINT('Ctrl Pts',(1.00403629030862,-1.17287063464478,-9.15906857406157));
#2253=CARTESIAN_POINT('Ctrl Pts',(0.527382702436468,-1.45106140201766,-9.1855398705184));
#2254=CARTESIAN_POINT('Ctrl Pts',(0.0429848004652143,-1.46527197297486,
-9.21201116697523));
#2255=CARTESIAN_POINT('Ctrl Pts',(-0.441413101506032,-1.47948254393206,
-9.23848246343205));
#2256=CARTESIAN_POINT('Ctrl Pts',(-0.933555317576377,-1.22971291847358,
-9.26495375988888));
#2257=CARTESIAN_POINT('Ctrl Pts',(-1.20805537265857,-0.830346541233276,
-9.2914250563457));
#2258=CARTESIAN_POINT('Ctrl Pts',(-1.48255542774075,-0.430980163992974,
-9.31789635280253));
#2259=CARTESIAN_POINT('Ctrl Pts',(-1.53941332183478,0.117982965029163,-9.34436764925936));
#2260=CARTESIAN_POINT('Ctrl Pts',(-1.35259095535018,0.565128399023101,-9.37083894571618));
#2261=CARTESIAN_POINT('Ctrl Pts',(-1.16576858886557,1.01227383301704,-9.39731024217301));
#2262=CARTESIAN_POINT('Ctrl Pts',(-0.735265961802331,1.3576015719828,-9.42378153862983));
#2263=CARTESIAN_POINT('Ctrl Pts',(-0.258237957186391,1.4429741683638,-9.45025283508665));
#2264=CARTESIAN_POINT('Ctrl Pts',(0.218790047429549,1.5283467647448,-9.47672413154348));
#2265=CARTESIAN_POINT('Ctrl Pts',(0.742343429598183,1.35376421854105,-9.5031954280003));
#2266=CARTESIAN_POINT('Ctrl Pts',(1.0726471124586,0.999157185777276,-9.52966672445713));
#2267=CARTESIAN_POINT('Ctrl Pts',(1.3208648891315,0.732675841994037,-9.54955946769045));
#2268=CARTESIAN_POINT('Ctrl Pts',(1.45994924782517,0.364529721455239,-9.56945221092377));
#2269=CARTESIAN_POINT('Ctrl Pts',(1.46326620866413,-0.00135480675343012,
-9.58934495415709));
#2270=CARTESIAN_POINT('Origin',(0.,0.,0.924367114736152));
#2271=CARTESIAN_POINT('',(1.17725231199484,-0.00113670446206446,-9.82563288526385));
#2272=CARTESIAN_POINT('',(1.17950769437659,9.01674316730085E-5,-9.92436711473617));
#2273=CARTESIAN_POINT('',(1.17775,-1.30487598617993E-13,0.924367114736152));
#2274=CARTESIAN_POINT('',(-0.686146643368645,-0.959581918201607,-9.99999999999999));
#2275=CARTESIAN_POINT('Ctrl Pts',(1.17725231199484,-0.00113670446206446,
-9.82563288526385));
#2276=CARTESIAN_POINT('Ctrl Pts',(1.17818365809415,-0.108220763955838,-9.83286268415558));
#2277=CARTESIAN_POINT('Ctrl Pts',(1.11570331912004,-0.606275735433643,-9.86656377950413));
#2278=CARTESIAN_POINT('Ctrl Pts',(0.435965503026486,-1.30478702039684,-9.92468615108285));
#2279=CARTESIAN_POINT('Ctrl Pts',(-0.392058213749833,-1.16734371846426,
-9.97557872376983));
#2280=CARTESIAN_POINT('Ctrl Pts',(-0.686146643368645,-0.959581918201607,
-9.99999999999999));
#2281=CARTESIAN_POINT('',(0.684664424539437,-0.958295198918414,-10.));
#2282=CARTESIAN_POINT('Origin',(0.,0.,-10.));
#2283=CARTESIAN_POINT('Ctrl Pts',(1.17950769437659,9.01674316730388E-5,
-9.92436711473617));
#2284=CARTESIAN_POINT('Ctrl Pts',(1.17818275101635,-0.370664532461307,-9.94957807649078));
#2285=CARTESIAN_POINT('Ctrl Pts',(0.988262203410917,-0.741386464744358,
-9.97478903824539));
#2286=CARTESIAN_POINT('Ctrl Pts',(0.684664424539382,-0.958295198918453,
-10.));
#2287=CARTESIAN_POINT('Origin',(0.,0.,0.924367114736152));
#2288=CARTESIAN_POINT('',(1.1759656834508,0.000434599844956076,-9.32563288526385));
#2289=CARTESIAN_POINT('',(1.17756185668205,-0.00109027923070368,-9.42436711473617));
#2290=CARTESIAN_POINT('',(1.17775,-1.30487598617993E-13,0.924367114736152));
#2291=CARTESIAN_POINT('Ctrl Pts',(1.1759656834508,0.00043459984495604,-9.32563288526385));
#2292=CARTESIAN_POINT('Ctrl Pts',(1.17522238319321,-0.22337127697608,-9.34070157208129));
#2293=CARTESIAN_POINT('Ctrl Pts',(1.00599948059236,-0.841379527339546,-9.38224155535554));
#2294=CARTESIAN_POINT('Ctrl Pts',(0.00665261739003527,-1.39218775784386,
-9.45025283508666));
#2295=CARTESIAN_POINT('Ctrl Pts',(-1.16634851375081,-0.760221571344307,
-9.52966672445712));
#2296=CARTESIAN_POINT('Ctrl Pts',(-1.2710223001509,0.568129456719007,-9.6090806138276));
#2297=CARTESIAN_POINT('Ctrl Pts',(-0.211564278336679,1.37597819739611,-9.68849450319808));
#2298=CARTESIAN_POINT('Ctrl Pts',(0.927658867889991,0.964933797758756,-9.76067859367682));
#2299=CARTESIAN_POINT('Ctrl Pts',(1.17477361321351,0.283858452508029,-9.80639138769875));
#2300=CARTESIAN_POINT('Ctrl Pts',(1.17725231199484,-0.00113670446206446,
-9.82563288526385));
#2301=CARTESIAN_POINT('Ctrl Pts',(1.17756185668205,-0.00109027923070366,
-9.42436711473617));
#2302=CARTESIAN_POINT('Ctrl Pts',(1.17844460407977,-0.0984636372013461,
-9.43094566795968));
#2303=CARTESIAN_POINT('Ctrl Pts',(1.12284968698262,-0.586655554952766,-9.46399551764));
#2304=CARTESIAN_POINT('Ctrl Pts',(0.444355845111866,-1.31932694127874,-9.52351666377713));
#2305=CARTESIAN_POINT('Ctrl Pts',(-0.867945500501819,-1.08870439926594,
-9.60293055314763));
#2306=CARTESIAN_POINT('Ctrl Pts',(-1.38517975035107,0.139597416740558,-9.6823444425181));
#2307=CARTESIAN_POINT('Ctrl Pts',(-0.633832060053796,1.2390973600067,-9.76175833188858));
#2308=CARTESIAN_POINT('Ctrl Pts',(0.698364911910233,1.20546370262362,-9.84117222125905));
#2309=CARTESIAN_POINT('Ctrl Pts',(1.17066050286467,0.426450459993727,-9.89537514887492));
#2310=CARTESIAN_POINT('Ctrl Pts',(1.17957393033028,0.0186247643594521,-9.92310678003395));
#2311=CARTESIAN_POINT('Ctrl Pts',(1.17950769437659,9.01674316730388E-5,
-9.92436711473617));
#2312=CARTESIAN_POINT('Origin',(0.,0.,0.924367114736152));
#2313=CARTESIAN_POINT('',(1.17887582350962,0.000841554429258461,-8.82563288526385));
#2314=CARTESIAN_POINT('',(1.17587739635742,0.000285208044229976,-8.92436711473616));
#2315=CARTESIAN_POINT('',(1.17775,-1.30487598617993E-13,0.924367114736152));
#2316=CARTESIAN_POINT('Ctrl Pts',(1.17887582350962,0.000841554429258469,
-8.82563288526385));
#2317=CARTESIAN_POINT('Ctrl Pts',(1.17614377446228,-0.337253918233009,-8.84854046000701));
#2318=CARTESIAN_POINT('Ctrl Pts',(0.846032564941996,-1.07069867572818,-8.89791933120698));
#2319=CARTESIAN_POINT('Ctrl Pts',(-0.399098065756445,-1.3337840254493,-8.9737694988638));
#2320=CARTESIAN_POINT('Ctrl Pts',(-1.33718066735758,-0.387567185344328,
-9.05318338823426));
#2321=CARTESIAN_POINT('Ctrl Pts',(-1.050487951415,0.913638698334709,-9.13259727760475));
#2322=CARTESIAN_POINT('Ctrl Pts',(0.198385785515325,1.37800524399032,-9.21201116697521));
#2323=CARTESIAN_POINT('Ctrl Pts',(1.06305875904067,0.731590249229832,-9.27635636952827));
#2324=CARTESIAN_POINT('Ctrl Pts',(1.17652814538161,0.169790501875959,-9.31423027562447));
#2325=CARTESIAN_POINT('Ctrl Pts',(1.1759656834508,0.00043459984495604,-9.32563288526385));
#2326=CARTESIAN_POINT('Ctrl Pts',(1.17587739635742,0.000285208044229889,
-8.92436711473616));
#2327=CARTESIAN_POINT('Ctrl Pts',(1.17541344010154,-0.213887780148105,-8.93878455588538));
#2328=CARTESIAN_POINT('Ctrl Pts',(1.01691526703022,-0.821934796676188,-8.97967329349142));
#2329=CARTESIAN_POINT('Ctrl Pts',(0.040824198618435,-1.39161376323862,-9.0470333275543));
#2330=CARTESIAN_POINT('Ctrl Pts',(-1.14732850717626,-0.788608276971981,
-9.12644721692475));
#2331=CARTESIAN_POINT('Ctrl Pts',(-1.28459748859593,0.53672412864294,-9.20586110629525));
#2332=CARTESIAN_POINT('Ctrl Pts',(-0.245257955236706,1.37043047213507,-9.28527499566571));
#2333=CARTESIAN_POINT('Ctrl Pts',(0.914021856009641,0.983860490729014,-9.35811033181269));
#2334=CARTESIAN_POINT('Ctrl Pts',(1.17489253612994,0.293354888584698,-9.40447437150285));
#2335=CARTESIAN_POINT('Ctrl Pts',(1.17756185668205,-0.00109027923070366,
-9.42436711473617));
#2336=CARTESIAN_POINT('Origin',(0.,0.,0.924367114736152));
#2337=CARTESIAN_POINT('',(1.17858597883839,-0.000945317190220401,-8.32563288526385));
#2338=CARTESIAN_POINT('',(1.1786114048113,0.00093763183566669,-8.42436711473617));
#2339=CARTESIAN_POINT('',(1.17775,-1.30487598617993E-13,0.924367114736152));
#2340=CARTESIAN_POINT('Ctrl Pts',(1.17858597883839,-0.000945317190220486,
-8.32563288526385));
#2341=CARTESIAN_POINT('Ctrl Pts',(1.17913797461892,-0.0640833565894955,
-8.3299080514759));
#2342=CARTESIAN_POINT('Ctrl Pts',(1.14579927940751,-0.517580472763694,-8.36065451414477));
#2343=CARTESIAN_POINT('Ctrl Pts',(0.557096303702315,-1.27589319931163,-8.41787227327045));
#2344=CARTESIAN_POINT('Ctrl Pts',(-0.770244324974049,-1.15973419743914,
-8.49728616264094));
#2345=CARTESIAN_POINT('Ctrl Pts',(-1.39208878916117,0.0186695956224777,
-8.57670005201141));
#2346=CARTESIAN_POINT('Ctrl Pts',(-0.738865997292573,1.17997322491915,-8.6561139413819));
#2347=CARTESIAN_POINT('Ctrl Pts',(0.59111233620843,1.26049428947566,-8.73552783075236));
#2348=CARTESIAN_POINT('Ctrl Pts',(1.15220303872453,0.496288514658319,-8.79203414537969));
#2349=CARTESIAN_POINT('Ctrl Pts',(1.17930084722435,0.0534389241084698,-8.82206916355018));
#2350=CARTESIAN_POINT('Ctrl Pts',(1.17887582350962,0.000841554429258469,
-8.82563288526385));
#2351=CARTESIAN_POINT('Ctrl Pts',(1.1786114048113,0.000937631835666612,
-8.42436711473617));
#2352=CARTESIAN_POINT('Ctrl Pts',(1.17575267209994,-0.327737886159239,-8.4466234438111));
#2353=CARTESIAN_POINT('Ctrl Pts',(0.861430187198006,-1.05212736004311,-8.49535106934285));
#2354=CARTESIAN_POINT('Ctrl Pts',(-0.366234912561119,-1.34317971250281,
-8.57054999133144));
#2355=CARTESIAN_POINT('Ctrl Pts',(-1.32726323568543,-0.420276374266439,
-8.6499638807019));
#2356=CARTESIAN_POINT('Ctrl Pts',(-1.07260047444444,0.887574357006596,-8.7293777700724));
#2357=CARTESIAN_POINT('Ctrl Pts',(0.16449792120626,1.38246143917839,-8.80879165944285));
#2358=CARTESIAN_POINT('Ctrl Pts',(1.05368747361736,0.751139323080779,-8.87378810766413));
#2359=CARTESIAN_POINT('Ctrl Pts',(1.17626529192915,0.17934681708771,-8.91231325942856));
#2360=CARTESIAN_POINT('Ctrl Pts',(1.17587739635742,0.000285208044229889,
-8.92436711473616));
#2361=CARTESIAN_POINT('Origin',(0.,0.,0.924367114736152));
#2362=CARTESIAN_POINT('',(1.17587109029006,-0.00027111970570743,-7.82563288526385));
#2363=CARTESIAN_POINT('',(1.17885230167751,-0.000851397115494007,-7.92436711473617));
#2364=CARTESIAN_POINT('',(1.17775,-1.30487598617993E-13,0.924367114736152));
#2365=CARTESIAN_POINT('Ctrl Pts',(1.17587109029006,-0.000271119705707572,
-7.82563288526385));
#2366=CARTESIAN_POINT('Ctrl Pts',(1.17624136637013,-0.180229299178882,-7.83774693940161));
#2367=CARTESIAN_POINT('Ctrl Pts',(1.05280489400984,-0.752945481797688,-7.87633228999619));
#2368=CARTESIAN_POINT('Ctrl Pts',(0.161360117377188,-1.38283139064949,-7.9413889370476));
#2369=CARTESIAN_POINT('Ctrl Pts',(-1.07461200085315,-0.885137723563478,
-8.02080282641809));
#2370=CARTESIAN_POINT('Ctrl Pts',(-1.32630597970465,0.423287361637283,-8.10021671578854));
#2371=CARTESIAN_POINT('Ctrl Pts',(-0.363185698776294,1.34400740004981,-8.17963060515905));
#2372=CARTESIAN_POINT('Ctrl Pts',(0.86283343975882,1.05040486781502,-8.25476932831745));
#2373=CARTESIAN_POINT('Ctrl Pts',(1.17572008553004,0.326859515744185,-8.30343675501907));
#2374=CARTESIAN_POINT('Ctrl Pts',(1.17858597883839,-0.000945317190220486,
-8.32563288526385));
#2375=CARTESIAN_POINT('Ctrl Pts',(1.17885230167751,-0.000851397115494111,
-7.92436711473617));
#2376=CARTESIAN_POINT('Ctrl Pts',(1.17928812447945,-0.0543400346379018,
-7.92799103527999));
#2377=CARTESIAN_POINT('Ctrl Pts',(1.15167339543967,-0.498089286163957,-7.95808625228063));
#2378=CARTESIAN_POINT('Ctrl Pts',(0.588250224068401,-1.26183260392879,-8.01465276573809));
#2379=CARTESIAN_POINT('Ctrl Pts',(-0.741541999138005,-1.1782933875859,-8.09406665510859));
#2380=CARTESIAN_POINT('Ctrl Pts',(-1.39212760801059,-0.0155102955909709,
-8.17348054447904));
#2381=CARTESIAN_POINT('Ctrl Pts',(-0.767610415375016,1.16147927278778,-8.25289443384954));
#2382=CARTESIAN_POINT('Ctrl Pts',(0.559990447716362,1.27462564332836,-8.33230832322));
#2383=CARTESIAN_POINT('Ctrl Pts',(1.14635341572627,0.515778060680642,-8.38946588351556));
#2384=CARTESIAN_POINT('Ctrl Pts',(1.17915279980467,0.0631831433443988,-8.42015214735427));
#2385=CARTESIAN_POINT('Ctrl Pts',(1.1786114048113,0.000937631835666612,
-8.42436711473617));
#2386=CARTESIAN_POINT('Origin',(0.,0.,0.924367114736152));
#2387=CARTESIAN_POINT('',(1.17759058789467,0.00107865304704148,-7.32563288526385));
#2388=CARTESIAN_POINT('',(1.17595625230419,-0.000421851272764812,-7.42436711473616));
#2389=CARTESIAN_POINT('',(1.17775,-1.30487598617993E-13,0.924367114736152));
#2390=CARTESIAN_POINT('Ctrl Pts',(1.17759058789467,0.00107865304704143,
-7.32563288526385));
#2391=CARTESIAN_POINT('Ctrl Pts',(1.1749061207685,-0.294238456340813,-7.34558582732732));
#2392=CARTESIAN_POINT('Ctrl Pts',(0.912742571932922,-0.985596980205576,
-7.39201006584762));
#2393=CARTESIAN_POINT('Ctrl Pts',(-0.248365641266216,-1.36988110817962,
-7.46490560082475));
#2394=CARTESIAN_POINT('Ctrl Pts',(-1.28581315018927,-0.533801728267963,
-7.54431949019522));
#2395=CARTESIAN_POINT('Ctrl Pts',(-1.14553532735679,0.791207024791956,-7.62373337956572));
#2396=CARTESIAN_POINT('Ctrl Pts',(0.0439820162099518,1.39151907086375,-7.70314726893616));
#2397=CARTESIAN_POINT('Ctrl Pts',(1.01790686695655,0.820135459989428,-7.7704471041689));
#2398=CARTESIAN_POINT('Ctrl Pts',(1.17543224930866,0.213010343346437,-7.81127564294479));
#2399=CARTESIAN_POINT('Ctrl Pts',(1.17587109029006,-0.000271119705707572,
-7.82563288526385));
#2400=CARTESIAN_POINT('Ctrl Pts',(1.17595625230419,-0.000421851272765002,
-7.42436711473616));
#2401=CARTESIAN_POINT('Ctrl Pts',(1.17650365438625,-0.170674795316801,-7.4358299232057));
#2402=CARTESIAN_POINT('Ctrl Pts',(1.06220536088724,-0.733395969672283,-7.47376402813206));
#2403=CARTESIAN_POINT('Ctrl Pts',(0.195258506357598,-1.37845346722137,-7.53816942951525));
#2404=CARTESIAN_POINT('Ctrl Pts',(-1.0525590006217,-0.911251554596807,-7.61758331888572));
#2405=CARTESIAN_POINT('Ctrl Pts',(-1.33629755257691,0.39060043080537,-7.6969972082562));
#2406=CARTESIAN_POINT('Ctrl Pts',(-0.396070182091108,1.33468657615778,-7.77641109762667));
#2407=CARTESIAN_POINT('Ctrl Pts',(0.847472603737911,1.06898686656403,-7.85220106645332));
#2408=CARTESIAN_POINT('Ctrl Pts',(1.1761046124644,0.336373162245457,-7.90151973882316));
#2409=CARTESIAN_POINT('Ctrl Pts',(1.17885230167751,-0.000851397115494111,
-7.92436711473617));
#2410=CARTESIAN_POINT('Origin',(0.,0.,0.924367114736152));
#2411=CARTESIAN_POINT('',(1.17955270280467,-0.000355993319874345,-6.82563288526385));
#2412=CARTESIAN_POINT('',(1.17730575283059,0.0010610138362839,-6.92436711473616));
#2413=CARTESIAN_POINT('',(1.17775,-1.30487598617993E-13,0.924367114736152));
#2414=CARTESIAN_POINT('Ctrl Pts',(1.17955270280467,-0.000355993319874264,
-6.82563288526384));
#2415=CARTESIAN_POINT('Ctrl Pts',(1.17963010711712,-0.0198164396528498,
-6.82695341879621));
#2416=CARTESIAN_POINT('Ctrl Pts',(1.17037263317452,-0.42930404467815,-6.8547452487854));
#2417=CARTESIAN_POINT('Ctrl Pts',(0.695468165286143,-1.20606126435568,-6.90900837523142));
#2418=CARTESIAN_POINT('Ctrl Pts',(-0.636558638617086,-1.23816511092332,
-6.98842226460189));
#2419=CARTESIAN_POINT('Ctrl Pts',(-1.38553709390254,-0.136186283177801,
-7.06783615397237));
#2420=CARTESIAN_POINT('Ctrl Pts',(-0.865449251849721,1.09053075829082,-7.14725004334285));
#2421=CARTESIAN_POINT('Ctrl Pts',(0.447336586101395,1.31838906284957,-7.22666393271331));
#2422=CARTESIAN_POINT('Ctrl Pts',(1.12349535954942,0.584837778434192,-7.28612488002033));
#2423=CARTESIAN_POINT('Ctrl Pts',(1.17846756673969,0.097554730173218,-7.3191145308705));
#2424=CARTESIAN_POINT('Ctrl Pts',(1.17759058789467,0.00107865304704143,
-7.32563288526385));
#2425=CARTESIAN_POINT('Ctrl Pts',(1.17730575283059,0.00106101383628393,
-6.92436711473616));
#2426=CARTESIAN_POINT('Ctrl Pts',(1.1748023067939,-0.2847932250976,-6.94366881113141));
#2427=CARTESIAN_POINT('Ctrl Pts',(0.926376976340833,-0.966579931789534,
-6.98944180398349));
#2428=CARTESIAN_POINT('Ctrl Pts',(-0.214661699548386,-1.37556541114027,
-7.06168609329239));
#2429=CARTESIAN_POINT('Ctrl Pts',(-1.27232142422393,-0.565206191613546,
-7.14109998266286));
#2430=CARTESIAN_POINT('Ctrl Pts',(-1.16461340380654,0.762846947461584,-7.22051387203335));
#2431=CARTESIAN_POINT('Ctrl Pts',(0.00980847559311952,1.39217945660314,
-7.29992776140382));
#2432=CARTESIAN_POINT('Ctrl Pts',(1.00702404041879,0.839580702433479,-7.36787884230475));
#2433=CARTESIAN_POINT('Ctrl Pts',(1.1752395276381,0.222493786921548,-7.40935862674887));
#2434=CARTESIAN_POINT('Ctrl Pts',(1.17595625230419,-0.000421851272765002,
-7.42436711473616));
#2435=CARTESIAN_POINT('Origin',(0.,0.,0.924367114736152));
#2436=CARTESIAN_POINT('',(1.17653497626636,-0.000863049499604421,-6.32563288526385));
#2437=CARTESIAN_POINT('',(1.17964852639561,-0.000183463374601595,-6.42436711473617));
#2438=CARTESIAN_POINT('',(1.17775,-1.30487598617993E-13,0.924367114736152));
#2439=CARTESIAN_POINT('Ctrl Pts',(1.17653497626636,-0.000863049499604546,
-6.32563288526385));
#2440=CARTESIAN_POINT('Ctrl Pts',(1.17745701954903,-0.136736950545996,-6.33479230672193));
#2441=CARTESIAN_POINT('Ctrl Pts',(1.09292021352752,-0.664183041450734,-6.37042302463683));
#2442=CARTESIAN_POINT('Ctrl Pts',(0.314071315848641,-1.35632553277848,-6.43252503900856));
#2443=CARTESIAN_POINT('Ctrl Pts',(-0.969563385470079,-0.999102889527166,
-6.51193892837904));
#2444=CARTESIAN_POINT('Ctrl Pts',(-1.36513798284193,0.273236216684366,-6.59135281774951));
#2445=CARTESIAN_POINT('Ctrl Pts',(-0.510330607139754,1.29530784515577,-6.67076670711999));
#2446=CARTESIAN_POINT('Ctrl Pts',(0.789921206200964,1.13369048599245,-6.7488600629581));
#2447=CARTESIAN_POINT('Ctrl Pts',(1.17807846722939,0.370285917793397,-6.80048212233938));
#2448=CARTESIAN_POINT('Ctrl Pts',(1.17955270280467,-0.000355993319874264,
-6.82563288526384));
#2449=CARTESIAN_POINT('Ctrl Pts',(1.17964852639561,-0.000183463374601783,
-6.42436711473617));
#2450=CARTESIAN_POINT('Ctrl Pts',(1.17966990046666,-0.010044485994825,-6.42503640260031));
#2451=CARTESIAN_POINT('Ctrl Pts',(1.17508984465909,-0.409902754343098,-6.45217698692127));
#2452=CARTESIAN_POINT('Ctrl Pts',(0.724866089040913,-1.18862483506636,-6.50578886769904));
#2453=CARTESIAN_POINT('Ctrl Pts',(-0.605971202641552,-1.25341882351717,
-6.58520275706954));
#2454=CARTESIAN_POINT('Ctrl Pts',(-1.38177634555351,-0.170158680198193,
-6.66461664644));
#2455=CARTESIAN_POINT('Ctrl Pts',(-0.891959804052725,1.06895629168466,-6.74403053581049));
#2456=CARTESIAN_POINT('Ctrl Pts',(0.414836759769603,1.3289734039182,-6.82344442518096));
#2457=CARTESIAN_POINT('Ctrl Pts',(1.11640029177314,0.604392141438889,-6.88355661815619));
#2458=CARTESIAN_POINT('Ctrl Pts',(1.17823565590705,0.107241347786938,-6.91719751467459));
#2459=CARTESIAN_POINT('Ctrl Pts',(1.17730575283059,0.00106101383628393,
-6.92436711473616));
#2460=CARTESIAN_POINT('Origin',(0.,0.,0.924367114736152));
#2461=CARTESIAN_POINT('',(1.17643325369477,0.000814290469867344,-5.82563288526384));
#2462=CARTESIAN_POINT('',(1.1767656179153,-0.00095007143132847,-5.92436711473616));
#2463=CARTESIAN_POINT('',(1.17775,-1.30487598617993E-13,0.924367114736152));
#2464=CARTESIAN_POINT('Ctrl Pts',(1.17643325369477,0.000814290469867227,
-5.82563288526384));
#2465=CARTESIAN_POINT('Ctrl Pts',(1.17482769058325,-0.25139908504322,-5.84263119464764));
#2466=CARTESIAN_POINT('Ctrl Pts',(0.971602536754084,-0.898742296984845,
-5.88610080048826));
#2467=CARTESIAN_POINT('Ctrl Pts',(-0.0945548340835117,-1.38899932529039,
-5.95604170278571));
#2468=CARTESIAN_POINT('Ctrl Pts',(-1.21850909401122,-0.673420619017338,
-6.03545559215617));
#2469=CARTESIAN_POINT('Ctrl Pts',(-1.22638437560255,0.658969730400173,-6.11486948152666));
#2470=CARTESIAN_POINT('Ctrl Pts',(-0.110967407921935,1.38778455701338,-6.19428337089713));
#2471=CARTESIAN_POINT('Ctrl Pts',(0.965716280843923,0.908023379789462,-6.26453783880953));
#2472=CARTESIAN_POINT('Ctrl Pts',(1.17479225723916,0.255947055950068,-6.3083210102651));
#2473=CARTESIAN_POINT('Ctrl Pts',(1.17653497626636,-0.000863049499604546,
-6.32563288526385));
#2474=CARTESIAN_POINT('Ctrl Pts',(1.1767656179153,-0.000950071431328661,
-5.92436711473616));
#2475=CARTESIAN_POINT('Ctrl Pts',(1.17772085982325,-0.1271008934558,-5.93287529052602));
#2476=CARTESIAN_POINT('Ctrl Pts',(1.10090892777371,-0.644609499533249,-5.9678547627727));
#2477=CARTESIAN_POINT('Ctrl Pts',(0.347272996176219,-1.34820670214356,-6.02930553147619));
#2478=CARTESIAN_POINT('Ctrl Pts',(-0.944744319458116,-1.0226035480232,-6.10871942084667));
#2479=CARTESIAN_POINT('Ctrl Pts',(-1.3714342608183,0.239641218974917,-6.18813331021715));
#2480=CARTESIAN_POINT('Ctrl Pts',(-0.541975227835662,1.28238944864284,-6.26754719958763));
#2481=CARTESIAN_POINT('Ctrl Pts',(0.772725332378835,1.15165938253155,-6.34629180109396));
#2482=CARTESIAN_POINT('Ctrl Pts',(1.17882452525314,0.379973123966162,-6.39856510614348));
#2483=CARTESIAN_POINT('Ctrl Pts',(1.17964852639561,-0.000183463374601783,
-6.42436711473617));
#2484=CARTESIAN_POINT('Origin',(0.,0.,0.924367114736152));
#2485=CARTESIAN_POINT('',(1.17948747371067,0.000435425030994359,-5.32563288526385));
#2486=CARTESIAN_POINT('',(1.17624359582092,0.00070025758135514,-5.42436711473616));
#2487=CARTESIAN_POINT('',(1.17775,-1.30487598617993E-13,0.924367114736152));
#2488=CARTESIAN_POINT('Ctrl Pts',(1.17948747371067,0.000435425030994281,
-5.32563288526385));
#2489=CARTESIAN_POINT('Ctrl Pts',(1.17775000713789,-0.365639439713187,-5.35047008257336));
#2490=CARTESIAN_POINT('Ctrl Pts',(0.798054401539957,-1.12498432692633,-5.40177857633969));
#2491=CARTESIAN_POINT('Ctrl Pts',(-0.494983285402133,-1.3012498950925,-5.47955836656284));
#2492=CARTESIAN_POINT('Ctrl Pts',(-1.36181271235814,-0.289354244422834,
-5.55897225593333));
#2493=CARTESIAN_POINT('Ctrl Pts',(-0.981305908370782,0.987572000667457,
-5.63838614530379));
#2494=CARTESIAN_POINT('Ctrl Pts',(0.298016424390806,1.35994336393066,-5.71780003467428));
#2495=CARTESIAN_POINT('Ctrl Pts',(1.08896623289585,0.673607866596923,-5.78021561466096));
#2496=CARTESIAN_POINT('Ctrl Pts',(1.17732801788907,0.141370271181641,-5.81615989819081));
#2497=CARTESIAN_POINT('Ctrl Pts',(1.17643325369477,0.000814290469867227,
-5.82563288526384));
#2498=CARTESIAN_POINT('Ctrl Pts',(1.17624359582092,0.000700257581355123,
-5.42436711473616));
#2499=CARTESIAN_POINT('Ctrl Pts',(1.17492897702961,-0.241948385803368,-5.44071417845173));
#2500=CARTESIAN_POINT('Ctrl Pts',(0.983560571238255,-0.879426972233846,
-5.48353253862413));
#2501=CARTESIAN_POINT('Ctrl Pts',(-0.0604279107083899,-1.3909019782808,
-5.55282219525334));
#2502=CARTESIAN_POINT('Ctrl Pts',(-1.20161015704534,-0.703130767399272,
-5.63223608462382));
#2503=CARTESIAN_POINT('Ctrl Pts',(-1.24219180628783,0.628664745289083,-5.71164997399429));
#2504=CARTESIAN_POINT('Ctrl Pts',(-0.145002577271476,1.38464222749512,-5.79106386336477));
#2505=CARTESIAN_POINT('Ctrl Pts',(0.953221100937152,0.927256101043138,-5.86196957694539));
#2506=CARTESIAN_POINT('Ctrl Pts',(1.17474883710558,0.265389328956426,-5.90640399406919));
#2507=CARTESIAN_POINT('Ctrl Pts',(1.1767656179153,-0.000950071431328661,
-5.92436711473616));
#2508=CARTESIAN_POINT('Origin',(0.,0.,0.924367114736152));
#2509=CARTESIAN_POINT('',(1.17773060232813,-0.00107820100847246,-4.82563288526385));
#2510=CARTESIAN_POINT('',(1.17931752276782,0.000590124694896648,-4.92436711473616));
#2511=CARTESIAN_POINT('',(1.17775,-1.30487598617993E-13,0.924367114736152));
#2512=CARTESIAN_POINT('Ctrl Pts',(1.17773060232813,-0.00107820100847249,
-4.82563288526385));
#2513=CARTESIAN_POINT('Ctrl Pts',(1.17857395511137,-0.0928854166824132,
-4.83183767404224));
#2514=CARTESIAN_POINT('Ctrl Pts',(1.12681042588381,-0.575426465283049,-4.86451375927747));
#2515=CARTESIAN_POINT('Ctrl Pts',(0.462889836734375,-1.31300904084997,-4.92366114096951));
#2516=CARTESIAN_POINT('Ctrl Pts',(-0.8524977616523,-1.10068492707202,-5.00307503033999));
#2517=CARTESIAN_POINT('Ctrl Pts',(-1.38705012825023,0.119798514292752,-5.08248891971047));
#2518=CARTESIAN_POINT('Ctrl Pts',(-0.651150351612369,1.23055392482443,-5.16190280908094));
#2519=CARTESIAN_POINT('Ctrl Pts',(0.681162880405261,1.21419803683902,-5.24131669845142));
#2520=CARTESIAN_POINT('Ctrl Pts',(1.16801326961625,0.438653046299933,-5.29589339051239));
#2521=CARTESIAN_POINT('Ctrl Pts',(1.1796017858293,0.0245203737825891,-5.32399878611653));
#2522=CARTESIAN_POINT('Ctrl Pts',(1.17948747371067,0.000435425030994281,
-5.32563288526385));
#2523=CARTESIAN_POINT('Ctrl Pts',(1.17931752276782,0.000590124694896631,
-4.92436711473616));
#2524=CARTESIAN_POINT('Ctrl Pts',(1.17712974312528,-0.3560222252944,-4.94855306637745));
#2525=CARTESIAN_POINT('Ctrl Pts',(0.814644024368336,-1.106795144794,-4.99921031447555));
#2526=CARTESIAN_POINT('Ctrl Pts',(-0.462889849066067,-1.31300907582911,
-5.07633885903049));
#2527=CARTESIAN_POINT('Ctrl Pts',(-1.35429900554584,-0.322698077396746,
-5.15575274840096));
#2528=CARTESIAN_POINT('Ctrl Pts',(-1.00525402187978,0.963184404500271,-5.23516663777144));
#2529=CARTESIAN_POINT('Ctrl Pts',(0.264541481599627,1.3668495345469,-5.31458052714192));
#2530=CARTESIAN_POINT('Ctrl Pts',(1.08052783928497,0.693181335430707,-5.37764735279682));
#2531=CARTESIAN_POINT('Ctrl Pts',(1.17705777914098,0.150979927540529,-5.4142428819949));
#2532=CARTESIAN_POINT('Ctrl Pts',(1.17624359582092,0.000700257581355123,
-5.42436711473616));
#2533=CARTESIAN_POINT('Origin',(0.,0.,0.924367114736152));
#2534=CARTESIAN_POINT('',(1.17584354654297,0.000196305932596555,-4.32563288526385));
#2535=CARTESIAN_POINT('',(1.1780236758608,-0.0010583490490404,-4.42436711473616));
#2536=CARTESIAN_POINT('',(1.17775,-1.30487598617993E-13,0.924367114736152));
#2537=CARTESIAN_POINT('Ctrl Pts',(1.17584354654297,0.000196305932596529,
-4.32563288526385));
#2538=CARTESIAN_POINT('Ctrl Pts',(1.17553314814016,-0.20843923233573,-4.33967656196796));
#2539=CARTESIAN_POINT('Ctrl Pts',(1.02302450530626,-0.810761276850393,-4.38019153512889));
#2540=CARTESIAN_POINT('Ctrl Pts',(0.0604279090984646,-1.39090194122653,
-4.44717780474666));
#2541=CARTESIAN_POINT('Ctrl Pts',(-1.13610253475009,-0.804692968056856,
-4.52659169411714));
#2542=CARTESIAN_POINT('Ctrl Pts',(-1.2920333125796,0.518565002184222,-4.6060055834876));
#2543=CARTESIAN_POINT('Ctrl Pts',(-0.264541474552025,1.36684949813342,-4.68541947285809));
#2544=CARTESIAN_POINT('Ctrl Pts',(0.906041971316043,0.994723657703122,-4.75862857345016));
#2545=CARTESIAN_POINT('Ctrl Pts',(1.17497598548822,0.298788838441568,-4.80536637758542));
#2546=CARTESIAN_POINT('Ctrl Pts',(1.17773060232813,-0.00107820100847249,
-4.82563288526385));
#2547=CARTESIAN_POINT('Ctrl Pts',(1.1780236758608,-0.00105834904904067,
-4.42436711473616));
#2548=CARTESIAN_POINT('Ctrl Pts',(1.17878268558382,-0.0831772521813205,
-4.42992065784633));
#2549=CARTESIAN_POINT('Ctrl Pts',(1.13348839916317,-0.55588929234842,-4.46194549741333));
#2550=CARTESIAN_POINT('Ctrl Pts',(0.494983298588628,-1.30124992975843,-4.52044163343715));
#2551=CARTESIAN_POINT('Ctrl Pts',(-0.825220243535099,-1.12128114014188,
-4.59985552280763));
#2552=CARTESIAN_POINT('Ctrl Pts',(-1.38957307364217,0.0857118345776113,
-4.67926941217811));
#2553=CARTESIAN_POINT('Ctrl Pts',(-0.681162898551672,1.21419806918587,-4.75868330154858));
#2554=CARTESIAN_POINT('Ctrl Pts',(0.651150368959404,1.23055395760692,-4.83809719091906));
#2555=CARTESIAN_POINT('Ctrl Pts',(1.16292769713187,0.458085403733659,-4.89332512864825));
#2556=CARTESIAN_POINT('Ctrl Pts',(1.1795242473548,0.0342866356816781,-4.92208176992062));
#2557=CARTESIAN_POINT('Ctrl Pts',(1.17931752276782,0.000590124694896631,
-4.92436711473616));
#2558=CARTESIAN_POINT('Origin',(0.,0.,0.924367114736152));
#2559=CARTESIAN_POINT('',(1.17845163840015,0.000981982856104392,-3.82563288526384));
#2560=CARTESIAN_POINT('',(1.17581439691633,3.82973346812819E-5,-3.92436711473616));
#2561=CARTESIAN_POINT('',(1.17775,-1.30487598617993E-13,0.924367114736152));
#2562=CARTESIAN_POINT('Ctrl Pts',(1.17845163840015,0.000981982856104431,
-3.82563288526384));
#2563=CARTESIAN_POINT('Ctrl Pts',(1.17556008656592,-0.322287395012383,-3.84751544989367));
#2564=CARTESIAN_POINT('Ctrl Pts',(0.870088325839537,-1.04141767946651,-3.89586931098033));
#2565=CARTESIAN_POINT('Ctrl Pts',(-0.34727298692479,-1.34820666622668,-3.9706944685238));
#2566=CARTESIAN_POINT('Ctrl Pts',(-1.32120968724264,-0.438935877597111,
-4.05010835789428));
#2567=CARTESIAN_POINT('Ctrl Pts',(-1.08500001675933,0.872373031413741,-4.12952224726475));
#2568=CARTESIAN_POINT('Ctrl Pts',(0.145002573408634,1.3846421906076,-4.20893613663523));
#2569=CARTESIAN_POINT('Ctrl Pts',(1.04816311489393,0.762352968180479,-4.27430634930159));
#2570=CARTESIAN_POINT('Ctrl Pts',(1.17611822627273,0.184823394061322,-4.31320526551113));
#2571=CARTESIAN_POINT('Ctrl Pts',(1.17584354654297,0.000196305932596529,
-4.32563288526385));
#2572=CARTESIAN_POINT('Ctrl Pts',(1.17581486295503,3.82881137619973E-5,
-3.92436711473616));
#2573=CARTESIAN_POINT('Ctrl Pts',(1.17575720784048,-0.19893434531675,-3.93775954577205));
#2574=CARTESIAN_POINT('Ctrl Pts',(1.03340237735084,-0.791271027121769,-3.97762327326476));
#2575=CARTESIAN_POINT('Ctrl Pts',(0.0945548366024085,-1.38899936229399,
-4.0439582972143));
#2576=CARTESIAN_POINT('Ctrl Pts',(-1.11600583638869,-0.832340566549765,
-4.12337218658477));
#2577=CARTESIAN_POINT('Ctrl Pts',(-1.30437417629356,0.486690716776591,-4.20278607595525));
#2578=CARTESIAN_POINT('Ctrl Pts',(-0.298016432330011,1.35994340016021,-4.28219996532573));
#2579=CARTESIAN_POINT('Ctrl Pts',(0.891840829952963,1.01361256585934,-4.35606031158603));
#2580=CARTESIAN_POINT('Ctrl Pts',(1.17516482019715,0.308247426874839,-4.40344936138951));
#2581=CARTESIAN_POINT('Ctrl Pts',(1.1780236758608,-0.00105834904904067,
-4.42436711473616));
#2582=CARTESIAN_POINT('Origin',(0.,0.,0.924367114736152));
#2583=CARTESIAN_POINT('',(1.17899502378429,-0.000787174026954176,-3.32563288526385));
#2584=CARTESIAN_POINT('',(1.17816437148739,0.00103964829619642,-3.42436711473616));
#2585=CARTESIAN_POINT('',(1.17775,-1.30487598617993E-13,0.924367114736152));
#2586=CARTESIAN_POINT('Ctrl Pts',(1.17899502378429,-0.00078717402695422,
-3.32563288526385));
#2587=CARTESIAN_POINT('Ctrl Pts',(1.17936408448471,-0.0487439142505862,
-3.32888304136256));
#2588=CARTESIAN_POINT('Ctrl Pts',(1.15492581977899,-0.486911014099043,-3.3586044939181));
#2589=CARTESIAN_POINT('Ctrl Pts',(0.605971186498111,-1.25341879012556,-3.41479724293047));
#2590=CARTESIAN_POINT('Ctrl Pts',(-0.724866069730228,-1.1886248034008,-3.49421113230095));
#2591=CARTESIAN_POINT('Ctrl Pts',(-1.39177083131297,-0.0351240005145042,
-3.57362502167142));
#2592=CARTESIAN_POINT('Ctrl Pts',(-0.783899577579533,1.15054821479865,-3.6530389110419));
#2593=CARTESIAN_POINT('Ctrl Pts',(0.541975213397277,1.28238941447936,-3.73245280041237));
#2594=CARTESIAN_POINT('Ctrl Pts',(1.14287608971232,0.526971364801399,-3.78998412515302));
#2595=CARTESIAN_POINT('Ctrl Pts',(1.17905799127312,0.0687709512888683,-3.82104415343685));
#2596=CARTESIAN_POINT('Ctrl Pts',(1.17845163840015,0.000981982856104431,
-3.82563288526384));
#2597=CARTESIAN_POINT('Ctrl Pts',(1.17816437148739,0.00103964829619641,
-3.42436711473616));
#2598=CARTESIAN_POINT('Ctrl Pts',(1.17527768991647,-0.312806360870131,-3.44559843369776));
#2599=CARTESIAN_POINT('Ctrl Pts',(0.884865165444815,-1.02267358717031,-3.49330104911619));
#2600=CARTESIAN_POINT('Ctrl Pts',(-0.314071324215733,-1.3563255689116,-3.56747496099144));
#2601=CARTESIAN_POINT('Ctrl Pts',(-1.31003614870767,-0.471237874811849,
-3.64688885036192));
#2602=CARTESIAN_POINT('Ctrl Pts',(-1.10608887273242,0.845474571584232,-3.72630273973239));
#2603=CARTESIAN_POINT('Ctrl Pts',(0.110967410878245,1.3877845939846,-3.80571662910287));
#2604=CARTESIAN_POINT('Ctrl Pts',(1.03827946426115,0.781877751086175,-3.87173808743746));
#2605=CARTESIAN_POINT('Ctrl Pts',(1.17587116815324,0.194352247104037,-3.91128824931522));
#2606=CARTESIAN_POINT('Ctrl Pts',(1.17581486295503,3.82881137619973E-5,
-3.92436711473616));
#2607=CARTESIAN_POINT('Origin',(0.,0.,0.924367114736152));
#2608=CARTESIAN_POINT('',(1.17602167397708,-0.000504530445079638,-2.82563288526385));
#2609=CARTESIAN_POINT('',(1.1792210032004,-0.000658765907973757,-2.92436711473616));
#2610=CARTESIAN_POINT('',(1.17775,-1.30487598617993E-13,0.924367114736152));
#2611=CARTESIAN_POINT('Ctrl Pts',(1.17602167397708,-0.000504530445079726,
-2.82563288526384));
#2612=CARTESIAN_POINT('Ctrl Pts',(1.17665704550974,-0.165183177164791,-2.83672192928828));
#2613=CARTESIAN_POINT('Ctrl Pts',(1.06745560969398,-0.722170529296243,-2.87428226976953));
#2614=CARTESIAN_POINT('Ctrl Pts',(0.214661693829604,-1.37556537449458,-2.93831390670761));
#2615=CARTESIAN_POINT('Ctrl Pts',(-1.03961483968357,-0.925991753427266,
-3.01772779607809));
#2616=CARTESIAN_POINT('Ctrl Pts',(-1.3416684691248,0.371733051075626,-3.09714168544856));
#2617=CARTESIAN_POINT('Ctrl Pts',(-0.414836748718067,1.32897336851377,-3.17655557481905));
#2618=CARTESIAN_POINT('Ctrl Pts',(0.838476784529924,1.07959793039256,-3.2527193080908));
#2619=CARTESIAN_POINT('Ctrl Pts',(1.17635822417684,0.34184566022071,-3.30241174490574));
#2620=CARTESIAN_POINT('Ctrl Pts',(1.17899502378429,-0.00078717402695422,
-3.32563288526385));
#2621=CARTESIAN_POINT('Ctrl Pts',(1.1792210032004,-0.000658765907973979,
-2.92436711473616));
#2622=CARTESIAN_POINT('Ctrl Pts',(1.17947802704376,-0.0389869520333445,
-2.92696602516665));
#2623=CARTESIAN_POINT('Ctrl Pts',(1.16038881698555,-0.467449053031765,-2.95603623205397));
#2624=CARTESIAN_POINT('Ctrl Pts',(0.636558655575226,-1.23816514390866,-3.01157773539811));
#2625=CARTESIAN_POINT('Ctrl Pts',(-0.695468183813815,-1.20606129648567,
-3.09099162476858));
#2626=CARTESIAN_POINT('Ctrl Pts',(-1.3904891741113,-0.069279883496384,-3.17040551413906));
#2627=CARTESIAN_POINT('Ctrl Pts',(-0.811908067832536,1.1309576185545,-3.24981940350953));
#2628=CARTESIAN_POINT('Ctrl Pts',(0.51033062073528,1.29530787966334,-3.32923329288001));
#2629=CARTESIAN_POINT('Ctrl Pts',(1.13660509289662,0.546487282383997,-3.38741586328889));
#2630=CARTESIAN_POINT('Ctrl Pts',(1.17887681646054,0.0784981438315735,-3.41912713724094));
#2631=CARTESIAN_POINT('Ctrl Pts',(1.17816437148739,0.00103964829619641,
-3.42436711473616));
#2632=CARTESIAN_POINT('Origin',(0.,0.,0.924367114736152));
#2633=CARTESIAN_POINT('',(1.17714759521476,0.00103984994560842,-2.32563288526384));
#2634=CARTESIAN_POINT('',(1.17616340517754,-0.000639819890340398,-2.42436711473616));
#2635=CARTESIAN_POINT('',(1.17775,-1.30487598617993E-13,0.924367114736152));
#2636=CARTESIAN_POINT('Ctrl Pts',(1.17714759521476,0.00103984994560847,
-2.32563288526384));
#2637=CARTESIAN_POINT('Ctrl Pts',(1.1747665882932,-0.279374575209519,-2.34456081721399));
#2638=CARTESIAN_POINT('Ctrl Pts',(0.934031318075976,-0.955630092549447,
-2.38996004562096));
#2639=CARTESIAN_POINT('Ctrl Pts',(-0.195258501155916,-1.37845343049874,
-2.46183057048476));
#2640=CARTESIAN_POINT('Ctrl Pts',(-1.26423126249231,-0.583077230939159,
-2.54124445985523));
#2641=CARTESIAN_POINT('Ctrl Pts',(-1.17524636658912,0.746361655044379,-2.62065834922571));
#2642=CARTESIAN_POINT('Ctrl Pts',(-0.00980847533172089,1.39217941951484,
-2.70007223859618));
#2643=CARTESIAN_POINT('Ctrl Pts',(1.00062171237715,0.850724447926295,-2.76839708394223));
#2644=CARTESIAN_POINT('Ctrl Pts',(1.17514031348448,0.227930716857293,-2.81025063283145));
#2645=CARTESIAN_POINT('Ctrl Pts',(1.17602167397708,-0.000504530445079726,
-2.82563288526384));
#2646=CARTESIAN_POINT('Ctrl Pts',(1.17616340517754,-0.000639819890340416,
-2.42436711473616));
#2647=CARTESIAN_POINT('Ctrl Pts',(1.17692721923642,-0.155600383587838,-2.43480491309237));
#2648=CARTESIAN_POINT('Ctrl Pts',(1.07635469753681,-0.702604424402074,-2.4717140079054));
#2649=CARTESIAN_POINT('Ctrl Pts',(0.248365647882704,-1.3698811446739,-2.53509439917525));
#2650=CARTESIAN_POINT('Ctrl Pts',(-1.01656946337682,-0.951234130856899,
-2.61450828854572));
#2651=CARTESIAN_POINT('Ctrl Pts',(-1.35038981015023,0.338684523147928,-2.69392217791621));
#2652=CARTESIAN_POINT('Ctrl Pts',(-0.447336598018566,1.31838909797209,-2.77333606728668));
#2653=CARTESIAN_POINT('Ctrl Pts',(0.822486854538363,1.0979877113756,-2.85015104622667));
#2654=CARTESIAN_POINT('Ctrl Pts',(1.17686010136451,0.351406177977441,-2.90049472870982));
#2655=CARTESIAN_POINT('Ctrl Pts',(1.1792210032004,-0.000658765907973979,
-2.92436711473616));
#2656=CARTESIAN_POINT('Origin',(0.,0.,0.924367114736152));
#2657=CARTESIAN_POINT('',(1.17967662849321,-8.13975736246415E-5,-1.82563288526384));
#2658=CARTESIAN_POINT('',(1.17688501717051,0.000984603541746287,-1.92436711473616));
#2659=CARTESIAN_POINT('',(1.17775,-1.30487598617993E-13,0.924367114736152));
#2660=CARTESIAN_POINT('Ctrl Pts',(1.17967662849321,-8.1397573624656E-5,
-1.82563288526384));
#2661=CARTESIAN_POINT('Ctrl Pts',(1.17968096489607,-0.00443524320880132,
-1.82592840868288));
#2662=CARTESIAN_POINT('Ctrl Pts',(1.17768673543736,-0.398777576742689,-1.85269522855874));
#2663=CARTESIAN_POINT('Ctrl Pts',(0.741541979382803,-1.17829335619395,-1.90593334489143));
#2664=CARTESIAN_POINT('Ctrl Pts',(-0.588250208397176,-1.26183257031389,
-1.9853472342619));
#2665=CARTESIAN_POINT('Ctrl Pts',(-1.37924158250212,-0.189611179573407,
-2.06476112363238));
#2666=CARTESIAN_POINT('Ctrl Pts',(-0.906932958284506,1.05628232553142,-2.14417501300285));
#2667=CARTESIAN_POINT('Ctrl Pts',(0.396070171539697,1.33468654060124,-2.22358890237333));
#2668=CARTESIAN_POINT('Ctrl Pts',(1.11219869304132,0.615618965390872,-2.28407485979366));
#2669=CARTESIAN_POINT('Ctrl Pts',(1.17809649988906,0.112793644678582,-2.31808952075716));
#2670=CARTESIAN_POINT('Ctrl Pts',(1.17714759521476,0.00103984994560847,
-2.32563288526384));
#2671=CARTESIAN_POINT('Ctrl Pts',(1.17688501717051,0.000984603541746235,
-1.92436711473616));
#2672=CARTESIAN_POINT('Ctrl Pts',(1.1747433741069,-0.269934643983214,-1.94264380101808));
#2673=CARTESIAN_POINT('Ctrl Pts',(0.947073760721783,-0.93649407447273,-1.98739178375682));
#2674=CARTESIAN_POINT('Ctrl Pts',(-0.161360121675992,-1.38283142748861,
-2.0586110629524));
#2675=CARTESIAN_POINT('Ctrl Pts',(-1.24953637984383,-0.613937033428629,
-2.13802495232287));
#2676=CARTESIAN_POINT('Ctrl Pts',(-1.19321458452478,0.717285717704051,-2.21743884169334));
#2677=CARTESIAN_POINT('Ctrl Pts',(-0.0439820173815888,1.39151910793444,
-2.29685273106383));
#2678=CARTESIAN_POINT('Ctrl Pts',(0.989190635275546,0.870109317302617,-2.36582882207809));
#2679=CARTESIAN_POINT('Ctrl Pts',(1.17499011069107,0.237395043298765,-2.40833361663554));
#2680=CARTESIAN_POINT('Ctrl Pts',(1.17616340517754,-0.000639819890340416,
-2.42436711473616));
#2681=CARTESIAN_POINT('Origin',(0.,0.,0.924367114736152));
#2682=CARTESIAN_POINT('',(1.17690846869347,-0.000990651254272401,-1.32563288526384));
#2683=CARTESIAN_POINT('',(1.17967354681072,9.79239640187574E-5,-1.42436711473616));
#2684=CARTESIAN_POINT('',(1.17775,-1.30487598617993E-13,0.924367114736152));
#2685=CARTESIAN_POINT('Ctrl Pts',(1.17690846869347,-0.000990651254272612,
-1.32563288526384));
#2686=CARTESIAN_POINT('Ctrl Pts',(1.17786887073636,-0.121562705609031,-1.33376729660859));
#2687=CARTESIAN_POINT('Ctrl Pts',(1.10535912761648,-0.633377272391824,-1.36837300441017));
#2688=CARTESIAN_POINT('Ctrl Pts',(0.366234902803039,-1.34317967665811,-1.42945000866857));
#2689=CARTESIAN_POINT('Ctrl Pts',(-0.930241898202431,-1.03581358569483,
-1.50886389803904));
#2690=CARTESIAN_POINT('Ctrl Pts',(-1.37467465639358,0.220293757919096,-1.58827778740952));
#2691=CARTESIAN_POINT('Ctrl Pts',(-0.559990432797436,1.27462560936138,-1.66769167677999));
#2692=CARTESIAN_POINT('Ctrl Pts',(0.762669985397084,1.16190029415874,-1.74681004273144));
#2693=CARTESIAN_POINT('Ctrl Pts',(1.17929253474725,0.385557329672197,-1.79945711222605));
#2694=CARTESIAN_POINT('Ctrl Pts',(1.17967662849321,-8.1397573624656E-5,
-1.82563288526384));
#2695=CARTESIAN_POINT('Ctrl Pts',(1.17967354681072,9.79239640187758E-5,
-1.42436711473616));
#2696=CARTESIAN_POINT('Ctrl Pts',(1.17921518690824,-0.384656664287455,-1.45048268894379));
#2697=CARTESIAN_POINT('Ctrl Pts',(0.764298728045343,-1.16025454466308,-1.50306955960825));
#2698=CARTESIAN_POINT('Ctrl Pts',(-0.557096318544919,-1.2758932332964,-1.58212772672954));
#2699=CARTESIAN_POINT('Ctrl Pts',(-1.37417120830736,-0.223412928259997,
-1.66154161610001));
#2700=CARTESIAN_POINT('Ctrl Pts',(-0.932590247472401,1.03369979879731,-1.74095550547049));
#2701=CARTESIAN_POINT('Ctrl Pts',(0.363185708452004,1.34400743585386,-1.82036939484097));
#2702=CARTESIAN_POINT('Ctrl Pts',(1.10464897450315,0.63518622180851,-1.88150659792952));
#2703=CARTESIAN_POINT('Ctrl Pts',(1.17784525305624,0.122455070786234,-1.91617250456125));
#2704=CARTESIAN_POINT('Ctrl Pts',(1.17688501717051,0.000984603541746235,
-1.92436711473616));
#2705=CARTESIAN_POINT('Origin',(0.,0.,0.924367114736152));
#2706=CARTESIAN_POINT('',(1.17614860339042,0.000629304974093948,-0.825632885263843));
#2707=CARTESIAN_POINT('',(1.17717276185795,-0.00104376471193698,-0.924367114736159));
#2708=CARTESIAN_POINT('',(1.17775,-1.30487598617993E-13,0.924367114736152));
#2709=CARTESIAN_POINT('Ctrl Pts',(1.17614860339042,0.000629304974093855,
-0.825632885263843));
#2710=CARTESIAN_POINT('Ctrl Pts',(1.17500253936119,-0.236519782289221,-0.841606184534307));
#2711=CARTESIAN_POINT('Ctrl Pts',(0.990262457771645,-0.868321641141061,
-0.884050780261596));
#2712=CARTESIAN_POINT('Ctrl Pts',(-0.0408241974429976,-1.39161372415714,
-0.952966672445712));
#2713=CARTESIAN_POINT('Ctrl Pts',(-1.19158350366806,-0.719992611732225,
-1.03238056181619));
#2714=CARTESIAN_POINT('Ctrl Pts',(-1.25092649554098,0.611100125236555,-1.11179445118666));
#2715=CARTESIAN_POINT('Ctrl Pts',(-0.164497916825793,1.38246140199076,-1.19120834055714));
#2716=CARTESIAN_POINT('Ctrl Pts',(0.945883733769341,0.938265906731994,-1.26248781858287));
#2717=CARTESIAN_POINT('Ctrl Pts',(1.17474349557182,0.270807247171069,-1.30729600015177));
#2718=CARTESIAN_POINT('Ctrl Pts',(1.17690846869347,-0.000990651254272612,
-1.32563288526384));
#2719=CARTESIAN_POINT('Ctrl Pts',(1.17717276185795,-0.00104376471193697,
-0.924367114736159));
#2720=CARTESIAN_POINT('Ctrl Pts',(1.17811922022265,-0.111899778193519,-0.931850280412682));
#2721=CARTESIAN_POINT('Ctrl Pts',(1.11288195949231,-0.61381086281696,-0.965804742546031));
#2722=CARTESIAN_POINT('Ctrl Pts',(0.39909807644806,-1.3337840613352,-1.02623050113621));
#2723=CARTESIAN_POINT('Ctrl Pts',(-0.904533436232092,-1.05833797991581,
-1.10564439050668));
#2724=CARTESIAN_POINT('Ctrl Pts',(-1.37966840018151,0.186480650763816,-1.18505827987716));
#2725=CARTESIAN_POINT('Ctrl Pts',(-0.591112351967765,1.26049432311649,-1.26447216924764));
#2726=CARTESIAN_POINT('Ctrl Pts',(0.738866016983177,1.17997325632062,-1.34388605861811));
#2727=CARTESIAN_POINT('Ctrl Pts',(1.17727390048422,0.400568935857115,-1.39718437378095));
#2728=CARTESIAN_POINT('Ctrl Pts',(1.17967979016628,0.00533869586629789,
-1.42401139248697));
#2729=CARTESIAN_POINT('Ctrl Pts',(1.17967354681072,9.79239640187758E-5,
-1.42436711473616));
#2730=CARTESIAN_POINT('Origin',(0.,0.,0.924367114736152));
#2731=CARTESIAN_POINT('',(1.1791876024052,0.000754126964972285,-0.325632885263843));
#2732=CARTESIAN_POINT('',(1.17600717786565,0.000500489354766723,-0.424367114736159));
#2733=CARTESIAN_POINT('',(1.17775,-1.30487598617993E-13,0.924367114736152));
#2734=CARTESIAN_POINT('Ctrl Pts',(1.1791876024052,0.000754126964972184,
-0.325632885263843));
#2735=CARTESIAN_POINT('Ctrl Pts',(1.17679285642517,-0.350415947337868,-0.349445072460022));
#2736=CARTESIAN_POINT('Ctrl Pts',(0.824004117013392,-1.09642665938268,-0.399728556113025));
#2737=CARTESIAN_POINT('Ctrl Pts',(-0.444355822139802,-1.31932685370534,
-0.476483336222855));
#2738=CARTESIAN_POINT('Ctrl Pts',(-1.34961114622895,-0.341787245296383,
-0.55589722559333));
#2739=CARTESIAN_POINT('Ctrl Pts',(-1.01872902409923,0.948945134622521,-0.635311114963807));
#2740=CARTESIAN_POINT('Ctrl Pts',(0.2452579475889,1.37043042492238,-0.714725004334283));
#2741=CARTESIAN_POINT('Ctrl Pts',(1.07554484297823,0.704415697008801,-0.778165594434295));
#2742=CARTESIAN_POINT('Ctrl Pts',(1.17690182141699,0.156488805800073,-0.815134888077482));
#2743=CARTESIAN_POINT('Ctrl Pts',(1.17614860339042,0.000629304974093855,
-0.825632885263843));
#2744=CARTESIAN_POINT('Ctrl Pts',(1.17600717786565,0.000500489354766688,
-0.424367114736159));
#2745=CARTESIAN_POINT('Ctrl Pts',(1.17515398940053,-0.227050418644888,-0.439689168338397));
#2746=CARTESIAN_POINT('Ctrl Pts',(1.00166608215938,-0.848945914088702,-0.48148251839746));
#2747=CARTESIAN_POINT('Ctrl Pts',(-0.00665261682968537,-1.39218780566867,
-0.54974716491335));
#2748=CARTESIAN_POINT('Ctrl Pts',(-1.17354763415557,-0.749032341319349,
-0.629161054283825));
#2749=CARTESIAN_POINT('Ctrl Pts',(-1.26555230734883,0.580209509791137,-0.708574943654302));
#2750=CARTESIAN_POINT('Ctrl Pts',(-0.198385791058024,1.37800528269462,-0.787988833024777));
#2751=CARTESIAN_POINT('Ctrl Pts',(0.932806684656792,0.957395952674446,-0.859919556718731));
#2752=CARTESIAN_POINT('Ctrl Pts',(1.1747711746175,0.280247412413124,-0.905378983955857));
#2753=CARTESIAN_POINT('Ctrl Pts',(1.17717276185795,-0.00104376471193697,
-0.924367114736159));
#2754=CARTESIAN_POINT('Ctrl Pts',(0.510216505388445,1.06149619882937,0.164977839420935));
#2755=CARTESIAN_POINT('Ctrl Pts',(0.863321222353235,0.891773636539809,0.13850654296411));
#2756=CARTESIAN_POINT('Ctrl Pts',(1.38073924837498,0.175221274668169,0.0855639500504595));
#2757=CARTESIAN_POINT('Ctrl Pts',(0.894711171823683,-1.06787087587607,0.00615006067998324));
#2758=CARTESIAN_POINT('Ctrl Pts',(-0.411990704623711,-1.32942431421697,
-0.0732638286904927));
#2759=CARTESIAN_POINT('Ctrl Pts',(-1.34073154608427,-0.375032399770698,
-0.152677718060969));
#2760=CARTESIAN_POINT('Ctrl Pts',(-1.0417609751563,0.923764435050282,-0.232091607431445));
#2761=CARTESIAN_POINT('Ctrl Pts',(0.211564285953422,1.37597828761141,-0.311505496801921));
#2762=CARTESIAN_POINT('Ctrl Pts',(1.27102233420223,0.568129440148824,-0.390919386172398));
#2763=CARTESIAN_POINT('Ctrl Pts',(1.16634854407228,-0.760221573055153,-0.470333275542872));
#2764=CARTESIAN_POINT('Ctrl Pts',(-0.00665261682968537,-1.39218780566867,
-0.54974716491335));
#2765=CARTESIAN_POINT('Ctrl Pts',(-1.17354763415557,-0.749032341319349,
-0.629161054283825));
#2766=CARTESIAN_POINT('Ctrl Pts',(-1.26555230734883,0.580209509791137,-0.708574943654302));
#2767=CARTESIAN_POINT('Ctrl Pts',(-0.198385791058024,1.37800528269462,-0.787988833024777));
#2768=CARTESIAN_POINT('Ctrl Pts',(1.05048797956253,0.913638721549895,-0.867402722395254));
#2769=CARTESIAN_POINT('Ctrl Pts',(1.33718070288152,-0.387567195037843,-0.946816611765729));
#2770=CARTESIAN_POINT('Ctrl Pts',(0.39909807644806,-1.3337840613352,-1.02623050113621));
#2771=CARTESIAN_POINT('Ctrl Pts',(-0.904533436232092,-1.05833797991581,
-1.10564439050668));
#2772=CARTESIAN_POINT('Ctrl Pts',(-1.37966840018151,0.186480650763816,-1.18505827987716));
#2773=CARTESIAN_POINT('Ctrl Pts',(-0.591112351967765,1.26049432311649,-1.26447216924764));
#2774=CARTESIAN_POINT('Ctrl Pts',(0.738866016983177,1.17997325632062,-1.34388605861811));
#2775=CARTESIAN_POINT('Ctrl Pts',(1.39208882624318,0.0186695961382769,-1.42329994798859));
#2776=CARTESIAN_POINT('Ctrl Pts',(0.770244345495865,-1.15973422834521,-1.50271383735906));
#2777=CARTESIAN_POINT('Ctrl Pts',(-0.557096318544919,-1.2758932332964,-1.58212772672954));
#2778=CARTESIAN_POINT('Ctrl Pts',(-1.37417120830736,-0.223412928259997,
-1.66154161610001));
#2779=CARTESIAN_POINT('Ctrl Pts',(-0.932590247472401,1.03369979879731,-1.74095550547049));
#2780=CARTESIAN_POINT('Ctrl Pts',(0.363185708452004,1.34400743585386,-1.82036939484097));
#2781=CARTESIAN_POINT('Ctrl Pts',(1.32630601503796,0.423287372914301,-1.89978328421144));
#2782=CARTESIAN_POINT('Ctrl Pts',(1.07461202948134,-0.885137747144277,-1.97919717358192));
#2783=CARTESIAN_POINT('Ctrl Pts',(-0.161360121675992,-1.38283142748861,
-2.0586110629524));
#2784=CARTESIAN_POINT('Ctrl Pts',(-1.24953637984383,-0.613937033428629,
-2.13802495232287));
#2785=CARTESIAN_POINT('Ctrl Pts',(-1.19321458452478,0.717285717704051,-2.21743884169334));
#2786=CARTESIAN_POINT('Ctrl Pts',(-0.0439820173815888,1.39151910793444,
-2.29685273106383));
#2787=CARTESIAN_POINT('Ctrl Pts',(1.14553535787442,0.791207045870038,-2.3762666204343));
#2788=CARTESIAN_POINT('Ctrl Pts',(1.2858131844439,-0.53380174248877,-2.45568050980478));
#2789=CARTESIAN_POINT('Ctrl Pts',(0.248365647882704,-1.3698811446739,-2.53509439917525));
#2790=CARTESIAN_POINT('Ctrl Pts',(-1.01656946337682,-0.951234130856899,
-2.61450828854572));
#2791=CARTESIAN_POINT('Ctrl Pts',(-1.35038981015023,0.338684523147928,-2.69392217791621));
#2792=CARTESIAN_POINT('Ctrl Pts',(-0.447336598018566,1.31838909797209,-2.77333606728668));
#2793=CARTESIAN_POINT('Ctrl Pts',(0.865449274905759,1.09053078734301,-2.85274995665716));
#2794=CARTESIAN_POINT('Ctrl Pts',(1.38553713081388,-0.136186286805954,-2.93216384602763));
#2795=CARTESIAN_POINT('Ctrl Pts',(0.636558655575226,-1.23816514390866,-3.01157773539811));
#2796=CARTESIAN_POINT('Ctrl Pts',(-0.695468183813815,-1.20606129648567,
-3.09099162476858));
#2797=CARTESIAN_POINT('Ctrl Pts',(-1.3904891741113,-0.069279883496384,-3.17040551413906));
#2798=CARTESIAN_POINT('Ctrl Pts',(-0.811908067832536,1.1309576185545,-3.24981940350953));
#2799=CARTESIAN_POINT('Ctrl Pts',(0.51033062073528,1.29530787966334,-3.32923329288001));
#2800=CARTESIAN_POINT('Ctrl Pts',(1.36513801920986,0.273236223963419,-3.40864718225049));
#2801=CARTESIAN_POINT('Ctrl Pts',(0.969563411299636,-0.999102916143791,
-3.48806107162096));
#2802=CARTESIAN_POINT('Ctrl Pts',(-0.314071324215733,-1.3563255689116,-3.56747496099144));
#2803=CARTESIAN_POINT('Ctrl Pts',(-1.31003614870767,-0.471237874811849,
-3.64688885036192));
#2804=CARTESIAN_POINT('Ctrl Pts',(-1.10608887273242,0.845474571584232,-3.72630273973239));
#2805=CARTESIAN_POINT('Ctrl Pts',(0.110967410878245,1.3877845939846,-3.80571662910287));
#2806=CARTESIAN_POINT('Ctrl Pts',(1.22638440827404,0.658969747955355,-3.88513051847334));
#2807=CARTESIAN_POINT('Ctrl Pts',(1.21850912647282,-0.673420636957652,-3.96454440784382));
#2808=CARTESIAN_POINT('Ctrl Pts',(0.0945548366024085,-1.38899936229399,
-4.0439582972143));
#2809=CARTESIAN_POINT('Ctrl Pts',(-1.11600583638869,-0.832340566549765,
-4.12337218658477));
#2810=CARTESIAN_POINT('Ctrl Pts',(-1.30437417629356,0.486690716776591,-4.20278607595525));
#2811=CARTESIAN_POINT('Ctrl Pts',(-0.298016432330011,1.35994340016021,-4.28219996532573));
#2812=CARTESIAN_POINT('Ctrl Pts',(0.981305934513298,0.987572026976765,-4.3616138546962));
#2813=CARTESIAN_POINT('Ctrl Pts',(1.36181274863744,-0.289354252131461,-4.44102774406668));
#2814=CARTESIAN_POINT('Ctrl Pts',(0.494983298588628,-1.30124992975843,-4.52044163343715));
#2815=CARTESIAN_POINT('Ctrl Pts',(-0.825220243535099,-1.12128114014188,
-4.59985552280763));
#2816=CARTESIAN_POINT('Ctrl Pts',(-1.38957307364217,0.0857118345776113,
-4.67926941217811));
#2817=CARTESIAN_POINT('Ctrl Pts',(-0.681162898551672,1.21419806918587,-4.75868330154858));
#2818=CARTESIAN_POINT('Ctrl Pts',(0.651150368959404,1.23055395760692,-4.83809719091906));
#2819=CARTESIAN_POINT('Ctrl Pts',(1.3870501652019,0.119798517484143,-4.91751108028954));
#2820=CARTESIAN_POINT('Ctrl Pts',(0.85249778436316,-1.10068495639484,-4.99692496966001));
#2821=CARTESIAN_POINT('Ctrl Pts',(-0.462889849066067,-1.31300907582911,
-5.07633885903049));
#2822=CARTESIAN_POINT('Ctrl Pts',(-1.35429900554584,-0.322698077396746,
-5.15575274840096));
#2823=CARTESIAN_POINT('Ctrl Pts',(-1.00525402187978,0.963184404500271,-5.23516663777144));
#2824=CARTESIAN_POINT('Ctrl Pts',(0.264541481599627,1.3668495345469,-5.31458052714192));
#2825=CARTESIAN_POINT('Ctrl Pts',(1.292033347,0.518565015998944,-5.39399441651238));
#2826=CARTESIAN_POINT('Ctrl Pts',(1.13610256501633,-0.804692989494329,-5.47340830588287));
#2827=CARTESIAN_POINT('Ctrl Pts',(-0.0604279107083899,-1.3909019782808,
-5.55282219525334));
#2828=CARTESIAN_POINT('Ctrl Pts',(-1.20161015704534,-0.703130767399272,
-5.63223608462382));
#2829=CARTESIAN_POINT('Ctrl Pts',(-1.24219180628783,0.628664745289083,-5.71164997399429));
#2830=CARTESIAN_POINT('Ctrl Pts',(-0.145002577271476,1.38464222749512,-5.79106386336477));
#2831=CARTESIAN_POINT('Ctrl Pts',(1.08500004566428,0.872373054654092,-5.87047775273524));
#2832=CARTESIAN_POINT('Ctrl Pts',(1.32120972244025,-0.43893588929065,-5.94989164210573));
#2833=CARTESIAN_POINT('Ctrl Pts',(0.347272996176219,-1.34820670214356,-6.02930553147619));
#2834=CARTESIAN_POINT('Ctrl Pts',(-0.944744319458116,-1.0226035480232,-6.10871942084667));
#2835=CARTESIAN_POINT('Ctrl Pts',(-1.3714342608183,0.239641218974917,-6.18813331021715));
#2836=CARTESIAN_POINT('Ctrl Pts',(-0.541975227835662,1.28238944864284,-6.26754719958763));
#2837=CARTESIAN_POINT('Ctrl Pts',(0.783899598463063,1.15054824544973,-6.3469610889581));
#2838=CARTESIAN_POINT('Ctrl Pts',(1.39177086839038,-0.035124001450321,-6.42637497832859));
#2839=CARTESIAN_POINT('Ctrl Pts',(0.724866089040913,-1.18862483506636,-6.50578886769904));
#2840=CARTESIAN_POINT('Ctrl Pts',(-0.605971202641552,-1.25341882351717,
-6.58520275706954));
#2841=CARTESIAN_POINT('Ctrl Pts',(-1.38177634555351,-0.170158680198193,
-6.66461664644));
#2842=CARTESIAN_POINT('Ctrl Pts',(-0.891959804052725,1.06895629168466,-6.74403053581049));
#2843=CARTESIAN_POINT('Ctrl Pts',(0.414836759769603,1.3289734039182,-6.82344442518096));
#2844=CARTESIAN_POINT('Ctrl Pts',(1.3416685048675,0.371733060978673,-6.90285831455144));
#2845=CARTESIAN_POINT('Ctrl Pts',(1.03961486737933,-0.925991778096188,-6.98227220392191));
#2846=CARTESIAN_POINT('Ctrl Pts',(-0.214661699548386,-1.37556541114027,
-7.06168609329239));
#2847=CARTESIAN_POINT('Ctrl Pts',(-1.27232142422393,-0.565206191613546,
-7.14109998266286));
#2848=CARTESIAN_POINT('Ctrl Pts',(-1.16461340380654,0.762846947461584,-7.22051387203335));
#2849=CARTESIAN_POINT('Ctrl Pts',(0.00980847559311952,1.39217945660314,
-7.29992776140382));
#2850=CARTESIAN_POINT('Ctrl Pts',(1.17524639789829,0.746361674927722,-7.37934165077429));
#2851=CARTESIAN_POINT('Ctrl Pts',(1.26423129617198,-0.583077246472707,-7.45875554014477));
#2852=CARTESIAN_POINT('Ctrl Pts',(0.195258506357598,-1.37845346722137,-7.53816942951525));
#2853=CARTESIAN_POINT('Ctrl Pts',(-1.0525590006217,-0.911251554596807,-7.61758331888572));
#2854=CARTESIAN_POINT('Ctrl Pts',(-1.33629755257691,0.39060043080537,-7.6969972082562));
#2855=CARTESIAN_POINT('Ctrl Pts',(-0.396070182091108,1.33468657615778,-7.77641109762667));
#2856=CARTESIAN_POINT('Ctrl Pts',(0.906932982445712,1.05628235367149,-7.85582498699715));
#2857=CARTESIAN_POINT('Ctrl Pts',(1.37924161924571,-0.189611184625348,-7.93523887636763));
#2858=CARTESIAN_POINT('Ctrl Pts',(0.588250224068401,-1.26183260392879,-8.01465276573809));
#2859=CARTESIAN_POINT('Ctrl Pts',(-0.741541999138005,-1.1782933875859,-8.09406665510859));
#2860=CARTESIAN_POINT('Ctrl Pts',(-1.39212760801059,-0.0155102955909709,
-8.17348054447904));
#2861=CARTESIAN_POINT('Ctrl Pts',(-0.767610415375016,1.16147927278778,-8.25289443384954));
#2862=CARTESIAN_POINT('Ctrl Pts',(0.559990447716362,1.27462564332836,-8.33230832322));
#2863=CARTESIAN_POINT('Ctrl Pts',(1.37467469301491,0.220293763768831,-8.41172221259049));
#2864=CARTESIAN_POINT('Ctrl Pts',(0.930241922985395,-1.03581361325525,-8.49113610196095));
#2865=CARTESIAN_POINT('Ctrl Pts',(-0.366234912561119,-1.34317971250281,
-8.57054999133144));
#2866=CARTESIAN_POINT('Ctrl Pts',(-1.32726323568543,-0.420276374266439,
-8.6499638807019));
#2867=CARTESIAN_POINT('Ctrl Pts',(-1.07260047444444,0.887574357006596,-8.7293777700724));
#2868=CARTESIAN_POINT('Ctrl Pts',(0.16449792120626,1.38246143917839,-8.80879165944285));
#2869=CARTESIAN_POINT('Ctrl Pts',(1.25092652887688,0.61110014087729,-8.88820554881335));
#2870=CARTESIAN_POINT('Ctrl Pts',(1.19158353537913,-0.719992629777602,-8.96761943818381));
#2871=CARTESIAN_POINT('Ctrl Pts',(0.040824198618435,-1.39161376323862,-9.0470333275543));
#2872=CARTESIAN_POINT('Ctrl Pts',(-1.14732850717626,-0.788608276971981,
-9.12644721692475));
#2873=CARTESIAN_POINT('Ctrl Pts',(-1.28459748859593,0.53672412864294,-9.20586110629525));
#2874=CARTESIAN_POINT('Ctrl Pts',(-0.245257955236706,1.37043047213507,-9.28527499566571));
#2875=CARTESIAN_POINT('Ctrl Pts',(1.01872905367845,0.948945141506816,-9.36468888503619));
#2876=CARTESIAN_POINT('Ctrl Pts',(1.34961117693486,-0.341787223133321,-9.44410277440669));
#2877=CARTESIAN_POINT('Ctrl Pts',(0.444355845111866,-1.31932694127874,-9.52351666377713));
#2878=CARTESIAN_POINT('Ctrl Pts',(-0.867945500501819,-1.08870439926594,
-9.60293055314763));
#2879=CARTESIAN_POINT('Ctrl Pts',(-1.38517975035107,0.139597416740558,-9.6823444425181));
#2880=CARTESIAN_POINT('Ctrl Pts',(-0.633832060053796,1.2390973600067,-9.76175833188858));
#2881=CARTESIAN_POINT('Ctrl Pts',(0.698364911910233,1.20546370262362,-9.84117222125905));
#2882=CARTESIAN_POINT('Ctrl Pts',(1.3903354651621,0.0641144399642191,-9.92058611062953));
#2883=CARTESIAN_POINT('Ctrl Pts',(1.00343952270364,-0.730542863950647,-9.97352870354318));
#2884=CARTESIAN_POINT('Ctrl Pts',(0.684664424539382,-0.958295198918453,
-10.));
#2885=CARTESIAN_POINT('Ctrl Pts',(0.551480035117367,1.14734422509853,0.109985226280624));
#2886=CARTESIAN_POINT('Ctrl Pts',(0.933141936791049,0.963895427140893,0.0835139298237983));
#2887=CARTESIAN_POINT('Ctrl Pts',(1.49240591227454,0.189392216219566,0.0305713369101476));
#2888=CARTESIAN_POINT('Ctrl Pts',(0.967070534265813,-1.15423445127593,-0.0488425524603285));
#2889=CARTESIAN_POINT('Ctrl Pts',(-0.445310267022689,-1.43694090596325,
-0.128256441830805));
#2890=CARTESIAN_POINT('Ctrl Pts',(-1.44916260510743,-0.405362975935565,
-0.207670331201281));
#2891=CARTESIAN_POINT('Ctrl Pts',(-1.12601292411291,0.998473467050729,-0.287084220571757));
#2892=CARTESIAN_POINT('Ctrl Pts',(0.228674452149177,1.48725991095676,-0.366498109942233));
#2893=CARTESIAN_POINT('Ctrl Pts',(1.37381569215829,0.614076652353611,-0.445911999312709));
#2894=CARTESIAN_POINT('Ctrl Pts',(1.26067645646701,-0.821704149861344,-0.525325888683185));
#2895=CARTESIAN_POINT('Ctrl Pts',(-0.00719064421496495,-1.50478036647524,
-0.604739778053661));
#2896=CARTESIAN_POINT('Ctrl Pts',(-1.26845776971347,-0.809609994056077,
-0.684153667424138));
#2897=CARTESIAN_POINT('Ctrl Pts',(-1.36790327935051,0.627133692179244,-0.763567556794613));
#2898=CARTESIAN_POINT('Ctrl Pts',(-0.214430152423587,1.489450838353,-0.84298144616509));
#2899=CARTESIAN_POINT('Ctrl Pts',(1.13544572106397,0.987528841038444,-0.922395335535566));
#2900=CARTESIAN_POINT('Ctrl Pts',(1.44532458906234,-0.418911517115822,-1.00180922490604));
#2901=CARTESIAN_POINT('Ctrl Pts',(0.431374953358859,-1.44165324566309,-1.08122311427652));
#2902=CARTESIAN_POINT('Ctrl Pts',(-0.977687169877684,-1.14393058665492,
-1.16063700364699));
#2903=CARTESIAN_POINT('Ctrl Pts',(-1.49124845971647,0.201562189278136,-1.24005089301747));
#2904=CARTESIAN_POINT('Ctrl Pts',(-0.638918296798963,1.36243623292489,-1.31946478238794));
#2905=CARTESIAN_POINT('Ctrl Pts',(0.79862147282494,1.27540306117271,-1.39887867175842));
#2906=CARTESIAN_POINT('Ctrl Pts',(1.50467338213336,0.0201794913046401,-1.4782925611289));
#2907=CARTESIAN_POINT('Ctrl Pts',(0.832537509502227,-1.25352721093903,-1.55770645049938));
#2908=CARTESIAN_POINT('Ctrl Pts',(-0.6021512320167,-1.37908052301959,-1.63712033986985));
#2909=CARTESIAN_POINT('Ctrl Pts',(-1.48530668492911,-0.24148134805773,-1.71653422924033));
#2910=CARTESIAN_POINT('Ctrl Pts',(-1.00801306307143,1.11729980375205,-1.7959481186108));
#2911=CARTESIAN_POINT('Ctrl Pts',(0.392558188800159,1.45270343098447,-1.87536200798128));
#2912=CARTESIAN_POINT('Ctrl Pts',(1.43357041574469,0.457520548265693,-1.95477589735175));
#2913=CARTESIAN_POINT('Ctrl Pts',(1.1615207926383,-0.956722863183744,-2.03418978672223));
#2914=CARTESIAN_POINT('Ctrl Pts',(-0.174410048731499,-1.49466729543027,
-2.11360367609271));
#2915=CARTESIAN_POINT('Ctrl Pts',(-1.35059207093287,-0.663588914077401,
-2.19301756546318));
#2916=CARTESIAN_POINT('Ctrl Pts',(-1.28971527582258,0.775295876575882,-2.27243145483366));
#2917=CARTESIAN_POINT('Ctrl Pts',(-0.0475390431982827,1.50405758811339,
-2.35184534420414));
#2918=CARTESIAN_POINT('Ctrl Pts',(1.23818001322363,0.855195558813475,-2.43125923357461));
#2919=CARTESIAN_POINT('Ctrl Pts',(1.38980274574154,-0.576972717629539,-2.51067312294509));
#2920=CARTESIAN_POINT('Ctrl Pts',(0.268452107624451,-1.48066966433443,-2.59008701231556));
#2921=CARTESIAN_POINT('Ctrl Pts',(-1.09878406018143,-1.02816476211492,-2.66950090168604));
#2922=CARTESIAN_POINT('Ctrl Pts',(-1.45960197692315,0.366075481186413,-2.74891479105652));
#2923=CARTESIAN_POINT('Ctrl Pts',(-0.483514743602333,1.42501322158223,-2.82832868042699));
#2924=CARTESIAN_POINT('Ctrl Pts',(0.935442094633852,1.17872697286153,-2.90774256979747));
#2925=CARTESIAN_POINT('Ctrl Pts',(1.49759182129151,-0.147200291321558,-2.98715645916794));
#2926=CARTESIAN_POINT('Ctrl Pts',(0.688040049711123,-1.33830119142068,-3.06657034853842));
#2927=CARTESIAN_POINT('Ctrl Pts',(-0.751713859473549,-1.30360095981853,
-3.14598423790889));
#2928=CARTESIAN_POINT('Ctrl Pts',(-1.50294435885688,-0.0748828628239523,
-3.22539812727937));
#2929=CARTESIAN_POINT('Ctrl Pts',(-0.877570766589538,1.22242330581181,-3.30481201664985));
#2930=CARTESIAN_POINT('Ctrl Pts',(0.5516033794914,1.40006532015406,-3.38422590602033));
#2931=CARTESIAN_POINT('Ctrl Pts',(1.47554294073798,0.295334080327273,-3.4636397953908));
#2932=CARTESIAN_POINT('Ctrl Pts',(1.04797641484563,-1.0799049138196,-3.54305368476128));
#2933=CARTESIAN_POINT('Ctrl Pts',(-0.339471700892899,-1.4660177874969,-3.62246757413175));
#2934=CARTESIAN_POINT('Ctrl Pts',(-1.41598473131382,-0.509349025375079,
-3.70188146350223));
#2935=CARTESIAN_POINT('Ctrl Pts',(-1.19554331138898,0.913851946191226,-3.7812953528727));
#2936=CARTESIAN_POINT('Ctrl Pts',(0.119941850178723,1.50002104703238,-3.86070924224318));
#2937=CARTESIAN_POINT('Ctrl Pts',(1.32556769410558,0.71226362907848,-3.94012313161366));
#2938=CARTESIAN_POINT('Ctrl Pts',(1.31705550244102,-0.727883227210425,-4.01953702098413));
#2939=CARTESIAN_POINT('Ctrl Pts',(0.102201916361606,-1.50133405918085,-4.09895091035461));
#2940=CARTESIAN_POINT('Ctrl Pts',(-1.20626230500768,-0.899655734423997,
-4.17836479972508));
#2941=CARTESIAN_POINT('Ctrl Pts',(-1.40986484943469,0.526051608963351,-4.25777868909556));
#2942=CARTESIAN_POINT('Ctrl Pts',(-0.322118376867857,1.46992820921583,-4.33719257846604));
#2943=CARTESIAN_POINT('Ctrl Pts',(1.06066860932746,1.06744146919247,-4.41660646783652));
#2944=CARTESIAN_POINT('Ctrl Pts',(1.47194874040795,-0.312755646752992,-4.49602035720699));
#2945=CARTESIAN_POINT('Ctrl Pts',(0.535014849588909,-1.40648793087029,-4.57543424657747));
#2946=CARTESIAN_POINT('Ctrl Pts',(-0.891959558497278,-1.21196424657238,
-4.65484813594794));
#2947=CARTESIAN_POINT('Ctrl Pts',(-1.50195416917553,0.0926437405368576,
-4.73426202531842));
#2948=CARTESIAN_POINT('Ctrl Pts',(-0.736251640718565,1.31239579034057,-4.81367591468889));
#2949=CARTESIAN_POINT('Ctrl Pts',(0.70381186133331,1.33007445386,-4.89308980405937));
#2950=CARTESIAN_POINT('Ctrl Pts',(1.49922722165317,0.129487168547935,-4.97250369342985));
#2951=CARTESIAN_POINT('Ctrl Pts',(0.921443158135694,-1.18970235575515,-5.05191758280032));
#2952=CARTESIAN_POINT('Ctrl Pts',(-0.500325856812643,-1.41919809257521,
-5.1313314721708));
#2953=CARTESIAN_POINT('Ctrl Pts',(-1.46382732673305,-0.348796138846167,
-5.21074536154127));
#2954=CARTESIAN_POINT('Ctrl Pts',(-1.08655348745741,1.04108150874875,-5.29015925091176));
#2955=CARTESIAN_POINT('Ctrl Pts',(0.285936154596741,1.47739287410589,-5.36957314028222));
#2956=CARTESIAN_POINT('Ctrl Pts',(1.39652596113861,0.560503727757733,-5.44898702965272));
#2957=CARTESIAN_POINT('Ctrl Pts',(1.22798434749803,-0.869772172045229,-5.52840091902317));
#2958=CARTESIAN_POINT('Ctrl Pts',(-0.0653149907295828,-1.50339054837738,
-5.60781480839366));
#2959=CARTESIAN_POINT('Ctrl Pts',(-1.29878983648372,-0.759996151050125,
-5.68722869776413));
#2960=CARTESIAN_POINT('Ctrl Pts',(-1.34265350830347,0.679507722991287,-5.76664258713461));
#2961=CARTESIAN_POINT('Ctrl Pts',(-0.156729595301722,1.4966245430705,-5.84605647650508));
#2962=CARTESIAN_POINT('Ctrl Pts',(1.17274893494428,0.942925831946227,-5.92547036587556));
#2963=CARTESIAN_POINT('Ctrl Pts',(1.42806196278195,-0.474434631345347,-6.00488425524604));
#2964=CARTESIAN_POINT('Ctrl Pts',(0.375358543096871,-1.45724231104117,-6.08429814461651));
#2965=CARTESIAN_POINT('Ctrl Pts',(-1.02115009014661,-1.1053061487018,-6.16371203398699));
#2966=CARTESIAN_POINT('Ctrl Pts',(-1.48234838804644,0.259022094464067,-6.24312592335746));
#2967=CARTESIAN_POINT('Ctrl Pts',(-0.585807229917055,1.38610211685191,-6.32253981272794));
#2968=CARTESIAN_POINT('Ctrl Pts',(0.847297124893625,1.24359831582044,-6.40195370209842));
#2969=CARTESIAN_POINT('Ctrl Pts',(1.50432970958264,-0.0379646392241518,
-6.48136759146889));
#2970=CARTESIAN_POINT('Ctrl Pts',(0.783489307025341,-1.28475433244701,-6.56078148083937));
#2971=CARTESIAN_POINT('Ctrl Pts',(-0.654978850318559,-1.35478850548704,
-6.64019537020985));
#2972=CARTESIAN_POINT('Ctrl Pts',(-1.49352688421959,-0.183920186705425,
-6.71960925958032));
#2973=CARTESIAN_POINT('Ctrl Pts',(-0.964096650867442,1.15540764959844,-6.79902314895079));
#2974=CARTESIAN_POINT('Ctrl Pts',(0.448386495594728,1.43645352849745,-6.87843703832127));
#2975=CARTESIAN_POINT('Ctrl Pts',(1.45017534000961,0.401796804606975,-6.95785092769175));
#2976=CARTESIAN_POINT('Ctrl Pts',(1.12369325083752,-1.00088094546078,-7.03726481706222));
#2977=CARTESIAN_POINT('Ctrl Pts',(-0.232022367671477,-1.48681364328725,
-7.1166787064327));
#2978=CARTESIAN_POINT('Ctrl Pts',(-1.37521984549952,-0.61091698741164,-7.19609259580318));
#2979=CARTESIAN_POINT('Ctrl Pts',(-1.25880098751495,0.824541850238663,-7.27550648517365));
#2980=CARTESIAN_POINT('Ctrl Pts',(0.0106017316323736,1.5047713421828,-7.35492037454413));
#2981=CARTESIAN_POINT('Ctrl Pts',(1.27029392020761,0.80672333872469,-7.4343342639146));
#2982=CARTESIAN_POINT('Ctrl Pts',(1.3664754319906,-0.63023335577138,-7.51374815328508));
#2983=CARTESIAN_POINT('Ctrl Pts',(0.211049949983644,-1.48993526960119,-7.59316204265555));
#2984=CARTESIAN_POINT('Ctrl Pts',(-1.13768423501712,-0.984948613034808,
-7.67257593202603));
#2985=CARTESIAN_POINT('Ctrl Pts',(-1.44437001437521,0.42219006445784,-7.75198982139652));
#2986=CARTESIAN_POINT('Ctrl Pts',(-0.428102179411585,1.44262875096485,-7.83140371076697));
#2987=CARTESIAN_POINT('Ctrl Pts',(0.980280778308963,1.14170871256532,-7.91081760013749));
#2988=CARTESIAN_POINT('Ctrl Pts',(1.49078716306499,-0.204945903653621,-7.99023148950791));
#2989=CARTESIAN_POINT('Ctrl Pts',(0.635824695596764,-1.36388274659423,-8.06964537887843));
#2990=CARTESIAN_POINT('Ctrl Pts',(-0.801513873829478,-1.27358733381181,
-8.14905926824887));
#2991=CARTESIAN_POINT('Ctrl Pts',(-1.50471530035872,-0.0167646837506435,
-8.22847315761938));
#2992=CARTESIAN_POINT('Ctrl Pts',(-0.829690561470946,1.25541338506375,-8.30788704698984));
#2993=CARTESIAN_POINT('Ctrl Pts',(0.605279422579423,1.37771041728466,-8.38730093636032));
#2994=CARTESIAN_POINT('Ctrl Pts',(1.48585088873528,0.238109922545306,-8.46671482573079));
#2995=CARTESIAN_POINT('Ctrl Pts',(1.0054748189008,-1.11958457200079,-8.54612871510127));
#2996=CARTESIAN_POINT('Ctrl Pts',(-0.395853995916188,-1.45180876588077,
-8.62554260447174));
#2997=CARTESIAN_POINT('Ctrl Pts',(-1.43460505118026,-0.454266036460361,
-8.70495649384222));
#2998=CARTESIAN_POINT('Ctrl Pts',(-1.15934655399514,0.959356532769591,-8.7843703832127));
#2999=CARTESIAN_POINT('Ctrl Pts',(0.177801616383405,1.49426738448235,-8.86378427258317));
#3000=CARTESIAN_POINT('Ctrl Pts',(1.35209464764191,0.660522589120614,-8.94319816195365));
#3001=CARTESIAN_POINT('Ctrl Pts',(1.287952316313,-0.778221708942368,-9.02261205132412));
#3002=CARTESIAN_POINT('Ctrl Pts',(0.0441258372670611,-1.50415989862259,
-9.10202594069461));
#3003=CARTESIAN_POINT('Ctrl Pts',(-1.24011818266641,-0.85238661565302,-9.18143983006508));
#3004=CARTESIAN_POINT('Ctrl Pts',(-1.38848873104022,0.580131450445722,-9.26085371943555));
#3005=CARTESIAN_POINT('Ctrl Pts',(-0.2650930817375,1.48126341840623,-9.34026760880603));
#3006=CARTESIAN_POINT('Ctrl Pts',(1.10111830637457,1.02569065178364,-9.41968149817652));
#3007=CARTESIAN_POINT('Ctrl Pts',(1.45876037209772,-0.369429110633584,-9.49909538754697));
#3008=CARTESIAN_POINT('Ctrl Pts',(0.480292923648838,-1.42602691254327,-9.57850927691747));
#3009=CARTESIAN_POINT('Ctrl Pts',(-0.938140201349017,-1.17675287647256,
-9.65792316628793));
#3010=CARTESIAN_POINT('Ctrl Pts',(-1.49720553784497,0.150887294850959,-9.73733705565842));
#3011=CARTESIAN_POINT('Ctrl Pts',(-0.685092942006789,1.33930880007516,-9.81675094502888));
#3012=CARTESIAN_POINT('Ctrl Pts',(0.754844859148133,1.30295503582243,-9.89616483439936));
#3013=CARTESIAN_POINT('Ctrl Pts',(1.50277821876574,0.0692996663761117,-9.97557872376984));
#3014=CARTESIAN_POINT('Ctrl Pts',(1.08459224147887,-0.789625188545245,-10.0285213166835));
#3015=CARTESIAN_POINT('Ctrl Pts',(0.74003635104109,-1.03579689087088,-10.0549926131403));
#3016=CARTESIAN_POINT('Ctrl Pts',(0.592743564846289,1.23319225136769,0.0549926131403118));
#3017=CARTESIAN_POINT('Ctrl Pts',(1.00296265122886,1.03601721774198,0.0285213166834864));
#3018=CARTESIAN_POINT('Ctrl Pts',(1.60407257617411,0.203563157770963,-0.0244212762301642));
#3019=CARTESIAN_POINT('Ctrl Pts',(1.03942989670794,-1.24059802667579,-0.10383516560064));
#3020=CARTESIAN_POINT('Ctrl Pts',(-0.478629829421664,-1.54445749770952,
-0.183249054971116));
#3021=CARTESIAN_POINT('Ctrl Pts',(-1.55759366413059,-0.435693552100434,
-0.262662944341592));
#3022=CARTESIAN_POINT('Ctrl Pts',(-1.21026487306952,1.07318249905118,-0.342076833712069));
#3023=CARTESIAN_POINT('Ctrl Pts',(0.24578461834493,1.59854153430211,-0.421490723082544));
#3024=CARTESIAN_POINT('Ctrl Pts',(1.47660905011436,0.6600238645584,-0.500904612453022));
#3025=CARTESIAN_POINT('Ctrl Pts',(1.35500436886174,-0.883186726667534,-0.580318501823496));
#3026=CARTESIAN_POINT('Ctrl Pts',(-0.00772867160024386,-1.61737292728181,
-0.659732391193973));
#3027=CARTESIAN_POINT('Ctrl Pts',(-1.36336790527136,-0.870187646792804,
-0.739146280564449));
#3028=CARTESIAN_POINT('Ctrl Pts',(-1.4702542513522,0.67405787456735,-0.818560169934925));
#3029=CARTESIAN_POINT('Ctrl Pts',(-0.230474513789151,1.60089639401138,-0.897974059305401));
#3030=CARTESIAN_POINT('Ctrl Pts',(1.22040346256541,1.06141896052699,-0.977387948675877));
#3031=CARTESIAN_POINT('Ctrl Pts',(1.55346847524317,-0.4502558391938,-1.05680183804635));
#3032=CARTESIAN_POINT('Ctrl Pts',(0.463651830269657,-1.54952242999098,-1.13621572741683));
#3033=CARTESIAN_POINT('Ctrl Pts',(-1.05084090352328,-1.22952319339403,-1.21562961678731));
#3034=CARTESIAN_POINT('Ctrl Pts',(-1.60282851925142,0.216643727792453,-1.29504350615778));
#3035=CARTESIAN_POINT('Ctrl Pts',(-0.686724241630161,1.46437814273329,-1.37445739552826));
#3036=CARTESIAN_POINT('Ctrl Pts',(0.858376928666703,1.37083286602479,-1.45387128489873));
#3037=CARTESIAN_POINT('Ctrl Pts',(1.61725793802354,0.0216893864710054,-1.53328517426921));
#3038=CARTESIAN_POINT('Ctrl Pts',(0.894830673508592,-1.34732019353285,-1.61269906363969));
#3039=CARTESIAN_POINT('Ctrl Pts',(-0.647206145488482,-1.48226781274278,
-1.69211295301016));
#3040=CARTESIAN_POINT('Ctrl Pts',(-1.59644216155087,-0.259549767855462,
-1.77152684238064));
#3041=CARTESIAN_POINT('Ctrl Pts',(-1.08343587867046,1.20089980870678,-1.85094073175112));
#3042=CARTESIAN_POINT('Ctrl Pts',(0.421930669148314,1.56139942611509,-1.93035462112159));
#3043=CARTESIAN_POINT('Ctrl Pts',(1.54083481645143,0.491753723617084,-2.00976851049207));
#3044=CARTESIAN_POINT('Ctrl Pts',(1.24842955579525,-1.02830797922321,-2.08918239986254));
#3045=CARTESIAN_POINT('Ctrl Pts',(-0.187459975787006,-1.60650316337193,
-2.16859628923302));
#3046=CARTESIAN_POINT('Ctrl Pts',(-1.45164776202191,-0.713240794726172,
-2.24801017860349));
#3047=CARTESIAN_POINT('Ctrl Pts',(-1.38621596712039,0.833306035447713,-2.32742406797397));
#3048=CARTESIAN_POINT('Ctrl Pts',(-0.0510960690149772,1.61659606829233,
-2.40683795734445));
#3049=CARTESIAN_POINT('Ctrl Pts',(1.33082466857284,0.919184071756914,-2.48625184671492));
#3050=CARTESIAN_POINT('Ctrl Pts',(1.49379230703917,-0.620143692770311,-2.5656657360854));
#3051=CARTESIAN_POINT('Ctrl Pts',(0.288538567366199,-1.59145818399496,-2.64507962545588));
#3052=CARTESIAN_POINT('Ctrl Pts',(-1.18099865698604,-1.10509539337293,-2.72449351482635));
#3053=CARTESIAN_POINT('Ctrl Pts',(-1.56881414369608,0.393466439224899,-2.80390740419683));
#3054=CARTESIAN_POINT('Ctrl Pts',(-0.519692889186101,1.53163734519236,-2.8833212935673));
#3055=CARTESIAN_POINT('Ctrl Pts',(1.00543491436195,1.26692315838004,-2.96273518293778));
#3056=CARTESIAN_POINT('Ctrl Pts',(1.60964651176913,-0.158214295837162,-3.04214907230825));
#3057=CARTESIAN_POINT('Ctrl Pts',(0.73952144384702,-1.43843723893271,-3.12156296167873));
#3058=CARTESIAN_POINT('Ctrl Pts',(-0.807959535133284,-1.40114062315138,
-3.20097685104921));
#3059=CARTESIAN_POINT('Ctrl Pts',(-1.61539954360245,-0.0804858421515227,
-3.28039074041969));
#3060=CARTESIAN_POINT('Ctrl Pts',(-0.943233465346543,1.31388899306913,-3.35980462979016));
#3061=CARTESIAN_POINT('Ctrl Pts',(0.592876138247522,1.50482276064477,-3.43921851916064));
#3062=CARTESIAN_POINT('Ctrl Pts',(1.58594786226609,0.317431936691129,-3.51863240853111));
#3063=CARTESIAN_POINT('Ctrl Pts',(1.12638941839163,-1.16070691149541,-3.59804629790159));
#3064=CARTESIAN_POINT('Ctrl Pts',(-0.364872077570068,-1.5757100060822,-3.67746018727206));
#3065=CARTESIAN_POINT('Ctrl Pts',(-1.52193331391998,-0.547460175938306,
-3.75687407664254));
#3066=CARTESIAN_POINT('Ctrl Pts',(-1.28499775004555,0.982229320798218,-3.83628796601301));
#3067=CARTESIAN_POINT('Ctrl Pts',(0.128916289479201,1.61225750008017,-3.9157018553835));
#3068=CARTESIAN_POINT('Ctrl Pts',(1.42475097993712,0.765557510201604,-3.99511574475397));
#3069=CARTESIAN_POINT('Ctrl Pts',(1.41560187840922,-0.782345817463197,-4.07452963412444));
#3070=CARTESIAN_POINT('Ctrl Pts',(0.109848996120803,-1.61366875606771,-4.15394352349492));
#3071=CARTESIAN_POINT('Ctrl Pts',(-1.29651877362667,-0.966970902298229,
-4.2333574128654));
#3072=CARTESIAN_POINT('Ctrl Pts',(-1.51535552257582,0.56541250115011,-4.31277130223587));
#3073=CARTESIAN_POINT('Ctrl Pts',(-0.346220321405703,1.57991301827145,-4.39218519160635));
#3074=CARTESIAN_POINT('Ctrl Pts',(1.14003128414162,1.14731091140817,-4.47159908097683));
#3075=CARTESIAN_POINT('Ctrl Pts',(1.58208473217846,-0.336157041374521,-4.5510129703473));
#3076=CARTESIAN_POINT('Ctrl Pts',(0.575046400589189,-1.51172593198214,-4.63042685971778));
#3077=CARTESIAN_POINT('Ctrl Pts',(-0.958698873459456,-1.30264735300289,
-4.70984074908825));
#3078=CARTESIAN_POINT('Ctrl Pts',(-1.6143352647089,0.0995756464961048,-4.78925463845873));
#3079=CARTESIAN_POINT('Ctrl Pts',(-0.79134038288546,1.41059351149527,-4.86866852782921));
#3080=CARTESIAN_POINT('Ctrl Pts',(0.756473353707219,1.42959495011308,-4.94808241719968));
#3081=CARTESIAN_POINT('Ctrl Pts',(1.61140427810443,0.139175819611724,-5.02749630657016));
#3082=CARTESIAN_POINT('Ctrl Pts',(0.990388531908227,-1.27871975511545,-5.10691019594063));
#3083=CARTESIAN_POINT('Ctrl Pts',(-0.537761864559217,-1.52538710932132,
-5.18632408531111));
#3084=CARTESIAN_POINT('Ctrl Pts',(-1.57335564792026,-0.374894200295585,
-5.26573797468159));
#3085=CARTESIAN_POINT('Ctrl Pts',(-1.16785295303505,1.11897861299722,-5.34515186405205));
#3086=CARTESIAN_POINT('Ctrl Pts',(0.307330827593854,1.58793621366487,-5.42456575342255));
#3087=CARTESIAN_POINT('Ctrl Pts',(1.50101857527721,0.602442439516522,-5.50397964279301));
#3088=CARTESIAN_POINT('Ctrl Pts',(1.31986612997972,-0.934851354596131,-5.58339353216349));
#3089=CARTESIAN_POINT('Ctrl Pts',(-0.070202070750775,-1.61587911847395,
-5.66280742153397));
#3090=CARTESIAN_POINT('Ctrl Pts',(-1.39596951592211,-0.81686153470098,-5.74222131090444));
#3091=CARTESIAN_POINT('Ctrl Pts',(-1.44311521031911,0.730350700693493,-5.82163520027492));
#3092=CARTESIAN_POINT('Ctrl Pts',(-0.168456613331969,1.60860685864588,-5.9010490896454));
#3093=CARTESIAN_POINT('Ctrl Pts',(1.26049782422427,1.01347860923836,-5.98046297901587));
#3094=CARTESIAN_POINT('Ctrl Pts',(1.53491420312365,-0.509933373400045,-6.05987686838635));
#3095=CARTESIAN_POINT('Ctrl Pts',(0.403444090017525,-1.56627791993879,-6.13929075775682));
#3096=CARTESIAN_POINT('Ctrl Pts',(-1.09755586083511,-1.18800874938039,-6.2187046471273));
#3097=CARTESIAN_POINT('Ctrl Pts',(-1.59326251527458,0.278402969953217,-6.29811853649776));
#3098=CARTESIAN_POINT('Ctrl Pts',(-0.629639231998447,1.48981478506097,-6.37753242586827));
#3099=CARTESIAN_POINT('Ctrl Pts',(0.910694651324186,1.33664838619114,-6.45694631523871));
#3100=CARTESIAN_POINT('Ctrl Pts',(1.61688855077491,-0.0408052769979815,
-6.53636020460922));
#3101=CARTESIAN_POINT('Ctrl Pts',(0.842112525009768,-1.38088382982767,-6.61577409397966));
#3102=CARTESIAN_POINT('Ctrl Pts',(-0.703986497995566,-1.45615818745692,
-6.69518798335017));
#3103=CARTESIAN_POINT('Ctrl Pts',(-1.60527742288566,-0.197681693212657,
-6.77460187272063));
#3104=CARTESIAN_POINT('Ctrl Pts',(-1.03623349768216,1.24185900751221,-6.85401576209111));
#3105=CARTESIAN_POINT('Ctrl Pts',(0.481936231419852,1.54393365307671,-6.93342965146158));
#3106=CARTESIAN_POINT('Ctrl Pts',(1.55868217515172,0.431860548235277,-7.01284354083207));
#3107=CARTESIAN_POINT('Ctrl Pts',(1.20777163429572,-1.07577011282538,-7.09225743020252));
#3108=CARTESIAN_POINT('Ctrl Pts',(-0.249383035794566,-1.59806187543424,
-7.17167131957302));
#3109=CARTESIAN_POINT('Ctrl Pts',(-1.47811826677511,-0.656627783209732,
-7.25108520894348));
#3110=CARTESIAN_POINT('Ctrl Pts',(-1.35298857122336,0.886236753015741,-7.33049909831396));
#3111=CARTESIAN_POINT('Ctrl Pts',(0.0113949876716251,1.61736322776247,-7.40991298768444));
#3112=CARTESIAN_POINT('Ctrl Pts',(1.36534144251693,0.867085002521657,-7.48932687705492));
#3113=CARTESIAN_POINT('Ctrl Pts',(1.46871956780923,-0.677389465070053,-7.56874076642539));
#3114=CARTESIAN_POINT('Ctrl Pts',(0.226841393609691,-1.60141707198101,-7.64815465579587));
#3115=CARTESIAN_POINT('Ctrl Pts',(-1.22280946941254,-1.05864567147281,-7.72756854516634));
#3116=CARTESIAN_POINT('Ctrl Pts',(-1.55244247617352,0.453779698110311,-7.80698243453682));
#3117=CARTESIAN_POINT('Ctrl Pts',(-0.460134176732062,1.55057092577192,-7.88639632390729));
#3118=CARTESIAN_POINT('Ctrl Pts',(1.05362857417221,1.22713507145916,-7.96581021327777));
#3119=CARTESIAN_POINT('Ctrl Pts',(1.60233270688427,-0.220280622681897,-8.04522410264825));
#3120=CARTESIAN_POINT('Ctrl Pts',(0.683399167125125,-1.46593288925966,-8.12463799201872));
#3121=CARTESIAN_POINT('Ctrl Pts',(-0.861485748520951,-1.36888128003772,
-8.20405188138921));
#3122=CARTESIAN_POINT('Ctrl Pts',(-1.61730299270685,-0.0180190719103165,
-8.28346577075967));
#3123=CARTESIAN_POINT('Ctrl Pts',(-0.891770707566877,1.34934749733973,-8.36287966013016));
#3124=CARTESIAN_POINT('Ctrl Pts',(0.650568397442484,1.48079519124096,-8.44229354950062));
#3125=CARTESIAN_POINT('Ctrl Pts',(1.59702708445566,0.255926081321784,-8.52170743887112));
#3126=CARTESIAN_POINT('Ctrl Pts',(1.08070771481621,-1.20335553074632,-8.60112132824156));
#3127=CARTESIAN_POINT('Ctrl Pts',(-0.425473079271257,-1.56043781925873,
-8.68053521761208));
#3128=CARTESIAN_POINT('Ctrl Pts',(-1.54194686667509,-0.488255698654282,
-8.75994910698252));
#3129=CARTESIAN_POINT('Ctrl Pts',(-1.24609263354585,1.03113870853258,-8.83936299635302));
#3130=CARTESIAN_POINT('Ctrl Pts',(0.191105311560549,1.60607332978632,-8.91877688572348));
#3131=CARTESIAN_POINT('Ctrl Pts',(1.45326276640694,0.709945037363938,-8.99819077509397));
#3132=CARTESIAN_POINT('Ctrl Pts',(1.38432109724687,-0.836450788107135,-9.07760466446443));
#3133=CARTESIAN_POINT('Ctrl Pts',(0.0474274759156881,-1.61670603400657,
-9.15701855383492));
#3134=CARTESIAN_POINT('Ctrl Pts',(-1.33290785815657,-0.916164954334059,
-9.23643244320538));
#3135=CARTESIAN_POINT('Ctrl Pts',(-1.49237997348452,0.623538772248505,-9.31584633257586));
#3136=CARTESIAN_POINT('Ctrl Pts',(-0.284928208238295,1.59209636467739,-9.39526022194635));
#3137=CARTESIAN_POINT('Ctrl Pts',(1.1835075590707,1.10243616206047,-9.47467411131681));
#3138=CARTESIAN_POINT('Ctrl Pts',(1.56790956726057,-0.397070998133847,-9.5540880006873));
#3139=CARTESIAN_POINT('Ctrl Pts',(0.51623000218581,-1.53272688380779,-9.63350189005778));
#3140=CARTESIAN_POINT('Ctrl Pts',(-1.00833490219621,-1.26480135367917,-9.71291577942823));
#3141=CARTESIAN_POINT('Ctrl Pts',(-1.60923132533887,0.162177172961357,-9.79232966879873));
#3142=CARTESIAN_POINT('Ctrl Pts',(-0.736353823959783,1.43952024014363,-9.87174355816918));
#3143=CARTESIAN_POINT('Ctrl Pts',(0.811324806386035,1.40044636902125,-9.95115744753968));
#3144=CARTESIAN_POINT('Ctrl Pts',(1.61522097236938,0.0744848927880048,-10.0305713369101));
#3145=CARTESIAN_POINT('Ctrl Pts',(1.1657449602541,-0.848707513139844,-10.0835139298238));
#3146=CARTESIAN_POINT('Ctrl Pts',(0.795408277542798,-1.11329858282331,-10.1099852262806));
#3147=CARTESIAN_POINT('Ctrl Pts',(0.634007094575211,1.31904027763685,0.));
#3148=CARTESIAN_POINT('Ctrl Pts',(1.07278336566668,1.10813900834306,-0.0264712964568254));
#3149=CARTESIAN_POINT('Ctrl Pts',(1.71573924007368,0.21773409932236,-0.0794138893704759));
#3150=CARTESIAN_POINT('Ctrl Pts',(1.11178925915007,-1.32696160207565,-0.158827778740952));
#3151=CARTESIAN_POINT('Ctrl Pts',(-0.511949391820642,-1.65197408945579,
-0.238241668111428));
#3152=CARTESIAN_POINT('Ctrl Pts',(-1.66602472315374,-0.466024128265303,
-0.317655557481904));
#3153=CARTESIAN_POINT('Ctrl Pts',(-1.29451682202613,1.14789153105163,-0.39706944685238));
#3154=CARTESIAN_POINT('Ctrl Pts',(0.262894784540684,1.70982315764746,-0.476483336222857));
#3155=CARTESIAN_POINT('Ctrl Pts',(1.57940240807043,0.705971076763187,-0.555897225593332));
#3156=CARTESIAN_POINT('Ctrl Pts',(1.44933228125646,-0.944669303473725,-0.635311114963809));
#3157=CARTESIAN_POINT('Ctrl Pts',(-0.00826669898552328,-1.72996548808839,
-0.714725004334284));
#3158=CARTESIAN_POINT('Ctrl Pts',(-1.45827804082926,-0.93076529952953,-0.794138893704761));
#3159=CARTESIAN_POINT('Ctrl Pts',(-1.57260522335388,0.720982056955456,-0.873552783075237));
#3160=CARTESIAN_POINT('Ctrl Pts',(-0.246518875154713,1.71234194966976,-0.952966672445713));
#3161=CARTESIAN_POINT('Ctrl Pts',(1.30536120406685,1.13530908001554,-1.03238056181619));
#3162=CARTESIAN_POINT('Ctrl Pts',(1.66161236142399,-0.481600161271782,-1.11179445118666));
#3163=CARTESIAN_POINT('Ctrl Pts',(0.495928707180454,-1.65739161431887,-1.19120834055714));
#3164=CARTESIAN_POINT('Ctrl Pts',(-1.12399463716887,-1.31511580013315,-1.27062222992762));
#3165=CARTESIAN_POINT('Ctrl Pts',(-1.71440857878637,0.231725266306773,-1.3500361192981));
#3166=CARTESIAN_POINT('Ctrl Pts',(-0.734530186461359,1.56632005254168,-1.42945000866857));
#3167=CARTESIAN_POINT('Ctrl Pts',(0.918132384508466,1.46626267087688,-1.50886389803905));
#3168=CARTESIAN_POINT('Ctrl Pts',(1.72984249391373,0.0231992816373686,-1.58827778740952));
#3169=CARTESIAN_POINT('Ctrl Pts',(0.957123837514954,-1.44111317612667,-1.66769167678));
#3170=CARTESIAN_POINT('Ctrl Pts',(-0.692261058960263,-1.58545510246597,
-1.74710556615047));
#3171=CARTESIAN_POINT('Ctrl Pts',(-1.70757763817262,-0.277618187653195,
-1.82651945552095));
#3172=CARTESIAN_POINT('Ctrl Pts',(-1.15885869426949,1.28449981366151,-1.90593334489142));
#3173=CARTESIAN_POINT('Ctrl Pts',(0.451303149496469,1.67009542124571,-1.98534723426191));
#3174=CARTESIAN_POINT('Ctrl Pts',(1.64809921715817,0.525986898968475,-2.06476112363238));
#3175=CARTESIAN_POINT('Ctrl Pts',(1.33533831895221,-1.09989309526267,-2.14417501300286));
#3176=CARTESIAN_POINT('Ctrl Pts',(-0.200509902842513,-1.71833903131359,
-2.22358890237333));
#3177=CARTESIAN_POINT('Ctrl Pts',(-1.55270345311095,-0.762892675374943,
-2.30300279174381));
#3178=CARTESIAN_POINT('Ctrl Pts',(-1.4827166584182,0.891316194319544,-2.38241668111428));
#3179=CARTESIAN_POINT('Ctrl Pts',(-0.0546530948316696,1.72913454847128,
-2.46183057048476));
#3180=CARTESIAN_POINT('Ctrl Pts',(1.42346932392205,0.98317258470035,-2.54124445985524));
#3181=CARTESIAN_POINT('Ctrl Pts',(1.5977818683368,-0.663314667911079,-2.62065834922571));
#3182=CARTESIAN_POINT('Ctrl Pts',(0.308625027107945,-1.70224670365549,-2.70007223859619));
#3183=CARTESIAN_POINT('Ctrl Pts',(-1.26321325379065,-1.18202602463095,-2.77948612796666));
#3184=CARTESIAN_POINT('Ctrl Pts',(-1.678026310469,0.420857397263384,-2.85890001733714));
#3185=CARTESIAN_POINT('Ctrl Pts',(-0.555871034769869,1.6382614688025,-2.93831390670762));
#3186=CARTESIAN_POINT('Ctrl Pts',(1.07542773409004,1.35511934389856,-3.01772779607809));
#3187=CARTESIAN_POINT('Ctrl Pts',(1.72170120224676,-0.169228300352768,-3.09714168544857));
#3188=CARTESIAN_POINT('Ctrl Pts',(0.791002837982918,-1.53857328644474,-3.17655557481904));
#3189=CARTESIAN_POINT('Ctrl Pts',(-0.864205210793019,-1.49868028648423,
-3.25596946418952));
#3190=CARTESIAN_POINT('Ctrl Pts',(-1.72785472834803,-0.0860888214790903,
-3.33538335355999));
#3191=CARTESIAN_POINT('Ctrl Pts',(-1.00889616410355,1.40535468032645,-3.41479724293047));
#3192=CARTESIAN_POINT('Ctrl Pts',(0.634148897003643,1.60958020113549,-3.49421113230095));
#3193=CARTESIAN_POINT('Ctrl Pts',(1.6963527837942,0.339529793054981,-3.57362502167143));
#3194=CARTESIAN_POINT('Ctrl Pts',(1.20480242193763,-1.24150890917122,-3.6530389110419));
#3195=CARTESIAN_POINT('Ctrl Pts',(-0.390272454247234,-1.68540222466749,
-3.73245280041238));
#3196=CARTESIAN_POINT('Ctrl Pts',(-1.62788189652614,-0.585571326501535,
-3.81186668978285));
#3197=CARTESIAN_POINT('Ctrl Pts',(-1.37445218870212,1.05060669540521,-3.89128057915333));
#3198=CARTESIAN_POINT('Ctrl Pts',(0.137890728779679,1.72449395312796,-3.97069446852381));
#3199=CARTESIAN_POINT('Ctrl Pts',(1.52393426576866,0.81885139132473,-4.05010835789428));
#3200=CARTESIAN_POINT('Ctrl Pts',(1.51414825437741,-0.836808407715971,-4.12952224726476));
#3201=CARTESIAN_POINT('Ctrl Pts',(0.117496075879999,-1.72600345295457,-4.20893613663524));
#3202=CARTESIAN_POINT('Ctrl Pts',(-1.38677524224566,-1.03428607017246,-4.28835002600571));
#3203=CARTESIAN_POINT('Ctrl Pts',(-1.62084619571695,0.604773393336871,-4.36776391537619));
#3204=CARTESIAN_POINT('Ctrl Pts',(-0.370322265943548,1.68989782732707,-4.44717780474666));
#3205=CARTESIAN_POINT('Ctrl Pts',(1.21939395895579,1.22718035362388,-4.52659169411714));
#3206=CARTESIAN_POINT('Ctrl Pts',(1.69222072394897,-0.359558435996051,-4.60600558348761));
#3207=CARTESIAN_POINT('Ctrl Pts',(0.615077951589469,-1.616963933094,-4.68541947285809));
#3208=CARTESIAN_POINT('Ctrl Pts',(-1.02543818842164,-1.39333045943339,-4.76483336222856));
#3209=CARTESIAN_POINT('Ctrl Pts',(-1.72671636024226,0.106507552455352,-4.84424725159904));
#3210=CARTESIAN_POINT('Ctrl Pts',(-0.846429125052353,1.50879123264997,-4.92366114096952));
#3211=CARTESIAN_POINT('Ctrl Pts',(0.809134846081127,1.52911544636616,-5.00307503033999));
#3212=CARTESIAN_POINT('Ctrl Pts',(1.7235813345557,0.148864470675514,-5.08248891971047));
#3213=CARTESIAN_POINT('Ctrl Pts',(1.05933390568076,-1.36773715447576,-5.16190280908095));
#3214=CARTESIAN_POINT('Ctrl Pts',(-0.575197872305793,-1.63157612606743,
-5.24131669845143));
#3215=CARTESIAN_POINT('Ctrl Pts',(-1.68288396910747,-0.400992261745006,
-5.32073058782189));
#3216=CARTESIAN_POINT('Ctrl Pts',(-1.24915241861268,1.19687571724569,-5.40014447719239));
#3217=CARTESIAN_POINT('Ctrl Pts',(0.328725500590967,1.69847955322386,-5.47955836656284));
#3218=CARTESIAN_POINT('Ctrl Pts',(1.60551118941582,0.644381151275309,-5.55897225593333));
#3219=CARTESIAN_POINT('Ctrl Pts',(1.41174791246141,-0.99993053714703,-5.6383861453038));
#3220=CARTESIAN_POINT('Ctrl Pts',(-0.0750891507719672,-1.72836768857053,
-5.71780003467428));
#3221=CARTESIAN_POINT('Ctrl Pts',(-1.4931491953605,-0.873726918351833,-5.79721392404475));
#3222=CARTESIAN_POINT('Ctrl Pts',(-1.54357691233476,0.781193678395697,-5.87662781341523));
#3223=CARTESIAN_POINT('Ctrl Pts',(-0.180183631362215,1.72058917422127,-5.95604170278571));
#3224=CARTESIAN_POINT('Ctrl Pts',(1.34824671350427,1.0840313865305,-6.03545559215618));
#3225=CARTESIAN_POINT('Ctrl Pts',(1.64176644346535,-0.545432115454744,-6.11486948152666));
#3226=CARTESIAN_POINT('Ctrl Pts',(0.431529636938178,-1.67531352883641,-6.19428337089714));
#3227=CARTESIAN_POINT('Ctrl Pts',(-1.1739616315236,-1.27071135005899,-6.27369726026761));
#3228=CARTESIAN_POINT('Ctrl Pts',(-1.70417664250272,0.297783845442368,-6.35311114963809));
#3229=CARTESIAN_POINT('Ctrl Pts',(-0.67347123407984,1.59352745327003,-6.43252503900856));
#3230=CARTESIAN_POINT('Ctrl Pts',(0.97409217775475,1.42969845656184,-6.51193892837904));
#3231=CARTESIAN_POINT('Ctrl Pts',(1.72944739196716,-0.0436459147718115,
-6.59135281774952));
#3232=CARTESIAN_POINT('Ctrl Pts',(0.900735742994196,-1.47701332720832,-6.67076670711999));
#3233=CARTESIAN_POINT('Ctrl Pts',(-0.752994145672573,-1.55752786942679,
-6.75018059649047));
#3234=CARTESIAN_POINT('Ctrl Pts',(-1.71702796155173,-0.211443199719889,
-6.82959448586094));
#3235=CARTESIAN_POINT('Ctrl Pts',(-1.10837034449688,1.328310365426,-6.90900837523142));
#3236=CARTESIAN_POINT('Ctrl Pts',(0.515485967244976,1.65141377765596,-6.9884222646019));
#3237=CARTESIAN_POINT('Ctrl Pts',(1.66718901029384,0.461924291863579,-7.06783615397236));
#3238=CARTESIAN_POINT('Ctrl Pts',(1.29185001775391,-1.15065928018997,-7.14725004334286));
#3239=CARTESIAN_POINT('Ctrl Pts',(-0.266743703917656,-1.70931010758122,
-7.22666393271332));
#3240=CARTESIAN_POINT('Ctrl Pts',(-1.5810166880507,-0.702338579007824,-7.3060778220838));
#3241=CARTESIAN_POINT('Ctrl Pts',(-1.44717615493177,0.947931655792819,-7.38549171145428));
#3242=CARTESIAN_POINT('Ctrl Pts',(0.0121882437108778,1.72995511334213,-7.46490560082474));
#3243=CARTESIAN_POINT('Ctrl Pts',(1.46038896482625,0.927446666318624,-7.54431949019523));
#3244=CARTESIAN_POINT('Ctrl Pts',(1.57096370362786,-0.724545574368726,-7.6237333795657));
#3245=CARTESIAN_POINT('Ctrl Pts',(0.242632837235737,-1.71289887436083,-7.70314726893618));
#3246=CARTESIAN_POINT('Ctrl Pts',(-1.30793470380796,-1.13234272991081,-7.78256115830665));
#3247=CARTESIAN_POINT('Ctrl Pts',(-1.66051493797182,0.485369331762782,-7.86197504767714));
#3248=CARTESIAN_POINT('Ctrl Pts',(-0.492166174052539,1.65851310057899,-7.94138893704759));
#3249=CARTESIAN_POINT('Ctrl Pts',(1.12697637003546,1.312561430353,-8.0208028264181));
#3250=CARTESIAN_POINT('Ctrl Pts',(1.71387825070355,-0.235615341710171,-8.10021671578855));
#3251=CARTESIAN_POINT('Ctrl Pts',(0.730973638653487,-1.56798303192509,-8.17963060515904));
#3252=CARTESIAN_POINT('Ctrl Pts',(-0.921457623212424,-1.46417522626363,
-8.25904449452951));
#3253=CARTESIAN_POINT('Ctrl Pts',(-1.72989068505498,-0.0192734600699887,
-8.3384583839));
#3254=CARTESIAN_POINT('Ctrl Pts',(-0.953850853662807,1.4432816096157,-8.41787227327045));
#3255=CARTESIAN_POINT('Ctrl Pts',(0.695857372305545,1.58387996519726,-8.49728616264095));
#3256=CARTESIAN_POINT('Ctrl Pts',(1.70820328017603,0.273742240098261,-8.57670005201141));
#3257=CARTESIAN_POINT('Ctrl Pts',(1.15594061073161,-1.28712648949186,-8.6561139413819));
#3258=CARTESIAN_POINT('Ctrl Pts',(-0.455092162626326,-1.6690668726367,-8.73552783075237));
#3259=CARTESIAN_POINT('Ctrl Pts',(-1.64928868216992,-0.522245360848206,
-8.81494172012285));
#3260=CARTESIAN_POINT('Ctrl Pts',(-1.33283871309655,1.10292088429558,-8.89435560949332));
#3261=CARTESIAN_POINT('Ctrl Pts',(0.204409006737694,1.71787927509028,-8.9737694988638));
#3262=CARTESIAN_POINT('Ctrl Pts',(1.55443088517197,0.759367485607262,-9.05318338823427));
#3263=CARTESIAN_POINT('Ctrl Pts',(1.48068987818075,-0.894679867271901,-9.13259727760475));
#3264=CARTESIAN_POINT('Ctrl Pts',(0.0507291145643154,-1.72925216939055,
-9.21201116697523));
#3265=CARTESIAN_POINT('Ctrl Pts',(-1.42569753364672,-0.979943293015098,
-9.2914250563457));
#3266=CARTESIAN_POINT('Ctrl Pts',(-1.59627121592881,0.666946094051287,-9.37083894571618));
#3267=CARTESIAN_POINT('Ctrl Pts',(-0.304763334739089,1.70292931094856,-9.45025283508665));
#3268=CARTESIAN_POINT('Ctrl Pts',(1.26589681176682,1.1791816723373,-9.52966672445713));
#3269=CARTESIAN_POINT('Ctrl Pts',(1.67705876242342,-0.42471288563411,-9.60908061382762));
#3270=CARTESIAN_POINT('Ctrl Pts',(0.552167080722783,-1.63942685507232,-9.68849450319807));
#3271=CARTESIAN_POINT('Ctrl Pts',(-1.07852960304341,-1.35284983088579,-9.76790839256856));
#3272=CARTESIAN_POINT('Ctrl Pts',(-1.72125711283277,0.173467051071759,-9.84732228193903));
#3273=CARTESIAN_POINT('Ctrl Pts',(-0.787614705912775,1.53973168021209,-9.92673617130951));
#3274=CARTESIAN_POINT('Ctrl Pts',(0.867804753623935,1.49793770222007,-10.00615006068));
#3275=CARTESIAN_POINT('Ctrl Pts',(1.72766372597303,0.0796701191998964,-10.0855639500505));
#3276=CARTESIAN_POINT('Ctrl Pts',(1.24689767902933,-0.907789837734443,-10.1385065429641));
#3277=CARTESIAN_POINT('Ctrl Pts',(0.850780204044505,-1.19080027477575,-10.1649778394209));
#3278=CARTESIAN_POINT('',(0.634007094575252,1.31904027763683,-10.));
#3279=CARTESIAN_POINT('Ctrl Pts',(0.635547607861957,1.32093120463483,-10.));
#3280=CARTESIAN_POINT('Ctrl Pts',(0.66788487742797,1.3016703896886,-10.));
#3281=CARTESIAN_POINT('Ctrl Pts',(0.699350604701437,1.28112420315716,-10.));
#3282=CARTESIAN_POINT('Ctrl Pts',(0.729860036638267,1.259292357216,-10.));
#3283=CARTESIAN_POINT('Ctrl Pts',(0.776806192691487,1.22569877053089,-10.));
#3284=CARTESIAN_POINT('Ctrl Pts',(0.821490296953465,1.18906261116512,-10.));
#3285=CARTESIAN_POINT('Ctrl Pts',(0.863778409880925,1.14970978088489,-10.));
#3286=CARTESIAN_POINT('Ctrl Pts',(0.900737301247064,1.11531626274016,-9.99999999999999));
#3287=CARTESIAN_POINT('Ctrl Pts',(0.935865653137613,1.07884650239658,-10.));
#3288=CARTESIAN_POINT('Ctrl Pts',(0.969046259192374,1.04050087269473,-10.));
#3289=CARTESIAN_POINT('Ctrl Pts',(0.984133345884622,1.02306527074624,-10.));
#3290=CARTESIAN_POINT('Ctrl Pts',(0.998817362285338,1.00524167644084,-10.));
#3291=CARTESIAN_POINT('Ctrl Pts',(1.01308531457447,0.98704836070093,-10.));
#3292=CARTESIAN_POINT('Ctrl Pts',(1.02263127709946,0.974876136772837,-10.));
#3293=CARTESIAN_POINT('Ctrl Pts',(1.03199097213477,0.962538409778145,-10.));
#3294=CARTESIAN_POINT('Ctrl Pts',(1.04116017890379,0.950040616484063,-10.));
#3295=CARTESIAN_POINT('Ctrl Pts',(1.04756876739985,0.941305595413178,-10.));
#3296=CARTESIAN_POINT('Ctrl Pts',(1.05387956846788,0.93249875016375,-10.));
#3297=CARTESIAN_POINT('Ctrl Pts',(1.06008804788211,0.923627410750142,-10.));
#3298=CARTESIAN_POINT('Ctrl Pts',(1.09270151600769,0.877025799325943,-10.));
#3299=CARTESIAN_POINT('Ctrl Pts',(1.12252814657021,0.828601651737427,-10.));
#3300=CARTESIAN_POINT('Ctrl Pts',(1.14943079923084,0.778657268239222,-10.));
#3301=CARTESIAN_POINT('Ctrl Pts',(1.17612289223107,0.729103785688976,-10.));
#3302=CARTESIAN_POINT('Ctrl Pts',(1.19993691323612,0.67805264254327,-10.));
#3303=CARTESIAN_POINT('Ctrl Pts',(1.2206898672541,0.625785977923892,-10.));
#3304=CARTESIAN_POINT('Ctrl Pts',(1.23849641422111,0.580939889143105,-10.));
#3305=CARTESIAN_POINT('Ctrl Pts',(1.25404872590374,0.53519833657335,-10.));
#3306=CARTESIAN_POINT('Ctrl Pts',(1.26719938482659,0.48874100918997,-10.));
#3307=CARTESIAN_POINT('Ctrl Pts',(1.26967257055052,0.480003986997366,-10.));
#3308=CARTESIAN_POINT('Ctrl Pts',(1.27206103783259,0.47124046714188,-10.));
#3309=CARTESIAN_POINT('Ctrl Pts',(1.27436270109086,0.462455429500034,-10.));
#3310=CARTESIAN_POINT('Ctrl Pts',(1.28815786505873,0.409801752078748,-10.));
#3311=CARTESIAN_POINT('Ctrl Pts',(1.2987821397979,0.356595871210743,-10.));
#3312=CARTESIAN_POINT('Ctrl Pts',(1.306085744591,0.303100598620617,-10.));
#3313=CARTESIAN_POINT('Ctrl Pts',(1.31316002568545,0.251285008066815,-10.));
#3314=CARTESIAN_POINT('Ctrl Pts',(1.31711890108028,0.199197031698246,-10.));
#3315=CARTESIAN_POINT('Ctrl Pts',(1.31777816833933,0.147079289385258,-10.));
#3316=CARTESIAN_POINT('Ctrl Pts',(1.31813622227418,0.118773678185939,-10.));
#3317=CARTESIAN_POINT('Ctrl Pts',(1.31752015604853,0.0904594307733566,-10.));
#3318=CARTESIAN_POINT('Ctrl Pts',(1.31589420035866,0.0621772481903925,-10.));
#3319=CARTESIAN_POINT('Ctrl Pts',(1.3143400243917,0.0351436157626905,-10.));
#3320=CARTESIAN_POINT('Ctrl Pts',(1.31186302494402,0.00813925845551776,
-10.));
#3321=CARTESIAN_POINT('Ctrl Pts',(1.30847961961686,-0.0187980597424329,
-10.));
#3322=CARTESIAN_POINT('Ctrl Pts',(1.30721357864644,-0.0288777709132758,
-10.));
#3323=CARTESIAN_POINT('Ctrl Pts',(1.30582019281196,-0.0389507169102828,
-10.));
#3324=CARTESIAN_POINT('Ctrl Pts',(1.30430156023307,-0.0490061875671917,
-10.));
#3325=CARTESIAN_POINT('Ctrl Pts',(1.29643179604874,-0.101115028067513,-10.));
#3326=CARTESIAN_POINT('Ctrl Pts',(1.2852276499078,-0.152604882224969,-10.));
#3327=CARTESIAN_POINT('Ctrl Pts',(1.27088341252635,-0.203222697354274,-10.));
#3328=CARTESIAN_POINT('Ctrl Pts',(1.25644927913909,-0.254157736695825,-10.));
#3329=CARTESIAN_POINT('Ctrl Pts',(1.23883483955192,-0.304210772969747,-10.));
#3330=CARTESIAN_POINT('Ctrl Pts',(1.21819107912027,-0.353099750120644,-10.));
#3331=CARTESIAN_POINT('Ctrl Pts',(1.20490426514786,-0.384565855671345,-10.));
#3332=CARTESIAN_POINT('Ctrl Pts',(1.1903616320157,-0.415549214505112,-10.));
#3333=CARTESIAN_POINT('Ctrl Pts',(1.17459537801566,-0.445966459643062,-10.));
#3334=CARTESIAN_POINT('Ctrl Pts',(1.16391810939844,-0.466565715302211,-10.));
#3335=CARTESIAN_POINT('Ctrl Pts',(1.15267952516221,-0.486905194788184,-10.));
#3336=CARTESIAN_POINT('Ctrl Pts',(1.14088833049085,-0.506956900709758,-10.));
#3337=CARTESIAN_POINT('Ctrl Pts',(1.13566244704027,-0.515843860941711,-10.));
#3338=CARTESIAN_POINT('Ctrl Pts',(1.1303327762302,-0.524666136562672,-9.99999999999999));
#3339=CARTESIAN_POINT('Ctrl Pts',(1.12490114989479,-0.533420671700488,-9.99999999999999));
#3340=CARTESIAN_POINT('Ctrl Pts',(1.09765390814721,-0.577336972373171,-9.99999999999999));
#3341=CARTESIAN_POINT('Ctrl Pts',(1.06783865935396,-0.619560343682199,-10.));
#3342=CARTESIAN_POINT('Ctrl Pts',(1.03558912955446,-0.659812663439384,-10.));
#3343=CARTESIAN_POINT('Ctrl Pts',(1.010635046789,-0.69095915534074,-10.));
#3344=CARTESIAN_POINT('Ctrl Pts',(0.984222610700405,-0.720924936918412,
-10.));
#3345=CARTESIAN_POINT('Ctrl Pts',(0.9564024540167,-0.749562184490789,-10.));
#3346=CARTESIAN_POINT('Ctrl Pts',(0.945205796671302,-0.761087692848945,
-10.));
#3347=CARTESIAN_POINT('Ctrl Pts',(0.933776883997928,-0.772401460105805,
-10.));
#3348=CARTESIAN_POINT('Ctrl Pts',(0.922142177379872,-0.783471435760602,
-10.));
#3349=CARTESIAN_POINT('Ctrl Pts',(0.886373618790398,-0.817503842918868,
-10.));
#3350=CARTESIAN_POINT('Ctrl Pts',(0.848629021760967,-0.849272150170668,
-10.));
#3351=CARTESIAN_POINT('Ctrl Pts',(0.809016494417724,-0.878507375123435,
-10.));
#3352=CARTESIAN_POINT('Ctrl Pts',(0.769403967074481,-0.907742600076203,
-10.));
#3353=CARTESIAN_POINT('Ctrl Pts',(0.727922862377552,-0.93444543838505,-10.));
#3354=CARTESIAN_POINT('Ctrl Pts',(0.684664424539382,-0.958295198918453,
-10.));
#3355=CARTESIAN_POINT('Ctrl Pts',(1.46326620866413,-0.00135480675343012,
-9.58934495415709));
#3356=CARTESIAN_POINT('Ctrl Pts',(1.46436313145469,-0.122353243934596,-9.5959235073806));
#3357=CARTESIAN_POINT('Ctrl Pts',(1.45061208956841,-0.243104346014979,-9.6025020606041));
#3358=CARTESIAN_POINT('Ctrl Pts',(1.42104982369722,-0.359849454211909,-9.60908061382761));
#3359=CARTESIAN_POINT('Ctrl Pts',(1.30209486852321,-0.829617542113514,-9.63555191028443));
#3360=CARTESIAN_POINT('Ctrl Pts',(0.927130974622998,-1.23452219859292,-9.66202320674125));
#3361=CARTESIAN_POINT('Ctrl Pts',(0.467866247045191,-1.3892116894682,-9.68849450319808));
#3362=CARTESIAN_POINT('Ctrl Pts',(0.00860151946738288,-1.54390118034348,
-9.7149657996549));
#3363=CARTESIAN_POINT('Ctrl Pts',(-0.534964041788012,-1.44837550561463,
-9.74143709611173));
#3364=CARTESIAN_POINT('Ctrl Pts',(-0.913868074047273,-1.14622652125729,
-9.76790839256856));
#3365=CARTESIAN_POINT('Ctrl Pts',(-1.29277210630653,-0.844077536899942,
-9.79437968902539));
#3366=CARTESIAN_POINT('Ctrl Pts',(-1.50701460956965,-0.335305242914086,
-9.8208509854822));
#3367=CARTESIAN_POINT('Ctrl Pts',(-1.45852879338121,0.146791675602222,-9.84732228193903));
#3368=CARTESIAN_POINT('Ctrl Pts',(-1.41004297719277,0.628888594118537,-9.87379357839585));
#3369=CARTESIAN_POINT('Ctrl Pts',(-1.09882884155278,1.08431013716531,-9.90026487485268));
#3370=CARTESIAN_POINT('Ctrl Pts',(-0.667318530476657,1.30505524569003,-9.92673617130951));
#3371=CARTESIAN_POINT('Ctrl Pts',(-0.269225731352104,1.50870516062835,-9.95115744753968));
#3372=CARTESIAN_POINT('Ctrl Pts',(0.231252485944951,1.51261934168597,-9.97557872376984));
#3373=CARTESIAN_POINT('Ctrl Pts',(0.635547607861958,1.32093120463483,-10.));
#3374=CARTESIAN_POINT('',(0.684664424539439,-0.958295198918412,0.));
#3375=CARTESIAN_POINT('Ctrl Pts',(0.686146705618227,-0.959581822511036,
-7.63278329429795E-17));
#3376=CARTESIAN_POINT('Ctrl Pts',(0.7130481040839,-0.944955181628398,-7.22194524516573E-17));
#3377=CARTESIAN_POINT('Ctrl Pts',(0.739286363490531,-0.929242866530019,
1.73483437877128E-17));
#3378=CARTESIAN_POINT('Ctrl Pts',(0.764787360131522,-0.912459905128376,
4.33680868994202E-17));
#3379=CARTESIAN_POINT('Ctrl Pts',(0.805084919782451,-0.885938887235498,
1.04434707695053E-16));
#3380=CARTESIAN_POINT('Ctrl Pts',(0.843542826533076,-0.856747027332067,
-4.11519878671837E-17));
#3381=CARTESIAN_POINT('Ctrl Pts',(0.880089261088468,-0.825181859596442,
-1.73472347597681E-17));
#3382=CARTESIAN_POINT('Ctrl Pts',(0.895381956818058,-0.811973553185519,
-7.38623991530657E-18));
#3383=CARTESIAN_POINT('Ctrl Pts',(0.91033974326515,-0.798349093692074,1.56572458849312E-16));
#3384=CARTESIAN_POINT('Ctrl Pts',(0.924956275913537,-0.78432790315679,1.66533453693773E-16));
#3385=CARTESIAN_POINT('Ctrl Pts',(0.935752604414848,-0.773971317047081,
1.73891024406861E-16));
#3386=CARTESIAN_POINT('Ctrl Pts',(0.946365496122522,-0.763395113492959,
1.17545051631899E-16));
#3387=CARTESIAN_POINT('Ctrl Pts',(0.956772935141641,-0.75262738862224,9.71445146547012E-17));
#3388=CARTESIAN_POINT('Ctrl Pts',(0.991947399495121,-0.716235250850655,
2.81959520565422E-17));
#3389=CARTESIAN_POINT('Ctrl Pts',(1.02481988708989,-0.677620371549836,-4.76929690257464E-17));
#3390=CARTESIAN_POINT('Ctrl Pts',(1.05530992869419,-0.637107547944105,-3.46944695195361E-17));
#3391=CARTESIAN_POINT('Ctrl Pts',(1.07687005590997,-0.608460108162108,-2.5502966713304E-17));
#3392=CARTESIAN_POINT('Ctrl Pts',(1.09723854029919,-0.578862480010244,5.37315618071545E-17));
#3393=CARTESIAN_POINT('Ctrl Pts',(1.11637877325159,-0.548416224826757,2.77555756156289E-17));
#3394=CARTESIAN_POINT('Ctrl Pts',(1.12381556664058,-0.536586561633474,1.76628017783464E-17));
#3395=CARTESIAN_POINT('Ctrl Pts',(1.13106685377639,-0.524628682807747,2.15726804795726E-16));
#3396=CARTESIAN_POINT('Ctrl Pts',(1.1381301498035,-0.512548184582316,2.15105711021124E-16));
#3397=CARTESIAN_POINT('Ctrl Pts',(1.1435204107687,-0.503329112101868,2.14631731519752E-16));
#3398=CARTESIAN_POINT('Ctrl Pts',(1.14879827408171,-0.494043480415195,2.99188014602717E-16));
#3399=CARTESIAN_POINT('Ctrl Pts',(1.15395930765595,-0.484700831577695,2.84494650060196E-16));
#3400=CARTESIAN_POINT('Ctrl Pts',(1.17937716069545,-0.438688715644823,2.12130505315638E-16));
#3401=CARTESIAN_POINT('Ctrl Pts',(1.20199230576812,-0.391248298814253,1.23149344832962E-16));
#3402=CARTESIAN_POINT('Ctrl Pts',(1.22171870171567,-0.34270836674446,1.2490009027033E-16));
#3403=CARTESIAN_POINT('Ctrl Pts',(1.24179544991263,-0.293306337288368,1.26681929963526E-16));
#3404=CARTESIAN_POINT('Ctrl Pts',(1.25888069859463,-0.242764491247492,1.6512854373833E-16));
#3405=CARTESIAN_POINT('Ctrl Pts',(1.27284731615604,-0.191391041980946,1.52655665885959E-16));
#3406=CARTESIAN_POINT('Ctrl Pts',(1.2807607823144,-0.162282916808768,1.4558855057703E-16));
#3407=CARTESIAN_POINT('Ctrl Pts',(1.28767234000262,-0.132907197961717,-5.03175616747956E-18));
#3408=CARTESIAN_POINT('Ctrl Pts',(1.29355234511122,-0.10331636857354,-5.55111512312578E-17));
#3409=CARTESIAN_POINT('Ctrl Pts',(1.29693241452335,-0.0863063395944507,
-8.45287891493368E-17));
#3410=CARTESIAN_POINT('Ctrl Pts',(1.29997152235241,-0.0692251900796776,
1.1638824981436E-16));
#3411=CARTESIAN_POINT('Ctrl Pts',(1.30266322842384,-0.0520826576595923,
1.2490009027033E-16));
#3412=CARTESIAN_POINT('Ctrl Pts',(1.30415796849004,-0.0425631821431333,
1.29626828119498E-16));
#3413=CARTESIAN_POINT('Ctrl Pts',(1.30554536554606,-0.0330254088542126,
1.01334123202828E-16));
#3414=CARTESIAN_POINT('Ctrl Pts',(1.30682279170892,-0.0234843960004436,
9.71445146547012E-17));
#3415=CARTESIAN_POINT('Ctrl Pts',(1.31409598509089,0.0308386119062613,7.32904289539401E-17));
#3416=CARTESIAN_POINT('Ctrl Pts',(1.31782585763846,0.0853755637741497,2.89937002688736E-16));
#3417=CARTESIAN_POINT('Ctrl Pts',(1.3178971258907,0.139797007785701,2.22044604925031E-16));
#3418=CARTESIAN_POINT('Ctrl Pts',(1.3179084361762,0.148433701539477,2.11270068189655E-16));
#3419=CARTESIAN_POINT('Ctrl Pts',(1.31782751068791,0.157067541634149,-1.87311827336595E-17));
#3420=CARTESIAN_POINT('Ctrl Pts',(1.31765378178422,0.165697267859068,-1.38777878078145E-17));
#3421=CARTESIAN_POINT('Ctrl Pts',(1.31659754032166,0.218164499597301,1.50398517396663E-17));
#3422=CARTESIAN_POINT('Ctrl Pts',(1.31211515483262,0.270478983025086,-5.31140318219034E-18));
#3423=CARTESIAN_POINT('Ctrl Pts',(1.30440927423746,0.322422869742017,0.));
#3424=CARTESIAN_POINT('Ctrl Pts',(1.30037141527875,0.349641314894357,2.78315977747752E-18));
#3425=CARTESIAN_POINT('Ctrl Pts',(1.29544759993031,0.376758154167699,1.96415698056756E-16));
#3426=CARTESIAN_POINT('Ctrl Pts',(1.28966147305942,0.403742376038567,2.08166817117217E-16));
#3427=CARTESIAN_POINT('Ctrl Pts',(1.28618013964964,0.419977946953592,2.15237101661645E-16));
#3428=CARTESIAN_POINT('Ctrl Pts',(1.28238657344633,0.436165509282633,1.57865349234485E-16));
#3429=CARTESIAN_POINT('Ctrl Pts',(1.27828530037185,0.452298249234339,1.52655665885959E-16));
#3430=CARTESIAN_POINT('Ctrl Pts',(1.27572963931886,0.462351180220358,1.49409311744101E-16));
#3431=CARTESIAN_POINT('Ctrl Pts',(1.27305389005344,0.472384620736509,-1.14883521215569E-16));
#3432=CARTESIAN_POINT('Ctrl Pts',(1.27026400389469,0.482380198510774,-9.71445146547012E-17));
#3433=CARTESIAN_POINT('Ctrl Pts',(1.25552786636211,0.535176692854126,-3.44734369586514E-18));
#3434=CARTESIAN_POINT('Ctrl Pts',(1.23758823312627,0.587014286660777,-1.07960303411573E-16));
#3435=CARTESIAN_POINT('Ctrl Pts',(1.21668509983997,0.637657324609417,-1.11022302462516E-16));
#3436=CARTESIAN_POINT('Ctrl Pts',(1.19532379990456,0.689410385188602,-1.14151416133333E-16));
#3437=CARTESIAN_POINT('Ctrl Pts',(1.17086744842345,0.739916904073211,2.11734681412902E-16));
#3438=CARTESIAN_POINT('Ctrl Pts',(1.14351720489929,0.788925927807534,2.63677968348475E-16));
#3439=CARTESIAN_POINT('Ctrl Pts',(1.12812522475727,0.816506885886846,2.92910250697906E-16));
#3440=CARTESIAN_POINT('Ctrl Pts',(1.1118157427598,0.843613496944608,9.34124938182799E-17));
#3441=CARTESIAN_POINT('Ctrl Pts',(1.09461764658244,0.870199309320705,1.11022302462516E-16));
#3442=CARTESIAN_POINT('Ctrl Pts',(1.08386179438511,0.886826328120585,1.22035643535112E-16));
#3443=CARTESIAN_POINT('Ctrl Pts',(1.07275827570891,0.90324961171638,1.30628005684423E-16));
#3444=CARTESIAN_POINT('Ctrl Pts',(1.06131324125086,0.919457357118179,1.38777878078145E-16));
#3445=CARTESIAN_POINT('Ctrl Pts',(1.0555392144739,0.927634174434646,1.42889493609111E-16));
#3446=CARTESIAN_POINT('Ctrl Pts',(1.04967825398436,0.935756126665658,-2.80889498478694E-17));
#3447=CARTESIAN_POINT('Ctrl Pts',(1.0437310850259,0.943821657049943,-2.77555756156289E-17));
#3448=CARTESIAN_POINT('Ctrl Pts',(1.03744381179811,0.952348435691543,-2.74031365139591E-17));
#3449=CARTESIAN_POINT('Ctrl Pts',(1.0310658850775,0.960804389193383,-1.19245881501479E-16));
#3450=CARTESIAN_POINT('Ctrl Pts',(1.02460067888493,0.969185455782205,-1.11022302462516E-16));
#3451=CARTESIAN_POINT('Ctrl Pts',(0.989021303851184,1.01530820925123,-6.57662357522245E-17));
#3452=CARTESIAN_POINT('Ctrl Pts',(0.95078454487806,1.05918869584956,2.13773645769484E-16));
#3453=CARTESIAN_POINT('Ctrl Pts',(0.91011136765424,1.1005658712434,1.38777878078145E-16));
#3454=CARTESIAN_POINT('Ctrl Pts',(0.868871441546918,1.14251960518412,6.2737103074677E-17));
#3455=CARTESIAN_POINT('Ctrl Pts',(0.825126311230429,1.18190094519428,1.71137309847418E-16));
#3456=CARTESIAN_POINT('Ctrl Pts',(0.7790561935677,1.21841684343467,2.4980018054066E-16));
#3457=CARTESIAN_POINT('Ctrl Pts',(0.73298607590497,1.25493274167505,3.28463051233903E-16));
#3458=CARTESIAN_POINT('Ctrl Pts',(0.684590425224714,1.28858438431415,-5.24419137954949E-18));
#3459=CARTESIAN_POINT('Ctrl Pts',(0.634007094575211,1.31904027763685,0.));
#3460=CARTESIAN_POINT('Ctrl Pts',(0.686146705618222,-0.959581822511039,
-4.97377746627725E-16));
#3461=CARTESIAN_POINT('Ctrl Pts',(0.392058284826784,-1.16734360799186,-0.0244212762301646));
#3462=CARTESIAN_POINT('Ctrl Pts',(-0.435965572564487,-1.30478727976008,
-0.075313848917154));
#3463=CARTESIAN_POINT('Ctrl Pts',(-1.34073154608427,-0.375032399770698,
-0.152677718060969));
#3464=CARTESIAN_POINT('Ctrl Pts',(-1.0417609751563,0.923764435050282,-0.232091607431445));
#3465=CARTESIAN_POINT('Ctrl Pts',(0.211564285953422,1.37597828761141,-0.311505496801921));
#3466=CARTESIAN_POINT('Ctrl Pts',(1.06661132835335,0.72399516390885,-0.375597332570159));
#3467=CARTESIAN_POINT('Ctrl Pts',(1.17662800883553,0.16608014342277,-0.413217871881572));
#3468=CARTESIAN_POINT('Ctrl Pts',(1.17600717786565,0.000500489354766688,
-0.424367114736159));
#3469=CARTESIAN_POINT('Origin',(0.,0.,0.924367114736152));
#3470=CARTESIAN_POINT('',(-0.684664424539459,-0.958295198918398,0.));
#3471=CARTESIAN_POINT('Origin',(0.,0.,0.));
#3472=CARTESIAN_POINT('Ctrl Pts',(-0.684664424539458,-0.958295198918399,
1.80411241501588E-15));
#3473=CARTESIAN_POINT('Ctrl Pts',(-1.0034395227037,-0.730542863950567,-0.0264712964568236));
#3474=CARTESIAN_POINT('Ctrl Pts',(-1.39033578050885,0.0641138946147019,
-0.0794138893704745));
#3475=CARTESIAN_POINT('Ctrl Pts',(-0.698364695226925,1.20546401697721,-0.15882777874095));
#3476=CARTESIAN_POINT('Ctrl Pts',(0.633831943774707,1.23909710635369,-0.238241668111427));
#3477=CARTESIAN_POINT('Ctrl Pts',(1.1598887575867,0.469281558766215,-0.293843370285724));
#3478=CARTESIAN_POINT('Ctrl Pts',(1.17945502392175,0.039969323324197,-0.322973776003196));
#3479=CARTESIAN_POINT('Ctrl Pts',(1.1791876024052,0.000754126964972184,
-0.325632885263843));
#3480=CARTESIAN_POINT('Ctrl Pts',(-0.850780204044548,-1.19080027477571,
0.164977839420937));
#3481=CARTESIAN_POINT('Ctrl Pts',(-1.24689767902937,-0.907789837734398,
0.138506542964112));
#3482=CARTESIAN_POINT('Ctrl Pts',(-1.72766411783036,0.0796694415356161,
0.0855639500504612));
#3483=CARTESIAN_POINT('Ctrl Pts',(-0.867804484368195,1.49793809284324,0.00615006067998528));
#3484=CARTESIAN_POINT('Ctrl Pts',(0.78761456142156,1.53973136501689,-0.0732638286904908));
#3485=CARTESIAN_POINT('Ctrl Pts',(1.7212571272271,0.173467219822509,-0.152677718060967));
#3486=CARTESIAN_POINT('Ctrl Pts',(1.07852954528992,-1.35284990222145,-0.232091607431443));
#3487=CARTESIAN_POINT('Ctrl Pts',(-0.55216705217708,-1.63942674625157,-0.311505496801919));
#3488=CARTESIAN_POINT('Ctrl Pts',(-1.67705872426751,-0.424712913174528,
-0.390919386172395));
#3489=CARTESIAN_POINT('Ctrl Pts',(-1.26589677501104,1.17918166378266,-0.470333275542871));
#3490=CARTESIAN_POINT('Ctrl Pts',(0.30476332523567,1.70292925228097,-0.549747164913347));
#3491=CARTESIAN_POINT('Ctrl Pts',(1.59627117402084,0.666946083952714,-0.629161054283824));
#3492=CARTESIAN_POINT('Ctrl Pts',(1.4256974953991,-0.97994327129778,-0.708574943654299));
#3493=CARTESIAN_POINT('Ctrl Pts',(-0.0507291131036148,-1.72925212082698,
-0.787988833024776));
#3494=CARTESIAN_POINT('Ctrl Pts',(-1.48068983877578,-0.894679844848354,
-0.867402722395251));
#3495=CARTESIAN_POINT('Ctrl Pts',(-1.55443084374803,0.759367466171649,-0.946816611765728));
#3496=CARTESIAN_POINT('Ctrl Pts',(-0.204409001294495,1.71787922888004,-1.0262305011362));
#3497=CARTESIAN_POINT('Ctrl Pts',(1.33283867758804,1.10292085516179,-1.10564439050668));
#3498=CARTESIAN_POINT('Ctrl Pts',(1.64928863823392,-0.522245347073765,-1.18505827987716));
#3499=CARTESIAN_POINT('Ctrl Pts',(0.455092150500778,-1.66906682809521,-1.26447216924763));
#3500=CARTESIAN_POINT('Ctrl Pts',(-1.15594057993566,-1.28712645524467,-1.34388605861811));
#3501=CARTESIAN_POINT('Ctrl Pts',(-1.70820323466951,0.273742232829168,-1.42329994798859));
#3502=CARTESIAN_POINT('Ctrl Pts',(-0.695857353767003,1.58387992298906,-1.50271383735906));
#3503=CARTESIAN_POINT('Ctrl Pts',(0.9538508282515,1.44328157117309,-1.58212772672954));
#3504=CARTESIAN_POINT('Ctrl Pts',(1.72989063897009,-0.0192734595604943,
-1.66154161610001));
#3505=CARTESIAN_POINT('Ctrl Pts',(0.921457598664204,-1.46417518725521,-1.74095550547049));
#3506=CARTESIAN_POINT('Ctrl Pts',(-0.730973619179982,-1.56798299015444,
-1.82036939484096));
#3507=CARTESIAN_POINT('Ctrl Pts',(-1.71387820504508,-0.235615335432584,
-1.89978328421144));
#3508=CARTESIAN_POINT('Ctrl Pts',(-1.12697634001223,1.31256139538544,-1.97919717358191));
#3509=CARTESIAN_POINT('Ctrl Pts',(0.492166160941033,1.65851305639561,-2.05861106295239));
#3510=CARTESIAN_POINT('Ctrl Pts',(1.66051489373496,0.485369318832171,-2.13802495232287));
#3511=CARTESIAN_POINT('Ctrl Pts',(1.30793466896394,-1.13234269974466,-2.21743884169334));
#3512=CARTESIAN_POINT('Ctrl Pts',(-0.242632830771928,-1.71289882872843,
-2.29685273106382));
#3513=CARTESIAN_POINT('Ctrl Pts',(-1.57096366177668,-0.724545555066438,
-2.3762666204343));
#3514=CARTESIAN_POINT('Ctrl Pts',(-1.46038892592079,0.927446641611046,-2.45568050980477));
#3515=CARTESIAN_POINT('Ctrl Pts',(-0.0121882433861336,1.72995506725533,
-2.53509439917525));
#3516=CARTESIAN_POINT('Ctrl Pts',(1.44717611637835,0.947931630539439,-2.61450828854572));
#3517=CARTESIAN_POINT('Ctrl Pts',(1.58101664593166,-0.702338560297242,-2.6939221779162));
#3518=CARTESIAN_POINT('Ctrl Pts',(0.266743696811436,-1.70931006204442,-2.77333606728667));
#3519=CARTESIAN_POINT('Ctrl Pts',(-1.29184998333846,-1.15065924953584,-2.85274995665716));
#3520=CARTESIAN_POINT('Ctrl Pts',(-1.66718896587914,0.461924279557748,-2.93216384602763));
#3521=CARTESIAN_POINT('Ctrl Pts',(-0.515485953512148,1.65141373366154,-3.0115777353981));
#3522=CARTESIAN_POINT('Ctrl Pts',(1.10837031496941,1.32831033003916,-3.09099162476858));
#3523=CARTESIAN_POINT('Ctrl Pts',(1.71702791580931,-0.211443194086991,-3.17040551413905));
#3524=CARTESIAN_POINT('Ctrl Pts',(0.752994125612417,-1.55752782793354,-3.24981940350954));
#3525=CARTESIAN_POINT('Ctrl Pts',(-0.900735718998216,-1.47701328785998,
-3.32923329288001));
#3526=CARTESIAN_POINT('Ctrl Pts',(-1.72944734589389,-0.0436459136090187,
-3.40864718225049));
#3527=CARTESIAN_POINT('Ctrl Pts',(-0.974092151804442,1.42969841847404,-3.48806107162096));
#3528=CARTESIAN_POINT('Ctrl Pts',(0.673471216138291,1.59352741081771,-3.56747496099144));
#3529=CARTESIAN_POINT('Ctrl Pts',(1.70417659710268,0.297783837509231,-3.64688885036192));
#3530=CARTESIAN_POINT('Ctrl Pts',(1.17396160024869,-1.27071131620668,-3.72630273973239));
#3531=CARTESIAN_POINT('Ctrl Pts',(-0.431529625442061,-1.67531348420527,
-3.80571662910287));
#3532=CARTESIAN_POINT('Ctrl Pts',(-1.64176639972794,-0.545432100924148,
-3.88513051847334));
#3533=CARTESIAN_POINT('Ctrl Pts',(-1.34824667758633,1.08403135765143,-3.96454440784382));
#3534=CARTESIAN_POINT('Ctrl Pts',(0.180183626562083,1.72058912838397,-4.04395829721429));
#3535=CARTESIAN_POINT('Ctrl Pts',(1.54357687121317,0.781193657584295,-4.12337218658477));
#3536=CARTESIAN_POINT('Ctrl Pts',(1.49314915558229,-0.873726895075385,-4.20278607595525));
#3537=CARTESIAN_POINT('Ctrl Pts',(0.075089148771511,-1.72836764252602,-4.28219996532572));
#3538=CARTESIAN_POINT('Ctrl Pts',(-1.41174787485182,-0.999930510508381,
-4.3616138546962));
#3539=CARTESIAN_POINT('Ctrl Pts',(-1.60551114664424,0.644381134108742,-4.44102774406667));
#3540=CARTESIAN_POINT('Ctrl Pts',(-0.328725491833523,1.69847950797558,-4.52044163343715));
#3541=CARTESIAN_POINT('Ctrl Pts',(1.24915238533471,1.19687568536034,-4.59985552280763));
#3542=CARTESIAN_POINT('Ctrl Pts',(1.68288392427465,-0.400992251062433,-4.6792694121781));
#3543=CARTESIAN_POINT('Ctrl Pts',(0.575197856982213,-1.6315760826015,-4.75868330154858));
#3544=CARTESIAN_POINT('Ctrl Pts',(-1.05933387745965,-1.36773711803858,-4.83809719091905));
#3545=CARTESIAN_POINT('Ctrl Pts',(-1.72358128863869,0.148864466709744,-4.91751108028953));
#3546=CARTESIAN_POINT('Ctrl Pts',(-0.80913482452536,1.52911540562983,-4.99692496966));
#3547=CARTESIAN_POINT('Ctrl Pts',(0.846429102503131,1.50879119245505,-5.07633885903049));
#3548=CARTESIAN_POINT('Ctrl Pts',(1.72671631424174,0.106507549617895,-5.15575274840095));
#3549=CARTESIAN_POINT('Ctrl Pts',(1.02543816110345,-1.39333042231445,-5.23516663777144));
#3550=CARTESIAN_POINT('Ctrl Pts',(-0.615077935203551,-1.61696389001731,
-5.31458052714191));
#3551=CARTESIAN_POINT('Ctrl Pts',(-1.69222067886744,-0.359558426417203,
-5.39399441651239));
#3552=CARTESIAN_POINT('Ctrl Pts',(-1.21939392647053,1.22718032093126,-5.47340830588287));
#3553=CARTESIAN_POINT('Ctrl Pts',(0.370322256078032,1.6898977823074,-5.55282219525333));
#3554=CARTESIAN_POINT('Ctrl Pts',(1.62084615253687,0.604773377225391,-5.63223608462383));
#3555=CARTESIAN_POINT('Ctrl Pts',(1.38677520530131,-1.03428604261863,-5.71164997399428));
#3556=CARTESIAN_POINT('Ctrl Pts',(-0.117496072749884,-1.72600340697304,
-5.79106386336477));
#3557=CARTESIAN_POINT('Ctrl Pts',(-1.51414821403982,-0.836808385422978,
-5.87047775273524));
#3558=CARTESIAN_POINT('Ctrl Pts',(-1.52393422517033,0.818851369510179,-5.94989164210572));
#3559=CARTESIAN_POINT('Ctrl Pts',(-0.137890725106172,1.72449390718665,-6.0293055314762));
#3560=CARTESIAN_POINT('Ctrl Pts',(1.3744521520861,1.05060666741654,-6.10871942084667));
#3561=CARTESIAN_POINT('Ctrl Pts',(1.6278818531586,-0.585571310901674,-6.18813331021714));
#3562=CARTESIAN_POINT('Ctrl Pts',(0.390272443850163,-1.68540217976761,-6.26754719958763));
#3563=CARTESIAN_POINT('Ctrl Pts',(-1.20480238984116,-1.24150887609682,-6.3469610889581));
#3564=CARTESIAN_POINT('Ctrl Pts',(-1.69635273860257,0.339529784009784,-6.42637497832857));
#3565=CARTESIAN_POINT('Ctrl Pts',(-0.634148880109591,1.60958015825554,-6.50578886769905));
#3566=CARTESIAN_POINT('Ctrl Pts',(1.00889613722611,1.40535464288713,-6.58520275706953));
#3567=CARTESIAN_POINT('Ctrl Pts',(1.72785468231717,-0.0860888191856783,
-6.66461664644));
#3568=CARTESIAN_POINT('Ctrl Pts',(0.864205187770164,-1.49868024655871,-6.74403053581049));
#3569=CARTESIAN_POINT('Ctrl Pts',(-0.791002816910268,-1.53857324545642,
-6.82344442518095));
#3570=CARTESIAN_POINT('Ctrl Pts',(-1.72170115637984,-0.169228295844412,
-6.90285831455143));
#3571=CARTESIAN_POINT('Ctrl Pts',(-1.07542770544012,1.35511930779757,-6.98227220392191));
#3572=CARTESIAN_POINT('Ctrl Pts',(0.555871019961241,1.63826142515845,-7.06168609329238));
#3573=CARTESIAN_POINT('Ctrl Pts',(1.67802626576561,0.420857386051513,-7.14109998266286));
#3574=CARTESIAN_POINT('Ctrl Pts',(1.26321322013805,-1.18202599314125,-7.22051387203334));
#3575=CARTESIAN_POINT('Ctrl Pts',(-0.308625018886067,-1.70224665830684,
-7.29992776140381));
#3576=CARTESIAN_POINT('Ctrl Pts',(-1.59778182577115,-0.663314650240036,
-7.3793416507743));
#3577=CARTESIAN_POINT('Ctrl Pts',(-1.42346928600016,0.983172558508164,-7.45875554014476));
#3578=CARTESIAN_POINT('Ctrl Pts',(0.0546530933756921,1.72913450240636,-7.53816942951524));
#3579=CARTESIAN_POINT('Ctrl Pts',(1.48271661891792,0.891316170574416,-7.61758331888572));
#3580=CARTESIAN_POINT('Ctrl Pts',(1.55270341174624,-0.762892655051026,-7.69699720825619));
#3581=CARTESIAN_POINT('Ctrl Pts',(0.200509897500793,-1.71833898553643,-7.77641109762667));
#3582=CARTESIAN_POINT('Ctrl Pts',(-1.3353382833781,-1.09989306596068,-7.85582498699714));
#3583=CARTESIAN_POINT('Ctrl Pts',(-1.64809917325219,0.525986884955315,-7.93523887636762));
#3584=CARTESIAN_POINT('Ctrl Pts',(-0.451303137473277,1.67009537675473,-8.0146527657381));
#3585=CARTESIAN_POINT('Ctrl Pts',(1.15885866339647,1.28449977943975,-8.09406665510858));
#3586=CARTESIAN_POINT('Ctrl Pts',(1.70757759268283,-0.277618180253506,-8.17348054447904));
#3587=CARTESIAN_POINT('Ctrl Pts',(0.692261040516562,-1.58545506023566,-8.25289443384953));
#3588=CARTESIAN_POINT('Ctrl Pts',(-0.957123812013998,-1.4411131377221,-8.33230832322));
#3589=CARTESIAN_POINT('Ctrl Pts',(-1.72984244783475,0.0231992809963484,
-8.41172221259048));
#3590=CARTESIAN_POINT('Ctrl Pts',(-0.918132360040517,1.46626263185664,-8.49113610196095));
#3591=CARTESIAN_POINT('Ctrl Pts',(0.73453016687837,1.56632001073882,-8.57054999133143));
#3592=CARTESIAN_POINT('Ctrl Pts',(1.71440853313926,0.231725260269501,-8.6499638807019));
#3593=CARTESIAN_POINT('Ctrl Pts',(1.12399460718142,-1.31511576534256,-8.72937777007238));
#3594=CARTESIAN_POINT('Ctrl Pts',(-0.49592869389473,-1.65739156972622,-8.80879165944286));
#3595=CARTESIAN_POINT('Ctrl Pts',(-1.66161231728109,-0.481600149226462,
-8.88820554881333));
#3596=CARTESIAN_POINT('Ctrl Pts',(-1.30536116909012,1.13530905116775,-8.96761943818381));
#3597=CARTESIAN_POINT('Ctrl Pts',(0.24651886826715,1.7123419015749,-9.04703332755429));
#3598=CARTESIAN_POINT('Ctrl Pts',(1.57260518194904,0.720982042117616,-9.12644721692476));
#3599=CARTESIAN_POINT('Ctrl Pts',(1.45827800127336,-0.930765282395033,-9.20586110629524));
#3600=CARTESIAN_POINT('Ctrl Pts',(0.0082666996819004,-1.72996542866014,
-9.28527499566572));
#3601=CARTESIAN_POINT('Ctrl Pts',(-1.44933224357825,-0.94466930134785,-9.36468888503619));
#3602=CARTESIAN_POINT('Ctrl Pts',(-1.57940236575747,0.705971097353621,-9.44410277440667));
#3603=CARTESIAN_POINT('Ctrl Pts',(-0.262894775076009,1.7098230455438,-9.52351666377714));
#3604=CARTESIAN_POINT('Ctrl Pts',(1.29451677735911,1.14789161123324,-9.60293055314763));
#3605=CARTESIAN_POINT('Ctrl Pts',(1.66602470840097,-0.466024296985148,-9.68234444251808));
#3606=CARTESIAN_POINT('Ctrl Pts',(0.511949303512337,-1.65197375415389,-9.76175833188859));
#3607=CARTESIAN_POINT('Ctrl Pts',(-1.1117890608578,-1.32696203308058,-9.84117222125904));
#3608=CARTESIAN_POINT('Ctrl Pts',(-1.71573950993606,0.217734834138952,-9.92058611062952));
#3609=CARTESIAN_POINT('Ctrl Pts',(-1.07278336566668,1.10813900834306,-9.97352870354317));
#3610=CARTESIAN_POINT('Ctrl Pts',(-0.634007094575213,1.31904027763685,-10.));
#3611=CARTESIAN_POINT('Ctrl Pts',(-0.795408277542851,-1.11329858282328,
0.109985226280626));
#3612=CARTESIAN_POINT('Ctrl Pts',(-1.16574496025414,-0.848707513139788,
0.0835139298238002));
#3613=CARTESIAN_POINT('Ctrl Pts',(-1.61522133872319,0.0744842592286449,
0.0305713369101494));
#3614=CARTESIAN_POINT('Ctrl Pts',(-0.811324554654439,1.40044673422123,-0.0488425524603266));
#3615=CARTESIAN_POINT('Ctrl Pts',(0.73635368887261,1.43951994546249,-0.128256441830803));
#3616=CARTESIAN_POINT('Ctrl Pts',(1.60923133879636,0.162177330729165,-0.207670331201279));
#3617=CARTESIAN_POINT('Ctrl Pts',(1.00833484820152,-1.26480142037206,-0.287084220571755));
#3618=CARTESIAN_POINT('Ctrl Pts',(-0.516229975497989,-1.53272678206949,
-0.366498109942231));
#3619=CARTESIAN_POINT('Ctrl Pts',(-1.56790953158799,-0.397071023881813,
-0.445911999312706));
#3620=CARTESIAN_POINT('Ctrl Pts',(-1.1835075247071,1.10243615406261,-0.525325888683183));
#3621=CARTESIAN_POINT('Ctrl Pts',(0.284928199353415,1.5920963098281,-0.604739778053659));
#3622=CARTESIAN_POINT('Ctrl Pts',(1.49237993430407,0.623538762807167,-0.684153667424135));
#3623=CARTESIAN_POINT('Ctrl Pts',(1.33290782239823,-0.916164934030203,-0.763567556794611));
#3624=CARTESIAN_POINT('Ctrl Pts',(-0.0474274745500764,-1.6167059886037,
-0.842981446165087));
#3625=CARTESIAN_POINT('Ctrl Pts',(-1.38432106040654,-0.836450767142978,
-0.922395335535563));
#3626=CARTESIAN_POINT('Ctrl Pts',(-1.45326272767902,0.709945019193285,-1.00180922490604));
#3627=CARTESIAN_POINT('Ctrl Pts',(-0.191105306471594,1.60607328658361,-1.08122311427651));
#3628=CARTESIAN_POINT('Ctrl Pts',(1.24609260034837,1.03113868129492,-1.16063700364699));
#3629=CARTESIAN_POINT('Ctrl Pts',(1.5419468255986,-0.488255685776353,-1.24005089301747));
#3630=CARTESIAN_POINT('Ctrl Pts',(0.425473067934864,-1.56043777761618,-1.31946478238795));
#3631=CARTESIAN_POINT('Ctrl Pts',(-1.08070768602458,-1.20335549872806,-1.39887867175842));
#3632=CARTESIAN_POINT('Ctrl Pts',(-1.59702704191087,0.255926074525811,-1.4782925611289));
#3633=CARTESIAN_POINT('Ctrl Pts',(-0.650568380110481,1.48079515177983,-1.55770645049937));
#3634=CARTESIAN_POINT('Ctrl Pts',(0.89177068380945,1.34934746139909,-1.63712033986985));
#3635=CARTESIAN_POINT('Ctrl Pts',(1.61730294962133,-0.0180190714340002,
-1.71653422924032));
#3636=CARTESIAN_POINT('Ctrl Pts',(0.861485725570405,-1.36888124356812,-1.7959481186108));
#3637=CARTESIAN_POINT('Ctrl Pts',(-0.683399148919048,-1.46593285020759,
-1.87536200798128));
#3638=CARTESIAN_POINT('Ctrl Pts',(-1.60233266419743,-0.220280616812858,
-1.95477589735175));
#3639=CARTESIAN_POINT('Ctrl Pts',(-1.05362854610299,1.22713503876743,-2.03418978672223));
#3640=CARTESIAN_POINT('Ctrl Pts',(0.460134164473923,1.55057088446415,-2.1136036760927));
#3641=CARTESIAN_POINT('Ctrl Pts',(1.55244243481576,0.453779686021252,-2.19301756546318));
#3642=CARTESIAN_POINT('Ctrl Pts',(1.22280943683629,-1.05864564327,-2.27243145483366));
#3643=CARTESIAN_POINT('Ctrl Pts',(-0.226841387566592,-1.60141702931853,
-2.35184534420413));
#3644=CARTESIAN_POINT('Ctrl Pts',(-1.46871952868189,-0.677389447024011,
-2.43125923357461));
#3645=CARTESIAN_POINT('Ctrl Pts',(-1.36534140614357,0.867084979422156,-2.51067312294509));
#3646=CARTESIAN_POINT('Ctrl Pts',(-0.0113949873679952,1.61736318467517,
-2.59008701231556));
#3647=CARTESIAN_POINT('Ctrl Pts',(1.35298853517915,0.886236729405927,-2.66950090168604));
#3648=CARTESIAN_POINT('Ctrl Pts',(1.47811822739733,-0.65662776571692,-2.74891479105651));
#3649=CARTESIAN_POINT('Ctrl Pts',(0.249383029150824,-1.59806183286114,-2.82832868042699));
#3650=CARTESIAN_POINT('Ctrl Pts',(-1.20777160212016,-1.07577008416631,-2.90774256979747));
#3651=CARTESIAN_POINT('Ctrl Pts',(-1.55868213362769,0.431860536730373,-2.98715645916794));
#3652=CARTESIAN_POINT('Ctrl Pts',(-0.481936218580786,1.54393361194562,-3.06657034853842));
#3653=CARTESIAN_POINT('Ctrl Pts',(1.03623347007647,1.24185897442847,-3.14598423790889));
#3654=CARTESIAN_POINT('Ctrl Pts',(1.60527738012032,-0.197681687946388,-3.22539812727937));
#3655=CARTESIAN_POINT('Ctrl Pts',(0.703986479240981,-1.45615814866422,-3.30481201664985));
#3656=CARTESIAN_POINT('Ctrl Pts',(-0.842112502575553,-1.38088379304025,
-3.38422590602031));
#3657=CARTESIAN_POINT('Ctrl Pts',(-1.61688850770025,-0.0408052759108477,
-3.4636397953908));
#3658=CARTESIAN_POINT('Ctrl Pts',(-0.910694627062805,1.33664835058224,-3.54305368476127));
#3659=CARTESIAN_POINT('Ctrl Pts',(0.629639215224619,1.48981474537159,-3.62246757413175));
#3660=CARTESIAN_POINT('Ctrl Pts',(1.59326247282934,0.278402962536379,-3.70188146350223));
#3661=CARTESIAN_POINT('Ctrl Pts',(1.09755583159567,-1.18800871773132,-3.7812953528727));
#3662=CARTESIAN_POINT('Ctrl Pts',(-0.403444079269637,-1.56627787821241,
-3.86070924224318));
#3663=CARTESIAN_POINT('Ctrl Pts',(-1.53491416223284,-0.509933359815135,
-3.94012313161365));
#3664=CARTESIAN_POINT('Ctrl Pts',(-1.26049779064399,1.01347858223887,-4.01953702098413));
#3665=CARTESIAN_POINT('Ctrl Pts',(0.168456608844267,1.60860681579185,-4.0989509103546));
#3666=CARTESIAN_POINT('Ctrl Pts',(1.44311517187389,0.730350681236555,-4.17836479972508));
#3667=CARTESIAN_POINT('Ctrl Pts',(1.39596947873281,-0.816861512939465,-4.25777868909556));
#3668=CARTESIAN_POINT('Ctrl Pts',(0.0702020688804955,-1.61587907542619,
-4.33719257846604));
#3669=CARTESIAN_POINT('Ctrl Pts',(-1.31986609481791,-0.934851329691206,
-4.41660646783651));
#3670=CARTESIAN_POINT('Ctrl Pts',(-1.50101853528936,0.602442423467235,-4.49602035720699));
#3671=CARTESIAN_POINT('Ctrl Pts',(-0.307330819406356,1.58793617136153,-4.57543424657746));
#3672=CARTESIAN_POINT('Ctrl Pts',(1.16785292192295,1.11897858318707,-4.65484813594794));
#3673=CARTESIAN_POINT('Ctrl Pts',(1.57335560600532,-0.374894190308294,-4.73426202531842));
#3674=CARTESIAN_POINT('Ctrl Pts',(0.537761850232933,-1.52538706868432,-4.81367591468889));
#3675=CARTESIAN_POINT('Ctrl Pts',(-0.990388505523869,-1.27871972104973,
-4.89308980405937));
#3676=CARTESIAN_POINT('Ctrl Pts',(-1.61140423517587,0.13917581590408,-4.97250369342984));
#3677=CARTESIAN_POINT('Ctrl Pts',(-0.756473333554363,1.42959491202803,-5.05191758280032));
#3678=CARTESIAN_POINT('Ctrl Pts',(0.791340361803841,1.41059347391637,-5.1313314721708));
#3679=CARTESIAN_POINT('Ctrl Pts',(1.61433522170226,0.0995756438432997,-5.21074536154127));
#3680=CARTESIAN_POINT('Ctrl Pts',(0.958698847919223,-1.3026473182998,-5.29015925091175));
#3681=CARTESIAN_POINT('Ctrl Pts',(-0.575046385269744,-1.51172589170904,
-5.36957314028222));
#3682=CARTESIAN_POINT('Ctrl Pts',(-1.582084690031,-0.33615703241908,-5.4489870296527));
#3683=CARTESIAN_POINT('Ctrl Pts',(-1.14003125377062,1.14731088084333,-5.52840091902317));
#3684=CARTESIAN_POINT('Ctrl Pts',(0.34622031218229,1.57991297618182,-5.60781480839365));
#3685=CARTESIAN_POINT('Ctrl Pts',(1.51535548220607,0.565412486087208,-5.68722869776413));
#3686=CARTESIAN_POINT('Ctrl Pts',(1.29651873908678,-0.966970876537718,-5.7666425871346));
#3687=CARTESIAN_POINT('Ctrl Pts',(-0.109848993194426,-1.61366871307882,
-5.84605647650508));
#3688=CARTESIAN_POINT('Ctrl Pts',(-1.41560184069695,-0.782345796621098,
-5.92547036587555));
#3689=CARTESIAN_POINT('Ctrl Pts',(-1.42475094198107,0.765557489806843,-6.00488425524603));
#3690=CARTESIAN_POINT('Ctrl Pts',(-0.12891628604476,1.61225745712889,-6.08429814461651));
#3691=CARTESIAN_POINT('Ctrl Pts',(1.28499771581265,0.982229294631134,-6.16371203398699));
#3692=CARTESIAN_POINT('Ctrl Pts',(1.52193327337496,-0.547460161353762,-6.24312592335746));
#3693=CARTESIAN_POINT('Ctrl Pts',(0.364872067849655,-1.57570996410457,-6.32253981272794));
#3694=CARTESIAN_POINT('Ctrl Pts',(-1.12638938838413,-1.16070688057361,-6.40195370209841));
#3695=CARTESIAN_POINT('Ctrl Pts',(-1.58594782001569,0.317431928234645,-6.48136759146889));
#3696=CARTESIAN_POINT('Ctrl Pts',(-0.592876122452978,1.50482272055562,-6.56078148083937));
#3697=CARTESIAN_POINT('Ctrl Pts',(0.943233440218408,1.31388895806649,-6.64019537020984));
#3698=CARTESIAN_POINT('Ctrl Pts',(1.61539950056746,-0.0804858400073948,
-6.71960925958032));
#3699=CARTESIAN_POINT('Ctrl Pts',(0.807959513608823,-1.40114058582437,-6.79902314895079));
#3700=CARTESIAN_POINT('Ctrl Pts',(-0.739521424145874,-1.43843720061206,
-6.87843703832127));
#3701=CARTESIAN_POINT('Ctrl Pts',(-1.60964646888741,-0.158214291622208,
-6.95785092769174));
#3702=CARTESIAN_POINT('Ctrl Pts',(-1.00543488757665,1.26692312462865,-7.03726481706222));
#3703=CARTESIAN_POINT('Ctrl Pts',(0.519692875341292,1.53163730438882,-7.1166787064327));
#3704=CARTESIAN_POINT('Ctrl Pts',(1.56881410190215,0.393466428742719,-7.19609259580317));
#3705=CARTESIAN_POINT('Ctrl Pts',(1.18099862552366,-1.10509536393272,-7.27550648517365));
#3706=CARTESIAN_POINT('Ctrl Pts',(-0.288538559679448,-1.59145814159777,
-7.35492037454412));
#3707=CARTESIAN_POINT('Ctrl Pts',(-1.49379226724386,-0.620143676249345,
-7.43433426391461));
#3708=CARTESIAN_POINT('Ctrl Pts',(-1.33082463311904,0.919184047269427,-7.51374815328508));
#3709=CARTESIAN_POINT('Ctrl Pts',(0.0510960676537764,1.61659602522549,-7.59316204265555));
#3710=CARTESIAN_POINT('Ctrl Pts',(1.38621593019095,0.833306013247988,-7.67257593202603));
#3711=CARTESIAN_POINT('Ctrl Pts',(1.45164772334936,-0.713240775725028,-7.75198982139651));
#3712=CARTESIAN_POINT('Ctrl Pts',(0.187459970792926,-1.60650312057412,-7.83140371076698));
#3713=CARTESIAN_POINT('Ctrl Pts',(-1.24842952253645,-1.02830795182828,-7.91081760013746));
#3714=CARTESIAN_POINT('Ctrl Pts',(-1.54083477540301,0.49175371051597,-7.99023148950792));
#3715=CARTESIAN_POINT('Ctrl Pts',(-0.421930657907616,1.56139938451976,-8.06964537887842));
#3716=CARTESIAN_POINT('Ctrl Pts',(1.08343584980679,1.20089977671229,-8.14905926824887));
#3717=CARTESIAN_POINT('Ctrl Pts',(1.59644211902172,-0.259549760937392,-8.22847315761938));
#3718=CARTESIAN_POINT('Ctrl Pts',(0.647206128245147,-1.48226777326098,-8.30788704698982));
#3719=CARTESIAN_POINT('Ctrl Pts',(-0.894830649667348,-1.34732015762778,
-8.38730093636033));
#3720=CARTESIAN_POINT('Ctrl Pts',(-1.61725789494356,0.0216893858717255,
-8.46671482573078));
#3721=CARTESIAN_POINT('Ctrl Pts',(-0.858376905791202,1.37083282954414,-8.54612871510127));
#3722=CARTESIAN_POINT('Ctrl Pts',(0.686724223321723,1.4643781036511,-8.62554260447174));
#3723=CARTESIAN_POINT('Ctrl Pts',(1.6028284765752,0.21664372214809,-8.70495649384222));
#3724=CARTESIAN_POINT('Ctrl Pts',(1.0508408754875,-1.22952316086776,-8.78437038321269));
#3725=CARTESIAN_POINT('Ctrl Pts',(-0.463651817848635,-1.54952238830058,
-8.86378427258317));
#3726=CARTESIAN_POINT('Ctrl Pts',(-1.55346843397325,-0.450255827932418,
-8.94319816195364));
#3727=CARTESIAN_POINT('Ctrl Pts',(-1.22040342986508,1.06141893355673,-9.02261205132413));
#3728=CARTESIAN_POINT('Ctrl Pts',(0.230474507349874,1.60089634904671,-9.1020259406946));
#3729=CARTESIAN_POINT('Ctrl Pts',(1.47025421264215,0.674057860695193,-9.18143983006507));
#3730=CARTESIAN_POINT('Ctrl Pts',(1.36336786828989,-0.870187630773499,-9.26085371943555));
#3731=CARTESIAN_POINT('Ctrl Pts',(0.00772867225127942,-1.61737287172138,
-9.34026760880604));
#3732=CARTESIAN_POINT('Ctrl Pts',(-1.35500433363577,-0.883186724680002,
-9.41968149817649));
#3733=CARTESIAN_POINT('Ctrl Pts',(-1.47660901055528,0.66002388380875,-9.49909538754699));
#3734=CARTESIAN_POINT('Ctrl Pts',(-0.245784609496232,1.59854142949457,-9.57850927691745));
#3735=CARTESIAN_POINT('Ctrl Pts',(1.21026483130961,1.07318257401426,-9.65792316628793));
#3736=CARTESIAN_POINT('Ctrl Pts',(1.55759365033797,-0.435693709839387,-9.73733705565841));
#3737=CARTESIAN_POINT('Ctrl Pts',(0.478629746860773,-1.54445718423031,-9.81675094502888));
#3738=CARTESIAN_POINT('Ctrl Pts',(-1.03942971132128,-1.2405984296293,-9.89616483439936));
#3739=CARTESIAN_POINT('Ctrl Pts',(-1.60407282847285,0.203563844762989,-9.97557872376983));
#3740=CARTESIAN_POINT('Ctrl Pts',(-1.00296265122885,1.03601721774199,-10.0285213166835));
#3741=CARTESIAN_POINT('Ctrl Pts',(-0.592743564846276,1.2331922513677,-10.0549926131403));
#3742=CARTESIAN_POINT('Ctrl Pts',(-0.740036351041154,-1.03579689087084,
0.0549926131403137));
#3743=CARTESIAN_POINT('Ctrl Pts',(-1.08459224147892,-0.789625188545178,
0.0285213166834883));
#3744=CARTESIAN_POINT('Ctrl Pts',(-1.50277855961602,0.0692990769216729,
-0.0244212762301625));
#3745=CARTESIAN_POINT('Ctrl Pts',(-0.754844624940683,1.30295537559922,-0.103835165600638));
#3746=CARTESIAN_POINT('Ctrl Pts',(0.685092816323659,1.33930852590809,-0.183249054971115));
#3747=CARTESIAN_POINT('Ctrl Pts',(1.49720555036563,0.150887441635822,-0.26266294434159));
#3748=CARTESIAN_POINT('Ctrl Pts',(0.938140151113116,-1.17675293852267,-0.342076833712067));
#3749=CARTESIAN_POINT('Ctrl Pts',(-0.480292898818896,-1.42602681788742,
-0.421490723082543));
#3750=CARTESIAN_POINT('Ctrl Pts',(-1.45876033890847,-0.369429134589099,
-0.500904612453019));
#3751=CARTESIAN_POINT('Ctrl Pts',(-1.10111827440317,1.02569064434257,-0.580318501823495));
#3752=CARTESIAN_POINT('Ctrl Pts',(0.265093073471158,1.48126336737524,-0.659732391193971));
#3753=CARTESIAN_POINT('Ctrl Pts',(1.38848869458731,0.580131441661618,-0.739146280564447));
#3754=CARTESIAN_POINT('Ctrl Pts',(1.24011814939736,-0.852386596762622,-0.818560169934924));
#3755=CARTESIAN_POINT('Ctrl Pts',(-0.0441258359965378,-1.50415985638042,
-0.897974059305399));
#3756=CARTESIAN_POINT('Ctrl Pts',(-1.2879522820373,-0.778221689437601,-0.977387948675875));
#3757=CARTESIAN_POINT('Ctrl Pts',(-1.35209461161,0.66052257221492,-1.05680183804635));
#3758=CARTESIAN_POINT('Ctrl Pts',(-0.177801611648692,1.49426734428718,-1.13621572741683));
#3759=CARTESIAN_POINT('Ctrl Pts',(1.1593465231087,0.959356507428043,-1.2156296167873));
#3760=CARTESIAN_POINT('Ctrl Pts',(1.43460501296329,-0.454266024478941,-1.29504350615778));
#3761=CARTESIAN_POINT('Ctrl Pts',(0.395853985368951,-1.45180872713714,-1.37445739552826));
#3762=CARTESIAN_POINT('Ctrl Pts',(-1.00547479211351,-1.11958454221145,-1.45387128489873));
#3763=CARTESIAN_POINT('Ctrl Pts',(-1.48585084915222,0.238109916222452,-1.53328517426921));
#3764=CARTESIAN_POINT('Ctrl Pts',(-0.605279406453959,1.37771038057061,-1.61269906363968));
#3765=CARTESIAN_POINT('Ctrl Pts',(0.829690539367398,1.2554133516251,-1.69211295301016));
#3766=CARTESIAN_POINT('Ctrl Pts',(1.50471526027258,-0.0167646833075076,
-1.77152684238063));
#3767=CARTESIAN_POINT('Ctrl Pts',(0.801513852476603,-1.27358729988103,-1.85094073175111));
#3768=CARTESIAN_POINT('Ctrl Pts',(-0.635824678658111,-1.36388271026074,
-1.93035462112159));
#3769=CARTESIAN_POINT('Ctrl Pts',(-1.49078712334977,-0.204945898193133,
-2.00976851049206));
#3770=CARTESIAN_POINT('Ctrl Pts',(-0.980280752193747,1.14170868214943,-2.08918239986254));
#3771=CARTESIAN_POINT('Ctrl Pts',(0.42810216800681,1.44262871253269,-2.16859628923302));
#3772=CARTESIAN_POINT('Ctrl Pts',(1.44436997589655,0.422190053210335,-2.24801017860349));
#3773=CARTESIAN_POINT('Ctrl Pts',(1.13768420470863,-0.984948586795334,-2.32742406797397));
#3774=CARTESIAN_POINT('Ctrl Pts',(-0.211049944361254,-1.48993522990864,
-2.40683795734444));
#3775=CARTESIAN_POINT('Ctrl Pts',(-1.3664753955871,-0.630233338981585,-2.48625184671492));
#3776=CARTESIAN_POINT('Ctrl Pts',(-1.27029388636635,0.806723317233268,-2.5656657360854));
#3777=CARTESIAN_POINT('Ctrl Pts',(-0.0106017313498582,1.504771302095,-2.64507962545587));
#3778=CARTESIAN_POINT('Ctrl Pts',(1.25880095397995,0.824541828272417,-2.72449351482635));
#3779=CARTESIAN_POINT('Ctrl Pts',(1.37521980886299,-0.6109169711366,-2.80390740419683));
#3780=CARTESIAN_POINT('Ctrl Pts',(0.232022361490214,-1.48681360367786,-2.8833212935673));
#3781=CARTESIAN_POINT('Ctrl Pts',(-1.12369322090187,-1.00088091879679,-2.96273518293778));
#3782=CARTESIAN_POINT('Ctrl Pts',(-1.45017530137625,0.401796793902999,-3.04214907230825));
#3783=CARTESIAN_POINT('Ctrl Pts',(-0.448386483649426,1.43645349022969,-3.12156296167873));
#3784=CARTESIAN_POINT('Ctrl Pts',(0.96409662518352,1.15540761881779,-3.20097685104921));
#3785=CARTESIAN_POINT('Ctrl Pts',(1.49352684443133,-0.183920181805786,-3.28039074041968));
#3786=CARTESIAN_POINT('Ctrl Pts',(0.654978832869545,-1.35478846939488,-3.35980462979016));
#3787=CARTESIAN_POINT('Ctrl Pts',(-0.78348928615289,-1.28475429822052,-3.43921851916064));
#3788=CARTESIAN_POINT('Ctrl Pts',(-1.50432966950661,-0.0379646382126757,
-3.5186324085311));
#3789=CARTESIAN_POINT('Ctrl Pts',(-0.84729710232117,1.24359828269045,-3.59804629790159));
#3790=CARTESIAN_POINT('Ctrl Pts',(0.585807214310948,1.38610207992547,-3.67746018727206));
#3791=CARTESIAN_POINT('Ctrl Pts',(1.482348348556,0.259022087563528,-3.75687407664254));
#3792=CARTESIAN_POINT('Ctrl Pts',(1.02115006294265,-1.10530611925598,-3.83628796601301));
#3793=CARTESIAN_POINT('Ctrl Pts',(-0.375358533097213,-1.45724227221954,
-3.91570185538349));
#3794=CARTESIAN_POINT('Ctrl Pts',(-1.42806192473774,-0.474434618706124,
-3.99511574475397));
#3795=CARTESIAN_POINT('Ctrl Pts',(-1.17274890370166,0.942925806826306,-4.07452963412444));
#3796=CARTESIAN_POINT('Ctrl Pts',(0.156729591126449,1.49662450319972,-4.15394352349492));
#3797=CARTESIAN_POINT('Ctrl Pts',(1.3426534725346,0.679507704888816,-4.2333574128654));
#3798=CARTESIAN_POINT('Ctrl Pts',(1.29878980188332,-0.759996130803547,-4.31277130223587));
#3799=CARTESIAN_POINT('Ctrl Pts',(0.0653149889894812,-1.50339050832636,
-4.39218519160634));
#3800=CARTESIAN_POINT('Ctrl Pts',(-1.227984314784,-0.869772148874032,-4.47159908097682));
#3801=CARTESIAN_POINT('Ctrl Pts',(-1.39652592393448,0.56050371282573,-4.5510129703473));
#3802=CARTESIAN_POINT('Ctrl Pts',(-0.285936146979192,1.47739283474747,-4.63042685971778));
#3803=CARTESIAN_POINT('Ctrl Pts',(1.08655345851118,1.04108148101379,-4.70984074908825));
#3804=CARTESIAN_POINT('Ctrl Pts',(1.46382728773599,-0.348796129554155,-4.78925463845873));
#3805=CARTESIAN_POINT('Ctrl Pts',(0.500325843483654,-1.41919805476714,-4.8686685278292));
#3806=CARTESIAN_POINT('Ctrl Pts',(-0.921443133588085,-1.18970232406088,
-4.94808241719968));
#3807=CARTESIAN_POINT('Ctrl Pts',(-1.49922718171305,0.129487165098416,-5.02749630657016));
#3808=CARTESIAN_POINT('Ctrl Pts',(-0.703811842583366,1.33007441842623,-5.10691019594062));
#3809=CARTESIAN_POINT('Ctrl Pts',(0.73625162110455,1.3123957553777,-5.18632408531111));
#3810=CARTESIAN_POINT('Ctrl Pts',(1.50195412916278,0.0926437380687052,-5.26573797468158));
#3811=CARTESIAN_POINT('Ctrl Pts',(0.891959534734996,-1.21196421428514,-5.34515186405205));
#3812=CARTESIAN_POINT('Ctrl Pts',(-0.535014835335938,-1.40648789340077,
-5.42456575342255));
#3813=CARTESIAN_POINT('Ctrl Pts',(-1.47194870119457,-0.312755638420956,
-5.503979642793));
#3814=CARTESIAN_POINT('Ctrl Pts',(-1.0606685810707,1.06744144075539,-5.58339353216349));
#3815=CARTESIAN_POINT('Ctrl Pts',(0.322118368286548,1.46992817005624,-5.66280742153396));
#3816=CARTESIAN_POINT('Ctrl Pts',(1.40986481187526,0.526051594949023,-5.74222131090444));
#3817=CARTESIAN_POINT('Ctrl Pts',(1.20626227287225,-0.899655710456807,-5.82163520027492));
#3818=CARTESIAN_POINT('Ctrl Pts',(-0.102201913638969,-1.50133401918461,
-5.90104908964539));
#3819=CARTESIAN_POINT('Ctrl Pts',(-1.31705546735408,-0.727883207819217,
-5.98046297901587));
#3820=CARTESIAN_POINT('Ctrl Pts',(-1.32556765879181,0.712263610103507,-6.05987686838635));
#3821=CARTESIAN_POINT('Ctrl Pts',(-0.119941846983347,1.50002100707114,-6.13929075775682));
#3822=CARTESIAN_POINT('Ctrl Pts',(1.1955432795392,0.91385192184573,-6.21870464712729));
#3823=CARTESIAN_POINT('Ctrl Pts',(1.41598469359131,-0.509349011805849,-6.29811853649778));
#3824=CARTESIAN_POINT('Ctrl Pts',(0.339471691849148,-1.46601774844152,-6.37753242586824));
#3825=CARTESIAN_POINT('Ctrl Pts',(-1.04797638692711,-1.07990488505038,-6.45694631523873));
#3826=CARTESIAN_POINT('Ctrl Pts',(-1.47554290142881,0.295334072459504,-6.5363602046092));
#3827=CARTESIAN_POINT('Ctrl Pts',(-0.551603364796367,1.4000652828557,-6.61577409397967));
#3828=CARTESIAN_POINT('Ctrl Pts',(0.877570743210704,1.22242327324585,-6.69518798335016));
#3829=CARTESIAN_POINT('Ctrl Pts',(1.50294431881774,-0.074882860829107,-6.77460187272062));
#3830=CARTESIAN_POINT('Ctrl Pts',(0.751713839447483,-1.30360092509003,-6.85401576209111));
#3831=CARTESIAN_POINT('Ctrl Pts',(-0.688040031381479,-1.33830115576769,
-6.93342965146159));
#3832=CARTESIAN_POINT('Ctrl Pts',(-1.49759178139497,-0.147200287400006,
-7.01284354083205));
#3833=CARTESIAN_POINT('Ctrl Pts',(-0.935442069713187,1.17872694145974,-7.09225743020254));
#3834=CARTESIAN_POINT('Ctrl Pts',(0.483514730721343,1.42501318361919,-7.17167131957301));
#3835=CARTESIAN_POINT('Ctrl Pts',(1.4596019380387,0.366075471433924,-7.25108520894348));
#3836=CARTESIAN_POINT('Ctrl Pts',(1.09878403090927,-1.02816473472418,-7.33049909831396));
#3837=CARTESIAN_POINT('Ctrl Pts',(-0.268452100472832,-1.4806696248887,-7.40991298768444));
#3838=CARTESIAN_POINT('Ctrl Pts',(-1.38980270871656,-0.576972702258653,
-7.48932687705492));
#3839=CARTESIAN_POINT('Ctrl Pts',(-1.23817998023792,0.85519553603069,-7.56874076642538));
#3840=CARTESIAN_POINT('Ctrl Pts',(0.0475390419318651,1.50405754804462,-7.64815465579586));
#3841=CARTESIAN_POINT('Ctrl Pts',(1.28971524146398,0.77529585592156,-7.72756854516635));
#3842=CARTESIAN_POINT('Ctrl Pts',(1.35059203495248,-0.66358889639903,-7.80698243453681));
#3843=CARTESIAN_POINT('Ctrl Pts',(0.174410044085057,-1.4946672556118,-7.8863963239073));
#3844=CARTESIAN_POINT('Ctrl Pts',(-1.1615207616948,-0.956722837695877,-7.96581021327777));
#3845=CARTESIAN_POINT('Ctrl Pts',(-1.43357037755383,0.457520536076627,-8.04522410264825));
#3846=CARTESIAN_POINT('Ctrl Pts',(-0.392558178341955,1.45270339228479,-8.12463799201871));
#3847=CARTESIAN_POINT('Ctrl Pts',(1.0080130362171,1.11729977398482,-8.20405188138921));
#3848=CARTESIAN_POINT('Ctrl Pts',(1.4853066453606,-0.241481341621279,-8.28346577075966));
#3849=CARTESIAN_POINT('Ctrl Pts',(0.602151215973729,-1.37908048628631,-8.36287966013016));
#3850=CARTESIAN_POINT('Ctrl Pts',(-0.832537487320697,-1.25352717753346,
-8.44229354950062));
#3851=CARTESIAN_POINT('Ctrl Pts',(-1.50467334205237,0.0201794907471012,
-8.52170743887111));
#3852=CARTESIAN_POINT('Ctrl Pts',(-0.798621451541887,1.27540302723164,-8.60112132824157));
#3853=CARTESIAN_POINT('Ctrl Pts',(0.638918279765077,1.36243619656338,-8.68053521761205));
#3854=CARTESIAN_POINT('Ctrl Pts',(1.49124842001113,0.201562184026679,-8.75994910698253));
#3855=CARTESIAN_POINT('Ctrl Pts',(0.97768714379359,-1.14393055639296,-8.83936299635301));
#3856=CARTESIAN_POINT('Ctrl Pts',(-0.431374941802541,-1.44165320687494,
-8.91877688572347));
#3857=CARTESIAN_POINT('Ctrl Pts',(-1.44532455066541,-0.418911506638373,
-8.99819077509397));
#3858=CARTESIAN_POINT('Ctrl Pts',(-1.13544569064004,0.987528815945722,-9.07760466446442));
#3859=CARTESIAN_POINT('Ctrl Pts',(0.214430146432601,1.48945079651852,-9.15701855383492));
#3860=CARTESIAN_POINT('Ctrl Pts',(1.36790324333525,0.627133679272769,-9.23643244320537));
#3861=CARTESIAN_POINT('Ctrl Pts',(1.26845773530643,-0.809609979151963,-9.31584633257587));
#3862=CARTESIAN_POINT('Ctrl Pts',(0.00719064482065675,-1.50478031478262,
-9.39526022194633));
#3863=CARTESIAN_POINT('Ctrl Pts',(-1.26067642369329,-0.821704148012152,
-9.47467411131681));
#3864=CARTESIAN_POINT('Ctrl Pts',(-1.37381565535309,0.614076670263877,-9.55408800068729));
#3865=CARTESIAN_POINT('Ctrl Pts',(-0.228674443916456,1.48725981344534,-9.63350189005776));
#3866=CARTESIAN_POINT('Ctrl Pts',(1.12601288526011,0.998473536795276,-9.71291577942824));
#3867=CARTESIAN_POINT('Ctrl Pts',(1.44916259227497,-0.405363122693626,-9.79232966879872));
#3868=CARTESIAN_POINT('Ctrl Pts',(0.445310190209211,-1.43694061430674,-9.8717435581692));
#3869=CARTESIAN_POINT('Ctrl Pts',(-0.967070361784766,-1.15423482617803,
-9.95115744753967));
#3870=CARTESIAN_POINT('Ctrl Pts',(-1.49240614700964,0.189392855387027,-10.0305713369101));
#3871=CARTESIAN_POINT('Ctrl Pts',(-0.933141936791026,0.963895427140915,
-10.0835139298238));
#3872=CARTESIAN_POINT('Ctrl Pts',(-0.551480035117338,1.14734422509854,-10.1099852262806));
#3873=CARTESIAN_POINT('Ctrl Pts',(-0.684664424539458,-0.958295198918399,
1.80411241501588E-15));
#3874=CARTESIAN_POINT('Ctrl Pts',(-1.0034395227037,-0.730542863950567,-0.0264712964568236));
#3875=CARTESIAN_POINT('Ctrl Pts',(-1.39033578050885,0.0641138946147019,
-0.0794138893704745));
#3876=CARTESIAN_POINT('Ctrl Pts',(-0.698364695226925,1.20546401697721,-0.15882777874095));
#3877=CARTESIAN_POINT('Ctrl Pts',(0.633831943774707,1.23909710635369,-0.238241668111427));
#3878=CARTESIAN_POINT('Ctrl Pts',(1.38517976193489,0.139597552542477,-0.317655557481902));
#3879=CARTESIAN_POINT('Ctrl Pts',(0.867945454024713,-1.08870445667328,-0.397069446852378));
#3880=CARTESIAN_POINT('Ctrl Pts',(-0.444355822139802,-1.31932685370534,
-0.476483336222855));
#3881=CARTESIAN_POINT('Ctrl Pts',(-1.34961114622895,-0.341787245296383,
-0.55589722559333));
#3882=CARTESIAN_POINT('Ctrl Pts',(-1.01872902409923,0.948945134622521,-0.635311114963807));
#3883=CARTESIAN_POINT('Ctrl Pts',(0.2452579475889,1.37043042492238,-0.714725004334283));
#3884=CARTESIAN_POINT('Ctrl Pts',(1.28459745487055,0.536724120516071,-0.794138893704759));
#3885=CARTESIAN_POINT('Ctrl Pts',(1.14732847639649,-0.788608259495045,-0.873552783075235));
#3886=CARTESIAN_POINT('Ctrl Pts',(-0.0408241974429976,-1.39161372415714,
-0.952966672445712));
#3887=CARTESIAN_POINT('Ctrl Pts',(-1.19158350366806,-0.719992611732225,
-1.03238056181619));
#3888=CARTESIAN_POINT('Ctrl Pts',(-1.25092649554098,0.611100125236555,-1.11179445118666));
#3889=CARTESIAN_POINT('Ctrl Pts',(-0.164497916825793,1.38246140199076,-1.19120834055714));
#3890=CARTESIAN_POINT('Ctrl Pts',(1.07260044586904,0.887574333561167,-1.27062222992762));
#3891=CARTESIAN_POINT('Ctrl Pts',(1.32726320032797,-0.420276363181529,-1.35003611929809));
#3892=CARTESIAN_POINT('Ctrl Pts',(0.366234902803039,-1.34317967665811,-1.42945000866857));
#3893=CARTESIAN_POINT('Ctrl Pts',(-0.930241898202431,-1.03581358569483,
-1.50886389803904));
#3894=CARTESIAN_POINT('Ctrl Pts',(-1.37467465639358,0.220293757919096,-1.58827778740952));
#3895=CARTESIAN_POINT('Ctrl Pts',(-0.559990432797436,1.27462560936138,-1.66769167677999));
#3896=CARTESIAN_POINT('Ctrl Pts',(0.767610394925345,1.1614792418511,-1.74710556615047));
#3897=CARTESIAN_POINT('Ctrl Pts',(1.39212757092382,-0.0155102951810154,
-1.82651945552095));
#3898=CARTESIAN_POINT('Ctrl Pts',(0.741541979382803,-1.17829335619395,-1.90593334489143));
#3899=CARTESIAN_POINT('Ctrl Pts',(-0.588250208397176,-1.26183257031389,
-1.9853472342619));
#3900=CARTESIAN_POINT('Ctrl Pts',(-1.37924158250212,-0.189611179573407,
-2.06476112363238));
#3901=CARTESIAN_POINT('Ctrl Pts',(-0.906932958284506,1.05628232553142,-2.14417501300285));
#3902=CARTESIAN_POINT('Ctrl Pts',(0.396070171539697,1.33468654060124,-2.22358890237333));
#3903=CARTESIAN_POINT('Ctrl Pts',(1.33629751697735,0.390600420399418,-2.30300279174381));
#3904=CARTESIAN_POINT('Ctrl Pts',(1.05255897258097,-0.911251530320673,-2.38241668111428));
#3905=CARTESIAN_POINT('Ctrl Pts',(-0.195258501155916,-1.37845343049874,
-2.46183057048476));
#3906=CARTESIAN_POINT('Ctrl Pts',(-1.26423126249231,-0.583077230939159,
-2.54124445985523));
#3907=CARTESIAN_POINT('Ctrl Pts',(-1.17524636658912,0.746361655044379,-2.62065834922571));
#3908=CARTESIAN_POINT('Ctrl Pts',(-0.00980847533172089,1.39217941951484,
-2.70007223859618));
#3909=CARTESIAN_POINT('Ctrl Pts',(1.16461337278075,0.762846927138905,-2.77948612796666));
#3910=CARTESIAN_POINT('Ctrl Pts',(1.27232139032866,-0.56520617655628,-2.85890001733714));
#3911=CARTESIAN_POINT('Ctrl Pts',(0.214661693829604,-1.37556537449458,-2.93831390670761));
#3912=CARTESIAN_POINT('Ctrl Pts',(-1.03961483968357,-0.925991753427266,
-3.01772779607809));
#3913=CARTESIAN_POINT('Ctrl Pts',(-1.3416684691248,0.371733051075626,-3.09714168544856));
#3914=CARTESIAN_POINT('Ctrl Pts',(-0.414836748718067,1.32897336851377,-3.17655557481905));
#3915=CARTESIAN_POINT('Ctrl Pts',(0.891959780290578,1.0689562632071,-3.25596946418951));
#3916=CARTESIAN_POINT('Ctrl Pts',(1.38177630874234,-0.170158675665184,-3.33538335356));
#3917=CARTESIAN_POINT('Ctrl Pts',(0.605971186498111,-1.25341879012556,-3.41479724293047));
#3918=CARTESIAN_POINT('Ctrl Pts',(-0.724866069730228,-1.1886248034008,-3.49421113230095));
#3919=CARTESIAN_POINT('Ctrl Pts',(-1.39177083131297,-0.0351240005145042,
-3.57362502167142));
#3920=CARTESIAN_POINT('Ctrl Pts',(-0.783899577579533,1.15054821479865,-3.6530389110419));
#3921=CARTESIAN_POINT('Ctrl Pts',(0.541975213397277,1.28238941447936,-3.73245280041237));
#3922=CARTESIAN_POINT('Ctrl Pts',(1.37143422428267,0.239641212590675,-3.81186668978285));
#3923=CARTESIAN_POINT('Ctrl Pts',(0.944744294289625,-1.02260352078062,-3.89128057915333));
#3924=CARTESIAN_POINT('Ctrl Pts',(-0.34727298692479,-1.34820666622668,-3.9706944685238));
#3925=CARTESIAN_POINT('Ctrl Pts',(-1.32120968724264,-0.438935877597111,
-4.05010835789428));
#3926=CARTESIAN_POINT('Ctrl Pts',(-1.08500001675933,0.872373031413741,-4.12952224726475));
#3927=CARTESIAN_POINT('Ctrl Pts',(0.145002573408634,1.3846421906076,-4.20893613663523));
#3928=CARTESIAN_POINT('Ctrl Pts',(1.24219177319531,0.628664728541075,-4.28835002600571));
#3929=CARTESIAN_POINT('Ctrl Pts',(1.20161012503384,-0.703130748667626,-4.36776391537618));
#3930=CARTESIAN_POINT('Ctrl Pts',(0.0604279090984646,-1.39090194122653,
-4.44717780474666));
#3931=CARTESIAN_POINT('Ctrl Pts',(-1.13610253475009,-0.804692968056856,
-4.52659169411714));
#3932=CARTESIAN_POINT('Ctrl Pts',(-1.2920333125796,0.518565002184222,-4.6060055834876));
#3933=CARTESIAN_POINT('Ctrl Pts',(-0.264541474552025,1.36684949813342,-4.68541947285809));
#3934=CARTESIAN_POINT('Ctrl Pts',(1.00525399509941,0.963184378840522,-4.76483336222856));
#3935=CARTESIAN_POINT('Ctrl Pts',(1.35429896946666,-0.322698068800015,-4.84424725159904));
#3936=CARTESIAN_POINT('Ctrl Pts',(0.462889836734375,-1.31300904084997,-4.92366114096951));
#3937=CARTESIAN_POINT('Ctrl Pts',(-0.8524977616523,-1.10068492707202,-5.00307503033999));
#3938=CARTESIAN_POINT('Ctrl Pts',(-1.38705012825023,0.119798514292752,-5.08248891971047));
#3939=CARTESIAN_POINT('Ctrl Pts',(-0.651150351612369,1.23055392482443,-5.16190280908094));
#3940=CARTESIAN_POINT('Ctrl Pts',(0.681162880405261,1.21419803683902,-5.24131669845142));
#3941=CARTESIAN_POINT('Ctrl Pts',(1.38957303662331,0.0857118322941113,-5.3207305878219));
#3942=CARTESIAN_POINT('Ctrl Pts',(0.82522022155077,-1.12128111027049,-5.40014447719237));
#3943=CARTESIAN_POINT('Ctrl Pts',(-0.494983285402133,-1.3012498950925,-5.47955836656284));
#3944=CARTESIAN_POINT('Ctrl Pts',(-1.36181271235814,-0.289354244422834,
-5.55897225593333));
#3945=CARTESIAN_POINT('Ctrl Pts',(-0.981305908370782,0.987572000667457,
-5.63838614530379));
#3946=CARTESIAN_POINT('Ctrl Pts',(0.298016424390806,1.35994336393066,-5.71780003467428));
#3947=CARTESIAN_POINT('Ctrl Pts',(1.30437414154446,0.486690703810839,-5.79721392404475));
#3948=CARTESIAN_POINT('Ctrl Pts',(1.11600580665773,-0.832340544375896,-5.87662781341522));
#3949=CARTESIAN_POINT('Ctrl Pts',(-0.0945548340835117,-1.38899932529039,
-5.95604170278571));
#3950=CARTESIAN_POINT('Ctrl Pts',(-1.21850909401122,-0.673420619017338,
-6.03545559215617));
#3951=CARTESIAN_POINT('Ctrl Pts',(-1.22638437560255,0.658969730400173,-6.11486948152666));
#3952=CARTESIAN_POINT('Ctrl Pts',(-0.110967407921935,1.38778455701338,-6.19428337089713));
#3953=CARTESIAN_POINT('Ctrl Pts',(1.10608884326575,0.845474549060329,-6.27369726026761));
#3954=CARTESIAN_POINT('Ctrl Pts',(1.31003611380767,-0.471237862257937,-6.35311114963809));
#3955=CARTESIAN_POINT('Ctrl Pts',(0.314071315848641,-1.35632553277848,-6.43252503900856));
#3956=CARTESIAN_POINT('Ctrl Pts',(-0.969563385470079,-0.999102889527166,
-6.51193892837904));
#3957=CARTESIAN_POINT('Ctrl Pts',(-1.36513798284193,0.273236216684366,-6.59135281774951));
#3958=CARTESIAN_POINT('Ctrl Pts',(-0.510330607139754,1.29530784515577,-6.67076670711999));
#3959=CARTESIAN_POINT('Ctrl Pts',(0.811908046202999,1.13095758842521,-6.75018059649046));
#3960=CARTESIAN_POINT('Ctrl Pts',(1.39048913706802,-0.0692798816508224,
-6.82959448586094));
#3961=CARTESIAN_POINT('Ctrl Pts',(0.695468165286143,-1.20606126435568,-6.90900837523142));
#3962=CARTESIAN_POINT('Ctrl Pts',(-0.636558638617086,-1.23816511092332,
-6.98842226460189));
#3963=CARTESIAN_POINT('Ctrl Pts',(-1.38553709390254,-0.136186283177801,
-7.06783615397237));
#3964=CARTESIAN_POINT('Ctrl Pts',(-0.865449251849721,1.09053075829082,-7.14725004334285));
#3965=CARTESIAN_POINT('Ctrl Pts',(0.447336586101395,1.31838906284957,-7.22666393271331));
#3966=CARTESIAN_POINT('Ctrl Pts',(1.35038977417524,0.33868451412513,-7.3060778220838));
#3967=CARTESIAN_POINT('Ctrl Pts',(1.01656943629488,-0.951234105515643,-7.38549171145427));
#3968=CARTESIAN_POINT('Ctrl Pts',(-0.248365641266216,-1.36988110817962,
-7.46490560082475));
#3969=CARTESIAN_POINT('Ctrl Pts',(-1.28581315018927,-0.533801728267963,
-7.54431949019522));
#3970=CARTESIAN_POINT('Ctrl Pts',(-1.14553532735679,0.791207024791956,-7.62373337956572));
#3971=CARTESIAN_POINT('Ctrl Pts',(0.0439820162099518,1.39151907086375,-7.70314726893616));
#3972=CARTESIAN_POINT('Ctrl Pts',(1.19321455273701,0.717285698595135,-7.78256115830666));
#3973=CARTESIAN_POINT('Ctrl Pts',(1.2495363465556,-0.613937017073033,-7.86197504767712));
#3974=CARTESIAN_POINT('Ctrl Pts',(0.161360117377188,-1.38283139064949,-7.9413889370476));
#3975=CARTESIAN_POINT('Ctrl Pts',(-1.07461200085315,-0.885137723563478,
-8.02080282641809));
#3976=CARTESIAN_POINT('Ctrl Pts',(-1.32630597970465,0.423287361637283,-8.10021671578854));
#3977=CARTESIAN_POINT('Ctrl Pts',(-0.363185698776294,1.34400740004981,-8.17963060515905));
#3978=CARTESIAN_POINT('Ctrl Pts',(0.932590222627418,1.03369977125735,-8.2590444945295));
#3979=CARTESIAN_POINT('Ctrl Pts',(1.37417117169949,-0.223412922305166,-8.3384583839));
#3980=CARTESIAN_POINT('Ctrl Pts',(0.557096303702315,-1.27589319931163,-8.41787227327045));
#3981=CARTESIAN_POINT('Ctrl Pts',(-0.770244324974049,-1.15973419743914,
-8.49728616264094));
#3982=CARTESIAN_POINT('Ctrl Pts',(-1.39208878916117,0.0186695956224777,
-8.57670005201141));
#3983=CARTESIAN_POINT('Ctrl Pts',(-0.738865997292573,1.17997322491915,-8.6561139413819));
#3984=CARTESIAN_POINT('Ctrl Pts',(0.59111233620843,1.26049428947566,-8.73552783075236));
#3985=CARTESIAN_POINT('Ctrl Pts',(1.37966836344706,0.186480645905268,-8.81494172012285));
#3986=CARTESIAN_POINT('Ctrl Pts',(0.904533412099675,-1.05833795191816,-8.89435560949331));
#3987=CARTESIAN_POINT('Ctrl Pts',(-0.399098065756445,-1.3337840254493,-8.9737694988638));
#3988=CARTESIAN_POINT('Ctrl Pts',(-1.33718066735758,-0.387567185344328,
-9.05318338823426));
#3989=CARTESIAN_POINT('Ctrl Pts',(-1.050487951415,0.913638698334709,-9.13259727760475));
#3990=CARTESIAN_POINT('Ctrl Pts',(0.198385785515325,1.37800524399032,-9.21201116697521));
#3991=CARTESIAN_POINT('Ctrl Pts',(1.26555227402836,0.580209497850347,-9.29142505634571));
#3992=CARTESIAN_POINT('Ctrl Pts',(1.17354760232297,-0.749032327530432,-9.37083894571616));
#3993=CARTESIAN_POINT('Ctrl Pts',(0.00665261739003527,-1.39218775784386,
-9.45025283508666));
#3994=CARTESIAN_POINT('Ctrl Pts',(-1.16634851375081,-0.760221571344307,
-9.52966672445712));
#3995=CARTESIAN_POINT('Ctrl Pts',(-1.2710223001509,0.568129456719007,-9.6090806138276));
#3996=CARTESIAN_POINT('Ctrl Pts',(-0.211564278336679,1.37597819739611,-9.68849450319808));
#3997=CARTESIAN_POINT('Ctrl Pts',(1.04176093921061,0.923764499576298,-9.76790839256855));
#3998=CARTESIAN_POINT('Ctrl Pts',(1.34073153421198,-0.375032535547865,-9.84732228193903));
#3999=CARTESIAN_POINT('Ctrl Pts',(0.411990633557646,-1.32942404438316,-9.92673617130951));
#4000=CARTESIAN_POINT('Ctrl Pts',(-0.894711012248247,-1.06787122272676,
-10.00615006068));
#4001=CARTESIAN_POINT('Ctrl Pts',(-1.38073946554642,0.175221866011065,-10.0855639500505));
#4002=CARTESIAN_POINT('Ctrl Pts',(-0.863321222353198,0.891773636539845,
-10.1385065429641));
#4003=CARTESIAN_POINT('Ctrl Pts',(-0.5102165053884,1.06149619882939,-10.1649778394209));
#4004=CARTESIAN_POINT('',(-0.634007094575213,1.31904027763685,-10.));
#4005=CARTESIAN_POINT('Ctrl Pts',(-0.686146643368672,-0.959581918201588,
-9.99999999999999));
#4006=CARTESIAN_POINT('Ctrl Pts',(-0.713061911613695,-0.944947735483799,
-9.99999999999999));
#4007=CARTESIAN_POINT('Ctrl Pts',(-0.739299689773414,-0.929234148631279,
-9.99999999999999));
#4008=CARTESIAN_POINT('Ctrl Pts',(-0.764787301259788,-0.912459993625973,
-9.99999999999999));
#4009=CARTESIAN_POINT('Ctrl Pts',(-0.804799368489605,-0.886126862404378,
-9.99999999999999));
#4010=CARTESIAN_POINT('Ctrl Pts',(-0.842963984659113,-0.857182821346015,
-9.99999999999999));
#4011=CARTESIAN_POINT('Ctrl Pts',(-0.879218616157326,-0.825933093481224,
-9.99999999999999));
#4012=CARTESIAN_POINT('Ctrl Pts',(-0.914287391364583,-0.795705516024469,
-9.99999999999999));
#4013=CARTESIAN_POINT('Ctrl Pts',(-0.947569447523479,-0.763319792222766,
-10.));
#4014=CARTESIAN_POINT('Ctrl Pts',(-0.978991200646372,-0.729011875680262,
-10.));
#4015=CARTESIAN_POINT('Ctrl Pts',(-0.994024233810582,-0.712598022348742,
-10.));
#4016=CARTESIAN_POINT('Ctrl Pts',(-1.00863116949411,-0.695743664461096,
-9.99999999999999));
#4017=CARTESIAN_POINT('Ctrl Pts',(-1.02280214072095,-0.678472034093216,
-9.99999999999999));
#4018=CARTESIAN_POINT('Ctrl Pts',(-1.02819043348063,-0.671904763623929,
-9.99999999999999));
#4019=CARTESIAN_POINT('Ctrl Pts',(-1.03351654005264,-0.665276055843392,
-9.99999999999999));
#4020=CARTESIAN_POINT('Ctrl Pts',(-1.0387771520156,-0.658590590362714,-9.99999999999999));
#4021=CARTESIAN_POINT('Ctrl Pts',(-1.07040996742682,-0.618389926071683,
-9.99999999999999));
#4022=CARTESIAN_POINT('Ctrl Pts',(-1.09954994534153,-0.576303495471042,
-9.99999999999999));
#4023=CARTESIAN_POINT('Ctrl Pts',(-1.12612555670245,-0.532664331858826,
-9.99999999999999));
#4024=CARTESIAN_POINT('Ctrl Pts',(-1.15334694020669,-0.487964761551327,
-9.99999999999999));
#4025=CARTESIAN_POINT('Ctrl Pts',(-1.17787856696223,-0.441635336301271,
-9.99999999999999));
#4026=CARTESIAN_POINT('Ctrl Pts',(-1.19961435480567,-0.393987770516782,
-9.99999999999999));
#4027=CARTESIAN_POINT('Ctrl Pts',(-1.21962110859761,-0.350130463650246,
-9.99999999999999));
#4028=CARTESIAN_POINT('Ctrl Pts',(-1.23725922339778,-0.305155291568869,
-9.99999999999999));
#4029=CARTESIAN_POINT('Ctrl Pts',(-1.25241657979619,-0.259280939757236,
-9.99999999999999));
#4030=CARTESIAN_POINT('Ctrl Pts',(-1.25548748902902,-0.249986708835599,
-9.99999999999999));
#4031=CARTESIAN_POINT('Ctrl Pts',(-1.25845646334103,-0.240655511719249,
-9.99999999999999));
#4032=CARTESIAN_POINT('Ctrl Pts',(-1.26132240250014,-0.231289089220419,
-9.99999999999999));
#4033=CARTESIAN_POINT('Ctrl Pts',(-1.26419532399906,-0.221899847135749,
-9.99999999999999));
#4034=CARTESIAN_POINT('Ctrl Pts',(-1.26696203278206,-0.212483869716329,
-9.99999999999999));
#4035=CARTESIAN_POINT('Ctrl Pts',(-1.2696211626637,-0.203046083968866,-9.99999999999999));
#4036=CARTESIAN_POINT('Ctrl Pts',(-1.28434787408896,-0.150778028859639,
-9.99999999999999));
#4037=CARTESIAN_POINT('Ctrl Pts',(-1.2957867581376,-0.0978156993142259,
-9.99999999999999));
#4038=CARTESIAN_POINT('Ctrl Pts',(-1.30383198868179,-0.0444909475170579,
-9.99999999999999));
#4039=CARTESIAN_POINT('Ctrl Pts',(-1.31182984873725,0.00851982700629032,
-9.99999999999999));
#4040=CARTESIAN_POINT('Ctrl Pts',(-1.31647452597815,0.0618898571729763,
-10.));
#4041=CARTESIAN_POINT('Ctrl Pts',(-1.31761880931526,0.115319327658182,-10.));
#4042=CARTESIAN_POINT('Ctrl Pts',(-1.31797839079928,0.132109092626603,-10.));
#4043=CARTESIAN_POINT('Ctrl Pts',(-1.31799195602796,0.148904856994926,-9.99999999999999));
#4044=CARTESIAN_POINT('Ctrl Pts',(-1.31765389446607,0.165697591132817,-9.99999999999999));
#4045=CARTESIAN_POINT('Ctrl Pts',(-1.31699742348317,0.198306866862213,-9.99999999999999));
#4046=CARTESIAN_POINT('Ctrl Pts',(-1.31501549566292,0.230904721092953,-10.));
#4047=CARTESIAN_POINT('Ctrl Pts',(-1.31174763036643,0.263439625213533,-10.));
#4048=CARTESIAN_POINT('Ctrl Pts',(-1.31088052786209,0.272072507625085,-10.));
#4049=CARTESIAN_POINT('Ctrl Pts',(-1.30992292056421,0.280699540116927,-9.99999999999999));
#4050=CARTESIAN_POINT('Ctrl Pts',(-1.30887691274649,0.289310167911345,-9.99999999999999));
#4051=CARTESIAN_POINT('Ctrl Pts',(-1.30241363306341,0.342515215464132,-9.99999999999999));
#4052=CARTESIAN_POINT('Ctrl Pts',(-1.29257000941333,0.39519322932259,-9.99999999999999));
#4053=CARTESIAN_POINT('Ctrl Pts',(-1.27959244248215,0.447113646820135,-9.99999999999999));
#4054=CARTESIAN_POINT('Ctrl Pts',(-1.26630005055527,0.500293610525575,-9.99999999999999));
#4055=CARTESIAN_POINT('Ctrl Pts',(-1.24971966612065,0.552679648891733,-9.99999999999999));
#4056=CARTESIAN_POINT('Ctrl Pts',(-1.23005996786619,0.604031042747218,-9.99999999999999));
#4057=CARTESIAN_POINT('Ctrl Pts',(-1.21601923469481,0.640705624918903,-9.99999999999999));
#4058=CARTESIAN_POINT('Ctrl Pts',(-1.20040665237144,0.676852659066775,-10.));
#4059=CARTESIAN_POINT('Ctrl Pts',(-1.18328216577017,0.712382660020402,-10.));
#4060=CARTESIAN_POINT('Ctrl Pts',(-1.17555738829188,0.728410080728604,-10.));
#4061=CARTESIAN_POINT('Ctrl Pts',(-1.16752478535461,0.744311902272669,-10.));
#4062=CARTESIAN_POINT('Ctrl Pts',(-1.15918903723298,0.760079638582926,-10.));
#4063=CARTESIAN_POINT('Ctrl Pts',(-1.15416096952765,0.769590632025966,-10.));
#4064=CARTESIAN_POINT('Ctrl Pts',(-1.149022634308,0.77905253859277,-10.));
#4065=CARTESIAN_POINT('Ctrl Pts',(-1.14378209952037,0.788451355210538,-10.));
#4066=CARTESIAN_POINT('Ctrl Pts',(-1.11600004528426,0.838278031992885,-10.));
#4067=CARTESIAN_POINT('Ctrl Pts',(-1.08530406285569,0.88642032226998,-10.));
#4068=CARTESIAN_POINT('Ctrl Pts',(-1.05190836554583,0.932621181615914,-9.99999999999999));
#4069=CARTESIAN_POINT('Ctrl Pts',(-1.02392811033455,0.971330115389188,-9.99999999999999));
#4070=CARTESIAN_POINT('Ctrl Pts',(-0.994051622968363,1.00867650855821,-10.));
#4071=CARTESIAN_POINT('Ctrl Pts',(-0.962378617454606,1.04450115758713,-10.));
#4072=CARTESIAN_POINT('Ctrl Pts',(-0.953745823189745,1.05426552379302,-10.));
#4073=CARTESIAN_POINT('Ctrl Pts',(-0.944979440234764,1.06391677679465,-10.));
#4074=CARTESIAN_POINT('Ctrl Pts',(-0.936081209781198,1.07345152953847,-10.));
#4075=CARTESIAN_POINT('Ctrl Pts',(-0.927461473310499,1.08268786662749,-10.));
#4076=CARTESIAN_POINT('Ctrl Pts',(-0.918723467892489,1.09180897164054,-9.99999999999999));
#4077=CARTESIAN_POINT('Ctrl Pts',(-0.909872719501306,1.10080866581194,-9.99999999999999));
#4078=CARTESIAN_POINT('Ctrl Pts',(-0.868583722393409,1.14279249929041,-10.));
#4079=CARTESIAN_POINT('Ctrl Pts',(-0.824822189462288,1.18216037883662,-9.99999999999999));
#4080=CARTESIAN_POINT('Ctrl Pts',(-0.77878611304143,1.21863087837346,-9.99999999999999));
#4081=CARTESIAN_POINT('Ctrl Pts',(-0.732750036620573,1.2551013779103,-9.99999999999999));
#4082=CARTESIAN_POINT('Ctrl Pts',(-0.684438884111182,1.28867562622979,-10.));
#4083=CARTESIAN_POINT('Ctrl Pts',(-0.634007094575214,1.31904027763685,-10.));
#4084=CARTESIAN_POINT('Ctrl Pts',(-0.635547511266858,1.32093130851845,1.12757025938492E-17));
#4085=CARTESIAN_POINT('Ctrl Pts',(-0.667862937069963,1.30168350344145,1.25195768982746E-18));
#4086=CARTESIAN_POINT('Ctrl Pts',(-0.699330188300711,1.2811388453546,6.73957974155189E-17));
#4087=CARTESIAN_POINT('Ctrl Pts',(-0.729859947181763,1.25929245146385,8.32667268468867E-17));
#4088=CARTESIAN_POINT('Ctrl Pts',(-0.776750814337375,1.22573842446511,1.21105184754254E-16));
#4089=CARTESIAN_POINT('Ctrl Pts',(-0.821432268155903,1.18911464896605,1.87865840623442E-16));
#4090=CARTESIAN_POINT('Ctrl Pts',(-0.863753174967882,1.14973326172893,2.70616862252382E-16));
#4091=CARTESIAN_POINT('Ctrl Pts',(-0.886672382442063,1.12840597333413,3.15431304481612E-16));
#4092=CARTESIAN_POINT('Ctrl Pts',(-0.908898565543315,1.10626937183677,1.03091161222992E-16));
#4093=CARTESIAN_POINT('Ctrl Pts',(-0.930402256914575,1.08337021827189,6.59194920871187E-17));
#4094=CARTESIAN_POINT('Ctrl Pts',(-0.938208119945181,1.07505780096836,5.24261363239571E-17));
#4095=CARTESIAN_POINT('Ctrl Pts',(-0.945916488066866,1.06664719024727,-1.63814529854816E-16));
#4096=CARTESIAN_POINT('Ctrl Pts',(-0.953520508361091,1.05814717278905,-1.49186218934005E-16));
#4097=CARTESIAN_POINT('Ctrl Pts',(-0.991905246866678,1.01523948254066,-7.53431901482748E-17));
#4098=CARTESIAN_POINT('Ctrl Pts',(-1.02767883005557,0.970008881736612,-2.46617291368861E-16));
#4099=CARTESIAN_POINT('Ctrl Pts',(-1.06068930975147,0.9227675609454,-2.4980018054066E-16));
#4100=CARTESIAN_POINT('Ctrl Pts',(-1.08260036875336,0.891410628943224,-2.51912857274904E-16));
#4101=CARTESIAN_POINT('Ctrl Pts',(-1.10329315556429,0.85916718266232,-2.98023737116767E-17));
#4102=CARTESIAN_POINT('Ctrl Pts',(-1.1227112060166,0.826124497913288,-4.16333634234434E-17));
#4103=CARTESIAN_POINT('Ctrl Pts',(-1.13148054037189,0.811202178534604,-4.69763253645149E-17));
#4104=CARTESIAN_POINT('Ctrl Pts',(-1.13998975678291,0.7961168300181,2.31065225436095E-17));
#4105=CARTESIAN_POINT('Ctrl Pts',(-1.14823295944214,0.780876423686712,2.08166817117217E-17));
#4106=CARTESIAN_POINT('Ctrl Pts',(-1.15347760129988,0.771179892340949,1.93597971037648E-17));
#4107=CARTESIAN_POINT('Ctrl Pts',(-1.15861464098209,0.761420188712796,-8.73945665694312E-17));
#4108=CARTESIAN_POINT('Ctrl Pts',(-1.16363583940084,0.751613001862575,-8.32667268468867E-17));
#4109=CARTESIAN_POINT('Ctrl Pts',(-1.18927668169292,0.701532421414652,-6.21878372062409E-17));
#4110=CARTESIAN_POINT('Ctrl Pts',(-1.21194759662305,0.650130045914118,1.40542228620737E-16));
#4111=CARTESIAN_POINT('Ctrl Pts',(-1.23150438078023,0.597694616992914,9.71445146547012E-17));
#4112=CARTESIAN_POINT('Ctrl Pts',(-1.25057265216303,0.546568983007918,5.48308407578551E-17));
#4113=CARTESIAN_POINT('Ctrl Pts',(-1.26668055184091,0.494460219742392,1.31216479166781E-17));
#4114=CARTESIAN_POINT('Ctrl Pts',(-1.27964612862139,0.441630333134019,9.71445146547012E-17));
#4115=CARTESIAN_POINT('Ctrl Pts',(-1.28726630827208,0.410580944919547,1.46526763524193E-16));
#4116=CARTESIAN_POINT('Ctrl Pts',(-1.29380014556973,0.379282438464687,-3.66196176037668E-16));
#4117=CARTESIAN_POINT('Ctrl Pts',(-1.29920234075098,0.347789170286869,-3.88578058618805E-16));
#4118=CARTESIAN_POINT('Ctrl Pts',(-1.30274915986359,0.327112219206055,-4.03272916218648E-16));
#4119=CARTESIAN_POINT('Ctrl Pts',(-1.30580804491375,0.306351338189946,-3.02745562984644E-16));
#4120=CARTESIAN_POINT('Ctrl Pts',(-1.30836463843526,0.285522371920364,-3.05311331771918E-16));
#4121=CARTESIAN_POINT('Ctrl Pts',(-1.3098845030659,0.273139797663095,-3.06836650989598E-16));
#4122=CARTESIAN_POINT('Ctrl Pts',(-1.31122698765976,0.260729828382497,-2.27879800494169E-16));
#4123=CARTESIAN_POINT('Ctrl Pts',(-1.31238694102206,0.248321294580391,-2.35922392732846E-16));
#4124=CARTESIAN_POINT('Ctrl Pts',(-1.3172941969507,0.195826208963378,-2.69947086938089E-16));
#4125=CARTESIAN_POINT('Ctrl Pts',(-1.31895144004899,0.143266761711801,-1.43453384002789E-16));
#4126=CARTESIAN_POINT('Ctrl Pts',(-1.31719904227546,0.0908870999846922,
-1.80411241501588E-16));
#4127=CARTESIAN_POINT('Ctrl Pts',(-1.31687865099212,0.0813105145224817,
-1.87168254990552E-16));
#4128=CARTESIAN_POINT('Ctrl Pts',(-1.31644414692777,0.0717399567486281,
-6.52060259268565E-17));
#4129=CARTESIAN_POINT('Ctrl Pts',(-1.31589436546305,0.062176951427847,-6.93889390390723E-17));
#4130=CARTESIAN_POINT('Ctrl Pts',(-1.31276564432106,0.00775536967590285,
-7.93154617238025E-17));
#4131=CARTESIAN_POINT('Ctrl Pts',(-1.30590766933781,-0.0464235846524392,
-4.57645694231017E-16));
#4132=CARTESIAN_POINT('Ctrl Pts',(-1.29548993778659,-0.100062252257178,
-4.85722573273506E-16));
#4133=CARTESIAN_POINT('Ctrl Pts',(-1.29061277265028,-0.125173730539559,
-4.98867044786258E-16));
#4134=CARTESIAN_POINT('Ctrl Pts',(-1.2849546815742,-0.150166440328913,-2.62001357750767E-16));
#4135=CARTESIAN_POINT('Ctrl Pts',(-1.27852962549815,-0.175007485864778,
-2.91433543964104E-16));
#4136=CARTESIAN_POINT('Ctrl Pts',(-1.27393239751372,-0.19278164197304,-3.12492732942603E-16));
#4137=CARTESIAN_POINT('Ctrl Pts',(-1.26894246787476,-0.210478118695493,
-1.60041525202066E-16));
#4138=CARTESIAN_POINT('Ctrl Pts',(-1.26356437154845,-0.228084250863815,
-1.38777878078145E-16));
#4139=CARTESIAN_POINT('Ctrl Pts',(-1.26058577737651,-0.237835196084048,
-1.27001262049963E-16));
#4140=CARTESIAN_POINT('Ctrl Pts',(-1.25749057676228,-0.247550213609185,
-1.74636170180076E-16));
#4141=CARTESIAN_POINT('Ctrl Pts',(-1.25428171410136,-0.257222664222162,
-1.80411241501588E-16));
#4142=CARTESIAN_POINT('Ctrl Pts',(-1.23774471743921,-0.307070009030434,
-2.10173292813545E-16));
#4143=CARTESIAN_POINT('Ctrl Pts',(-1.21818018880159,-0.35582998943907,-1.54150607991037E-16));
#4144=CARTESIAN_POINT('Ctrl Pts',(-1.19576003795552,-0.403244006184399,
-1.80411241501588E-16));
#4145=CARTESIAN_POINT('Ctrl Pts',(-1.17345267079349,-0.450419508589651,
-2.06539771931621E-16));
#4146=CARTESIAN_POINT('Ctrl Pts',(-1.14831754590906,-0.496263449437251,
-6.48012953841584E-17));
#4147=CARTESIAN_POINT('Ctrl Pts',(-1.12048487491145,-0.540488342437143,
-5.55111512312578E-17));
#4148=CARTESIAN_POINT('Ctrl Pts',(-1.10655249791043,-0.562626278180263,
-5.08607247327306E-17));
#4149=CARTESIAN_POINT('Ctrl Pts',(-1.09194363923576,-0.584357920498164,
-6.53933075406281E-17));
#4150=CARTESIAN_POINT('Ctrl Pts',(-1.07667185322038,-0.605643046765674,
-5.55111512312578E-17));
#4151=CARTESIAN_POINT('Ctrl Pts',(-1.06541600441731,-0.621330940950416,
-4.82276509808923E-17));
#4152=CARTESIAN_POINT('Ctrl Pts',(-1.05380000154966,-0.636776219953218,
-1.13378729014105E-16));
#4153=CARTESIAN_POINT('Ctrl Pts',(-1.04182877252391,-0.651961636752161,
-1.11022302462516E-16));
#4154=CARTESIAN_POINT('Ctrl Pts',(-1.03604205330106,-0.659302047925356,
-1.09883239898932E-16));
#4155=CARTESIAN_POINT('Ctrl Pts',(-1.03017288825872,-0.666580858189882,
-2.29086082590823E-16));
#4156=CARTESIAN_POINT('Ctrl Pts',(-1.02423020154927,-0.673786400879613,
-2.22044604925031E-16));
#4157=CARTESIAN_POINT('Ctrl Pts',(-0.992144122644057,-0.712690960820453,
-1.84025873829135E-16));
#4158=CARTESIAN_POINT('Ctrl Pts',(-0.957855608842529,-0.749542002683061,
-2.23639594681742E-18));
#4159=CARTESIAN_POINT('Ctrl Pts',(-0.921494379040786,-0.784087403158046,
0.));
#4160=CARTESIAN_POINT('Ctrl Pts',(-0.885874101101907,-0.817928853877348,
2.19082373289812E-18));
#4161=CARTESIAN_POINT('Ctrl Pts',(-0.848263974709503,-0.849558250999709,
-1.78775836200294E-16));
#4162=CARTESIAN_POINT('Ctrl Pts',(-0.808762213504601,-0.878695004866084,
-2.22044604925031E-16));
#4163=CARTESIAN_POINT('Ctrl Pts',(-0.769260452299699,-0.907831758732458,
-2.65313373649769E-16));
#4164=CARTESIAN_POINT('Ctrl Pts',(-0.72786643144031,-0.934476550565846,
-2.77555756156289E-17));
#4165=CARTESIAN_POINT('Ctrl Pts',(-0.68466442453948,-0.958295198918383,
-2.77555756156289E-17));
#4166=CARTESIAN_POINT('Ctrl Pts',(-0.634007094575213,1.31904027763685,-10.));
#4167=CARTESIAN_POINT('Ctrl Pts',(-1.07278336566668,1.10813900834306,-9.97352870354317));
#4168=CARTESIAN_POINT('Ctrl Pts',(-1.39426143780137,0.662936921241006,-9.94705740708635));
#4169=CARTESIAN_POINT('Ctrl Pts',(-1.45434206568901,0.182886399820057,-9.92058611062952));
#4170=CARTESIAN_POINT('Ctrl Pts',(-1.51442269357664,-0.297164121600893,
-9.89411481417269));
#4171=CARTESIAN_POINT('Ctrl Pts',(-1.31310587721722,-0.812063077340731,
-9.86764351771587));
#4172=CARTESIAN_POINT('Ctrl Pts',(-0.941824408309155,-1.12368117538954,
-9.84117222125904));
#4173=CARTESIAN_POINT('Ctrl Pts',(-0.570542939401091,-1.43529927343834,
-9.81470092480222));
#4174=CARTESIAN_POINT('Ctrl Pts',(-0.0292968179443711,-1.54363651379611,
-9.7882296283454));
#4175=CARTESIAN_POINT('Ctrl Pts',(0.433672143598753,-1.40014689111355,-9.76175833188858));
#4176=CARTESIAN_POINT('Ctrl Pts',(0.896641105141883,-1.25665726843097,-9.73528703543175));
#4177=CARTESIAN_POINT('Ctrl Pts',(1.28133290677142,-0.861340782708063,-9.70881573897491));
#4178=CARTESIAN_POINT('Ctrl Pts',(1.41176081907922,-0.394696555143541,-9.68234444251809));
#4179=CARTESIAN_POINT('Ctrl Pts',(1.44738308553645,-0.267247416988189,-9.67511464362636));
#4180=CARTESIAN_POINT('Ctrl Pts',(1.46403887380242,-0.134477680364535,-9.66788484473463));
#4181=CARTESIAN_POINT('Ctrl Pts',(1.46288156111607,-0.00141249584393474,
-9.66065504584291));
#4182=CARTESIAN_POINT('Origin',(0.,0.,0.));
#4183=CARTESIAN_POINT('Origin',(0.,0.,-10.));
#4184=CARTESIAN_POINT('Origin',(0.,0.,0.));
#4185=CARTESIAN_POINT('',(-1.5,1.83697019872103E-16,-1.12481983699639E-32));
#4186=CARTESIAN_POINT('Origin',(0.,0.,0.));
#4187=CARTESIAN_POINT('',(-2.1,2.57175827820944E-16,-1.57474777179495E-32));
#4188=CARTESIAN_POINT('Origin',(-1.8,2.20436423846524E-16,-2.69956760879134E-32));
#4189=CARTESIAN_POINT('Origin',(0.,0.,0.));
#4190=CARTESIAN_POINT('Origin',(0.,0.,0.));
#4191=CARTESIAN_POINT('Origin',(0.,0.,-10.));
#4192=CARTESIAN_POINT('Origin',(-1.45022882591661E-13,1.44337567297406,
3.));
#4193=CARTESIAN_POINT('',(-1.45229111797706E-13,1.44337567297406,3.));
#4194=CARTESIAN_POINT('',(1.24999999999993,0.721687836487175,3.));
#4195=CARTESIAN_POINT('',(0.312499999999869,1.26295371385234,3.));
#4196=CARTESIAN_POINT('',(-1.45300438347817E-13,1.44337567297406,1.7));
#4197=CARTESIAN_POINT('',(-1.45229111797706E-13,1.44337567297406,3.));
#4198=CARTESIAN_POINT('',(1.24999999999993,0.721687836487175,1.7));
#4199=CARTESIAN_POINT('',(1.24999999999993,0.721687836487175,1.7));
#4200=CARTESIAN_POINT('',(1.24999999999993,0.721687836487175,3.));
#4201=CARTESIAN_POINT('Origin',(-1.25000000000007,0.721687836486906,3.));
#4202=CARTESIAN_POINT('',(-1.25000000000007,0.721687836486906,3.));
#4203=CARTESIAN_POINT('',(-0.937500000000091,0.902109795608696,3.));
#4204=CARTESIAN_POINT('',(-1.25000000000007,0.721687836486906,1.7));
#4205=CARTESIAN_POINT('',(-1.25000000000007,0.721687836486906,3.));
#4206=CARTESIAN_POINT('',(-1.45229111797706E-13,1.44337567297406,1.7));
#4207=CARTESIAN_POINT('Origin',(-1.24999999999993,-0.721687836487108,3.));
#4208=CARTESIAN_POINT('',(-1.24999999999993,-0.721687836487108,3.));
#4209=CARTESIAN_POINT('',(-1.24999999999996,-0.360843918243617,3.));
#4210=CARTESIAN_POINT('',(-1.24999999999993,-0.721687836487108,1.7));
#4211=CARTESIAN_POINT('',(-1.24999999999993,-0.721687836487108,3.));
#4212=CARTESIAN_POINT('',(-1.25000000000007,0.721687836486906,1.7));
#4213=CARTESIAN_POINT('Origin',(1.44606548957427E-13,-1.44337567297406,
3.));
#4214=CARTESIAN_POINT('',(1.44727979600745E-13,-1.44337567297406,3.));
#4215=CARTESIAN_POINT('',(-0.312499999999884,-1.26295371385232,3.));
#4216=CARTESIAN_POINT('',(1.44745326835505E-13,-1.44337567297406,1.7));
#4217=CARTESIAN_POINT('',(1.44727979600745E-13,-1.44337567297406,3.));
#4218=CARTESIAN_POINT('',(-1.24999999999993,-0.721687836487108,1.7));
#4219=CARTESIAN_POINT('Origin',(1.24999999999993,-0.721687836486907,3.));
#4220=CARTESIAN_POINT('',(1.24999999999993,-0.721687836486907,3.));
#4221=CARTESIAN_POINT('',(0.937500000000036,-0.902109795608665,3.));
#4222=CARTESIAN_POINT('',(1.24999999999993,-0.721687836486907,1.7));
#4223=CARTESIAN_POINT('',(1.24999999999993,-0.721687836486907,3.));
#4224=CARTESIAN_POINT('',(1.44727979600745E-13,-1.44337567297406,1.7));
#4225=CARTESIAN_POINT('Origin',(1.24999999999993,0.721687836487175,3.));
#4226=CARTESIAN_POINT('',(1.24999999999993,0.360843918243588,3.));
#4227=CARTESIAN_POINT('',(1.24999999999993,-0.721687836486907,1.7));
#4228=CARTESIAN_POINT('Origin',(-7.27196081129478E-14,2.77555756156289E-16,
1.7));
#4229=CARTESIAN_POINT('Origin',(0.,0.,0.));
#4230=CARTESIAN_POINT('',(-2.75,-3.36777869765522E-16,3.));
#4231=CARTESIAN_POINT('Origin',(0.,0.,3.));
#4232=CARTESIAN_POINT('',(-2.75,-3.36777869765522E-16,0.));
#4233=CARTESIAN_POINT('',(-2.75,-3.36777869765522E-16,0.));
#4234=CARTESIAN_POINT('Origin',(0.,0.,0.));
#4235=CARTESIAN_POINT('Origin',(0.,0.,3.));
#4236=CARTESIAN_POINT('Origin',(0.,0.,0.));
#4237=UNCERTAINTY_MEASURE_WITH_UNIT(LENGTH_MEASURE(0.01),#4241,
'DISTANCE_ACCURACY_VALUE',
'Maximum model space distance between geometric entities at asserted c
onnectivities');
#4238=UNCERTAINTY_MEASURE_WITH_UNIT(LENGTH_MEASURE(0.01),#4241,
'DISTANCE_ACCURACY_VALUE',
'Maximum model space distance between geometric entities at asserted c
onnectivities');
#4239=(
GEOMETRIC_REPRESENTATION_CONTEXT(3)
GLOBAL_UNCERTAINTY_ASSIGNED_CONTEXT((#4237))
GLOBAL_UNIT_ASSIGNED_CONTEXT((#4241,#4243,#4244))
REPRESENTATION_CONTEXT('','3D')
);
#4240=(
GEOMETRIC_REPRESENTATION_CONTEXT(3)
GLOBAL_UNCERTAINTY_ASSIGNED_CONTEXT((#4238))
GLOBAL_UNIT_ASSIGNED_CONTEXT((#4241,#4243,#4244))
REPRESENTATION_CONTEXT('','3D')
);
#4241=(
LENGTH_UNIT()
NAMED_UNIT(*)
SI_UNIT(.MILLI.,.METRE.)
);
#4242=(
LENGTH_UNIT()
NAMED_UNIT(*)
SI_UNIT($,.METRE.)
);
#4243=(
NAMED_UNIT(*)
PLANE_ANGLE_UNIT()
SI_UNIT($,.RADIAN.)
);
#4244=(
NAMED_UNIT(*)
SI_UNIT($,.STERADIAN.)
SOLID_ANGLE_UNIT()
);
#4245=SHAPE_DEFINITION_REPRESENTATION(#4246,#4247);
#4246=PRODUCT_DEFINITION_SHAPE('',$,#4249);
#4247=SHAPE_REPRESENTATION('',(#1049),#4239);
#4248=PRODUCT_DEFINITION_CONTEXT('part definition',#4253,'design');
#4249=PRODUCT_DEFINITION('SSCBOR SCRIPT','SSCBOR SCRIPT v2',#4250,#4248);
#4250=PRODUCT_DEFINITION_FORMATION('',$,#4255);
#4251=PRODUCT_RELATED_PRODUCT_CATEGORY('SSCBOR SCRIPT v2',
'SSCBOR SCRIPT v2',(#4255));
#4252=APPLICATION_PROTOCOL_DEFINITION('international standard',
'automotive_design',2009,#4253);
#4253=APPLICATION_CONTEXT(
'Core Data for Automotive Mechanical Design Process');
#4254=PRODUCT_CONTEXT('part definition',#4253,'mechanical');
#4255=PRODUCT('SSCBOR SCRIPT','SSCBOR SCRIPT v2',$,(#4254));
#4256=PRESENTATION_STYLE_ASSIGNMENT((#4257));
#4257=SURFACE_STYLE_USAGE(.BOTH.,#4258);
#4258=SURFACE_SIDE_STYLE('',(#4259));
#4259=SURFACE_STYLE_FILL_AREA(#4260);
#4260=FILL_AREA_STYLE('Steel - Satin',(#4261));
#4261=FILL_AREA_STYLE_COLOUR('Steel - Satin',#4262);
#4262=COLOUR_RGB('Steel - Satin',0.627450980392157,0.627450980392157,0.627450980392157);
ENDSEC;
END-ISO-10303-21;
