ISO-10303-21;
HEADER;
/* Generated by software containing ST-Developer
 * from STEP Tools, Inc. (www.steptools.com) 
 */

FILE_DESCRIPTION(
/* description */ (''),
/* implementation_level */ '2;1');

FILE_NAME(
/* name */ '65351-SIP-M1.4-10-A2.stp',
/* time_stamp */ '2023-04-27T10:05:08+01:00',
/* author */ (''),
/* organization */ (''),
/* preprocessor_version */ 'ST-DEVELOPER v19.2',
/* originating_system */ 'Autodesk Translation Framework v12.4.0.73',
/* authorisation */ '');

FILE_SCHEMA (('AUTOMOTIVE_DESIGN { 1 0 10303 214 3 1 1 }'));
ENDSEC;

DATA;
#10=MECHANICAL_DESIGN_GEOMETRIC_PRESENTATION_REPRESENTATION('',(#13),#6549);
#11=SHAPE_REPRESENTATION_RELATIONSHIP('SRR','None',#6556,#12);
#12=ADVANCED_BREP_SHAPE_REPRESENTATION('',(#14),#6548);
#13=STYLED_ITEM('',(#6565),#14);
#14=MANIFOLD_SOLID_BREP('Body1',#1664);
#15=FACE_BOUND('',#213,.T.);
#16=FACE_BOUND('',#215,.T.);
#17=TOROIDAL_SURFACE('',#1766,0.85,0.4);
#18=PLANE('',#1752);
#19=PLANE('',#1753);
#20=PLANE('',#1754);
#21=PLANE('',#1755);
#22=PLANE('',#1756);
#23=PLANE('',#1757);
#24=PLANE('',#1758);
#25=PLANE('',#1759);
#26=PLANE('',#1760);
#27=PLANE('',#1761);
#28=PLANE('',#1762);
#29=PLANE('',#1763);
#30=PLANE('',#1764);
#31=PLANE('',#1765);
#32=PLANE('',#1772);
#33=PLANE('',#1773);
#34=B_SPLINE_SURFACE_WITH_KNOTS('',3,3,((#4542,#4543,#4544,#4545,#4546,
#4547,#4548,#4549,#4550,#4551,#4552,#4553,#4554,#4555,#4556,#4557,#4558,
#4559,#4560,#4561,#4562,#4563,#4564,#4565,#4566,#4567,#4568,#4569,#4570,
#4571,#4572,#4573,#4574,#4575,#4576,#4577,#4578,#4579,#4580,#4581,#4582,
#4583,#4584,#4585,#4586,#4587,#4588,#4589,#4590,#4591,#4592,#4593,#4594,
#4595,#4596,#4597,#4598,#4599,#4600,#4601,#4602,#4603,#4604,#4605,#4606,
#4607,#4608,#4609,#4610,#4611,#4612,#4613,#4614,#4615,#4616,#4617,#4618,
#4619,#4620,#4621,#4622,#4623,#4624,#4625,#4626,#4627,#4628,#4629,#4630,
#4631,#4632,#4633,#4634,#4635,#4636,#4637,#4638,#4639,#4640,#4641,#4642,
#4643,#4644,#4645,#4646,#4647,#4648,#4649,#4650,#4651,#4652,#4653,#4654,
#4655,#4656,#4657,#4658,#4659,#4660,#4661,#4662,#4663,#4664,#4665,#4666,
#4667,#4668,#4669,#4670,#4671,#4672,#4673,#4674,#4675,#4676,#4677,#4678,
#4679,#4680,#4681,#4682,#4683,#4684,#4685,#4686,#4687,#4688,#4689,#4690,
#4691,#4692,#4693,#4694,#4695,#4696,#4697,#4698,#4699,#4700,#4701,#4702,
#4703,#4704,#4705,#4706,#4707,#4708,#4709,#4710,#4711,#4712,#4713,#4714,
#4715,#4716,#4717,#4718,#4719,#4720,#4721,#4722,#4723,#4724,#4725,#4726,
#4727,#4728,#4729,#4730,#4731,#4732,#4733,#4734,#4735,#4736,#4737,#4738,
#4739,#4740,#4741,#4742,#4743,#4744,#4745,#4746,#4747,#4748,#4749,#4750,
#4751,#4752,#4753,#4754,#4755),(#4756,#4757,#4758,#4759,#4760,#4761,#4762,
#4763,#4764,#4765,#4766,#4767,#4768,#4769,#4770,#4771,#4772,#4773,#4774,
#4775,#4776,#4777,#4778,#4779,#4780,#4781,#4782,#4783,#4784,#4785,#4786,
#4787,#4788,#4789,#4790,#4791,#4792,#4793,#4794,#4795,#4796,#4797,#4798,
#4799,#4800,#4801,#4802,#4803,#4804,#4805,#4806,#4807,#4808,#4809,#4810,
#4811,#4812,#4813,#4814,#4815,#4816,#4817,#4818,#4819,#4820,#4821,#4822,
#4823,#4824,#4825,#4826,#4827,#4828,#4829,#4830,#4831,#4832,#4833,#4834,
#4835,#4836,#4837,#4838,#4839,#4840,#4841,#4842,#4843,#4844,#4845,#4846,
#4847,#4848,#4849,#4850,#4851,#4852,#4853,#4854,#4855,#4856,#4857,#4858,
#4859,#4860,#4861,#4862,#4863,#4864,#4865,#4866,#4867,#4868,#4869,#4870,
#4871,#4872,#4873,#4874,#4875,#4876,#4877,#4878,#4879,#4880,#4881,#4882,
#4883,#4884,#4885,#4886,#4887,#4888,#4889,#4890,#4891,#4892,#4893,#4894,
#4895,#4896,#4897,#4898,#4899,#4900,#4901,#4902,#4903,#4904,#4905,#4906,
#4907,#4908,#4909,#4910,#4911,#4912,#4913,#4914,#4915,#4916,#4917,#4918,
#4919,#4920,#4921,#4922,#4923,#4924,#4925,#4926,#4927,#4928,#4929,#4930,
#4931,#4932,#4933,#4934,#4935,#4936,#4937,#4938,#4939,#4940,#4941,#4942,
#4943,#4944,#4945,#4946,#4947,#4948,#4949,#4950,#4951,#4952,#4953,#4954,
#4955,#4956,#4957,#4958,#4959,#4960,#4961,#4962,#4963,#4964,#4965,#4966,
#4967,#4968,#4969),(#4970,#4971,#4972,#4973,#4974,#4975,#4976,#4977,#4978,
#4979,#4980,#4981,#4982,#4983,#4984,#4985,#4986,#4987,#4988,#4989,#4990,
#4991,#4992,#4993,#4994,#4995,#4996,#4997,#4998,#4999,#5000,#5001,#5002,
#5003,#5004,#5005,#5006,#5007,#5008,#5009,#5010,#5011,#5012,#5013,#5014,
#5015,#5016,#5017,#5018,#5019,#5020,#5021,#5022,#5023,#5024,#5025,#5026,
#5027,#5028,#5029,#5030,#5031,#5032,#5033,#5034,#5035,#5036,#5037,#5038,
#5039,#5040,#5041,#5042,#5043,#5044,#5045,#5046,#5047,#5048,#5049,#5050,
#5051,#5052,#5053,#5054,#5055,#5056,#5057,#5058,#5059,#5060,#5061,#5062,
#5063,#5064,#5065,#5066,#5067,#5068,#5069,#5070,#5071,#5072,#5073,#5074,
#5075,#5076,#5077,#5078,#5079,#5080,#5081,#5082,#5083,#5084,#5085,#5086,
#5087,#5088,#5089,#5090,#5091,#5092,#5093,#5094,#5095,#5096,#5097,#5098,
#5099,#5100,#5101,#5102,#5103,#5104,#5105,#5106,#5107,#5108,#5109,#5110,
#5111,#5112,#5113,#5114,#5115,#5116,#5117,#5118,#5119,#5120,#5121,#5122,
#5123,#5124,#5125,#5126,#5127,#5128,#5129,#5130,#5131,#5132,#5133,#5134,
#5135,#5136,#5137,#5138,#5139,#5140,#5141,#5142,#5143,#5144,#5145,#5146,
#5147,#5148,#5149,#5150,#5151,#5152,#5153,#5154,#5155,#5156,#5157,#5158,
#5159,#5160,#5161,#5162,#5163,#5164,#5165,#5166,#5167,#5168,#5169,#5170,
#5171,#5172,#5173,#5174,#5175,#5176,#5177,#5178,#5179,#5180,#5181,#5182,
#5183),(#5184,#5185,#5186,#5187,#5188,#5189,#5190,#5191,#5192,#5193,#5194,
#5195,#5196,#5197,#5198,#5199,#5200,#5201,#5202,#5203,#5204,#5205,#5206,
#5207,#5208,#5209,#5210,#5211,#5212,#5213,#5214,#5215,#5216,#5217,#5218,
#5219,#5220,#5221,#5222,#5223,#5224,#5225,#5226,#5227,#5228,#5229,#5230,
#5231,#5232,#5233,#5234,#5235,#5236,#5237,#5238,#5239,#5240,#5241,#5242,
#5243,#5244,#5245,#5246,#5247,#5248,#5249,#5250,#5251,#5252,#5253,#5254,
#5255,#5256,#5257,#5258,#5259,#5260,#5261,#5262,#5263,#5264,#5265,#5266,
#5267,#5268,#5269,#5270,#5271,#5272,#5273,#5274,#5275,#5276,#5277,#5278,
#5279,#5280,#5281,#5282,#5283,#5284,#5285,#5286,#5287,#5288,#5289,#5290,
#5291,#5292,#5293,#5294,#5295,#5296,#5297,#5298,#5299,#5300,#5301,#5302,
#5303,#5304,#5305,#5306,#5307,#5308,#5309,#5310,#5311,#5312,#5313,#5314,
#5315,#5316,#5317,#5318,#5319,#5320,#5321,#5322,#5323,#5324,#5325,#5326,
#5327,#5328,#5329,#5330,#5331,#5332,#5333,#5334,#5335,#5336,#5337,#5338,
#5339,#5340,#5341,#5342,#5343,#5344,#5345,#5346,#5347,#5348,#5349,#5350,
#5351,#5352,#5353,#5354,#5355,#5356,#5357,#5358,#5359,#5360,#5361,#5362,
#5363,#5364,#5365,#5366,#5367,#5368,#5369,#5370,#5371,#5372,#5373,#5374,
#5375,#5376,#5377,#5378,#5379,#5380,#5381,#5382,#5383,#5384,#5385,#5386,
#5387,#5388,#5389,#5390,#5391,#5392,#5393,#5394,#5395,#5396,#5397)),
 .UNSPECIFIED.,.F.,.F.,.F.,(4,4),(4,1,1,1,1,1,1,1,1,1,1,1,1,1,1,1,1,1,1,
1,1,1,1,1,1,1,1,1,1,1,1,1,1,1,1,1,1,1,1,1,1,1,1,1,1,1,1,1,1,1,1,1,1,1,1,
1,1,1,1,1,1,1,1,1,1,1,1,1,1,1,1,1,1,1,1,1,1,1,1,1,1,1,1,1,1,1,1,1,1,1,1,
1,1,1,1,1,1,1,1,1,1,1,1,1,1,1,1,1,1,1,1,1,1,1,1,1,1,1,1,1,1,1,1,1,1,1,1,
1,1,1,1,1,1,1,1,1,1,1,1,1,1,1,1,1,1,1,1,1,1,1,1,1,1,1,1,1,1,1,1,1,1,1,1,
1,1,1,1,1,1,1,1,1,1,1,1,1,1,1,1,1,1,1,1,1,1,1,1,1,1,1,1,1,1,1,1,1,1,1,1,
1,1,1,1,1,1,1,1,1,1,1,1,4),(0.,0.0131231716186802),(8.68474782016198,9.68386519247298,
10.682982564784,11.682099937095,12.681217309406,13.680334681717,14.679452054028,
15.678569426339,16.67768679865,17.676804170961,18.675921543272,19.675038915583,
20.674156287894,21.673273660205,22.672391032516,23.671508404827,24.670625777138,
25.669743149449,26.66886052176,27.667977894071,28.667095266382,29.666212638693,
30.665330011004,31.664447383315,32.663564755626,33.662682127937,34.661799500248,
35.660916872559,36.66003424487,37.659151617181,38.658268989492,39.657386361803,
40.656503734114,41.655621106425,42.654738478736,43.653855851047,44.652973223358,
45.652090595669,46.65120796798,47.650325340291,48.649442712602,49.648560084913,
50.647677457224,51.646794829535,52.645912201846,53.645029574157,54.644146946468,
55.643264318779,56.64238169109,57.641499063401,58.640616435712,59.639733808023,
60.638851180334,61.637968552645,62.637085924956,63.636203297267,64.635320669578,
65.634438041889,66.6335554142,67.632672786511,68.631790158822,69.630907531133,
70.630024903444,71.629142275755,72.628259648066,73.627377020377,74.626494392688,
75.625611764999,76.62472913731,77.623846509621,78.622963881932,79.622081254243,
80.621198626554,81.620315998865,82.619433371176,83.618550743487,84.617668115798,
85.616785488109,86.61590286042,87.615020232731,88.614137605042,89.613254977353,
90.612372349664,91.611489721975,92.610607094286,93.609724466597,94.608841838908,
95.607959211219,96.60707658353,97.606193955841,98.605311328152,99.604428700463,
100.603546072774,101.602663445085,102.601780817396,103.600898189707,104.600015562018,
105.599132934329,106.59825030664,107.597367678951,108.596485051262,109.595602423573,
110.594719795884,111.593837168195,112.592954540506,113.592071912817,114.591189285128,
115.590306657439,116.58942402975,117.588541402061,118.587658774372,119.586776146683,
120.585893518994,121.585010891305,122.584128263616,123.583245635927,124.582363008238,
125.581480380549,126.58059775286,127.579715125171,128.578832497482,129.577949869793,
130.577067242104,131.576184614415,132.575301986726,133.574419359037,134.573536731348,
135.572654103659,136.57177147597,137.570888848281,138.570006220592,139.569123592903,
140.568240965214,141.567358337525,142.566475709836,143.565593082147,144.564710454458,
145.563827826769,146.56294519908,147.562062571391,148.561179943702,149.560297316013,
150.559414688324,151.558532060635,152.557649432946,153.556766805257,154.555884177568,
155.555001549879,156.55411892219,157.553236294501,158.552353666812,159.551471039123,
160.550588411434,161.549705783745,162.548823156056,163.547940528367,164.547057900678,
165.546175272989,166.5452926453,167.544410017611,168.543527389922,169.542644762233,
170.541762134544,171.540879506855,172.539996879166,173.539114251477,174.538231623788,
175.537348996099,176.53646636841,177.535583740721,178.534701113032,179.533818485343,
180.532935857654,181.532053229965,182.531170602276,183.530287974587,184.529405346898,
185.528522719209,186.52764009152,187.526757463831,188.525874836142,189.524992208453,
190.524109580764,191.523226953075,192.522344325386,193.521461697697,194.520579070008,
195.519696442319,196.51881381463,197.517931186941,198.517048559252,199.516165931563,
200.515283303874,201.514400676185,202.513518048496,203.512635420807,204.511752793118,
205.510870165429,206.50998753774,207.509104910051,208.508222282362,209.507339654673,
210.506457026984,211.505574399295,212.504691771606,213.503809143917,214.502926516228,
215.502043888539,216.50116126085,217.500278633161,218.499396005472,219.498513377783),
 .UNSPECIFIED.);
#35=B_SPLINE_SURFACE_WITH_KNOTS('',3,3,((#5513,#5514,#5515,#5516,#5517,
#5518,#5519,#5520,#5521,#5522,#5523,#5524,#5525,#5526,#5527,#5528,#5529,
#5530,#5531,#5532,#5533,#5534,#5535,#5536,#5537,#5538,#5539,#5540,#5541,
#5542,#5543,#5544,#5545,#5546,#5547,#5548,#5549,#5550,#5551,#5552,#5553,
#5554,#5555,#5556,#5557,#5558,#5559,#5560,#5561,#5562,#5563,#5564,#5565,
#5566,#5567,#5568,#5569,#5570,#5571,#5572,#5573,#5574,#5575,#5576,#5577,
#5578,#5579,#5580,#5581,#5582,#5583,#5584,#5585,#5586,#5587,#5588,#5589,
#5590,#5591,#5592,#5593,#5594,#5595,#5596,#5597,#5598,#5599,#5600,#5601,
#5602,#5603,#5604,#5605,#5606,#5607,#5608,#5609,#5610,#5611,#5612,#5613,
#5614,#5615,#5616,#5617,#5618,#5619,#5620,#5621,#5622,#5623,#5624,#5625,
#5626,#5627,#5628,#5629,#5630,#5631,#5632,#5633,#5634,#5635,#5636,#5637,
#5638,#5639,#5640,#5641,#5642,#5643,#5644,#5645,#5646,#5647,#5648,#5649,
#5650,#5651,#5652,#5653,#5654,#5655,#5656,#5657,#5658,#5659,#5660,#5661,
#5662,#5663,#5664,#5665,#5666,#5667,#5668,#5669,#5670,#5671,#5672,#5673,
#5674,#5675,#5676,#5677,#5678,#5679,#5680,#5681,#5682,#5683,#5684,#5685,
#5686,#5687,#5688,#5689,#5690,#5691,#5692,#5693,#5694,#5695,#5696,#5697,
#5698,#5699,#5700,#5701,#5702,#5703,#5704,#5705,#5706,#5707,#5708,#5709,
#5710,#5711,#5712,#5713,#5714,#5715,#5716,#5717,#5718,#5719,#5720,#5721,
#5722,#5723,#5724,#5725,#5726),(#5727,#5728,#5729,#5730,#5731,#5732,#5733,
#5734,#5735,#5736,#5737,#5738,#5739,#5740,#5741,#5742,#5743,#5744,#5745,
#5746,#5747,#5748,#5749,#5750,#5751,#5752,#5753,#5754,#5755,#5756,#5757,
#5758,#5759,#5760,#5761,#5762,#5763,#5764,#5765,#5766,#5767,#5768,#5769,
#5770,#5771,#5772,#5773,#5774,#5775,#5776,#5777,#5778,#5779,#5780,#5781,
#5782,#5783,#5784,#5785,#5786,#5787,#5788,#5789,#5790,#5791,#5792,#5793,
#5794,#5795,#5796,#5797,#5798,#5799,#5800,#5801,#5802,#5803,#5804,#5805,
#5806,#5807,#5808,#5809,#5810,#5811,#5812,#5813,#5814,#5815,#5816,#5817,
#5818,#5819,#5820,#5821,#5822,#5823,#5824,#5825,#5826,#5827,#5828,#5829,
#5830,#5831,#5832,#5833,#5834,#5835,#5836,#5837,#5838,#5839,#5840,#5841,
#5842,#5843,#5844,#5845,#5846,#5847,#5848,#5849,#5850,#5851,#5852,#5853,
#5854,#5855,#5856,#5857,#5858,#5859,#5860,#5861,#5862,#5863,#5864,#5865,
#5866,#5867,#5868,#5869,#5870,#5871,#5872,#5873,#5874,#5875,#5876,#5877,
#5878,#5879,#5880,#5881,#5882,#5883,#5884,#5885,#5886,#5887,#5888,#5889,
#5890,#5891,#5892,#5893,#5894,#5895,#5896,#5897,#5898,#5899,#5900,#5901,
#5902,#5903,#5904,#5905,#5906,#5907,#5908,#5909,#5910,#5911,#5912,#5913,
#5914,#5915,#5916,#5917,#5918,#5919,#5920,#5921,#5922,#5923,#5924,#5925,
#5926,#5927,#5928,#5929,#5930,#5931,#5932,#5933,#5934,#5935,#5936,#5937,
#5938,#5939,#5940),(#5941,#5942,#5943,#5944,#5945,#5946,#5947,#5948,#5949,
#5950,#5951,#5952,#5953,#5954,#5955,#5956,#5957,#5958,#5959,#5960,#5961,
#5962,#5963,#5964,#5965,#5966,#5967,#5968,#5969,#5970,#5971,#5972,#5973,
#5974,#5975,#5976,#5977,#5978,#5979,#5980,#5981,#5982,#5983,#5984,#5985,
#5986,#5987,#5988,#5989,#5990,#5991,#5992,#5993,#5994,#5995,#5996,#5997,
#5998,#5999,#6000,#6001,#6002,#6003,#6004,#6005,#6006,#6007,#6008,#6009,
#6010,#6011,#6012,#6013,#6014,#6015,#6016,#6017,#6018,#6019,#6020,#6021,
#6022,#6023,#6024,#6025,#6026,#6027,#6028,#6029,#6030,#6031,#6032,#6033,
#6034,#6035,#6036,#6037,#6038,#6039,#6040,#6041,#6042,#6043,#6044,#6045,
#6046,#6047,#6048,#6049,#6050,#6051,#6052,#6053,#6054,#6055,#6056,#6057,
#6058,#6059,#6060,#6061,#6062,#6063,#6064,#6065,#6066,#6067,#6068,#6069,
#6070,#6071,#6072,#6073,#6074,#6075,#6076,#6077,#6078,#6079,#6080,#6081,
#6082,#6083,#6084,#6085,#6086,#6087,#6088,#6089,#6090,#6091,#6092,#6093,
#6094,#6095,#6096,#6097,#6098,#6099,#6100,#6101,#6102,#6103,#6104,#6105,
#6106,#6107,#6108,#6109,#6110,#6111,#6112,#6113,#6114,#6115,#6116,#6117,
#6118,#6119,#6120,#6121,#6122,#6123,#6124,#6125,#6126,#6127,#6128,#6129,
#6130,#6131,#6132,#6133,#6134,#6135,#6136,#6137,#6138,#6139,#6140,#6141,
#6142,#6143,#6144,#6145,#6146,#6147,#6148,#6149,#6150,#6151,#6152,#6153,
#6154),(#6155,#6156,#6157,#6158,#6159,#6160,#6161,#6162,#6163,#6164,#6165,
#6166,#6167,#6168,#6169,#6170,#6171,#6172,#6173,#6174,#6175,#6176,#6177,
#6178,#6179,#6180,#6181,#6182,#6183,#6184,#6185,#6186,#6187,#6188,#6189,
#6190,#6191,#6192,#6193,#6194,#6195,#6196,#6197,#6198,#6199,#6200,#6201,
#6202,#6203,#6204,#6205,#6206,#6207,#6208,#6209,#6210,#6211,#6212,#6213,
#6214,#6215,#6216,#6217,#6218,#6219,#6220,#6221,#6222,#6223,#6224,#6225,
#6226,#6227,#6228,#6229,#6230,#6231,#6232,#6233,#6234,#6235,#6236,#6237,
#6238,#6239,#6240,#6241,#6242,#6243,#6244,#6245,#6246,#6247,#6248,#6249,
#6250,#6251,#6252,#6253,#6254,#6255,#6256,#6257,#6258,#6259,#6260,#6261,
#6262,#6263,#6264,#6265,#6266,#6267,#6268,#6269,#6270,#6271,#6272,#6273,
#6274,#6275,#6276,#6277,#6278,#6279,#6280,#6281,#6282,#6283,#6284,#6285,
#6286,#6287,#6288,#6289,#6290,#6291,#6292,#6293,#6294,#6295,#6296,#6297,
#6298,#6299,#6300,#6301,#6302,#6303,#6304,#6305,#6306,#6307,#6308,#6309,
#6310,#6311,#6312,#6313,#6314,#6315,#6316,#6317,#6318,#6319,#6320,#6321,
#6322,#6323,#6324,#6325,#6326,#6327,#6328,#6329,#6330,#6331,#6332,#6333,
#6334,#6335,#6336,#6337,#6338,#6339,#6340,#6341,#6342,#6343,#6344,#6345,
#6346,#6347,#6348,#6349,#6350,#6351,#6352,#6353,#6354,#6355,#6356,#6357,
#6358,#6359,#6360,#6361,#6362,#6363,#6364,#6365,#6366,#6367,#6368)),
 .UNSPECIFIED.,.F.,.F.,.F.,(4,4),(4,1,1,1,1,1,1,1,1,1,1,1,1,1,1,1,1,1,1,
1,1,1,1,1,1,1,1,1,1,1,1,1,1,1,1,1,1,1,1,1,1,1,1,1,1,1,1,1,1,1,1,1,1,1,1,
1,1,1,1,1,1,1,1,1,1,1,1,1,1,1,1,1,1,1,1,1,1,1,1,1,1,1,1,1,1,1,1,1,1,1,1,
1,1,1,1,1,1,1,1,1,1,1,1,1,1,1,1,1,1,1,1,1,1,1,1,1,1,1,1,1,1,1,1,1,1,1,1,
1,1,1,1,1,1,1,1,1,1,1,1,1,1,1,1,1,1,1,1,1,1,1,1,1,1,1,1,1,1,1,1,1,1,1,1,
1,1,1,1,1,1,1,1,1,1,1,1,1,1,1,1,1,1,1,1,1,1,1,1,1,1,1,1,1,1,1,1,1,1,1,1,
1,1,1,1,1,1,1,1,1,1,1,1,4),(0.,0.0131231716186802),(11.9321454366655,12.9312628089765,
13.9303801812875,14.9294975535985,15.9286149259095,16.9277322982205,17.9268496705315,
18.9259670428425,19.9250844151535,20.9242017874645,21.9233191597755,22.9224365320865,
23.9215539043975,24.9206712767085,25.9197886490195,26.9189060213305,27.9180233936415,
28.9171407659525,29.9162581382635,30.9153755105745,31.9144928828855,32.9136102551965,
33.9127276275075,34.9118449998185,35.9109623721295,36.9100797444405,37.9091971167515,
38.9083144890625,39.9074318613735,40.9065492336845,41.9056666059955,42.9047839783065,
43.9039013506175,44.9030187229285,45.9021360952395,46.9012534675505,47.9003708398615,
48.8994882121725,49.8986055844835,50.8977229567945,51.8968403291055,52.8959577014165,
53.8950750737275,54.8941924460385,55.8933098183495,56.8924271906605,57.8915445629715,
58.8906619352825,59.8897793075935,60.8888966799045,61.8880140522155,62.8871314245265,
63.8862487968375,64.8853661691485,65.8844835414595,66.8836009137705,67.8827182860815,
68.8818356583925,69.8809530307035,70.8800704030145,71.8791877753255,72.8783051476365,
73.8774225199475,74.8765398922585,75.8756572645695,76.8747746368805,77.8738920091915,
78.8730093815025,79.8721267538135,80.8712441261245,81.8703614984355,82.8694788707465,
83.8685962430575,84.8677136153685,85.8668309876795,86.8659483599905,87.8650657323015,
88.8641831046125,89.8633004769235,90.8624178492345,91.8615352215455,92.8606525938565,
93.8597699661675,94.8588873384785,95.8580047107895,96.8571220831005,97.8562394554115,
98.8553568277225,99.8544742000335,100.853591572344,101.852708944655,102.851826316966,
103.850943689277,104.850061061588,105.849178433899,106.84829580621,107.847413178521,
108.846530550832,109.845647923143,110.844765295454,111.843882667765,112.843000040076,
113.842117412387,114.841234784698,115.840352157009,116.83946952932,117.838586901631,
118.837704273942,119.836821646253,120.835939018564,121.835056390875,122.834173763186,
123.833291135497,124.832408507808,125.831525880119,126.83064325243,127.829760624741,
128.828877997053,129.827995369363,130.827112741674,131.826230113986,132.825347486296,
133.824464858607,134.823582230919,135.822699603229,136.82181697554,137.820934347852,
138.820051720162,139.819169092473,140.818286464785,141.817403837095,142.816521209406,
143.815638581718,144.814755954028,145.813873326339,146.812990698651,147.812108070962,
148.811225443272,149.810342815584,150.809460187895,151.808577560205,152.807694932517,
153.806812304828,154.805929677138,155.80504704945,156.804164421761,157.803281794071,
158.802399166383,159.801516538694,160.800633911004,161.799751283316,162.798868655627,
163.797986027937,164.797103400249,165.79622077256,166.79533814487,167.794455517182,
168.793572889493,169.792690261804,170.791807634115,171.790925006426,172.790042378737,
173.789159751048,174.788277123359,175.78739449567,176.78651186798,177.785629240292,
178.784746612603,179.783863984913,180.782981357225,181.782098729536,182.781216101846,
183.780333474158,184.779450846469,185.778568218779,186.777685591091,187.776802963402,
188.775920335712,189.775037708024,190.774155080335,191.773272452646,192.772389824957,
193.771507197268,194.770624569579,195.76974194189,196.768859314201,197.767976686512,
198.767094058823,199.766211431134,200.765328803445,201.764446175756,202.763563548067,
203.762680920378,204.761798292689,205.760915665,206.760033037311,207.759150409622,
208.758267781933,209.757385154244,210.756502526555,211.755619898866,212.754737271177,
213.753854643488,214.752972015799,215.75208938811,216.751206760421,217.750324132732,
218.749441505043,219.748558877354,220.747676249665,221.746793621976,222.745910994287),
 .UNSPECIFIED.);
#36=FACE_OUTER_BOUND('',#125,.T.);
#37=FACE_OUTER_BOUND('',#126,.T.);
#38=FACE_OUTER_BOUND('',#127,.T.);
#39=FACE_OUTER_BOUND('',#128,.T.);
#40=FACE_OUTER_BOUND('',#129,.T.);
#41=FACE_OUTER_BOUND('',#130,.T.);
#42=FACE_OUTER_BOUND('',#131,.T.);
#43=FACE_OUTER_BOUND('',#132,.T.);
#44=FACE_OUTER_BOUND('',#133,.T.);
#45=FACE_OUTER_BOUND('',#134,.T.);
#46=FACE_OUTER_BOUND('',#135,.T.);
#47=FACE_OUTER_BOUND('',#136,.T.);
#48=FACE_OUTER_BOUND('',#137,.T.);
#49=FACE_OUTER_BOUND('',#138,.T.);
#50=FACE_OUTER_BOUND('',#139,.T.);
#51=FACE_OUTER_BOUND('',#140,.T.);
#52=FACE_OUTER_BOUND('',#141,.T.);
#53=FACE_OUTER_BOUND('',#142,.T.);
#54=FACE_OUTER_BOUND('',#143,.T.);
#55=FACE_OUTER_BOUND('',#144,.T.);
#56=FACE_OUTER_BOUND('',#145,.T.);
#57=FACE_OUTER_BOUND('',#146,.T.);
#58=FACE_OUTER_BOUND('',#147,.T.);
#59=FACE_OUTER_BOUND('',#148,.T.);
#60=FACE_OUTER_BOUND('',#149,.T.);
#61=FACE_OUTER_BOUND('',#150,.T.);
#62=FACE_OUTER_BOUND('',#151,.T.);
#63=FACE_OUTER_BOUND('',#152,.T.);
#64=FACE_OUTER_BOUND('',#153,.T.);
#65=FACE_OUTER_BOUND('',#154,.T.);
#66=FACE_OUTER_BOUND('',#155,.T.);
#67=FACE_OUTER_BOUND('',#156,.T.);
#68=FACE_OUTER_BOUND('',#157,.T.);
#69=FACE_OUTER_BOUND('',#158,.T.);
#70=FACE_OUTER_BOUND('',#159,.T.);
#71=FACE_OUTER_BOUND('',#160,.T.);
#72=FACE_OUTER_BOUND('',#161,.T.);
#73=FACE_OUTER_BOUND('',#162,.T.);
#74=FACE_OUTER_BOUND('',#163,.T.);
#75=FACE_OUTER_BOUND('',#164,.T.);
#76=FACE_OUTER_BOUND('',#165,.T.);
#77=FACE_OUTER_BOUND('',#166,.T.);
#78=FACE_OUTER_BOUND('',#167,.T.);
#79=FACE_OUTER_BOUND('',#168,.T.);
#80=FACE_OUTER_BOUND('',#169,.T.);
#81=FACE_OUTER_BOUND('',#170,.T.);
#82=FACE_OUTER_BOUND('',#171,.T.);
#83=FACE_OUTER_BOUND('',#172,.T.);
#84=FACE_OUTER_BOUND('',#173,.T.);
#85=FACE_OUTER_BOUND('',#174,.T.);
#86=FACE_OUTER_BOUND('',#175,.T.);
#87=FACE_OUTER_BOUND('',#176,.T.);
#88=FACE_OUTER_BOUND('',#177,.T.);
#89=FACE_OUTER_BOUND('',#178,.T.);
#90=FACE_OUTER_BOUND('',#179,.T.);
#91=FACE_OUTER_BOUND('',#180,.T.);
#92=FACE_OUTER_BOUND('',#181,.T.);
#93=FACE_OUTER_BOUND('',#182,.T.);
#94=FACE_OUTER_BOUND('',#183,.T.);
#95=FACE_OUTER_BOUND('',#184,.T.);
#96=FACE_OUTER_BOUND('',#185,.T.);
#97=FACE_OUTER_BOUND('',#186,.T.);
#98=FACE_OUTER_BOUND('',#187,.T.);
#99=FACE_OUTER_BOUND('',#188,.T.);
#100=FACE_OUTER_BOUND('',#189,.T.);
#101=FACE_OUTER_BOUND('',#190,.T.);
#102=FACE_OUTER_BOUND('',#191,.T.);
#103=FACE_OUTER_BOUND('',#192,.T.);
#104=FACE_OUTER_BOUND('',#193,.T.);
#105=FACE_OUTER_BOUND('',#194,.T.);
#106=FACE_OUTER_BOUND('',#195,.T.);
#107=FACE_OUTER_BOUND('',#196,.T.);
#108=FACE_OUTER_BOUND('',#197,.T.);
#109=FACE_OUTER_BOUND('',#198,.T.);
#110=FACE_OUTER_BOUND('',#199,.T.);
#111=FACE_OUTER_BOUND('',#200,.T.);
#112=FACE_OUTER_BOUND('',#201,.T.);
#113=FACE_OUTER_BOUND('',#202,.T.);
#114=FACE_OUTER_BOUND('',#203,.T.);
#115=FACE_OUTER_BOUND('',#204,.T.);
#116=FACE_OUTER_BOUND('',#205,.T.);
#117=FACE_OUTER_BOUND('',#206,.T.);
#118=FACE_OUTER_BOUND('',#207,.T.);
#119=FACE_OUTER_BOUND('',#208,.T.);
#120=FACE_OUTER_BOUND('',#209,.T.);
#121=FACE_OUTER_BOUND('',#210,.T.);
#122=FACE_OUTER_BOUND('',#211,.T.);
#123=FACE_OUTER_BOUND('',#212,.T.);
#124=FACE_OUTER_BOUND('',#214,.T.);
#125=EDGE_LOOP('',(#997,#998,#999,#1000));
#126=EDGE_LOOP('',(#1001,#1002,#1003,#1004));
#127=EDGE_LOOP('',(#1005,#1006,#1007,#1008));
#128=EDGE_LOOP('',(#1009,#1010,#1011,#1012));
#129=EDGE_LOOP('',(#1013,#1014,#1015,#1016));
#130=EDGE_LOOP('',(#1017,#1018,#1019,#1020));
#131=EDGE_LOOP('',(#1021,#1022,#1023,#1024));
#132=EDGE_LOOP('',(#1025,#1026,#1027,#1028));
#133=EDGE_LOOP('',(#1029,#1030,#1031,#1032));
#134=EDGE_LOOP('',(#1033,#1034,#1035,#1036));
#135=EDGE_LOOP('',(#1037,#1038,#1039,#1040));
#136=EDGE_LOOP('',(#1041,#1042,#1043,#1044));
#137=EDGE_LOOP('',(#1045,#1046,#1047,#1048));
#138=EDGE_LOOP('',(#1049,#1050,#1051,#1052));
#139=EDGE_LOOP('',(#1053,#1054,#1055,#1056));
#140=EDGE_LOOP('',(#1057,#1058,#1059,#1060));
#141=EDGE_LOOP('',(#1061,#1062,#1063,#1064));
#142=EDGE_LOOP('',(#1065,#1066,#1067,#1068));
#143=EDGE_LOOP('',(#1069,#1070,#1071,#1072));
#144=EDGE_LOOP('',(#1073,#1074,#1075,#1076));
#145=EDGE_LOOP('',(#1077,#1078,#1079,#1080));
#146=EDGE_LOOP('',(#1081,#1082,#1083,#1084));
#147=EDGE_LOOP('',(#1085,#1086,#1087,#1088));
#148=EDGE_LOOP('',(#1089,#1090,#1091,#1092));
#149=EDGE_LOOP('',(#1093,#1094,#1095,#1096));
#150=EDGE_LOOP('',(#1097,#1098,#1099,#1100));
#151=EDGE_LOOP('',(#1101,#1102,#1103,#1104));
#152=EDGE_LOOP('',(#1105,#1106,#1107,#1108));
#153=EDGE_LOOP('',(#1109,#1110,#1111,#1112));
#154=EDGE_LOOP('',(#1113,#1114,#1115,#1116));
#155=EDGE_LOOP('',(#1117,#1118,#1119,#1120));
#156=EDGE_LOOP('',(#1121,#1122,#1123,#1124));
#157=EDGE_LOOP('',(#1125,#1126,#1127,#1128));
#158=EDGE_LOOP('',(#1129,#1130,#1131,#1132,#1133));
#159=EDGE_LOOP('',(#1134,#1135,#1136,#1137));
#160=EDGE_LOOP('',(#1138,#1139,#1140,#1141));
#161=EDGE_LOOP('',(#1142,#1143,#1144,#1145));
#162=EDGE_LOOP('',(#1146,#1147,#1148,#1149));
#163=EDGE_LOOP('',(#1150,#1151,#1152,#1153));
#164=EDGE_LOOP('',(#1154,#1155,#1156,#1157));
#165=EDGE_LOOP('',(#1158,#1159,#1160,#1161));
#166=EDGE_LOOP('',(#1162,#1163,#1164,#1165));
#167=EDGE_LOOP('',(#1166,#1167,#1168,#1169));
#168=EDGE_LOOP('',(#1170,#1171,#1172,#1173));
#169=EDGE_LOOP('',(#1174,#1175,#1176,#1177));
#170=EDGE_LOOP('',(#1178,#1179,#1180,#1181));
#171=EDGE_LOOP('',(#1182,#1183,#1184,#1185));
#172=EDGE_LOOP('',(#1186,#1187,#1188,#1189));
#173=EDGE_LOOP('',(#1190,#1191,#1192,#1193));
#174=EDGE_LOOP('',(#1194,#1195,#1196,#1197));
#175=EDGE_LOOP('',(#1198,#1199,#1200,#1201));
#176=EDGE_LOOP('',(#1202,#1203,#1204,#1205));
#177=EDGE_LOOP('',(#1206,#1207,#1208,#1209));
#178=EDGE_LOOP('',(#1210,#1211,#1212,#1213));
#179=EDGE_LOOP('',(#1214,#1215,#1216,#1217));
#180=EDGE_LOOP('',(#1218,#1219,#1220,#1221));
#181=EDGE_LOOP('',(#1222,#1223,#1224,#1225));
#182=EDGE_LOOP('',(#1226,#1227,#1228,#1229));
#183=EDGE_LOOP('',(#1230,#1231,#1232,#1233));
#184=EDGE_LOOP('',(#1234,#1235,#1236,#1237));
#185=EDGE_LOOP('',(#1238,#1239,#1240,#1241));
#186=EDGE_LOOP('',(#1242,#1243,#1244,#1245));
#187=EDGE_LOOP('',(#1246,#1247,#1248,#1249));
#188=EDGE_LOOP('',(#1250,#1251,#1252,#1253));
#189=EDGE_LOOP('',(#1254,#1255,#1256,#1257));
#190=EDGE_LOOP('',(#1258,#1259,#1260,#1261));
#191=EDGE_LOOP('',(#1262,#1263,#1264,#1265));
#192=EDGE_LOOP('',(#1266,#1267,#1268,#1269,#1270,#1271,#1272,#1273,#1274,
#1275,#1276,#1277,#1278,#1279,#1280,#1281,#1282,#1283,#1284,#1285,#1286,
#1287,#1288,#1289,#1290,#1291,#1292,#1293,#1294,#1295,#1296,#1297,#1298,
#1299,#1300,#1301,#1302,#1303,#1304,#1305,#1306,#1307,#1308,#1309,#1310,
#1311,#1312,#1313,#1314,#1315,#1316,#1317,#1318,#1319,#1320,#1321,#1322,
#1323,#1324,#1325,#1326,#1327,#1328,#1329,#1330,#1331,#1332,#1333,#1334,
#1335,#1336));
#193=EDGE_LOOP('',(#1337,#1338,#1339,#1340));
#194=EDGE_LOOP('',(#1341,#1342,#1343,#1344,#1345,#1346,#1347,#1348,#1349,
#1350,#1351,#1352,#1353,#1354,#1355,#1356,#1357,#1358,#1359,#1360,#1361,
#1362,#1363,#1364,#1365,#1366,#1367,#1368,#1369,#1370,#1371,#1372,#1373,
#1374,#1375,#1376,#1377,#1378,#1379,#1380,#1381,#1382,#1383,#1384,#1385,
#1386,#1387,#1388,#1389,#1390,#1391,#1392,#1393,#1394,#1395,#1396,#1397,
#1398,#1399,#1400,#1401,#1402,#1403,#1404,#1405,#1406,#1407,#1408,#1409,
#1410));
#195=EDGE_LOOP('',(#1411,#1412,#1413));
#196=EDGE_LOOP('',(#1414,#1415,#1416,#1417,#1418));
#197=EDGE_LOOP('',(#1419,#1420,#1421,#1422));
#198=EDGE_LOOP('',(#1423,#1424,#1425,#1426));
#199=EDGE_LOOP('',(#1427,#1428,#1429,#1430));
#200=EDGE_LOOP('',(#1431,#1432,#1433,#1434));
#201=EDGE_LOOP('',(#1435,#1436,#1437,#1438));
#202=EDGE_LOOP('',(#1439,#1440,#1441,#1442));
#203=EDGE_LOOP('',(#1443,#1444,#1445,#1446));
#204=EDGE_LOOP('',(#1447,#1448,#1449,#1450));
#205=EDGE_LOOP('',(#1451,#1452,#1453,#1454));
#206=EDGE_LOOP('',(#1455,#1456,#1457,#1458));
#207=EDGE_LOOP('',(#1459,#1460,#1461,#1462));
#208=EDGE_LOOP('',(#1463,#1464,#1465,#1466));
#209=EDGE_LOOP('',(#1467,#1468,#1469,#1470,#1471,#1472,#1473,#1474,#1475,
#1476,#1477,#1478));
#210=EDGE_LOOP('',(#1479,#1480,#1481,#1482));
#211=EDGE_LOOP('',(#1483,#1484,#1485,#1486));
#212=EDGE_LOOP('',(#1487));
#213=EDGE_LOOP('',(#1488,#1489,#1490,#1491,#1492,#1493,#1494,#1495,#1496,
#1497,#1498,#1499));
#214=EDGE_LOOP('',(#1500));
#215=EDGE_LOOP('',(#1501,#1502,#1503,#1504));
#216=CIRCLE('',#1679,0.67275);
#217=CIRCLE('',#1713,0.67275);
#218=CIRCLE('',#1715,0.5591);
#219=CIRCLE('',#1749,0.5591);
#220=CIRCLE('',#1751,0.67275);
#221=CIRCLE('',#1767,0.85);
#222=CIRCLE('',#1768,0.4);
#223=CIRCLE('',#1769,1.25);
#224=CIRCLE('',#1771,1.25);
#225=B_SPLINE_CURVE_WITH_KNOTS('',3,(#2078,#2079,#2080,#2081,#2082,#2083,
#2084,#2085,#2086,#2087),.UNSPECIFIED.,.F.,.F.,(4,3,3,4),(-3.77581783128369,
-2.997352116933,-1.998234744622,-1.37425531830146),.UNSPECIFIED.);
#226=B_SPLINE_CURVE_WITH_KNOTS('',3,(#2090,#2091,#2092,#2093),
 .UNSPECIFIED.,.F.,.F.,(4,4),(0.,0.740030140607807),.UNSPECIFIED.);
#227=B_SPLINE_CURVE_WITH_KNOTS('',3,(#2098,#2099,#2100,#2101,#2102,#2103,
#2104,#2105,#2106,#2107,#2108,#2109,#2110,#2111,#2112,#2113,#2114,#2115,
#2116,#2117,#2118,#2119,#2120,#2121,#2122),.UNSPECIFIED.,.F.,.F.,(4,3,3,
3,3,3,3,3,4),(-10.0590031384633,-9.99117372311001,-8.992056350799,-7.992938978488,
-6.993821606177,-5.994704233866,-4.995586861555,-3.996469489244,-3.77581783128369),
 .UNSPECIFIED.);
#228=B_SPLINE_CURVE_WITH_KNOTS('',3,(#2123,#2124,#2125,#2126,#2127,#2128,
#2129,#2130,#2131,#2132,#2133,#2134,#2135,#2136,#2137,#2138,#2139,#2140,
#2141,#2142,#2143,#2144,#2145,#2146,#2147),.UNSPECIFIED.,.F.,.F.,(4,3,3,
3,3,3,3,3,4),(0.740030140607807,0.999117372310996,1.998234744622,2.99735211693301,
3.99646948924401,4.99558686155502,5.99470423386603,6.99382160617703,7.02321544778739),
 .UNSPECIFIED.);
#229=B_SPLINE_CURVE_WITH_KNOTS('',3,(#2152,#2153,#2154,#2155,#2156,#2157,
#2158,#2159,#2160,#2161,#2162,#2163,#2164,#2165,#2166,#2167,#2168,#2169,
#2170,#2171,#2172,#2173),.UNSPECIFIED.,.F.,.F.,(4,3,3,3,3,3,3,4),(-16.3421884456429,
-15.985877956976,-14.986760584665,-13.987643212354,-12.988525840043,-11.989408467732,
-10.990291095421,-10.0590031384633),.UNSPECIFIED.);
#230=B_SPLINE_CURVE_WITH_KNOTS('',3,(#2174,#2175,#2176,#2177,#2178,#2179,
#2180,#2181,#2182,#2183,#2184,#2185,#2186,#2187,#2188,#2189,#2190,#2191,
#2192,#2193,#2194,#2195),.UNSPECIFIED.,.F.,.F.,(4,3,3,3,3,3,3,4),(7.02321544778739,
7.99293897848803,8.99205635079902,9.99117372311002,10.990291095421,11.989408467732,
12.988525840043,13.306400754967),.UNSPECIFIED.);
#231=B_SPLINE_CURVE_WITH_KNOTS('',3,(#2200,#2201,#2202,#2203,#2204,#2205,
#2206,#2207,#2208,#2209,#2210,#2211,#2212,#2213,#2214,#2215,#2216,#2217,
#2218,#2219,#2220,#2221),.UNSPECIFIED.,.F.,.F.,(4,3,3,3,3,3,3,4),(-22.6253737528224,
-21.980582190842,-20.981464818531,-19.98234744622,-18.983230073909,-17.984112701598,
-16.984995329287,-16.3421884456429),.UNSPECIFIED.);
#232=B_SPLINE_CURVE_WITH_KNOTS('',3,(#2222,#2223,#2224,#2225,#2226,#2227,
#2228,#2229,#2230,#2231,#2232,#2233,#2234,#2235,#2236,#2237,#2238,#2239,
#2240,#2241,#2242,#2243),.UNSPECIFIED.,.F.,.F.,(4,3,3,3,3,3,3,4),(13.306400754967,
13.987643212354,14.986760584665,15.985877956976,16.984995329287,17.984112701598,
18.983230073909,19.5895860621466),.UNSPECIFIED.);
#233=B_SPLINE_CURVE_WITH_KNOTS('',3,(#2248,#2249,#2250,#2251,#2252,#2253,
#2254,#2255,#2256,#2257,#2258,#2259,#2260,#2261,#2262,#2263,#2264,#2265,
#2266,#2267,#2268,#2269),.UNSPECIFIED.,.F.,.F.,(4,3,3,3,3,3,3,4),(-28.908559060002,
-27.975286424708,-26.976169052397,-25.977051680086,-24.977934307775,-23.978816935464,
-22.979699563153,-22.6253737528224),.UNSPECIFIED.);
#234=B_SPLINE_CURVE_WITH_KNOTS('',3,(#2270,#2271,#2272,#2273,#2274,#2275,
#2276,#2277,#2278,#2279,#2280,#2281,#2282,#2283,#2284,#2285,#2286,#2287,
#2288,#2289,#2290,#2291),.UNSPECIFIED.,.F.,.F.,(4,3,3,3,3,3,3,4),(19.5895860621466,
19.98234744622,20.981464818531,21.980582190842,22.979699563153,23.978816935464,
24.977934307775,25.8727713693262),.UNSPECIFIED.);
#235=B_SPLINE_CURVE_WITH_KNOTS('',3,(#2296,#2297,#2298,#2299,#2300,#2301,
#2302,#2303,#2304,#2305,#2306,#2307,#2308,#2309,#2310,#2311,#2312,#2313,
#2314,#2315,#2316,#2317,#2318,#2319,#2320),.UNSPECIFIED.,.F.,.F.,(4,3,3,
3,3,3,3,3,4),(-35.1917443671816,-34.969108030885,-33.969990658574,-32.970873286263,
-31.971755913952,-30.972638541641,-29.97352116933,-28.974403797019,-28.908559060002),
 .UNSPECIFIED.);
#236=B_SPLINE_CURVE_WITH_KNOTS('',3,(#2321,#2322,#2323,#2324,#2325,#2326,
#2327,#2328,#2329,#2330,#2331,#2332,#2333,#2334,#2335,#2336,#2337,#2338,
#2339,#2340,#2341,#2342,#2343,#2344,#2345),.UNSPECIFIED.,.F.,.F.,(4,3,3,
3,3,3,3,3,4),(25.8727713693262,25.977051680086,26.976169052397,27.975286424708,
28.974403797019,29.97352116933,30.972638541641,31.971755913952,32.1559566765057),
 .UNSPECIFIED.);
#237=B_SPLINE_CURVE_WITH_KNOTS('',3,(#2350,#2351,#2352,#2353,#2354,#2355,
#2356,#2357,#2358,#2359,#2360,#2361,#2362,#2363,#2364,#2365,#2366,#2367,
#2368,#2369,#2370,#2371),.UNSPECIFIED.,.F.,.F.,(4,3,3,3,3,3,3,4),(-41.4749296743612,
-40.963812264751,-39.96469489244,-38.965577520129,-37.966460147818,-36.967342775507,
-35.968225403196,-35.1917443671816),.UNSPECIFIED.);
#238=B_SPLINE_CURVE_WITH_KNOTS('',3,(#2372,#2373,#2374,#2375,#2376,#2377,
#2378,#2379,#2380,#2381,#2382,#2383,#2384,#2385,#2386,#2387,#2388,#2389,
#2390,#2391,#2392,#2393),.UNSPECIFIED.,.F.,.F.,(4,3,3,3,3,3,3,4),(32.1559566765057,
32.970873286263,33.969990658574,34.969108030885,35.968225403196,36.967342775507,
37.966460147818,38.4391419836853),.UNSPECIFIED.);
#239=B_SPLINE_CURVE_WITH_KNOTS('',3,(#2398,#2399,#2400,#2401,#2402,#2403,
#2404,#2405,#2406,#2407,#2408,#2409,#2410,#2411,#2412,#2413,#2414,#2415,
#2416,#2417,#2418,#2419),.UNSPECIFIED.,.F.,.F.,(4,3,3,3,3,3,3,4),(-47.7581149815408,
-46.958516498617,-45.959399126306,-44.960281753995,-43.961164381684,-42.962047009373,
-41.962929637062,-41.4749296743612),.UNSPECIFIED.);
#240=B_SPLINE_CURVE_WITH_KNOTS('',3,(#2420,#2421,#2422,#2423,#2424,#2425,
#2426,#2427,#2428,#2429,#2430,#2431,#2432,#2433,#2434,#2435,#2436,#2437,
#2438,#2439,#2440,#2441),.UNSPECIFIED.,.F.,.F.,(4,3,3,3,3,3,3,4),(38.4391419836853,
38.965577520129,39.96469489244,40.963812264751,41.962929637062,42.962047009373,
43.961164381684,44.7223272908649),.UNSPECIFIED.);
#241=B_SPLINE_CURVE_WITH_KNOTS('',3,(#2446,#2447,#2448,#2449,#2450,#2451,
#2452,#2453,#2454,#2455,#2456,#2457,#2458,#2459,#2460,#2461,#2462,#2463,
#2464,#2465,#2466,#2467,#2468,#2469,#2470),.UNSPECIFIED.,.F.,.F.,(4,3,3,
3,3,3,3,3,4),(-54.0413002887204,-53.952338104794,-52.953220732483,-51.954103360172,
-50.954985987861,-49.95586861555,-48.956751243239,-47.957633870928,-47.7581149815408),
 .UNSPECIFIED.);
#242=B_SPLINE_CURVE_WITH_KNOTS('',3,(#2471,#2472,#2473,#2474,#2475,#2476,
#2477,#2478,#2479,#2480,#2481,#2482,#2483,#2484,#2485,#2486,#2487,#2488,
#2489,#2490,#2491,#2492,#2493,#2494,#2495),.UNSPECIFIED.,.F.,.F.,(4,3,3,
3,3,3,3,3,4),(44.7223272908649,44.960281753995,45.959399126306,46.958516498617,
47.957633870928,48.956751243239,49.95586861555,50.954985987861,51.0055125980445),
 .UNSPECIFIED.);
#243=B_SPLINE_CURVE_WITH_KNOTS('',3,(#2500,#2501,#2502,#2503,#2504,#2505,
#2506,#2507,#2508,#2509,#2510,#2511,#2512,#2513,#2514,#2515,#2516,#2517,
#2518,#2519,#2520,#2521),.UNSPECIFIED.,.F.,.F.,(4,3,3,3,3,3,3,4),(-60.3244855959,
-59.94704233866,-58.947924966349,-57.948807594038,-56.949690221727,-55.950572849416,
-54.951455477105,-54.0413002887204),.UNSPECIFIED.);
#244=B_SPLINE_CURVE_WITH_KNOTS('',3,(#2522,#2523,#2524,#2525,#2526,#2527,
#2528,#2529,#2530,#2531,#2532,#2533,#2534,#2535,#2536,#2537,#2538,#2539,
#2540,#2541,#2542,#2543),.UNSPECIFIED.,.F.,.F.,(4,3,3,3,3,3,3,4),(51.0055125980445,
51.954103360172,52.953220732483,53.952338104794,54.951455477105,55.950572849416,
56.949690221727,57.2886979052241),.UNSPECIFIED.);
#245=B_SPLINE_CURVE_WITH_KNOTS('',3,(#2548,#2549,#2550,#2551,#2552,#2553,
#2554,#2555,#2556,#2557,#2558,#2559,#2560,#2561,#2562,#2563,#2564,#2565,
#2566,#2567,#2568,#2569),.UNSPECIFIED.,.F.,.F.,(4,3,3,3,3,3,3,4),(-66.6076709030796,
-65.941746572526,-64.942629200215,-63.943511827904,-62.944394455593,-61.945277083282,
-60.946159710971,-60.3244855959),.UNSPECIFIED.);
#246=B_SPLINE_CURVE_WITH_KNOTS('',3,(#2570,#2571,#2572,#2573,#2574,#2575,
#2576,#2577,#2578,#2579,#2580,#2581,#2582,#2583,#2584,#2585,#2586,#2587,
#2588,#2589,#2590,#2591),.UNSPECIFIED.,.F.,.F.,(4,3,3,3,3,3,3,4),(57.2886979052241,
57.948807594038,58.947924966349,59.94704233866,60.946159710971,61.945277083282,
62.9443944555931,63.5718832124037),.UNSPECIFIED.);
#247=B_SPLINE_CURVE_WITH_KNOTS('',3,(#2596,#2597,#2598,#2599,#2600,#2601,
#2602,#2603,#2604,#2605,#2606,#2607,#2608,#2609,#2610,#2611,#2612,#2613,
#2614,#2615,#2616,#2617),.UNSPECIFIED.,.F.,.F.,(4,3,3,3,3,3,3,4),(-72.8908562102592,
-71.936450806392,-70.937333434081,-69.93821606177,-68.939098689459,-67.939981317148,
-66.940863944837,-66.6076709030796),.UNSPECIFIED.);
#248=B_SPLINE_CURVE_WITH_KNOTS('',3,(#2618,#2619,#2620,#2621,#2622,#2623,
#2624,#2625,#2626,#2627,#2628,#2629,#2630,#2631,#2632,#2633,#2634,#2635,
#2636,#2637,#2638,#2639),.UNSPECIFIED.,.F.,.F.,(4,3,3,3,3,3,3,4),(63.5718832124037,
63.9435118279041,64.942629200215,65.941746572526,66.940863944837,67.939981317148,
68.939098689459,69.8550685195833),.UNSPECIFIED.);
#249=B_SPLINE_CURVE_WITH_KNOTS('',3,(#2644,#2645,#2646,#2647,#2648,#2649,
#2650,#2651,#2652,#2653,#2654,#2655,#2656,#2657,#2658,#2659,#2660,#2661,
#2662,#2663,#2664,#2665,#2666,#2667,#2668),.UNSPECIFIED.,.F.,.F.,(4,3,3,
3,3,3,3,3,4),(-79.1740415174388,-78.930272412569,-77.931155040258,-76.932037667947,
-75.932920295636,-74.933802923325,-73.934685551014,-72.935568178703,-72.8908562102592),
 .UNSPECIFIED.);
#250=B_SPLINE_CURVE_WITH_KNOTS('',3,(#2669,#2670,#2671,#2672,#2673,#2674,
#2675,#2676,#2677,#2678,#2679,#2680,#2681,#2682,#2683,#2684,#2685,#2686,
#2687,#2688,#2689,#2690,#2691,#2692,#2693),.UNSPECIFIED.,.F.,.F.,(4,3,3,
3,3,3,3,3,4),(69.8550685195833,69.93821606177,70.937333434081,71.936450806392,
72.935568178703,73.934685551014,74.933802923325,75.9329202956361,76.1382538267629),
 .UNSPECIFIED.);
#251=B_SPLINE_CURVE_WITH_KNOTS('',3,(#2698,#2699,#2700,#2701,#2702,#2703,
#2704,#2705,#2706,#2707,#2708,#2709,#2710,#2711,#2712,#2713,#2714,#2715,
#2716,#2717,#2718,#2719),.UNSPECIFIED.,.F.,.F.,(4,3,3,3,3,3,3,4),(-85.4572268246184,
-84.924976646435,-83.925859274124,-82.926741901813,-81.927624529502,-80.928507157191,
-79.92938978488,-79.1740415174388),.UNSPECIFIED.);
#252=B_SPLINE_CURVE_WITH_KNOTS('',3,(#2720,#2721,#2722,#2723,#2724,#2725,
#2726,#2727,#2728,#2729,#2730,#2731,#2732,#2733,#2734,#2735,#2736,#2737,
#2738,#2739,#2740,#2741),.UNSPECIFIED.,.F.,.F.,(4,3,3,3,3,3,3,4),(76.1382538267629,
76.9320376679471,77.9311550402581,78.930272412569,79.92938978488,80.928507157191,
81.927624529502,82.4214391339425),.UNSPECIFIED.);
#253=B_SPLINE_CURVE_WITH_KNOTS('',3,(#2746,#2747,#2748,#2749,#2750,#2751,
#2752,#2753,#2754,#2755,#2756,#2757,#2758,#2759,#2760,#2761,#2762,#2763,
#2764,#2765,#2766,#2767),.UNSPECIFIED.,.F.,.F.,(4,3,3,3,3,3,3,4),(-91.740412131798,
-90.919680880301,-89.92056350799,-88.921446135679,-87.922328763368,-86.923211391057,
-85.924094018746,-85.4572268246184),.UNSPECIFIED.);
#254=B_SPLINE_CURVE_WITH_KNOTS('',3,(#2768,#2769,#2770,#2771,#2772,#2773,
#2774,#2775,#2776,#2777,#2778,#2779,#2780,#2781,#2782,#2783,#2784,#2785,
#2786,#2787,#2788,#2789),.UNSPECIFIED.,.F.,.F.,(4,3,3,3,3,3,3,4),(82.4214391339425,
82.926741901813,83.925859274124,84.924976646435,85.924094018746,86.9232113910571,
87.922328763368,88.7046244411221),.UNSPECIFIED.);
#255=B_SPLINE_CURVE_WITH_KNOTS('',3,(#2794,#2795,#2796,#2797,#2798,#2799,
#2800,#2801,#2802,#2803,#2804,#2805,#2806,#2807,#2808,#2809,#2810,#2811,
#2812,#2813,#2814,#2815,#2816,#2817,#2818),.UNSPECIFIED.,.F.,.F.,(4,3,3,
3,3,3,3,3,4),(-98.0235974389776,-97.913502486478,-96.914385114167,-95.915267741856,
-94.916150369545,-93.917032997234,-92.917915624923,-91.918798252612,-91.740412131798),
 .UNSPECIFIED.);
#256=B_SPLINE_CURVE_WITH_KNOTS('',3,(#2819,#2820,#2821,#2822,#2823,#2824,
#2825,#2826,#2827,#2828,#2829,#2830,#2831,#2832,#2833,#2834,#2835,#2836,
#2837,#2838,#2839,#2840,#2841,#2842,#2843),.UNSPECIFIED.,.F.,.F.,(4,3,3,
3,3,3,3,3,4),(88.7046244411221,88.921446135679,89.92056350799,90.919680880301,
91.918798252612,92.9179156249231,93.917032997234,94.916150369545,94.9878097483017),
 .UNSPECIFIED.);
#257=B_SPLINE_CURVE_WITH_KNOTS('',3,(#2848,#2849,#2850,#2851,#2852,#2853,
#2854,#2855,#2856,#2857,#2858,#2859,#2860,#2861,#2862,#2863,#2864,#2865,
#2866,#2867,#2868,#2869),.UNSPECIFIED.,.F.,.F.,(4,3,3,3,3,3,3,4),(-104.306782746157,
-103.908206720344,-102.909089348033,-101.909971975722,-100.910854603411,
-99.9117372311,-98.912619858789,-98.0235974389776),.UNSPECIFIED.);
#258=B_SPLINE_CURVE_WITH_KNOTS('',3,(#2870,#2871,#2872,#2873,#2874,#2875,
#2876,#2877,#2878,#2879,#2880,#2881,#2882,#2883,#2884,#2885,#2886,#2887,
#2888,#2889,#2890,#2891),.UNSPECIFIED.,.F.,.F.,(4,3,3,3,3,3,3,4),(94.9878097483017,
95.915267741856,96.914385114167,97.913502486478,98.912619858789,99.9117372311,
100.910854603411,101.270995055481),.UNSPECIFIED.);
#259=B_SPLINE_CURVE_WITH_KNOTS('',3,(#2896,#2897,#2898,#2899,#2900,#2901,
#2902,#2903,#2904,#2905,#2906,#2907,#2908,#2909,#2910,#2911,#2912,#2913,
#2914,#2915,#2916,#2917),.UNSPECIFIED.,.F.,.F.,(4,3,3,3,3,3,3,4),(-110.589968053337,
-109.90291095421,-108.903793581899,-107.904676209588,-106.905558837277,
-105.906441464966,-104.907324092655,-104.306782746157),.UNSPECIFIED.);
#260=B_SPLINE_CURVE_WITH_KNOTS('',3,(#2918,#2919,#2920,#2921,#2922,#2923,
#2924,#2925,#2926,#2927,#2928,#2929,#2930,#2931,#2932,#2933,#2934,#2935,
#2936,#2937,#2938,#2939),.UNSPECIFIED.,.F.,.F.,(4,3,3,3,3,3,3,4),(101.270995055481,
101.909971975722,102.909089348033,103.908206720344,104.907324092655,105.906441464966,
106.905558837277,107.554180362661),.UNSPECIFIED.);
#261=B_SPLINE_CURVE_WITH_KNOTS('',3,(#2944,#2945,#2946,#2947,#2948,#2949,
#2950,#2951,#2952,#2953,#2954,#2955,#2956,#2957,#2958,#2959,#2960,#2961,
#2962,#2963,#2964,#2965),.UNSPECIFIED.,.F.,.F.,(4,3,3,3,3,3,3,4),(-116.873153360516,
-115.897615188076,-114.898497815765,-113.899380443454,-112.900263071143,
-111.901145698832,-110.902028326521,-110.589968053337),.UNSPECIFIED.);
#262=B_SPLINE_CURVE_WITH_KNOTS('',3,(#2966,#2967,#2968,#2969,#2970,#2971,
#2972,#2973,#2974,#2975,#2976,#2977,#2978,#2979,#2980,#2981,#2982,#2983,
#2984,#2985,#2986,#2987),.UNSPECIFIED.,.F.,.F.,(4,3,3,3,3,3,3,4),(107.554180362661,
107.904676209588,108.903793581899,109.90291095421,110.902028326521,111.901145698832,
112.900263071143,113.83736566984),.UNSPECIFIED.);
#263=B_SPLINE_CURVE_WITH_KNOTS('',3,(#2992,#2993,#2994,#2995,#2996,#2997,
#2998,#2999,#3000,#3001,#3002,#3003,#3004,#3005,#3006,#3007,#3008,#3009,
#3010,#3011,#3012,#3013,#3014,#3015,#3016),.UNSPECIFIED.,.F.,.F.,(4,3,3,
3,3,3,3,3,4),(-123.156338667696,-122.891436794253,-121.892319421942,-120.893202049631,
-119.89408467732,-118.894967305009,-117.895849932698,-116.896732560387,
-116.873153360516),.UNSPECIFIED.);
#264=B_SPLINE_CURVE_WITH_KNOTS('',3,(#3017,#3018,#3019,#3020,#3021,#3022,
#3023,#3024,#3025,#3026,#3027,#3028,#3029,#3030,#3031,#3032,#3033,#3034,
#3035,#3036,#3037,#3038,#3039,#3040,#3041),.UNSPECIFIED.,.F.,.F.,(4,3,3,
3,3,3,3,3,4),(113.83736566984,113.899380443454,114.898497815765,115.897615188076,
116.896732560387,117.895849932698,118.894967305009,119.89408467732,120.12055097702),
 .UNSPECIFIED.);
#265=B_SPLINE_CURVE_WITH_KNOTS('',3,(#3046,#3047,#3048,#3049,#3050,#3051,
#3052,#3053,#3054,#3055,#3056,#3057,#3058,#3059,#3060,#3061,#3062,#3063,
#3064,#3065,#3066,#3067),.UNSPECIFIED.,.F.,.F.,(4,3,3,3,3,3,3,4),(-129.439523974876,
-128.886141028119,-127.887023655808,-126.887906283497,-125.888788911186,
-124.889671538875,-123.890554166564,-123.156338667696),.UNSPECIFIED.);
#266=B_SPLINE_CURVE_WITH_KNOTS('',3,(#3068,#3069,#3070,#3071,#3072,#3073,
#3074,#3075,#3076,#3077,#3078,#3079,#3080,#3081,#3082,#3083,#3084,#3085,
#3086,#3087,#3088,#3089),.UNSPECIFIED.,.F.,.F.,(4,3,3,3,3,3,3,4),(120.12055097702,
120.893202049631,121.892319421942,122.891436794253,123.890554166564,124.889671538875,
125.888788911186,126.4037362842),.UNSPECIFIED.);
#267=B_SPLINE_CURVE_WITH_KNOTS('',3,(#3094,#3095,#3096,#3097,#3098,#3099,
#3100,#3101,#3102,#3103,#3104,#3105,#3106,#3107,#3108,#3109,#3110,#3111,
#3112,#3113,#3114,#3115),.UNSPECIFIED.,.F.,.F.,(4,3,3,3,3,3,3,4),(-135.722709282055,
-134.880845261985,-133.881727889674,-132.882610517363,-131.883493145052,
-130.884375772741,-129.88525840043,-129.439523974876),.UNSPECIFIED.);
#268=B_SPLINE_CURVE_WITH_KNOTS('',3,(#3116,#3117,#3118,#3119,#3120,#3121,
#3122,#3123,#3124,#3125,#3126,#3127,#3128,#3129,#3130,#3131,#3132,#3133,
#3134,#3135,#3136,#3137),.UNSPECIFIED.,.F.,.F.,(4,3,3,3,3,3,3,4),(126.4037362842,
126.887906283497,127.887023655808,128.886141028119,129.88525840043,130.884375772741,
131.883493145052,132.686921591379),.UNSPECIFIED.);
#269=B_SPLINE_CURVE_WITH_KNOTS('',3,(#3142,#3143,#3144,#3145,#3146,#3147,
#3148,#3149,#3150,#3151,#3152,#3153,#3154,#3155,#3156,#3157,#3158,#3159,
#3160,#3161,#3162,#3163,#3164,#3165,#3166),.UNSPECIFIED.,.F.,.F.,(4,3,3,
3,3,3,3,3,4),(-142.005894589235,-141.874666868162,-140.875549495851,-139.87643212354,
-138.877314751229,-137.878197378918,-136.879080006607,-135.879962634296,
-135.722709282055),.UNSPECIFIED.);
#270=B_SPLINE_CURVE_WITH_KNOTS('',3,(#3167,#3168,#3169,#3170,#3171,#3172,
#3173,#3174,#3175,#3176,#3177,#3178,#3179,#3180,#3181,#3182,#3183,#3184,
#3185,#3186,#3187,#3188,#3189,#3190,#3191),.UNSPECIFIED.,.F.,.F.,(4,3,3,
3,3,3,3,3,4),(132.686921591379,132.882610517363,133.881727889674,134.880845261985,
135.879962634296,136.879080006607,137.878197378918,138.877314751229,138.970106898559),
 .UNSPECIFIED.);
#271=B_SPLINE_CURVE_WITH_KNOTS('',3,(#3196,#3197,#3198,#3199,#3200,#3201,
#3202,#3203,#3204,#3205,#3206,#3207,#3208,#3209,#3210,#3211,#3212,#3213,
#3214,#3215,#3216,#3217),.UNSPECIFIED.,.F.,.F.,(4,3,3,3,3,3,3,4),(-148.289079896414,
-147.869371102028,-146.870253729717,-145.871136357406,-144.872018985095,
-143.872901612784,-142.873784240473,-142.005894589235),.UNSPECIFIED.);
#272=B_SPLINE_CURVE_WITH_KNOTS('',3,(#3218,#3219,#3220,#3221,#3222,#3223,
#3224,#3225,#3226,#3227,#3228,#3229,#3230,#3231,#3232,#3233,#3234,#3235,
#3236,#3237,#3238,#3239),.UNSPECIFIED.,.F.,.F.,(4,3,3,3,3,3,3,4),(138.970106898559,
139.87643212354,140.875549495851,141.874666868162,142.873784240473,143.872901612784,
144.872018985095,145.253292205738),.UNSPECIFIED.);
#273=B_SPLINE_CURVE_WITH_KNOTS('',3,(#3244,#3245,#3246,#3247,#3248,#3249,
#3250,#3251,#3252,#3253,#3254,#3255,#3256,#3257,#3258,#3259,#3260,#3261,
#3262,#3263,#3264,#3265),.UNSPECIFIED.,.F.,.F.,(4,3,3,3,3,3,3,4),(-154.572265203594,
-153.864075335894,-152.864957963583,-151.865840591272,-150.866723218961,
-149.86760584665,-148.868488474339,-148.289079896414),.UNSPECIFIED.);
#274=B_SPLINE_CURVE_WITH_KNOTS('',3,(#3266,#3267,#3268,#3269,#3270,#3271,
#3272,#3273,#3274,#3275,#3276,#3277,#3278,#3279,#3280,#3281,#3282,#3283,
#3284,#3285,#3286,#3287),.UNSPECIFIED.,.F.,.F.,(4,3,3,3,3,3,3,4),(145.253292205738,
145.871136357406,146.870253729717,147.869371102028,148.868488474339,149.86760584665,
150.866723218961,151.536477512918),.UNSPECIFIED.);
#275=B_SPLINE_CURVE_WITH_KNOTS('',3,(#3292,#3293,#3294,#3295,#3296,#3297,
#3298,#3299,#3300,#3301,#3302,#3303,#3304,#3305,#3306,#3307,#3308,#3309,
#3310,#3311,#3312,#3313),.UNSPECIFIED.,.F.,.F.,(4,3,3,3,3,3,3,4),(-160.855450510773,
-159.85877956976,-158.859662197449,-157.860544825138,-156.861427452827,
-155.862310080516,-154.863192708205,-154.572265203594),.UNSPECIFIED.);
#276=B_SPLINE_CURVE_WITH_KNOTS('',3,(#3314,#3315,#3316,#3317,#3318,#3319,
#3320,#3321,#3322,#3323,#3324,#3325,#3326,#3327,#3328,#3329,#3330,#3331,
#3332,#3333,#3334,#3335),.UNSPECIFIED.,.F.,.F.,(4,3,3,3,3,3,3,4),(151.536477512918,
151.865840591272,152.864957963583,153.864075335894,154.863192708205,155.862310080516,
156.861427452827,157.819662820098),.UNSPECIFIED.);
#277=B_SPLINE_CURVE_WITH_KNOTS('',3,(#3340,#3341,#3342,#3343,#3344,#3345,
#3346,#3347,#3348,#3349,#3350,#3351,#3352,#3353,#3354,#3355,#3356,#3357,
#3358,#3359,#3360,#3361),.UNSPECIFIED.,.F.,.F.,(4,3,3,3,3,3,3,4),(-167.138635817953,
-166.852601175937,-165.853483803626,-164.854366431315,-163.855249059004,
-162.856131686693,-161.857014314382,-160.855450510773),.UNSPECIFIED.);
#278=B_SPLINE_CURVE_WITH_KNOTS('',3,(#3362,#3363,#3364,#3365,#3366,#3367,
#3368,#3369,#3370,#3371,#3372,#3373,#3374,#3375,#3376,#3377,#3378,#3379,
#3380,#3381,#3382,#3383,#3384,#3385,#3386),.UNSPECIFIED.,.F.,.F.,(4,3,3,
3,3,3,3,3,4),(157.819662820098,157.860544825138,158.859662197449,159.85877956976,
160.857896942071,161.857014314382,162.856131686693,163.855249059004,164.102848127277),
 .UNSPECIFIED.);
#279=B_SPLINE_CURVE_WITH_KNOTS('',3,(#3391,#3392,#3393,#3394,#3395,#3396,
#3397,#3398,#3399,#3400,#3401,#3402,#3403,#3404,#3405,#3406,#3407,#3408,
#3409,#3410,#3411,#3412),.UNSPECIFIED.,.F.,.F.,(4,3,3,3,3,3,3,4),(-173.421821125133,
-172.847305409803,-171.848188037492,-170.849070665181,-169.84995329287,
-168.850835920559,-167.851718548248,-167.138635817953),.UNSPECIFIED.);
#280=B_SPLINE_CURVE_WITH_KNOTS('',3,(#3413,#3414,#3415,#3416,#3417,#3418,
#3419,#3420,#3421,#3422,#3423,#3424,#3425,#3426,#3427,#3428,#3429,#3430,
#3431,#3432,#3433,#3434),.UNSPECIFIED.,.F.,.F.,(4,3,3,3,3,3,3,4),(164.102848127277,
164.854366431315,165.853483803626,166.852601175937,167.851718548248,168.850835920559,
169.84995329287,170.386033434457),.UNSPECIFIED.);
#281=B_SPLINE_CURVE_WITH_KNOTS('',3,(#3439,#3440,#3441,#3442,#3443,#3444,
#3445,#3446,#3447,#3448,#3449,#3450,#3451,#3452,#3453,#3454,#3455,#3456,
#3457,#3458,#3459,#3460),.UNSPECIFIED.,.F.,.F.,(4,3,3,3,3,3,3,4),(-179.705006432312,
-178.842009643669,-177.842892271358,-176.843774899047,-175.844657526736,
-174.845540154425,-173.846422782114,-173.421821125133),.UNSPECIFIED.);
#282=B_SPLINE_CURVE_WITH_KNOTS('',3,(#3461,#3462,#3463,#3464,#3465,#3466,
#3467,#3468,#3469,#3470,#3471,#3472,#3473,#3474,#3475,#3476,#3477,#3478,
#3479,#3480,#3481,#3482),.UNSPECIFIED.,.F.,.F.,(4,3,3,3,3,3,3,4),(170.386033434457,
170.849070665181,171.848188037492,172.847305409803,173.846422782114,174.845540154425,
175.844657526736,176.669218741636),.UNSPECIFIED.);
#283=B_SPLINE_CURVE_WITH_KNOTS('',3,(#3487,#3488,#3489,#3490,#3491,#3492,
#3493,#3494,#3495,#3496,#3497,#3498,#3499,#3500,#3501,#3502,#3503,#3504,
#3505,#3506,#3507,#3508,#3509,#3510,#3511),.UNSPECIFIED.,.F.,.F.,(4,3,3,
3,3,3,3,3,4),(-185.988191739492,-185.835831249846,-184.836713877535,-183.837596505224,
-182.838479132913,-181.839361760602,-180.840244388291,-179.84112701598,
-179.705006432312),.UNSPECIFIED.);
#284=B_SPLINE_CURVE_WITH_KNOTS('',3,(#3512,#3513,#3514,#3515,#3516,#3517,
#3518,#3519,#3520,#3521,#3522,#3523,#3524,#3525,#3526,#3527,#3528,#3529,
#3530,#3531,#3532,#3533,#3534,#3535,#3536),.UNSPECIFIED.,.F.,.F.,(4,3,3,
3,3,3,3,3,4),(176.669218741636,176.843774899047,177.842892271358,178.842009643669,
179.84112701598,180.840244388291,181.839361760602,182.838479132913,182.952404048816),
 .UNSPECIFIED.);
#285=B_SPLINE_CURVE_WITH_KNOTS('',3,(#3541,#3542,#3543,#3544,#3545,#3546,
#3547,#3548,#3549,#3550,#3551,#3552,#3553,#3554,#3555,#3556,#3557,#3558,
#3559,#3560,#3561,#3562),.UNSPECIFIED.,.F.,.F.,(4,3,3,3,3,3,3,4),(-192.271377046671,
-191.830535483712,-190.831418111401,-189.83230073909,-188.833183366779,
-187.834065994468,-186.834948622157,-185.988191739492),.UNSPECIFIED.);
#286=B_SPLINE_CURVE_WITH_KNOTS('',3,(#3563,#3564,#3565,#3566,#3567,#3568,
#3569,#3570,#3571,#3572,#3573,#3574,#3575,#3576,#3577,#3578,#3579,#3580,
#3581,#3582,#3583,#3584),.UNSPECIFIED.,.F.,.F.,(4,3,3,3,3,3,3,4),(182.952404048816,
183.837596505224,184.836713877535,185.835831249846,186.834948622157,187.834065994468,
188.833183366779,189.235589355995),.UNSPECIFIED.);
#287=B_SPLINE_CURVE_WITH_KNOTS('',3,(#3589,#3590,#3591,#3592,#3593,#3594,
#3595,#3596,#3597,#3598,#3599,#3600,#3601,#3602,#3603,#3604,#3605,#3606,
#3607,#3608,#3609,#3610),.UNSPECIFIED.,.F.,.F.,(4,3,3,3,3,3,3,4),(-198.554562353851,
-197.825239717578,-196.826122345267,-195.827004972956,-194.827887600645,
-193.828770228334,-192.829652856023,-192.271377046671),.UNSPECIFIED.);
#288=B_SPLINE_CURVE_WITH_KNOTS('',3,(#3611,#3612,#3613,#3614,#3615,#3616,
#3617,#3618,#3619,#3620,#3621,#3622,#3623,#3624,#3625,#3626,#3627,#3628,
#3629,#3630,#3631,#3632),.UNSPECIFIED.,.F.,.F.,(4,3,3,3,3,3,3,4),(189.235589355995,
189.83230073909,190.831418111401,191.830535483712,192.829652856023,193.828770228334,
194.827887600645,195.518774663175),.UNSPECIFIED.);
#289=B_SPLINE_CURVE_WITH_KNOTS('',3,(#3637,#3638,#3639,#3640,#3641,#3642,
#3643,#3644,#3645,#3646,#3647,#3648,#3649,#3650,#3651,#3652,#3653,#3654,
#3655,#3656,#3657,#3658,#3659,#3660,#3661),.UNSPECIFIED.,.F.,.F.,(4,3,3,
3,3,3,3,3,4),(-204.83774766103,-204.819061323755,-203.819943951444,-202.820826579133,
-201.821709206822,-200.822591834511,-199.8234744622,-198.824357089889,-198.554562353851),
 .UNSPECIFIED.);
#290=B_SPLINE_CURVE_WITH_KNOTS('',3,(#3662,#3663,#3664,#3665,#3666,#3667,
#3668,#3669,#3670,#3671,#3672,#3673,#3674,#3675,#3676,#3677,#3678,#3679,
#3680,#3681,#3682,#3683),.UNSPECIFIED.,.F.,.F.,(4,3,3,3,3,3,3,4),(195.518774663175,
195.827004972956,196.826122345267,197.825239717578,198.824357089889,199.8234744622,
200.822591834511,201.801959970354),.UNSPECIFIED.);
#291=B_SPLINE_CURVE_WITH_KNOTS('',3,(#3690,#3691,#3692,#3693,#3694,#3695,
#3696,#3697,#3698,#3699,#3700,#3701,#3702,#3703,#3704,#3705,#3706,#3707,
#3708),.UNSPECIFIED.,.F.,.F.,(4,3,3,3,3,3,4),(-210.813765557621,-209.81464818531,
-208.815530812999,-207.816413440688,-206.817296068377,-205.818178696066,
-204.83774766103),.UNSPECIFIED.);
#292=B_SPLINE_CURVE_WITH_KNOTS('',3,(#3709,#3710,#3711,#3712,#3713,#3714,
#3715,#3716,#3717,#3718,#3719,#3720,#3721,#3722,#3723,#3724,#3725,#3726,
#3727,#3728,#3729,#3730,#3731,#3732,#3733),.UNSPECIFIED.,.F.,.F.,(4,3,3,
3,3,3,3,3,4),(201.801959970354,201.821709206822,202.820826579133,203.819943951444,
204.819061323755,205.818178696066,206.817296068377,207.816413440688,208.085145277534),
 .UNSPECIFIED.);
#293=B_SPLINE_CURVE_WITH_KNOTS('',3,(#3739,#3740,#3741,#3742,#3743,#3744,
#3745,#3746),.UNSPECIFIED.,.F.,.F.,(4,1,1,1,1,4),(216.769893097696,217.750324132732,
218.749441505043,219.748558877354,220.747676249665,221.371655675985),
 .UNSPECIFIED.);
#294=B_SPLINE_CURVE_WITH_KNOTS('',3,(#3749,#3750,#3751,#3752,#3753,#3754),
 .UNSPECIFIED.,.F.,.F.,(4,1,1,4),(216.769893097696,217.500278633161,218.499396005472,
219.498513377783),.UNSPECIFIED.);
#295=B_SPLINE_CURVE_WITH_KNOTS('',3,(#3759,#3760,#3761,#3762,#3763,#3764,
#3765,#3766,#3767,#3768,#3769),.UNSPECIFIED.,.F.,.F.,(4,1,1,1,1,1,1,1,4),
(210.486707790516,210.756502526555,211.755619898866,212.754737271177,213.753854643488,
214.752972015799,215.75208938811,216.751206760421,216.769893097696),
 .UNSPECIFIED.);
#296=B_SPLINE_CURVE_WITH_KNOTS('',3,(#3770,#3771,#3772,#3773,#3774,#3775,
#3776,#3777,#3778,#3779,#3780),.UNSPECIFIED.,.F.,.F.,(4,1,1,1,1,1,1,1,4),
(210.486707790516,210.506457026984,211.505574399295,212.504691771606,213.503809143917,
214.502926516228,215.502043888539,216.50116126085,216.769893097696),
 .UNSPECIFIED.);
#297=B_SPLINE_CURVE_WITH_KNOTS('',3,(#3785,#3786,#3787,#3788,#3789,#3790,
#3791,#3792,#3793,#3794),.UNSPECIFIED.,.F.,.F.,(4,1,1,1,1,1,1,4),(204.203522483337,
204.761798292689,205.760915665,206.760033037311,207.759150409622,208.758267781933,
209.757385154244,210.486707790516),.UNSPECIFIED.);
#298=B_SPLINE_CURVE_WITH_KNOTS('',3,(#3795,#3796,#3797,#3798,#3799,#3800,
#3801,#3802,#3803,#3804),.UNSPECIFIED.,.F.,.F.,(4,1,1,1,1,1,1,4),(204.203522483337,
204.511752793118,205.510870165429,206.50998753774,207.509104910051,208.508222282362,
209.507339654673,210.486707790516),.UNSPECIFIED.);
#299=B_SPLINE_CURVE_WITH_KNOTS('',3,(#3809,#3810,#3811,#3812,#3813,#3814,
#3815,#3816,#3817,#3818),.UNSPECIFIED.,.F.,.F.,(4,1,1,1,1,1,1,4),(197.920337176157,
198.767094058823,199.766211431134,200.765328803445,201.764446175756,202.763563548067,
203.762680920378,204.203522483337),.UNSPECIFIED.);
#300=B_SPLINE_CURVE_WITH_KNOTS('',3,(#3819,#3820,#3821,#3822,#3823,#3824,
#3825,#3826,#3827,#3828),.UNSPECIFIED.,.F.,.F.,(4,1,1,1,1,1,1,4),(197.920337176157,
198.517048559252,199.516165931563,200.515283303874,201.514400676185,202.513518048496,
203.512635420807,204.203522483337),.UNSPECIFIED.);
#301=B_SPLINE_CURVE_WITH_KNOTS('',3,(#3833,#3834,#3835,#3836,#3837,#3838,
#3839,#3840,#3841,#3842,#3843),.UNSPECIFIED.,.F.,.F.,(4,1,1,1,1,1,1,1,4),
(191.637151868977,191.773272452646,192.772389824957,193.771507197268,194.770624569579,
195.76974194189,196.768859314201,197.767976686512,197.920337176157),
 .UNSPECIFIED.);
#302=B_SPLINE_CURVE_WITH_KNOTS('',3,(#3844,#3845,#3846,#3847,#3848,#3849,
#3850,#3851,#3852,#3853),.UNSPECIFIED.,.F.,.F.,(4,1,1,1,1,1,1,4),(191.637151868977,
192.522344325386,193.521461697697,194.520579070008,195.519696442319,196.51881381463,
197.517931186941,197.920337176157),.UNSPECIFIED.);
#303=B_SPLINE_CURVE_WITH_KNOTS('',3,(#3858,#3859,#3860,#3861,#3862,#3863,
#3864,#3865,#3866,#3867),.UNSPECIFIED.,.F.,.F.,(4,1,1,1,1,1,1,4),(185.353966561798,
185.778568218779,186.777685591091,187.776802963402,188.775920335712,189.775037708024,
190.774155080335,191.637151868977),.UNSPECIFIED.);
#304=B_SPLINE_CURVE_WITH_KNOTS('',3,(#3868,#3869,#3870,#3871,#3872,#3873,
#3874,#3875,#3876,#3877,#3878),.UNSPECIFIED.,.F.,.F.,(4,1,1,1,1,1,1,1,4),
(185.353966561798,185.528522719209,186.52764009152,187.526757463831,188.525874836142,
189.524992208453,190.524109580764,191.523226953075,191.637151868977),
 .UNSPECIFIED.);
#305=B_SPLINE_CURVE_WITH_KNOTS('',3,(#3883,#3884,#3885,#3886,#3887,#3888,
#3889,#3890,#3891,#3892),.UNSPECIFIED.,.F.,.F.,(4,1,1,1,1,1,1,4),(179.070781254618,
179.783863984913,180.782981357225,181.782098729536,182.781216101846,183.780333474158,
184.779450846469,185.353966561798),.UNSPECIFIED.);
#306=B_SPLINE_CURVE_WITH_KNOTS('',3,(#3893,#3894,#3895,#3896,#3897,#3898,
#3899,#3900,#3901,#3902),.UNSPECIFIED.,.F.,.F.,(4,1,1,1,1,1,1,4),(179.070781254618,
179.533818485343,180.532935857654,181.532053229965,182.531170602276,183.530287974587,
184.529405346898,185.353966561798),.UNSPECIFIED.);
#307=B_SPLINE_CURVE_WITH_KNOTS('',3,(#3907,#3908,#3909,#3910,#3911,#3912,
#3913,#3914,#3915,#3916,#3917),.UNSPECIFIED.,.F.,.F.,(4,1,1,1,1,1,1,1,4),
(172.787595947439,172.790042378737,173.789159751048,174.788277123359,175.78739449567,
176.78651186798,177.785629240292,178.784746612603,179.070781254618),
 .UNSPECIFIED.);
#308=B_SPLINE_CURVE_WITH_KNOTS('',3,(#3918,#3919,#3920,#3921,#3922,#3923,
#3924,#3925,#3926,#3927),.UNSPECIFIED.,.F.,.F.,(4,1,1,1,1,1,1,4),(172.787595947439,
173.539114251477,174.538231623788,175.537348996099,176.53646636841,177.535583740721,
178.534701113032,179.070781254618),.UNSPECIFIED.);
#309=B_SPLINE_CURVE_WITH_KNOTS('',3,(#3932,#3933,#3934,#3935,#3936,#3937,
#3938,#3939,#3940,#3941),.UNSPECIFIED.,.F.,.F.,(4,1,1,1,1,1,1,4),(166.504410640259,
166.79533814487,167.794455517182,168.793572889493,169.792690261804,170.791807634115,
171.790925006426,172.787595947439),.UNSPECIFIED.);
#310=B_SPLINE_CURVE_WITH_KNOTS('',3,(#3942,#3943,#3944,#3945,#3946,#3947,
#3948,#3949,#3950,#3951,#3952),.UNSPECIFIED.,.F.,.F.,(4,1,1,1,1,1,1,1,4),
(166.504410640259,166.5452926453,167.544410017611,168.543527389922,169.542644762233,
170.541762134544,171.540879506855,172.539996879166,172.787595947439),
 .UNSPECIFIED.);
#311=B_SPLINE_CURVE_WITH_KNOTS('',3,(#3957,#3958,#3959,#3960,#3961,#3962,
#3963,#3964,#3965,#3966),.UNSPECIFIED.,.F.,.F.,(4,1,1,1,1,1,1,4),(160.22122533308,
160.800633911004,161.799751283316,162.798868655627,163.797986027937,164.797103400249,
165.79622077256,166.504410640259),.UNSPECIFIED.);
#312=B_SPLINE_CURVE_WITH_KNOTS('',3,(#3967,#3968,#3969,#3970,#3971,#3972,
#3973,#3974,#3975,#3976),.UNSPECIFIED.,.F.,.F.,(4,1,1,1,1,1,1,4),(160.22122533308,
160.550588411434,161.549705783745,162.548823156056,163.547940528367,164.547057900678,
165.546175272989,166.504410640259),.UNSPECIFIED.);
#313=B_SPLINE_CURVE_WITH_KNOTS('',3,(#3981,#3982,#3983,#3984,#3985,#3986,
#3987,#3988,#3989,#3990),.UNSPECIFIED.,.F.,.F.,(4,1,1,1,1,1,1,4),(153.9380400259,
154.805929677138,155.80504704945,156.804164421761,157.803281794071,158.802399166383,
159.801516538694,160.22122533308),.UNSPECIFIED.);
#314=B_SPLINE_CURVE_WITH_KNOTS('',3,(#3991,#3992,#3993,#3994,#3995,#3996,
#3997,#3998,#3999,#4000),.UNSPECIFIED.,.F.,.F.,(4,1,1,1,1,1,1,4),(153.9380400259,
154.555884177568,155.555001549879,156.55411892219,157.553236294501,158.552353666812,
159.551471039123,160.22122533308),.UNSPECIFIED.);
#315=B_SPLINE_CURVE_WITH_KNOTS('',3,(#4005,#4006,#4007,#4008,#4009,#4010,
#4011,#4012,#4013,#4014,#4015),.UNSPECIFIED.,.F.,.F.,(4,1,1,1,1,1,1,1,4),
(147.654854718721,147.812108070962,148.811225443272,149.810342815584,150.809460187895,
151.808577560205,152.807694932517,153.806812304828,153.9380400259),
 .UNSPECIFIED.);
#316=B_SPLINE_CURVE_WITH_KNOTS('',3,(#4016,#4017,#4018,#4019,#4020,#4021,
#4022,#4023,#4024,#4025),.UNSPECIFIED.,.F.,.F.,(4,1,1,1,1,1,1,4),(147.654854718721,
148.561179943702,149.560297316013,150.559414688324,151.558532060635,152.557649432946,
153.556766805257,153.9380400259),.UNSPECIFIED.);
#317=B_SPLINE_CURVE_WITH_KNOTS('',3,(#4030,#4031,#4032,#4033,#4034,#4035,
#4036,#4037,#4038,#4039),.UNSPECIFIED.,.F.,.F.,(4,1,1,1,1,1,1,4),(141.371669411541,
141.817403837095,142.816521209406,143.815638581718,144.814755954028,145.813873326339,
146.812990698651,147.654854718721),.UNSPECIFIED.);
#318=B_SPLINE_CURVE_WITH_KNOTS('',3,(#4040,#4041,#4042,#4043,#4044,#4045,
#4046,#4047,#4048,#4049,#4050),.UNSPECIFIED.,.F.,.F.,(4,1,1,1,1,1,1,1,4),
(141.371669411541,141.567358337525,142.566475709836,143.565593082147,144.564710454458,
145.563827826769,146.56294519908,147.562062571391,147.654854718721),
 .UNSPECIFIED.);
#319=B_SPLINE_CURVE_WITH_KNOTS('',3,(#4055,#4056,#4057,#4058,#4059,#4060,
#4061,#4062,#4063,#4064),.UNSPECIFIED.,.F.,.F.,(4,1,1,1,1,1,1,4),(135.088484104361,
135.822699603229,136.82181697554,137.820934347852,138.820051720162,139.819169092473,
140.818286464785,141.371669411541),.UNSPECIFIED.);
#320=B_SPLINE_CURVE_WITH_KNOTS('',3,(#4065,#4066,#4067,#4068,#4069,#4070,
#4071,#4072,#4073,#4074),.UNSPECIFIED.,.F.,.F.,(4,1,1,1,1,1,1,4),(135.088484104361,
135.572654103659,136.57177147597,137.570888848281,138.570006220592,139.569123592903,
140.568240965214,141.371669411541),.UNSPECIFIED.);
#321=B_SPLINE_CURVE_WITH_KNOTS('',3,(#4079,#4080,#4081,#4082,#4083,#4084,
#4085,#4086,#4087,#4088,#4089),.UNSPECIFIED.,.F.,.F.,(4,1,1,1,1,1,1,1,4),
(128.805298797182,128.828877997053,129.827995369363,130.827112741674,131.826230113986,
132.825347486296,133.824464858607,134.823582230919,135.088484104361),
 .UNSPECIFIED.);
#322=B_SPLINE_CURVE_WITH_KNOTS('',3,(#4090,#4091,#4092,#4093,#4094,#4095,
#4096,#4097,#4098,#4099),.UNSPECIFIED.,.F.,.F.,(4,1,1,1,1,1,1,4),(128.805298797182,
129.577949869793,130.577067242104,131.576184614415,132.575301986726,133.574419359037,
134.573536731348,135.088484104361),.UNSPECIFIED.);
#323=B_SPLINE_CURVE_WITH_KNOTS('',3,(#4104,#4105,#4106,#4107,#4108,#4109,
#4110,#4111,#4112,#4113),.UNSPECIFIED.,.F.,.F.,(4,1,1,1,1,1,1,4),(122.522113490002,
122.834173763186,123.833291135497,124.832408507808,125.831525880119,126.83064325243,
127.829760624741,128.805298797182),.UNSPECIFIED.);
#324=B_SPLINE_CURVE_WITH_KNOTS('',3,(#4114,#4115,#4116,#4117,#4118,#4119,
#4120,#4121,#4122,#4123,#4124),.UNSPECIFIED.,.F.,.F.,(4,1,1,1,1,1,1,1,4),
(122.522113490002,122.584128263616,123.583245635927,124.582363008238,125.581480380549,
126.58059775286,127.579715125171,128.578832497482,128.805298797182),
 .UNSPECIFIED.);
#325=B_SPLINE_CURVE_WITH_KNOTS('',3,(#4129,#4130,#4131,#4132,#4133,#4134,
#4135,#4136,#4137,#4138),.UNSPECIFIED.,.F.,.F.,(4,1,1,1,1,1,1,4),(116.238928182823,
116.83946952932,117.838586901631,118.837704273942,119.836821646253,120.835939018564,
121.835056390875,122.522113490002),.UNSPECIFIED.);
#326=B_SPLINE_CURVE_WITH_KNOTS('',3,(#4139,#4140,#4141,#4142,#4143,#4144,
#4145,#4146,#4147,#4148),.UNSPECIFIED.,.F.,.F.,(4,1,1,1,1,1,1,4),(116.238928182823,
116.58942402975,117.588541402061,118.587658774372,119.586776146683,120.585893518994,
121.585010891305,122.522113490002),.UNSPECIFIED.);
#327=B_SPLINE_CURVE_WITH_KNOTS('',3,(#4153,#4154,#4155,#4156,#4157,#4158,
#4159,#4160,#4161,#4162),.UNSPECIFIED.,.F.,.F.,(4,1,1,1,1,1,1,4),(109.955742875643,
110.844765295454,111.843882667765,112.843000040076,113.842117412387,114.841234784698,
115.840352157009,116.238928182823),.UNSPECIFIED.);
#328=B_SPLINE_CURVE_WITH_KNOTS('',3,(#4163,#4164,#4165,#4166,#4167,#4168,
#4169,#4170,#4171,#4172),.UNSPECIFIED.,.F.,.F.,(4,1,1,1,1,1,1,4),(109.955742875643,
110.594719795884,111.593837168195,112.592954540506,113.592071912817,114.591189285128,
115.590306657439,116.238928182823),.UNSPECIFIED.);
#329=B_SPLINE_CURVE_WITH_KNOTS('',3,(#4177,#4178,#4179,#4180,#4181,#4182,
#4183,#4184,#4185,#4186,#4187),.UNSPECIFIED.,.F.,.F.,(4,1,1,1,1,1,1,1,4),
(103.672557568463,103.850943689277,104.850061061588,105.849178433899,106.84829580621,
107.847413178521,108.846530550832,109.845647923143,109.955742875643),
 .UNSPECIFIED.);
#330=B_SPLINE_CURVE_WITH_KNOTS('',3,(#4188,#4189,#4190,#4191,#4192,#4193,
#4194,#4195,#4196,#4197),.UNSPECIFIED.,.F.,.F.,(4,1,1,1,1,1,1,4),(103.672557568463,
104.600015562018,105.599132934329,106.59825030664,107.597367678951,108.596485051262,
109.595602423573,109.955742875643),.UNSPECIFIED.);
#331=B_SPLINE_CURVE_WITH_KNOTS('',3,(#4202,#4203,#4204,#4205,#4206,#4207,
#4208,#4209,#4210,#4211),.UNSPECIFIED.,.F.,.F.,(4,1,1,1,1,1,1,4),(97.3893722612838,
97.8562394554115,98.8553568277225,99.8544742000335,100.853591572344,101.852708944655,
102.851826316966,103.672557568463),.UNSPECIFIED.);
#332=B_SPLINE_CURVE_WITH_KNOTS('',3,(#4212,#4213,#4214,#4215,#4216,#4217,
#4218,#4219,#4220,#4221,#4222),.UNSPECIFIED.,.F.,.F.,(4,1,1,1,1,1,1,1,4),
(97.3893722612839,97.606193955841,98.605311328152,99.604428700463,100.603546072774,
101.602663445085,102.601780817396,103.600898189707,103.672557568463),
 .UNSPECIFIED.);
#333=B_SPLINE_CURVE_WITH_KNOTS('',3,(#4227,#4228,#4229,#4230,#4231,#4232,
#4233,#4234,#4235,#4236),.UNSPECIFIED.,.F.,.F.,(4,1,1,1,1,1,1,4),(91.1061869541042,
91.8615352215455,92.8606525938565,93.8597699661675,94.8588873384785,95.8580047107895,
96.8571220831005,97.3893722612838),.UNSPECIFIED.);
#334=B_SPLINE_CURVE_WITH_KNOTS('',3,(#4237,#4238,#4239,#4240,#4241,#4242,
#4243,#4244,#4245,#4246),.UNSPECIFIED.,.F.,.F.,(4,1,1,1,1,1,1,4),(91.1061869541043,
91.611489721975,92.610607094286,93.609724466597,94.608841838908,95.607959211219,
96.60707658353,97.3893722612839),.UNSPECIFIED.);
#335=B_SPLINE_CURVE_WITH_KNOTS('',3,(#4251,#4252,#4253,#4254,#4255,#4256,
#4257,#4258,#4259,#4260,#4261),.UNSPECIFIED.,.F.,.F.,(4,1,1,1,1,1,1,1,4),
(84.8230016469246,84.8677136153685,85.8668309876795,86.8659483599905,87.8650657323015,
88.8641831046125,89.8633004769235,90.8624178492345,91.1061869541042),
 .UNSPECIFIED.);
#336=B_SPLINE_CURVE_WITH_KNOTS('',3,(#4262,#4263,#4264,#4265,#4266,#4267,
#4268,#4269,#4270,#4271),.UNSPECIFIED.,.F.,.F.,(4,1,1,1,1,1,1,4),(84.8230016469247,
85.616785488109,86.61590286042,87.615020232731,88.614137605042,89.613254977353,
90.612372349664,91.1061869541043),.UNSPECIFIED.);
#337=B_SPLINE_CURVE_WITH_KNOTS('',3,(#4276,#4277,#4278,#4279,#4280,#4281,
#4282,#4283,#4284,#4285),.UNSPECIFIED.,.F.,.F.,(4,1,1,1,1,1,1,4),(78.539816339745,
78.8730093815025,79.8721267538135,80.8712441261245,81.8703614984355,82.8694788707465,
83.8685962430575,84.8230016469246),.UNSPECIFIED.);
#338=B_SPLINE_CURVE_WITH_KNOTS('',3,(#4286,#4287,#4288,#4289,#4290,#4291,
#4292,#4293,#4294,#4295,#4296),.UNSPECIFIED.,.F.,.F.,(4,1,1,1,1,1,1,1,4),
(78.5398163397451,78.622963881932,79.622081254243,80.621198626554,81.620315998865,
82.619433371176,83.618550743487,84.617668115798,84.8230016469247),
 .UNSPECIFIED.);
#339=B_SPLINE_CURVE_WITH_KNOTS('',3,(#4301,#4302,#4303,#4304,#4305,#4306,
#4307,#4308,#4309,#4310),.UNSPECIFIED.,.F.,.F.,(4,1,1,1,1,1,1,4),(72.2566310325654,
72.8783051476365,73.8774225199475,74.8765398922585,75.8756572645695,76.8747746368805,
77.8738920091915,78.539816339745),.UNSPECIFIED.);
#340=B_SPLINE_CURVE_WITH_KNOTS('',3,(#4311,#4312,#4313,#4314,#4315,#4316,
#4317,#4318,#4319,#4320),.UNSPECIFIED.,.F.,.F.,(4,1,1,1,1,1,1,4),(72.2566310325655,
72.628259648066,73.627377020377,74.626494392688,75.625611764999,76.62472913731,
77.623846509621,78.5398163397451),.UNSPECIFIED.);
#341=B_SPLINE_CURVE_WITH_KNOTS('',3,(#4325,#4326,#4327,#4328,#4329,#4330,
#4331,#4332,#4333,#4334),.UNSPECIFIED.,.F.,.F.,(4,1,1,1,1,1,1,4),(65.9734457253858,
66.8836009137705,67.8827182860815,68.8818356583925,69.8809530307035,70.8800704030145,
71.8791877753255,72.2566310325654),.UNSPECIFIED.);
#342=B_SPLINE_CURVE_WITH_KNOTS('',3,(#4335,#4336,#4337,#4338,#4339,#4340,
#4341,#4342,#4343,#4344),.UNSPECIFIED.,.F.,.F.,(4,1,1,1,1,1,1,4),(65.9734457253859,
66.6335554142,67.632672786511,68.631790158822,69.630907531133,70.630024903444,
71.629142275755,72.2566310325655),.UNSPECIFIED.);
#343=B_SPLINE_CURVE_WITH_KNOTS('',3,(#4349,#4350,#4351,#4352,#4353,#4354,
#4355,#4356,#4357,#4358,#4359),.UNSPECIFIED.,.F.,.F.,(4,1,1,1,1,1,1,1,4),
(59.6902604182063,59.8897793075935,60.8888966799045,61.8880140522155,62.8871314245265,
63.8862487968375,64.8853661691485,65.8844835414595,65.9734457253858),
 .UNSPECIFIED.);
#344=B_SPLINE_CURVE_WITH_KNOTS('',3,(#4360,#4361,#4362,#4363,#4364,#4365,
#4366,#4367,#4368,#4369),.UNSPECIFIED.,.F.,.F.,(4,1,1,1,1,1,1,4),(59.6902604182063,
60.638851180334,61.637968552645,62.637085924956,63.636203297267,64.635320669578,
65.634438041889,65.9734457253859),.UNSPECIFIED.);
#345=B_SPLINE_CURVE_WITH_KNOTS('',3,(#4374,#4375,#4376,#4377,#4378,#4379,
#4380,#4381,#4382,#4383),.UNSPECIFIED.,.F.,.F.,(4,1,1,1,1,1,1,4),(53.4070751110267,
53.8950750737275,54.8941924460385,55.8933098183495,56.8924271906605,57.8915445629715,
58.8906619352825,59.6902604182063),.UNSPECIFIED.);
#346=B_SPLINE_CURVE_WITH_KNOTS('',3,(#4384,#4385,#4386,#4387,#4388,#4389,
#4390,#4391,#4392,#4393,#4394),.UNSPECIFIED.,.F.,.F.,(4,1,1,1,1,1,1,1,4),
(53.4070751110267,53.645029574157,54.644146946468,55.643264318779,56.64238169109,
57.641499063401,58.640616435712,59.639733808023,59.6902604182063),
 .UNSPECIFIED.);
#347=B_SPLINE_CURVE_WITH_KNOTS('',3,(#4399,#4400,#4401,#4402,#4403,#4404,
#4405,#4406,#4407,#4408),.UNSPECIFIED.,.F.,.F.,(4,1,1,1,1,1,1,4),(47.1238898038471,
47.9003708398615,48.8994882121725,49.8986055844835,50.8977229567945,51.8968403291055,
52.8959577014165,53.4070751110267),.UNSPECIFIED.);
#348=B_SPLINE_CURVE_WITH_KNOTS('',3,(#4409,#4410,#4411,#4412,#4413,#4414,
#4415,#4416,#4417,#4418),.UNSPECIFIED.,.F.,.F.,(4,1,1,1,1,1,1,4),(47.1238898038471,
47.650325340291,48.649442712602,49.648560084913,50.647677457224,51.646794829535,
52.645912201846,53.4070751110267),.UNSPECIFIED.);
#349=B_SPLINE_CURVE_WITH_KNOTS('',3,(#4423,#4424,#4425,#4426,#4427,#4428,
#4429,#4430,#4431,#4432,#4433),.UNSPECIFIED.,.F.,.F.,(4,1,1,1,1,1,1,1,4),
(40.8407044966675,40.9065492336845,41.9056666059955,42.9047839783065,43.9039013506175,
44.9030187229285,45.9021360952395,46.9012534675505,47.1238898038471),
 .UNSPECIFIED.);
#350=B_SPLINE_CURVE_WITH_KNOTS('',3,(#4434,#4435,#4436,#4437,#4438,#4439,
#4440,#4441,#4442,#4443),.UNSPECIFIED.,.F.,.F.,(4,1,1,1,1,1,1,4),(40.8407044966675,
41.655621106425,42.654738478736,43.653855851047,44.652973223358,45.652090595669,
46.65120796798,47.1238898038471),.UNSPECIFIED.);
#351=B_SPLINE_CURVE_WITH_KNOTS('',3,(#4448,#4449,#4450,#4451,#4452,#4453,
#4454,#4455,#4456,#4457),.UNSPECIFIED.,.F.,.F.,(4,1,1,1,1,1,1,4),(34.5575191894879,
34.9118449998185,35.9109623721295,36.9100797444405,37.9091971167515,38.9083144890625,
39.9074318613735,40.8407044966675),.UNSPECIFIED.);
#352=B_SPLINE_CURVE_WITH_KNOTS('',3,(#4458,#4459,#4460,#4461,#4462,#4463,
#4464,#4465,#4466,#4467,#4468),.UNSPECIFIED.,.F.,.F.,(4,1,1,1,1,1,1,1,4),
(34.5575191894879,34.661799500248,35.660916872559,36.66003424487,37.659151617181,
38.658268989492,39.657386361803,40.656503734114,40.8407044966675),
 .UNSPECIFIED.);
#353=B_SPLINE_CURVE_WITH_KNOTS('',3,(#4473,#4474,#4475,#4476,#4477,#4478,
#4479,#4480,#4481,#4482),.UNSPECIFIED.,.F.,.F.,(4,1,1,1,1,1,1,4),(28.2743338823083,
28.9171407659525,29.9162581382635,30.9153755105745,31.9144928828855,32.9136102551965,
33.9127276275075,34.5575191894879),.UNSPECIFIED.);
#354=B_SPLINE_CURVE_WITH_KNOTS('',3,(#4483,#4484,#4485,#4486,#4487,#4488,
#4489,#4490,#4491,#4492),.UNSPECIFIED.,.F.,.F.,(4,1,1,1,1,1,1,4),(28.2743338823083,
28.667095266382,29.666212638693,30.665330011004,31.664447383315,32.663564755626,
33.662682127937,34.5575191894879),.UNSPECIFIED.);
#355=B_SPLINE_CURVE_WITH_KNOTS('',3,(#4497,#4498,#4499,#4500,#4501,#4502,
#4503,#4504,#4505,#4506),.UNSPECIFIED.,.F.,.F.,(4,1,1,1,1,1,1,4),(21.9911485751287,
22.9224365320865,23.9215539043975,24.9206712767085,25.9197886490195,26.9189060213305,
27.9180233936415,28.2743338823083),.UNSPECIFIED.);
#356=B_SPLINE_CURVE_WITH_KNOTS('',3,(#4507,#4508,#4509,#4510,#4511,#4512,
#4513,#4514,#4515,#4516),.UNSPECIFIED.,.F.,.F.,(4,1,1,1,1,1,1,4),(21.9911485751287,
22.672391032516,23.671508404827,24.670625777138,25.669743149449,26.66886052176,
27.667977894071,28.2743338823083),.UNSPECIFIED.);
#357=B_SPLINE_CURVE_WITH_KNOTS('',3,(#4521,#4522,#4523,#4524,#4525,#4526,
#4527,#4528,#4529,#4530,#4531),.UNSPECIFIED.,.F.,.F.,(4,1,1,1,1,1,1,1,4),
(15.7079632679491,15.9286149259095,16.9277322982205,17.9268496705315,18.9259670428425,
19.9250844151535,20.9242017874645,21.9233191597755,21.9911485751287),
 .UNSPECIFIED.);
#358=B_SPLINE_CURVE_WITH_KNOTS('',3,(#4532,#4533,#4534,#4535,#4536,#4537,
#4538,#4539,#4540,#4541),.UNSPECIFIED.,.F.,.F.,(4,1,1,1,1,1,1,4),(15.7079632679492,
16.67768679865,17.676804170961,18.675921543272,19.675038915583,20.674156287894,
21.673273660205,21.9911485751287),.UNSPECIFIED.);
#359=B_SPLINE_CURVE_WITH_KNOTS('',3,(#5399,#5400,#5401,#5402,#5403,#5404,
#5405,#5406,#5407,#5408,#5409,#5410,#5411,#5412,#5413,#5414,#5415,#5416,
#5417,#5418,#5419,#5420,#5421,#5422,#5423,#5424,#5425,#5426,#5427,#5428,
#5429,#5430,#5431,#5432,#5433,#5434,#5435,#5436,#5437,#5438),
 .UNSPECIFIED.,.F.,.F.,(4,3,3,3,3,3,3,3,3,3,3,3,3,4),(0.,0.00956760753900354,
0.0187576197775371,0.0249435145782038,0.0269610306508439,0.0362449665256239,
0.0455258910139361,0.0489910278160368,0.0511881766374221,0.0598373278542282,
0.0667908532884977,0.0696728420890227,0.0780599782409861,0.0857847815046467),
 .UNSPECIFIED.);
#360=B_SPLINE_CURVE_WITH_KNOTS('',3,(#5439,#5440,#5441,#5442,#5443,#5444,
#5445),.UNSPECIFIED.,.F.,.F.,(4,3,4),(208.085145277534,208.815530812999,
209.43951023932),.UNSPECIFIED.);
#361=B_SPLINE_CURVE_WITH_KNOTS('',3,(#5447,#5448,#5449,#5450,#5451,#5452,
#5453,#5454,#5455,#5456,#5457,#5458,#5459,#5460,#5461,#5462,#5463,#5464,
#5465,#5466,#5467,#5468,#5469,#5470,#5471,#5472,#5473,#5474,#5475,#5476,
#5477,#5478,#5479,#5480,#5481,#5482,#5483,#5484,#5485,#5486,#5487,#5488,
#5489,#5490,#5491,#5492),.UNSPECIFIED.,.F.,.F.,(4,3,3,3,3,3,3,3,3,3,3,3,
3,3,3,4),(-0.0857847815046497,-0.0771246582480304,-0.0704764442568392,-0.068203820751523,
-0.0659761295981003,-0.0639023191349024,-0.0559145292430396,-0.0508991603484758,
-0.0482534077173938,-0.0392085140950463,-0.0299359303653334,-0.0263689768455283,
-0.0241394272353198,-0.0145133740298067,-0.00493549643030259,0.),
 .UNSPECIFIED.);
#362=B_SPLINE_CURVE_WITH_KNOTS('',3,(#5493,#5494,#5495,#5496,#5497,#5498,
#5499,#5500,#5501,#5502),.UNSPECIFIED.,.F.,.F.,(4,1,1,1,1,1,1,4),(10.0590031384635,
10.682982564784,11.682099937095,12.681217309406,13.680334681717,14.679452054028,
15.678569426339,15.7079632679492),.UNSPECIFIED.);
#363=B_SPLINE_CURVE_WITH_KNOTS('',3,(#5506,#5507,#5508,#5509,#5510,#5511,
#5512),.UNSPECIFIED.,.F.,.F.,(4,1,1,1,4),(11.9321454366655,12.9312628089765,
13.9303801812875,14.9294975535985,15.7079632679491),.UNSPECIFIED.);
#364=B_SPLINE_CURVE_WITH_KNOTS('',3,(#6369,#6370,#6371,#6372,#6373,#6374,
#6375,#6376,#6377,#6378,#6379,#6380,#6381,#6382,#6383,#6384,#6385,#6386,
#6387,#6388,#6389,#6390,#6391,#6392,#6393,#6394,#6395,#6396,#6397,#6398,
#6399,#6400,#6401,#6402,#6403,#6404,#6405,#6406,#6407,#6408),
 .UNSPECIFIED.,.F.,.F.,(4,3,3,3,3,3,3,3,3,3,3,3,3,4),(0.,0.00861868026752439,
0.0172803843636157,0.0218349637291723,0.0237973018822298,0.0325019232198931,
0.0398332270659089,0.0451710948611054,0.0470353270631435,0.0566413569804929,
0.0648856755427618,0.0674163351040303,0.0770783324970617,0.0854594467325413),
 .UNSPECIFIED.);
#365=B_SPLINE_CURVE_WITH_KNOTS('',3,(#6409,#6410,#6411,#6412,#6413,#6414,
#6415,#6416,#6417,#6418,#6419,#6420,#6421,#6422,#6423,#6424,#6425,#6426,
#6427,#6428,#6429,#6430,#6431,#6432,#6433,#6434,#6435,#6436,#6437,#6438,
#6439,#6440,#6441,#6442,#6443,#6444,#6445,#6446,#6447,#6448,#6449,#6450,
#6451,#6452,#6453,#6454,#6455,#6456,#6457),.UNSPECIFIED.,.F.,.F.,(4,3,3,
3,3,3,3,3,3,3,3,3,3,3,3,3,4),(-0.0854594467325263,-0.0759278931428063,-0.0682840705376896,
-0.0651707996428655,-0.0628673223178337,-0.0606402479325728,-0.0530602169410012,
-0.0488967178530945,-0.0459705885422913,-0.0439847717471978,-0.0349086181471139,
-0.0261814636103354,-0.0227651957694804,-0.0208394114438956,-0.0122551024508906,
-0.00399451648927293,0.),.UNSPECIFIED.);
#366=LINE('',#2076,#470);
#367=LINE('',#2097,#471);
#368=LINE('',#2151,#472);
#369=LINE('',#2199,#473);
#370=LINE('',#2247,#474);
#371=LINE('',#2295,#475);
#372=LINE('',#2349,#476);
#373=LINE('',#2397,#477);
#374=LINE('',#2445,#478);
#375=LINE('',#2499,#479);
#376=LINE('',#2547,#480);
#377=LINE('',#2595,#481);
#378=LINE('',#2643,#482);
#379=LINE('',#2697,#483);
#380=LINE('',#2745,#484);
#381=LINE('',#2793,#485);
#382=LINE('',#2847,#486);
#383=LINE('',#2895,#487);
#384=LINE('',#2943,#488);
#385=LINE('',#2991,#489);
#386=LINE('',#3045,#490);
#387=LINE('',#3093,#491);
#388=LINE('',#3141,#492);
#389=LINE('',#3195,#493);
#390=LINE('',#3243,#494);
#391=LINE('',#3291,#495);
#392=LINE('',#3339,#496);
#393=LINE('',#3390,#497);
#394=LINE('',#3438,#498);
#395=LINE('',#3486,#499);
#396=LINE('',#3540,#500);
#397=LINE('',#3588,#501);
#398=LINE('',#3636,#502);
#399=LINE('',#3687,#503);
#400=LINE('',#3737,#504);
#401=LINE('',#3758,#505);
#402=LINE('',#3784,#506);
#403=LINE('',#3808,#507);
#404=LINE('',#3832,#508);
#405=LINE('',#3857,#509);
#406=LINE('',#3882,#510);
#407=LINE('',#3906,#511);
#408=LINE('',#3931,#512);
#409=LINE('',#3956,#513);
#410=LINE('',#3980,#514);
#411=LINE('',#4004,#515);
#412=LINE('',#4029,#516);
#413=LINE('',#4054,#517);
#414=LINE('',#4078,#518);
#415=LINE('',#4103,#519);
#416=LINE('',#4128,#520);
#417=LINE('',#4152,#521);
#418=LINE('',#4176,#522);
#419=LINE('',#4201,#523);
#420=LINE('',#4226,#524);
#421=LINE('',#4250,#525);
#422=LINE('',#4275,#526);
#423=LINE('',#4300,#527);
#424=LINE('',#4324,#528);
#425=LINE('',#4348,#529);
#426=LINE('',#4373,#530);
#427=LINE('',#4398,#531);
#428=LINE('',#4422,#532);
#429=LINE('',#4447,#533);
#430=LINE('',#4472,#534);
#431=LINE('',#4496,#535);
#432=LINE('',#4520,#536);
#433=LINE('',#6464,#537);
#434=LINE('',#6466,#538);
#435=LINE('',#6468,#539);
#436=LINE('',#6469,#540);
#437=LINE('',#6472,#541);
#438=LINE('',#6474,#542);
#439=LINE('',#6475,#543);
#440=LINE('',#6478,#544);
#441=LINE('',#6480,#545);
#442=LINE('',#6481,#546);
#443=LINE('',#6484,#547);
#444=LINE('',#6486,#548);
#445=LINE('',#6487,#549);
#446=LINE('',#6490,#550);
#447=LINE('',#6492,#551);
#448=LINE('',#6493,#552);
#449=LINE('',#6496,#553);
#450=LINE('',#6498,#554);
#451=LINE('',#6499,#555);
#452=LINE('',#6502,#556);
#453=LINE('',#6504,#557);
#454=LINE('',#6505,#558);
#455=LINE('',#6508,#559);
#456=LINE('',#6510,#560);
#457=LINE('',#6511,#561);
#458=LINE('',#6514,#562);
#459=LINE('',#6516,#563);
#460=LINE('',#6517,#564);
#461=LINE('',#6520,#565);
#462=LINE('',#6522,#566);
#463=LINE('',#6523,#567);
#464=LINE('',#6526,#568);
#465=LINE('',#6528,#569);
#466=LINE('',#6529,#570);
#467=LINE('',#6531,#571);
#468=LINE('',#6532,#572);
#469=LINE('',#6542,#573);
#470=VECTOR('',#1778,0.05);
#471=VECTOR('',#1783,0.05);
#472=VECTOR('',#1786,0.05);
#473=VECTOR('',#1789,0.05);
#474=VECTOR('',#1792,0.05);
#475=VECTOR('',#1795,0.05);
#476=VECTOR('',#1798,0.05);
#477=VECTOR('',#1801,0.05);
#478=VECTOR('',#1804,0.05);
#479=VECTOR('',#1807,0.05);
#480=VECTOR('',#1810,0.05);
#481=VECTOR('',#1813,0.05);
#482=VECTOR('',#1816,0.05);
#483=VECTOR('',#1819,0.05);
#484=VECTOR('',#1822,0.05);
#485=VECTOR('',#1825,0.05);
#486=VECTOR('',#1828,0.05);
#487=VECTOR('',#1831,0.05);
#488=VECTOR('',#1834,0.05);
#489=VECTOR('',#1837,0.05);
#490=VECTOR('',#1840,0.05);
#491=VECTOR('',#1843,0.05);
#492=VECTOR('',#1846,0.05);
#493=VECTOR('',#1849,0.05);
#494=VECTOR('',#1852,0.05);
#495=VECTOR('',#1855,0.05);
#496=VECTOR('',#1858,0.05);
#497=VECTOR('',#1861,0.05);
#498=VECTOR('',#1864,0.05);
#499=VECTOR('',#1867,0.05);
#500=VECTOR('',#1870,0.05);
#501=VECTOR('',#1873,0.05);
#502=VECTOR('',#1876,0.05);
#503=VECTOR('',#1879,0.05);
#504=VECTOR('',#1884,0.5591);
#505=VECTOR('',#1889,0.5591);
#506=VECTOR('',#1892,0.5591);
#507=VECTOR('',#1895,0.5591);
#508=VECTOR('',#1898,0.5591);
#509=VECTOR('',#1901,0.5591);
#510=VECTOR('',#1904,0.5591);
#511=VECTOR('',#1907,0.5591);
#512=VECTOR('',#1910,0.5591);
#513=VECTOR('',#1913,0.5591);
#514=VECTOR('',#1916,0.5591);
#515=VECTOR('',#1919,0.5591);
#516=VECTOR('',#1922,0.5591);
#517=VECTOR('',#1925,0.5591);
#518=VECTOR('',#1928,0.5591);
#519=VECTOR('',#1931,0.5591);
#520=VECTOR('',#1934,0.5591);
#521=VECTOR('',#1937,0.5591);
#522=VECTOR('',#1940,0.5591);
#523=VECTOR('',#1943,0.5591);
#524=VECTOR('',#1946,0.5591);
#525=VECTOR('',#1949,0.5591);
#526=VECTOR('',#1952,0.5591);
#527=VECTOR('',#1955,0.5591);
#528=VECTOR('',#1958,0.5591);
#529=VECTOR('',#1961,0.5591);
#530=VECTOR('',#1964,0.5591);
#531=VECTOR('',#1967,0.5591);
#532=VECTOR('',#1970,0.5591);
#533=VECTOR('',#1973,0.5591);
#534=VECTOR('',#1976,0.5591);
#535=VECTOR('',#1979,0.5591);
#536=VECTOR('',#1982,0.5591);
#537=VECTOR('',#1995,10.);
#538=VECTOR('',#1996,10.);
#539=VECTOR('',#1997,10.);
#540=VECTOR('',#1998,10.);
#541=VECTOR('',#2001,10.);
#542=VECTOR('',#2002,10.);
#543=VECTOR('',#2003,10.);
#544=VECTOR('',#2006,10.);
#545=VECTOR('',#2007,10.);
#546=VECTOR('',#2008,10.);
#547=VECTOR('',#2011,10.);
#548=VECTOR('',#2012,10.);
#549=VECTOR('',#2013,10.);
#550=VECTOR('',#2016,10.);
#551=VECTOR('',#2017,10.);
#552=VECTOR('',#2018,10.);
#553=VECTOR('',#2021,10.);
#554=VECTOR('',#2022,10.);
#555=VECTOR('',#2023,10.);
#556=VECTOR('',#2026,10.);
#557=VECTOR('',#2027,10.);
#558=VECTOR('',#2028,10.);
#559=VECTOR('',#2031,10.);
#560=VECTOR('',#2032,10.);
#561=VECTOR('',#2033,10.);
#562=VECTOR('',#2036,10.);
#563=VECTOR('',#2037,10.);
#564=VECTOR('',#2038,10.);
#565=VECTOR('',#2041,10.);
#566=VECTOR('',#2042,10.);
#567=VECTOR('',#2043,10.);
#568=VECTOR('',#2046,10.);
#569=VECTOR('',#2047,10.);
#570=VECTOR('',#2048,10.);
#571=VECTOR('',#2051,10.);
#572=VECTOR('',#2052,10.);
#573=VECTOR('',#2065,1.25);
#574=VERTEX_POINT('',#2074);
#575=VERTEX_POINT('',#2075);
#576=VERTEX_POINT('',#2077);
#577=VERTEX_POINT('',#2088);
#578=VERTEX_POINT('',#2095);
#579=VERTEX_POINT('',#2096);
#580=VERTEX_POINT('',#2149);
#581=VERTEX_POINT('',#2150);
#582=VERTEX_POINT('',#2197);
#583=VERTEX_POINT('',#2198);
#584=VERTEX_POINT('',#2245);
#585=VERTEX_POINT('',#2246);
#586=VERTEX_POINT('',#2293);
#587=VERTEX_POINT('',#2294);
#588=VERTEX_POINT('',#2347);
#589=VERTEX_POINT('',#2348);
#590=VERTEX_POINT('',#2395);
#591=VERTEX_POINT('',#2396);
#592=VERTEX_POINT('',#2443);
#593=VERTEX_POINT('',#2444);
#594=VERTEX_POINT('',#2497);
#595=VERTEX_POINT('',#2498);
#596=VERTEX_POINT('',#2545);
#597=VERTEX_POINT('',#2546);
#598=VERTEX_POINT('',#2593);
#599=VERTEX_POINT('',#2594);
#600=VERTEX_POINT('',#2641);
#601=VERTEX_POINT('',#2642);
#602=VERTEX_POINT('',#2695);
#603=VERTEX_POINT('',#2696);
#604=VERTEX_POINT('',#2743);
#605=VERTEX_POINT('',#2744);
#606=VERTEX_POINT('',#2791);
#607=VERTEX_POINT('',#2792);
#608=VERTEX_POINT('',#2845);
#609=VERTEX_POINT('',#2846);
#610=VERTEX_POINT('',#2893);
#611=VERTEX_POINT('',#2894);
#612=VERTEX_POINT('',#2941);
#613=VERTEX_POINT('',#2942);
#614=VERTEX_POINT('',#2989);
#615=VERTEX_POINT('',#2990);
#616=VERTEX_POINT('',#3043);
#617=VERTEX_POINT('',#3044);
#618=VERTEX_POINT('',#3091);
#619=VERTEX_POINT('',#3092);
#620=VERTEX_POINT('',#3139);
#621=VERTEX_POINT('',#3140);
#622=VERTEX_POINT('',#3193);
#623=VERTEX_POINT('',#3194);
#624=VERTEX_POINT('',#3241);
#625=VERTEX_POINT('',#3242);
#626=VERTEX_POINT('',#3289);
#627=VERTEX_POINT('',#3290);
#628=VERTEX_POINT('',#3337);
#629=VERTEX_POINT('',#3338);
#630=VERTEX_POINT('',#3388);
#631=VERTEX_POINT('',#3389);
#632=VERTEX_POINT('',#3436);
#633=VERTEX_POINT('',#3437);
#634=VERTEX_POINT('',#3484);
#635=VERTEX_POINT('',#3485);
#636=VERTEX_POINT('',#3538);
#637=VERTEX_POINT('',#3539);
#638=VERTEX_POINT('',#3586);
#639=VERTEX_POINT('',#3587);
#640=VERTEX_POINT('',#3634);
#641=VERTEX_POINT('',#3635);
#642=VERTEX_POINT('',#3685);
#643=VERTEX_POINT('',#3686);
#644=VERTEX_POINT('',#3688);
#645=VERTEX_POINT('',#3735);
#646=VERTEX_POINT('',#3736);
#647=VERTEX_POINT('',#3738);
#648=VERTEX_POINT('',#3747);
#649=VERTEX_POINT('',#3756);
#650=VERTEX_POINT('',#3757);
#651=VERTEX_POINT('',#3782);
#652=VERTEX_POINT('',#3783);
#653=VERTEX_POINT('',#3806);
#654=VERTEX_POINT('',#3807);
#655=VERTEX_POINT('',#3830);
#656=VERTEX_POINT('',#3831);
#657=VERTEX_POINT('',#3855);
#658=VERTEX_POINT('',#3856);
#659=VERTEX_POINT('',#3880);
#660=VERTEX_POINT('',#3881);
#661=VERTEX_POINT('',#3904);
#662=VERTEX_POINT('',#3905);
#663=VERTEX_POINT('',#3929);
#664=VERTEX_POINT('',#3930);
#665=VERTEX_POINT('',#3954);
#666=VERTEX_POINT('',#3955);
#667=VERTEX_POINT('',#3978);
#668=VERTEX_POINT('',#3979);
#669=VERTEX_POINT('',#4002);
#670=VERTEX_POINT('',#4003);
#671=VERTEX_POINT('',#4027);
#672=VERTEX_POINT('',#4028);
#673=VERTEX_POINT('',#4052);
#674=VERTEX_POINT('',#4053);
#675=VERTEX_POINT('',#4076);
#676=VERTEX_POINT('',#4077);
#677=VERTEX_POINT('',#4101);
#678=VERTEX_POINT('',#4102);
#679=VERTEX_POINT('',#4126);
#680=VERTEX_POINT('',#4127);
#681=VERTEX_POINT('',#4150);
#682=VERTEX_POINT('',#4151);
#683=VERTEX_POINT('',#4174);
#684=VERTEX_POINT('',#4175);
#685=VERTEX_POINT('',#4199);
#686=VERTEX_POINT('',#4200);
#687=VERTEX_POINT('',#4224);
#688=VERTEX_POINT('',#4225);
#689=VERTEX_POINT('',#4248);
#690=VERTEX_POINT('',#4249);
#691=VERTEX_POINT('',#4273);
#692=VERTEX_POINT('',#4274);
#693=VERTEX_POINT('',#4298);
#694=VERTEX_POINT('',#4299);
#695=VERTEX_POINT('',#4322);
#696=VERTEX_POINT('',#4323);
#697=VERTEX_POINT('',#4346);
#698=VERTEX_POINT('',#4347);
#699=VERTEX_POINT('',#4371);
#700=VERTEX_POINT('',#4372);
#701=VERTEX_POINT('',#4396);
#702=VERTEX_POINT('',#4397);
#703=VERTEX_POINT('',#4420);
#704=VERTEX_POINT('',#4421);
#705=VERTEX_POINT('',#4445);
#706=VERTEX_POINT('',#4446);
#707=VERTEX_POINT('',#4470);
#708=VERTEX_POINT('',#4471);
#709=VERTEX_POINT('',#4494);
#710=VERTEX_POINT('',#4495);
#711=VERTEX_POINT('',#4518);
#712=VERTEX_POINT('',#4519);
#713=VERTEX_POINT('',#5398);
#714=VERTEX_POINT('',#5446);
#715=VERTEX_POINT('',#5504);
#716=VERTEX_POINT('',#6462);
#717=VERTEX_POINT('',#6463);
#718=VERTEX_POINT('',#6465);
#719=VERTEX_POINT('',#6467);
#720=VERTEX_POINT('',#6471);
#721=VERTEX_POINT('',#6473);
#722=VERTEX_POINT('',#6477);
#723=VERTEX_POINT('',#6479);
#724=VERTEX_POINT('',#6483);
#725=VERTEX_POINT('',#6485);
#726=VERTEX_POINT('',#6489);
#727=VERTEX_POINT('',#6491);
#728=VERTEX_POINT('',#6495);
#729=VERTEX_POINT('',#6497);
#730=VERTEX_POINT('',#6501);
#731=VERTEX_POINT('',#6503);
#732=VERTEX_POINT('',#6507);
#733=VERTEX_POINT('',#6509);
#734=VERTEX_POINT('',#6513);
#735=VERTEX_POINT('',#6515);
#736=VERTEX_POINT('',#6519);
#737=VERTEX_POINT('',#6521);
#738=VERTEX_POINT('',#6525);
#739=VERTEX_POINT('',#6527);
#740=VERTEX_POINT('',#6535);
#741=VERTEX_POINT('',#6537);
#742=VERTEX_POINT('',#6541);
#743=EDGE_CURVE('',#574,#575,#366,.T.);
#744=EDGE_CURVE('',#574,#576,#225,.T.);
#745=EDGE_CURVE('',#577,#576,#216,.F.);
#746=EDGE_CURVE('',#577,#575,#226,.T.);
#747=EDGE_CURVE('',#578,#579,#367,.T.);
#748=EDGE_CURVE('',#578,#574,#227,.T.);
#749=EDGE_CURVE('',#575,#579,#228,.T.);
#750=EDGE_CURVE('',#580,#581,#368,.T.);
#751=EDGE_CURVE('',#580,#578,#229,.T.);
#752=EDGE_CURVE('',#579,#581,#230,.T.);
#753=EDGE_CURVE('',#582,#583,#369,.T.);
#754=EDGE_CURVE('',#582,#580,#231,.T.);
#755=EDGE_CURVE('',#581,#583,#232,.T.);
#756=EDGE_CURVE('',#584,#585,#370,.T.);
#757=EDGE_CURVE('',#584,#582,#233,.T.);
#758=EDGE_CURVE('',#583,#585,#234,.T.);
#759=EDGE_CURVE('',#586,#587,#371,.T.);
#760=EDGE_CURVE('',#586,#584,#235,.T.);
#761=EDGE_CURVE('',#585,#587,#236,.T.);
#762=EDGE_CURVE('',#588,#589,#372,.T.);
#763=EDGE_CURVE('',#588,#586,#237,.T.);
#764=EDGE_CURVE('',#587,#589,#238,.T.);
#765=EDGE_CURVE('',#590,#591,#373,.T.);
#766=EDGE_CURVE('',#590,#588,#239,.T.);
#767=EDGE_CURVE('',#589,#591,#240,.T.);
#768=EDGE_CURVE('',#592,#593,#374,.T.);
#769=EDGE_CURVE('',#592,#590,#241,.T.);
#770=EDGE_CURVE('',#591,#593,#242,.T.);
#771=EDGE_CURVE('',#594,#595,#375,.T.);
#772=EDGE_CURVE('',#594,#592,#243,.T.);
#773=EDGE_CURVE('',#593,#595,#244,.T.);
#774=EDGE_CURVE('',#596,#597,#376,.T.);
#775=EDGE_CURVE('',#596,#594,#245,.T.);
#776=EDGE_CURVE('',#595,#597,#246,.T.);
#777=EDGE_CURVE('',#598,#599,#377,.T.);
#778=EDGE_CURVE('',#598,#596,#247,.T.);
#779=EDGE_CURVE('',#597,#599,#248,.T.);
#780=EDGE_CURVE('',#600,#601,#378,.T.);
#781=EDGE_CURVE('',#600,#598,#249,.T.);
#782=EDGE_CURVE('',#599,#601,#250,.T.);
#783=EDGE_CURVE('',#602,#603,#379,.T.);
#784=EDGE_CURVE('',#602,#600,#251,.T.);
#785=EDGE_CURVE('',#601,#603,#252,.T.);
#786=EDGE_CURVE('',#604,#605,#380,.T.);
#787=EDGE_CURVE('',#604,#602,#253,.T.);
#788=EDGE_CURVE('',#603,#605,#254,.T.);
#789=EDGE_CURVE('',#606,#607,#381,.T.);
#790=EDGE_CURVE('',#606,#604,#255,.T.);
#791=EDGE_CURVE('',#605,#607,#256,.T.);
#792=EDGE_CURVE('',#608,#609,#382,.T.);
#793=EDGE_CURVE('',#608,#606,#257,.T.);
#794=EDGE_CURVE('',#607,#609,#258,.T.);
#795=EDGE_CURVE('',#610,#611,#383,.T.);
#796=EDGE_CURVE('',#610,#608,#259,.T.);
#797=EDGE_CURVE('',#609,#611,#260,.T.);
#798=EDGE_CURVE('',#612,#613,#384,.T.);
#799=EDGE_CURVE('',#612,#610,#261,.T.);
#800=EDGE_CURVE('',#611,#613,#262,.T.);
#801=EDGE_CURVE('',#614,#615,#385,.T.);
#802=EDGE_CURVE('',#614,#612,#263,.T.);
#803=EDGE_CURVE('',#613,#615,#264,.T.);
#804=EDGE_CURVE('',#616,#617,#386,.T.);
#805=EDGE_CURVE('',#616,#614,#265,.T.);
#806=EDGE_CURVE('',#615,#617,#266,.T.);
#807=EDGE_CURVE('',#618,#619,#387,.T.);
#808=EDGE_CURVE('',#618,#616,#267,.T.);
#809=EDGE_CURVE('',#617,#619,#268,.T.);
#810=EDGE_CURVE('',#620,#621,#388,.T.);
#811=EDGE_CURVE('',#620,#618,#269,.T.);
#812=EDGE_CURVE('',#619,#621,#270,.T.);
#813=EDGE_CURVE('',#622,#623,#389,.T.);
#814=EDGE_CURVE('',#622,#620,#271,.T.);
#815=EDGE_CURVE('',#621,#623,#272,.T.);
#816=EDGE_CURVE('',#624,#625,#390,.T.);
#817=EDGE_CURVE('',#624,#622,#273,.T.);
#818=EDGE_CURVE('',#623,#625,#274,.T.);
#819=EDGE_CURVE('',#626,#627,#391,.T.);
#820=EDGE_CURVE('',#626,#624,#275,.T.);
#821=EDGE_CURVE('',#625,#627,#276,.T.);
#822=EDGE_CURVE('',#628,#629,#392,.T.);
#823=EDGE_CURVE('',#628,#626,#277,.T.);
#824=EDGE_CURVE('',#627,#629,#278,.T.);
#825=EDGE_CURVE('',#630,#631,#393,.T.);
#826=EDGE_CURVE('',#630,#628,#279,.T.);
#827=EDGE_CURVE('',#629,#631,#280,.T.);
#828=EDGE_CURVE('',#632,#633,#394,.T.);
#829=EDGE_CURVE('',#632,#630,#281,.T.);
#830=EDGE_CURVE('',#631,#633,#282,.T.);
#831=EDGE_CURVE('',#634,#635,#395,.T.);
#832=EDGE_CURVE('',#634,#632,#283,.T.);
#833=EDGE_CURVE('',#633,#635,#284,.T.);
#834=EDGE_CURVE('',#636,#637,#396,.T.);
#835=EDGE_CURVE('',#636,#634,#285,.T.);
#836=EDGE_CURVE('',#635,#637,#286,.T.);
#837=EDGE_CURVE('',#638,#639,#397,.T.);
#838=EDGE_CURVE('',#638,#636,#287,.T.);
#839=EDGE_CURVE('',#637,#639,#288,.T.);
#840=EDGE_CURVE('',#640,#641,#398,.T.);
#841=EDGE_CURVE('',#640,#638,#289,.T.);
#842=EDGE_CURVE('',#639,#641,#290,.T.);
#843=EDGE_CURVE('',#642,#643,#399,.T.);
#844=EDGE_CURVE('',#644,#642,#217,.F.);
#845=EDGE_CURVE('',#644,#640,#291,.T.);
#846=EDGE_CURVE('',#641,#643,#292,.T.);
#847=EDGE_CURVE('',#645,#646,#400,.T.);
#848=EDGE_CURVE('',#645,#647,#293,.T.);
#849=EDGE_CURVE('',#648,#647,#218,.T.);
#850=EDGE_CURVE('',#646,#648,#294,.T.);
#851=EDGE_CURVE('',#649,#650,#401,.T.);
#852=EDGE_CURVE('',#649,#645,#295,.T.);
#853=EDGE_CURVE('',#650,#646,#296,.T.);
#854=EDGE_CURVE('',#651,#652,#402,.T.);
#855=EDGE_CURVE('',#651,#649,#297,.T.);
#856=EDGE_CURVE('',#652,#650,#298,.T.);
#857=EDGE_CURVE('',#653,#654,#403,.T.);
#858=EDGE_CURVE('',#653,#651,#299,.T.);
#859=EDGE_CURVE('',#654,#652,#300,.T.);
#860=EDGE_CURVE('',#655,#656,#404,.T.);
#861=EDGE_CURVE('',#655,#653,#301,.T.);
#862=EDGE_CURVE('',#656,#654,#302,.T.);
#863=EDGE_CURVE('',#657,#658,#405,.T.);
#864=EDGE_CURVE('',#657,#655,#303,.T.);
#865=EDGE_CURVE('',#658,#656,#304,.T.);
#866=EDGE_CURVE('',#659,#660,#406,.T.);
#867=EDGE_CURVE('',#659,#657,#305,.T.);
#868=EDGE_CURVE('',#660,#658,#306,.T.);
#869=EDGE_CURVE('',#661,#662,#407,.T.);
#870=EDGE_CURVE('',#661,#659,#307,.T.);
#871=EDGE_CURVE('',#662,#660,#308,.T.);
#872=EDGE_CURVE('',#663,#664,#408,.T.);
#873=EDGE_CURVE('',#663,#661,#309,.T.);
#874=EDGE_CURVE('',#664,#662,#310,.T.);
#875=EDGE_CURVE('',#665,#666,#409,.T.);
#876=EDGE_CURVE('',#665,#663,#311,.T.);
#877=EDGE_CURVE('',#666,#664,#312,.T.);
#878=EDGE_CURVE('',#667,#668,#410,.T.);
#879=EDGE_CURVE('',#667,#665,#313,.T.);
#880=EDGE_CURVE('',#668,#666,#314,.T.);
#881=EDGE_CURVE('',#669,#670,#411,.T.);
#882=EDGE_CURVE('',#669,#667,#315,.T.);
#883=EDGE_CURVE('',#670,#668,#316,.T.);
#884=EDGE_CURVE('',#671,#672,#412,.T.);
#885=EDGE_CURVE('',#671,#669,#317,.T.);
#886=EDGE_CURVE('',#672,#670,#318,.T.);
#887=EDGE_CURVE('',#673,#674,#413,.T.);
#888=EDGE_CURVE('',#673,#671,#319,.T.);
#889=EDGE_CURVE('',#674,#672,#320,.T.);
#890=EDGE_CURVE('',#675,#676,#414,.T.);
#891=EDGE_CURVE('',#675,#673,#321,.T.);
#892=EDGE_CURVE('',#676,#674,#322,.T.);
#893=EDGE_CURVE('',#677,#678,#415,.T.);
#894=EDGE_CURVE('',#677,#675,#323,.T.);
#895=EDGE_CURVE('',#678,#676,#324,.T.);
#896=EDGE_CURVE('',#679,#680,#416,.T.);
#897=EDGE_CURVE('',#679,#677,#325,.T.);
#898=EDGE_CURVE('',#680,#678,#326,.T.);
#899=EDGE_CURVE('',#681,#682,#417,.T.);
#900=EDGE_CURVE('',#681,#679,#327,.T.);
#901=EDGE_CURVE('',#682,#680,#328,.T.);
#902=EDGE_CURVE('',#683,#684,#418,.T.);
#903=EDGE_CURVE('',#683,#681,#329,.T.);
#904=EDGE_CURVE('',#684,#682,#330,.T.);
#905=EDGE_CURVE('',#685,#686,#419,.T.);
#906=EDGE_CURVE('',#685,#683,#331,.T.);
#907=EDGE_CURVE('',#686,#684,#332,.T.);
#908=EDGE_CURVE('',#687,#688,#420,.T.);
#909=EDGE_CURVE('',#687,#685,#333,.T.);
#910=EDGE_CURVE('',#688,#686,#334,.T.);
#911=EDGE_CURVE('',#689,#690,#421,.T.);
#912=EDGE_CURVE('',#689,#687,#335,.T.);
#913=EDGE_CURVE('',#690,#688,#336,.T.);
#914=EDGE_CURVE('',#691,#692,#422,.T.);
#915=EDGE_CURVE('',#691,#689,#337,.T.);
#916=EDGE_CURVE('',#692,#690,#338,.T.);
#917=EDGE_CURVE('',#693,#694,#423,.T.);
#918=EDGE_CURVE('',#693,#691,#339,.T.);
#919=EDGE_CURVE('',#694,#692,#340,.T.);
#920=EDGE_CURVE('',#695,#696,#424,.T.);
#921=EDGE_CURVE('',#695,#693,#341,.T.);
#922=EDGE_CURVE('',#696,#694,#342,.T.);
#923=EDGE_CURVE('',#697,#698,#425,.T.);
#924=EDGE_CURVE('',#697,#695,#343,.T.);
#925=EDGE_CURVE('',#698,#696,#344,.T.);
#926=EDGE_CURVE('',#699,#700,#426,.T.);
#927=EDGE_CURVE('',#699,#697,#345,.T.);
#928=EDGE_CURVE('',#700,#698,#346,.T.);
#929=EDGE_CURVE('',#701,#702,#427,.T.);
#930=EDGE_CURVE('',#701,#699,#347,.T.);
#931=EDGE_CURVE('',#702,#700,#348,.T.);
#932=EDGE_CURVE('',#703,#704,#428,.T.);
#933=EDGE_CURVE('',#703,#701,#349,.T.);
#934=EDGE_CURVE('',#704,#702,#350,.T.);
#935=EDGE_CURVE('',#705,#706,#429,.T.);
#936=EDGE_CURVE('',#705,#703,#351,.T.);
#937=EDGE_CURVE('',#706,#704,#352,.T.);
#938=EDGE_CURVE('',#707,#708,#430,.T.);
#939=EDGE_CURVE('',#707,#705,#353,.T.);
#940=EDGE_CURVE('',#708,#706,#354,.T.);
#941=EDGE_CURVE('',#709,#710,#431,.T.);
#942=EDGE_CURVE('',#709,#707,#355,.T.);
#943=EDGE_CURVE('',#710,#708,#356,.T.);
#944=EDGE_CURVE('',#711,#712,#432,.T.);
#945=EDGE_CURVE('',#711,#709,#357,.T.);
#946=EDGE_CURVE('',#712,#710,#358,.T.);
#947=EDGE_CURVE('',#713,#648,#359,.T.);
#948=EDGE_CURVE('',#643,#713,#360,.T.);
#949=EDGE_CURVE('',#714,#577,#361,.T.);
#950=EDGE_CURVE('',#714,#712,#362,.T.);
#951=EDGE_CURVE('',#715,#714,#219,.T.);
#952=EDGE_CURVE('',#715,#711,#363,.T.);
#953=EDGE_CURVE('',#647,#644,#364,.T.);
#954=EDGE_CURVE('',#576,#715,#365,.T.);
#955=EDGE_CURVE('',#642,#713,#220,.F.);
#956=EDGE_CURVE('',#716,#717,#433,.T.);
#957=EDGE_CURVE('',#716,#718,#434,.T.);
#958=EDGE_CURVE('',#718,#719,#435,.T.);
#959=EDGE_CURVE('',#717,#719,#436,.T.);
#960=EDGE_CURVE('',#720,#716,#437,.T.);
#961=EDGE_CURVE('',#720,#721,#438,.T.);
#962=EDGE_CURVE('',#721,#718,#439,.T.);
#963=EDGE_CURVE('',#722,#720,#440,.T.);
#964=EDGE_CURVE('',#722,#723,#441,.T.);
#965=EDGE_CURVE('',#723,#721,#442,.T.);
#966=EDGE_CURVE('',#724,#722,#443,.T.);
#967=EDGE_CURVE('',#724,#725,#444,.T.);
#968=EDGE_CURVE('',#725,#723,#445,.T.);
#969=EDGE_CURVE('',#726,#724,#446,.T.);
#970=EDGE_CURVE('',#726,#727,#447,.T.);
#971=EDGE_CURVE('',#727,#725,#448,.T.);
#972=EDGE_CURVE('',#728,#726,#449,.T.);
#973=EDGE_CURVE('',#728,#729,#450,.T.);
#974=EDGE_CURVE('',#729,#727,#451,.T.);
#975=EDGE_CURVE('',#730,#728,#452,.T.);
#976=EDGE_CURVE('',#730,#731,#453,.T.);
#977=EDGE_CURVE('',#731,#729,#454,.T.);
#978=EDGE_CURVE('',#732,#730,#455,.T.);
#979=EDGE_CURVE('',#732,#733,#456,.T.);
#980=EDGE_CURVE('',#733,#731,#457,.T.);
#981=EDGE_CURVE('',#734,#732,#458,.T.);
#982=EDGE_CURVE('',#734,#735,#459,.T.);
#983=EDGE_CURVE('',#735,#733,#460,.T.);
#984=EDGE_CURVE('',#736,#734,#461,.T.);
#985=EDGE_CURVE('',#736,#737,#462,.T.);
#986=EDGE_CURVE('',#737,#735,#463,.T.);
#987=EDGE_CURVE('',#738,#736,#464,.T.);
#988=EDGE_CURVE('',#738,#739,#465,.T.);
#989=EDGE_CURVE('',#739,#737,#466,.T.);
#990=EDGE_CURVE('',#717,#738,#467,.T.);
#991=EDGE_CURVE('',#719,#739,#468,.T.);
#992=EDGE_CURVE('',#740,#740,#221,.T.);
#993=EDGE_CURVE('',#740,#741,#222,.T.);
#994=EDGE_CURVE('',#741,#741,#223,.T.);
#995=EDGE_CURVE('',#741,#742,#469,.T.);
#996=EDGE_CURVE('',#742,#742,#224,.T.);
#997=ORIENTED_EDGE('',*,*,#743,.F.);
#998=ORIENTED_EDGE('',*,*,#744,.T.);
#999=ORIENTED_EDGE('',*,*,#745,.F.);
#1000=ORIENTED_EDGE('',*,*,#746,.T.);
#1001=ORIENTED_EDGE('',*,*,#747,.F.);
#1002=ORIENTED_EDGE('',*,*,#748,.T.);
#1003=ORIENTED_EDGE('',*,*,#743,.T.);
#1004=ORIENTED_EDGE('',*,*,#749,.T.);
#1005=ORIENTED_EDGE('',*,*,#750,.F.);
#1006=ORIENTED_EDGE('',*,*,#751,.T.);
#1007=ORIENTED_EDGE('',*,*,#747,.T.);
#1008=ORIENTED_EDGE('',*,*,#752,.T.);
#1009=ORIENTED_EDGE('',*,*,#753,.F.);
#1010=ORIENTED_EDGE('',*,*,#754,.T.);
#1011=ORIENTED_EDGE('',*,*,#750,.T.);
#1012=ORIENTED_EDGE('',*,*,#755,.T.);
#1013=ORIENTED_EDGE('',*,*,#756,.F.);
#1014=ORIENTED_EDGE('',*,*,#757,.T.);
#1015=ORIENTED_EDGE('',*,*,#753,.T.);
#1016=ORIENTED_EDGE('',*,*,#758,.T.);
#1017=ORIENTED_EDGE('',*,*,#759,.F.);
#1018=ORIENTED_EDGE('',*,*,#760,.T.);
#1019=ORIENTED_EDGE('',*,*,#756,.T.);
#1020=ORIENTED_EDGE('',*,*,#761,.T.);
#1021=ORIENTED_EDGE('',*,*,#762,.F.);
#1022=ORIENTED_EDGE('',*,*,#763,.T.);
#1023=ORIENTED_EDGE('',*,*,#759,.T.);
#1024=ORIENTED_EDGE('',*,*,#764,.T.);
#1025=ORIENTED_EDGE('',*,*,#765,.F.);
#1026=ORIENTED_EDGE('',*,*,#766,.T.);
#1027=ORIENTED_EDGE('',*,*,#762,.T.);
#1028=ORIENTED_EDGE('',*,*,#767,.T.);
#1029=ORIENTED_EDGE('',*,*,#768,.F.);
#1030=ORIENTED_EDGE('',*,*,#769,.T.);
#1031=ORIENTED_EDGE('',*,*,#765,.T.);
#1032=ORIENTED_EDGE('',*,*,#770,.T.);
#1033=ORIENTED_EDGE('',*,*,#771,.F.);
#1034=ORIENTED_EDGE('',*,*,#772,.T.);
#1035=ORIENTED_EDGE('',*,*,#768,.T.);
#1036=ORIENTED_EDGE('',*,*,#773,.T.);
#1037=ORIENTED_EDGE('',*,*,#774,.F.);
#1038=ORIENTED_EDGE('',*,*,#775,.T.);
#1039=ORIENTED_EDGE('',*,*,#771,.T.);
#1040=ORIENTED_EDGE('',*,*,#776,.T.);
#1041=ORIENTED_EDGE('',*,*,#777,.F.);
#1042=ORIENTED_EDGE('',*,*,#778,.T.);
#1043=ORIENTED_EDGE('',*,*,#774,.T.);
#1044=ORIENTED_EDGE('',*,*,#779,.T.);
#1045=ORIENTED_EDGE('',*,*,#780,.F.);
#1046=ORIENTED_EDGE('',*,*,#781,.T.);
#1047=ORIENTED_EDGE('',*,*,#777,.T.);
#1048=ORIENTED_EDGE('',*,*,#782,.T.);
#1049=ORIENTED_EDGE('',*,*,#783,.F.);
#1050=ORIENTED_EDGE('',*,*,#784,.T.);
#1051=ORIENTED_EDGE('',*,*,#780,.T.);
#1052=ORIENTED_EDGE('',*,*,#785,.T.);
#1053=ORIENTED_EDGE('',*,*,#786,.F.);
#1054=ORIENTED_EDGE('',*,*,#787,.T.);
#1055=ORIENTED_EDGE('',*,*,#783,.T.);
#1056=ORIENTED_EDGE('',*,*,#788,.T.);
#1057=ORIENTED_EDGE('',*,*,#789,.F.);
#1058=ORIENTED_EDGE('',*,*,#790,.T.);
#1059=ORIENTED_EDGE('',*,*,#786,.T.);
#1060=ORIENTED_EDGE('',*,*,#791,.T.);
#1061=ORIENTED_EDGE('',*,*,#792,.F.);
#1062=ORIENTED_EDGE('',*,*,#793,.T.);
#1063=ORIENTED_EDGE('',*,*,#789,.T.);
#1064=ORIENTED_EDGE('',*,*,#794,.T.);
#1065=ORIENTED_EDGE('',*,*,#795,.F.);
#1066=ORIENTED_EDGE('',*,*,#796,.T.);
#1067=ORIENTED_EDGE('',*,*,#792,.T.);
#1068=ORIENTED_EDGE('',*,*,#797,.T.);
#1069=ORIENTED_EDGE('',*,*,#798,.F.);
#1070=ORIENTED_EDGE('',*,*,#799,.T.);
#1071=ORIENTED_EDGE('',*,*,#795,.T.);
#1072=ORIENTED_EDGE('',*,*,#800,.T.);
#1073=ORIENTED_EDGE('',*,*,#801,.F.);
#1074=ORIENTED_EDGE('',*,*,#802,.T.);
#1075=ORIENTED_EDGE('',*,*,#798,.T.);
#1076=ORIENTED_EDGE('',*,*,#803,.T.);
#1077=ORIENTED_EDGE('',*,*,#804,.F.);
#1078=ORIENTED_EDGE('',*,*,#805,.T.);
#1079=ORIENTED_EDGE('',*,*,#801,.T.);
#1080=ORIENTED_EDGE('',*,*,#806,.T.);
#1081=ORIENTED_EDGE('',*,*,#807,.F.);
#1082=ORIENTED_EDGE('',*,*,#808,.T.);
#1083=ORIENTED_EDGE('',*,*,#804,.T.);
#1084=ORIENTED_EDGE('',*,*,#809,.T.);
#1085=ORIENTED_EDGE('',*,*,#810,.F.);
#1086=ORIENTED_EDGE('',*,*,#811,.T.);
#1087=ORIENTED_EDGE('',*,*,#807,.T.);
#1088=ORIENTED_EDGE('',*,*,#812,.T.);
#1089=ORIENTED_EDGE('',*,*,#813,.F.);
#1090=ORIENTED_EDGE('',*,*,#814,.T.);
#1091=ORIENTED_EDGE('',*,*,#810,.T.);
#1092=ORIENTED_EDGE('',*,*,#815,.T.);
#1093=ORIENTED_EDGE('',*,*,#816,.F.);
#1094=ORIENTED_EDGE('',*,*,#817,.T.);
#1095=ORIENTED_EDGE('',*,*,#813,.T.);
#1096=ORIENTED_EDGE('',*,*,#818,.T.);
#1097=ORIENTED_EDGE('',*,*,#819,.F.);
#1098=ORIENTED_EDGE('',*,*,#820,.T.);
#1099=ORIENTED_EDGE('',*,*,#816,.T.);
#1100=ORIENTED_EDGE('',*,*,#821,.T.);
#1101=ORIENTED_EDGE('',*,*,#822,.F.);
#1102=ORIENTED_EDGE('',*,*,#823,.T.);
#1103=ORIENTED_EDGE('',*,*,#819,.T.);
#1104=ORIENTED_EDGE('',*,*,#824,.T.);
#1105=ORIENTED_EDGE('',*,*,#825,.F.);
#1106=ORIENTED_EDGE('',*,*,#826,.T.);
#1107=ORIENTED_EDGE('',*,*,#822,.T.);
#1108=ORIENTED_EDGE('',*,*,#827,.T.);
#1109=ORIENTED_EDGE('',*,*,#828,.F.);
#1110=ORIENTED_EDGE('',*,*,#829,.T.);
#1111=ORIENTED_EDGE('',*,*,#825,.T.);
#1112=ORIENTED_EDGE('',*,*,#830,.T.);
#1113=ORIENTED_EDGE('',*,*,#831,.F.);
#1114=ORIENTED_EDGE('',*,*,#832,.T.);
#1115=ORIENTED_EDGE('',*,*,#828,.T.);
#1116=ORIENTED_EDGE('',*,*,#833,.T.);
#1117=ORIENTED_EDGE('',*,*,#834,.F.);
#1118=ORIENTED_EDGE('',*,*,#835,.T.);
#1119=ORIENTED_EDGE('',*,*,#831,.T.);
#1120=ORIENTED_EDGE('',*,*,#836,.T.);
#1121=ORIENTED_EDGE('',*,*,#837,.F.);
#1122=ORIENTED_EDGE('',*,*,#838,.T.);
#1123=ORIENTED_EDGE('',*,*,#834,.T.);
#1124=ORIENTED_EDGE('',*,*,#839,.T.);
#1125=ORIENTED_EDGE('',*,*,#840,.F.);
#1126=ORIENTED_EDGE('',*,*,#841,.T.);
#1127=ORIENTED_EDGE('',*,*,#837,.T.);
#1128=ORIENTED_EDGE('',*,*,#842,.T.);
#1129=ORIENTED_EDGE('',*,*,#843,.F.);
#1130=ORIENTED_EDGE('',*,*,#844,.F.);
#1131=ORIENTED_EDGE('',*,*,#845,.T.);
#1132=ORIENTED_EDGE('',*,*,#840,.T.);
#1133=ORIENTED_EDGE('',*,*,#846,.T.);
#1134=ORIENTED_EDGE('',*,*,#847,.F.);
#1135=ORIENTED_EDGE('',*,*,#848,.T.);
#1136=ORIENTED_EDGE('',*,*,#849,.F.);
#1137=ORIENTED_EDGE('',*,*,#850,.F.);
#1138=ORIENTED_EDGE('',*,*,#851,.F.);
#1139=ORIENTED_EDGE('',*,*,#852,.T.);
#1140=ORIENTED_EDGE('',*,*,#847,.T.);
#1141=ORIENTED_EDGE('',*,*,#853,.F.);
#1142=ORIENTED_EDGE('',*,*,#854,.F.);
#1143=ORIENTED_EDGE('',*,*,#855,.T.);
#1144=ORIENTED_EDGE('',*,*,#851,.T.);
#1145=ORIENTED_EDGE('',*,*,#856,.F.);
#1146=ORIENTED_EDGE('',*,*,#857,.F.);
#1147=ORIENTED_EDGE('',*,*,#858,.T.);
#1148=ORIENTED_EDGE('',*,*,#854,.T.);
#1149=ORIENTED_EDGE('',*,*,#859,.F.);
#1150=ORIENTED_EDGE('',*,*,#860,.F.);
#1151=ORIENTED_EDGE('',*,*,#861,.T.);
#1152=ORIENTED_EDGE('',*,*,#857,.T.);
#1153=ORIENTED_EDGE('',*,*,#862,.F.);
#1154=ORIENTED_EDGE('',*,*,#863,.F.);
#1155=ORIENTED_EDGE('',*,*,#864,.T.);
#1156=ORIENTED_EDGE('',*,*,#860,.T.);
#1157=ORIENTED_EDGE('',*,*,#865,.F.);
#1158=ORIENTED_EDGE('',*,*,#866,.F.);
#1159=ORIENTED_EDGE('',*,*,#867,.T.);
#1160=ORIENTED_EDGE('',*,*,#863,.T.);
#1161=ORIENTED_EDGE('',*,*,#868,.F.);
#1162=ORIENTED_EDGE('',*,*,#869,.F.);
#1163=ORIENTED_EDGE('',*,*,#870,.T.);
#1164=ORIENTED_EDGE('',*,*,#866,.T.);
#1165=ORIENTED_EDGE('',*,*,#871,.F.);
#1166=ORIENTED_EDGE('',*,*,#872,.F.);
#1167=ORIENTED_EDGE('',*,*,#873,.T.);
#1168=ORIENTED_EDGE('',*,*,#869,.T.);
#1169=ORIENTED_EDGE('',*,*,#874,.F.);
#1170=ORIENTED_EDGE('',*,*,#875,.F.);
#1171=ORIENTED_EDGE('',*,*,#876,.T.);
#1172=ORIENTED_EDGE('',*,*,#872,.T.);
#1173=ORIENTED_EDGE('',*,*,#877,.F.);
#1174=ORIENTED_EDGE('',*,*,#878,.F.);
#1175=ORIENTED_EDGE('',*,*,#879,.T.);
#1176=ORIENTED_EDGE('',*,*,#875,.T.);
#1177=ORIENTED_EDGE('',*,*,#880,.F.);
#1178=ORIENTED_EDGE('',*,*,#881,.F.);
#1179=ORIENTED_EDGE('',*,*,#882,.T.);
#1180=ORIENTED_EDGE('',*,*,#878,.T.);
#1181=ORIENTED_EDGE('',*,*,#883,.F.);
#1182=ORIENTED_EDGE('',*,*,#884,.F.);
#1183=ORIENTED_EDGE('',*,*,#885,.T.);
#1184=ORIENTED_EDGE('',*,*,#881,.T.);
#1185=ORIENTED_EDGE('',*,*,#886,.F.);
#1186=ORIENTED_EDGE('',*,*,#887,.F.);
#1187=ORIENTED_EDGE('',*,*,#888,.T.);
#1188=ORIENTED_EDGE('',*,*,#884,.T.);
#1189=ORIENTED_EDGE('',*,*,#889,.F.);
#1190=ORIENTED_EDGE('',*,*,#890,.F.);
#1191=ORIENTED_EDGE('',*,*,#891,.T.);
#1192=ORIENTED_EDGE('',*,*,#887,.T.);
#1193=ORIENTED_EDGE('',*,*,#892,.F.);
#1194=ORIENTED_EDGE('',*,*,#893,.F.);
#1195=ORIENTED_EDGE('',*,*,#894,.T.);
#1196=ORIENTED_EDGE('',*,*,#890,.T.);
#1197=ORIENTED_EDGE('',*,*,#895,.F.);
#1198=ORIENTED_EDGE('',*,*,#896,.F.);
#1199=ORIENTED_EDGE('',*,*,#897,.T.);
#1200=ORIENTED_EDGE('',*,*,#893,.T.);
#1201=ORIENTED_EDGE('',*,*,#898,.F.);
#1202=ORIENTED_EDGE('',*,*,#899,.F.);
#1203=ORIENTED_EDGE('',*,*,#900,.T.);
#1204=ORIENTED_EDGE('',*,*,#896,.T.);
#1205=ORIENTED_EDGE('',*,*,#901,.F.);
#1206=ORIENTED_EDGE('',*,*,#902,.F.);
#1207=ORIENTED_EDGE('',*,*,#903,.T.);
#1208=ORIENTED_EDGE('',*,*,#899,.T.);
#1209=ORIENTED_EDGE('',*,*,#904,.F.);
#1210=ORIENTED_EDGE('',*,*,#905,.F.);
#1211=ORIENTED_EDGE('',*,*,#906,.T.);
#1212=ORIENTED_EDGE('',*,*,#902,.T.);
#1213=ORIENTED_EDGE('',*,*,#907,.F.);
#1214=ORIENTED_EDGE('',*,*,#908,.F.);
#1215=ORIENTED_EDGE('',*,*,#909,.T.);
#1216=ORIENTED_EDGE('',*,*,#905,.T.);
#1217=ORIENTED_EDGE('',*,*,#910,.F.);
#1218=ORIENTED_EDGE('',*,*,#911,.F.);
#1219=ORIENTED_EDGE('',*,*,#912,.T.);
#1220=ORIENTED_EDGE('',*,*,#908,.T.);
#1221=ORIENTED_EDGE('',*,*,#913,.F.);
#1222=ORIENTED_EDGE('',*,*,#914,.F.);
#1223=ORIENTED_EDGE('',*,*,#915,.T.);
#1224=ORIENTED_EDGE('',*,*,#911,.T.);
#1225=ORIENTED_EDGE('',*,*,#916,.F.);
#1226=ORIENTED_EDGE('',*,*,#917,.F.);
#1227=ORIENTED_EDGE('',*,*,#918,.T.);
#1228=ORIENTED_EDGE('',*,*,#914,.T.);
#1229=ORIENTED_EDGE('',*,*,#919,.F.);
#1230=ORIENTED_EDGE('',*,*,#920,.F.);
#1231=ORIENTED_EDGE('',*,*,#921,.T.);
#1232=ORIENTED_EDGE('',*,*,#917,.T.);
#1233=ORIENTED_EDGE('',*,*,#922,.F.);
#1234=ORIENTED_EDGE('',*,*,#923,.F.);
#1235=ORIENTED_EDGE('',*,*,#924,.T.);
#1236=ORIENTED_EDGE('',*,*,#920,.T.);
#1237=ORIENTED_EDGE('',*,*,#925,.F.);
#1238=ORIENTED_EDGE('',*,*,#926,.F.);
#1239=ORIENTED_EDGE('',*,*,#927,.T.);
#1240=ORIENTED_EDGE('',*,*,#923,.T.);
#1241=ORIENTED_EDGE('',*,*,#928,.F.);
#1242=ORIENTED_EDGE('',*,*,#929,.F.);
#1243=ORIENTED_EDGE('',*,*,#930,.T.);
#1244=ORIENTED_EDGE('',*,*,#926,.T.);
#1245=ORIENTED_EDGE('',*,*,#931,.F.);
#1246=ORIENTED_EDGE('',*,*,#932,.F.);
#1247=ORIENTED_EDGE('',*,*,#933,.T.);
#1248=ORIENTED_EDGE('',*,*,#929,.T.);
#1249=ORIENTED_EDGE('',*,*,#934,.F.);
#1250=ORIENTED_EDGE('',*,*,#935,.F.);
#1251=ORIENTED_EDGE('',*,*,#936,.T.);
#1252=ORIENTED_EDGE('',*,*,#932,.T.);
#1253=ORIENTED_EDGE('',*,*,#937,.F.);
#1254=ORIENTED_EDGE('',*,*,#938,.F.);
#1255=ORIENTED_EDGE('',*,*,#939,.T.);
#1256=ORIENTED_EDGE('',*,*,#935,.T.);
#1257=ORIENTED_EDGE('',*,*,#940,.F.);
#1258=ORIENTED_EDGE('',*,*,#941,.F.);
#1259=ORIENTED_EDGE('',*,*,#942,.T.);
#1260=ORIENTED_EDGE('',*,*,#938,.T.);
#1261=ORIENTED_EDGE('',*,*,#943,.F.);
#1262=ORIENTED_EDGE('',*,*,#944,.F.);
#1263=ORIENTED_EDGE('',*,*,#945,.T.);
#1264=ORIENTED_EDGE('',*,*,#941,.T.);
#1265=ORIENTED_EDGE('',*,*,#946,.F.);
#1266=ORIENTED_EDGE('',*,*,#947,.F.);
#1267=ORIENTED_EDGE('',*,*,#948,.F.);
#1268=ORIENTED_EDGE('',*,*,#846,.F.);
#1269=ORIENTED_EDGE('',*,*,#842,.F.);
#1270=ORIENTED_EDGE('',*,*,#839,.F.);
#1271=ORIENTED_EDGE('',*,*,#836,.F.);
#1272=ORIENTED_EDGE('',*,*,#833,.F.);
#1273=ORIENTED_EDGE('',*,*,#830,.F.);
#1274=ORIENTED_EDGE('',*,*,#827,.F.);
#1275=ORIENTED_EDGE('',*,*,#824,.F.);
#1276=ORIENTED_EDGE('',*,*,#821,.F.);
#1277=ORIENTED_EDGE('',*,*,#818,.F.);
#1278=ORIENTED_EDGE('',*,*,#815,.F.);
#1279=ORIENTED_EDGE('',*,*,#812,.F.);
#1280=ORIENTED_EDGE('',*,*,#809,.F.);
#1281=ORIENTED_EDGE('',*,*,#806,.F.);
#1282=ORIENTED_EDGE('',*,*,#803,.F.);
#1283=ORIENTED_EDGE('',*,*,#800,.F.);
#1284=ORIENTED_EDGE('',*,*,#797,.F.);
#1285=ORIENTED_EDGE('',*,*,#794,.F.);
#1286=ORIENTED_EDGE('',*,*,#791,.F.);
#1287=ORIENTED_EDGE('',*,*,#788,.F.);
#1288=ORIENTED_EDGE('',*,*,#785,.F.);
#1289=ORIENTED_EDGE('',*,*,#782,.F.);
#1290=ORIENTED_EDGE('',*,*,#779,.F.);
#1291=ORIENTED_EDGE('',*,*,#776,.F.);
#1292=ORIENTED_EDGE('',*,*,#773,.F.);
#1293=ORIENTED_EDGE('',*,*,#770,.F.);
#1294=ORIENTED_EDGE('',*,*,#767,.F.);
#1295=ORIENTED_EDGE('',*,*,#764,.F.);
#1296=ORIENTED_EDGE('',*,*,#761,.F.);
#1297=ORIENTED_EDGE('',*,*,#758,.F.);
#1298=ORIENTED_EDGE('',*,*,#755,.F.);
#1299=ORIENTED_EDGE('',*,*,#752,.F.);
#1300=ORIENTED_EDGE('',*,*,#749,.F.);
#1301=ORIENTED_EDGE('',*,*,#746,.F.);
#1302=ORIENTED_EDGE('',*,*,#949,.F.);
#1303=ORIENTED_EDGE('',*,*,#950,.T.);
#1304=ORIENTED_EDGE('',*,*,#946,.T.);
#1305=ORIENTED_EDGE('',*,*,#943,.T.);
#1306=ORIENTED_EDGE('',*,*,#940,.T.);
#1307=ORIENTED_EDGE('',*,*,#937,.T.);
#1308=ORIENTED_EDGE('',*,*,#934,.T.);
#1309=ORIENTED_EDGE('',*,*,#931,.T.);
#1310=ORIENTED_EDGE('',*,*,#928,.T.);
#1311=ORIENTED_EDGE('',*,*,#925,.T.);
#1312=ORIENTED_EDGE('',*,*,#922,.T.);
#1313=ORIENTED_EDGE('',*,*,#919,.T.);
#1314=ORIENTED_EDGE('',*,*,#916,.T.);
#1315=ORIENTED_EDGE('',*,*,#913,.T.);
#1316=ORIENTED_EDGE('',*,*,#910,.T.);
#1317=ORIENTED_EDGE('',*,*,#907,.T.);
#1318=ORIENTED_EDGE('',*,*,#904,.T.);
#1319=ORIENTED_EDGE('',*,*,#901,.T.);
#1320=ORIENTED_EDGE('',*,*,#898,.T.);
#1321=ORIENTED_EDGE('',*,*,#895,.T.);
#1322=ORIENTED_EDGE('',*,*,#892,.T.);
#1323=ORIENTED_EDGE('',*,*,#889,.T.);
#1324=ORIENTED_EDGE('',*,*,#886,.T.);
#1325=ORIENTED_EDGE('',*,*,#883,.T.);
#1326=ORIENTED_EDGE('',*,*,#880,.T.);
#1327=ORIENTED_EDGE('',*,*,#877,.T.);
#1328=ORIENTED_EDGE('',*,*,#874,.T.);
#1329=ORIENTED_EDGE('',*,*,#871,.T.);
#1330=ORIENTED_EDGE('',*,*,#868,.T.);
#1331=ORIENTED_EDGE('',*,*,#865,.T.);
#1332=ORIENTED_EDGE('',*,*,#862,.T.);
#1333=ORIENTED_EDGE('',*,*,#859,.T.);
#1334=ORIENTED_EDGE('',*,*,#856,.T.);
#1335=ORIENTED_EDGE('',*,*,#853,.T.);
#1336=ORIENTED_EDGE('',*,*,#850,.T.);
#1337=ORIENTED_EDGE('',*,*,#944,.T.);
#1338=ORIENTED_EDGE('',*,*,#950,.F.);
#1339=ORIENTED_EDGE('',*,*,#951,.F.);
#1340=ORIENTED_EDGE('',*,*,#952,.T.);
#1341=ORIENTED_EDGE('',*,*,#953,.F.);
#1342=ORIENTED_EDGE('',*,*,#848,.F.);
#1343=ORIENTED_EDGE('',*,*,#852,.F.);
#1344=ORIENTED_EDGE('',*,*,#855,.F.);
#1345=ORIENTED_EDGE('',*,*,#858,.F.);
#1346=ORIENTED_EDGE('',*,*,#861,.F.);
#1347=ORIENTED_EDGE('',*,*,#864,.F.);
#1348=ORIENTED_EDGE('',*,*,#867,.F.);
#1349=ORIENTED_EDGE('',*,*,#870,.F.);
#1350=ORIENTED_EDGE('',*,*,#873,.F.);
#1351=ORIENTED_EDGE('',*,*,#876,.F.);
#1352=ORIENTED_EDGE('',*,*,#879,.F.);
#1353=ORIENTED_EDGE('',*,*,#882,.F.);
#1354=ORIENTED_EDGE('',*,*,#885,.F.);
#1355=ORIENTED_EDGE('',*,*,#888,.F.);
#1356=ORIENTED_EDGE('',*,*,#891,.F.);
#1357=ORIENTED_EDGE('',*,*,#894,.F.);
#1358=ORIENTED_EDGE('',*,*,#897,.F.);
#1359=ORIENTED_EDGE('',*,*,#900,.F.);
#1360=ORIENTED_EDGE('',*,*,#903,.F.);
#1361=ORIENTED_EDGE('',*,*,#906,.F.);
#1362=ORIENTED_EDGE('',*,*,#909,.F.);
#1363=ORIENTED_EDGE('',*,*,#912,.F.);
#1364=ORIENTED_EDGE('',*,*,#915,.F.);
#1365=ORIENTED_EDGE('',*,*,#918,.F.);
#1366=ORIENTED_EDGE('',*,*,#921,.F.);
#1367=ORIENTED_EDGE('',*,*,#924,.F.);
#1368=ORIENTED_EDGE('',*,*,#927,.F.);
#1369=ORIENTED_EDGE('',*,*,#930,.F.);
#1370=ORIENTED_EDGE('',*,*,#933,.F.);
#1371=ORIENTED_EDGE('',*,*,#936,.F.);
#1372=ORIENTED_EDGE('',*,*,#939,.F.);
#1373=ORIENTED_EDGE('',*,*,#942,.F.);
#1374=ORIENTED_EDGE('',*,*,#945,.F.);
#1375=ORIENTED_EDGE('',*,*,#952,.F.);
#1376=ORIENTED_EDGE('',*,*,#954,.F.);
#1377=ORIENTED_EDGE('',*,*,#744,.F.);
#1378=ORIENTED_EDGE('',*,*,#748,.F.);
#1379=ORIENTED_EDGE('',*,*,#751,.F.);
#1380=ORIENTED_EDGE('',*,*,#754,.F.);
#1381=ORIENTED_EDGE('',*,*,#757,.F.);
#1382=ORIENTED_EDGE('',*,*,#760,.F.);
#1383=ORIENTED_EDGE('',*,*,#763,.F.);
#1384=ORIENTED_EDGE('',*,*,#766,.F.);
#1385=ORIENTED_EDGE('',*,*,#769,.F.);
#1386=ORIENTED_EDGE('',*,*,#772,.F.);
#1387=ORIENTED_EDGE('',*,*,#775,.F.);
#1388=ORIENTED_EDGE('',*,*,#778,.F.);
#1389=ORIENTED_EDGE('',*,*,#781,.F.);
#1390=ORIENTED_EDGE('',*,*,#784,.F.);
#1391=ORIENTED_EDGE('',*,*,#787,.F.);
#1392=ORIENTED_EDGE('',*,*,#790,.F.);
#1393=ORIENTED_EDGE('',*,*,#793,.F.);
#1394=ORIENTED_EDGE('',*,*,#796,.F.);
#1395=ORIENTED_EDGE('',*,*,#799,.F.);
#1396=ORIENTED_EDGE('',*,*,#802,.F.);
#1397=ORIENTED_EDGE('',*,*,#805,.F.);
#1398=ORIENTED_EDGE('',*,*,#808,.F.);
#1399=ORIENTED_EDGE('',*,*,#811,.F.);
#1400=ORIENTED_EDGE('',*,*,#814,.F.);
#1401=ORIENTED_EDGE('',*,*,#817,.F.);
#1402=ORIENTED_EDGE('',*,*,#820,.F.);
#1403=ORIENTED_EDGE('',*,*,#823,.F.);
#1404=ORIENTED_EDGE('',*,*,#826,.F.);
#1405=ORIENTED_EDGE('',*,*,#829,.F.);
#1406=ORIENTED_EDGE('',*,*,#832,.F.);
#1407=ORIENTED_EDGE('',*,*,#835,.F.);
#1408=ORIENTED_EDGE('',*,*,#838,.F.);
#1409=ORIENTED_EDGE('',*,*,#841,.F.);
#1410=ORIENTED_EDGE('',*,*,#845,.F.);
#1411=ORIENTED_EDGE('',*,*,#843,.T.);
#1412=ORIENTED_EDGE('',*,*,#948,.T.);
#1413=ORIENTED_EDGE('',*,*,#955,.F.);
#1414=ORIENTED_EDGE('',*,*,#953,.T.);
#1415=ORIENTED_EDGE('',*,*,#844,.T.);
#1416=ORIENTED_EDGE('',*,*,#955,.T.);
#1417=ORIENTED_EDGE('',*,*,#947,.T.);
#1418=ORIENTED_EDGE('',*,*,#849,.T.);
#1419=ORIENTED_EDGE('',*,*,#956,.F.);
#1420=ORIENTED_EDGE('',*,*,#957,.T.);
#1421=ORIENTED_EDGE('',*,*,#958,.T.);
#1422=ORIENTED_EDGE('',*,*,#959,.F.);
#1423=ORIENTED_EDGE('',*,*,#960,.F.);
#1424=ORIENTED_EDGE('',*,*,#961,.T.);
#1425=ORIENTED_EDGE('',*,*,#962,.T.);
#1426=ORIENTED_EDGE('',*,*,#957,.F.);
#1427=ORIENTED_EDGE('',*,*,#963,.F.);
#1428=ORIENTED_EDGE('',*,*,#964,.T.);
#1429=ORIENTED_EDGE('',*,*,#965,.T.);
#1430=ORIENTED_EDGE('',*,*,#961,.F.);
#1431=ORIENTED_EDGE('',*,*,#966,.F.);
#1432=ORIENTED_EDGE('',*,*,#967,.T.);
#1433=ORIENTED_EDGE('',*,*,#968,.T.);
#1434=ORIENTED_EDGE('',*,*,#964,.F.);
#1435=ORIENTED_EDGE('',*,*,#969,.F.);
#1436=ORIENTED_EDGE('',*,*,#970,.T.);
#1437=ORIENTED_EDGE('',*,*,#971,.T.);
#1438=ORIENTED_EDGE('',*,*,#967,.F.);
#1439=ORIENTED_EDGE('',*,*,#972,.F.);
#1440=ORIENTED_EDGE('',*,*,#973,.T.);
#1441=ORIENTED_EDGE('',*,*,#974,.T.);
#1442=ORIENTED_EDGE('',*,*,#970,.F.);
#1443=ORIENTED_EDGE('',*,*,#975,.F.);
#1444=ORIENTED_EDGE('',*,*,#976,.T.);
#1445=ORIENTED_EDGE('',*,*,#977,.T.);
#1446=ORIENTED_EDGE('',*,*,#973,.F.);
#1447=ORIENTED_EDGE('',*,*,#978,.F.);
#1448=ORIENTED_EDGE('',*,*,#979,.T.);
#1449=ORIENTED_EDGE('',*,*,#980,.T.);
#1450=ORIENTED_EDGE('',*,*,#976,.F.);
#1451=ORIENTED_EDGE('',*,*,#981,.F.);
#1452=ORIENTED_EDGE('',*,*,#982,.T.);
#1453=ORIENTED_EDGE('',*,*,#983,.T.);
#1454=ORIENTED_EDGE('',*,*,#979,.F.);
#1455=ORIENTED_EDGE('',*,*,#984,.F.);
#1456=ORIENTED_EDGE('',*,*,#985,.T.);
#1457=ORIENTED_EDGE('',*,*,#986,.T.);
#1458=ORIENTED_EDGE('',*,*,#982,.F.);
#1459=ORIENTED_EDGE('',*,*,#987,.F.);
#1460=ORIENTED_EDGE('',*,*,#988,.T.);
#1461=ORIENTED_EDGE('',*,*,#989,.T.);
#1462=ORIENTED_EDGE('',*,*,#985,.F.);
#1463=ORIENTED_EDGE('',*,*,#990,.F.);
#1464=ORIENTED_EDGE('',*,*,#959,.T.);
#1465=ORIENTED_EDGE('',*,*,#991,.T.);
#1466=ORIENTED_EDGE('',*,*,#988,.F.);
#1467=ORIENTED_EDGE('',*,*,#991,.F.);
#1468=ORIENTED_EDGE('',*,*,#958,.F.);
#1469=ORIENTED_EDGE('',*,*,#962,.F.);
#1470=ORIENTED_EDGE('',*,*,#965,.F.);
#1471=ORIENTED_EDGE('',*,*,#968,.F.);
#1472=ORIENTED_EDGE('',*,*,#971,.F.);
#1473=ORIENTED_EDGE('',*,*,#974,.F.);
#1474=ORIENTED_EDGE('',*,*,#977,.F.);
#1475=ORIENTED_EDGE('',*,*,#980,.F.);
#1476=ORIENTED_EDGE('',*,*,#983,.F.);
#1477=ORIENTED_EDGE('',*,*,#986,.F.);
#1478=ORIENTED_EDGE('',*,*,#989,.F.);
#1479=ORIENTED_EDGE('',*,*,#992,.T.);
#1480=ORIENTED_EDGE('',*,*,#993,.T.);
#1481=ORIENTED_EDGE('',*,*,#994,.T.);
#1482=ORIENTED_EDGE('',*,*,#993,.F.);
#1483=ORIENTED_EDGE('',*,*,#994,.F.);
#1484=ORIENTED_EDGE('',*,*,#995,.T.);
#1485=ORIENTED_EDGE('',*,*,#996,.T.);
#1486=ORIENTED_EDGE('',*,*,#995,.F.);
#1487=ORIENTED_EDGE('',*,*,#992,.F.);
#1488=ORIENTED_EDGE('',*,*,#956,.T.);
#1489=ORIENTED_EDGE('',*,*,#990,.T.);
#1490=ORIENTED_EDGE('',*,*,#987,.T.);
#1491=ORIENTED_EDGE('',*,*,#984,.T.);
#1492=ORIENTED_EDGE('',*,*,#981,.T.);
#1493=ORIENTED_EDGE('',*,*,#978,.T.);
#1494=ORIENTED_EDGE('',*,*,#975,.T.);
#1495=ORIENTED_EDGE('',*,*,#972,.T.);
#1496=ORIENTED_EDGE('',*,*,#969,.T.);
#1497=ORIENTED_EDGE('',*,*,#966,.T.);
#1498=ORIENTED_EDGE('',*,*,#963,.T.);
#1499=ORIENTED_EDGE('',*,*,#960,.T.);
#1500=ORIENTED_EDGE('',*,*,#996,.F.);
#1501=ORIENTED_EDGE('',*,*,#745,.T.);
#1502=ORIENTED_EDGE('',*,*,#954,.T.);
#1503=ORIENTED_EDGE('',*,*,#951,.T.);
#1504=ORIENTED_EDGE('',*,*,#949,.T.);
#1505=CYLINDRICAL_SURFACE('',#1678,0.67275);
#1506=CYLINDRICAL_SURFACE('',#1680,0.67275);
#1507=CYLINDRICAL_SURFACE('',#1681,0.67275);
#1508=CYLINDRICAL_SURFACE('',#1682,0.67275);
#1509=CYLINDRICAL_SURFACE('',#1683,0.67275);
#1510=CYLINDRICAL_SURFACE('',#1684,0.67275);
#1511=CYLINDRICAL_SURFACE('',#1685,0.67275);
#1512=CYLINDRICAL_SURFACE('',#1686,0.67275);
#1513=CYLINDRICAL_SURFACE('',#1687,0.67275);
#1514=CYLINDRICAL_SURFACE('',#1688,0.67275);
#1515=CYLINDRICAL_SURFACE('',#1689,0.67275);
#1516=CYLINDRICAL_SURFACE('',#1690,0.67275);
#1517=CYLINDRICAL_SURFACE('',#1691,0.67275);
#1518=CYLINDRICAL_SURFACE('',#1692,0.67275);
#1519=CYLINDRICAL_SURFACE('',#1693,0.67275);
#1520=CYLINDRICAL_SURFACE('',#1694,0.67275);
#1521=CYLINDRICAL_SURFACE('',#1695,0.67275);
#1522=CYLINDRICAL_SURFACE('',#1696,0.67275);
#1523=CYLINDRICAL_SURFACE('',#1697,0.67275);
#1524=CYLINDRICAL_SURFACE('',#1698,0.67275);
#1525=CYLINDRICAL_SURFACE('',#1699,0.67275);
#1526=CYLINDRICAL_SURFACE('',#1700,0.67275);
#1527=CYLINDRICAL_SURFACE('',#1701,0.67275);
#1528=CYLINDRICAL_SURFACE('',#1702,0.67275);
#1529=CYLINDRICAL_SURFACE('',#1703,0.67275);
#1530=CYLINDRICAL_SURFACE('',#1704,0.67275);
#1531=CYLINDRICAL_SURFACE('',#1705,0.67275);
#1532=CYLINDRICAL_SURFACE('',#1706,0.67275);
#1533=CYLINDRICAL_SURFACE('',#1707,0.67275);
#1534=CYLINDRICAL_SURFACE('',#1708,0.67275);
#1535=CYLINDRICAL_SURFACE('',#1709,0.67275);
#1536=CYLINDRICAL_SURFACE('',#1710,0.67275);
#1537=CYLINDRICAL_SURFACE('',#1711,0.67275);
#1538=CYLINDRICAL_SURFACE('',#1712,0.67275);
#1539=CYLINDRICAL_SURFACE('',#1714,0.5591);
#1540=CYLINDRICAL_SURFACE('',#1716,0.5591);
#1541=CYLINDRICAL_SURFACE('',#1717,0.5591);
#1542=CYLINDRICAL_SURFACE('',#1718,0.5591);
#1543=CYLINDRICAL_SURFACE('',#1719,0.5591);
#1544=CYLINDRICAL_SURFACE('',#1720,0.5591);
#1545=CYLINDRICAL_SURFACE('',#1721,0.5591);
#1546=CYLINDRICAL_SURFACE('',#1722,0.5591);
#1547=CYLINDRICAL_SURFACE('',#1723,0.5591);
#1548=CYLINDRICAL_SURFACE('',#1724,0.5591);
#1549=CYLINDRICAL_SURFACE('',#1725,0.5591);
#1550=CYLINDRICAL_SURFACE('',#1726,0.5591);
#1551=CYLINDRICAL_SURFACE('',#1727,0.5591);
#1552=CYLINDRICAL_SURFACE('',#1728,0.5591);
#1553=CYLINDRICAL_SURFACE('',#1729,0.5591);
#1554=CYLINDRICAL_SURFACE('',#1730,0.5591);
#1555=CYLINDRICAL_SURFACE('',#1731,0.5591);
#1556=CYLINDRICAL_SURFACE('',#1732,0.5591);
#1557=CYLINDRICAL_SURFACE('',#1733,0.5591);
#1558=CYLINDRICAL_SURFACE('',#1734,0.5591);
#1559=CYLINDRICAL_SURFACE('',#1735,0.5591);
#1560=CYLINDRICAL_SURFACE('',#1736,0.5591);
#1561=CYLINDRICAL_SURFACE('',#1737,0.5591);
#1562=CYLINDRICAL_SURFACE('',#1738,0.5591);
#1563=CYLINDRICAL_SURFACE('',#1739,0.5591);
#1564=CYLINDRICAL_SURFACE('',#1740,0.5591);
#1565=CYLINDRICAL_SURFACE('',#1741,0.5591);
#1566=CYLINDRICAL_SURFACE('',#1742,0.5591);
#1567=CYLINDRICAL_SURFACE('',#1743,0.5591);
#1568=CYLINDRICAL_SURFACE('',#1744,0.5591);
#1569=CYLINDRICAL_SURFACE('',#1745,0.5591);
#1570=CYLINDRICAL_SURFACE('',#1746,0.5591);
#1571=CYLINDRICAL_SURFACE('',#1747,0.5591);
#1572=CYLINDRICAL_SURFACE('',#1748,0.5591);
#1573=CYLINDRICAL_SURFACE('',#1750,0.67275);
#1574=CYLINDRICAL_SURFACE('',#1770,1.25);
#1575=ADVANCED_FACE('',(#36),#1505,.T.);
#1576=ADVANCED_FACE('',(#37),#1506,.T.);
#1577=ADVANCED_FACE('',(#38),#1507,.T.);
#1578=ADVANCED_FACE('',(#39),#1508,.T.);
#1579=ADVANCED_FACE('',(#40),#1509,.T.);
#1580=ADVANCED_FACE('',(#41),#1510,.T.);
#1581=ADVANCED_FACE('',(#42),#1511,.T.);
#1582=ADVANCED_FACE('',(#43),#1512,.T.);
#1583=ADVANCED_FACE('',(#44),#1513,.T.);
#1584=ADVANCED_FACE('',(#45),#1514,.T.);
#1585=ADVANCED_FACE('',(#46),#1515,.T.);
#1586=ADVANCED_FACE('',(#47),#1516,.T.);
#1587=ADVANCED_FACE('',(#48),#1517,.T.);
#1588=ADVANCED_FACE('',(#49),#1518,.T.);
#1589=ADVANCED_FACE('',(#50),#1519,.T.);
#1590=ADVANCED_FACE('',(#51),#1520,.T.);
#1591=ADVANCED_FACE('',(#52),#1521,.T.);
#1592=ADVANCED_FACE('',(#53),#1522,.T.);
#1593=ADVANCED_FACE('',(#54),#1523,.T.);
#1594=ADVANCED_FACE('',(#55),#1524,.T.);
#1595=ADVANCED_FACE('',(#56),#1525,.T.);
#1596=ADVANCED_FACE('',(#57),#1526,.T.);
#1597=ADVANCED_FACE('',(#58),#1527,.T.);
#1598=ADVANCED_FACE('',(#59),#1528,.T.);
#1599=ADVANCED_FACE('',(#60),#1529,.T.);
#1600=ADVANCED_FACE('',(#61),#1530,.T.);
#1601=ADVANCED_FACE('',(#62),#1531,.T.);
#1602=ADVANCED_FACE('',(#63),#1532,.T.);
#1603=ADVANCED_FACE('',(#64),#1533,.T.);
#1604=ADVANCED_FACE('',(#65),#1534,.T.);
#1605=ADVANCED_FACE('',(#66),#1535,.T.);
#1606=ADVANCED_FACE('',(#67),#1536,.T.);
#1607=ADVANCED_FACE('',(#68),#1537,.T.);
#1608=ADVANCED_FACE('',(#69),#1538,.T.);
#1609=ADVANCED_FACE('',(#70),#1539,.T.);
#1610=ADVANCED_FACE('',(#71),#1540,.T.);
#1611=ADVANCED_FACE('',(#72),#1541,.T.);
#1612=ADVANCED_FACE('',(#73),#1542,.T.);
#1613=ADVANCED_FACE('',(#74),#1543,.T.);
#1614=ADVANCED_FACE('',(#75),#1544,.T.);
#1615=ADVANCED_FACE('',(#76),#1545,.T.);
#1616=ADVANCED_FACE('',(#77),#1546,.T.);
#1617=ADVANCED_FACE('',(#78),#1547,.T.);
#1618=ADVANCED_FACE('',(#79),#1548,.T.);
#1619=ADVANCED_FACE('',(#80),#1549,.T.);
#1620=ADVANCED_FACE('',(#81),#1550,.T.);
#1621=ADVANCED_FACE('',(#82),#1551,.T.);
#1622=ADVANCED_FACE('',(#83),#1552,.T.);
#1623=ADVANCED_FACE('',(#84),#1553,.T.);
#1624=ADVANCED_FACE('',(#85),#1554,.T.);
#1625=ADVANCED_FACE('',(#86),#1555,.T.);
#1626=ADVANCED_FACE('',(#87),#1556,.T.);
#1627=ADVANCED_FACE('',(#88),#1557,.T.);
#1628=ADVANCED_FACE('',(#89),#1558,.T.);
#1629=ADVANCED_FACE('',(#90),#1559,.T.);
#1630=ADVANCED_FACE('',(#91),#1560,.T.);
#1631=ADVANCED_FACE('',(#92),#1561,.T.);
#1632=ADVANCED_FACE('',(#93),#1562,.T.);
#1633=ADVANCED_FACE('',(#94),#1563,.T.);
#1634=ADVANCED_FACE('',(#95),#1564,.T.);
#1635=ADVANCED_FACE('',(#96),#1565,.T.);
#1636=ADVANCED_FACE('',(#97),#1566,.T.);
#1637=ADVANCED_FACE('',(#98),#1567,.T.);
#1638=ADVANCED_FACE('',(#99),#1568,.T.);
#1639=ADVANCED_FACE('',(#100),#1569,.T.);
#1640=ADVANCED_FACE('',(#101),#1570,.T.);
#1641=ADVANCED_FACE('',(#102),#1571,.T.);
#1642=ADVANCED_FACE('',(#103),#34,.F.);
#1643=ADVANCED_FACE('',(#104),#1572,.T.);
#1644=ADVANCED_FACE('',(#105),#35,.F.);
#1645=ADVANCED_FACE('',(#106),#1573,.T.);
#1646=ADVANCED_FACE('',(#107),#18,.T.);
#1647=ADVANCED_FACE('',(#108),#19,.F.);
#1648=ADVANCED_FACE('',(#109),#20,.F.);
#1649=ADVANCED_FACE('',(#110),#21,.F.);
#1650=ADVANCED_FACE('',(#111),#22,.F.);
#1651=ADVANCED_FACE('',(#112),#23,.F.);
#1652=ADVANCED_FACE('',(#113),#24,.F.);
#1653=ADVANCED_FACE('',(#114),#25,.F.);
#1654=ADVANCED_FACE('',(#115),#26,.F.);
#1655=ADVANCED_FACE('',(#116),#27,.F.);
#1656=ADVANCED_FACE('',(#117),#28,.F.);
#1657=ADVANCED_FACE('',(#118),#29,.F.);
#1658=ADVANCED_FACE('',(#119),#30,.F.);
#1659=ADVANCED_FACE('',(#120),#31,.F.);
#1660=ADVANCED_FACE('',(#121),#17,.T.);
#1661=ADVANCED_FACE('',(#122),#1574,.T.);
#1662=ADVANCED_FACE('',(#123,#15),#32,.T.);
#1663=ADVANCED_FACE('',(#124,#16),#33,.F.);
#1664=CLOSED_SHELL('',(#1575,#1576,#1577,#1578,#1579,#1580,#1581,#1582,
#1583,#1584,#1585,#1586,#1587,#1588,#1589,#1590,#1591,#1592,#1593,#1594,
#1595,#1596,#1597,#1598,#1599,#1600,#1601,#1602,#1603,#1604,#1605,#1606,
#1607,#1608,#1609,#1610,#1611,#1612,#1613,#1614,#1615,#1616,#1617,#1618,
#1619,#1620,#1621,#1622,#1623,#1624,#1625,#1626,#1627,#1628,#1629,#1630,
#1631,#1632,#1633,#1634,#1635,#1636,#1637,#1638,#1639,#1640,#1641,#1642,
#1643,#1644,#1645,#1646,#1647,#1648,#1649,#1650,#1651,#1652,#1653,#1654,
#1655,#1656,#1657,#1658,#1659,#1660,#1661,#1662,#1663));
#1665=DERIVED_UNIT_ELEMENT(#1667,1.);
#1666=DERIVED_UNIT_ELEMENT(#6551,-3.);
#1667=(
MASS_UNIT()
NAMED_UNIT(*)
SI_UNIT(.KILO.,.GRAM.)
);
#1668=DERIVED_UNIT((#1665,#1666));
#1669=MEASURE_REPRESENTATION_ITEM('density measure',
POSITIVE_RATIO_MEASURE(7850.),#1668);
#1670=PROPERTY_DEFINITION_REPRESENTATION(#1675,#1672);
#1671=PROPERTY_DEFINITION_REPRESENTATION(#1676,#1673);
#1672=REPRESENTATION('material name',(#1674),#6548);
#1673=REPRESENTATION('density',(#1669),#6548);
#1674=DESCRIPTIVE_REPRESENTATION_ITEM('Steel','Steel');
#1675=PROPERTY_DEFINITION('material property','material name',#6558);
#1676=PROPERTY_DEFINITION('material property','density of part',#6558);
#1677=AXIS2_PLACEMENT_3D('',#2072,#1774,#1775);
#1678=AXIS2_PLACEMENT_3D('',#2073,#1776,#1777);
#1679=AXIS2_PLACEMENT_3D('',#2089,#1779,#1780);
#1680=AXIS2_PLACEMENT_3D('',#2094,#1781,#1782);
#1681=AXIS2_PLACEMENT_3D('',#2148,#1784,#1785);
#1682=AXIS2_PLACEMENT_3D('',#2196,#1787,#1788);
#1683=AXIS2_PLACEMENT_3D('',#2244,#1790,#1791);
#1684=AXIS2_PLACEMENT_3D('',#2292,#1793,#1794);
#1685=AXIS2_PLACEMENT_3D('',#2346,#1796,#1797);
#1686=AXIS2_PLACEMENT_3D('',#2394,#1799,#1800);
#1687=AXIS2_PLACEMENT_3D('',#2442,#1802,#1803);
#1688=AXIS2_PLACEMENT_3D('',#2496,#1805,#1806);
#1689=AXIS2_PLACEMENT_3D('',#2544,#1808,#1809);
#1690=AXIS2_PLACEMENT_3D('',#2592,#1811,#1812);
#1691=AXIS2_PLACEMENT_3D('',#2640,#1814,#1815);
#1692=AXIS2_PLACEMENT_3D('',#2694,#1817,#1818);
#1693=AXIS2_PLACEMENT_3D('',#2742,#1820,#1821);
#1694=AXIS2_PLACEMENT_3D('',#2790,#1823,#1824);
#1695=AXIS2_PLACEMENT_3D('',#2844,#1826,#1827);
#1696=AXIS2_PLACEMENT_3D('',#2892,#1829,#1830);
#1697=AXIS2_PLACEMENT_3D('',#2940,#1832,#1833);
#1698=AXIS2_PLACEMENT_3D('',#2988,#1835,#1836);
#1699=AXIS2_PLACEMENT_3D('',#3042,#1838,#1839);
#1700=AXIS2_PLACEMENT_3D('',#3090,#1841,#1842);
#1701=AXIS2_PLACEMENT_3D('',#3138,#1844,#1845);
#1702=AXIS2_PLACEMENT_3D('',#3192,#1847,#1848);
#1703=AXIS2_PLACEMENT_3D('',#3240,#1850,#1851);
#1704=AXIS2_PLACEMENT_3D('',#3288,#1853,#1854);
#1705=AXIS2_PLACEMENT_3D('',#3336,#1856,#1857);
#1706=AXIS2_PLACEMENT_3D('',#3387,#1859,#1860);
#1707=AXIS2_PLACEMENT_3D('',#3435,#1862,#1863);
#1708=AXIS2_PLACEMENT_3D('',#3483,#1865,#1866);
#1709=AXIS2_PLACEMENT_3D('',#3537,#1868,#1869);
#1710=AXIS2_PLACEMENT_3D('',#3585,#1871,#1872);
#1711=AXIS2_PLACEMENT_3D('',#3633,#1874,#1875);
#1712=AXIS2_PLACEMENT_3D('',#3684,#1877,#1878);
#1713=AXIS2_PLACEMENT_3D('',#3689,#1880,#1881);
#1714=AXIS2_PLACEMENT_3D('',#3734,#1882,#1883);
#1715=AXIS2_PLACEMENT_3D('',#3748,#1885,#1886);
#1716=AXIS2_PLACEMENT_3D('',#3755,#1887,#1888);
#1717=AXIS2_PLACEMENT_3D('',#3781,#1890,#1891);
#1718=AXIS2_PLACEMENT_3D('',#3805,#1893,#1894);
#1719=AXIS2_PLACEMENT_3D('',#3829,#1896,#1897);
#1720=AXIS2_PLACEMENT_3D('',#3854,#1899,#1900);
#1721=AXIS2_PLACEMENT_3D('',#3879,#1902,#1903);
#1722=AXIS2_PLACEMENT_3D('',#3903,#1905,#1906);
#1723=AXIS2_PLACEMENT_3D('',#3928,#1908,#1909);
#1724=AXIS2_PLACEMENT_3D('',#3953,#1911,#1912);
#1725=AXIS2_PLACEMENT_3D('',#3977,#1914,#1915);
#1726=AXIS2_PLACEMENT_3D('',#4001,#1917,#1918);
#1727=AXIS2_PLACEMENT_3D('',#4026,#1920,#1921);
#1728=AXIS2_PLACEMENT_3D('',#4051,#1923,#1924);
#1729=AXIS2_PLACEMENT_3D('',#4075,#1926,#1927);
#1730=AXIS2_PLACEMENT_3D('',#4100,#1929,#1930);
#1731=AXIS2_PLACEMENT_3D('',#4125,#1932,#1933);
#1732=AXIS2_PLACEMENT_3D('',#4149,#1935,#1936);
#1733=AXIS2_PLACEMENT_3D('',#4173,#1938,#1939);
#1734=AXIS2_PLACEMENT_3D('',#4198,#1941,#1942);
#1735=AXIS2_PLACEMENT_3D('',#4223,#1944,#1945);
#1736=AXIS2_PLACEMENT_3D('',#4247,#1947,#1948);
#1737=AXIS2_PLACEMENT_3D('',#4272,#1950,#1951);
#1738=AXIS2_PLACEMENT_3D('',#4297,#1953,#1954);
#1739=AXIS2_PLACEMENT_3D('',#4321,#1956,#1957);
#1740=AXIS2_PLACEMENT_3D('',#4345,#1959,#1960);
#1741=AXIS2_PLACEMENT_3D('',#4370,#1962,#1963);
#1742=AXIS2_PLACEMENT_3D('',#4395,#1965,#1966);
#1743=AXIS2_PLACEMENT_3D('',#4419,#1968,#1969);
#1744=AXIS2_PLACEMENT_3D('',#4444,#1971,#1972);
#1745=AXIS2_PLACEMENT_3D('',#4469,#1974,#1975);
#1746=AXIS2_PLACEMENT_3D('',#4493,#1977,#1978);
#1747=AXIS2_PLACEMENT_3D('',#4517,#1980,#1981);
#1748=AXIS2_PLACEMENT_3D('',#5503,#1983,#1984);
#1749=AXIS2_PLACEMENT_3D('',#5505,#1985,#1986);
#1750=AXIS2_PLACEMENT_3D('',#6458,#1987,#1988);
#1751=AXIS2_PLACEMENT_3D('',#6459,#1989,#1990);
#1752=AXIS2_PLACEMENT_3D('',#6460,#1991,#1992);
#1753=AXIS2_PLACEMENT_3D('',#6461,#1993,#1994);
#1754=AXIS2_PLACEMENT_3D('',#6470,#1999,#2000);
#1755=AXIS2_PLACEMENT_3D('',#6476,#2004,#2005);
#1756=AXIS2_PLACEMENT_3D('',#6482,#2009,#2010);
#1757=AXIS2_PLACEMENT_3D('',#6488,#2014,#2015);
#1758=AXIS2_PLACEMENT_3D('',#6494,#2019,#2020);
#1759=AXIS2_PLACEMENT_3D('',#6500,#2024,#2025);
#1760=AXIS2_PLACEMENT_3D('',#6506,#2029,#2030);
#1761=AXIS2_PLACEMENT_3D('',#6512,#2034,#2035);
#1762=AXIS2_PLACEMENT_3D('',#6518,#2039,#2040);
#1763=AXIS2_PLACEMENT_3D('',#6524,#2044,#2045);
#1764=AXIS2_PLACEMENT_3D('',#6530,#2049,#2050);
#1765=AXIS2_PLACEMENT_3D('',#6533,#2053,#2054);
#1766=AXIS2_PLACEMENT_3D('',#6534,#2055,#2056);
#1767=AXIS2_PLACEMENT_3D('',#6536,#2057,#2058);
#1768=AXIS2_PLACEMENT_3D('',#6538,#2059,#2060);
#1769=AXIS2_PLACEMENT_3D('',#6539,#2061,#2062);
#1770=AXIS2_PLACEMENT_3D('',#6540,#2063,#2064);
#1771=AXIS2_PLACEMENT_3D('',#6543,#2066,#2067);
#1772=AXIS2_PLACEMENT_3D('',#6544,#2068,#2069);
#1773=AXIS2_PLACEMENT_3D('',#6545,#2070,#2071);
#1774=DIRECTION('axis',(0.,0.,1.));
#1775=DIRECTION('refdir',(1.,0.,0.));
#1776=DIRECTION('center_axis',(0.,0.,-1.));
#1777=DIRECTION('ref_axis',(0.361740459236942,0.932278842488151,0.));
#1778=DIRECTION('',(0.,0.,1.));
#1779=DIRECTION('center_axis',(0.,0.,-1.));
#1780=DIRECTION('ref_axis',(-1.,0.,0.));
#1781=DIRECTION('center_axis',(0.,0.,-1.));
#1782=DIRECTION('ref_axis',(-1.,0.,0.));
#1783=DIRECTION('',(0.,0.,1.));
#1784=DIRECTION('center_axis',(0.,0.,-1.));
#1785=DIRECTION('ref_axis',(-1.,0.,0.));
#1786=DIRECTION('',(0.,0.,1.));
#1787=DIRECTION('center_axis',(0.,0.,-1.));
#1788=DIRECTION('ref_axis',(-1.,0.,0.));
#1789=DIRECTION('',(0.,0.,1.));
#1790=DIRECTION('center_axis',(0.,0.,-1.));
#1791=DIRECTION('ref_axis',(-1.,0.,0.));
#1792=DIRECTION('',(0.,0.,1.));
#1793=DIRECTION('center_axis',(0.,0.,-1.));
#1794=DIRECTION('ref_axis',(-1.,0.,0.));
#1795=DIRECTION('',(0.,0.,1.));
#1796=DIRECTION('center_axis',(0.,0.,-1.));
#1797=DIRECTION('ref_axis',(-1.,0.,0.));
#1798=DIRECTION('',(0.,0.,1.));
#1799=DIRECTION('center_axis',(0.,0.,-1.));
#1800=DIRECTION('ref_axis',(-1.,0.,0.));
#1801=DIRECTION('',(0.,0.,1.));
#1802=DIRECTION('center_axis',(0.,0.,-1.));
#1803=DIRECTION('ref_axis',(-1.,0.,0.));
#1804=DIRECTION('',(0.,0.,1.));
#1805=DIRECTION('center_axis',(0.,0.,-1.));
#1806=DIRECTION('ref_axis',(-1.,0.,0.));
#1807=DIRECTION('',(0.,0.,1.));
#1808=DIRECTION('center_axis',(0.,0.,-1.));
#1809=DIRECTION('ref_axis',(-1.,0.,0.));
#1810=DIRECTION('',(0.,0.,1.));
#1811=DIRECTION('center_axis',(0.,0.,-1.));
#1812=DIRECTION('ref_axis',(-1.,0.,0.));
#1813=DIRECTION('',(0.,0.,1.));
#1814=DIRECTION('center_axis',(0.,0.,-1.));
#1815=DIRECTION('ref_axis',(-1.,0.,0.));
#1816=DIRECTION('',(0.,0.,1.));
#1817=DIRECTION('center_axis',(0.,0.,-1.));
#1818=DIRECTION('ref_axis',(-1.,0.,0.));
#1819=DIRECTION('',(0.,0.,1.));
#1820=DIRECTION('center_axis',(0.,0.,-1.));
#1821=DIRECTION('ref_axis',(-1.,0.,0.));
#1822=DIRECTION('',(0.,0.,1.));
#1823=DIRECTION('center_axis',(0.,0.,-1.));
#1824=DIRECTION('ref_axis',(-1.,0.,0.));
#1825=DIRECTION('',(0.,0.,1.));
#1826=DIRECTION('center_axis',(0.,0.,-1.));
#1827=DIRECTION('ref_axis',(-1.,0.,0.));
#1828=DIRECTION('',(0.,0.,1.));
#1829=DIRECTION('center_axis',(0.,0.,-1.));
#1830=DIRECTION('ref_axis',(-1.,0.,0.));
#1831=DIRECTION('',(0.,0.,1.));
#1832=DIRECTION('center_axis',(0.,0.,-1.));
#1833=DIRECTION('ref_axis',(-1.,0.,0.));
#1834=DIRECTION('',(0.,0.,1.));
#1835=DIRECTION('center_axis',(0.,0.,-1.));
#1836=DIRECTION('ref_axis',(-1.,0.,0.));
#1837=DIRECTION('',(0.,0.,1.));
#1838=DIRECTION('center_axis',(0.,0.,-1.));
#1839=DIRECTION('ref_axis',(-1.,0.,0.));
#1840=DIRECTION('',(0.,0.,1.));
#1841=DIRECTION('center_axis',(0.,0.,-1.));
#1842=DIRECTION('ref_axis',(-1.,0.,0.));
#1843=DIRECTION('',(0.,0.,1.));
#1844=DIRECTION('center_axis',(0.,0.,-1.));
#1845=DIRECTION('ref_axis',(-1.,0.,0.));
#1846=DIRECTION('',(0.,0.,1.));
#1847=DIRECTION('center_axis',(0.,0.,-1.));
#1848=DIRECTION('ref_axis',(-1.,0.,0.));
#1849=DIRECTION('',(0.,0.,1.));
#1850=DIRECTION('center_axis',(0.,0.,-1.));
#1851=DIRECTION('ref_axis',(-1.,0.,0.));
#1852=DIRECTION('',(0.,0.,1.));
#1853=DIRECTION('center_axis',(0.,0.,-1.));
#1854=DIRECTION('ref_axis',(-1.,0.,0.));
#1855=DIRECTION('',(0.,0.,1.));
#1856=DIRECTION('center_axis',(0.,0.,-1.));
#1857=DIRECTION('ref_axis',(-1.,0.,0.));
#1858=DIRECTION('',(0.,0.,1.));
#1859=DIRECTION('center_axis',(0.,0.,-1.));
#1860=DIRECTION('ref_axis',(-1.,0.,0.));
#1861=DIRECTION('',(0.,0.,1.));
#1862=DIRECTION('center_axis',(0.,0.,-1.));
#1863=DIRECTION('ref_axis',(-1.,0.,0.));
#1864=DIRECTION('',(0.,0.,1.));
#1865=DIRECTION('center_axis',(0.,0.,-1.));
#1866=DIRECTION('ref_axis',(-1.,0.,0.));
#1867=DIRECTION('',(0.,0.,1.));
#1868=DIRECTION('center_axis',(0.,0.,-1.));
#1869=DIRECTION('ref_axis',(-1.,0.,0.));
#1870=DIRECTION('',(0.,0.,1.));
#1871=DIRECTION('center_axis',(0.,0.,-1.));
#1872=DIRECTION('ref_axis',(-1.,0.,0.));
#1873=DIRECTION('',(0.,0.,1.));
#1874=DIRECTION('center_axis',(0.,0.,-1.));
#1875=DIRECTION('ref_axis',(-1.,0.,0.));
#1876=DIRECTION('',(0.,0.,1.));
#1877=DIRECTION('center_axis',(0.,0.,-1.));
#1878=DIRECTION('ref_axis',(-1.,0.,0.));
#1879=DIRECTION('',(0.,0.,1.));
#1880=DIRECTION('center_axis',(0.,0.,1.));
#1881=DIRECTION('ref_axis',(-1.,0.,0.));
#1882=DIRECTION('center_axis',(0.,0.,-1.));
#1883=DIRECTION('ref_axis',(-0.666973965114658,-0.745081022345376,0.));
#1884=DIRECTION('',(0.,0.,-1.));
#1885=DIRECTION('center_axis',(0.,0.,-1.));
#1886=DIRECTION('ref_axis',(-1.,-2.34823950600772E-13,0.));
#1887=DIRECTION('center_axis',(0.,0.,-1.));
#1888=DIRECTION('ref_axis',(-1.,-2.34823950600772E-13,0.));
#1889=DIRECTION('',(0.,0.,-1.));
#1890=DIRECTION('center_axis',(0.,0.,-1.));
#1891=DIRECTION('ref_axis',(-1.,-2.34823950600772E-13,0.));
#1892=DIRECTION('',(0.,0.,-1.));
#1893=DIRECTION('center_axis',(0.,0.,-1.));
#1894=DIRECTION('ref_axis',(-1.,-2.34823950600772E-13,0.));
#1895=DIRECTION('',(0.,0.,-1.));
#1896=DIRECTION('center_axis',(0.,0.,-1.));
#1897=DIRECTION('ref_axis',(-1.,-2.34823950600772E-13,0.));
#1898=DIRECTION('',(0.,0.,-1.));
#1899=DIRECTION('center_axis',(0.,0.,-1.));
#1900=DIRECTION('ref_axis',(-1.,-2.34823950600772E-13,0.));
#1901=DIRECTION('',(0.,0.,-1.));
#1902=DIRECTION('center_axis',(0.,0.,-1.));
#1903=DIRECTION('ref_axis',(-1.,-2.34823950600772E-13,0.));
#1904=DIRECTION('',(0.,0.,-1.));
#1905=DIRECTION('center_axis',(0.,0.,-1.));
#1906=DIRECTION('ref_axis',(-1.,-2.34823950600772E-13,0.));
#1907=DIRECTION('',(0.,0.,-1.));
#1908=DIRECTION('center_axis',(0.,0.,-1.));
#1909=DIRECTION('ref_axis',(-1.,-2.34823950600772E-13,0.));
#1910=DIRECTION('',(0.,0.,-1.));
#1911=DIRECTION('center_axis',(0.,0.,-1.));
#1912=DIRECTION('ref_axis',(-1.,-2.34823950600772E-13,0.));
#1913=DIRECTION('',(0.,0.,-1.));
#1914=DIRECTION('center_axis',(0.,0.,-1.));
#1915=DIRECTION('ref_axis',(-1.,-2.34823950600772E-13,0.));
#1916=DIRECTION('',(0.,0.,-1.));
#1917=DIRECTION('center_axis',(0.,0.,-1.));
#1918=DIRECTION('ref_axis',(-1.,-2.34823950600772E-13,0.));
#1919=DIRECTION('',(0.,0.,-1.));
#1920=DIRECTION('center_axis',(0.,0.,-1.));
#1921=DIRECTION('ref_axis',(-1.,-2.34823950600772E-13,0.));
#1922=DIRECTION('',(0.,0.,-1.));
#1923=DIRECTION('center_axis',(0.,0.,-1.));
#1924=DIRECTION('ref_axis',(-1.,-2.34823950600772E-13,0.));
#1925=DIRECTION('',(0.,0.,-1.));
#1926=DIRECTION('center_axis',(0.,0.,-1.));
#1927=DIRECTION('ref_axis',(-1.,-2.34823950600772E-13,0.));
#1928=DIRECTION('',(0.,0.,-1.));
#1929=DIRECTION('center_axis',(0.,0.,-1.));
#1930=DIRECTION('ref_axis',(-1.,-2.34823950600772E-13,0.));
#1931=DIRECTION('',(0.,0.,-1.));
#1932=DIRECTION('center_axis',(0.,0.,-1.));
#1933=DIRECTION('ref_axis',(-1.,-2.34823950600772E-13,0.));
#1934=DIRECTION('',(0.,0.,-1.));
#1935=DIRECTION('center_axis',(0.,0.,-1.));
#1936=DIRECTION('ref_axis',(-1.,-2.34823950600772E-13,0.));
#1937=DIRECTION('',(0.,0.,-1.));
#1938=DIRECTION('center_axis',(0.,0.,-1.));
#1939=DIRECTION('ref_axis',(-1.,-2.34823950600772E-13,0.));
#1940=DIRECTION('',(0.,0.,-1.));
#1941=DIRECTION('center_axis',(0.,0.,-1.));
#1942=DIRECTION('ref_axis',(-1.,-2.34823950600772E-13,0.));
#1943=DIRECTION('',(0.,0.,-1.));
#1944=DIRECTION('center_axis',(0.,0.,-1.));
#1945=DIRECTION('ref_axis',(-1.,-2.34823950600772E-13,0.));
#1946=DIRECTION('',(0.,0.,-1.));
#1947=DIRECTION('center_axis',(0.,0.,-1.));
#1948=DIRECTION('ref_axis',(-1.,-2.34823950600772E-13,0.));
#1949=DIRECTION('',(0.,0.,-1.));
#1950=DIRECTION('center_axis',(0.,0.,-1.));
#1951=DIRECTION('ref_axis',(-1.,-2.34823950600772E-13,0.));
#1952=DIRECTION('',(0.,0.,-1.));
#1953=DIRECTION('center_axis',(0.,0.,-1.));
#1954=DIRECTION('ref_axis',(-1.,-2.34823950600772E-13,0.));
#1955=DIRECTION('',(0.,0.,-1.));
#1956=DIRECTION('center_axis',(0.,0.,-1.));
#1957=DIRECTION('ref_axis',(-1.,-2.34823950600772E-13,0.));
#1958=DIRECTION('',(0.,0.,-1.));
#1959=DIRECTION('center_axis',(0.,0.,-1.));
#1960=DIRECTION('ref_axis',(-1.,-2.34823950600772E-13,0.));
#1961=DIRECTION('',(0.,0.,-1.));
#1962=DIRECTION('center_axis',(0.,0.,-1.));
#1963=DIRECTION('ref_axis',(-1.,-2.34823950600772E-13,0.));
#1964=DIRECTION('',(0.,0.,-1.));
#1965=DIRECTION('center_axis',(0.,0.,-1.));
#1966=DIRECTION('ref_axis',(-1.,-2.34823950600772E-13,0.));
#1967=DIRECTION('',(0.,0.,-1.));
#1968=DIRECTION('center_axis',(0.,0.,-1.));
#1969=DIRECTION('ref_axis',(-1.,-2.34823950600772E-13,0.));
#1970=DIRECTION('',(0.,0.,-1.));
#1971=DIRECTION('center_axis',(0.,0.,-1.));
#1972=DIRECTION('ref_axis',(-1.,-2.34823950600772E-13,0.));
#1973=DIRECTION('',(0.,0.,-1.));
#1974=DIRECTION('center_axis',(0.,0.,-1.));
#1975=DIRECTION('ref_axis',(-1.,-2.34823950600772E-13,0.));
#1976=DIRECTION('',(0.,0.,-1.));
#1977=DIRECTION('center_axis',(0.,0.,-1.));
#1978=DIRECTION('ref_axis',(-1.,-2.34823950600772E-13,0.));
#1979=DIRECTION('',(0.,0.,-1.));
#1980=DIRECTION('center_axis',(0.,0.,-1.));
#1981=DIRECTION('ref_axis',(-1.,-2.34823950600772E-13,0.));
#1982=DIRECTION('',(0.,0.,-1.));
#1983=DIRECTION('center_axis',(0.,0.,-1.));
#1984=DIRECTION('ref_axis',(-0.950155800587267,0.311775487507227,0.));
#1985=DIRECTION('center_axis',(0.,0.,1.));
#1986=DIRECTION('ref_axis',(-1.,-2.34823950600772E-13,0.));
#1987=DIRECTION('center_axis',(0.,0.,-1.));
#1988=DIRECTION('ref_axis',(0.779306777098534,-0.626642599228855,0.));
#1989=DIRECTION('center_axis',(0.,0.,1.));
#1990=DIRECTION('ref_axis',(-1.,0.,0.));
#1991=DIRECTION('center_axis',(0.,0.,-1.));
#1992=DIRECTION('ref_axis',(-1.,0.,0.));
#1993=DIRECTION('center_axis',(-1.,0.,0.));
#1994=DIRECTION('ref_axis',(0.,1.,0.));
#1995=DIRECTION('',(0.,1.,0.));
#1996=DIRECTION('',(0.,0.,-1.));
#1997=DIRECTION('',(0.,1.,0.));
#1998=DIRECTION('',(0.,0.,-1.));
#1999=DIRECTION('center_axis',(0.,-1.,0.));
#2000=DIRECTION('ref_axis',(-1.,0.,0.));
#2001=DIRECTION('',(-1.,0.,0.));
#2002=DIRECTION('',(0.,0.,-1.));
#2003=DIRECTION('',(-1.,0.,0.));
#2004=DIRECTION('center_axis',(1.,3.19189119579732E-16,0.));
#2005=DIRECTION('ref_axis',(3.19189119579732E-16,-1.,0.));
#2006=DIRECTION('',(3.19189119579732E-16,-1.,0.));
#2007=DIRECTION('',(0.,0.,-1.));
#2008=DIRECTION('',(3.19189119579732E-16,-1.,0.));
#2009=DIRECTION('center_axis',(1.38777878078145E-17,-1.,0.));
#2010=DIRECTION('ref_axis',(-1.,-1.38777878078145E-17,0.));
#2011=DIRECTION('',(-1.,-1.38777878078145E-17,0.));
#2012=DIRECTION('',(0.,0.,-1.));
#2013=DIRECTION('',(-1.,-1.38777878078145E-17,0.));
#2014=DIRECTION('center_axis',(1.,-3.33066907387547E-16,0.));
#2015=DIRECTION('ref_axis',(-3.33066907387547E-16,-1.,0.));
#2016=DIRECTION('',(-3.33066907387547E-16,-1.,0.));
#2017=DIRECTION('',(0.,0.,-1.));
#2018=DIRECTION('',(-3.33066907387547E-16,-1.,0.));
#2019=DIRECTION('center_axis',(0.,1.,0.));
#2020=DIRECTION('ref_axis',(1.,0.,0.));
#2021=DIRECTION('',(1.,0.,0.));
#2022=DIRECTION('',(0.,0.,-1.));
#2023=DIRECTION('',(1.,0.,0.));
#2024=DIRECTION('center_axis',(1.,3.19189119579732E-16,0.));
#2025=DIRECTION('ref_axis',(3.19189119579732E-16,-1.,0.));
#2026=DIRECTION('',(3.19189119579732E-16,-1.,0.));
#2027=DIRECTION('',(0.,0.,-1.));
#2028=DIRECTION('',(3.19189119579732E-16,-1.,0.));
#2029=DIRECTION('center_axis',(-3.33066907387548E-16,1.,0.));
#2030=DIRECTION('ref_axis',(1.,3.33066907387548E-16,0.));
#2031=DIRECTION('',(1.,3.33066907387548E-16,0.));
#2032=DIRECTION('',(0.,0.,-1.));
#2033=DIRECTION('',(1.,3.33066907387548E-16,0.));
#2034=DIRECTION('center_axis',(-1.,0.,0.));
#2035=DIRECTION('ref_axis',(0.,1.,0.));
#2036=DIRECTION('',(0.,1.,0.));
#2037=DIRECTION('',(0.,0.,-1.));
#2038=DIRECTION('',(0.,1.,0.));
#2039=DIRECTION('center_axis',(0.,1.,0.));
#2040=DIRECTION('ref_axis',(1.,0.,0.));
#2041=DIRECTION('',(1.,0.,0.));
#2042=DIRECTION('',(0.,0.,-1.));
#2043=DIRECTION('',(1.,0.,0.));
#2044=DIRECTION('center_axis',(-1.,-6.66133814775094E-16,0.));
#2045=DIRECTION('ref_axis',(-6.66133814775094E-16,1.,0.));
#2046=DIRECTION('',(-6.66133814775094E-16,1.,0.));
#2047=DIRECTION('',(0.,0.,-1.));
#2048=DIRECTION('',(-6.66133814775094E-16,1.,0.));
#2049=DIRECTION('center_axis',(1.38777878078145E-17,-1.,0.));
#2050=DIRECTION('ref_axis',(-1.,-1.38777878078145E-17,0.));
#2051=DIRECTION('',(-1.,-1.38777878078145E-17,0.));
#2052=DIRECTION('',(-1.,-1.38777878078145E-17,0.));
#2053=DIRECTION('center_axis',(0.,0.,-1.));
#2054=DIRECTION('ref_axis',(-1.,0.,0.));
#2055=DIRECTION('center_axis',(0.,0.,1.));
#2056=DIRECTION('ref_axis',(1.,0.,0.));
#2057=DIRECTION('center_axis',(0.,0.,-1.));
#2058=DIRECTION('ref_axis',(1.,0.,0.));
#2059=DIRECTION('center_axis',(1.22464679914735E-16,-1.,0.));
#2060=DIRECTION('ref_axis',(-1.,-1.22464679914735E-16,0.));
#2061=DIRECTION('center_axis',(0.,0.,1.));
#2062=DIRECTION('ref_axis',(1.,0.,0.));
#2063=DIRECTION('center_axis',(0.,0.,1.));
#2064=DIRECTION('ref_axis',(1.,0.,0.));
#2065=DIRECTION('',(0.,0.,-1.));
#2066=DIRECTION('center_axis',(0.,0.,1.));
#2067=DIRECTION('ref_axis',(1.,0.,0.));
#2068=DIRECTION('center_axis',(0.,0.,1.));
#2069=DIRECTION('ref_axis',(1.,0.,0.));
#2070=DIRECTION('center_axis',(0.,0.,1.));
#2071=DIRECTION('ref_axis',(1.,0.,0.));
#2072=CARTESIAN_POINT('',(0.,0.,0.));
#2073=CARTESIAN_POINT('Origin',(0.,0.,0.));
#2074=CARTESIAN_POINT('',(0.67283161683494,-0.000611305518094102,-0.114666163525595));
#2075=CARTESIAN_POINT('',(0.672529402982509,-0.000840430338883788,-0.0353338364744153));
#2076=CARTESIAN_POINT('',(0.67275,-8.23881134126382E-17,0.));
#2077=CARTESIAN_POINT('',(-0.496510141830737,0.452465441631407,-3.87274741426257E-17));
#2078=CARTESIAN_POINT('Ctrl Pts',(0.67283161683494,-0.000611305518094102,
-0.114666163525595));
#2079=CARTESIAN_POINT('Ctrl Pts',(0.671204325376948,0.173797705683595,-0.102276496878947));
#2080=CARTESIAN_POINT('Ctrl Pts',(0.601780665560828,0.349323669641381,-0.0898868302322997));
#2081=CARTESIAN_POINT('Ctrl Pts',(0.47977073943735,0.47309980808745,-0.0774971635856522));
#2082=CARTESIAN_POINT('Ctrl Pts',(0.323177797015953,0.631959585620733,-0.0615957167324241));
#2083=CARTESIAN_POINT('Ctrl Pts',(0.0799632194669739,0.705575537756876,
-0.045694269879196));
#2084=CARTESIAN_POINT('Ctrl Pts',(-0.138333898618901,0.6596414995269,-0.0297928230259679));
#2085=CARTESIAN_POINT('Ctrl Pts',(-0.274667140623878,0.630954284573335,
-0.019861882017312));
#2086=CARTESIAN_POINT('Ctrl Pts',(-0.401281613163057,0.555637966130019,
-0.009930941008656));
#2087=CARTESIAN_POINT('Ctrl Pts',(-0.496510141830737,0.452465441631407,
-3.87274741426257E-17));
#2088=CARTESIAN_POINT('',(0.496791050060462,0.453642166337988,0.));
#2089=CARTESIAN_POINT('Origin',(0.,0.,0.));
#2090=CARTESIAN_POINT('Ctrl Pts',(0.496791050060464,0.453642166337987,1.80411241501588E-15));
#2091=CARTESIAN_POINT('Ctrl Pts',(0.608694008774041,0.331095382795005,-0.0117779454914706));
#2092=CARTESIAN_POINT('Ctrl Pts',(0.670963925343406,0.164675987931134,-0.0235558909829429));
#2093=CARTESIAN_POINT('Ctrl Pts',(0.672529402982509,-0.000840430338883788,
-0.0353338364744153));
#2094=CARTESIAN_POINT('Origin',(0.,0.,0.));
#2095=CARTESIAN_POINT('',(0.67372535079709,0.000274325377508646,-0.414666163525595));
#2096=CARTESIAN_POINT('',(0.673833062462571,0.000128945173239344,-0.335333836474414));
#2097=CARTESIAN_POINT('',(0.67275,-8.23881134126382E-17,0.));
#2098=CARTESIAN_POINT('Ctrl Pts',(0.67372535079709,0.000274325377508646,
-0.414666163525595));
#2099=CARTESIAN_POINT('Ctrl Pts',(0.673803204625856,0.0154232770998038,
-0.413586624851544));
#2100=CARTESIAN_POINT('Ctrl Pts',(0.673336655829228,0.0305673369000552,
-0.412507086177493));
#2101=CARTESIAN_POINT('Ctrl Pts',(0.67231043672802,0.0456733649508256,-0.411427547503443));
#2102=CARTESIAN_POINT('Ctrl Pts',(0.657194379388081,0.268182949819504,-0.395526100650215));
#2103=CARTESIAN_POINT('Ctrl Pts',(0.520647443337887,0.482440839501628,-0.379624653796987));
#2104=CARTESIAN_POINT('Ctrl Pts',(0.325339454606302,0.590117952554537,-0.363723206943759));
#2105=CARTESIAN_POINT('Ctrl Pts',(0.130031465874717,0.697795065607446,-0.34782176009053));
#2106=CARTESIAN_POINT('Ctrl Pts',(-0.12403757553826,0.69889140203114,-0.331920313237302));
#2107=CARTESIAN_POINT('Ctrl Pts',(-0.320263066649843,0.59289301218875,-0.316018866384074));
#2108=CARTESIAN_POINT('Ctrl Pts',(-0.516488557761425,0.486894622346359,
-0.300117419530846));
#2109=CARTESIAN_POINT('Ctrl Pts',(-0.654870498571614,0.273801506237884,
-0.284215972677618));
#2110=CARTESIAN_POINT('Ctrl Pts',(-0.671894548953317,0.0514342787565205,
-0.26831452582439));
#2111=CARTESIAN_POINT('Ctrl Pts',(-0.68891859933502,-0.170932948724845,
-0.252413078971162));
#2112=CARTESIAN_POINT('Ctrl Pts',(-0.584584759288235,-0.4025742875791,-0.236511632117933));
#2113=CARTESIAN_POINT('Ctrl Pts',(-0.406783704724823,-0.537215428207021,
-0.220610185264705));
#2114=CARTESIAN_POINT('Ctrl Pts',(-0.228982650161411,-0.67185656883494,
-0.204708738411477));
#2115=CARTESIAN_POINT('Ctrl Pts',(0.0222856189186257,-0.709497511236527,
-0.188807291558249));
#2116=CARTESIAN_POINT('Ctrl Pts',(0.231711821533263,-0.632789436048748,
-0.172905844705021));
#2117=CARTESIAN_POINT('Ctrl Pts',(0.4411380241479,-0.556081360860969,-0.157004397851793));
#2118=CARTESIAN_POINT('Ctrl Pts',(0.608722160297136,-0.365024268083824,
-0.141102950998565));
#2119=CARTESIAN_POINT('Ctrl Pts',(0.657528574724848,-0.14744392023004,-0.125201504145337));
#2120=CARTESIAN_POINT('Ctrl Pts',(0.668307304592854,-0.0993920438198939,
-0.121689723938756));
#2121=CARTESIAN_POINT('Ctrl Pts',(0.67329286329907,-0.050046543031373,-0.118177943732176));
#2122=CARTESIAN_POINT('Ctrl Pts',(0.67283161683494,-0.000611305518094102,
-0.114666163525595));
#2123=CARTESIAN_POINT('Ctrl Pts',(0.672529402982509,-0.000840430338883788,
-0.0353338364744153));
#2124=CARTESIAN_POINT('Ctrl Pts',(0.673077482372188,-0.0587883276715306,
-0.039457337836171));
#2125=CARTESIAN_POINT('Ctrl Pts',(0.666184864172763,-0.116625544864746,
-0.0435808391979268));
#2126=CARTESIAN_POINT('Ctrl Pts',(0.651376440516416,-0.172430622999157,
-0.0477043405596825));
#2127=CARTESIAN_POINT('Ctrl Pts',(0.594270757483193,-0.387631590876791,
-0.0636057874129107));
#2128=CARTESIAN_POINT('Ctrl Pts',(0.419448907661265,-0.572612561347226,
-0.0795072342661389));
#2129=CARTESIAN_POINT('Ctrl Pts',(0.2072235251941,-0.641343575395314,-0.095408681119367));
#2130=CARTESIAN_POINT('Ctrl Pts',(-0.00500185727306476,-0.710074589443401,
-0.111310127972595));
#2131=CARTESIAN_POINT('Ctrl Pts',(-0.254630772385465,-0.662555647069142,
-0.127211574825823));
#2132=CARTESIAN_POINT('Ctrl Pts',(-0.427124841551169,-0.521121650482776,
-0.143113021679051));
#2133=CARTESIAN_POINT('Ctrl Pts',(-0.599618910716874,-0.37968765389641,
-0.159014468532279));
#2134=CARTESIAN_POINT('Ctrl Pts',(-0.694978133935882,-0.144338603097938,
-0.174915915385508));
#2135=CARTESIAN_POINT('Ctrl Pts',(-0.669422801579889,0.0771793426249477,
-0.190817362238736));
#2136=CARTESIAN_POINT('Ctrl Pts',(-0.643867469223896,0.298697288347833,
-0.206718809091964));
#2137=CARTESIAN_POINT('Ctrl Pts',(-0.4973975812929,0.506384128995133,-0.222620255945192));
#2138=CARTESIAN_POINT('Ctrl Pts',(-0.297243476921529,0.604780254270226,
-0.23852170279842));
#2139=CARTESIAN_POINT('Ctrl Pts',(-0.0970893725501575,0.703176379545319,
-0.254423149651648));
#2140=CARTESIAN_POINT('Ctrl Pts',(0.15674894826159,0.692281789448204,-0.270324596504876));
#2141=CARTESIAN_POINT('Ctrl Pts',(0.347774854838679,0.577170733382456,-0.286226043358104));
#2142=CARTESIAN_POINT('Ctrl Pts',(0.538800761415767,0.462059677316709,-0.302127490211333));
#2143=CARTESIAN_POINT('Ctrl Pts',(0.667014253758197,0.242732155282329,-0.318028937064561));
#2144=CARTESIAN_POINT('Ctrl Pts',(0.673569087295992,0.0198105614218782,
-0.333930383917789));
#2145=CARTESIAN_POINT('Ctrl Pts',(0.673761929242426,0.0132522508539142,
-0.334398201436664));
#2146=CARTESIAN_POINT('Ctrl Pts',(0.673849472563207,0.00669082952649003,
-0.334866018955539));
#2147=CARTESIAN_POINT('Ctrl Pts',(0.673833062462571,0.000128945173239344,
-0.335333836474414));
#2148=CARTESIAN_POINT('Origin',(0.,0.,0.));
#2149=CARTESIAN_POINT('',(0.671999346193152,0.000471071337002013,-0.714666163525595));
#2150=CARTESIAN_POINT('',(0.672202841028349,0.000551946296991694,-0.635333836474415));
#2151=CARTESIAN_POINT('',(0.67275,-8.23881134126382E-17,0.));
#2152=CARTESIAN_POINT('Ctrl Pts',(0.671999346193152,0.000471071337002013,
-0.714666163525595));
#2153=CARTESIAN_POINT('Ctrl Pts',(0.672514884035886,0.0805753990111601,
-0.708995305970913));
#2154=CARTESIAN_POINT('Ctrl Pts',(0.659278393658027,0.160514958749122,-0.703324448416231));
#2155=CARTESIAN_POINT('Ctrl Pts',(0.63153483987581,0.235055034760086,-0.697653590861549));
#2156=CARTESIAN_POINT('Ctrl Pts',(0.553740142736333,0.444070169718879,-0.681752144008321));
#2157=CARTESIAN_POINT('Ctrl Pts',(0.361879680895112,0.610630383020015,-0.665850697155093));
#2158=CARTESIAN_POINT('Ctrl Pts',(0.144008830290147,0.65829212198213,-0.649949250301865));
#2159=CARTESIAN_POINT('Ctrl Pts',(-0.0738620203148177,0.705953860944244,
-0.634047803448637));
#2160=CARTESIAN_POINT('Ctrl Pts',(-0.317743259683527,0.634717125567338,
-0.618146356595408));
#2161=CARTESIAN_POINT('Ctrl Pts',(-0.475704361938098,0.477276152590723,
-0.60224490974218));
#2162=CARTESIAN_POINT('Ctrl Pts',(-0.63366546419267,0.319835179614108,-0.586343462888952));
#2163=CARTESIAN_POINT('Ctrl Pts',(-0.705706429333102,0.0761899690377841,
-0.570442016035724));
#2164=CARTESIAN_POINT('Ctrl Pts',(-0.658763611977042,-0.141836801021107,
-0.554540569182496));
#2165=CARTESIAN_POINT('Ctrl Pts',(-0.611820794620981,-0.359863571079998,
-0.538639122329268));
#2166=CARTESIAN_POINT('Ctrl Pts',(-0.445894194768427,-0.552271900621456,
-0.52273767547604));
#2167=CARTESIAN_POINT('Ctrl Pts',(-0.237136820468283,-0.630755823703085,
-0.506836228622811));
#2168=CARTESIAN_POINT('Ctrl Pts',(-0.0283794461681392,-0.709239746784715,
-0.490934781769583));
#2169=CARTESIAN_POINT('Ctrl Pts',(0.223208702579595,-0.673799263406517,
-0.475033334916355));
#2170=CARTESIAN_POINT('Ctrl Pts',(0.402160187638619,-0.540698381689801,
-0.459131888063127));
#2171=CARTESIAN_POINT('Ctrl Pts',(0.568962775136111,-0.416633630501942,
-0.44430997988395));
#2172=CARTESIAN_POINT('Ctrl Pts',(0.672656429109413,-0.207718567175511,
-0.429488071704772));
#2173=CARTESIAN_POINT('Ctrl Pts',(0.67372535079709,0.000274325377508646,
-0.414666163525595));
#2174=CARTESIAN_POINT('Ctrl Pts',(0.673833062462571,0.000128945173239344,
-0.335333836474414));
#2175=CARTESIAN_POINT('Ctrl Pts',(0.673291681688359,-0.216352239812131,
-0.350767465808767));
#2176=CARTESIAN_POINT('Ctrl Pts',(0.55960879454172,-0.433337375882472,-0.36620109514312));
#2177=CARTESIAN_POINT('Ctrl Pts',(0.381086163664557,-0.555755247757666,
-0.381634724477473));
#2178=CARTESIAN_POINT('Ctrl Pts',(0.197152231762166,-0.681883797390238,
-0.397536171330701));
#2179=CARTESIAN_POINT('Ctrl Pts',(-0.055611806775778,-0.707625230968861,
-0.413437618183929));
#2180=CARTESIAN_POINT('Ctrl Pts',(-0.261199138215557,-0.621176282156212,
-0.429339065037157));
#2181=CARTESIAN_POINT('Ctrl Pts',(-0.466786469655336,-0.534727333343563,
-0.445240511890386));
#2182=CARTESIAN_POINT('Ctrl Pts',(-0.62519709399695,-0.336088002139641,
-0.461141958743614));
#2183=CARTESIAN_POINT('Ctrl Pts',(-0.663727338156153,-0.116419089122591,
-0.477043405596842));
#2184=CARTESIAN_POINT('Ctrl Pts',(-0.702257582315357,0.103249823894457,
-0.49294485245007));
#2185=CARTESIAN_POINT('Ctrl Pts',(-0.620907446292151,0.343948318724633,
-0.508846299303298));
#2186=CARTESIAN_POINT('Ctrl Pts',(-0.45701315287255,0.495203532647088,-0.524747746156526));
#2187=CARTESIAN_POINT('Ctrl Pts',(-0.293118859452947,0.646458746569544,
-0.540649193009754));
#2188=CARTESIAN_POINT('Ctrl Pts',(-0.0466804086369489,0.708270679584279,
-0.556550639862982));
#2189=CARTESIAN_POINT('Ctrl Pts',(0.16919807309383,0.652272026945464,-0.572452086716211));
#2190=CARTESIAN_POINT('Ctrl Pts',(0.385076554824609,0.596273374306649,-0.588353533569439));
#2191=CARTESIAN_POINT('Ctrl Pts',(0.570395067470169,0.422464136014284,-0.604254980422667));
#2192=CARTESIAN_POINT('Ctrl Pts',(0.640100672993659,0.210614119268284,-0.620156427275895));
#2193=CARTESIAN_POINT('Ctrl Pts',(0.662277910663196,0.143212822968115,-0.625215563675402));
#2194=CARTESIAN_POINT('Ctrl Pts',(0.672752455260634,0.0719609223924526,
-0.630274700074909));
#2195=CARTESIAN_POINT('Ctrl Pts',(0.672202841028349,0.000551946296991694,
-0.635333836474415));
#2196=CARTESIAN_POINT('Origin',(0.,0.,0.));
#2197=CARTESIAN_POINT('',(0.672008945615469,-0.000475877781264955,-1.01466616352559));
#2198=CARTESIAN_POINT('',(0.671842915881073,-0.000371339971772302,-0.935333836474415));
#2199=CARTESIAN_POINT('',(0.67275,-8.23881134126382E-17,0.));
#2200=CARTESIAN_POINT('Ctrl Pts',(0.672008945615469,-0.000475877781264955,
-1.01466616352559));
#2201=CARTESIAN_POINT('Ctrl Pts',(0.671065600674903,0.144478424962652,-1.00440398709028));
#2202=CARTESIAN_POINT('Ctrl Pts',(0.625072513921855,0.289978372480575,-0.994141810654969));
#2203=CARTESIAN_POINT('Ctrl Pts',(0.538565688340862,0.405011247074079,-0.983879634219656));
#2204=CARTESIAN_POINT('Ctrl Pts',(0.40452163851493,0.583256978206535,-0.967978187366428));
#2205=CARTESIAN_POINT('Ctrl Pts',(0.173203615767938,0.688350901770207,-0.9520767405132));
#2206=CARTESIAN_POINT('Ctrl Pts',(-0.049223770294738,0.672059617818381,
-0.936175293659971));
#2207=CARTESIAN_POINT('Ctrl Pts',(-0.271651156357413,0.655768333866556,
-0.920273846806743));
#2208=CARTESIAN_POINT('Ctrl Pts',(-0.485187905735771,0.518091842399234,
-0.904372399953515));
#2209=CARTESIAN_POINT('Ctrl Pts',(-0.591830217903494,0.322217479918185,
-0.888470953100287));
#2210=CARTESIAN_POINT('Ctrl Pts',(-0.698472530071219,0.126343117437133,
-0.872569506247058));
#2211=CARTESIAN_POINT('Ctrl Pts',(-0.698220405028306,-0.127729116057648,
-0.85666805939383));
#2212=CARTESIAN_POINT('Ctrl Pts',(-0.591189555361464,-0.323391438491915,
-0.840766612540602));
#2213=CARTESIAN_POINT('Ctrl Pts',(-0.484158705694622,-0.519053760926181,
-0.824865165687374));
#2214=CARTESIAN_POINT('Ctrl Pts',(-0.270349131403857,-0.656306172299933,
-0.808963718834146));
#2215=CARTESIAN_POINT('Ctrl Pts',(-0.0478898510911664,-0.672155982946464,
-0.793062271980918));
#2216=CARTESIAN_POINT('Ctrl Pts',(0.174569429221524,-0.688005793592994,
-0.77716082512769));
#2217=CARTESIAN_POINT('Ctrl Pts',(0.405678415556139,-0.582453003512301,
-0.761259378274461));
#2218=CARTESIAN_POINT('Ctrl Pts',(0.539368442504579,-0.403941580163729,
-0.745357931421233));
#2219=CARTESIAN_POINT('Ctrl Pts',(0.625381229368902,-0.289091838864408,
-0.735127342122687));
#2220=CARTESIAN_POINT('Ctrl Pts',(0.671069282990891,-0.144042253070853,
-0.724896752824141));
#2221=CARTESIAN_POINT('Ctrl Pts',(0.671999346193152,0.000471071337002013,
-0.714666163525595));
#2222=CARTESIAN_POINT('Ctrl Pts',(0.672202841028349,0.000551946296991694,
-0.635333836474415));
#2223=CARTESIAN_POINT('Ctrl Pts',(0.671024954593662,-0.152485692317542,
-0.646176146928137));
#2224=CARTESIAN_POINT('Ctrl Pts',(0.619213753203447,-0.306244769582279,
-0.657018457381858));
#2225=CARTESIAN_POINT('Ctrl Pts',(0.523448185732171,-0.424369139874722,
-0.667860767835579));
#2226=CARTESIAN_POINT('Ctrl Pts',(0.382997394545771,-0.597611587072093,
-0.683762214688808));
#2227=CARTESIAN_POINT('Ctrl Pts',(0.148003113771551,-0.694205686267199,
-0.699663661542037));
#2228=CARTESIAN_POINT('Ctrl Pts',(-0.073682821702181,-0.669819309293416,
-0.715565108395265));
#2229=CARTESIAN_POINT('Ctrl Pts',(-0.295368757175913,-0.645432932319633,
-0.731466555248492));
#2230=CARTESIAN_POINT('Ctrl Pts',(-0.503746347349158,-0.500066079176961,
-0.747368002101719));
#2231=CARTESIAN_POINT('Ctrl Pts',(-0.603179607486465,-0.300435498381008,
-0.763269448954948));
#2232=CARTESIAN_POINT('Ctrl Pts',(-0.702612867623772,-0.100804917585056,
-0.779170895808176));
#2233=CARTESIAN_POINT('Ctrl Pts',(-0.693101797725142,0.153089390864178,
-0.795072342661405));
#2234=CARTESIAN_POINT('Ctrl Pts',(-0.579011556122054,0.344721248355064,
-0.810973789514633));
#2235=CARTESIAN_POINT('Ctrl Pts',(-0.464921314518966,0.536353105845952,
-0.826875236367861));
#2236=CARTESIAN_POINT('Ctrl Pts',(-0.24625190121142,0.665722512378492,-0.842776683221088));
#2237=CARTESIAN_POINT('Ctrl Pts',(-0.0233627785499203,0.673454740918751,
-0.858678130074316));
#2238=CARTESIAN_POINT('Ctrl Pts',(0.199526344111578,0.681186969459009,-0.874579576927544));
#2239=CARTESIAN_POINT('Ctrl Pts',(0.426635176127028,0.567282020006989,-0.890481023780774));
#2240=CARTESIAN_POINT('Ctrl Pts',(0.553730937348526,0.384017142999328,-0.906382470634002));
#2241=CARTESIAN_POINT('Ctrl Pts',(0.630864293280484,0.272795219843111,-0.91603292591414));
#2242=CARTESIAN_POINT('Ctrl Pts',(0.671161087816783,0.136026823515745,-0.925683381194277));
#2243=CARTESIAN_POINT('Ctrl Pts',(0.671842915881073,-0.000371339971772302,
-0.935333836474415));
#2244=CARTESIAN_POINT('Origin',(0.,0.,0.));
#2245=CARTESIAN_POINT('',(0.673732481818799,-0.00026593350717502,-1.3146661635256));
#2246=CARTESIAN_POINT('',(0.673563298742348,-0.000398278653211083,-1.23533383647442));
#2247=CARTESIAN_POINT('',(0.67275,-8.23881134126382E-17,0.));
#2248=CARTESIAN_POINT('Ctrl Pts',(0.673732481818799,-0.00026593350717502,
-1.3146661635256));
#2249=CARTESIAN_POINT('Ctrl Pts',(0.67268606681575,0.208164645556581,-1.29981266820965));
#2250=CARTESIAN_POINT('Ctrl Pts',(0.568490784609076,0.417498238268429,-1.28495917289371));
#2251=CARTESIAN_POINT('Ctrl Pts',(0.401086358759965,0.541495007673676,-1.27010567757776));
#2252=CARTESIAN_POINT('Ctrl Pts',(0.221871128673528,0.674240061731961,-1.25420423072453));
#2253=CARTESIAN_POINT('Ctrl Pts',(-0.0297870074106083,0.70918205894276,
-1.23830278387131));
#2254=CARTESIAN_POINT('Ctrl Pts',(-0.238388239533226,0.630284188077155,
-1.22240133701808));
#2255=CARTESIAN_POINT('Ctrl Pts',(-0.446989471655847,0.551386317211549,
-1.20649989016485));
#2256=CARTESIAN_POINT('Ctrl Pts',(-0.612533799816948,0.358648578269538,
-1.19059844331162));
#2257=CARTESIAN_POINT('Ctrl Pts',(-0.65904379394377,0.140528958490853,-1.17469699645839));
#2258=CARTESIAN_POINT('Ctrl Pts',(-0.705553788070592,-0.0775906612878297,
-1.15879554960516));
#2259=CARTESIAN_POINT('Ctrl Pts',(-0.633029448163136,-0.321092161903185,
-1.14289410275194));
#2260=CARTESIAN_POINT('Ctrl Pts',(-0.474756197050044,-0.478219263453576,
-1.12699265589871));
#2261=CARTESIAN_POINT('Ctrl Pts',(-0.316482945936953,-0.635346365003967,
-1.11109120904548));
#2262=CARTESIAN_POINT('Ctrl Pts',(-0.0724607836182248,-0.706099067489394,
-1.09518976219225));
#2263=CARTESIAN_POINT('Ctrl Pts',(0.145315049753811,-0.658005050646447,
-1.07928831533902));
#2264=CARTESIAN_POINT('Ctrl Pts',(0.363090883125847,-0.6099110338035,-1.0633868684858));
#2265=CARTESIAN_POINT('Ctrl Pts',(0.554620387551192,-0.44297029763218,-1.04748542163257));
#2266=CARTESIAN_POINT('Ctrl Pts',(0.632000101311429,-0.2338011601959,-1.03158397477934));
#2267=CARTESIAN_POINT('Ctrl Pts',(0.659441952029953,-0.159621663199641,
-1.02594470436142));
#2268=CARTESIAN_POINT('Ctrl Pts',(0.6725273324558,-0.0801311552524622,-1.02030543394351));
#2269=CARTESIAN_POINT('Ctrl Pts',(0.672008945615469,-0.000475877781264955,
-1.01466616352559));
#2270=CARTESIAN_POINT('Ctrl Pts',(0.671842915881073,-0.000371339971772302,
-0.935333836474415));
#2271=CARTESIAN_POINT('Ctrl Pts',(0.672284563592031,-0.0887219665272149,
-0.941584828047505));
#2272=CARTESIAN_POINT('Ctrl Pts',(0.656105044250361,-0.176917255279107,
-0.947835819620595));
#2273=CARTESIAN_POINT('Ctrl Pts',(0.622549267547188,-0.257913793546749,
-0.954086811193685));
#2274=CARTESIAN_POINT('Ctrl Pts',(0.537189146096807,-0.463955048521858,
-0.969988258046913));
#2275=CARTESIAN_POINT('Ctrl Pts',(0.339386212768501,-0.623412753908774,
-0.985889704900142));
#2276=CARTESIAN_POINT('Ctrl Pts',(0.119923151948958,-0.663102971889049,
-1.00179115175337));
#2277=CARTESIAN_POINT('Ctrl Pts',(-0.099539908870584,-0.702793189869324,
-1.0176925986066));
#2278=CARTESIAN_POINT('Ctrl Pts',(-0.340663097181364,-0.622715920442957,
-1.03359404545983));
#2279=CARTESIAN_POINT('Ctrl Pts',(-0.492781671948607,-0.459623040047795,
-1.04949549231305));
#2280=CARTESIAN_POINT('Ctrl Pts',(-0.644900246715851,-0.296530159652632,
-1.06539693916628));
#2281=CARTESIAN_POINT('Ctrl Pts',(-0.708014207939559,-0.0504216682886751,
-1.08129838601951));
#2282=CARTESIAN_POINT('Ctrl Pts',(-0.653157075053257,0.165749660968951,
-1.09719983287274));
#2283=CARTESIAN_POINT('Ctrl Pts',(-0.598299942166956,0.381920990226576,
-1.11310127972597));
#2284=CARTESIAN_POINT('Ctrl Pts',(-0.425471715170643,0.568155157377869,
-1.12900272657919));
#2285=CARTESIAN_POINT('Ctrl Pts',(-0.213992807356157,0.638979023910748,
-1.14490417343242));
#2286=CARTESIAN_POINT('Ctrl Pts',(-0.00251389954166889,0.709802890443627,
-1.16080562028565));
#2287=CARTESIAN_POINT('Ctrl Pts',(0.247615689090995,0.665216456358091,-1.17670706713888));
#2288=CARTESIAN_POINT('Ctrl Pts',(0.421597683371437,0.525682896990343,-1.19260851399211));
#2289=CARTESIAN_POINT('Ctrl Pts',(0.57742075365257,0.400712794665327,-1.20685028815288));
#2290=CARTESIAN_POINT('Ctrl Pts',(0.672162127130798,0.199580975504325,-1.22109206231365));
#2291=CARTESIAN_POINT('Ctrl Pts',(0.673563298742348,-0.000398278653211083,
-1.23533383647442));
#2292=CARTESIAN_POINT('Origin',(0.,0.,0.));
#2293=CARTESIAN_POINT('',(0.672817443249722,0.000616170690267859,-1.61466616352559));
#2294=CARTESIAN_POINT('',(0.673079230046184,0.000581028686059916,-1.53533383647442));
#2295=CARTESIAN_POINT('',(0.67275,-8.23881134126382E-17,0.));
#2296=CARTESIAN_POINT('Ctrl Pts',(0.672817443249722,0.000616170690267859,
-1.61466616352559));
#2297=CARTESIAN_POINT('Ctrl Pts',(0.673280160650805,0.050514265858569,-1.61112279618225));
#2298=CARTESIAN_POINT('Ctrl Pts',(0.668201308778487,0.100319023749357,-1.6075794288389));
#2299=CARTESIAN_POINT('Ctrl Pts',(0.657228143868075,0.14878937265697,-1.60403606149555));
#2300=CARTESIAN_POINT('Ctrl Pts',(0.607984251906887,0.366308078009056,-1.58813461464232));
#2301=CARTESIAN_POINT('Ctrl Pts',(0.440033962675012,0.556952933625866,-1.5722331677891));
#2302=CARTESIAN_POINT('Ctrl Pts',(0.230458934604638,0.633226491840903,-1.55633172093587));
#2303=CARTESIAN_POINT('Ctrl Pts',(0.020883906534264,0.709500050055941,-1.54043027408264));
#2304=CARTESIAN_POINT('Ctrl Pts',(-0.230315860374608,0.671402310869206,
-1.52452882722941));
#2305=CARTESIAN_POINT('Ctrl Pts',(-0.407850927087782,0.536418429755421,
-1.50862738037618));
#2306=CARTESIAN_POINT('Ctrl Pts',(-0.585385993800956,0.401434548641636,
-1.49272593352295));
#2307=CARTESIAN_POINT('Ctrl Pts',(-0.689256360318432,0.169564525600799,
-1.47682448666973));
#2308=CARTESIAN_POINT('Ctrl Pts',(-0.671790181895596,-0.0527736867808394,
-1.4609230398165));
#2309=CARTESIAN_POINT('Ctrl Pts',(-0.654324003472761,-0.275111899162477,
-1.44502159296327));
#2310=CARTESIAN_POINT('Ctrl Pts',(-0.515521280109619,-0.487918300884917,
-1.42912014611004));
#2311=CARTESIAN_POINT('Ctrl Pts',(-0.319086243341364,-0.593524287472702,
-1.41321869925682));
#2312=CARTESIAN_POINT('Ctrl Pts',(-0.12265120657311,-0.699130274060487,
-1.39731725240359));
#2313=CARTESIAN_POINT('Ctrl Pts',(0.131416143600254,-0.697535845513617,
-1.38141580555036));
#2314=CARTESIAN_POINT('Ctrl Pts',(0.326510275895314,-0.589472773111751,
-1.36551435869713));
#2315=CARTESIAN_POINT('Ctrl Pts',(0.521604408190375,-0.481409700709883,
-1.3496129118439));
#2316=CARTESIAN_POINT('Ctrl Pts',(0.657725322607131,-0.266877984453018,
-1.33371146499067));
#2317=CARTESIAN_POINT('Ctrl Pts',(0.672399617771137,-0.044338070871698,
-1.31781001813745));
#2318=CARTESIAN_POINT('Ctrl Pts',(0.673366696447538,-0.0296720441448793,
-1.31676206660016));
#2319=CARTESIAN_POINT('Ctrl Pts',(0.673806309035071,-0.0149712362726685,
-1.31571411506288));
#2320=CARTESIAN_POINT('Ctrl Pts',(0.673732481818799,-0.00026593350717502,
-1.3146661635256));
#2321=CARTESIAN_POINT('Ctrl Pts',(0.673563298742348,-0.000398278653211083,
-1.23533383647442));
#2322=CARTESIAN_POINT('Ctrl Pts',(0.673726585017982,-0.0237029669200591,
-1.23699350916687));
#2323=CARTESIAN_POINT('Ctrl Pts',(0.672622261916539,-0.0469920027437276,
-1.23865318185933));
#2324=CARTESIAN_POINT('Ctrl Pts',(0.670199276669483,-0.0701430274430719,
-1.24031285455179));
#2325=CARTESIAN_POINT('Ctrl Pts',(0.646984475758868,-0.291954707858783,
-1.25621430140502));
#2326=CARTESIAN_POINT('Ctrl Pts',(0.502720474009418,-0.501097384040249,
-1.27211574825825));
#2327=CARTESIAN_POINT('Ctrl Pts',(0.3036179850605,-0.601583937512044,-1.28801719511148));
#2328=CARTESIAN_POINT('Ctrl Pts',(0.10451549611158,-0.70207049098384,-1.30391864196471));
#2329=CARTESIAN_POINT('Ctrl Pts',(-0.149425480036811,-0.693900921745964,
-1.31982008881793));
#2330=CARTESIAN_POINT('Ctrl Pts',(-0.341657412115414,-0.580824696016181,
-1.33572153567116));
#2331=CARTESIAN_POINT('Ctrl Pts',(-0.533889344194015,-0.467748470286399,
-1.35162298252439));
#2332=CARTESIAN_POINT('Ctrl Pts',(-0.66441223220283,-0.249765588064714,
-1.36752442937762));
#2333=CARTESIAN_POINT('Ctrl Pts',(-0.673321918091036,-0.026920426491021,
-1.38342587623085));
#2334=CARTESIAN_POINT('Ctrl Pts',(-0.682231603979242,0.195924735082675,
-1.39932732308407));
#2335=CARTESIAN_POINT('Ctrl Pts',(-0.569528087746834,0.423632176008377,
-1.4152287699373));
#2336=CARTESIAN_POINT('Ctrl Pts',(-0.38693723412401,0.55169438241712,-1.43113021679053));
#2337=CARTESIAN_POINT('Ctrl Pts',(-0.204346380501188,0.679756588825863,
-1.44703166364376));
#2338=CARTESIAN_POINT('Ctrl Pts',(0.048131810512051,0.708173560717647,-1.46293311049699));
#2339=CARTESIAN_POINT('Ctrl Pts',(0.25462116049192,0.623903181091654,-1.47883455735021));
#2340=CARTESIAN_POINT('Ctrl Pts',(0.461110510471786,0.539632801465661,-1.49473600420344));
#2341=CARTESIAN_POINT('Ctrl Pts',(0.621611019418284,0.342675070321894,-1.51063745105667));
#2342=CARTESIAN_POINT('Ctrl Pts',(0.662460144293434,0.123424762375049,-1.5265388979099));
#2343=CARTESIAN_POINT('Ctrl Pts',(0.669991231391091,0.0830030111041891,
-1.52947054409807));
#2344=CARTESIAN_POINT('Ctrl Pts',(0.673455380472663,0.0418235374820115,
-1.53240219028624));
#2345=CARTESIAN_POINT('Ctrl Pts',(0.673079230046184,0.000581028686059916,
-1.53533383647442));
#2346=CARTESIAN_POINT('Origin',(0.,0.,0.));
#2347=CARTESIAN_POINT('',(0.671640118557624,-4.29607990650588E-5,-1.9146661635256));
#2348=CARTESIAN_POINT('',(0.671650970773359,9.9553226536006E-5,-1.83533383647441));
#2349=CARTESIAN_POINT('',(0.67275,-8.23881134126382E-17,0.));
#2350=CARTESIAN_POINT('Ctrl Pts',(0.671640118557624,-4.29607990650588E-5,
-1.9146661635256));
#2351=CARTESIAN_POINT('Ctrl Pts',(0.671574766914209,0.11501827358688,-1.90653147730162));
#2352=CARTESIAN_POINT('Ctrl Pts',(0.643547758984246,0.230109360565897,-1.89839679107764));
#2353=CARTESIAN_POINT('Ctrl Pts',(0.587739537916719,0.329620002544478,-1.89026210485366));
#2354=CARTESIAN_POINT('Ctrl Pts',(0.478647258651838,0.524140496781692,-1.87436065800043));
#2355=CARTESIAN_POINT('Ctrl Pts',(0.263399386796177,0.659126104487515,-1.8584592111472));
#2356=CARTESIAN_POINT('Ctrl Pts',(0.0407850522317785,0.672624479202503,
-1.84255776429397));
#2357=CARTESIAN_POINT('Ctrl Pts',(-0.181829282332617,0.686122853917491,
-1.82665631744074));
#2358=CARTESIAN_POINT('Ctrl Pts',(-0.41181007960575,0.57813399564164,-1.81075487058752));
#2359=CARTESIAN_POINT('Ctrl Pts',(-0.543606456987346,0.398219952324896,
-1.79485342373429));
#2360=CARTESIAN_POINT('Ctrl Pts',(-0.675402834368945,0.218305909008148,
-1.77895197688106));
#2361=CARTESIAN_POINT('Ctrl Pts',(-0.70901479185901,-0.033533319349495,
-1.76305053002783));
#2362=CARTESIAN_POINT('Ctrl Pts',(-0.629015946815761,-0.241714809557553,
-1.7471490831746));
#2363=CARTESIAN_POINT('Ctrl Pts',(-0.549017101772513,-0.449896299765608,
-1.73124763632138));
#2364=CARTESIAN_POINT('Ctrl Pts',(-0.355407454195952,-0.614420051824077,
-1.71534618946815));
#2365=CARTESIAN_POINT('Ctrl Pts',(-0.137045158436062,-0.659777034351193,
-1.69944474261492));
#2366=CARTESIAN_POINT('Ctrl Pts',(0.0813171373238271,-0.70513401687831,
-1.68354329576169));
#2367=CARTESIAN_POINT('Ctrl Pts',(0.324432081267047,-0.631324229874074,
-1.66764184890847));
#2368=CARTESIAN_POINT('Ctrl Pts',(0.480720805893406,-0.472223058828277,
-1.65174040205524));
#2369=CARTESIAN_POINT('Ctrl Pts',(0.602183242818652,-0.34857488139844,-1.63938232254536));
#2370=CARTESIAN_POINT('Ctrl Pts',(0.67120363980258,-0.173411686917878,-1.62702424303548));
#2371=CARTESIAN_POINT('Ctrl Pts',(0.672817443249722,0.000616170690267859,
-1.61466616352559));
#2372=CARTESIAN_POINT('Ctrl Pts',(0.673079230046184,0.000581028686059916,
-1.53533383647442));
#2373=CARTESIAN_POINT('Ctrl Pts',(0.671415115163843,-0.181878614693953,
-1.54830363713947));
#2374=CARTESIAN_POINT('Ctrl Pts',(0.594587224446882,-0.365572006030686,
-1.56127343780453));
#2375=CARTESIAN_POINT('Ctrl Pts',(0.462220073263154,-0.490346529117005,
-1.57424323846958));
#2376=CARTESIAN_POINT('Ctrl Pts',(0.299933136553922,-0.643324627912285,
-1.59014468532281));
#2377=CARTESIAN_POINT('Ctrl Pts',(0.0541615223316557,-0.707737940752918,
-1.60604613217604));
#2378=CARTESIAN_POINT('Ctrl Pts',(-0.162296609266569,-0.654023642818569,
-1.62194757902927));
#2379=CARTESIAN_POINT('Ctrl Pts',(-0.378754740864788,-0.600309344884222,
-1.6378490258825));
#2380=CARTESIAN_POINT('Ctrl Pts',(-0.565899389838968,-0.428467436174901,
-1.65375047273572));
#2381=CARTESIAN_POINT('Ctrl Pts',(-0.637839546559845,-0.217365654115632,
-1.66965191958895));
#2382=CARTESIAN_POINT('Ctrl Pts',(-0.709779703280723,-0.0062638720563574,
-1.68555336644218));
#2383=CARTESIAN_POINT('Ctrl Pts',(-0.666515367748292,0.244097783352865,
-1.70145481329541));
#2384=CARTESIAN_POINT('Ctrl Pts',(-0.527902931690485,0.418814528708575,
-1.71735626014864));
#2385=CARTESIAN_POINT('Ctrl Pts',(-0.389290495632678,0.593531274064283,
-1.73325770700186));
#2386=CARTESIAN_POINT('Ctrl Pts',(-0.155329959049496,0.692603109366477,
-1.74915915385509));
#2387=CARTESIAN_POINT('Ctrl Pts',(0.0666012734114014,0.670560500719253,
-1.76506060070832));
#2388=CARTESIAN_POINT('Ctrl Pts',(0.288532505872296,0.64851789207203,-1.78096204756155));
#2389=CARTESIAN_POINT('Ctrl Pts',(0.498434434210908,0.505360839475393,-1.79686349441478));
#2390=CARTESIAN_POINT('Ctrl Pts',(0.599971477116404,0.306792016505624,-1.812764941268));
#2391=CARTESIAN_POINT('Ctrl Pts',(0.648008591853078,0.212849224208598,-1.82028790633681));
#2392=CARTESIAN_POINT('Ctrl Pts',(0.671791147588952,0.106504000547553,-1.82781087140561));
#2393=CARTESIAN_POINT('Ctrl Pts',(0.671650970773359,9.9553226536006E-5,
-1.83533383647441));
#2394=CARTESIAN_POINT('Origin',(0.,0.,0.));
#2395=CARTESIAN_POINT('',(0.672975614882478,-0.000599338136794692,-2.2146661635256));
#2396=CARTESIAN_POINT('',(0.672712775664075,-0.000620149679805662,-2.13533383647442));
#2397=CARTESIAN_POINT('',(0.67275,-8.23881134126382E-17,0.));
#2398=CARTESIAN_POINT('Ctrl Pts',(0.672975614882478,-0.000599338136794692,
-2.2146661635256));
#2399=CARTESIAN_POINT('Ctrl Pts',(0.671320156874859,0.178501604646632,-2.20194015842098));
#2400=CARTESIAN_POINT('Ctrl Pts',(0.597665213710662,0.358804753887529,-2.18921415331637));
#2401=CARTESIAN_POINT('Ctrl Pts',(0.469676739900602,0.483208930489001,-2.17648814821176));
#2402=CARTESIAN_POINT('Ctrl Pts',(0.309752089754175,0.638654915799134,-2.16058670135854));
#2403=CARTESIAN_POINT('Ctrl Pts',(0.0649959633606605,0.706825284867694,
-2.14468525450531));
#2404=CARTESIAN_POINT('Ctrl Pts',(-0.152259542561556,0.656432892386517,
-2.12878380765208));
#2405=CARTESIAN_POINT('Ctrl Pts',(-0.369515048483775,0.606040499905338,
-2.11288236079885));
#2406=CARTESIAN_POINT('Ctrl Pts',(-0.559269933934695,0.437085345874418,
-2.09698091394562));
#2407=CARTESIAN_POINT('Ctrl Pts',(-0.634435207683149,0.227110276649959,
-2.08107946709239));
#2408=CARTESIAN_POINT('Ctrl Pts',(-0.709600481431602,0.017135207425504,
-2.06517802023917));
#2409=CARTESIAN_POINT('Ctrl Pts',(-0.670176143477593,-0.233859776992489,
-2.04927657338594));
#2410=CARTESIAN_POINT('Ctrl Pts',(-0.53425619869595,-0.410679223558893,
-2.03337512653271));
#2411=CARTESIAN_POINT('Ctrl Pts',(-0.398336253914307,-0.587498670125298,
-2.01747367967948));
#2412=CARTESIAN_POINT('Ctrl Pts',(-0.165920702305029,-0.690142578840115,
-2.00157223282626));
#2413=CARTESIAN_POINT('Ctrl Pts',(0.0563221303705328,-0.671501994143359,
-1.98567078597303));
#2414=CARTESIAN_POINT('Ctrl Pts',(0.278564963046099,-0.652861409446603,
-1.9697693391198));
#2415=CARTESIAN_POINT('Ctrl Pts',(0.490635076787948,-0.512936331338268,
-1.95386789226657));
#2416=CARTESIAN_POINT('Ctrl Pts',(0.595201790321823,-0.315946101899799,
-1.93796644541334));
#2417=CARTESIAN_POINT('Ctrl Pts',(0.646275421627266,-0.219729954245358,
-1.93019968478409));
#2418=CARTESIAN_POINT('Ctrl Pts',(0.671702514396525,-0.109900064143422,
-1.92243292415484));
#2419=CARTESIAN_POINT('Ctrl Pts',(0.671640118557624,-4.29607990650588E-5,
-1.9146661635256));
#2420=CARTESIAN_POINT('Ctrl Pts',(0.671650970773359,9.9553226536006E-5,
-1.83533383647441));
#2421=CARTESIAN_POINT('Ctrl Pts',(0.671494852954747,-0.118405280373962,
-1.84371231825884));
#2422=CARTESIAN_POINT('Ctrl Pts',(0.641665605490135,-0.236983573448068,
-1.85209080004326));
#2423=CARTESIAN_POINT('Ctrl Pts',(0.582621623360183,-0.338584049739466,
-1.86046928182769));
#2424=CARTESIAN_POINT('Ctrl Pts',(0.470562569226085,-0.53141069967188,-1.87637072868092));
#2425=CARTESIAN_POINT('Ctrl Pts',(0.253272303485515,-0.663083406193797,
-1.89227217553415));
#2426=CARTESIAN_POINT('Ctrl Pts',(0.0304773233125966,-0.673170296068195,
-1.90817362238737));
#2427=CARTESIAN_POINT('Ctrl Pts',(-0.192317656860317,-0.683257185942594,
-1.9240750692406));
#2428=CARTESIAN_POINT('Ctrl Pts',(-0.420617351465574,-0.571758259169476,
-1.93997651609383));
#2429=CARTESIAN_POINT('Ctrl Pts',(-0.549642428712547,-0.389846527884766,
-1.95587796294706));
#2430=CARTESIAN_POINT('Ctrl Pts',(-0.678667505959522,-0.207934796600054,
-1.97177940980028));
#2431=CARTESIAN_POINT('Ctrl Pts',(-0.708417965848209,0.0443897391962516,
-1.98768085665351));
#2432=CARTESIAN_POINT('Ctrl Pts',(-0.625239680137261,0.251321421941489,
-2.00358230350674));
#2433=CARTESIAN_POINT('Ctrl Pts',(-0.542061394426313,0.458253104686727,
-2.01948375035997));
#2434=CARTESIAN_POINT('Ctrl Pts',(-0.34595436311573,0.619791934380897,-2.0353851972132));
#2435=CARTESIAN_POINT('Ctrl Pts',(-0.126922927804373,0.661798825280314,
-2.05128664406643));
#2436=CARTESIAN_POINT('Ctrl Pts',(0.0921085075069781,0.703805716179729,
-2.06718809091965));
#2437=CARTESIAN_POINT('Ctrl Pts',(0.334064346819107,0.626280668284394,-2.08308953777288));
#2438=CARTESIAN_POINT('Ctrl Pts',(0.48789769972858,0.464804205385877,-2.09899098462611));
#2439=CARTESIAN_POINT('Ctrl Pts',(0.605093382312696,0.341785731610578,-2.11110526857555));
#2440=CARTESIAN_POINT('Ctrl Pts',(0.671143384993404,0.170042438842185,-2.12321955252498));
#2441=CARTESIAN_POINT('Ctrl Pts',(0.672712775664075,-0.000620149679805662,
-2.13533383647442));
#2442=CARTESIAN_POINT('Origin',(0.,0.,0.));
#2443=CARTESIAN_POINT('',(0.673637402297921,0.000348398541704393,-2.51466616352559));
#2444=CARTESIAN_POINT('',(0.673782693118992,0.000207291348257017,-2.43533383647441));
#2445=CARTESIAN_POINT('',(0.67275,-8.23881134126382E-17,0.));
#2446=CARTESIAN_POINT('Ctrl Pts',(0.673637402297921,0.000348398541704393,
-2.51466616352559));
#2447=CARTESIAN_POINT('Ctrl Pts',(0.673762519585653,0.020224013377043,-2.51325028639358));
#2448=CARTESIAN_POINT('Ctrl Pts',(0.672959359191678,0.040089373130281,-2.51183440926157));
#2449=CARTESIAN_POINT('Ctrl Pts',(0.671195063390886,0.059869001893187,-2.51041853212955));
#2450=CARTESIAN_POINT('Ctrl Pts',(0.651380592717312,0.282010251609264,-2.49451708527633));
#2451=CARTESIAN_POINT('Ctrl Pts',(0.510337065460575,0.493338158060539,-2.4786156384231));
#2452=CARTESIAN_POINT('Ctrl Pts',(0.312797141753696,0.596862679867572,-2.46271419156987));
#2453=CARTESIAN_POINT('Ctrl Pts',(0.115257218046815,0.700387201674607,-2.44681274471664));
#2454=CARTESIAN_POINT('Ctrl Pts',(-0.138779102110212,0.696108338837398,
-2.43091129786341));
#2455=CARTESIAN_POINT('Ctrl Pts',(-0.332720528822633,0.585989897701291,
-2.41500985101019));
#2456=CARTESIAN_POINT('Ctrl Pts',(-0.526661955535055,0.475871456565184,
-2.39910840415696));
#2457=CARTESIAN_POINT('Ctrl Pts',(-0.660508488802871,0.259913437130184,
-2.38320695730373));
#2458=CARTESIAN_POINT('Ctrl Pts',(-0.672830566302127,0.0372308952019984,
-2.3673055104505));
#2459=CARTESIAN_POINT('Ctrl Pts',(-0.685152643801382,-0.185451646726184,
-2.35140406359728));
#2460=CARTESIAN_POINT('Ctrl Pts',(-0.575950265532075,-0.414858711147553,
-2.33550261674405));
#2461=CARTESIAN_POINT('Ctrl Pts',(-0.395342430754325,-0.545702733137048,
-2.31960116989082));
#2462=CARTESIAN_POINT('Ctrl Pts',(-0.214734595976572,-0.676546755126545,
-2.30369972303759));
#2463=CARTESIAN_POINT('Ctrl Pts',(0.0372786953096231,-0.708827734684169,
-2.28779827618436));
#2464=CARTESIAN_POINT('Ctrl Pts',(0.245034632827704,-0.627730148410106,
-2.27189682933113));
#2465=CARTESIAN_POINT('Ctrl Pts',(0.452790570345785,-0.546632562136044,
-2.25599538247791));
#2466=CARTESIAN_POINT('Ctrl Pts',(0.616289154095749,-0.352156410030294,
-2.24009393562468));
#2467=CARTESIAN_POINT('Ctrl Pts',(0.66049185902106,-0.133557533201565,-2.22419248877145));
#2468=CARTESIAN_POINT('Ctrl Pts',(0.669318924628185,-0.0899043986101044,
-2.22101704702283));
#2469=CARTESIAN_POINT('Ctrl Pts',(0.673388691132823,-0.045289294352928,
-2.21784160527421));
#2470=CARTESIAN_POINT('Ctrl Pts',(0.672975614882478,-0.000599338136794692,
-2.2146661635256));
#2471=CARTESIAN_POINT('Ctrl Pts',(0.672712775664075,-0.000620149679805662,
-2.13533383647442));
#2472=CARTESIAN_POINT('Ctrl Pts',(0.673203397986808,-0.0539726240822096,
-2.13912099937821));
#2473=CARTESIAN_POINT('Ctrl Pts',(0.667392263692355,-0.107219480145649,
-2.142908162282));
#2474=CARTESIAN_POINT('Ctrl Pts',(0.654871955428774,-0.158839027753668,
-2.1466953251858));
#2475=CARTESIAN_POINT('Ctrl Pts',(0.602301991712671,-0.375577920092988,
-2.16259677203902));
#2476=CARTESIAN_POINT('Ctrl Pts',(0.431451197773645,-0.563627826869923,
-2.17849821889225));
#2477=CARTESIAN_POINT('Ctrl Pts',(0.220732433759328,-0.636682265680081,
-2.19439966574548));
#2478=CARTESIAN_POINT('Ctrl Pts',(0.0100136697450132,-0.709736704490238,
-2.21030111259871));
#2479=CARTESIAN_POINT('Ctrl Pts',(-0.240573064344591,-0.667795675333614,
-2.22620255945194));
#2480=CARTESIAN_POINT('Ctrl Pts',(-0.416019684075101,-0.530108231596992,
-2.24210400630516));
#2481=CARTESIAN_POINT('Ctrl Pts',(-0.591466303805612,-0.392420787860369,
-2.25800545315839));
#2482=CARTESIAN_POINT('Ctrl Pts',(-0.691772809177028,-0.158986929543745,
-2.27390690001162));
#2483=CARTESIAN_POINT('Ctrl Pts',(-0.670903008046199,0.0630576604339163,
-2.28980834686485));
#2484=CARTESIAN_POINT('Ctrl Pts',(-0.650033206915369,0.285102250411579,
-2.30570979371808));
#2485=CARTESIAN_POINT('Ctrl Pts',(-0.507987099282294,0.495757572050277,
-2.32161124057131));
#2486=CARTESIAN_POINT('Ctrl Pts',(-0.309957484756223,0.598342270267138,
-2.33751268742453));
#2487=CARTESIAN_POINT('Ctrl Pts',(-0.111927870230155,0.700926968483996,
-2.35341413427776));
#2488=CARTESIAN_POINT('Ctrl Pts',(0.142085251188906,0.695441043279018,-2.36931558113099));
#2489=CARTESIAN_POINT('Ctrl Pts',(0.335501236787616,0.584402288546868,-2.38521702798422));
#2490=CARTESIAN_POINT('Ctrl Pts',(0.528917222386328,0.473363533814717,-2.40111847483744));
#2491=CARTESIAN_POINT('Ctrl Pts',(0.661736072164688,0.256771949555389,-2.41701992169067));
#2492=CARTESIAN_POINT('Ctrl Pts',(0.672999884479246,0.0340333694446896,
-2.4329213685439));
#2493=CARTESIAN_POINT('Ctrl Pts',(0.673569509500059,0.0227692019685077,
-2.43372552452074));
#2494=CARTESIAN_POINT('Ctrl Pts',(0.673828263481123,0.0114893138522638,
-2.43452968049758));
#2495=CARTESIAN_POINT('Ctrl Pts',(0.673782693118992,0.000207291348257017,
-2.43533383647441));
#2496=CARTESIAN_POINT('Origin',(0.,0.,0.));
#2497=CARTESIAN_POINT('',(0.671903890439236,0.000415672021206598,-2.8146661635256));
#2498=CARTESIAN_POINT('',(0.672086518163886,0.000510806752751455,-2.73533383647442));
#2499=CARTESIAN_POINT('',(0.67275,-8.23881134126382E-17,0.));
#2500=CARTESIAN_POINT('Ctrl Pts',(0.671903890439236,0.000415672021206598,
-2.8146661635256));
#2501=CARTESIAN_POINT('Ctrl Pts',(0.672381579371881,0.0853012271963215,
-2.80865896751295));
#2502=CARTESIAN_POINT('Ctrl Pts',(0.657477830446275,0.170025220141494,-2.80265177150031));
#2503=CARTESIAN_POINT('Ctrl Pts',(0.626426828766459,0.248347616677873,-2.79664457548766));
#2504=CARTESIAN_POINT('Ctrl Pts',(0.544232764861815,0.455672202610979,-2.78074312863443));
#2505=CARTESIAN_POINT('Ctrl Pts',(0.348895536455806,0.61814105447114,-2.76484168178121));
#2506=CARTESIAN_POINT('Ctrl Pts',(0.130066180101958,0.66118824800632,-2.74894023492798));
#2507=CARTESIAN_POINT('Ctrl Pts',(-0.0887631762518951,0.704235441541502,
-2.73303878807475));
#2508=CARTESIAN_POINT('Ctrl Pts',(-0.33108466055359,0.627860976751696,-2.71713734122152));
#2509=CARTESIAN_POINT('Ctrl Pts',(-0.485683567730706,0.467117311330199,
-2.70123589436829));
#2510=CARTESIAN_POINT('Ctrl Pts',(-0.64028247490782,0.306373645908706,-2.68533444751506));
#2511=CARTESIAN_POINT('Ctrl Pts',(-0.707158804960363,0.0612607798555281,
-2.66943300066184));
#2512=CARTESIAN_POINT('Ctrl Pts',(-0.655619318514403,-0.155725462589428,
-2.65353155380861));
#2513=CARTESIAN_POINT('Ctrl Pts',(-0.604079832068443,-0.372711705034385,
-2.63763010695538));
#2514=CARTESIAN_POINT('Ctrl Pts',(-0.43412452912398,-0.561571323871118,
-2.62172866010215));
#2515=CARTESIAN_POINT('Ctrl Pts',(-0.223755279580951,-0.63562621513562,
-2.60582721324892));
#2516=CARTESIAN_POINT('Ctrl Pts',(-0.0133860300379195,-0.709681106400122,
-2.58992576639569));
#2517=CARTESIAN_POINT('Ctrl Pts',(0.237397166103682,-0.668931270092391,
-2.57402431954247));
#2518=CARTESIAN_POINT('Ctrl Pts',(0.413496057129276,-0.532079055448084,
-2.55812287268924));
#2519=CARTESIAN_POINT('Ctrl Pts',(0.573914966636366,-0.407412267889045,
-2.54363730296803));
#2520=CARTESIAN_POINT('Ctrl Pts',(0.672357351117067,-0.202995237667632,
-2.52915173324681));
#2521=CARTESIAN_POINT('Ctrl Pts',(0.673637402297921,0.000348398541704393,
-2.51466616352559));
#2522=CARTESIAN_POINT('Ctrl Pts',(0.673782693118992,0.000207291348257017,
-2.43533383647441));
#2523=CARTESIAN_POINT('Ctrl Pts',(0.672927151368075,-0.211602333056668,
-2.4504311273508));
#2524=CARTESIAN_POINT('Ctrl Pts',(0.564807569613871,-0.424164256972104,
-2.46552841822719));
#2525=CARTESIAN_POINT('Ctrl Pts',(0.392744940228193,-0.547575133356136,
-2.48062570910359));
#2526=CARTESIAN_POINT('Ctrl Pts',(0.211517408811829,-0.677559480084186,
-2.49652715595681));
#2527=CARTESIAN_POINT('Ctrl Pts',(-0.0406464288716521,-0.708642597578219,
-2.51242860281004));
#2528=CARTESIAN_POINT('Ctrl Pts',(-0.248014668493952,-0.626558727460301,
-2.52833004966327));
#2529=CARTESIAN_POINT('Ctrl Pts',(-0.455382908116256,-0.544474857342382,
-2.5442314965165));
#2530=CARTESIAN_POINT('Ctrl Pts',(-0.617955549677376,-0.349223999612509,
-2.56013294336972));
#2531=CARTESIAN_POINT('Ctrl Pts',(-0.661119034102408,-0.13041755055335,
-2.57603439022295));
#2532=CARTESIAN_POINT('Ctrl Pts',(-0.704282518527441,0.088388898505808,
-2.59193583707618));
#2533=CARTESIAN_POINT('Ctrl Pts',(-0.628036845816385,0.330750938894255,
-2.60783728392941));
#2534=CARTESIAN_POINT('Ctrl Pts',(-0.467375363868394,0.485435252112703,
-2.62373873078264));
#2535=CARTESIAN_POINT('Ctrl Pts',(-0.306713881920403,0.64011956533115,-2.63964017763587));
#2536=CARTESIAN_POINT('Ctrl Pts',(-0.0616365907354788,0.707126151379604,
-2.65554162448909));
#2537=CARTESIAN_POINT('Ctrl Pts',(0.155377012717214,0.655701989217595,-2.67144307134232));
#2538=CARTESIAN_POINT('Ctrl Pts',(0.372390616169909,0.604277827055586,-2.68734451819555));
#2539=CARTESIAN_POINT('Ctrl Pts',(0.56134053189037,0.434422916683111,-2.70324596504878));
#2540=CARTESIAN_POINT('Ctrl Pts',(0.63550721369034,0.224093052307244,-2.71914741190201));
#2541=CARTESIAN_POINT('Ctrl Pts',(0.660672500258742,0.152726622227665,-2.72454288675948));
#2542=CARTESIAN_POINT('Ctrl Pts',(0.672622867429248,0.0767003369016433,
-2.72993836161695));
#2543=CARTESIAN_POINT('Ctrl Pts',(0.672086518163886,0.000510806752751455,
-2.73533383647442));
#2544=CARTESIAN_POINT('Origin',(0.,0.,0.));
#2545=CARTESIAN_POINT('',(0.672117492134605,-0.000522944702127382,-3.1146661635256));
#2546=CARTESIAN_POINT('',(0.671928885069749,-0.000431610307579534,-3.03533383647442));
#2547=CARTESIAN_POINT('',(0.67275,-8.23881134126382E-17,0.));
#2548=CARTESIAN_POINT('Ctrl Pts',(0.672117492134605,-0.000522944702127381,
-3.1146661635256));
#2549=CARTESIAN_POINT('Ctrl Pts',(0.671035611018941,0.149121382073674,-3.10406764863232));
#2550=CARTESIAN_POINT('Ctrl Pts',(0.621719611623462,0.299412752617849,-3.09346913373904));
#2551=CARTESIAN_POINT('Ctrl Pts',(0.529887060780731,0.416301349175259,-3.08287061884577));
#2552=CARTESIAN_POINT('Ctrl Pts',(0.392106396100207,0.591674769378234,-3.06696917199254));
#2553=CARTESIAN_POINT('Ctrl Pts',(0.158619263988972,0.69185720179317,-3.05106772513931));
#2554=CARTESIAN_POINT('Ctrl Pts',(-0.0634142023490002,0.67086939820536,
-3.03516627828608));
#2555=CARTESIAN_POINT('Ctrl Pts',(-0.285447668686966,0.649881594617552,
-3.01926483143285));
#2556=CARTESIAN_POINT('Ctrl Pts',(-0.496027469251669,0.507723555027004,
-3.00336338457963));
#2557=CARTESIAN_POINT('Ctrl Pts',(-0.59850690974979,0.309639450796792,-2.9874619377264));
#2558=CARTESIAN_POINT('Ctrl Pts',(-0.700986350247914,0.111555346566573,
-2.97156049087317));
#2559=CARTESIAN_POINT('Ctrl Pts',(-0.695365430679445,-0.142454822303319,
-2.95565904401994));
#2560=CARTESIAN_POINT('Ctrl Pts',(-0.58422390130402,-0.335811768187319,
-2.93975759716671));
#2561=CARTESIAN_POINT('Ctrl Pts',(-0.473082371928595,-0.529168714071319,
-2.92385615031349));
#2562=CARTESIAN_POINT('Ctrl Pts',(-0.256420232746219,-0.661872436969431,
-2.90795470346026));
#2563=CARTESIAN_POINT('Ctrl Pts',(-0.0336756989814459,-0.673017873318453,
-2.89205325660703));
#2564=CARTESIAN_POINT('Ctrl Pts',(0.189068834783324,-0.684163309667475,
-2.8761518097538));
#2565=CARTESIAN_POINT('Ctrl Pts',(0.417895763130488,-0.57375045946741,-2.86025036290057));
#2566=CARTESIAN_POINT('Ctrl Pts',(0.547783777602433,-0.392453874364352,
-2.84434891604735));
#2567=CARTESIAN_POINT('Ctrl Pts',(0.628603127453595,-0.279646913708026,
-2.83445466520676));
#2568=CARTESIAN_POINT('Ctrl Pts',(0.671117105038292,-0.139396475589222,
-2.82456041436618));
#2569=CARTESIAN_POINT('Ctrl Pts',(0.671903890439236,0.000415672021206598,
-2.8146661635256));
#2570=CARTESIAN_POINT('Ctrl Pts',(0.672086518163886,0.000510806752751455,
-2.73533383647442));
#2571=CARTESIAN_POINT('Ctrl Pts',(0.671042148481757,-0.147844081604489,
-2.74583980847018));
#2572=CARTESIAN_POINT('Ctrl Pts',(0.622654167652093,-0.296817915659374,
-2.75634578046593));
#2573=CARTESIAN_POINT('Ctrl Pts',(0.532298735093753,-0.413213227477568,
-2.76685175246169));
#2574=CARTESIAN_POINT('Ctrl Pts',(0.395540126817721,-0.589384824507253,
-2.78275319931492));
#2575=CARTESIAN_POINT('Ctrl Pts',(0.16263946238618,-0.690923200187371,-2.79865464616815));
#2576=CARTESIAN_POINT('Ctrl Pts',(-0.0595122873875909,-0.671226789091983,
-2.81455609302138));
#2577=CARTESIAN_POINT('Ctrl Pts',(-0.281664037161368,-0.651530377996595,
-2.83045753987461));
#2578=CARTESIAN_POINT('Ctrl Pts',(-0.493066872277378,-0.510599180125693,
-2.84635898672783));
#2579=CARTESIAN_POINT('Ctrl Pts',(-0.596696362455934,-0.313114301456662,
-2.86226043358106));
#2580=CARTESIAN_POINT('Ctrl Pts',(-0.700325852634487,-0.115629422787635,
-2.87816188043429));
#2581=CARTESIAN_POINT('Ctrl Pts',(-0.696181997875595,0.138409136679517,
-2.89406332728752));
#2582=CARTESIAN_POINT('Ctrl Pts',(-0.586166641865139,0.332409059307027,
-2.90996477414075));
#2583=CARTESIAN_POINT('Ctrl Pts',(-0.476151285854684,0.526408981934536,
-2.92586622099397));
#2584=CARTESIAN_POINT('Ctrl Pts',(-0.260264428592664,0.660370267722402,
-2.9417676678472));
#2585=CARTESIAN_POINT('Ctrl Pts',(-0.0375884656355266,0.672810688080981,
-2.95766911470043));
#2586=CARTESIAN_POINT('Ctrl Pts',(0.185087497321618,0.685251108439561,-2.97357056155366));
#2587=CARTESIAN_POINT('Ctrl Pts',(0.414552565973883,0.576170663368846,-2.98947200840689));
#2588=CARTESIAN_POINT('Ctrl Pts',(0.54549255405287,0.395632390253519,-3.00537345526012));
#2589=CARTESIAN_POINT('Ctrl Pts',(0.627728508119442,0.282246576240659,-3.01536024899822));
#2590=CARTESIAN_POINT('Ctrl Pts',(0.671102414961835,0.140675071113934,-3.02534704273632));
#2591=CARTESIAN_POINT('Ctrl Pts',(0.671928885069749,-0.000431610307579534,
-3.03533383647442));
#2592=CARTESIAN_POINT('Origin',(0.,0.,0.));
#2593=CARTESIAN_POINT('',(0.673798784225951,-0.000184344349323309,-3.4146661635256));
#2594=CARTESIAN_POINT('',(0.673663330577133,-0.000328422513230192,-3.33533383647442));
#2595=CARTESIAN_POINT('',(0.67275,-8.23881134126382E-17,0.));
#2596=CARTESIAN_POINT('Ctrl Pts',(0.673798784225951,-0.000184344349323309,
-3.4146661635256));
#2597=CARTESIAN_POINT('Ctrl Pts',(0.673023630450527,0.212910040040254,-3.39947632975169));
#2598=CARTESIAN_POINT('Ctrl Pts',(0.563390754514707,0.426690885037131,-3.38428649597778));
#2599=CARTESIAN_POINT('Ctrl Pts',(0.38955436378052,0.549849532297279,-3.36909666220387));
#2600=CARTESIAN_POINT('Ctrl Pts',(0.207574088712281,0.678777913810358,-3.35319521535064));
#2601=CARTESIAN_POINT('Ctrl Pts',(-0.0447662211428418,0.708394271593205,
-3.33729376849742));
#2602=CARTESIAN_POINT('Ctrl Pts',(-0.251653668635875,0.625106024263155,
-3.32139232164419));
#2603=CARTESIAN_POINT('Ctrl Pts',(-0.458541116128914,0.541817776933102,
-3.30549087479096));
#2604=CARTESIAN_POINT('Ctrl Pts',(-0.619975701259859,0.345624924490155,
-3.28958942793773));
#2605=CARTESIAN_POINT('Ctrl Pts',(-0.661866181869304,0.126571196588055,
-3.2736879810845));
#2606=CARTESIAN_POINT('Ctrl Pts',(-0.703756662478747,-0.092482531314038,
-3.25778653423128));
#2607=CARTESIAN_POINT('Ctrl Pts',(-0.626103038566689,-0.334397134675277,
-3.24188508737805));
#2608=CARTESIAN_POINT('Ctrl Pts',(-0.464544844556052,-0.488144648546284,
-3.22598364052482));
#2609=CARTESIAN_POINT('Ctrl Pts',(-0.302986650545413,-0.641892162417294,
-3.21008219367159));
#2610=CARTESIAN_POINT('Ctrl Pts',(-0.0575238864361894,-0.707472586798071,
-3.19418074681836));
#2611=CARTESIAN_POINT('Ctrl Pts',(0.159187035999729,-0.654787444960274,
-3.17827929996514));
#2612=CARTESIAN_POINT('Ctrl Pts',(0.375897958435648,-0.602102303122476,
-3.16237785311191));
#2613=CARTESIAN_POINT('Ctrl Pts',(0.563857039198264,-0.431151595066103,
-3.14647640625868));
#2614=CARTESIAN_POINT('Ctrl Pts',(0.636799480954665,-0.220394037042411,
-3.13057495940545));
#2615=CARTESIAN_POINT('Ctrl Pts',(0.66112486525442,-0.150109049735218,-3.1252720274455));
#2616=CARTESIAN_POINT('Ctrl Pts',(0.672658807781456,-0.0753969898938945,
-3.11996909548555));
#2617=CARTESIAN_POINT('Ctrl Pts',(0.672117492134605,-0.000522944702127381,
-3.1146661635256));
#2618=CARTESIAN_POINT('Ctrl Pts',(0.671928885069749,-0.000431610307579534,
-3.03533383647442));
#2619=CARTESIAN_POINT('Ctrl Pts',(0.672418359882839,-0.0840016824170176,
-3.04124848958954));
#2620=CARTESIAN_POINT('Ctrl Pts',(0.657984021691072,-0.167408714339099,
-3.04716314270467));
#2621=CARTESIAN_POINT('Ctrl Pts',(0.627860286242115,-0.24470099244753,-3.0530777958198));
#2622=CARTESIAN_POINT('Ctrl Pts',(0.546873122846663,-0.45250000087333,-3.06897924267303));
#2623=CARTESIAN_POINT('Ctrl Pts',(0.352483888550046,-0.616101916564997,
-3.08488068952625));
#2624=CARTESIAN_POINT('Ctrl Pts',(0.133908533080574,-0.660420789734125,
-3.10078213637948));
#2625=CARTESIAN_POINT('Ctrl Pts',(-0.0846668223889034,-0.704739662903254,
-3.11668358323271));
#2626=CARTESIAN_POINT('Ctrl Pts',(-0.327428299031237,-0.629775493549835,
-3.13258503008594));
#2627=CARTESIAN_POINT('Ctrl Pts',(-0.48295925500171,-0.469933476944375,
-3.14848647693917));
#2628=CARTESIAN_POINT('Ctrl Pts',(-0.63849021097218,-0.310091460338921,
-3.1643879237924));
#2629=CARTESIAN_POINT('Ctrl Pts',(-0.706790646270799,-0.0653715964814292,
-3.18028937064562));
#2630=CARTESIAN_POINT('Ctrl Pts',(-0.656513721016888,0.151910660789153,
-3.19619081749885));
#2631=CARTESIAN_POINT('Ctrl Pts',(-0.606236795762976,0.369192918059738,
-3.21209226435208));
#2632=CARTESIAN_POINT('Ctrl Pts',(-0.437382509956539,0.559037568743409,
-3.22799371120531));
#2633=CARTESIAN_POINT('Ctrl Pts',(-0.22744741595772,0.634314423388742,-3.24389515805854));
#2634=CARTESIAN_POINT('Ctrl Pts',(-0.0175123219589001,0.709591278034075,
-3.25979660491176));
#2635=CARTESIAN_POINT('Ctrl Pts',(0.233503580232302,0.670300336641062,-3.27569805176499));
#2636=CARTESIAN_POINT('Ctrl Pts',(0.410395237249985,0.534474381039321,-3.29159949861822));
#2637=CARTESIAN_POINT('Ctrl Pts',(0.572565794503051,0.409951996655965,-3.30617761123695));
#2638=CARTESIAN_POINT('Ctrl Pts',(0.672436128697269,0.204293502162957,-3.32075572385568));
#2639=CARTESIAN_POINT('Ctrl Pts',(0.673663330577133,-0.000328422513230192,
-3.33533383647442));
#2640=CARTESIAN_POINT('Origin',(0.,0.,0.));
#2641=CARTESIAN_POINT('',(0.672673288863172,0.000620171226657813,-3.7146661635256));
#2642=CARTESIAN_POINT('',(0.672935946608483,0.000604798629744,-3.63533383647441));
#2643=CARTESIAN_POINT('',(0.67275,-8.23881134126382E-17,0.));
#2644=CARTESIAN_POINT('Ctrl Pts',(0.672673288863172,0.000620171226657813,
-3.7146661635256));
#2645=CARTESIAN_POINT('Ctrl Pts',(0.673173311719318,0.0552845520171797,
-3.71078645772429));
#2646=CARTESIAN_POINT('Ctrl Pts',(0.667070813731068,0.10983872008046,-3.70690675192298));
#2647=CARTESIAN_POINT('Ctrl Pts',(0.653937294943426,0.162644166172837,-3.70302704612167));
#2648=CARTESIAN_POINT('Ctrl Pts',(0.600107968264332,0.37907371975268,-3.68712559926844));
#2649=CARTESIAN_POINT('Ctrl Pts',(0.428166626681504,0.566127016117106,-3.67122415241521));
#2650=CARTESIAN_POINT('Ctrl Pts',(0.21702664285356,0.637954972392014,-3.65532270556198));
#2651=CARTESIAN_POINT('Ctrl Pts',(0.00588665902561278,0.709782928666923,
-3.63942125870875));
#2652=CARTESIAN_POINT('Ctrl Pts',(-0.244451967047452,0.66638554485231,-3.62351981185552));
#2653=CARTESIAN_POINT('Ctrl Pts',(-0.419095021395379,0.527680275876964,
-3.6076183650023));
#2654=CARTESIAN_POINT('Ctrl Pts',(-0.593738075743306,0.388975006901619,
-3.59171691814907));
#2655=CARTESIAN_POINT('Ctrl Pts',(-0.692685558366095,0.154961852765542,
-3.57581547129584));
#2656=CARTESIAN_POINT('Ctrl Pts',(-0.670525007676764,-0.0669576327841541,
-3.55991402444261));
#2657=CARTESIAN_POINT('Ctrl Pts',(-0.648364456987434,-0.288877118333847,
-3.54401257758938));
#2658=CARTESIAN_POINT('Ctrl Pts',(-0.505095872985987,-0.498702935297157,
-3.52811113073615));
#2659=CARTESIAN_POINT('Ctrl Pts',(-0.306473117166707,-0.600134434074653,
-3.51220968388293));
#2660=CARTESIAN_POINT('Ctrl Pts',(-0.107850361347424,-0.701565932852151,
-3.4963082370297));
#2661=CARTESIAN_POINT('Ctrl Pts',(0.146126566289694,-0.69460311344383,-3.48040679017647));
#2662=CARTESIAN_POINT('Ctrl Pts',(0.338893634355697,-0.582441598017491,
-3.46450534332324));
#2663=CARTESIAN_POINT('Ctrl Pts',(0.531660702421701,-0.470280082591153,
-3.44860389647001));
#2664=CARTESIAN_POINT('Ctrl Pts',(0.66321791091659,-0.252919871146797,-3.43270244961679));
#2665=CARTESIAN_POINT('Ctrl Pts',(0.673186395023355,-0.0301195628029599,
-3.41680100276356));
#2666=CARTESIAN_POINT('Ctrl Pts',(0.673632499314169,-0.0201489220834438,
-3.41608938968424));
#2667=CARTESIAN_POINT('Ctrl Pts',(0.673835098617095,-0.0101673865154435,
-3.41537777660492));
#2668=CARTESIAN_POINT('Ctrl Pts',(0.673798784225951,-0.000184344349323309,
-3.4146661635256));
#2669=CARTESIAN_POINT('Ctrl Pts',(0.673663330577133,-0.000328422513230192,
-3.33533383647442));
#2670=CARTESIAN_POINT('Ctrl Pts',(0.673774730338044,-0.0189030628068125,
-3.33665717070891));
#2671=CARTESIAN_POINT('Ctrl Pts',(0.673073293316342,-0.0374691615825514,
-3.33798050494341));
#2672=CARTESIAN_POINT('Ctrl Pts',(0.671531834819184,-0.0559652532310682,
-3.3393038391779));
#2673=CARTESIAN_POINT('Ctrl Pts',(0.653009363526533,-0.278217962089254,
-3.35520528603113));
#2674=CARTESIAN_POINT('Ctrl Pts',(0.513197009097062,-0.490362409995154,
-3.37110673288436));
#2675=CARTESIAN_POINT('Ctrl Pts',(0.316262378493734,-0.595033799623452,
-3.38700817973759));
#2676=CARTESIAN_POINT('Ctrl Pts',(0.119327747890405,-0.699705189251751,
-3.40290962659082));
#2677=CARTESIAN_POINT('Ctrl Pts',(-0.134729158886778,-0.696903520602448,
-3.41881107344404));
#2678=CARTESIAN_POINT('Ctrl Pts',(-0.329307603606718,-0.587914634068278,
-3.43471252029727));
#2679=CARTESIAN_POINT('Ctrl Pts',(-0.523886048326654,-0.47892574753411,
-3.4506139671505));
#2680=CARTESIAN_POINT('Ctrl Pts',(-0.65898603098935,-0.263749643115071,
-3.46651541400373));
#2681=CARTESIAN_POINT('Ctrl Pts',(-0.672602712154259,-0.0411425126550606,
-3.48241686085696));
#2682=CARTESIAN_POINT('Ctrl Pts',(-0.686219393319168,0.18146461780495,-3.49831830771019));
#2683=CARTESIAN_POINT('Ctrl Pts',(-0.578352772986298,0.411502774305939,
-3.51421975456341));
#2684=CARTESIAN_POINT('Ctrl Pts',(-0.398508797366103,0.543394748931805,
-3.53012120141664));
#2685=CARTESIAN_POINT('Ctrl Pts',(-0.218664821745906,0.675286723557673,
-3.54602264826987));
#2686=CARTESIAN_POINT('Ctrl Pts',(0.0331565091616145,0.709032516308414,
-3.5619240951231));
#2687=CARTESIAN_POINT('Ctrl Pts',(0.24138048629371,0.629144320153531,-3.57782554197633));
#2688=CARTESIAN_POINT('Ctrl Pts',(0.449604463425803,0.549256123998649,-3.59372698882956));
#2689=CARTESIAN_POINT('Ctrl Pts',(0.61423108678247,0.355733938938148,-3.60962843568278));
#2690=CARTESIAN_POINT('Ctrl Pts',(0.659704111664899,0.137395777945551,-3.62552988253601));
#2691=CARTESIAN_POINT('Ctrl Pts',(0.669049496930826,0.0925240273196444,
-3.62879786718215));
#2692=CARTESIAN_POINT('Ctrl Pts',(0.673362265044017,0.04660413960231,-3.63206585182828));
#2693=CARTESIAN_POINT('Ctrl Pts',(0.672935946608483,0.000604798629744,-3.63533383647441));
#2694=CARTESIAN_POINT('Origin',(0.,0.,0.));
#2695=CARTESIAN_POINT('',(0.67165733690576,-0.000120847159730195,-4.0146661635256));
#2696=CARTESIAN_POINT('',(0.671638003283675,2.1366768515522E-5,-3.93533383647442));
#2697=CARTESIAN_POINT('',(0.67275,-8.23881134126382E-17,0.));
#2698=CARTESIAN_POINT('Ctrl Pts',(0.67165733690576,-0.000120847159730195,
-4.0146661635256));
#2699=CARTESIAN_POINT('Ctrl Pts',(0.671465632136447,0.119690074877819,-4.00619513884365));
#2700=CARTESIAN_POINT('Ctrl Pts',(0.64093546138702,0.239592203355589,-3.99772411416171));
#2701=CARTESIAN_POINT('Ctrl Pts',(0.580643037589454,0.341966041306552,-3.98925308947977));
#2702=CARTESIAN_POINT('Ctrl Pts',(0.46746466677051,0.534137851029689,-3.97335164262654));
#2703=CARTESIAN_POINT('Ctrl Pts',(0.2494124500342,0.664544873089407,-3.95745019577331));
#2704=CARTESIAN_POINT('Ctrl Pts',(0.0265625859256013,0.673336126713047,
-3.94154874892009));
#2705=CARTESIAN_POINT('Ctrl Pts',(-0.196287278182994,0.682127380336686,
-3.92564730206686));
#2706=CARTESIAN_POINT('Ctrl Pts',(-0.423934789663877,0.569302865524249,
-3.90974585521363));
#2707=CARTESIAN_POINT('Ctrl Pts',(-0.551899939562112,0.38664397993415,-3.8938444083604));
#2708=CARTESIAN_POINT('Ctrl Pts',(-0.679865089460348,0.203985094344048,
-3.87794296150717));
#2709=CARTESIAN_POINT('Ctrl Pts',(-0.708147877775934,-0.0485081620237173,
-3.86204151465394));
#2710=CARTESIAN_POINT('Ctrl Pts',(-0.623767771766558,-0.254952696423014,
-3.84614006780072));
#2711=CARTESIAN_POINT('Ctrl Pts',(-0.539387665757183,-0.461397230822308,
-3.83023862094749));
#2712=CARTESIAN_POINT('Ctrl Pts',(-0.34234466542285,-0.621793043253134,
-3.81433717409426));
#2713=CARTESIAN_POINT('Ctrl Pts',(-0.12307268021206,-0.662525641687477,
-3.79843572724103));
#2714=CARTESIAN_POINT('Ctrl Pts',(0.0961993049987367,-0.70325824012182,
-3.7825342803878));
#2715=CARTESIAN_POINT('Ctrl Pts',(0.337700275085992,-0.624327624559674,
-3.76663283353457));
#2716=CARTESIAN_POINT('Ctrl Pts',(0.490592104241939,-0.461959411380966,
-3.75073138668135));
#2717=CARTESIAN_POINT('Ctrl Pts',(0.606180704199653,-0.339206517766098,
-3.73870964562943));
#2718=CARTESIAN_POINT('Ctrl Pts',(0.671123907130516,-0.168764071878815,
-3.72668790457751));
#2719=CARTESIAN_POINT('Ctrl Pts',(0.672673288863172,0.000620171226657813,
-3.7146661635256));
#2720=CARTESIAN_POINT('Ctrl Pts',(0.672935946608483,0.000604798629744,-3.63533383647441));
#2721=CARTESIAN_POINT('Ctrl Pts',(0.671287873429842,-0.177220680573596,
-3.64796729868151));
#2722=CARTESIAN_POINT('Ctrl Pts',(0.598815972281142,-0.35623355815475,-3.6606007608886));
#2723=CARTESIAN_POINT('Ctrl Pts',(0.472478473211645,-0.480469777505755,
-3.67323422309569));
#2724=CARTESIAN_POINT('Ctrl Pts',(0.313460383467773,-0.636843035039767,
-3.68913566994892));
#2725=CARTESIAN_POINT('Ctrl Pts',(0.0691047775718445,-0.706435413183096,
-3.70503711680215));
#2726=CARTESIAN_POINT('Ctrl Pts',(-0.14844006872247,-0.657307128169553,
-3.72093856365538));
#2727=CARTESIAN_POINT('Ctrl Pts',(-0.365984915016779,-0.608178843156011,
-3.73684001050861));
#2728=CARTESIAN_POINT('Ctrl Pts',(-0.556719001709475,-0.440329894985598,
-3.75274145736184));
#2729=CARTESIAN_POINT('Ctrl Pts',(-0.633103928068516,-0.230795431083571,
-3.76864290421506));
#2730=CARTESIAN_POINT('Ctrl Pts',(-0.70948885442756,-0.0212609671815386,
-3.78454435106829));
#2731=CARTESIAN_POINT('Ctrl Pts',(-0.671524620452948,0.229959012452111,
-3.80044579792152));
#2732=CARTESIAN_POINT('Ctrl Pts',(-0.536635108706945,0.407565792048256,
-3.81634724477475));
#2733=CARTESIAN_POINT('Ctrl Pts',(-0.401745596960942,0.585172571644401,
-3.83224869162798));
#2734=CARTESIAN_POINT('Ctrl Pts',(-0.169930807443541,0.68916615120304,-3.84815013848121));
#2735=CARTESIAN_POINT('Ctrl Pts',(0.0524166569693779,0.671818136713346,
-3.86405158533444));
#2736=CARTESIAN_POINT('Ctrl Pts',(0.27476412138229,0.654470122223651,-3.87995303218766));
#2737=CARTESIAN_POINT('Ctrl Pts',(0.487644260690724,0.515780513685637,-3.89585447904089));
#2738=CARTESIAN_POINT('Ctrl Pts',(0.59335462817525,0.319401627998116,-3.91175592589412));
#2739=CARTESIAN_POINT('Ctrl Pts',(0.645602066515638,0.222341198018864,-3.91961522942088));
#2740=CARTESIAN_POINT('Ctrl Pts',(0.671669655384688,0.111188206618787,-3.92747453294765));
#2741=CARTESIAN_POINT('Ctrl Pts',(0.671638264920697,2.13617412185775E-5,
-3.93533383647442));
#2742=CARTESIAN_POINT('Origin',(0.,0.,0.));
#2743=CARTESIAN_POINT('',(0.673118069750958,-0.000572600572645854,-4.3146661635256));
#2744=CARTESIAN_POINT('',(0.672857294864575,-0.000613164198660635,-4.23533383647442));
#2745=CARTESIAN_POINT('',(0.67275,-8.23881134126382E-17,0.));
#2746=CARTESIAN_POINT('Ctrl Pts',(0.673118069750958,-0.000572600572645854,
-4.3146661635256));
#2747=CARTESIAN_POINT('Ctrl Pts',(0.671454996430208,0.183161558626315,-4.30160381996303));
#2748=CARTESIAN_POINT('Ctrl Pts',(0.59340114671259,0.368138324693138,-4.28854147640045));
#2749=CARTESIAN_POINT('Ctrl Pts',(0.45936108396972,0.493025866504129,-4.27547913283788));
#2750=CARTESIAN_POINT('Ctrl Pts',(0.296187383653338,0.645057743419973,-4.25957768598465));
#2751=CARTESIAN_POINT('Ctrl Pts',(0.0500453871171799,0.708040901226594,
-4.24367623913142));
#2752=CARTESIAN_POINT('Ctrl Pts',(-0.166096756613139,0.653068892193295,
-4.22777479227819));
#2753=CARTESIAN_POINT('Ctrl Pts',(-0.382238900343457,0.598096883159996,
-4.21187334542496));
#2754=CARTESIAN_POINT('Ctrl Pts',(-0.568381191267939,0.425169707286767,
-4.19597189857173));
#2755=CARTESIAN_POINT('Ctrl Pts',(-0.639092657195537,0.213653191005261,
-4.18007045171851));
#2756=CARTESIAN_POINT('Ctrl Pts',(-0.709804123123135,0.00213667472375174,
-4.16416900486528));
#2757=CARTESIAN_POINT('Ctrl Pts',(-0.665084764053854,-0.247969181966041,
-4.14826755801205));
#2758=CARTESIAN_POINT('Ctrl Pts',(-0.525458762332686,-0.421876995812506,
-4.13236611115883));
#2759=CARTESIAN_POINT('Ctrl Pts',(-0.385832760611517,-0.59578480965897,
-4.1164646643056));
#2760=CARTESIAN_POINT('Ctrl Pts',(-0.151300116238463,-0.693494580662103,
-4.10056321745236));
#2761=CARTESIAN_POINT('Ctrl Pts',(0.0704991942942259,-0.670161901417745,
-4.08466177059914));
#2762=CARTESIAN_POINT('Ctrl Pts',(0.292298504826915,-0.646829222173387,
-4.06876032374591));
#2763=CARTESIAN_POINT('Ctrl Pts',(0.501364481519235,-0.502454092681538,
-4.05285887689268));
#2764=CARTESIAN_POINT('Ctrl Pts',(0.601745207414606,-0.303298229242334,
-4.03695743003946));
#2765=CARTESIAN_POINT('Ctrl Pts',(0.648651075675976,-0.210236751447327,
-4.02952700786817));
#2766=CARTESIAN_POINT('Ctrl Pts',(0.671825492166987,-0.105213886655614,
-4.02209658569689));
#2767=CARTESIAN_POINT('Ctrl Pts',(0.67165733690576,-0.000120847159730195,
-4.0146661635256));
#2768=CARTESIAN_POINT('Ctrl Pts',(0.671638264920697,2.13617412185775E-5,
-3.93533383647442));
#2769=CARTESIAN_POINT('Ctrl Pts',(0.671606144185108,-0.113731682229029,
-3.94337597980088));
#2770=CARTESIAN_POINT('Ctrl Pts',(0.644246579140155,-0.227499231752532,
-3.95141812312734));
#2771=CARTESIAN_POINT('Ctrl Pts',(0.589646216366234,-0.326196956254686,
-3.9594602664538));
#2772=CARTESIAN_POINT('Ctrl Pts',(0.481686841412073,-0.521348491982942,
-3.97536171330703));
#2773=CARTESIAN_POINT('Ctrl Pts',(0.267227495843132,-0.657583400602414,
-3.99126316016026));
#2774=CARTESIAN_POINT('Ctrl Pts',(0.0446954113025563,-0.672375962504113,
-4.00716460701349));
#2775=CARTESIAN_POINT('Ctrl Pts',(-0.177836673238014,-0.687168524405811,
-4.02306605386671));
#2776=CARTESIAN_POINT('Ctrl Pts',(-0.408441496750219,-0.580518739589743,
-4.03896750071994));
#2777=CARTESIAN_POINT('Ctrl Pts',(-0.541281776547006,-0.401374081279488,
-4.05486894757317));
#2778=CARTESIAN_POINT('Ctrl Pts',(-0.674122056343796,-0.22222942296923,
-4.0707703944264));
#2779=CARTESIAN_POINT('Ctrl Pts',(-0.709197792425164,0.0294101088352181,
-4.08667184127963));
#2780=CARTESIAN_POINT('Ctrl Pts',(-0.630410793354521,0.238053242714651,
-4.10257328813286));
#2781=CARTESIAN_POINT('Ctrl Pts',(-0.551623794283877,0.446696376594086,
-4.11847473498609));
#2782=CARTESIAN_POINT('Ctrl Pts',(-0.358974060061219,0.612343112548505,
-4.13437618183931));
#2783=CARTESIAN_POINT('Ctrl Pts',(-0.140879187812095,0.65896901989869,-4.15027762869254));
#2784=CARTESIAN_POINT('Ctrl Pts',(0.0772156844370197,0.705594927248874,
-4.16617907554577));
#2785=CARTESIAN_POINT('Ctrl Pts',(0.320755694712597,0.633200005994837,-4.182080522399));
#2786=CARTESIAN_POINT('Ctrl Pts',(0.477966889111286,0.475010281634109,-4.19798196925222));
#2787=CARTESIAN_POINT('Ctrl Pts',(0.601061173407616,0.351149821329765,-4.21043259165962));
#2788=CARTESIAN_POINT('Ctrl Pts',(0.67122999973937,0.174691289347044,-4.22288321406702));
#2789=CARTESIAN_POINT('Ctrl Pts',(0.672857294864575,-0.000613164198660635,
-4.23533383647442));
#2790=CARTESIAN_POINT('Origin',(0.,0.,0.));
#2791=CARTESIAN_POINT('',(0.673533133090811,0.000416103478337133,-4.6146661635256));
#2792=CARTESIAN_POINT('',(0.673710641824976,0.000287413806567554,-4.53533383647442));
#2793=CARTESIAN_POINT('',(0.67275,-8.23881134126382E-17,0.));
#2794=CARTESIAN_POINT('Ctrl Pts',(0.673533133090811,0.000416103478337133,
-4.6146661635256));
#2795=CARTESIAN_POINT('Ctrl Pts',(0.673711524724937,0.0250231491977349,
-4.61291394793562));
#2796=CARTESIAN_POINT('Ctrl Pts',(0.672480256755588,0.0496121560945357,
-4.61116173234564));
#2797=CARTESIAN_POINT('Ctrl Pts',(0.669780089563347,0.0740387880269395,
-4.60940951675567));
#2798=CARTESIAN_POINT('Ctrl Pts',(0.645275933026977,0.295711732668228,-4.59350806990244));
#2799=CARTESIAN_POINT('Ctrl Pts',(0.499798287851186,0.504012033628666,-4.57760662304921));
#2800=CARTESIAN_POINT('Ctrl Pts',(0.300114875641335,0.603339184809647,-4.56170517619598));
#2801=CARTESIAN_POINT('Ctrl Pts',(0.100431463431495,0.702666335990621,-4.54580372934276));
#2802=CARTESIAN_POINT('Ctrl Pts',(-0.153457715812406,0.693020337392138,
-4.52990228248952));
#2803=CARTESIAN_POINT('Ctrl Pts',(-0.345028903282685,0.578828270221428,
-4.5140008356363));
#2804=CARTESIAN_POINT('Ctrl Pts',(-0.536600090752972,0.464636203050712,
-4.49809938878307));
#2805=CARTESIAN_POINT('Ctrl Pts',(-0.665853286449643,0.245898067307756,
-4.48219794192984));
#2806=CARTESIAN_POINT('Ctrl Pts',(-0.673467064208207,0.0230048676319022,
-4.46629649507661));
#2807=CARTESIAN_POINT('Ctrl Pts',(-0.681080841966771,-0.199888332043949,
-4.45039504822339));
#2808=CARTESIAN_POINT('Ctrl Pts',(-0.567055201787239,-0.426936595652694,
-4.43449360137016));
#2809=CARTESIAN_POINT('Ctrl Pts',(-0.38372280406001,-0.55393494216587,-4.41859215451693));
#2810=CARTESIAN_POINT('Ctrl Pts',(-0.200390406332781,-0.680933288679046,
-4.4026907076637));
#2811=CARTESIAN_POINT('Ctrl Pts',(0.0522487489421448,-0.707881718096645,
-4.38678926081047));
#2812=CARTESIAN_POINT('Ctrl Pts',(0.258244607956647,-0.622412108630046,
-4.37088781395725));
#2813=CARTESIAN_POINT('Ctrl Pts',(0.464240466971146,-0.536942499163447,
-4.35498636710402));
#2814=CARTESIAN_POINT('Ctrl Pts',(0.623593029725226,-0.339054850812653,
-4.33908492025079));
#2815=CARTESIAN_POINT('Ctrl Pts',(0.663166609053966,-0.119570728624723,
-4.32318347339756));
#2816=CARTESIAN_POINT('Ctrl Pts',(0.670232222663357,-0.0803832195067354,
-4.32034437010691));
#2817=CARTESIAN_POINT('Ctrl Pts',(0.673479539108652,-0.0405072611095117,
-4.31750526681625));
#2818=CARTESIAN_POINT('Ctrl Pts',(0.673118069750958,-0.000572600572645854,
-4.3146661635256));
#2819=CARTESIAN_POINT('Ctrl Pts',(0.672857294864575,-0.000613164198660635,
-4.23533383647442));
#2820=CARTESIAN_POINT('Ctrl Pts',(0.673308317280555,-0.0492006864898263,
-4.23878466092025));
#2821=CARTESIAN_POINT('Ctrl Pts',(0.668494108941797,-0.0976995546588416,
-4.24223548536608));
#2822=CARTESIAN_POINT('Ctrl Pts',(0.658082188529966,-0.144965333388529,
-4.24568630981191));
#2823=CARTESIAN_POINT('Ctrl Pts',(0.610103915028151,-0.362766696583008,
-4.26158775666513));
#2824=CARTESIAN_POINT('Ctrl Pts',(0.44326498950272,-0.554384895504539,-4.27748920351837));
#2825=CARTESIAN_POINT('Ctrl Pts',(0.23413700423481,-0.631875761517076,-4.29339065037159));
#2826=CARTESIAN_POINT('Ctrl Pts',(0.0250090189669023,-0.709366627529613,
-4.30929209722482));
#2827=CARTESIAN_POINT('Ctrl Pts',(-0.226408026043483,-0.67273016063316,
-4.32519354407805));
#2828=CARTESIAN_POINT('Ctrl Pts',(-0.40472497084801,-0.538780857786275,
-4.34109499093128));
#2829=CARTESIAN_POINT('Ctrl Pts',(-0.583041915652538,-0.404831554939389,
-4.3569964377845));
#2830=CARTESIAN_POINT('Ctrl Pts',(-0.688258760251206,-0.173569416142068,
-4.37289788463773));
#2831=CARTESIAN_POINT('Ctrl Pts',(-0.672085686783199,0.0488665976510831,
-4.38879933149096));
#2832=CARTESIAN_POINT('Ctrl Pts',(-0.655912613315191,0.271302611444237,
-4.40470077834419));
#2833=CARTESIAN_POINT('Ctrl Pts',(-0.518349621780506,0.48491250023322,-4.42060222519742));
#2834=CARTESIAN_POINT('Ctrl Pts',(-0.322531962346897,0.591658894980458,
-4.43650367205065));
#2835=CARTESIAN_POINT('Ctrl Pts',(-0.1267143029133,0.698405289727689,-4.45240511890387));
#2836=CARTESIAN_POINT('Ctrl Pts',(0.127358024419214,0.698288190433187,-4.4683065657571));
#2837=CARTESIAN_POINT('Ctrl Pts',(0.323077204075509,0.591361340426975,-4.48420801261033));
#2838=CARTESIAN_POINT('Ctrl Pts',(0.518796383731815,0.484434490420757,-4.50010945946356));
#2839=CARTESIAN_POINT('Ctrl Pts',(0.656162415711895,0.270697889702814,-4.51601090631679));
#2840=CARTESIAN_POINT('Ctrl Pts',(0.672130445459592,0.0482470624093054,
-4.53191235317001));
#2841=CARTESIAN_POINT('Ctrl Pts',(0.673275715398239,0.0322922921995914,
-4.53305284760482));
#2842=CARTESIAN_POINT('Ctrl Pts',(0.67379649661914,0.0162926947597727,-4.53419334203962));
#2843=CARTESIAN_POINT('Ctrl Pts',(0.673710641824976,0.000287413806567554,
-4.53533383647442));
#2844=CARTESIAN_POINT('Origin',(0.,0.,0.));
#2845=CARTESIAN_POINT('',(0.671821671824698,0.000353683812207052,-4.9146661635256));
#2846=CARTESIAN_POINT('',(0.671981116707211,0.00046154879065582,-4.83533383647442));
#2847=CARTESIAN_POINT('',(0.67275,-8.23881134126382E-17,0.));
#2848=CARTESIAN_POINT('Ctrl Pts',(0.671821671824698,0.000353683812207052,
-4.9146661635256));
#2849=CARTESIAN_POINT('Ctrl Pts',(0.672247748669411,0.0900193912007963,
-4.90832262905499));
#2850=CARTESIAN_POINT('Ctrl Pts',(0.655568986121868,0.179533051334581,-4.90197909458438));
#2851=CARTESIAN_POINT('Ctrl Pts',(0.621039072692962,0.26152931135276,-4.89563556011377));
#2852=CARTESIAN_POINT('Ctrl Pts',(0.53448234540152,0.467070745214863,-4.87973411326055));
#2853=CARTESIAN_POINT('Ctrl Pts',(0.335755572485049,0.625375610434812,-4.86383266640732));
#2854=CARTESIAN_POINT('Ctrl Pts',(0.116065439572715,0.663789066078054,-4.84793121955409));
#2855=CARTESIAN_POINT('Ctrl Pts',(-0.103624693339623,0.702202521721296,
-4.83202977270086));
#2856=CARTESIAN_POINT('Ctrl Pts',(-0.344278186247826,0.620724567787828,
-4.81612832584763));
#2857=CARTESIAN_POINT('Ctrl Pts',(-0.495445867401568,0.456749934846947,
-4.8002268789944));
#2858=CARTESIAN_POINT('Ctrl Pts',(-0.64661354855531,0.292775301906067,-4.78432543214118));
#2859=CARTESIAN_POINT('Ctrl Pts',(-0.708295417954591,0.0463039899577741,
-4.76842398528795));
#2860=CARTESIAN_POINT('Ctrl Pts',(-0.652182260948781,-0.169544710951769,
-4.75252253843472));
#2861=CARTESIAN_POINT('Ctrl Pts',(-0.596069103942972,-0.385393411861308,
-4.73662109158149));
#2862=CARTESIAN_POINT('Ctrl Pts',(-0.422160920532074,-0.570619501732099,
-4.72071964472826));
#2863=CARTESIAN_POINT('Ctrl Pts',(-0.210273775657493,-0.64021250361011,
-4.70481819787503));
#2864=CARTESIAN_POINT('Ctrl Pts',(0.0016133692170946,-0.709805505488122,
-4.68891675102181));
#2865=CARTESIAN_POINT('Ctrl Pts',(0.251479475555367,-0.663765419373349,
-4.67301530416858));
#2866=CARTESIAN_POINT('Ctrl Pts',(0.424647194776025,-0.523222582154894,
-4.65711385731535));
#2867=CARTESIAN_POINT('Ctrl Pts',(0.578733180107939,-0.398166470937342,
-4.6429646260521));
#2868=CARTESIAN_POINT('Ctrl Pts',(0.672092611444318,-0.198287059865727,
-4.62881539478885));
#2869=CARTESIAN_POINT('Ctrl Pts',(0.673533133090811,0.000416103478337133,
-4.6146661635256));
#2870=CARTESIAN_POINT('Ctrl Pts',(0.673710641824976,0.000287413806567554,
-4.53533383647442));
#2871=CARTESIAN_POINT('Ctrl Pts',(0.672599458383053,-0.206862383145251,
-4.55009478889285));
#2872=CARTESIAN_POINT('Ctrl Pts',(0.569870282699205,-0.414964229109779,
-4.56485574131127));
#2873=CARTESIAN_POINT('Ctrl Pts',(0.404228162017714,-0.539153695875876,
-4.5796166937297));
#2874=CARTESIAN_POINT('Ctrl Pts',(0.225787821312826,-0.67293857299848,-4.59551814058293));
#2875=CARTESIAN_POINT('Ctrl Pts',(-0.0256628876122688,-0.709343273374622,
-4.61141958743615));
#2876=CARTESIAN_POINT('Ctrl Pts',(-0.234719354580554,-0.631659670495216,
-4.62732103428938));
#2877=CARTESIAN_POINT('Ctrl Pts',(-0.443775821548842,-0.553976067615809,
-4.64322248114261));
#2878=CARTESIAN_POINT('Ctrl Pts',(-0.61043804656032,-0.362204161480851,
-4.65912392799584));
#2879=CARTESIAN_POINT('Ctrl Pts',(-0.658215534953412,-0.144358665451128,
-4.67502537484907));
#2880=CARTESIAN_POINT('Ctrl Pts',(-0.705993023346504,0.0734868305785958,
-4.6909268217023));
#2881=CARTESIAN_POINT('Ctrl Pts',(-0.634885775121212,0.317405916503084,
-4.70682826855552));
#2882=CARTESIAN_POINT('Ctrl Pts',(-0.477528831543792,0.475450659679064,
-4.72272971540875));
#2883=CARTESIAN_POINT('Ctrl Pts',(-0.320171887966378,0.633495402855039,
-4.73863116226198));
#2884=CARTESIAN_POINT('Ctrl Pts',(-0.0765652490368413,0.705665803282509,
-4.7545326091152));
#2885=CARTESIAN_POINT('Ctrl Pts',(0.141486551774322,0.658838880464601,-4.77043405596843));
#2886=CARTESIAN_POINT('Ctrl Pts',(0.359538352585494,0.612011957646691,-4.78633550282166));
#2887=CARTESIAN_POINT('Ctrl Pts',(0.552035315278291,0.446187711583392,-4.80223694967489));
#2888=CARTESIAN_POINT('Ctrl Pts',(0.630629958015068,0.237472042141282,-4.81813839652812));
#2889=CARTESIAN_POINT('Ctrl Pts',(0.658960073124617,0.162238683548829,-4.82387020984356));
#2890=CARTESIAN_POINT('Ctrl Pts',(0.672490813746733,0.0814324249739417,
-4.82960202315899));
#2891=CARTESIAN_POINT('Ctrl Pts',(0.671981116707211,0.00046154879065582,
-4.83533383647442));
#2892=CARTESIAN_POINT('Origin',(0.,0.,0.));
#2893=CARTESIAN_POINT('',(0.672236550166755,-0.000561523830618776,-5.2146661635256));
#2894=CARTESIAN_POINT('',(0.672027775833426,-0.000485000996192773,-5.13533383647442));
#2895=CARTESIAN_POINT('',(0.67275,-8.23881134126382E-17,0.));
#2896=CARTESIAN_POINT('Ctrl Pts',(0.672236550166755,-0.000561523830618776,
-5.2146661635256));
#2897=CARTESIAN_POINT('Ctrl Pts',(0.671023470512275,0.153762764804941,-5.20373131017436));
#2898=CARTESIAN_POINT('Ctrl Pts',(0.618245831680643,0.308836586025508,-5.19279645682312));
#2899=CARTESIAN_POINT('Ctrl Pts',(0.520971797759986,0.427405540963978,-5.18186160347188));
#2900=CARTESIAN_POINT('Ctrl Pts',(0.37951604788356,0.59982833209204,-5.16596015661865));
#2901=CARTESIAN_POINT('Ctrl Pts',(0.143964076217592,0.695054532637757,-5.15005870976542));
#2902=CARTESIAN_POINT('Ctrl Pts',(-0.0775763151850102,0.669379582770716,
-5.1341572629122));
#2903=CARTESIAN_POINT('Ctrl Pts',(-0.299116706587618,0.643704632903675,
-5.11825581605897));
#2904=CARTESIAN_POINT('Ctrl Pts',(-0.506645517726859,0.497128532623869,
-5.10235436920574));
#2905=CARTESIAN_POINT('Ctrl Pts',(-0.604916321768604,0.296923145217623,
-5.08645292235251));
#2906=CARTESIAN_POINT('Ctrl Pts',(-0.703187125810348,0.0967177578113767,
-5.07055147549928));
#2907=CARTESIAN_POINT('Ctrl Pts',(-0.692199922754596,-0.157116916721309,
-5.05465002864606));
#2908=CARTESIAN_POINT('Ctrl Pts',(-0.576997346567284,-0.348082134793351,
-5.03874858179283));
#2909=CARTESIAN_POINT('Ctrl Pts',(-0.461794770379974,-0.53904735286539,
-5.0228471349396));
#2910=CARTESIAN_POINT('Ctrl Pts',(-0.242376821061107,-0.667143114476788,
-5.00694568808637));
#2911=CARTESIAN_POINT('Ctrl Pts',(-0.0194465072250977,-0.673579203854102,
-4.99104424123314));
#2912=CARTESIAN_POINT('Ctrl Pts',(0.203483806610915,-0.680015293231417,
-4.97514279437991));
#2913=CARTESIAN_POINT('Ctrl Pts',(0.429926484964071,-0.564791710374644,
-4.95924134752668));
#2914=CARTESIAN_POINT('Ctrl Pts',(0.555954483307444,-0.380790917694127,
-4.94333990067346));
#2915=CARTESIAN_POINT('Ctrl Pts',(0.631706367839785,-0.270193217308395,
-4.93378198829084));
#2916=CARTESIAN_POINT('Ctrl Pts',(0.671179694521841,-0.134747178162546,
-4.92422407590822));
#2917=CARTESIAN_POINT('Ctrl Pts',(0.671821671824698,0.000353683812207052,
-4.9146661635256));
#2918=CARTESIAN_POINT('Ctrl Pts',(0.671981116707211,0.00046154879065582,
-4.83533383647442));
#2919=CARTESIAN_POINT('Ctrl Pts',(0.671076789957196,-0.143200516371359,
-4.84550347001222));
#2920=CARTESIAN_POINT('Ctrl Pts',(0.625973999049356,-0.28738078799103,-4.85567310355001));
#2921=CARTESIAN_POINT('Ctrl Pts',(0.540911568385042,-0.401872852942408,
-4.8658427370878));
#2922=CARTESIAN_POINT('Ctrl Pts',(0.407906213237485,-0.580894985763071,
-4.88174418394103));
#2923=CARTESIAN_POINT('Ctrl Pts',(0.177203180161614,-0.687332158583486,
-4.89764563079426));
#2924=CARTESIAN_POINT('Ctrl Pts',(-0.045315174365671,-0.672334477560868,
-4.91354707764749));
#2925=CARTESIAN_POINT('Ctrl Pts',(-0.26783352889296,-0.65733679653825,-4.92944852450072));
#2926=CARTESIAN_POINT('Ctrl Pts',(-0.482167204871663,-0.520904261672597,
-4.94534997135395));
#2927=CARTESIAN_POINT('Ctrl Pts',(-0.589946647370448,-0.325653294166058,
-4.96125141820717));
#2928=CARTESIAN_POINT('Ctrl Pts',(-0.697726089869231,-0.130402326659523,
-4.9771528650604));
#2929=CARTESIAN_POINT('Ctrl Pts',(-0.6989512988881,0.123667073487897,-4.99305431191362));
#2930=CARTESIAN_POINT('Ctrl Pts',(-0.593059958377868,0.319948434147876,
-5.00895575876685));
#2931=CARTESIAN_POINT('Ctrl Pts',(-0.487168617867635,0.516229794807859,
-5.02485720562008));
#2932=CARTESIAN_POINT('Ctrl Pts',(-0.274160727828296,0.6547231159804,-5.04075865247332));
#2933=CARTESIAN_POINT('Ctrl Pts',(-0.0517973668414287,0.671866167873581,
-5.05666009932655));
#2934=CARTESIAN_POINT('Ctrl Pts',(0.170565994145439,0.689009219766763,-5.07256154617977));
#2935=CARTESIAN_POINT('Ctrl Pts',(0.402284826079836,0.584802002380584,-5.088462993033));
#2936=CARTESIAN_POINT('Ctrl Pts',(0.537010566317506,0.407070959917541,-5.10436443988622));
#2937=CARTESIAN_POINT('Ctrl Pts',(0.624473778912134,0.291688940682114,-5.11468757208229));
#2938=CARTESIAN_POINT('Ctrl Pts',(0.671058910822222,0.145320045978013,-5.12501070427835));
#2939=CARTESIAN_POINT('Ctrl Pts',(0.672027775833426,-0.000485000996192773,
-5.13533383647442));
#2940=CARTESIAN_POINT('Origin',(0.,0.,0.));
#2941=CARTESIAN_POINT('',(0.673842219977783,-9.84983095848879E-5,-5.51466616352561));
#2942=CARTESIAN_POINT('',(0.673746058430303,-0.00025153900959266,-5.43533383647442));
#2943=CARTESIAN_POINT('',(0.67275,-8.23881134126382E-17,0.));
#2944=CARTESIAN_POINT('Ctrl Pts',(0.673842219977783,-9.84983095848879E-5,
-5.51466616352561));
#2945=CARTESIAN_POINT('Ctrl Pts',(0.673397802458962,0.217676698804031,-5.49913999129373));
#2946=CARTESIAN_POINT('Ctrl Pts',(0.558154377319432,0.43585565541086,-5.48361381906186));
#2947=CARTESIAN_POINT('Ctrl Pts',(0.377848402671473,0.557958506617292,-5.46808764682998));
#2948=CARTESIAN_POINT('Ctrl Pts',(0.193184350877788,0.683012639090525,-5.45218619997675));
#2949=CARTESIAN_POINT('Ctrl Pts',(-0.059725443302482,0.707290131419771,
-5.43628475312353));
#2950=CARTESIAN_POINT('Ctrl Pts',(-0.264806714928525,0.619648702279562,
-5.4203833062703));
#2951=CARTESIAN_POINT('Ctrl Pts',(-0.469887986554574,0.53200727313935,-5.40448185941708));
#2952=CARTESIAN_POINT('Ctrl Pts',(-0.627140735626402,0.332446922529678,
-5.38858041256384));
#2953=CARTESIAN_POINT('Ctrl Pts',(-0.664392995385686,0.112556910895855,
-5.37267896571062));
#2954=CARTESIAN_POINT('Ctrl Pts',(-0.701645255144971,-0.107333100737967,
-5.35677751885739));
#2955=CARTESIAN_POINT('Ctrl Pts',(-0.618897025591713,-0.34755277339594,
-5.34087607200416));
#2956=CARTESIAN_POINT('Ctrl Pts',(-0.454126036895193,-0.497852039387054,
-5.32497462515093));
#2957=CARTESIAN_POINT('Ctrl Pts',(-0.289355048198675,-0.648151305378165,
-5.30907317829771));
#2958=CARTESIAN_POINT('Ctrl Pts',(-0.0425613003589008,-0.708530164702418,
-5.29317173144448));
#2959=CARTESIAN_POINT('Ctrl Pts',(0.172987932949203,-0.65127742595759,-5.27727028459125));
#2960=CARTESIAN_POINT('Ctrl Pts',(0.388537166257306,-0.594024687212762,
-5.26136883773802));
#2961=CARTESIAN_POINT('Ctrl Pts',(0.572841885033736,-0.419140350398852,
-5.24546739088479));
#2962=CARTESIAN_POINT('Ctrl Pts',(0.641314480378516,-0.20688849113669,-5.22956594403157));
#2963=CARTESIAN_POINT('Ctrl Pts',(0.662700933463107,-0.140594605132067,
-5.22459935052958));
#2964=CARTESIAN_POINT('Ctrl Pts',(0.672787529072078,-0.0706553773571938,
-5.21963275702759));
#2965=CARTESIAN_POINT('Ctrl Pts',(0.672236550166755,-0.000561523830618776,
-5.2146661635256));
#2966=CARTESIAN_POINT('Ctrl Pts',(0.672027775833426,-0.000485000996192773,
-5.13533383647442));
#2967=CARTESIAN_POINT('Ctrl Pts',(0.672551321767951,-0.0792737266636569,
-5.14091215113159));
#2968=CARTESIAN_POINT('Ctrl Pts',(0.659754912040748,-0.157897808723199,
-5.14649046578875));
#2969=CARTESIAN_POINT('Ctrl Pts',(0.63289091671689,-0.231378914947087,-5.15206878044591));
#2970=CARTESIAN_POINT('Ctrl Pts',(0.55631287833766,-0.440842879808774,-5.16797022729914));
#2971=CARTESIAN_POINT('Ctrl Pts',(0.365424153038256,-0.608515941992236,
-5.18387167415236));
#2972=CARTESIAN_POINT('Ctrl Pts',(0.147834113743242,-0.657443677860383,
-5.19977312100559));
#2973=CARTESIAN_POINT('Ctrl Pts',(-0.0697559255517714,-0.706371413728529,
-5.21567456785882));
#2974=CARTESIAN_POINT('Ctrl Pts',(-0.31404727884239,-0.636553823281359,
-5.23157601471206));
#2975=CARTESIAN_POINT('Ctrl Pts',(-0.472921159442204,-0.480034052642808,
-5.24747746156528));
#2976=CARTESIAN_POINT('Ctrl Pts',(-0.631795040042016,-0.323514282004259,
-5.26337890841851));
#2977=CARTESIAN_POINT('Ctrl Pts',(-0.705251447951025,-0.0802923311743245,
-5.27928035527173));
#2978=CARTESIAN_POINT('Ctrl Pts',(-0.659577182852625,0.138003820979827,
-5.29518180212496));
#2979=CARTESIAN_POINT('Ctrl Pts',(-0.613902917754224,0.356299973133982,
-5.31108324897819));
#2980=CARTESIAN_POINT('Ctrl Pts',(-0.449097979648424,0.549670326612351,
-5.32698469583142));
#2981=CARTESIAN_POINT('Ctrl Pts',(-0.240800451715218,0.629366552335428,
-5.34288614268465));
#2982=CARTESIAN_POINT('Ctrl Pts',(-0.0325029237820154,0.709062778058505,
-5.35878758953788));
#2983=CARTESIAN_POINT('Ctrl Pts',(0.219287193978595,0.67508487602628,-5.37468903639111));
#2984=CARTESIAN_POINT('Ctrl Pts',(0.399009517939906,0.543027181030748,-5.39059048324433));
#2985=CARTESIAN_POINT('Ctrl Pts',(0.567576556703857,0.419166248784056,-5.40550493432103));
#2986=CARTESIAN_POINT('Ctrl Pts',(0.672744583325951,0.209023197200273,-5.42041938539772));
#2987=CARTESIAN_POINT('Ctrl Pts',(0.673746058430303,-0.00025153900959266,
-5.43533383647442));
#2988=CARTESIAN_POINT('Origin',(0.,0.,0.));
#2989=CARTESIAN_POINT('',(0.672531867540397,0.000613441970381094,-5.8146661635256));
#2990=CARTESIAN_POINT('',(0.672791216956594,0.000617700585694652,-5.73533383647442));
#2991=CARTESIAN_POINT('',(0.67275,-8.23881134126382E-17,0.));
#2992=CARTESIAN_POINT('Ctrl Pts',(0.672531867540397,0.000613441970381094,
-5.8146661635256));
#2993=CARTESIAN_POINT('Ctrl Pts',(0.673059930948343,0.0600485869941238,
-5.81045011926633));
#2994=CARTESIAN_POINT('Ctrl Pts',(0.665835888621684,0.119357483524668,-5.80623407500705));
#2995=CARTESIAN_POINT('Ctrl Pts',(0.650354412475523,0.176426326498059,-5.80201803074778));
#2996=CARTESIAN_POINT('Ctrl Pts',(0.591963690033226,0.391670075782828,-5.78611658389455));
#2997=CARTESIAN_POINT('Ctrl Pts',(0.416108081197402,0.575048279141583,-5.77021513704132));
#2998=CARTESIAN_POINT('Ctrl Pts',(0.203497431933071,0.642398556742329,-5.75431369018809));
#2999=CARTESIAN_POINT('Ctrl Pts',(-0.00911321733125192,0.709748834343072,
-5.73841224333486));
#3000=CARTESIAN_POINT('Ctrl Pts',(-0.258478907024079,0.66107118618581,-5.72251079648164));
#3001=CARTESIAN_POINT('Ctrl Pts',(-0.43015195738525,0.518706471971982,-5.70660934962841));
#3002=CARTESIAN_POINT('Ctrl Pts',(-0.601825007746423,0.376341757758152,
-5.69070790277518));
#3003=CARTESIAN_POINT('Ctrl Pts',(-0.69580541877594,0.140289977487759,-5.67480645592195));
#3004=CARTESIAN_POINT('Ctrl Pts',(-0.668960392218828,-0.0811116770287399,
-5.65890500906872));
#3005=CARTESIAN_POINT('Ctrl Pts',(-0.642115365661715,-0.302513331545242,
-5.64300356221549));
#3006=CARTESIAN_POINT('Ctrl Pts',(-0.494444901517962,-0.509264860307848,
-5.62710211536227));
#3007=CARTESIAN_POINT('Ctrl Pts',(-0.293723127058958,-0.606476574270342,
-5.61120066850904));
#3008=CARTESIAN_POINT('Ctrl Pts',(-0.0930013525999638,-0.703688288232831,
-5.59529922165581));
#3009=CARTESIAN_POINT('Ctrl Pts',(0.160771732174274,-0.691360187395223,
-5.57939777480258));
#3010=CARTESIAN_POINT('Ctrl Pts',(0.351125650616537,-0.575150317731891,
-5.56349632794935));
#3011=CARTESIAN_POINT('Ctrl Pts',(0.541479569058809,-0.458940448068555,
-5.54759488109612));
#3012=CARTESIAN_POINT('Ctrl Pts',(0.668414321169097,-0.238848809579479,
-5.5316934342429));
#3013=CARTESIAN_POINT('Ctrl Pts',(0.673672542520686,-0.0158876040263279,
-5.51579198738968));
#3014=CARTESIAN_POINT('Ctrl Pts',(0.673796636701859,-0.010625712906383,
-5.51541671276832));
#3015=CARTESIAN_POINT('Ctrl Pts',(0.673852961750681,-0.00536222354831512,
-5.51504143814696));
#3016=CARTESIAN_POINT('Ctrl Pts',(0.673842219977783,-9.84983095848879E-5,
-5.51466616352561));
#3017=CARTESIAN_POINT('Ctrl Pts',(0.673746058430303,-0.00025153900959266,
-5.43533383647442));
#3018=CARTESIAN_POINT('Ctrl Pts',(0.673812333192493,-0.0141007433626025,
-5.43632083225095));
#3019=CARTESIAN_POINT('Ctrl Pts',(0.673422419460264,-0.0279461450027709,
-5.43730782802748));
#3020=CARTESIAN_POINT('Ctrl Pts',(0.672564502102092,-0.0417624862406611,
-5.43829482380402));
#3021=CARTESIAN_POINT('Ctrl Pts',(0.658742632140948,-0.264356970557693,
-5.45419627065725));
#3022=CARTESIAN_POINT('Ctrl Pts',(0.52344436205664,-0.479408451232915,-5.47009771751048));
#3023=CARTESIAN_POINT('Ctrl Pts',(0.328765536332773,-0.588217933137592,
-5.4859991643637));
#3024=CARTESIAN_POINT('Ctrl Pts',(0.134086710608908,-0.697027415042268,
-5.50190061121693));
#3025=CARTESIAN_POINT('Ctrl Pts',(-0.119972670754515,-0.699594898176404,
-5.51780205807016));
#3026=CARTESIAN_POINT('Ctrl Pts',(-0.316810733802177,-0.594742022807001,
-5.53370350492339));
#3027=CARTESIAN_POINT('Ctrl Pts',(-0.513648796849842,-0.489889147437596,
-5.54960495177662));
#3028=CARTESIAN_POINT('Ctrl Pts',(-0.653265541581744,-0.27761591356465,
-5.56550639862984));
#3029=CARTESIAN_POINT('Ctrl Pts',(-0.671583137122612,-0.0553462255026261,
-5.58140784548307));
#3030=CARTESIAN_POINT('Ctrl Pts',(-0.68990073266348,0.166923462559392,-5.5973092923363));
#3031=CARTESIAN_POINT('Ctrl Pts',(-0.586919179013319,0.399189604810487,
-5.61321073918952));
#3032=CARTESIAN_POINT('Ctrl Pts',(-0.409902395630638,0.534852447691043,
-5.62911218604275));
#3033=CARTESIAN_POINT('Ctrl Pts',(-0.232885612247947,0.670515290571607,
-5.64501363289598));
#3034=CARTESIAN_POINT('Ctrl Pts',(0.0181664008672746,0.709574834081619,
-5.66091507974921));
#3035=CARTESIAN_POINT('Ctrl Pts',(0.228032017052801,0.634104497652924,-5.67681652660244));
#3036=CARTESIAN_POINT('Ctrl Pts',(0.437897633238321,0.558634161224232,-5.69271797345567));
#3037=CARTESIAN_POINT('Ctrl Pts',(0.60657685249415,0.36863394485684,-5.70861942030889));
#3038=CARTESIAN_POINT('Ctrl Pts',(0.656653470163723,0.151305435681528,-5.72452086716212));
#3039=CARTESIAN_POINT('Ctrl Pts',(0.668004154897479,0.10204437321155,-5.72812519026622));
#3040=CARTESIAN_POINT('Ctrl Pts',(0.673261317919675,0.0513792475647314,
-5.73172951337032));
#3041=CARTESIAN_POINT('Ctrl Pts',(0.672791216956594,0.000617700585694652,
-5.73533383647442));
#3042=CARTESIAN_POINT('Origin',(0.,0.,0.));
#3043=CARTESIAN_POINT('',(0.6716907946448,-0.000196853525622001,-6.1146661635256));
#3044=CARTESIAN_POINT('',(0.67164202554617,-5.71615299666515E-5,-6.03533383647442));
#3045=CARTESIAN_POINT('',(0.67275,-8.23881134126382E-17,0.));
#3046=CARTESIAN_POINT('Ctrl Pts',(0.6716907946448,-0.000196853525622001,
-6.1146661635256));
#3047=CARTESIAN_POINT('Ctrl Pts',(0.671365213432706,0.124355632458292,-6.10585880038569));
#3048=CARTESIAN_POINT('Ctrl Pts',(0.638208720934917,0.249069221023229,-6.09705143724578));
#3049=CARTESIAN_POINT('Ctrl Pts',(0.573287235269581,0.354159365801531,-6.08824407410588));
#3050=CARTESIAN_POINT('Ctrl Pts',(0.4560733157864,0.543896671445118,-6.07234262725265));
#3051=CARTESIAN_POINT('Ctrl Pts',(0.235314131336886,0.669666871044586,-6.05644118039943));
#3052=CARTESIAN_POINT('Ctrl Pts',(0.0123282573718729,0.673747077602683,
-6.0405397335462));
#3053=CARTESIAN_POINT('Ctrl Pts',(-0.210657616593134,0.677827284160779,
-6.02463828669298));
#3054=CARTESIAN_POINT('Ctrl Pts',(-0.435870180073638,0.560217497677511,
-6.00873683983974));
#3055=CARTESIAN_POINT('Ctrl Pts',(-0.559946956159002,0.374895341123694,
-5.99283539298651));
#3056=CARTESIAN_POINT('Ctrl Pts',(-0.684023732244364,0.18957318456988,-5.97693394613328));
#3057=CARTESIAN_POINT('Ctrl Pts',(-0.706964720934588,-0.0634613420544872,
-5.96103249928005));
#3058=CARTESIAN_POINT('Ctrl Pts',(-0.618241036197938,-0.268076727204884,
-5.94513105242683));
#3059=CARTESIAN_POINT('Ctrl Pts',(-0.529517351461286,-0.472692112355289,
-5.9292296055736));
#3060=CARTESIAN_POINT('Ctrl Pts',(-0.329128993297755,-0.628888356031725,
-5.91332815872037));
#3061=CARTESIAN_POINT('Ctrl Pts',(-0.109045240524388,-0.664978380119956,
-5.89742671186714));
#3062=CARTESIAN_POINT('Ctrl Pts',(0.111038512248973,-0.701068404208186,
-5.88152526501392));
#3063=CARTESIAN_POINT('Ctrl Pts',(0.350817659632166,-0.617052208708216,
-5.86562381816069));
#3064=CARTESIAN_POINT('Ctrl Pts',(0.500244315299377,-0.451489463352845,
-5.84972237130746));
#3065=CARTESIAN_POINT('Ctrl Pts',(0.610052601668304,-0.329823343791838,
-5.8380369687135));
#3066=CARTESIAN_POINT('Ctrl Pts',(0.671068260154537,-0.164120027396024,
-5.82635156611955));
#3067=CARTESIAN_POINT('Ctrl Pts',(0.672531867540397,0.000613441970381094,
-5.8146661635256));
#3068=CARTESIAN_POINT('Ctrl Pts',(0.672791216956594,0.000617700585694652,
-5.73533383647442));
#3069=CARTESIAN_POINT('Ctrl Pts',(0.6711873402922,-0.172569055115708,-5.74763096022355));
#3070=CARTESIAN_POINT('Ctrl Pts',(0.602917086172292,-0.346878172374896,
-5.75992808397268));
#3071=CARTESIAN_POINT('Ctrl Pts',(0.482525875005273,-0.47037845900427,-5.77222520772181));
#3072=CARTESIAN_POINT('Ctrl Pts',(0.326847646093929,-0.63007704253153,-5.78812665457504));
#3073=CARTESIAN_POINT('Ctrl Pts',(0.0840171721879125,-0.704817407602827,
-5.80402810142826));
#3074=CARTESIAN_POINT('Ctrl Pts',(-0.134517238215168,-0.66029707508651,
-5.81992954828149));
#3075=CARTESIAN_POINT('Ctrl Pts',(-0.353051648618252,-0.615776742570193,
-5.83583099513472));
#3076=CARTESIAN_POINT('Ctrl Pts',(-0.547289995518407,-0.451995712466263,
-5.85173244198795));
#3077=CARTESIAN_POINT('Ctrl Pts',(-0.628085579742406,-0.244122140053872,
-5.86763388884118));
#3078=CARTESIAN_POINT('Ctrl Pts',(-0.708881163966408,-0.0362485676414746,
-5.88353533569441));
#3079=CARTESIAN_POINT('Ctrl Pts',(-0.676233985514245,0.215717547079385,
-5.89943678254764));
#3080=CARTESIAN_POINT('Ctrl Pts',(-0.545127636672285,0.396135045762081,
-5.91533822940086));
#3081=CARTESIAN_POINT('Ctrl Pts',(-0.414021287830328,0.576552544444771,
-5.93123967625409));
#3082=CARTESIAN_POINT('Ctrl Pts',(-0.184455768598582,0.685421427089298,
-5.94714112310731));
#3083=CARTESIAN_POINT('Ctrl Pts',(0.0382086324388579,0.672775753986415,
-5.96304256996054));
#3084=CARTESIAN_POINT('Ctrl Pts',(0.260873033476305,0.660130080883531,-5.97894401681377));
#3085=CARTESIAN_POINT('Ctrl Pts',(0.476636316319443,0.52596985203323,-5.99484546366701));
#3086=CARTESIAN_POINT('Ctrl Pts',(0.586472800533847,0.331868601977985,-6.01074691052024));
#3087=CARTESIAN_POINT('Ctrl Pts',(0.643082775072095,0.231828374888959,-6.01894255250497));
#3088=CARTESIAN_POINT('Ctrl Pts',(0.671554406556364,0.115865444201738,-6.02713819448969));
#3089=CARTESIAN_POINT('Ctrl Pts',(0.67164202554617,-5.71615299666515E-5,
-6.03533383647442));
#3090=CARTESIAN_POINT('Origin',(0.,0.,0.));
#3091=CARTESIAN_POINT('',(0.673255887946982,-0.000535250784618122,-6.4146661635256));
#3092=CARTESIAN_POINT('',(0.673001664650996,-0.000595292446681066,-6.33533383647442));
#3093=CARTESIAN_POINT('',(0.67275,-8.23881134126382E-17,0.));
#3094=CARTESIAN_POINT('Ctrl Pts',(0.673255887946982,-0.000535250784618122,
-6.4146661635256));
#3095=CARTESIAN_POINT('Ctrl Pts',(0.671618342898795,0.187829933485035,-6.40126748150506));
#3096=CARTESIAN_POINT('Ctrl Pts',(0.589007983104566,0.37745335593977,-6.38786879948452));
#3097=CARTESIAN_POINT('Ctrl Pts',(0.44884028781208,0.50262262836521,-6.37447011746399));
#3098=CARTESIAN_POINT('Ctrl Pts',(0.282490406994189,0.651172502903599,-6.35856867061076));
#3099=CARTESIAN_POINT('Ctrl Pts',(0.0350724617404795,0.708940322600529,
-6.34266722375753));
#3100=CARTESIAN_POINT('Ctrl Pts',(-0.179859795625728,0.649413246265776,
-6.32676577690431));
#3101=CARTESIAN_POINT('Ctrl Pts',(-0.39479205299193,0.589886169931025,-6.31086433005108));
#3102=CARTESIAN_POINT('Ctrl Pts',(-0.577238622470632,0.413064197564597,
-6.29496288319785));
#3103=CARTESIAN_POINT('Ctrl Pts',(-0.643464702442739,0.2001006926981,-6.27906143634462));
#3104=CARTESIAN_POINT('Ctrl Pts',(-0.709690782414847,-0.0128628121683976,
-6.26315998949139));
#3105=CARTESIAN_POINT('Ctrl Pts',(-0.659696372880361,-0.261967849534964,
-6.24725854263816));
#3106=CARTESIAN_POINT('Ctrl Pts',(-0.516426668020762,-0.432886367381738,
-6.23135709578493));
#3107=CARTESIAN_POINT('Ctrl Pts',(-0.373156963161158,-0.603804885228516,
-6.21545564893171));
#3108=CARTESIAN_POINT('Ctrl Pts',(-0.136611962976437,-0.696536883555497,
-6.19955420207848));
#3109=CARTESIAN_POINT('Ctrl Pts',(0.0846447748789552,-0.668522529608145,
-6.18365275522525));
#3110=CARTESIAN_POINT('Ctrl Pts',(0.305901512734341,-0.640508175660794,
-6.16775130837202));
#3111=CARTESIAN_POINT('Ctrl Pts',(0.511869988260399,-0.491747469439117,
-6.1518498615188));
#3112=CARTESIAN_POINT('Ctrl Pts',(0.608019898765004,-0.290514910484431,
-6.13594841466557));
#3113=CARTESIAN_POINT('Ctrl Pts',(0.650915084369432,-0.200739393058423,
-6.12885433095225));
#3114=CARTESIAN_POINT('Ctrl Pts',(0.671953041169371,-0.100520383762377,
-6.12176024723892));
#3115=CARTESIAN_POINT('Ctrl Pts',(0.6716907946448,-0.000196853525622001,
-6.1146661635256));
#3116=CARTESIAN_POINT('Ctrl Pts',(0.67164202554617,-5.71615299666515E-5,
-6.03533383647442));
#3117=CARTESIAN_POINT('Ctrl Pts',(0.671724407724342,-0.109051305159105,
-6.04303964134292));
#3118=CARTESIAN_POINT('Ctrl Pts',(0.646714294873159,-0.21800980006712,-6.05074544621141));
#3119=CARTESIAN_POINT('Ctrl Pts',(0.596407486764498,-0.313664190618074,
-6.05845125107991));
#3120=CARTESIAN_POINT('Ctrl Pts',(0.492596003195076,-0.511053461898713,
-6.07435269793314));
#3121=CARTESIAN_POINT('Ctrl Pts',(0.281063350470555,-0.651789733199817,
-6.09025414478637));
#3122=CARTESIAN_POINT('Ctrl Pts',(0.058893539336982,-0.671281361106652,
-6.1061555916396));
#3123=CARTESIAN_POINT('Ctrl Pts',(-0.163276271796601,-0.690772989013489,
-6.12205703849283));
#3124=CARTESIAN_POINT('Ctrl Pts',(-0.396083241339236,-0.589019973526053,
-6.13795848534606));
#3125=CARTESIAN_POINT('Ctrl Pts',(-0.532679400234042,-0.412722390125782,
-6.15385993219928));
#3126=CARTESIAN_POINT('Ctrl Pts',(-0.66927555912884,-0.236424806725521,
-6.16976137905251));
#3127=CARTESIAN_POINT('Ctrl Pts',(-0.709660907375814,0.0144173445875594,
-6.18566282590574));
#3128=CARTESIAN_POINT('Ctrl Pts',(-0.635300379429802,0.224678754316437,
-6.20156427275897));
#3129=CARTESIAN_POINT('Ctrl Pts',(-0.560939851483788,0.434940164045321,
-6.2174657196122));
#3130=CARTESIAN_POINT('Ctrl Pts',(-0.371833447344764,0.604620832190004,
-6.23336716646542));
#3131=CARTESIAN_POINT('Ctrl Pts',(-0.154772534374305,0.655844933919742,
-6.24926861331865));
#3132=CARTESIAN_POINT('Ctrl Pts',(0.0622883785961601,0.707069035649482,
-6.26517006017188));
#3133=CARTESIAN_POINT('Ctrl Pts',(0.307303800398065,0.639836570964284,-6.28107150702511));
#3134=CARTESIAN_POINT('Ctrl Pts',(0.467822629337248,0.485004229079315,-6.29697295387834));
#3135=CARTESIAN_POINT('Ctrl Pts',(0.596901951662065,0.360497628224107,-6.3097599147437));
#3136=CARTESIAN_POINT('Ctrl Pts',(0.671342545363368,0.179345596404048,-6.32254687560906));
#3137=CARTESIAN_POINT('Ctrl Pts',(0.673001664650996,-0.000595292446681066,
-6.33533383647442));
#3138=CARTESIAN_POINT('Origin',(0.,0.,0.));
#3139=CARTESIAN_POINT('',(0.673415330601348,0.000475311862556671,-6.7146661635256));
#3140=CARTESIAN_POINT('',(0.673619643999404,0.000361252039233333,-6.63533383647442));
#3141=CARTESIAN_POINT('',(0.67275,-8.23881134126382E-17,0.));
#3142=CARTESIAN_POINT('Ctrl Pts',(0.673415330601348,0.000475311862556671,
-6.7146661635256));
#3143=CARTESIAN_POINT('Ctrl Pts',(0.673650392661126,0.0298191243117633,
-6.71257760947766));
#3144=CARTESIAN_POINT('Ctrl Pts',(0.671898995644564,0.0591346879152498,
-6.71048905542972));
#3145=CARTESIAN_POINT('Ctrl Pts',(0.668066007160319,0.0881755101195991,
-6.70840050138178));
#3146=CARTESIAN_POINT('Ctrl Pts',(0.638883107760903,0.309281155583795,-6.69249905452855));
#3147=CARTESIAN_POINT('Ctrl Pts',(0.48903631167821,0.514460828870042,-6.67659760767533));
#3148=CARTESIAN_POINT('Ctrl Pts',(0.287298585041948,0.609546252175236,-6.6606961608221));
#3149=CARTESIAN_POINT('Ctrl Pts',(0.0855608584056807,0.704631675480433,
-6.64479471396887));
#3150=CARTESIAN_POINT('Ctrl Pts',(-0.168067798784152,0.68962284880457,-6.62889326711564));
#3151=CARTESIAN_POINT('Ctrl Pts',(-0.357183195671076,0.571408151182831,
-6.61299182026241));
#3152=CARTESIAN_POINT('Ctrl Pts',(-0.546298592557994,0.453193453561095,
-6.59709037340918));
#3153=CARTESIAN_POINT('Ctrl Pts',(-0.670900729142009,0.231772884993474,
-6.58118892655595));
#3154=CARTESIAN_POINT('Ctrl Pts',(-0.673802807019666,0.00876856661042862,
-6.56528747970273));
#3155=CARTESIAN_POINT('Ctrl Pts',(-0.676704884897322,-0.21423575177261,
-6.5493860328495));
#3156=CARTESIAN_POINT('Ctrl Pts',(-0.557906904068643,-0.438823819971088,
-6.53348458599627));
#3157=CARTESIAN_POINT('Ctrl Pts',(-0.371931815476798,-0.561919776430867,
-6.51758313914305));
#3158=CARTESIAN_POINT('Ctrl Pts',(-0.185956726884943,-0.685015732890654,
-6.50168169228982));
#3159=CARTESIAN_POINT('Ctrl Pts',(0.067195469470079,-0.706619577611728,
-6.48578024543659));
#3160=CARTESIAN_POINT('Ctrl Pts',(0.271339256909094,-0.616816113738935,
-6.46987879858336));
#3161=CARTESIAN_POINT('Ctrl Pts',(0.475483044348104,-0.527012649866146,
-6.45397735173013));
#3162=CARTESIAN_POINT('Ctrl Pts',(0.630618422871105,-0.325801877399498,
-6.4380759048769));
#3163=CARTESIAN_POINT('Ctrl Pts',(0.665545203941571,-0.105530526476254,
-6.42217445802367));
#3164=CARTESIAN_POINT('Ctrl Pts',(0.671042409333579,-0.070861518314376,
-6.41967169319098));
#3165=CARTESIAN_POINT('Ctrl Pts',(0.673561768044164,-0.0357203352706193,
-6.41716892835829));
#3166=CARTESIAN_POINT('Ctrl Pts',(0.673255887946982,-0.000535250784618122,
-6.4146661635256));
#3167=CARTESIAN_POINT('Ctrl Pts',(0.673001664650996,-0.000595292446681066,
-6.33533383647442));
#3168=CARTESIAN_POINT('Ctrl Pts',(0.673405771915258,-0.0444230153020931,
-6.33844832246228));
#3169=CARTESIAN_POINT('Ctrl Pts',(0.669492114792757,-0.0881788870439849,
-6.34156280845015));
#3170=CARTESIAN_POINT('Ctrl Pts',(0.66099853707258,-0.131026900798063,-6.34467729443802));
#3171=CARTESIAN_POINT('Ctrl Pts',(0.617633379792281,-0.34979346970575,-6.36057874129125));
#3172=CARTESIAN_POINT('Ctrl Pts',(0.454880829155228,-0.544894388436398,
-6.37648018814448));
#3173=CARTESIAN_POINT('Ctrl Pts',(0.247437014442088,-0.626787075990581,
-6.39238163499771));
#3174=CARTESIAN_POINT('Ctrl Pts',(0.0399931997289417,-0.708679763544767,
-6.40828308185093));
#3175=CARTESIAN_POINT('Ctrl Pts',(-0.212141879060295,-0.677364219922483,
-6.42418452870417));
#3176=CARTESIAN_POINT('Ctrl Pts',(-0.39324951664135,-0.547212876681627,
-6.44008597555739));
#3177=CARTESIAN_POINT('Ctrl Pts',(-0.574357154222399,-0.417061533440775,
-6.45598742241062));
#3178=CARTESIAN_POINT('Ctrl Pts',(-0.684437350595271,-0.188074390581358,
-6.47188886926384));
#3179=CARTESIAN_POINT('Ctrl Pts',(-0.67296822731736,0.0346537121556407,
-6.48779031611707));
#3180=CARTESIAN_POINT('Ctrl Pts',(-0.66149910403945,0.257381814892639,-6.5036917629703));
#3181=CARTESIAN_POINT('Ctrl Pts',(-0.528480661110756,0.47385087750722,-6.51959320982353));
#3182=CARTESIAN_POINT('Ctrl Pts',(-0.334962404488776,0.58471129826944,-6.53549465667676));
#3183=CARTESIAN_POINT('Ctrl Pts',(-0.141444147866791,0.695571719031663,
-6.55139610352999));
#3184=CARTESIAN_POINT('Ctrl Pts',(0.112573922448483,0.700823497941521,-6.56729755038321));
#3185=CARTESIAN_POINT('Ctrl Pts',(0.31050889242205,0.598056303763842,-6.58319899723644));
#3186=CARTESIAN_POINT('Ctrl Pts',(0.508443862395611,0.495289109586165,-6.59910044408967));
#3187=CARTESIAN_POINT('Ctrl Pts',(0.650295732027468,0.284502942320958,-6.6150018909429));
#3188=CARTESIAN_POINT('Ctrl Pts',(0.670960848248892,0.0624392093316607,
-6.63090333779613));
#3189=CARTESIAN_POINT('Ctrl Pts',(0.672880102745057,0.041815235413096,-6.63238017068889));
#3190=CARTESIAN_POINT('Ctrl Pts',(0.673754048505032,0.0210939856979397,
-6.63385700358165));
#3191=CARTESIAN_POINT('Ctrl Pts',(0.673619643999404,0.000361252039233333,
-6.63533383647442));
#3192=CARTESIAN_POINT('Origin',(0.,0.,0.));
#3193=CARTESIAN_POINT('',(0.671753704519343,0.000286114092230734,-7.0146661635256));
#3194=CARTESIAN_POINT('',(0.671887978743316,0.000404898999127987,-6.93533383647442));
#3195=CARTESIAN_POINT('',(0.67275,-8.23881134126382E-17,0.));
#3196=CARTESIAN_POINT('Ctrl Pts',(0.671753704519343,0.000286114092230734,
-7.0146661635256));
#3197=CARTESIAN_POINT('Ctrl Pts',(0.672114524695045,0.0947298452102439,
-7.00798629059703));
#3198=CARTESIAN_POINT('Ctrl Pts',(0.65355111518786,0.189038081096789,-7.00130641766846));
#3199=CARTESIAN_POINT('Ctrl Pts',(0.615373974675088,0.274594212977198,-6.99462654473988));
#3200=CARTESIAN_POINT('Ctrl Pts',(0.524493238265329,0.478260704632348,-6.97872509788666));
#3201=CARTESIAN_POINT('Ctrl Pts',(0.32246566770156,0.632330887854822,-6.96282365103343));
#3202=CARTESIAN_POINT('Ctrl Pts',(0.102012866854336,0.666093451029315,-6.9469222041802));
#3203=CARTESIAN_POINT('Ctrl Pts',(-0.118439933992888,0.699856014203807,
-6.93102075732697));
#3204=CARTESIAN_POINT('Ctrl Pts',(-0.357317965123567,0.61331095733032,-6.91511931047375));
#3205=CARTESIAN_POINT('Ctrl Pts',(-0.50498691220096,0.446178584216816,-6.89921786362051));
#3206=CARTESIAN_POINT('Ctrl Pts',(-0.652655859278349,0.279046211103317,
-6.88331641676729));
#3207=CARTESIAN_POINT('Ctrl Pts',(-0.709115722302457,0.0313265217498077,
-6.86741496991406));
#3208=CARTESIAN_POINT('Ctrl Pts',(-0.648453953598242,-0.183288244496998,
-6.85151352306083));
#3209=CARTESIAN_POINT('Ctrl Pts',(-0.587792184894027,-0.397903010743803,
-6.8356120762076));
#3210=CARTESIAN_POINT('Ctrl Pts',(-0.410008784461488,-0.579412853883904,
-6.81971062935438));
#3211=CARTESIAN_POINT('Ctrl Pts',(-0.196698368241729,-0.644512887721435,
-6.80380918250115));
#3212=CARTESIAN_POINT('Ctrl Pts',(0.0166120479780355,-0.709612921558969,
-6.78790773564792));
#3213=CARTESIAN_POINT('Ctrl Pts',(0.265449479985022,-0.658303146093926,
-6.77200628879469));
#3214=CARTESIAN_POINT('Ctrl Pts',(0.435608694630448,-0.51413244954033,-6.75610484194146));
#3215=CARTESIAN_POINT('Ctrl Pts',(0.583418577179102,-0.388897658295261,
-6.74229194913617));
#3216=CARTESIAN_POINT('Ctrl Pts',(0.671860720588972,-0.193593372287263,
-6.72847905633089));
#3217=CARTESIAN_POINT('Ctrl Pts',(0.673415330601348,0.000475311862556671,
-6.7146661635256));
#3218=CARTESIAN_POINT('Ctrl Pts',(0.673619643999404,0.000361252039233333,
-6.63533383647442));
#3219=CARTESIAN_POINT('Ctrl Pts',(0.672306879963795,-0.202140791920787,
-6.64975845043488));
#3220=CARTESIAN_POINT('Ctrl Pts',(0.574798096342531,-0.405738397310555,
-6.66418306439534));
#3221=CARTESIAN_POINT('Ctrl Pts',(0.415530864691191,-0.530491484600675,
-6.67860767835581));
#3222=CARTESIAN_POINT('Ctrl Pts',(0.239957402101073,-0.668017146830325,
-6.69450912520904));
#3223=CARTESIAN_POINT('Ctrl Pts',(-0.0106678858901498,-0.709727172576236,
-6.71041057206227));
#3224=CARTESIAN_POINT('Ctrl Pts',(-0.22131922033451,-0.636478528667984,
-6.7263120189155));
#3225=CARTESIAN_POINT('Ctrl Pts',(-0.43197055477887,-0.563229884759732,
-6.74221346576873));
#3226=CARTESIAN_POINT('Ctrl Pts',(-0.602647935676358,-0.375022571197317,
-6.75811491262195));
#3227=CARTESIAN_POINT('Ctrl Pts',(-0.655018091696353,-0.158235313047699,
-6.77401635947518));
#3228=CARTESIAN_POINT('Ctrl Pts',(-0.70738824771635,0.0585519451019254,
-6.7899178063284));
#3229=CARTESIAN_POINT('Ctrl Pts',(-0.641451178858833,0.303919147838765,
-6.80581925318164));
#3230=CARTESIAN_POINT('Ctrl Pts',(-0.48746904568898,0.465253741779593,-6.82172070003487));
#3231=CARTESIAN_POINT('Ctrl Pts',(-0.33348691251913,0.626588335720417,-6.8376221468881));
#3232=CARTESIAN_POINT('Ctrl Pts',(-0.0914597150369547,0.703890320865249,
-6.85352359374132));
#3233=CARTESIAN_POINT('Ctrl Pts',(0.127532906150987,0.661681549231592,-6.86942504059455));
#3234=CARTESIAN_POINT('Ctrl Pts',(0.346525527338928,0.619472777597936,-6.88532648744778));
#3235=CARTESIAN_POINT('Ctrl Pts',(0.54248357223263,0.457753249185792,-6.90122793430101));
#3236=CARTESIAN_POINT('Ctrl Pts',(0.625471077323857,0.250744982354921,-6.91712938115424));
#3237=CARTESIAN_POINT('Ctrl Pts',(0.657139942480408,0.1717485493214,-6.92319753292763));
#3238=CARTESIAN_POINT('Ctrl Pts',(0.672357334637253,0.0861568883763464,
-6.92926568470102));
#3239=CARTESIAN_POINT('Ctrl Pts',(0.671887978743316,0.000404898999127987,
-6.93533383647442));
#3240=CARTESIAN_POINT('Origin',(0.,0.,0.));
#3241=CARTESIAN_POINT('',(0.672364546551234,-0.000590876407870686,-7.3146661635256));
#3242=CARTESIAN_POINT('',(0.672138336341446,-0.00053058934763141,-7.23533383647442));
#3243=CARTESIAN_POINT('',(0.67275,-8.23881134126382E-17,0.));
#3244=CARTESIAN_POINT('Ctrl Pts',(0.672364546551234,-0.000590876407870686,
-7.3146661635256));
#3245=CARTESIAN_POINT('Ctrl Pts',(0.671030658864583,0.158403636804014,-7.3033949717164));
#3246=CARTESIAN_POINT('Ctrl Pts',(0.614650087704605,0.318248948783635,-7.29212377990719));
#3247=CARTESIAN_POINT('Ctrl Pts',(0.511823880567061,0.438318863145607,-7.28085258809799));
#3248=CARTESIAN_POINT('Ctrl Pts',(0.366756216419791,0.60771402509644,-7.26495114124476));
#3249=CARTESIAN_POINT('Ctrl Pts',(0.129244597359603,0.697941467914631,-7.24904969439153));
#3250=CARTESIAN_POINT('Ctrl Pts',(-0.0917037842006165,0.667590837617825,
-7.23314824753831));
#3251=CARTESIAN_POINT('Ctrl Pts',(-0.312652165760842,0.637240207321017,
-7.21724680068508));
#3252=CARTESIAN_POINT('Ctrl Pts',(-0.517037309821107,0.486311503909204,
-7.20134535383185));
#3253=CARTESIAN_POINT('Ctrl Pts',(-0.611055591897389,0.284074240505742,
-7.18544390697862));
#3254=CARTESIAN_POINT('Ctrl Pts',(-0.705073873973671,0.0818369771022803,
-7.1695424601254));
#3255=CARTESIAN_POINT('Ctrl Pts',(-0.688725294065979,-0.171708846292818,
-7.15364101327217));
#3256=CARTESIAN_POINT('Ctrl Pts',(-0.569513117920748,-0.360197055823852,
-7.13773956641894));
#3257=CARTESIAN_POINT('Ctrl Pts',(-0.45030094177552,-0.548685265354881,
-7.12183811956571));
#3258=CARTESIAN_POINT('Ctrl Pts',(-0.228225169392753,-0.672115861021837,
-7.10593667271248));
#3259=CARTESIAN_POINT('Ctrl Pts',(-0.00520863110031484,-0.673839729216112,
-7.09003522585926));
#3260=CARTESIAN_POINT('Ctrl Pts',(0.21780790719213,-0.675563597410387,-7.07413377900603));
#3261=CARTESIAN_POINT('Ctrl Pts',(0.441765211394253,-0.555580738131975,
-7.0582323321528));
#3262=CARTESIAN_POINT('Ctrl Pts',(0.563876912367431,-0.368957908448857,
-7.04233088529957));
#3263=CARTESIAN_POINT('Ctrl Pts',(0.634691982718163,-0.260731516483638,
-7.03310931137492));
#3264=CARTESIAN_POINT('Ctrl Pts',(0.671255591761911,-0.130093588865922,
-7.02388773745026));
#3265=CARTESIAN_POINT('Ctrl Pts',(0.671753704519343,0.000286114092230734,
-7.0146661635256));
#3266=CARTESIAN_POINT('Ctrl Pts',(0.671887978743316,0.000404898999127987,
-6.93533383647442));
#3267=CARTESIAN_POINT('Ctrl Pts',(0.671127398722432,-0.138554152573373,
-6.94516713155425));
#3268=CARTESIAN_POINT('Ctrl Pts',(0.629174314409067,-0.27793421745014,-6.95500042663408));
#3269=CARTESIAN_POINT('Ctrl Pts',(0.549282842855453,-0.390353011118741,
-6.96483372171391));
#3270=CARTESIAN_POINT('Ctrl Pts',(0.420090138007069,-0.572145732511941,
-6.98073516856714));
#3271=CARTESIAN_POINT('Ctrl Pts',(0.191687763021552,-0.683434170048745,
-6.99663661542038));
#3272=CARTESIAN_POINT('Ctrl Pts',(-0.0310978246161093,-0.673141916722605,
-7.0125380622736));
#3273=CARTESIAN_POINT('Ctrl Pts',(-0.253883412253771,-0.662849663396465,
-7.02843950912683));
#3274=CARTESIAN_POINT('Ctrl Pts',(-0.471052212543569,-0.530976719207379,
-7.04434095598005));
#3275=CARTESIAN_POINT('Ctrl Pts',(-0.582933475511526,-0.338046857510745,
-7.06024240283328));
#3276=CARTESIAN_POINT('Ctrl Pts',(-0.694814738479486,-0.145116995814105,
-7.07614384968651));
#3277=CARTESIAN_POINT('Ctrl Pts',(-0.701408464125591,0.108869783390102,
-7.09204529653974));
#3278=CARTESIAN_POINT('Ctrl Pts',(-0.59968842778316,0.307344927284961,-7.10794674339298));
#3279=CARTESIAN_POINT('Ctrl Pts',(-0.497968391440732,0.505820071179814,
-7.12384819024621));
#3280=CARTESIAN_POINT('Ctrl Pts',(-0.287934593109786,0.648783579765338,
-7.13974963709943));
#3281=CARTESIAN_POINT('Ctrl Pts',(-0.065983136519738,0.670621607495504,
-7.15565108395266));
#3282=CARTESIAN_POINT('Ctrl Pts',(0.15596832007031,0.692459635225671,-7.17155253080588));
#3283=CARTESIAN_POINT('Ctrl Pts',(0.389837434919452,0.593172182100481,-7.18745397765911));
#3284=CARTESIAN_POINT('Ctrl Pts',(0.528288761860195,0.418327740936528,-7.20335542451234));
#3285=CARTESIAN_POINT('Ctrl Pts',(0.621099049512493,0.301121476197895,-7.21401489516636));
#3286=CARTESIAN_POINT('Ctrl Pts',(0.671032046381139,0.149962643307246,-7.22467436582039));
#3287=CARTESIAN_POINT('Ctrl Pts',(0.672138336341446,-0.00053058934763141,
-7.23533383647442));
#3288=CARTESIAN_POINT('Origin',(0.,0.,0.));
#3289=CARTESIAN_POINT('',(0.673859662735068,-1.02724526221398E-5,-7.61466616352559));
#3290=CARTESIAN_POINT('',(0.673808446760705,-0.000169050587220368,-7.53533383647441));
#3291=CARTESIAN_POINT('',(0.67275,-8.23881134126382E-17,0.));
#3292=CARTESIAN_POINT('Ctrl Pts',(0.673859662735068,-1.02724526221398E-5,
-7.61466616352559));
#3293=CARTESIAN_POINT('Ctrl Pts',(0.673809692814759,0.2224670111841,-7.59880365283576));
#3294=CARTESIAN_POINT('Ctrl Pts',(0.552780528236558,0.444990855650833,-7.58294114214593));
#3295=CARTESIAN_POINT('Ctrl Pts',(0.365973703047756,0.565818309340989,-7.5670786314561));
#3296=CARTESIAN_POINT('Ctrl Pts',(0.178708341299936,0.686942346439133,-7.55117718460287));
#3297=CARTESIAN_POINT('Ctrl Pts',(-0.0746579934356537,0.705870131538117,
-7.53527573774964));
#3298=CARTESIAN_POINT('Ctrl Pts',(-0.277841504556753,0.61391465925943,-7.51937429089641));
#3299=CARTESIAN_POINT('Ctrl Pts',(-0.481025015677859,0.52195918698074,-7.50347284404319));
#3300=CARTESIAN_POINT('Ctrl Pts',(-0.634025703184471,0.319120457324372,
-7.48757139718996));
#3301=CARTESIAN_POINT('Ctrl Pts',(-0.666623106080488,0.0984923598437204,
-7.47166995033673));
#3302=CARTESIAN_POINT('Ctrl Pts',(-0.699220508976504,-0.122135737636925,
-7.4557685034835));
#3303=CARTESIAN_POINT('Ctrl Pts',(-0.611414627261931,-0.360553202941854,
-7.43986705663028));
#3304=CARTESIAN_POINT('Ctrl Pts',(-0.443504426860697,-0.507337100814583,
-7.42396560977705));
#3305=CARTESIAN_POINT('Ctrl Pts',(-0.275594226459462,-0.654120998687313,
-7.40806416292382));
#3306=CARTESIAN_POINT('Ctrl Pts',(-0.0275797073715654,-0.709271329127842,
-7.39216271607059));
#3307=CARTESIAN_POINT('Ctrl Pts',(0.186711577416834,-0.647476561248745,
-7.37626126921736));
#3308=CARTESIAN_POINT('Ctrl Pts',(0.40100286220524,-0.585681793369646,-7.36035982236413));
#3309=CARTESIAN_POINT('Ctrl Pts',(0.581570912694146,-0.406941927170914,
-7.34445837551091));
#3310=CARTESIAN_POINT('Ctrl Pts',(0.645543083321419,-0.193290553529806,
-7.32855692865768));
#3311=CARTESIAN_POINT('Ctrl Pts',(0.664170788615049,-0.131078582531447,
-7.32392667361365));
#3312=CARTESIAN_POINT('Ctrl Pts',(0.672912513464923,-0.0659065199737032,
-7.31929641856962));
#3313=CARTESIAN_POINT('Ctrl Pts',(0.672364546551234,-0.000590876407870686,
-7.3146661635256));
#3314=CARTESIAN_POINT('Ctrl Pts',(0.672138336341446,-0.00053058934763141,
-7.23533383647442));
#3315=CARTESIAN_POINT('Ctrl Pts',(0.672682373266877,-0.0745381990425704,
-7.24057581267362));
#3316=CARTESIAN_POINT('Ctrl Pts',(0.661418412832345,-0.148384843431341,
-7.24581778887282));
#3317=CARTESIAN_POINT('Ctrl Pts',(0.637638912482913,-0.217953508878487,
-7.25105976507202));
#3318=CARTESIAN_POINT('Ctrl Pts',(0.565504197132546,-0.428988888326846,
-7.26696121192525));
#3319=CARTESIAN_POINT('Ctrl Pts',(0.378201227399457,-0.600658218020842,
-7.28286265877848));
#3320=CARTESIAN_POINT('Ctrl Pts',(0.161693675048387,-0.654172966572437,
-7.29876410563171));
#3321=CARTESIAN_POINT('Ctrl Pts',(-0.0548138773026692,-0.70768771512403,
-7.31466555248494));
#3322=CARTESIAN_POINT('Ctrl Pts',(-0.300526012271695,-0.643047882533249,
-7.33056699933816));
#3323=CARTESIAN_POINT('Ctrl Pts',(-0.462671868034221,-0.489920256036185,
-7.34646844619139));
#3324=CARTESIAN_POINT('Ctrl Pts',(-0.624817723796747,-0.33679262953912,
-7.36236989304462));
#3325=CARTESIAN_POINT('Ctrl Pts',(-0.703397300352758,-0.0951772091357685,
-7.37827133989785));
#3326=CARTESIAN_POINT('Ctrl Pts',(-0.662346092499277,0.124035351798491,
-7.39417278675107));
#3327=CARTESIAN_POINT('Ctrl Pts',(-0.621294884645793,0.343247912732762,
-7.4100742336043));
#3328=CARTESIAN_POINT('Ctrl Pts',(-0.460612892382801,0.540057614197948,
-7.42597568045753));
#3329=CARTESIAN_POINT('Ctrl Pts',(-0.254045951460174,0.624137620474469,
-7.44187712731076));
#3330=CARTESIAN_POINT('Ctrl Pts',(-0.0474790105375588,0.708217626750985,
-7.45777857416399));
#3331=CARTESIAN_POINT('Ctrl Pts',(0.204972879044673,0.67956793783886,-7.47368002101722));
#3332=CARTESIAN_POINT('Ctrl Pts',(0.387445610041705,0.551337477416733,-7.48958146787045));
#3333=CARTESIAN_POINT('Ctrl Pts',(0.562451899842612,0.428353966426791,-7.5048322574051));
#3334=CARTESIAN_POINT('Ctrl Pts',(0.673088696759826,0.213772272597008,-7.52008304693976));
#3335=CARTESIAN_POINT('Ctrl Pts',(0.673808446760705,-0.000169050587220368,
-7.53533383647441));
#3336=CARTESIAN_POINT('Origin',(0.,0.,0.));
#3337=CARTESIAN_POINT('',(0.67239527444944,0.000596288746985106,-7.9146661635256));
#3338=CARTESIAN_POINT('',(0.672647395763527,0.000619740869850571,-7.83533383647442));
#3339=CARTESIAN_POINT('',(0.67275,-8.23881134126382E-17,0.));
#3340=CARTESIAN_POINT('Ctrl Pts',(0.67239527444944,0.000596288746985106,
-7.9146661635256));
#3341=CARTESIAN_POINT('Ctrl Pts',(0.672940818689169,0.0648060117480313,
-7.91011378080836));
#3342=CARTESIAN_POINT('Ctrl Pts',(0.664496024937146,0.128875140697363,-7.90556139809113));
#3343=CARTESIAN_POINT('Ctrl Pts',(0.646481096498302,0.190129698833021,-7.90100901537389));
#3344=CARTESIAN_POINT('Ctrl Pts',(0.583555054263228,0.40409152085303,-7.88510756852066));
#3345=CARTESIAN_POINT('Ctrl Pts',(0.403863711295171,0.583712738665489,-7.86920612166743));
#3346=CARTESIAN_POINT('Ctrl Pts',(0.189877343681474,0.646555260487802,-7.85330467481421));
#3347=CARTESIAN_POINT('Ctrl Pts',(-0.0241090239322347,0.709397782310119,
-7.83740322796098));
#3348=CARTESIAN_POINT('Ctrl Pts',(-0.272390416191582,0.655461608142275,
-7.82150178110775));
#3349=CARTESIAN_POINT('Ctrl Pts',(-0.441016797280872,0.509501025537835,
-7.80560033425452));
#3350=CARTESIAN_POINT('Ctrl Pts',(-0.609643178370152,0.363540442933403,
-7.78969888740129));
#3351=CARTESIAN_POINT('Ctrl Pts',(-0.698614548289382,0.12555545189237,-7.77379744054806));
#3352=CARTESIAN_POINT('Ctrl Pts',(-0.667097034243619,-0.0952294986406492,
-7.75789599369483));
#3353=CARTESIAN_POINT('Ctrl Pts',(-0.635579520197856,-0.316014449173675,
-7.7419945468416));
#3354=CARTESIAN_POINT('Ctrl Pts',(-0.483573122187104,-0.519599359198694,
-7.72609309998838));
#3355=CARTESIAN_POINT('Ctrl Pts',(-0.280841966873927,-0.612547875802672,
-7.71019165313515));
#3356=CARTESIAN_POINT('Ctrl Pts',(-0.0781108115607508,-0.70549639240665,
-7.69429020628192));
#3357=CARTESIAN_POINT('Ctrl Pts',(0.175345101054843,-0.687808515589582,
-7.6783887594287));
#3358=CARTESIAN_POINT('Ctrl Pts',(0.363200862136848,-0.567602188377593,
-7.66248731257547));
#3359=CARTESIAN_POINT('Ctrl Pts',(0.551516605425254,-0.447101524855151,
-7.64654692955884));
#3360=CARTESIAN_POINT('Ctrl Pts',(0.673909877967992,-0.223579742822843,
-7.63060654654222));
#3361=CARTESIAN_POINT('Ctrl Pts',(0.673859662735068,-1.02724526221398E-5,
-7.61466616352559));
#3362=CARTESIAN_POINT('Ctrl Pts',(0.673808446760705,-0.000169050587220368,
-7.53533383647441));
#3363=CARTESIAN_POINT('Ctrl Pts',(0.673839154063074,-0.00929661000690534,
-7.53598449379299));
#3364=CARTESIAN_POINT('Ctrl Pts',(0.673669789954622,-0.018423003821599,
-7.53663515111156));
#3365=CARTESIAN_POINT('Ctrl Pts',(0.673296817354118,-0.0275410690724279,
-7.53728580843013));
#3366=CARTESIAN_POINT('Ctrl Pts',(0.664181721257675,-0.250377923207336,
-7.55318725528336));
#3367=CARTESIAN_POINT('Ctrl Pts',(0.533457956652961,-0.468240399545013,
-7.56908870213659));
#3368=CARTESIAN_POINT('Ctrl Pts',(0.341121874950438,-0.58113938188281,-7.58499014898982));
#3369=CARTESIAN_POINT('Ctrl Pts',(0.14878579324792,-0.694038364220604,-7.60089159584305));
#3370=CARTESIAN_POINT('Ctrl Pts',(-0.105162605552403,-0.701973852558522,
-7.61679304269627));
#3371=CARTESIAN_POINT('Ctrl Pts',(-0.304172383519556,-0.601303813266529,
-7.6326944895495));
#3372=CARTESIAN_POINT('Ctrl Pts',(-0.503182161486709,-0.500633773974536,
-7.64859593640273));
#3373=CARTESIAN_POINT('Ctrl Pts',(-0.647253318620692,-0.291358207052632,
-7.66449738325595));
#3374=CARTESIAN_POINT('Ctrl Pts',(-0.670263648315391,-0.0695252219829446,
-7.68039883010918));
#3375=CARTESIAN_POINT('Ctrl Pts',(-0.693273978010091,0.152307763086749,
-7.69630027696241));
#3376=CARTESIAN_POINT('Ctrl Pts',(-0.595223480265501,0.386698166304226,
-7.71220172381564));
#3377=CARTESIAN_POINT('Ctrl Pts',(-0.421112940795245,0.526071293495109,
-7.72810317066887));
#3378=CARTESIAN_POINT('Ctrl Pts',(-0.247002401324993,0.665444420685988,
-7.7440046175221));
#3379=CARTESIAN_POINT('Ctrl Pts',(0.00316817987091888,0.709800271850278,
-7.75990606437532));
#3380=CARTESIAN_POINT('Ctrl Pts',(0.214581713892289,0.638781498485894,-7.77580751122855));
#3381=CARTESIAN_POINT('Ctrl Pts',(0.42599524791366,0.56776272512151,-7.79170895808178));
#3382=CARTESIAN_POINT('Ctrl Pts',(0.598651734760489,0.381369327228451,-7.80761040493501));
#3383=CARTESIAN_POINT('Ctrl Pts',(0.653309582137138,0.165147523846512,-7.82351185178824));
#3384=CARTESIAN_POINT('Ctrl Pts',(0.666854769578893,0.111563912409707,-7.8274525133503));
#3385=CARTESIAN_POINT('Ctrl Pts',(0.673153228511352,0.0561484293732494,
-7.83139317491236));
#3386=CARTESIAN_POINT('Ctrl Pts',(0.672647395763527,0.000619740869850571,
-7.83533383647442));
#3387=CARTESIAN_POINT('Origin',(0.,0.,0.));
#3388=CARTESIAN_POINT('',(0.671740091671292,-0.000269788746819696,-8.2146661635256));
#3389=CARTESIAN_POINT('',(0.671662207938059,-0.000134796699695605,-8.13533383647442));
#3390=CARTESIAN_POINT('',(0.67275,-8.23881134126382E-17,0.));
#3391=CARTESIAN_POINT('Ctrl Pts',(0.671740091671292,-0.000269788746819696,
-8.2146661635256));
#3392=CARTESIAN_POINT('Ctrl Pts',(0.671274908116785,0.129015457302612,-8.20552246192773));
#3393=CARTESIAN_POINT('Ctrl Pts',(0.635366579099927,0.258539788766664,-8.19637876032986));
#3394=CARTESIAN_POINT('Ctrl Pts',(0.565675415891303,0.366194530767697,-8.18723505873199));
#3395=CARTESIAN_POINT('Ctrl Pts',(0.444478292818065,0.553412599960469,-8.17133361187876));
#3396=CARTESIAN_POINT('Ctrl Pts',(0.221110726693116,0.674489810985102,-8.15543216502554));
#3397=CARTESIAN_POINT('Ctrl Pts',(-0.00191157670159214,0.673857148350072,
-8.13953071817232));
#3398=CARTESIAN_POINT('Ctrl Pts',(-0.224933880096301,0.673224485715042,
-8.12362927131909));
#3399=CARTESIAN_POINT('Ctrl Pts',(-0.447610920760776,0.550881949420352,
-8.10772782446585));
#3400=CARTESIAN_POINT('Ctrl Pts',(-0.567743913163187,0.362979282568771,
-8.09182637761262));
#3401=CARTESIAN_POINT('Ctrl Pts',(-0.687876905565601,0.175076615717185,
-8.07592493075939));
#3402=CARTESIAN_POINT('Ctrl Pts',(-0.705465849705951,-0.0783861816912824,
-8.06002348390617));
#3403=CARTESIAN_POINT('Ctrl Pts',(-0.612438208224465,-0.281081041009148,
-8.04412203705294));
#3404=CARTESIAN_POINT('Ctrl Pts',(-0.519410566742982,-0.483775900327009,
-8.02822059019972));
#3405=CARTESIAN_POINT('Ctrl Pts',(-0.315766339639662,-0.635702821554258,
-8.01231914334648));
#3406=CARTESIAN_POINT('Ctrl Pts',(-0.0949691037090284,-0.667134154311324,
-7.99641769649325));
#3407=CARTESIAN_POINT('Ctrl Pts',(0.125828132221612,-0.69856548706839,-7.98051624964002));
#3408=CARTESIAN_POINT('Ctrl Pts',(0.363778376979574,-0.609501231355267,
-7.9646148027868));
#3409=CARTESIAN_POINT('Ctrl Pts',(0.509673128607515,-0.44081789038492,-7.94871335593357));
#3410=CARTESIAN_POINT('Ctrl Pts',(0.613800061748451,-0.320426452233657,
-7.93736429179758));
#3411=CARTESIAN_POINT('Ctrl Pts',(0.671035235772932,-0.159478184283205,
-7.92601522766159));
#3412=CARTESIAN_POINT('Ctrl Pts',(0.67239527444944,0.000596288746985106,
-7.9146661635256));
#3413=CARTESIAN_POINT('Ctrl Pts',(0.672647395763527,0.000619740869850571,
-7.83533383647442));
#3414=CARTESIAN_POINT('Ctrl Pts',(0.671112080742255,-0.167922193074419,
-7.84729462176559));
#3415=CARTESIAN_POINT('Ctrl Pts',(0.606891707199308,-0.337507041057887,
-7.85925540705675));
#3416=CARTESIAN_POINT('Ctrl Pts',(0.492357791702602,-0.460077080166546,
-7.87121619234792));
#3417=CARTESIAN_POINT('Ctrl Pts',(0.340088945984939,-0.623029671926852,
-7.88711763920114));
#3418=CARTESIAN_POINT('Ctrl Pts',(0.0988920466431454,-0.702884646576632,
-7.90301908605437));
#3419=CARTESIAN_POINT('Ctrl Pts',(-0.120534335364539,-0.66299214832686,
-7.9189205329076));
#3420=CARTESIAN_POINT('Ctrl Pts',(-0.339960717372211,-0.62309965007709,
-7.93482197976083));
#3421=CARTESIAN_POINT('Ctrl Pts',(-0.53761658204577,-0.463459678927784,
-7.95072342661406));
#3422=CARTESIAN_POINT('Ctrl Pts',(-0.622786742661898,-0.257339829621106,
-7.96662487346729));
#3423=CARTESIAN_POINT('Ctrl Pts',(-0.707956903278031,-0.0512199803144157,
-7.98252632032052));
#3424=CARTESIAN_POINT('Ctrl Pts',(-0.68064135983671,0.201379747149665,-7.99842776717375));
#3425=CARTESIAN_POINT('Ctrl Pts',(-0.553376723016408,0.384527394561765,
-8.01432921402698));
#3426=CARTESIAN_POINT('Ctrl Pts',(-0.426112086196109,0.567675041973861,
-8.0302306608802));
#3427=CARTESIAN_POINT('Ctrl Pts',(-0.19889835599684,0.681370609333993,-8.04613210773343));
#3428=CARTESIAN_POINT('Ctrl Pts',(0.023983544800932,0.673432924888305,-8.06203355458666));
#3429=CARTESIAN_POINT('Ctrl Pts',(0.246865445598704,0.665495240442618,-8.07793500143988));
#3430=CARTESIAN_POINT('Ctrl Pts',(0.465415516994972,0.53592430419111,-8.09383644829311));
#3431=CARTESIAN_POINT('Ctrl Pts',(0.57932906746009,0.344187370977869,-8.10973789514634));
#3432=CARTESIAN_POINT('Ctrl Pts',(0.640449806578777,0.241310206439555,-8.11826987558903));
#3433=CARTESIAN_POINT('Ctrl Pts',(0.671446748871169,0.12053607968084,-8.12680185603173));
#3434=CARTESIAN_POINT('Ctrl Pts',(0.671662207938059,-0.000134796699695605,
-8.13533383647442));
#3435=CARTESIAN_POINT('Origin',(0.,0.,0.));
#3436=CARTESIAN_POINT('',(0.673386431955144,-0.000487709830358576,-8.51466616352559));
#3437=CARTESIAN_POINT('',(0.673143469702533,-0.00056660925807839,-8.43533383647442));
#3438=CARTESIAN_POINT('',(0.67275,-8.23881134126382E-17,0.));
#3439=CARTESIAN_POINT('Ctrl Pts',(0.673386431955144,-0.000487709830358576,
-8.51466616352559));
#3440=CARTESIAN_POINT('Ctrl Pts',(0.671811576550741,0.192508497413079,-8.50093114304709));
#3441=CARTESIAN_POINT('Ctrl Pts',(0.584484572175632,0.386748526966687,-8.4871961225686));
#3442=CARTESIAN_POINT('Ctrl Pts',(0.438119049775635,0.511994930376714,-8.47346110209011));
#3443=CARTESIAN_POINT('Ctrl Pts',(0.268667276534215,0.656996463537912,-8.45755965523688));
#3444=CARTESIAN_POINT('Ctrl Pts',(0.0200838737990092,0.709523147328311,
-8.44165820838364));
#3445=CARTESIAN_POINT('Ctrl Pts',(-0.193542513338343,0.645467587132237,
-8.42575676153041));
#3446=CARTESIAN_POINT('Ctrl Pts',(-0.407168900475701,0.581412026936162,
-8.40985531467718));
#3447=CARTESIAN_POINT('Ctrl Pts',(-0.585838272015203,0.400774222753607,
-8.39395386782396));
#3448=CARTESIAN_POINT('Ctrl Pts',(-0.647549390968828,0.186458833966487,
-8.37805242097073));
#3449=CARTESIAN_POINT('Ctrl Pts',(-0.709260509922452,-0.0278565548206263,
-8.36215097411751));
#3450=CARTESIAN_POINT('Ctrl Pts',(-0.654013376290206,-0.275849528212303,
-8.34624952726428));
#3451=CARTESIAN_POINT('Ctrl Pts',(-0.507163949288238,-0.443702421731376,
-8.33034808041105));
#3452=CARTESIAN_POINT('Ctrl Pts',(-0.36031452228627,-0.61155531525045,-8.31444663355782));
#3453=CARTESIAN_POINT('Ctrl Pts',(-0.12186280191458,-0.699268128896921,
-8.29854518670459));
#3454=CARTESIAN_POINT('Ctrl Pts',(0.0987525550296766,-0.666584610820749,
-8.28264373985136));
#3455=CARTESIAN_POINT('Ctrl Pts',(0.31936791197394,-0.633901092744577,-8.26674229299813));
#3456=CARTESIAN_POINT('Ctrl Pts',(0.522146905490768,-0.480821242945753,
-8.25084084614491));
#3457=CARTESIAN_POINT('Ctrl Pts',(0.61402306223842,-0.27760185436588,-8.23493939929168));
#3458=CARTESIAN_POINT('Ctrl Pts',(0.653068293032389,-0.191238338413593,
-8.22818165403632));
#3459=CARTESIAN_POINT('Ctrl Pts',(0.672083890287716,-0.0958193589868132,
-8.22142390878096));
#3460=CARTESIAN_POINT('Ctrl Pts',(0.671740091671292,-0.000269788746819696,
-8.2146661635256));
#3461=CARTESIAN_POINT('Ctrl Pts',(0.671662207938059,-0.000134796699695605,
-8.13533383647442));
#3462=CARTESIAN_POINT('Ctrl Pts',(0.671848309906642,-0.104363817873611,
-8.14270330288496));
#3463=CARTESIAN_POINT('Ctrl Pts',(0.649069650998266,-0.208515808313564,
-8.15007276929549));
#3464=CARTESIAN_POINT('Ctrl Pts',(0.602902415125199,-0.300991349678101,
-8.15744223570603));
#3465=CARTESIAN_POINT('Ctrl Pts',(0.503285182791229,-0.500530206945817,
-8.17334368255926));
#3466=CARTESIAN_POINT('Ctrl Pts',(0.294773688589331,-0.645704991306284,
-8.18924512941248));
#3467=CARTESIAN_POINT('Ctrl Pts',(0.0730653668543351,-0.669886980699934,
-8.20514657626571));
#3468=CARTESIAN_POINT('Ctrl Pts',(-0.148642954880661,-0.694068970093583,
-8.22104802311894));
#3469=CARTESIAN_POINT('Ctrl Pts',(-0.38354810414875,-0.597258164520431,
-8.23694946997217));
#3470=CARTESIAN_POINT('Ctrl Pts',(-0.523839141399488,-0.423886386526712,
-8.2528509168254));
#3471=CARTESIAN_POINT('Ctrl Pts',(-0.66413017865023,-0.250514608532989,
-8.26875236367863));
#3472=CARTESIAN_POINT('Ctrl Pts',(-0.709807103883602,-0.000581858118692338,
-8.28465381053185));
#3473=CARTESIAN_POINT('Ctrl Pts',(-0.639906254785031,0.211203929489653,
-8.30055525738508));
#3474=CARTESIAN_POINT('Ctrl Pts',(-0.57000540568646,0.422989717097998,-8.31645670423831));
#3475=CARTESIAN_POINT('Ctrl Pts',(-0.384526782255945,0.596628541900401,
-8.33235815109154));
#3476=CARTESIAN_POINT('Ctrl Pts',(-0.168596763037878,0.652427962489303,
-8.34825959794477));
#3477=CARTESIAN_POINT('Ctrl Pts',(0.0473332561801771,0.708227383078202,
-8.36416104479799));
#3478=CARTESIAN_POINT('Ctrl Pts',(0.293714671185768,0.646187399453625,-8.38006249165122));
#3479=CARTESIAN_POINT('Ctrl Pts',(0.45746945060233,0.494781584651639,-8.39596393850444));
#3480=CARTESIAN_POINT('Ctrl Pts',(0.592614573291075,0.369827934504105,-8.40908723782777));
#3481=CARTESIAN_POINT('Ctrl Pts',(0.671482447655523,0.184006949785518,-8.42221053715109));
#3482=CARTESIAN_POINT('Ctrl Pts',(0.673143469702533,-0.00056660925807839,
-8.43533383647442));
#3483=CARTESIAN_POINT('Origin',(0.,0.,0.));
#3484=CARTESIAN_POINT('',(0.673286858502377,0.000525130770920642,-8.8146661635256));
#3485=CARTESIAN_POINT('',(0.673512705750185,0.000427493454889927,-8.73533383647441));
#3486=CARTESIAN_POINT('',(0.67275,-8.23881134126382E-17,0.));
#3487=CARTESIAN_POINT('Ctrl Pts',(0.673286858502377,0.000525130770920642,
-8.8146661635256));
#3488=CARTESIAN_POINT('Ctrl Pts',(0.673579518708772,0.0346113756453075,
-8.8122412710197));
#3489=CARTESIAN_POINT('Ctrl Pts',(0.671215328369761,0.0686568983981516,
-8.8098163785138));
#3490=CARTESIAN_POINT('Ctrl Pts',(0.666053581707078,0.102272855004023,-8.8073914860079));
#3491=CARTESIAN_POINT('Ctrl Pts',(0.6322049719123,0.322712460507417,-8.79149003915467));
#3492=CARTESIAN_POINT('Ctrl Pts',(0.478055942991881,0.524679877592027,-8.77558859230143));
#3493=CARTESIAN_POINT('Ctrl Pts',(0.274353993390771,0.615481110043891,-8.7596871454482));
#3494=CARTESIAN_POINT('Ctrl Pts',(0.0706520437896493,0.70628234249576,-8.74378569859498));
#3495=CARTESIAN_POINT('Ctrl Pts',(-0.182602826492171,0.685917390314868,
-8.72788425174175));
#3496=CARTESIAN_POINT('Ctrl Pts',(-0.36917797814153,0.563732854234309,-8.71198280488853));
#3497=CARTESIAN_POINT('Ctrl Pts',(-0.555753129790888,0.441548318153751,
-8.6960813580353));
#3498=CARTESIAN_POINT('Ctrl Pts',(-0.675648562807784,0.217544198173526,
-8.68017991118207));
#3499=CARTESIAN_POINT('Ctrl Pts',(-0.673837644809481,-0.00547165024957899,
-8.66427846432884));
#3500=CARTESIAN_POINT('Ctrl Pts',(-0.672026726811179,-0.228487498672678,
-8.64837701747561));
#3501=CARTESIAN_POINT('Ctrl Pts',(-0.548509457797686,-0.450515075538657,
-8.63247557062238));
#3502=CARTESIAN_POINT('Ctrl Pts',(-0.359974730588081,-0.569653670088619,
-8.61657412376915));
#3503=CARTESIAN_POINT('Ctrl Pts',(-0.171440003378477,-0.688792264638581,
-8.60067267691593));
#3504=CARTESIAN_POINT('Ctrl Pts',(0.0821121820272377,-0.705041876872527,
-8.5847712300627));
#3505=CARTESIAN_POINT('Ctrl Pts',(0.28431273190999,-0.610944662779837,-8.56886978320947));
#3506=CARTESIAN_POINT('Ctrl Pts',(0.486513281792747,-0.516847448687146,
-8.55296833635624));
#3507=CARTESIAN_POINT('Ctrl Pts',(0.637362196152539,-0.312403408267813,
-8.53706688950301));
#3508=CARTESIAN_POINT('Ctrl Pts',(0.667626581458615,-0.0914431967921449,
-8.52116544264978));
#3509=CARTESIAN_POINT('Ctrl Pts',(0.671749826541109,-0.0613393933882499,
-8.51899901627505));
#3510=CARTESIAN_POINT('Ctrl Pts',(0.673634834080924,-0.0309290240060352,
-8.51683258990032));
#3511=CARTESIAN_POINT('Ctrl Pts',(0.673386431955144,-0.000487709830358576,
-8.51466616352559));
#3512=CARTESIAN_POINT('Ctrl Pts',(0.673143469702533,-0.00056660925807839,
-8.43533383647442));
#3513=CARTESIAN_POINT('Ctrl Pts',(0.673495101116504,-0.0396400590445972,
-8.43811198400432));
#3514=CARTESIAN_POINT('Ctrl Pts',(0.670386698366061,-0.0786576053028214,
-8.44089013153423));
#3515=CARTESIAN_POINT('Ctrl Pts',(0.663619698681783,-0.117029954569745,
-8.44366827906414));
#3516=CARTESIAN_POINT('Ctrl Pts',(0.624887023517143,-0.336664033009682,
-8.45956972591737));
#3517=CARTESIAN_POINT('Ctrl Pts',(0.466293529360364,-0.535160543910146,
-8.47547117277058));
#3518=CARTESIAN_POINT('Ctrl Pts',(0.260626524898339,-0.621418481591837,
-8.49137261962381));
#3519=CARTESIAN_POINT('Ctrl Pts',(0.0549595204363091,-0.70767641927353,
-8.50727406647704));
#3520=CARTESIAN_POINT('Ctrl Pts',(-0.197780994330965,-0.681695783736437,
-8.52317551333027));
#3521=CARTESIAN_POINT('Ctrl Pts',(-0.381598446131618,-0.555400522735214,
-8.5390769601835));
#3522=CARTESIAN_POINT('Ctrl Pts',(-0.565415897932276,-0.429105261733988,
-8.55497840703673));
#3523=CARTESIAN_POINT('Ctrl Pts',(-0.680310286766309,-0.202495375268608,
-8.57087985388996));
#3524=CARTESIAN_POINT('Ctrl Pts',(-0.673550235527375,0.0204253510999084,
-8.58678130074319));
#3525=CARTESIAN_POINT('Ctrl Pts',(-0.666790184288441,0.243346077468419,
-8.60268274759641));
#3526=CARTESIAN_POINT('Ctrl Pts',(-0.53837569297656,0.462577643740073,-8.61858419444964));
#3527=CARTESIAN_POINT('Ctrl Pts',(-0.347243260026331,0.577502582772088,
-8.63448564130287));
#3528=CARTESIAN_POINT('Ctrl Pts',(-0.156110827076102,0.692427521804103,
-8.6503870881561));
#3529=CARTESIAN_POINT('Ctrl Pts',(0.0977395475124681,0.703045833596475,
-8.66628853500932));
#3530=CARTESIAN_POINT('Ctrl Pts',(0.297801914545221,0.604484188740658,-8.68218998186255));
#3531=CARTESIAN_POINT('Ctrl Pts',(0.497864281577979,0.505922543884838,-8.69809142871578));
#3532=CARTESIAN_POINT('Ctrl Pts',(0.644138641054912,0.298180942380825,-8.71399287556902));
#3533=CARTESIAN_POINT('Ctrl Pts',(0.669491615171177,0.0766034723180332,
-8.72989432242224));
#3534=CARTESIAN_POINT('Ctrl Pts',(0.672382502192185,0.0513379776500362,
-8.73170749377297));
#3535=CARTESIAN_POINT('Ctrl Pts',(0.67370119017358,0.0258925914004517,-8.73352066512369));
#3536=CARTESIAN_POINT('Ctrl Pts',(0.673512705750185,0.000427493454889927,
-8.73533383647441));
#3537=CARTESIAN_POINT('Origin',(0.,0.,0.));
#3538=CARTESIAN_POINT('',(0.671700815085619,0.000214057698605108,-9.11466616352559));
#3539=CARTESIAN_POINT('',(0.671808272563814,0.000341821024630727,-9.03533383647441));
#3540=CARTESIAN_POINT('',(0.67275,-8.23881134126382E-17,0.));
#3541=CARTESIAN_POINT('Ctrl Pts',(0.671700815085619,0.000214057698605108,
-9.11466616352559));
#3542=CARTESIAN_POINT('Ctrl Pts',(0.671983087904649,0.0994326324051232,
-9.10764995213906));
#3543=CARTESIAN_POINT('Ctrl Pts',(0.651423444319617,0.198539929171433,-9.10063374075253));
#3544=CARTESIAN_POINT('Ctrl Pts',(0.609434067158194,0.287536485763767,-9.093617529366));
#3545=CARTESIAN_POINT('Ctrl Pts',(0.514269909103571,0.489237081257503,-9.07771608251277));
#3546=CARTESIAN_POINT('Ctrl Pts',(0.30903175689514,0.639003780754168,-9.06181463565954));
#3547=CARTESIAN_POINT('Ctrl Pts',(0.0879147361650471,0.668100374459971,
-9.04591318880632));
#3548=CARTESIAN_POINT('Ctrl Pts',(-0.133202284565053,0.697196968165774,
-9.03001174195308));
#3549=CARTESIAN_POINT('Ctrl Pts',(-0.370198173816809,0.605623456080704,
-9.01411029509986));
#3550=CARTESIAN_POINT('Ctrl Pts',(-0.514302440606742,0.435407980002854,
-8.99820884824663));
#3551=CARTESIAN_POINT('Ctrl Pts',(-0.65840670739668,0.265192503924999,-8.9823074013934));
#3552=CARTESIAN_POINT('Ctrl Pts',(-0.709619351724782,0.0163350638543425,
-8.96640595454017));
#3553=CARTESIAN_POINT('Ctrl Pts',(-0.644436061814032,-0.196949925484089,
-8.95050450768695));
#3554=CARTESIAN_POINT('Ctrl Pts',(-0.579252771903284,-0.41023491482252,
-8.93460306083372));
#3555=CARTESIAN_POINT('Ctrl Pts',(-0.397673547753693,-0.587947453428736,
-8.91870161398049));
#3556=CARTESIAN_POINT('Ctrl Pts',(-0.183035119604854,-0.648525447116643,
-8.90280016712726));
#3557=CARTESIAN_POINT('Ctrl Pts',(0.0316033085439728,-0.709103440804546,
-8.88689872027403));
#3558=CARTESIAN_POINT('Ctrl Pts',(0.279300940692037,-0.652546889574153,
-8.8709972734208));
#3559=CARTESIAN_POINT('Ctrl Pts',(0.446375661431507,-0.504812716997869,
-8.85509582656758));
#3560=CARTESIAN_POINT('Ctrl Pts',(0.587972308258222,-0.379607279778309,
-8.84161927222025));
#3561=CARTESIAN_POINT('Ctrl Pts',(0.671660373548019,-0.188912186730128,
-8.82814271787292));
#3562=CARTESIAN_POINT('Ctrl Pts',(0.673286858502377,0.000525130770920642,
-8.8146661635256));
#3563=CARTESIAN_POINT('Ctrl Pts',(0.673512705750185,0.000427493454889927,
-8.73533383647441));
#3564=CARTESIAN_POINT('Ctrl Pts',(0.672048188630132,-0.197435392152776,
-8.74942211197692));
#3565=CARTESIAN_POINT('Ctrl Pts',(0.579592153792232,-0.396488318878521,
-8.76351038747942));
#3566=CARTESIAN_POINT('Ctrl Pts',(0.426648000702255,-0.521592367871177,
-8.77759866298192));
#3567=CARTESIAN_POINT('Ctrl Pts',(0.254019823361468,-0.662797399376038,
-8.79350010983515));
#3568=CARTESIAN_POINT('Ctrl Pts',(0.00433187992429088,-0.70979412376421,
-8.80940155668838));
#3569=CARTESIAN_POINT('Ctrl Pts',(-0.207820249920984,-0.641013149997687,
-8.82530300354161));
#3570=CARTESIAN_POINT('Ctrl Pts',(-0.419972379766277,-0.572232176231159,
-8.84120445039484));
#3571=CARTESIAN_POINT('Ctrl Pts',(-0.594588696019661,-0.387673504309913,
-8.85710589724807));
#3572=CARTESIAN_POINT('Ctrl Pts',(-0.651528132294421,-0.172041296325231,
-8.87300734410129));
#3573=CARTESIAN_POINT('Ctrl Pts',(-0.708467568569178,0.0435909116594393,
-8.88890879095452));
#3574=CARTESIAN_POINT('Ctrl Pts',(-0.647730124865324,0.290296655707543,
-8.90481023780774));
#3575=CARTESIAN_POINT('Ctrl Pts',(-0.497191567120934,0.454849052084239,
-8.92071168466097));
#3576=CARTESIAN_POINT('Ctrl Pts',(-0.346653009376543,0.619401448460936,
-8.9366131315142));
#3577=CARTESIAN_POINT('Ctrl Pts',(-0.106313337591617,0.701800497166225,
-8.95251457836744));
#3578=CARTESIAN_POINT('Ctrl Pts',(0.113522307021513,0.664228726126748,-8.96841602522067));
#3579=CARTESIAN_POINT('Ctrl Pts',(0.333357951634648,0.626656955087269,-8.9843174720739));
#3580=CARTESIAN_POINT('Ctrl Pts',(0.532689569075985,0.469114364303016,-9.00021891892712));
#3581=CARTESIAN_POINT('Ctrl Pts',(0.620032875847453,0.263905945403997,-9.01612036578035));
#3582=CARTESIAN_POINT('Ctrl Pts',(0.655211395145431,0.181255899382327,-9.0225248560117));
#3583=CARTESIAN_POINT('Ctrl Pts',(0.672223528166943,0.0908736548790386,
-9.02892934624306));
#3584=CARTESIAN_POINT('Ctrl Pts',(0.671808272563814,0.000341821024630727,
-9.03533383647441));
#3585=CARTESIAN_POINT('Origin',(0.,0.,0.));
#3586=CARTESIAN_POINT('',(0.672499478392405,-0.000610250209939142,-9.41466616352559));
#3587=CARTESIAN_POINT('',(0.672259097383987,-0.000567532952276311,-9.33533383647441));
#3588=CARTESIAN_POINT('',(0.67275,-8.23881134126382E-17,0.));
#3589=CARTESIAN_POINT('Ctrl Pts',(0.672499478392405,-0.000610250209939142,
-9.41466616352559));
#3590=CARTESIAN_POINT('Ctrl Pts',(0.67105844876154,0.163045260782846,-9.40305863325843));
#3591=CARTESIAN_POINT('Ctrl Pts',(0.61093132223508,0.32764884419173,-9.39145110299127));
#3592=CARTESIAN_POINT('Ctrl Pts',(0.50244751186699,0.449036382053404,-9.37984357272411));
#3593=CARTESIAN_POINT('Ctrl Pts',(0.353832819051235,0.615328214814101,-9.36394212587088));
#3594=CARTESIAN_POINT('Ctrl Pts',(0.114467392493536,0.700516722630535,-9.34804067901765));
#3595=CARTESIAN_POINT('Ctrl Pts',(-0.105790362372044,0.665503993247169,
-9.33213923216442));
#3596=CARTESIAN_POINT('Ctrl Pts',(-0.326048117237636,0.6304912638638,-9.31623778531119));
#3597=CARTESIAN_POINT('Ctrl Pts',(-0.527198200411106,0.475277297280614,
-9.30033633845796));
#3598=CARTESIAN_POINT('Ctrl Pts',(-0.616921945756371,0.271098457962129,
-9.28443489160474));
#3599=CARTESIAN_POINT('Ctrl Pts',(-0.706645691101637,0.066919618643644,
-9.26853344475151));
#3600=CARTESIAN_POINT('Ctrl Pts',(-0.684943098618697,-0.186224093410139,
-9.25263199789828));
#3601=CARTESIAN_POINT('Ctrl Pts',(-0.561774574924613,-0.372151112199467,
-9.23673055104505));
#3602=CARTESIAN_POINT('Ctrl Pts',(-0.438606051230533,-0.55807813098879,
-9.22082910419183));
#3603=CARTESIAN_POINT('Ctrl Pts',(-0.213971596325314,-0.676788456513661,
-9.2049276573386));
#3604=CARTESIAN_POINT('Ctrl Pts',(0.00903158019971565,-0.673799337721611,
-9.18902621048537));
#3605=CARTESIAN_POINT('Ctrl Pts',(0.232034756724746,-0.670810218929562,
-9.17312476363214));
#3606=CARTESIAN_POINT('Ctrl Pts',(0.453406654869588,-0.546121655820591,
-9.15722331677891));
#3607=CARTESIAN_POINT('Ctrl Pts',(0.571547521991607,-0.356960128520699,
-9.14132186992568));
#3608=CARTESIAN_POINT('Ctrl Pts',(0.637560975503597,-0.251262532143898,
-9.13243663445898));
#3609=CARTESIAN_POINT('Ctrl Pts',(0.671343348594837,-0.12543500707015,-9.12355139899229));
#3610=CARTESIAN_POINT('Ctrl Pts',(0.671700815085619,0.000214057698605108,
-9.11466616352559));
#3611=CARTESIAN_POINT('Ctrl Pts',(0.671808272563814,0.000341821024630727,
-9.03533383647441));
#3612=CARTESIAN_POINT('Ctrl Pts',(0.671192507013795,-0.133904132666539,
-9.04483079309628));
#3613=CARTESIAN_POINT('Ctrl Pts',(0.632256160074733,-0.268479014060416,
-9.05432774971816));
#3614=CARTESIAN_POINT('Ctrl Pts',(0.55740881934174,-0.378658846221118,-9.06382470634003));
#3615=CARTESIAN_POINT('Ctrl Pts',(0.432086459962958,-0.563140971933445,
-9.07972615319326));
#3616=CARTESIAN_POINT('Ctrl Pts',(0.206086745103795,-0.679230976344322,
-9.09562760004649));
#3617=CARTESIAN_POINT('Ctrl Pts',(-0.0168665858784523,-0.6736487465334,
-9.11152904689972));
#3618=CARTESIAN_POINT('Ctrl Pts',(-0.239819916860706,-0.668066516722478,
-9.12743049375295));
#3619=CARTESIAN_POINT('Ctrl Pts',(-0.459726863966038,-0.540812052689752,
-9.14333194060617));
#3620=CARTESIAN_POINT('Ctrl Pts',(-0.575659981465752,-0.35028945578349,
-9.1592333874594));
#3621=CARTESIAN_POINT('Ctrl Pts',(-0.69159309896546,-0.15976685887724,-9.17513483431263));
#3622=CARTESIAN_POINT('Ctrl Pts',(-0.703552386859556,0.0940238709025518,
-9.19103628116585));
#3623=CARTESIAN_POINT('Ctrl Pts',(-0.606049084912051,0.294604165219671,
-9.20693772801908));
#3624=CARTESIAN_POINT('Ctrl Pts',(-0.50854578296454,0.495184459536802,-9.22283917487231));
#3625=CARTESIAN_POINT('Ctrl Pts',(-0.301579891175439,0.642554318391258,
-9.23874062172554));
#3626=CARTESIAN_POINT('Ctrl Pts',(-0.0801394491849686,0.669077566411165,
-9.25464206857877));
#3627=CARTESIAN_POINT('Ctrl Pts',(0.141300992805496,0.695600814431071,-9.270543515432));
#3628=CARTESIAN_POINT('Ctrl Pts',(0.37721598499733,0.60127745161641,-9.28644496228523));
#3629=CARTESIAN_POINT('Ctrl Pts',(0.519331053744633,0.429397699331821,-9.30234640913845));
#3630=CARTESIAN_POINT('Ctrl Pts',(0.617603253897594,0.310543297981977,-9.31334221825044));
#3631=CARTESIAN_POINT('Ctrl Pts',(0.671023271245306,0.154603862545962,-9.32433802736242));
#3632=CARTESIAN_POINT('Ctrl Pts',(0.672259097383987,-0.000567532952276311,
-9.33533383647441));
#3633=CARTESIAN_POINT('Origin',(0.,0.,0.));
#3634=CARTESIAN_POINT('',(0.673838940863589,8.3191560915556E-5,-9.71466616352559));
#3635=CARTESIAN_POINT('',(0.673845743900416,-8.19883208625076E-5,-9.63533383647441));
#3636=CARTESIAN_POINT('',(0.67275,-8.23881134126382E-17,0.));
#3637=CARTESIAN_POINT('Ctrl Pts',(0.673838940863589,8.3191560915556E-5,
-9.71466616352559));
#3638=CARTESIAN_POINT('Ctrl Pts',(0.673845595399668,0.0042546414592793,
-9.71436876123102));
#3639=CARTESIAN_POINT('Ctrl Pts',(0.67381004591859,0.00842596733725889,
-9.71407135893646));
#3640=CARTESIAN_POINT('Ctrl Pts',(0.673731940098178,0.012596492561432,-9.71377395664189));
#3641=CARTESIAN_POINT('Ctrl Pts',(0.669555793595884,0.235585307424052,-9.69787250978866));
#3642=CARTESIAN_POINT('Ctrl Pts',(0.543719337466124,0.456285208542737,-9.68197106293544));
#3643=CARTESIAN_POINT('Ctrl Pts',(0.353940992391699,0.573422657251319,-9.66606961608221));
#3644=CARTESIAN_POINT('Ctrl Pts',(0.164162647317263,0.690560105959907,-9.65016816922899));
#3645=CARTESIAN_POINT('Ctrl Pts',(-0.0895575867018543,0.704135102258381,
-9.63426672237575));
#3646=CARTESIAN_POINT('Ctrl Pts',(-0.290755080200458,0.607907919918663,
-9.61836527552252));
#3647=CARTESIAN_POINT('Ctrl Pts',(-0.491952573699062,0.511680737578944,
-9.6024638286693));
#3648=CARTESIAN_POINT('Ctrl Pts',(-0.64062732667716,0.305651376601028,-9.58656238181607));
#3649=CARTESIAN_POINT('Ctrl Pts',(-0.668554006251614,0.08438305147126,-9.57066093496284));
#3650=CARTESIAN_POINT('Ctrl Pts',(-0.696480685826068,-0.136885273658508,
-9.55475948810961));
#3651=CARTESIAN_POINT('Ctrl Pts',(-0.603659291996889,-0.373392562940119,
-9.53885804125638));
#3652=CARTESIAN_POINT('Ctrl Pts',(-0.432685555903655,-0.51659518901331,
-9.52295659440315));
#3653=CARTESIAN_POINT('Ctrl Pts',(-0.261711819810425,-0.659797815086497,
-9.50705514754993));
#3654=CARTESIAN_POINT('Ctrl Pts',(-0.0125857414531421,-0.709695777951254,
-9.49115370069671));
#3655=CARTESIAN_POINT('Ctrl Pts',(0.200352262046535,-0.643386763600507,
-9.47525225384348));
#3656=CARTESIAN_POINT('Ctrl Pts',(0.413290265546213,-0.577077749249761,
-9.45935080699025));
#3657=CARTESIAN_POINT('Ctrl Pts',(0.590040194188291,-0.394561757683509,
-9.44344936013701));
#3658=CARTESIAN_POINT('Ctrl Pts',(0.649483178972427,-0.179606183047899,
-9.42754791328379));
#3659=CARTESIAN_POINT('Ctrl Pts',(0.665534750923448,-0.121561068303637,
-9.42325399669772));
#3660=CARTESIAN_POINT('Ctrl Pts',(0.673032551396789,-0.0611505285360904,
-9.41896008011165));
#3661=CARTESIAN_POINT('Ctrl Pts',(0.672499478392405,-0.000610250209939142,
-9.41466616352559));
#3662=CARTESIAN_POINT('Ctrl Pts',(0.672259097383987,-0.000567532952276311,
-9.33533383647441));
#3663=CARTESIAN_POINT('Ctrl Pts',(0.672810445200758,-0.0697952401964487,
-9.34023947421565));
#3664=CARTESIAN_POINT('Ctrl Pts',(0.662975142430954,-0.138870078108253,
-9.34514511195689));
#3665=CARTESIAN_POINT('Ctrl Pts',(0.642102118898669,-0.204430756546422,
-9.35005074969814));
#3666=CARTESIAN_POINT('Ctrl Pts',(0.574442970002615,-0.416943318385557,
-9.36595219655136));
#3667=CARTESIAN_POINT('Ctrl Pts',(0.390809526907722,-0.592532300309306,
-9.38185364340459));
#3668=CARTESIAN_POINT('Ctrl Pts',(0.175481092595133,-0.65061014145641,-9.39775509025782));
#3669=CARTESIAN_POINT('Ctrl Pts',(-0.0398473417174608,-0.708687982603517,
-9.41365653711105));
#3670=CARTESIAN_POINT('Ctrl Pts',(-0.286870767247745,-0.649254682973971,
-9.42955798396428));
#3671=CARTESIAN_POINT('Ctrl Pts',(-0.452216080941025,-0.499587624887196,
-9.4454594308175));
#3672=CARTESIAN_POINT('Ctrl Pts',(-0.617561394634297,-0.34992056680043,
-9.46136087767073));
#3673=CARTESIAN_POINT('Ctrl Pts',(-0.701228596490572,-0.110019750256429,
-9.47726232452396));
#3674=CARTESIAN_POINT('Ctrl Pts',(-0.66481898030616,0.110011401676768,-9.49316377137719));
#3675=CARTESIAN_POINT('Ctrl Pts',(-0.628409364121746,0.330042553609972,
-9.50906521823042));
#3676=CARTESIAN_POINT('Ctrl Pts',(-0.471922929896649,0.53020404093238,-9.52496666508364));
#3677=CARTESIAN_POINT('Ctrl Pts',(-0.267178441651978,0.618630132600316,
-9.54086811193687));
#3678=CARTESIAN_POINT('Ctrl Pts',(-0.0624339534073023,0.707056224268254,
-9.5567695587901));
#3679=CARTESIAN_POINT('Ctrl Pts',(0.190568588856943,0.68374692028171,-9.57267100564334));
#3680=CARTESIAN_POINT('Ctrl Pts',(0.375709514258264,0.559401237595883,-9.58857245249657));
#3681=CARTESIAN_POINT('Ctrl Pts',(0.557190817660294,0.437513456613247,-9.60415958048918));
#3682=CARTESIAN_POINT('Ctrl Pts',(0.673466787337925,0.21854412797609,-9.61974670848179));
#3683=CARTESIAN_POINT('Ctrl Pts',(0.673845743900416,-8.19883208625076E-5,
-9.63533383647441));
#3684=CARTESIAN_POINT('Origin',(0.,0.,0.));
#3685=CARTESIAN_POINT('',(0.67275,-8.23881134126382E-17,-10.));
#3686=CARTESIAN_POINT('',(0.672520485445103,0.000606261300826689,-9.9353338364744));
#3687=CARTESIAN_POINT('',(0.67275,-8.23881134126382E-17,0.));
#3688=CARTESIAN_POINT('',(0.641261165306727,0.20341258655614,-10.));
#3689=CARTESIAN_POINT('Origin',(0.,0.,-10.));
#3690=CARTESIAN_POINT('Ctrl Pts',(0.641261165306732,0.203412586556121,-10.));
#3691=CARTESIAN_POINT('Ctrl Pts',(0.573516815648423,0.416977643371565,-9.98409855314677));
#3692=CARTESIAN_POINT('Ctrl Pts',(0.391281298203953,0.592178351380985,-9.96819710629355));
#3693=CARTESIAN_POINT('Ctrl Pts',(0.176358950530104,0.650323862373315,-9.95229565944032));
#3694=CARTESIAN_POINT('Ctrl Pts',(-0.0385633971437509,0.708469373365646,
-9.93639421258709));
#3695=CARTESIAN_POINT('Ctrl Pts',(-0.286172575046981,0.649559687340876,
-9.92049276573386));
#3696=CARTESIAN_POINT('Ctrl Pts',(-0.451808076142724,0.500132620149308,
-9.90459131888063));
#3697=CARTESIAN_POINT('Ctrl Pts',(-0.617443577238472,0.350705552957736,
-9.88868987202741));
#3698=CARTESIAN_POINT('Ctrl Pts',(-0.701105401526724,0.110761104599344,
-9.87278842517418));
#3699=CARTESIAN_POINT('Ctrl Pts',(-0.664866998145734,-0.109340137229307,
-9.85688697832095));
#3700=CARTESIAN_POINT('Ctrl Pts',(-0.628628594764745,-0.329441379057953,
-9.84098553146772));
#3701=CARTESIAN_POINT('Ctrl Pts',(-0.472489963714532,-0.529699414356867,
-9.82508408461448));
#3702=CARTESIAN_POINT('Ctrl Pts',(-0.267872132687021,-0.618326820316085,
-9.80918263776126));
#3703=CARTESIAN_POINT('Ctrl Pts',(-0.0632543016595097,-0.706954226275303,
-9.79328119090803));
#3704=CARTESIAN_POINT('Ctrl Pts',(0.189842729345292,-0.68395100289482,-9.77737974405481));
#3705=CARTESIAN_POINT('Ctrl Pts',(0.375133326410287,-0.559810526901298,
-9.76147829720158));
#3706=CARTESIAN_POINT('Ctrl Pts',(0.556958462172496,-0.437991830979076,
-9.74587425264292));
#3707=CARTESIAN_POINT('Ctrl Pts',(0.673489791985499,-0.218783613699439,
-9.73027020808425));
#3708=CARTESIAN_POINT('Ctrl Pts',(0.673838940863589,8.3191560915556E-5,
-9.71466616352559));
#3709=CARTESIAN_POINT('Ctrl Pts',(0.673845743900416,-8.19883208625076E-5,
-9.63533383647441));
#3710=CARTESIAN_POINT('Ctrl Pts',(0.673853385667071,-0.00449064601628662,
-9.63564815533502));
#3711=CARTESIAN_POINT('Ctrl Pts',(0.673813899226067,-0.00889916414830012,
-9.63596247419563));
#3712=CARTESIAN_POINT('Ctrl Pts',(0.67372686890643,-0.0133067438354025,
-9.63627679305624));
#3713=CARTESIAN_POINT('Ctrl Pts',(0.669323989614888,-0.236286981195766,
-9.65217823990946));
#3714=CARTESIAN_POINT('Ctrl Pts',(0.543238922493409,-0.456865394531401,
-9.6680796867627));
#3715=CARTESIAN_POINT('Ctrl Pts',(0.353328878051885,-0.573802460330514,
-9.68398113361593));
#3716=CARTESIAN_POINT('Ctrl Pts',(0.163418833610356,-0.69073952612963,-9.69988258046916));
#3717=CARTESIAN_POINT('Ctrl Pts',(-0.0903161881512331,-0.704035244392224,
-9.71578402732239));
#3718=CARTESIAN_POINT('Ctrl Pts',(-0.291403882855209,-0.607594890335257,
-9.73168547417562));
#3719=CARTESIAN_POINT('Ctrl Pts',(-0.492491577559185,-0.511154536278291,
-9.74758692102884));
#3720=CARTESIAN_POINT('Ctrl Pts',(-0.640931945205552,-0.304978109901776,
-9.76348836788207));
#3721=CARTESIAN_POINT('Ctrl Pts',(-0.668634065236741,-0.0836773083714854,
-9.7793898147353));
#3722=CARTESIAN_POINT('Ctrl Pts',(-0.696336185267929,0.137623493158799,
-9.79529126158853));
#3723=CARTESIAN_POINT('Ctrl Pts',(-0.603300057683933,0.374048669842852,
-9.81119270844176));
#3724=CARTESIAN_POINT('Ctrl Pts',(-0.432155815386494,0.517063044275254,
-9.82709415529498));
#3725=CARTESIAN_POINT('Ctrl Pts',(-0.26101157308905,0.66007741870766,-9.84299560214821));
#3726=CARTESIAN_POINT('Ctrl Pts',(-0.0117592160781705,0.709680990888413,
-9.85889704900144));
#3727=CARTESIAN_POINT('Ctrl Pts',(0.201074103249468,0.643158412217013,-9.87479849585467));
#3728=CARTESIAN_POINT('Ctrl Pts',(0.413907422577102,0.576635833545614,-9.89069994270789));
#3729=CARTESIAN_POINT('Ctrl Pts',(0.590321704221488,0.393987104022055,-9.90660138956112));
#3730=CARTESIAN_POINT('Ctrl Pts',(0.649601832304697,0.178943746295825,-9.92250283641435));
#3731=CARTESIAN_POINT('Ctrl Pts',(0.665546363097326,0.121103698544857,-9.92677983643436));
#3732=CARTESIAN_POINT('Ctrl Pts',(0.673016887950254,0.0609200792269437,
-9.93105683645438));
#3733=CARTESIAN_POINT('Ctrl Pts',(0.672520485445103,0.000606261300826689,
-9.9353338364744));
#3734=CARTESIAN_POINT('Origin',(0.,0.,0.569717978381013));
#3735=CARTESIAN_POINT('',(0.560004982291836,6.91377209126639E-5,-9.78028202161898));
#3736=CARTESIAN_POINT('',(0.558909258138027,0.000503843468455372,-9.86971797838099));
#3737=CARTESIAN_POINT('',(0.5591,1.31221600778351E-13,0.569717978381013));
#3738=CARTESIAN_POINT('',(-0.061072023011094,0.554917904970777,-10.));
#3739=CARTESIAN_POINT('Ctrl Pts',(0.560004982291836,6.91377209127041E-5,
-9.78028202161899));
#3740=CARTESIAN_POINT('Ctrl Pts',(0.559714816349468,-0.181823736037646,
-9.79588606617765));
#3741=CARTESIAN_POINT('Ctrl Pts',(0.364178439168678,-0.549649115906807,
-9.82739155758955));
#3742=CARTESIAN_POINT('Ctrl Pts',(-0.262909000509256,-0.606643195990421,
-9.87479849585466));
#3743=CARTESIAN_POINT('Ctrl Pts',(-0.65219376581664,-0.107359951684415,
-9.92250283641435));
#3744=CARTESIAN_POINT('Ctrl Pts',(-0.469713978601586,0.415997173890819,
-9.96423667112946));
#3745=CARTESIAN_POINT('Ctrl Pts',(-0.176972529507451,0.541415670091736,
-9.99006905899134));
#3746=CARTESIAN_POINT('Ctrl Pts',(-0.061072023011094,0.554917904970777,
-10.));
#3747=CARTESIAN_POINT('',(-0.512097557369264,-0.22438560946824,-10.));
#3748=CARTESIAN_POINT('Origin',(0.,0.,-10.));
#3749=CARTESIAN_POINT('Ctrl Pts',(0.558909258138027,0.000503843468455376,
-9.86971797838098));
#3750=CARTESIAN_POINT('Ctrl Pts',(0.557788007266649,-0.135730200893651,
-9.8813424252142));
#3751=CARTESIAN_POINT('Ctrl Pts',(0.439318748518667,-0.460215764940221,
-9.90886831890066));
#3752=CARTESIAN_POINT('Ctrl Pts',(-0.105408820172806,-0.652524007089093,
-9.95229565944032));
#3753=CARTESIAN_POINT('Ctrl Pts',(-0.437368370530506,-0.394934131430113,
-9.98409855314677));
#3754=CARTESIAN_POINT('Ctrl Pts',(-0.51209755736927,-0.224385609468225,
-10.));
#3755=CARTESIAN_POINT('Origin',(0.,0.,0.569717978381013));
#3756=CARTESIAN_POINT('',(0.558891799879887,-0.000507158517026927,-9.48028202161899));
#3757=CARTESIAN_POINT('',(0.560010636067964,-6.81377481573375E-5,-9.56971797838099));
#3758=CARTESIAN_POINT('',(0.5591,1.31221600778351E-13,0.569717978381013));
#3759=CARTESIAN_POINT('Ctrl Pts',(0.558891799879887,-0.000507158517026943,
-9.48028202161899));
#3760=CARTESIAN_POINT('Ctrl Pts',(0.559334819005498,-0.0508201568257034,
-9.48457593820505));
#3761=CARTESIAN_POINT('Ctrl Pts',(0.530028063947278,-0.286947658244087,
-9.50477130164435));
#3762=CARTESIAN_POINT('Ctrl Pts',(0.196580754162943,-0.63127292529205,-9.54086811193687));
#3763=CARTESIAN_POINT('Ctrl Pts',(-0.424540273304422,-0.506867346528706,
-9.58857245249657));
#3764=CARTESIAN_POINT('Ctrl Pts',(-0.655962531007438,0.0827925216423194,
-9.63627679305624));
#3765=CARTESIAN_POINT('Ctrl Pts',(-0.285286703181139,0.596464832557603,
-9.68398113361592));
#3766=CARTESIAN_POINT('Ctrl Pts',(0.347288471133616,0.562619657839792,-9.73168547417562));
#3767=CARTESIAN_POINT('Ctrl Pts',(0.558401316827318,0.192356654553736,-9.76378577017663));
#3768=CARTESIAN_POINT('Ctrl Pts',(0.560010512653964,0.0035358900630429,
-9.77998461932442));
#3769=CARTESIAN_POINT('Ctrl Pts',(0.560004982291836,6.91377209127041E-5,
-9.78028202161899));
#3770=CARTESIAN_POINT('Ctrl Pts',(0.560010636067964,-6.81377481573874E-5,
-9.56971797838099));
#3771=CARTESIAN_POINT('Ctrl Pts',(0.560016986884371,-0.00373202554830174,
-9.57003229724161));
#3772=CARTESIAN_POINT('Ctrl Pts',(0.558324010902112,-0.192746662605406,
-9.58624806295545));
#3773=CARTESIAN_POINT('Ctrl Pts',(0.34668260206386,-0.563000866560315,-9.61836527552253));
#3774=CARTESIAN_POINT('Ctrl Pts',(-0.285929441043827,-0.596149745403667,
-9.66606961608221));
#3775=CARTESIAN_POINT('Ctrl Pts',(-0.656020899465638,-0.0821107711021701,
-9.7137739566419));
#3776=CARTESIAN_POINT('Ctrl Pts',(-0.424063267660927,0.507344373977233,
-9.76147829720157));
#3777=CARTESIAN_POINT('Ctrl Pts',(0.197372597689299,0.631015978018546,-9.80918263776128));
#3778=CARTESIAN_POINT('Ctrl Pts',(0.53003072169516,0.286601777824496,-9.84526253148772));
#3779=CARTESIAN_POINT('Ctrl Pts',(0.559321801639506,0.0506286381209362,
-9.86544097836097));
#3780=CARTESIAN_POINT('Ctrl Pts',(0.558909258138027,0.000503843468455376,
-9.86971797838098));
#3781=CARTESIAN_POINT('Origin',(0.,0.,0.569717978381013));
#3782=CARTESIAN_POINT('',(0.558228057546444,0.000177896186321634,-9.18028202161899));
#3783=CARTESIAN_POINT('',(0.558692027272221,-0.000471657634346229,-9.269717978381));
#3784=CARTESIAN_POINT('',(0.5591,1.31221600778351E-13,0.569717978381013));
#3785=CARTESIAN_POINT('Ctrl Pts',(0.558228057546444,0.000177896186321609,
-9.18028202161899));
#3786=CARTESIAN_POINT('Ctrl Pts',(0.557930979114655,-0.104244834563921,
-9.18916725708569));
#3787=CARTESIAN_POINT('Ctrl Pts',(0.479610488568725,-0.395961270864702,
-9.21395393940561));
#3788=CARTESIAN_POINT('Ctrl Pts',(0.00886154475219929,-0.661112402880332,
-9.25464206857877));
#3789=CARTESIAN_POINT('Ctrl Pts',(-0.551196978046068,-0.365143872218342,
-9.30234640913845));
#3790=CARTESIAN_POINT('Ctrl Pts',(-0.605305871946702,0.265993917789538,
-9.35005074969814));
#3791=CARTESIAN_POINT('Ctrl Pts',(-0.103798574277672,0.652973310060053,
-9.39775509025782));
#3792=CARTESIAN_POINT('Ctrl Pts',(0.439269901242897,0.459698977433809,-9.44116551423144));
#3793=CARTESIAN_POINT('Ctrl Pts',(0.557694208402178,0.135501457159012,-9.46867449135183));
#3794=CARTESIAN_POINT('Ctrl Pts',(0.558891799879887,-0.000507158517026943,
-9.48028202161899));
#3795=CARTESIAN_POINT('Ctrl Pts',(0.558692027272221,-0.000471657634346237,
-9.269717978381));
#3796=CARTESIAN_POINT('Ctrl Pts',(0.559150233982541,-0.0580044872445267,
-9.27462361612224));
#3797=CARTESIAN_POINT('Ctrl Pts',(0.524481396584164,-0.301489042823124,
-9.29543070071671));
#3798=CARTESIAN_POINT('Ctrl Pts',(0.172177106591995,-0.638359879444816,
-9.33213923216443));
#3799=CARTESIAN_POINT('Ctrl Pts',(-0.443701587784736,-0.490180803311602,
-9.3798435727241));
#3800=CARTESIAN_POINT('Ctrl Pts',(-0.652300618143031,0.107939805516695,
-9.4275479132838));
#3801=CARTESIAN_POINT('Ctrl Pts',(-0.262148710115163,0.606982336450762,
-9.47525225384347));
#3802=CARTESIAN_POINT('Ctrl Pts',(0.364480934266019,0.549250502070223,-9.52264227554256));
#3803=CARTESIAN_POINT('Ctrl Pts',(0.55969569795703,0.181624707471598,-9.55413085038838));
#3804=CARTESIAN_POINT('Ctrl Pts',(0.560010636067964,-6.81377481573874E-5,
-9.56971797838099));
#3805=CARTESIAN_POINT('Origin',(0.,0.,0.569717978381013));
#3806=CARTESIAN_POINT('',(0.559546165126242,0.000436418601365689,-8.88028202161899));
#3807=CARTESIAN_POINT('',(0.558317361858683,0.000284076008876567,-8.969717978381));
#3808=CARTESIAN_POINT('',(0.5591,1.31221600778351E-13,0.569717978381013));
#3809=CARTESIAN_POINT('Ctrl Pts',(0.559546165126242,0.000436418601365693,
-8.88028202161899));
#3810=CARTESIAN_POINT('Ctrl Pts',(0.558194447938627,-0.156998593237871,
-8.89375857596632));
#3811=CARTESIAN_POINT('Ctrl Pts',(0.40657926616722,-0.502475228350694,-8.92313657716687));
#3812=CARTESIAN_POINT('Ctrl Pts',(-0.179588757082192,-0.636314383570034,
-8.96841602522067));
#3813=CARTESIAN_POINT('Ctrl Pts',(-0.632301997760175,-0.193241561564542,
-9.01612036578033));
#3814=CARTESIAN_POINT('Ctrl Pts',(-0.504618655758693,0.427209697046353,
-9.06382470634005));
#3815=CARTESIAN_POINT('Ctrl Pts',(0.0862593896399974,0.655520736541436,
-9.1115290468997));
#3816=CARTESIAN_POINT('Ctrl Pts',(0.50265175594892,0.351670259782343,-9.1503481519927));
#3817=CARTESIAN_POINT('Ctrl Pts',(0.558462645035275,0.0826351315908547,
-9.17326581023246));
#3818=CARTESIAN_POINT('Ctrl Pts',(0.558228057546444,0.000177896186321609,
-9.18028202161899));
#3819=CARTESIAN_POINT('Ctrl Pts',(0.558317361858683,0.000284076008876611,
-8.969717978381));
#3820=CARTESIAN_POINT('Ctrl Pts',(0.557805619727138,-0.111283241283968,
-8.97921493500288));
#3821=CARTESIAN_POINT('Ctrl Pts',(0.471266404497349,-0.410386920519762,
-9.00461333847797));
#3822=CARTESIAN_POINT('Ctrl Pts',(-0.0165490024380738,-0.660964638186896,
-9.04591318880632));
#3823=CARTESIAN_POINT('Ctrl Pts',(-0.564820904897795,-0.343693865207222,
-9.09361752936599));
#3824=CARTESIAN_POINT('Ctrl Pts',(-0.594637796142365,0.289057069106615,
-9.14132186992568));
#3825=CARTESIAN_POINT('Ctrl Pts',(-0.0786305270262457,0.656479535485817,
-9.18902621048536));
#3826=CARTESIAN_POINT('Ctrl Pts',(0.449067281744944,0.445495776417436,-9.23182491330382));
#3827=CARTESIAN_POINT('Ctrl Pts',(0.557664973546228,0.128486093719103,-9.25872216926902));
#3828=CARTESIAN_POINT('Ctrl Pts',(0.558692027272221,-0.000471657634346237,
-9.269717978381));
#3829=CARTESIAN_POINT('Origin',(0.,0.,0.569717978381013));
#3830=CARTESIAN_POINT('',(0.55962891728892,-0.00040531931043592,-8.58028202161899));
#3831=CARTESIAN_POINT('',(0.559733859212083,0.000355275497197815,-8.669717978381));
#3832=CARTESIAN_POINT('',(0.5591,1.31221600778351E-13,0.569717978381013));
#3833=CARTESIAN_POINT('Ctrl Pts',(0.55962891728892,-0.000405319310435928,
-8.58028202161899));
#3834=CARTESIAN_POINT('Ctrl Pts',(0.559835355978665,-0.025704076286482,
-8.58244844799372));
#3835=CARTESIAN_POINT('Ctrl Pts',(0.546770278849008,-0.236479796345183,
-8.60051632122168));
#3836=CARTESIAN_POINT('Ctrl Pts',(0.27895941706694,-0.599441206331359,-8.63448564130287));
#3837=CARTESIAN_POINT('Ctrl Pts',(-0.353196778519847,-0.558927680355914,
-8.68218998186255));
#3838=CARTESIAN_POINT('Ctrl Pts',(-0.661149978544149,-0.00536862472261554,
-8.72989432242224));
#3839=CARTESIAN_POINT('Ctrl Pts',(-0.362226738411528,0.553118347321729,
-8.77759866298193));
#3840=CARTESIAN_POINT('Ctrl Pts',(0.26918819124092,0.603892237017798,-8.8253030035416));
#3841=CARTESIAN_POINT('Ctrl Pts',(0.5449402399148,0.242599471072454,-8.85953078975396));
#3842=CARTESIAN_POINT('Ctrl Pts',(0.559789385224931,0.0287643554415872,
-8.87785712911309));
#3843=CARTESIAN_POINT('Ctrl Pts',(0.559546165126242,0.000436418601365693,
-8.88028202161899));
#3844=CARTESIAN_POINT('Ctrl Pts',(0.559733859212083,0.000355275497197832,
-8.669717978381));
#3845=CARTESIAN_POINT('Ctrl Pts',(0.558516748068585,-0.164081943890803,
-8.68380625388351));
#3846=CARTESIAN_POINT('Ctrl Pts',(0.39495352534877,-0.516224865055114,-8.71379597623924));
#3847=CARTESIAN_POINT('Ctrl Pts',(-0.203907209379495,-0.628943535045713,
-8.75968714544821));
#3848=CARTESIAN_POINT('Ctrl Pts',(-0.639260531195613,-0.168801936512112,
-8.80739148600789));
#3849=CARTESIAN_POINT('Ctrl Pts',(-0.487829963637889,0.446284714534922,
-8.85509582656758));
#3850=CARTESIAN_POINT('Ctrl Pts',(0.111384798881406,0.651721986022695,-8.90280016712725));
#3851=CARTESIAN_POINT('Ctrl Pts',(0.50942105905845,0.337132336576761,-8.94100755106508));
#3852=CARTESIAN_POINT('Ctrl Pts',(0.558662466886845,0.0755220519404571,
-8.96331348814965));
#3853=CARTESIAN_POINT('Ctrl Pts',(0.558317361858683,0.000284076008876611,
-8.969717978381));
#3854=CARTESIAN_POINT('Origin',(0.,0.,0.569717978381013));
#3855=CARTESIAN_POINT('',(0.558260699001738,-0.000224212394335299,-8.28028202161899));
#3856=CARTESIAN_POINT('',(0.55942699949563,-0.000470889983041761,-8.369717978381));
#3857=CARTESIAN_POINT('',(0.5591,1.31221600778351E-13,0.569717978381013));
#3858=CARTESIAN_POINT('Ctrl Pts',(0.558260699001738,-0.000224212394335319,
-8.28028202161899));
#3859=CARTESIAN_POINT('Ctrl Pts',(0.558546418520803,-0.079632261032306,
-8.28703976687436));
#3860=CARTESIAN_POINT('Ctrl Pts',(0.505557096661277,-0.345529090065081,
-8.30969895898295));
#3861=CARTESIAN_POINT('Ctrl Pts',(0.0968931465022533,-0.654033511670026,
-8.34825959794475));
#3862=CARTESIAN_POINT('Ctrl Pts',(-0.497614576395471,-0.435347963800517,
-8.39596393850447));
#3863=CARTESIAN_POINT('Ctrl Pts',(-0.635356705331011,0.182948006871886,
-8.44366827906412));
#3864=CARTESIAN_POINT('Ctrl Pts',(-0.18989830788294,0.633314099707866,-8.49137261962382));
#3865=CARTESIAN_POINT('Ctrl Pts',(0.401723816669117,0.508301939129926,-8.53691053380876));
#3866=CARTESIAN_POINT('Ctrl Pts',(0.558320107691568,0.159987366634999,-8.56654700114049));
#3867=CARTESIAN_POINT('Ctrl Pts',(0.55962891728892,-0.000405319310435928,
-8.58028202161899));
#3868=CARTESIAN_POINT('Ctrl Pts',(0.55942699949563,-0.000470889983041839,
-8.369717978381));
#3869=CARTESIAN_POINT('Ctrl Pts',(0.559719228590476,-0.0329435258443143,
-8.37249612591091));
#3870=CARTESIAN_POINT('Ctrl Pts',(0.542349812967809,-0.250969319780026,
-8.39117572029405));
#3871=CARTESIAN_POINT('Ctrl Pts',(0.255719196852218,-0.609717813964498,
-8.42575676153043));
#3872=CARTESIAN_POINT('Ctrl Pts',(-0.374413341860762,-0.544942905028995,
-8.47346110209009));
#3873=CARTESIAN_POINT('Ctrl Pts',(-0.660867980866805,0.0200407628540874,
-8.5211654426498));
#3874=CARTESIAN_POINT('Ctrl Pts',(-0.340705028392026,0.566628806120476,
-8.56886978320946));
#3875=CARTESIAN_POINT('Ctrl Pts',(0.292194612332487,0.593102376346208,-8.61657412376916));
#3876=CARTESIAN_POINT('Ctrl Pts',(0.549183428850444,0.228122016815214,-8.65019018882633));
#3877=CARTESIAN_POINT('Ctrl Pts',(0.559890502305529,0.0215184657778838,
-8.66790480703028));
#3878=CARTESIAN_POINT('Ctrl Pts',(0.559733859212083,0.000355275497197832,
-8.669717978381));
#3879=CARTESIAN_POINT('Origin',(0.,0.,0.569717978381013));
#3880=CARTESIAN_POINT('',(0.558805199471842,0.000495555612763074,-7.98028202161899));
#3881=CARTESIAN_POINT('',(0.55819597243875,-0.000112025023691342,-8.069717978381));
#3882=CARTESIAN_POINT('',(0.5591,1.31221600778351E-13,0.569717978381013));
#3883=CARTESIAN_POINT('Ctrl Pts',(0.558805199471842,0.000495555612763069,
-7.98028202161899));
#3884=CARTESIAN_POINT('Ctrl Pts',(0.557674916864597,-0.132536979312827,
-7.99163108575498));
#3885=CARTESIAN_POINT('Ctrl Pts',(0.443462481134886,-0.453708252440105,
-8.01888159674421));
#3886=CARTESIAN_POINT('Ctrl Pts',(-0.0931809336589377,-0.654572707824816,
-8.06203355458667));
#3887=CARTESIAN_POINT('Ctrl Pts',(-0.6009066298617,-0.275788575569964,-8.10973789514633));
#3888=CARTESIAN_POINT('Ctrl Pts',(-0.557053882174457,0.356144757901967,
-8.15744223570604));
#3889=CARTESIAN_POINT('Ctrl Pts',(-0.00187558368836015,0.66116911483559,
-8.2051465762657));
#3890=CARTESIAN_POINT('Ctrl Pts',(0.476134493139431,0.402061994012139,-8.24609317157003));
#3891=CARTESIAN_POINT('Ctrl Pts',(0.557874100524837,0.107220426871692,-8.27113832002113));
#3892=CARTESIAN_POINT('Ctrl Pts',(0.558260699001738,-0.000224212394335319,
-8.28028202161899));
#3893=CARTESIAN_POINT('Ctrl Pts',(0.55819597243875,-0.000112025023691403,
-8.069717978381));
#3894=CARTESIAN_POINT('Ctrl Pts',(0.558350635553801,-0.0867332747276901,
-8.07708744479154));
#3895=CARTESIAN_POINT('Ctrl Pts',(0.498572643771225,-0.360059147585574,
-8.10035835805531));
#3896=CARTESIAN_POINT('Ctrl Pts',(0.0716896215266402,-0.657273701338201,
-8.1395307181723));
#3897=CARTESIAN_POINT('Ctrl Pts',(-0.513975791877155,-0.415905044054157,
-8.187235058732));
#3898=CARTESIAN_POINT('Ctrl Pts',(-0.627857481500268,0.207227177826011,
-8.23493939929168));
#3899=CARTESIAN_POINT('Ctrl Pts',(-0.16542226027399,0.640143418392456,-8.28264373985136));
#3900=CARTESIAN_POINT('Ctrl Pts',(0.413082194597072,0.494473312121961,-8.32756993288114));
#3901=CARTESIAN_POINT('Ctrl Pts',(0.558046579686621,0.152922015050394,-8.35659467905768));
#3902=CARTESIAN_POINT('Ctrl Pts',(0.55942699949563,-0.000470889983041839,
-8.369717978381));
#3903=CARTESIAN_POINT('Origin',(0.,0.,0.569717978381013));
#3904=CARTESIAN_POINT('',(0.560022203545413,-8.53709137844115E-6,-7.68028202161899));
#3905=CARTESIAN_POINT('',(0.559014729054461,0.000515045886948489,-7.769717978381));
#3906=CARTESIAN_POINT('',(0.5591,1.31221600778351E-13,0.569717978381013));
#3907=CARTESIAN_POINT('Ctrl Pts',(0.560022203545413,-8.5370913784089E-6,
-7.68028202161899));
#3908=CARTESIAN_POINT('Ctrl Pts',(0.560022305480963,-0.000462377004206063,
-7.68032095778239));
#3909=CARTESIAN_POINT('Ctrl Pts',(0.559816036054113,-0.186263382833552,
-7.69626134079901));
#3910=CARTESIAN_POINT('Ctrl Pts',(0.356362165355871,-0.556914825920033,
-7.72810317066886));
#3911=CARTESIAN_POINT('Ctrl Pts',(-0.27555400295352,-0.601014232512802,
-7.77580751122856));
#3912=CARTESIAN_POINT('Ctrl Pts',(-0.654536286689605,-0.0934364256232297,
-7.82351185178823));
#3913=CARTESIAN_POINT('Ctrl Pts',(-0.43271290688209,0.499907647915411,-7.87121619234793));
#3914=CARTESIAN_POINT('Ctrl Pts',(0.186302149582564,0.634381293298897,-7.9189205329076));
#3915=CARTESIAN_POINT('Ctrl Pts',(0.527725916344937,0.293090768318665,-7.9552758093313));
#3916=CARTESIAN_POINT('Ctrl Pts',(0.559258583023575,0.0538581065304449,
-7.97572963890176));
#3917=CARTESIAN_POINT('Ctrl Pts',(0.558805199471842,0.000495555612763069,
-7.98028202161899));
#3918=CARTESIAN_POINT('Ctrl Pts',(0.559014729054461,0.000515045886948498,
-7.769717978381));
#3919=CARTESIAN_POINT('Ctrl Pts',(0.557738780145705,-0.139554512297037,
-7.78167876367218));
#3920=CARTESIAN_POINT('Ctrl Pts',(0.433411960250043,-0.467860681961144,
-7.80954099581658));
#3921=CARTESIAN_POINT('Ctrl Pts',(-0.118264798430024,-0.650508691531307,
-7.8533046748142));
#3922=CARTESIAN_POINT('Ctrl Pts',(-0.611060312093323,-0.252494386650241,
-7.90100901537388));
#3923=CARTESIAN_POINT('Ctrl Pts',(-0.542957211366289,0.377287141221133,
-7.94871335593359));
#3924=CARTESIAN_POINT('Ctrl Pts',(0.0235319594449087,0.66075287906308,-7.99641769649324));
#3925=CARTESIAN_POINT('Ctrl Pts',(0.484245315595889,0.387611532008499,-8.0367525706424));
#3926=CARTESIAN_POINT('Ctrl Pts',(0.558016911622224,0.10017350003662,-8.06118599793832));
#3927=CARTESIAN_POINT('Ctrl Pts',(0.55819597243875,-0.000112025023691403,
-8.069717978381));
#3928=CARTESIAN_POINT('Origin',(0.,0.,0.569717978381013));
#3929=CARTESIAN_POINT('',(0.558779662544474,-0.000491057598801169,-7.38028202161899));
#3930=CARTESIAN_POINT('',(0.559979639663931,-0.000140492282726321,-7.469717978381));
#3931=CARTESIAN_POINT('',(0.5591,1.31221600778351E-13,0.569717978381013));
#3932=CARTESIAN_POINT('Ctrl Pts',(0.558779662544474,-0.000491057598801183,
-7.38028202161899));
#3933=CARTESIAN_POINT('Ctrl Pts',(0.559235059499432,-0.0547727020695075,
-7.38491227666302));
#3934=CARTESIAN_POINT('Ctrl Pts',(0.527020443781827,-0.294941889143976,
-7.40544397856028));
#3935=CARTESIAN_POINT('Ctrl Pts',(0.183195991424187,-0.635285246918874,
-7.44187712731076));
#3936=CARTESIAN_POINT('Ctrl Pts',(-0.435153696968436,-0.497784467657805,
-7.48958146787045));
#3937=CARTESIAN_POINT('Ctrl Pts',(-0.654071282103879,0.0966378505227312,
-7.53728580843013));
#3938=CARTESIAN_POINT('Ctrl Pts',(-0.272610036240153,0.602355280849939,
-7.58499014898982));
#3939=CARTESIAN_POINT('Ctrl Pts',(0.358567210429287,0.555203052449948,-7.63265555338611));
#3940=CARTESIAN_POINT('Ctrl Pts',(0.559980675217717,0.184884884359806,-7.66441951092916));
#3941=CARTESIAN_POINT('Ctrl Pts',(0.560022203545413,-8.5370913784089E-6,
-7.68028202161899));
#3942=CARTESIAN_POINT('Ctrl Pts',(0.559979639663931,-0.000140492282726212,
-7.469717978381));
#3943=CARTESIAN_POINT('Ctrl Pts',(0.560005159474792,-0.00772610130773968,
-7.47036863569958));
#3944=CARTESIAN_POINT('Ctrl Pts',(0.556424540919059,-0.20067214718982,-7.48692073987138));
#3945=CARTESIAN_POINT('Ctrl Pts',(0.334698902674384,-0.570197128065404,
-7.51937429089642));
#3946=CARTESIAN_POINT('Ctrl Pts',(-0.298445131971153,-0.589981884050847,
-7.56707863145609));
#3947=CARTESIAN_POINT('Ctrl Pts',(-0.657643276691847,-0.0682161339236036,
-7.61478297201578));
#3948=CARTESIAN_POINT('Ctrl Pts',(-0.413183819438805,0.516165914856291,
-7.66248731257547));
#3949=CARTESIAN_POINT('Ctrl Pts',(0.210541362040057,0.626753903199481,-7.71019165313515));
#3950=CARTESIAN_POINT('Ctrl Pts',(0.533078547173533,0.278554985326094,-7.74593520840367));
#3951=CARTESIAN_POINT('Ctrl Pts',(0.559435109714885,0.0466630796918064,
-7.76577731681895));
#3952=CARTESIAN_POINT('Ctrl Pts',(0.559014729054461,0.000515045886948498,
-7.769717978381));
#3953=CARTESIAN_POINT('Origin',(0.,0.,0.569717978381013));
#3954=CARTESIAN_POINT('',(0.558272012183969,0.000237779842473516,-7.08028202161899));
#3955=CARTESIAN_POINT('',(0.558591666813083,-0.000440955041454832,-7.169717978381));
#3956=CARTESIAN_POINT('',(0.5591,1.31221600778351E-13,0.569717978381013));
#3957=CARTESIAN_POINT('Ctrl Pts',(0.558272012183969,0.000237779842473494,
-7.08028202161899));
#3958=CARTESIAN_POINT('Ctrl Pts',(0.557858047349083,-0.108116425915859,
-7.08950359554365));
#3959=CARTESIAN_POINT('Ctrl Pts',(0.475073048357241,-0.403898516058903,
-7.11462661632155));
#3960=CARTESIAN_POINT('Ctrl Pts',(-0.00511055796100284,-0.661152023685925,
-7.15565108395265));
#3961=CARTESIAN_POINT('Ctrl Pts',(-0.558789774635283,-0.353414917610606,
-7.20335542451234));
#3962=CARTESIAN_POINT('Ctrl Pts',(-0.599550046770832,0.278725416214164,
-7.25105976507203));
#3963=CARTESIAN_POINT('Ctrl Pts',(-0.0899770967414579,0.655020792256738,
-7.29876410563171));
#3964=CARTESIAN_POINT('Ctrl Pts',(0.444710450830362,0.451900244659844,-7.34183819114737));
#3965=CARTESIAN_POINT('Ctrl Pts',(0.557671113149279,0.131643958880953,-7.36901082980979));
#3966=CARTESIAN_POINT('Ctrl Pts',(0.558779662544474,-0.000491057598801183,
-7.38028202161899));
#3967=CARTESIAN_POINT('Ctrl Pts',(0.558591666813083,-0.000440955041454815,
-7.169717978381));
#3968=CARTESIAN_POINT('Ctrl Pts',(0.559043797686397,-0.0619462015378898,
-7.17495995458021));
#3969=CARTESIAN_POINT('Ctrl Pts',(0.521285956369382,-0.309487010726165,
-7.19610337763264));
#3970=CARTESIAN_POINT('Ctrl Pts',(0.158649150295504,-0.64185556585262,-7.23314824753832));
#3971=CARTESIAN_POINT('Ctrl Pts',(-0.453960235038696,-0.480695564062201,
-7.28085258809798));
#3972=CARTESIAN_POINT('Ctrl Pts',(-0.64987480026711,0.121699894343649,-7.32855692865768));
#3973=CARTESIAN_POINT('Ctrl Pts',(-0.24926252881013,0.612385754273114,-7.37626126921736));
#3974=CARTESIAN_POINT('Ctrl Pts',(0.371565611564436,0.541930614804561,-7.42331495245847));
#3975=CARTESIAN_POINT('Ctrl Pts',(0.559381479536798,0.177658978237187,-7.45446718884635));
#3976=CARTESIAN_POINT('Ctrl Pts',(0.559979639663931,-0.000140492282726212,
-7.469717978381));
#3977=CARTESIAN_POINT('Origin',(0.,0.,0.569717978381013));
#3978=CARTESIAN_POINT('',(0.559652933986196,0.000395015774643803,-6.780282021619));
#3979=CARTESIAN_POINT('',(0.558383602995747,0.000336498001522016,-6.86971797838101));
#3980=CARTESIAN_POINT('',(0.5591,1.31221600778351E-13,0.569717978381013));
#3981=CARTESIAN_POINT('Ctrl Pts',(0.559652933986196,0.000395015774643792,
-6.780282021619));
#3982=CARTESIAN_POINT('Ctrl Pts',(0.558360949656344,-0.160888969819071,
-6.79409491442429));
#3983=CARTESIAN_POINT('Ctrl Pts',(0.400244706502779,-0.510052601372725,
-6.8238092540828));
#3984=CARTESIAN_POINT('Ctrl Pts',(-0.192994741301473,-0.632377376300452,
-6.86942504059456));
#3985=CARTESIAN_POINT('Ctrl Pts',(-0.636244235980792,-0.17983711632441,
-6.91712938115423));
#3986=CARTESIAN_POINT('Ctrl Pts',(-0.495478530666305,0.437777502705913,
-6.96483372171392));
#3987=CARTESIAN_POINT('Ctrl Pts',(0.100092070025593,0.653551599909799,-7.01253806227361));
#3988=CARTESIAN_POINT('Ctrl Pts',(0.506419435466221,0.343678390688706,-7.05102082890862));
#3989=CARTESIAN_POINT('Ctrl Pts',(0.55857187775101,0.0787268026118089,-7.07360214869042));
#3990=CARTESIAN_POINT('Ctrl Pts',(0.558272012183969,0.000237779842473494,
-7.08028202161899));
#3991=CARTESIAN_POINT('Ctrl Pts',(0.558383602995747,0.000336498001522008,
-6.86971797838101));
#3992=CARTESIAN_POINT('Ctrl Pts',(0.557751510406145,-0.115147717136667,
-6.87955127346084));
#3993=CARTESIAN_POINT('Ctrl Pts',(0.466504125552976,-0.41829745281954,-6.90528601539391));
#3994=CARTESIAN_POINT('Ctrl Pts',(-0.0305122847254494,-0.660467350280318,
-6.9469222041802));
#3995=CARTESIAN_POINT('Ctrl Pts',(-0.571957440765716,-0.331681784634309,
-6.99462654473988));
#3996=CARTESIAN_POINT('Ctrl Pts',(-0.588396914606261,0.301557940017011,
-7.04233088529957));
#3997=CARTESIAN_POINT('Ctrl Pts',(-0.0647407422681056,0.657994495870631,
-7.09003522585925));
#3998=CARTESIAN_POINT('Ctrl Pts',(0.454269810602981,0.437652293041061,-7.13249759021974));
#3999=CARTESIAN_POINT('Ctrl Pts',(0.557672266267808,0.124628931807012,-7.15905850772698));
#4000=CARTESIAN_POINT('Ctrl Pts',(0.558591666813083,-0.000440955041454815,
-7.169717978381));
#4001=CARTESIAN_POINT('Origin',(0.,0.,0.569717978381013));
#4002=CARTESIAN_POINT('',(0.559520426534608,-0.000444829005803541,-6.480282021619));
#4003=CARTESIAN_POINT('',(0.559822732010506,0.000300224474523133,-6.56971797838101));
#4004=CARTESIAN_POINT('',(0.5591,1.31221600778351E-13,0.569717978381013));
#4005=CARTESIAN_POINT('Ctrl Pts',(0.559520426534608,-0.000444829005803462,
-6.480282021619));
#4006=CARTESIAN_POINT('Ctrl Pts',(0.559774633241908,-0.0296859746559361,
-6.48278478645169));
#4007=CARTESIAN_POINT('Ctrl Pts',(0.544378099103008,-0.244443969276378,
-6.50118899813761));
#4008=CARTESIAN_POINT('Ctrl Pts',(0.266230219194096,-0.605202103940932,
-6.53549465667676));
#4009=CARTESIAN_POINT('Ctrl Pts',(-0.364928723869859,-0.551339407916197,
-6.58319899723645));
#4010=CARTESIAN_POINT('Ctrl Pts',(-0.661115796696266,0.00860346356551087,
-6.63090333779613));
#4011=CARTESIAN_POINT('Ctrl Pts',(-0.350457805328975,0.560649126380007,
-6.67860767835581));
#4012=CARTESIAN_POINT('Ctrl Pts',(0.281889049675858,0.598069126355397,-6.72631201891549));
#4013=CARTESIAN_POINT('Ctrl Pts',(0.547310933077357,0.234636762481017,-6.7602034666699));
#4014=CARTESIAN_POINT('Ctrl Pts',(0.559848286193734,0.0247816758123164,
-6.77819346757106));
#4015=CARTESIAN_POINT('Ctrl Pts',(0.559652933986196,0.000395015774643792,
-6.780282021619));
#4016=CARTESIAN_POINT('Ctrl Pts',(0.559822732010506,0.000300224474523148,
-6.56971797838101));
#4017=CARTESIAN_POINT('Ctrl Pts',(0.558731737774492,-0.167992444091921,
-6.58414259234147));
#4018=CARTESIAN_POINT('Ctrl Pts',(0.388362442466054,-0.523722248818847,
-6.61446865315517));
#4019=CARTESIAN_POINT('Ctrl Pts',(-0.217152008200773,-0.624494295922584,
-6.6606961608221));
#4020=CARTESIAN_POINT('Ctrl Pts',(-0.642684778144094,-0.15525590567622,
-6.70840050138177));
#4021=CARTESIAN_POINT('Ctrl Pts',(-0.478290507471946,0.456493494770406,
-6.75610484194147));
#4022=CARTESIAN_POINT('Ctrl Pts',(0.125131593363217,0.649222769662196,-6.80380918250115));
#4023=CARTESIAN_POINT('Ctrl Pts',(0.512986719844012,0.329135129572062,-6.841680227981));
#4024=CARTESIAN_POINT('Ctrl Pts',(0.558773668964214,0.0716021052267474,
-6.86364982660762));
#4025=CARTESIAN_POINT('Ctrl Pts',(0.558383602995747,0.000336498001522008,
-6.86971797838101));
#4026=CARTESIAN_POINT('Origin',(0.,0.,0.569717978381013));
#4027=CARTESIAN_POINT('',(0.558219729893583,-0.000163598374060996,-6.180282021619));
#4028=CARTESIAN_POINT('',(0.559309150065212,-0.000494727620719351,-6.26971797838101));
#4029=CARTESIAN_POINT('',(0.5591,1.31221600778351E-13,0.569717978381013));
#4030=CARTESIAN_POINT('Ctrl Pts',(0.558219729893582,-0.000163598374060964,
-6.180282021619));
#4031=CARTESIAN_POINT('Ctrl Pts',(0.558437674199627,-0.0835391253237052,
-6.18737610533232));
#4032=CARTESIAN_POINT('Ctrl Pts',(0.501763334351495,-0.353520010164437,
-6.21037163589888));
#4033=CARTESIAN_POINT('Ctrl Pts',(0.0830510012681754,-0.655934941450004,
-6.24926861331866));
#4034=CARTESIAN_POINT('Ctrl Pts',(-0.506702887709648,-0.424735564573263,
-6.29697295387833));
#4035=CARTESIAN_POINT('Ctrl Pts',(-0.631348927267005,0.196333003505432,
-6.34467729443803));
#4036=CARTESIAN_POINT('Ctrl Pts',(-0.176473221601279,0.637185466159055,
-6.3923816349977));
#4037=CARTESIAN_POINT('Ctrl Pts',(0.40802596917464,0.500714993772279,-6.4375832107247));
#4038=CARTESIAN_POINT('Ctrl Pts',(0.558159517673295,0.15609916880194,-6.46688333959846));
#4039=CARTESIAN_POINT('Ctrl Pts',(0.559520426534608,-0.000444829005803462,
-6.480282021619));
#4040=CARTESIAN_POINT('Ctrl Pts',(0.559309150065212,-0.000494727620719334,
-6.26971797838101));
#4041=CARTESIAN_POINT('Ctrl Pts',(0.55964499008224,-0.0369184806470879,
-6.27283246436888));
#4042=CARTESIAN_POINT('Ctrl Pts',(0.539786335874341,-0.258944248181336,
-6.29184839720998));
#4043=CARTESIAN_POINT('Ctrl Pts',(0.242778031244186,-0.614985323280702,
-6.32676577690431));
#4044=CARTESIAN_POINT('Ctrl Pts',(-0.385845034758312,-0.536909423886215,
-6.37447011746399));
#4045=CARTESIAN_POINT('Ctrl Pts',(-0.660296931267023,0.0340012185784397,
-6.42217445802367));
#4046=CARTESIAN_POINT('Ctrl Pts',(-0.328655408674253,0.573701788958889,
-6.46987879858336));
#4047=CARTESIAN_POINT('Ctrl Pts',(0.304662330961274,0.586795521795041,-6.51758313914304));
#4048=CARTESIAN_POINT('Ctrl Pts',(0.551387785549276,0.22017142953361,-6.55086286574226));
#4049=CARTESIAN_POINT('Ctrl Pts',(0.559934431094999,0.0175305052453211,
-6.56824114548825));
#4050=CARTESIAN_POINT('Ctrl Pts',(0.559822732010506,0.000300224474523148,
-6.56971797838101));
#4051=CARTESIAN_POINT('Origin',(0.,0.,0.569717978381013));
#4052=CARTESIAN_POINT('',(0.55891871741633,0.000509811082387715,-5.880282021619));
#4053=CARTESIAN_POINT('',(0.558179199528597,-4.75050335405416E-5,-5.96971797838101));
#4054=CARTESIAN_POINT('',(0.5591,1.31221600778351E-13,0.569717978381013));
#4055=CARTESIAN_POINT('Ctrl Pts',(0.55891871741633,0.000509811082387754,
-5.880282021619));
#4056=CARTESIAN_POINT('Ctrl Pts',(0.557702362322424,-0.136394659705816,
-5.89196742421295));
#4057=CARTESIAN_POINT('Ctrl Pts',(0.437990961293977,-0.461500979180887,
-5.91955427366013));
#4058=CARTESIAN_POINT('Ctrl Pts',(-0.106992031369052,-0.652457524632976,
-5.96304256996055));
#4059=CARTESIAN_POINT('Ctrl Pts',(-0.606600196583018,-0.263029119551638,
-6.01074691052023));
#4060=CARTESIAN_POINT('Ctrl Pts',(-0.549403733810675,0.367836449392323,
-6.05845125107991));
#4061=CARTESIAN_POINT('Ctrl Pts',(0.0120961290296771,0.661061116606599,
-6.1061555916396));
#4062=CARTESIAN_POINT('Ctrl Pts',(0.480643667918939,0.394121747198784,-6.14676584848596));
#4063=CARTESIAN_POINT('Ctrl Pts',(0.557949150249307,0.103347802463699,-6.17147465847909));
#4064=CARTESIAN_POINT('Ctrl Pts',(0.558219729893582,-0.000163598374060964,
-6.180282021619));
#4065=CARTESIAN_POINT('Ctrl Pts',(0.558179199528597,-4.75050335404549E-5,
-5.96971797838101));
#4066=CARTESIAN_POINT('Ctrl Pts',(0.558247664598578,-0.0906288884643484,
-5.97742378324951));
#4067=CARTESIAN_POINT('Ctrl Pts',(0.494571212028155,-0.368040288982328,
-6.00103103497124));
#4068=CARTESIAN_POINT('Ctrl Pts',(0.0577846348715344,-0.658641827003292,
-6.04053973354619));
#4069=CARTESIAN_POINT('Ctrl Pts',(-0.522649597776355,-0.404951254164852,
-6.08824407410589));
#4070=CARTESIAN_POINT('Ctrl Pts',(-0.623338330016659,0.220448285630688,
-6.13594841466556));
#4071=CARTESIAN_POINT('Ctrl Pts',(-0.151858327545669,0.643496051783151,
-6.18365275522526));
#4072=CARTESIAN_POINT('Ctrl Pts',(0.419131827642732,0.486815810343771,-6.22824260979706));
#4073=CARTESIAN_POINT('Ctrl Pts',(0.557930311575818,0.149048120326384,-6.25693101751565));
#4074=CARTESIAN_POINT('Ctrl Pts',(0.559309150065212,-0.000494727620719334,
-6.26971797838101));
#4075=CARTESIAN_POINT('Origin',(0.,0.,0.569717978381013));
#4076=CARTESIAN_POINT('',(0.560007707453851,-8.18586471398263E-5,-5.580282021619));
#4077=CARTESIAN_POINT('',(0.559134254032601,0.000513350275067395,-5.66971797838101));
#4078=CARTESIAN_POINT('',(0.5591,1.31221600778351E-13,0.569717978381013));
#4079=CARTESIAN_POINT('Ctrl Pts',(0.560007707453851,-8.18586471399845E-5,
-5.580282021619));
#4080=CARTESIAN_POINT('Ctrl Pts',(0.560016634581652,-0.00445636445312682,
-5.58065729624036));
#4081=CARTESIAN_POINT('Ctrl Pts',(0.557986358495923,-0.194182548357349,
-5.59693401771494));
#4082=CARTESIAN_POINT('Ctrl Pts',(0.344514317585943,-0.564320831801338,
-5.62911218604275));
#4083=CARTESIAN_POINT('Ctrl Pts',(-0.288192624207965,-0.595057247312217,
-5.67681652660244));
#4084=CARTESIAN_POINT('Ctrl Pts',(-0.656364559560358,-0.079584427998208,
-5.72452086716213));
#4085=CARTESIAN_POINT('Ctrl Pts',(-0.422052640690352,0.508939765309179,
-5.77222520772181));
#4086=CARTESIAN_POINT('Ctrl Pts',(0.19966578565194,0.630302855988024,-5.81992954828149));
#4087=CARTESIAN_POINT('Ctrl Pts',(0.530710205398377,0.2850973130604,-5.85594848624722));
#4088=CARTESIAN_POINT('Ctrl Pts',(0.559357573234062,0.0499043701054537,
-5.87606597735972));
#4089=CARTESIAN_POINT('Ctrl Pts',(0.55891871741633,0.000509811082387754,
-5.880282021619));
#4090=CARTESIAN_POINT('Ctrl Pts',(0.559134254032601,0.000513350275067413,
-5.66971797838101));
#4091=CARTESIAN_POINT('Ctrl Pts',(0.557801325837819,-0.14341636375344,-5.68201510213014));
#4092=CARTESIAN_POINT('Ctrl Pts',(0.427697263804073,-0.4756009219816,-5.7102136727325));
#4093=CARTESIAN_POINT('Ctrl Pts',(-0.131984417674582,-0.647864363734087,
-5.7543136901881));
#4094=CARTESIAN_POINT('Ctrl Pts',(-0.61625937754919,-0.239525572513994,
-5.80201803074777));
#4095=CARTESIAN_POINT('Ctrl Pts',(-0.53486344679066,0.388676232348572,-5.84972237130746));
#4096=CARTESIAN_POINT('Ctrl Pts',(0.0374892033875706,0.660108082009937,
-5.89742671186714));
#4097=CARTESIAN_POINT('Ctrl Pts',(0.488535142995651,0.379650602486849,-5.93742524755833));
#4098=CARTESIAN_POINT('Ctrl Pts',(0.558106382319805,0.0962918912720291,
-5.96152233639628));
#4099=CARTESIAN_POINT('Ctrl Pts',(0.558179199528597,-4.75050335404549E-5,
-5.96971797838101));
#4100=CARTESIAN_POINT('Origin',(0.,0.,0.569717978381013));
#4101=CARTESIAN_POINT('',(0.558673289034906,-0.000466663654669188,-5.280282021619));
#4102=CARTESIAN_POINT('',(0.559927790811419,-0.000209045648716169,-5.36971797838101));
#4103=CARTESIAN_POINT('',(0.5591,1.31221600778351E-13,0.569717978381013));
#4104=CARTESIAN_POINT('Ctrl Pts',(0.558673289034906,-0.000466663654669179,
-5.280282021619));
#4105=CARTESIAN_POINT('Ctrl Pts',(0.55913118915526,-0.0587193184398167,
-5.28524861512099));
#4106=CARTESIAN_POINT('Ctrl Pts',(0.523910046026942,-0.302938443230845,
-5.3061166554762));
#4107=CARTESIAN_POINT('Ctrl Pts',(0.169730748995282,-0.639014545274334,
-5.34288614268465));
#4108=CARTESIAN_POINT('Ctrl Pts',(-0.445575313065903,-0.488478000131926,
-5.39059048324433));
#4109=CARTESIAN_POINT('Ctrl Pts',(-0.651883162088121,0.110437580617552,
-5.43829482380402));
#4110=CARTESIAN_POINT('Ctrl Pts',(-0.259820678226117,0.607981357767477,
-5.4859991643637));
#4111=CARTESIAN_POINT('Ctrl Pts',(0.365773538813344,0.547928883901776,-5.53332823030203));
#4112=CARTESIAN_POINT('Ctrl Pts',(0.559638366933923,0.180903816129848,-5.56475584938713));
#4113=CARTESIAN_POINT('Ctrl Pts',(0.560007707453851,-8.18586471399845E-5,
-5.580282021619));
#4114=CARTESIAN_POINT('Ctrl Pts',(0.559927790811419,-0.000209045648716106,
-5.36971797838101));
#4115=CARTESIAN_POINT('Ctrl Pts',(0.559982869547268,-0.0117186556877985,
-5.37070497415755));
#4116=CARTESIAN_POINT('Ctrl Pts',(0.55443816224649,-0.208605026214302,-5.38759341678731));
#4117=CARTESIAN_POINT('Ctrl Pts',(0.322575221139724,-0.577142397517394,
-5.4203833062703));
#4118=CARTESIAN_POINT('Ctrl Pts',(-0.310845515182644,-0.583543645322531,
-5.46808764682999));
#4119=CARTESIAN_POINT('Ctrl Pts',(-0.658937920888826,-0.0543041132897077,
-5.51579198738967));
#4120=CARTESIAN_POINT('Ctrl Pts',(-0.402184357250913,0.524781728996101,
-5.56349632794935));
#4121=CARTESIAN_POINT('Ctrl Pts',(0.223738409896086,0.62216496545743,-5.61120066850904));
#4122=CARTESIAN_POINT('Ctrl Pts',(0.535880630951509,0.270568071663565,-5.64660788531959));
#4123=CARTESIAN_POINT('Ctrl Pts',(0.559524939203098,0.0426995723723612,
-5.66611365527692));
#4124=CARTESIAN_POINT('Ctrl Pts',(0.559134254032601,0.000513350275067413,
-5.66971797838101));
#4125=CARTESIAN_POINT('Origin',(0.,0.,0.569717978381013));
#4126=CARTESIAN_POINT('',(0.558328497535769,0.000293934774330218,-4.980282021619));
#4127=CARTESIAN_POINT('',(0.558499783676653,-0.000403068088993958,-5.06971797838101));
#4128=CARTESIAN_POINT('',(0.5591,1.31221600778351E-13,0.569717978381013));
#4129=CARTESIAN_POINT('Ctrl Pts',(0.558328497535769,0.000293934774330245,
-4.980282021619));
#4130=CARTESIAN_POINT('Ctrl Pts',(0.557794971694041,-0.111983868168944,
-4.98983993400162));
#4131=CARTESIAN_POINT('Ctrl Pts',(0.470412577714267,-0.411821762526736,
-5.01529929323747));
#4132=CARTESIAN_POINT('Ctrl Pts',(-0.0190803495965326,-0.660896403747167,
-5.05666009932655));
#4133=CARTESIAN_POINT('Ctrl Pts',(-0.566133082993109,-0.341528108019504,
-5.10436443988623));
#4134=CARTESIAN_POINT('Ctrl Pts',(-0.593526372752203,0.291332389332664,
-5.15206878044591));
#4135=CARTESIAN_POINT('Ctrl Pts',(-0.0761156333633698,0.656775857187486,
-5.19977312100559));
#4136=CARTESIAN_POINT('Ctrl Pts',(0.450019752733485,0.444075987021674,-5.2425108680633));
#4137=CARTESIAN_POINT('Ctrl Pts',(0.557665139150366,0.127787085548063,-5.26934716826776));
#4138=CARTESIAN_POINT('Ctrl Pts',(0.558673289034906,-0.000466663654669179,
-5.280282021619));
#4139=CARTESIAN_POINT('Ctrl Pts',(0.558499783676653,-0.00040306808899394,
-5.06971797838101));
#4140=CARTESIAN_POINT('Ctrl Pts',(0.558934885173501,-0.065881739988971,
-5.07529629303817));
#4141=CARTESIAN_POINT('Ctrl Pts',(0.517985218572734,-0.317485902075804,
-5.09677605454857));
#4142=CARTESIAN_POINT('Ctrl Pts',(0.145050550202609,-0.645064693028063,
-5.1341572629122));
#4143=CARTESIAN_POINT('Ctrl Pts',(-0.464016542884509,-0.470995507659022,
-5.18186160347188));
#4144=CARTESIAN_POINT('Ctrl Pts',(-0.647158026326789,0.135405351689972,
-5.22956594403156));
#4145=CARTESIAN_POINT('Ctrl Pts',(-0.236266428133025,0.617516230752465,
-5.27727028459125));
#4146=CARTESIAN_POINT('Ctrl Pts',(0.378508257030171,0.534555254324388,-5.32398762937439));
#4147=CARTESIAN_POINT('Ctrl Pts',(0.559095498383515,0.17371218068337,-5.35480352730432));
#4148=CARTESIAN_POINT('Ctrl Pts',(0.559927790811419,-0.000209045648716106,
-5.36971797838101));
#4149=CARTESIAN_POINT('Origin',(0.,0.,0.569717978381013));
#4150=CARTESIAN_POINT('',(0.559750835690928,0.000345809668908936,-4.680282021619));
#4151=CARTESIAN_POINT('',(0.558461006839097,0.000383577746497707,-4.76971797838101));
#4152=CARTESIAN_POINT('',(0.5591,1.31221600778351E-13,0.569717978381013));
#4153=CARTESIAN_POINT('Ctrl Pts',(0.559750835690928,0.000345809668908968,
-4.680282021619));
#4154=CARTESIAN_POINT('Ctrl Pts',(0.55855366638205,-0.164789736411611,-4.69443125288225));
#4155=CARTESIAN_POINT('Ctrl Pts',(0.39376952434009,-0.517587057408759,-4.72448193099873));
#4156=CARTESIAN_POINT('Ctrl Pts',(-0.206314537828958,-0.628157963976489,
-4.77043405596844));
#4157=CARTESIAN_POINT('Ctrl Pts',(-0.639902343158001,-0.166352359308679,
-4.81813839652812));
#4158=CARTESIAN_POINT('Ctrl Pts',(-0.486117133877588,0.448149805731638,
-4.8658427370878));
#4159=CARTESIAN_POINT('Ctrl Pts',(0.113880047326308,0.651290604145048,-4.91354707764749));
#4160=CARTESIAN_POINT('Ctrl Pts',(0.510075423887435,0.335683125762487,-4.95169350582456));
#4161=CARTESIAN_POINT('Ctrl Pts',(0.55868259573551,0.0748121019998325,-4.97393848714839));
#4162=CARTESIAN_POINT('Ctrl Pts',(0.558328497535769,0.000293934774330245,
-4.980282021619));
#4163=CARTESIAN_POINT('Ctrl Pts',(0.558461006839097,0.000383577746497724,
-4.76971797838101));
#4164=CARTESIAN_POINT('Ctrl Pts',(0.557709451155837,-0.119009154519739,
-4.77988761191881));
#4165=CARTESIAN_POINT('Ctrl Pts',(0.461616191089921,-0.426190862308969,
-4.80595869230983));
#4166=CARTESIAN_POINT('Ctrl Pts',(-0.0444619364761725,-0.659675114363318,
-4.84793121955409));
#4167=CARTESIAN_POINT('Ctrl Pts',(-0.578838561848281,-0.319521579275775,
-4.89563556011377));
#4168=CARTESIAN_POINT('Ctrl Pts',(-0.581893252427787,0.313924135874387,
-4.94333990067346));
#4169=CARTESIAN_POINT('Ctrl Pts',(-0.05082207596852,0.659215622463332,-4.99104424123314));
#4170=CARTESIAN_POINT('Ctrl Pts',(0.459343281650415,0.42978708667933,-5.03317026713566));
#4171=CARTESIAN_POINT('Ctrl Pts',(0.557694592405325,0.120770624610003,-5.05939484618495));
#4172=CARTESIAN_POINT('Ctrl Pts',(0.558499783676653,-0.00040306808899394,
-5.06971797838101));
#4173=CARTESIAN_POINT('Origin',(0.,0.,0.569717978381013));
#4174=CARTESIAN_POINT('',(0.559405890446318,-0.000475869164088679,-4.380282021619));
#4175=CARTESIAN_POINT('',(0.559898357256551,0.000238859991596964,-4.46971797838101));
#4176=CARTESIAN_POINT('',(0.5591,1.31221600778351E-13,0.569717978381013));
#4177=CARTESIAN_POINT('Ctrl Pts',(0.559405890446318,-0.000475869164088638,
-4.380282021619));
#4178=CARTESIAN_POINT('Ctrl Pts',(0.559706295526792,-0.0336642284448992,
-4.38312112490965));
#4179=CARTESIAN_POINT('Ctrl Pts',(0.541892291732654,-0.252414228991562,
-4.40186167505353));
#4180=CARTESIAN_POINT('Ctrl Pts',(0.253382128945043,-0.610692732033009,
-4.43650367205065));
#4181=CARTESIAN_POINT('Ctrl Pts',(-0.376497700326798,-0.543504919826214,
-4.48420801261033));
#4182=CARTESIAN_POINT('Ctrl Pts',(-0.660786375574881,0.0225717097552849,
-4.53191235317001));
#4183=CARTESIAN_POINT('Ctrl Pts',(-0.338532365701963,0.567929532247528,
-4.5796166937297));
#4184=CARTESIAN_POINT('Ctrl Pts',(0.294464022771897,0.591978931651844,-4.62732103428938));
#4185=CARTESIAN_POINT('Ctrl Pts',(0.549589637468862,0.226680591416316,-4.66087614358582));
#4186=CARTESIAN_POINT('Ctrl Pts',(0.559899091005145,0.0207959014737626,
-4.67852980602902));
#4187=CARTESIAN_POINT('Ctrl Pts',(0.559750835690928,0.000345809668908968,
-4.680282021619));
#4188=CARTESIAN_POINT('Ctrl Pts',(0.559898357256551,0.000238859991596942,
-4.46971797838101));
#4189=CARTESIAN_POINT('Ctrl Pts',(0.558974889902632,-0.17191640047037,-4.48447893079944));
#4190=CARTESIAN_POINT('Ctrl Pts',(0.381628912026088,-0.531171939365039,
-4.51514133007109));
#4191=CARTESIAN_POINT('Ctrl Pts',(-0.230299831771126,-0.619766171867794,
-4.56170517619598));
#4192=CARTESIAN_POINT('Ctrl Pts',(-0.645822016849926,-0.141640541009151,
-4.60940951675567));
#4193=CARTESIAN_POINT('Ctrl Pts',(-0.46853745728357,0.466498415246736,-4.65711385731535));
#4194=CARTESIAN_POINT('Ctrl Pts',(0.138822506263838,0.64643362540952,-4.70481819787503));
#4195=CARTESIAN_POINT('Ctrl Pts',(0.516443434539765,0.32113651498702,-4.74235290489692));
#4196=CARTESIAN_POINT('Ctrl Pts',(0.558884598982961,0.0676757618773732,
-4.76398616506558));
#4197=CARTESIAN_POINT('Ctrl Pts',(0.558461006839097,0.000383577746497724,
-4.76971797838101));
#4198=CARTESIAN_POINT('Origin',(0.,0.,0.569717978381013));
#4199=CARTESIAN_POINT('',(0.558191924286898,-0.000100432028219737,-4.080282021619));
#4200=CARTESIAN_POINT('',(0.559189169169503,-0.000509580235424009,-4.16971797838101));
#4201=CARTESIAN_POINT('',(0.5591,1.31221600778351E-13,0.569717978381013));
#4202=CARTESIAN_POINT('Ctrl Pts',(0.558191924286898,-0.000100432028219723,
-4.080282021619));
#4203=CARTESIAN_POINT('Ctrl Pts',(0.558331672494337,-0.0874397384305266,
-4.08771244379028));
#4204=CARTESIAN_POINT('Ctrl Pts',(0.497856010104163,-0.361506070018957,
-4.1110443128148));
#4205=CARTESIAN_POINT('Ctrl Pts',(0.069171767343094,-0.657543445583101,
-4.15027762869254));
#4206=CARTESIAN_POINT('Ctrl Pts',(-0.515564917022465,-0.413933488089917,
-4.19798196925222));
#4207=CARTESIAN_POINT('Ctrl Pts',(-0.627059203112278,0.209630322279144,
-4.24568630981191));
#4208=CARTESIAN_POINT('Ctrl Pts',(-0.162969326385988,0.640772280052719,
-4.29339065037159));
#4209=CARTESIAN_POINT('Ctrl Pts',(0.414188822199879,0.493088247001439,-4.33825588764063));
#4210=CARTESIAN_POINT('Ctrl Pts',(0.558023765892415,0.152219438763277,-4.36721967805642));
#4211=CARTESIAN_POINT('Ctrl Pts',(0.559405890446318,-0.000475869164088638,
-4.380282021619));
#4212=CARTESIAN_POINT('Ctrl Pts',(0.559189169169503,-0.000509580235423922,
-4.16971797838101));
#4213=CARTESIAN_POINT('Ctrl Pts',(0.559563998798312,-0.040889043205347,
-4.17316880282684));
#4214=CARTESIAN_POINT('Ctrl Pts',(0.5371267427293,-0.26692444666025,-4.1925210741259));
#4215=CARTESIAN_POINT('Ctrl Pts',(0.229728446480447,-0.619978194119075,
-4.22777479227819));
#4216=CARTESIAN_POINT('Ctrl Pts',(-0.397104418024833,-0.528636171190194,
-4.27547913283788));
#4217=CARTESIAN_POINT('Ctrl Pts',(-0.659431008058811,0.0479464901323441,
-4.32318347339756));
#4218=CARTESIAN_POINT('Ctrl Pts',(-0.316459018908152,0.580518569605796,
-4.37088781395725));
#4219=CARTESIAN_POINT('Ctrl Pts',(0.316993994298602,0.580226617696988,-4.41859215451693));
#4220=CARTESIAN_POINT('Ctrl Pts',(0.553502497821691,0.21222790029035,-4.45153554265818));
#4221=CARTESIAN_POINT('Ctrl Pts',(0.559969708301389,0.013540313103318,-4.46857748394621));
#4222=CARTESIAN_POINT('Ctrl Pts',(0.559898357256551,0.000238859991596942,
-4.46971797838101));
#4223=CARTESIAN_POINT('Origin',(0.,0.,0.569717978381013));
#4224=CARTESIAN_POINT('',(0.559036247942623,0.00051540354195467,-3.780282021619));
#4225=CARTESIAN_POINT('',(0.558175838051137,1.77575655574663E-5,-3.86971797838101));
#4226=CARTESIAN_POINT('',(0.5591,1.31221600778351E-13,0.569717978381013));
#4227=CARTESIAN_POINT('Ctrl Pts',(0.559036247942623,0.000515403541954712,
-3.780282021619));
#4228=CARTESIAN_POINT('Ctrl Pts',(0.557748608660985,-0.140254169583687,
-3.79230376267091));
#4229=CARTESIAN_POINT('Ctrl Pts',(0.432386260180388,-0.469265741740929,
-3.82022695057606));
#4230=CARTESIAN_POINT('Ctrl Pts',(-0.120755348868036,-0.650050968729701,
-3.86405158533444));
#4231=CARTESIAN_POINT('Ctrl Pts',(-0.612022869434056,-0.250152200702628,
-3.91175592589411));
#4232=CARTESIAN_POINT('Ctrl Pts',(-0.541508234217834,0.379363873478943,
-3.95946026645381));
#4233=CARTESIAN_POINT('Ctrl Pts',(0.0260624398912439,0.6606579034974,-4.00716460701348));
#4234=CARTESIAN_POINT('Ctrl Pts',(0.485031632701067,0.386169496329056,-4.04743852540189));
#4235=CARTESIAN_POINT('Ctrl Pts',(0.558032604871771,0.0994704137706536,
-4.07181099693706));
#4236=CARTESIAN_POINT('Ctrl Pts',(0.558191924286898,-0.000100432028219723,
-4.080282021619));
#4237=CARTESIAN_POINT('Ctrl Pts',(0.55817607419868,1.77530280351824E-5,
-3.86971797838101));
#4238=CARTESIAN_POINT('Ctrl Pts',(0.55814937973082,-0.0945185931388828,
-3.87776012170747));
#4239=CARTESIAN_POINT('Ctrl Pts',(0.490453468841758,-0.376014219328871,
-3.90170371188716));
#4240=CARTESIAN_POINT('Ctrl Pts',(0.0438538429109181,-0.659715818187963,
-3.94154874892008));
#4241=CARTESIAN_POINT('Ctrl Pts',(-0.531090000235917,-0.393816622242996,
-3.98925308947977));
#4242=CARTESIAN_POINT('Ctrl Pts',(-0.618540809792655,0.233570946238009,
-4.03695743003945));
#4243=CARTESIAN_POINT('Ctrl Pts',(-0.138226578337218,0.646561314452585,
-4.08466177059914));
#4244=CARTESIAN_POINT('Ctrl Pts',(0.425044232860275,0.479122929379054,-4.12891528671299));
#4245=CARTESIAN_POINT('Ctrl Pts',(0.557836778675969,0.1451800815667,-4.15726735597361));
#4246=CARTESIAN_POINT('Ctrl Pts',(0.559189169169503,-0.000509580235423922,
-4.16971797838101));
#4247=CARTESIAN_POINT('Origin',(0.,0.,0.569717978381013));
#4248=CARTESIAN_POINT('',(0.559971609454819,-0.000153202416471443,-3.480282021619));
#4249=CARTESIAN_POINT('',(0.559254534000451,0.000502627891444049,-3.56971797838101));
#4250=CARTESIAN_POINT('',(0.5591,1.31221600778351E-13,0.569717978381013));
#4251=CARTESIAN_POINT('Ctrl Pts',(0.559971609454819,-0.000153202416471425,
-3.480282021619));
#4252=CARTESIAN_POINT('Ctrl Pts',(0.560001789129421,-0.00844977450875136,
-3.48099363469832));
#4253=CARTESIAN_POINT('Ctrl Pts',(0.556071002748556,-0.202109296058323,
-3.49760669463087));
#4254=CARTESIAN_POINT('Ctrl Pts',(0.33251261754663,-0.571474824816416,-3.53012120141664));
#4255=CARTESIAN_POINT('Ctrl Pts',(-0.300702545182072,-0.588834523060331,
-3.57782554197633));
#4256=CARTESIAN_POINT('Ctrl Pts',(-0.657899714926619,-0.0656968897752245,
-3.62552988253601));
#4257=CARTESIAN_POINT('Ctrl Pts',(-0.411203895375242,0.517744601763159,
-3.67323422309569));
#4258=CARTESIAN_POINT('Ctrl Pts',(0.21294025551639,0.625942939737543,-3.72093856365538));
#4259=CARTESIAN_POINT('Ctrl Pts',(0.533593722800982,0.27710718276302,-3.75662116316315));
#4260=CARTESIAN_POINT('Ctrl Pts',(0.559451800196609,0.045945140145414,-3.77640231581769));
#4261=CARTESIAN_POINT('Ctrl Pts',(0.559036247942623,0.000515403541954712,
-3.780282021619));
#4262=CARTESIAN_POINT('Ctrl Pts',(0.559254534000451,0.000502627891444079,
-3.56971797838101));
#4263=CARTESIAN_POINT('Ctrl Pts',(0.557884875562462,-0.147282173925885,
-3.5823514405881));
#4264=CARTESIAN_POINT('Ctrl Pts',(0.42184709201235,-0.483309167934344,-3.61088634964842));
#4265=CARTESIAN_POINT('Ctrl Pts',(-0.145645095675924,-0.644930714426767,
-3.65532270556198));
#4266=CARTESIAN_POINT('Ctrl Pts',(-0.621183235563951,-0.226449791697344,
-3.70302704612166));
#4267=CARTESIAN_POINT('Ctrl Pts',(-0.526530824347897,0.399891749498531,
-3.75073138668135));
#4268=CARTESIAN_POINT('Ctrl Pts',(0.0514297055034801,0.659168495680198,
-3.79843572724103));
#4269=CARTESIAN_POINT('Ctrl Pts',(0.49270646918839,0.37168041994334,-3.83809792447425));
#4270=CARTESIAN_POINT('Ctrl Pts',(0.558202161762266,0.0924047957200031,
-3.86185867485424));
#4271=CARTESIAN_POINT('Ctrl Pts',(0.55817607419868,1.77530280351824E-5,
-3.86971797838101));
#4272=CARTESIAN_POINT('Origin',(0.,0.,0.569717978381013));
#4273=CARTESIAN_POINT('',(0.558574343890684,-0.000434601832677584,-3.180282021619));
#4274=CARTESIAN_POINT('',(0.559859038462541,-0.000272940954353929,-3.26971797838101));
#4275=CARTESIAN_POINT('',(0.5591,1.31221600778351E-13,0.569717978381013));
#4276=CARTESIAN_POINT('Ctrl Pts',(0.558574343890684,-0.000434601832677572,
-3.180282021619));
#4277=CARTESIAN_POINT('Ctrl Pts',(0.559024213200468,-0.0626599138605046,
-3.18558495357895));
#4278=CARTESIAN_POINT('Ctrl Pts',(0.520695603333531,-0.310936631669871,
-3.20678933239213));
#4279=CARTESIAN_POINT('Ctrl Pts',(0.156189708668911,-0.642458474247626,
-3.24389515805853));
#4280=CARTESIAN_POINT('Ctrl Pts',(-0.455797945348781,-0.478953389425833,
-3.29159949861822));
#4281=CARTESIAN_POINT('Ctrl Pts',(-0.649403925858197,0.124187991797212,
-3.33930383917791));
#4282=CARTESIAN_POINT('Ctrl Pts',(-0.246915290198407,0.613335924019539,
-3.38700817973759));
#4283=CARTESIAN_POINT('Ctrl Pts',(0.372834556765975,0.540597909177226,-3.43400090721795));
#4284=CARTESIAN_POINT('Ctrl Pts',(0.559327405105732,0.176942405628431,-3.46509218784509));
#4285=CARTESIAN_POINT('Ctrl Pts',(0.559971609454819,-0.000153202416471425,
-3.480282021619));
#4286=CARTESIAN_POINT('Ctrl Pts',(0.559859038462541,-0.000272940954353911,
-3.26971797838101));
#4287=CARTESIAN_POINT('Ctrl Pts',(0.559951619073955,-0.0157097025867169,
-3.27104131261551));
#4288=CARTESIAN_POINT('Ctrl Pts',(0.552363945600698,-0.216545259913573,
-3.28826609370323));
#4289=CARTESIAN_POINT('Ctrl Pts',(0.310307484837853,-0.583829928283123,
-3.32139232164419));
#4290=CARTESIAN_POINT('Ctrl Pts',(-0.323107081847201,-0.576844809256056,
-3.36909666220387));
#4291=CARTESIAN_POINT('Ctrl Pts',(-0.659938298376596,-0.0403678416722072,
-3.41680100276356));
#4292=CARTESIAN_POINT('Ctrl Pts',(-0.391005288663762,0.533163187534961,
-3.46450534332324));
#4293=CARTESIAN_POINT('Ctrl Pts',(0.236835541259957,0.617298182972842,-3.51220968388293));
#4294=CARTESIAN_POINT('Ctrl Pts',(0.538584553570462,0.26258564005894,-3.54728056223552));
#4295=CARTESIAN_POINT('Ctrl Pts',(0.559608832978231,0.0387311400248376,
-3.56644999373488));
#4296=CARTESIAN_POINT('Ctrl Pts',(0.559254534000451,0.000502627891444079,
-3.56971797838101));
#4297=CARTESIAN_POINT('Origin',(0.,0.,0.569717978381013));
#4298=CARTESIAN_POINT('',(0.55839682667347,0.000345451099349954,-2.88028202161899));
#4299=CARTESIAN_POINT('',(0.558417598874019,-0.000358696875345232,-2.96971797838101));
#4300=CARTESIAN_POINT('',(0.5591,1.31221600778351E-13,0.569717978381013));
#4301=CARTESIAN_POINT('Ctrl Pts',(0.55839682667347,0.000345451099349973,
-2.88028202161899));
#4302=CARTESIAN_POINT('Ctrl Pts',(0.557742955669885,-0.11584774359258,-2.89017627245958));
#4303=CARTESIAN_POINT('Ctrl Pts',(0.465627630976114,-0.419729322774918,
-2.91597197015339));
#4304=CARTESIAN_POINT('Ctrl Pts',(-0.0330416203813122,-0.660345642485238,
-2.95766911470043));
#4305=CARTESIAN_POINT('Ctrl Pts',(-0.573223569174487,-0.329488779732374,
-3.00537345526012));
#4306=CARTESIAN_POINT('Ctrl Pts',(-0.587237643336082,0.303809260023041,
-3.0530777958198));
#4307=CARTESIAN_POINT('Ctrl Pts',(-0.062220178472201,0.65823762093757,-3.10078213637949));
#4308=CARTESIAN_POINT('Ctrl Pts',(0.455198829479701,0.436228406444139,-3.14318354497921));
#4309=CARTESIAN_POINT('Ctrl Pts',(0.557675228718966,0.123929787762784,-3.16968350672572));
#4310=CARTESIAN_POINT('Ctrl Pts',(0.558574343890684,-0.000434601832677572,
-3.180282021619));
#4311=CARTESIAN_POINT('Ctrl Pts',(0.558417598874019,-0.00035869687534512,
-2.96971797838101));
#4312=CARTESIAN_POINT('Ctrl Pts',(0.558824385002609,-0.0698109857143026,
-2.97563263149614));
#4313=CARTESIAN_POINT('Ctrl Pts',(0.514577724482639,-0.325484822464376,
-2.99744873146449));
#4314=CARTESIAN_POINT('Ctrl Pts',(0.131387173828474,-0.647985748962764,
-3.03516627828608));
#4315=CARTESIAN_POINT('Ctrl Pts',(-0.47386563148134,-0.461085115359691,
-3.08287061884576));
#4316=CARTESIAN_POINT('Ctrl Pts',(-0.644152246310616,0.149050340081656,
-3.13057495940545));
#4317=CARTESIAN_POINT('Ctrl Pts',(-0.223164816235358,0.622370938508627,
-3.17827929996513));
#4318=CARTESIAN_POINT('Ctrl Pts',(0.385307111452658,0.527128228220629,-3.22466030629032));
#4319=CARTESIAN_POINT('Ctrl Pts',(0.558839152069281,0.169781489497414,-3.25513986576228));
#4320=CARTESIAN_POINT('Ctrl Pts',(0.559859038462541,-0.000272940954353911,
-3.26971797838101));
#4321=CARTESIAN_POINT('Origin',(0.,0.,0.569717978381013));
#4322=CARTESIAN_POINT('',(0.559837490337819,0.000289542362976481,-2.580282021619));
#4323=CARTESIAN_POINT('',(0.55854860246069,0.000424514389549269,-2.66971797838101));
#4324=CARTESIAN_POINT('',(0.5591,1.31221600778351E-13,0.569717978381013));
#4325=CARTESIAN_POINT('Ctrl Pts',(0.559837490337819,0.000289542362976491,
-2.580282021619));
#4326=CARTESIAN_POINT('Ctrl Pts',(0.558773682660067,-0.168702545343666,
-2.59476759134021));
#4327=CARTESIAN_POINT('Ctrl Pts',(0.387152696782628,-0.525075996086515,
-2.62515460791465));
#4328=CARTESIAN_POINT('Ctrl Pts',(-0.219542198969824,-0.623658030572972,
-2.67144307134233));
#4329=CARTESIAN_POINT('Ctrl Pts',(-0.643274684482666,-0.152793313107577,
-2.71914741190201));
#4330=CARTESIAN_POINT('Ctrl Pts',(-0.476538648217904,0.458321975232826,
-2.76685175246169));
#4331=CARTESIAN_POINT('Ctrl Pts',(0.127617168384425,0.648738756789052,-2.81455609302138));
#4332=CARTESIAN_POINT('Ctrl Pts',(0.51362122872622,0.327685586285701,-2.85236618274048));
#4333=CARTESIAN_POINT('Ctrl Pts',(0.558793817951416,0.0708909938691772,
-2.87427482560635));
#4334=CARTESIAN_POINT('Ctrl Pts',(0.55839682667347,0.000345451099349973,
-2.88028202161899));
#4335=CARTESIAN_POINT('Ctrl Pts',(0.55854860246069,0.00042451438954926,
-2.66971797838101));
#4336=CARTESIAN_POINT('Ctrl Pts',(0.557680661785467,-0.122868266109244,
-2.68022395037677));
#4337=CARTESIAN_POINT('Ctrl Pts',(0.45660118138345,-0.434065333678159,-2.70663136922576));
#4338=CARTESIAN_POINT('Ctrl Pts',(-0.0583917325359267,-0.658588282523249,
-2.74894023492797));
#4339=CARTESIAN_POINT('Ctrl Pts',(-0.585461186776112,-0.307218682837123,
-2.79664457548766));
#4340=CARTESIAN_POINT('Ctrl Pts',(-0.575129729939144,0.326150140342753,
-2.84434891604735));
#4341=CARTESIAN_POINT('Ctrl Pts',(-0.0368807136841025,0.660142358331611,
-2.89205325660703));
#4342=CARTESIAN_POINT('Ctrl Pts',(0.464289035852599,0.421902090841137,-2.93384294405158));
#4343=CARTESIAN_POINT('Ctrl Pts',(0.557730747239161,0.116910341523389,-2.95973118464291));
#4344=CARTESIAN_POINT('Ctrl Pts',(0.558417598874019,-0.00035869687534512,
-2.96971797838101));
#4345=CARTESIAN_POINT('Origin',(0.,0.,0.569717978381013));
#4346=CARTESIAN_POINT('',(0.559287500974795,-0.000498089858446158,-2.280282021619));
#4347=CARTESIAN_POINT('',(0.559958236674588,0.000172272899133415,-2.36971797838101));
#4348=CARTESIAN_POINT('',(0.5591,1.31221600778351E-13,0.569717978381013));
#4349=CARTESIAN_POINT('Ctrl Pts',(0.559287500974795,-0.000498089858446127,
-2.280282021619));
#4350=CARTESIAN_POINT('Ctrl Pts',(0.559630794815848,-0.0376384161615888,
-2.28345746336761));
#4351=CARTESIAN_POINT('Ctrl Pts',(0.539311498097027,-0.260390149095175,
-2.30253435196946));
#4352=CARTESIAN_POINT('Ctrl Pts',(0.240420883992184,-0.615910638621449,
-2.33751268742453));
#4353=CARTESIAN_POINT('Ctrl Pts',(-0.38789854146206,-0.535427714783491,
-2.38521702798422));
#4354=CARTESIAN_POINT('Ctrl Pts',(-0.660161862266403,0.0365298759321564,
-2.4329213685439));
#4355=CARTESIAN_POINT('Ctrl Pts',(-0.326455745209405,0.574956313685168,
-2.48062570910359));
#4356=CARTESIAN_POINT('Ctrl Pts',(0.306907494923448,0.585624372602847,-2.52833004966327));
#4357=CARTESIAN_POINT('Ctrl Pts',(0.551777653683892,0.218731265136549,-2.56154882050174));
#4358=CARTESIAN_POINT('Ctrl Pts',(0.559941471126478,0.0168075003777432,
-2.57886614448698));
#4359=CARTESIAN_POINT('Ctrl Pts',(0.559837490337819,0.000289542362976491,
-2.580282021619));
#4360=CARTESIAN_POINT('Ctrl Pts',(0.559958236674588,0.000172272899133458,
-2.369717978381));
#4361=CARTESIAN_POINT('Ctrl Pts',(0.55924722457067,-0.175855614138868,-2.3848152692574));
#4362=CARTESIAN_POINT('Ctrl Pts',(0.3747519997952,-0.538571223052801,-2.41581400698702));
#4363=CARTESIAN_POINT('Ctrl Pts',(-0.243344808667352,-0.614761274317209,
-2.46271419156987));
#4364=CARTESIAN_POINT('Ctrl Pts',(-0.648670846111393,-0.127961922893495,
-2.51041853212955));
#4365=CARTESIAN_POINT('Ctrl Pts',(-0.458575168908516,0.476295008126261,
-2.55812287268924));
#4366=CARTESIAN_POINT('Ctrl Pts',(0.152451424186206,0.643355798581988,-2.60582721324892));
#4367=CARTESIAN_POINT('Ctrl Pts',(0.519792707984234,0.313137493917973,-2.64302558181284));
#4368=CARTESIAN_POINT('Ctrl Pts',(0.558994344377081,0.0637430819201544,
-2.66432250352354));
#4369=CARTESIAN_POINT('Ctrl Pts',(0.55854860246069,0.00042451438954926,
-2.66971797838101));
#4370=CARTESIAN_POINT('Origin',(0.,0.,0.569717978381013));
#4371=CARTESIAN_POINT('',(0.558177614694266,-3.57032816644832E-5,-1.980282021619));
#4372=CARTESIAN_POINT('',(0.559069064100756,-0.000515385634896059,-2.06971797838101));
#4373=CARTESIAN_POINT('',(0.5591,1.31221600778351E-13,0.569717978381013));
#4374=CARTESIAN_POINT('Ctrl Pts',(0.558177614694267,-3.57032816643635E-5,
-1.980282021619));
#4375=CARTESIAN_POINT('Ctrl Pts',(0.558229469786845,-0.0913342636381573,
-1.98804878224824));
#4376=CARTESIAN_POINT('Ctrl Pts',(0.493833610801161,-0.369486004366043,
-2.01171698973072));
#4377=CARTESIAN_POINT('Ctrl Pts',(0.0552616428777815,-0.658858305747993,
-2.05128664406643));
#4378=CARTESIAN_POINT('Ctrl Pts',(-0.524196706753216,-0.402946558312323,
-2.09899098462611));
#4379=CARTESIAN_POINT('Ctrl Pts',(-0.622489448559645,0.222834024912206,
-2.14669532518579));
#4380=CARTESIAN_POINT('Ctrl Pts',(-0.149392652770995,0.644072939599786,
-2.19439966574548));
#4381=CARTESIAN_POINT('Ctrl Pts',(0.420213498025689,0.485424156847377,-2.23892856455655));
#4382=CARTESIAN_POINT('Ctrl Pts',(0.557911705252665,0.148346707035221,-2.26755601651439));
#4383=CARTESIAN_POINT('Ctrl Pts',(0.559287500974795,-0.000498089858446127,
-2.280282021619));
#4384=CARTESIAN_POINT('Ctrl Pts',(0.559069064100756,-0.000515385634896099,
-2.06971797838101));
#4385=CARTESIAN_POINT('Ctrl Pts',(0.559476803886187,-0.0448548407644596,
-2.0735051412848));
#4386=CARTESIAN_POINT('Ctrl Pts',(0.534369633937594,-0.274909387204919,
-2.09319375104183));
#4387=CARTESIAN_POINT('Ctrl Pts',(0.216576270210255,-0.624694196777338,
-2.12878380765208));
#4388=CARTESIAN_POINT('Ctrl Pts',(-0.408186463477585,-0.520126841586868,
-2.17648814821176));
#4389=CARTESIAN_POINT('Ctrl Pts',(-0.658270597939855,0.061870349872759,
-2.22419248877145));
#4390=CARTESIAN_POINT('Ctrl Pts',(-0.304121305731838,0.587076103844664,
-2.27189682933113));
#4391=CARTESIAN_POINT('Ctrl Pts',(0.329184095317875,0.573398597569981,-2.31960116989081));
#4392=CARTESIAN_POINT('Ctrl Pts',(0.555528813144404,0.204291643966765,-2.35220821957411));
#4393=CARTESIAN_POINT('Ctrl Pts',(0.559996108676767,0.00954838405776308,
-2.36891382240417));
#4394=CARTESIAN_POINT('Ctrl Pts',(0.559958236674588,0.000172272899133458,
-2.369717978381));
#4395=CARTESIAN_POINT('Origin',(0.,0.,0.569717978381013));
#4396=CARTESIAN_POINT('',(0.559156049826711,0.000512078830094726,-1.68028202161899));
#4397=CARTESIAN_POINT('',(0.55818663360741,8.27353534651326E-5,-1.769717978381));
#4398=CARTESIAN_POINT('',(0.5591,1.31221600778351E-13,0.569717978381013));
#4399=CARTESIAN_POINT('Ctrl Pts',(0.559156049826711,0.000512078830094773,
-1.680282021619));
#4400=CARTESIAN_POINT('Ctrl Pts',(0.557814871815128,-0.144116646831318,
-1.69264010112888));
#4401=CARTESIAN_POINT('Ctrl Pts',(0.426647102654397,-0.477000351693745,
-1.72089962749198));
#4402=CARTESIAN_POINT('Ctrl Pts',(-0.134464739770917,-0.647354114828293,
-1.76506060070832));
#4403=CARTESIAN_POINT('Ctrl Pts',(-0.617172226772295,-0.237163569562361,
-1.81276494126801));
#4404=CARTESIAN_POINT('Ctrl Pts',(-0.5333709093467,0.390721882276031,-1.86046928182769));
#4405=CARTESIAN_POINT('Ctrl Pts',(0.040017111859119,0.659959655573835,-1.90817362238737));
#4406=CARTESIAN_POINT('Ctrl Pts',(0.489299872610978,0.378206781694077,-1.94811120231781));
#4407=CARTESIAN_POINT('Ctrl Pts',(0.558123303131521,0.095587836138895,-1.97214733539502));
#4408=CARTESIAN_POINT('Ctrl Pts',(0.558177614694267,-3.57032816643635E-5,
-1.980282021619));
#4409=CARTESIAN_POINT('Ctrl Pts',(0.55818663360741,8.27353534651673E-5,
-1.76971797838101));
#4410=CARTESIAN_POINT('Ctrl Pts',(0.558056889315517,-0.0984026640758367,
-1.77809646016543));
#4411=CARTESIAN_POINT('Ctrl Pts',(0.486217909045029,-0.38397955188602,-1.80237638880309));
#4412=CARTESIAN_POINT('Ctrl Pts',(0.0299034668200901,-0.660495195272173,
-1.84255776429397));
#4413=CARTESIAN_POINT('Ctrl Pts',(-0.53929322996387,-0.38250612076227,-1.89026210485366));
#4414=CARTESIAN_POINT('Ctrl Pts',(-0.613467063291721,0.24658929936577,-1.93796644541334));
#4415=CARTESIAN_POINT('Ctrl Pts',(-0.124533100278374,0.649337837524141,
-1.98567078597302));
#4416=CARTESIAN_POINT('Ctrl Pts',(0.430820605087637,0.471397008611945,-2.02958796362891));
#4417=CARTESIAN_POINT('Ctrl Pts',(0.557764796060625,0.141316577564829,-2.05760369443157));
#4418=CARTESIAN_POINT('Ctrl Pts',(0.559069064100756,-0.000515385634896099,
-2.06971797838101));
#4419=CARTESIAN_POINT('Origin',(0.,0.,0.569717978381013));
#4420=CARTESIAN_POINT('',(0.55991650774417,-0.000221008433807631,-1.38028202161899));
#4421=CARTESIAN_POINT('',(0.559373612068112,0.000482873487132537,-1.469717978381));
#4422=CARTESIAN_POINT('',(0.5591,1.31221600778351E-13,0.569717978381013));
#4423=CARTESIAN_POINT('Ctrl Pts',(0.55991650774417,-0.000221008433807632,
-1.38028202161899));
#4424=CARTESIAN_POINT('Ctrl Pts',(0.559977863071733,-0.0124420931996022,
-1.38132997315628));
#4425=CARTESIAN_POINT('Ctrl Pts',(0.554068794990859,-0.21004352005684,-1.39827937154679));
#4426=CARTESIAN_POINT('Ctrl Pts',(0.320362424925823,-0.578373610146562,
-1.43113021679053));
#4427=CARTESIAN_POINT('Ctrl Pts',(-0.313078179229936,-0.582348838688639,
-1.47883455735022));
#4428=CARTESIAN_POINT('Ctrl Pts',(-0.659141067222524,-0.0517800128112091,
-1.5265388979099));
#4429=CARTESIAN_POINT('Ctrl Pts',(-0.400171515740186,0.526318225236207,
-1.57424323846958));
#4430=CARTESIAN_POINT('Ctrl Pts',(0.226119631099281,0.621303491587643,-1.62194757902927));
#4431=CARTESIAN_POINT('Ctrl Pts',(0.536377911062075,0.269121037732146,-1.65729384007907));
#4432=CARTESIAN_POINT('Ctrl Pts',(0.559540598766056,0.0419807150375957,
-1.67673865427565));
#4433=CARTESIAN_POINT('Ctrl Pts',(0.559156049826711,0.000512078830094773,
-1.680282021619));
#4434=CARTESIAN_POINT('Ctrl Pts',(0.559373612068112,0.000482873487132555,
-1.469717978381));
#4435=CARTESIAN_POINT('Ctrl Pts',(0.557990621907291,-0.151153227016458,
-1.48268777904606));
#4436=CARTESIAN_POINT('Ctrl Pts',(0.415860232994681,-0.490983110509697,
-1.51155902656435));
#4437=CARTESIAN_POINT('Ctrl Pts',(-0.159240731885571,-0.641709053711122,
-1.55633172093587));
#4438=CARTESIAN_POINT('Ctrl Pts',(-0.625829687254445,-0.21327288354667,
-1.60403606149555));
#4439=CARTESIAN_POINT('Ctrl Pts',(-0.517963065197916,0.410928684075616,
-1.65174040205524));
#4440=CARTESIAN_POINT('Ctrl Pts',(0.0653472402810312,0.657934539671876,
-1.69944474261492));
#4441=CARTESIAN_POINT('Ctrl Pts',(0.496760796225969,0.363702401796154,-1.73877060139018));
#4442=CARTESIAN_POINT('Ctrl Pts',(0.558303129865433,0.0885119088906726,
-1.7621950133122));
#4443=CARTESIAN_POINT('Ctrl Pts',(0.55818663360741,8.27353534651673E-5,
-1.76971797838101));
#4444=CARTESIAN_POINT('Origin',(0.,0.,0.569717978381013));
#4445=CARTESIAN_POINT('',(0.558484134512982,-0.000395486090642139,-1.08028202161899));
#4446=CARTESIAN_POINT('',(0.559775905353914,-0.000330996053386143,-1.169717978381));
#4447=CARTESIAN_POINT('',(0.5591,1.31221600778351E-13,0.569717978381013));
#4448=CARTESIAN_POINT('Ctrl Pts',(0.558484134512982,-0.000395486090642144,
-1.08028202161899));
#4449=CARTESIAN_POINT('Ctrl Pts',(0.558914948459369,-0.0665943201807945,
-1.08592129203691));
#4450=CARTESIAN_POINT('Ctrl Pts',(0.517375628836583,-0.318935597937945,
-1.10746200930805));
#4451=CARTESIAN_POINT('Ctrl Pts',(0.142578917623885,-0.645615495493004,
-1.14490417343242));
#4452=CARTESIAN_POINT('Ctrl Pts',(-0.465817028652157,-0.469214889207177,
-1.19260851399211));
#4453=CARTESIAN_POINT('Ctrl Pts',(-0.646634680568608,0.137882943542183,
-1.24031285455179));
#4454=CARTESIAN_POINT('Ctrl Pts',(-0.233899635418698,0.61841658832471,-1.28801719511148));
#4455=CARTESIAN_POINT('Ctrl Pts',(0.379751077238664,0.533212979080369,-1.33467358413388));
#4456=CARTESIAN_POINT('Ctrl Pts',(0.559046867271171,0.172998667158233,-1.36542852630305));
#4457=CARTESIAN_POINT('Ctrl Pts',(0.55991650774417,-0.000221008433807632,
-1.38028202161899));
#4458=CARTESIAN_POINT('Ctrl Pts',(0.559775905353915,-0.000330996053386084,
-1.169717978381));
#4459=CARTESIAN_POINT('Ctrl Pts',(0.559911607110452,-0.0196987421849676,
-1.17137765107347));
#4460=CARTESIAN_POINT('Ctrl Pts',(0.55020065764528,-0.224492655924079,-1.18893877061916));
#4461=CARTESIAN_POINT('Ctrl Pts',(0.297901172263937,-0.590256733808924,
-1.22240133701807));
#4462=CARTESIAN_POINT('Ctrl Pts',(-0.335224356229104,-0.56988836742814,
-1.27010567757776));
#4463=CARTESIAN_POINT('Ctrl Pts',(-0.660643962408519,-0.0264135426783374,
-1.31781001813744));
#4464=CARTESIAN_POINT('Ctrl Pts',(-0.379651605995882,0.541306547495851,
-1.36551435869713));
#4465=CARTESIAN_POINT('Ctrl Pts',(0.249826907250498,0.612155729144466,-1.41321869925681));
#4466=CARTESIAN_POINT('Ctrl Pts',(0.541191723986799,0.254608244615138,-1.44795323915144));
#4467=CARTESIAN_POINT('Ctrl Pts',(0.559686218093289,0.0347581416666789,
-1.46678633219284));
#4468=CARTESIAN_POINT('Ctrl Pts',(0.559373612068112,0.000482873487132555,
-1.469717978381));
#4469=CARTESIAN_POINT('Origin',(0.,0.,0.569717978381013));
#4470=CARTESIAN_POINT('',(0.558476156754502,0.000391491615814828,-0.780282021618995));
#4471=CARTESIAN_POINT('',(0.558346152759729,-0.000308608217207892,-0.869717978381004));
#4472=CARTESIAN_POINT('',(0.5591,1.31221600778351E-13,0.569717978381013));
#4473=CARTESIAN_POINT('Ctrl Pts',(0.558476156754502,0.000391491615814796,
-0.780282021618995));
#4474=CARTESIAN_POINT('Ctrl Pts',(0.557703212367464,-0.119708693707759,
-0.790512610917541));
#4475=CARTESIAN_POINT('Ctrl Pts',(0.460716766966511,-0.427619462885926,
-0.816644647069316));
#4476=CARTESIAN_POINT('Ctrl Pts',(-0.0469881328605114,-0.659499968980988,
-0.858678130074318));
#4477=CARTESIAN_POINT('Ctrl Pts',(-0.580058068137977,-0.317302318149056,
-0.906382470634003));
#4478=CARTESIAN_POINT('Ctrl Pts',(-0.580686666182565,0.316150461101472,
-0.954086811193687));
#4479=CARTESIAN_POINT('Ctrl Pts',(-0.0482969378550826,0.659405428233623,
-1.00179115175337));
#4480=CARTESIAN_POINT('Ctrl Pts',(0.460249050326733,0.428359474373632,-1.04385622189514));
#4481=CARTESIAN_POINT('Ctrl Pts',(0.557700152117923,0.120071181563197,-1.07001984518368));
#4482=CARTESIAN_POINT('Ctrl Pts',(0.558484134512982,-0.000395486090642144,
-1.08028202161899));
#4483=CARTESIAN_POINT('Ctrl Pts',(0.558346152759729,-0.000308608217207771,
-0.869717978381004));
#4484=CARTESIAN_POINT('Ctrl Pts',(0.558713191385084,-0.073733855793832,
-0.875968969954098));
#4485=CARTESIAN_POINT('Ctrl Pts',(0.511061971190604,-0.333482803564609,
-0.89812140838042));
#4486=CARTESIAN_POINT('Ctrl Pts',(0.117665123054669,-0.650617426669963,
-0.936175293659969));
#4487=CARTESIAN_POINT('Ctrl Pts',(-0.483503102517495,-0.450968814245096,
-0.983879634219653));
#4488=CARTESIAN_POINT('Ctrl Pts',(-0.640858802496004,0.162628766676141,
-1.03158397477934));
#4489=CARTESIAN_POINT('Ctrl Pts',(-0.209963544018262,0.626947709170195,
-1.07928831533902));
#4490=CARTESIAN_POINT('Ctrl Pts',(0.391963085678223,0.519652278245795,-1.12533298320624));
#4491=CARTESIAN_POINT('Ctrl Pts',(0.558611438541508,0.165865066376123,-1.15547620422024));
#4492=CARTESIAN_POINT('Ctrl Pts',(0.559775905353915,-0.000330996053386084,
-1.169717978381));
#4493=CARTESIAN_POINT('Origin',(0.,0.,0.569717978381013));
#4494=CARTESIAN_POINT('',(0.559910581390789,0.000227982636329468,-0.480282021618994));
#4495=CARTESIAN_POINT('',(0.558645274498626,0.000458704087322216,-0.569717978381004));
#4496=CARTESIAN_POINT('',(0.5591,1.31221600778351E-13,0.569717978381013));
#4497=CARTESIAN_POINT('Ctrl Pts',(0.559910581390788,0.000227982636329511,
-0.480282021618994));
#4498=CARTESIAN_POINT('Ctrl Pts',(0.559022236365784,-0.172627946351254,
-0.495103929798172));
#4499=CARTESIAN_POINT('Ctrl Pts',(0.38039302317297,-0.532518180287272,-0.525827284830578));
#4500=CARTESIAN_POINT('Ctrl Pts',(-0.232671694265996,-0.618878805922098,
-0.572452086716213));
#4501=CARTESIAN_POINT('Ctrl Pts',(-0.646359819026607,-0.139166444510166,
-0.620156427275896));
#4502=CARTESIAN_POINT('Ctrl Pts',(-0.466747316863795,0.468289685849806,
-0.667860767835581));
#4503=CARTESIAN_POINT('Ctrl Pts',(0.141297280376089,0.645897082724875,-0.715565108395266));
#4504=CARTESIAN_POINT('Ctrl Pts',(0.51705836355971,0.319686848658408,-0.753038859656403));
#4505=CARTESIAN_POINT('Ctrl Pts',(0.558904602994369,0.0669635162945506,
-0.774611164064313));
#4506=CARTESIAN_POINT('Ctrl Pts',(0.558476156754502,0.000391491615814796,
-0.780282021618995));
#4507=CARTESIAN_POINT('Ctrl Pts',(0.558645274498626,0.00045870408732226,
-0.569717978381004));
#4508=CARTESIAN_POINT('Ctrl Pts',(0.557666372520756,-0.126725753362568,
-0.580560288834729));
#4509=CARTESIAN_POINT('Ctrl Pts',(0.451457687323275,-0.441919167050855,
-0.607304046141683));
#4510=CARTESIAN_POINT('Ctrl Pts',(-0.0722954462596418,-0.657207224157528,
-0.649949250301863));
#4511=CARTESIAN_POINT('Ctrl Pts',(-0.591822361157589,-0.294778650725807,
-0.697653590861548));
#4512=CARTESIAN_POINT('Ctrl Pts',(-0.568109365927628,0.33823052588051,-0.745357931421232));
#4513=CARTESIAN_POINT('Ctrl Pts',(-0.0229228821807114,0.660774272557648,
-0.793062271980916));
#4514=CARTESIAN_POINT('Ctrl Pts',(0.46910848514886,0.41399915805807,-0.834515620967507));
#4515=CARTESIAN_POINT('Ctrl Pts',(0.557779508284422,0.113047338577062,-0.86006752310087));
#4516=CARTESIAN_POINT('Ctrl Pts',(0.558346152759729,-0.000308608217207771,
-0.869717978381004));
#4517=CARTESIAN_POINT('Origin',(0.,0.,0.569717978381013));
#4518=CARTESIAN_POINT('',(0.559167829018826,-0.00050803554833366,-0.180282021618995));
#4519=CARTESIAN_POINT('',(0.56000009694957,0.000107162016262012,-0.269717978381004));
#4520=CARTESIAN_POINT('',(0.5591,1.31221600778351E-13,0.569717978381013));
#4521=CARTESIAN_POINT('Ctrl Pts',(0.559167829018826,-0.00050803554833361,
-0.180282021618994));
#4522=CARTESIAN_POINT('Ctrl Pts',(0.559551155511723,-0.0415920062561415,
-0.183793801825575));
#4523=CARTESIAN_POINT('Ctrl Pts',(0.536646697062441,-0.268293172378427,
-0.203207028885385));
#4524=CARTESIAN_POINT('Ctrl Pts',(0.227341477190738,-0.620921753146137,
-0.238521702798422));
#4525=CARTESIAN_POINT('Ctrl Pts',(-0.399120459231337,-0.527075372335783,
-0.286226043358106));
#4526=CARTESIAN_POINT('Ctrl Pts',(-0.65924554271032,0.0504527103996063,
-0.33393038391779));
#4527=CARTESIAN_POINT('Ctrl Pts',(-0.314231749591157,0.581736372456469,
-0.381634724477475));
#4528=CARTESIAN_POINT('Ctrl Pts',(0.319213071162443,0.57900298697383,-0.429339065037159));
#4529=CARTESIAN_POINT('Ctrl Pts',(0.553876298373292,0.210789321383364,-0.462221497417666));
#4530=CARTESIAN_POINT('Ctrl Pts',(0.559975283101176,0.0128177691958712,
-0.479202482944944));
#4531=CARTESIAN_POINT('Ctrl Pts',(0.559910581390788,0.000227982636329511,
-0.480282021618994));
#4532=CARTESIAN_POINT('Ctrl Pts',(0.56000009694957,0.000107162016262013,
-0.269717978381004));
#4533=CARTESIAN_POINT('Ctrl Pts',(0.559550173514664,-0.179803102607064,
-0.28515160771536));
#4534=CARTESIAN_POINT('Ctrl Pts',(0.367730313500828,-0.545927322978243,
-0.316486683902944));
#4535=CARTESIAN_POINT('Ctrl Pts',(-0.256280840007262,-0.609476480339659,
-0.363723206943757));
#4536=CARTESIAN_POINT('Ctrl Pts',(-0.651230137975604,-0.114228988361469,
-0.411427547503441));
#4537=CARTESIAN_POINT('Ctrl Pts',(-0.448408015119108,0.485880391614243,
-0.459131888063125));
#4538=CARTESIAN_POINT('Ctrl Pts',(0.166012220560817,0.639989875442754,-0.50683622862281));
#4539=CARTESIAN_POINT('Ctrl Pts',(0.523036046106509,0.305139145828912,-0.543698258728769));
#4540=CARTESIAN_POINT('Ctrl Pts',(0.559102040484892,0.0598043132065261,
-0.564658841981501));
#4541=CARTESIAN_POINT('Ctrl Pts',(0.558645274498626,0.00045870408732226,
-0.569717978381004));
#4542=CARTESIAN_POINT('Ctrl Pts',(0.412866408158744,0.377006815606956,0.0656158580934027));
#4543=CARTESIAN_POINT('Ctrl Pts',(0.538424427809597,0.239506148661941,0.0497144112401746));
#4544=CARTESIAN_POINT('Ctrl Pts',(0.639167115190336,-0.168416145476294,
0.0179115175337183));
#4545=CARTESIAN_POINT('Ctrl Pts',(0.203301357172782,-0.629610618564473,
-0.0297928230259661));
#4546=CARTESIAN_POINT('Ctrl Pts',(-0.419073342668216,-0.511136412627156,
-0.0774971635856504));
#4547=CARTESIAN_POINT('Ctrl Pts',(-0.656822915474251,0.0756357358741741,
-0.125201504145335));
#4548=CARTESIAN_POINT('Ctrl Pts',(-0.291644256200158,0.593440474362061,
-0.172905844705019));
#4549=CARTESIAN_POINT('Ctrl Pts',(0.341225332053343,0.566278087190195,-0.220610185264704));
#4550=CARTESIAN_POINT('Ctrl Pts',(0.660887153987157,0.0194508070590054,
-0.268314525824388));
#4551=CARTESIAN_POINT('Ctrl Pts',(0.373910348160247,-0.545297949620311,
-0.316018866384072));
#4552=CARTESIAN_POINT('Ctrl Pts',(-0.256280840007262,-0.609476480339659,
-0.363723206943757));
#4553=CARTESIAN_POINT('Ctrl Pts',(-0.651230137975604,-0.114228988361469,
-0.411427547503441));
#4554=CARTESIAN_POINT('Ctrl Pts',(-0.448408015119108,0.485880391614243,
-0.459131888063125));
#4555=CARTESIAN_POINT('Ctrl Pts',(0.166012220560817,0.639989875442754,-0.50683622862281));
#4556=CARTESIAN_POINT('Ctrl Pts',(0.628048253649496,0.206648760039156,-0.554540569182494));
#4557=CARTESIAN_POINT('Ctrl Pts',(0.513592189775425,-0.416378859118558,
-0.602244909742179));
#4558=CARTESIAN_POINT('Ctrl Pts',(-0.0722954462596418,-0.657207224157528,
-0.649949250301863));
#4559=CARTESIAN_POINT('Ctrl Pts',(-0.591822361157589,-0.294778650725807,
-0.697653590861548));
#4560=CARTESIAN_POINT('Ctrl Pts',(-0.568109365927628,0.33823052588051,-0.745357931421232));
#4561=CARTESIAN_POINT('Ctrl Pts',(-0.0229228821807114,0.660774272557648,
-0.793062271980916));
#4562=CARTESIAN_POINT('Ctrl Pts',(0.543304756525383,0.376786503377623,-0.840766612540601));
#4563=CARTESIAN_POINT('Ctrl Pts',(0.610827308222352,-0.253057546706401,
-0.888470953100285));
#4564=CARTESIAN_POINT('Ctrl Pts',(0.117665123054669,-0.650617426669963,
-0.936175293659969));
#4565=CARTESIAN_POINT('Ctrl Pts',(-0.483503102517495,-0.450968814245096,
-0.983879634219653));
#4566=CARTESIAN_POINT('Ctrl Pts',(-0.640858802496004,0.162628766676141,
-1.03158397477934));
#4567=CARTESIAN_POINT('Ctrl Pts',(-0.209963544018262,0.626947709170195,
-1.07928831533902));
#4568=CARTESIAN_POINT('Ctrl Pts',(0.413659434820191,0.515784831590632,-1.12699265589871));
#4569=CARTESIAN_POINT('Ctrl Pts',(0.657580117093872,-0.0688223068164566,
-1.17469699645839));
#4570=CARTESIAN_POINT('Ctrl Pts',(0.297901172263937,-0.590256733808924,
-1.22240133701807));
#4571=CARTESIAN_POINT('Ctrl Pts',(-0.335224356229104,-0.56988836742814,
-1.27010567757776));
#4572=CARTESIAN_POINT('Ctrl Pts',(-0.660643962408519,-0.0264135426783374,
-1.31781001813744));
#4573=CARTESIAN_POINT('Ctrl Pts',(-0.379651605995882,0.541306547495851,
-1.36551435869713));
#4574=CARTESIAN_POINT('Ctrl Pts',(0.249826907250498,0.612155729144466,-1.41321869925681));
#4575=CARTESIAN_POINT('Ctrl Pts',(0.649986704583794,0.12110080168637,-1.4609230398165));
#4576=CARTESIAN_POINT('Ctrl Pts',(0.453516947096214,-0.481113810860718,
-1.50862738037618));
#4577=CARTESIAN_POINT('Ctrl Pts',(-0.159240731885571,-0.641709053711122,
-1.55633172093587));
#4578=CARTESIAN_POINT('Ctrl Pts',(-0.625829687254445,-0.21327288354667,
-1.60403606149555));
#4579=CARTESIAN_POINT('Ctrl Pts',(-0.517963065197916,0.410928684075616,
-1.65174040205524));
#4580=CARTESIAN_POINT('Ctrl Pts',(0.0653472402810312,0.657934539671876,
-1.69944474261492));
#4581=CARTESIAN_POINT('Ctrl Pts',(0.588674634413125,0.301015439976109,-1.74714908317461));
#4582=CARTESIAN_POINT('Ctrl Pts',(0.57165146046803,-0.332208862088633,-1.79485342373429));
#4583=CARTESIAN_POINT('Ctrl Pts',(0.0299034668200901,-0.660495195272173,
-1.84255776429397));
#4584=CARTESIAN_POINT('Ctrl Pts',(-0.53929322996387,-0.38250612076227,-1.89026210485366));
#4585=CARTESIAN_POINT('Ctrl Pts',(-0.613467063291721,0.24658929936577,-1.93796644541334));
#4586=CARTESIAN_POINT('Ctrl Pts',(-0.124533100278374,0.649337837524141,
-1.98567078597302));
#4587=CARTESIAN_POINT('Ctrl Pts',(0.478711090399051,0.456052422682327,-2.03337512653271));
#4588=CARTESIAN_POINT('Ctrl Pts',(0.642541393471378,-0.155848253058323,
-2.0810794670924));
#4589=CARTESIAN_POINT('Ctrl Pts',(0.216576270210255,-0.624694196777338,
-2.12878380765208));
#4590=CARTESIAN_POINT('Ctrl Pts',(-0.408186463477585,-0.520126841586868,
-2.17648814821176));
#4591=CARTESIAN_POINT('Ctrl Pts',(-0.658270597939855,0.061870349872759,
-2.22419248877145));
#4592=CARTESIAN_POINT('Ctrl Pts',(-0.304121305731838,0.587076103844664,
-2.27189682933113));
#4593=CARTESIAN_POINT('Ctrl Pts',(0.329184095317875,0.573398597569981,-2.31960116989081));
#4594=CARTESIAN_POINT('Ctrl Pts',(0.660327992357276,0.0333925562795189,
-2.3673055104505));
#4595=CARTESIAN_POINT('Ctrl Pts',(0.385349958997465,-0.537264859641984,
-2.41500985101019));
#4596=CARTESIAN_POINT('Ctrl Pts',(-0.243344808667352,-0.614761274317209,
-2.46271419156987));
#4597=CARTESIAN_POINT('Ctrl Pts',(-0.648670846111393,-0.127961922893495,
-2.51041853212955));
#4598=CARTESIAN_POINT('Ctrl Pts',(-0.458575168908516,0.476295008126261,
-2.55812287268924));
#4599=CARTESIAN_POINT('Ctrl Pts',(0.152451424186206,0.643355798581988,-2.60582721324892));
#4600=CARTESIAN_POINT('Ctrl Pts',(0.623541269801874,0.219873611784901,-2.65353155380861));
#4601=CARTESIAN_POINT('Ctrl Pts',(0.522276100167186,-0.40543284955665,-2.70123589436829));
#4602=CARTESIAN_POINT('Ctrl Pts',(-0.0583917325359267,-0.658588282523249,
-2.74894023492797));
#4603=CARTESIAN_POINT('Ctrl Pts',(-0.585461186776112,-0.307218682837123,
-2.79664457548766));
#4604=CARTESIAN_POINT('Ctrl Pts',(-0.575129729939144,0.326150140342753,
-2.84434891604735));
#4605=CARTESIAN_POINT('Ctrl Pts',(-0.0368807136841025,0.660142358331611,
-2.89205325660703));
#4606=CARTESIAN_POINT('Ctrl Pts',(0.535221493154162,0.388183041323677,-2.93975759716672));
#4607=CARTESIAN_POINT('Ctrl Pts',(0.61603832609263,-0.24009352571542,-2.9874619377264));
#4608=CARTESIAN_POINT('Ctrl Pts',(0.131387173828474,-0.647985748962764,
-3.03516627828608));
#4609=CARTESIAN_POINT('Ctrl Pts',(-0.47386563148134,-0.461085115359691,
-3.08287061884576));
#4610=CARTESIAN_POINT('Ctrl Pts',(-0.644152246310616,0.149050340081656,
-3.13057495940545));
#4611=CARTESIAN_POINT('Ctrl Pts',(-0.223164816235358,0.622370938508627,
-3.17827929996513));
#4612=CARTESIAN_POINT('Ctrl Pts',(0.402667919172001,0.524410780948638,-3.22598364052482));
#4613=CARTESIAN_POINT('Ctrl Pts',(0.658887584554742,-0.0549114853658818,
-3.27368798108451));
#4614=CARTESIAN_POINT('Ctrl Pts',(0.310307484837853,-0.583829928283123,
-3.32139232164419));
#4615=CARTESIAN_POINT('Ctrl Pts',(-0.323107081847201,-0.576844809256056,
-3.36909666220387));
#4616=CARTESIAN_POINT('Ctrl Pts',(-0.659938298376596,-0.0403678416722072,
-3.41680100276356));
#4617=CARTESIAN_POINT('Ctrl Pts',(-0.391005288663762,0.533163187534961,
-3.46450534332324));
#4618=CARTESIAN_POINT('Ctrl Pts',(0.236835541259957,0.617298182972842,-3.51220968388293));
#4619=CARTESIAN_POINT('Ctrl Pts',(0.647282565200727,0.134808757477529,-3.55991402444261));
#4620=CARTESIAN_POINT('Ctrl Pts',(0.46358219197809,-0.471423028273186,-3.60761836500229));
#4621=CARTESIAN_POINT('Ctrl Pts',(-0.145645095675924,-0.644930714426767,
-3.65532270556198));
#4622=CARTESIAN_POINT('Ctrl Pts',(-0.621183235563951,-0.226449791697344,
-3.70302704612166));
#4623=CARTESIAN_POINT('Ctrl Pts',(-0.526530824347897,0.399891749498531,
-3.75073138668135));
#4624=CARTESIAN_POINT('Ctrl Pts',(0.0514297055034801,0.659168495680198,
-3.79843572724103));
#4625=CARTESIAN_POINT('Ctrl Pts',(0.582182373897474,0.313387625519212,-3.84614006780072));
#4626=CARTESIAN_POINT('Ctrl Pts',(0.578543787649332,-0.320055004769238,
-3.8938444083604));
#4627=CARTESIAN_POINT('Ctrl Pts',(0.0438538429109181,-0.659715818187963,
-3.94154874892008));
#4628=CARTESIAN_POINT('Ctrl Pts',(-0.531090000235917,-0.393816622242996,
-3.98925308947977));
#4629=CARTESIAN_POINT('Ctrl Pts',(-0.618540809792655,0.233570946238009,
-4.03695743003945));
#4630=CARTESIAN_POINT('Ctrl Pts',(-0.138226578337218,0.646561314452585,
-4.08466177059914));
#4631=CARTESIAN_POINT('Ctrl Pts',(0.468967266679866,0.466066329065171,-4.13236611115882));
#4632=CARTESIAN_POINT('Ctrl Pts',(0.6456911812018,-0.142235786016373,-4.18007045171851));
#4633=CARTESIAN_POINT('Ctrl Pts',(0.229728446480447,-0.619978194119075,
-4.22777479227819));
#4634=CARTESIAN_POINT('Ctrl Pts',(-0.397104418024833,-0.528636171190194,
-4.27547913283788));
#4635=CARTESIAN_POINT('Ctrl Pts',(-0.659431008058811,0.0479464901323441,
-4.32318347339756));
#4636=CARTESIAN_POINT('Ctrl Pts',(-0.316459018908152,0.580518569605796,
-4.37088781395725));
#4637=CARTESIAN_POINT('Ctrl Pts',(0.316993994298602,0.580226617696988,-4.41859215451693));
#4638=CARTESIAN_POINT('Ctrl Pts',(0.659474923975593,0.0473386200987873,
-4.46629649507661));
#4639=CARTESIAN_POINT('Ctrl Pts',(0.396616963591285,-0.529001989123953,
-4.5140008356363));
#4640=CARTESIAN_POINT('Ctrl Pts',(-0.230299831771126,-0.619766171867794,
-4.56170517619598));
#4641=CARTESIAN_POINT('Ctrl Pts',(-0.645822016849926,-0.141640541009151,
-4.60940951675567));
#4642=CARTESIAN_POINT('Ctrl Pts',(-0.46853745728357,0.466498415246736,-4.65711385731535));
#4643=CARTESIAN_POINT('Ctrl Pts',(0.138822506263838,0.64643362540952,-4.70481819787503));
#4644=CARTESIAN_POINT('Ctrl Pts',(0.618755847809182,0.233000689070679,-4.75252253843472));
#4645=CARTESIAN_POINT('Ctrl Pts',(0.530726762710978,-0.394306002551058,
-4.8002268789944));
#4646=CARTESIAN_POINT('Ctrl Pts',(-0.0444619364761725,-0.659675114363318,
-4.84793121955409));
#4647=CARTESIAN_POINT('Ctrl Pts',(-0.578838561848281,-0.319521579275775,
-4.89563556011377));
#4648=CARTESIAN_POINT('Ctrl Pts',(-0.581893252427787,0.313924135874387,
-4.94333990067346));
#4649=CARTESIAN_POINT('Ctrl Pts',(-0.05082207596852,0.659215622463332,-4.99104424123314));
#4650=CARTESIAN_POINT('Ctrl Pts',(0.526899212479742,0.399406234545354,-5.03874858179283));
#4651=CARTESIAN_POINT('Ctrl Pts',(0.620974234995894,-0.227022289162836,
-5.08645292235251));
#4652=CARTESIAN_POINT('Ctrl Pts',(0.145050550202609,-0.645064693028063,
-5.1341572629122));
#4653=CARTESIAN_POINT('Ctrl Pts',(-0.464016542884509,-0.470995507659022,
-5.18186160347188));
#4654=CARTESIAN_POINT('Ctrl Pts',(-0.647158026326789,0.135405351689972,
-5.22956594403156));
#4655=CARTESIAN_POINT('Ctrl Pts',(-0.236266428133025,0.617516230752465,
-5.27727028459125));
#4656=CARTESIAN_POINT('Ctrl Pts',(0.391496581186729,0.532802540557545,-5.32497462515093));
#4657=CARTESIAN_POINT('Ctrl Pts',(0.659900807780217,-0.0409761417960172,
-5.37267896571062));
#4658=CARTESIAN_POINT('Ctrl Pts',(0.322575221139724,-0.577142397517394,
-5.4203833062703));
#4659=CARTESIAN_POINT('Ctrl Pts',(-0.310845515182644,-0.583543645322531,
-5.46808764682999));
#4660=CARTESIAN_POINT('Ctrl Pts',(-0.658937920888826,-0.0543041132897077,
-5.51579198738967));
#4661=CARTESIAN_POINT('Ctrl Pts',(-0.402184357250913,0.524781728996101,
-5.56349632794935));
#4662=CARTESIAN_POINT('Ctrl Pts',(0.223738409896086,0.62216496545743,-5.61120066850904));
#4663=CARTESIAN_POINT('Ctrl Pts',(0.644289364125467,0.148456510737229,-5.65890500906873));
#4664=CARTESIAN_POINT('Ctrl Pts',(0.47344041158228,-0.461521718867343,-5.7066093496284));
#4665=CARTESIAN_POINT('Ctrl Pts',(-0.131984417674582,-0.647864363734087,
-5.7543136901881));
#4666=CARTESIAN_POINT('Ctrl Pts',(-0.61625937754919,-0.239525572513994,
-5.80201803074777));
#4667=CARTESIAN_POINT('Ctrl Pts',(-0.53486344679066,0.388676232348572,-5.84972237130746));
#4668=CARTESIAN_POINT('Ctrl Pts',(0.0374892033875706,0.660108082009937,
-5.89742671186714));
#4669=CARTESIAN_POINT('Ctrl Pts',(0.575430123956578,0.325619859266581,-5.94513105242684));
#4670=CARTESIAN_POINT('Ctrl Pts',(0.585177750315352,-0.307758218154008,
-5.99283539298651));
#4671=CARTESIAN_POINT('Ctrl Pts',(0.0577846348715344,-0.658641827003292,
-6.04053973354619));
#4672=CARTESIAN_POINT('Ctrl Pts',(-0.522649597776355,-0.404951254164852,
-6.08824407410589));
#4673=CARTESIAN_POINT('Ctrl Pts',(-0.623338330016659,0.220448285630688,
-6.13594841466556));
#4674=CARTESIAN_POINT('Ctrl Pts',(-0.151858327545669,0.643496051783151,
-6.18365275522526));
#4675=CARTESIAN_POINT('Ctrl Pts',(0.459014012830903,0.475872100811072,-6.23135709578493));
#4676=CARTESIAN_POINT('Ctrl Pts',(0.648552617916082,-0.128559799702953,
-6.27906143634462));
#4677=CARTESIAN_POINT('Ctrl Pts',(0.242778031244186,-0.614985323280702,
-6.32676577690431));
#4678=CARTESIAN_POINT('Ctrl Pts',(-0.385845034758312,-0.536909423886215,
-6.37447011746399));
#4679=CARTESIAN_POINT('Ctrl Pts',(-0.660296931267023,0.0340012185784397,
-6.42217445802367));
#4680=CARTESIAN_POINT('Ctrl Pts',(-0.328655408674253,0.573701788958889,
-6.46987879858336));
#4681=CARTESIAN_POINT('Ctrl Pts',(0.304662330961274,0.586795521795041,-6.51758313914304));
#4682=CARTESIAN_POINT('Ctrl Pts',(0.658327349071315,0.0612635435654966,
-6.56528747970273));
#4683=CARTESIAN_POINT('Ctrl Pts',(0.407706848057402,-0.520502878332646,
-6.6129918202624));
#4684=CARTESIAN_POINT('Ctrl Pts',(-0.217152008200773,-0.624494295922584,
-6.6606961608221));
#4685=CARTESIAN_POINT('Ctrl Pts',(-0.642684778144094,-0.15525590567622,
-6.70840050138177));
#4686=CARTESIAN_POINT('Ctrl Pts',(-0.478290507471946,0.456493494770406,
-6.75610484194147));
#4687=CARTESIAN_POINT('Ctrl Pts',(0.125131593363217,0.649222769662196,-6.80380918250115));
#4688=CARTESIAN_POINT('Ctrl Pts',(0.613694103508475,0.246023713540783,-6.85151352306084));
#4689=CARTESIAN_POINT('Ctrl Pts',(0.538940414736776,-0.383003067440487,
-6.89921786362052));
#4690=CARTESIAN_POINT('Ctrl Pts',(-0.0305122847254494,-0.660467350280318,
-6.9469222041802));
#4691=CARTESIAN_POINT('Ctrl Pts',(-0.571957440765716,-0.331681784634309,
-6.99462654473988));
#4692=CARTESIAN_POINT('Ctrl Pts',(-0.588396914606261,0.301557940017011,
-7.04233088529957));
#4693=CARTESIAN_POINT('Ctrl Pts',(-0.0647407422681056,0.657994495870631,
-7.09003522585925));
#4694=CARTESIAN_POINT('Ctrl Pts',(0.518341630584335,0.410451062014266,-7.13773956641895));
#4695=CARTESIAN_POINT('Ctrl Pts',(0.625632830909808,-0.213849669612209,
-7.18544390697861));
#4696=CARTESIAN_POINT('Ctrl Pts',(0.158649150295504,-0.64185556585262,-7.23314824753832));
#4697=CARTESIAN_POINT('Ctrl Pts',(-0.453960235038696,-0.480695564062201,
-7.28085258809798));
#4698=CARTESIAN_POINT('Ctrl Pts',(-0.64987480026711,0.121699894343649,-7.32855692865768));
#4699=CARTESIAN_POINT('Ctrl Pts',(-0.24926252881013,0.612385754273114,-7.37626126921736));
#4700=CARTESIAN_POINT('Ctrl Pts',(0.380150409720246,0.540956362653213,-7.42396560977705));
#4701=CARTESIAN_POINT('Ctrl Pts',(0.660619334293067,-0.0270224992119089,
-7.47166995033673));
#4702=CARTESIAN_POINT('Ctrl Pts',(0.334698902674384,-0.570197128065404,
-7.51937429089642));
#4703=CARTESIAN_POINT('Ctrl Pts',(-0.298445131971153,-0.589981884050847,
-7.56707863145609));
#4704=CARTESIAN_POINT('Ctrl Pts',(-0.657643276691847,-0.0682161339236036,
-7.61478297201578));
#4705=CARTESIAN_POINT('Ctrl Pts',(-0.413183819438805,0.516165914856291,
-7.66248731257547));
#4706=CARTESIAN_POINT('Ctrl Pts',(0.210541362040057,0.626753903199481,-7.71019165313515));
#4707=CARTESIAN_POINT('Ctrl Pts',(0.641008438053734,0.162037966691091,-7.75789599369484));
#4708=CARTESIAN_POINT('Ctrl Pts',(0.483087203451777,-0.451414304344261,
-7.80560033425452));
#4709=CARTESIAN_POINT('Ctrl Pts',(-0.118264798430024,-0.650508691531307,
-7.8533046748142));
#4710=CARTESIAN_POINT('Ctrl Pts',(-0.611060312093323,-0.252494386650241,
-7.90100901537388));
#4711=CARTESIAN_POINT('Ctrl Pts',(-0.542957211366289,0.377287141221133,
-7.94871335593359));
#4712=CARTESIAN_POINT('Ctrl Pts',(0.0235319594449087,0.66075287906308,-7.99641769649324));
#4713=CARTESIAN_POINT('Ctrl Pts',(0.568420899991881,0.337706678580518,-8.04412203705295));
#4714=CARTESIAN_POINT('Ctrl Pts',(0.59155038588907,-0.295323993708574,-8.09182637761263));
#4715=CARTESIAN_POINT('Ctrl Pts',(0.0716896215266402,-0.657273701338201,
-8.1395307181723));
#4716=CARTESIAN_POINT('Ctrl Pts',(-0.513975791877155,-0.415905044054157,
-8.187235058732));
#4717=CARTESIAN_POINT('Ctrl Pts',(-0.627857481500268,0.207227177826011,
-8.23493939929168));
#4718=CARTESIAN_POINT('Ctrl Pts',(-0.16542226027399,0.640143418392456,-8.28264373985136));
#4719=CARTESIAN_POINT('Ctrl Pts',(0.448855773748941,0.485465358885214,-8.33034808041105));
#4720=CARTESIAN_POINT('Ctrl Pts',(0.65112442576217,-0.114826401503147,-8.37805242097073));
#4721=CARTESIAN_POINT('Ctrl Pts',(0.255719196852218,-0.609717813964498,
-8.42575676153043));
#4722=CARTESIAN_POINT('Ctrl Pts',(-0.374413341860762,-0.544942905028995,
-8.47346110209009));
#4723=CARTESIAN_POINT('Ctrl Pts',(-0.660867980866805,0.0200407628540874,
-8.5211654426498));
#4724=CARTESIAN_POINT('Ctrl Pts',(-0.340705028392026,0.566628806120476,
-8.56886978320946));
#4725=CARTESIAN_POINT('Ctrl Pts',(0.292194612332487,0.593102376346208,-8.61657412376916));
#4726=CARTESIAN_POINT('Ctrl Pts',(0.656885780152137,0.0751611081148201,
-8.66427846432884));
#4727=CARTESIAN_POINT('Ctrl Pts',(0.418614659854535,-0.511771322758392,
-8.71198280488852));
#4728=CARTESIAN_POINT('Ctrl Pts',(-0.203907209379495,-0.628943535045713,
-8.75968714544821));
#4729=CARTESIAN_POINT('Ctrl Pts',(-0.639260531195613,-0.168801936512112,
-8.80739148600789));
#4730=CARTESIAN_POINT('Ctrl Pts',(-0.487829963637889,0.446284714534922,
-8.85509582656758));
#4731=CARTESIAN_POINT('Ctrl Pts',(0.111384798881406,0.651721986022695,-8.90280016712725));
#4732=CARTESIAN_POINT('Ctrl Pts',(0.60835829859803,0.258936868932529,-8.95050450768696));
#4733=CARTESIAN_POINT('Ctrl Pts',(0.546913385868539,-0.371529090957789,
-8.99820884824662));
#4734=CARTESIAN_POINT('Ctrl Pts',(-0.0165490024380738,-0.660964638186896,
-9.04591318880632));
#4735=CARTESIAN_POINT('Ctrl Pts',(-0.564820904897795,-0.343693865207222,
-9.09361752936599));
#4736=CARTESIAN_POINT('Ctrl Pts',(-0.594637796142365,0.289057069106615,
-9.14132186992568));
#4737=CARTESIAN_POINT('Ctrl Pts',(-0.0786305270262457,0.656479535485817,
-9.18902621048536));
#4738=CARTESIAN_POINT('Ctrl Pts',(0.50955262630463,0.421312569378041,-9.23673055104506));
#4739=CARTESIAN_POINT('Ctrl Pts',(0.630011925028352,-0.20058150801305,-9.28443489160473));
#4740=CARTESIAN_POINT('Ctrl Pts',(0.172177106591995,-0.638359879444816,
-9.33213923216443));
#4741=CARTESIAN_POINT('Ctrl Pts',(-0.443701587784736,-0.490180803311602,
-9.3798435727241));
#4742=CARTESIAN_POINT('Ctrl Pts',(-0.652300618143031,0.107939805516695,
-9.4275479132838));
#4743=CARTESIAN_POINT('Ctrl Pts',(-0.262148710115163,0.606982336450762,
-9.47525225384347));
#4744=CARTESIAN_POINT('Ctrl Pts',(0.368637115436401,0.548867590145874,-9.52295659440317));
#4745=CARTESIAN_POINT('Ctrl Pts',(0.661037835185883,-0.0130548647946253,
-9.57066093496283));
#4746=CARTESIAN_POINT('Ctrl Pts',(0.34668260206386,-0.563000866560315,-9.61836527552253));
#4747=CARTESIAN_POINT('Ctrl Pts',(-0.285929441043827,-0.596149745403667,
-9.66606961608221));
#4748=CARTESIAN_POINT('Ctrl Pts',(-0.656020899465638,-0.0821107711021701,
-9.7137739566419));
#4749=CARTESIAN_POINT('Ctrl Pts',(-0.424063267660927,0.507344373977233,
-9.76147829720157));
#4750=CARTESIAN_POINT('Ctrl Pts',(0.197372597689299,0.631015978018546,-9.80918263776128));
#4751=CARTESIAN_POINT('Ctrl Pts',(0.637208606016512,0.175636247019126,-9.85688697832093));
#4752=CARTESIAN_POINT('Ctrl Pts',(0.492966975493747,-0.4412760291586,-9.90459131888065));
#4753=CARTESIAN_POINT('Ctrl Pts',(-0.105408820172806,-0.652524007089093,
-9.95229565944032));
#4754=CARTESIAN_POINT('Ctrl Pts',(-0.437368370530506,-0.394934131430113,
-9.98409855314677));
#4755=CARTESIAN_POINT('Ctrl Pts',(-0.51209755736927,-0.224385609468225,
-10.));
#4756=CARTESIAN_POINT('Ctrl Pts',(0.440841288792651,0.4025519325173,0.0437439053956024));
#4757=CARTESIAN_POINT('Ctrl Pts',(0.57490683180445,0.255734535829064,0.0278424585423743));
#4758=CARTESIAN_POINT('Ctrl Pts',(0.682475612561931,-0.179827637119648,
-0.00396043516408197));
#4759=CARTESIAN_POINT('Ctrl Pts',(0.2170765907283,-0.672271589648869,-0.0516647757237664));
#4760=CARTESIAN_POINT('Ctrl Pts',(-0.447468790944766,-0.545769843316399,
-0.0993691162834507));
#4761=CARTESIAN_POINT('Ctrl Pts',(-0.701327729367797,0.0807606398162944,
-0.147073456843135));
#4762=CARTESIAN_POINT('Ctrl Pts',(-0.311405401920741,0.633650639455518,
-0.194777797402819));
#4763=CARTESIAN_POINT('Ctrl Pts',(0.364345977726674,0.604647791243827,-0.242482137962504));
#4764=CARTESIAN_POINT('Ctrl Pts',(0.705667351358314,0.0207687491219863,
-0.290186478522188));
#4765=CARTESIAN_POINT('Ctrl Pts',(0.399245655540201,-0.582246087684079,
-0.337890819081872));
#4766=CARTESIAN_POINT('Ctrl Pts',(-0.273645841776082,-0.650773208408934,
-0.385595159641557));
#4767=CARTESIAN_POINT('Ctrl Pts',(-0.69535599809659,-0.121968882552886,
-0.433299500201242));
#4768=CARTESIAN_POINT('Ctrl Pts',(-0.478791113502388,0.518802532261098,
-0.481003840760926));
#4769=CARTESIAN_POINT('Ctrl Pts',(0.177260827766895,0.683354121161507,-0.52870818132061));
#4770=CARTESIAN_POINT('Ctrl Pts',(0.670603362471573,0.220650805933411,-0.576412521880294));
#4771=CARTESIAN_POINT('Ctrl Pts',(0.548392018290281,-0.444591735371368,
-0.624116862439979));
#4772=CARTESIAN_POINT('Ctrl Pts',(-0.0771940198406512,-0.701738077925786,
-0.671821202999664));
#4773=CARTESIAN_POINT('Ctrl Pts',(-0.631922886612526,-0.314752175828635,
-0.719525543559348));
#4774=CARTESIAN_POINT('Ctrl Pts',(-0.606603153227256,0.361148250358144,
-0.767229884119032));
#4775=CARTESIAN_POINT('Ctrl Pts',(-0.0244760840884325,0.705546821342109,
-0.814934224678716));
#4776=CARTESIAN_POINT('Ctrl Pts',(0.58011784039775,0.402316692436738,-0.862638565238402));
#4777=CARTESIAN_POINT('Ctrl Pts',(0.652215565289939,-0.270204145515916,
-0.910342905798084));
#4778=CARTESIAN_POINT('Ctrl Pts',(0.125637841849843,-0.694701770878538,
-0.95804724635777));
#4779=CARTESIAN_POINT('Ctrl Pts',(-0.516264163509043,-0.481525426502261,
-1.00575158691745));
#4780=CARTESIAN_POINT('Ctrl Pts',(-0.684281924718426,0.173648118809188,
-1.05345592747714));
#4781=CARTESIAN_POINT('Ctrl Pts',(-0.224190192070284,0.669428247623185,
-1.10116026803682));
#4782=CARTESIAN_POINT('Ctrl Pts',(0.441688049121345,0.550733228484606,-1.14886460859651));
#4783=CARTESIAN_POINT('Ctrl Pts',(0.702136237232021,-0.0734855484367437,
-1.19656894915619));
#4784=CARTESIAN_POINT('Ctrl Pts',(0.318086272262614,-0.630251175946521,
-1.24427328971588));
#4785=CARTESIAN_POINT('Ctrl Pts',(-0.357938389547802,-0.608502695788123,
-1.29197763027556));
#4786=CARTESIAN_POINT('Ctrl Pts',(-0.705407681676229,-0.0282032637332321,
-1.33968197083524));
#4787=CARTESIAN_POINT('Ctrl Pts',(-0.405375927835395,0.577984237308594,
-1.38738631139493));
#4788=CARTESIAN_POINT('Ctrl Pts',(0.266754605342094,0.653633996966121,-1.43509065195461));
#4789=CARTESIAN_POINT('Ctrl Pts',(0.694028312510792,0.12930631418362,-1.4827949925143));
#4790=CARTESIAN_POINT('Ctrl Pts',(0.484246214989537,-0.513712978931029,
-1.53049933307398));
#4791=CARTESIAN_POINT('Ctrl Pts',(-0.170030518553914,-0.685189787005265,
-1.57820367363367));
#4792=CARTESIAN_POINT('Ctrl Pts',(-0.668234471107348,-0.227723764852973,
-1.62590801419335));
#4793=CARTESIAN_POINT('Ctrl Pts',(-0.553059054203897,0.438772268971107,
-1.67361235475304));
#4794=CARTESIAN_POINT('Ctrl Pts',(0.069775019365248,0.702514674670807,-1.72131669531272));
#4795=CARTESIAN_POINT('Ctrl Pts',(0.628561877125257,0.321411555610323,-1.7690210358724));
#4796=CARTESIAN_POINT('Ctrl Pts',(0.610385251967573,-0.354718572442408,
-1.81672537643209));
#4797=CARTESIAN_POINT('Ctrl Pts',(0.0319296571283739,-0.70524883442002,
-1.86442971699177));
#4798=CARTESIAN_POINT('Ctrl Pts',(-0.575834501999524,-0.408423857973632,
-1.91213405755146));
#4799=CARTESIAN_POINT('Ctrl Pts',(-0.65503418410678,0.263297624574699,-1.95983839811114));
#4800=CARTESIAN_POINT('Ctrl Pts',(-0.132971177453966,0.693335479707782,
-2.00754273867082));
#4801=CARTESIAN_POINT('Ctrl Pts',(0.511147455643112,0.486953488584571,-2.05524707923051));
#4802=CARTESIAN_POINT('Ctrl Pts',(0.686078524198152,-0.166408173144233,
-2.10295141979019));
#4803=CARTESIAN_POINT('Ctrl Pts',(0.231250981418375,-0.667022042400512,
-2.15065576034988));
#4804=CARTESIAN_POINT('Ctrl Pts',(-0.435844241796455,-0.555369443116908,
-2.19836010090956));
#4805=CARTESIAN_POINT('Ctrl Pts',(-0.702873503476052,0.0660625428394654,
-2.24606444146925));
#4806=CARTESIAN_POINT('Ctrl Pts',(-0.324727867704298,0.626855033792767,
-2.29376878202893));
#4807=CARTESIAN_POINT('Ctrl Pts',(0.351488854414574,0.612250771071334,-2.34147312258862));
#4808=CARTESIAN_POINT('Ctrl Pts',(0.7050703022192,0.0356551592850334,-2.3891774631483));
#4809=CARTESIAN_POINT('Ctrl Pts',(0.411460388163415,-0.573668693958041,
-2.43688180370799));
#4810=CARTESIAN_POINT('Ctrl Pts',(-0.259833294629948,-0.656416087902224,
-2.48458614426767));
#4811=CARTESIAN_POINT('Ctrl Pts',(-0.692623294487093,-0.136632329223208,
-2.53229048482736));
#4812=CARTESIAN_POINT('Ctrl Pts',(-0.489647170307455,0.508567665178406,
-2.57999482538704));
#4813=CARTESIAN_POINT('Ctrl Pts',(0.162781182940621,0.686948111530678,-2.62769916594672));
#4814=CARTESIAN_POINT('Ctrl Pts',(0.665790995738193,0.234771743293479,-2.6754035065064));
#4815=CARTESIAN_POINT('Ctrl Pts',(0.557664330527879,-0.432904049313478,
-2.72310784706609));
#4816=CARTESIAN_POINT('Ctrl Pts',(-0.0623482223724057,-0.703212713637996,
-2.77081218762578));
#4817=CARTESIAN_POINT('Ctrl Pts',(-0.625130693648533,-0.328035115976349,
-2.81851652818546));
#4818=CARTESIAN_POINT('Ctrl Pts',(-0.614099200998331,0.348249325610726,
-2.86622086874514));
#4819=CARTESIAN_POINT('Ctrl Pts',(-0.0393796662329496,0.70487209005783,
-2.91392520930483));
#4820=CARTESIAN_POINT('Ctrl Pts',(0.571486873644821,0.414485433648498,-2.96162954986451));
#4821=CARTESIAN_POINT('Ctrl Pts',(0.657779669776181,-0.256361712204166,
-3.0093338904242));
#4822=CARTESIAN_POINT('Ctrl Pts',(0.140289667303458,-0.691891776727398,
-3.05703823098388));
#4823=CARTESIAN_POINT('Ctrl Pts',(-0.505973679545412,-0.492327184971935,
-3.10474257154357));
#4824=CARTESIAN_POINT('Ctrl Pts',(-0.687798524730217,0.159149649179789,
-3.15244691210325));
#4825=CARTESIAN_POINT('Ctrl Pts',(-0.238285952206939,0.664541365481447,
-3.20015125266294));
#4826=CARTESIAN_POINT('Ctrl Pts',(0.429951773589167,0.559943652381775,-3.24785559322262));
#4827=CARTESIAN_POINT('Ctrl Pts',(0.703532295688495,-0.0586321616383731,
-3.2955599337823));
#4828=CARTESIAN_POINT('Ctrl Pts',(0.331333208114432,-0.623388904822433,
-3.34326427434199));
#4829=CARTESIAN_POINT('Ctrl Pts',(-0.345000076452787,-0.615930490155086,
-3.39096861490168));
#4830=CARTESIAN_POINT('Ctrl Pts',(-0.70465420346841,-0.0431030740134869,
-3.43867295546135));
#4831=CARTESIAN_POINT('Ctrl Pts',(-0.417498909993651,0.56928910195895,-3.48637729602105));
#4832=CARTESIAN_POINT('Ctrl Pts',(0.252882974196349,0.65912489166828,-3.53408163658072));
#4833=CARTESIAN_POINT('Ctrl Pts',(0.691140946846864,0.143943089610899,-3.58178597714041));
#4834=CARTESIAN_POINT('Ctrl Pts',(0.494993457773295,-0.503365571147602,
-3.6294903177001));
#4835=CARTESIAN_POINT('Ctrl Pts',(-0.155513673225311,-0.688629740059987,
-3.67719465825977));
#4836=CARTESIAN_POINT('Ctrl Pts',(-0.663273186510024,-0.241793510069958,
-3.72489899881947));
#4837=CARTESIAN_POINT('Ctrl Pts',(-0.562207345058043,0.426987497027608,
-3.77260333937914));
#4838=CARTESIAN_POINT('Ctrl Pts',(0.0549144643602665,0.703832240707356,
-3.82030767993884));
#4839=CARTESIAN_POINT('Ctrl Pts',(0.621629715931372,0.334622052062016,-3.86801202049852));
#4840=CARTESIAN_POINT('Ctrl Pts',(0.617744587426555,-0.341741197633985,
-3.9157163610582));
#4841=CARTESIAN_POINT('Ctrl Pts',(0.0468252786986776,-0.704416648532602,
-3.96342070161789));
#4842=CARTESIAN_POINT('Ctrl Pts',(-0.567075440244754,-0.420500733086556,
-4.01112504217757));
#4843=CARTESIAN_POINT('Ctrl Pts',(-0.660451716030614,0.249397177705228,
-4.05882938273725));
#4844=CARTESIAN_POINT('Ctrl Pts',(-0.147592494171003,0.690370825802695,
-4.10653372329694));
#4845=CARTESIAN_POINT('Ctrl Pts',(0.500743412782637,0.497645914290381,-4.15423806385662));
#4846=CARTESIAN_POINT('Ctrl Pts',(0.689441734319061,-0.151873356564741,
-4.20194240441631));
#4847=CARTESIAN_POINT('Ctrl Pts',(0.245294318979394,-0.661986494221406,
-4.24964674497599));
#4848=CARTESIAN_POINT('Ctrl Pts',(-0.424011302367845,-0.564455345372365,
-4.29735108553568));
#4849=CARTESIAN_POINT('Ctrl Pts',(-0.704112540322499,0.0511952343066469,
-4.34505542609536));
#4850=CARTESIAN_POINT('Ctrl Pts',(-0.337901556020711,0.619853176077928,
-4.39275976665505));
#4851=CARTESIAN_POINT('Ctrl Pts',(0.338472780116316,0.619541442177554,-4.44046410721473));
#4852=CARTESIAN_POINT('Ctrl Pts',(0.704159431881053,0.0505461763941485,
-4.48816844777442));
#4853=CARTESIAN_POINT('Ctrl Pts',(0.423490819140165,-0.564845950290081,
-4.5358727883341));
#4854=CARTESIAN_POINT('Ctrl Pts',(-0.24590442002654,-0.661760105828784,
-4.58357712889379));
#4855=CARTESIAN_POINT('Ctrl Pts',(-0.68958143509055,-0.151237779121398,
-4.63128146945347));
#4856=CARTESIAN_POINT('Ctrl Pts',(-0.500284480487687,0.498107277640347,
-4.67898581001315));
#4857=CARTESIAN_POINT('Ctrl Pts',(0.148228800806796,0.690234484843008,-4.72669015057283));
#4858=CARTESIAN_POINT('Ctrl Pts',(0.660681324529817,0.248788281220483,-4.77439449113252));
#4859=CARTESIAN_POINT('Ctrl Pts',(0.566687590578438,-0.42102327268159,-4.8220988316922));
#4860=CARTESIAN_POINT('Ctrl Pts',(-0.0474745752888681,-0.70437318671018,
-4.86980317225188));
#4861=CARTESIAN_POINT('Ctrl Pts',(-0.618059334848976,-0.341171628452831,
-4.91750751281158));
#4862=CARTESIAN_POINT('Ctrl Pts',(-0.621321004254181,0.335194915128033,
-4.96521185337125));
#4863=CARTESIAN_POINT('Ctrl Pts',(-0.0542656632419983,0.703882560693201,
-5.01291619393095));
#4864=CARTESIAN_POINT('Ctrl Pts',(0.562600694324573,0.426469084695038,-5.06062053449062));
#4865=CARTESIAN_POINT('Ctrl Pts',(0.663050024542949,-0.24240479865033,-5.10832487505032));
#4866=CARTESIAN_POINT('Ctrl Pts',(0.154878842714689,-0.688772796743942,
-5.15602921560999));
#4867=CARTESIAN_POINT('Ctrl Pts',(-0.495457239300678,-0.50290908271741,
-5.20373355616968));
#4868=CARTESIAN_POINT('Ctrl Pts',(-0.691007969504535,0.144580107678515,
-5.25143789672936));
#4869=CARTESIAN_POINT('Ctrl Pts',(-0.252275299269556,0.659357713865219,
-5.29914223728905));
#4870=CARTESIAN_POINT('Ctrl Pts',(0.418023491370887,0.568904018369716,-5.34684657784873));
#4871=CARTESIAN_POINT('Ctrl Pts',(0.704614172595229,-0.0437525911581678,
-5.39455091840842));
#4872=CARTESIAN_POINT('Ctrl Pts',(0.344432178083929,-0.616248242314307,
-5.44225525896811));
#4873=CARTESIAN_POINT('Ctrl Pts',(-0.331907694161076,-0.623083223985201,
-5.48995959952778));
#4874=CARTESIAN_POINT('Ctrl Pts',(-0.703586042697099,-0.0579836354237081,
-5.53766394008748));
#4875=CARTESIAN_POINT('Ctrl Pts',(-0.429435446621659,0.560339735017933,
-5.58536828064715));
#4876=CARTESIAN_POINT('Ctrl Pts',(0.238898411258219,0.664321436168829,-5.63307262120684));
#4877=CARTESIAN_POINT('Ctrl Pts',(0.687944933333637,0.158515583321304,-5.68077696176652));
#4878=CARTESIAN_POINT('Ctrl Pts',(0.505519647721499,-0.492793371731642,
-5.72848130232621));
#4879=CARTESIAN_POINT('Ctrl Pts',(-0.140927379022422,-0.691762166714099,
-5.77618564288589));
#4880=CARTESIAN_POINT('Ctrl Pts',(-0.658015699172318,-0.25575527579677,
-5.82388998344558));
#4881=CARTESIAN_POINT('Ctrl Pts',(-0.571104566881131,0.415012042165796,
-5.87159432400526));
#4882=CARTESIAN_POINT('Ctrl Pts',(0.0400293858027704,0.704835491251234,
-5.91929866456495));
#4883=CARTESIAN_POINT('Ctrl Pts',(0.614419949025245,0.347683113905365,-5.96700300512463));
#4884=CARTESIAN_POINT('Ctrl Pts',(0.624828052183433,-0.328611208968542,
-6.01470734568432));
#4885=CARTESIAN_POINT('Ctrl Pts',(0.0616999891630337,-0.70326988616917,
-6.06241168624399));
#4886=CARTESIAN_POINT('Ctrl Pts',(-0.558063135478193,-0.432389822122773,
-6.11011602680369));
#4887=CARTESIAN_POINT('Ctrl Pts',(-0.665574305218702,0.235385355720681,
-6.15782036736336));
#4888=CARTESIAN_POINT('Ctrl Pts',(-0.16214789943236,0.687097867966994,-6.20552470792306));
#4889=CARTESIAN_POINT('Ctrl Pts',(0.490115749287257,0.508116102633743,-6.25322904848273));
#4890=CARTESIAN_POINT('Ctrl Pts',(0.692497055420499,-0.13727071679367,-6.30093338904243));
#4891=CARTESIAN_POINT('Ctrl Pts',(0.259228113668847,-0.656655317909485,
-6.3486377296021));
#4892=CARTESIAN_POINT('Ctrl Pts',(-0.41198900912205,-0.573289174690877,
-6.3963420701618));
#4893=CARTESIAN_POINT('Ctrl Pts',(-0.70503713650073,0.0363050631449792,
-6.44404641072147));
#4894=CARTESIAN_POINT('Ctrl Pts',(-0.350924345176855,0.612574506013196,
-6.49175075128116));
#4895=CARTESIAN_POINT('Ctrl Pts',(0.325305551562099,0.626555440147153,-6.53945509184085));
#4896=CARTESIAN_POINT('Ctrl Pts',(0.702934099933985,0.0654146207289153,
-6.58715943240052));
#4897=CARTESIAN_POINT('Ctrl Pts',(0.4353321287357,-0.555770959249904,-6.63486377296021));
#4898=CARTESIAN_POINT('Ctrl Pts',(-0.231865730094313,-0.666808596722437,
-6.68256811351991));
#4899=CARTESIAN_POINT('Ctrl Pts',(-0.686231624287348,-0.165775689662439,
-6.73027245407957));
#4900=CARTESIAN_POINT('Ctrl Pts',(-0.51069837498174,0.487424446705462,-6.77797679463927));
#4901=CARTESIAN_POINT('Ctrl Pts',(0.133610223057218,0.693212615111493,-6.82568113519895));
#4902=CARTESIAN_POINT('Ctrl Pts',(0.65527660804776,0.262693715951737,-6.87338547575863));
#4903=CARTESIAN_POINT('Ctrl Pts',(0.575457780822047,-0.408954476618706,
-6.92108981631832));
#4904=CARTESIAN_POINT('Ctrl Pts',(-0.032579727138295,-0.705219102715397,
-6.968794156878));
#4905=CARTESIAN_POINT('Ctrl Pts',(-0.610711964788271,-0.354155781428963,
-7.01649849743769));
#4906=CARTESIAN_POINT('Ctrl Pts',(-0.628265339661406,0.321990814209433,
-7.06420283799736));
#4907=CARTESIAN_POINT('Ctrl Pts',(-0.0691274264383507,0.702578693364043,
-7.11190717855706));
#4908=CARTESIAN_POINT('Ctrl Pts',(0.553463270312422,0.438262284334607,-7.15961151911674));
#4909=CARTESIAN_POINT('Ctrl Pts',(0.668024276228412,-0.228339632619092,
-7.20731585967642));
#4910=CARTESIAN_POINT('Ctrl Pts',(0.169398852752468,-0.685346226473352,
-7.25502020023611));
#4911=CARTESIAN_POINT('Ctrl Pts',(-0.484719539106043,-0.513266392688957,
-7.30272454079579));
#4912=CARTESIAN_POINT('Ctrl Pts',(-0.693908825814331,0.129945999984961,
-7.35042888135547));
#4913=CARTESIAN_POINT('Ctrl Pts',(-0.266151985913365,0.653879608069779,
-7.39813322191517));
#4914=CARTESIAN_POINT('Ctrl Pts',(0.405908529355804,0.577610324744389,-7.44583756247484));
#4915=CARTESIAN_POINT('Ctrl Pts',(0.705381384816173,-0.0288534817644948,
-7.49354190303453));
#4916=CARTESIAN_POINT('Ctrl Pts',(0.357377332465673,-0.60883237733783,-7.54124624359422));
#4917=CARTESIAN_POINT('Ctrl Pts',(-0.318667089431677,-0.629957702999379,
-7.58895058415389));
#4918=CARTESIAN_POINT('Ctrl Pts',(-0.702203676379458,-0.0728383026593094,
-7.63665492471359));
#4919=CARTESIAN_POINT('Ctrl Pts',(-0.44118020713284,0.551140133078093,-7.68435926527327));
#4920=CARTESIAN_POINT('Ctrl Pts',(0.224807161715648,0.66922130980451,-7.73206360583295));
#4921=CARTESIAN_POINT('Ctrl Pts',(0.684441699238264,0.173017287572524,-7.77976794639264));
#4922=CARTESIAN_POINT('Ctrl Pts',(0.515820084076758,-0.482001101988534,
-7.82747228695232));
#4923=CARTESIAN_POINT('Ctrl Pts',(-0.126278149852899,-0.694585668096339,
-7.875176627512));
#4924=CARTESIAN_POINT('Ctrl Pts',(-0.652464356968667,-0.269602827026312,
-7.92288096807169));
#4925=CARTESIAN_POINT('Ctrl Pts',(-0.579746746375988,0.402851252351997,
-7.97058530863137));
#4926=CARTESIAN_POINT('Ctrl Pts',(0.0251264310307495,0.705523978273428,
-8.01828964919106));
#4927=CARTESIAN_POINT('Ctrl Pts',(0.606935796125004,0.360588908366878,-8.06599398975074));
#4928=CARTESIAN_POINT('Ctrl Pts',(0.631632482923759,-0.315334470000827,
-8.11369833031044));
#4929=CARTESIAN_POINT('Ctrl Pts',(0.0765471458135807,-0.701809059447715,
-8.1614026708701));
#4930=CARTESIAN_POINT('Ctrl Pts',(-0.54880161239039,-0.444085815685197,
-8.2091070114298));
#4931=CARTESIAN_POINT('Ctrl Pts',(-0.67039966403917,0.221268415982538,-8.25681135198947));
#4932=CARTESIAN_POINT('Ctrl Pts',(-0.176630893124477,0.683518067829233,
-8.30451569254917));
#4933=CARTESIAN_POINT('Ctrl Pts',(0.479269211229762,0.518359377866489,-8.35222003310885));
#4934=CARTESIAN_POINT('Ctrl Pts',(0.695243123066092,-0.122606775038501,
-8.39992437366854));
#4935=CARTESIAN_POINT('Ctrl Pts',(0.273046142969335,-0.651030894246542,
-8.44762871422822));
#4936=CARTESIAN_POINT('Ctrl Pts',(-0.399782730939931,-0.581866986085774,
-8.4953330547879));
#4937=CARTESIAN_POINT('Ctrl Pts',(-0.705646879111313,0.0213986789683095,
-8.54303739534759));
#4938=CARTESIAN_POINT('Ctrl Pts',(-0.363790419482909,0.605022274084227,
-8.59074173590727));
#4939=CARTESIAN_POINT('Ctrl Pts',(0.311993048922008,0.633289632693754,-8.63844607646696));
#4940=CARTESIAN_POINT('Ctrl Pts',(0.701394853612039,0.0802538523688191,
-8.68615041702664));
#4941=CARTESIAN_POINT('Ctrl Pts',(0.446979028835907,-0.546447773501552,
-8.73385475758632));
#4942=CARTESIAN_POINT('Ctrl Pts',(-0.217723494090635,-0.67155930608127,
-8.78155909814601));
#4943=CARTESIAN_POINT('Ctrl Pts',(-0.68257535822142,-0.180239568470965,
-8.82926343870569));
#4944=CARTESIAN_POINT('Ctrl Pts',(-0.520884202812415,0.47652394294183,-8.87696777926538));
#4945=CARTESIAN_POINT('Ctrl Pts',(0.118931977318709,0.69588117263897,-8.92467211982506));
#4946=CARTESIAN_POINT('Ctrl Pts',(0.649579261237793,0.276481837127941,-8.97237646038475));
#4947=CARTESIAN_POINT('Ctrl Pts',(0.583970982186401,-0.396703049812715,
-9.02008080094443));
#4948=CARTESIAN_POINT('Ctrl Pts',(-0.017670324877175,-0.705750085709664,
-9.06778514150411));
#4949=CARTESIAN_POINT('Ctrl Pts',(-0.603091873622318,-0.366981773023824,
-9.1154894820638));
#4950=CARTESIAN_POINT('Ctrl Pts',(-0.634929089012795,0.308642912965188,
-9.16319382262348));
#4951=CARTESIAN_POINT('Ctrl Pts',(-0.0839583511462692,0.70096108273912,
-9.21089816318317));
#4952=CARTESIAN_POINT('Ctrl Pts',(0.544078743266135,0.449859742519281,-9.25860250374286));
#4953=CARTESIAN_POINT('Ctrl Pts',(0.672700087718072,-0.214172450829303,
-9.30630684430253));
#4954=CARTESIAN_POINT('Ctrl Pts',(0.18384343233227,-0.68161368037423,-9.35401118486222));
#4955=CARTESIAN_POINT('Ctrl Pts',(-0.473765789449165,-0.523394329989211,
-9.40171552542191));
#4956=CARTESIAN_POINT('Ctrl Pts',(-0.696499011544302,0.115253559106983,
-9.44941986598158));
#4957=CARTESIAN_POINT('Ctrl Pts',(-0.279911305300624,0.648110067052107,
-9.49712420654128));
#4958=CARTESIAN_POINT('Ctrl Pts',(0.393615120664663,0.586057598862304,-9.54482854710096));
#4959=CARTESIAN_POINT('Ctrl Pts',(0.705828242369376,-0.0139394324831286,
-9.59253288766065));
#4960=CARTESIAN_POINT('Ctrl Pts',(0.370173019833217,-0.601148513662556,
-9.64023722822032));
#4961=CARTESIAN_POINT('Ctrl Pts',(-0.305303364000155,-0.636543484487385,
-9.68794156878002));
#4962=CARTESIAN_POINT('Ctrl Pts',(-0.700471370594399,-0.0876744085765303,
-9.73564590933969));
#4963=CARTESIAN_POINT('Ctrl Pts',(-0.452796821807263,0.541720864827125,
-9.78335024989939));
#4964=CARTESIAN_POINT('Ctrl Pts',(0.210746112103778,0.673772173035419,-9.83105459045906));
#4965=CARTESIAN_POINT('Ctrl Pts',(0.680384399299634,0.187536956178911,-9.87875893101875));
#4966=CARTESIAN_POINT('Ctrl Pts',(0.526369286806482,-0.471175880535151,
-9.92646327157843));
#4967=CARTESIAN_POINT('Ctrl Pts',(-0.112551080002685,-0.696737536812859,
-9.97416761213813));
#4968=CARTESIAN_POINT('Ctrl Pts',(-0.467003447923222,-0.421693962132444,
-10.0059705058446));
#4969=CARTESIAN_POINT('Ctrl Pts',(-0.546796113021225,-0.239589463588568,
-10.0218719526978));
#4970=CARTESIAN_POINT('Ctrl Pts',(0.468816169426557,0.428097049427643,0.0218719526978021));
#4971=CARTESIAN_POINT('Ctrl Pts',(0.611389235799304,0.271962922996187,0.00597050584457397));
#4972=CARTESIAN_POINT('Ctrl Pts',(0.725784109933527,-0.191239128763002,
-0.0258323878618823));
#4973=CARTESIAN_POINT('Ctrl Pts',(0.230851824283818,-0.714932560733265,
-0.0735367284215667));
#4974=CARTESIAN_POINT('Ctrl Pts',(-0.475864239221316,-0.58040327400564,
-0.121241068981251));
#4975=CARTESIAN_POINT('Ctrl Pts',(-0.745832543261344,0.0858855437584139,
-0.168945409540936));
#4976=CARTESIAN_POINT('Ctrl Pts',(-0.331166547641322,0.673860804548976,
-0.21664975010062));
#4977=CARTESIAN_POINT('Ctrl Pts',(0.387466623400005,0.643017495297458,-0.264354090660304));
#4978=CARTESIAN_POINT('Ctrl Pts',(0.750447548729471,0.0220866911849677,
-0.312058431219988));
#4979=CARTESIAN_POINT('Ctrl Pts',(0.424580962920155,-0.619194225747848,
-0.359762771779673));
#4980=CARTESIAN_POINT('Ctrl Pts',(-0.291010843544901,-0.692069936478209,
-0.407467112339357));
#4981=CARTESIAN_POINT('Ctrl Pts',(-0.739481858217577,-0.129708776744303,
-0.455171452899042));
#4982=CARTESIAN_POINT('Ctrl Pts',(-0.509174211885666,0.551724672907954,
-0.502875793458725));
#4983=CARTESIAN_POINT('Ctrl Pts',(0.188509434972972,0.72671836688026,-0.550580134018411));
#4984=CARTESIAN_POINT('Ctrl Pts',(0.71315847129365,0.234652851827666,-0.598284474578094));
#4985=CARTESIAN_POINT('Ctrl Pts',(0.583191846805135,-0.472804611624177,
-0.64598881513778));
#4986=CARTESIAN_POINT('Ctrl Pts',(-0.0820925934216595,-0.746268931694046,
-0.693693155697462));
#4987=CARTESIAN_POINT('Ctrl Pts',(-0.672023412067465,-0.334725700931462,
-0.741397496257149));
#4988=CARTESIAN_POINT('Ctrl Pts',(-0.645096940526883,0.384065974835777,
-0.789101836816833));
#4989=CARTESIAN_POINT('Ctrl Pts',(-0.0260292859961534,0.75031937012657,
-0.836806177376515));
#4990=CARTESIAN_POINT('Ctrl Pts',(0.616930924270116,0.427846881495852,-0.884510517936203));
#4991=CARTESIAN_POINT('Ctrl Pts',(0.693603822357526,-0.287350744325431,
-0.932214858495884));
#4992=CARTESIAN_POINT('Ctrl Pts',(0.133610560645017,-0.738786115087114,
-0.979919199055571));
#4993=CARTESIAN_POINT('Ctrl Pts',(-0.549025224500592,-0.512082038759425,
-1.02762353961525));
#4994=CARTESIAN_POINT('Ctrl Pts',(-0.727705046940846,0.184667470942236,
-1.07532788017494));
#4995=CARTESIAN_POINT('Ctrl Pts',(-0.238416840122308,0.711908786076173,
-1.12303222073462));
#4996=CARTESIAN_POINT('Ctrl Pts',(0.469716663422501,0.585681625378582,-1.17073656129431));
#4997=CARTESIAN_POINT('Ctrl Pts',(0.74669235737017,-0.0781487900570316,
-1.21844090185399));
#4998=CARTESIAN_POINT('Ctrl Pts',(0.338271372261291,-0.670245618084118,
-1.26614524241368));
#4999=CARTESIAN_POINT('Ctrl Pts',(-0.3806524228665,-0.647117024148106,-1.31384958297336));
#5000=CARTESIAN_POINT('Ctrl Pts',(-0.750171400943939,-0.0299929847881271,
-1.36155392353305));
#5001=CARTESIAN_POINT('Ctrl Pts',(-0.431100249674909,0.614661927121337,
-1.40925826409273));
#5002=CARTESIAN_POINT('Ctrl Pts',(0.28368230343369,0.695112264787776,-1.45696260465241));
#5003=CARTESIAN_POINT('Ctrl Pts',(0.738069920437788,0.137511826680872,-1.5046669452121));
#5004=CARTESIAN_POINT('Ctrl Pts',(0.514975482882861,-0.546312147001341,
-1.55237128577178));
#5005=CARTESIAN_POINT('Ctrl Pts',(-0.180820305222257,-0.728670520299406,
-1.60007562633146));
#5006=CARTESIAN_POINT('Ctrl Pts',(-0.710639254960251,-0.242174646159276,
-1.64777996689115));
#5007=CARTESIAN_POINT('Ctrl Pts',(-0.588155043209878,0.466615853866599,
-1.69548430745084));
#5008=CARTESIAN_POINT('Ctrl Pts',(0.0742027984494647,0.747094809669737,
-1.74318864801052));
#5009=CARTESIAN_POINT('Ctrl Pts',(0.66844911983739,0.341807671244539,-1.7908929885702));
#5010=CARTESIAN_POINT('Ctrl Pts',(0.649119043467116,-0.377228282796184,
-1.83859732912989));
#5011=CARTESIAN_POINT('Ctrl Pts',(0.0339558474366584,-0.750002473567866,
-1.88630166968957));
#5012=CARTESIAN_POINT('Ctrl Pts',(-0.612375774035179,-0.434341595184994,
-1.93400601024926));
#5013=CARTESIAN_POINT('Ctrl Pts',(-0.696601304921839,0.280005949783628,
-1.98171035080894));
#5014=CARTESIAN_POINT('Ctrl Pts',(-0.141409254629557,0.737333121891424,
-2.02941469136863));
#5015=CARTESIAN_POINT('Ctrl Pts',(0.543583820887173,0.517854554486815,-2.07711903192831));
#5016=CARTESIAN_POINT('Ctrl Pts',(0.729615654924926,-0.176968093230142,
-2.124823372488));
#5017=CARTESIAN_POINT('Ctrl Pts',(0.245925692626494,-0.709349888023686,
-2.17252771304768));
#5018=CARTESIAN_POINT('Ctrl Pts',(-0.463502020115326,-0.590612044646949,
-2.22023205360736));
#5019=CARTESIAN_POINT('Ctrl Pts',(-0.747476409012249,0.0702547358061713,
-2.26793639416705));
#5020=CARTESIAN_POINT('Ctrl Pts',(-0.345334429676759,0.666633963740872,
-2.31564073472673));
#5021=CARTESIAN_POINT('Ctrl Pts',(0.373793613511272,0.651102944572686,-2.36334507528642));
#5022=CARTESIAN_POINT('Ctrl Pts',(0.749812612081124,0.0379177622905488,
-2.4110494158461));
#5023=CARTESIAN_POINT('Ctrl Pts',(0.437570817329365,-0.610072528274098,
-2.45875375640579));
#5024=CARTESIAN_POINT('Ctrl Pts',(-0.276321780592543,-0.698070901487237,
-2.50645809696547));
#5025=CARTESIAN_POINT('Ctrl Pts',(-0.736575742862795,-0.145302735552923,
-2.55416243752515));
#5026=CARTESIAN_POINT('Ctrl Pts',(-0.520719171706393,0.540840322230551,
-2.60186677808484));
#5027=CARTESIAN_POINT('Ctrl Pts',(0.173110941695035,0.730540424479368,-2.64957111864452));
#5028=CARTESIAN_POINT('Ctrl Pts',(0.708040721674513,0.249669874802057,-2.69727545920421));
#5029=CARTESIAN_POINT('Ctrl Pts',(0.59305256088857,-0.460375249070306,-2.74497979976389));
#5030=CARTESIAN_POINT('Ctrl Pts',(-0.066304712208883,-0.747837144752743,
-2.79268414032358));
#5031=CARTESIAN_POINT('Ctrl Pts',(-0.664800200520957,-0.348851549115575,
-2.84038848088326));
#5032=CARTESIAN_POINT('Ctrl Pts',(-0.653068672057517,0.370348510878698,
-2.88809282144295));
#5033=CARTESIAN_POINT('Ctrl Pts',(-0.0418786187817969,0.749601821784049,
-2.93579716200263));
#5034=CARTESIAN_POINT('Ctrl Pts',(0.607752254135479,0.440787825973319,-2.98350150256231));
#5035=CARTESIAN_POINT('Ctrl Pts',(0.699521013459732,-0.272629898692912,
-3.031205843122));
#5036=CARTESIAN_POINT('Ctrl Pts',(0.149192160778441,-0.735797804492034,
-3.07891018368168));
#5037=CARTESIAN_POINT('Ctrl Pts',(-0.538081727609482,-0.523569254584178,
-3.12661452424136));
#5038=CARTESIAN_POINT('Ctrl Pts',(-0.731444803149819,0.169248958277921,
-3.17431886480105));
#5039=CARTESIAN_POINT('Ctrl Pts',(-0.253407088178519,0.706711792454268,
-3.22202320536073));
#5040=CARTESIAN_POINT('Ctrl Pts',(0.457235628006333,0.595476523814913,-3.26972754592042));
#5041=CARTESIAN_POINT('Ctrl Pts',(0.748177006822249,-0.0623528379108645,
-3.31743188648011));
#5042=CARTESIAN_POINT('Ctrl Pts',(0.352358931391011,-0.662947881361744,
-3.36513622703979));
#5043=CARTESIAN_POINT('Ctrl Pts',(-0.366893071058373,-0.655016171054115,
-3.41284056759948));
#5044=CARTESIAN_POINT('Ctrl Pts',(-0.749370108560225,-0.0458383063547671,
-3.46054490815916));
#5045=CARTESIAN_POINT('Ctrl Pts',(-0.44399253132354,0.60541501638294,-3.50824924871884));
#5046=CARTESIAN_POINT('Ctrl Pts',(0.268930407132741,0.700951600363717,-3.55595358927852));
#5047=CARTESIAN_POINT('Ctrl Pts',(0.734999328493002,0.153077421744271,-3.60365792983822));
#5048=CARTESIAN_POINT('Ctrl Pts',(0.5264047235685,-0.53530811402202,-3.65136227039789));
#5049=CARTESIAN_POINT('Ctrl Pts',(-0.165382250774697,-0.732328765693205,
-3.69906661095758));
#5050=CARTESIAN_POINT('Ctrl Pts',(-0.705363137456098,-0.257137228442573,
-3.74677095151726));
#5051=CARTESIAN_POINT('Ctrl Pts',(-0.597883865768188,0.454083244556686,
-3.79447529207695));
#5052=CARTESIAN_POINT('Ctrl Pts',(0.0583992232170525,0.748495985734514,
-3.84217963263663));
#5053=CARTESIAN_POINT('Ctrl Pts',(0.66107705796527,0.355856478604819,-3.88988397319632));
#5054=CARTESIAN_POINT('Ctrl Pts',(0.656945387203779,-0.363427390498732,
-3.93758831375601));
#5055=CARTESIAN_POINT('Ctrl Pts',(0.0497967144864368,-0.749117478877241,
-3.98529265431569));
#5056=CARTESIAN_POINT('Ctrl Pts',(-0.603060880253591,-0.447184843930115,
-4.03299699487537));
#5057=CARTESIAN_POINT('Ctrl Pts',(-0.702362622268573,0.265223409172447,
-4.08070133543505));
#5058=CARTESIAN_POINT('Ctrl Pts',(-0.156958410004788,0.734180337152805,
-4.12840567599474));
#5059=CARTESIAN_POINT('Ctrl Pts',(0.532519558885409,0.529225499515591,-4.17611001655442));
#5060=CARTESIAN_POINT('Ctrl Pts',(0.733192287436322,-0.161510927113109,
-4.22381435711411));
#5061=CARTESIAN_POINT('Ctrl Pts',(0.260860191478343,-0.703994794323737,
-4.27151869767379));
#5062=CARTESIAN_POINT('Ctrl Pts',(-0.450918186710859,-0.600274519554535,
-4.31922303823348));
#5063=CARTESIAN_POINT('Ctrl Pts',(-0.748794072586186,0.0544439784809498,
-4.36692737879316));
#5064=CARTESIAN_POINT('Ctrl Pts',(-0.359344093133271,0.65918778255006,-4.41463171935284));
#5065=CARTESIAN_POINT('Ctrl Pts',(0.35995156593403,0.658856266658121,-4.46233605991253));
#5066=CARTESIAN_POINT('Ctrl Pts',(0.748843939786512,0.0537537326895103,
-4.51004040047221));
#5067=CARTESIAN_POINT('Ctrl Pts',(0.450364674689044,-0.600689911456211,
-4.5577447410319));
#5068=CARTESIAN_POINT('Ctrl Pts',(-0.261509008281953,-0.703754039789773,
-4.60544908159159));
#5069=CARTESIAN_POINT('Ctrl Pts',(-0.733340853331173,-0.160835017233646,
-4.65315342215127));
#5070=CARTESIAN_POINT('Ctrl Pts',(-0.532031503691803,0.529716140033959,
-4.70085776271095));
#5071=CARTESIAN_POINT('Ctrl Pts',(0.157635095349753,0.734035344276494,-4.74856210327064));
#5072=CARTESIAN_POINT('Ctrl Pts',(0.702606801250451,0.264575873370287,-4.79626644383032));
#5073=CARTESIAN_POINT('Ctrl Pts',(0.602648418445899,-0.447740542812123,
-4.84397078439));
#5074=CARTESIAN_POINT('Ctrl Pts',(-0.0504872141015638,-0.749071259057041,
-4.89167512494969));
#5075=CARTESIAN_POINT('Ctrl Pts',(-0.657280107849671,-0.362821677629887,
-4.93937946550937));
#5076=CARTESIAN_POINT('Ctrl Pts',(-0.660748756080574,0.356465694381678,
-4.98708380606906));
#5077=CARTESIAN_POINT('Ctrl Pts',(-0.0577092505154765,0.74854949892307,
-5.03478814662874));
#5078=CARTESIAN_POINT('Ctrl Pts',(0.598302176169403,0.453531934844723,-5.08249248718843));
#5079=CARTESIAN_POINT('Ctrl Pts',(0.705125814090005,-0.257787308137824,
-5.13019682774811));
#5080=CARTESIAN_POINT('Ctrl Pts',(0.164707135226767,-0.73248090045982,-5.1779011683078));
#5081=CARTESIAN_POINT('Ctrl Pts',(-0.526897935716844,-0.534822657775799,
-5.22560550886748));
#5082=CARTESIAN_POINT('Ctrl Pts',(-0.734857912682284,0.153754863667058,
-5.27330984942717));
#5083=CARTESIAN_POINT('Ctrl Pts',(-0.268284170406085,0.701199196977974,
-5.32101418998684));
#5084=CARTESIAN_POINT('Ctrl Pts',(0.444550401555043,0.605005496181887,-5.36871853054654));
#5085=CARTESIAN_POINT('Ctrl Pts',(0.749327537410241,-0.0465290405203185,
-5.41642287110621));
#5086=CARTESIAN_POINT('Ctrl Pts',(0.366289135028134,-0.655354087111218,
-5.4641272116659));
#5087=CARTESIAN_POINT('Ctrl Pts',(-0.352969873139507,-0.662622802647873,
-5.51183155222559));
#5088=CARTESIAN_POINT('Ctrl Pts',(-0.748234164505373,-0.0616631575577069,
-5.55953589278527));
#5089=CARTESIAN_POINT('Ctrl Pts',(-0.456686535992405,0.595897741039764,
-5.60724023334495));
#5090=CARTESIAN_POINT('Ctrl Pts',(0.254058412620353,0.706477906880229,-5.65494457390464));
#5091=CARTESIAN_POINT('Ctrl Pts',(0.731600502541806,0.168574655905379,-5.70264891446432));
#5092=CARTESIAN_POINT('Ctrl Pts',(0.537598883860721,-0.524065024595939,
-5.75035325502401));
#5093=CARTESIAN_POINT('Ctrl Pts',(-0.149870340370264,-0.735659969694112,
-5.79805759558368));
#5094=CARTESIAN_POINT('Ctrl Pts',(-0.699772020795444,-0.271984979079544,
-5.84576193614338));
#5095=CARTESIAN_POINT('Ctrl Pts',(-0.607345686971604,0.441347851983019,
-5.89346627670306));
#5096=CARTESIAN_POINT('Ctrl Pts',(0.0425695682179712,0.749562900492531,
-5.94117061726274));
#5097=CARTESIAN_POINT('Ctrl Pts',(0.65340977409391,0.369746368544149,-5.98887495782243));
#5098=CARTESIAN_POINT('Ctrl Pts',(0.664478354051513,-0.349464199783077,
-6.03657929838211));
#5099=CARTESIAN_POINT('Ctrl Pts',(0.0656153434545332,-0.747897945335047,
-6.0842836389418));
#5100=CARTESIAN_POINT('Ctrl Pts',(-0.593476673180031,-0.459828390080695,
-6.13198797950149));
#5101=CARTESIAN_POINT('Ctrl Pts',(-0.707810280420746,0.250322425810673,
-6.17969232006116));
#5102=CARTESIAN_POINT('Ctrl Pts',(-0.172437471319051,0.730699684150836,
-6.22739666062085));
#5103=CARTESIAN_POINT('Ctrl Pts',(0.521217485743613,0.540360104456414,-6.27510100118054));
#5104=CARTESIAN_POINT('Ctrl Pts',(0.736441492924917,-0.145981633884386,
-6.32280534174022));
#5105=CARTESIAN_POINT('Ctrl Pts',(0.275678196093509,-0.698325312538268,
-6.37050968229991));
#5106=CARTESIAN_POINT('Ctrl Pts',(-0.438132983485787,-0.609668925495538,
-6.41821402285959));
#5107=CARTESIAN_POINT('Ctrl Pts',(-0.749777341734437,0.0386089077115192,
-6.46591836341928));
#5108=CARTESIAN_POINT('Ctrl Pts',(-0.373193281679457,0.651447223067501,
-6.51362270397895));
#5109=CARTESIAN_POINT('Ctrl Pts',(0.345948772162925,0.666315358499265,-6.56132704453865));
#5110=CARTESIAN_POINT('Ctrl Pts',(0.747540850796656,0.0695656978923333,
-6.60903138509832));
#5111=CARTESIAN_POINT('Ctrl Pts',(0.462957409413998,-0.591039040167162,
-6.65673572565802));
#5112=CARTESIAN_POINT('Ctrl Pts',(-0.246579451987852,-0.709122897522292,
-6.70444006621769));
#5113=CARTESIAN_POINT('Ctrl Pts',(-0.729778470430603,-0.176295473648658,
-6.75214440677737));
#5114=CARTESIAN_POINT('Ctrl Pts',(-0.543106242491531,0.518355398640519,
-6.79984874733707));
#5115=CARTESIAN_POINT('Ctrl Pts',(0.142088852751218,0.737202460560789,-6.84755308789675));
#5116=CARTESIAN_POINT('Ctrl Pts',(0.696859112587046,0.279363718362691,-6.89525742845642));
#5117=CARTESIAN_POINT('Ctrl Pts',(0.611975146907318,-0.434905885796925,
-6.94296176901613));
#5118=CARTESIAN_POINT('Ctrl Pts',(-0.03464716955114,-0.749970855150475,
-6.9906661095758));
#5119=CARTESIAN_POINT('Ctrl Pts',(-0.649466488810826,-0.376629778223618,
-7.03837045013549));
#5120=CARTESIAN_POINT('Ctrl Pts',(-0.66813376471655,0.342423688401855,-7.08607479069517));
#5121=CARTESIAN_POINT('Ctrl Pts',(-0.0735141106085962,0.747162890857454,
-7.13377913125486));
#5122=CARTESIAN_POINT('Ctrl Pts',(0.588584910040509,0.466073506654948,-7.18148347181453));
#5123=CARTESIAN_POINT('Ctrl Pts',(0.710415721547015,-0.242829595625975,
-7.22918781237423));
#5124=CARTESIAN_POINT('Ctrl Pts',(0.180148555209433,-0.728836887094084,
-7.27689215293391));
#5125=CARTESIAN_POINT('Ctrl Pts',(-0.515478843173389,-0.545837221315713,
-7.32459649349359));
#5126=CARTESIAN_POINT('Ctrl Pts',(-0.737942851361552,0.138192105626274,
-7.37230083405328));
#5127=CARTESIAN_POINT('Ctrl Pts',(-0.283041443016599,0.695373461866443,
-7.42000517461296));
#5128=CARTESIAN_POINT('Ctrl Pts',(0.431666648991362,0.614264286835563,-7.46770951517265));
#5129=CARTESIAN_POINT('Ctrl Pts',(0.750143435339278,-0.0306844643170795,
-7.51541385573233));
#5130=CARTESIAN_POINT('Ctrl Pts',(0.380055762256962,-0.647467626610258,
-7.56311819629202));
#5131=CARTESIAN_POINT('Ctrl Pts',(-0.338889046892201,-0.669933521947909,
-7.6108225368517));
#5132=CARTESIAN_POINT('Ctrl Pts',(-0.746764076067069,-0.0774604713950156,
-7.65852687741138));
#5133=CARTESIAN_POINT('Ctrl Pts',(-0.469176594826877,0.586114351299895,
-7.70623121797108));
#5134=CARTESIAN_POINT('Ctrl Pts',(0.239072961391239,0.711688716409539,-7.75393555853074));
#5135=CARTESIAN_POINT('Ctrl Pts',(0.727874960422793,0.183996608453955,-7.80163989909044));
#5136=CARTESIAN_POINT('Ctrl Pts',(0.548552964701741,-0.512587899632806,
-7.84934423965012));
#5137=CARTESIAN_POINT('Ctrl Pts',(-0.134291501275776,-0.738662644661373,
-7.8970485802098));
#5138=CARTESIAN_POINT('Ctrl Pts',(-0.693868401844008,-0.286711267402382,
-7.94475292076949));
#5139=CARTESIAN_POINT('Ctrl Pts',(-0.616536281385689,0.428415363482859,
-7.99245726132917));
#5140=CARTESIAN_POINT('Ctrl Pts',(0.0267209026165916,0.750295077483777,
-8.04016160188887));
#5141=CARTESIAN_POINT('Ctrl Pts',(0.645450692258126,0.383471138153237,-8.08786594244853));
#5142=CARTESIAN_POINT('Ctrl Pts',(0.671714579958449,-0.335344946293079,
-8.13557028300824));
#5143=CARTESIAN_POINT('Ctrl Pts',(0.0814046701005206,-0.74634441755723,
-8.1832746235679));
#5144=CARTESIAN_POINT('Ctrl Pts',(-0.583627432903625,-0.472266587316235,
-8.2309789641276));
#5145=CARTESIAN_POINT('Ctrl Pts',(-0.712941846578071,0.235309654139066,
-8.27868330468728));
#5146=CARTESIAN_POINT('Ctrl Pts',(-0.187839525974964,0.72689271726601,-8.32638764524697));
#5147=CARTESIAN_POINT('Ctrl Pts',(0.509682648710582,0.551253396847764,-8.37409198580664));
#5148=CARTESIAN_POINT('Ctrl Pts',(0.739361820370014,-0.130387148573856,
-8.42179632636634));
#5149=CARTESIAN_POINT('Ctrl Pts',(0.29037308908645,-0.692343974528585,-8.46950066692602));
#5150=CARTESIAN_POINT('Ctrl Pts',(-0.4251521200191,-0.618791067142553,-8.5172050074857));
#5151=CARTESIAN_POINT('Ctrl Pts',(-0.75042577735582,0.0227565950825318,
-8.56490934804539));
#5152=CARTESIAN_POINT('Ctrl Pts',(-0.386875810573792,0.643415742047979,
-8.61261368860506));
#5153=CARTESIAN_POINT('Ctrl Pts',(0.331791485511528,0.6734768890413,-8.66031802916476));
#5154=CARTESIAN_POINT('Ctrl Pts',(0.74590392707194,0.0853465966228176,-8.70802236972445));
#5155=CARTESIAN_POINT('Ctrl Pts',(0.475343397817278,-0.581124224244712,
-8.75572671028412));
#5156=CARTESIAN_POINT('Ctrl Pts',(-0.231539778801776,-0.714175077116827,
-8.80343105084381));
#5157=CARTESIAN_POINT('Ctrl Pts',(-0.725890185247227,-0.191677200429818,
-8.85113539140349));
#5158=CARTESIAN_POINT('Ctrl Pts',(-0.553938441986943,0.506763171348738,
-8.89883973196318));
#5159=CARTESIAN_POINT('Ctrl Pts',(0.126479155756013,0.740040359255243,-8.94654407252286));
#5160=CARTESIAN_POINT('Ctrl Pts',(0.690800223877555,0.294026805323354,-8.99424841308256));
#5161=CARTESIAN_POINT('Ctrl Pts',(0.621028578504263,-0.421877008667641,
-9.04195275364222));
#5162=CARTESIAN_POINT('Ctrl Pts',(-0.0187916473162767,-0.750535533232433,
-9.08965709420192));
#5163=CARTESIAN_POINT('Ctrl Pts',(-0.641362842346841,-0.390269680840425,
-9.13736143476159));
#5164=CARTESIAN_POINT('Ctrl Pts',(-0.675220381883225,0.328228756823759,
-9.18506577532129));
#5165=CARTESIAN_POINT('Ctrl Pts',(-0.0892861752662923,0.745442629992423,
-9.23277011588097));
#5166=CARTESIAN_POINT('Ctrl Pts',(0.57860486022764,0.47840691566052,-9.28047445644066));
#5167=CARTESIAN_POINT('Ctrl Pts',(0.715388250407792,-0.227763393645555,
-9.32817879700033));
#5168=CARTESIAN_POINT('Ctrl Pts',(0.195509758072544,-0.724867481303645,
-9.37588313756002));
#5169=CARTESIAN_POINT('Ctrl Pts',(-0.503829991113595,-0.556607856666819,
-9.42358747811971));
#5170=CARTESIAN_POINT('Ctrl Pts',(-0.740697404945574,0.122567312697272,
-9.47129181867938));
#5171=CARTESIAN_POINT('Ctrl Pts',(-0.297673900486084,0.689237797653451,
-9.51899615923908));
#5172=CARTESIAN_POINT('Ctrl Pts',(0.418593125892923,0.623247607578736,-9.56670049979876));
#5173=CARTESIAN_POINT('Ctrl Pts',(0.750618649552871,-0.0148240001716326,
-9.61440484035844));
#5174=CARTESIAN_POINT('Ctrl Pts',(0.393663437602574,-0.639296160764796,
-9.66210918091813));
#5175=CARTESIAN_POINT('Ctrl Pts',(-0.324677286956481,-0.676937223571102,
-9.70981352147781));
#5176=CARTESIAN_POINT('Ctrl Pts',(-0.744921841723161,-0.09323804605089,
-9.75751786203749));
#5177=CARTESIAN_POINT('Ctrl Pts',(-0.481530375953601,0.576097355677017,
-9.80522220259718));
#5178=CARTESIAN_POINT('Ctrl Pts',(0.224119626518257,0.716528368052294,-9.85292654315687));
#5179=CARTESIAN_POINT('Ctrl Pts',(0.723560192582756,0.199437665338695,-9.90063088371654));
#5180=CARTESIAN_POINT('Ctrl Pts',(0.559771598119219,-0.501075731911702,
-9.94833522427624));
#5181=CARTESIAN_POINT('Ctrl Pts',(-0.119693339832565,-0.740951066536625,
-9.99603956483592));
#5182=CARTESIAN_POINT('Ctrl Pts',(-0.496638525315938,-0.448453792834776,
-10.0278424585424));
#5183=CARTESIAN_POINT('Ctrl Pts',(-0.58149466867318,-0.25479331770891,-10.0437439053956));
#5184=CARTESIAN_POINT('Ctrl Pts',(0.496791050060464,0.453642166337987,1.80411241501588E-15));
#5185=CARTESIAN_POINT('Ctrl Pts',(0.647871639794157,0.28819131016331,-0.0159014468532263));
#5186=CARTESIAN_POINT('Ctrl Pts',(0.769092607305122,-0.202650620406356,
-0.0477043405596825));
#5187=CARTESIAN_POINT('Ctrl Pts',(0.244627057839336,-0.757593531817661,
-0.095408681119367));
#5188=CARTESIAN_POINT('Ctrl Pts',(-0.504259687497865,-0.615036704694882,
-0.143113021679051));
#5189=CARTESIAN_POINT('Ctrl Pts',(-0.790337357154891,0.0910104477005339,
-0.190817362238736));
#5190=CARTESIAN_POINT('Ctrl Pts',(-0.350927693361905,0.714070969642433,
-0.23852170279842));
#5191=CARTESIAN_POINT('Ctrl Pts',(0.410587269073336,0.68138719935109,-0.286226043358104));
#5192=CARTESIAN_POINT('Ctrl Pts',(0.795227746100627,0.0234046332479486,
-0.333930383917789));
#5193=CARTESIAN_POINT('Ctrl Pts',(0.449916270300109,-0.656142363811616,
-0.381634724477473));
#5194=CARTESIAN_POINT('Ctrl Pts',(-0.308375845313721,-0.733366664547485,
-0.429339065037157));
#5195=CARTESIAN_POINT('Ctrl Pts',(-0.783607718338563,-0.137448670935719,
-0.477043405596843));
#5196=CARTESIAN_POINT('Ctrl Pts',(-0.539557310268945,0.584646813554809,
-0.524747746156526));
#5197=CARTESIAN_POINT('Ctrl Pts',(0.19975804217905,0.770082612599014,-0.572452086716211));
#5198=CARTESIAN_POINT('Ctrl Pts',(0.755713580115728,0.24865489772192,-0.620156427275895));
#5199=CARTESIAN_POINT('Ctrl Pts',(0.61799167531999,-0.501017487876987,-0.667860767835579));
#5200=CARTESIAN_POINT('Ctrl Pts',(-0.0869911670026683,-0.790799785462304,
-0.715565108395265));
#5201=CARTESIAN_POINT('Ctrl Pts',(-0.712123937522403,-0.35469922603429,
-0.763269448954947));
#5202=CARTESIAN_POINT('Ctrl Pts',(-0.683590727826511,0.406983699313412,
-0.810973789514635));
#5203=CARTESIAN_POINT('Ctrl Pts',(-0.0275824879038743,0.795091918911031,
-0.858678130074314));
#5204=CARTESIAN_POINT('Ctrl Pts',(0.653744008142483,0.453377070554966,-0.906382470634003));
#5205=CARTESIAN_POINT('Ctrl Pts',(0.734992079425113,-0.304497343134945,
-0.954086811193684));
#5206=CARTESIAN_POINT('Ctrl Pts',(0.141583279440192,-0.78287045929569,-1.00179115175337));
#5207=CARTESIAN_POINT('Ctrl Pts',(-0.581786285492142,-0.54263865101659,
-1.04949549231305));
#5208=CARTESIAN_POINT('Ctrl Pts',(-0.771128169163267,0.195686823075283,
-1.09719983287274));
#5209=CARTESIAN_POINT('Ctrl Pts',(-0.252643488174331,0.754389324529163,
-1.14490417343242));
#5210=CARTESIAN_POINT('Ctrl Pts',(0.497745277723657,0.620630022272555,-1.19260851399211));
#5211=CARTESIAN_POINT('Ctrl Pts',(0.791248477508318,-0.0828120316773178,
-1.24031285455179));
#5212=CARTESIAN_POINT('Ctrl Pts',(0.358456472259968,-0.710240060221716,
-1.28801719511148));
#5213=CARTESIAN_POINT('Ctrl Pts',(-0.403366456185199,-0.685731352508088,
-1.33572153567116));
#5214=CARTESIAN_POINT('Ctrl Pts',(-0.794935120211648,-0.0317827058430223,
-1.38342587623085));
#5215=CARTESIAN_POINT('Ctrl Pts',(-0.456824571514424,0.65133961693408,-1.43113021679053));
#5216=CARTESIAN_POINT('Ctrl Pts',(0.300610001525287,0.736590532609431,-1.47883455735021));
#5217=CARTESIAN_POINT('Ctrl Pts',(0.782111528364785,0.145717339178122,-1.5265388979099));
#5218=CARTESIAN_POINT('Ctrl Pts',(0.545704750776184,-0.578911315071652,
-1.57424323846958));
#5219=CARTESIAN_POINT('Ctrl Pts',(-0.1916100918906,-0.772151253593549,-1.62194757902927));
#5220=CARTESIAN_POINT('Ctrl Pts',(-0.753044038813153,-0.256625527465579,
-1.66965191958895));
#5221=CARTESIAN_POINT('Ctrl Pts',(-0.62325103221586,0.49445943876209,-1.71735626014864));
#5222=CARTESIAN_POINT('Ctrl Pts',(0.0786305775336816,0.791674944668669,
-1.76506060070832));
#5223=CARTESIAN_POINT('Ctrl Pts',(0.708336362549522,0.362203786878754,-1.812764941268));
#5224=CARTESIAN_POINT('Ctrl Pts',(0.687852834966658,-0.39973799314996,-1.86046928182769));
#5225=CARTESIAN_POINT('Ctrl Pts',(0.0359820377449436,-0.794756112715713,
-1.90817362238738));
#5226=CARTESIAN_POINT('Ctrl Pts',(-0.648917046070834,-0.460259332396356,
-1.95587796294706));
#5227=CARTESIAN_POINT('Ctrl Pts',(-0.738168425736896,0.296714274992557,
-2.00358230350674));
#5228=CARTESIAN_POINT('Ctrl Pts',(-0.149847331805149,0.781330764075065,
-2.05128664406643));
#5229=CARTESIAN_POINT('Ctrl Pts',(0.576020186131235,0.548755620389059,-2.09899098462611));
#5230=CARTESIAN_POINT('Ctrl Pts',(0.7731527856517,-0.187528013316051,-2.14669532518579));
#5231=CARTESIAN_POINT('Ctrl Pts',(0.260600403834614,-0.751677733646861,
-2.19439966574548));
#5232=CARTESIAN_POINT('Ctrl Pts',(-0.491159798434196,-0.625854646176989,
-2.24210400630516));
#5233=CARTESIAN_POINT('Ctrl Pts',(-0.792079314548445,0.0744469287728781,
-2.28980834686485));
#5234=CARTESIAN_POINT('Ctrl Pts',(-0.365940991649219,0.706412893688975,
-2.33751268742453));
#5235=CARTESIAN_POINT('Ctrl Pts',(0.39609837260797,0.68995511807404,-2.38521702798422));
#5236=CARTESIAN_POINT('Ctrl Pts',(0.794554921943048,0.0401803652960625,
-2.4329213685439));
#5237=CARTESIAN_POINT('Ctrl Pts',(0.463681246495315,-0.646476362590153,
-2.48062570910359));
#5238=CARTESIAN_POINT('Ctrl Pts',(-0.292810266555138,-0.739725715072252,
-2.52833004966327));
#5239=CARTESIAN_POINT('Ctrl Pts',(-0.780528191238496,-0.153973141882635,
-2.57603439022295));
#5240=CARTESIAN_POINT('Ctrl Pts',(-0.551791173105332,0.573112979282695,
-2.62373873078264));
#5241=CARTESIAN_POINT('Ctrl Pts',(0.18344070044945,0.774132737428059,-2.67144307134232));
#5242=CARTESIAN_POINT('Ctrl Pts',(0.750290447610832,0.264568006310635,-2.71914741190201));
#5243=CARTESIAN_POINT('Ctrl Pts',(0.628440791249264,-0.487846448827134,
-2.76685175246169));
#5244=CARTESIAN_POINT('Ctrl Pts',(-0.0702612020453626,-0.79246157586749,
-2.81455609302138));
#5245=CARTESIAN_POINT('Ctrl Pts',(-0.704469707393378,-0.369667982254801,
-2.86226043358106));
#5246=CARTESIAN_POINT('Ctrl Pts',(-0.692038143116706,0.392447696146669,
-2.90996477414075));
#5247=CARTESIAN_POINT('Ctrl Pts',(-0.044377571330643,0.79433155351027,-2.95766911470043));
#5248=CARTESIAN_POINT('Ctrl Pts',(0.644017634626137,0.467090218298139,-3.00537345526012));
#5249=CARTESIAN_POINT('Ctrl Pts',(0.741262357143284,-0.288898085181658,
-3.0530777958198));
#5250=CARTESIAN_POINT('Ctrl Pts',(0.158094654253424,-0.779703832256668,
-3.10078213637948));
#5251=CARTESIAN_POINT('Ctrl Pts',(-0.570189775673554,-0.554811324196422,
-3.14848647693917));
#5252=CARTESIAN_POINT('Ctrl Pts',(-0.77509108156942,0.179348267376054,-3.19619081749885));
#5253=CARTESIAN_POINT('Ctrl Pts',(-0.268528224150099,0.748882219427087,
-3.24389515805854));
#5254=CARTESIAN_POINT('Ctrl Pts',(0.484519482423498,0.631009395248051,-3.29159949861822));
#5255=CARTESIAN_POINT('Ctrl Pts',(0.792821717956003,-0.0660735141833562,
-3.3393038391779));
#5256=CARTESIAN_POINT('Ctrl Pts',(0.37338465466759,-0.702506857901054,-3.3870081797376));
#5257=CARTESIAN_POINT('Ctrl Pts',(-0.388786065663959,-0.694101851953144,
-3.43471252029727));
#5258=CARTESIAN_POINT('Ctrl Pts',(-0.79408601365204,-0.048573538696047,
-3.48241686085696));
#5259=CARTESIAN_POINT('Ctrl Pts',(-0.470486152653429,0.641540930806931,
-3.53012120141664));
#5260=CARTESIAN_POINT('Ctrl Pts',(0.284977840069134,0.742778309059155,-3.57782554197633));
#5261=CARTESIAN_POINT('Ctrl Pts',(0.778857710139139,0.162211753877642,-3.62552988253601));
#5262=CARTESIAN_POINT('Ctrl Pts',(0.557815989363705,-0.567250656896437,
-3.67323422309569));
#5263=CARTESIAN_POINT('Ctrl Pts',(-0.175250828324084,-0.776027791326424,
-3.72093856365538));
#5264=CARTESIAN_POINT('Ctrl Pts',(-0.747453088402171,-0.272480946815187,
-3.76864290421507));
#5265=CARTESIAN_POINT('Ctrl Pts',(-0.633560386478335,0.481178992085763,
-3.81634724477475));
#5266=CARTESIAN_POINT('Ctrl Pts',(0.0618839820738397,0.793159730761673,
-3.86405158533444));
#5267=CARTESIAN_POINT('Ctrl Pts',(0.700524399999166,0.37709090514762,-3.91175592589412));
#5268=CARTESIAN_POINT('Ctrl Pts',(0.696146186981004,-0.385113583363477,
-3.9594602664538));
#5269=CARTESIAN_POINT('Ctrl Pts',(0.052768150274195,-0.793818309221881,
-4.00716460701349));
#5270=CARTESIAN_POINT('Ctrl Pts',(-0.639046320262427,-0.473868954773674,
-4.05486894757317));
#5271=CARTESIAN_POINT('Ctrl Pts',(-0.744273528506533,0.281049640639666,
-4.10257328813286));
#5272=CARTESIAN_POINT('Ctrl Pts',(-0.166324325838573,0.777989848502915,
-4.15027762869254));
#5273=CARTESIAN_POINT('Ctrl Pts',(0.56429570498818,0.5608050847408,-4.19798196925223));
#5274=CARTESIAN_POINT('Ctrl Pts',(0.776942840553582,-0.171148497661477,
-4.24568630981191));
#5275=CARTESIAN_POINT('Ctrl Pts',(0.276426063977292,-0.746003094426067,
-4.2933906503716));
#5276=CARTESIAN_POINT('Ctrl Pts',(-0.477825071053873,-0.636093693736706,
-4.34109499093128));
#5277=CARTESIAN_POINT('Ctrl Pts',(-0.793475604849873,0.0576927226552534,
-4.38879933149096));
#5278=CARTESIAN_POINT('Ctrl Pts',(-0.380786630245831,0.698522389022191,
-4.43650367205065));
#5279=CARTESIAN_POINT('Ctrl Pts',(0.381430351751744,0.698171091138688,-4.48420801261033));
#5280=CARTESIAN_POINT('Ctrl Pts',(0.793528447691972,0.0569612889848705,
-4.53191235317002));
#5281=CARTESIAN_POINT('Ctrl Pts',(0.477238530237924,-0.636533872622338,
-4.5796166937297));
#5282=CARTESIAN_POINT('Ctrl Pts',(-0.277113596537367,-0.745747973750765,
-4.62732103428938));
#5283=CARTESIAN_POINT('Ctrl Pts',(-0.777100271571797,-0.170432255345893,
-4.67502537484907));
#5284=CARTESIAN_POINT('Ctrl Pts',(-0.56377852689592,0.561325002427569,-4.72272971540875));
#5285=CARTESIAN_POINT('Ctrl Pts',(0.16704138989271,0.777836203709982,-4.77043405596843));
#5286=CARTESIAN_POINT('Ctrl Pts',(0.744532277971085,0.280363465520091,-4.81813839652813));
#5287=CARTESIAN_POINT('Ctrl Pts',(0.63860924631336,-0.474457812942655,-4.8658427370878));
#5288=CARTESIAN_POINT('Ctrl Pts',(-0.0534998529142598,-0.793769331403901,
-4.91354707764749));
#5289=CARTESIAN_POINT('Ctrl Pts',(-0.696500880850366,-0.384471726806944,
-4.96125141820718));
#5290=CARTESIAN_POINT('Ctrl Pts',(-0.700176507906967,0.377736473635324,
-5.00895575876685));
#5291=CARTESIAN_POINT('Ctrl Pts',(-0.0611528377889548,0.793216437152939,
-5.05666009932655));
#5292=CARTESIAN_POINT('Ctrl Pts',(0.634003658014233,0.480594784994406,-5.10436443988621));
#5293=CARTESIAN_POINT('Ctrl Pts',(0.747201603637061,-0.273169817625317,
-5.15206878044592));
#5294=CARTESIAN_POINT('Ctrl Pts',(0.174535427738846,-0.776189004175699,
-5.19977312100559));
#5295=CARTESIAN_POINT('Ctrl Pts',(-0.558338632133011,-0.566736232834187,
-5.24747746156529));
#5296=CARTESIAN_POINT('Ctrl Pts',(-0.778707855860031,0.1629296196556,-5.29518180212496));
#5297=CARTESIAN_POINT('Ctrl Pts',(-0.284293041542615,0.74304068009073,-5.34288614268466));
#5298=CARTESIAN_POINT('Ctrl Pts',(0.471077311739199,0.641106973994057,-5.39059048324433));
#5299=CARTESIAN_POINT('Ctrl Pts',(0.794040902225254,-0.0493054898824686,
-5.43829482380402));
#5300=CARTESIAN_POINT('Ctrl Pts',(0.388146091972338,-0.69445993190813,-5.4859991643637));
#5301=CARTESIAN_POINT('Ctrl Pts',(-0.374032052117939,-0.702162381310543,
-5.53370350492339));
#5302=CARTESIAN_POINT('Ctrl Pts',(-0.792882286313645,-0.0653426796917072,
-5.58140784548307));
#5303=CARTESIAN_POINT('Ctrl Pts',(-0.483937625363152,0.631455747061596,
-5.62911218604275));
#5304=CARTESIAN_POINT('Ctrl Pts',(0.269218413982487,0.748634377591629,-5.67681652660244));
#5305=CARTESIAN_POINT('Ctrl Pts',(0.775256071749977,0.178633728489454,-5.72452086716212));
#5306=CARTESIAN_POINT('Ctrl Pts',(0.56967811999994,-0.555336677460237,-5.77222520772182));
#5307=CARTESIAN_POINT('Ctrl Pts',(-0.158813301718104,-0.779557772674125,
-5.81992954828149));
#5308=CARTESIAN_POINT('Ctrl Pts',(-0.741528342418573,-0.28821468236232,
-5.86763388884118));
#5309=CARTESIAN_POINT('Ctrl Pts',(-0.643586807062075,0.467683661800243,
-5.91533822940087));
#5310=CARTESIAN_POINT('Ctrl Pts',(0.0451097506331713,0.794290309733829,
-5.96304256996053));
#5311=CARTESIAN_POINT('Ctrl Pts',(0.692399599162576,0.391809623182932,-6.01074691052025));
#5312=CARTESIAN_POINT('Ctrl Pts',(0.704128655919594,-0.370317190597612,
-6.05845125107991));
#5313=CARTESIAN_POINT('Ctrl Pts',(0.0695306977460324,-0.792526004500923,
-6.10615559163961));
#5314=CARTESIAN_POINT('Ctrl Pts',(-0.628890210881869,-0.487266958038616,
-6.15385993219928));
#5315=CARTESIAN_POINT('Ctrl Pts',(-0.750046255622789,0.265259495900666,
-6.20156427275897));
#5316=CARTESIAN_POINT('Ctrl Pts',(-0.182727043205744,0.774301500334678,
-6.24926861331865));
#5317=CARTESIAN_POINT('Ctrl Pts',(0.552319222199969,0.572604106279086,-6.29697295387834));
#5318=CARTESIAN_POINT('Ctrl Pts',(0.780385930429333,-0.154692550975102,
-6.34467729443802));
#5319=CARTESIAN_POINT('Ctrl Pts',(0.292128278518171,-0.739995307167051,
-6.3923816349977));
#5320=CARTESIAN_POINT('Ctrl Pts',(-0.464276957849524,-0.646048676300199,
-6.4400859755574));
#5321=CARTESIAN_POINT('Ctrl Pts',(-0.794517546968143,0.0409127522780591,
-6.48779031611706));
#5322=CARTESIAN_POINT('Ctrl Pts',(-0.395462218182058,0.690319940121806,
-6.53549465667677));
#5323=CARTESIAN_POINT('Ctrl Pts',(0.366591992763751,0.706075276851378,-6.58319899723644));
#5324=CARTESIAN_POINT('Ctrl Pts',(0.792147601659325,0.0737167750557513,
-6.63090333779613));
#5325=CARTESIAN_POINT('Ctrl Pts',(0.490582690092297,-0.62630712108442,-6.6786076783558));
#5326=CARTESIAN_POINT('Ctrl Pts',(-0.261293173881393,-0.751437198322146,
-6.72631201891551));
#5327=CARTESIAN_POINT('Ctrl Pts',(-0.773325316573856,-0.186815257634877,
-6.77401635947517));
#5328=CARTESIAN_POINT('Ctrl Pts',(-0.575514110001324,0.549286350575574,
-6.82172070003487));
#5329=CARTESIAN_POINT('Ctrl Pts',(0.150567482445219,0.781192306010086,-6.86942504059455));
#5330=CARTESIAN_POINT('Ctrl Pts',(0.738441617126333,0.296033720773645,-6.91712938115424));
#5331=CARTESIAN_POINT('Ctrl Pts',(0.648492512992588,-0.460857294975143,
-6.96483372171391));
#5332=CARTESIAN_POINT('Ctrl Pts',(-0.0367146119639845,-0.794722607585554,
-7.01253806227361));
#5333=CARTESIAN_POINT('Ctrl Pts',(-0.688221012833382,-0.399103775018272,
-7.06024240283327));
#5334=CARTESIAN_POINT('Ctrl Pts',(-0.708002189771694,0.362856562594276,
-7.10794674339298));
#5335=CARTESIAN_POINT('Ctrl Pts',(-0.0779007947788423,0.791747088350865,
-7.15565108395266));
#5336=CARTESIAN_POINT('Ctrl Pts',(0.623706549768597,0.493884728975288,-7.20335542451234));
#5337=CARTESIAN_POINT('Ctrl Pts',(0.752807166865619,-0.257319558632857,
-7.25105976507202));
#5338=CARTESIAN_POINT('Ctrl Pts',(0.190898257666398,-0.772327547714817,
-7.29876410563171));
#5339=CARTESIAN_POINT('Ctrl Pts',(-0.546238147240737,-0.578408049942468,
-7.34646844619139));
#5340=CARTESIAN_POINT('Ctrl Pts',(-0.781976876908772,0.146438211267585,
-7.39417278675108));
#5341=CARTESIAN_POINT('Ctrl Pts',(-0.299930900119833,0.736867315663109,
-7.44187712731076));
#5342=CARTESIAN_POINT('Ctrl Pts',(0.457424768626919,0.650918248926737,-7.48958146787045));
#5343=CARTESIAN_POINT('Ctrl Pts',(0.794905485862385,-0.0325154468696646,
-7.53728580843013));
#5344=CARTESIAN_POINT('Ctrl Pts',(0.402734192048251,-0.686102875882685,
-7.58499014898982));
#5345=CARTESIAN_POINT('Ctrl Pts',(-0.359111004352726,-0.709909340896441,
-7.6326944895495));
#5346=CARTESIAN_POINT('Ctrl Pts',(-0.791324475754679,-0.0820826401307215,
-7.68039883010918));
#5347=CARTESIAN_POINT('Ctrl Pts',(-0.497172982520913,0.621088569521697,
-7.72810317066888));
#5348=CARTESIAN_POINT('Ctrl Pts',(0.253338761066831,0.754156123014569,-7.77580751122854));
#5349=CARTESIAN_POINT('Ctrl Pts',(0.771308221607322,0.194975929335386,-7.82351185178825));
#5350=CARTESIAN_POINT('Ctrl Pts',(0.581285845326722,-0.543174697277078,
-7.87121619234792));
#5351=CARTESIAN_POINT('Ctrl Pts',(-0.142304852698651,-0.782739621226405,
-7.9189205329076));
#5352=CARTESIAN_POINT('Ctrl Pts',(-0.735272446719353,-0.303819707778453,
-7.96662487346729));
#5353=CARTESIAN_POINT('Ctrl Pts',(-0.653325816395387,0.453979474613722,
-8.01432921402698));
#5354=CARTESIAN_POINT('Ctrl Pts',(0.0283153742024326,0.795066176694127,
-8.06203355458665));
#5355=CARTESIAN_POINT('Ctrl Pts',(0.683965588391248,0.406353367939596,-8.10973789514634));
#5356=CARTESIAN_POINT('Ctrl Pts',(0.711796676993139,-0.355355422585331,
-8.15744223570604));
#5357=CARTESIAN_POINT('Ctrl Pts',(0.0862621943874615,-0.790879775666745,
-8.2051465762657));
#5358=CARTESIAN_POINT('Ctrl Pts',(-0.618453253416862,-0.500447358947273,
-8.25285091682541));
#5359=CARTESIAN_POINT('Ctrl Pts',(-0.755484029116972,0.249350892295592,
-8.30055525738507));
#5360=CARTESIAN_POINT('Ctrl Pts',(-0.199048158825451,0.770267366702788,
-8.34825959794477));
#5361=CARTESIAN_POINT('Ctrl Pts',(0.540096086191403,0.584147415829039,-8.39596393850444));
#5362=CARTESIAN_POINT('Ctrl Pts',(0.783480517673935,-0.13816752210921,-8.44366827906415));
#5363=CARTESIAN_POINT('Ctrl Pts',(0.307700035203566,-0.733657054810629,
-8.4913726196238));
#5364=CARTESIAN_POINT('Ctrl Pts',(-0.450521509098269,-0.655715148199332,
-8.53907696018351));
#5365=CARTESIAN_POINT('Ctrl Pts',(-0.795204675600327,0.0241145111967536,
-8.58678130074319));
#5366=CARTESIAN_POINT('Ctrl Pts',(-0.409961201664676,0.681809210011731,
-8.63448564130287));
#5367=CARTESIAN_POINT('Ctrl Pts',(0.351589922101049,0.713664145388846,-8.68218998186255));
#5368=CARTESIAN_POINT('Ctrl Pts',(0.790413000531841,0.0904393408768157,
-8.72989432242225));
#5369=CARTESIAN_POINT('Ctrl Pts',(0.50370776679865,-0.615800674987872,-8.77759866298192));
#5370=CARTESIAN_POINT('Ctrl Pts',(-0.245356063512917,-0.756790848152385,
-8.82530300354161));
#5371=CARTESIAN_POINT('Ctrl Pts',(-0.769205012273034,-0.203114832388671,
-8.87300734410129));
#5372=CARTESIAN_POINT('Ctrl Pts',(-0.58699268116147,0.537002399755646,-8.92071168466097));
#5373=CARTESIAN_POINT('Ctrl Pts',(0.134026334193317,0.784199545871517,-8.96841602522067));
#5374=CARTESIAN_POINT('Ctrl Pts',(0.732021186517317,0.311571773518767,-9.01612036578035));
#5375=CARTESIAN_POINT('Ctrl Pts',(0.658086174822124,-0.447050967522567,
-9.06382470634003));
#5376=CARTESIAN_POINT('Ctrl Pts',(-0.0199129697553775,-0.795320980755202,
-9.11152904689972));
#5377=CARTESIAN_POINT('Ctrl Pts',(-0.679633811071366,-0.413557588657026,
-9.1592333874594));
#5378=CARTESIAN_POINT('Ctrl Pts',(-0.715511674753654,0.347814600682331,
-9.20693772801908));
#5379=CARTESIAN_POINT('Ctrl Pts',(-0.0946139993863161,0.789924177245726,
-9.25464206857877));
#5380=CARTESIAN_POINT('Ctrl Pts',(0.613130977189145,0.506954088801759,-9.30234640913845));
#5381=CARTESIAN_POINT('Ctrl Pts',(0.758076413097511,-0.241354336461807,
-9.35005074969813));
#5382=CARTESIAN_POINT('Ctrl Pts',(0.207176083812819,-0.768121282233061,
-9.39775509025783));
#5383=CARTESIAN_POINT('Ctrl Pts',(-0.533894192778025,-0.589821383344426,
-9.4454594308175));
#5384=CARTESIAN_POINT('Ctrl Pts',(-0.784895798346846,0.129881066287559,
-9.49316377137719));
#5385=CARTESIAN_POINT('Ctrl Pts',(-0.315436495671544,0.730365528254797,
-9.54086811193687));
#5386=CARTESIAN_POINT('Ctrl Pts',(0.443571131121184,0.660437616295166,-9.58857245249657));
#5387=CARTESIAN_POINT('Ctrl Pts',(0.795409056736365,-0.0157085678601357,
-9.63627679305623));
#5388=CARTESIAN_POINT('Ctrl Pts',(0.417153855371931,-0.677443807867038,
-9.68398113361593));
#5389=CARTESIAN_POINT('Ctrl Pts',(-0.344051209912807,-0.717330962654819,
-9.73168547417562));
#5390=CARTESIAN_POINT('Ctrl Pts',(-0.789372312851924,-0.0988016835252504,
-9.7793898147353));
#5391=CARTESIAN_POINT('Ctrl Pts',(-0.510263930099937,0.610473846526909,
-9.82709415529499));
#5392=CARTESIAN_POINT('Ctrl Pts',(0.237493140932736,0.759284563069167,-9.87479849585467));
#5393=CARTESIAN_POINT('Ctrl Pts',(0.766735985865879,0.21133837449848,-9.92250283641434));
#5394=CARTESIAN_POINT('Ctrl Pts',(0.593173909431955,-0.530975583288253,
-9.97020717697403));
#5395=CARTESIAN_POINT('Ctrl Pts',(-0.126835599662444,-0.78516459626039,
-10.0179115175337));
#5396=CARTESIAN_POINT('Ctrl Pts',(-0.526273602708654,-0.475213623537107,
-10.0497144112402));
#5397=CARTESIAN_POINT('Ctrl Pts',(-0.616193224325134,-0.269997171829252,
-10.0656158580934));
#5398=CARTESIAN_POINT('',(0.143591513988279,-0.656223112219109,-10.));
#5399=CARTESIAN_POINT('Ctrl Pts',(0.143591513988223,-0.656223112219122,
-10.));
#5400=CARTESIAN_POINT('Ctrl Pts',(0.111777537313034,-0.659414047397391,
-10.));
#5401=CARTESIAN_POINT('Ctrl Pts',(0.0799213553873615,-0.660399082935214,
-10.));
#5402=CARTESIAN_POINT('Ctrl Pts',(0.0482624337841079,-0.659102226878771,
-10.));
#5403=CARTESIAN_POINT('Ctrl Pts',(0.0178529635161651,-0.657856552557187,
-10.));
#5404=CARTESIAN_POINT('Ctrl Pts',(-0.0123754885609718,-0.654505268921864,
-10.));
#5405=CARTESIAN_POINT('Ctrl Pts',(-0.0421943418568017,-0.648936930670028,
-10.));
#5406=CARTESIAN_POINT('Ctrl Pts',(-0.0622657285728168,-0.645188823078183,
-10.));
#5407=CARTESIAN_POINT('Ctrl Pts',(-0.0821511806239113,-0.640435322157462,
-10.));
#5408=CARTESIAN_POINT('Ctrl Pts',(-0.101773377066351,-0.634631359436348,
-10.));
#5409=CARTESIAN_POINT('Ctrl Pts',(-0.10817311356023,-0.632738409676907,
-10.));
#5410=CARTESIAN_POINT('Ctrl Pts',(-0.114543445525886,-0.630733897392108,
-10.));
#5411=CARTESIAN_POINT('Ctrl Pts',(-0.120870773302484,-0.628623573633404,
-10.));
#5412=CARTESIAN_POINT('Ctrl Pts',(-0.149987024782842,-0.618912567750217,
-10.));
#5413=CARTESIAN_POINT('Ctrl Pts',(-0.178263421926106,-0.60694492402521,
-10.));
#5414=CARTESIAN_POINT('Ctrl Pts',(-0.205521754628583,-0.592915445924662,
-10.));
#5415=CARTESIAN_POINT('Ctrl Pts',(-0.232771245674315,-0.578890518499719,
-10.));
#5416=CARTESIAN_POINT('Ctrl Pts',(-0.259004235161876,-0.562803880240344,
-10.));
#5417=CARTESIAN_POINT('Ctrl Pts',(-0.28400453690256,-0.544815677234755,
-10.));
#5418=CARTESIAN_POINT('Ctrl Pts',(-0.293338678747412,-0.538099580760011,
-10.));
#5419=CARTESIAN_POINT('Ctrl Pts',(-0.302500535555291,-0.531118156673818,
-10.));
#5420=CARTESIAN_POINT('Ctrl Pts',(-0.311477107107669,-0.523879028797152,
-10.));
#5421=CARTESIAN_POINT('Ctrl Pts',(-0.317168906517848,-0.519288895076476,
-10.));
#5422=CARTESIAN_POINT('Ctrl Pts',(-0.322786439849528,-0.514594717701228,
-10.));
#5423=CARTESIAN_POINT('Ctrl Pts',(-0.328314926193693,-0.509808770087209,
-10.));
#5424=CARTESIAN_POINT('Ctrl Pts',(-0.350078001104833,-0.490968724193886,
-10.));
#5425=CARTESIAN_POINT('Ctrl Pts',(-0.370510254141272,-0.470672076460458,
-10.));
#5426=CARTESIAN_POINT('Ctrl Pts',(-0.389434903426142,-0.44906114649489,
-10.));
#5427=CARTESIAN_POINT('Ctrl Pts',(-0.404649463426119,-0.431686938620966,
-10.));
#5428=CARTESIAN_POINT('Ctrl Pts',(-0.418889039046114,-0.413462555448214,
-10.));
#5429=CARTESIAN_POINT('Ctrl Pts',(-0.432040757778908,-0.394456037077763,
-10.));
#5430=CARTESIAN_POINT('Ctrl Pts',(-0.437491677093701,-0.386578511698959,
-10.));
#5431=CARTESIAN_POINT('Ctrl Pts',(-0.442757339066105,-0.378563149193388,
-10.));
#5432=CARTESIAN_POINT('Ctrl Pts',(-0.447815092756752,-0.370437882164978,
-10.));
#5433=CARTESIAN_POINT('Ctrl Pts',(-0.462534119013489,-0.346791808028287,
-10.));
#5434=CARTESIAN_POINT('Ctrl Pts',(-0.475521922256735,-0.322180773001808,
-10.));
#5435=CARTESIAN_POINT('Ctrl Pts',(-0.486589718444628,-0.296732787230293,
-10.));
#5436=CARTESIAN_POINT('Ctrl Pts',(-0.496783489782625,-0.273294431159805,
-10.));
#5437=CARTESIAN_POINT('Ctrl Pts',(-0.505348346482491,-0.249145394013023,
-10.));
#5438=CARTESIAN_POINT('Ctrl Pts',(-0.51209755736927,-0.224385609468225,
-10.));
#5439=CARTESIAN_POINT('Ctrl Pts',(0.672520485445103,0.000606261300826689,
-9.9353338364744));
#5440=CARTESIAN_POINT('Ctrl Pts',(0.671171314413541,-0.163320501969739,
-9.94695828330761));
#5441=CARTESIAN_POINT('Ctrl Pts',(0.610970723717469,-0.328209037902062,
-9.95858273014082));
#5442=CARTESIAN_POINT('Ctrl Pts',(0.502099337321892,-0.449621425819134,
-9.97020717697403));
#5443=CARTESIAN_POINT('Ctrl Pts',(0.409088862816025,-0.553345867887193,
-9.98013811798269));
#5444=CARTESIAN_POINT('Ctrl Pts',(0.280555795332938,-0.625339053295766,
-9.99006905899135));
#5445=CARTESIAN_POINT('Ctrl Pts',(0.143591513988279,-0.656223112219109,
-10.));
#5446=CARTESIAN_POINT('',(0.450036981566583,-0.330348888063384,-4.03441093977701E-16));
#5447=CARTESIAN_POINT('Ctrl Pts',(0.450036981566585,-0.330348888063381,
1.04083408558608E-17));
#5448=CARTESIAN_POINT('Ctrl Pts',(0.470470279136614,-0.309923102325721,
3.09196330917874E-17));
#5449=CARTESIAN_POINT('Ctrl Pts',(0.489309375838686,-0.288050090381094,
-2.36188758482174E-16));
#5450=CARTESIAN_POINT('Ctrl Pts',(0.506374850300419,-0.264948202463382,
-1.44849410244063E-16));
#5451=CARTESIAN_POINT('Ctrl Pts',(0.519475694563356,-0.247213316951207,
-7.47299079103351E-17));
#5452=CARTESIAN_POINT('Ctrl Pts',(0.531531405468956,-0.228752958367864,
-9.60267587150064E-17));
#5453=CARTESIAN_POINT('Ctrl Pts',(0.542452301231466,-0.209647366928017,
-1.12757025938492E-16));
#5454=CARTESIAN_POINT('Ctrl Pts',(0.546185497010344,-0.203116317198467,
-1.18476095540147E-16));
#5455=CARTESIAN_POINT('Ctrl Pts',(0.54978599203009,-0.196509747537,-8.00181320057661E-17));
#5456=CARTESIAN_POINT('Ctrl Pts',(0.553249874145379,-0.189830508403326,
-8.15320033709099E-17));
#5457=CARTESIAN_POINT('Ctrl Pts',(0.556645271370955,-0.183283325425207,
-8.30159437770802E-17));
#5458=CARTESIAN_POINT('Ctrl Pts',(0.559904822659358,-0.176675095330208,
-1.20917602171652E-17));
#5459=CARTESIAN_POINT('Ctrl Pts',(0.563025057916498,-0.170010511891023,
-2.77555756156289E-17));
#5460=CARTESIAN_POINT('Ctrl Pts',(0.565929758828002,-0.163806293300038,
-4.23373924069843E-17));
#5461=CARTESIAN_POINT('Ctrl Pts',(0.568713911863415,-0.157552877518785,
-3.44033426674034E-17));
#5462=CARTESIAN_POINT('Ctrl Pts',(0.571375173658896,-0.151252902364928,
-3.81639164714898E-17));
#5463=CARTESIAN_POINT('Ctrl Pts',(0.581625676511874,-0.126987002107408,
-5.92919755814997E-17));
#5464=CARTESIAN_POINT('Ctrl Pts',(0.590055356583302,-0.102032346651809,
-5.11793888366116E-18));
#5465=CARTESIAN_POINT('Ctrl Pts',(0.596738028249789,-0.0765731064360373,
-4.85722573273506E-17));
#5466=CARTESIAN_POINT('Ctrl Pts',(0.600933940268308,-0.0605877734232741,
-7.5856329643645E-17));
#5467=CARTESIAN_POINT('Ctrl Pts',(0.604440539439943,-0.0444029555922371,
-3.14388772083348E-17));
#5468=CARTESIAN_POINT('Ctrl Pts',(0.607269954137839,-0.0280600275164969,
-6.93889390390723E-18));
#5469=CARTESIAN_POINT('Ctrl Pts',(0.608762552496755,-0.0194386587069481,
5.98555824544793E-18));
#5470=CARTESIAN_POINT('Ctrl Pts',(0.610066723133163,-0.0107705787118173,
-8.35217801391798E-18));
#5471=CARTESIAN_POINT('Ctrl Pts',(0.611181312142566,-0.00208576674635452,
-1.04083408558608E-17));
#5472=CARTESIAN_POINT('Ctrl Pts',(0.614991698232425,0.0276045374169553,
-1.74376352642316E-17));
#5473=CARTESIAN_POINT('Ctrl Pts',(0.616601127014495,0.0575447117601444,
6.59146024039275E-17));
#5474=CARTESIAN_POINT('Ctrl Pts',(0.616111029248537,0.0874847646393313,
2.77555756156289E-17));
#5475=CARTESIAN_POINT('Ctrl Pts',(0.615608594088951,0.118178508400824,-1.13640410114404E-17));
#5476=CARTESIAN_POINT('Ctrl Pts',(0.612899897877502,0.148873304963847,6.19911458742701E-17));
#5477=CARTESIAN_POINT('Ctrl Pts',(0.608045105024934,0.17932285195954,8.32667268468867E-17));
#5478=CARTESIAN_POINT('Ctrl Pts',(0.606177575870368,0.191036104921033,9.14509622928277E-17));
#5479=CARTESIAN_POINT('Ctrl Pts',(0.603991944038094,0.202713207909292,1.25577498326627E-17));
#5480=CARTESIAN_POINT('Ctrl Pts',(0.601489627978023,0.214340415923527,1.38777878078145E-17));
#5481=CARTESIAN_POINT('Ctrl Pts',(0.599925537567152,0.221608084804552,1.4702886911747E-17));
#5482=CARTESIAN_POINT('Ctrl Pts',(0.598237204591894,0.228857567608212,-1.43142841898113E-16));
#5483=CARTESIAN_POINT('Ctrl Pts',(0.596429704385538,0.236067709865349,-1.31838984174237E-16));
#5484=CARTESIAN_POINT('Ctrl Pts',(0.588625844325332,0.267197410980195,-8.3034716541279E-17));
#5485=CARTESIAN_POINT('Ctrl Pts',(0.578589796948142,0.297667321026931,-1.96131798435125E-16));
#5486=CARTESIAN_POINT('Ctrl Pts',(0.566408172422623,0.327211807937542,-1.38777878078145E-16));
#5487=CARTESIAN_POINT('Ctrl Pts',(0.554287513396791,0.356608433255167,-8.17109974674854E-17));
#5488=CARTESIAN_POINT('Ctrl Pts',(0.54004267815174,0.385090304764201,5.19543835781539E-17));
#5489=CARTESIAN_POINT('Ctrl Pts',(0.523708765596394,0.412398520412649,6.93889390390723E-18));
#5490=CARTESIAN_POINT('Ctrl Pts',(0.51529187299443,0.426470489849576,-1.62576636097396E-17));
#5491=CARTESIAN_POINT('Ctrl Pts',(0.506319439588893,0.440230725789332,3.63401283962699E-17));
#5492=CARTESIAN_POINT('Ctrl Pts',(0.49679105006048,0.453642166337969,2.77555756156289E-17));
#5493=CARTESIAN_POINT('Ctrl Pts',(0.450036981566583,-0.330348888063384,
-3.29597460435593E-16));
#5494=CARTESIAN_POINT('Ctrl Pts',(0.380393456237701,-0.423970547118147,
-0.00993094100865559));
#5495=CARTESIAN_POINT('Ctrl Pts',(0.125407150077184,-0.614782807705315,
-0.035763328870539));
#5496=CARTESIAN_POINT('Ctrl Pts',(-0.419073342668216,-0.511136412627156,
-0.0774971635856504));
#5497=CARTESIAN_POINT('Ctrl Pts',(-0.656822915474251,0.0756357358741741,
-0.125201504145335));
#5498=CARTESIAN_POINT('Ctrl Pts',(-0.291644256200158,0.593440474362061,
-0.172905844705019));
#5499=CARTESIAN_POINT('Ctrl Pts',(0.341225332053343,0.566278087190195,-0.220610185264704));
#5500=CARTESIAN_POINT('Ctrl Pts',(0.557468009855002,0.196364049175829,-0.252880896490032));
#5501=CARTESIAN_POINT('Ctrl Pts',(0.560013734834765,0.00556052439735466,
-0.269250160862132));
#5502=CARTESIAN_POINT('Ctrl Pts',(0.56000009694957,0.000107162016262013,
-0.269717978381004));
#5503=CARTESIAN_POINT('Origin',(0.,0.,0.569717978381013));
#5504=CARTESIAN_POINT('',(-0.450372416727775,-0.331296689163631,0.));
#5505=CARTESIAN_POINT('Origin',(0.,0.,0.));
#5506=CARTESIAN_POINT('Ctrl Pts',(-0.450372416727762,-0.331296689163649,
0.));
#5507=CARTESIAN_POINT('Ctrl Pts',(-0.560707175905268,-0.181305053976183,
-0.0159014468532281));
#5508=CARTESIAN_POINT('Ctrl Pts',(-0.617806816368085,0.234975252077202,
-0.0477043405596844));
#5509=CARTESIAN_POINT('Ctrl Pts',(-0.135672737723772,0.647559958378572,
-0.0954086811193687));
#5510=CARTESIAN_POINT('Ctrl Pts',(0.42607057255016,0.477532038758537,-0.139601241472472));
#5511=CARTESIAN_POINT('Ctrl Pts',(0.557815441573014,0.14443745410289,-0.167892354972347));
#5512=CARTESIAN_POINT('Ctrl Pts',(0.559167829018826,-0.00050803554833361,
-0.180282021618994));
#5513=CARTESIAN_POINT('Ctrl Pts',(-0.541921021916671,-0.398640399990758,
0.0656158580934009));
#5514=CARTESIAN_POINT('Ctrl Pts',(-0.674683871561928,-0.218159497518266,
0.0497144112401728));
#5515=CARTESIAN_POINT('Ctrl Pts',(-0.743390333950318,0.28273940410473,0.0179115175337165));
#5516=CARTESIAN_POINT('Ctrl Pts',(-0.163251358082008,0.77919148989302,-0.0297928230259678));
#5517=CARTESIAN_POINT('Ctrl Pts',(0.566392374564934,0.558343633484589,-0.0774971635856522));
#5518=CARTESIAN_POINT('Ctrl Pts',(0.776306296446372,-0.173967175306679,
-0.125201504145337));
#5519=CARTESIAN_POINT('Ctrl Pts',(0.273553887998663,-0.747138453638115,
-0.172905844705021));
#5520=CARTESIAN_POINT('Ctrl Pts',(-0.480250919241452,-0.634215626433352,
-0.220610185264705));
#5521=CARTESIAN_POINT('Ctrl Pts',(-0.793252439381803,0.0607083901294089,
-0.26831452582439));
#5522=CARTESIAN_POINT('Ctrl Pts',(-0.378106616951235,0.699987738454835,
-0.316018866384074));
#5523=CARTESIAN_POINT('Ctrl Pts',(0.384100507287693,0.696698729183751,-0.363723206943759));
#5524=CARTESIAN_POINT('Ctrl Pts',(0.793741315438274,0.0539250601373817,
-0.411427547503443));
#5525=CARTESIAN_POINT('Ctrl Pts',(0.474796851327328,-0.638358780028318,
-0.459131888063127));
#5526=CARTESIAN_POINT('Ctrl Pts',(-0.279967594915874,-0.744680230162913,
-0.506836228622811));
#5527=CARTESIAN_POINT('Ctrl Pts',(-0.777747394473535,-0.16745524153854,
-0.554540569182496));
#5528=CARTESIAN_POINT('Ctrl Pts',(-0.561624499052237,0.563480390190431,
-0.60224490974218));
#5529=CARTESIAN_POINT('Ctrl Pts',(0.170019219053892,0.777190596321151,-0.649949250301865));
#5530=CARTESIAN_POINT('Ctrl Pts',(0.745600604577554,0.277509956417743,-0.697653590861549));
#5531=CARTESIAN_POINT('Ctrl Pts',(0.636787401890753,-0.476900213431607,
-0.745357931421233));
#5532=CARTESIAN_POINT('Ctrl Pts',(-0.0565395571130864,-0.793558583673687,
-0.793062271980918));
#5533=CARTESIAN_POINT('Ctrl Pts',(-0.697968279985392,-0.381801349552426,
-0.840766612540602));
#5534=CARTESIAN_POINT('Ctrl Pts',(-0.698724655114133,0.380415350931909,
-0.888470953100286));
#5535=CARTESIAN_POINT('Ctrl Pts',(-0.0581144069790548,0.793444825333878,
-0.936175293659972));
#5536=CARTESIAN_POINT('Ctrl Pts',(0.635839661261924,0.478163054642862,-0.983879634219656));
#5537=CARTESIAN_POINT('Ctrl Pts',(0.746149891976537,-0.276029561460858,
-1.03158397477934));
#5538=CARTESIAN_POINT('Ctrl Pts',(0.171561378700502,-0.77685176997482,-1.07928831533902));
#5539=CARTESIAN_POINT('Ctrl Pts',(-0.56050510825568,-0.56459366251854,-1.12699265589871));
#5540=CARTESIAN_POINT('Ctrl Pts',(-0.778078127978049,0.165910839327527,
-1.17469699645839));
#5541=CARTESIAN_POINT('Ctrl Pts',(-0.281445143494745,0.744124056153559,
-1.22240133701808));
#5542=CARTESIAN_POINT('Ctrl Pts',(0.473529264757663,0.639298064521162,-1.27010567757776));
#5543=CARTESIAN_POINT('Ctrl Pts',(0.793846237023885,-0.052346268196153,
-1.31781001813745));
#5544=CARTESIAN_POINT('Ctrl Pts',(0.385483493773621,-0.695941416966748,
-1.36551435869713));
#5545=CARTESIAN_POINT('Ctrl Pts',(-0.376718556746475,-0.700724702607357,
-1.41321869925682));
#5546=CARTESIAN_POINT('Ctrl Pts',(-0.793126726835905,-0.0623054974400352,
-1.4609230398165));
#5547=CARTESIAN_POINT('Ctrl Pts',(-0.481515627283483,0.63330457168247,-1.50862738037618));
#5548=CARTESIAN_POINT('Ctrl Pts',(0.272083673443137,0.747597789242676,-1.55633172093587));
#5549=CARTESIAN_POINT('Ctrl Pts',(0.775934541138763,0.175663222392244,-1.60403606149555));
#5550=CARTESIAN_POINT('Ctrl Pts',(0.567547025210268,-0.557514442869839,
-1.65174040205524));
#5551=CARTESIAN_POINT('Ctrl Pts',(-0.161797806619392,-0.778943803882545,
-1.69944474261492));
#5552=CARTESIAN_POINT('Ctrl Pts',(-0.742626749349074,-0.285372547707139,
-1.7471490831746));
#5553=CARTESIAN_POINT('Ctrl Pts',(-0.64179087687888,0.470145137365792,-1.79485342373429));
#5554=CARTESIAN_POINT('Ctrl Pts',(0.0481515149405118,0.79411171219334,-1.84255776429397));
#5555=CARTESIAN_POINT('Ctrl Pts',(0.693895130507502,0.389154889075865,-1.89026210485366));
#5556=CARTESIAN_POINT('Ctrl Pts',(0.702705190529794,-0.373011253229933,
-1.93796644541334));
#5557=CARTESIAN_POINT('Ctrl Pts',(0.0664948493042567,-0.792786487554934,
-1.98567078597303));
#5558=CARTESIAN_POINT('Ctrl Pts',(-0.630751805523587,-0.484854761410482,
-2.03337512653271));
#5559=CARTESIAN_POINT('Ctrl Pts',(-0.749024819385611,0.268130191843504,
-2.08107946709239));
#5560=CARTESIAN_POINT('Ctrl Pts',(-0.179760163032856,0.774995653936255,
-2.12878380765208));
#5561=CARTESIAN_POINT('Ctrl Pts',(0.55450821614769,0.570484546730574,-2.17648814821176));
#5562=CARTESIAN_POINT('Ctrl Pts',(0.779787737845711,-0.157680257924545,
-2.22419248877145));
#5563=CARTESIAN_POINT('Ctrl Pts',(0.289291986595824,-0.741108714241793,
-2.27189682933113));
#5564=CARTESIAN_POINT('Ctrl Pts',(-0.466747887262771,-0.644265775568919,
-2.31960116989082));
#5565=CARTESIAN_POINT('Ctrl Pts',(-0.794355022070688,0.0439554176951805,
-2.3673055104505));
#5566=CARTESIAN_POINT('Ctrl Pts',(-0.392815422267236,0.691829476000189,
-2.41500985101018));
#5567=CARTESIAN_POINT('Ctrl Pts',(0.369293538203837,0.704666064511816,-2.46271419156987));
#5568=CARTESIAN_POINT('Ctrl Pts',(0.79242411997405,0.0706823451579865,-2.51041853212955));
#5569=CARTESIAN_POINT('Ctrl Pts',(0.48818036224528,-0.628181433784659,-2.55812287268924));
#5570=CARTESIAN_POINT('Ctrl Pts',(-0.264169226179514,-0.750430942707854,
-2.60582721324892));
#5571=CARTESIAN_POINT('Ctrl Pts',(-0.774035135012909,-0.183852086197648,
-2.65353155380861));
#5572=CARTESIAN_POINT('Ctrl Pts',(-0.573406144855272,0.551486511961896,
-2.70123589436829));
#5573=CARTESIAN_POINT('Ctrl Pts',(0.153558308049793,0.780609906331303,-2.74894023492798));
#5574=CARTESIAN_POINT('Ctrl Pts',(0.739569993267828,0.293203350750815,-2.79664457548766));
#5575=CARTESIAN_POINT('Ctrl Pts',(0.646722691477656,-0.463337609267343,
-2.84434891604734));
#5576=CARTESIAN_POINT('Ctrl Pts',(-0.0397580935638443,-0.794576159867542,
-2.89205325660703));
#5577=CARTESIAN_POINT('Ctrl Pts',(-0.689744511110973,-0.396464991173206,
-2.93975759716672));
#5578=CARTESIAN_POINT('Ctrl Pts',(-0.706607269816385,0.365565515436446,
-2.9874619377264));
#5579=CARTESIAN_POINT('Ctrl Pts',(-0.07486786812226,0.792039634208105,-3.03516627828608));
#5580=CARTESIAN_POINT('Ctrl Pts',(0.625593528211439,0.491492336963298,-3.08287061884577));
#5581=CARTESIAN_POINT('Ctrl Pts',(0.751816119960878,-0.260200887009733,
-3.13057495940545));
#5582=CARTESIAN_POINT('Ctrl Pts',(0.187938877673032,-0.773053011178849,
-3.17827929996514));
#5583=CARTESIAN_POINT('Ctrl Pts',(-0.548449414654631,-0.576311738036518,
-3.22598364052482));
#5584=CARTESIAN_POINT('Ctrl Pts',(-0.781410286390806,0.149432072047204,
-3.2736879810845));
#5585=CARTESIAN_POINT('Ctrl Pts',(-0.297106530997964,0.738010629376054,
-3.32139232164419));
#5586=CARTESIAN_POINT('Ctrl Pts',(0.45991439856741,0.64916155602751,-3.36909666220387));
#5587=CARTESIAN_POINT('Ctrl Pts',(0.794775119411477,-0.0355596597024449,
-3.41680100276356));
#5588=CARTESIAN_POINT('Ctrl Pts',(0.400103493926812,-0.687640294035509,
-3.46450534332324));
#5589=CARTESIAN_POINT('Ctrl Pts',(-0.361827288984538,-0.708528752260471,
-3.51220968388293));
#5590=CARTESIAN_POINT('Ctrl Pts',(-0.791633040988883,-0.0790513013705327,
-3.55991402444261));
#5591=CARTESIAN_POINT('Ctrl Pts',(-0.494790593120516,0.622988161037696,
-3.6076183650023));
#5592=CARTESIAN_POINT('Ctrl Pts',(0.256225285098674,0.753180312481536,-3.65532270556198));
#5593=CARTESIAN_POINT('Ctrl Pts',(0.772049309847162,0.19202042338825,-3.70302704612167));
#5594=CARTESIAN_POINT('Ctrl Pts',(0.579201245173237,-0.545397008997532,
-3.75073138668134));
#5595=CARTESIAN_POINT('Ctrl Pts',(-0.145301665088515,-0.782188855683962,
-3.79843572724103));
#5596=CARTESIAN_POINT('Ctrl Pts',(-0.736430666091519,-0.301001418391479,
-3.84614006780072));
#5597=CARTESIAN_POINT('Ctrl Pts',(-0.651582301144763,0.456478350711811,
-3.8938444083604));
#5598=CARTESIAN_POINT('Ctrl Pts',(0.0313602332978923,0.794951895149124,
-3.94154874892009));
#5599=CARTESIAN_POINT('Ctrl Pts',(0.685516883506821,0.40373082896997,-3.98925308947976));
#5600=CARTESIAN_POINT('Ctrl Pts',(0.710430458211551,-0.358078963189693,
-4.03695743003946));
#5601=CARTESIAN_POINT('Ctrl Pts',(0.0832325281345894,-0.791204351665236,
-4.08466177059913));
#5602=CARTESIAN_POINT('Ctrl Pts',(-0.620365404984573,-0.498075038655836,
-4.13236611115883));
#5603=CARTESIAN_POINT('Ctrl Pts',(-0.754523482192416,0.252242531413542,
-4.18007045171851));
#5604=CARTESIAN_POINT('Ctrl Pts',(-0.196096609418988,0.771024059033216,
-4.22777479227819));
#5605=CARTESIAN_POINT('Ctrl Pts',(0.5423293801895,0.582074585613354,-4.27547913283788));
#5606=CARTESIAN_POINT('Ctrl Pts',(0.782945592479308,-0.141167202461857,
-4.32318347339756));
#5607=CARTESIAN_POINT('Ctrl Pts',(0.304887904217065,-0.734830147514244,
-4.37088781395725));
#5608=CARTESIAN_POINT('Ctrl Pts',(-0.453029561607705,-0.653984859261448,
-4.41859215451693));
#5609=CARTESIAN_POINT('Ctrl Pts',(-0.795106482146307,0.0271599315648105,
-4.46629649507662));
#5610=CARTESIAN_POINT('Ctrl Pts',(-0.407346895056305,0.683374338793657,
-4.51400083563629));
#5611=CARTESIAN_POINT('Ctrl Pts',(0.354320642675388,0.712312334589107,-4.56170517619599));
#5612=CARTESIAN_POINT('Ctrl Pts',(0.790753578202764,0.087411431707796,-4.60940951675566));
#5613=CARTESIAN_POINT('Ctrl Pts',(0.501345581893625,-0.617725333258579,
-4.65711385731536));
#5614=CARTESIAN_POINT('Ctrl Pts',(-0.248252737121173,-0.755845591602893,
-4.70481819787503));
#5615=CARTESIAN_POINT('Ctrl Pts',(-0.769977287353872,-0.200167321990515,
-4.75252253843473));
#5616=CARTESIAN_POINT('Ctrl Pts',(-0.584931679156028,0.539246613854359,
-4.8002268789944));
#5617=CARTESIAN_POINT('Ctrl Pts',(0.137028799568576,0.783680475654763,-4.84793121955409));
#5618=CARTESIAN_POINT('Ctrl Pts',(0.733209118317993,0.308765879994912,-4.89563556011377));
#5619=CARTESIAN_POINT('Ctrl Pts',(0.656369163317228,-0.449568127517872,
-4.94333990067346));
#5620=CARTESIAN_POINT('Ctrl Pts',(-0.0229588717422379,-0.795238876088188,
-4.99104424123314));
#5621=CARTESIAN_POINT('Ctrl Pts',(-0.681212719698843,-0.410951591253991,
-5.03874858179283));
#5622=CARTESIAN_POINT('Ctrl Pts',(-0.714174328866101,0.350552432344062,
-5.08645292235251));
#5623=CARTESIAN_POINT('Ctrl Pts',(-0.0915878954483803,0.790280733183479,
-5.1341572629122));
#5624=CARTESIAN_POINT('Ctrl Pts',(0.615068019549542,0.504602131546316,-5.18186160347188));
#5625=CARTESIAN_POINT('Ctrl Pts',(0.757146603810174,-0.244256013584933,
-5.22956594403156));
#5626=CARTESIAN_POINT('Ctrl Pts',(0.204232447480879,-0.768909024026673,
-5.27727028459125));
#5627=CARTESIAN_POINT('Ctrl Pts',(-0.536148796038454,-0.58777244605391,
-5.32497462515093));
#5628=CARTESIAN_POINT('Ctrl Pts',(-0.78439348469823,0.132886571920006,-5.37267896571061));
#5629=CARTESIAN_POINT('Ctrl Pts',(-0.312635237482748,0.73156762374902,-5.42038330627031));
#5630=CARTESIAN_POINT('Ctrl Pts',(0.446094145058058,0.658735146761279,-5.46808764682998));
#5631=CARTESIAN_POINT('Ctrl Pts',(0.79534907327938,-0.0187571710903998,
-5.51579198738968));
#5632=CARTESIAN_POINT('Ctrl Pts',(0.414544816948539,-0.679032086557609,
-5.56349632794934));
#5633=CARTESIAN_POINT('Ctrl Pts',(-0.346774437374216,-0.716016389070446,
-5.61120066850905));
#5634=CARTESIAN_POINT('Ctrl Pts',(-0.789785829805462,-0.0957618027826454,
-5.65890500906872));
#5635=CARTESIAN_POINT('Ctrl Pts',(-0.507844596716903,0.612393538028549,
-5.70660934962842));
#5636=CARTESIAN_POINT('Ctrl Pts',(0.240252472361579,0.758426482500336,-5.75431369018809));
#5637=CARTESIAN_POINT('Ctrl Pts',(0.767819298869049,0.208291872424075,-5.80201803074778));
#5638=CARTESIAN_POINT('Ctrl Pts',(0.59059680701536,-0.533036013208245,-5.84972237130746));
#5639=CARTESIAN_POINT('Ctrl Pts',(-0.128740635134228,-0.785084599708159,
-5.89742671186715));
#5640=CARTESIAN_POINT('Ctrl Pts',(-0.729905709624812,-0.316495868678855,
-5.94513105242683));
#5641=CARTESIAN_POINT('Ctrl Pts',(-0.661082743554143,0.44260771119424,-5.99283539298651));
#5642=CARTESIAN_POINT('Ctrl Pts',(0.0145549468873774,0.795437070644052,
-6.04053973354621));
#5643=CARTESIAN_POINT('Ctrl Pts',(0.676832500235909,0.418126471845652,-6.08824407410587));
#5644=CARTESIAN_POINT('Ctrl Pts',(0.717838463786458,-0.34298676321744,-6.13594841466558));
#5645=CARTESIAN_POINT('Ctrl Pts',(0.0999330372082773,-0.789268881882476,
-6.18365275522525));
#5646=CARTESIAN_POINT('Ctrl Pts',(-0.609701963345873,-0.511072886901538,
-6.23135709578494));
#5647=CARTESIAN_POINT('Ctrl Pts',(-0.759685191949333,0.236242225198169,
-6.27906143634462));
#5648=CARTESIAN_POINT('Ctrl Pts',(-0.212345483513223,0.766708142297459,
-6.32676577690431));
#5649=CARTESIAN_POINT('Ctrl Pts',(0.529908352247892,0.593404683206669,-6.37447011746399));
#5650=CARTESIAN_POINT('Ctrl Pts',(0.785753801394107,-0.124591104932848,
-6.42217445802367));
#5651=CARTESIAN_POINT('Ctrl Pts',(0.320347665825097,-0.7282234223328,-6.46987879858336));
#5652=CARTESIAN_POINT('Ctrl Pts',(-0.439108923239961,-0.663411888169579,
-6.51758313914304));
#5653=CARTESIAN_POINT('Ctrl Pts',(-0.795502865726011,0.01035231642589,-6.56528747970273));
#5654=CARTESIAN_POINT('Ctrl Pts',(-0.421696455973981,0.674614022128705,
-6.61299182026241));
#5655=CARTESIAN_POINT('Ctrl Pts',(0.33918951559551,0.719640502156297,-6.6606961608221));
#5656=CARTESIAN_POINT('Ctrl Pts',(0.788729903843598,0.104101482297545,-6.70840050138178));
#5657=CARTESIAN_POINT('Ctrl Pts',(0.514286911992002,-0.606993370628885,
-6.75610484194146));
#5658=CARTESIAN_POINT('Ctrl Pts',(-0.232225384028944,-0.76092269702401,
-6.80380918250115));
#5659=CARTESIAN_POINT('Ctrl Pts',(-0.765575585326565,-0.216393167603702,
-6.85151352306083));
#5660=CARTESIAN_POINT('Ctrl Pts',(-0.596195996254239,0.526765900456834,
-6.89921786362052));
#5661=CARTESIAN_POINT('Ctrl Pts',(0.120438097137785,0.786401071077293,-6.9469222041802));
#5662=CARTESIAN_POINT('Ctrl Pts',(0.72652080882908,0.324190521409891,-6.99462654473988));
#5663=CARTESIAN_POINT('Ctrl Pts',(0.665722515596368,-0.435597878853568,
-7.04233088529958));
#5664=CARTESIAN_POINT('Ctrl Pts',(-0.0061493970099838,-0.795546456688795,
-7.09003522585925));
#5665=CARTESIAN_POINT('Ctrl Pts',(-0.672376714158284,-0.425254669687927,
-7.13773956641893));
#5666=CARTESIAN_POINT('Ctrl Pts',(-0.721422453881362,0.335382800497398,
-7.18544390697863));
#5667=CARTESIAN_POINT('Ctrl Pts',(-0.108267021700588,0.788168910732825,
-7.23314824753831));
#5668=CARTESIAN_POINT('Ctrl Pts',(0.604267835479975,0.51748658227825,-7.28085258809799));
#5669=CARTESIAN_POINT('Ctrl Pts',(0.762138963183048,-0.228202060972187,
-7.32855692865768));
#5670=CARTESIAN_POINT('Ctrl Pts',(0.220434811716338,-0.764421659568373,
-7.37626126921735));
#5671=CARTESIAN_POINT('Ctrl Pts',(-0.523608745547359,-0.598970668246783,
-7.42396560977705));
#5672=CARTESIAN_POINT('Ctrl Pts',(-0.787026390691079,0.116281727668011,
-7.47166995033673));
#5673=CARTESIAN_POINT('Ctrl Pts',(-0.328024328171251,0.724797916637101,
-7.51937429089641));
#5674=CARTESIAN_POINT('Ctrl Pts',(0.432074676035526,0.66801456134015,-7.5670786314561));
#5675=CARTESIAN_POINT('Ctrl Pts',(0.79556784231568,-0.00194630595177269,
-7.61478297201578));
#5676=CARTESIAN_POINT('Ctrl Pts',(0.428801013670447,-0.670120638772513,
-7.66248731257547));
#5677=CARTESIAN_POINT('Ctrl Pts',(-0.331566724176348,-0.723184269223717,
-7.71019165313515));
#5678=CARTESIAN_POINT('Ctrl Pts',(-0.78758591820861,-0.112429539148651,
-7.75789599369483));
#5679=CARTESIAN_POINT('Ctrl Pts',(-0.520671808450926,0.601525433974432,
-7.80560033425453));
#5680=CARTESIAN_POINT('Ctrl Pts',(0.224172368327109,0.763333956477961,-7.8533046748142));
#5681=CARTESIAN_POINT('Ctrl Pts',(0.7632463972313,0.22447030304055,-7.90100901537389));
#5682=CARTESIAN_POINT('Ctrl Pts',(0.601728621737527,-0.520436975642147,
-7.94871335593358));
#5683=CARTESIAN_POINT('Ctrl Pts',(-0.11212211253634,-0.787629742781511,
-7.99641769649325));
#5684=CARTESIAN_POINT('Ctrl Pts',(-0.723054793846299,-0.331848979099762,
-8.04412203705295));
#5685=CARTESIAN_POINT('Ctrl Pts',(-0.670287961425248,0.428539413125672,
-8.09182637761262));
#5686=CARTESIAN_POINT('Ctrl Pts',(-0.00225683943181303,0.795567022009736,
-8.13953071817232));
#5687=CARTESIAN_POINT('Ctrl Pts',(0.667845858943024,0.432335388935821,-8.18723505873198));
#5688=CARTESIAN_POINT('Ctrl Pts',(0.724925899007591,-0.327741393146935,
-8.23493939929169));
#5689=CARTESIAN_POINT('Ctrl Pts',(0.116588918457116,-0.786980942543395,
-8.28264373985135));
#5690=CARTESIAN_POINT('Ctrl Pts',(-0.598766242657959,-0.523842501603979,
-8.33034808041105));
#5691=CARTESIAN_POINT('Ctrl Pts',(-0.7645076435547,0.220136418571057,-8.37805242097074));
#5692=CARTESIAN_POINT('Ctrl Pts',(-0.228499528936204,0.762049831118712,
-8.42575676153041));
#5693=CARTESIAN_POINT('Ctrl Pts',(0.51725067926942,0.604469779747513,-8.47346110209011));
#5694=CARTESIAN_POINT('Ctrl Pts',(0.788211110512327,-0.107959367848487,
-8.52116544264978));
#5695=CARTESIAN_POINT('Ctrl Pts',(0.33566436743296,-0.721291489106472,-8.56886978320947));
#5696=CARTESIAN_POINT('Ctrl Pts',(-0.424992188784192,-0.672542652404636,
-8.61657412376915));
#5697=CARTESIAN_POINT('Ctrl Pts',(-0.795543995824676,-0.00645992180669235,
-8.66427846432884));
#5698=CARTESIAN_POINT('Ctrl Pts',(-0.435857696773996,0.665552438133969,
-8.71198280488853));
#5699=CARTESIAN_POINT('Ctrl Pts',(0.323906914071447,0.726647294676653,-8.7596871454482));
#5700=CARTESIAN_POINT('Ctrl Pts',(0.786354000832729,0.120745043422802,-8.8073914860079));
#5701=CARTESIAN_POINT('Ctrl Pts',(0.526998572840115,-0.595990338343763,
-8.85509582656757));
#5702=CARTESIAN_POINT('Ctrl Pts',(-0.216094323604118,-0.765659992034942,
-8.90280016712726));
#5703=CARTESIAN_POINT('Ctrl Pts',(-0.760831996052875,-0.232522376216292,
-8.95050450768695));
#5704=CARTESIAN_POINT('Ctrl Pts',(-0.607194063068592,0.514049943995614,
-8.99820884824663));
#5705=CARTESIAN_POINT('Ctrl Pts',(0.103793604686686,0.788770480250846,-9.04591318880631));
#5706=CARTESIAN_POINT('Ctrl Pts',(0.719508061312016,0.339470381760834,-9.09361752936601));
#5707=CARTESIAN_POINT('Ctrl Pts',(0.674778553014436,-0.421433092711617,
-9.14132186992567));
#5708=CARTESIAN_POINT('Ctrl Pts',(0.0106628585799037,-0.795498782038532,
-9.18902621048537));
#5709=CARTESIAN_POINT('Ctrl Pts',(-0.663240506135757,-0.439367805463915,
-9.23673055104505));
#5710=CARTESIAN_POINT('Ctrl Pts',(-0.728348283584576,0.32006333069742,-9.28443489160474));
#5711=CARTESIAN_POINT('Ctrl Pts',(-0.124898034064186,0.785705230446974,
-9.33213923216442));
#5712=CARTESIAN_POINT('Ctrl Pts',(0.593198245608946,0.530139706997669,-9.37984357272412));
#5713=CARTESIAN_POINT('Ctrl Pts',(0.766790122830373,-0.212045766117254,
-9.42754791328378));
#5714=CARTESIAN_POINT('Ctrl Pts',(0.236540336904137,-0.759593740816011,
-9.47525225384348));
#5715=CARTESIAN_POINT('Ctrl Pts',(-0.510837898167704,-0.609899852221741,
-9.52295659440315));
#5716=CARTESIAN_POINT('Ctrl Pts',(-0.789302079655252,0.0996220156231222,
-9.57066093496285));
#5717=CARTESIAN_POINT('Ctrl Pts',(-0.343277820720972,0.717710098556851,
-9.61836527552252));
#5718=CARTESIAN_POINT('Ctrl Pts',(0.417882881336353,0.676985109661438,-9.66606961608222));
#5719=CARTESIAN_POINT('Ctrl Pts',(0.795392249725653,0.0148854063053631,
-9.71377395664189));
#5720=CARTESIAN_POINT('Ctrl Pts',(0.442939760350105,-0.660947779514336,
-9.76147829720159));
#5721=CARTESIAN_POINT('Ctrl Pts',(-0.316351332664316,-0.729957449655785,
-9.80918263776125));
#5722=CARTESIAN_POINT('Ctrl Pts',(-0.784767225814965,-0.129183343759028,
-9.85688697832096));
#5723=CARTESIAN_POINT('Ctrl Pts',(-0.533781752950239,0.590650001316089,
-9.90459131888063));
#5724=CARTESIAN_POINT('Ctrl Pts',(0.209045780759461,0.767379059390421,-9.95229565944032));
#5725=CARTESIAN_POINT('Ctrl Pts',(0.573516815648421,0.41697764337157,-9.98409855314677));
#5726=CARTESIAN_POINT('Ctrl Pts',(0.641261165306732,0.203412586556122,-10.));
#5727=CARTESIAN_POINT('Ctrl Pts',(-0.511404820187034,-0.376192496381721,
0.0437439053956006));
#5728=CARTESIAN_POINT('Ctrl Pts',(-0.636691639676375,-0.205874683004239,
0.0278424585423725));
#5729=CARTESIAN_POINT('Ctrl Pts',(-0.701529161422906,0.266818020095553,
-0.00396043516408376));
#5730=CARTESIAN_POINT('Ctrl Pts',(-0.154058484629262,0.735314312721538,
-0.0516647757237681));
#5731=CARTESIAN_POINT('Ctrl Pts',(0.534498162564776,0.526902655436521,-0.0993691162834525));
#5732=CARTESIAN_POINT('Ctrl Pts',(0.732591587866601,-0.164170881748586,
-0.147073456843137));
#5733=CARTESIAN_POINT('Ctrl Pts',(0.258149751062687,-0.70506622014079,-0.194777797402821));
#5734=CARTESIAN_POINT('Ctrl Pts',(-0.453207432571413,-0.598502208400829,
-0.242482137962505));
#5735=CARTESIAN_POINT('Ctrl Pts',(-0.748583473824643,0.0572898302194746,
-0.29018647852219));
#5736=CARTESIAN_POINT('Ctrl Pts',(-0.356814994497875,0.660570616455379,
-0.337890819081875));
#5737=CARTESIAN_POINT('Ctrl Pts',(0.362471361912609,0.657466815113778,-0.385595159641558));
#5738=CARTESIAN_POINT('Ctrl Pts',(0.749044820702954,0.0508884774124486,
-0.433299500201243));
#5739=CARTESIAN_POINT('Ctrl Pts',(0.448060489551861,-0.602412056208064,
-0.481003840760927));
#5740=CARTESIAN_POINT('Ctrl Pts',(-0.264202294699247,-0.702746422082642,
-0.528708181320612));
#5741=CARTESIAN_POINT('Ctrl Pts',(-0.733951535991226,-0.158025642529082,
-0.576412521880295));
#5742=CARTESIAN_POINT('Ctrl Pts',(-0.529998771656089,0.531750155410222,
-0.624116862439981));
#5743=CARTESIAN_POINT('Ctrl Pts',(0.160445239494625,0.733426091789058,-0.671821202999664));
#5744=CARTESIAN_POINT('Ctrl Pts',(0.703614969145746,0.261883048677443,-0.71952554355935));
#5745=CARTESIAN_POINT('Ctrl Pts',(0.600929164197269,-0.450045408894748,
-0.767229884119033));
#5746=CARTESIAN_POINT('Ctrl Pts',(-0.053355749028895,-0.74887237877612,
-0.814934224678719));
#5747=CARTESIAN_POINT('Ctrl Pts',(-0.658664876036254,-0.36030167241797,
-0.862638565238402));
#5748=CARTESIAN_POINT('Ctrl Pts',(-0.65937865880361,0.358993720988431,-0.910342905798087));
#5749=CARTESIAN_POINT('Ctrl Pts',(-0.0548419172710641,0.748765026300459,
-0.958047246357772));
#5750=CARTESIAN_POINT('Ctrl Pts',(0.600034791943243,0.451237138051684,-1.00575158691746));
#5751=CARTESIAN_POINT('Ctrl Pts',(0.704133325533764,-0.260486016478799,
-1.05345592747714));
#5752=CARTESIAN_POINT('Ctrl Pts',(0.16190055834163,-0.733106345147548,-1.10116026803683));
#5753=CARTESIAN_POINT('Ctrl Pts',(-0.528942415054506,-0.532800738081419,
-1.14886460859651));
#5754=CARTESIAN_POINT('Ctrl Pts',(-0.734263645508235,0.15656820739908,-1.19656894915619));
#5755=CARTESIAN_POINT('Ctrl Pts',(-0.26559664080273,0.702221566877275,-1.24427328971588));
#5756=CARTESIAN_POINT('Ctrl Pts',(0.446864282253156,0.603298448500938,-1.29197763027556));
#5757=CARTESIAN_POINT('Ctrl Pts',(0.7491438340323,-0.0493985890778531,-1.33968197083524));
#5758=CARTESIAN_POINT('Ctrl Pts',(0.363776470824355,-0.656752148026686,
-1.38738631139493));
#5759=CARTESIAN_POINT('Ctrl Pts',(-0.355505097574296,-0.661266081301118,
-1.43509065195461));
#5760=CARTESIAN_POINT('Ctrl Pts',(-0.748464840298111,-0.0587970025637598,
-1.4827949925143));
#5761=CARTESIAN_POINT('Ctrl Pts',(-0.454400923435718,0.597642456200382,
-1.53049933307398));
#5762=CARTESIAN_POINT('Ctrl Pts',(0.256762325995185,0.705499690024332,-1.57820367363367));
#5763=CARTESIAN_POINT('Ctrl Pts',(0.732240766531839,0.165771422454247,-1.62590801419335));
#5764=CARTESIAN_POINT('Ctrl Pts',(0.535587793492128,-0.526120157507683,
-1.67361235475304));
#5765=CARTESIAN_POINT('Ctrl Pts',(-0.152686784336567,-0.735080574197795,
-1.72131669531272));
#5766=CARTESIAN_POINT('Ctrl Pts',(-0.700808575156814,-0.269302888325546,
-1.7690210358724));
#5767=CARTESIAN_POINT('Ctrl Pts',(-0.605650887701487,0.443670719002537,
-1.81672537643209));
#5768=CARTESIAN_POINT('Ctrl Pts',(0.0454400472467143,0.74939435998684,-1.86442971699178));
#5769=CARTESIAN_POINT('Ctrl Pts',(0.654821090333001,0.367241125595891,-1.91213405755146));
#5770=CARTESIAN_POINT('Ctrl Pts',(0.663135045649972,-0.352006556621684,
-1.95983839811115));
#5771=CARTESIAN_POINT('Ctrl Pts',(0.062750447162098,-0.748143760285954,
-2.00754273867082));
#5772=CARTESIAN_POINT('Ctrl Pts',(-0.595233439266796,-0.457552027044428,
-2.05524707923052));
#5773=CARTESIAN_POINT('Ctrl Pts',(-0.706846362443622,0.253031469533071,
-2.10295141979019));
#5774=CARTESIAN_POINT('Ctrl Pts',(-0.169637659612235,0.731354749157432,
-2.15065576034988));
#5775=CARTESIAN_POINT('Ctrl Pts',(0.523283214901462,0.538359899766166,-2.19836010090957));
#5776=CARTESIAN_POINT('Ctrl Pts',(0.735876985259975,-0.148801099587797,
-2.24606444146925));
#5777=CARTESIAN_POINT('Ctrl Pts',(0.273001619061277,-0.699376022368345,
-2.29376878202893));
#5778=CARTESIAN_POINT('Ctrl Pts',(-0.440464771995867,-0.607986421973776,
-2.34147312258862));
#5779=CARTESIAN_POINT('Ctrl Pts',(-0.749623968802593,0.0414802371075059,
-2.3891774631483));
#5780=CARTESIAN_POINT('Ctrl Pts',(-0.370695529914626,0.652871755228515,
-2.43688180370799));
#5781=CARTESIAN_POINT('Ctrl Pts',(0.348498190443707,0.66498550054216,-2.48458614426767));
#5782=CARTESIAN_POINT('Ctrl Pts',(0.747801798044134,0.0667021402640497,
-2.53229048482736));
#5783=CARTESIAN_POINT('Ctrl Pts',(0.460690359436331,-0.592807808143813,
-2.57999482538704));
#5784=CARTESIAN_POINT('Ctrl Pts',(-0.249293550442951,-0.70817330532956,
-2.62769916594672));
#5785=CARTESIAN_POINT('Ctrl Pts',(-0.730448318169495,-0.173499161834291,
-2.67540350650641));
#5786=CARTESIAN_POINT('Ctrl Pts',(-0.541116979309482,0.520431666385539,
-2.72310784706609));
#5787=CARTESIAN_POINT('Ctrl Pts',(0.14491126149467,0.736652856483887,-2.77081218762578));
#5788=CARTESIAN_POINT('Ctrl Pts',(0.697923948558354,0.276692729760941,-2.81851652818546));
#5789=CARTESIAN_POINT('Ctrl Pts',(0.610304986096051,-0.437246530712531,
-2.86622086874515));
#5790=CARTESIAN_POINT('Ctrl Pts',(-0.0375192691696674,-0.749832654073441,
-2.91392520930483));
#5791=CARTESIAN_POINT('Ctrl Pts',(-0.650904197132144,-0.374139587359595,
-2.96162954986451));
#5792=CARTESIAN_POINT('Ctrl Pts',(-0.666817394322951,0.344980096965311,
-3.0093338904242));
#5793=CARTESIAN_POINT('Ctrl Pts',(-0.0706519715722396,0.747438963117926,
-3.05703823098388));
#5794=CARTESIAN_POINT('Ctrl Pts',(0.590365630537096,0.463815833013904,-3.10474257154357));
#5795=CARTESIAN_POINT('Ctrl Pts',(0.709480481643749,-0.245548673057709,
-3.15244691210325));
#5796=CARTESIAN_POINT('Ctrl Pts',(0.177355821338325,-0.729521498868441,
-3.20015125266294));
#5797=CARTESIAN_POINT('Ctrl Pts',(-0.517565591552681,-0.54385895516629,
-3.24785559322262));
#5798=CARTESIAN_POINT('Ctrl Pts',(-0.737408166213269,0.14101737863054,-3.29555993378231));
#5799=CARTESIAN_POINT('Ctrl Pts',(-0.280376117398112,0.696452394257215,
-3.34326427434199));
#5800=CARTESIAN_POINT('Ctrl Pts',(0.434016084980292,0.612606515352413,-3.39096861490167));
#5801=CARTESIAN_POINT('Ctrl Pts',(0.750020409974532,-0.0335572539919534,
-3.43867295546136));
#5802=CARTESIAN_POINT('Ctrl Pts',(0.377573201800085,-0.648918470962478,
-3.48637729602104));
#5803=CARTESIAN_POINT('Ctrl Pts',(-0.341452374383717,-0.668630675860425,
-3.53408163658073));
#5804=CARTESIAN_POINT('Ctrl Pts',(-0.747055265634794,-0.074599830838763,
-3.58178597714041));
#5805=CARTESIAN_POINT('Ctrl Pts',(-0.466928360538759,0.587906974612851,
-3.6294903177001));
#5806=CARTESIAN_POINT('Ctrl Pts',(0.24179694190458,0.710767854900205,-3.67719465825978));
#5807=CARTESIAN_POINT('Ctrl Pts',(0.728574317123696,0.181207530477037,-3.72489899881947));
#5808=CARTESIAN_POINT('Ctrl Pts',(0.546585750802408,-0.514685070400935,
-3.77260333937915));
#5809=CARTESIAN_POINT('Ctrl Pts',(-0.137119559681688,-0.738142893365875,
-3.82030767993883));
#5810=CARTESIAN_POINT('Ctrl Pts',(-0.694961400539032,-0.284051679161863,
-3.86801202049852));
#5811=CARTESIAN_POINT('Ctrl Pts',(-0.614890945502453,0.430773524967522,
-3.9157163610582));
#5812=CARTESIAN_POINT('Ctrl Pts',(0.0295943021623425,0.750187231265215,
-3.96342070161789));
#5813=CARTESIAN_POINT('Ctrl Pts',(0.646914632145216,0.380996277396865,-4.01112504217757));
#5814=CARTESIAN_POINT('Ctrl Pts',(0.670425294542167,-0.337915121164907,
-4.05882938273726));
#5815=CARTESIAN_POINT('Ctrl Pts',(0.0785456078707571,-0.746650716304524,
-4.10653372329694));
#5816=CARTESIAN_POINT('Ctrl Pts',(-0.585431908997202,-0.470027855133863,
-4.15423806385662));
#5817=CARTESIAN_POINT('Ctrl Pts',(-0.712035389165704,0.238038461702076,
-4.20194240441631));
#5818=CARTESIAN_POINT('Ctrl Pts',(-0.185054181741321,0.727606799373051,
-4.24964674497599));
#5819=CARTESIAN_POINT('Ctrl Pts',(0.511790183331554,0.549297290107373,-4.29735108553568));
#5820=CARTESIAN_POINT('Ctrl Pts',(0.738857017433961,-0.133217913444238,
-4.34505542609536));
#5821=CARTESIAN_POINT('Ctrl Pts',(0.287719312459724,-0.693451009020499,
-4.39275976665504));
#5822=CARTESIAN_POINT('Ctrl Pts',(-0.427518941180736,-0.617158212783037,
-4.44046410721473));
#5823=CARTESIAN_POINT('Ctrl Pts',(-0.750333113289164,0.0256305242949691,
-4.48816844777441));
#5824=CARTESIAN_POINT('Ctrl Pts',(-0.384408718604858,0.644892736611613,
-4.5358727883341));
#5825=CARTESIAN_POINT('Ctrl Pts',(0.334368436040891,0.672201200276686,-4.58357712889379));
#5826=CARTESIAN_POINT('Ctrl Pts',(0.746225326418918,0.082489192533475,-4.63128146945346));
#5827=CARTESIAN_POINT('Ctrl Pts',(0.473114230285947,-0.582940502774324,
-4.67898581001315));
#5828=CARTESIAN_POINT('Ctrl Pts',(-0.234273337357102,-0.713283049060758,
-4.72669015057284));
#5829=CARTESIAN_POINT('Ctrl Pts',(-0.726618972621915,-0.188895667763237,
-4.77439449113252));
#5830=CARTESIAN_POINT('Ctrl Pts',(-0.551993497396548,0.508881011146786,
-4.82209883169221));
#5831=CARTESIAN_POINT('Ctrl Pts',(0.129312548821153,0.739550518484858,-4.86980317225188));
#5832=CARTESIAN_POINT('Ctrl Pts',(0.691921261859751,0.291378914920514,-4.91750751281158));
#5833=CARTESIAN_POINT('Ctrl Pts',(0.619408253910071,-0.424252424462046,
-4.96521185337125));
#5834=CARTESIAN_POINT('Ctrl Pts',(-0.0216660310270029,-0.750458051974514,
-5.01291619393095));
#5835=CARTESIAN_POINT('Ctrl Pts',(-0.642852840796932,-0.387810430175828,
-5.06062053449062));
#5836=CARTESIAN_POINT('Ctrl Pts',(-0.673958343494801,0.330812418006929,
-5.10832487505031));
#5837=CARTESIAN_POINT('Ctrl Pts',(-0.0864304747533767,0.745779107851482,
-5.15602921561));
#5838=CARTESIAN_POINT('Ctrl Pts',(0.580432825484477,0.47618739984795,-5.20373355616968));
#5839=CARTESIAN_POINT('Ctrl Pts',(0.714510799760616,-0.230501673962019,
-5.25143789672937));
#5840=CARTESIAN_POINT('Ctrl Pts',(0.192731881319013,-0.72561086444256,-5.29914223728904));
#5841=CARTESIAN_POINT('Ctrl Pts',(-0.505957635047604,-0.554674297413249,
-5.34684657784874));
#5842=CARTESIAN_POINT('Ctrl Pts',(-0.740223377161527,0.125403574819188,
-5.39455091840841));
#5843=CARTESIAN_POINT('Ctrl Pts',(-0.295030384397204,0.690372201755171,
-5.44225525896811));
#5844=CARTESIAN_POINT('Ctrl Pts',(0.420974065986653,0.621641006080289,-5.48995959952778));
#5845=CARTESIAN_POINT('Ctrl Pts',(0.750562043833969,-0.0177009330156121,
-5.53766394008747));
#5846=CARTESIAN_POINT('Ctrl Pts',(0.391201317161006,-0.640795001638851,
-5.58536828064715));
#5847=CARTESIAN_POINT('Ctrl Pts',(-0.327247166318799,-0.675696675151037,
-5.63307262120684));
#5848=CARTESIAN_POINT('Ctrl Pts',(-0.745312073057094,-0.0903693445211656,
-5.68077696176652));
#5849=CARTESIAN_POINT('Ctrl Pts',(-0.479247278041386,0.577908947122092,
-5.72848130232621));
#5850=CARTESIAN_POINT('Ctrl Pts',(0.226723576791699,0.715718606996232,-5.77618564288589));
#5851=CARTESIAN_POINT('Ctrl Pts',(0.724582502973361,0.19656271533205,-5.82388998344558));
#5852=CARTESIAN_POINT('Ctrl Pts',(0.557339615330839,-0.503020136631443,
-5.87159432400525));
#5853=CARTESIAN_POINT('Ctrl Pts',(-0.121491100545836,-0.740875574683097,
-5.91929866456496));
#5854=CARTESIAN_POINT('Ctrl Pts',(-0.688803871944214,-0.298673618969784,
-5.96700300512462));
#5855=CARTESIAN_POINT('Ctrl Pts',(-0.623856406972987,0.417683957260269,
-6.01470734568432));
#5856=CARTESIAN_POINT('Ctrl Pts',(0.0137353409348107,0.7506450859649,-6.06241168624399));
#5857=CARTESIAN_POINT('Ctrl Pts',(0.638719276575896,0.394581284913785,-6.1101160268037));
#5858=CARTESIAN_POINT('Ctrl Pts',(0.677416146724982,-0.32367278048999,-6.15782036736335));
#5859=CARTESIAN_POINT('Ctrl Pts',(0.0943056918949098,-0.744824235071651,
-6.20552470792306));
#5860=CARTESIAN_POINT('Ctrl Pts',(-0.575368938133798,-0.48229377945878,
-6.25322904848273));
#5861=CARTESIAN_POINT('Ctrl Pts',(-0.716906437055224,0.22293915130059,-6.30093338904243));
#5862=CARTESIAN_POINT('Ctrl Pts',(-0.200388062875908,0.723533916917991,
-6.3486377296021));
#5863=CARTESIAN_POINT('Ctrl Pts',(0.500068597889916,0.559989376754829,-6.3963420701618));
#5864=CARTESIAN_POINT('Ctrl Pts',(0.741507092845396,-0.117575235206286,
-6.44404641072146));
#5865=CARTESIAN_POINT('Ctrl Pts',(0.302308516948096,-0.687216316202177,
-6.49175075128117));
#5866=CARTESIAN_POINT('Ctrl Pts',(-0.414382190116593,-0.626054394751785,
-6.53945509184084));
#5867=CARTESIAN_POINT('Ctrl Pts',(-0.750707176049429,0.00976936547243061,
-6.58715943240053));
#5868=CARTESIAN_POINT('Ctrl Pts',(-0.397950239092312,0.636625723545805,
-6.63486377296021));
#5869=CARTESIAN_POINT('Ctrl Pts',(0.320089360288959,0.679116710222664,-6.6825681135199));
#5870=CARTESIAN_POINT('Ctrl Pts',(0.744315607511713,0.098239407003058,-6.73027245407958));
#5871=CARTESIAN_POINT('Ctrl Pts',(0.485326819066013,-0.572812869416456,
-6.77797679463927));
#5872=CARTESIAN_POINT('Ctrl Pts',(-0.219148503119787,-0.718074256782824,
-6.82568113519895));
#5873=CARTESIAN_POINT('Ctrl Pts',(-0.722465135544641,-0.204207817177271,
-6.87338547575863));
#5874=CARTESIAN_POINT('Ctrl Pts',(-0.562623507724928,0.497103101206527,
-6.92108981631833));
#5875=CARTESIAN_POINT('Ctrl Pts',(0.113656088100388,0.742117914021461,-6.96879415687799));
#5876=CARTESIAN_POINT('Ctrl Pts',(0.685609578841005,0.305934976874666,-7.0164984974377));
#5877=CARTESIAN_POINT('Ctrl Pts',(0.628234908066322,-0.411068856714723,
-7.06420283799736));
#5878=CARTESIAN_POINT('Ctrl Pts',(-0.00580311732699098,-0.750748312354505,
-7.11190717855706));
#5879=CARTESIAN_POINT('Ctrl Pts',(-0.634514400983949,-0.401308085662154,
-7.15961151911673));
#5880=CARTESIAN_POINT('Ctrl Pts',(-0.680798318177853,0.31649700573632,-7.20731585967643));
#5881=CARTESIAN_POINT('Ctrl Pts',(-0.102170380047544,0.743786204574129,
-7.25502020023611));
#5882=CARTESIAN_POINT('Ctrl Pts',(0.570240812315198,0.488346312204715,-7.30272454079579));
#5883=CARTESIAN_POINT('Ctrl Pts',(0.719222033582777,-0.215351738054061,
-7.35042888135548));
#5884=CARTESIAN_POINT('Ctrl Pts',(0.208021871618954,-0.721376188685207,
-7.39813322191516));
#5885=CARTESIAN_POINT('Ctrl Pts',(-0.494123729354384,-0.565241934717123,
-7.44583756247485));
#5886=CARTESIAN_POINT('Ctrl Pts',(-0.742708021162013,0.109733768619584,
-7.49354190303453));
#5887=CARTESIAN_POINT('Ctrl Pts',(-0.309552897527551,0.683983704708047,
-7.54124624359422));
#5888=CARTESIAN_POINT('Ctrl Pts',(0.407744049536603,0.630397886053986,-7.58895058415389));
#5889=CARTESIAN_POINT('Ctrl Pts',(0.750768493731919,-0.00183670720462188,
-7.63665492471359));
#5890=CARTESIAN_POINT('Ctrl Pts',(0.404654730898922,-0.632385367821687,
-7.68435926527326));
#5891=CARTESIAN_POINT('Ctrl Pts',(-0.312895817102072,-0.682460923653412,
-7.73206360583296));
#5892=CARTESIAN_POINT('Ctrl Pts',(-0.743236041035608,-0.106098501306844,
-7.77976794639263));
#5893=CARTESIAN_POINT('Ctrl Pts',(-0.491352174594647,0.567652838621425,
-7.82747228695233));
#5894=CARTESIAN_POINT('Ctrl Pts',(0.211548962078927,0.720349735418273,-7.875176627512));
#5895=CARTESIAN_POINT('Ctrl Pts',(0.720267106734413,0.21183011974287,-7.9228809680717));
#5896=CARTESIAN_POINT('Ctrl Pts',(0.56784458464576,-0.491130565493878,-7.97058530863137));
#5897=CARTESIAN_POINT('Ctrl Pts',(-0.105808386243873,-0.743277397795946,
-8.01828964919106));
#5898=CARTESIAN_POINT('Ctrl Pts',(-0.682338739184767,-0.313162177923162,
-8.06599398975074));
#5899=CARTESIAN_POINT('Ctrl Pts',(-0.632543268341651,0.404407861384436,
-8.11369833031043));
#5900=CARTESIAN_POINT('Ctrl Pts',(-0.00212975418399548,0.750767719618354,
-8.16140267087011));
#5901=CARTESIAN_POINT('Ctrl Pts',(0.630238683484639,0.407990081390897,-8.2091070114298));
#5902=CARTESIAN_POINT('Ctrl Pts',(0.684104480242718,-0.30928589490283,-8.25681135198947));
#5903=CARTESIAN_POINT('Ctrl Pts',(0.110023661138829,-0.742665132252272,
-8.30451569254917));
#5904=CARTESIAN_POINT('Ctrl Pts',(-0.565049020570463,-0.494344322336158,
-8.35222003310885));
#5905=CARTESIAN_POINT('Ctrl Pts',(-0.72145733081347,0.207740281338,-8.39992437366853));
#5906=CARTESIAN_POINT('Ctrl Pts',(-0.215632455251783,0.71913792064843,-8.44762871422822));
#5907=CARTESIAN_POINT('Ctrl Pts',(0.488123693168104,0.570431384866653,-8.4953330547879));
#5908=CARTESIAN_POINT('Ctrl Pts',(0.74382602803507,-0.101880050540919,-8.54303739534759));
#5909=CARTESIAN_POINT('Ctrl Pts',(0.316762717310953,-0.680674728181435,
-8.59074173590727));
#5910=CARTESIAN_POINT('Ctrl Pts',(-0.401060385362744,-0.634670995055062,
-8.63844607646696));
#5911=CARTESIAN_POINT('Ctrl Pts',(-0.7507459900645,-0.00609615611200018,
-8.68615041702663));
#5912=CARTESIAN_POINT('Ctrl Pts',(-0.411314043986506,0.628074407863223,
-8.73385475758633));
#5913=CARTESIAN_POINT('Ctrl Pts',(0.305667339794604,0.685728942123701,-8.781559098146));
#5914=CARTESIAN_POINT('Ctrl Pts',(0.742073494356999,0.113945749883854,-8.8292634387057));
#5915=CARTESIAN_POINT('Ctrl Pts',(0.497322671537865,-0.562429430650078,
-8.87696777926537));
#5916=CARTESIAN_POINT('Ctrl Pts',(-0.203925801430143,-0.722544789213305,
-8.92467211982506));
#5917=CARTESIAN_POINT('Ctrl Pts',(-0.717988663288642,-0.219428771332376,
-8.97237646038475));
#5918=CARTESIAN_POINT('Ctrl Pts',(-0.573002260631958,0.485103195012527,
-9.02008080094442));
#5919=CARTESIAN_POINT('Ctrl Pts',(0.0979488663377899,0.744353899014376,
-9.06778514150411));
#5920=CARTESIAN_POINT('Ctrl Pts',(0.678991727276035,0.320354410554541,-9.11548948206381));
#5921=CARTESIAN_POINT('Ctrl Pts',(0.636780989506407,-0.397701706120913,
-9.16319382262348));
#5922=CARTESIAN_POINT('Ctrl Pts',(0.0100624206373352,-0.750703322319131,
-9.21089816318317));
#5923=CARTESIAN_POINT('Ctrl Pts',(-0.625892663439194,-0.414626494382058,
-9.25860250374285));
#5924=CARTESIAN_POINT('Ctrl Pts',(-0.687334146371951,0.30204019306146,-9.30630684430253));
#5925=CARTESIAN_POINT('Ctrl Pts',(-0.117864880802015,0.741461256984666,
-9.35401118486222));
#5926=CARTESIAN_POINT('Ctrl Pts',(0.559794563897826,0.500286924785222,-9.40171552542191));
#5927=CARTESIAN_POINT('Ctrl Pts',(0.723611281031949,-0.200105222914359,
-9.44941986598159));
#5928=CARTESIAN_POINT('Ctrl Pts',(0.223220475990406,-0.716820135641357,
-9.49712420654128));
#5929=CARTESIAN_POINT('Ctrl Pts',(-0.482072023213277,-0.575555683657396,
-9.54482854710095));
#5930=CARTESIAN_POINT('Ctrl Pts',(-0.744855563439313,0.0940121842961879,
-9.59253288766065));
#5931=CARTESIAN_POINT('Ctrl Pts',(-0.323947448207694,0.677295009890435,
-9.64023722822031));
#5932=CARTESIAN_POINT('Ctrl Pts',(0.394351411268774,0.638863292387556,-9.68794156878002));
#5933=CARTESIAN_POINT('Ctrl Pts',(0.750602788964439,0.0140471917994364,
-9.73564590933969));
#5934=CARTESIAN_POINT('Ctrl Pts',(0.417997308342784,-0.6237290429149,-9.78335024989938));
#5935=CARTESIAN_POINT('Ctrl Pts',(-0.298537221945962,-0.688852698433996,
-9.83105459045908));
#5936=CARTESIAN_POINT('Ctrl Pts',(-0.74057607248219,-0.121908879734157,
-9.87875893101873));
#5937=CARTESIAN_POINT('Ctrl Pts',(-0.503723882903029,0.557389814198743,
-9.92646327157845));
#5938=CARTESIAN_POINT('Ctrl Pts',(0.197274170214023,0.724167053890747,-9.97416761213811));
#5939=CARTESIAN_POINT('Ctrl Pts',(0.541221418101808,0.393497148304475,-10.0059705058446));
#5940=CARTESIAN_POINT('Ctrl Pts',(0.605151004802774,0.191958187714507,-10.0218719526978));
#5941=CARTESIAN_POINT('Ctrl Pts',(-0.480888618457398,-0.353744592772685,
0.0218719526978003));
#5942=CARTESIAN_POINT('Ctrl Pts',(-0.598699407790822,-0.193589868490211,
0.00597050584457217));
#5943=CARTESIAN_POINT('Ctrl Pts',(-0.659667988895496,0.250896636086377,
-0.0258323878618841));
#5944=CARTESIAN_POINT('Ctrl Pts',(-0.144865611176517,0.691437135550055,
-0.0735367284215684));
#5945=CARTESIAN_POINT('Ctrl Pts',(0.502603950564619,0.495461677388455,-0.121241068981253));
#5946=CARTESIAN_POINT('Ctrl Pts',(0.688876879286828,-0.154374588190493,
-0.168945409540937));
#5947=CARTESIAN_POINT('Ctrl Pts',(0.242745614126712,-0.662993986643463,
-0.216649750100622));
#5948=CARTESIAN_POINT('Ctrl Pts',(-0.426163945901374,-0.562788790368306,
-0.264354090660305));
#5949=CARTESIAN_POINT('Ctrl Pts',(-0.703914508267481,0.0538712703095404,
-0.312058431219991));
#5950=CARTESIAN_POINT('Ctrl Pts',(-0.335523372044516,0.621153494455924,
-0.359762771779674));
#5951=CARTESIAN_POINT('Ctrl Pts',(0.340842216537526,0.618234901043804,-0.407467112339359));
#5952=CARTESIAN_POINT('Ctrl Pts',(0.704348325967633,0.0478518946875153,
-0.455171452899044));
#5953=CARTESIAN_POINT('Ctrl Pts',(0.421324127776394,-0.566465332387808,
-0.502875793458727));
#5954=CARTESIAN_POINT('Ctrl Pts',(-0.248436994482622,-0.66081261400237,
-0.550580134018413));
#5955=CARTESIAN_POINT('Ctrl Pts',(-0.690155677508916,-0.148596043519624,
-0.598284474578096));
#5956=CARTESIAN_POINT('Ctrl Pts',(-0.498373044259942,0.500019920630014,
-0.645988815137781));
#5957=CARTESIAN_POINT('Ctrl Pts',(0.150871259935357,0.689661587256967,-0.693693155697465));
#5958=CARTESIAN_POINT('Ctrl Pts',(0.661629333713939,0.246256140937143,-0.741397496257149));
#5959=CARTESIAN_POINT('Ctrl Pts',(0.565070926503785,-0.423190604357888,
-0.789101836816835));
#5960=CARTESIAN_POINT('Ctrl Pts',(-0.0501719409447032,-0.704186173878555,
-0.836806177376517));
#5961=CARTESIAN_POINT('Ctrl Pts',(-0.619361472087115,-0.338801995283512,
-0.884510517936204));
#5962=CARTESIAN_POINT('Ctrl Pts',(-0.620032662493087,0.337572091044951,
-0.932214858495885));
#5963=CARTESIAN_POINT('Ctrl Pts',(-0.0515694275630736,0.704085227267042,
-0.979919199055574));
#5964=CARTESIAN_POINT('Ctrl Pts',(0.564229922624562,0.424311221460504,-1.02762353961525));
#5965=CARTESIAN_POINT('Ctrl Pts',(0.66211675909099,-0.244942471496738,-1.07532788017494));
#5966=CARTESIAN_POINT('Ctrl Pts',(0.152239737982758,-0.689360920320277,
-1.12303222073462));
#5967=CARTESIAN_POINT('Ctrl Pts',(-0.497379721853332,-0.501007813644297,
-1.17073656129431));
#5968=CARTESIAN_POINT('Ctrl Pts',(-0.690449163038421,0.14722557547063,-1.21844090185399));
#5969=CARTESIAN_POINT('Ctrl Pts',(-0.249748138110714,0.660319077600993,
-1.26614524241368));
#5970=CARTESIAN_POINT('Ctrl Pts',(0.420199299748648,0.567298832480712,-1.31384958297336));
#5971=CARTESIAN_POINT('Ctrl Pts',(0.704441431040717,-0.0464509099595525,
-1.36155392353305));
#5972=CARTESIAN_POINT('Ctrl Pts',(0.342069447875089,-0.617562879086623,
-1.40925826409273));
#5973=CARTESIAN_POINT('Ctrl Pts',(-0.334291638402116,-0.621807459994879,
-1.45696260465242));
#5974=CARTESIAN_POINT('Ctrl Pts',(-0.703802953760318,-0.0552885076874839,
-1.5046669452121));
#5975=CARTESIAN_POINT('Ctrl Pts',(-0.427286219587951,0.561980340718294,
-1.55237128577178));
#5976=CARTESIAN_POINT('Ctrl Pts',(0.241440978547233,0.663401590805988,-1.60007562633147));
#5977=CARTESIAN_POINT('Ctrl Pts',(0.688546991924915,0.15587962251625,-1.64777996689115));
#5978=CARTESIAN_POINT('Ctrl Pts',(0.503628561773989,-0.494725872145528,
-1.69548430745084));
#5979=CARTESIAN_POINT('Ctrl Pts',(-0.143575762053742,-0.691217344513045,
-1.74318864801052));
#5980=CARTESIAN_POINT('Ctrl Pts',(-0.658990400964554,-0.253233228943953,
-1.79089298857021));
#5981=CARTESIAN_POINT('Ctrl Pts',(-0.569510898524094,0.417196300639284,
-1.83859732912989));
#5982=CARTESIAN_POINT('Ctrl Pts',(0.0427285795529171,0.704677007780338,
-1.88630166968957));
#5983=CARTESIAN_POINT('Ctrl Pts',(0.6157470501585,0.345327362115918,-1.93400601024926));
#5984=CARTESIAN_POINT('Ctrl Pts',(0.623564900770149,-0.331001860013436,
-1.98171035080894));
#5985=CARTESIAN_POINT('Ctrl Pts',(0.0590060450199398,-0.703501033016973,
-2.02941469136863));
#5986=CARTESIAN_POINT('Ctrl Pts',(-0.559715073010007,-0.430249292678376,
-2.07711903192831));
#5987=CARTESIAN_POINT('Ctrl Pts',(-0.664667905501633,0.237932747222639,
-2.124823372488));
#5988=CARTESIAN_POINT('Ctrl Pts',(-0.159515156191615,0.687713844378609,
-2.17252771304768));
#5989=CARTESIAN_POINT('Ctrl Pts',(0.492058213655236,0.506235252801758,-2.22023205360737));
#5990=CARTESIAN_POINT('Ctrl Pts',(0.691966232674238,-0.139921941251049,
-2.26793639416705));
#5991=CARTESIAN_POINT('Ctrl Pts',(0.256711251526731,-0.657643330494897,
-2.31564073472673));
#5992=CARTESIAN_POINT('Ctrl Pts',(-0.414181656728964,-0.571707068378633,
-2.36334507528642));
#5993=CARTESIAN_POINT('Ctrl Pts',(-0.704892915534498,0.0390050565198309,
-2.4110494158461));
#5994=CARTESIAN_POINT('Ctrl Pts',(-0.348575637562015,0.613914034456842,
-2.45875375640579));
#5995=CARTESIAN_POINT('Ctrl Pts',(0.327702842683578,0.625304936572503,-2.50645809696547));
#5996=CARTESIAN_POINT('Ctrl Pts',(0.703179476114219,0.0627219353701134,
-2.55416243752516));
#5997=CARTESIAN_POINT('Ctrl Pts',(0.433200356627381,-0.557434182502968,
-2.60186677808484));
#5998=CARTESIAN_POINT('Ctrl Pts',(-0.234417874706388,-0.665915667951266,
-2.64957111864452));
#5999=CARTESIAN_POINT('Ctrl Pts',(-0.68686150132608,-0.163146237470934,
-2.69727545920421));
#6000=CARTESIAN_POINT('Ctrl Pts',(-0.508827813763693,0.489376820809182,
-2.74497979976389));
#6001=CARTESIAN_POINT('Ctrl Pts',(0.136264214939548,0.69269580663647,-2.79268414032358));
#6002=CARTESIAN_POINT('Ctrl Pts',(0.65627790384888,0.260182108771067,-2.84038848088326));
#6003=CARTESIAN_POINT('Ctrl Pts',(0.573887280714446,-0.41115545215772,-2.88809282144294));
#6004=CARTESIAN_POINT('Ctrl Pts',(-0.0352804447754903,-0.705089148279339,
-2.93579716200263));
#6005=CARTESIAN_POINT('Ctrl Pts',(-0.612063883153315,-0.351814183545984,
-2.98350150256231));
#6006=CARTESIAN_POINT('Ctrl Pts',(-0.627027518829517,0.324394678494176,
-3.031205843122));
#6007=CARTESIAN_POINT('Ctrl Pts',(-0.0664360750222198,0.702838292027748,
-3.07891018368168));
#6008=CARTESIAN_POINT('Ctrl Pts',(0.555137732862754,0.43613932906451,-3.12661452424137));
#6009=CARTESIAN_POINT('Ctrl Pts',(0.667144843326618,-0.230896459105685,
-3.17431886480105));
#6010=CARTESIAN_POINT('Ctrl Pts',(0.166772765003618,-0.685989986558033,
-3.22202320536074));
#6011=CARTESIAN_POINT('Ctrl Pts',(-0.486681768450731,-0.511406172296061,
-3.26972754592042));
#6012=CARTESIAN_POINT('Ctrl Pts',(-0.693406046035734,0.132602685213876,
-3.31743188648011));
#6013=CARTESIAN_POINT('Ctrl Pts',(-0.263645703798259,0.654894159138378,
-3.36513622703979));
#6014=CARTESIAN_POINT('Ctrl Pts',(0.408117771393174,0.576051474677314,-3.41284056759948));
#6015=CARTESIAN_POINT('Ctrl Pts',(0.705265700537588,-0.0315548482814603,
-3.46054490815916));
#6016=CARTESIAN_POINT('Ctrl Pts',(0.355042909673357,-0.610196647889448,
-3.50824924871884));
#6017=CARTESIAN_POINT('Ctrl Pts',(-0.321077459782894,-0.628732599460378,
-3.55595358927852));
#6018=CARTESIAN_POINT('Ctrl Pts',(-0.702477490280707,-0.0701483603069939,
-3.60365792983822));
#6019=CARTESIAN_POINT('Ctrl Pts',(-0.439066127957,0.552825788188005,-3.65136227039789));
#6020=CARTESIAN_POINT('Ctrl Pts',(0.227368598710485,0.668355397318874,-3.69906661095758));
#6021=CARTESIAN_POINT('Ctrl Pts',(0.685099324400231,0.170394637565823,-3.74677095151726));
#6022=CARTESIAN_POINT('Ctrl Pts',(0.513970256431579,-0.483973131804339,
-3.79447529207695));
#6023=CARTESIAN_POINT('Ctrl Pts',(-0.128937454274862,-0.694096931047787,
-3.84217963263663));
#6024=CARTESIAN_POINT('Ctrl Pts',(-0.653492134986544,-0.267101939932245,
-3.88988397319632));
#6025=CARTESIAN_POINT('Ctrl Pts',(-0.578199589860144,0.405068699223233,
-3.937588313756));
#6026=CARTESIAN_POINT('Ctrl Pts',(0.0278283710267933,0.705422567381307,
-3.98529265431569));
#6027=CARTESIAN_POINT('Ctrl Pts',(0.608312380783611,0.358261725823759,-4.03299699487537));
#6028=CARTESIAN_POINT('Ctrl Pts',(0.630420130872783,-0.317751279140122,
-4.08070133543505));
#6029=CARTESIAN_POINT('Ctrl Pts',(0.0738586876069255,-0.702097080943812,
-4.12840567599474));
#6030=CARTESIAN_POINT('Ctrl Pts',(-0.550498413009834,-0.44198067161189,
-4.17611001655442));
#6031=CARTESIAN_POINT('Ctrl Pts',(-0.669547296138991,0.22383439199061,-4.22381435711411));
#6032=CARTESIAN_POINT('Ctrl Pts',(-0.174011754063654,0.684189539712885,
-4.27151869767379));
#6033=CARTESIAN_POINT('Ctrl Pts',(0.481250986473607,0.516519994601392,-4.31922303823348));
#6034=CARTESIAN_POINT('Ctrl Pts',(0.694768442388616,-0.12526862442662,-4.36692737879317));
#6035=CARTESIAN_POINT('Ctrl Pts',(0.270550720702383,-0.652071870526755,
-4.41463171935284));
#6036=CARTESIAN_POINT('Ctrl Pts',(-0.402008320753767,-0.580331566304624,
-4.46233605991253));
#6037=CARTESIAN_POINT('Ctrl Pts',(-0.705559744432022,0.0241011170251262,
-4.51004040047222));
#6038=CARTESIAN_POINT('Ctrl Pts',(-0.361470542153411,0.606411134429572,
-4.55774474103189));
#6039=CARTESIAN_POINT('Ctrl Pts',(0.314416229406395,0.632090065964264,-4.60544908159159));
#6040=CARTESIAN_POINT('Ctrl Pts',(0.701697074635073,0.0775669533591541,
-4.65315342215126));
#6041=CARTESIAN_POINT('Ctrl Pts',(0.444882878678269,-0.548155672290068,
-4.70085776271096));
#6042=CARTESIAN_POINT('Ctrl Pts',(-0.22029393759303,-0.670720506518623,
-4.74856210327063));
#6043=CARTESIAN_POINT('Ctrl Pts',(-0.683260657889958,-0.177624013535958,
-4.79626644383032));
#6044=CARTESIAN_POINT('Ctrl Pts',(-0.519055315637068,0.478515408439212,
-4.84397078439001));
#6045=CARTESIAN_POINT('Ctrl Pts',(0.121596298073731,0.695420561314953,-4.89167512494969));
#6046=CARTESIAN_POINT('Ctrl Pts',(0.650633405401509,0.273991949846115,-4.93937946550938));
#6047=CARTESIAN_POINT('Ctrl Pts',(0.582447344502916,-0.39893672140622,-4.98708380606905));
#6048=CARTESIAN_POINT('Ctrl Pts',(-0.0203731903117683,-0.70567722786084,
-5.03478814662874));
#6049=CARTESIAN_POINT('Ctrl Pts',(-0.60449296189502,-0.364669269097666,
-5.08249248718843));
#6050=CARTESIAN_POINT('Ctrl Pts',(-0.633742358123502,0.311072403669796,
-5.13019682774811));
#6051=CARTESIAN_POINT('Ctrl Pts',(-0.0812730540583732,0.701277482519484,
-5.1779011683078));
#6052=CARTESIAN_POINT('Ctrl Pts',(0.545797631419413,0.447772668149586,-5.22560550886747));
#6053=CARTESIAN_POINT('Ctrl Pts',(0.671874995711058,-0.216747334339106,
-5.27330984942717));
#6054=CARTESIAN_POINT('Ctrl Pts',(0.181231315157148,-0.682312704858447,
-5.32101418998684));
#6055=CARTESIAN_POINT('Ctrl Pts',(-0.475766474056754,-0.521576148772587,
-5.36871853054654));
#6056=CARTESIAN_POINT('Ctrl Pts',(-0.696053269624824,0.11792057771837,-5.4164228711062));
#6057=CARTESIAN_POINT('Ctrl Pts',(-0.277425531311661,0.649176779761324,
-5.46412721166591));
#6058=CARTESIAN_POINT('Ctrl Pts',(0.395853986915248,0.584546865399298,-5.51183155222558));
#6059=CARTESIAN_POINT('Ctrl Pts',(0.705775014388558,-0.016644694940824,
-5.55953589278528));
#6060=CARTESIAN_POINT('Ctrl Pts',(0.367857817373475,-0.602557916720094,
-5.60724023334495));
#6061=CARTESIAN_POINT('Ctrl Pts',(-0.307719895263382,-0.635376961231628,
-5.65494457390465));
#6062=CARTESIAN_POINT('Ctrl Pts',(-0.700838316308726,-0.0849768862596866,
-5.70264891446432));
#6063=CARTESIAN_POINT('Ctrl Pts',(-0.450649959365869,0.543424356215636,
-5.75035325502401));
#6064=CARTESIAN_POINT('Ctrl Pts',(0.213194681221819,0.673010731492128,-5.79805759558369));
#6065=CARTESIAN_POINT('Ctrl Pts',(0.681345707077673,0.184833558240025,-5.84576193614339));
#6066=CARTESIAN_POINT('Ctrl Pts',(0.524082423646318,-0.473004260054641,
-5.89346627670305));
#6067=CARTESIAN_POINT('Ctrl Pts',(-0.114241565957443,-0.696666549658037,
-5.94117061726276));
#6068=CARTESIAN_POINT('Ctrl Pts',(-0.647702034263616,-0.28085136926071,
-5.98887495782242));
#6069=CARTESIAN_POINT('Ctrl Pts',(-0.586630070391831,0.392760203326296,
-6.03657929838212));
#6070=CARTESIAN_POINT('Ctrl Pts',(0.0129157349822437,0.70585310128575,-6.08428363894179));
#6071=CARTESIAN_POINT('Ctrl Pts',(0.600606052915883,0.371036097981916,-6.13198797950148));
#6072=CARTESIAN_POINT('Ctrl Pts',(0.636993829663506,-0.304358797762538,
-6.17969232006117));
#6073=CARTESIAN_POINT('Ctrl Pts',(0.0886783465815427,-0.700379588260828,
-6.22739666062084));
#6074=CARTESIAN_POINT('Ctrl Pts',(-0.541035912921723,-0.453514672016022,
-6.27510100118055));
#6075=CARTESIAN_POINT('Ctrl Pts',(-0.674127682161114,0.209636077403011,
-6.32280534174021));
#6076=CARTESIAN_POINT('Ctrl Pts',(-0.188430642238593,0.680359691538523,
-6.37050968229992));
#6077=CARTESIAN_POINT('Ctrl Pts',(0.470228843531939,0.526574070302989,-6.41821402285958));
#6078=CARTESIAN_POINT('Ctrl Pts',(0.697260384296683,-0.110559365479723,
-6.46591836341928));
#6079=CARTESIAN_POINT('Ctrl Pts',(0.284269368071096,-0.646209210071554,
-6.51362270397895));
#6080=CARTESIAN_POINT('Ctrl Pts',(-0.389655456993226,-0.588696901333991,
-6.56132704453865));
#6081=CARTESIAN_POINT('Ctrl Pts',(-0.705911486372848,0.00918641451897049,
-6.60903138509832));
#6082=CARTESIAN_POINT('Ctrl Pts',(-0.374204022210644,0.598637424962906,
-6.65673572565801));
#6083=CARTESIAN_POINT('Ctrl Pts',(0.300989204982409,0.63859291828903,-6.7044400662177));
#6084=CARTESIAN_POINT('Ctrl Pts',(0.699901311179827,0.0923773317085713,
-6.75214440677738));
#6085=CARTESIAN_POINT('Ctrl Pts',(0.456366726140025,-0.538632368204028,
-6.79984874733707));
#6086=CARTESIAN_POINT('Ctrl Pts',(-0.206071622210631,-0.675225816541637,
-6.84755308789675));
#6087=CARTESIAN_POINT('Ctrl Pts',(-0.679354685762716,-0.192022466750841,
-6.89525742845643));
#6088=CARTESIAN_POINT('Ctrl Pts',(-0.529051019195616,0.46744030195622,-6.94296176901612));
#6089=CARTESIAN_POINT('Ctrl Pts',(0.10687407906299,0.69783475696563,-6.9906661095758));
#6090=CARTESIAN_POINT('Ctrl Pts',(0.644698348852931,0.287679432339441,-7.03837045013549));
#6091=CARTESIAN_POINT('Ctrl Pts',(0.590747300536274,-0.386539834575878,
-7.08607479069516));
#6092=CARTESIAN_POINT('Ctrl Pts',(-0.00545683764399629,-0.705950168020215,
-7.13377913125486));
#6093=CARTESIAN_POINT('Ctrl Pts',(-0.596652087809617,-0.37736150163638,
-7.18148347181454));
#6094=CARTESIAN_POINT('Ctrl Pts',(-0.640174182474342,0.297611210975242,
-7.22918781237422));
#6095=CARTESIAN_POINT('Ctrl Pts',(-0.0960737383945011,0.699403498415433,
-7.27689215293391));
#6096=CARTESIAN_POINT('Ctrl Pts',(0.536213789150422,0.459206042131182,-7.32459649349359));
#6097=CARTESIAN_POINT('Ctrl Pts',(0.676305103982504,-0.202501415135937,
-7.37230083405328));
#6098=CARTESIAN_POINT('Ctrl Pts',(0.195608931521571,-0.67833071780204,-7.42000517461295));
#6099=CARTESIAN_POINT('Ctrl Pts',(-0.464638713161411,-0.531513201187464,
-7.46770951517265));
#6100=CARTESIAN_POINT('Ctrl Pts',(-0.698389651632945,0.103185809571157,
-7.51541385573233));
#6101=CARTESIAN_POINT('Ctrl Pts',(-0.291081466883853,0.643169492778993,
-7.56311819629202));
#6102=CARTESIAN_POINT('Ctrl Pts',(0.38341342303768,0.592781210767824,-7.61082253685169));
#6103=CARTESIAN_POINT('Ctrl Pts',(0.705969145148156,-0.00172710845747167,
-7.6585268774114));
#6104=CARTESIAN_POINT('Ctrl Pts',(0.380508448127396,-0.59465009687086,-7.70623121797105));
#6105=CARTESIAN_POINT('Ctrl Pts',(-0.294224910027796,-0.641737578083108,
-7.75393555853077));
#6106=CARTESIAN_POINT('Ctrl Pts',(-0.698886163862606,-0.0997674634650365,
-7.80163989909043));
#6107=CARTESIAN_POINT('Ctrl Pts',(-0.462032540738369,0.533780243268418,
-7.84934423965013));
#6108=CARTESIAN_POINT('Ctrl Pts',(0.198925555830745,0.677365514358585,-7.8970485802098));
#6109=CARTESIAN_POINT('Ctrl Pts',(0.677287816237526,0.199189936445191,-7.94475292076949));
#6110=CARTESIAN_POINT('Ctrl Pts',(0.533960547553993,-0.46182415534561,-7.99245726132918));
#6111=CARTESIAN_POINT('Ctrl Pts',(-0.0994946599514051,-0.698925052810381,
-8.04016160188886));
#6112=CARTESIAN_POINT('Ctrl Pts',(-0.641622684523234,-0.294475376746563,
-8.08786594244854));
#6113=CARTESIAN_POINT('Ctrl Pts',(-0.594798575258054,0.380276309643201,
-8.13557028300823));
#6114=CARTESIAN_POINT('Ctrl Pts',(-0.00200266893617758,0.705968417226973,
-8.18327462356791));
#6115=CARTESIAN_POINT('Ctrl Pts',(0.592631508026254,0.383644773845974,-8.2309789641276));
#6116=CARTESIAN_POINT('Ctrl Pts',(0.643283061477846,-0.290830396658724,
-8.27868330468727));
#6117=CARTESIAN_POINT('Ctrl Pts',(0.103458403820541,-0.698349321961149,
-8.32638764524697));
#6118=CARTESIAN_POINT('Ctrl Pts',(-0.531331798482967,-0.464846143068337,
-8.37409198580664));
#6119=CARTESIAN_POINT('Ctrl Pts',(-0.678407018072241,0.195344144104942,
-8.42179632636633));
#6120=CARTESIAN_POINT('Ctrl Pts',(-0.202765381567361,0.676226010178149,
-8.46950066692602));
#6121=CARTESIAN_POINT('Ctrl Pts',(0.458996707066786,0.536392989985794,-8.5172050074857));
#6122=CARTESIAN_POINT('Ctrl Pts',(0.699440945557813,-0.0958007332333512,
-8.56490934804539));
#6123=CARTESIAN_POINT('Ctrl Pts',(0.297861067188946,-0.640057967256397,
-8.61261368860507));
#6124=CARTESIAN_POINT('Ctrl Pts',(-0.377128581941295,-0.596799337705488,
-8.66031802916476));
#6125=CARTESIAN_POINT('Ctrl Pts',(-0.705947984304326,-0.00573239041730818,
-8.70802236972444));
#6126=CARTESIAN_POINT('Ctrl Pts',(-0.386770391199017,0.590596377592476,
-8.75572671028412));
#6127=CARTESIAN_POINT('Ctrl Pts',(0.287427765517762,0.644810589570749,-8.80343105084381));
#6128=CARTESIAN_POINT('Ctrl Pts',(0.697792987881269,0.107146456344905,-8.8511353914035));
#6129=CARTESIAN_POINT('Ctrl Pts',(0.467646770235615,-0.528868522956392,
-8.89883973196317));
#6130=CARTESIAN_POINT('Ctrl Pts',(-0.191757279256168,-0.67942958639167,
-8.94654407252287));
#6131=CARTESIAN_POINT('Ctrl Pts',(-0.675145330524409,-0.206335166448459,
-8.99424841308254));
#6132=CARTESIAN_POINT('Ctrl Pts',(-0.538810458195325,0.45615644602944,-9.04195275364223));
#6133=CARTESIAN_POINT('Ctrl Pts',(0.0921041279888935,0.699937317777905,
-9.08965709420191));
#6134=CARTESIAN_POINT('Ctrl Pts',(0.638475393240055,0.301238439348247,-9.13736143476161));
#6135=CARTESIAN_POINT('Ctrl Pts',(0.598783425998377,-0.373970319530208,
-9.18506577532128));
#6136=CARTESIAN_POINT('Ctrl Pts',(0.00946198269476714,-0.705907862599732,
-9.23277011588096));
#6137=CARTESIAN_POINT('Ctrl Pts',(-0.588544820742632,-0.3898851833002,-9.28047445644066));
#6138=CARTESIAN_POINT('Ctrl Pts',(-0.646320009159326,0.284017055425499,
-9.32817879700032));
#6139=CARTESIAN_POINT('Ctrl Pts',(-0.110831727539844,0.69721728352236,-9.37588313756003));
#6140=CARTESIAN_POINT('Ctrl Pts',(0.526390882186706,0.470434142572774,-9.4235874781197));
#6141=CARTESIAN_POINT('Ctrl Pts',(0.680432439233527,-0.188164679711464,
-9.4712918186794));
#6142=CARTESIAN_POINT('Ctrl Pts',(0.209900615076674,-0.674046530466704,
-9.51899615923907));
#6143=CARTESIAN_POINT('Ctrl Pts',(-0.453306148258849,-0.541211515093051,
-9.56670049979876));
#6144=CARTESIAN_POINT('Ctrl Pts',(-0.700409047223375,0.0884023529692531,
-9.61440484035844));
#6145=CARTESIAN_POINT('Ctrl Pts',(-0.304617075694417,0.636879921224019,
-9.66210918091812));
#6146=CARTESIAN_POINT('Ctrl Pts',(0.370819941201195,0.600741475113673,-9.70981352147781));
#6147=CARTESIAN_POINT('Ctrl Pts',(0.705813328203224,0.0132089772935103,
-9.7575178620375));
#6148=CARTESIAN_POINT('Ctrl Pts',(0.393054856335463,-0.586510306315463,
-9.80522220259717));
#6149=CARTESIAN_POINT('Ctrl Pts',(-0.280723111227609,-0.647747947212208,
-9.85292654315687));
#6150=CARTESIAN_POINT('Ctrl Pts',(-0.696384919149414,-0.114634415709286,
-9.90063088371654));
#6151=CARTESIAN_POINT('Ctrl Pts',(-0.473666012855819,0.524129627081396,
-9.94833522427624));
#6152=CARTESIAN_POINT('Ctrl Pts',(0.185502559668585,0.680955048391073,-9.99603956483592));
#6153=CARTESIAN_POINT('Ctrl Pts',(0.508926020555195,0.370016653237379,-10.0278424585424));
#6154=CARTESIAN_POINT('Ctrl Pts',(0.569040844298815,0.180503788872892,-10.0437439053956));
#6155=CARTESIAN_POINT('Ctrl Pts',(-0.450372416727762,-0.331296689163649,
0.));
#6156=CARTESIAN_POINT('Ctrl Pts',(-0.560707175905268,-0.181305053976183,
-0.0159014468532281));
#6157=CARTESIAN_POINT('Ctrl Pts',(-0.617806816368085,0.234975252077202,
-0.0477043405596844));
#6158=CARTESIAN_POINT('Ctrl Pts',(-0.135672737723772,0.647559958378572,
-0.0954086811193687));
#6159=CARTESIAN_POINT('Ctrl Pts',(0.470709738564463,0.464020699340389,-0.143113021679053));
#6160=CARTESIAN_POINT('Ctrl Pts',(0.645162170707054,-0.1445782946324,-0.190817362238737));
#6161=CARTESIAN_POINT('Ctrl Pts',(0.227341477190738,-0.620921753146137,
-0.238521702798422));
#6162=CARTESIAN_POINT('Ctrl Pts',(-0.399120459231337,-0.527075372335783,
-0.286226043358106));
#6163=CARTESIAN_POINT('Ctrl Pts',(-0.65924554271032,0.0504527103996063,
-0.33393038391779));
#6164=CARTESIAN_POINT('Ctrl Pts',(-0.314231749591157,0.581736372456469,
-0.381634724477475));
#6165=CARTESIAN_POINT('Ctrl Pts',(0.319213071162443,0.57900298697383,-0.429339065037159));
#6166=CARTESIAN_POINT('Ctrl Pts',(0.659651831232312,0.0448153119625827,
-0.477043405596844));
#6167=CARTESIAN_POINT('Ctrl Pts',(0.394587766000927,-0.530518608567554,
-0.524747746156528));
#6168=CARTESIAN_POINT('Ctrl Pts',(-0.232671694265996,-0.618878805922098,
-0.572452086716213));
#6169=CARTESIAN_POINT('Ctrl Pts',(-0.646359819026607,-0.139166444510166,
-0.620156427275896));
#6170=CARTESIAN_POINT('Ctrl Pts',(-0.466747316863795,0.468289685849806,
-0.667860767835581));
#6171=CARTESIAN_POINT('Ctrl Pts',(0.141297280376089,0.645897082724875,-0.715565108395266));
#6172=CARTESIAN_POINT('Ctrl Pts',(0.619643698282132,0.230629233196843,-0.76326944895495));
#6173=CARTESIAN_POINT('Ctrl Pts',(0.529212688810301,-0.396335799821029,
-0.810973789514634));
#6174=CARTESIAN_POINT('Ctrl Pts',(-0.0469881328605114,-0.659499968980988,
-0.858678130074318));
#6175=CARTESIAN_POINT('Ctrl Pts',(-0.580058068137977,-0.317302318149056,
-0.906382470634003));
#6176=CARTESIAN_POINT('Ctrl Pts',(-0.580686666182565,0.316150461101472,
-0.954086811193687));
#6177=CARTESIAN_POINT('Ctrl Pts',(-0.0482969378550826,0.659405428233623,
-1.00179115175337));
#6178=CARTESIAN_POINT('Ctrl Pts',(0.52842505330588,0.397385304869326,-1.04949549231306));
#6179=CARTESIAN_POINT('Ctrl Pts',(0.620100192648217,-0.229398926514678,
-1.09719983287274));
#6180=CARTESIAN_POINT('Ctrl Pts',(0.142578917623885,-0.645615495493004,
-1.14490417343242));
#6181=CARTESIAN_POINT('Ctrl Pts',(-0.465817028652157,-0.469214889207177,
-1.19260851399211));
#6182=CARTESIAN_POINT('Ctrl Pts',(-0.646634680568608,0.137882943542183,
-1.24031285455179));
#6183=CARTESIAN_POINT('Ctrl Pts',(-0.233899635418698,0.61841658832471,-1.28801719511148));
#6184=CARTESIAN_POINT('Ctrl Pts',(0.39353431724414,0.531299216460487,-1.33572153567116));
#6185=CARTESIAN_POINT('Ctrl Pts',(0.659739028049134,-0.0435032308412517,
-1.38342587623085));
#6186=CARTESIAN_POINT('Ctrl Pts',(0.320362424925823,-0.578373610146562,
-1.43113021679053));
#6187=CARTESIAN_POINT('Ctrl Pts',(-0.313078179229936,-0.582348838688639,
-1.47883455735022));
#6188=CARTESIAN_POINT('Ctrl Pts',(-0.659141067222524,-0.0517800128112091,
-1.5265388979099));
#6189=CARTESIAN_POINT('Ctrl Pts',(-0.400171515740186,0.526318225236207,
-1.57424323846958));
#6190=CARTESIAN_POINT('Ctrl Pts',(0.226119631099281,0.621303491587643,-1.62194757902927));
#6191=CARTESIAN_POINT('Ctrl Pts',(0.644853217317991,0.145987822578254,-1.66965191958895));
#6192=CARTESIAN_POINT('Ctrl Pts',(0.47166933005585,-0.463331586783373,-1.71735626014864));
#6193=CARTESIAN_POINT('Ctrl Pts',(-0.134464739770917,-0.647354114828293,
-1.76506060070832));
#6194=CARTESIAN_POINT('Ctrl Pts',(-0.617172226772295,-0.237163569562361,
-1.81276494126801));
#6195=CARTESIAN_POINT('Ctrl Pts',(-0.5333709093467,0.390721882276031,-1.86046928182769));
#6196=CARTESIAN_POINT('Ctrl Pts',(0.040017111859119,0.659959655573835,-1.90817362238737));
#6197=CARTESIAN_POINT('Ctrl Pts',(0.576673009984,0.323413598635945,-1.95587796294706));
#6198=CARTESIAN_POINT('Ctrl Pts',(0.583994755890325,-0.309997163405188,
-2.00358230350674));
#6199=CARTESIAN_POINT('Ctrl Pts',(0.0552616428777815,-0.658858305747993,
-2.05128664406643));
#6200=CARTESIAN_POINT('Ctrl Pts',(-0.524196706753216,-0.402946558312323,
-2.09899098462611));
#6201=CARTESIAN_POINT('Ctrl Pts',(-0.622489448559645,0.222834024912206,
-2.14669532518579));
#6202=CARTESIAN_POINT('Ctrl Pts',(-0.149392652770995,0.644072939599786,
-2.19439966574548));
#6203=CARTESIAN_POINT('Ctrl Pts',(0.460833212409009,0.474110605837349,-2.24210400630516));
#6204=CARTESIAN_POINT('Ctrl Pts',(0.648055480088502,-0.131042782914301,
-2.28980834686485));
#6205=CARTESIAN_POINT('Ctrl Pts',(0.240420883992184,-0.615910638621449,
-2.33751268742453));
#6206=CARTESIAN_POINT('Ctrl Pts',(-0.38789854146206,-0.535427714783491,
-2.38521702798422));
#6207=CARTESIAN_POINT('Ctrl Pts',(-0.660161862266403,0.0365298759321564,
-2.4329213685439));
#6208=CARTESIAN_POINT('Ctrl Pts',(-0.326455745209405,0.574956313685168,
-2.48062570910359));
#6209=CARTESIAN_POINT('Ctrl Pts',(0.306907494923448,0.585624372602847,-2.52833004966327));
#6210=CARTESIAN_POINT('Ctrl Pts',(0.658557154184304,0.0587417304761762,
-2.57603439022296));
#6211=CARTESIAN_POINT('Ctrl Pts',(0.405710353818431,-0.522060556862121,
-2.62373873078264));
#6212=CARTESIAN_POINT('Ctrl Pts',(-0.219542198969824,-0.623658030572972,
-2.67144307134233));
#6213=CARTESIAN_POINT('Ctrl Pts',(-0.643274684482666,-0.152793313107577,
-2.71914741190201));
#6214=CARTESIAN_POINT('Ctrl Pts',(-0.476538648217904,0.458321975232826,
-2.76685175246169));
#6215=CARTESIAN_POINT('Ctrl Pts',(0.127617168384425,0.648738756789052,-2.81455609302138));
#6216=CARTESIAN_POINT('Ctrl Pts',(0.614631859139407,0.243671487781193,-2.86226043358106));
#6217=CARTESIAN_POINT('Ctrl Pts',(0.537469575332839,-0.385064373602909,
-2.90996477414075));
#6218=CARTESIAN_POINT('Ctrl Pts',(-0.0330416203813122,-0.660345642485238,
-2.95766911470043));
#6219=CARTESIAN_POINT('Ctrl Pts',(-0.573223569174487,-0.329488779732374,
-3.00537345526012));
#6220=CARTESIAN_POINT('Ctrl Pts',(-0.587237643336082,0.303809260023041,
-3.0530777958198));
#6221=CARTESIAN_POINT('Ctrl Pts',(-0.062220178472201,0.65823762093757,-3.10078213637949));
#6222=CARTESIAN_POINT('Ctrl Pts',(0.519909835188413,0.408462825115115,-3.14848647693916));
#6223=CARTESIAN_POINT('Ctrl Pts',(0.624809205009487,-0.21624424515366,-3.19619081749886));
#6224=CARTESIAN_POINT('Ctrl Pts',(0.156189708668911,-0.642458474247626,
-3.24389515805853));
#6225=CARTESIAN_POINT('Ctrl Pts',(-0.455797945348781,-0.478953389425833,
-3.29159949861822));
#6226=CARTESIAN_POINT('Ctrl Pts',(-0.649403925858197,0.124187991797212,
-3.33930383917791));
#6227=CARTESIAN_POINT('Ctrl Pts',(-0.246915290198407,0.613335924019539,
-3.38700817973759));
#6228=CARTESIAN_POINT('Ctrl Pts',(0.382219457806056,0.539496434002217,-3.43471252029727));
#6229=CARTESIAN_POINT('Ctrl Pts',(0.660510991100643,-0.0295524425709695,
-3.48241686085696));
#6230=CARTESIAN_POINT('Ctrl Pts',(0.33251261754663,-0.571474824816416,-3.53012120141664));
#6231=CARTESIAN_POINT('Ctrl Pts',(-0.300702545182072,-0.588834523060331,
-3.57782554197633));
#6232=CARTESIAN_POINT('Ctrl Pts',(-0.657899714926619,-0.0656968897752245,
-3.62552988253601));
#6233=CARTESIAN_POINT('Ctrl Pts',(-0.411203895375242,0.517744601763159,
-3.67323422309569));
#6234=CARTESIAN_POINT('Ctrl Pts',(0.21294025551639,0.625942939737543,-3.72093856365538));
#6235=CARTESIAN_POINT('Ctrl Pts',(0.641624331676766,0.159581744654609,-3.76864290421506));
#6236=CARTESIAN_POINT('Ctrl Pts',(0.481354762060749,-0.453261193207741,
-3.81634724477475));
#6237=CARTESIAN_POINT('Ctrl Pts',(-0.120755348868036,-0.650050968729701,
-3.86405158533444));
#6238=CARTESIAN_POINT('Ctrl Pts',(-0.612022869434056,-0.250152200702628,
-3.91175592589411));
#6239=CARTESIAN_POINT('Ctrl Pts',(-0.541508234217834,0.379363873478943,
-3.95946026645381));
#6240=CARTESIAN_POINT('Ctrl Pts',(0.0260624398912439,0.6606579034974,-4.00716460701348));
#6241=CARTESIAN_POINT('Ctrl Pts',(0.569710129422006,0.335527174250651,-4.05486894757317));
#6242=CARTESIAN_POINT('Ctrl Pts',(0.590414967203399,-0.297587437115335,
-4.10257328813285));
#6243=CARTESIAN_POINT('Ctrl Pts',(0.069171767343094,-0.657543445583101,
-4.15027762869254));
#6244=CARTESIAN_POINT('Ctrl Pts',(-0.515564917022465,-0.413933488089917,
-4.19798196925222));
#6245=CARTESIAN_POINT('Ctrl Pts',(-0.627059203112278,0.209630322279144,
-4.24568630981191));
#6246=CARTESIAN_POINT('Ctrl Pts',(-0.162969326385988,0.640772280052719,
-4.29339065037159));
#6247=CARTESIAN_POINT('Ctrl Pts',(0.450711789615662,0.483742699095412,-4.34109499093128));
#6248=CARTESIAN_POINT('Ctrl Pts',(0.650679867343269,-0.117319335409003,
-4.38879933149096));
#6249=CARTESIAN_POINT('Ctrl Pts',(0.253382128945043,-0.610692732033009,
-4.43650367205065));
#6250=CARTESIAN_POINT('Ctrl Pts',(-0.376497700326798,-0.543504919826214,
-4.48420801261033));
#6251=CARTESIAN_POINT('Ctrl Pts',(-0.660786375574881,0.0225717097552849,
-4.53191235317001));
#6252=CARTESIAN_POINT('Ctrl Pts',(-0.338532365701963,0.567929532247528,
-4.5796166937297));
#6253=CARTESIAN_POINT('Ctrl Pts',(0.294464022771897,0.591978931651844,-4.62732103428938));
#6254=CARTESIAN_POINT('Ctrl Pts',(0.657168822851227,0.0726447141848326,
-4.67502537484907));
#6255=CARTESIAN_POINT('Ctrl Pts',(0.41665152707059,-0.513370841805812,-4.72272971540875));
#6256=CARTESIAN_POINT('Ctrl Pts',(-0.206314537828958,-0.628157963976489,
-4.77043405596844));
#6257=CARTESIAN_POINT('Ctrl Pts',(-0.639902343158001,-0.166352359308679,
-4.81813839652812));
#6258=CARTESIAN_POINT('Ctrl Pts',(-0.486117133877588,0.448149805731638,
-4.8658427370878));
#6259=CARTESIAN_POINT('Ctrl Pts',(0.113880047326308,0.651290604145048,-4.91354707764749));
#6260=CARTESIAN_POINT('Ctrl Pts',(0.609345548943268,0.256604984771716,-4.96125141820718));
#6261=CARTESIAN_POINT('Ctrl Pts',(0.545486435095759,-0.373621018350394,
-5.00895575876686));
#6262=CARTESIAN_POINT('Ctrl Pts',(-0.0190803495965326,-0.660896403747167,
-5.05666009932655));
#6263=CARTESIAN_POINT('Ctrl Pts',(-0.566133082993109,-0.341528108019504,
-5.10436443988623));
#6264=CARTESIAN_POINT('Ctrl Pts',(-0.593526372752203,0.291332389332664,
-5.15206878044591));
#6265=CARTESIAN_POINT('Ctrl Pts',(-0.0761156333633698,0.656775857187486,
-5.19977312100559));
#6266=CARTESIAN_POINT('Ctrl Pts',(0.511162437354348,0.419357936451221,-5.24747746156529));
#6267=CARTESIAN_POINT('Ctrl Pts',(0.6292391916615,-0.202992994716193,-5.29518180212496));
#6268=CARTESIAN_POINT('Ctrl Pts',(0.169730748995282,-0.639014545274334,
-5.34288614268465));
#6269=CARTESIAN_POINT('Ctrl Pts',(-0.445575313065903,-0.488478000131926,
-5.39059048324433));
#6270=CARTESIAN_POINT('Ctrl Pts',(-0.651883162088121,0.110437580617552,
-5.43829482380402));
#6271=CARTESIAN_POINT('Ctrl Pts',(-0.259820678226117,0.607981357767477,
-5.4859991643637));
#6272=CARTESIAN_POINT('Ctrl Pts',(0.370733907843843,0.547452724718307,-5.53370350492339));
#6273=CARTESIAN_POINT('Ctrl Pts',(0.660987984943147,-0.0155884568660351,
-5.58140784548307));
#6274=CARTESIAN_POINT('Ctrl Pts',(0.344514317585943,-0.564320831801338,
-5.62911218604275));
#6275=CARTESIAN_POINT('Ctrl Pts',(-0.288192624207965,-0.595057247312217,
-5.67681652660244));
#6276=CARTESIAN_POINT('Ctrl Pts',(-0.656364559560358,-0.079584427998208,
-5.72452086716213));
#6277=CARTESIAN_POINT('Ctrl Pts',(-0.422052640690352,0.508939765309179,
-5.77222520772181));
#6278=CARTESIAN_POINT('Ctrl Pts',(0.19966578565194,0.630302855988024,-5.81992954828149));
#6279=CARTESIAN_POINT('Ctrl Pts',(0.638108911181984,0.173104401148,-5.86763388884118));
#6280=CARTESIAN_POINT('Ctrl Pts',(0.490825231961798,-0.442988383477839,
-5.91533822940086));
#6281=CARTESIAN_POINT('Ctrl Pts',(-0.106992031369052,-0.652457524632976,
-5.96304256996055));
#6282=CARTESIAN_POINT('Ctrl Pts',(-0.606600196583018,-0.263029119551638,
-6.01074691052023));
#6283=CARTESIAN_POINT('Ctrl Pts',(-0.549403733810675,0.367836449392323,
-6.05845125107991));
#6284=CARTESIAN_POINT('Ctrl Pts',(0.0120961290296771,0.661061116606599,
-6.1061555916396));
#6285=CARTESIAN_POINT('Ctrl Pts',(0.56249282925587,0.347490911050047,-6.15385993219928));
#6286=CARTESIAN_POINT('Ctrl Pts',(0.596571512602031,-0.285044815035087,
-6.20156427275897));
#6287=CARTESIAN_POINT('Ctrl Pts',(0.0830510012681754,-0.655934941450004,
-6.24926861331866));
#6288=CARTESIAN_POINT('Ctrl Pts',(-0.506702887709648,-0.424735564573263,
-6.29697295387833));
#6289=CARTESIAN_POINT('Ctrl Pts',(-0.631348927267005,0.196333003505432,
-6.34467729443803));
#6290=CARTESIAN_POINT('Ctrl Pts',(-0.176473221601279,0.637185466159055,
-6.3923816349977));
#6291=CARTESIAN_POINT('Ctrl Pts',(0.440389089173963,0.493158763851149,-6.44008597555739));
#6292=CARTESIAN_POINT('Ctrl Pts',(0.653013675747971,-0.103543495753159,
-6.48779031611707));
#6293=CARTESIAN_POINT('Ctrl Pts',(0.266230219194096,-0.605202103940932,
-6.53549465667676));
#6294=CARTESIAN_POINT('Ctrl Pts',(-0.364928723869859,-0.551339407916197,
-6.58319899723645));
#6295=CARTESIAN_POINT('Ctrl Pts',(-0.661115796696266,0.00860346356551087,
-6.63090333779613));
#6296=CARTESIAN_POINT('Ctrl Pts',(-0.350457805328975,0.560649126380007,
-6.67860767835581));
#6297=CARTESIAN_POINT('Ctrl Pts',(0.281889049675858,0.598069126355397,-6.72631201891549));
#6298=CARTESIAN_POINT('Ctrl Pts',(0.655487014847943,0.0865152564140838,
-6.77401635947519));
#6299=CARTESIAN_POINT('Ctrl Pts',(0.427406633214035,-0.504451866991598,
-6.82172070003486));
#6300=CARTESIAN_POINT('Ctrl Pts',(-0.192994741301473,-0.632377376300452,
-6.86942504059456));
#6301=CARTESIAN_POINT('Ctrl Pts',(-0.636244235980792,-0.17983711632441,
-6.91712938115423));
#6302=CARTESIAN_POINT('Ctrl Pts',(-0.495478530666305,0.437777502705913,
-6.96483372171392));
#6303=CARTESIAN_POINT('Ctrl Pts',(0.100092070025593,0.653551599909799,-7.01253806227361));
#6304=CARTESIAN_POINT('Ctrl Pts',(0.603787118864856,0.269423887804216,-7.06024240283327));
#6305=CARTESIAN_POINT('Ctrl Pts',(0.553259693006227,-0.362010812437034,
-7.10794674339298));
#6306=CARTESIAN_POINT('Ctrl Pts',(-0.00511055796100284,-0.661152023685925,
-7.15565108395265));
#6307=CARTESIAN_POINT('Ctrl Pts',(-0.558789774635283,-0.353414917610606,
-7.20335542451234));
#6308=CARTESIAN_POINT('Ctrl Pts',(-0.599550046770832,0.278725416214164,
-7.25105976507203));
#6309=CARTESIAN_POINT('Ctrl Pts',(-0.0899770967414579,0.655020792256738,
-7.29876410563171));
#6310=CARTESIAN_POINT('Ctrl Pts',(0.502186765985645,0.430065772057648,-7.34646844619139));
#6311=CARTESIAN_POINT('Ctrl Pts',(0.633388174382233,-0.189651092217811,
-7.39417278675108));
#6312=CARTESIAN_POINT('Ctrl Pts',(0.183195991424187,-0.635285246918874,
-7.44187712731076));
#6313=CARTESIAN_POINT('Ctrl Pts',(-0.435153696968436,-0.497784467657805,
-7.48958146787045));
#6314=CARTESIAN_POINT('Ctrl Pts',(-0.654071282103879,0.0966378505227312,
-7.53728580843013));
#6315=CARTESIAN_POINT('Ctrl Pts',(-0.272610036240153,0.602355280849939,
-7.58499014898982));
#6316=CARTESIAN_POINT('Ctrl Pts',(0.359082796538756,0.555164535481661,-7.6326944895495));
#6317=CARTESIAN_POINT('Ctrl Pts',(0.661169796564395,-0.00161750971032116,
-7.68039883010919));
#6318=CARTESIAN_POINT('Ctrl Pts',(0.356362165355871,-0.556914825920033,
-7.72810317066886));
#6319=CARTESIAN_POINT('Ctrl Pts',(-0.27555400295352,-0.601014232512802,
-7.77580751122856));
#6320=CARTESIAN_POINT('Ctrl Pts',(-0.654536286689605,-0.0934364256232297,
-7.82351185178823));
#6321=CARTESIAN_POINT('Ctrl Pts',(-0.43271290688209,0.499907647915411,-7.87121619234793));
#6322=CARTESIAN_POINT('Ctrl Pts',(0.186302149582564,0.634381293298897,-7.9189205329076));
#6323=CARTESIAN_POINT('Ctrl Pts',(0.634308525740639,0.186549753147512,-7.96662487346729));
#6324=CARTESIAN_POINT('Ctrl Pts',(0.500076510462226,-0.432517745197341,
-8.01432921402697));
#6325=CARTESIAN_POINT('Ctrl Pts',(-0.0931809336589377,-0.654572707824816,
-8.06203355458667));
#6326=CARTESIAN_POINT('Ctrl Pts',(-0.6009066298617,-0.275788575569964,-8.10973789514633));
#6327=CARTESIAN_POINT('Ctrl Pts',(-0.557053882174457,0.356144757901967,
-8.15744223570604));
#6328=CARTESIAN_POINT('Ctrl Pts',(-0.00187558368836015,0.66116911483559,
-8.2051465762657));
#6329=CARTESIAN_POINT('Ctrl Pts',(0.55502433256787,0.359299466301051,-8.2528509168254));
#6330=CARTESIAN_POINT('Ctrl Pts',(0.602461642712972,-0.27237489841462,-8.30055525738509));
#6331=CARTESIAN_POINT('Ctrl Pts',(0.0968931465022533,-0.654033511670026,
-8.34825959794475));
#6332=CARTESIAN_POINT('Ctrl Pts',(-0.497614576395471,-0.435347963800517,
-8.39596393850447));
#6333=CARTESIAN_POINT('Ctrl Pts',(-0.635356705331011,0.182948006871886,
-8.44366827906412));
#6334=CARTESIAN_POINT('Ctrl Pts',(-0.18989830788294,0.633314099707866,-8.49137261962382));
#6335=CARTESIAN_POINT('Ctrl Pts',(0.429869720965469,0.502354595104936,-8.5390769601835));
#6336=CARTESIAN_POINT('Ctrl Pts',(0.655055863080556,-0.0897214159257841,
-8.58678130074319));
#6337=CARTESIAN_POINT('Ctrl Pts',(0.27895941706694,-0.599441206331359,-8.63448564130287));
#6338=CARTESIAN_POINT('Ctrl Pts',(-0.353196778519847,-0.558927680355914,
-8.68218998186255));
#6339=CARTESIAN_POINT('Ctrl Pts',(-0.661149978544149,-0.00536862472261554,
-8.72989432242224));
#6340=CARTESIAN_POINT('Ctrl Pts',(-0.362226738411528,0.553118347321729,
-8.77759866298193));
#6341=CARTESIAN_POINT('Ctrl Pts',(0.26918819124092,0.603892237017798,-8.8253030035416));
#6342=CARTESIAN_POINT('Ctrl Pts',(0.65351248140554,0.100347162805955,-8.8730073441013));
#6343=CARTESIAN_POINT('Ctrl Pts',(0.437970868933365,-0.495307615262707,
-8.92071168466097));
#6344=CARTESIAN_POINT('Ctrl Pts',(-0.179588757082192,-0.636314383570034,
-8.96841602522067));
#6345=CARTESIAN_POINT('Ctrl Pts',(-0.632301997760175,-0.193241561564542,
-9.01612036578033));
#6346=CARTESIAN_POINT('Ctrl Pts',(-0.504618655758693,0.427209697046353,
-9.06382470634005));
#6347=CARTESIAN_POINT('Ctrl Pts',(0.0862593896399974,0.655520736541436,
-9.1115290468997));
#6348=CARTESIAN_POINT('Ctrl Pts',(0.597959059204074,0.282122468141952,-9.1592333874594));
#6349=CARTESIAN_POINT('Ctrl Pts',(0.560785862490346,-0.350238932939502,
-9.20693772801909));
#6350=CARTESIAN_POINT('Ctrl Pts',(0.00886154475219929,-0.661112402880332,
-9.25464206857877));
#6351=CARTESIAN_POINT('Ctrl Pts',(-0.551196978046068,-0.365143872218342,
-9.30234640913845));
#6352=CARTESIAN_POINT('Ctrl Pts',(-0.605305871946702,0.265993917789538,
-9.35005074969814));
#6353=CARTESIAN_POINT('Ctrl Pts',(-0.103798574277672,0.652973310060053,
-9.39775509025782));
#6354=CARTESIAN_POINT('Ctrl Pts',(0.492987200475585,0.440581360360327,-9.44545943081751));
#6355=CARTESIAN_POINT('Ctrl Pts',(0.637253597435104,-0.176224136508568,
-9.49316377137719));
#6356=CARTESIAN_POINT('Ctrl Pts',(0.196580754162943,-0.63127292529205,-9.54086811193687));
#6357=CARTESIAN_POINT('Ctrl Pts',(-0.424540273304422,-0.506867346528706,
-9.58857245249657));
#6358=CARTESIAN_POINT('Ctrl Pts',(-0.655962531007438,0.0827925216423194,
-9.63627679305624));
#6359=CARTESIAN_POINT('Ctrl Pts',(-0.285286703181139,0.596464832557603,
-9.68398113361592));
#6360=CARTESIAN_POINT('Ctrl Pts',(0.347288471133616,0.562619657839792,-9.73168547417562));
#6361=CARTESIAN_POINT('Ctrl Pts',(0.66102386744201,0.012370762787582,-9.77938981473529));
#6362=CARTESIAN_POINT('Ctrl Pts',(0.368112404328143,-0.549291569716025,
-9.82709415529498));
#6363=CARTESIAN_POINT('Ctrl Pts',(-0.262909000509256,-0.606643195990421,
-9.87479849585466));
#6364=CARTESIAN_POINT('Ctrl Pts',(-0.65219376581664,-0.107359951684415,
-9.92250283641435));
#6365=CARTESIAN_POINT('Ctrl Pts',(-0.443608142808608,0.490869439964049,
-9.97020717697403));
#6366=CARTESIAN_POINT('Ctrl Pts',(0.173730949123147,0.637743042891399,-10.0179115175337));
#6367=CARTESIAN_POINT('Ctrl Pts',(0.476630623008581,0.346536158170283,-10.0497144112402));
#6368=CARTESIAN_POINT('Ctrl Pts',(0.532930683794856,0.169049390031277,-10.0656158580934));
#6369=CARTESIAN_POINT('Ctrl Pts',(-0.0610720230110781,0.554917904970779,
-10.));
#6370=CARTESIAN_POINT('Ctrl Pts',(-0.0332064198132984,0.562389961912566,
-10.));
#6371=CARTESIAN_POINT('Ctrl Pts',(-0.00490323618057572,0.567759088864306,
-10.));
#6372=CARTESIAN_POINT('Ctrl Pts',(0.0235567749235383,0.570987336492187,
-10.));
#6373=CARTESIAN_POINT('Ctrl Pts',(0.0521588563447715,0.574231699298751,
-10.));
#6374=CARTESIAN_POINT('Ctrl Pts',(0.0809206609088324,0.575314563249064,
-10.));
#6375=CARTESIAN_POINT('Ctrl Pts',(0.109588286468157,0.574156637193375,-10.));
#6376=CARTESIAN_POINT('Ctrl Pts',(0.124662569124721,0.573547765536992,-10.));
#6377=CARTESIAN_POINT('Ctrl Pts',(0.13971120842713,0.572318571108939,-10.));
#6378=CARTESIAN_POINT('Ctrl Pts',(0.154698757458157,0.570451871890686,-10.));
#6379=CARTESIAN_POINT('Ctrl Pts',(0.161156135170536,0.569647605502453,-10.));
#6380=CARTESIAN_POINT('Ctrl Pts',(0.16759838593419,0.56872529707331,-10.));
#6381=CARTESIAN_POINT('Ctrl Pts',(0.174014016619003,0.567688981353912,-10.));
#6382=CARTESIAN_POINT('Ctrl Pts',(0.202472738509814,0.563092048909027,-10.));
#6383=CARTESIAN_POINT('Ctrl Pts',(0.23046215579503,0.556249481999878,-10.));
#6384=CARTESIAN_POINT('Ctrl Pts',(0.257822878522463,0.547379126254772,-10.));
#6385=CARTESIAN_POINT('Ctrl Pts',(0.280866933396337,0.539908235716634,-10.));
#6386=CARTESIAN_POINT('Ctrl Pts',(0.303465647223654,0.53099782452696,-10.));
#6387=CARTESIAN_POINT('Ctrl Pts',(0.325526885690166,0.520749794209822,-10.));
#6388=CARTESIAN_POINT('Ctrl Pts',(0.341589509311547,0.513288279567543,-10.));
#6389=CARTESIAN_POINT('Ctrl Pts',(0.357367284593233,0.505117122142296,-10.));
#6390=CARTESIAN_POINT('Ctrl Pts',(0.372823587312313,0.496267896463037,-10.));
#6391=CARTESIAN_POINT('Ctrl Pts',(0.378221648553037,0.49317733444327,-10.));
#6392=CARTESIAN_POINT('Ctrl Pts',(0.38357888540719,0.490004821092359,-10.));
#6393=CARTESIAN_POINT('Ctrl Pts',(0.388885876640748,0.486756807720764,-10.));
#6394=CARTESIAN_POINT('Ctrl Pts',(0.416231781568758,0.470020419632744,-10.));
#6395=CARTESIAN_POINT('Ctrl Pts',(0.442303500091645,0.451250674045347,-10.));
#6396=CARTESIAN_POINT('Ctrl Pts',(0.466902373944559,0.430674526086166,-10.));
#6397=CARTESIAN_POINT('Ctrl Pts',(0.488014212452392,0.41301516836821,-9.99999999999999));
#6398=CARTESIAN_POINT('Ctrl Pts',(0.508041751304538,0.3940239216671,-10.));
#6399=CARTESIAN_POINT('Ctrl Pts',(0.526849893979959,0.373811593842405,-10.));
#6400=CARTESIAN_POINT('Ctrl Pts',(0.532623203894145,0.367607258059074,-10.));
#6401=CARTESIAN_POINT('Ctrl Pts',(0.538276171371694,0.361293266324244,-10.));
#6402=CARTESIAN_POINT('Ctrl Pts',(0.54380029958697,0.35487912260883,-10.));
#6403=CARTESIAN_POINT('Ctrl Pts',(0.564891288367781,0.330390076035611,-10.));
#6404=CARTESIAN_POINT('Ctrl Pts',(0.584129222828967,0.304419801589204,-10.));
#6405=CARTESIAN_POINT('Ctrl Pts',(0.601315652969425,0.277160769900593,-10.));
#6406=CARTESIAN_POINT('Ctrl Pts',(0.61622369200607,0.253515445933151,-10.));
#6407=CARTESIAN_POINT('Ctrl Pts',(0.629588421385002,0.228899311600673,-10.));
#6408=CARTESIAN_POINT('Ctrl Pts',(0.641261165306732,0.203412586556121,-10.));
#6409=CARTESIAN_POINT('Ctrl Pts',(-0.496510141830737,0.452465441631407,
-1.38777878078145E-17));
#6410=CARTESIAN_POINT('Ctrl Pts',(-0.51517381733048,0.426518573681957,-2.26962463542775E-17));
#6411=CARTESIAN_POINT('Ctrl Pts',(-0.531966181222022,0.399409800882085,
1.49518479107588E-16));
#6412=CARTESIAN_POINT('Ctrl Pts',(-0.546689778979951,0.371306162599098,
6.59194920871187E-17));
#6413=CARTESIAN_POINT('Ctrl Pts',(-0.558497357703748,0.348768469916427,
-1.12265594645332E-18));
#6414=CARTESIAN_POINT('Ctrl Pts',(-0.56897374127165,0.325590334271603,3.2069709411927E-17));
#6415=CARTESIAN_POINT('Ctrl Pts',(-0.57799214552972,0.301854754523301,5.72458747072346E-17));
#6416=CARTESIAN_POINT('Ctrl Pts',(-0.581665273092311,0.292187433155496,
6.74999356275775E-17));
#6417=CARTESIAN_POINT('Ctrl Pts',(-0.585096264076201,0.28242764028217,1.14332941653616E-16));
#6418=CARTESIAN_POINT('Ctrl Pts',(-0.588275363665883,0.272581069836294,
1.33573707650214E-16));
#6419=CARTESIAN_POINT('Ctrl Pts',(-0.59062754696963,0.265295692971365,1.47809753817315E-16));
#6420=CARTESIAN_POINT('Ctrl Pts',(-0.592838607345428,0.257972756939683,
1.22871466637528E-16));
#6421=CARTESIAN_POINT('Ctrl Pts',(-0.594905520417021,0.250614885418513,
1.11022302462516E-16));
#6422=CARTESIAN_POINT('Ctrl Pts',(-0.596903877035636,0.243501063625363,
9.95661575575269E-17));
#6423=CARTESIAN_POINT('Ctrl Pts',(-0.598767515391249,0.236354504205966,
1.71800347460732E-16));
#6424=CARTESIAN_POINT('Ctrl Pts',(-0.600493589385241,0.229177329824922,
1.6306400674182E-16));
#6425=CARTESIAN_POINT('Ctrl Pts',(-0.60636842430535,0.204749226030871,1.22359776122785E-16));
#6426=CARTESIAN_POINT('Ctrl Pts',(-0.610651352783316,0.179966178984231,
9.49452247765202E-17));
#6427=CARTESIAN_POINT('Ctrl Pts',(-0.61337585666246,0.154967575763319,7.97972798949331E-17));
#6428=CARTESIAN_POINT('Ctrl Pts',(-0.61487235046683,0.141236541968743,7.14769373042134E-17));
#6429=CARTESIAN_POINT('Ctrl Pts',(-0.615898269812538,0.127440525731897,
4.51877632020315E-17));
#6430=CARTESIAN_POINT('Ctrl Pts',(-0.616456460967666,0.113603502088276,
5.55111512312578E-17));
#6431=CARTESIAN_POINT('Ctrl Pts',(-0.616848760681336,0.103878768251903,
6.27664832635994E-17));
#6432=CARTESIAN_POINT('Ctrl Pts',(-0.617009993590952,0.0941337938190748,
1.09514690418324E-16));
#6433=CARTESIAN_POINT('Ctrl Pts',(-0.616940633484047,0.0843772102401779,
1.17961196366423E-16));
#6434=CARTESIAN_POINT('Ctrl Pts',(-0.616893562267921,0.0777559076674668,
1.23693415140783E-16));
#6435=CARTESIAN_POINT('Ctrl Pts',(-0.616740218786121,0.0711329517719387,
5.79209030222378E-17));
#6436=CARTESIAN_POINT('Ctrl Pts',(-0.616481579468518,0.064519268904092,
5.20417042793042E-17));
#6437=CARTESIAN_POINT('Ctrl Pts',(-0.61529947134083,0.0342915048328379,
2.51708917410437E-17));
#6438=CARTESIAN_POINT('Ctrl Pts',(-0.611921545857584,0.00420372659666882,
-1.01740410466941E-16));
#6439=CARTESIAN_POINT('Ctrl Pts',(-0.606406922724781,-0.0254973742923947,
-8.32667268468867E-17));
#6440=CARTESIAN_POINT('Ctrl Pts',(-0.60110434958503,-0.054056399270653,
-6.55033990188656E-17));
#6441=CARTESIAN_POINT('Ctrl Pts',(-0.593825437801594,-0.0822589008542049,
-2.43693472773259E-17));
#6442=CARTESIAN_POINT('Ctrl Pts',(-0.584584392134744,-0.109860361406265,
-2.08166817117217E-17));
#6443=CARTESIAN_POINT('Ctrl Pts',(-0.580966960245061,-0.120665026506127,
-1.94259813328136E-17));
#6444=CARTESIAN_POINT('Ctrl Pts',(-0.577048496498039,-0.131377233992711,
5.67900322936254E-17));
#6445=CARTESIAN_POINT('Ctrl Pts',(-0.572828551179968,-0.141980730916078,
4.85722573273506E-17));
#6446=CARTESIAN_POINT('Ctrl Pts',(-0.570449725828168,-0.147958028107827,
4.39398154467767E-17));
#6447=CARTESIAN_POINT('Ctrl Pts',(-0.567975300920722,-0.153899861164951,
-5.25632841783066E-17));
#6448=CARTESIAN_POINT('Ctrl Pts',(-0.565410582723029,-0.15979181495073,
-4.85722573273506E-17));
#6449=CARTESIAN_POINT('Ctrl Pts',(-0.553978184402775,-0.186055582496074,
-3.07819953375594E-17));
#6450=CARTESIAN_POINT('Ctrl Pts',(-0.540730080202614,-0.211394245109317,
-1.4680424781021E-17));
#6451=CARTESIAN_POINT('Ctrl Pts',(-0.525695895890536,-0.235578026403053,
-3.46944695195361E-17));
#6452=CARTESIAN_POINT('Ctrl Pts',(-0.511228665974427,-0.258849812683888,
-5.39537642556509E-17));
#6453=CARTESIAN_POINT('Ctrl Pts',(-0.495106804850769,-0.281052851412641,
9.3631760422208E-17));
#6454=CARTESIAN_POINT('Ctrl Pts',(-0.477328439132911,-0.301943971258121,
6.24500451351651E-17));
#6455=CARTESIAN_POINT('Ctrl Pts',(-0.468731473331419,-0.312046150823819,
4.73717109278038E-17));
#6456=CARTESIAN_POINT('Ctrl Pts',(-0.459746795820689,-0.32184091286961,
6.94785987986253E-18));
#6457=CARTESIAN_POINT('Ctrl Pts',(-0.450372416727762,-0.331296689163649,
0.));
#6458=CARTESIAN_POINT('Origin',(0.,0.,0.));
#6459=CARTESIAN_POINT('Origin',(0.,0.,-10.));
#6460=CARTESIAN_POINT('Origin',(0.,0.,-10.));
#6461=CARTESIAN_POINT('Origin',(-0.104166666666667,-0.625000000000001,0.8));
#6462=CARTESIAN_POINT('',(-0.104166666666667,-0.625000000000001,0.8));
#6463=CARTESIAN_POINT('',(-0.104166666666667,-0.104166666666667,0.8));
#6464=CARTESIAN_POINT('',(-0.104166666666667,-0.3125,0.8));
#6465=CARTESIAN_POINT('',(-0.104166666666667,-0.625000000000001,0.4));
#6466=CARTESIAN_POINT('',(-0.104166666666667,-0.625000000000001,0.8));
#6467=CARTESIAN_POINT('',(-0.104166666666667,-0.104166666666667,0.4));
#6468=CARTESIAN_POINT('',(-0.104166666666667,-0.625000000000001,0.4));
#6469=CARTESIAN_POINT('',(-0.104166666666667,-0.104166666666667,0.8));
#6470=CARTESIAN_POINT('Origin',(0.104166666666667,-0.625000000000001,0.8));
#6471=CARTESIAN_POINT('',(0.104166666666667,-0.625000000000001,0.8));
#6472=CARTESIAN_POINT('',(0.0520833333333334,-0.625000000000001,0.8));
#6473=CARTESIAN_POINT('',(0.104166666666667,-0.625000000000001,0.4));
#6474=CARTESIAN_POINT('',(0.104166666666667,-0.625000000000001,0.8));
#6475=CARTESIAN_POINT('',(0.104166666666667,-0.625000000000001,0.4));
#6476=CARTESIAN_POINT('Origin',(0.104166666666667,-0.104166666666667,0.8));
#6477=CARTESIAN_POINT('',(0.104166666666667,-0.104166666666667,0.8));
#6478=CARTESIAN_POINT('',(0.104166666666667,-0.0520833333333333,0.8));
#6479=CARTESIAN_POINT('',(0.104166666666667,-0.104166666666667,0.4));
#6480=CARTESIAN_POINT('',(0.104166666666667,-0.104166666666667,0.8));
#6481=CARTESIAN_POINT('',(0.104166666666666,0.624999999999999,0.4));
#6482=CARTESIAN_POINT('Origin',(0.625,-0.104166666666667,0.8));
#6483=CARTESIAN_POINT('',(0.625,-0.104166666666667,0.8));
#6484=CARTESIAN_POINT('',(0.3125,-0.104166666666667,0.8));
#6485=CARTESIAN_POINT('',(0.625,-0.104166666666667,0.4));
#6486=CARTESIAN_POINT('',(0.625,-0.104166666666667,0.8));
#6487=CARTESIAN_POINT('',(0.625,-0.104166666666667,0.4));
#6488=CARTESIAN_POINT('Origin',(0.625,0.104166666666667,0.8));
#6489=CARTESIAN_POINT('',(0.625,0.104166666666667,0.8));
#6490=CARTESIAN_POINT('',(0.625,0.0520833333333332,0.8));
#6491=CARTESIAN_POINT('',(0.625,0.104166666666667,0.4));
#6492=CARTESIAN_POINT('',(0.625,0.104166666666667,0.8));
#6493=CARTESIAN_POINT('',(0.625,0.104166666666667,0.4));
#6494=CARTESIAN_POINT('Origin',(0.104166666666667,0.104166666666667,0.8));
#6495=CARTESIAN_POINT('',(0.104166666666667,0.104166666666667,0.8));
#6496=CARTESIAN_POINT('',(0.0520833333333333,0.104166666666667,0.8));
#6497=CARTESIAN_POINT('',(0.104166666666667,0.104166666666667,0.4));
#6498=CARTESIAN_POINT('',(0.104166666666667,0.104166666666667,0.8));
#6499=CARTESIAN_POINT('',(-0.625,0.104166666666667,0.4));
#6500=CARTESIAN_POINT('Origin',(0.104166666666666,0.624999999999999,0.8));
#6501=CARTESIAN_POINT('',(0.104166666666666,0.624999999999999,0.8));
#6502=CARTESIAN_POINT('',(0.104166666666666,0.3125,0.8));
#6503=CARTESIAN_POINT('',(0.104166666666666,0.624999999999999,0.4));
#6504=CARTESIAN_POINT('',(0.104166666666666,0.624999999999999,0.8));
#6505=CARTESIAN_POINT('',(0.104166666666666,0.624999999999999,0.4));
#6506=CARTESIAN_POINT('Origin',(-0.104166666666667,0.624999999999999,0.8));
#6507=CARTESIAN_POINT('',(-0.104166666666667,0.624999999999999,0.8));
#6508=CARTESIAN_POINT('',(-0.0520833333333334,0.624999999999999,0.8));
#6509=CARTESIAN_POINT('',(-0.104166666666667,0.624999999999999,0.4));
#6510=CARTESIAN_POINT('',(-0.104166666666667,0.624999999999999,0.8));
#6511=CARTESIAN_POINT('',(-0.104166666666667,0.624999999999999,0.4));
#6512=CARTESIAN_POINT('Origin',(-0.104166666666667,0.104166666666667,0.8));
#6513=CARTESIAN_POINT('',(-0.104166666666667,0.104166666666667,0.8));
#6514=CARTESIAN_POINT('',(-0.104166666666667,0.0520833333333334,0.8));
#6515=CARTESIAN_POINT('',(-0.104166666666667,0.104166666666667,0.4));
#6516=CARTESIAN_POINT('',(-0.104166666666667,0.104166666666667,0.8));
#6517=CARTESIAN_POINT('',(-0.104166666666667,-0.625000000000001,0.4));
#6518=CARTESIAN_POINT('Origin',(-0.625,0.104166666666667,0.8));
#6519=CARTESIAN_POINT('',(-0.625,0.104166666666667,0.8));
#6520=CARTESIAN_POINT('',(-0.3125,0.104166666666667,0.8));
#6521=CARTESIAN_POINT('',(-0.625,0.104166666666667,0.4));
#6522=CARTESIAN_POINT('',(-0.625,0.104166666666667,0.8));
#6523=CARTESIAN_POINT('',(-0.625,0.104166666666667,0.4));
#6524=CARTESIAN_POINT('Origin',(-0.625,-0.104166666666667,0.8));
#6525=CARTESIAN_POINT('',(-0.625,-0.104166666666667,0.8));
#6526=CARTESIAN_POINT('',(-0.625,-0.0520833333333335,0.8));
#6527=CARTESIAN_POINT('',(-0.625,-0.104166666666667,0.4));
#6528=CARTESIAN_POINT('',(-0.625,-0.104166666666667,0.8));
#6529=CARTESIAN_POINT('',(-0.625,-0.104166666666667,0.4));
#6530=CARTESIAN_POINT('Origin',(-0.104166666666667,-0.104166666666667,0.8));
#6531=CARTESIAN_POINT('',(-0.0520833333333333,-0.104166666666667,0.8));
#6532=CARTESIAN_POINT('',(0.625,-0.104166666666667,0.4));
#6533=CARTESIAN_POINT('Origin',(-1.38777878078145E-16,-6.93889390390723E-16,
0.4));
#6534=CARTESIAN_POINT('Origin',(0.,0.,0.4));
#6535=CARTESIAN_POINT('',(-0.85,1.04094977927525E-16,0.8));
#6536=CARTESIAN_POINT('Origin',(0.,0.,0.8));
#6537=CARTESIAN_POINT('',(-1.25,-1.53080849893419E-16,0.4));
#6538=CARTESIAN_POINT('Origin',(-0.85,-1.04094977927525E-16,0.4));
#6539=CARTESIAN_POINT('Origin',(0.,0.,0.4));
#6540=CARTESIAN_POINT('Origin',(0.,0.,0.));
#6541=CARTESIAN_POINT('',(-1.25,-1.53080849893419E-16,0.));
#6542=CARTESIAN_POINT('',(-1.25,-1.53080849893419E-16,0.));
#6543=CARTESIAN_POINT('Origin',(0.,0.,0.));
#6544=CARTESIAN_POINT('Origin',(0.,0.,0.8));
#6545=CARTESIAN_POINT('Origin',(0.,0.,0.));
#6546=UNCERTAINTY_MEASURE_WITH_UNIT(LENGTH_MEASURE(0.01),#6550,
'DISTANCE_ACCURACY_VALUE',
'Maximum model space distance between geometric entities at asserted c
onnectivities');
#6547=UNCERTAINTY_MEASURE_WITH_UNIT(LENGTH_MEASURE(0.01),#6550,
'DISTANCE_ACCURACY_VALUE',
'Maximum model space distance between geometric entities at asserted c
onnectivities');
#6548=(
GEOMETRIC_REPRESENTATION_CONTEXT(3)
GLOBAL_UNCERTAINTY_ASSIGNED_CONTEXT((#6546))
GLOBAL_UNIT_ASSIGNED_CONTEXT((#6550,#6552,#6553))
REPRESENTATION_CONTEXT('','3D')
);
#6549=(
GEOMETRIC_REPRESENTATION_CONTEXT(3)
GLOBAL_UNCERTAINTY_ASSIGNED_CONTEXT((#6547))
GLOBAL_UNIT_ASSIGNED_CONTEXT((#6550,#6552,#6553))
REPRESENTATION_CONTEXT('','3D')
);
#6550=(
LENGTH_UNIT()
NAMED_UNIT(*)
SI_UNIT(.MILLI.,.METRE.)
);
#6551=(
LENGTH_UNIT()
NAMED_UNIT(*)
SI_UNIT($,.METRE.)
);
#6552=(
NAMED_UNIT(*)
PLANE_ANGLE_UNIT()
SI_UNIT($,.RADIAN.)
);
#6553=(
NAMED_UNIT(*)
SI_UNIT($,.STERADIAN.)
SOLID_ANGLE_UNIT()
);
#6554=SHAPE_DEFINITION_REPRESENTATION(#6555,#6556);
#6555=PRODUCT_DEFINITION_SHAPE('',$,#6558);
#6556=SHAPE_REPRESENTATION('',(#1677),#6548);
#6557=PRODUCT_DEFINITION_CONTEXT('part definition',#6562,'design');
#6558=PRODUCT_DEFINITION('SIP SCRIPT','SIP SCRIPT v1',#6559,#6557);
#6559=PRODUCT_DEFINITION_FORMATION('',$,#6564);
#6560=PRODUCT_RELATED_PRODUCT_CATEGORY('SIP SCRIPT v1','SIP SCRIPT v1',
(#6564));
#6561=APPLICATION_PROTOCOL_DEFINITION('international standard',
'automotive_design',2009,#6562);
#6562=APPLICATION_CONTEXT(
'Core Data for Automotive Mechanical Design Process');
#6563=PRODUCT_CONTEXT('part definition',#6562,'mechanical');
#6564=PRODUCT('SIP SCRIPT','SIP SCRIPT v1',$,(#6563));
#6565=PRESENTATION_STYLE_ASSIGNMENT((#6566));
#6566=SURFACE_STYLE_USAGE(.BOTH.,#6567);
#6567=SURFACE_SIDE_STYLE('',(#6568));
#6568=SURFACE_STYLE_FILL_AREA(#6569);
#6569=FILL_AREA_STYLE('Steel - Satin',(#6570));
#6570=FILL_AREA_STYLE_COLOUR('Steel - Satin',#6571);
#6571=COLOUR_RGB('Steel - Satin',0.627450980392157,0.627450980392157,0.627450980392157);
ENDSEC;
END-ISO-10303-21;
