ISO-10303-21;
HEADER;
/* Generated by software containing ST-Developer
 * from STEP Tools, Inc. (www.steptools.com) 
 */

FILE_DESCRIPTION(
/* description */ (''),
/* implementation_level */ '2;1');

FILE_NAME(
/* name */ '8083-SSB-M2-6-A2.stp',
/* time_stamp */ '2023-04-28T16:06:03+01:00',
/* author */ (''),
/* organization */ (''),
/* preprocessor_version */ 'ST-DEVELOPER v19.2',
/* originating_system */ 'Autodesk Translation Framework v12.4.0.73',
/* authorisation */ '');

FILE_SCHEMA (('AUTOMOTIVE_DESIGN { 1 0 10303 214 3 1 1 }'));
ENDSEC;

DATA;
#10=MECHANICAL_DESIGN_GEOMETRIC_PRESENTATION_REPRESENTATION('',(#13),#3321);
#11=SHAPE_REPRESENTATION_RELATIONSHIP('SRR','None',#3328,#12);
#12=ADVANCED_BREP_SHAPE_REPRESENTATION('',(#14),#3320);
#13=STYLED_ITEM('',(#3337),#14);
#14=MANIFOLD_SOLID_BREP('Body3',#809);
#15=FACE_BOUND('',#116,.T.);
#16=SPHERICAL_SURFACE('',#874,1.78926756136625);
#17=PLANE('',#859);
#18=PLANE('',#861);
#19=PLANE('',#863);
#20=PLANE('',#865);
#21=PLANE('',#868);
#22=PLANE('',#870);
#23=PLANE('',#872);
#24=PLANE('',#873);
#25=PLANE('',#877);
#26=B_SPLINE_SURFACE_WITH_KNOTS('',3,3,((#2115,#2116,#2117,#2118,#2119,
#2120,#2121,#2122,#2123,#2124,#2125,#2126,#2127,#2128,#2129,#2130,#2131,
#2132,#2133,#2134,#2135,#2136,#2137,#2138,#2139,#2140,#2141,#2142,#2143,
#2144,#2145,#2146,#2147,#2148,#2149,#2150,#2151,#2152,#2153,#2154,#2155,
#2156,#2157,#2158,#2159,#2160,#2161,#2162,#2163,#2164,#2165,#2166,#2167,
#2168,#2169,#2170,#2171,#2172,#2173,#2174,#2175,#2176,#2177,#2178,#2179,
#2180,#2181,#2182,#2183,#2184,#2185,#2186,#2187,#2188,#2189,#2190,#2191,
#2192,#2193,#2194,#2195,#2196,#2197,#2198,#2199,#2200,#2201,#2202,#2203,
#2204,#2205,#2206,#2207,#2208,#2209,#2210,#2211,#2212,#2213,#2214),(#2215,
#2216,#2217,#2218,#2219,#2220,#2221,#2222,#2223,#2224,#2225,#2226,#2227,
#2228,#2229,#2230,#2231,#2232,#2233,#2234,#2235,#2236,#2237,#2238,#2239,
#2240,#2241,#2242,#2243,#2244,#2245,#2246,#2247,#2248,#2249,#2250,#2251,
#2252,#2253,#2254,#2255,#2256,#2257,#2258,#2259,#2260,#2261,#2262,#2263,
#2264,#2265,#2266,#2267,#2268,#2269,#2270,#2271,#2272,#2273,#2274,#2275,
#2276,#2277,#2278,#2279,#2280,#2281,#2282,#2283,#2284,#2285,#2286,#2287,
#2288,#2289,#2290,#2291,#2292,#2293,#2294,#2295,#2296,#2297,#2298,#2299,
#2300,#2301,#2302,#2303,#2304,#2305,#2306,#2307,#2308,#2309,#2310,#2311,
#2312,#2313,#2314),(#2315,#2316,#2317,#2318,#2319,#2320,#2321,#2322,#2323,
#2324,#2325,#2326,#2327,#2328,#2329,#2330,#2331,#2332,#2333,#2334,#2335,
#2336,#2337,#2338,#2339,#2340,#2341,#2342,#2343,#2344,#2345,#2346,#2347,
#2348,#2349,#2350,#2351,#2352,#2353,#2354,#2355,#2356,#2357,#2358,#2359,
#2360,#2361,#2362,#2363,#2364,#2365,#2366,#2367,#2368,#2369,#2370,#2371,
#2372,#2373,#2374,#2375,#2376,#2377,#2378,#2379,#2380,#2381,#2382,#2383,
#2384,#2385,#2386,#2387,#2388,#2389,#2390,#2391,#2392,#2393,#2394,#2395,
#2396,#2397,#2398,#2399,#2400,#2401,#2402,#2403,#2404,#2405,#2406,#2407,
#2408,#2409,#2410,#2411,#2412,#2413,#2414),(#2415,#2416,#2417,#2418,#2419,
#2420,#2421,#2422,#2423,#2424,#2425,#2426,#2427,#2428,#2429,#2430,#2431,
#2432,#2433,#2434,#2435,#2436,#2437,#2438,#2439,#2440,#2441,#2442,#2443,
#2444,#2445,#2446,#2447,#2448,#2449,#2450,#2451,#2452,#2453,#2454,#2455,
#2456,#2457,#2458,#2459,#2460,#2461,#2462,#2463,#2464,#2465,#2466,#2467,
#2468,#2469,#2470,#2471,#2472,#2473,#2474,#2475,#2476,#2477,#2478,#2479,
#2480,#2481,#2482,#2483,#2484,#2485,#2486,#2487,#2488,#2489,#2490,#2491,
#2492,#2493,#2494,#2495,#2496,#2497,#2498,#2499,#2500,#2501,#2502,#2503,
#2504,#2505,#2506,#2507,#2508,#2509,#2510,#2511,#2512,#2513,#2514)),
 .UNSPECIFIED.,.F.,.F.,.F.,(4,4),(4,1,1,1,1,1,1,1,1,1,1,1,1,1,1,1,1,1,1,
1,1,1,1,1,1,1,1,1,1,1,1,1,1,1,1,1,1,1,1,1,1,1,1,1,1,1,1,1,1,1,1,1,1,1,1,
1,1,1,1,1,1,1,1,1,1,1,1,1,1,1,1,1,1,1,1,1,1,1,1,1,1,1,1,1,1,1,1,1,1,1,1,
1,1,1,1,1,1,4),(0.,0.0262983047615875),(8.30929135176526,9.30221138922624,
10.2951314266872,11.2880514641482,12.2809715016092,13.2738915390702,14.2668115765312,
15.2597316139922,16.2526516514531,17.2455716889141,18.2384917263751,19.2314117638361,
20.2243318012971,21.2172518387581,22.210171876219,23.20309191368,24.196011951141,
25.188931988602,26.181852026063,27.174772063524,28.167692100985,29.1606121384459,
30.1535321759069,31.1464522133679,32.1393722508289,33.1322922882899,34.1252123257509,
35.1181323632118,36.1110524006728,37.1039724381338,38.0968924755948,39.0898125130558,
40.0827325505168,41.0756525879778,42.0685726254387,43.0614926628997,44.0544127003607,
45.0473327378217,46.0402527752827,47.0331728127437,48.0260928502047,49.0190128876656,
50.0119329251266,51.0048529625876,51.9977730000486,52.9906930375096,53.9836130749706,
54.9765331124316,55.9694531498925,56.9623731873535,57.9552932248145,58.9482132622755,
59.9411332997365,60.9340533371975,61.9269733746584,62.9198934121194,63.9128134495804,
64.9057334870414,65.8986535245024,66.8915735619634,67.8844935994243,68.8774136368853,
69.8703336743463,70.8632537118073,71.8561737492683,72.8490937867293,73.8420138241903,
74.8349338616512,75.8278538991122,76.8207739365732,77.8136939740342,78.8066140114952,
79.7995340489562,80.7924540864172,81.7853741238781,82.7782941613391,83.7712141988001,
84.7641342362611,85.7570542737221,86.7499743111831,87.742894348644,88.735814386105,
89.728734423566,90.721654461027,91.714574498488,92.707494535949,93.70041457341,
94.6933346108709,95.6862546483319,96.6791746857929,97.6720947232539,98.6650147607149,
99.6579347981759,100.650854835637,101.643774873098,102.636694910559,103.62961494802,
104.622534985481),.UNSPECIFIED.);
#27=B_SPLINE_SURFACE_WITH_KNOTS('',3,3,((#2708,#2709,#2710,#2711,#2712,
#2713,#2714,#2715,#2716,#2717,#2718,#2719,#2720,#2721,#2722,#2723,#2724,
#2725,#2726,#2727,#2728,#2729,#2730,#2731,#2732,#2733,#2734,#2735,#2736,
#2737,#2738,#2739,#2740,#2741,#2742,#2743,#2744,#2745,#2746,#2747,#2748,
#2749,#2750,#2751,#2752,#2753,#2754,#2755,#2756,#2757,#2758,#2759,#2760,
#2761,#2762,#2763,#2764,#2765,#2766,#2767,#2768,#2769,#2770,#2771,#2772,
#2773,#2774,#2775,#2776,#2777,#2778,#2779,#2780,#2781,#2782,#2783,#2784,
#2785,#2786,#2787,#2788,#2789,#2790,#2791,#2792,#2793,#2794,#2795,#2796,
#2797,#2798,#2799,#2800,#2801,#2802,#2803,#2804,#2805,#2806,#2807),(#2808,
#2809,#2810,#2811,#2812,#2813,#2814,#2815,#2816,#2817,#2818,#2819,#2820,
#2821,#2822,#2823,#2824,#2825,#2826,#2827,#2828,#2829,#2830,#2831,#2832,
#2833,#2834,#2835,#2836,#2837,#2838,#2839,#2840,#2841,#2842,#2843,#2844,
#2845,#2846,#2847,#2848,#2849,#2850,#2851,#2852,#2853,#2854,#2855,#2856,
#2857,#2858,#2859,#2860,#2861,#2862,#2863,#2864,#2865,#2866,#2867,#2868,
#2869,#2870,#2871,#2872,#2873,#2874,#2875,#2876,#2877,#2878,#2879,#2880,
#2881,#2882,#2883,#2884,#2885,#2886,#2887,#2888,#2889,#2890,#2891,#2892,
#2893,#2894,#2895,#2896,#2897,#2898,#2899,#2900,#2901,#2902,#2903,#2904,
#2905,#2906,#2907),(#2908,#2909,#2910,#2911,#2912,#2913,#2914,#2915,#2916,
#2917,#2918,#2919,#2920,#2921,#2922,#2923,#2924,#2925,#2926,#2927,#2928,
#2929,#2930,#2931,#2932,#2933,#2934,#2935,#2936,#2937,#2938,#2939,#2940,
#2941,#2942,#2943,#2944,#2945,#2946,#2947,#2948,#2949,#2950,#2951,#2952,
#2953,#2954,#2955,#2956,#2957,#2958,#2959,#2960,#2961,#2962,#2963,#2964,
#2965,#2966,#2967,#2968,#2969,#2970,#2971,#2972,#2973,#2974,#2975,#2976,
#2977,#2978,#2979,#2980,#2981,#2982,#2983,#2984,#2985,#2986,#2987,#2988,
#2989,#2990,#2991,#2992,#2993,#2994,#2995,#2996,#2997,#2998,#2999,#3000,
#3001,#3002,#3003,#3004,#3005,#3006,#3007),(#3008,#3009,#3010,#3011,#3012,
#3013,#3014,#3015,#3016,#3017,#3018,#3019,#3020,#3021,#3022,#3023,#3024,
#3025,#3026,#3027,#3028,#3029,#3030,#3031,#3032,#3033,#3034,#3035,#3036,
#3037,#3038,#3039,#3040,#3041,#3042,#3043,#3044,#3045,#3046,#3047,#3048,
#3049,#3050,#3051,#3052,#3053,#3054,#3055,#3056,#3057,#3058,#3059,#3060,
#3061,#3062,#3063,#3064,#3065,#3066,#3067,#3068,#3069,#3070,#3071,#3072,
#3073,#3074,#3075,#3076,#3077,#3078,#3079,#3080,#3081,#3082,#3083,#3084,
#3085,#3086,#3087,#3088,#3089,#3090,#3091,#3092,#3093,#3094,#3095,#3096,
#3097,#3098,#3099,#3100,#3101,#3102,#3103,#3104,#3105,#3106,#3107)),
 .UNSPECIFIED.,.F.,.F.,.F.,(4,4),(4,1,1,1,1,1,1,1,1,1,1,1,1,1,1,1,1,1,1,
1,1,1,1,1,1,1,1,1,1,1,1,1,1,1,1,1,1,1,1,1,1,1,1,1,1,1,1,1,1,1,1,1,1,1,1,
1,1,1,1,1,1,1,1,1,1,1,1,1,1,1,1,1,1,1,1,1,1,1,1,1,1,1,1,1,1,1,1,1,1,1,1,
1,1,1,1,1,1,4),(0.,0.0262983047615875),(11.6163931973414,12.6093132348024,
13.6022332722634,14.5951533097244,15.5880733471853,16.5809933846463,17.5739134221073,
18.5668334595683,19.5597534970293,20.5526735344903,21.5455935719513,22.5385136094122,
23.5314336468732,24.5243536843342,25.5172737217952,26.5101937592562,27.5031137967172,
28.4960338341781,29.4889538716391,30.4818739091001,31.4747939465611,32.4677139840221,
33.4606340214831,34.4535540589441,35.446474096405,36.439394133866,37.432314171327,
38.425234208788,39.418154246249,40.41107428371,41.4039943211709,42.3969143586319,
43.3898343960929,44.3827544335539,45.3756744710149,46.3685945084759,47.3615145459369,
48.3544345833978,49.3473546208588,50.3402746583198,51.3331946957808,52.3261147332418,
53.3190347707028,54.3119548081637,55.3048748456247,56.2977948830857,57.2907149205467,
58.2836349580077,59.2765549954687,60.2694750329297,61.2623950703907,62.2553151078516,
63.2482351453126,64.2411551827736,65.2340752202346,66.2269952576956,67.2199152951566,
68.2128353326175,69.2057553700785,70.1986754075395,71.1915954450005,72.1845154824615,
73.1774355199225,74.1703555573835,75.1632755948444,76.1561956323054,77.1491156697664,
78.1420357072274,79.1349557446884,80.1278757821494,81.1207958196104,82.1137158570713,
83.1066358945323,84.0995559319933,85.0924759694543,86.0853960069153,87.0783160443763,
88.0712360818372,89.0641561192982,90.0570761567592,91.0499961942202,92.0429162316812,
93.0358362691422,94.0287563066032,95.0216763440641,96.0145963815251,97.0075164189861,
98.0004364564471,98.9933564939081,99.9862765313691,100.97919656883,101.972116606291,
102.965036643752,103.957956681213,104.950876718674,105.943796756135,106.936716793596,
107.929636831057),.UNSPECIFIED.);
#28=FACE_OUTER_BOUND('',#72,.T.);
#29=FACE_OUTER_BOUND('',#73,.T.);
#30=FACE_OUTER_BOUND('',#74,.T.);
#31=FACE_OUTER_BOUND('',#75,.T.);
#32=FACE_OUTER_BOUND('',#76,.T.);
#33=FACE_OUTER_BOUND('',#77,.T.);
#34=FACE_OUTER_BOUND('',#78,.T.);
#35=FACE_OUTER_BOUND('',#79,.T.);
#36=FACE_OUTER_BOUND('',#80,.T.);
#37=FACE_OUTER_BOUND('',#81,.T.);
#38=FACE_OUTER_BOUND('',#82,.T.);
#39=FACE_OUTER_BOUND('',#83,.T.);
#40=FACE_OUTER_BOUND('',#84,.T.);
#41=FACE_OUTER_BOUND('',#85,.T.);
#42=FACE_OUTER_BOUND('',#86,.T.);
#43=FACE_OUTER_BOUND('',#87,.T.);
#44=FACE_OUTER_BOUND('',#88,.T.);
#45=FACE_OUTER_BOUND('',#89,.T.);
#46=FACE_OUTER_BOUND('',#90,.T.);
#47=FACE_OUTER_BOUND('',#91,.T.);
#48=FACE_OUTER_BOUND('',#92,.T.);
#49=FACE_OUTER_BOUND('',#93,.T.);
#50=FACE_OUTER_BOUND('',#94,.T.);
#51=FACE_OUTER_BOUND('',#95,.T.);
#52=FACE_OUTER_BOUND('',#96,.T.);
#53=FACE_OUTER_BOUND('',#97,.T.);
#54=FACE_OUTER_BOUND('',#98,.T.);
#55=FACE_OUTER_BOUND('',#99,.T.);
#56=FACE_OUTER_BOUND('',#100,.T.);
#57=FACE_OUTER_BOUND('',#101,.T.);
#58=FACE_OUTER_BOUND('',#102,.T.);
#59=FACE_OUTER_BOUND('',#103,.T.);
#60=FACE_OUTER_BOUND('',#104,.T.);
#61=FACE_OUTER_BOUND('',#105,.T.);
#62=FACE_OUTER_BOUND('',#106,.T.);
#63=FACE_OUTER_BOUND('',#107,.T.);
#64=FACE_OUTER_BOUND('',#108,.T.);
#65=FACE_OUTER_BOUND('',#109,.T.);
#66=FACE_OUTER_BOUND('',#110,.T.);
#67=FACE_OUTER_BOUND('',#111,.T.);
#68=FACE_OUTER_BOUND('',#112,.T.);
#69=FACE_OUTER_BOUND('',#113,.T.);
#70=FACE_OUTER_BOUND('',#114,.T.);
#71=FACE_OUTER_BOUND('',#115,.T.);
#72=EDGE_LOOP('',(#487,#488,#489,#490));
#73=EDGE_LOOP('',(#491,#492,#493,#494));
#74=EDGE_LOOP('',(#495,#496,#497,#498));
#75=EDGE_LOOP('',(#499,#500,#501,#502));
#76=EDGE_LOOP('',(#503,#504,#505,#506));
#77=EDGE_LOOP('',(#507,#508,#509,#510));
#78=EDGE_LOOP('',(#511,#512,#513,#514));
#79=EDGE_LOOP('',(#515,#516,#517,#518));
#80=EDGE_LOOP('',(#519,#520,#521,#522));
#81=EDGE_LOOP('',(#523,#524,#525,#526));
#82=EDGE_LOOP('',(#527,#528,#529,#530));
#83=EDGE_LOOP('',(#531,#532,#533,#534));
#84=EDGE_LOOP('',(#535,#536,#537,#538));
#85=EDGE_LOOP('',(#539,#540,#541,#542));
#86=EDGE_LOOP('',(#543,#544,#545,#546));
#87=EDGE_LOOP('',(#547,#548,#549,#550));
#88=EDGE_LOOP('',(#551,#552,#553,#554));
#89=EDGE_LOOP('',(#555,#556,#557,#558));
#90=EDGE_LOOP('',(#559,#560,#561,#562));
#91=EDGE_LOOP('',(#563,#564,#565,#566));
#92=EDGE_LOOP('',(#567,#568,#569,#570));
#93=EDGE_LOOP('',(#571,#572,#573,#574));
#94=EDGE_LOOP('',(#575,#576,#577,#578));
#95=EDGE_LOOP('',(#579,#580,#581,#582));
#96=EDGE_LOOP('',(#583,#584,#585,#586));
#97=EDGE_LOOP('',(#587,#588,#589,#590));
#98=EDGE_LOOP('',(#591,#592,#593,#594));
#99=EDGE_LOOP('',(#595,#596,#597,#598));
#100=EDGE_LOOP('',(#599,#600,#601,#602));
#101=EDGE_LOOP('',(#603,#604,#605,#606));
#102=EDGE_LOOP('',(#607,#608,#609,#610,#611,#612,#613,#614,#615,#616,#617,
#618,#619,#620,#621,#622,#623,#624,#625,#626,#627,#628,#629,#630,#631,#632,
#633,#634,#635,#636,#637,#638,#639,#640));
#103=EDGE_LOOP('',(#641,#642,#643,#644));
#104=EDGE_LOOP('',(#645,#646,#647,#648,#649,#650,#651,#652,#653,#654,#655,
#656,#657,#658,#659,#660,#661,#662,#663,#664,#665,#666,#667,#668,#669,#670,
#671,#672,#673,#674,#675,#676,#677,#678));
#105=EDGE_LOOP('',(#679,#680,#681,#682));
#106=EDGE_LOOP('',(#683,#684,#685,#686));
#107=EDGE_LOOP('',(#687,#688,#689,#690));
#108=EDGE_LOOP('',(#691,#692,#693,#694));
#109=EDGE_LOOP('',(#695,#696,#697,#698,#699));
#110=EDGE_LOOP('',(#700,#701,#702,#703));
#111=EDGE_LOOP('',(#704,#705,#706,#707));
#112=EDGE_LOOP('',(#708,#709,#710,#711,#712,#713));
#113=EDGE_LOOP('',(#714,#715,#716,#717));
#114=EDGE_LOOP('',(#718,#719,#720,#721,#722,#723,#724,#725,#726,#727));
#115=EDGE_LOOP('',(#728));
#116=EDGE_LOOP('',(#729,#730,#731,#732));
#117=CIRCLE('',#824,0.96675);
#118=CIRCLE('',#840,0.739);
#119=CIRCLE('',#856,0.739);
#120=CIRCLE('',#858,0.96675);
#121=CIRCLE('',#860,1.67279807692307);
#122=CIRCLE('',#862,1.67279807692307);
#123=CIRCLE('',#864,1.67279807692308);
#124=CIRCLE('',#866,1.67279807692307);
#125=CIRCLE('',#867,1.67279807692307);
#126=CIRCLE('',#869,1.67279807692308);
#127=CIRCLE('',#871,1.67279807692308);
#128=CIRCLE('',#875,1.78926756136625);
#129=CIRCLE('',#876,1.75000000000008);
#130=B_SPLINE_CURVE_WITH_KNOTS('',3,(#1038,#1039,#1040,#1041,#1042,#1043,
#1044,#1045,#1046,#1047),.UNSPECIFIED.,.F.,.F.,(4,3,3,4),(-4.09157007060749,
-3.97168014984394,-2.97876011238296,-2.06546402602174),.UNSPECIFIED.);
#131=B_SPLINE_CURVE_WITH_KNOTS('',3,(#1050,#1051,#1052,#1053,#1054,#1055,
#1056),.UNSPECIFIED.,.F.,.F.,(4,3,4),(0.,0.99292003746098,1.11548660900396),
 .UNSPECIFIED.);
#132=B_SPLINE_CURVE_WITH_KNOTS('',3,(#1061,#1062,#1063,#1064,#1065,#1066,
#1067,#1068,#1069,#1070,#1071,#1072,#1073,#1074,#1075,#1076,#1077,#1078,
#1079,#1080,#1081,#1082),.UNSPECIFIED.,.F.,.F.,(4,3,3,3,3,3,3,4),(-10.3747553777871,
-9.92920037460985,-8.93628033714887,-7.94336029968788,-6.9504402622269,
-5.95752022476591,-4.96460018730493,-4.09157007060749),.UNSPECIFIED.);
#133=B_SPLINE_CURVE_WITH_KNOTS('',3,(#1083,#1084,#1085,#1086,#1087,#1088,
#1089,#1090,#1091,#1092,#1093,#1094,#1095,#1096,#1097,#1098,#1099,#1100,
#1101,#1102,#1103,#1104),.UNSPECIFIED.,.F.,.F.,(4,3,3,3,3,3,3,4),(1.11548660900396,
1.98584007492197,2.97876011238296,3.97168014984394,4.96460018730493,5.95752022476591,
6.9504402622269,7.39867191618354),.UNSPECIFIED.);
#134=B_SPLINE_CURVE_WITH_KNOTS('',3,(#1109,#1110,#1111,#1112,#1113,#1114,
#1115,#1116,#1117,#1118,#1119,#1120,#1121,#1122,#1123,#1124,#1125,#1126,
#1127,#1128,#1129,#1130),.UNSPECIFIED.,.F.,.F.,(4,3,3,3,3,3,3,4),(-16.6579406849667,
-15.8867205993758,-14.8938005619148,-13.9008805244538,-12.9079604869928,
-11.9150404495318,-10.9221204120708,-10.3747553777871),.UNSPECIFIED.);
#135=B_SPLINE_CURVE_WITH_KNOTS('',3,(#1131,#1132,#1133,#1134,#1135,#1136,
#1137,#1138,#1139,#1140,#1141,#1142,#1143,#1144,#1145,#1146,#1147,#1148,
#1149,#1150,#1151,#1152),.UNSPECIFIED.,.F.,.F.,(4,3,3,3,3,3,3,4),(7.39867191618354,
7.94336029968789,8.93628033714887,9.92920037460986,10.9221204120708,11.9150404495318,
12.9079604869928,13.6818572233631),.UNSPECIFIED.);
#136=B_SPLINE_CURVE_WITH_KNOTS('',3,(#1157,#1158,#1159,#1160,#1161,#1162,
#1163,#1164,#1165,#1166,#1167,#1168,#1169,#1170,#1171,#1172,#1173,#1174,
#1175,#1176,#1177,#1178,#1179,#1180,#1181),.UNSPECIFIED.,.F.,.F.,(4,3,3,
3,3,3,3,3,4),(-22.9411259921462,-22.8371608616027,-21.8442408241417,-20.8513207866807,
-19.8584007492197,-18.8654807117587,-17.8725606742977,-16.8796406368367,
-16.6579406849667),.UNSPECIFIED.);
#137=B_SPLINE_CURVE_WITH_KNOTS('',3,(#1182,#1183,#1184,#1185,#1186,#1187,
#1188,#1189,#1190,#1191,#1192,#1193,#1194,#1195,#1196,#1197,#1198,#1199,
#1200,#1201,#1202,#1203,#1204,#1205,#1206),.UNSPECIFIED.,.F.,.F.,(4,3,3,
3,3,3,3,3,4),(13.6818572233631,13.9008805244538,14.8938005619148,15.8867205993758,
16.8796406368367,17.8725606742977,18.8654807117587,19.8584007492197,19.9650425305427),
 .UNSPECIFIED.);
#138=B_SPLINE_CURVE_WITH_KNOTS('',3,(#1211,#1212,#1213,#1214,#1215,#1216,
#1217,#1218,#1219,#1220,#1221,#1222,#1223,#1224,#1225,#1226,#1227,#1228,
#1229,#1230,#1231,#1232),.UNSPECIFIED.,.F.,.F.,(4,3,3,3,3,3,3,4),(-29.2243112993258,
-28.7946810863686,-27.8017610489076,-26.8088410114466,-25.8159209739856,
-24.8230009365246,-23.8300808990636,-22.9411259921462),.UNSPECIFIED.);
#139=B_SPLINE_CURVE_WITH_KNOTS('',3,(#1233,#1234,#1235,#1236,#1237,#1238,
#1239,#1240,#1241,#1242,#1243,#1244,#1245,#1246,#1247,#1248,#1249,#1250,
#1251,#1252,#1253,#1254),.UNSPECIFIED.,.F.,.F.,(4,3,3,3,3,3,3,4),(19.9650425305427,
20.8513207866807,21.8442408241417,22.8371608616026,23.8300808990636,24.8230009365246,
25.8159209739856,26.2482278377223),.UNSPECIFIED.);
#140=B_SPLINE_CURVE_WITH_KNOTS('',3,(#1259,#1260,#1261,#1262,#1263,#1264,
#1265,#1266,#1267,#1268,#1269,#1270,#1271,#1272,#1273,#1274,#1275,#1276,
#1277,#1278,#1279,#1280),.UNSPECIFIED.,.F.,.F.,(4,3,3,3,3,3,3,4),(-35.5074966065054,
-34.7522013111345,-33.7592812736735,-32.7663612362125,-31.7734411987515,
-30.7805211612905,-29.7876011238296,-29.2243112993258),.UNSPECIFIED.);
#141=B_SPLINE_CURVE_WITH_KNOTS('',3,(#1281,#1282,#1283,#1284,#1285,#1286,
#1287,#1288,#1289,#1290,#1291,#1292,#1293,#1294,#1295,#1296,#1297,#1298,
#1299,#1300,#1301,#1302),.UNSPECIFIED.,.F.,.F.,(4,3,3,3,3,3,3,4),(26.2482278377223,
26.8088410114466,27.8017610489076,28.7946810863686,29.7876011238295,30.7805211612905,
31.7734411987515,32.5314131449019),.UNSPECIFIED.);
#142=B_SPLINE_CURVE_WITH_KNOTS('',3,(#1307,#1308,#1309,#1310,#1311,#1312,
#1313,#1314,#1315,#1316,#1317,#1318,#1319,#1320,#1321,#1322,#1323,#1324,
#1325,#1326,#1327,#1328,#1329,#1330,#1331),.UNSPECIFIED.,.F.,.F.,(4,3,3,
3,3,3,3,3,4),(-41.790681913685,-41.7026415733614,-40.7097215359004,-39.7168014984394,
-38.7238814609784,-37.7309614235174,-36.7380413860565,-35.7451213485955,
-35.5074966065054),.UNSPECIFIED.);
#143=B_SPLINE_CURVE_WITH_KNOTS('',3,(#1332,#1333,#1334,#1335,#1336,#1337,
#1338,#1339,#1340,#1341,#1342,#1343,#1344,#1345,#1346,#1347,#1348,#1349,
#1350,#1351,#1352,#1353,#1354,#1355,#1356),.UNSPECIFIED.,.F.,.F.,(4,3,3,
3,3,3,3,3,4),(32.5314131449019,32.7663612362125,33.7592812736735,34.7522013111345,
35.7451213485955,36.7380413860565,37.7309614235174,38.7238814609784,38.8145984520815),
 .UNSPECIFIED.);
#144=B_SPLINE_CURVE_WITH_KNOTS('',3,(#1361,#1362,#1363,#1364,#1365,#1366,
#1367,#1368,#1369,#1370,#1371,#1372,#1373,#1374,#1375,#1376,#1377,#1378,
#1379,#1380,#1381,#1382),.UNSPECIFIED.,.F.,.F.,(4,3,3,3,3,3,3,4),(-48.0738672208646,
-47.6601617981273,-46.6672417606663,-45.6743217232053,-44.6814016857443,
-43.6884816482833,-42.6955616108224,-41.790681913685),.UNSPECIFIED.);
#145=B_SPLINE_CURVE_WITH_KNOTS('',3,(#1383,#1384,#1385,#1386,#1387,#1388,
#1389,#1390,#1391,#1392,#1393,#1394,#1395,#1396,#1397,#1398,#1399,#1400,
#1401,#1402,#1403,#1404),.UNSPECIFIED.,.F.,.F.,(4,3,3,3,3,3,3,4),(38.8145984520815,
39.7168014984394,40.7097215359004,41.7026415733614,42.6955616108224,43.6884816482833,
44.6814016857443,45.0977837592611),.UNSPECIFIED.);
#146=B_SPLINE_CURVE_WITH_KNOTS('',3,(#1409,#1410,#1411,#1412,#1413,#1414,
#1415,#1416,#1417,#1418,#1419,#1420,#1421,#1422,#1423,#1424,#1425,#1426,
#1427,#1428,#1429,#1430),.UNSPECIFIED.,.F.,.F.,(4,3,3,3,3,3,3,4),(-54.3570525280442,
-53.6176820228932,-52.6247619854322,-51.6318419479712,-50.6389219105102,
-49.6460018730493,-48.6530818355883,-48.0738672208646),.UNSPECIFIED.);
#147=B_SPLINE_CURVE_WITH_KNOTS('',3,(#1431,#1432,#1433,#1434,#1435,#1436,
#1437,#1438,#1439,#1440,#1441,#1442,#1443,#1444,#1445,#1446,#1447,#1448,
#1449,#1450,#1451,#1452),.UNSPECIFIED.,.F.,.F.,(4,3,3,3,3,3,3,4),(45.0977837592611,
45.6743217232053,46.6672417606663,47.6601617981273,48.6530818355883,49.6460018730493,
50.6389219105102,51.3809690664407),.UNSPECIFIED.);
#148=B_SPLINE_CURVE_WITH_KNOTS('',3,(#1457,#1458,#1459,#1460,#1461,#1462,
#1463,#1464,#1465,#1466,#1467,#1468,#1469,#1470,#1471,#1472,#1473,#1474,
#1475,#1476,#1477,#1478,#1479,#1480,#1481),.UNSPECIFIED.,.F.,.F.,(4,3,3,
3,3,3,3,3,4),(-60.6402378352238,-60.5681222851201,-59.5752022476591,-58.5822822101981,
-57.5893621727371,-56.5964421352761,-55.6035220978152,-54.6106020603542,
-54.3570525280442),.UNSPECIFIED.);
#149=B_SPLINE_CURVE_WITH_KNOTS('',3,(#1482,#1483,#1484,#1485,#1486,#1487,
#1488,#1489,#1490,#1491,#1492,#1493,#1494,#1495,#1496,#1497,#1498,#1499,
#1500,#1501,#1502,#1503,#1504,#1505,#1506),.UNSPECIFIED.,.F.,.F.,(4,3,3,
3,3,3,3,3,4),(51.3809690664407,51.6318419479712,52.6247619854322,53.6176820228932,
54.6106020603542,55.6035220978152,56.5964421352761,57.5893621727371,57.6641543736203),
 .UNSPECIFIED.);
#150=B_SPLINE_CURVE_WITH_KNOTS('',3,(#1511,#1512,#1513,#1514,#1515,#1516,
#1517,#1518,#1519,#1520,#1521,#1522,#1523,#1524,#1525,#1526,#1527,#1528,
#1529,#1530,#1531,#1532),.UNSPECIFIED.,.F.,.F.,(4,3,3,3,3,3,3,4),(-66.9234231424034,
-66.525642509886,-65.532722472425,-64.539802434964,-63.546882397503,-62.5539623600421,
-61.5610423225811,-60.6402378352238),.UNSPECIFIED.);
#151=B_SPLINE_CURVE_WITH_KNOTS('',3,(#1533,#1534,#1535,#1536,#1537,#1538,
#1539,#1540,#1541,#1542,#1543,#1544,#1545,#1546,#1547,#1548,#1549,#1550,
#1551,#1552,#1553,#1554),.UNSPECIFIED.,.F.,.F.,(4,3,3,3,3,3,3,4),(57.6641543736203,
58.5822822101981,59.5752022476591,60.5681222851201,61.5610423225811,62.553962360042,
63.546882397503,63.9473396807999),.UNSPECIFIED.);
#152=B_SPLINE_CURVE_WITH_KNOTS('',3,(#1559,#1560,#1561,#1562,#1563,#1564,
#1565,#1566,#1567,#1568,#1569,#1570,#1571,#1572,#1573,#1574,#1575,#1576,
#1577,#1578,#1579,#1580),.UNSPECIFIED.,.F.,.F.,(4,3,3,3,3,3,3,4),(-73.206608449583,
-72.4831627346519,-71.4902426971909,-70.4973226597299,-69.504402622269,
-68.511482584808,-67.518562547347,-66.9234231424034),.UNSPECIFIED.);
#153=B_SPLINE_CURVE_WITH_KNOTS('',3,(#1581,#1582,#1583,#1584,#1585,#1586,
#1587,#1588,#1589,#1590,#1591,#1592,#1593,#1594,#1595,#1596,#1597,#1598,
#1599,#1600,#1601,#1602),.UNSPECIFIED.,.F.,.F.,(4,3,3,3,3,3,3,4),(63.9473396807999,
64.539802434964,65.532722472425,66.525642509886,67.518562547347,68.511482584808,
69.5044026222689,70.2305249879795),.UNSPECIFIED.);
#154=B_SPLINE_CURVE_WITH_KNOTS('',3,(#1607,#1608,#1609,#1610,#1611,#1612,
#1613,#1614,#1615,#1616,#1617,#1618,#1619,#1620,#1621,#1622,#1623,#1624,
#1625,#1626,#1627,#1628,#1629,#1630,#1631),.UNSPECIFIED.,.F.,.F.,(4,3,3,
3,3,3,3,3,4),(-79.4897937567626,-79.4336029968788,-78.4406829594178,-77.4477629219568,
-76.4548428844958,-75.4619228470349,-74.4690028095739,-73.4760827721129,
-73.206608449583),.UNSPECIFIED.);
#155=B_SPLINE_CURVE_WITH_KNOTS('',3,(#1632,#1633,#1634,#1635,#1636,#1637,
#1638,#1639,#1640,#1641,#1642,#1643,#1644,#1645,#1646,#1647,#1648,#1649,
#1650,#1651,#1652,#1653,#1654,#1655,#1656),.UNSPECIFIED.,.F.,.F.,(4,3,3,
3,3,3,3,3,4),(70.2305249879795,70.4973226597299,71.4902426971909,72.4831627346519,
73.4760827721129,74.4690028095739,75.4619228470348,76.4548428844958,76.513710295159),
 .UNSPECIFIED.);
#156=B_SPLINE_CURVE_WITH_KNOTS('',3,(#1661,#1662,#1663,#1664,#1665,#1666,
#1667,#1668,#1669,#1670,#1671,#1672,#1673,#1674,#1675,#1676,#1677,#1678,
#1679,#1680,#1681,#1682),.UNSPECIFIED.,.F.,.F.,(4,3,3,3,3,3,3,4),(-85.7729790639422,
-85.3911232216447,-84.3982031841837,-83.4052831467228,-82.4123631092618,
-81.4194430718008,-80.4265230343398,-79.4897937567626),.UNSPECIFIED.);
#157=B_SPLINE_CURVE_WITH_KNOTS('',3,(#1683,#1684,#1685,#1686,#1687,#1688,
#1689,#1690,#1691,#1692,#1693,#1694,#1695,#1696,#1697,#1698,#1699,#1700,
#1701,#1702,#1703,#1704),.UNSPECIFIED.,.F.,.F.,(4,3,3,3,3,3,3,4),(76.513710295159,
77.4477629219568,78.4406829594178,79.4336029968788,80.4265230343398,81.4194430718008,
82.4123631092617,82.7968956023386),.UNSPECIFIED.);
#158=B_SPLINE_CURVE_WITH_KNOTS('',3,(#1709,#1710,#1711,#1712,#1713,#1714,
#1715,#1716,#1717,#1718,#1719,#1720,#1721,#1722,#1723,#1724,#1725,#1726,
#1727,#1728,#1729,#1730),.UNSPECIFIED.,.F.,.F.,(4,3,3,3,3,3,3,4),(-92.0561643711218,
-91.3486434464106,-90.3557234089496,-89.3628033714887,-88.3698833340277,
-87.3769632965667,-86.3840432591057,-85.7729790639422),.UNSPECIFIED.);
#159=B_SPLINE_CURVE_WITH_KNOTS('',3,(#1731,#1732,#1733,#1734,#1735,#1736,
#1737,#1738,#1739,#1740,#1741,#1742,#1743,#1744,#1745,#1746,#1747,#1748,
#1749,#1750,#1751,#1752),.UNSPECIFIED.,.F.,.F.,(4,3,3,3,3,3,3,4),(82.7968956023386,
83.4052831467227,84.3982031841837,85.3911232216447,86.3840432591057,87.3769632965667,
88.3698833340277,89.0800809095182),.UNSPECIFIED.);
#160=B_SPLINE_CURVE_WITH_KNOTS('',3,(#1758,#1759,#1760,#1761,#1762,#1763),
 .UNSPECIFIED.,.F.,.F.,(4,1,1,4),(103.672557568463,103.957956681213,104.950876718674,
105.864172805035),.UNSPECIFIED.);
#161=B_SPLINE_CURVE_WITH_KNOTS('',3,(#1766,#1767,#1768,#1769),
 .UNSPECIFIED.,.F.,.F.,(4,4),(103.672557568463,104.622534985481),
 .UNSPECIFIED.);
#162=B_SPLINE_CURVE_WITH_KNOTS('',3,(#1774,#1775,#1776,#1777,#1778,#1779,
#1780,#1781,#1782,#1783),.UNSPECIFIED.,.F.,.F.,(4,1,1,1,1,1,1,4),(97.3893722612836,
98.0004364564471,98.9933564939081,99.9862765313691,100.97919656883,101.972116606291,
102.965036643752,103.672557568463),.UNSPECIFIED.);
#163=B_SPLINE_CURVE_WITH_KNOTS('',3,(#1784,#1785,#1786,#1787,#1788,#1789,
#1790,#1791,#1792,#1793,#1794),.UNSPECIFIED.,.F.,.F.,(4,1,1,1,1,1,1,1,4),
(97.3893722612836,97.6720947232539,98.6650147607149,99.6579347981759,100.650854835637,
101.643774873098,102.636694910559,103.62961494802,103.672557568463),
 .UNSPECIFIED.);
#164=B_SPLINE_CURVE_WITH_KNOTS('',3,(#1799,#1800,#1801,#1802,#1803,#1804,
#1805,#1806,#1807,#1808),.UNSPECIFIED.,.F.,.F.,(4,1,1,1,1,1,1,4),(91.106186954104,
92.0429162316812,93.0358362691422,94.0287563066032,95.0216763440641,96.0145963815251,
97.0075164189861,97.3893722612836),.UNSPECIFIED.);
#165=B_SPLINE_CURVE_WITH_KNOTS('',3,(#1809,#1810,#1811,#1812,#1813,#1814,
#1815,#1816,#1817,#1818),.UNSPECIFIED.,.F.,.F.,(4,1,1,1,1,1,1,4),(91.106186954104,
91.714574498488,92.707494535949,93.70041457341,94.6933346108709,95.6862546483319,
96.6791746857929,97.3893722612836),.UNSPECIFIED.);
#166=B_SPLINE_CURVE_WITH_KNOTS('',3,(#1823,#1824,#1825,#1826,#1827,#1828,
#1829,#1830,#1831,#1832,#1833),.UNSPECIFIED.,.F.,.F.,(4,1,1,1,1,1,1,1,4),
(84.8230016469244,85.0924759694543,86.0853960069153,87.0783160443763,88.0712360818372,
89.0641561192982,90.0570761567592,91.0499961942202,91.106186954104),
 .UNSPECIFIED.);
#167=B_SPLINE_CURVE_WITH_KNOTS('',3,(#1834,#1835,#1836,#1837,#1838,#1839,
#1840,#1841,#1842,#1843),.UNSPECIFIED.,.F.,.F.,(4,1,1,1,1,1,1,4),(84.8230016469244,
85.7570542737221,86.7499743111831,87.742894348644,88.735814386105,89.728734423566,
90.721654461027,91.106186954104),.UNSPECIFIED.);
#168=B_SPLINE_CURVE_WITH_KNOTS('',3,(#1848,#1849,#1850,#1851,#1852,#1853,
#1854,#1855,#1856,#1857),.UNSPECIFIED.,.F.,.F.,(4,1,1,1,1,1,1,4),(78.5398163397448,
79.1349557446884,80.1278757821494,81.1207958196104,82.1137158570713,83.1066358945323,
84.0995559319933,84.8230016469244),.UNSPECIFIED.);
#169=B_SPLINE_CURVE_WITH_KNOTS('',3,(#1858,#1859,#1860,#1861,#1862,#1863,
#1864,#1865,#1866,#1867,#1868),.UNSPECIFIED.,.F.,.F.,(4,1,1,1,1,1,1,1,4),
(78.5398163397448,78.8066140114952,79.7995340489562,80.7924540864172,81.7853741238781,
82.7782941613391,83.7712141988001,84.7641342362611,84.8230016469244),
 .UNSPECIFIED.);
#170=B_SPLINE_CURVE_WITH_KNOTS('',3,(#1873,#1874,#1875,#1876,#1877,#1878,
#1879,#1880,#1881,#1882),.UNSPECIFIED.,.F.,.F.,(4,1,1,1,1,1,1,4),(72.2566310325652,
73.1774355199225,74.1703555573835,75.1632755948444,76.1561956323054,77.1491156697664,
78.1420357072274,78.5398163397448),.UNSPECIFIED.);
#171=B_SPLINE_CURVE_WITH_KNOTS('',3,(#1883,#1884,#1885,#1886,#1887,#1888,
#1889,#1890,#1891,#1892),.UNSPECIFIED.,.F.,.F.,(4,1,1,1,1,1,1,4),(72.2566310325652,
72.8490937867293,73.8420138241903,74.8349338616512,75.8278538991122,76.8207739365732,
77.8136939740342,78.5398163397448),.UNSPECIFIED.);
#172=B_SPLINE_CURVE_WITH_KNOTS('',3,(#1897,#1898,#1899,#1900,#1901,#1902,
#1903,#1904,#1905,#1906,#1907),.UNSPECIFIED.,.F.,.F.,(4,1,1,1,1,1,1,1,4),
(65.9734457253856,66.2269952576956,67.2199152951566,68.2128353326175,69.2057553700785,
70.1986754075395,71.1915954450005,72.1845154824615,72.2566310325652),
 .UNSPECIFIED.);
#173=B_SPLINE_CURVE_WITH_KNOTS('',3,(#1908,#1909,#1910,#1911,#1912,#1913,
#1914,#1915,#1916,#1917),.UNSPECIFIED.,.F.,.F.,(4,1,1,1,1,1,1,4),(65.9734457253856,
66.8915735619634,67.8844935994243,68.8774136368853,69.8703336743463,70.8632537118073,
71.8561737492683,72.2566310325652),.UNSPECIFIED.);
#174=B_SPLINE_CURVE_WITH_KNOTS('',3,(#1922,#1923,#1924,#1925,#1926,#1927,
#1928,#1929,#1930,#1931),.UNSPECIFIED.,.F.,.F.,(4,1,1,1,1,1,1,4),(59.690260418206,
60.2694750329297,61.2623950703907,62.2553151078516,63.2482351453126,64.2411551827736,
65.2340752202346,65.9734457253856),.UNSPECIFIED.);
#175=B_SPLINE_CURVE_WITH_KNOTS('',3,(#1932,#1933,#1934,#1935,#1936,#1937,
#1938,#1939,#1940,#1941,#1942),.UNSPECIFIED.,.F.,.F.,(4,1,1,1,1,1,1,1,4),
(59.690260418206,59.9411332997365,60.9340533371975,61.9269733746584,62.9198934121194,
63.9128134495804,64.9057334870414,65.8986535245024,65.9734457253856),
 .UNSPECIFIED.);
#176=B_SPLINE_CURVE_WITH_KNOTS('',3,(#1947,#1948,#1949,#1950,#1951,#1952,
#1953,#1954,#1955,#1956),.UNSPECIFIED.,.F.,.F.,(4,1,1,1,1,1,1,4),(53.4070751110265,
54.3119548081637,55.3048748456247,56.2977948830857,57.2907149205467,58.2836349580077,
59.2765549954687,59.690260418206),.UNSPECIFIED.);
#177=B_SPLINE_CURVE_WITH_KNOTS('',3,(#1957,#1958,#1959,#1960,#1961,#1962,
#1963,#1964,#1965,#1966),.UNSPECIFIED.,.F.,.F.,(4,1,1,1,1,1,1,4),(53.4070751110264,
53.9836130749706,54.9765331124316,55.9694531498925,56.9623731873535,57.9552932248145,
58.9482132622755,59.690260418206),.UNSPECIFIED.);
#178=B_SPLINE_CURVE_WITH_KNOTS('',3,(#1971,#1972,#1973,#1974,#1975,#1976,
#1977,#1978,#1979,#1980,#1981),.UNSPECIFIED.,.F.,.F.,(4,1,1,1,1,1,1,1,4),
(47.1238898038469,47.3615145459369,48.3544345833978,49.3473546208588,50.3402746583198,
51.3331946957808,52.3261147332418,53.3190347707028,53.4070751110265),
 .UNSPECIFIED.);
#179=B_SPLINE_CURVE_WITH_KNOTS('',3,(#1982,#1983,#1984,#1985,#1986,#1987,
#1988,#1989,#1990,#1991),.UNSPECIFIED.,.F.,.F.,(4,1,1,1,1,1,1,4),(47.1238898038468,
48.0260928502047,49.0190128876656,50.0119329251266,51.0048529625876,51.9977730000486,
52.9906930375096,53.4070751110264),.UNSPECIFIED.);
#180=B_SPLINE_CURVE_WITH_KNOTS('',3,(#1996,#1997,#1998,#1999,#2000,#2001,
#2002,#2003,#2004,#2005),.UNSPECIFIED.,.F.,.F.,(4,1,1,1,1,1,1,4),(40.8407044966673,
41.4039943211709,42.3969143586319,43.3898343960929,44.3827544335539,45.3756744710149,
46.3685945084759,47.1238898038469),.UNSPECIFIED.);
#181=B_SPLINE_CURVE_WITH_KNOTS('',3,(#2006,#2007,#2008,#2009,#2010,#2011,
#2012,#2013,#2014,#2015,#2016),.UNSPECIFIED.,.F.,.F.,(4,1,1,1,1,1,1,1,4),
(40.8407044966672,41.0756525879778,42.0685726254387,43.0614926628997,44.0544127003607,
45.0473327378217,46.0402527752827,47.0331728127437,47.1238898038468),
 .UNSPECIFIED.);
#182=B_SPLINE_CURVE_WITH_KNOTS('',3,(#2021,#2022,#2023,#2024,#2025,#2026,
#2027,#2028,#2029,#2030),.UNSPECIFIED.,.F.,.F.,(4,1,1,1,1,1,1,4),(34.5575191894877,
35.446474096405,36.439394133866,37.432314171327,38.425234208788,39.418154246249,
40.41107428371,40.8407044966673),.UNSPECIFIED.);
#183=B_SPLINE_CURVE_WITH_KNOTS('',3,(#2031,#2032,#2033,#2034,#2035,#2036,
#2037,#2038,#2039,#2040),.UNSPECIFIED.,.F.,.F.,(4,1,1,1,1,1,1,4),(34.5575191894876,
35.1181323632118,36.1110524006728,37.1039724381338,38.0968924755948,39.0898125130558,
40.0827325505168,40.8407044966672),.UNSPECIFIED.);
#184=B_SPLINE_CURVE_WITH_KNOTS('',3,(#2045,#2046,#2047,#2048,#2049,#2050,
#2051,#2052,#2053,#2054,#2055),.UNSPECIFIED.,.F.,.F.,(4,1,1,1,1,1,1,1,4),
(28.2743338823081,28.4960338341781,29.4889538716391,30.4818739091001,31.4747939465611,
32.4677139840221,33.4606340214831,34.4535540589441,34.5575191894877),
 .UNSPECIFIED.);
#185=B_SPLINE_CURVE_WITH_KNOTS('',3,(#2056,#2057,#2058,#2059,#2060,#2061,
#2062,#2063,#2064,#2065),.UNSPECIFIED.,.F.,.F.,(4,1,1,1,1,1,1,4),(28.2743338823081,
29.1606121384459,30.1535321759069,31.1464522133679,32.1393722508289,33.1322922882899,
34.1252123257509,34.5575191894876),.UNSPECIFIED.);
#186=B_SPLINE_CURVE_WITH_KNOTS('',3,(#2070,#2071,#2072,#2073,#2074,#2075,
#2076,#2077,#2078,#2079),.UNSPECIFIED.,.F.,.F.,(4,1,1,1,1,1,1,4),(21.9911485751285,
22.5385136094122,23.5314336468732,24.5243536843342,25.5172737217952,26.5101937592562,
27.5031137967172,28.2743338823081),.UNSPECIFIED.);
#187=B_SPLINE_CURVE_WITH_KNOTS('',3,(#2080,#2081,#2082,#2083,#2084,#2085,
#2086,#2087,#2088,#2089,#2090),.UNSPECIFIED.,.F.,.F.,(4,1,1,1,1,1,1,1,4),
(21.9911485751285,22.210171876219,23.20309191368,24.196011951141,25.188931988602,
26.181852026063,27.174772063524,28.167692100985,28.2743338823081),
 .UNSPECIFIED.);
#188=B_SPLINE_CURVE_WITH_KNOTS('',3,(#2095,#2096,#2097,#2098,#2099,#2100,
#2101,#2102,#2103,#2104),.UNSPECIFIED.,.F.,.F.,(4,1,1,1,1,1,1,4),(15.7079632679489,
16.5809933846463,17.5739134221073,18.5668334595683,19.5597534970293,20.5526735344903,
21.5455935719513,21.9911485751285),.UNSPECIFIED.);
#189=B_SPLINE_CURVE_WITH_KNOTS('',3,(#2105,#2106,#2107,#2108,#2109,#2110,
#2111,#2112,#2113,#2114),.UNSPECIFIED.,.F.,.F.,(4,1,1,1,1,1,1,4),(15.7079632679489,
16.2526516514531,17.2455716889141,18.2384917263751,19.2314117638361,20.2243318012971,
21.2172518387581,21.9911485751285),.UNSPECIFIED.);
#190=B_SPLINE_CURVE_WITH_KNOTS('',3,(#2516,#2517,#2518,#2519,#2520,#2521,
#2522,#2523,#2524,#2525,#2526,#2527,#2528,#2529,#2530,#2531,#2532,#2533,
#2534,#2535,#2536,#2537,#2538,#2539,#2540,#2541,#2542,#2543,#2544,#2545,
#2546,#2547,#2548,#2549,#2550,#2551,#2552,#2553,#2554,#2555,#2556,#2557,
#2558,#2559,#2560,#2561,#2562,#2563,#2564,#2565,#2566,#2567,#2568,#2569,
#2570,#2571,#2572,#2573,#2574,#2575,#2576,#2577,#2578,#2579,#2580,#2581,
#2582,#2583,#2584,#2585,#2586,#2587,#2588,#2589,#2590,#2591),
 .UNSPECIFIED.,.F.,.F.,(4,3,3,3,3,3,3,3,3,3,3,3,3,3,3,3,3,3,3,3,3,3,3,3,
3,4),(0.,0.00772727505249472,0.0204487085419251,0.0302075994566322,0.035359647976288,
0.0384385840554425,0.0507549041619449,0.0626961370863543,0.0685790247753824,
0.0713758798687009,0.0735250827140753,0.0852042847686991,0.0964964872064918,
0.0985198358595824,0.10449086770251,0.106878248395438,0.118279329882348,
0.129649843267692,0.133869117075064,0.137151770359379,0.139699292500173,
0.149421409485004,0.158226253441344,0.160937778154432,0.171246089490665,
0.178587760439496),.UNSPECIFIED.);
#191=B_SPLINE_CURVE_WITH_KNOTS('',3,(#2592,#2593,#2594,#2595,#2596,#2597,
#2598,#2599,#2600,#2601,#2602,#2603,#2604,#2605,#2606,#2607,#2608,#2609,
#2610),.UNSPECIFIED.,.F.,.F.,(4,3,3,3,3,3,4),(89.0800809095182,89.3628033714886,
90.3557234089496,91.3486434464106,92.3415634838716,93.3344835213326,94.2477796076938),
 .UNSPECIFIED.);
#192=B_SPLINE_CURVE_WITH_KNOTS('',3,(#2612,#2613,#2614,#2615,#2616,#2617,
#2618,#2619,#2620,#2621,#2622,#2623,#2624,#2625,#2626,#2627,#2628,#2629,
#2630,#2631,#2632,#2633,#2634,#2635,#2636,#2637,#2638,#2639,#2640,#2641,
#2642,#2643,#2644,#2645,#2646,#2647,#2648,#2649,#2650,#2651,#2652,#2653,
#2654,#2655,#2656,#2657,#2658,#2659,#2660,#2661,#2662,#2663,#2664,#2665,
#2666,#2667,#2668,#2669,#2670,#2671,#2672,#2673,#2674,#2675,#2676,#2677,
#2678,#2679,#2680,#2681,#2682,#2683,#2684,#2685,#2686,#2687),
 .UNSPECIFIED.,.F.,.F.,(4,3,3,3,3,3,3,3,3,3,3,3,3,3,3,3,3,3,3,3,3,3,3,3,
3,4),(-0.178587760439503,-0.172567937256903,-0.162450278485896,-0.158653003682693,
-0.15599087045249,-0.145204396770428,-0.14087322224464,-0.137790810147048,
-0.135303840276412,-0.123958729858757,-0.112524622625236,-0.106600534700154,
-0.103663622780655,-0.0916266670888489,-0.0801733337027428,-0.0749126901740714,
-0.0721820614401037,-0.0698112630566978,-0.0578589027910919,-0.0456246259847067,
-0.0398466672905636,-0.0370374076171982,-0.0343744332358084,-0.021682722815634,
-0.00907375474812422,0.),.UNSPECIFIED.);
#193=B_SPLINE_CURVE_WITH_KNOTS('',3,(#2688,#2689,#2690,#2691,#2692,#2693,
#2694,#2695,#2696),.UNSPECIFIED.,.F.,.F.,(4,1,1,1,1,1,4),(10.374755377787,
11.2880514641482,12.2809715016092,13.2738915390702,14.2668115765312,15.2597316139922,
15.7079632679489),.UNSPECIFIED.);
#194=B_SPLINE_CURVE_WITH_KNOTS('',3,(#2700,#2701,#2702,#2703,#2704,#2705,
#2706,#2707),.UNSPECIFIED.,.F.,.F.,(4,1,1,1,1,4),(11.6163931973414,12.6093132348024,
13.6022332722634,14.5951533097244,15.5880733471853,15.7079632679489),
 .UNSPECIFIED.);
#195=B_SPLINE_CURVE_WITH_KNOTS('',3,(#3109,#3110,#3111,#3112,#3113,#3114,
#3115,#3116,#3117,#3118,#3119,#3120,#3121,#3122,#3123,#3124,#3125,#3126,
#3127,#3128,#3129,#3130,#3131,#3132,#3133,#3134,#3135,#3136,#3137,#3138,
#3139,#3140,#3141,#3142,#3143,#3144,#3145,#3146,#3147,#3148,#3149,#3150,
#3151,#3152,#3153,#3154,#3155,#3156,#3157,#3158,#3159,#3160,#3161,#3162,
#3163,#3164,#3165,#3166,#3167,#3168,#3169,#3170,#3171,#3172,#3173,#3174,
#3175,#3176,#3177,#3178),.UNSPECIFIED.,.F.,.F.,(4,3,3,3,3,3,3,3,3,3,3,3,
3,3,3,3,3,3,3,3,3,3,3,4),(0.,0.0059928197181785,0.0163340892639772,0.0251116567195881,
0.0285159254168698,0.0308404512639917,0.0416889509690339,0.0529053704539915,
0.0581736924443652,0.0605713977330779,0.0721152090232027,0.0836935269375829,
0.0865546289088642,0.0912131931649382,0.0945636701385045,0.106174669947929,
0.118088659784548,0.126517291705893,0.129060465559084,0.141187121192355,
0.151705720834623,0.154862886409737,0.167572168022049,0.177567088092168),
 .UNSPECIFIED.);
#196=B_SPLINE_CURVE_WITH_KNOTS('',3,(#3179,#3180,#3181,#3182,#3183,#3184,
#3185,#3186,#3187,#3188,#3189,#3190,#3191,#3192,#3193,#3194,#3195,#3196,
#3197,#3198,#3199,#3200,#3201,#3202,#3203,#3204,#3205,#3206,#3207,#3208,
#3209,#3210,#3211,#3212,#3213,#3214,#3215,#3216,#3217,#3218,#3219,#3220,
#3221,#3222,#3223,#3224,#3225,#3226,#3227,#3228,#3229,#3230,#3231,#3232,
#3233,#3234,#3235,#3236,#3237,#3238,#3239,#3240,#3241,#3242,#3243,#3244,
#3245,#3246,#3247,#3248,#3249,#3250,#3251,#3252,#3253,#3254),
 .UNSPECIFIED.,.F.,.F.,(4,3,3,3,3,3,3,3,3,3,3,3,3,3,3,3,3,3,3,3,3,3,3,3,
3,4),(-0.177567088092157,-0.169884836660461,-0.15861188341156,-0.154393608989762,
-0.151468262339594,-0.139006033007991,-0.131592930215649,-0.127163921069041,
-0.124653985490023,-0.112711787477032,-0.101050277462712,-0.0954297660375363,
-0.0930966988534136,-0.0906428051124508,-0.0797012106692539,-0.0696373693671924,
-0.0643532917191626,-0.0611478004218295,-0.0587833960176022,-0.0475960777881072,
-0.0365273322995769,-0.0315674618412753,-0.0291704099880937,-0.0185611960130333,
-0.00833555115713886,0.),.UNSPECIFIED.);
#197=B_SPLINE_CURVE_WITH_KNOTS('',3,(#3255,#3256,#3257,#3258,#3259,#3260,
#3261,#3262,#3263,#3264,#3265,#3266,#3267,#3268,#3269,#3270),
 .UNSPECIFIED.,.F.,.F.,(4,3,3,3,3,4),(-96.3132436337155,-95.3203235962546,
-94.3274035587936,-93.3344835213326,-92.3415634838716,-92.0561643711218),
 .UNSPECIFIED.);
#198=LINE('',#1036,#240);
#199=LINE('',#1060,#241);
#200=LINE('',#1108,#242);
#201=LINE('',#1156,#243);
#202=LINE('',#1210,#244);
#203=LINE('',#1258,#245);
#204=LINE('',#1306,#246);
#205=LINE('',#1360,#247);
#206=LINE('',#1408,#248);
#207=LINE('',#1456,#249);
#208=LINE('',#1510,#250);
#209=LINE('',#1558,#251);
#210=LINE('',#1606,#252);
#211=LINE('',#1660,#253);
#212=LINE('',#1708,#254);
#213=LINE('',#1756,#255);
#214=LINE('',#1773,#256);
#215=LINE('',#1798,#257);
#216=LINE('',#1822,#258);
#217=LINE('',#1847,#259);
#218=LINE('',#1872,#260);
#219=LINE('',#1896,#261);
#220=LINE('',#1921,#262);
#221=LINE('',#1946,#263);
#222=LINE('',#1970,#264);
#223=LINE('',#1995,#265);
#224=LINE('',#2020,#266);
#225=LINE('',#2044,#267);
#226=LINE('',#2069,#268);
#227=LINE('',#2094,#269);
#228=LINE('',#3278,#270);
#229=LINE('',#3280,#271);
#230=LINE('',#3281,#272);
#231=LINE('',#3286,#273);
#232=LINE('',#3287,#274);
#233=LINE('',#3292,#275);
#234=LINE('',#3293,#276);
#235=LINE('',#3299,#277);
#236=LINE('',#3300,#278);
#237=LINE('',#3306,#279);
#238=LINE('',#3307,#280);
#239=LINE('',#3310,#281);
#240=VECTOR('',#882,1.);
#241=VECTOR('',#887,1.);
#242=VECTOR('',#890,1.);
#243=VECTOR('',#893,1.);
#244=VECTOR('',#896,1.);
#245=VECTOR('',#899,1.);
#246=VECTOR('',#902,1.);
#247=VECTOR('',#905,1.);
#248=VECTOR('',#908,1.);
#249=VECTOR('',#911,1.);
#250=VECTOR('',#914,1.);
#251=VECTOR('',#917,1.);
#252=VECTOR('',#920,1.);
#253=VECTOR('',#923,1.);
#254=VECTOR('',#926,1.);
#255=VECTOR('',#929,0.739);
#256=VECTOR('',#934,0.739);
#257=VECTOR('',#937,0.739);
#258=VECTOR('',#940,0.739);
#259=VECTOR('',#943,0.739);
#260=VECTOR('',#946,0.739);
#261=VECTOR('',#949,0.739);
#262=VECTOR('',#952,0.739);
#263=VECTOR('',#955,0.739);
#264=VECTOR('',#958,0.739);
#265=VECTOR('',#961,0.739);
#266=VECTOR('',#964,0.739);
#267=VECTOR('',#967,0.739);
#268=VECTOR('',#970,0.739);
#269=VECTOR('',#973,0.739);
#270=VECTOR('',#986,10.);
#271=VECTOR('',#987,10.);
#272=VECTOR('',#988,10.);
#273=VECTOR('',#993,10.);
#274=VECTOR('',#994,10.);
#275=VECTOR('',#999,10.);
#276=VECTOR('',#1000,10.);
#277=VECTOR('',#1005,10.);
#278=VECTOR('',#1006,10.);
#279=VECTOR('',#1013,10.);
#280=VECTOR('',#1014,10.);
#281=VECTOR('',#1019,10.);
#282=VERTEX_POINT('',#1034);
#283=VERTEX_POINT('',#1035);
#284=VERTEX_POINT('',#1037);
#285=VERTEX_POINT('',#1048);
#286=VERTEX_POINT('',#1058);
#287=VERTEX_POINT('',#1059);
#288=VERTEX_POINT('',#1106);
#289=VERTEX_POINT('',#1107);
#290=VERTEX_POINT('',#1154);
#291=VERTEX_POINT('',#1155);
#292=VERTEX_POINT('',#1208);
#293=VERTEX_POINT('',#1209);
#294=VERTEX_POINT('',#1256);
#295=VERTEX_POINT('',#1257);
#296=VERTEX_POINT('',#1304);
#297=VERTEX_POINT('',#1305);
#298=VERTEX_POINT('',#1358);
#299=VERTEX_POINT('',#1359);
#300=VERTEX_POINT('',#1406);
#301=VERTEX_POINT('',#1407);
#302=VERTEX_POINT('',#1454);
#303=VERTEX_POINT('',#1455);
#304=VERTEX_POINT('',#1508);
#305=VERTEX_POINT('',#1509);
#306=VERTEX_POINT('',#1556);
#307=VERTEX_POINT('',#1557);
#308=VERTEX_POINT('',#1604);
#309=VERTEX_POINT('',#1605);
#310=VERTEX_POINT('',#1658);
#311=VERTEX_POINT('',#1659);
#312=VERTEX_POINT('',#1706);
#313=VERTEX_POINT('',#1707);
#314=VERTEX_POINT('',#1754);
#315=VERTEX_POINT('',#1755);
#316=VERTEX_POINT('',#1757);
#317=VERTEX_POINT('',#1764);
#318=VERTEX_POINT('',#1771);
#319=VERTEX_POINT('',#1772);
#320=VERTEX_POINT('',#1796);
#321=VERTEX_POINT('',#1797);
#322=VERTEX_POINT('',#1820);
#323=VERTEX_POINT('',#1821);
#324=VERTEX_POINT('',#1845);
#325=VERTEX_POINT('',#1846);
#326=VERTEX_POINT('',#1870);
#327=VERTEX_POINT('',#1871);
#328=VERTEX_POINT('',#1894);
#329=VERTEX_POINT('',#1895);
#330=VERTEX_POINT('',#1919);
#331=VERTEX_POINT('',#1920);
#332=VERTEX_POINT('',#1944);
#333=VERTEX_POINT('',#1945);
#334=VERTEX_POINT('',#1968);
#335=VERTEX_POINT('',#1969);
#336=VERTEX_POINT('',#1993);
#337=VERTEX_POINT('',#1994);
#338=VERTEX_POINT('',#2018);
#339=VERTEX_POINT('',#2019);
#340=VERTEX_POINT('',#2042);
#341=VERTEX_POINT('',#2043);
#342=VERTEX_POINT('',#2067);
#343=VERTEX_POINT('',#2068);
#344=VERTEX_POINT('',#2092);
#345=VERTEX_POINT('',#2093);
#346=VERTEX_POINT('',#2515);
#347=VERTEX_POINT('',#2611);
#348=VERTEX_POINT('',#2698);
#349=VERTEX_POINT('',#3108);
#350=VERTEX_POINT('',#3274);
#351=VERTEX_POINT('',#3275);
#352=VERTEX_POINT('',#3277);
#353=VERTEX_POINT('',#3279);
#354=VERTEX_POINT('',#3283);
#355=VERTEX_POINT('',#3285);
#356=VERTEX_POINT('',#3289);
#357=VERTEX_POINT('',#3291);
#358=VERTEX_POINT('',#3295);
#359=VERTEX_POINT('',#3296);
#360=VERTEX_POINT('',#3298);
#361=VERTEX_POINT('',#3303);
#362=VERTEX_POINT('',#3305);
#363=VERTEX_POINT('',#3314);
#364=EDGE_CURVE('',#282,#283,#198,.T.);
#365=EDGE_CURVE('',#282,#284,#130,.T.);
#366=EDGE_CURVE('',#285,#284,#117,.T.);
#367=EDGE_CURVE('',#285,#283,#131,.T.);
#368=EDGE_CURVE('',#286,#287,#199,.T.);
#369=EDGE_CURVE('',#286,#282,#132,.T.);
#370=EDGE_CURVE('',#283,#287,#133,.T.);
#371=EDGE_CURVE('',#288,#289,#200,.T.);
#372=EDGE_CURVE('',#288,#286,#134,.T.);
#373=EDGE_CURVE('',#287,#289,#135,.T.);
#374=EDGE_CURVE('',#290,#291,#201,.T.);
#375=EDGE_CURVE('',#290,#288,#136,.T.);
#376=EDGE_CURVE('',#289,#291,#137,.T.);
#377=EDGE_CURVE('',#292,#293,#202,.T.);
#378=EDGE_CURVE('',#292,#290,#138,.T.);
#379=EDGE_CURVE('',#291,#293,#139,.T.);
#380=EDGE_CURVE('',#294,#295,#203,.T.);
#381=EDGE_CURVE('',#294,#292,#140,.T.);
#382=EDGE_CURVE('',#293,#295,#141,.T.);
#383=EDGE_CURVE('',#296,#297,#204,.T.);
#384=EDGE_CURVE('',#296,#294,#142,.T.);
#385=EDGE_CURVE('',#295,#297,#143,.T.);
#386=EDGE_CURVE('',#298,#299,#205,.T.);
#387=EDGE_CURVE('',#298,#296,#144,.T.);
#388=EDGE_CURVE('',#297,#299,#145,.T.);
#389=EDGE_CURVE('',#300,#301,#206,.T.);
#390=EDGE_CURVE('',#300,#298,#146,.T.);
#391=EDGE_CURVE('',#299,#301,#147,.T.);
#392=EDGE_CURVE('',#302,#303,#207,.T.);
#393=EDGE_CURVE('',#302,#300,#148,.T.);
#394=EDGE_CURVE('',#301,#303,#149,.T.);
#395=EDGE_CURVE('',#304,#305,#208,.T.);
#396=EDGE_CURVE('',#304,#302,#150,.T.);
#397=EDGE_CURVE('',#303,#305,#151,.T.);
#398=EDGE_CURVE('',#306,#307,#209,.T.);
#399=EDGE_CURVE('',#306,#304,#152,.T.);
#400=EDGE_CURVE('',#305,#307,#153,.T.);
#401=EDGE_CURVE('',#308,#309,#210,.T.);
#402=EDGE_CURVE('',#308,#306,#154,.T.);
#403=EDGE_CURVE('',#307,#309,#155,.T.);
#404=EDGE_CURVE('',#310,#311,#211,.T.);
#405=EDGE_CURVE('',#310,#308,#156,.T.);
#406=EDGE_CURVE('',#309,#311,#157,.T.);
#407=EDGE_CURVE('',#312,#313,#212,.T.);
#408=EDGE_CURVE('',#312,#310,#158,.T.);
#409=EDGE_CURVE('',#311,#313,#159,.T.);
#410=EDGE_CURVE('',#314,#315,#213,.T.);
#411=EDGE_CURVE('',#314,#316,#160,.T.);
#412=EDGE_CURVE('',#317,#316,#118,.T.);
#413=EDGE_CURVE('',#315,#317,#161,.T.);
#414=EDGE_CURVE('',#318,#319,#214,.T.);
#415=EDGE_CURVE('',#318,#314,#162,.T.);
#416=EDGE_CURVE('',#319,#315,#163,.T.);
#417=EDGE_CURVE('',#320,#321,#215,.T.);
#418=EDGE_CURVE('',#320,#318,#164,.T.);
#419=EDGE_CURVE('',#321,#319,#165,.T.);
#420=EDGE_CURVE('',#322,#323,#216,.T.);
#421=EDGE_CURVE('',#322,#320,#166,.T.);
#422=EDGE_CURVE('',#323,#321,#167,.T.);
#423=EDGE_CURVE('',#324,#325,#217,.T.);
#424=EDGE_CURVE('',#324,#322,#168,.T.);
#425=EDGE_CURVE('',#325,#323,#169,.T.);
#426=EDGE_CURVE('',#326,#327,#218,.T.);
#427=EDGE_CURVE('',#326,#324,#170,.T.);
#428=EDGE_CURVE('',#327,#325,#171,.T.);
#429=EDGE_CURVE('',#328,#329,#219,.T.);
#430=EDGE_CURVE('',#328,#326,#172,.T.);
#431=EDGE_CURVE('',#329,#327,#173,.T.);
#432=EDGE_CURVE('',#330,#331,#220,.T.);
#433=EDGE_CURVE('',#330,#328,#174,.T.);
#434=EDGE_CURVE('',#331,#329,#175,.T.);
#435=EDGE_CURVE('',#332,#333,#221,.T.);
#436=EDGE_CURVE('',#332,#330,#176,.T.);
#437=EDGE_CURVE('',#333,#331,#177,.T.);
#438=EDGE_CURVE('',#334,#335,#222,.T.);
#439=EDGE_CURVE('',#334,#332,#178,.T.);
#440=EDGE_CURVE('',#335,#333,#179,.T.);
#441=EDGE_CURVE('',#336,#337,#223,.T.);
#442=EDGE_CURVE('',#336,#334,#180,.T.);
#443=EDGE_CURVE('',#337,#335,#181,.T.);
#444=EDGE_CURVE('',#338,#339,#224,.T.);
#445=EDGE_CURVE('',#338,#336,#182,.T.);
#446=EDGE_CURVE('',#339,#337,#183,.T.);
#447=EDGE_CURVE('',#340,#341,#225,.T.);
#448=EDGE_CURVE('',#340,#338,#184,.T.);
#449=EDGE_CURVE('',#341,#339,#185,.T.);
#450=EDGE_CURVE('',#342,#343,#226,.T.);
#451=EDGE_CURVE('',#342,#340,#186,.T.);
#452=EDGE_CURVE('',#343,#341,#187,.T.);
#453=EDGE_CURVE('',#344,#345,#227,.T.);
#454=EDGE_CURVE('',#344,#342,#188,.T.);
#455=EDGE_CURVE('',#345,#343,#189,.T.);
#456=EDGE_CURVE('',#346,#317,#190,.T.);
#457=EDGE_CURVE('',#313,#346,#191,.T.);
#458=EDGE_CURVE('',#347,#285,#192,.T.);
#459=EDGE_CURVE('',#347,#345,#193,.T.);
#460=EDGE_CURVE('',#348,#347,#119,.T.);
#461=EDGE_CURVE('',#348,#344,#194,.T.);
#462=EDGE_CURVE('',#316,#349,#195,.T.);
#463=EDGE_CURVE('',#284,#348,#196,.T.);
#464=EDGE_CURVE('',#349,#312,#197,.T.);
#465=EDGE_CURVE('',#349,#346,#120,.F.);
#466=EDGE_CURVE('',#350,#351,#121,.T.);
#467=EDGE_CURVE('',#350,#352,#228,.T.);
#468=EDGE_CURVE('',#352,#353,#229,.T.);
#469=EDGE_CURVE('',#351,#353,#230,.T.);
#470=EDGE_CURVE('',#351,#354,#122,.T.);
#471=EDGE_CURVE('',#353,#355,#231,.T.);
#472=EDGE_CURVE('',#354,#355,#232,.T.);
#473=EDGE_CURVE('',#354,#356,#123,.T.);
#474=EDGE_CURVE('',#355,#357,#233,.T.);
#475=EDGE_CURVE('',#356,#357,#234,.T.);
#476=EDGE_CURVE('',#358,#359,#124,.T.);
#477=EDGE_CURVE('',#358,#360,#235,.T.);
#478=EDGE_CURVE('',#360,#352,#236,.T.);
#479=EDGE_CURVE('',#359,#350,#125,.T.);
#480=EDGE_CURVE('',#361,#358,#126,.T.);
#481=EDGE_CURVE('',#361,#362,#237,.T.);
#482=EDGE_CURVE('',#362,#360,#238,.T.);
#483=EDGE_CURVE('',#356,#361,#127,.T.);
#484=EDGE_CURVE('',#357,#362,#239,.T.);
#485=EDGE_CURVE('',#359,#363,#128,.T.);
#486=EDGE_CURVE('',#363,#363,#129,.T.);
#487=ORIENTED_EDGE('',*,*,#364,.F.);
#488=ORIENTED_EDGE('',*,*,#365,.T.);
#489=ORIENTED_EDGE('',*,*,#366,.F.);
#490=ORIENTED_EDGE('',*,*,#367,.T.);
#491=ORIENTED_EDGE('',*,*,#368,.F.);
#492=ORIENTED_EDGE('',*,*,#369,.T.);
#493=ORIENTED_EDGE('',*,*,#364,.T.);
#494=ORIENTED_EDGE('',*,*,#370,.T.);
#495=ORIENTED_EDGE('',*,*,#371,.F.);
#496=ORIENTED_EDGE('',*,*,#372,.T.);
#497=ORIENTED_EDGE('',*,*,#368,.T.);
#498=ORIENTED_EDGE('',*,*,#373,.T.);
#499=ORIENTED_EDGE('',*,*,#374,.F.);
#500=ORIENTED_EDGE('',*,*,#375,.T.);
#501=ORIENTED_EDGE('',*,*,#371,.T.);
#502=ORIENTED_EDGE('',*,*,#376,.T.);
#503=ORIENTED_EDGE('',*,*,#377,.F.);
#504=ORIENTED_EDGE('',*,*,#378,.T.);
#505=ORIENTED_EDGE('',*,*,#374,.T.);
#506=ORIENTED_EDGE('',*,*,#379,.T.);
#507=ORIENTED_EDGE('',*,*,#380,.F.);
#508=ORIENTED_EDGE('',*,*,#381,.T.);
#509=ORIENTED_EDGE('',*,*,#377,.T.);
#510=ORIENTED_EDGE('',*,*,#382,.T.);
#511=ORIENTED_EDGE('',*,*,#383,.F.);
#512=ORIENTED_EDGE('',*,*,#384,.T.);
#513=ORIENTED_EDGE('',*,*,#380,.T.);
#514=ORIENTED_EDGE('',*,*,#385,.T.);
#515=ORIENTED_EDGE('',*,*,#386,.F.);
#516=ORIENTED_EDGE('',*,*,#387,.T.);
#517=ORIENTED_EDGE('',*,*,#383,.T.);
#518=ORIENTED_EDGE('',*,*,#388,.T.);
#519=ORIENTED_EDGE('',*,*,#389,.F.);
#520=ORIENTED_EDGE('',*,*,#390,.T.);
#521=ORIENTED_EDGE('',*,*,#386,.T.);
#522=ORIENTED_EDGE('',*,*,#391,.T.);
#523=ORIENTED_EDGE('',*,*,#392,.F.);
#524=ORIENTED_EDGE('',*,*,#393,.T.);
#525=ORIENTED_EDGE('',*,*,#389,.T.);
#526=ORIENTED_EDGE('',*,*,#394,.T.);
#527=ORIENTED_EDGE('',*,*,#395,.F.);
#528=ORIENTED_EDGE('',*,*,#396,.T.);
#529=ORIENTED_EDGE('',*,*,#392,.T.);
#530=ORIENTED_EDGE('',*,*,#397,.T.);
#531=ORIENTED_EDGE('',*,*,#398,.F.);
#532=ORIENTED_EDGE('',*,*,#399,.T.);
#533=ORIENTED_EDGE('',*,*,#395,.T.);
#534=ORIENTED_EDGE('',*,*,#400,.T.);
#535=ORIENTED_EDGE('',*,*,#401,.F.);
#536=ORIENTED_EDGE('',*,*,#402,.T.);
#537=ORIENTED_EDGE('',*,*,#398,.T.);
#538=ORIENTED_EDGE('',*,*,#403,.T.);
#539=ORIENTED_EDGE('',*,*,#404,.F.);
#540=ORIENTED_EDGE('',*,*,#405,.T.);
#541=ORIENTED_EDGE('',*,*,#401,.T.);
#542=ORIENTED_EDGE('',*,*,#406,.T.);
#543=ORIENTED_EDGE('',*,*,#407,.F.);
#544=ORIENTED_EDGE('',*,*,#408,.T.);
#545=ORIENTED_EDGE('',*,*,#404,.T.);
#546=ORIENTED_EDGE('',*,*,#409,.T.);
#547=ORIENTED_EDGE('',*,*,#410,.F.);
#548=ORIENTED_EDGE('',*,*,#411,.T.);
#549=ORIENTED_EDGE('',*,*,#412,.F.);
#550=ORIENTED_EDGE('',*,*,#413,.F.);
#551=ORIENTED_EDGE('',*,*,#414,.F.);
#552=ORIENTED_EDGE('',*,*,#415,.T.);
#553=ORIENTED_EDGE('',*,*,#410,.T.);
#554=ORIENTED_EDGE('',*,*,#416,.F.);
#555=ORIENTED_EDGE('',*,*,#417,.F.);
#556=ORIENTED_EDGE('',*,*,#418,.T.);
#557=ORIENTED_EDGE('',*,*,#414,.T.);
#558=ORIENTED_EDGE('',*,*,#419,.F.);
#559=ORIENTED_EDGE('',*,*,#420,.F.);
#560=ORIENTED_EDGE('',*,*,#421,.T.);
#561=ORIENTED_EDGE('',*,*,#417,.T.);
#562=ORIENTED_EDGE('',*,*,#422,.F.);
#563=ORIENTED_EDGE('',*,*,#423,.F.);
#564=ORIENTED_EDGE('',*,*,#424,.T.);
#565=ORIENTED_EDGE('',*,*,#420,.T.);
#566=ORIENTED_EDGE('',*,*,#425,.F.);
#567=ORIENTED_EDGE('',*,*,#426,.F.);
#568=ORIENTED_EDGE('',*,*,#427,.T.);
#569=ORIENTED_EDGE('',*,*,#423,.T.);
#570=ORIENTED_EDGE('',*,*,#428,.F.);
#571=ORIENTED_EDGE('',*,*,#429,.F.);
#572=ORIENTED_EDGE('',*,*,#430,.T.);
#573=ORIENTED_EDGE('',*,*,#426,.T.);
#574=ORIENTED_EDGE('',*,*,#431,.F.);
#575=ORIENTED_EDGE('',*,*,#432,.F.);
#576=ORIENTED_EDGE('',*,*,#433,.T.);
#577=ORIENTED_EDGE('',*,*,#429,.T.);
#578=ORIENTED_EDGE('',*,*,#434,.F.);
#579=ORIENTED_EDGE('',*,*,#435,.F.);
#580=ORIENTED_EDGE('',*,*,#436,.T.);
#581=ORIENTED_EDGE('',*,*,#432,.T.);
#582=ORIENTED_EDGE('',*,*,#437,.F.);
#583=ORIENTED_EDGE('',*,*,#438,.F.);
#584=ORIENTED_EDGE('',*,*,#439,.T.);
#585=ORIENTED_EDGE('',*,*,#435,.T.);
#586=ORIENTED_EDGE('',*,*,#440,.F.);
#587=ORIENTED_EDGE('',*,*,#441,.F.);
#588=ORIENTED_EDGE('',*,*,#442,.T.);
#589=ORIENTED_EDGE('',*,*,#438,.T.);
#590=ORIENTED_EDGE('',*,*,#443,.F.);
#591=ORIENTED_EDGE('',*,*,#444,.F.);
#592=ORIENTED_EDGE('',*,*,#445,.T.);
#593=ORIENTED_EDGE('',*,*,#441,.T.);
#594=ORIENTED_EDGE('',*,*,#446,.F.);
#595=ORIENTED_EDGE('',*,*,#447,.F.);
#596=ORIENTED_EDGE('',*,*,#448,.T.);
#597=ORIENTED_EDGE('',*,*,#444,.T.);
#598=ORIENTED_EDGE('',*,*,#449,.F.);
#599=ORIENTED_EDGE('',*,*,#450,.F.);
#600=ORIENTED_EDGE('',*,*,#451,.T.);
#601=ORIENTED_EDGE('',*,*,#447,.T.);
#602=ORIENTED_EDGE('',*,*,#452,.F.);
#603=ORIENTED_EDGE('',*,*,#453,.F.);
#604=ORIENTED_EDGE('',*,*,#454,.T.);
#605=ORIENTED_EDGE('',*,*,#450,.T.);
#606=ORIENTED_EDGE('',*,*,#455,.F.);
#607=ORIENTED_EDGE('',*,*,#456,.F.);
#608=ORIENTED_EDGE('',*,*,#457,.F.);
#609=ORIENTED_EDGE('',*,*,#409,.F.);
#610=ORIENTED_EDGE('',*,*,#406,.F.);
#611=ORIENTED_EDGE('',*,*,#403,.F.);
#612=ORIENTED_EDGE('',*,*,#400,.F.);
#613=ORIENTED_EDGE('',*,*,#397,.F.);
#614=ORIENTED_EDGE('',*,*,#394,.F.);
#615=ORIENTED_EDGE('',*,*,#391,.F.);
#616=ORIENTED_EDGE('',*,*,#388,.F.);
#617=ORIENTED_EDGE('',*,*,#385,.F.);
#618=ORIENTED_EDGE('',*,*,#382,.F.);
#619=ORIENTED_EDGE('',*,*,#379,.F.);
#620=ORIENTED_EDGE('',*,*,#376,.F.);
#621=ORIENTED_EDGE('',*,*,#373,.F.);
#622=ORIENTED_EDGE('',*,*,#370,.F.);
#623=ORIENTED_EDGE('',*,*,#367,.F.);
#624=ORIENTED_EDGE('',*,*,#458,.F.);
#625=ORIENTED_EDGE('',*,*,#459,.T.);
#626=ORIENTED_EDGE('',*,*,#455,.T.);
#627=ORIENTED_EDGE('',*,*,#452,.T.);
#628=ORIENTED_EDGE('',*,*,#449,.T.);
#629=ORIENTED_EDGE('',*,*,#446,.T.);
#630=ORIENTED_EDGE('',*,*,#443,.T.);
#631=ORIENTED_EDGE('',*,*,#440,.T.);
#632=ORIENTED_EDGE('',*,*,#437,.T.);
#633=ORIENTED_EDGE('',*,*,#434,.T.);
#634=ORIENTED_EDGE('',*,*,#431,.T.);
#635=ORIENTED_EDGE('',*,*,#428,.T.);
#636=ORIENTED_EDGE('',*,*,#425,.T.);
#637=ORIENTED_EDGE('',*,*,#422,.T.);
#638=ORIENTED_EDGE('',*,*,#419,.T.);
#639=ORIENTED_EDGE('',*,*,#416,.T.);
#640=ORIENTED_EDGE('',*,*,#413,.T.);
#641=ORIENTED_EDGE('',*,*,#453,.T.);
#642=ORIENTED_EDGE('',*,*,#459,.F.);
#643=ORIENTED_EDGE('',*,*,#460,.F.);
#644=ORIENTED_EDGE('',*,*,#461,.T.);
#645=ORIENTED_EDGE('',*,*,#462,.F.);
#646=ORIENTED_EDGE('',*,*,#411,.F.);
#647=ORIENTED_EDGE('',*,*,#415,.F.);
#648=ORIENTED_EDGE('',*,*,#418,.F.);
#649=ORIENTED_EDGE('',*,*,#421,.F.);
#650=ORIENTED_EDGE('',*,*,#424,.F.);
#651=ORIENTED_EDGE('',*,*,#427,.F.);
#652=ORIENTED_EDGE('',*,*,#430,.F.);
#653=ORIENTED_EDGE('',*,*,#433,.F.);
#654=ORIENTED_EDGE('',*,*,#436,.F.);
#655=ORIENTED_EDGE('',*,*,#439,.F.);
#656=ORIENTED_EDGE('',*,*,#442,.F.);
#657=ORIENTED_EDGE('',*,*,#445,.F.);
#658=ORIENTED_EDGE('',*,*,#448,.F.);
#659=ORIENTED_EDGE('',*,*,#451,.F.);
#660=ORIENTED_EDGE('',*,*,#454,.F.);
#661=ORIENTED_EDGE('',*,*,#461,.F.);
#662=ORIENTED_EDGE('',*,*,#463,.F.);
#663=ORIENTED_EDGE('',*,*,#365,.F.);
#664=ORIENTED_EDGE('',*,*,#369,.F.);
#665=ORIENTED_EDGE('',*,*,#372,.F.);
#666=ORIENTED_EDGE('',*,*,#375,.F.);
#667=ORIENTED_EDGE('',*,*,#378,.F.);
#668=ORIENTED_EDGE('',*,*,#381,.F.);
#669=ORIENTED_EDGE('',*,*,#384,.F.);
#670=ORIENTED_EDGE('',*,*,#387,.F.);
#671=ORIENTED_EDGE('',*,*,#390,.F.);
#672=ORIENTED_EDGE('',*,*,#393,.F.);
#673=ORIENTED_EDGE('',*,*,#396,.F.);
#674=ORIENTED_EDGE('',*,*,#399,.F.);
#675=ORIENTED_EDGE('',*,*,#402,.F.);
#676=ORIENTED_EDGE('',*,*,#405,.F.);
#677=ORIENTED_EDGE('',*,*,#408,.F.);
#678=ORIENTED_EDGE('',*,*,#464,.F.);
#679=ORIENTED_EDGE('',*,*,#407,.T.);
#680=ORIENTED_EDGE('',*,*,#457,.T.);
#681=ORIENTED_EDGE('',*,*,#465,.F.);
#682=ORIENTED_EDGE('',*,*,#464,.T.);
#683=ORIENTED_EDGE('',*,*,#466,.F.);
#684=ORIENTED_EDGE('',*,*,#467,.T.);
#685=ORIENTED_EDGE('',*,*,#468,.T.);
#686=ORIENTED_EDGE('',*,*,#469,.F.);
#687=ORIENTED_EDGE('',*,*,#470,.F.);
#688=ORIENTED_EDGE('',*,*,#469,.T.);
#689=ORIENTED_EDGE('',*,*,#471,.T.);
#690=ORIENTED_EDGE('',*,*,#472,.F.);
#691=ORIENTED_EDGE('',*,*,#473,.F.);
#692=ORIENTED_EDGE('',*,*,#472,.T.);
#693=ORIENTED_EDGE('',*,*,#474,.T.);
#694=ORIENTED_EDGE('',*,*,#475,.F.);
#695=ORIENTED_EDGE('',*,*,#476,.F.);
#696=ORIENTED_EDGE('',*,*,#477,.T.);
#697=ORIENTED_EDGE('',*,*,#478,.T.);
#698=ORIENTED_EDGE('',*,*,#467,.F.);
#699=ORIENTED_EDGE('',*,*,#479,.F.);
#700=ORIENTED_EDGE('',*,*,#480,.F.);
#701=ORIENTED_EDGE('',*,*,#481,.T.);
#702=ORIENTED_EDGE('',*,*,#482,.T.);
#703=ORIENTED_EDGE('',*,*,#477,.F.);
#704=ORIENTED_EDGE('',*,*,#483,.F.);
#705=ORIENTED_EDGE('',*,*,#475,.T.);
#706=ORIENTED_EDGE('',*,*,#484,.T.);
#707=ORIENTED_EDGE('',*,*,#481,.F.);
#708=ORIENTED_EDGE('',*,*,#474,.F.);
#709=ORIENTED_EDGE('',*,*,#471,.F.);
#710=ORIENTED_EDGE('',*,*,#468,.F.);
#711=ORIENTED_EDGE('',*,*,#478,.F.);
#712=ORIENTED_EDGE('',*,*,#482,.F.);
#713=ORIENTED_EDGE('',*,*,#484,.F.);
#714=ORIENTED_EDGE('',*,*,#462,.T.);
#715=ORIENTED_EDGE('',*,*,#465,.T.);
#716=ORIENTED_EDGE('',*,*,#456,.T.);
#717=ORIENTED_EDGE('',*,*,#412,.T.);
#718=ORIENTED_EDGE('',*,*,#483,.T.);
#719=ORIENTED_EDGE('',*,*,#480,.T.);
#720=ORIENTED_EDGE('',*,*,#476,.T.);
#721=ORIENTED_EDGE('',*,*,#485,.T.);
#722=ORIENTED_EDGE('',*,*,#486,.F.);
#723=ORIENTED_EDGE('',*,*,#485,.F.);
#724=ORIENTED_EDGE('',*,*,#479,.T.);
#725=ORIENTED_EDGE('',*,*,#466,.T.);
#726=ORIENTED_EDGE('',*,*,#470,.T.);
#727=ORIENTED_EDGE('',*,*,#473,.T.);
#728=ORIENTED_EDGE('',*,*,#486,.T.);
#729=ORIENTED_EDGE('',*,*,#366,.T.);
#730=ORIENTED_EDGE('',*,*,#463,.T.);
#731=ORIENTED_EDGE('',*,*,#460,.T.);
#732=ORIENTED_EDGE('',*,*,#458,.T.);
#733=CYLINDRICAL_SURFACE('',#823,0.96675);
#734=CYLINDRICAL_SURFACE('',#825,0.96675);
#735=CYLINDRICAL_SURFACE('',#826,0.96675);
#736=CYLINDRICAL_SURFACE('',#827,0.96675);
#737=CYLINDRICAL_SURFACE('',#828,0.96675);
#738=CYLINDRICAL_SURFACE('',#829,0.96675);
#739=CYLINDRICAL_SURFACE('',#830,0.96675);
#740=CYLINDRICAL_SURFACE('',#831,0.96675);
#741=CYLINDRICAL_SURFACE('',#832,0.96675);
#742=CYLINDRICAL_SURFACE('',#833,0.96675);
#743=CYLINDRICAL_SURFACE('',#834,0.96675);
#744=CYLINDRICAL_SURFACE('',#835,0.96675);
#745=CYLINDRICAL_SURFACE('',#836,0.96675);
#746=CYLINDRICAL_SURFACE('',#837,0.96675);
#747=CYLINDRICAL_SURFACE('',#838,0.96675);
#748=CYLINDRICAL_SURFACE('',#839,0.739);
#749=CYLINDRICAL_SURFACE('',#841,0.739);
#750=CYLINDRICAL_SURFACE('',#842,0.739);
#751=CYLINDRICAL_SURFACE('',#843,0.739);
#752=CYLINDRICAL_SURFACE('',#844,0.739);
#753=CYLINDRICAL_SURFACE('',#845,0.739);
#754=CYLINDRICAL_SURFACE('',#846,0.739);
#755=CYLINDRICAL_SURFACE('',#847,0.739);
#756=CYLINDRICAL_SURFACE('',#848,0.739);
#757=CYLINDRICAL_SURFACE('',#849,0.739);
#758=CYLINDRICAL_SURFACE('',#850,0.739);
#759=CYLINDRICAL_SURFACE('',#851,0.739);
#760=CYLINDRICAL_SURFACE('',#852,0.739);
#761=CYLINDRICAL_SURFACE('',#853,0.739);
#762=CYLINDRICAL_SURFACE('',#854,0.739);
#763=CYLINDRICAL_SURFACE('',#855,0.739);
#764=CYLINDRICAL_SURFACE('',#857,0.96675);
#765=ADVANCED_FACE('',(#28),#733,.T.);
#766=ADVANCED_FACE('',(#29),#734,.T.);
#767=ADVANCED_FACE('',(#30),#735,.T.);
#768=ADVANCED_FACE('',(#31),#736,.T.);
#769=ADVANCED_FACE('',(#32),#737,.T.);
#770=ADVANCED_FACE('',(#33),#738,.T.);
#771=ADVANCED_FACE('',(#34),#739,.T.);
#772=ADVANCED_FACE('',(#35),#740,.T.);
#773=ADVANCED_FACE('',(#36),#741,.T.);
#774=ADVANCED_FACE('',(#37),#742,.T.);
#775=ADVANCED_FACE('',(#38),#743,.T.);
#776=ADVANCED_FACE('',(#39),#744,.T.);
#777=ADVANCED_FACE('',(#40),#745,.T.);
#778=ADVANCED_FACE('',(#41),#746,.T.);
#779=ADVANCED_FACE('',(#42),#747,.T.);
#780=ADVANCED_FACE('',(#43),#748,.T.);
#781=ADVANCED_FACE('',(#44),#749,.T.);
#782=ADVANCED_FACE('',(#45),#750,.T.);
#783=ADVANCED_FACE('',(#46),#751,.T.);
#784=ADVANCED_FACE('',(#47),#752,.T.);
#785=ADVANCED_FACE('',(#48),#753,.T.);
#786=ADVANCED_FACE('',(#49),#754,.T.);
#787=ADVANCED_FACE('',(#50),#755,.T.);
#788=ADVANCED_FACE('',(#51),#756,.T.);
#789=ADVANCED_FACE('',(#52),#757,.T.);
#790=ADVANCED_FACE('',(#53),#758,.T.);
#791=ADVANCED_FACE('',(#54),#759,.T.);
#792=ADVANCED_FACE('',(#55),#760,.T.);
#793=ADVANCED_FACE('',(#56),#761,.T.);
#794=ADVANCED_FACE('',(#57),#762,.T.);
#795=ADVANCED_FACE('',(#58),#26,.F.);
#796=ADVANCED_FACE('',(#59),#763,.T.);
#797=ADVANCED_FACE('',(#60),#27,.F.);
#798=ADVANCED_FACE('',(#61),#764,.T.);
#799=ADVANCED_FACE('',(#62),#17,.F.);
#800=ADVANCED_FACE('',(#63),#18,.F.);
#801=ADVANCED_FACE('',(#64),#19,.F.);
#802=ADVANCED_FACE('',(#65),#20,.F.);
#803=ADVANCED_FACE('',(#66),#21,.F.);
#804=ADVANCED_FACE('',(#67),#22,.F.);
#805=ADVANCED_FACE('',(#68),#23,.F.);
#806=ADVANCED_FACE('',(#69),#24,.T.);
#807=ADVANCED_FACE('',(#70),#16,.T.);
#808=ADVANCED_FACE('',(#71,#15),#25,.T.);
#809=CLOSED_SHELL('',(#765,#766,#767,#768,#769,#770,#771,#772,#773,#774,
#775,#776,#777,#778,#779,#780,#781,#782,#783,#784,#785,#786,#787,#788,#789,
#790,#791,#792,#793,#794,#795,#796,#797,#798,#799,#800,#801,#802,#803,#804,
#805,#806,#807,#808));
#810=DERIVED_UNIT_ELEMENT(#812,1.);
#811=DERIVED_UNIT_ELEMENT(#3323,-3.);
#812=(
MASS_UNIT()
NAMED_UNIT(*)
SI_UNIT(.KILO.,.GRAM.)
);
#813=DERIVED_UNIT((#810,#811));
#814=MEASURE_REPRESENTATION_ITEM('density measure',
POSITIVE_RATIO_MEASURE(7990.),#813);
#815=PROPERTY_DEFINITION_REPRESENTATION(#820,#817);
#816=PROPERTY_DEFINITION_REPRESENTATION(#821,#818);
#817=REPRESENTATION('material name',(#819),#3320);
#818=REPRESENTATION('density',(#814),#3320);
#819=DESCRIPTIVE_REPRESENTATION_ITEM('Stainless Steel 316L',
'Stainless Steel 316L');
#820=PROPERTY_DEFINITION('material property','material name',#3330);
#821=PROPERTY_DEFINITION('material property','density of part',#3330);
#822=AXIS2_PLACEMENT_3D('',#1032,#878,#879);
#823=AXIS2_PLACEMENT_3D('',#1033,#880,#881);
#824=AXIS2_PLACEMENT_3D('',#1049,#883,#884);
#825=AXIS2_PLACEMENT_3D('',#1057,#885,#886);
#826=AXIS2_PLACEMENT_3D('',#1105,#888,#889);
#827=AXIS2_PLACEMENT_3D('',#1153,#891,#892);
#828=AXIS2_PLACEMENT_3D('',#1207,#894,#895);
#829=AXIS2_PLACEMENT_3D('',#1255,#897,#898);
#830=AXIS2_PLACEMENT_3D('',#1303,#900,#901);
#831=AXIS2_PLACEMENT_3D('',#1357,#903,#904);
#832=AXIS2_PLACEMENT_3D('',#1405,#906,#907);
#833=AXIS2_PLACEMENT_3D('',#1453,#909,#910);
#834=AXIS2_PLACEMENT_3D('',#1507,#912,#913);
#835=AXIS2_PLACEMENT_3D('',#1555,#915,#916);
#836=AXIS2_PLACEMENT_3D('',#1603,#918,#919);
#837=AXIS2_PLACEMENT_3D('',#1657,#921,#922);
#838=AXIS2_PLACEMENT_3D('',#1705,#924,#925);
#839=AXIS2_PLACEMENT_3D('',#1753,#927,#928);
#840=AXIS2_PLACEMENT_3D('',#1765,#930,#931);
#841=AXIS2_PLACEMENT_3D('',#1770,#932,#933);
#842=AXIS2_PLACEMENT_3D('',#1795,#935,#936);
#843=AXIS2_PLACEMENT_3D('',#1819,#938,#939);
#844=AXIS2_PLACEMENT_3D('',#1844,#941,#942);
#845=AXIS2_PLACEMENT_3D('',#1869,#944,#945);
#846=AXIS2_PLACEMENT_3D('',#1893,#947,#948);
#847=AXIS2_PLACEMENT_3D('',#1918,#950,#951);
#848=AXIS2_PLACEMENT_3D('',#1943,#953,#954);
#849=AXIS2_PLACEMENT_3D('',#1967,#956,#957);
#850=AXIS2_PLACEMENT_3D('',#1992,#959,#960);
#851=AXIS2_PLACEMENT_3D('',#2017,#962,#963);
#852=AXIS2_PLACEMENT_3D('',#2041,#965,#966);
#853=AXIS2_PLACEMENT_3D('',#2066,#968,#969);
#854=AXIS2_PLACEMENT_3D('',#2091,#971,#972);
#855=AXIS2_PLACEMENT_3D('',#2697,#974,#975);
#856=AXIS2_PLACEMENT_3D('',#2699,#976,#977);
#857=AXIS2_PLACEMENT_3D('',#3271,#978,#979);
#858=AXIS2_PLACEMENT_3D('',#3272,#980,#981);
#859=AXIS2_PLACEMENT_3D('',#3273,#982,#983);
#860=AXIS2_PLACEMENT_3D('',#3276,#984,#985);
#861=AXIS2_PLACEMENT_3D('',#3282,#989,#990);
#862=AXIS2_PLACEMENT_3D('',#3284,#991,#992);
#863=AXIS2_PLACEMENT_3D('',#3288,#995,#996);
#864=AXIS2_PLACEMENT_3D('',#3290,#997,#998);
#865=AXIS2_PLACEMENT_3D('',#3294,#1001,#1002);
#866=AXIS2_PLACEMENT_3D('',#3297,#1003,#1004);
#867=AXIS2_PLACEMENT_3D('',#3301,#1007,#1008);
#868=AXIS2_PLACEMENT_3D('',#3302,#1009,#1010);
#869=AXIS2_PLACEMENT_3D('',#3304,#1011,#1012);
#870=AXIS2_PLACEMENT_3D('',#3308,#1015,#1016);
#871=AXIS2_PLACEMENT_3D('',#3309,#1017,#1018);
#872=AXIS2_PLACEMENT_3D('',#3311,#1020,#1021);
#873=AXIS2_PLACEMENT_3D('',#3312,#1022,#1023);
#874=AXIS2_PLACEMENT_3D('',#3313,#1024,#1025);
#875=AXIS2_PLACEMENT_3D('',#3315,#1026,#1027);
#876=AXIS2_PLACEMENT_3D('',#3316,#1028,#1029);
#877=AXIS2_PLACEMENT_3D('',#3317,#1030,#1031);
#878=DIRECTION('axis',(0.,0.,1.));
#879=DIRECTION('refdir',(1.,0.,0.));
#880=DIRECTION('center_axis',(0.,0.,-1.));
#881=DIRECTION('ref_axis',(-1.,0.,0.));
#882=DIRECTION('',(0.,0.,1.));
#883=DIRECTION('center_axis',(0.,4.89858719658941E-16,1.));
#884=DIRECTION('ref_axis',(-1.,0.,0.));
#885=DIRECTION('center_axis',(0.,0.,-1.));
#886=DIRECTION('ref_axis',(-1.,0.,0.));
#887=DIRECTION('',(0.,0.,1.));
#888=DIRECTION('center_axis',(0.,0.,-1.));
#889=DIRECTION('ref_axis',(-1.,0.,0.));
#890=DIRECTION('',(0.,0.,1.));
#891=DIRECTION('center_axis',(0.,0.,-1.));
#892=DIRECTION('ref_axis',(-1.,0.,0.));
#893=DIRECTION('',(0.,0.,1.));
#894=DIRECTION('center_axis',(0.,0.,-1.));
#895=DIRECTION('ref_axis',(-1.,0.,0.));
#896=DIRECTION('',(0.,0.,1.));
#897=DIRECTION('center_axis',(0.,0.,-1.));
#898=DIRECTION('ref_axis',(-1.,0.,0.));
#899=DIRECTION('',(0.,0.,1.));
#900=DIRECTION('center_axis',(0.,0.,-1.));
#901=DIRECTION('ref_axis',(-1.,0.,0.));
#902=DIRECTION('',(0.,0.,1.));
#903=DIRECTION('center_axis',(0.,0.,-1.));
#904=DIRECTION('ref_axis',(-1.,0.,0.));
#905=DIRECTION('',(0.,0.,1.));
#906=DIRECTION('center_axis',(0.,0.,-1.));
#907=DIRECTION('ref_axis',(-1.,0.,0.));
#908=DIRECTION('',(0.,0.,1.));
#909=DIRECTION('center_axis',(0.,0.,-1.));
#910=DIRECTION('ref_axis',(-1.,0.,0.));
#911=DIRECTION('',(0.,0.,1.));
#912=DIRECTION('center_axis',(0.,0.,-1.));
#913=DIRECTION('ref_axis',(-1.,0.,0.));
#914=DIRECTION('',(0.,0.,1.));
#915=DIRECTION('center_axis',(0.,0.,-1.));
#916=DIRECTION('ref_axis',(-1.,0.,0.));
#917=DIRECTION('',(0.,0.,1.));
#918=DIRECTION('center_axis',(0.,0.,-1.));
#919=DIRECTION('ref_axis',(-1.,0.,0.));
#920=DIRECTION('',(0.,0.,1.));
#921=DIRECTION('center_axis',(0.,0.,-1.));
#922=DIRECTION('ref_axis',(-1.,0.,0.));
#923=DIRECTION('',(0.,0.,1.));
#924=DIRECTION('center_axis',(0.,0.,-1.));
#925=DIRECTION('ref_axis',(-1.,0.,0.));
#926=DIRECTION('',(0.,0.,1.));
#927=DIRECTION('center_axis',(0.,0.,-1.));
#928=DIRECTION('ref_axis',(0.457172601650473,-0.889377991801089,0.));
#929=DIRECTION('',(0.,0.,-1.));
#930=DIRECTION('center_axis',(0.,0.,-1.));
#931=DIRECTION('ref_axis',(-1.,1.00244091152494E-13,0.));
#932=DIRECTION('center_axis',(0.,0.,-1.));
#933=DIRECTION('ref_axis',(-1.,1.00244091152494E-13,0.));
#934=DIRECTION('',(0.,0.,-1.));
#935=DIRECTION('center_axis',(0.,0.,-1.));
#936=DIRECTION('ref_axis',(-1.,1.00244091152494E-13,0.));
#937=DIRECTION('',(0.,0.,-1.));
#938=DIRECTION('center_axis',(0.,0.,-1.));
#939=DIRECTION('ref_axis',(-1.,1.00244091152494E-13,0.));
#940=DIRECTION('',(0.,0.,-1.));
#941=DIRECTION('center_axis',(0.,0.,-1.));
#942=DIRECTION('ref_axis',(-1.,1.00244091152494E-13,0.));
#943=DIRECTION('',(0.,0.,-1.));
#944=DIRECTION('center_axis',(0.,0.,-1.));
#945=DIRECTION('ref_axis',(-1.,1.00244091152494E-13,0.));
#946=DIRECTION('',(0.,0.,-1.));
#947=DIRECTION('center_axis',(0.,0.,-1.));
#948=DIRECTION('ref_axis',(-1.,1.00244091152494E-13,0.));
#949=DIRECTION('',(0.,0.,-1.));
#950=DIRECTION('center_axis',(0.,0.,-1.));
#951=DIRECTION('ref_axis',(-1.,1.00244091152494E-13,0.));
#952=DIRECTION('',(0.,0.,-1.));
#953=DIRECTION('center_axis',(0.,0.,-1.));
#954=DIRECTION('ref_axis',(-1.,1.00244091152494E-13,0.));
#955=DIRECTION('',(0.,0.,-1.));
#956=DIRECTION('center_axis',(0.,0.,-1.));
#957=DIRECTION('ref_axis',(-1.,1.00244091152494E-13,0.));
#958=DIRECTION('',(0.,0.,-1.));
#959=DIRECTION('center_axis',(0.,0.,-1.));
#960=DIRECTION('ref_axis',(-1.,1.00244091152494E-13,0.));
#961=DIRECTION('',(0.,0.,-1.));
#962=DIRECTION('center_axis',(0.,0.,-1.));
#963=DIRECTION('ref_axis',(-1.,1.00244091152494E-13,0.));
#964=DIRECTION('',(0.,0.,-1.));
#965=DIRECTION('center_axis',(0.,0.,-1.));
#966=DIRECTION('ref_axis',(-1.,1.00244091152494E-13,0.));
#967=DIRECTION('',(0.,0.,-1.));
#968=DIRECTION('center_axis',(0.,0.,-1.));
#969=DIRECTION('ref_axis',(-1.,1.00244091152494E-13,0.));
#970=DIRECTION('',(0.,0.,-1.));
#971=DIRECTION('center_axis',(0.,0.,-1.));
#972=DIRECTION('ref_axis',(-1.,1.00244091152494E-13,0.));
#973=DIRECTION('',(0.,0.,-1.));
#974=DIRECTION('center_axis',(0.,0.,-1.));
#975=DIRECTION('ref_axis',(-1.,1.00244091152494E-13,0.));
#976=DIRECTION('center_axis',(0.,0.,1.));
#977=DIRECTION('ref_axis',(-1.,1.00244091152494E-13,0.));
#978=DIRECTION('center_axis',(0.,0.,-1.));
#979=DIRECTION('ref_axis',(-1.,0.,0.));
#980=DIRECTION('center_axis',(0.,0.,1.));
#981=DIRECTION('ref_axis',(-1.,0.,0.));
#982=DIRECTION('center_axis',(-0.499999999999997,0.866025403784441,-3.75578649684291E-16));
#983=DIRECTION('ref_axis',(0.86602540378444,0.499999999999997,-2.14313189850786E-16));
#984=DIRECTION('center_axis',(-0.499999999999997,0.866025403784441,-3.75578649684291E-16));
#985=DIRECTION('ref_axis',(0.,-4.33680868994202E-16,-1.));
#986=DIRECTION('',(0.,-4.33680868994202E-16,-1.));
#987=DIRECTION('',(0.86602540378444,0.499999999999997,-2.14313189850786E-16));
#988=DIRECTION('',(0.,-4.33680868994202E-16,-1.));
#989=DIRECTION('center_axis',(0.499999999999998,0.86602540378444,-3.7557864968429E-16));
#990=DIRECTION('ref_axis',(0.86602540378444,-0.499999999999998,2.14313189850786E-16));
#991=DIRECTION('center_axis',(0.499999999999998,0.86602540378444,-3.7557864968429E-16));
#992=DIRECTION('ref_axis',(0.,-4.33680868994202E-16,-1.));
#993=DIRECTION('',(0.86602540378444,-0.499999999999998,2.14313189850786E-16));
#994=DIRECTION('',(0.,-4.33680868994202E-16,-1.));
#995=DIRECTION('center_axis',(1.,0.,0.));
#996=DIRECTION('ref_axis',(0.,-1.,4.28626379701574E-16));
#997=DIRECTION('center_axis',(1.,0.,0.));
#998=DIRECTION('ref_axis',(0.,0.,1.));
#999=DIRECTION('',(0.,-1.,4.28626379701574E-16));
#1000=DIRECTION('',(0.,-4.33680868994202E-16,-1.));
#1001=DIRECTION('center_axis',(-1.,-2.27121577131916E-15,9.84982829379031E-31));
#1002=DIRECTION('ref_axis',(-2.27121577131916E-15,1.,-4.28626379701574E-16));
#1003=DIRECTION('center_axis',(-1.,-2.27121577131916E-15,9.84982829379031E-31));
#1004=DIRECTION('ref_axis',(-9.84982829379031E-31,0.,-1.));
#1005=DIRECTION('',(0.,-4.33680868994202E-16,-1.));
#1006=DIRECTION('',(-2.27121577131916E-15,1.,-4.28626379701574E-16));
#1007=DIRECTION('center_axis',(-1.,-2.27121577131916E-15,9.84982829379031E-31));
#1008=DIRECTION('ref_axis',(-9.84982829379031E-31,0.,-1.));
#1009=DIRECTION('center_axis',(-0.5,-0.866025403784439,3.7557864968429E-16));
#1010=DIRECTION('ref_axis',(-0.866025403784439,0.5,-2.14313189850787E-16));
#1011=DIRECTION('center_axis',(-0.5,-0.866025403784439,3.7557864968429E-16));
#1012=DIRECTION('ref_axis',(0.,4.33680868994202E-16,1.));
#1013=DIRECTION('',(0.,-4.33680868994202E-16,-1.));
#1014=DIRECTION('',(-0.866025403784439,0.5,-2.14313189850787E-16));
#1015=DIRECTION('center_axis',(0.499999999999999,-0.866025403784439,3.7557864968429E-16));
#1016=DIRECTION('ref_axis',(-0.866025403784439,-0.499999999999999,2.14313189850786E-16));
#1017=DIRECTION('center_axis',(0.499999999999999,-0.866025403784439,3.7557864968429E-16));
#1018=DIRECTION('ref_axis',(0.,4.33680868994202E-16,1.));
#1019=DIRECTION('',(-0.866025403784439,-0.499999999999999,2.14313189850786E-16));
#1020=DIRECTION('center_axis',(0.,-4.33680868994202E-16,-1.));
#1021=DIRECTION('ref_axis',(-1.,0.,0.));
#1022=DIRECTION('center_axis',(0.,0.,-1.));
#1023=DIRECTION('ref_axis',(-1.,0.,0.));
#1024=DIRECTION('center_axis',(6.12323399573677E-17,0.,1.));
#1025=DIRECTION('ref_axis',(1.,0.,0.));
#1026=DIRECTION('center_axis',(1.22464679914735E-16,-1.,0.));
#1027=DIRECTION('ref_axis',(-1.,-1.22464679914735E-16,0.));
#1028=DIRECTION('center_axis',(0.,-4.89858719658941E-16,-1.));
#1029=DIRECTION('ref_axis',(1.,0.,0.));
#1030=DIRECTION('center_axis',(0.,-4.89858719658941E-16,-1.));
#1031=DIRECTION('ref_axis',(-1.,0.,0.));
#1032=CARTESIAN_POINT('',(0.,0.,0.));
#1033=CARTESIAN_POINT('Origin',(0.,0.,0.));
#1034=CARTESIAN_POINT('',(0.967753725722725,0.000689090692179827,-0.128985916889676));
#1035=CARTESIAN_POINT('',(0.967605579328357,0.00103905690026766,-0.0710140831103188));
#1036=CARTESIAN_POINT('',(0.96675,-1.1839272930757E-16,0.));
#1037=CARTESIAN_POINT('',(-0.425119128515111,0.868262223680469,0.));
#1038=CARTESIAN_POINT('Ctrl Pts',(0.967753725722725,0.000689090692179827,
-0.128985916889676));
#1039=CARTESIAN_POINT('Ctrl Pts',(0.9680428462501,0.0392055918837448,-0.126441773754154));
#1040=CARTESIAN_POINT('Ctrl Pts',(0.965940994879545,0.0776884091571699,
-0.123897630618632));
#1041=CARTESIAN_POINT('Ctrl Pts',(0.961341827978945,0.1158680164868,-0.12135348748311));
#1042=CARTESIAN_POINT('Ctrl Pts',(0.923251845583848,0.432068885571943,-0.100283069875523));
#1043=CARTESIAN_POINT('Ctrl Pts',(0.713870044079309,0.727472469644537,-0.0792126522679355));
#1044=CARTESIAN_POINT('Ctrl Pts',(0.428145028523407,0.868407332567444,-0.058142234660348));
#1045=CARTESIAN_POINT('Ctrl Pts',(0.165332789231725,0.998040388486514,-0.0387614897735653));
#1046=CARTESIAN_POINT('Ctrl Pts',(-0.162069420095217,0.996985600116888,
-0.0193807448867827));
#1047=CARTESIAN_POINT('Ctrl Pts',(-0.426123579580349,0.869458233286967,
5.09575021068187E-17));
#1048=CARTESIAN_POINT('',(0.425119128515128,0.868262223680461,0.));
#1049=CARTESIAN_POINT('Origin',(0.,0.,-4.78971776440669E-14));
#1050=CARTESIAN_POINT('Ctrl Pts',(0.425119128515127,0.86826222368046,-1.11022302462516E-15));
#1051=CARTESIAN_POINT('Ctrl Pts',(0.712490781736041,0.727559123343589,-0.0210704176075882));
#1052=CARTESIAN_POINT('Ctrl Pts',(0.922143981297179,0.434297041819267,-0.0421408352151752));
#1053=CARTESIAN_POINT('Ctrl Pts',(0.960937954151047,0.118658417088969,-0.0632112528227622));
#1054=CARTESIAN_POINT('Ctrl Pts',(0.965726702559619,0.0796958192762983,
-0.0658121962519478));
#1055=CARTESIAN_POINT('Ctrl Pts',(0.967911972665332,0.0403922574674046,
-0.0684131396811333));
#1056=CARTESIAN_POINT('Ctrl Pts',(0.967605579328357,0.00103905690026766,
-0.0710140831103188));
#1057=CARTESIAN_POINT('Origin',(0.,0.,0.));
#1058=CARTESIAN_POINT('',(0.965262899931073,0.00026199559181421,-0.528985916889676));
#1059=CARTESIAN_POINT('',(0.965253945410331,0.00025440618688833,-0.471014083110318));
#1060=CARTESIAN_POINT('',(0.96675,-1.1839272930757E-16,0.));
#1061=CARTESIAN_POINT('Ctrl Pts',(0.965262899931073,0.00026199559181421,
-0.528985916889676));
#1062=CARTESIAN_POINT('Ctrl Pts',(0.965614382365423,0.144359652288169,-0.519530946066345));
#1063=CARTESIAN_POINT('Ctrl Pts',(0.935367885716918,0.288316854539631,-0.510075975243015));
#1064=CARTESIAN_POINT('Ctrl Pts',(0.873767715992887,0.41729928793369,-0.500621004419684));
#1065=CARTESIAN_POINT('Ctrl Pts',(0.736491639203642,0.704736847122085,-0.479550586812096));
#1066=CARTESIAN_POINT('Ctrl Pts',(0.443506343517167,0.917806418982935,-0.458480169204509));
#1067=CARTESIAN_POINT('Ctrl Pts',(0.127753722664273,0.959834733493623,-0.437409751596922));
#1068=CARTESIAN_POINT('Ctrl Pts',(-0.187998898188621,1.00186304800431,-0.416339333989334));
#1069=CARTESIAN_POINT('Ctrl Pts',(-0.526518844207933,0.872850105164837,
-0.395268916381747));
#1070=CARTESIAN_POINT('Ctrl Pts',(-0.734199029328476,0.631321137903482,
-0.37419849877416));
#1071=CARTESIAN_POINT('Ctrl Pts',(-0.941879214449018,0.389792170642128,
-0.353128081166572));
#1072=CARTESIAN_POINT('Ctrl Pts',(-1.01871963867079,0.0357471789588947,
-0.332057663558985));
#1073=CARTESIAN_POINT('Ctrl Pts',(-0.92985824171176,-0.270136406036805,
-0.310987245951397));
#1074=CARTESIAN_POINT('Ctrl Pts',(-0.840996844752728,-0.576019991032504,
-0.28991682834381));
#1075=CARTESIAN_POINT('Ctrl Pts',(-0.586433626612891,-0.833742169340669,
-0.268846410736222));
#1076=CARTESIAN_POINT('Ctrl Pts',(-0.281668926639905,-0.926414060685567,
-0.247775993128635));
#1077=CARTESIAN_POINT('Ctrl Pts',(0.0230957733330821,-1.01908595203046,
-0.226705575521048));
#1078=CARTESIAN_POINT('Ctrl Pts',(0.378061955139219,-0.946707556412091,
-0.20563515791346));
#1079=CARTESIAN_POINT('Ctrl Pts',(0.622145964399459,-0.74201928155406,-0.184564740305873));
#1080=CARTESIAN_POINT('Ctrl Pts',(0.836758101378131,-0.562046049325956,
-0.166038465833807));
#1081=CARTESIAN_POINT('Ctrl Pts',(0.965648370025213,-0.279785408881206,
-0.147512191361742));
#1082=CARTESIAN_POINT('Ctrl Pts',(0.967753725722725,0.000689090692179827,
-0.128985916889676));
#1083=CARTESIAN_POINT('Ctrl Pts',(0.967605579328357,0.00103905690026766,
-0.0710140831103188));
#1084=CARTESIAN_POINT('Ctrl Pts',(0.965429859640576,-0.278410666441012,
-0.0894835572887207));
#1085=CARTESIAN_POINT('Ctrl Pts',(0.837611622283497,-0.560363431907807,
-0.107953031467123));
#1086=CARTESIAN_POINT('Ctrl Pts',(0.624188685164448,-0.740503705659687,
-0.126422505645525));
#1087=CARTESIAN_POINT('Ctrl Pts',(0.38071069717739,-0.946012035741754,-0.147492923253112));
#1088=CARTESIAN_POINT('Ctrl Pts',(0.0258199750566828,-1.01901352796961,
-0.168563340860699));
#1089=CARTESIAN_POINT('Ctrl Pts',(-0.279220181298449,-0.927079134696575,
-0.189633758468287));
#1090=CARTESIAN_POINT('Ctrl Pts',(-0.58426033765358,-0.835144741423544,
-0.210704176075874));
#1091=CARTESIAN_POINT('Ctrl Pts',(-0.839449928243137,-0.578274462649633,
-0.231774593683462));
#1092=CARTESIAN_POINT('Ctrl Pts',(-0.929114933540742,-0.272670077416559,
-0.252845011291049));
#1093=CARTESIAN_POINT('Ctrl Pts',(-1.01877993883835,0.0329343078165144,
-0.273915428898637));
#1094=CARTESIAN_POINT('Ctrl Pts',(-0.942920358844002,0.38727279950875,-0.294985846506224));
#1095=CARTESIAN_POINT('Ctrl Pts',(-0.735895186816868,0.629377878717337,
-0.316056264113811));
#1096=CARTESIAN_POINT('Ctrl Pts',(-0.528870014789735,0.871482957925924,
-0.337126681721399));
#1097=CARTESIAN_POINT('Ctrl Pts',(-0.190679250729814,1.00135462465086,-0.358197099328986));
#1098=CARTESIAN_POINT('Ctrl Pts',(0.125188844263527,0.960160521724233,-0.379267516936573));
#1099=CARTESIAN_POINT('Ctrl Pts',(0.441056939256868,0.918966418797602,-0.400337934544161));
#1100=CARTESIAN_POINT('Ctrl Pts',(0.734602365183628,0.706706546219403,-0.421408352151749));
#1101=CARTESIAN_POINT('Ctrl Pts',(0.872645161640247,0.419643294986355,-0.442478769759336));
#1102=CARTESIAN_POINT('Ctrl Pts',(0.93496151002493,0.290054978670987,-0.45199054087633));
#1103=CARTESIAN_POINT('Ctrl Pts',(0.965588442597217,0.145222705527091,-0.461502311993324));
#1104=CARTESIAN_POINT('Ctrl Pts',(0.965253945410331,0.00025440618688833,
-0.471014083110318));
#1105=CARTESIAN_POINT('Origin',(0.,0.,0.));
#1106=CARTESIAN_POINT('',(0.966840062018806,-0.000857243322188034,-0.928985916889676));
#1107=CARTESIAN_POINT('',(0.966865884602571,-0.000855498937720766,-0.871014083110319));
#1108=CARTESIAN_POINT('',(0.96675,-1.1839272930757E-16,0.));
#1109=CARTESIAN_POINT('Ctrl Pts',(0.966840062018806,-0.000857243322188034,
-0.928985916889676));
#1110=CARTESIAN_POINT('Ctrl Pts',(0.96458371178529,0.247535115547499,-0.912620118378537));
#1111=CARTESIAN_POINT('Ctrl Pts',(0.866781102980636,0.497505915611823,-0.896254319867398));
#1112=CARTESIAN_POINT('Ctrl Pts',(0.694331129124095,0.674916558486105,-0.879888521356258));
#1113=CARTESIAN_POINT('Ctrl Pts',(0.472307561920721,0.903326820951897,-0.858818103748671));
#1114=CARTESIAN_POINT('Ctrl Pts',(0.12655075940382,1.01146354130751,-0.837747686141083));
#1115=CARTESIAN_POINT('Ctrl Pts',(-0.186050876392039,0.950259450463671,
-0.816677268533495));
#1116=CARTESIAN_POINT('Ctrl Pts',(-0.498652512187899,0.889055359619833,
-0.795606850925908));
#1117=CARTESIAN_POINT('Ctrl Pts',(-0.778098981262717,0.658510457576544,
-0.77453643331832));
#1118=CARTESIAN_POINT('Ctrl Pts',(-0.897590362019084,0.363235028235733,
-0.753466015710733));
#1119=CARTESIAN_POINT('Ctrl Pts',(-1.01708174277545,0.0679595988949223,
-0.732395598103145));
#1120=CARTESIAN_POINT('Ctrl Pts',(-0.976618035213365,-0.292046357743412,
-0.711325180495558));
#1121=CARTESIAN_POINT('Ctrl Pts',(-0.794559894422232,-0.553428200894236,
-0.690254762887971));
#1122=CARTESIAN_POINT('Ctrl Pts',(-0.612501753631099,-0.814810044045059,
-0.669184345280384));
#1123=CARTESIAN_POINT('Ctrl Pts',(-0.288849179610919,-0.977567773708374,
-0.648113927672796));
#1124=CARTESIAN_POINT('Ctrl Pts',(0.0295394597586538,-0.967850615359181,
-0.627043510065208));
#1125=CARTESIAN_POINT('Ctrl Pts',(0.347928099128227,-0.958133457009987,
-0.605973092457621));
#1126=CARTESIAN_POINT('Ctrl Pts',(0.661052803847193,-0.775941410648284,
-0.584902674850034));
#1127=CARTESIAN_POINT('Ctrl Pts',(0.826831727260669,-0.503942614209463,
-0.563832257242446));
#1128=CARTESIAN_POINT('Ctrl Pts',(0.918220341322461,-0.353998384139751,
-0.55221681045819));
#1129=CARTESIAN_POINT('Ctrl Pts',(0.964831103198108,-0.176762206213495,
-0.540601363673933));
#1130=CARTESIAN_POINT('Ctrl Pts',(0.965262899931073,0.00026199559181421,
-0.528985916889676));
#1131=CARTESIAN_POINT('Ctrl Pts',(0.965253945410331,0.00025440618688833,
-0.471014083110318));
#1132=CARTESIAN_POINT('Ctrl Pts',(0.964847466460434,-0.175910190690571,
-0.482572729600911));
#1133=CARTESIAN_POINT('Ctrl Pts',(0.918720359400765,-0.352275656945927,
-0.494131376091505));
#1134=CARTESIAN_POINT('Ctrl Pts',(0.828178975074327,-0.501731228808345,
-0.505690022582098));
#1135=CARTESIAN_POINT('Ctrl Pts',(0.663129825065312,-0.774175871482098,
-0.526760440189685));
#1136=CARTESIAN_POINT('Ctrl Pts',(0.350491358060806,-0.957198526941707,
-0.547830857797273));
#1137=CARTESIAN_POINT('Ctrl Pts',(0.0321292593853726,-0.967766240941457,
-0.56890127540486));
#1138=CARTESIAN_POINT('Ctrl Pts',(-0.286232839290061,-0.978333954941207,
-0.589971693012448));
#1139=CARTESIAN_POINT('Ctrl Pts',(-0.610318569636423,-0.816446727481095,
-0.611042110620036));
#1140=CARTESIAN_POINT('Ctrl Pts',(-0.793075373926252,-0.555553974871999,
-0.632112528227623));
#1141=CARTESIAN_POINT('Ctrl Pts',(-0.97583217821608,-0.294661222262903,
-0.65318294583521));
#1142=CARTESIAN_POINT('Ctrl Pts',(-1.01726005644938,0.0652370554951775,
-0.674253363442797));
#1143=CARTESIAN_POINT('Ctrl Pts',(-0.898559615515846,0.360831722743938,
-0.695323781050385));
#1144=CARTESIAN_POINT('Ctrl Pts',(-0.779859174582313,0.656426389992698,
-0.716394198657972));
#1145=CARTESIAN_POINT('Ctrl Pts',(-0.501030414481951,0.887717446732138,
-0.73746461626556));
#1146=CARTESIAN_POINT('Ctrl Pts',(-0.18859362370453,0.949757806677858,-0.758535033873147));
#1147=CARTESIAN_POINT('Ctrl Pts',(0.123843167072892,1.01179816662358,-0.779605451480735));
#1148=CARTESIAN_POINT('Ctrl Pts',(0.469887988527372,0.904587829775579,-0.800675869088322));
#1149=CARTESIAN_POINT('Ctrl Pts',(0.692522093999485,0.676772783386794,-0.821746286695909));
#1150=CARTESIAN_POINT('Ctrl Pts',(0.866046447551836,0.499210326950555,-0.838168885500712));
#1151=CARTESIAN_POINT('Ctrl Pts',(0.964600310594667,0.248381994370118,-0.854591484305516));
#1152=CARTESIAN_POINT('Ctrl Pts',(0.966865884602571,-0.000855498937720766,
-0.871014083110319));
#1153=CARTESIAN_POINT('Origin',(0.,0.,0.));
#1154=CARTESIAN_POINT('',(0.967884547707527,0.000555400012975001,-1.32898591688968));
#1155=CARTESIAN_POINT('',(0.967865185111821,0.00056696752302502,-1.27101408311032));
#1156=CARTESIAN_POINT('',(0.96675,-1.1839272930757E-16,0.));
#1157=CARTESIAN_POINT('Ctrl Pts',(0.967884547707527,0.000555400012975001,
-1.32898591688968));
#1158=CARTESIAN_POINT('Ctrl Pts',(0.968114267226488,0.0339464768254724,
-1.32677970829832));
#1159=CARTESIAN_POINT('Ctrl Pts',(0.966534569979399,0.0673155779757051,
-1.32457349970695));
#1160=CARTESIAN_POINT('Ctrl Pts',(0.963073278552708,0.100488351086908,-1.32236729111559));
#1161=CARTESIAN_POINT('Ctrl Pts',(0.930016179551496,0.417305258333026,-1.30129687350801));
#1162=CARTESIAN_POINT('Ctrl Pts',(0.725334651873118,0.716214644447813,-1.28022645590042));
#1163=CARTESIAN_POINT('Ctrl Pts',(0.44190369681379,0.86158526691074,-1.25915603829283));
#1164=CARTESIAN_POINT('Ctrl Pts',(0.158472741754458,1.00695588937367,-1.23808562068524));
#1165=CARTESIAN_POINT('Ctrl Pts',(-0.203707640685827,0.998787748184736,
-1.21701520307766));
#1166=CARTESIAN_POINT('Ctrl Pts',(-0.480296761637368,0.840787171256855,
-1.19594478547007));
#1167=CARTESIAN_POINT('Ctrl Pts',(-0.756885882588908,0.682786594328974,
-1.17487436786248));
#1168=CARTESIAN_POINT('Ctrl Pts',(-0.947883742051707,0.374953581662147,
-1.15380395025489));
#1169=CARTESIAN_POINT('Ctrl Pts',(-0.966624353044119,0.0569684956191372,
-1.13273353264731));
#1170=CARTESIAN_POINT('Ctrl Pts',(-0.985364964036531,-0.261016590423873,
-1.11166311503972));
#1171=CARTESIAN_POINT('Ctrl Pts',(-0.831848326558557,-0.589153749843065,
-1.09059269743213));
#1172=CARTESIAN_POINT('Ctrl Pts',(-0.575733185341227,-0.778549518689407,
-1.06952227982454));
#1173=CARTESIAN_POINT('Ctrl Pts',(-0.319618044123898,-0.967945287535749,
-1.04845186221696));
#1174=CARTESIAN_POINT('Ctrl Pts',(0.0390956008327866,-1.01859966580924,
-1.02738144460937));
#1175=CARTESIAN_POINT('Ctrl Pts',(0.337640109030743,-0.907528066454134,
-1.00631102700178));
#1176=CARTESIAN_POINT('Ctrl Pts',(0.6361846172287,-0.79645646709903,-0.985240609394195));
#1177=CARTESIAN_POINT('Ctrl Pts',(0.87455998866793,-0.523658890115332,-0.964170191786607));
#1178=CARTESIAN_POINT('Ctrl Pts',(0.944602508442622,-0.212918199335496,
-0.94309977417902));
#1179=CARTESIAN_POINT('Ctrl Pts',(0.960241656286407,-0.143535778203046,
-0.938395155082572));
#1180=CARTESIAN_POINT('Ctrl Pts',(0.967488687161639,-0.0722617295838663,
-0.933690535986124));
#1181=CARTESIAN_POINT('Ctrl Pts',(0.966840062018806,-0.000857243322188034,
-0.928985916889676));
#1182=CARTESIAN_POINT('Ctrl Pts',(0.966865884602571,-0.000855498937720766,
-0.871014083110319));
#1183=CARTESIAN_POINT('Ctrl Pts',(0.967507072857742,-0.0713930990778548,
-0.875661901913103));
#1184=CARTESIAN_POINT('Ctrl Pts',(0.960435887146822,-0.141803278245893,
-0.880309720715887));
#1185=CARTESIAN_POINT('Ctrl Pts',(0.945169085919722,-0.210389150379736,
-0.884957539518672));
#1186=CARTESIAN_POINT('Ctrl Pts',(0.875958582878101,-0.52131628182791,-0.906027957126259));
#1187=CARTESIAN_POINT('Ctrl Pts',(0.638314187305112,-0.794750788794686,
-0.927098374733847));
#1188=CARTESIAN_POINT('Ctrl Pts',(0.340068026952692,-0.906621056986563,
-0.948168792341434));
#1189=CARTESIAN_POINT('Ctrl Pts',(0.0418218666002737,-1.01849132517844,
-0.969239209949022));
#1190=CARTESIAN_POINT('Ctrl Pts',(-0.317026058531577,-0.968797354595421,
-0.990309627556609));
#1191=CARTESIAN_POINT('Ctrl Pts',(-0.573647228338797,-0.780087807302903,
-1.0113800451642));
#1192=CARTESIAN_POINT('Ctrl Pts',(-0.830268398146017,-0.591378260010384,
-1.03245046277178));
#1193=CARTESIAN_POINT('Ctrl Pts',(-0.984662812628608,-0.263653136008366,
-1.05352088037937));
#1194=CARTESIAN_POINT('Ctrl Pts',(-0.966773405861892,0.0543809914347392,
-1.07459129798696));
#1195=CARTESIAN_POINT('Ctrl Pts',(-0.948883999095175,0.372415118877844,
-1.09566171559455));
#1196=CARTESIAN_POINT('Ctrl Pts',(-0.758710771079151,0.680758249762036,
-1.11673213320213));
#1197=CARTESIAN_POINT('Ctrl Pts',(-0.482545543258225,0.8394985915989,-1.13780255080972));
#1198=CARTESIAN_POINT('Ctrl Pts',(-0.206380315437297,0.998238933435766,
-1.15887296841731));
#1199=CARTESIAN_POINT('Ctrl Pts',(0.155776912188533,1.0073764862253,-1.1799433860249));
#1200=CARTESIAN_POINT('Ctrl Pts',(0.439595964729699,0.862765027973768,-1.20101380363248));
#1201=CARTESIAN_POINT('Ctrl Pts',(0.723415017270861,0.718153569722235,-1.22208422124007));
#1202=CARTESIAN_POINT('Ctrl Pts',(0.928895894727359,0.419793100429636,-1.24315463884766));
#1203=CARTESIAN_POINT('Ctrl Pts',(0.962800883982752,0.103065800105823,-1.26422505645525));
#1204=CARTESIAN_POINT('Ctrl Pts',(0.96644235390331,0.0690485960754408,-1.26648806534027));
#1205=CARTESIAN_POINT('Ctrl Pts',(0.968104656612336,0.0348195264377299,
-1.26875107422529));
#1206=CARTESIAN_POINT('Ctrl Pts',(0.967865185111821,0.00056696752302502,
-1.27101408311032));
#1207=CARTESIAN_POINT('Origin',(0.,0.,0.));
#1208=CARTESIAN_POINT('',(0.965311260237592,0.000338789446344897,-1.72898591688968));
#1209=CARTESIAN_POINT('',(0.965302306753866,0.000325900325338899,-1.67101408311032));
#1210=CARTESIAN_POINT('',(0.96675,-1.1839272930757E-16,0.));
#1211=CARTESIAN_POINT('Ctrl Pts',(0.965311260237592,0.000338789446344897,
-1.72898591688968));
#1212=CARTESIAN_POINT('Ctrl Pts',(0.965752642835228,0.139268420039261,-1.71986888061051));
#1213=CARTESIAN_POINT('Ctrl Pts',(0.937712728082495,0.278028213759352,-1.71075184433134));
#1214=CARTESIAN_POINT('Ctrl Pts',(0.880302224733224,0.403331181115792,-1.70163480805217));
#1215=CARTESIAN_POINT('Ctrl Pts',(0.74762058965026,0.692919350870291,-1.68056439044458));
#1216=CARTESIAN_POINT('Ctrl Pts',(0.458064737786517,0.910631906378451,-1.65949397283699));
#1217=CARTESIAN_POINT('Ctrl Pts',(0.143021708971203,0.957680969487826,-1.6384235552294));
#1218=CARTESIAN_POINT('Ctrl Pts',(-0.172021319844105,1.0047300325972,-1.61735313762182));
#1219=CARTESIAN_POINT('Ctrl Pts',(-0.512551525610983,0.881115603307793,
-1.59628272001423));
#1220=CARTESIAN_POINT('Ctrl Pts',(-0.724052066710503,0.642928186651932,
-1.57521230240664));
#1221=CARTESIAN_POINT('Ctrl Pts',(-0.935552607810026,0.404740769996068,
-1.55414188479906));
#1222=CARTESIAN_POINT('Ctrl Pts',(-1.01802348424219,0.0519803659737452,
-1.53307146719147));
#1223=CARTESIAN_POINT('Ctrl Pts',(-0.934043230465413,-0.255286686191398,
-1.51200104958388));
#1224=CARTESIAN_POINT('Ctrl Pts',(-0.85006297668864,-0.562553738356537,
-1.49093063197629));
#1225=CARTESIAN_POINT('Ctrl Pts',(-0.599631592702936,-0.824327438664498,
-1.46986021436871));
#1226=CARTESIAN_POINT('Ctrl Pts',(-0.296383246223548,-0.921827001142091,
-1.44878979676112));
#1227=CARTESIAN_POINT('Ctrl Pts',(0.00686510025584407,-1.01932656361969,
-1.42771937915353));
#1228=CARTESIAN_POINT('Ctrl Pts',(0.362930409228922,-0.952551988266906,
-1.40664896154594));
#1229=CARTESIAN_POINT('Ctrl Pts',(0.610246728553441,-0.751802486401788,
-1.38557854393836));
#1230=CARTESIAN_POINT('Ctrl Pts',(0.831667434481051,-0.572072751869937,
-1.36671433492213));
#1231=CARTESIAN_POINT('Ctrl Pts',(0.965920328622462,-0.28495534214186,-1.3478501259059));
#1232=CARTESIAN_POINT('Ctrl Pts',(0.967884547707527,0.000555400012975001,
-1.32898591688968));
#1233=CARTESIAN_POINT('Ctrl Pts',(0.967865185111821,0.00056696752302502,
-1.27101408311032));
#1234=CARTESIAN_POINT('Ctrl Pts',(0.965874985949378,-0.284099115569045,
-1.28982149183288));
#1235=CARTESIAN_POINT('Ctrl Pts',(0.832530466681271,-0.57038758789839,-1.30862890055545));
#1236=CARTESIAN_POINT('Ctrl Pts',(0.612256869466477,-0.750166397770572,
-1.32743630927801));
#1237=CARTESIAN_POINT('Ctrl Pts',(0.365478764640522,-0.951577163968125,
-1.3485067268856));
#1238=CARTESIAN_POINT('Ctrl Pts',(0.00959345393432121,-1.01930456500821,
-1.36957714449318));
#1239=CARTESIAN_POINT('Ctrl Pts',(-0.293914786473025,-0.922617038464343,
-1.39064756210077));
#1240=CARTESIAN_POINT('Ctrl Pts',(-0.597423026880372,-0.825929511920479,
-1.41171797970836));
#1241=CARTESIAN_POINT('Ctrl Pts',(-0.848554196988869,-0.564827057792671,
-1.43278839731594));
#1242=CARTESIAN_POINT('Ctrl Pts',(-0.933356597968302,-0.257785883156403,
-1.45385881492353));
#1243=CARTESIAN_POINT('Ctrl Pts',(-1.01815899894774,0.0492552914798684,
-1.47492923253112));
#1244=CARTESIAN_POINT('Ctrl Pts',(-0.936632630798106,0.402235186624599,
-1.49599965013871));
#1245=CARTESIAN_POINT('Ctrl Pts',(-0.725770385231775,0.64098786895732,-1.5170700677463));
#1246=CARTESIAN_POINT('Ctrl Pts',(-0.514908139665446,0.879740551290039,
-1.53814048535388));
#1247=CARTESIAN_POINT('Ctrl Pts',(-0.17471001668242,1.00426602081075,-1.55921090296147));
#1248=CARTESIAN_POINT('Ctrl Pts',(0.140457826049631,0.958060384180879,-1.58028132056906));
#1249=CARTESIAN_POINT('Ctrl Pts',(0.455625668781682,0.911854747551011,-1.60135173817664));
#1250=CARTESIAN_POINT('Ctrl Pts',(0.745763231262759,0.694918004770567,-1.62242215578423));
#1251=CARTESIAN_POINT('Ctrl Pts',(0.879219520233746,0.405686006320191,-1.64349257339182));
#1252=CARTESIAN_POINT('Ctrl Pts',(0.937324974403567,0.279757458778623,-1.65266640996465));
#1253=CARTESIAN_POINT('Ctrl Pts',(0.965729310065362,0.140124338200873,-1.66184024653749));
#1254=CARTESIAN_POINT('Ctrl Pts',(0.965302306753866,0.000325900325338899,
-1.67101408311032));
#1255=CARTESIAN_POINT('Origin',(0.,0.,0.));
#1256=CARTESIAN_POINT('',(0.966687094510363,-0.000862592239278398,-2.12898591688968));
#1257=CARTESIAN_POINT('',(0.966712741577191,-0.00086229888709717,-2.07101408311032));
#1258=CARTESIAN_POINT('',(0.96675,-1.1839272930757E-16,0.));
#1259=CARTESIAN_POINT('Ctrl Pts',(0.966687094510363,-0.000862592239278398,
-2.12898591688968));
#1260=CARTESIAN_POINT('Ctrl Pts',(0.964496751950915,0.242499356175395,-2.1129580529227));
#1261=CARTESIAN_POINT('Ctrl Pts',(0.871091443679294,0.487359627548647,-2.09693018895572));
#1262=CARTESIAN_POINT('Ctrl Pts',(0.704990544299649,0.663774344925858,-2.08090232498874));
#1263=CARTESIAN_POINT('Ctrl Pts',(0.48663235744858,0.895691197659362,-2.05983190738115));
#1264=CARTESIAN_POINT('Ctrl Pts',(0.142641363629954,1.00932017430704,-2.03876148977357));
#1265=CARTESIAN_POINT('Ctrl Pts',(-0.170895250133069,0.953101706018971,
-2.01769107216598));
#1266=CARTESIAN_POINT('Ctrl Pts',(-0.484431863896093,0.896883237730907,
-1.99662065455839));
#1267=CARTESIAN_POINT('Ctrl Pts',(-0.767514097603514,0.670817324507103,
-1.9755502369508));
#1268=CARTESIAN_POINT('Ctrl Pts',(-0.89169233963908,0.377482211451468,-1.95447981934322));
#1269=CARTESIAN_POINT('Ctrl Pts',(-1.01587058167464,0.0841470983958377,
-1.93340940173563));
#1270=CARTESIAN_POINT('Ctrl Pts',(-0.981144832038357,-0.276457214491622,
-1.91233898412804));
#1271=CARTESIAN_POINT('Ctrl Pts',(-0.803272028194333,-0.540705185155107,
-1.89126856652046));
#1272=CARTESIAN_POINT('Ctrl Pts',(-0.625399224350305,-0.804953155818596,
-1.87019814891287));
#1273=CARTESIAN_POINT('Ctrl Pts',(-0.304379366298536,-0.972844784258109,
-1.84912773130528));
#1274=CARTESIAN_POINT('Ctrl Pts',(0.01412359683857,-0.968198622468323,-1.82805731369769));
#1275=CARTESIAN_POINT('Ctrl Pts',(0.332626559975674,-0.963552460678538,
-1.8069868960901));
#1276=CARTESIAN_POINT('Ctrl Pts',(0.648612628198116,-0.786368508659457,
-1.78591647848252));
#1277=CARTESIAN_POINT('Ctrl Pts',(0.818701953158244,-0.517044640649499,
-1.76484606087493));
#1278=CARTESIAN_POINT('Ctrl Pts',(0.915194704227851,-0.36425550494636,-1.75289267954651));
#1279=CARTESIAN_POINT('Ctrl Pts',(0.964732561816338,-0.181812383527225,
-1.7409392982181));
#1280=CARTESIAN_POINT('Ctrl Pts',(0.965311260237592,0.000338789446344897,
-1.72898591688968));
#1281=CARTESIAN_POINT('Ctrl Pts',(0.965302306753866,0.000325900325338899,
-1.67101408311032));
#1282=CARTESIAN_POINT('Ctrl Pts',(0.964748571197646,-0.18096394842162,-1.68291066414507));
#1283=CARTESIAN_POINT('Ctrl Pts',(0.915709863736965,-0.362531807306988,
-1.69480724517983));
#1284=CARTESIAN_POINT('Ctrl Pts',(0.820082989385802,-0.514851426120796,
-1.70670382621458));
#1285=CARTESIAN_POINT('Ctrl Pts',(0.650715154105975,-0.7846296059911,-1.72777424382217));
#1286=CARTESIAN_POINT('Ctrl Pts',(0.335204468085426,-0.962658711611397,
-1.74884466142976));
#1287=CARTESIAN_POINT('Ctrl Pts',(0.0167150732144359,-0.968157377104949,
-1.76991507903734));
#1288=CARTESIAN_POINT('Ctrl Pts',(-0.301774321656555,-0.973656042598501,
-1.79098549664493));
#1289=CARTESIAN_POINT('Ctrl Pts',(-0.623242425377986,-0.806624267965305,
-1.81205591425252));
#1290=CARTESIAN_POINT('Ctrl Pts',(-0.801821895683034,-0.542853339395631,
-1.83312633186011));
#1291=CARTESIAN_POINT('Ctrl Pts',(-0.980401365988082,-0.279082410825959,
-1.85419674946769));
#1292=CARTESIAN_POINT('Ctrl Pts',(-1.01609220287675,0.0814276716801899,
-1.87526716707528));
#1293=CARTESIAN_POINT('Ctrl Pts',(-0.892699556977511,0.375094123468826,
-1.89633758468287));
#1294=CARTESIAN_POINT('Ctrl Pts',(-0.769306911078272,0.668760575257461,
-1.91740800229046));
#1295=CARTESIAN_POINT('Ctrl Pts',(-0.486830782391127,0.895583396328583,
-1.93847841989804));
#1296=CARTESIAN_POINT('Ctrl Pts',(-0.173445760131958,0.952640891831039,
-1.95954883750563));
#1297=CARTESIAN_POINT('Ctrl Pts',(0.139939262127212,1.00969838733349,-1.98061925511322));
#1298=CARTESIAN_POINT('Ctrl Pts',(0.484233177958404,0.896990557267283,-2.0016896727208));
#1299=CARTESIAN_POINT('Ctrl Pts',(0.703211348351944,0.6656589968154,-2.02276009032839));
#1300=CARTESIAN_POINT('Ctrl Pts',(0.870374164808007,0.489065891161004,-2.03884475458903));
#1301=CARTESIAN_POINT('Ctrl Pts',(0.964509998777158,0.243345533770178,-2.05492941884968));
#1302=CARTESIAN_POINT('Ctrl Pts',(0.966712741577191,-0.00086229888709717,
-2.07101408311032));
#1303=CARTESIAN_POINT('Origin',(0.,0.,0.));
#1304=CARTESIAN_POINT('',(0.967992916945548,0.000482824001134079,-2.52898591688968));
#1305=CARTESIAN_POINT('',(0.967975608053182,0.000495454814065097,-2.47101408311032));
#1306=CARTESIAN_POINT('',(0.96675,-1.1839272930757E-16,0.));
#1307=CARTESIAN_POINT('Ctrl Pts',(0.967992916945548,0.000482824001134079,
-2.52898591688968));
#1308=CARTESIAN_POINT('Ctrl Pts',(0.968166775398418,0.0287508952793713,
-2.52711764284248));
#1309=CARTESIAN_POINT('Ctrl Pts',(0.967034757700602,0.0570048491774209,
-2.52524936879528));
#1310=CARTESIAN_POINT('Ctrl Pts',(0.964551352181754,0.0851395180757081,
-2.52338109474808));
#1311=CARTESIAN_POINT('Ctrl Pts',(0.936543474296001,0.402442658814927,-2.50231067714049));
#1312=CARTESIAN_POINT('Ctrl Pts',(0.736647767816359,0.704573515718283,-2.4812402595329));
#1313=CARTESIAN_POINT('Ctrl Pts',(0.455567649643437,0.854439093869285,-2.46016984192531));
#1314=CARTESIAN_POINT('Ctrl Pts',(0.174487531470518,1.00430467202029,-2.43909942431773));
#1315=CARTESIAN_POINT('Ctrl Pts',(-0.187776998395678,1.00190497141894,-2.41802900671014));
#1316=CARTESIAN_POINT('Ctrl Pts',(-0.466847068295376,0.848328865097633,
-2.39695858910255));
#1317=CARTESIAN_POINT('Ctrl Pts',(-0.745917138195079,0.694752758776327,
-2.37588817149497));
#1318=CARTESIAN_POINT('Ctrl Pts',(-0.941792748128282,0.390000246735061,
-2.35481775388738));
#1319=CARTESIAN_POINT('Ctrl Pts',(-0.965594614886165,0.0723539096155042,
-2.33374733627979));
#1320=CARTESIAN_POINT('Ctrl Pts',(-0.989396481644048,-0.245292427504053,
-2.3126769186722));
#1321=CARTESIAN_POINT('Ctrl Pts',(-0.841124605226611,-0.575832589701902,
-2.29160650106461));
#1322=CARTESIAN_POINT('Ctrl Pts',(-0.588057898513825,-0.769282754602814,
-2.27053608345703));
#1323=CARTESIAN_POINT('Ctrl Pts',(-0.334991191801043,-0.962732919503723,
-2.24946566584944));
#1324=CARTESIAN_POINT('Ctrl Pts',(0.0228703452070846,-1.0190930871077,-2.22839524824185));
#1325=CARTESIAN_POINT('Ctrl Pts',(0.323145715161569,-0.912789622698793,
-2.20732483063427));
#1326=CARTESIAN_POINT('Ctrl Pts',(0.623421085116059,-0.806486158289885,
-2.18625441302668));
#1327=CARTESIAN_POINT('Ctrl Pts',(0.866110288016904,-0.537519061868087,
-2.16518399541909));
#1328=CARTESIAN_POINT('Ctrl Pts',(0.941092199525566,-0.227933149247521,
-2.1441135778115));
#1329=CARTESIAN_POINT('Ctrl Pts',(0.959036804036947,-0.153843323414937,
-2.13907102417089));
#1330=CARTESIAN_POINT('Ctrl Pts',(0.967376201921686,-0.0774271102244754,
-2.13402847053028));
#1331=CARTESIAN_POINT('Ctrl Pts',(0.966687094510363,-0.000862592239278398,
-2.12898591688968));
#1332=CARTESIAN_POINT('Ctrl Pts',(0.966712741577191,-0.00086229888709717,
-2.07101408311032));
#1333=CARTESIAN_POINT('Ctrl Pts',(0.967395524388803,-0.0765592484342852,
-2.07599983645726));
#1334=CARTESIAN_POINT('Ctrl Pts',(0.959245282565124,-0.152110873071117,
-2.08098558980421));
#1335=CARTESIAN_POINT('Ctrl Pts',(0.941698951125057,-0.225413366822956,
-2.08597134315115));
#1336=CARTESIAN_POINT('Ctrl Pts',(0.867545958548744,-0.535198879171879,
-2.10704176075874));
#1337=CARTESIAN_POINT('Ctrl Pts',(0.625577548440228,-0.804814613032168,
-2.12811217836633));
#1338=CARTESIAN_POINT('Ctrl Pts',(0.325587782739397,-0.91192143094915,-2.14918259597392));
#1339=CARTESIAN_POINT('Ctrl Pts',(0.0255980170385712,-1.01902824886613,
-2.17025301358151));
#1340=CARTESIAN_POINT('Ctrl Pts',(-0.332413104254569,-0.96362615083981,
-2.19132343118909));
#1341=CARTESIAN_POINT('Ctrl Pts',(-0.58599670936763,-0.77085404396887,-2.21239384879668));
#1342=CARTESIAN_POINT('Ctrl Pts',(-0.839580314480689,-0.578081937097932,
-2.23346426640427));
#1343=CARTESIAN_POINT('Ctrl Pts',(-0.988736403413675,-0.247939821382376,
-2.25453468401185));
#1344=CARTESIAN_POINT('Ctrl Pts',(-0.965784848584149,0.0697690958679979,
-2.27560510161944));
#1345=CARTESIAN_POINT('Ctrl Pts',(-0.942833293754624,0.387478013118378,
-2.29667551922703));
#1346=CARTESIAN_POINT('Ctrl Pts',(-0.747774095162585,0.69275373190357,-2.31774593683462));
#1347=CARTESIAN_POINT('Ctrl Pts',(-0.469116086348077,0.847076264584562,
-2.3388163544422));
#1348=CARTESIAN_POINT('Ctrl Pts',(-0.190458077533574,1.00139879726555,-2.35988677204979));
#1349=CARTESIAN_POINT('Ctrl Pts',(0.171798741503396,1.00476814384234,-2.38095718965738));
#1350=CARTESIAN_POINT('Ctrl Pts',(0.453278997920324,0.855655450831302,-2.40202760726497));
#1351=CARTESIAN_POINT('Ctrl Pts',(0.73475925433725,0.706542757820267,-2.42309802487255));
#1352=CARTESIAN_POINT('Ctrl Pts',(0.935462948134138,0.404948025221409,-2.44416844248014));
#1353=CARTESIAN_POINT('Ctrl Pts',(0.964320035173743,0.0877209795630713,
-2.46523886008773));
#1354=CARTESIAN_POINT('Ctrl Pts',(0.966956529563489,0.058737897348087,-2.46716393442859));
#1355=CARTESIAN_POINT('Ctrl Pts',(0.96815855984788,0.0296243267144447,-2.46908900876945));
#1356=CARTESIAN_POINT('Ctrl Pts',(0.967975608053182,0.000495454814065097,
-2.47101408311032));
#1357=CARTESIAN_POINT('Origin',(0.,0.,0.));
#1358=CARTESIAN_POINT('',(0.965371896043281,0.000413580383189574,-2.92898591688968));
#1359=CARTESIAN_POINT('',(0.965360877910751,0.000401252154126339,-2.87101408311032));
#1360=CARTESIAN_POINT('',(0.96675,-1.1839272930757E-16,0.));
#1361=CARTESIAN_POINT('Ctrl Pts',(0.965371896043281,0.000413580383189574,
-2.92898591688968));
#1362=CARTESIAN_POINT('Ctrl Pts',(0.965892671989615,0.134172572634353,-2.92020681515467));
#1363=CARTESIAN_POINT('Ctrl Pts',(0.939967419247937,0.267738524696333,-2.91142771341966));
#1364=CARTESIAN_POINT('Ctrl Pts',(0.886613298209826,0.389262004273869,-2.90264861168465));
#1365=CARTESIAN_POINT('Ctrl Pts',(0.758559922671903,0.680926293071758,-2.88157819407706));
#1366=CARTESIAN_POINT('Ctrl Pts',(0.472507665802233,0.903222164607675,-2.86050777646948));
#1367=CARTESIAN_POINT('Ctrl Pts',(0.158253798223282,0.955282044153307,-2.83943735886189));
#1368=CARTESIAN_POINT('Ctrl Pts',(-0.156000069355673,1.00734192369894,-2.8183669412543));
#1369=CARTESIAN_POINT('Ctrl Pts',(-0.498455547643909,0.889165811254269,
-2.79729652364671));
#1370=CARTESIAN_POINT('Ctrl Pts',(-0.713722195475342,0.654376555371349,
-2.77622610603912));
#1371=CARTESIAN_POINT('Ctrl Pts',(-0.928988843306771,0.419587299488433,
-2.75515568843154));
#1372=CARTESIAN_POINT('Ctrl Pts',(-1.01706666068141,0.0681849001672687,
-2.73408527082395));
#1373=CARTESIAN_POINT('Ctrl Pts',(-0.937990011869895,-0.240380502882676,
-2.71301485321637));
#1374=CARTESIAN_POINT('Ctrl Pts',(-0.858913363058383,-0.548945905932625,
-2.69194443560878));
#1375=CARTESIAN_POINT('Ctrl Pts',(-0.612682248060717,-0.814674312711354,
-2.67087401800119));
#1376=CARTESIAN_POINT('Ctrl Pts',(-0.311024946942834,-0.916990474821315,
-2.6498036003936));
#1377=CARTESIAN_POINT('Ctrl Pts',(-0.00936764582495156,-1.01930663693128,
-2.62873318278601));
#1378=CARTESIAN_POINT('Ctrl Pts',(0.347715841413149,-0.958210554372472,
-2.60766276517843));
#1379=CARTESIAN_POINT('Ctrl Pts',(0.598197560386265,-0.761424800805527,
-2.58659234757084));
#1380=CARTESIAN_POINT('Ctrl Pts',(0.826469539449572,-0.582087667531494,
-2.56739020401045));
#1381=CARTESIAN_POINT('Ctrl Pts',(0.966205997635606,-0.290056759136307,
-2.54818806045006));
#1382=CARTESIAN_POINT('Ctrl Pts',(0.967992916945548,0.000482824001134079,
-2.52898591688968));
#1383=CARTESIAN_POINT('Ctrl Pts',(0.967975608053182,0.000495454814065097,
-2.47101408311032));
#1384=CARTESIAN_POINT('Ctrl Pts',(0.966156106937612,-0.289198423322141,
-2.49015942637704));
#1385=CARTESIAN_POINT('Ctrl Pts',(0.827350834943794,-0.580405718744447,
-2.50930476964377));
#1386=CARTESIAN_POINT('Ctrl Pts',(0.600233499990975,-0.759820930207634,
-2.52845011291049));
#1387=CARTESIAN_POINT('Ctrl Pts',(0.350279397486287,-0.957276435602172,
-2.54952053051808));
#1388=CARTESIAN_POINT('Ctrl Pts',(-0.00663928780540442,-1.01932808767343,
-2.57059094812567));
#1389=CARTESIAN_POINT('Ctrl Pts',(-0.308569380992233,-0.917819719556659,
-2.59166136573325));
#1390=CARTESIAN_POINT('Ctrl Pts',(-0.610499474179064,-0.816311351439888,
-2.61273178334084));
#1391=CARTESIAN_POINT('Ctrl Pts',(-0.857440975261029,-0.551242963135087,
-2.63380220094843));
#1392=CARTESIAN_POINT('Ctrl Pts',(-0.937343263856344,-0.242890317213624,
-2.65487261855601));
#1393=CARTESIAN_POINT('Ctrl Pts',(-1.01724555245166,0.0654623287078376,
-2.6759430361636));
#1394=CARTESIAN_POINT('Ctrl Pts',(-0.930108628560321,0.417099232245965,
-2.69701345377119));
#1395=CARTESIAN_POINT('Ctrl Pts',(-0.715471194010116,0.65246384653461,-2.71808387137878));
#1396=CARTESIAN_POINT('Ctrl Pts',(-0.500833759459913,0.887828460823253,
-2.73915428898637));
#1397=CARTESIAN_POINT('Ctrl Pts',(-0.158695814250852,1.00692078586242,-2.76022470659395));
#1398=CARTESIAN_POINT('Ctrl Pts',(0.155696282261305,0.95570223824317,-2.78129512420154));
#1399=CARTESIAN_POINT('Ctrl Pts',(0.470088378773464,0.904483690623922,-2.80236554180913));
#1400=CARTESIAN_POINT('Ctrl Pts',(0.756734626588716,0.682954270346246,-2.82343595941672));
#1401=CARTESIAN_POINT('Ctrl Pts',(0.885568229493846,0.39163377204237,-2.8445063770243));
#1402=CARTESIAN_POINT('Ctrl Pts',(0.939594737865503,0.269468211307106,-2.85334227905298));
#1403=CARTESIAN_POINT('Ctrl Pts',(0.965869053962676,0.135029518608747,-2.86217818108165));
#1404=CARTESIAN_POINT('Ctrl Pts',(0.965360877910751,0.000401252154126339,
-2.87101408311032));
#1405=CARTESIAN_POINT('Origin',(0.,0.,0.));
#1406=CARTESIAN_POINT('',(0.966535946066078,-0.000859320831620991,-3.32898591688968));
#1407=CARTESIAN_POINT('',(0.966561194167417,-0.000860467828575154,-3.27101408311032));
#1408=CARTESIAN_POINT('',(0.96675,-1.1839272930757E-16,0.));
#1409=CARTESIAN_POINT('Ctrl Pts',(0.966535946066078,-0.000859320831620991,
-3.32898591688968));
#1410=CARTESIAN_POINT('Ctrl Pts',(0.964429419240244,0.237466713573213,-3.31329598746686));
#1411=CARTESIAN_POINT('Ctrl Pts',(0.875299335591493,0.477201327575753,-3.29760605804404));
#1412=CARTESIAN_POINT('Ctrl Pts',(0.715471174185582,0.652463828455893,-3.28191612862122));
#1413=CARTESIAN_POINT('Ctrl Pts',(0.500833745582635,0.887828436222968,-3.26084571101364));
#1414=CARTESIAN_POINT('Ctrl Pts',(0.158695809853652,1.00692075796229,-3.23977529340605));
#1415=CARTESIAN_POINT('Ctrl Pts',(-0.155696277947212,0.95570221176222,-3.21870487579846));
#1416=CARTESIAN_POINT('Ctrl Pts',(-0.47008836574808,0.904483665562154,-3.19763445819088));
#1417=CARTESIAN_POINT('Ctrl Pts',(-0.756734605620829,0.682954251422701,
-3.17656404058329));
#1418=CARTESIAN_POINT('Ctrl Pts',(-0.885568204956192,0.391633761190839,
-3.1554936229757));
#1419=CARTESIAN_POINT('Ctrl Pts',(-1.01440180429156,0.100313270958978,-3.13442320536811));
#1420=CARTESIAN_POINT('Ctrl Pts',(-0.985422763089533,-0.260798295365292,
-3.11335278776052));
#1421=CARTESIAN_POINT('Ctrl Pts',(-0.811780428586328,-0.527845227598026,
-3.09228237015294));
#1422=CARTESIAN_POINT('Ctrl Pts',(-0.638138094083127,-0.794892159830756,
-3.07121195254535));
#1423=CARTESIAN_POINT('Ctrl Pts',(-0.319832466278748,-0.967874457971953,
-3.05014153493776));
#1424=CARTESIAN_POINT('Ctrl Pts',(-0.00129590227081939,-0.968300763797653,
-3.02907111733018));
#1425=CARTESIAN_POINT('Ctrl Pts',(0.317240661737114,-0.968727069623353,
-3.00800069972259));
#1426=CARTESIAN_POINT('Ctrl Pts',(0.636008161948596,-0.796597383133551,
-2.986930282115));
#1427=CARTESIAN_POINT('Ctrl Pts',(0.810364664951255,-0.530016186858718,
-2.96585986450741));
#1428=CARTESIAN_POINT('Ctrl Pts',(0.912074602208127,-0.374507466047991,
-2.95356854863483));
#1429=CARTESIAN_POINT('Ctrl Pts',(0.964642775701765,-0.186857745793676,
-2.94127723276226));
#1430=CARTESIAN_POINT('Ctrl Pts',(0.965371896043281,0.000413580383189574,
-2.92898591688968));
#1431=CARTESIAN_POINT('Ctrl Pts',(0.965360877910751,0.000401252154126339,
-2.87101408311032));
#1432=CARTESIAN_POINT('Ctrl Pts',(0.964657238621413,-0.18601000704233,-2.88324859868923));
#1433=CARTESIAN_POINT('Ctrl Pts',(0.912605690762309,-0.372784720686924,
-2.89548311426815));
#1434=CARTESIAN_POINT('Ctrl Pts',(0.811780451079444,-0.527845242223754,
-2.90771762984706));
#1435=CARTESIAN_POINT('Ctrl Pts',(0.638138111764895,-0.794892181855924,
-2.92878804745465));
#1436=CARTESIAN_POINT('Ctrl Pts',(0.31983247514078,-0.967874484790182,-2.94985846506224));
#1437=CARTESIAN_POINT('Ctrl Pts',(0.00129590230671713,-0.968300790627691,
-2.97092888266983));
#1438=CARTESIAN_POINT('Ctrl Pts',(-0.317240670527343,-0.9687270964652,-2.99199930027741));
#1439=CARTESIAN_POINT('Ctrl Pts',(-0.63600817957135,-0.796597405205962,
-3.013069717885));
#1440=CARTESIAN_POINT('Ctrl Pts',(-0.810364687405142,-0.530016201544601,
-3.03414013549259));
#1441=CARTESIAN_POINT('Ctrl Pts',(-0.984721195238933,-0.263434997883239,
-3.05521055310018));
#1442=CARTESIAN_POINT('Ctrl Pts',(-1.01466670186251,0.0975977181802411,
-3.07628097070776));
#1443=CARTESIAN_POINT('Ctrl Pts',(-0.88661332277644,0.389262015059675,-3.09735138831535));
#1444=CARTESIAN_POINT('Ctrl Pts',(-0.758559943690369,0.680926311939111,
-3.11842180592294));
#1445=CARTESIAN_POINT('Ctrl Pts',(-0.472507678894639,0.903222189634498,
-3.13949222353053));
#1446=CARTESIAN_POINT('Ctrl Pts',(-0.158253802608221,0.955282070622618,
-3.16056264113811));
#1447=CARTESIAN_POINT('Ctrl Pts',(0.156000073678195,1.00734195161074,-3.1816330587457));
#1448=CARTESIAN_POINT('Ctrl Pts',(0.498455561455305,0.889165835891602,-3.20270347635329));
#1449=CARTESIAN_POINT('Ctrl Pts',(0.713722215251423,0.654376573503056,-3.22377389396088));
#1450=CARTESIAN_POINT('Ctrl Pts',(0.874599226681809,0.478909569287955,-3.23952062367736));
#1451=CARTESIAN_POINT('Ctrl Pts',(0.96443942892503,0.238312430694016,-3.25526735339384));
#1452=CARTESIAN_POINT('Ctrl Pts',(0.966561194167417,-0.000860467828575154,
-3.27101408311032));
#1453=CARTESIAN_POINT('Origin',(0.,0.,0.));
#1454=CARTESIAN_POINT('',(0.968088003813152,0.000404358137852728,-3.72898591688968));
#1455=CARTESIAN_POINT('',(0.968073055076243,0.000417925440938923,-3.67101408311032));
#1456=CARTESIAN_POINT('',(0.96675,-1.1839272930757E-16,0.));
#1457=CARTESIAN_POINT('Ctrl Pts',(0.968088003813152,0.000404358137852728,
-3.72898591688968));
#1458=CARTESIAN_POINT('Ctrl Pts',(0.968210871782312,0.0235532603496359,
-3.72745557738664));
#1459=CARTESIAN_POINT('Ctrl Pts',(0.967451787837158,0.0466939702177893,
-3.7259252378836));
#1460=CARTESIAN_POINT('Ctrl Pts',(0.965784821823825,0.0697690939347998,
-3.72439489838056));
#1461=CARTESIAN_POINT('Ctrl Pts',(0.942833267630254,0.387478002381981,-3.70332448077297));
#1462=CARTESIAN_POINT('Ctrl Pts',(0.747774074442988,0.692753712708487,-3.68225406316538));
#1463=CARTESIAN_POINT('Ctrl Pts',(0.469116073349644,0.847076241113455,-3.6611836455578));
#1464=CARTESIAN_POINT('Ctrl Pts',(0.190458072256299,1.00139876951842,-3.64011322795021));
#1465=CARTESIAN_POINT('Ctrl Pts',(-0.171798736743127,1.00476811600185,-3.61904281034262));
#1466=CARTESIAN_POINT('Ctrl Pts',(-0.453278985360699,0.855655427122485,
-3.59797239273504));
#1467=CARTESIAN_POINT('Ctrl Pts',(-0.734759233978268,0.706542738243119,
-3.57690197512745));
#1468=CARTESIAN_POINT('Ctrl Pts',(-0.935462922213984,0.404948014000964,
-3.55583155751986));
#1469=CARTESIAN_POINT('Ctrl Pts',(-0.964320008454007,0.0877209771324688,
-3.53476113991227));
#1470=CARTESIAN_POINT('Ctrl Pts',(-0.99317709469403,-0.229506059736029,
-3.51369072230469));
#1471=CARTESIAN_POINT('Ctrl Pts',(-0.850187578938353,-0.562365409230862,
-3.4926203046971));
#1472=CARTESIAN_POINT('Ctrl Pts',(-0.600233483359485,-0.759820909154232,
-3.47154988708951));
#1473=CARTESIAN_POINT('Ctrl Pts',(-0.350279387780618,-0.957276409077602,
-3.45047946948192));
#1474=CARTESIAN_POINT('Ctrl Pts',(0.00663928762144328,-1.01932805942951,
-3.42940905187434));
#1475=CARTESIAN_POINT('Ctrl Pts',(0.308569372442282,-0.91781969412537,-3.40833863426675));
#1476=CARTESIAN_POINT('Ctrl Pts',(0.610499457263117,-0.81631132882123,-3.38726821665916));
#1477=CARTESIAN_POINT('Ctrl Pts',(0.857440951502733,-0.551242947861047,
-3.36619779905157));
#1478=CARTESIAN_POINT('Ctrl Pts',(0.937343237884087,-0.242890310483538,
-3.34512738144399));
#1479=CARTESIAN_POINT('Ctrl Pts',(0.95774688226445,-0.164150166218208,-3.33974689325922));
#1480=CARTESIAN_POINT('Ctrl Pts',(0.967258329347217,-0.0825875668728861,
-3.33436640507445));
#1481=CARTESIAN_POINT('Ctrl Pts',(0.966535946066078,-0.000859320831620991,
-3.32898591688968));
#1482=CARTESIAN_POINT('Ctrl Pts',(0.966561194167417,-0.000860467828575154,
-3.27101408311032));
#1483=CARTESIAN_POINT('Ctrl Pts',(0.967278525075614,-0.081720550313685,
-3.27633777100143));
#1484=CARTESIAN_POINT('Ctrl Pts',(0.957969680278745,-0.162417842834795,
-3.28166145889253));
#1485=CARTESIAN_POINT('Ctrl Pts',(0.93799003786007,-0.240380509543231,-3.28698514678364));
#1486=CARTESIAN_POINT('Ctrl Pts',(0.858913386857472,-0.548945921143023,
-3.30805556439123));
#1487=CARTESIAN_POINT('Ctrl Pts',(0.612682265037145,-0.81467433528465,-3.32912598199882));
#1488=CARTESIAN_POINT('Ctrl Pts',(0.311024955560832,-0.916990500229626,
-3.3501963996064));
#1489=CARTESIAN_POINT('Ctrl Pts',(0.00936764608451723,-1.0193066651746,
-3.37126681721399));
#1490=CARTESIAN_POINT('Ctrl Pts',(-0.347715851047785,-0.958210580922927,
-3.39233723482157));
#1491=CARTESIAN_POINT('Ctrl Pts',(-0.598197576961342,-0.761424821903371,
-3.41340765242916));
#1492=CARTESIAN_POINT('Ctrl Pts',(-0.848679302874897,-0.564639062883815,
-3.43447807003675));
#1493=CARTESIAN_POINT('Ctrl Pts',(-0.992559257569708,-0.232163629096382,
-3.45554848764434));
#1494=CARTESIAN_POINT('Ctrl Pts',(-0.964551378907901,0.085139520434788,
-3.47661890525193));
#1495=CARTESIAN_POINT('Ctrl Pts',(-0.936543500246094,0.402442669965958,
-3.49768932285952));
#1496=CARTESIAN_POINT('Ctrl Pts',(-0.736647788227669,0.704573535240866,
-3.5187597404671));
#1497=CARTESIAN_POINT('Ctrl Pts',(-0.455567662266477,0.854439117544399,
-3.53983015807469));
#1498=CARTESIAN_POINT('Ctrl Pts',(-0.174487536305283,1.00430469984793,-3.56090057568227));
#1499=CARTESIAN_POINT('Ctrl Pts',(0.187777003598678,1.00190499918009,-3.58197099328986));
#1500=CARTESIAN_POINT('Ctrl Pts',(0.466847081230956,0.848328888603439,-3.60304141089745));
#1501=CARTESIAN_POINT('Ctrl Pts',(0.745917158863231,0.694752778026789,-3.62411182850504));
#1502=CARTESIAN_POINT('Ctrl Pts',(0.941792774223824,0.390000257541332,-3.64518224611262));
#1503=CARTESIAN_POINT('Ctrl Pts',(0.965594641641219,0.0723539116203173,
-3.66625266372021));
#1504=CARTESIAN_POINT('Ctrl Pts',(0.967387529267727,0.0484270409584357,
-3.66783980351691));
#1505=CARTESIAN_POINT('Ctrl Pts',(0.968204082262138,0.0244270116162591,
-3.66942694331362));
#1506=CARTESIAN_POINT('Ctrl Pts',(0.968073055076243,0.000417925440938923,
-3.67101408311032));
#1507=CARTESIAN_POINT('Origin',(0.,0.,0.));
#1508=CARTESIAN_POINT('',(0.965444554940984,0.000484636939915989,-4.12898591688968));
#1509=CARTESIAN_POINT('',(0.965431549198518,0.00047298340204439,-4.07101408311032));
#1510=CARTESIAN_POINT('',(0.96675,-1.1839272930757E-16,0.));
#1511=CARTESIAN_POINT('Ctrl Pts',(0.965444554940984,0.000484636939915989,
-4.12898591688968));
#1512=CARTESIAN_POINT('Ctrl Pts',(0.966033970342155,0.129070582802936,-4.12054474969883));
#1513=CARTESIAN_POINT('Ctrl Pts',(0.942132720738778,0.257446347598316,-4.11210358250798));
#1514=CARTESIAN_POINT('Ctrl Pts',(0.89269953224226,0.375094113075566,-4.10366241531713));
#1515=CARTESIAN_POINT('Ctrl Pts',(0.769306889762028,0.668760556727177,-4.08259199770955));
#1516=CARTESIAN_POINT('Ctrl Pts',(0.486830768901839,0.89558337151343,-4.06152158010196));
#1517=CARTESIAN_POINT('Ctrl Pts',(0.173445755326056,0.952640865434919,-4.04045116249437));
#1518=CARTESIAN_POINT('Ctrl Pts',(-0.139939258249722,1.00969835935641,-4.01938074488678));
#1519=CARTESIAN_POINT('Ctrl Pts',(-0.484233164541091,0.896990532413136,
-3.9983103272792));
#1520=CARTESIAN_POINT('Ctrl Pts',(-0.703211328867102,0.665658978371073,
-3.97723990967161));
#1521=CARTESIAN_POINT('Ctrl Pts',(-0.922189493193114,0.434327424329009,
-3.95616949206402));
#1522=CARTESIAN_POINT('Ctrl Pts',(-1.01585191555377,0.0843721431881465,
-3.93509907445643));
#1523=CARTESIAN_POINT('Ctrl Pts',(-0.941698925032112,-0.22541336057712,
-3.91402865684885));
#1524=CARTESIAN_POINT('Ctrl Pts',(-0.867545934510458,-0.535198864342385,
-3.89295823924126));
#1525=CARTESIAN_POINT('Ctrl Pts',(-0.625577531106502,-0.804814590732058,
-3.87188782163367));
#1526=CARTESIAN_POINT('Ctrl Pts',(-0.325587773717907,-0.911921405681288,
-3.85081740402609));
#1527=CARTESIAN_POINT('Ctrl Pts',(-0.0255980163293072,-1.01902822063052,
-3.8297469864185));
#1528=CARTESIAN_POINT('Ctrl Pts',(0.332413095043931,-0.963626124139304,
-3.80867656881091));
#1529=CARTESIAN_POINT('Ctrl Pts',(0.585996693130608,-0.770854022609766,
-3.78760615120332));
#1530=CARTESIAN_POINT('Ctrl Pts',(0.821162573794582,-0.592082913730148,
-3.76806607309877));
#1531=CARTESIAN_POINT('Ctrl Pts',(0.966519169113951,-0.295171464321479,
-3.74852599499423));
#1532=CARTESIAN_POINT('Ctrl Pts',(0.968088003813152,0.000404358137852728,
-3.72898591688968));
#1533=CARTESIAN_POINT('Ctrl Pts',(0.968073055076243,0.000417925440938923,
-3.67101408311032));
#1534=CARTESIAN_POINT('Ctrl Pts',(0.966464602519723,-0.294310804133425,
-3.69049736092121));
#1535=CARTESIAN_POINT('Ctrl Pts',(0.822062251125109,-0.590404336964108,
-3.70998063873209));
#1536=CARTESIAN_POINT('Ctrl Pts',(0.588057914807954,-0.769282775918383,
-3.72946391654298));
#1537=CARTESIAN_POINT('Ctrl Pts',(0.334991201083107,-0.962732946179483,
-3.75053433415057));
#1538=CARTESIAN_POINT('Ctrl Pts',(-0.0228703458407805,-1.01909311534511,
-3.77160475175815));
#1539=CARTESIAN_POINT('Ctrl Pts',(-0.323145724115406,-0.912789647990709,
-3.79267516936574));
#1540=CARTESIAN_POINT('Ctrl Pts',(-0.623421102390036,-0.806486180636307,
-3.81374558697332));
#1541=CARTESIAN_POINT('Ctrl Pts',(-0.866110312015404,-0.537519076761871,
-3.83481600458091));
#1542=CARTESIAN_POINT('Ctrl Pts',(-0.941092225601696,-0.227933155563188,
-3.8558864221885));
#1543=CARTESIAN_POINT('Ctrl Pts',(-1.01607413918799,0.0816527656354943,
-3.87695683979609));
#1544=CARTESIAN_POINT('Ctrl Pts',(-0.923348756735201,0.431857504158433,
-3.89802725740367));
#1545=CARTESIAN_POINT('Ctrl Pts',(-0.704990563833782,0.663774363317971,
-3.91909767501126));
#1546=CARTESIAN_POINT('Ctrl Pts',(-0.486632370932363,0.895691222477508,
-3.94016809261885));
#1547=CARTESIAN_POINT('Ctrl Pts',(-0.142641367582327,1.00932020227365,-3.96123851022643));
#1548=CARTESIAN_POINT('Ctrl Pts',(0.170895254868281,0.953101732427869,-3.98230892783402));
#1549=CARTESIAN_POINT('Ctrl Pts',(0.484431877318899,0.896883262582088,-4.00337934544161));
#1550=CARTESIAN_POINT('Ctrl Pts',(0.767514118870075,0.670817343094368,-4.0244497630492));
#1551=CARTESIAN_POINT('Ctrl Pts',(0.89169236434642,0.377482221910891,-4.04552018065679));
#1552=CARTESIAN_POINT('Ctrl Pts',(0.941775030575196,0.259176435651349,-4.0540181481413));
#1553=CARTESIAN_POINT('Ctrl Pts',(0.966010189754835,0.129928563554003,-4.06251611562581));
#1554=CARTESIAN_POINT('Ctrl Pts',(0.965431549198518,0.00047298340204439,
-4.07101408311032));
#1555=CARTESIAN_POINT('Origin',(0.,0.,0.));
#1556=CARTESIAN_POINT('',(0.966387923763887,-0.00084758127579701,-4.52898591688968));
#1557=CARTESIAN_POINT('',(0.966412557879727,-0.000850138018697793,-4.47101408311032));
#1558=CARTESIAN_POINT('',(0.96675,-1.1839272930757E-16,0.));
#1559=CARTESIAN_POINT('Ctrl Pts',(0.966387923763887,-0.00084758127579701,
-4.52898591688968));
#1560=CARTESIAN_POINT('Ctrl Pts',(0.964380823645657,0.232436320545357,-4.51363392201102));
#1561=CARTESIAN_POINT('Ctrl Pts',(0.879405479746905,0.467031647615657,-4.49828192713236));
#1562=CARTESIAN_POINT('Ctrl Pts',(0.725770365121758,0.640987851196198,-4.4829299322537));
#1563=CARTESIAN_POINT('Ctrl Pts',(0.514908125398011,0.87974052691314,-4.46185951464612));
#1564=CARTESIAN_POINT('Ctrl Pts',(0.174710011841499,1.00426599298422,-4.44078909703853));
#1565=CARTESIAN_POINT('Ctrl Pts',(-0.14045782215772,0.95806035763481,-4.41971867943095));
#1566=CARTESIAN_POINT('Ctrl Pts',(-0.455625656156949,0.9118547222854,-4.39864826182336));
#1567=CARTESIAN_POINT('Ctrl Pts',(-0.745763210598883,0.694917985515496,
-4.37757784421577));
#1568=CARTESIAN_POINT('Ctrl Pts',(-0.879219495872035,0.405685995079168,
-4.35650742660818));
#1569=CARTESIAN_POINT('Ctrl Pts',(-1.01267578114518,0.116454004642845,-4.33543700900059));
#1570=CARTESIAN_POINT('Ctrl Pts',(-0.989450797249556,-0.245073239459898,
-4.31436659139301));
#1571=CARTESIAN_POINT('Ctrl Pts',(-0.820082966662626,-0.514851411855034,
-4.29329617378542));
#1572=CARTESIAN_POINT('Ctrl Pts',(-0.650715136075693,-0.784629584250173,
-4.27222575617783));
#1573=CARTESIAN_POINT('Ctrl Pts',(-0.335204458797455,-0.962658684937702,
-4.25115533857024));
#1574=CARTESIAN_POINT('Ctrl Pts',(-0.0167150727512926,-0.968157350278922,
-4.23008492096266));
#1575=CARTESIAN_POINT('Ctrl Pts',(0.30177431329487,-0.973656015620143,-4.20901450335507));
#1576=CARTESIAN_POINT('Ctrl Pts',(0.623242408108957,-0.806624245615056,
-4.18794408574748));
#1577=CARTESIAN_POINT('Ctrl Pts',(0.801821873465862,-0.542853324354028,
-4.1668736681399));
#1578=CARTESIAN_POINT('Ctrl Pts',(0.908859371691218,-0.384753514502144,
-4.15424441772316));
#1579=CARTESIAN_POINT('Ctrl Pts',(0.964562701219506,-0.191899197387862,
-4.14161516730642));
#1580=CARTESIAN_POINT('Ctrl Pts',(0.965444554940984,0.000484636939915989,
-4.12898591688968));
#1581=CARTESIAN_POINT('Ctrl Pts',(0.965431549198518,0.00047298340204439,
-4.07101408311032));
#1582=CARTESIAN_POINT('Ctrl Pts',(0.964575470430654,-0.191052087455263,
-4.08358653323339));
#1583=CARTESIAN_POINT('Ctrl Pts',(0.909406492501831,-0.383031793505296,
-4.09615898335647));
#1584=CARTESIAN_POINT('Ctrl Pts',(0.803272050451694,-0.540705200137168,
-4.10873143347954));
#1585=CARTESIAN_POINT('Ctrl Pts',(0.6253992416791,-0.804953178122539,-4.12980185108713));
#1586=CARTESIAN_POINT('Ctrl Pts',(0.304379374732389,-0.972844811214046,
-4.15087226869472));
#1587=CARTESIAN_POINT('Ctrl Pts',(-0.0141235972299216,-0.968198649295524,
-4.17194268630231));
#1588=CARTESIAN_POINT('Ctrl Pts',(-0.332626569192222,-0.963552487377002,
-4.1930131039099));
#1589=CARTESIAN_POINT('Ctrl Pts',(-0.648612646170109,-0.786368530448474,
-4.21408352151749));
#1590=CARTESIAN_POINT('Ctrl Pts',(-0.818701975843137,-0.517044654975984,
-4.23515393912507));
#1591=CARTESIAN_POINT('Ctrl Pts',(-0.988791305516165,-0.247720779503494,
-4.25622435673266));
#1592=CARTESIAN_POINT('Ctrl Pts',(-1.01298388788432,0.113743014512963,-4.27729477434024));
#1593=CARTESIAN_POINT('Ctrl Pts',(-0.880302249124965,0.403331192291459,
-4.29836519194783));
#1594=CARTESIAN_POINT('Ctrl Pts',(-0.747620610365609,0.692919370069964,
-4.31943560955542));
#1595=CARTESIAN_POINT('Ctrl Pts',(-0.458064750478745,0.910631931610516,
-4.34050602716301));
#1596=CARTESIAN_POINT('Ctrl Pts',(-0.143021712934095,0.95768099602357,-4.3615764447706));
#1597=CARTESIAN_POINT('Ctrl Pts',(0.172021324610541,1.00473006043662,-4.38264686237819));
#1598=CARTESIAN_POINT('Ctrl Pts',(0.512551539812958,0.881115627722193,-4.40371727998577));
#1599=CARTESIAN_POINT('Ctrl Pts',(0.724052086772809,0.642928204466496,-4.42478769759336));
#1600=CARTESIAN_POINT('Ctrl Pts',(0.87872242447721,0.468741755677345,-4.44019649276568));
#1601=CARTESIAN_POINT('Ctrl Pts',(0.964387746568491,0.233281716799758,-4.455605287938));
#1602=CARTESIAN_POINT('Ctrl Pts',(0.966412557879727,-0.000850138018697793,
-4.47101408311032));
#1603=CARTESIAN_POINT('Origin',(0.,0.,0.));
#1604=CARTESIAN_POINT('',(0.968167974172232,0.00032082058262886,-4.92898591688968));
#1605=CARTESIAN_POINT('',(0.968155693217888,0.000335171776948791,-4.87101408311032));
#1606=CARTESIAN_POINT('',(0.96675,-1.1839272930757E-16,0.));
#1607=CARTESIAN_POINT('Ctrl Pts',(0.968167974172232,0.00032082058262886,
-4.92898591688968));
#1608=CARTESIAN_POINT('Ctrl Pts',(0.96824639874448,0.0183539456924506,-4.9277935119308));
#1609=CARTESIAN_POINT('Ctrl Pts',(0.967785766073103,0.0363829859645611,
-4.92660110697192));
#1610=CARTESIAN_POINT('Ctrl Pts',(0.966773379079051,0.0543809899545526,
-4.92540870201305));
#1611=CARTESIAN_POINT('Ctrl Pts',(0.94888397281122,0.372415108605528,-4.90433828440546));
#1612=CARTESIAN_POINT('Ctrl Pts',(0.758710750055597,0.680758230895791,-4.88326786679786));
#1613=CARTESIAN_POINT('Ctrl Pts',(0.482545529884863,0.839498568323024,-4.86219744919028));
#1614=CARTESIAN_POINT('Ctrl Pts',(0.206380309714133,0.998238905750254,-4.84112703158269));
#1615=CARTESIAN_POINT('Ctrl Pts',(-0.155776907871706,1.00737645831446,-4.82005661397511));
#1616=CARTESIAN_POINT('Ctrl Pts',(-0.439595952547597,0.862765004076102,
-4.79898619636752));
#1617=CARTESIAN_POINT('Ctrl Pts',(-0.723414997223492,0.718153549837744,
-4.77791577875994));
#1618=CARTESIAN_POINT('Ctrl Pts',(-0.928895868989438,0.419793088796822,
-4.75684536115234));
#1619=CARTESIAN_POINT('Ctrl Pts',(-0.962800857306021,0.103065797245552,
-4.73577494354476));
#1620=CARTESIAN_POINT('Ctrl Pts',(-0.996705845622604,-0.213661494305718,
-4.71470452593717));
#1621=CARTESIAN_POINT('Ctrl Pts',(-0.859034950489825,-0.548755616367336,
-4.69363410832958));
#1622=CARTESIAN_POINT('Ctrl Pts',(-0.612256852501318,-0.750166376982217,
-4.672563690722));
#1623=CARTESIAN_POINT('Ctrl Pts',(-0.365478754512814,-0.951577137597095,
-4.65149327311441));
#1624=CARTESIAN_POINT('Ctrl Pts',(-0.00959345366858471,-1.01930453676524,
-4.63042285550682));
#1625=CARTESIAN_POINT('Ctrl Pts',(0.293914778328832,-0.922617012901485,
-4.60935243789923));
#1626=CARTESIAN_POINT('Ctrl Pts',(0.597423010326253,-0.825929489037729,
-4.58828202029164));
#1627=CARTESIAN_POINT('Ctrl Pts',(0.848554173476861,-0.56482704214207,-4.56721160268406));
#1628=CARTESIAN_POINT('Ctrl Pts',(0.933356572106677,-0.257785876012829,
-4.54614118507647));
#1629=CARTESIAN_POINT('Ctrl Pts',(0.956371586465855,-0.174456194759701,
-4.54042276234754));
#1630=CARTESIAN_POINT('Ctrl Pts',(0.967135543016371,-0.0877428660261871,
-4.53470433961861));
#1631=CARTESIAN_POINT('Ctrl Pts',(0.966387923763887,-0.00084758127579701,
-4.52898591688968));
#1632=CARTESIAN_POINT('Ctrl Pts',(0.966412557879727,-0.000850138018697793,
-4.47101408311032));
#1633=CARTESIAN_POINT('Ctrl Pts',(0.967156530203239,-0.0868767317417313,
-4.47667570554559));
#1634=CARTESIAN_POINT('Ctrl Pts',(0.956608756040213,-0.172724016209676,
-4.48233732798086));
#1635=CARTESIAN_POINT('Ctrl Pts',(0.934043256346223,-0.255286693265097,
-4.48799895041612));
#1636=CARTESIAN_POINT('Ctrl Pts',(0.8500630002425,-0.562553753944009,-4.50906936802371));
#1637=CARTESIAN_POINT('Ctrl Pts',(0.599631609317777,-0.82432746150486,-4.5301397856313));
#1638=CARTESIAN_POINT('Ctrl Pts',(0.296383254435862,-0.921827026684187,
-4.55121020323888));
#1639=CARTESIAN_POINT('Ctrl Pts',(-0.00686510044605255,-1.01932659186351,
-4.57228062084647));
#1640=CARTESIAN_POINT('Ctrl Pts',(-0.362930419285154,-0.952552014661316,
-4.59335103845406));
#1641=CARTESIAN_POINT('Ctrl Pts',(-0.610246745462393,-0.751802507233438,
-4.61442145606164));
#1642=CARTESIAN_POINT('Ctrl Pts',(-0.857563071639635,-0.551052999805557,
-4.63549187366923));
#1643=CARTESIAN_POINT('Ctrl Pts',(-0.996130405155008,-0.21632856215198,
-4.65656229127682));
#1644=CARTESIAN_POINT('Ctrl Pts',(-0.963073305237861,0.100488353872033,
-4.67763270888441));
#1645=CARTESIAN_POINT('Ctrl Pts',(-0.930016205320715,0.417305269896041,
-4.698703126492));
#1646=CARTESIAN_POINT('Ctrl Pts',(-0.72533467197106,0.716214664290491,-4.71977354409958));
#1647=CARTESIAN_POINT('Ctrl Pts',(-0.441903709058288,0.861585290782477,
-4.74084396170717));
#1648=CARTESIAN_POINT('Ctrl Pts',(-0.158472746145512,1.00695591727447,-4.76191437931476));
#1649=CARTESIAN_POINT('Ctrl Pts',(0.20370764633038,0.998787775863983,-4.78298479692234));
#1650=CARTESIAN_POINT('Ctrl Pts',(0.480296774945708,0.84078719455622,-4.80405521452993));
#1651=CARTESIAN_POINT('Ctrl Pts',(0.756885903561037,0.682786613248456,-4.82512563213752));
#1652=CARTESIAN_POINT('Ctrl Pts',(0.947883768315798,0.374953592043413,-4.84619604974511));
#1653=CARTESIAN_POINT('Ctrl Pts',(0.966624379827544,0.0569684971930616,
-4.86726646735269));
#1654=CARTESIAN_POINT('Ctrl Pts',(0.967735457489712,0.0381160635054531,
-4.86851567260524));
#1655=CARTESIAN_POINT('Ctrl Pts',(0.968241056500926,0.0192279456086781,
-4.86976487785778));
#1656=CARTESIAN_POINT('Ctrl Pts',(0.968155693217888,0.000335171776948791,
-4.87101408311032));
#1657=CARTESIAN_POINT('Origin',(0.,0.,0.));
#1658=CARTESIAN_POINT('',(0.965528564454062,0.000550815223650594,-5.32898591688968));
#1659=CARTESIAN_POINT('',(0.965513813678374,0.000540352845423495,-5.27101408311032));
#1660=CARTESIAN_POINT('',(0.96675,-1.1839272930757E-16,0.));
#1661=CARTESIAN_POINT('Ctrl Pts',(0.965528564454062,0.000550815223650594,
-5.32898591688968));
#1662=CARTESIAN_POINT('Ctrl Pts',(0.966175802249911,0.123962375167509,-5.32088268424299));
#1663=CARTESIAN_POINT('Ctrl Pts',(0.944209244137827,0.247152320018044,-5.3127794515963));
#1664=CARTESIAN_POINT('Ctrl Pts',(0.898559590718728,0.360831713612487,-5.30467621894961));
#1665=CARTESIAN_POINT('Ctrl Pts',(0.779859153113094,0.656426373280976,-5.28360580134203));
#1666=CARTESIAN_POINT('Ctrl Pts',(0.501030400565296,0.887717421995463,-5.26253538373444));
#1667=CARTESIAN_POINT('Ctrl Pts',(0.188593618414799,0.949757779871895,-5.24146496612686));
#1668=CARTESIAN_POINT('Ctrl Pts',(-0.123843163735697,1.01179813774833,-5.22039454851927));
#1669=CARTESIAN_POINT('Ctrl Pts',(-0.469887975488895,0.904587804786705,
-5.19932413091168));
#1670=CARTESIAN_POINT('Ctrl Pts',(-0.692522074771163,0.676772764910012,
-5.17825371330409));
#1671=CARTESIAN_POINT('Ctrl Pts',(-0.915156174053431,0.448957725033319,
-5.1571832956965));
#1672=CARTESIAN_POINT('Ctrl Pts',(-1.01437956086477,0.100537978241563,-5.13611287808892));
#1673=CARTESIAN_POINT('Ctrl Pts',(-0.94516905975463,-0.210389144704548,
-5.11504246048133));
#1674=CARTESIAN_POINT('Ctrl Pts',(-0.87595855864449,-0.52131626765066,-5.09397204287375));
#1675=CARTESIAN_POINT('Ctrl Pts',(-0.638314169612862,-0.794750766751121,
-5.07290162526616));
#1676=CARTESIAN_POINT('Ctrl Pts',(-0.340068017515682,-0.906621031779385,
-5.05183120765857));
#1677=CARTESIAN_POINT('Ctrl Pts',(-0.0418218654184978,-1.01849129680765,
-5.03076079005098));
#1678=CARTESIAN_POINT('Ctrl Pts',(0.317026049744246,-0.968797327763718,
-5.00969037244339));
#1679=CARTESIAN_POINT('Ctrl Pts',(0.573647212435593,-0.780087785735901,
-4.9886199548358));
#1680=CARTESIAN_POINT('Ctrl Pts',(0.815745817831421,-0.60205758561258,-4.9687419421871));
#1681=CARTESIAN_POINT('Ctrl Pts',(0.966860595644903,-0.300300781465852,
-4.94886392953839));
#1682=CARTESIAN_POINT('Ctrl Pts',(0.968167974172232,0.00032082058262886,
-4.92898591688968));
#1683=CARTESIAN_POINT('Ctrl Pts',(0.968155693217888,0.000335171776948791,
-4.87101408311032));
#1684=CARTESIAN_POINT('Ctrl Pts',(0.966801229043985,-0.299437568797415,
-4.89083529546537));
#1685=CARTESIAN_POINT('Ctrl Pts',(0.816664009435565,-0.600382504008161,
-4.91065650782041));
#1686=CARTESIAN_POINT('Ctrl Pts',(0.575733201294102,-0.778549540253448,
-4.93047772017546));
#1687=CARTESIAN_POINT('Ctrl Pts',(0.319618052980173,-0.967945314353962,
-4.95154813778305));
#1688=CARTESIAN_POINT('Ctrl Pts',(-0.0390956019164253,-1.01859969405933,
-4.97261855539063));
#1689=CARTESIAN_POINT('Ctrl Pts',(-0.337640118386541,-0.90752809161526,
-4.99368897299822));
#1690=CARTESIAN_POINT('Ctrl Pts',(-0.636184634856657,-0.796456489171188,
-5.01475939060581));
#1691=CARTESIAN_POINT('Ctrl Pts',(-0.874560012900296,-0.523658904577671,
-5.0358298082134));
#1692=CARTESIAN_POINT('Ctrl Pts',(-0.944602534615598,-0.212918205208045,
-5.05690022582098));
#1693=CARTESIAN_POINT('Ctrl Pts',(-1.0146450563309,0.0978224941615813,-5.07797064342857));
#1694=CARTESIAN_POINT('Ctrl Pts',(-0.916354721717873,0.446506308307309,
-5.09904106103616));
#1695=CARTESIAN_POINT('Ctrl Pts',(-0.694331148363252,0.674916577138243,
-5.12011147864374));
#1696=CARTESIAN_POINT('Ctrl Pts',(-0.472307575008634,0.903326845969173,
-5.14118189625133));
#1697=CARTESIAN_POINT('Ctrl Pts',(-0.126550762912422,1.0114635694853,-5.16225231385892));
#1698=CARTESIAN_POINT('Ctrl Pts',(0.186050881547083,0.950259476881176,-5.18332273146651));
#1699=CARTESIAN_POINT('Ctrl Pts',(0.498652526006592,0.889055384277047,-5.20439314907409));
#1700=CARTESIAN_POINT('Ctrl Pts',(0.778099002829398,0.658510475552655,-5.22546356668168));
#1701=CARTESIAN_POINT('Ctrl Pts',(0.897590386891605,0.363235038144186,-5.24653398428927));
#1702=CARTESIAN_POINT('Ctrl Pts',(0.943866338711596,0.248882425841799,-5.25469401722962));
#1703=CARTESIAN_POINT('Ctrl Pts',(0.966151994372374,0.12482143522602,-5.26285405016997));
#1704=CARTESIAN_POINT('Ctrl Pts',(0.965513813678374,0.000540352845423495,
-5.27101408311032));
#1705=CARTESIAN_POINT('Origin',(0.,0.,0.));
#1706=CARTESIAN_POINT('',(0.966223078189518,-0.000890269364816204,-5.72898591688968));
#1707=CARTESIAN_POINT('',(0.966266528039532,-0.000841103556591311,-5.67101408311032));
#1708=CARTESIAN_POINT('',(0.96675,-1.1839272930757E-16,0.));
#1709=CARTESIAN_POINT('Ctrl Pts',(0.966223078189518,-0.000890269364816204,
-5.72898591688968));
#1710=CARTESIAN_POINT('Ctrl Pts',(0.964333964301327,0.227359690691357,-5.71397185655518));
#1711=CARTESIAN_POINT('Ctrl Pts',(0.883414234088266,0.456862064396309,-5.69895779622068));
#1712=CARTESIAN_POINT('Ctrl Pts',(0.735895165184722,0.62937788416363,-5.68394373588619));
#1713=CARTESIAN_POINT('Ctrl Pts',(0.528869995601614,0.871482970025113,-5.6628733182786));
#1714=CARTESIAN_POINT('Ctrl Pts',(0.190679244278162,1.00135459162736,-5.64180290067102));
#1715=CARTESIAN_POINT('Ctrl Pts',(-0.125188840665946,0.960160481504583,
-5.62073248306343));
#1716=CARTESIAN_POINT('Ctrl Pts',(-0.44105692561005,0.918966371381806,-5.59966206545584));
#1717=CARTESIAN_POINT('Ctrl Pts',(-0.734602344174811,0.706706529534007,
-5.57859164784825));
#1718=CARTESIAN_POINT('Ctrl Pts',(-0.872645137253954,0.419643291347298,
-5.55752123024066));
#1719=CARTESIAN_POINT('Ctrl Pts',(-1.0106879303331,0.132580053160585,-5.53645081263307));
#1720=CARTESIAN_POINT('Ctrl Pts',(-0.993228097926622,-0.229286581365041,
-5.51538039502549));
#1721=CARTESIAN_POINT('Ctrl Pts',(-0.8281789523802,-0.50173121954395,-5.49430997741791));
#1722=CARTESIAN_POINT('Ctrl Pts',(-0.663129806833783,-0.77417585772285,
-5.47323955981032));
#1723=CARTESIAN_POINT('Ctrl Pts',(-0.350491348147429,-0.957198499555038,
-5.45216914220273));
#1724=CARTESIAN_POINT('Ctrl Pts',(-0.0321292582855275,-0.967766211456763,
-5.43109872459514));
#1725=CARTESIAN_POINT('Ctrl Pts',(0.286232831576388,-0.978333923358489,
-5.41002830698756));
#1726=CARTESIAN_POINT('Ctrl Pts',(0.610318552613853,-0.816446705329736,
-5.38895788937997));
#1727=CARTESIAN_POINT('Ctrl Pts',(0.793075351800847,-0.555553961004108,
-5.36788747177238));
#1728=CARTESIAN_POINT('Ctrl Pts',(0.905547788847672,-0.394994994702044,
-5.35492028681148));
#1729=CARTESIAN_POINT('Ctrl Pts',(0.964492823216165,-0.196938334339313,
-5.34195310185058));
#1730=CARTESIAN_POINT('Ctrl Pts',(0.965528564454062,0.000550815223650594,
-5.32898591688968));
#1731=CARTESIAN_POINT('Ctrl Pts',(0.965513813678374,0.000540352845423495,
-5.27101408311032));
#1732=CARTESIAN_POINT('Ctrl Pts',(0.964504116988794,-0.196090787264265,
-5.28392446777756));
#1733=CARTESIAN_POINT('Ctrl Pts',(0.906111606491391,-0.3932728597993,-5.2968348524448));
#1734=CARTESIAN_POINT('Ctrl Pts',(0.794559916431928,-0.553428215950567,
-5.30974523711203));
#1735=CARTESIAN_POINT('Ctrl Pts',(0.612501770608437,-0.814810066544296,
-5.33081565471962));
#1736=CARTESIAN_POINT('Ctrl Pts',(0.288849187659847,-0.977567801639214,
-5.3518860723272));
#1737=CARTESIAN_POINT('Ctrl Pts',(-0.0295394605596845,-0.967850642670338,
-5.37295648993479));
#1738=CARTESIAN_POINT('Ctrl Pts',(-0.347928108779221,-0.958133483701461,
-5.39402690754238));
#1739=CARTESIAN_POINT('Ctrl Pts',(-0.661052822269698,-0.775941430668786,
-5.41509732514997));
#1740=CARTESIAN_POINT('Ctrl Pts',(-0.82683175021448,-0.503942627301564,
-5.43616774275756));
#1741=CARTESIAN_POINT('Ctrl Pts',(-0.992610678159257,-0.23194382393435,
-5.45723816036515));
#1742=CARTESIAN_POINT('Ctrl Pts',(-1.01104382055835,0.129861729767405,-5.47830857797272));
#1743=CARTESIAN_POINT('Ctrl Pts',(-0.873767740100747,0.417299297966789,
-5.49937899558031));
#1744=CARTESIAN_POINT('Ctrl Pts',(-0.73649165964314,0.704736866166185,-5.5204494131879));
#1745=CARTESIAN_POINT('Ctrl Pts',(-0.443506356328827,0.917806448863203,
-5.54151983079549));
#1746=CARTESIAN_POINT('Ctrl Pts',(-0.127753726437184,0.959834762756603,
-5.56259024840308));
#1747=CARTESIAN_POINT('Ctrl Pts',(0.187998903454454,1.00186307665,-5.58366066601067));
#1748=CARTESIAN_POINT('Ctrl Pts',(0.526518859923422,0.872850121739786,-5.60473108361825));
#1749=CARTESIAN_POINT('Ctrl Pts',(0.734199050186125,0.631321150780242,-5.62580150122584));
#1750=CARTESIAN_POINT('Ctrl Pts',(0.882744715534111,0.458564752364887,-5.640872361854));
#1751=CARTESIAN_POINT('Ctrl Pts',(0.964352866707521,0.228245254919717,-5.65594322248216));
#1752=CARTESIAN_POINT('Ctrl Pts',(0.966266528039532,-0.000841103556591311,
-5.67101408311032));
#1753=CARTESIAN_POINT('Origin',(0.,0.,0.739522559302382));
#1754=CARTESIAN_POINT('',(0.738597212083842,-0.000680536913024801,-5.86047744069762));
#1755=CARTESIAN_POINT('',(0.740091445116614,2.82239513157848E-5,-5.93952255930239));
#1756=CARTESIAN_POINT('',(0.739,-7.41708847601504E-14,0.739522559302382));
#1757=CARTESIAN_POINT('',(-0.430785331582679,-0.601879604833768,-6.));
#1758=CARTESIAN_POINT('Ctrl Pts',(0.738597212083842,-0.000680536913024868,
-5.86047744069762));
#1759=CARTESIAN_POINT('Ctrl Pts',(0.739179719861721,-0.0710613529485998,
-5.86653379797071));
#1760=CARTESIAN_POINT('Ctrl Pts',(0.697759791591125,-0.385603366511762,
-5.89366057285139));
#1761=CARTESIAN_POINT('Ctrl Pts',(0.267190274484955,-0.81900840150505,-5.94016809261884));
#1762=CARTESIAN_POINT('Ctrl Pts',(-0.247757155331839,-0.731286807925335,
-5.98061925511321));
#1763=CARTESIAN_POINT('Ctrl Pts',(-0.430785331582678,-0.601879604833768,
-6.));
#1764=CARTESIAN_POINT('',(0.429877377952333,-0.601104350279406,-6.));
#1765=CARTESIAN_POINT('Origin',(0.,0.,-6.));
#1766=CARTESIAN_POINT('Ctrl Pts',(0.740091445116614,2.82239513157349E-5,
-5.93952255930239));
#1767=CARTESIAN_POINT('Ctrl Pts',(0.739341764596608,-0.23252400350367,-5.95968170620159));
#1768=CARTESIAN_POINT('Ctrl Pts',(0.620222563964488,-0.464979749898927,
-5.9798408531008));
#1769=CARTESIAN_POINT('Ctrl Pts',(0.429877377952325,-0.601104350279412,
-6.));
#1770=CARTESIAN_POINT('Origin',(0.,0.,0.739522559302382));
#1771=CARTESIAN_POINT('',(0.73806631407453,0.000421052443972049,-5.46047744069762));
#1772=CARTESIAN_POINT('',(0.738630425881784,-0.000642953740262395,-5.53952255930239));
#1773=CARTESIAN_POINT('',(0.739,-7.41708847601504E-14,0.739522559302382));
#1774=CARTESIAN_POINT('Ctrl Pts',(0.73806631407453,0.000421052443972192,
-5.46047744069762));
#1775=CARTESIAN_POINT('Ctrl Pts',(0.737274576009033,-0.150542983270549,
-5.47344462565852));
#1776=CARTESIAN_POINT('Ctrl Pts',(0.619000179599721,-0.547947653743723,
-5.50748222822701));
#1777=CARTESIAN_POINT('Ctrl Pts',(-0.0289353869270653,-0.871604265306611,
-5.56259024840307));
#1778=CARTESIAN_POINT('Ctrl Pts',(-0.745893714217117,-0.451887485433858,
-5.62580150122584));
#1779=CARTESIAN_POINT('Ctrl Pts',(-0.785933485042191,0.377963384742823,
-5.6890127540486));
#1780=CARTESIAN_POINT('Ctrl Pts',(-0.112760283120192,0.864728390562898,
-5.75222400687137));
#1781=CARTESIAN_POINT('Ctrl Pts',(0.58848875147148,0.595435546471091,-5.80937890242104));
#1782=CARTESIAN_POINT('Ctrl Pts',(0.737153141576102,0.173797580988738,-5.84546338036312));
#1783=CARTESIAN_POINT('Ctrl Pts',(0.738597212083842,-0.000680536913024868,
-5.86047744069762));
#1784=CARTESIAN_POINT('Ctrl Pts',(0.738630425881784,-0.000642953740262343,
-5.53952255930239));
#1785=CARTESIAN_POINT('Ctrl Pts',(0.739212765674885,-0.0703554469425512,
-5.54552211628182));
#1786=CARTESIAN_POINT('Ctrl Pts',(0.698280119306737,-0.384223887652143,
-5.57259209086883));
#1787=CARTESIAN_POINT('Ctrl Pts',(0.253687350356529,-0.834333808231862,
-5.62073248306343));
#1788=CARTESIAN_POINT('Ctrl Pts',(-0.560339098463382,-0.668351913115476,
-5.68394373588619));
#1789=CARTESIAN_POINT('Ctrl Pts',(-0.865804248183456,0.104469170655433,
-5.74715498870896));
#1790=CARTESIAN_POINT('Ctrl Pts',(-0.385639395706306,0.781903870294442,
-5.81036624153171));
#1791=CARTESIAN_POINT('Ctrl Pts',(0.444674003698613,0.750866964132855,-5.87357749435448));
#1792=CARTESIAN_POINT('Ctrl Pts',(0.735108285563247,0.264121963126282,-5.91662960027804));
#1793=CARTESIAN_POINT('Ctrl Pts',(0.740125333549589,0.0105404759880092,
-5.93861128859401));
#1794=CARTESIAN_POINT('Ctrl Pts',(0.740091445116614,2.82239513157349E-5,
-5.93952255930239));
#1795=CARTESIAN_POINT('Origin',(0.,0.,0.739522559302382));
#1796=CARTESIAN_POINT('',(0.740083923365171,0.000245240662555407,-5.06047744069762));
#1797=CARTESIAN_POINT('',(0.738055038332887,0.0004130548256321,-5.13952255930239));
#1798=CARTESIAN_POINT('',(0.739,-7.41708847601504E-14,0.739522559302382));
#1799=CARTESIAN_POINT('Ctrl Pts',(0.740083923365171,0.000245240662555331,
-5.06047744069762));
#1800=CARTESIAN_POINT('Ctrl Pts',(0.739084541175662,-0.229554980608533,
-5.08035545334633));
#1801=CARTESIAN_POINT('Ctrl Pts',(0.501125894758489,-0.704727837299946,
-5.12130388360262));
#1802=CARTESIAN_POINT('Ctrl Pts',(-0.306278735815416,-0.816538827477953,
-5.1833227314665));
#1803=CARTESIAN_POINT('Ctrl Pts',(-0.851256869234704,-0.189485003318937,
-5.24653398428927));
#1804=CARTESIAN_POINT('Ctrl Pts',(-0.623712779696807,0.609528783738044,
-5.30974523711203));
#1805=CARTESIAN_POINT('Ctrl Pts',(0.169854686201136,0.855388942182205,-5.3729564899348));
#1806=CARTESIAN_POINT('Ctrl Pts',(0.678107116159227,0.433788814998242,-5.42320055779665));
#1807=CARTESIAN_POINT('Ctrl Pts',(0.738561073558513,0.0947589296599351,
-5.45237420805093));
#1808=CARTESIAN_POINT('Ctrl Pts',(0.73806631407453,0.000421052443972192,
-5.46047744069762));
#1809=CARTESIAN_POINT('Ctrl Pts',(0.738055038332887,0.000413054825632118,
-5.13952255930239));
#1810=CARTESIAN_POINT('Ctrl Pts',(0.737283209159246,-0.149895103996231,
-5.15243294396963));
#1811=CARTESIAN_POINT('Ctrl Pts',(0.619798363417857,-0.546622444153488,
-5.18641374624445));
#1812=CARTESIAN_POINT('Ctrl Pts',(-0.0266043021654036,-0.871684066869951,
-5.24146496612686));
#1813=CARTESIAN_POINT('Ctrl Pts',(-0.74467773356791,-0.453872035244965,
-5.30467621894962));
#1814=CARTESIAN_POINT('Ctrl Pts',(-0.786949548099857,0.375838761296864,
-5.36788747177238));
#1815=CARTESIAN_POINT('Ctrl Pts',(-0.115060830801868,0.864460705790538,
-5.43109872459514));
#1816=CARTESIAN_POINT('Ctrl Pts',(0.587568397600599,0.596682481109113,-5.48831042043848));
#1817=CARTESIAN_POINT('Ctrl Pts',(0.737167590894106,0.174474521216047,-5.52445169867423));
#1818=CARTESIAN_POINT('Ctrl Pts',(0.738630425881784,-0.000642953740262343,
-5.53952255930239));
#1819=CARTESIAN_POINT('Origin',(0.,0.,0.739522559302382));
#1820=CARTESIAN_POINT('',(0.738723222820287,-0.000647905418010224,-4.66047744069762));
#1821=CARTESIAN_POINT('',(0.740074535596606,0.000256210957411606,-4.73952255930239));
#1822=CARTESIAN_POINT('',(0.739,-7.41708847601504E-14,0.739522559302382));
#1823=CARTESIAN_POINT('Ctrl Pts',(0.738723222820287,-0.000647905418010167,
-4.66047744069762));
#1824=CARTESIAN_POINT('Ctrl Pts',(0.739294715582202,-0.0670721261891797,
-4.66619586342655));
#1825=CARTESIAN_POINT('Ctrl Pts',(0.700748668237993,-0.377595125705973,
-4.69298470376307));
#1826=CARTESIAN_POINT('Ctrl Pts',(0.26471132667472,-0.830945539854954,-4.74084396170716));
#1827=CARTESIAN_POINT('Ctrl Pts',(-0.55142284655689,-0.675629642305644,
-4.80405521452994));
#1828=CARTESIAN_POINT('Ctrl Pts',(-0.867136706923431,0.0928251480854732,
-4.86726646735269));
#1829=CARTESIAN_POINT('Ctrl Pts',(-0.395917578187857,0.777040448967508,
-4.93047772017546));
#1830=CARTESIAN_POINT('Ctrl Pts',(0.434599671760745,0.756085751232979,-4.99368897299821));
#1831=CARTESIAN_POINT('Ctrl Pts',(0.733569694604618,0.271341637529144,-5.03702221317227));
#1832=CARTESIAN_POINT('Ctrl Pts',(0.740143872430485,0.0140300655460982,
-5.05928503573874));
#1833=CARTESIAN_POINT('Ctrl Pts',(0.740083923365171,0.000245240662555331,
-5.06047744069762));
#1834=CARTESIAN_POINT('Ctrl Pts',(0.740074535596606,0.000256210957411615,
-4.73952255930239));
#1835=CARTESIAN_POINT('Ctrl Pts',(0.739039160344946,-0.228895126290514,
-4.75934377165743));
#1836=CARTESIAN_POINT('Ctrl Pts',(0.50227125376199,-0.703488318387857,-4.80023540162007));
#1837=CARTESIAN_POINT('Ctrl Pts',(-0.304092103216796,-0.817355842267502,
-4.86219744919028));
#1838=CARTESIAN_POINT('Ctrl Pts',(-0.850746577613206,-0.191762622672129,
-4.92540870201304));
#1839=CARTESIAN_POINT('Ctrl Pts',(-0.625342210571987,0.607856736997998,
-4.98861995483581));
#1840=CARTESIAN_POINT('Ctrl Pts',(0.167564799945013,0.855841341120306,-5.05183120765857));
#1841=CARTESIAN_POINT('Ctrl Pts',(0.677519071172222,0.435126210801293,-5.1021320758141));
#1842=CARTESIAN_POINT('Ctrl Pts',(0.738542874415511,0.0954156096529245,
-5.13136252636204));
#1843=CARTESIAN_POINT('Ctrl Pts',(0.738055038332887,0.000413054825632118,
-5.13952255930239));
#1844=CARTESIAN_POINT('Origin',(0.,0.,0.739522559302382));
#1845=CARTESIAN_POINT('',(0.738002095786281,0.000370464648099762,-4.26047744069762));
#1846=CARTESIAN_POINT('',(0.738742053553782,-0.000649859835433683,-4.33952255930239));
#1847=CARTESIAN_POINT('',(0.739,-7.41708847601504E-14,0.739522559302382));
#1848=CARTESIAN_POINT('Ctrl Pts',(0.738002095786281,0.00037046464809982,
-4.26047744069762));
#1849=CARTESIAN_POINT('Ctrl Pts',(0.737327991932977,-0.146690982021895,
-4.27310669111436));
#1850=CARTESIAN_POINT('Ctrl Pts',(0.623706768716731,-0.540066810695247,
-4.30680635913869));
#1851=CARTESIAN_POINT('Ctrl Pts',(-0.0150542586425881,-0.871960976030044,
-4.36157644477059));
#1852=CARTESIAN_POINT('Ctrl Pts',(-0.738599302889642,-0.463695637292765,
-4.42478769759336));
#1853=CARTESIAN_POINT('Ctrl Pts',(-0.791860010721648,0.365376925599186,
-4.48799895041611));
#1854=CARTESIAN_POINT('Ctrl Pts',(-0.126501895182186,0.862867223420605,
-4.55121020323889));
#1855=CARTESIAN_POINT('Ctrl Pts',(0.583080288894253,0.603133119477135,-4.60870303333271));
#1856=CARTESIAN_POINT('Ctrl Pts',(0.73718896164898,0.17767824244425,-4.64512544581896));
#1857=CARTESIAN_POINT('Ctrl Pts',(0.738723222820287,-0.000647905418010167,
-4.66047744069762));
#1858=CARTESIAN_POINT('Ctrl Pts',(0.738742053553783,-0.000649859835433709,
-4.33952255930239));
#1859=CARTESIAN_POINT('Ctrl Pts',(0.739310758541698,-0.0664100385386121,
-4.34518418173765));
#1860=CARTESIAN_POINT('Ctrl Pts',(0.701240810886882,-0.376257554752699,
-4.37191622178051));
#1861=CARTESIAN_POINT('Ctrl Pts',(0.266934534670229,-0.830234045968007,
-4.41971867943095));
#1862=CARTESIAN_POINT('Ctrl Pts',(-0.549612464932873,-0.677103207946491,
-4.48292993225371));
#1863=CARTESIAN_POINT('Ctrl Pts',(-0.867382083141871,0.0905038034607593,
-4.54614118507647));
#1864=CARTESIAN_POINT('Ctrl Pts',(-0.397996037694541,0.775977946075186,
-4.60935243789923));
#1865=CARTESIAN_POINT('Ctrl Pts',(0.432574358084148,0.757246351032973,-4.67256369072199));
#1866=CARTESIAN_POINT('Ctrl Pts',(0.73323437786242,0.272669822584585,-4.71595373118971));
#1867=CARTESIAN_POINT('Ctrl Pts',(0.74013978872944,0.014698165818208,-4.73827335404984));
#1868=CARTESIAN_POINT('Ctrl Pts',(0.740074535596606,0.000256210957411615,
-4.73952255930239));
#1869=CARTESIAN_POINT('Origin',(0.,0.,0.739522559302382));
#1870=CARTESIAN_POINT('',(0.740022792674341,0.000309098178252866,-3.86047744069762));
#1871=CARTESIAN_POINT('',(0.737992153977455,0.000361556487233315,-3.93952255930239));
#1872=CARTESIAN_POINT('',(0.739,-7.41708847601504E-14,0.739522559302382));
#1873=CARTESIAN_POINT('Ctrl Pts',(0.740022792674341,0.000309098178252871,
-3.86047744069762));
#1874=CARTESIAN_POINT('Ctrl Pts',(0.738823548978738,-0.225634044099933,
-3.88001751880217));
#1875=CARTESIAN_POINT('Ctrl Pts',(0.507895335889314,-0.69733765209295,-3.92062801451429));
#1876=CARTESIAN_POINT('Ctrl Pts',(-0.293237285101833,-0.821312649964267,
-3.98230892783403));
#1877=CARTESIAN_POINT('Ctrl Pts',(-0.848131466996389,-0.203016228546192,
-4.04552018065678));
#1878=CARTESIAN_POINT('Ctrl Pts',(-0.633340062420666,0.599518923550289,
-4.10873143347955));
#1879=CARTESIAN_POINT('Ctrl Pts',(0.156212138508199,0.857986213266574,-4.17194268630231));
#1880=CARTESIAN_POINT('Ctrl Pts',(0.67457618675897,0.441749994253792,-4.22252468870833));
#1881=CARTESIAN_POINT('Ctrl Pts',(0.738452654856849,0.0986637297039904,
-4.25203627350677));
#1882=CARTESIAN_POINT('Ctrl Pts',(0.738002095786281,0.00037046464809982,
-4.26047744069762));
#1883=CARTESIAN_POINT('Ctrl Pts',(0.737992153977455,0.000361556487233324,
-3.93952255930239));
#1884=CARTESIAN_POINT('Ctrl Pts',(0.737337752933269,-0.146043436906644,
-3.95209500942546));
#1885=CARTESIAN_POINT('Ctrl Pts',(0.624488605437216,-0.538741416416708,
-3.98573787715612));
#1886=CARTESIAN_POINT('Ctrl Pts',(-0.0127202728175734,-0.871998171545691,
-4.04045116249438));
#1887=CARTESIAN_POINT('Ctrl Pts',(-0.737355527702503,-0.465670959225462,
-4.10366241531714));
#1888=CARTESIAN_POINT('Ctrl Pts',(-0.792835181294613,0.363256096719162,
-4.16687366813989));
#1889=CARTESIAN_POINT('Ctrl Pts',(-0.128811037132033,0.862525555147282,
-4.23008492096267));
#1890=CARTESIAN_POINT('Ctrl Pts',(0.582165560770458,0.604436948323611,-4.28763455135015));
#1891=CARTESIAN_POINT('Ctrl Pts',(0.73719425364793,0.17832447759499,-4.32411376413007));
#1892=CARTESIAN_POINT('Ctrl Pts',(0.738742053553783,-0.000649859835433709,
-4.33952255930239));
#1893=CARTESIAN_POINT('Origin',(0.,0.,0.739522559302382));
#1894=CARTESIAN_POINT('',(0.738836373563829,-0.000656879332418218,-3.46047744069762));
#1895=CARTESIAN_POINT('',(0.740011365607803,0.000319469253442983,-3.53952255930239));
#1896=CARTESIAN_POINT('',(0.739,-7.41708847601504E-14,0.739522559302382));
#1897=CARTESIAN_POINT('Ctrl Pts',(0.738836373563829,-0.000656879332418198,
-3.46047744069762));
#1898=CARTESIAN_POINT('Ctrl Pts',(0.739388575523754,-0.0631313285948799,
-3.46585792888239));
#1899=CARTESIAN_POINT('Ctrl Pts',(0.703645187121958,-0.369638176826288,
-3.49230883467474));
#1900=CARTESIAN_POINT('Ctrl Pts',(0.277909836746156,-0.826624882884379,
-3.53983015807468));
#1901=CARTESIAN_POINT('Ctrl Pts',(-0.540594123291455,-0.684324899610319,
-3.60304141089745));
#1902=CARTESIAN_POINT('Ctrl Pts',(-0.868504913496074,0.0790049972917222,
-3.66625266372021));
#1903=CARTESIAN_POINT('Ctrl Pts',(-0.408241063670778,0.77063727414185,-3.72946391654297));
#1904=CARTESIAN_POINT('Ctrl Pts',(0.422504574344963,0.762910518358261,-3.79267516936573));
#1905=CARTESIAN_POINT('Ctrl Pts',(0.731547219370015,0.279245988429469,-3.83634634408395));
#1906=CARTESIAN_POINT('Ctrl Pts',(0.740116715021598,0.0180045093336925,
-3.85894710119458));
#1907=CARTESIAN_POINT('Ctrl Pts',(0.740022792674341,0.000309098178252871,
-3.86047744069762));
#1908=CARTESIAN_POINT('Ctrl Pts',(0.740011365607803,0.000319469253443022,
-3.53952255930239));
#1909=CARTESIAN_POINT('Ctrl Pts',(0.73878183735407,-0.224976140940953,-3.55900583711327));
#1910=CARTESIAN_POINT('Ctrl Pts',(0.509022624483203,-0.696091856040436,
-3.59955953253174));
#1911=CARTESIAN_POINT('Ctrl Pts',(-0.291037878203374,-0.82209462348428,
-3.6611836455578));
#1912=CARTESIAN_POINT('Ctrl Pts',(-0.847585049384572,-0.205285656026685,
-3.72439489838056));
#1913=CARTESIAN_POINT('Ctrl Pts',(-0.634942512122776,0.597821564356391,
-3.78760615120333));
#1914=CARTESIAN_POINT('Ctrl Pts',(0.153915056459664,0.858401288388493,-3.85081740402608));
#1915=CARTESIAN_POINT('Ctrl Pts',(0.673974717950785,0.443088180369969,-3.90145620672578));
#1916=CARTESIAN_POINT('Ctrl Pts',(0.73843447657495,0.099319584656168,-3.93102459181788));
#1917=CARTESIAN_POINT('Ctrl Pts',(0.737992153977455,0.000361556487233324,
-3.93952255930239));
#1918=CARTESIAN_POINT('Origin',(0.,0.,0.739522559302382));
#1919=CARTESIAN_POINT('',(0.737946554099803,0.000316147818086331,-3.06047744069762));
#1920=CARTESIAN_POINT('',(0.738855673638191,-0.000657756116271072,-3.13952255930239));
#1921=CARTESIAN_POINT('',(0.739,-7.41708847601504E-14,0.739522559302382));
#1922=CARTESIAN_POINT('Ctrl Pts',(0.737946554099803,0.000316147818086284,
-3.06047744069762));
#1923=CARTESIAN_POINT('Ctrl Pts',(0.737389202217322,-0.142837211421319,
-3.0727687565702));
#1924=CARTESIAN_POINT('Ctrl Pts',(0.628319689208657,-0.53217665854562,-3.10613049005036));
#1925=CARTESIAN_POINT('Ctrl Pts',(-0.00116714107326047,-0.872090139919961,
-3.16056264113811));
#1926=CARTESIAN_POINT('Ctrl Pts',(-0.731121707240633,-0.475398384058509,
-3.22377389396088));
#1927=CARTESIAN_POINT('Ctrl Pts',(-0.797577910338501,0.352720925526079,
-3.28698514678364));
#1928=CARTESIAN_POINT('Ctrl Pts',(-0.140226253966231,0.860743383397454,
-3.3501963996064));
#1929=CARTESIAN_POINT('Ctrl Pts',(0.577596597535625,0.610881614047748,-3.40802716424439));
#1930=CARTESIAN_POINT('Ctrl Pts',(0.737226108940835,0.181523559690269,-3.4447875112748));
#1931=CARTESIAN_POINT('Ctrl Pts',(0.738836373563829,-0.000656879332418198,
-3.46047744069762));
#1932=CARTESIAN_POINT('Ctrl Pts',(0.738855673638191,-0.000657756116271072,
-3.13952255930239));
#1933=CARTESIAN_POINT('Ctrl Pts',(0.73940401347905,-0.0624685665186234,
-3.14484624719349));
#1934=CARTESIAN_POINT('Ctrl Pts',(0.704124676955716,-0.368301030320102,
-3.17124035269218));
#1935=CARTESIAN_POINT('Ctrl Pts',(0.280121432466724,-0.825878077916759,
-3.21870487579847));
#1936=CARTESIAN_POINT('Ctrl Pts',(-0.538760505099663,-0.685769447158045,
-3.28191612862123));
#1937=CARTESIAN_POINT('Ctrl Pts',(-0.868713294919553,0.0766800348246251,
-3.34512738144399));
#1938=CARTESIAN_POINT('Ctrl Pts',(-0.410302337024684,0.769541817410051,
-3.40833863426675));
#1939=CARTESIAN_POINT('Ctrl Pts',(0.420461029892387,0.764038702457247,-3.47154988708951));
#1940=CARTESIAN_POINT('Ctrl Pts',(0.731200810254963,0.280575096707936,-3.51527786210139));
#1941=CARTESIAN_POINT('Ctrl Pts',(0.740111524997902,0.0186724195338519,
-3.53793541950569));
#1942=CARTESIAN_POINT('Ctrl Pts',(0.740011365607803,0.000319469253443022,
-3.53952255930239));
#1943=CARTESIAN_POINT('Origin',(0.,0.,0.739522559302382));
#1944=CARTESIAN_POINT('',(0.739950106669521,0.000369078807127705,-2.66047744069762));
#1945=CARTESIAN_POINT('',(0.737938131653524,0.000306723911881329,-2.73952255930239));
#1946=CARTESIAN_POINT('',(0.739,-7.41708847601504E-14,0.739522559302382));
#1947=CARTESIAN_POINT('Ctrl Pts',(0.739950106669521,0.00036907880712768,
-2.66047744069762));
#1948=CARTESIAN_POINT('Ctrl Pts',(0.738584155420427,-0.22172427721931,-2.679679584258));
#1949=CARTESIAN_POINT('Ctrl Pts',(0.514557587033693,-0.689910483739077,
-2.71995214542597));
#1950=CARTESIAN_POINT('Ctrl Pts',(-0.280121424705057,-0.825878055033012,
-2.78129512420154));
#1951=CARTESIAN_POINT('Ctrl Pts',(-0.844791072442123,-0.216496231574568,
-2.8445063770243));
#1952=CARTESIAN_POINT('Ctrl Pts',(-0.642806566499957,0.589357525130914,
-2.90771762984707));
#1953=CARTESIAN_POINT('Ctrl Pts',(0.142529658341008,0.860364963754973,-2.97092888266982));
#1954=CARTESIAN_POINT('Ctrl Pts',(0.670963168479284,0.449710669429662,-3.02184881962001));
#1955=CARTESIAN_POINT('Ctrl Pts',(0.73834464401379,0.102563776753818,-3.05169833896261));
#1956=CARTESIAN_POINT('Ctrl Pts',(0.737946554099803,0.000316147818086284,
-3.06047744069762));
#1957=CARTESIAN_POINT('Ctrl Pts',(0.737938131653524,0.000306723911881338,
-2.73952255930239));
#1958=CARTESIAN_POINT('Ctrl Pts',(0.737400257916946,-0.142189185626425,
-2.7517570748813));
#1959=CARTESIAN_POINT('Ctrl Pts',(0.629085983501811,-0.530849435313217,
-2.7850620080678));
#1960=CARTESIAN_POINT('Ctrl Pts',(0.00116714110555588,-0.872090164084159,
-2.83943735886189));
#1961=CARTESIAN_POINT('Ctrl Pts',(-0.72984663448333,-0.477353649450854,
-2.90264861168466));
#1962=CARTESIAN_POINT('Ctrl Pts',(-0.798519184971512,0.350584836727321,
-2.96585986450741));
#1963=CARTESIAN_POINT('Ctrl Pts',(-0.142529662290235,0.860364987594291,
-3.02907111733018));
#1964=CARTESIAN_POINT('Ctrl Pts',(0.576665116142471,0.612181943682948,-3.08695868226183));
#1965=CARTESIAN_POINT('Ctrl Pts',(0.737233760512666,0.182170040116695,-3.1237758295859));
#1966=CARTESIAN_POINT('Ctrl Pts',(0.738855673638191,-0.000657756116271072,
-3.13952255930239));
#1967=CARTESIAN_POINT('Origin',(0.,0.,0.739522559302382));
#1968=CARTESIAN_POINT('',(0.738951913983096,-0.000659380051589472,-2.26047744069762));
#1969=CARTESIAN_POINT('',(0.739936875460358,0.000378734013448618,-2.33952255930239));
#1970=CARTESIAN_POINT('',(0.739,-7.41708847601504E-14,0.739522559302382));
#1971=CARTESIAN_POINT('Ctrl Pts',(0.738951913983096,-0.000659380051589286,
-2.26047744069762));
#1972=CARTESIAN_POINT('Ctrl Pts',(0.739478679307083,-0.059186588524361,
-2.26551999433822));
#1973=CARTESIAN_POINT('Ctrl Pts',(0.706466764428646,-0.361683910278387,
-2.29163296558642));
#1974=CARTESIAN_POINT('Ctrl Pts',(0.291037870139153,-0.822094600705391,
-2.3388163544422));
#1975=CARTESIAN_POINT('Ctrl Pts',(-0.529628307825183,-0.69284661355459,
-2.40202760726497));
#1976=CARTESIAN_POINT('Ctrl Pts',(-0.86965287469091,0.0651648057292322,
-2.46523886008773));
#1977=CARTESIAN_POINT('Ctrl Pts',(-0.420461018242059,0.764038681287,-2.52845011291049));
#1978=CARTESIAN_POINT('Ctrl Pts',(0.410302325655912,0.769541796087281,-2.59166136573325));
#1979=CARTESIAN_POINT('Ctrl Pts',(0.729458432728095,0.287155706791846,-2.63567047499563));
#1980=CARTESIAN_POINT('Ctrl Pts',(0.740083007002258,0.0219776691093024,
-2.65860916665042));
#1981=CARTESIAN_POINT('Ctrl Pts',(0.739950106669521,0.00036907880712768,
-2.66047744069762));
#1982=CARTESIAN_POINT('Ctrl Pts',(0.739936875460358,0.000378734013448557,
-2.33952255930239));
#1983=CARTESIAN_POINT('Ctrl Pts',(0.738546018129678,-0.221068150850922,
-2.35866790256911));
#1984=CARTESIAN_POINT('Ctrl Pts',(0.515666914957129,-0.688658609835119,
-2.39888366344342));
#1985=CARTESIAN_POINT('Ctrl Pts',(-0.277909844446625,-0.826624905788795,
-2.46016984192531));
#1986=CARTESIAN_POINT('Ctrl Pts',(-0.844208585484849,-0.218756670079714,
-2.52338109474808));
#1987=CARTESIAN_POINT('Ctrl Pts',(-0.644381784070721,0.587634863557745,
-2.58659234757084));
#1988=CARTESIAN_POINT('Ctrl Pts',(0.140226257851717,0.860743407247243,-2.6498036003936));
#1989=CARTESIAN_POINT('Ctrl Pts',(0.670347748817133,0.451048504678685,-2.70078033763745));
#1990=CARTESIAN_POINT('Ctrl Pts',(0.738326589995789,0.103218840705249,-2.73068665727372));
#1991=CARTESIAN_POINT('Ctrl Pts',(0.737938131653524,0.000306723911881338,
-2.73952255930239));
#1992=CARTESIAN_POINT('Origin',(0.,0.,0.739522559302382));
#1993=CARTESIAN_POINT('',(0.737900203067577,0.000258976364946242,-1.86047744069761));
#1994=CARTESIAN_POINT('',(0.738971519033405,-0.000659155808277884,-1.93952255930239));
#1995=CARTESIAN_POINT('',(0.739,-7.41708847601504E-14,0.739522559302382));
#1996=CARTESIAN_POINT('Ctrl Pts',(0.737900203067577,0.000258976364946205,
-1.86047744069761));
#1997=CARTESIAN_POINT('Ctrl Pts',(0.737457836237152,-0.138980451436928,
-1.87243082202603));
#1998=CARTESIAN_POINT('Ctrl Pts',(0.632840481388121,-0.524276015323075,
-1.90545462096204));
#1999=CARTESIAN_POINT('Ctrl Pts',(0.012720272465081,-0.871998147384062,
-1.95954883750563));
#2000=CARTESIAN_POINT('Ctrl Pts',(-0.72345870379637,-0.486980572777997,
-2.02276009032839));
#2001=CARTESIAN_POINT('Ctrl Pts',(-0.803093549354818,0.339975477567498,
-2.08597134315115));
#2002=CARTESIAN_POINT('Ctrl Pts',(-0.153915052194889,0.858401264603605,
-2.14918259597392));
#2003=CARTESIAN_POINT('Ctrl Pts',(0.572012931888104,0.618608783307543,-2.20735129515607));
#2004=CARTESIAN_POINT('Ctrl Pts',(0.737277579200143,0.185370596548828,-2.24444957673064));
#2005=CARTESIAN_POINT('Ctrl Pts',(0.738951913983096,-0.000659380051589286,
-2.26047744069762));
#2006=CARTESIAN_POINT('Ctrl Pts',(0.738971519033405,-0.000659155808277936,
-1.93952255930239));
#2007=CARTESIAN_POINT('Ctrl Pts',(0.739493449726733,-0.0585231803392837,
-1.94450831264933));
#2008=CARTESIAN_POINT('Ctrl Pts',(0.706933737490781,-0.360347250146038,
-1.97056448360386));
#2009=CARTESIAN_POINT('Ctrl Pts',(0.293237293226916,-0.821312672721516,
-2.01769107216598));
#2010=CARTESIAN_POINT('Ctrl Pts',(-0.527771918986053,-0.694261779187132,
-2.08090232498874));
#2011=CARTESIAN_POINT('Ctrl Pts',(-0.86982420671754,0.0628368197695803,
-2.1441135778115));
#2012=CARTESIAN_POINT('Ctrl Pts',(-0.422504586051838,0.762910539497291,
-2.20732483063427));
#2013=CARTESIAN_POINT('Ctrl Pts',(0.408241074982515,0.770637295494932,-2.27053608345703));
#2014=CARTESIAN_POINT('Ctrl Pts',(0.729100808567654,0.288485703156591,-2.31460199301307));
#2015=CARTESIAN_POINT('Ctrl Pts',(0.740076726896908,0.0226453348248312,
-2.33759748496152));
#2016=CARTESIAN_POINT('Ctrl Pts',(0.739936875460358,0.000378734013448557,
-2.33952255930239));
#2017=CARTESIAN_POINT('Origin',(0.,0.,0.739522559302382));
#2018=CARTESIAN_POINT('',(0.739867267396806,0.000424557134260486,-1.46047744069762));
#2019=CARTESIAN_POINT('',(0.737893358873656,0.000249123703493712,-1.53952255930239));
#2020=CARTESIAN_POINT('',(0.739,-7.41708847601504E-14,0.739522559302382));
#2021=CARTESIAN_POINT('Ctrl Pts',(0.739867267396806,0.000424557134260464,
-1.46047744069761));
#2022=CARTESIAN_POINT('Ctrl Pts',(0.738365785210226,-0.217824668055721,
-1.47934164971384));
#2023=CARTESIAN_POINT('Ctrl Pts',(0.521113205100905,-0.68244778442609,-1.51927627633766));
#2024=CARTESIAN_POINT('Ctrl Pts',(-0.266934527273907,-0.830234022964206,
-1.58028132056905));
#2025=CARTESIAN_POINT('Ctrl Pts',(-0.841236444311713,-0.229921332420871,
-1.64349257339182));
#2026=CARTESIAN_POINT('Ctrl Pts',(-0.65211005894826,0.579046669355678,-1.70670382621458));
#2027=CARTESIAN_POINT('Ctrl Pts',(0.12881103356292,0.862525531248203,-1.76991507903734));
#2028=CARTESIAN_POINT('Ctrl Pts',(0.667266795592619,0.457668992431818,-1.82117295053169));
#2029=CARTESIAN_POINT('Ctrl Pts',(0.738237603367198,0.106459128429256,-1.85136040441844));
#2030=CARTESIAN_POINT('Ctrl Pts',(0.737900203067577,0.000258976364946205,
-1.86047744069761));
#2031=CARTESIAN_POINT('Ctrl Pts',(0.737893358873656,0.000249123703493642,
-1.53952255930239));
#2032=CARTESIAN_POINT('Ctrl Pts',(0.737470074078146,-0.13833189333709,-1.55141914033714));
#2033=CARTESIAN_POINT('Ctrl Pts',(0.633591371819285,-0.522947119340959,
-1.58438613897948));
#2034=CARTESIAN_POINT('Ctrl Pts',(0.0150542590596533,-0.87196100019056,
-1.63842355522941));
#2035=CARTESIAN_POINT('Ctrl Pts',(-0.722152656844558,-0.488915285826133,
-1.70163480805217));
#2036=CARTESIAN_POINT('Ctrl Pts',(-0.804000689306063,0.337824670642589,
-1.76484606087493));
#2037=CARTESIAN_POINT('Ctrl Pts',(-0.156212142836538,0.857986237039965,
-1.82805731369769));
#2038=CARTESIAN_POINT('Ctrl Pts',(0.571064575820286,0.619905408281778,-1.88628281317352));
#2039=CARTESIAN_POINT('Ctrl Pts',(0.737287705297483,0.186017428969327,-1.92343789504174));
#2040=CARTESIAN_POINT('Ctrl Pts',(0.738971519033405,-0.000659155808277936,
-1.93952255930239));
#2041=CARTESIAN_POINT('Origin',(0.,0.,0.739522559302382));
#2042=CARTESIAN_POINT('',(0.739068844925676,-0.000655291249169389,-1.06047744069762));
#2043=CARTESIAN_POINT('',(0.739852466302183,0.000433399533946843,-1.13952255930239));
#2044=CARTESIAN_POINT('',(0.739,-7.41708847601504E-14,0.739522559302382));
#2045=CARTESIAN_POINT('Ctrl Pts',(0.739068844925676,-0.000655291249169318,
-1.06047744069762));
#2046=CARTESIAN_POINT('Ctrl Pts',(0.739564664921074,-0.0552380844711745,
-1.06518205979406));
#2047=CARTESIAN_POINT('Ctrl Pts',(0.709214210735011,-0.353732707236455,
-1.0909570964981));
#2048=CARTESIAN_POINT('Ctrl Pts',(0.304092094790174,-0.817355819578114,
-1.13780255080972));
#2049=CARTESIAN_POINT('Ctrl Pts',(-0.518528180222978,-0.70119263712935,
-1.20101380363248));
#2050=CARTESIAN_POINT('Ctrl Pts',(-0.87058029844243,0.0513080946341465,
-1.26422505645524));
#2051=CARTESIAN_POINT('Ctrl Pts',(-0.432574346097933,0.757246330043867,
-1.32743630927801));
#2052=CARTESIAN_POINT('Ctrl Pts',(0.397996026666593,0.775977924577972,-1.39064756210077));
#2053=CARTESIAN_POINT('Ctrl Pts',(0.727302629736637,0.295070655203434,-1.4349946059073));
#2054=CARTESIAN_POINT('Ctrl Pts',(0.740042868870314,0.0259492592438483,
-1.45827123210625));
#2055=CARTESIAN_POINT('Ctrl Pts',(0.739867267396806,0.000424557134260464,
-1.46047744069761));
#2056=CARTESIAN_POINT('Ctrl Pts',(0.739852466302183,0.00043339953394683,
-1.13952255930239));
#2057=CARTESIAN_POINT('Ctrl Pts',(0.738331124506406,-0.217170154026974,
-1.15832996802495));
#2058=CARTESIAN_POINT('Ctrl Pts',(0.522204663271369,-0.68119008342887,-1.1982077943551));
#2059=CARTESIAN_POINT('Ctrl Pts',(-0.264711334010278,-0.830945562875281,
-1.25915603829283));
#2060=CARTESIAN_POINT('Ctrl Pts',(-0.840618035981339,-0.23217220802515,
-1.32236729111559));
#2061=CARTESIAN_POINT('Ctrl Pts',(-0.653657644786355,0.577299141895578,
-1.38557854393836));
#2062=CARTESIAN_POINT('Ctrl Pts',(0.126501898687528,0.862867247328619,-1.44878979676112));
#2063=CARTESIAN_POINT('Ctrl Pts',(0.666637281894583,0.459006369435383,-1.50010446854913));
#2064=CARTESIAN_POINT('Ctrl Pts',(0.738219767404513,0.107113406703275,-1.53034872272955));
#2065=CARTESIAN_POINT('Ctrl Pts',(0.737893358873656,0.000249123703493642,
-1.53952255930239));
#2066=CARTESIAN_POINT('Origin',(0.,0.,0.739522559302382));
#2067=CARTESIAN_POINT('',(0.73786323563389,0.00020027384774863,-0.660477440697615));
#2068=CARTESIAN_POINT('',(0.739088584144091,-0.000653957812318251,-0.739522559302387));
#2069=CARTESIAN_POINT('',(0.739,-7.41708847601504E-14,0.739522559302382));
#2070=CARTESIAN_POINT('Ctrl Pts',(0.73786323563389,0.000200273847748714,
-0.660477440697615));
#2071=CARTESIAN_POINT('Ctrl Pts',(0.737533162930846,-0.135120010749216,
-0.672092887481871));
#2072=CARTESIAN_POINT('Ctrl Pts',(0.637270204630351,-0.516367233529349,
-0.704778751873715));
#2073=CARTESIAN_POINT('Ctrl Pts',(0.0266043014930678,-0.871684041367136,
-0.758535033873147));
#2074=CARTESIAN_POINT('Ctrl Pts',(-0.715612152194784,-0.498439783116723,
-0.821746286695908));
#2075=CARTESIAN_POINT('Ctrl Pts',(-0.808405573105178,0.327144086412302,
-0.884957539518671));
#2076=CARTESIAN_POINT('Ctrl Pts',(-0.16756479530442,0.85584131716478,-0.948168792341432));
#2077=CARTESIAN_POINT('Ctrl Pts',(0.566328565236284,0.626313450982717,-1.00667542606775));
#2078=CARTESIAN_POINT('Ctrl Pts',(0.737344052763733,0.189220015918874,-1.04411164218648));
#2079=CARTESIAN_POINT('Ctrl Pts',(0.739068844925676,-0.000655291249169318,
-1.06047744069762));
#2080=CARTESIAN_POINT('Ctrl Pts',(0.739088584144091,-0.000653957812318234,
-0.739522559302387));
#2081=CARTESIAN_POINT('Ctrl Pts',(0.739578719257167,-0.0545740886667656,
-0.74417037810517));
#2082=CARTESIAN_POINT('Ctrl Pts',(0.709668851244486,-0.352396724326198,
-0.76988861451554));
#2083=CARTESIAN_POINT('Ctrl Pts',(0.306278744339303,-0.816538850341584,
-0.816677268533496));
#2084=CARTESIAN_POINT('Ctrl Pts',(-0.51664946876368,-0.702578123387798,
-0.879888521356259));
#2085=CARTESIAN_POINT('Ctrl Pts',(-0.870714549609697,0.04897770791552,-0.943099774179021));
#2086=CARTESIAN_POINT('Ctrl Pts',(-0.434599683810326,0.756085772224023,
-1.00631102700178));
#2087=CARTESIAN_POINT('Ctrl Pts',(0.395917589162485,0.777040470475257,-1.06952227982454));
#2088=CARTESIAN_POINT('Ctrl Pts',(0.726933672130152,0.296401517205529,-1.11392612392475));
#2089=CARTESIAN_POINT('Ctrl Pts',(0.740035522354816,0.0266166330875909,
-1.13725955041736));
#2090=CARTESIAN_POINT('Ctrl Pts',(0.739852466302183,0.00043339953394683,
-1.13952255930239));
#2091=CARTESIAN_POINT('Origin',(0.,0.,0.739522559302382));
#2092=CARTESIAN_POINT('',(0.739767264865884,0.000526752543554229,-0.260477440697615));
#2093=CARTESIAN_POINT('',(0.737856390647256,0.000194472378616251,-0.339522559302387));
#2094=CARTESIAN_POINT('',(0.739,-7.41708847601504E-14,0.739522559302382));
#2095=CARTESIAN_POINT('Ctrl Pts',(0.739767264865884,0.000526752543554242,
-0.260477440697615));
#2096=CARTESIAN_POINT('Ctrl Pts',(0.738157895473101,-0.213872683903019,
-0.27900371516968));
#2097=CARTESIAN_POINT('Ctrl Pts',(0.527575918336483,-0.675032431311489,
-0.318600407249332));
#2098=CARTESIAN_POINT('Ctrl Pts',(-0.253687335776164,-0.834333750103421,
-0.379267516936572));
#2099=CARTESIAN_POINT('Ctrl Pts',(-0.83746458389202,-0.243312214743489,
-0.442478769759335));
#2100=CARTESIAN_POINT('Ctrl Pts',(-0.661250236336097,0.568601668433886,
-0.505690022582097));
#2101=CARTESIAN_POINT('Ctrl Pts',(0.115060826839308,0.864460674666205,-0.568901275404859));
#2102=CARTESIAN_POINT('Ctrl Pts',(0.663485948736938,0.465625963024182,-0.620497081443365));
#2103=CARTESIAN_POINT('Ctrl Pts',(0.738131914732923,0.110350952201629,-0.651022469874284));
#2104=CARTESIAN_POINT('Ctrl Pts',(0.73786323563389,0.000200273847748714,
-0.660477440697615));
#2105=CARTESIAN_POINT('Ctrl Pts',(0.737856390647256,0.000194472378616294,
-0.339522559302387));
#2106=CARTESIAN_POINT('Ctrl Pts',(0.737545671284454,-0.134468715718017,
-0.351081205792978));
#2107=CARTESIAN_POINT('Ctrl Pts',(0.638008771210226,-0.515044756797091,
-0.383710269891157));
#2108=CARTESIAN_POINT('Ctrl Pts',(0.0289353881464536,-0.871604296658467,
-0.437409751596923));
#2109=CARTESIAN_POINT('Ctrl Pts',(-0.71427440153844,-0.500356318092053,
-0.500621004419686));
#2110=CARTESIAN_POINT('Ctrl Pts',(-0.809278907401593,0.324980616782184,
-0.563832257242447));
#2111=CARTESIAN_POINT('Ctrl Pts',(-0.169854691065915,0.855388967225756,
-0.627043510065211));
#2112=CARTESIAN_POINT('Ctrl Pts',(0.565363093063647,0.627606491065959,-0.685606944085189));
#2113=CARTESIAN_POINT('Ctrl Pts',(0.737356741173499,0.18986738436975,-0.723099960497582));
#2114=CARTESIAN_POINT('Ctrl Pts',(0.739088584144091,-0.000653957812318234,
-0.739522559302387));
#2115=CARTESIAN_POINT('Ctrl Pts',(0.324968229607116,0.66371428321682,0.131491523807937));
#2116=CARTESIAN_POINT('Ctrl Pts',(0.544639966592128,0.556158460978444,0.11042110620035));
#2117=CARTESIAN_POINT('Ctrl Pts',(0.865164847845156,0.107809501585668,0.0682802709851749));
#2118=CARTESIAN_POINT('Ctrl Pts',(0.562306127604116,-0.667343978957111,
0.0050690181624128));
#2119=CARTESIAN_POINT('Ctrl Pts',(-0.251547227391087,-0.834754693484267,
-0.0581422346603496));
#2120=CARTESIAN_POINT('Ctrl Pts',(-0.836760904491715,-0.245686777226934,
-0.121353487483112));
#2121=CARTESIAN_POINT('Ctrl Pts',(-0.662795878531041,0.566900175016854,
-0.184564740305874));
#2122=CARTESIAN_POINT('Ctrl Pts',(0.112760287924458,0.864728450299162,-0.247775993128636));
#2123=CARTESIAN_POINT('Ctrl Pts',(0.785933506729336,0.377963374006549,-0.310987245951399));
#2124=CARTESIAN_POINT('Ctrl Pts',(0.745893734512115,-0.451887485534664,
-0.37419849877416));
#2125=CARTESIAN_POINT('Ctrl Pts',(0.0289353881464536,-0.871604296658467,
-0.437409751596923));
#2126=CARTESIAN_POINT('Ctrl Pts',(-0.71427440153844,-0.500356318092053,
-0.500621004419686));
#2127=CARTESIAN_POINT('Ctrl Pts',(-0.809278907401593,0.324980616782184,
-0.563832257242447));
#2128=CARTESIAN_POINT('Ctrl Pts',(-0.169854691065915,0.855388967225756,
-0.627043510065211));
#2129=CARTESIAN_POINT('Ctrl Pts',(0.623712797079495,0.609528799869117,-0.690254762887971));
#2130=CARTESIAN_POINT('Ctrl Pts',(0.851256892759608,-0.189485008143159,
-0.753466015710735));
#2131=CARTESIAN_POINT('Ctrl Pts',(0.306278744339303,-0.816538850341584,
-0.816677268533496));
#2132=CARTESIAN_POINT('Ctrl Pts',(-0.51664946876368,-0.702578123387798,
-0.879888521356259));
#2133=CARTESIAN_POINT('Ctrl Pts',(-0.870714549609697,0.04897770791552,-0.943099774179021));
#2134=CARTESIAN_POINT('Ctrl Pts',(-0.434599683810326,0.756085772224023,
-1.00631102700178));
#2135=CARTESIAN_POINT('Ctrl Pts',(0.395917589162485,0.777040470475257,-1.06952227982454));
#2136=CARTESIAN_POINT('Ctrl Pts',(0.867136730947889,0.0928251506700296,
-1.13273353264731));
#2137=CARTESIAN_POINT('Ctrl Pts',(0.551422861837302,-0.675629661033192,
-1.19594478547007));
#2138=CARTESIAN_POINT('Ctrl Pts',(-0.264711334010278,-0.830945562875281,
-1.25915603829283));
#2139=CARTESIAN_POINT('Ctrl Pts',(-0.840618035981339,-0.23217220802515,
-1.32236729111559));
#2140=CARTESIAN_POINT('Ctrl Pts',(-0.653657644786355,0.577299141895578,
-1.38557854393836));
#2141=CARTESIAN_POINT('Ctrl Pts',(0.126501898687528,0.862867247328619,-1.44878979676112));
#2142=CARTESIAN_POINT('Ctrl Pts',(0.791860032662739,0.365376935723489,-1.51200104958388));
#2143=CARTESIAN_POINT('Ctrl Pts',(0.738599323355048,-0.463695650141235,
-1.57521230240664));
#2144=CARTESIAN_POINT('Ctrl Pts',(0.0150542590596533,-0.87196100019056,
-1.63842355522941));
#2145=CARTESIAN_POINT('Ctrl Pts',(-0.722152656844558,-0.488915285826133,
-1.70163480805217));
#2146=CARTESIAN_POINT('Ctrl Pts',(-0.804000689306063,0.337824670642589,
-1.76484606087493));
#2147=CARTESIAN_POINT('Ctrl Pts',(-0.156212142836538,0.857986237039965,
-1.82805731369769));
#2148=CARTESIAN_POINT('Ctrl Pts',(0.633340079969514,0.599518940161962,-1.89126856652046));
#2149=CARTESIAN_POINT('Ctrl Pts',(0.848131490496723,-0.20301623417149,-1.95447981934321));
#2150=CARTESIAN_POINT('Ctrl Pts',(0.293237293226916,-0.821312672721516,
-2.01769107216598));
#2151=CARTESIAN_POINT('Ctrl Pts',(-0.527771918986053,-0.694261779187132,
-2.08090232498874));
#2152=CARTESIAN_POINT('Ctrl Pts',(-0.86982420671754,0.0628368197695803,
-2.1441135778115));
#2153=CARTESIAN_POINT('Ctrl Pts',(-0.422504586051838,0.762910539497291,
-2.20732483063427));
#2154=CARTESIAN_POINT('Ctrl Pts',(0.408241074982515,0.770637295494932,-2.27053608345703));
#2155=CARTESIAN_POINT('Ctrl Pts',(0.868504937560934,0.079004999480776,-2.33374733627979));
#2156=CARTESIAN_POINT('Ctrl Pts',(0.540594138270401,-0.684324918571874,
-2.39695858910255));
#2157=CARTESIAN_POINT('Ctrl Pts',(-0.277909844446625,-0.826624905788795,
-2.46016984192531));
#2158=CARTESIAN_POINT('Ctrl Pts',(-0.844208585484849,-0.218756670079714,
-2.52338109474808));
#2159=CARTESIAN_POINT('Ctrl Pts',(-0.644381784070721,0.587634863557745,
-2.58659234757084));
#2160=CARTESIAN_POINT('Ctrl Pts',(0.140226257851717,0.860743407247243,-2.6498036003936));
#2161=CARTESIAN_POINT('Ctrl Pts',(0.797577932438101,0.352720935299361,-2.71301485321637));
#2162=CARTESIAN_POINT('Ctrl Pts',(0.731121727498802,-0.47539839723106,-2.77622610603913));
#2163=CARTESIAN_POINT('Ctrl Pts',(0.00116714110555588,-0.872090164084159,
-2.83943735886189));
#2164=CARTESIAN_POINT('Ctrl Pts',(-0.72984663448333,-0.477353649450854,
-2.90264861168466));
#2165=CARTESIAN_POINT('Ctrl Pts',(-0.798519184971512,0.350584836727321,
-2.96585986450741));
#2166=CARTESIAN_POINT('Ctrl Pts',(-0.142529662290235,0.860364987594291,
-3.02907111733018));
#2167=CARTESIAN_POINT('Ctrl Pts',(0.642806584311111,0.58935754146102,-3.09228237015294));
#2168=CARTESIAN_POINT('Ctrl Pts',(0.844791095849897,-0.21649623757337,-3.1554936229757));
#2169=CARTESIAN_POINT('Ctrl Pts',(0.280121432466724,-0.825878077916759,
-3.21870487579847));
#2170=CARTESIAN_POINT('Ctrl Pts',(-0.538760505099663,-0.685769447158045,
-3.28191612862123));
#2171=CARTESIAN_POINT('Ctrl Pts',(-0.868713294919553,0.0766800348246251,
-3.34512738144399));
#2172=CARTESIAN_POINT('Ctrl Pts',(-0.410302337024684,0.769541817410051,
-3.40833863426675));
#2173=CARTESIAN_POINT('Ctrl Pts',(0.420461029892387,0.764038702457247,-3.47154988708951));
#2174=CARTESIAN_POINT('Ctrl Pts',(0.869652898787574,0.0651648075348012,
-3.53476113991228));
#2175=CARTESIAN_POINT('Ctrl Pts',(0.529628322500292,-0.692846632752264,
-3.59797239273503));
#2176=CARTESIAN_POINT('Ctrl Pts',(-0.291037878203374,-0.82209462348428,
-3.6611836455578));
#2177=CARTESIAN_POINT('Ctrl Pts',(-0.847585049384572,-0.205285656026685,
-3.72439489838056));
#2178=CARTESIAN_POINT('Ctrl Pts',(-0.634942512122776,0.597821564356391,
-3.78760615120333));
#2179=CARTESIAN_POINT('Ctrl Pts',(0.153915056459664,0.858401288388493,-3.85081740402608));
#2180=CARTESIAN_POINT('Ctrl Pts',(0.803093571607247,0.339975486987635,-3.91402865684885));
#2181=CARTESIAN_POINT('Ctrl Pts',(0.723458723842211,-0.486980586271476,
-3.97723990967161));
#2182=CARTESIAN_POINT('Ctrl Pts',(-0.0127202728175734,-0.871998171545691,
-4.04045116249438));
#2183=CARTESIAN_POINT('Ctrl Pts',(-0.737355527702503,-0.465670959225462,
-4.10366241531714));
#2184=CARTESIAN_POINT('Ctrl Pts',(-0.792835181294613,0.363256096719162,
-4.16687366813989));
#2185=CARTESIAN_POINT('Ctrl Pts',(-0.128811037132033,0.862525555147282,
-4.23008492096267));
#2186=CARTESIAN_POINT('Ctrl Pts',(0.652110077017204,0.579046685400281,-4.29329617378542));
#2187=CARTESIAN_POINT('Ctrl Pts',(0.841236467620974,-0.229921338792002,
-4.35650742660818));
#2188=CARTESIAN_POINT('Ctrl Pts',(0.266934534670229,-0.830234045968007,
-4.41971867943095));
#2189=CARTESIAN_POINT('Ctrl Pts',(-0.549612464932873,-0.677103207946491,
-4.48292993225371));
#2190=CARTESIAN_POINT('Ctrl Pts',(-0.867382083141871,0.0905038034607593,
-4.54614118507647));
#2191=CARTESIAN_POINT('Ctrl Pts',(-0.397996037694541,0.775977946075186,
-4.60935243789923));
#2192=CARTESIAN_POINT('Ctrl Pts',(0.432574358084148,0.757246351032973,-4.67256369072199));
#2193=CARTESIAN_POINT('Ctrl Pts',(0.870580322564409,0.0513080960429719,
-4.73577494354475));
#2194=CARTESIAN_POINT('Ctrl Pts',(0.518528194591069,-0.701192656535115,
-4.79898619636752));
#2195=CARTESIAN_POINT('Ctrl Pts',(-0.304092103216796,-0.817355842267502,
-4.86219744919028));
#2196=CARTESIAN_POINT('Ctrl Pts',(-0.850746577613206,-0.191762622672129,
-4.92540870201304));
#2197=CARTESIAN_POINT('Ctrl Pts',(-0.625342210571987,0.607856736997998,
-4.98861995483581));
#2198=CARTESIAN_POINT('Ctrl Pts',(0.167564799945013,0.855841341120306,-5.05183120765857));
#2199=CARTESIAN_POINT('Ctrl Pts',(0.808405595513821,0.32714409504636,-5.11504246048133));
#2200=CARTESIAN_POINT('Ctrl Pts',(0.715612171997553,-0.498439796163543,
-5.17825371330409));
#2201=CARTESIAN_POINT('Ctrl Pts',(-0.0266043021654036,-0.871684066869951,
-5.24146496612686));
#2202=CARTESIAN_POINT('Ctrl Pts',(-0.74467773356791,-0.453872035244965,
-5.30467621894962));
#2203=CARTESIAN_POINT('Ctrl Pts',(-0.786949548099857,0.375838761296864,
-5.36788747177238));
#2204=CARTESIAN_POINT('Ctrl Pts',(-0.115060830801868,0.864460705790538,
-5.43109872459514));
#2205=CARTESIAN_POINT('Ctrl Pts',(0.661250256337197,0.568601671876947,-5.49430997741791));
#2206=CARTESIAN_POINT('Ctrl Pts',(0.837464603513929,-0.243312200580946,
-5.55752123024067));
#2207=CARTESIAN_POINT('Ctrl Pts',(0.253687350356529,-0.834333808231862,
-5.62073248306343));
#2208=CARTESIAN_POINT('Ctrl Pts',(-0.560339098463382,-0.668351913115476,
-5.68394373588619));
#2209=CARTESIAN_POINT('Ctrl Pts',(-0.865804248183456,0.104469170655433,
-5.74715498870896));
#2210=CARTESIAN_POINT('Ctrl Pts',(-0.385639395706306,0.781903870294442,
-5.81036624153171));
#2211=CARTESIAN_POINT('Ctrl Pts',(0.444674003698613,0.750866964132855,-5.87357749435448));
#2212=CARTESIAN_POINT('Ctrl Pts',(0.871104126581327,0.0362036356194515,
-5.93678874717724));
#2213=CARTESIAN_POINT('Ctrl Pts',(0.628826895951454,-0.458826396206063,
-5.97892958239242));
#2214=CARTESIAN_POINT('Ctrl Pts',(0.429877377952325,-0.601104350279412,
-6.));
#2215=CARTESIAN_POINT('Ctrl Pts',(0.358351862576447,0.731896930038037,0.0876610158719582));
#2216=CARTESIAN_POINT('Ctrl Pts',(0.600590238306762,0.613292015100164,0.0665905982643708));
#2217=CARTESIAN_POINT('Ctrl Pts',(0.95404229218288,0.118884654488761,0.0244497630491959));
#2218=CARTESIAN_POINT('Ctrl Pts',(0.620071224835443,-0.735899500476041,
-0.0387614897735664));
#2219=CARTESIAN_POINT('Ctrl Pts',(-0.277388400615399,-0.920508135721997,
-0.101972742596329));
#2220=CARTESIAN_POINT('Ctrl Pts',(-0.922720442605374,-0.270925912776529,
-0.165183995419091));
#2221=CARTESIAN_POINT('Ctrl Pts',(-0.730884178637246,0.625137213744898,
-0.228395248241853));
#2222=CARTESIAN_POINT('Ctrl Pts',(0.12434402972634,0.953561063991376,-0.291606501064615));
#2223=CARTESIAN_POINT('Ctrl Pts',(0.866671601523021,0.416791140551433,-0.354817753887378));
#2224=CARTESIAN_POINT('Ctrl Pts',(0.822518587031349,-0.498309395697271,
-0.41802900671014));
#2225=CARTESIAN_POINT('Ctrl Pts',(0.0319078891164018,-0.961143258572752,
-0.481240259532903));
#2226=CARTESIAN_POINT('Ctrl Pts',(-0.787651034353221,-0.551757378735029,
-0.544451512355664));
#2227=CARTESIAN_POINT('Ctrl Pts',(-0.892415249828622,0.358365522272541,
-0.607662765178427));
#2228=CARTESIAN_POINT('Ctrl Pts',(-0.187303678837805,0.943262145974364,
-0.670874018001189));
#2229=CARTESIAN_POINT('Ctrl Pts',(0.687786134713614,0.672145030888604,-0.734085270823952));
#2230=CARTESIAN_POINT('Ctrl Pts',(0.938705587990101,-0.20895059704915,-0.797296523646713));
#2231=CARTESIAN_POINT('Ctrl Pts',(0.337742426803577,-0.900420998814876,
-0.860507776469476));
#2232=CARTESIAN_POINT('Ctrl Pts',(-0.569724307063595,-0.774753210262667,
-0.923719029292237));
#2233=CARTESIAN_POINT('Ctrl Pts',(-0.960162108776865,0.054009134608231,
-0.986930282115002));
#2234=CARTESIAN_POINT('Ctrl Pts',(-0.479245636894593,0.833757641698092,
-1.05014153493776));
#2235=CARTESIAN_POINT('Ctrl Pts',(0.436589772713111,0.856864993321783,-1.11335278776052));
#2236=CARTESIAN_POINT('Ctrl Pts',(0.956216744693211,0.102360977492366,-1.17656404058329));
#2237=CARTESIAN_POINT('Ctrl Pts',(0.608069933007108,-0.74503636166481,-1.23977529340605));
#2238=CARTESIAN_POINT('Ctrl Pts',(-0.291904841597477,-0.916307697266283,
-1.30298654622881));
#2239=CARTESIAN_POINT('Ctrl Pts',(-0.926973813020015,-0.256023006571721,
-1.36619779905157));
#2240=CARTESIAN_POINT('Ctrl Pts',(-0.720807184073729,0.636604455186829,
-1.42940905187434));
#2241=CARTESIAN_POINT('Ctrl Pts',(0.139497301225221,0.951508661662897,-1.4926203046971));
#2242=CARTESIAN_POINT('Ctrl Pts',(0.873206953023103,0.402911711145701,-1.55583155751986));
#2243=CARTESIAN_POINT('Ctrl Pts',(0.814474828945541,-0.511330600217757,
-1.61904281034262));
#2244=CARTESIAN_POINT('Ctrl Pts',(0.0166007667280591,-0.96153660587094,
-1.68225406316539));
#2245=CARTESIAN_POINT('Ctrl Pts',(-0.796338614262843,-0.539141021661458,
-1.74546531598815));
#2246=CARTESIAN_POINT('Ctrl Pts',(-0.886594806125848,0.372529031823839,
-1.80867656881091));
#2247=CARTESIAN_POINT('Ctrl Pts',(-0.172259646459019,0.946126230493212,
-1.87188782163367));
#2248=CARTESIAN_POINT('Ctrl Pts',(0.698402417909543,0.661106869174998,-1.93509907445644));
#2249=CARTESIAN_POINT('Ctrl Pts',(0.935259116550233,-0.223871871218193,
-1.9983103272792));
#2250=CARTESIAN_POINT('Ctrl Pts',(0.323361241595183,-0.905685230778492,
-2.06152158010196));
#2251=CARTESIAN_POINT('Ctrl Pts',(-0.581989354506602,-0.765582537062587,
-2.12473283292472));
#2252=CARTESIAN_POINT('Ctrl Pts',(-0.959180301927248,0.0692919779574485,
-2.18794408574748));
#2253=CARTESIAN_POINT('Ctrl Pts',(-0.465908022891407,0.841283509894448,
-2.25115533857025));
#2254=CARTESIAN_POINT('Ctrl Pts',(0.450179236835131,0.849804027136331,-2.31436659139301));
#2255=CARTESIAN_POINT('Ctrl Pts',(0.9577255056843,0.0871210971946979,-2.37757784421577));
#2256=CARTESIAN_POINT('Ctrl Pts',(0.596128786439593,-0.75462487355822,-2.44078909703853));
#2257=CARTESIAN_POINT('Ctrl Pts',(-0.306459220663449,-0.911543183774093,
-2.5040003498613));
#2258=CARTESIAN_POINT('Ctrl Pts',(-0.930933215770898,-0.241229304996571,
-2.56721160268406));
#2259=CARTESIAN_POINT('Ctrl Pts',(-0.710578424270144,0.648001954299857,
-2.63042285550682));
#2260=CARTESIAN_POINT('Ctrl Pts',(0.15463154888722,0.949166641798693,-2.69363410832958));
#2261=CARTESIAN_POINT('Ctrl Pts',(0.87951224642672,0.388955573555765,-2.75684536115235));
#2262=CARTESIAN_POINT('Ctrl Pts',(0.806229067795538,-0.524235557794597,
-2.8200566139751));
#2263=CARTESIAN_POINT('Ctrl Pts',(0.00128704024259222,-0.961679038630918,
-2.88326786679787));
#2264=CARTESIAN_POINT('Ctrl Pts',(-0.804822985860673,-0.526391670949478,
-2.94647911962063));
#2265=CARTESIAN_POINT('Ctrl Pts',(-0.880550192809703,0.386600035899459,
-3.0096903724434));
#2266=CARTESIAN_POINT('Ctrl Pts',(-0.157171579559798,0.948749347506153,
-3.07290162526615));
#2267=CARTESIAN_POINT('Ctrl Pts',(0.708841405951545,0.649901601031503,-3.13611287808892));
#2268=CARTESIAN_POINT('Ctrl Pts',(0.93157556679253,-0.238736660716047,-3.19932413091167));
#2269=CARTESIAN_POINT('Ctrl Pts',(0.308898002716753,-0.9107196350866,-3.26253538373445));
#2270=CARTESIAN_POINT('Ctrl Pts',(-0.594106786126471,-0.75621779699578,
-3.3257466365572));
#2271=CARTESIAN_POINT('Ctrl Pts',(-0.957955267367875,0.0845572914467673,
-3.38895788937997));
#2272=CARTESIAN_POINT('Ctrl Pts',(-0.452452250086203,0.848596011778626,
-3.45216914220273));
#2273=CARTESIAN_POINT('Ctrl Pts',(0.463654534429136,0.842527567808915,-3.51538039502549));
#2274=CARTESIAN_POINT('Ctrl Pts',(0.958991395719857,0.0718591173751577,
-3.57859164784825));
#2275=CARTESIAN_POINT('Ctrl Pts',(0.584036464335861,-0.764022014172794,
-3.64180290067102));
#2276=CARTESIAN_POINT('Ctrl Pts',(-0.320935883057139,-0.906547510493099,
-3.70501415349378));
#2277=CARTESIAN_POINT('Ctrl Pts',(-0.934656540136639,-0.226374428313601,
-3.76822540631654));
#2278=CARTESIAN_POINT('Ctrl Pts',(-0.70016946617599,0.659235123798047,-3.83143665913931));
#2279=CARTESIAN_POINT('Ctrl Pts',(0.16972658289569,0.946583919615595,-3.89464791196206));
#2280=CARTESIAN_POINT('Ctrl Pts',(0.885594501211912,0.374900799193973,-3.95785916478483));
#2281=CARTESIAN_POINT('Ctrl Pts',(0.797778852103408,-0.537007572524661,
-4.02107041760758));
#2282=CARTESIAN_POINT('Ctrl Pts',(-0.014027012616483,-0.961577595798975,
-4.08428167043035));
#2283=CARTESIAN_POINT('Ctrl Pts',(-0.813103259517674,-0.513508830656953,
-4.14749292325311));
#2284=CARTESIAN_POINT('Ctrl Pts',(-0.874282277613899,0.400573000655911,
-4.21070417607588));
#2285=CARTESIAN_POINT('Ctrl Pts',(-0.142043654951988,0.951131867815207,
-4.27391542889864));
#2286=CARTESIAN_POINT('Ctrl Pts',(0.719100636349931,0.63853152193611,-4.3371266817214));
#2287=CARTESIAN_POINT('Ctrl Pts',(0.927655775469726,-0.253540907989053,
-4.40033793454416));
#2288=CARTESIAN_POINT('Ctrl Pts',(0.294356429244502,-0.915523087000575,
-4.46354918736693));
#2289=CARTESIAN_POINT('Ctrl Pts',(-0.606073555996672,-0.746661284450699,
-4.52676044018969));
#2290=CARTESIAN_POINT('Ctrl Pts',(-0.956487301651373,0.0998011608077011,
-4.58997169301245));
#2291=CARTESIAN_POINT('Ctrl Pts',(-0.438881738003494,0.855693316945107,
-4.65318294583521));
#2292=CARTESIAN_POINT('Ctrl Pts',(0.477012251658187,0.835037445506482,-4.71639419865797));
#2293=CARTESIAN_POINT('Ctrl Pts',(0.960014092733125,0.0565789209747746,
-4.77960545148074));
#2294=CARTESIAN_POINT('Ctrl Pts',(0.571796032352968,-0.773225415906275,
-4.8428167043035));
#2295=CARTESIAN_POINT('Ctrl Pts',(-0.335331154415535,-0.901321919433234,
-4.90602795712626));
#2296=CARTESIAN_POINT('Ctrl Pts',(-0.938142848723448,-0.211462188442809,
-4.96923920994902));
#2297=CARTESIAN_POINT('Ctrl Pts',(-0.68958293608294,0.670301198816347,-5.03245046277179));
#2298=CARTESIAN_POINT('Ctrl Pts',(0.184778549691272,0.943760991747348,-5.09566171559455));
#2299=CARTESIAN_POINT('Ctrl Pts',(0.891452223559949,0.360751252306996,-5.15887296841731));
#2300=CARTESIAN_POINT('Ctrl Pts',(0.789126232517379,-0.549643974592155,
-5.22208422124007));
#2301=CARTESIAN_POINT('Ctrl Pts',(-0.0293373332065185,-0.961231223491345,
-5.28529547406284));
#2302=CARTESIAN_POINT('Ctrl Pts',(-0.821177667631997,-0.500497816042015,
-5.3485067268856));
#2303=CARTESIAN_POINT('Ctrl Pts',(-0.86779201971905,0.414448268687637,-5.41171797970835));
#2304=CARTESIAN_POINT('Ctrl Pts',(-0.12688090487275,0.953265814380431,-5.47492923253113));
#2305=CARTESIAN_POINT('Ctrl Pts',(0.729179776355594,0.627013503527822,-5.53814048535388));
#2306=CARTESIAN_POINT('Ctrl Pts',(0.923496431863185,-0.268307398452976,
-5.60135173817665));
#2307=CARTESIAN_POINT('Ctrl Pts',(0.279748376086669,-0.920044013385132,
-5.6645629909994));
#2308=CARTESIAN_POINT('Ctrl Pts',(-0.617902124929336,-0.737010978614828,
-5.72777424382218));
#2309=CARTESIAN_POINT('Ctrl Pts',(-0.954747377422872,0.115201174993166,
-5.79098549664493));
#2310=CARTESIAN_POINT('Ctrl Pts',(-0.425255711616153,0.862228004917605,
-5.8541967494677));
#2311=CARTESIAN_POINT('Ctrl Pts',(0.490354880713653,0.828002711124856,-5.91740800229045));
#2312=CARTESIAN_POINT('Ctrl Pts',(0.960591706567298,0.0399227957513192,
-5.98061925511322));
#2313=CARTESIAN_POINT('Ctrl Pts',(0.693425599403396,-0.505961133118971,
-6.02276009032839));
#2314=CARTESIAN_POINT('Ctrl Pts',(0.474038213689201,-0.662855146750376,
-6.04383050793598));
#2315=CARTESIAN_POINT('Ctrl Pts',(0.391735495545777,0.800079576859254,0.0438305079359791));
#2316=CARTESIAN_POINT('Ctrl Pts',(0.656540510021397,0.670425569221883,0.0227600903283917));
#2317=CARTESIAN_POINT('Ctrl Pts',(1.0429197365206,0.129959807391854,-0.0193807448867833));
#2318=CARTESIAN_POINT('Ctrl Pts',(0.677836322066769,-0.804455021994973,
-0.0825919977095452));
#2319=CARTESIAN_POINT('Ctrl Pts',(-0.30322957383971,-1.00626157795973,-0.145803250532308));
#2320=CARTESIAN_POINT('Ctrl Pts',(-1.00867998071904,-0.296165048326125,
-0.20901450335507));
#2321=CARTESIAN_POINT('Ctrl Pts',(-0.79897247874345,0.683374252472941,-0.272225756177833));
#2322=CARTESIAN_POINT('Ctrl Pts',(0.135927771528223,1.04239367768359,-0.335437009000594));
#2323=CARTESIAN_POINT('Ctrl Pts',(0.947409696316707,0.455618907096317,-0.398648261823357));
#2324=CARTESIAN_POINT('Ctrl Pts',(0.899143439550583,-0.544731305859879,
-0.461859514646119));
#2325=CARTESIAN_POINT('Ctrl Pts',(0.0348803900863507,-1.05068222048703,
-0.525070767468881));
#2326=CARTESIAN_POINT('Ctrl Pts',(-0.861027667168002,-0.603158439378007,
-0.588282020291644));
#2327=CARTESIAN_POINT('Ctrl Pts',(-0.975551592255649,0.391750427762899,
-0.651493273114405));
#2328=CARTESIAN_POINT('Ctrl Pts',(-0.204752666609696,1.03113532472297,-0.714704525937169));
#2329=CARTESIAN_POINT('Ctrl Pts',(0.751859472347732,0.734761261908092,-0.77791577875993));
#2330=CARTESIAN_POINT('Ctrl Pts',(1.0261542832206,-0.228416185955142,-0.841127031582693));
#2331=CARTESIAN_POINT('Ctrl Pts',(0.36920610926785,-0.984303147288169,-0.904338284405454));
#2332=CARTESIAN_POINT('Ctrl Pts',(-0.62279914536351,-0.846928297137534,
-0.967549537228218));
#2333=CARTESIAN_POINT('Ctrl Pts',(-1.04960966794403,0.0590405613009418,
-1.03076079005098));
#2334=CARTESIAN_POINT('Ctrl Pts',(-0.523891589978859,0.911429511172161,
-1.09397204287374));
#2335=CARTESIAN_POINT('Ctrl Pts',(0.477261956263737,0.93668951616831,-1.1571832956965));
#2336=CARTESIAN_POINT('Ctrl Pts',(1.04529675843853,0.111896804314701,-1.22039454851927));
#2337=CARTESIAN_POINT('Ctrl Pts',(0.664717004176914,-0.814443062296428,
-1.28360580134203));
#2338=CARTESIAN_POINT('Ctrl Pts',(-0.319098349184676,-1.00166983165728,
-1.34681705416479));
#2339=CARTESIAN_POINT('Ctrl Pts',(-1.01332959005869,-0.279873805118292,
-1.41002830698755));
#2340=CARTESIAN_POINT('Ctrl Pts',(-0.787956723361101,0.695909768478079,
-1.47323955981032));
#2341=CARTESIAN_POINT('Ctrl Pts',(0.152492703762913,1.04015007599718,-1.53645081263308));
#2342=CARTESIAN_POINT('Ctrl Pts',(0.95455387338347,0.440446486567912,-1.59966206545584));
#2343=CARTESIAN_POINT('Ctrl Pts',(0.890350334536033,-0.558965550294279,
-1.6628733182786));
#2344=CARTESIAN_POINT('Ctrl Pts',(0.0181472743964654,-1.05111221155132,
-1.72608457110137));
#2345=CARTESIAN_POINT('Ctrl Pts',(-0.870524571681127,-0.589366757496784,
-1.78929582392413));
#2346=CARTESIAN_POINT('Ctrl Pts',(-0.969188922945633,0.407233393005089,
-1.85250707674689));
#2347=CARTESIAN_POINT('Ctrl Pts',(-0.1883071500815,1.03426622394646,-1.91571832956965));
#2348=CARTESIAN_POINT('Ctrl Pts',(0.763464755849571,0.722694798188034,-1.97892958239241));
#2349=CARTESIAN_POINT('Ctrl Pts',(1.02238674260374,-0.244727508264894,-2.04214083521518));
#2350=CARTESIAN_POINT('Ctrl Pts',(0.353485189963451,-0.990057788835471,
-2.10535208803794));
#2351=CARTESIAN_POINT('Ctrl Pts',(-0.636206790027152,-0.83690329493804,
-2.1685633408607));
#2352=CARTESIAN_POINT('Ctrl Pts',(-1.04853639713695,0.0757471361453152,
-2.23177459368346));
#2353=CARTESIAN_POINT('Ctrl Pts',(-0.509311459730976,0.919656480291606,
-2.29498584650622));
#2354=CARTESIAN_POINT('Ctrl Pts',(0.492117398687748,0.928970758777728,-2.35819709932899));
#2355=CARTESIAN_POINT('Ctrl Pts',(1.04694607380766,0.0952371949086214,-2.42140835215175));
#2356=CARTESIAN_POINT('Ctrl Pts',(0.651663434608787,-0.824924828544568,
-2.48461960497451));
#2357=CARTESIAN_POINT('Ctrl Pts',(-0.335008596880275,-0.99646146175939,
-2.54783085779727));
#2358=CARTESIAN_POINT('Ctrl Pts',(-1.01765784605694,-0.26370193991343,-2.61104211062004));
#2359=CARTESIAN_POINT('Ctrl Pts',(-0.776775064469567,0.70836904504197,-2.6742533634428));
#2360=CARTESIAN_POINT('Ctrl Pts',(0.169036839922723,1.03758987635014,-2.73746461626556));
#2361=CARTESIAN_POINT('Ctrl Pts',(0.96144656041534,0.42519021181217,-2.80067586908832));
#2362=CARTESIAN_POINT('Ctrl Pts',(0.881336408092274,-0.573072718358132,
-2.86388712191109));
#2363=CARTESIAN_POINT('Ctrl Pts',(0.00140693937962899,-1.05126791317768,
-2.92709837473384));
#2364=CARTESIAN_POINT('Ctrl Pts',(-0.879799337238015,-0.575429692448102,
-2.99030962755662));
#2365=CARTESIAN_POINT('Ctrl Pts',(-0.962581200647895,0.422615235071597,
-3.05352088037937));
#2366=CARTESIAN_POINT('Ctrl Pts',(-0.17181349682936,1.03713370741801,-3.11673213320214));
#2367=CARTESIAN_POINT('Ctrl Pts',(0.774876227591978,0.710445660601987,-3.17994338602489));
#2368=CARTESIAN_POINT('Ctrl Pts',(1.01836003773516,-0.260977083858724,-3.24315463884767));
#2369=CARTESIAN_POINT('Ctrl Pts',(0.337674572966782,-0.99556119225644,-3.30636589167042));
#2370=CARTESIAN_POINT('Ctrl Pts',(-0.649453067153278,-0.826666146833514,
-3.36957714449319));
#2371=CARTESIAN_POINT('Ctrl Pts',(-1.0471972398162,0.0924345480689091,-3.43278839731594));
#2372=CARTESIAN_POINT('Ctrl Pts',(-0.494602163147723,0.927650206147201,
-3.49599965013871));
#2373=CARTESIAN_POINT('Ctrl Pts',(0.506848038965885,0.921016433160582,-3.55921090296147));
#2374=CARTESIAN_POINT('Ctrl Pts',(1.04832989265214,0.0785534272155149,-3.62242215578423));
#2375=CARTESIAN_POINT('Ctrl Pts',(0.63844460617143,-0.835197395593325,-3.68563340860699));
#2376=CARTESIAN_POINT('Ctrl Pts',(-0.350833887910906,-0.991000397501917,
-3.74884466142976));
#2377=CARTESIAN_POINT('Ctrl Pts',(-1.02172803088871,-0.24746320060052,-3.81205591425252));
#2378=CARTESIAN_POINT('Ctrl Pts',(-0.765396420229205,0.720648683239705,
-3.87526716707528));
#2379=CARTESIAN_POINT('Ctrl Pts',(0.185538109331715,1.0347665508427,-3.93847841989804));
#2380=CARTESIAN_POINT('Ctrl Pts',(0.968095430816578,0.409826111400311,-4.00168967272081));
#2381=CARTESIAN_POINT('Ctrl Pts',(0.872098980364605,-0.587034558777846,
-4.06490092554357));
#2382=CARTESIAN_POINT('Ctrl Pts',(-0.0153337524153919,-1.05115702005226,
-4.12811217836633));
#2383=CARTESIAN_POINT('Ctrl Pts',(-0.888850991332846,-0.561346702088444,
-4.19132343118909));
#2384=CARTESIAN_POINT('Ctrl Pts',(-0.955729373933184,0.437889904592659,
-4.25453468401186));
#2385=CARTESIAN_POINT('Ctrl Pts',(-0.155276272771943,1.03973818048313,-4.31774593683462));
#2386=CARTESIAN_POINT('Ctrl Pts',(0.786091195682658,0.698016358471936,-4.38095718965738));
#2387=CARTESIAN_POINT('Ctrl Pts',(1.01407508331848,-0.277160477186102,-4.44416844248014));
#2388=CARTESIAN_POINT('Ctrl Pts',(0.321778323818775,-1.00081212803315,-4.5073796953029));
#2389=CARTESIAN_POINT('Ctrl Pts',(-0.662534647060474,-0.816219360954905,
-4.57059094812567));
#2390=CARTESIAN_POINT('Ctrl Pts',(-1.04559252016087,0.109098518154641,-4.63380220094843));
#2391=CARTESIAN_POINT('Ctrl Pts',(-0.479767438312448,0.935408687815028,
-4.69701345377119));
#2392=CARTESIAN_POINT('Ctrl Pts',(0.521450145232228,0.912828539979991,-4.76022470659395));
#2393=CARTESIAN_POINT('Ctrl Pts',(1.04944786290184,0.0618497459065772,-4.82343595941671));
#2394=CARTESIAN_POINT('Ctrl Pts',(0.625063870114869,-0.845258175277434,
-4.88664721223948));
#2395=CARTESIAN_POINT('Ctrl Pts',(-0.366570205614276,-0.985287996598969,
-4.94985846506224));
#2396=CARTESIAN_POINT('Ctrl Pts',(-1.02553911983369,-0.231161754213488,
-5.013069717885));
#2397=CARTESIAN_POINT('Ctrl Pts',(-0.753823661593895,0.732745660634695,
-5.07628097070777));
#2398=CARTESIAN_POINT('Ctrl Pts',(0.201992299437533,1.03168064237439,-5.13949222353053));
#2399=CARTESIAN_POINT('Ctrl Pts',(0.974498851606075,0.394358409567629,-5.20270347635329));
#2400=CARTESIAN_POINT('Ctrl Pts',(0.862640293037207,-0.600848153020765,
-5.26591472917606));
#2401=CARTESIAN_POINT('Ctrl Pts',(-0.0320703642476339,-1.05077838011274,
-5.32912598199881));
#2402=CARTESIAN_POINT('Ctrl Pts',(-0.897677601696083,-0.547123596839064,
-5.39233723482159));
#2403=CARTESIAN_POINT('Ctrl Pts',(-0.948634491338245,0.453057776078409,
-5.45554848764432));
#2404=CARTESIAN_POINT('Ctrl Pts',(-0.138700978943631,1.04207092297032,-5.51875974046711));
#2405=CARTESIAN_POINT('Ctrl Pts',(0.797109296373989,0.685425335178698,-5.58197099328986));
#2406=CARTESIAN_POINT('Ctrl Pts',(1.00952826021244,-0.293302596325007,-5.64518224611263));
#2407=CARTESIAN_POINT('Ctrl Pts',(0.305809401816807,-1.0057542185384,-5.70839349893539));
#2408=CARTESIAN_POINT('Ctrl Pts',(-0.675465151395289,-0.805670044114179,
-5.77160475175815));
#2409=CARTESIAN_POINT('Ctrl Pts',(-1.04369050666229,0.1259331793309,-5.83481600458091));
#2410=CARTESIAN_POINT('Ctrl Pts',(-0.464872027525999,0.942552139540767,
-5.89802725740367));
#2411=CARTESIAN_POINT('Ctrl Pts',(0.536035757728692,0.905138458116858,-5.96123851022645));
#2412=CARTESIAN_POINT('Ctrl Pts',(1.05007928655327,0.0436419558831865,-6.02444976304919));
#2413=CARTESIAN_POINT('Ctrl Pts',(0.758024302855338,-0.553095870031878,
-6.06659059826437));
#2414=CARTESIAN_POINT('Ctrl Pts',(0.518199049426078,-0.724605943221339,
-6.08766101587196));
#2415=CARTESIAN_POINT('Ctrl Pts',(0.425119128515107,0.868262223680471,0.));
#2416=CARTESIAN_POINT('Ctrl Pts',(0.712490781736031,0.727559123343603,-0.0210704176075874));
#2417=CARTESIAN_POINT('Ctrl Pts',(1.13179718085833,0.141034960294946,-0.0632112528227623));
#2418=CARTESIAN_POINT('Ctrl Pts',(0.735601419298097,-0.873010543513903,
-0.126422505645525));
#2419=CARTESIAN_POINT('Ctrl Pts',(-0.329070747064024,-1.09201502019746,
-0.189633758468287));
#2420=CARTESIAN_POINT('Ctrl Pts',(-1.09463951883269,-0.32140418387572,-0.252845011291049));
#2421=CARTESIAN_POINT('Ctrl Pts',(-0.867060778849656,0.741611291200985,
-0.316056264113812));
#2422=CARTESIAN_POINT('Ctrl Pts',(0.147511513330107,1.1312262913758,-0.379267516936573));
#2423=CARTESIAN_POINT('Ctrl Pts',(1.02814779111039,0.494446673641202,-0.442478769759336));
#2424=CARTESIAN_POINT('Ctrl Pts',(0.97576829206982,-0.591153216022488,-0.505690022582098));
#2425=CARTESIAN_POINT('Ctrl Pts',(0.0378528910562984,-1.14022118240132,
-0.56890127540486));
#2426=CARTESIAN_POINT('Ctrl Pts',(-0.934404299982783,-0.654559500020985,
-0.632112528227623));
#2427=CARTESIAN_POINT('Ctrl Pts',(-1.05868793468268,0.425135333253258,-0.695323781050385));
#2428=CARTESIAN_POINT('Ctrl Pts',(-0.222201654381587,1.11900850347158,-0.758535033873148));
#2429=CARTESIAN_POINT('Ctrl Pts',(0.815932809981851,0.797377492927581,-0.821746286695909));
#2430=CARTESIAN_POINT('Ctrl Pts',(1.11360297845109,-0.247881774861135,-0.884957539518672));
#2431=CARTESIAN_POINT('Ctrl Pts',(0.400669791732124,-1.06818529576146,-0.948168792341434));
#2432=CARTESIAN_POINT('Ctrl Pts',(-0.675873983663426,-0.919103384012403,
-1.0113800451642));
#2433=CARTESIAN_POINT('Ctrl Pts',(-1.1390572271112,0.0640719879936525,-1.07459129798696));
#2434=CARTESIAN_POINT('Ctrl Pts',(-0.568537543063126,0.98910138064623,-1.13780255080972));
#2435=CARTESIAN_POINT('Ctrl Pts',(0.517934139814363,1.01651403901484,-1.20101380363248));
#2436=CARTESIAN_POINT('Ctrl Pts',(1.13437677218386,0.121432631137037,-1.26422505645525));
#2437=CARTESIAN_POINT('Ctrl Pts',(0.72136407534672,-0.883849762928046,-1.32743630927801));
#2438=CARTESIAN_POINT('Ctrl Pts',(-0.346291856771876,-1.08703196604829,
-1.39064756210077));
#2439=CARTESIAN_POINT('Ctrl Pts',(-1.09968536709737,-0.303724603664862,
-1.45385881492353));
#2440=CARTESIAN_POINT('Ctrl Pts',(-0.855106262648474,0.75521508176933,-1.5170700677463));
#2441=CARTESIAN_POINT('Ctrl Pts',(0.165488106300606,1.12879149033145,-1.58028132056906));
#2442=CARTESIAN_POINT('Ctrl Pts',(1.03590079374384,0.477981261990124,-1.64349257339182));
#2443=CARTESIAN_POINT('Ctrl Pts',(0.966225840126525,-0.606600500370802,
-1.70670382621458));
#2444=CARTESIAN_POINT('Ctrl Pts',(0.0196937820648726,-1.1406878172317,-1.76991507903734));
#2445=CARTESIAN_POINT('Ctrl Pts',(-0.944710529099413,-0.639592493332111,
-1.8331263318601));
#2446=CARTESIAN_POINT('Ctrl Pts',(-1.05178303976542,0.44193775418634,-1.89633758468287));
#2447=CARTESIAN_POINT('Ctrl Pts',(-0.204354653703982,1.1224062173997,-1.95954883750563));
#2448=CARTESIAN_POINT('Ctrl Pts',(0.8285270937896,0.784282727201071,-2.02276009032839));
#2449=CARTESIAN_POINT('Ctrl Pts',(1.10951436865725,-0.265583145311596,-2.08597134315115));
#2450=CARTESIAN_POINT('Ctrl Pts',(0.383609138331717,-1.07443034689245,-2.14918259597392));
#2451=CARTESIAN_POINT('Ctrl Pts',(-0.6904242255477,-0.908224052813494,-2.21239384879668));
#2452=CARTESIAN_POINT('Ctrl Pts',(-1.13789249234666,0.0822022943331828,
-2.27560510161944));
#2453=CARTESIAN_POINT('Ctrl Pts',(-0.552714896570544,0.998029450688764,
-2.3388163544422));
#2454=CARTESIAN_POINT('Ctrl Pts',(0.534055560540364,1.00813749041913,-2.40202760726497));
#2455=CARTESIAN_POINT('Ctrl Pts',(1.13616664193103,0.103353292622544,-2.46523886008773));
#2456=CARTESIAN_POINT('Ctrl Pts',(0.707198082777978,-0.895224783530915,
-2.52845011291049));
#2457=CARTESIAN_POINT('Ctrl Pts',(-0.363557973097099,-1.08137973974469,
-2.59166136573325));
#2458=CARTESIAN_POINT('Ctrl Pts',(-1.10438247634299,-0.286174574830287,
-2.65487261855601));
#2459=CARTESIAN_POINT('Ctrl Pts',(-0.842971704668989,0.768736135784081,
-2.71808387137878));
#2460=CARTESIAN_POINT('Ctrl Pts',(0.183442130958224,1.12601311090159,-2.78129512420154));
#2461=CARTESIAN_POINT('Ctrl Pts',(1.04338087440396,0.461424850068574,-2.84450637702431));
#2462=CARTESIAN_POINT('Ctrl Pts',(0.956443748389007,-0.621909878921667,
-2.90771762984706));
#2463=CARTESIAN_POINT('Ctrl Pts',(0.00152683851666643,-1.14085678772444,
-2.97092888266983));
#2464=CARTESIAN_POINT('Ctrl Pts',(-0.954775688615357,-0.624467713946725,
-3.03414013549259));
#2465=CARTESIAN_POINT('Ctrl Pts',(-1.04461220848609,0.458630434243734,-3.09735138831535));
#2466=CARTESIAN_POINT('Ctrl Pts',(-0.186455414098922,1.12551806732987,-3.16056264113811));
#2467=CARTESIAN_POINT('Ctrl Pts',(0.840911049232411,0.77098972017247,-3.22377389396088));
#2468=CARTESIAN_POINT('Ctrl Pts',(1.1051445086778,-0.283217507001401,-3.28698514678364));
#2469=CARTESIAN_POINT('Ctrl Pts',(0.366451143216811,-1.08040274942628,-3.3501963996064));
#2470=CARTESIAN_POINT('Ctrl Pts',(-0.704799348180085,-0.897114496671248,
-3.41340765242916));
#2471=CARTESIAN_POINT('Ctrl Pts',(-1.13643921226452,0.100311804691051,-3.47661890525193));
#2472=CARTESIAN_POINT('Ctrl Pts',(-0.536752076209242,1.00670440051578,-3.53983015807468));
#2473=CARTESIAN_POINT('Ctrl Pts',(0.550041543502634,0.999505298512249,-3.60304141089745));
#2474=CARTESIAN_POINT('Ctrl Pts',(1.13766838958442,0.0852477370558717,-3.66625266372021));
#2475=CARTESIAN_POINT('Ctrl Pts',(0.692852748006999,-0.906372777013855,
-3.72946391654298));
#2476=CARTESIAN_POINT('Ctrl Pts',(-0.380731892764672,-1.07545328451074,
-3.79267516936573));
#2477=CARTESIAN_POINT('Ctrl Pts',(-1.10879952164077,-0.268551972887438,
-3.8558864221885));
#2478=CARTESIAN_POINT('Ctrl Pts',(-0.830623374282419,0.782062242681362,
-3.91909767501126));
#2479=CARTESIAN_POINT('Ctrl Pts',(0.201349635767742,1.1229491820698,-3.98230892783402));
#2480=CARTESIAN_POINT('Ctrl Pts',(1.05059636042124,0.44475142360665,-4.04552018065679));
#2481=CARTESIAN_POINT('Ctrl Pts',(0.946419108625804,-0.637061545031032,
-4.10873143347954));
#2482=CARTESIAN_POINT('Ctrl Pts',(-0.016640492214303,-1.14073644430554,
-4.17194268630231));
#2483=CARTESIAN_POINT('Ctrl Pts',(-0.964598723148016,-0.609184573519936,
-4.23515393912507));
#2484=CARTESIAN_POINT('Ctrl Pts',(-1.03717647025247,0.475206808529409,-4.29836519194783));
#2485=CARTESIAN_POINT('Ctrl Pts',(-0.168508890591898,1.12834449315106,-4.3615764447706));
#2486=CARTESIAN_POINT('Ctrl Pts',(0.853081755015385,0.757501195007765,-4.42478769759336));
#2487=CARTESIAN_POINT('Ctrl Pts',(1.10049439116723,-0.300780046383153,-4.48799895041612));
#2488=CARTESIAN_POINT('Ctrl Pts',(0.349200218393048,-1.08610116906572,-4.55121020323888));
#2489=CARTESIAN_POINT('Ctrl Pts',(-0.718995738124275,-0.885777437459113,
-4.61442145606165));
#2490=CARTESIAN_POINT('Ctrl Pts',(-1.13469773867037,0.118395875501583,-4.67763270888441));
#2491=CARTESIAN_POINT('Ctrl Pts',(-0.520653138621401,1.01512405868495,-4.74084396170717));
#2492=CARTESIAN_POINT('Ctrl Pts',(0.565888038806269,0.990619634453501,-4.80405521452993));
#2493=CARTESIAN_POINT('Ctrl Pts',(1.13888163307056,0.0671205708383793,-4.86726646735269));
#2494=CARTESIAN_POINT('Ctrl Pts',(0.678331707876769,-0.917290934648593,
-4.93047772017546));
#2495=CARTESIAN_POINT('Ctrl Pts',(-0.397809256813016,-1.0692540737647,-4.99368897299822));
#2496=CARTESIAN_POINT('Ctrl Pts',(-1.11293539094393,-0.250861319984167,
-5.05690022582098));
#2497=CARTESIAN_POINT('Ctrl Pts',(-0.818064387104848,0.795190122453044,
-5.12011147864374));
#2498=CARTESIAN_POINT('Ctrl Pts',(0.219206049183792,1.11960029300143,-5.18332273146651));
#2499=CARTESIAN_POINT('Ctrl Pts',(1.0575454796522,0.427965566828265,-5.24653398428926));
#2500=CARTESIAN_POINT('Ctrl Pts',(0.936154353557032,-0.652052331449376,
-5.30974523711204));
#2501=CARTESIAN_POINT('Ctrl Pts',(-0.0348033952887476,-1.14032553673413,
-5.37295648993478));
#2502=CARTESIAN_POINT('Ctrl Pts',(-0.974177535760171,-0.593749377636113,
-5.43616774275756));
#2503=CARTESIAN_POINT('Ctrl Pts',(-1.02947696295744,0.491667283469182,-5.49937899558031));
#2504=CARTESIAN_POINT('Ctrl Pts',(-0.150521053014514,1.13087603156022,-5.56259024840309));
#2505=CARTESIAN_POINT('Ctrl Pts',(0.865038816392385,0.743837166829573,-5.62580150122584));
#2506=CARTESIAN_POINT('Ctrl Pts',(1.0955600885617,-0.318297794197038,-5.68901275404861));
#2507=CARTESIAN_POINT('Ctrl Pts',(0.331870427546947,-1.09146442369167,-5.75222400687136));
#2508=CARTESIAN_POINT('Ctrl Pts',(-0.733028177861244,-0.874329109613532,
-5.81543525969414));
#2509=CARTESIAN_POINT('Ctrl Pts',(-1.1326336359017,0.136665183668634,-5.87864651251688));
#2510=CARTESIAN_POINT('Ctrl Pts',(-0.504488343435846,1.02287627416393,-5.94185776533966));
#2511=CARTESIAN_POINT('Ctrl Pts',(0.581716634743732,0.98227420510886,-6.00506901816241));
#2512=CARTESIAN_POINT('Ctrl Pts',(1.13956686653924,0.0473611160150536,-6.06828027098518));
#2513=CARTESIAN_POINT('Ctrl Pts',(0.822623006307279,-0.600230606944786,
-6.11042110620035));
#2514=CARTESIAN_POINT('Ctrl Pts',(0.562359885162955,-0.786356739692303,
-6.13149152380794));
#2515=CARTESIAN_POINT('',(0.425119128515126,0.868262223680461,-6.));
#2516=CARTESIAN_POINT('Ctrl Pts',(0.426123647474683,0.869458159770832,-6.));
#2517=CARTESIAN_POINT('Ctrl Pts',(0.447797831802842,0.855743853356442,-6.));
#2518=CARTESIAN_POINT('Ctrl Pts',(0.468835180960836,0.841142753446325,-6.));
#2519=CARTESIAN_POINT('Ctrl Pts',(0.489174228495563,0.825655238099879,-6.));
#2520=CARTESIAN_POINT('Ctrl Pts',(0.52265845659585,0.800158100356254,-6.));
#2521=CARTESIAN_POINT('Ctrl Pts',(0.554252563692322,0.772259842158819,-6.));
#2522=CARTESIAN_POINT('Ctrl Pts',(0.583833298470302,0.742248581050955,-6.));
#2523=CARTESIAN_POINT('Ctrl Pts',(0.606525329530719,0.719226283791155,-6.));
#2524=CARTESIAN_POINT('Ctrl Pts',(0.628031757050818,0.69495955965838,-6.));
#2525=CARTESIAN_POINT('Ctrl Pts',(0.648277980082274,0.66957003535468,-6.));
#2526=CARTESIAN_POINT('Ctrl Pts',(0.658966645865047,0.656166046904875,-6.));
#2527=CARTESIAN_POINT('Ctrl Pts',(0.669303785772889,0.642449036505432,-6.));
#2528=CARTESIAN_POINT('Ctrl Pts',(0.679276388613119,0.628436645339058,-6.));
#2529=CARTESIAN_POINT('Ctrl Pts',(0.685236155212894,0.620062644870549,-6.));
#2530=CARTESIAN_POINT('Ctrl Pts',(0.691067292307803,0.611580453580959,-6.));
#2531=CARTESIAN_POINT('Ctrl Pts',(0.696753468766149,0.603014790861646,-6.));
#2532=CARTESIAN_POINT('Ctrl Pts',(0.719499237967788,0.568750538125239,-6.));
#2533=CARTESIAN_POINT('Ctrl Pts',(0.739977275238825,0.533087586704267,-6.));
#2534=CARTESIAN_POINT('Ctrl Pts',(0.758065279052375,0.496291857685492,-6.));
#2535=CARTESIAN_POINT('Ctrl Pts',(0.775602422030753,0.460616723632694,-6.));
#2536=CARTESIAN_POINT('Ctrl Pts',(0.790892962802239,0.423875560838851,-6.));
#2537=CARTESIAN_POINT('Ctrl Pts',(0.803778609976985,0.386304596157089,-6.));
#2538=CARTESIAN_POINT('Ctrl Pts',(0.810126766453736,0.367795136791345,-6.));
#2539=CARTESIAN_POINT('Ctrl Pts',(0.815890502273002,0.349084292855006,-6.));
#2540=CARTESIAN_POINT('Ctrl Pts',(0.821046435678854,0.330201027343086,-6.));
#2541=CARTESIAN_POINT('Ctrl Pts',(0.823497680606385,0.321223504718611,-6.));
#2542=CARTESIAN_POINT('Ctrl Pts',(0.825811502042258,0.312207022226357,-6.));
#2543=CARTESIAN_POINT('Ctrl Pts',(0.827985143075466,0.303154772265116,-6.));
#2544=CARTESIAN_POINT('Ctrl Pts',(0.829655446089931,0.296198701705644,-6.));
#2545=CARTESIAN_POINT('Ctrl Pts',(0.831242347233182,0.289223810897241,-6.));
#2546=CARTESIAN_POINT('Ctrl Pts',(0.832743101193933,0.282240030337911,-6.));
#2547=CARTESIAN_POINT('Ctrl Pts',(0.84089850112727,0.244288757179534,-6.));
#2548=CARTESIAN_POINT('Ctrl Pts',(0.846531692958813,0.206002500446222,-6.));
#2549=CARTESIAN_POINT('Ctrl Pts',(0.849504713844887,0.167609657493009,-6.));
#2550=CARTESIAN_POINT('Ctrl Pts',(0.852379221327532,0.130488991820612,-6.));
#2551=CARTESIAN_POINT('Ctrl Pts',(0.852766859416809,0.0932677818693692,
-6.));
#2552=CARTESIAN_POINT('Ctrl Pts',(0.85049546363751,0.0561639969252568,-6.));
#2553=CARTESIAN_POINT('Ctrl Pts',(0.850088472564156,0.0495157019000119,
-6.));
#2554=CARTESIAN_POINT('Ctrl Pts',(0.849595985832839,0.0428712273676671,
-6.));
#2555=CARTESIAN_POINT('Ctrl Pts',(0.849016847659583,0.0362319010583532,
-6.));
#2556=CARTESIAN_POINT('Ctrl Pts',(0.847307773709975,0.0166388226494768,
-6.));
#2557=CARTESIAN_POINT('Ctrl Pts',(0.844844235253063,-0.00290959872866708,
-6.));
#2558=CARTESIAN_POINT('Ctrl Pts',(0.841640921877849,-0.0223774960436756,
-6.));
#2559=CARTESIAN_POINT('Ctrl Pts',(0.840360150194403,-0.0301612901021177,
-6.));
#2560=CARTESIAN_POINT('Ctrl Pts',(0.838960906993381,-0.0379323909155205,
-6.));
#2561=CARTESIAN_POINT('Ctrl Pts',(0.837447282650108,-0.0456739563767993,
-6.));
#2562=CARTESIAN_POINT('Ctrl Pts',(0.830218877675002,-0.0826442723895557,
-6.));
#2563=CARTESIAN_POINT('Ctrl Pts',(0.820372988840768,-0.119026074414787,
-6.));
#2564=CARTESIAN_POINT('Ctrl Pts',(0.808070999449501,-0.154591731687355,
-6.));
#2565=CARTESIAN_POINT('Ctrl Pts',(0.795801993636292,-0.190062031811129,
-6.));
#2566=CARTESIAN_POINT('Ctrl Pts',(0.781089083119883,-0.224721576420108,
-6.));
#2567=CARTESIAN_POINT('Ctrl Pts',(0.764052591616409,-0.258312314427691,
-6.));
#2568=CARTESIAN_POINT('Ctrl Pts',(0.757730834635517,-0.270776880999362,
-6.));
#2569=CARTESIAN_POINT('Ctrl Pts',(0.751088812236411,-0.283093882760069,
-6.));
#2570=CARTESIAN_POINT('Ctrl Pts',(0.744131675765473,-0.295248576411936,
-6.));
#2571=CARTESIAN_POINT('Ctrl Pts',(0.73871892752291,-0.304705095912145,-6.));
#2572=CARTESIAN_POINT('Ctrl Pts',(0.733115428302411,-0.314063352548409,
-6.));
#2573=CARTESIAN_POINT('Ctrl Pts',(0.7273234363674,-0.32331598795683,-6.));
#2574=CARTESIAN_POINT('Ctrl Pts',(0.722828527397192,-0.330496549387513,
-6.));
#2575=CARTESIAN_POINT('Ctrl Pts',(0.718225690962762,-0.337604549285241,
-6.));
#2576=CARTESIAN_POINT('Ctrl Pts',(0.713516719380166,-0.344636961534103,
-6.));
#2577=CARTESIAN_POINT('Ctrl Pts',(0.695545855900267,-0.371474779142887,
-6.));
#2578=CARTESIAN_POINT('Ctrl Pts',(0.676029824640541,-0.397214954977473,
-6.));
#2579=CARTESIAN_POINT('Ctrl Pts',(0.65504865608646,-0.421685882803614,-6.));
#2580=CARTESIAN_POINT('Ctrl Pts',(0.636047041990623,-0.443848000510305,
-6.));
#2581=CARTESIAN_POINT('Ctrl Pts',(0.615843212894964,-0.464969027082528,
-6.));
#2582=CARTESIAN_POINT('Ctrl Pts',(0.594487543645634,-0.484899511586329,
-6.));
#2583=CARTESIAN_POINT('Ctrl Pts',(0.587910888202195,-0.491037269568624,
-6.));
#2584=CARTESIAN_POINT('Ctrl Pts',(0.581232361676845,-0.49705502657718,-6.));
#2585=CARTESIAN_POINT('Ctrl Pts',(0.574454312997523,-0.502948552208525,
-6.));
#2586=CARTESIAN_POINT('Ctrl Pts',(0.548686435721194,-0.525353768278555,
-6.));
#2587=CARTESIAN_POINT('Ctrl Pts',(0.52147877899049,-0.545969537450565,-6.));
#2588=CARTESIAN_POINT('Ctrl Pts',(0.49292096575268,-0.56456185513509,-6.));
#2589=CARTESIAN_POINT('Ctrl Pts',(0.472581837357007,-0.577803469029323,
-6.));
#2590=CARTESIAN_POINT('Ctrl Pts',(0.45155743212606,-0.590017820117701,-6.));
#2591=CARTESIAN_POINT('Ctrl Pts',(0.429877377952325,-0.601104350279412,
-6.));
#2592=CARTESIAN_POINT('Ctrl Pts',(0.966266528039532,-0.000841103556591311,
-5.67101408311032));
#2593=CARTESIAN_POINT('Ctrl Pts',(0.967028337234374,-0.0920380626950624,
-5.67701364008975));
#2594=CARTESIAN_POINT('Ctrl Pts',(0.955160518619003,-0.183039599461848,
-5.68301319706918));
#2595=CARTESIAN_POINT('Ctrl Pts',(0.929858266364361,-0.270136405608358,
-5.6890127540486));
#2596=CARTESIAN_POINT('Ctrl Pts',(0.840996868223458,-0.576020004028571,
-5.71008317165619));
#2597=CARTESIAN_POINT('Ctrl Pts',(0.586433647885198,-0.833742213860128,
-5.73115358926378));
#2598=CARTESIAN_POINT('Ctrl Pts',(0.281668936814704,-0.926414099762878,
-5.75222400687136));
#2599=CARTESIAN_POINT('Ctrl Pts',(-0.0230957742557861,-1.01908598566563,
-5.77329442447895));
#2600=CARTESIAN_POINT('Ctrl Pts',(-0.37806197605851,-0.94670754763958,-5.79436484208654));
#2601=CARTESIAN_POINT('Ctrl Pts',(-0.622145986633285,-0.742019279746198,
-5.81543525969413));
#2602=CARTESIAN_POINT('Ctrl Pts',(-0.866229997208067,-0.537331011852809,
-5.83650567730172));
#2603=CARTESIAN_POINT('Ctrl Pts',(-0.999431816554886,-0.200332914092082,
-5.8575760949093));
#2604=CARTESIAN_POINT('Ctrl Pts',(-0.961341844150648,0.115867983204169,
-5.87864651251689));
#2605=CARTESIAN_POINT('Ctrl Pts',(-0.923251871746411,0.432068880500405,
-5.89971693012448));
#2606=CARTESIAN_POINT('Ctrl Pts',(-0.713870107591123,0.72747257733217,-5.92078734773207));
#2607=CARTESIAN_POINT('Ctrl Pts',(-0.428145062483555,0.86840741423887,-5.94185776533966));
#2608=CARTESIAN_POINT('Ctrl Pts',(-0.165332796009995,0.998040446228023,
-5.96123851022644));
#2609=CARTESIAN_POINT('Ctrl Pts',(0.162069497100167,0.996985516517945,-5.98061925511322));
#2610=CARTESIAN_POINT('Ctrl Pts',(0.426123647474683,0.869458159770832,-6.));
#2611=CARTESIAN_POINT('',(0.429877377952332,-0.601104350279407,0.));
#2612=CARTESIAN_POINT('Ctrl Pts',(0.430785373514297,-0.601879540854069,
7.02563007770607E-17));
#2613=CARTESIAN_POINT('Ctrl Pts',(0.448568488574546,-0.592920463628236,
5.55529389137735E-17));
#2614=CARTESIAN_POINT('Ctrl Pts',(0.465927157961036,-0.583216115540124,
1.19017673907511E-16));
#2615=CARTESIAN_POINT('Ctrl Pts',(0.482809090543649,-0.572778599117954,
4.68375338513738E-17));
#2616=CARTESIAN_POINT('Ctrl Pts',(0.511182952712847,-0.555236019149569,
-6.67895784702161E-17));
#2617=CARTESIAN_POINT('Ctrl Pts',(0.538211232594738,-0.535625191447185,
1.72692846911569E-17));
#2618=CARTESIAN_POINT('Ctrl Pts',(0.563830661892629,-0.514193960256397,
-1.09287578986539E-16));
#2619=CARTESIAN_POINT('Ctrl Pts',(0.573445931150781,-0.506150570372997,
-1.56785839255296E-16));
#2620=CARTESIAN_POINT('Ctrl Pts',(0.582862624182416,-0.4978502809528,9.3213755168716E-18));
#2621=CARTESIAN_POINT('Ctrl Pts',(0.592076833777165,-0.48930457123221,5.20417042793042E-17));
#2622=CARTESIAN_POINT('Ctrl Pts',(0.598536585789725,-0.483313480515346,
8.19913952281196E-17));
#2623=CARTESIAN_POINT('Ctrl Pts',(0.604893243766279,-0.477204932991379,
-6.05915411949673E-17));
#2624=CARTESIAN_POINT('Ctrl Pts',(0.611140148281089,-0.470988926476339,
-4.85722573273506E-17));
#2625=CARTESIAN_POINT('Ctrl Pts',(0.636451455160429,-0.445802812602957,
1.27667847091639E-19));
#2626=CARTESIAN_POINT('Ctrl Pts',(0.659990739168878,-0.418830389139493,
4.91197784304003E-17));
#2627=CARTESIAN_POINT('Ctrl Pts',(0.681683148043506,-0.390354593191185,
1.00613961606655E-16));
#2628=CARTESIAN_POINT('Ctrl Pts',(0.690393465380768,-0.37892049103248,1.21290811240118E-16));
#2629=CARTESIAN_POINT('Ctrl Pts',(0.698805793137671,-0.367243425567545,
-5.76357719158411E-17));
#2630=CARTESIAN_POINT('Ctrl Pts',(0.706914258194811,-0.35533960908599,-1.38777878078145E-17));
#2631=CARTESIAN_POINT('Ctrl Pts',(0.712684893997227,-0.346867895994821,
1.72639126195647E-17));
#2632=CARTESIAN_POINT('Ctrl Pts',(0.718301613595375,-0.338281311794608,
4.49774962132147E-17));
#2633=CARTESIAN_POINT('Ctrl Pts',(0.723762068674266,-0.329585386037531,
6.93889390390723E-17));
#2634=CARTESIAN_POINT('Ctrl Pts',(0.728167705179446,-0.322569288036866,
8.90847230175007E-17));
#2635=CARTESIAN_POINT('Ctrl Pts',(0.732470550379541,-0.315483481905143,
-9.84330238869348E-17));
#2636=CARTESIAN_POINT('Ctrl Pts',(0.736663708603491,-0.308341247312632,
-9.71445146547012E-17));
#2637=CARTESIAN_POINT('Ctrl Pts',(0.755792144219498,-0.27575965433173,-9.1266566680157E-17));
#2638=CARTESIAN_POINT('Ctrl Pts',(0.772675752327182,-0.241951533879056,
-2.6639570325989E-16));
#2639=CARTESIAN_POINT('Ctrl Pts',(0.787233760653985,-0.20721956500286,-2.56739074444567E-16));
#2640=CARTESIAN_POINT('Ctrl Pts',(0.801905969401828,-0.172215140899257,
-2.47006694121773E-16));
#2641=CARTESIAN_POINT('Ctrl Pts',(0.814216838922871,-0.136271269357398,
-1.6745864572327E-16));
#2642=CARTESIAN_POINT('Ctrl Pts',(0.824050074945168,-0.0996563238254412,
-2.22044604925031E-16));
#2643=CARTESIAN_POINT('Ctrl Pts',(0.829144740719632,-0.0806858740759866,
-2.50325957826649E-16));
#2644=CARTESIAN_POINT('Ctrl Pts',(0.833573693836097,-0.0615347046808143,
-3.02437993455943E-17));
#2645=CARTESIAN_POINT('Ctrl Pts',(0.837316027633952,-0.0422372839075418,
-2.08166817117217E-17));
#2646=CARTESIAN_POINT('Ctrl Pts',(0.839171318250273,-0.0326704398968949,
-1.61431160091905E-17));
#2647=CARTESIAN_POINT('Ctrl Pts',(0.840858076315749,-0.0230646375494806,
-2.55686420425094E-16));
#2648=CARTESIAN_POINT('Ctrl Pts',(0.842370090752192,-0.0134487564980855,
-2.42861286636753E-16));
#2649=CARTESIAN_POINT('Ctrl Pts',(0.848567093343927,0.0259620046435202,
-1.90297378905373E-16));
#2650=CARTESIAN_POINT('Ctrl Pts',(0.851849961761103,0.0656212746841231,
-8.74130896679128E-17));
#2651=CARTESIAN_POINT('Ctrl Pts',(0.852111070836261,0.105220269854714,-1.11022302462516E-16));
#2652=CARTESIAN_POINT('Ctrl Pts',(0.852359519809946,0.142899273172167,-1.33910660443649E-16));
#2653=CARTESIAN_POINT('Ctrl Pts',(0.849873057420861,0.180525096076503,-2.92462351981149E-17));
#2654=CARTESIAN_POINT('Ctrl Pts',(0.844827823375277,0.21790286290608,0.));
#2655=CARTESIAN_POINT('Ctrl Pts',(0.842510491211985,0.235070887319542,1.34331214107155E-17));
#2656=CARTESIAN_POINT('Ctrl Pts',(0.839652628778422,0.25218674891262,-1.08602025633784E-16));
#2657=CARTESIAN_POINT('Ctrl Pts',(0.83626776891579,0.269232036740221,-1.38777878078145E-16));
#2658=CARTESIAN_POINT('Ctrl Pts',(0.834510798394791,0.278079690542864,-1.54441180354273E-16));
#2659=CARTESIAN_POINT('Ctrl Pts',(0.832611802874366,0.286908331055605,-1.14323620376907E-16));
#2660=CARTESIAN_POINT('Ctrl Pts',(0.830572448960224,0.295715377994674,-9.71445146547012E-17));
#2661=CARTESIAN_POINT('Ctrl Pts',(0.828801832214455,0.303361870681868,-8.22291965933598E-17));
#2662=CARTESIAN_POINT('Ctrl Pts',(0.826926477011237,0.310987162792784,-1.95960192644245E-17));
#2663=CARTESIAN_POINT('Ctrl Pts',(0.824949971876206,0.318582061930515,-2.77555756156289E-17));
#2664=CARTESIAN_POINT('Ctrl Pts',(0.814985437731904,0.356871682553881,-6.88919108686495E-17));
#2665=CARTESIAN_POINT('Ctrl Pts',(0.802441021388615,0.39444578544161,-1.21803806971716E-16));
#2666=CARTESIAN_POINT('Ctrl Pts',(0.7875250694152,0.431090860663915,-1.2490009027033E-16));
#2667=CARTESIAN_POINT('Ctrl Pts',(0.772257299600846,0.468600271683812,-1.28069404623684E-16));
#2668=CARTESIAN_POINT('Ctrl Pts',(0.754504632795121,0.505137396096994,-2.77102996962953E-16));
#2669=CARTESIAN_POINT('Ctrl Pts',(0.734436006999013,0.540476231295143,-2.77555756156289E-16));
#2670=CARTESIAN_POINT('Ctrl Pts',(0.724958071136256,0.557165924793615,-2.77769583582208E-16));
#2671=CARTESIAN_POINT('Ctrl Pts',(0.714962812102578,0.573588285744664,-1.69719870205637E-16));
#2672=CARTESIAN_POINT('Ctrl Pts',(0.704464139319141,0.58971862377261,-1.80411241501588E-16));
#2673=CARTESIAN_POINT('Ctrl Pts',(0.699359655255545,0.597561239225295,-1.8560941612079E-16));
#2674=CARTESIAN_POINT('Ctrl Pts',(0.694136131763782,0.605334809251188,-5.71239237886654E-17));
#2675=CARTESIAN_POINT('Ctrl Pts',(0.688794969420254,0.613036405411663,-4.16333634234434E-17));
#2676=CARTESIAN_POINT('Ctrl Pts',(0.683731934976513,0.620336959883576,-2.69494359114876E-17));
#2677=CARTESIAN_POINT('Ctrl Pts',(0.678567328638871,0.627566749594092,-7.57059746710861E-18));
#2678=CARTESIAN_POINT('Ctrl Pts',(0.673307580677835,0.63471736647255,-1.38777878078145E-17));
#2679=CARTESIAN_POINT('Ctrl Pts',(0.648239672225137,0.668797138092293,-4.39377966192334E-17));
#2680=CARTESIAN_POINT('Ctrl Pts',(0.620984269313283,0.701123340508141,-2.25031567081038E-16));
#2681=CARTESIAN_POINT('Ctrl Pts',(0.591737450689158,0.731460139140784,-1.80411241501588E-16));
#2682=CARTESIAN_POINT('Ctrl Pts',(0.562681303810668,0.761599160010771,-1.36081813728098E-16));
#2683=CARTESIAN_POINT('Ctrl Pts',(0.531659084114602,0.789775809564012,-1.72651455538857E-17));
#2684=CARTESIAN_POINT('Ctrl Pts',(0.498815648154586,0.815742085191812,0.));
#2685=CARTESIAN_POINT('Ctrl Pts',(0.475180622560793,0.834428120044733,1.24244661107755E-17));
#2686=CARTESIAN_POINT('Ctrl Pts',(0.450601449058937,0.85196919660948,-4.70114933921236E-18));
#2687=CARTESIAN_POINT('Ctrl Pts',(0.425119128515107,0.868262223680471,0.));
#2688=CARTESIAN_POINT('Ctrl Pts',(0.430785373514305,-0.601879540854064,
8.61940727125976E-16));
#2689=CARTESIAN_POINT('Ctrl Pts',(0.247757202862757,-0.731286735196087,
-0.0193807448867826));
#2690=CARTESIAN_POINT('Ctrl Pts',(-0.267190321648542,-0.819008573223186,
-0.0598319073811536));
#2691=CARTESIAN_POINT('Ctrl Pts',(-0.836760904491715,-0.245686777226934,
-0.121353487483112));
#2692=CARTESIAN_POINT('Ctrl Pts',(-0.662795878531041,0.566900175016854,
-0.184564740305874));
#2693=CARTESIAN_POINT('Ctrl Pts',(0.112760287924458,0.864728450299162,-0.247775993128636));
#2694=CARTESIAN_POINT('Ctrl Pts',(0.662838789956104,0.46697197911374,-0.299428599460808));
#2695=CARTESIAN_POINT('Ctrl Pts',(0.738112085936752,0.11101068464904,-0.330010788185391));
#2696=CARTESIAN_POINT('Ctrl Pts',(0.737856390647256,0.000194472378616294,
-0.339522559302387));
#2697=CARTESIAN_POINT('Origin',(0.,0.,0.739522559302382));
#2698=CARTESIAN_POINT('',(-0.429877377952344,-0.601104350279399,0.));
#2699=CARTESIAN_POINT('Origin',(0.,0.,0.));
#2700=CARTESIAN_POINT('Ctrl Pts',(-0.429877377952344,-0.601104350279398,
1.52655665885959E-15));
#2701=CARTESIAN_POINT('Ctrl Pts',(-0.628826895951471,-0.458826396206041,
-0.0210704176075859));
#2702=CARTESIAN_POINT('Ctrl Pts',(-0.871104335542964,0.0362032749851439,
-0.0632112528227608));
#2703=CARTESIAN_POINT('Ctrl Pts',(-0.444673859608516,0.750867173528004,
-0.126422505645523));
#2704=CARTESIAN_POINT('Ctrl Pts',(0.385639318606439,0.781903701781174,-0.189633758468285));
#2705=CARTESIAN_POINT('Ctrl Pts',(0.725075082127664,0.303015181450913,-0.234318736818983));
#2706=CARTESIAN_POINT('Ctrl Pts',(0.739988273471761,0.02996941546631,-0.257933297562093));
#2707=CARTESIAN_POINT('Ctrl Pts',(0.739767264865884,0.000526752543554242,
-0.260477440697615));
#2708=CARTESIAN_POINT('Ctrl Pts',(-0.562359885162943,-0.786356739692311,
0.131491523807939));
#2709=CARTESIAN_POINT('Ctrl Pts',(-0.822623006307272,-0.600230606944797,
0.110421106200351));
#2710=CARTESIAN_POINT('Ctrl Pts',(-1.13956713990008,0.0473606442379806,
0.0682802709851766));
#2711=CARTESIAN_POINT('Ctrl Pts',(-0.581716446247022,0.982274479036791,
0.00506901816241423));
#2712=CARTESIAN_POINT('Ctrl Pts',(0.504488242574771,1.02287605371713,-0.0581422346603481));
#2713=CARTESIAN_POINT('Ctrl Pts',(1.13263364708839,0.13666530149935,-0.12135348748311));
#2714=CARTESIAN_POINT('Ctrl Pts',(0.733028136945354,-0.87432916079372,-0.184564740305873));
#2715=CARTESIAN_POINT('Ctrl Pts',(-0.331870408473053,-1.09146434764884,
-0.247775993128635));
#2716=CARTESIAN_POINT('Ctrl Pts',(-1.09556006289256,-0.318297812724339,
-0.310987245951397));
#2717=CARTESIAN_POINT('Ctrl Pts',(-0.865038790227244,0.743837162325363,
-0.37419849877416));
#2718=CARTESIAN_POINT('Ctrl Pts',(0.150521047830691,1.13087599084379,-0.437409751596921));
#2719=CARTESIAN_POINT('Ctrl Pts',(1.02947693489012,0.491667275261236,-0.500621004419684));
#2720=CARTESIAN_POINT('Ctrl Pts',(0.974177508566159,-0.593749364286581,
-0.563832257242446));
#2721=CARTESIAN_POINT('Ctrl Pts',(0.0348033944092607,-1.14032550337169,
-0.627043510065208));
#2722=CARTESIAN_POINT('Ctrl Pts',(-0.936154327651281,-0.652052314381743,
-0.690254762887971));
#2723=CARTESIAN_POINT('Ctrl Pts',(-1.05754545033754,0.427965555533255,-0.753466015710733));
#2724=CARTESIAN_POINT('Ctrl Pts',(-0.219206043113082,1.11960026166312,-0.816677268533495));
#2725=CARTESIAN_POINT('Ctrl Pts',(0.818064364437623,0.795190100596285,-0.879888521356258));
#2726=CARTESIAN_POINT('Ctrl Pts',(1.11293536010716,-0.250861313131635,-0.94309977417902));
#2727=CARTESIAN_POINT('Ctrl Pts',(0.397809245789471,-1.06925404408273,-1.00631102700178));
#2728=CARTESIAN_POINT('Ctrl Pts',(-0.678331689080579,-0.91729090926226,
-1.06952227982454));
#2729=CARTESIAN_POINT('Ctrl Pts',(-1.13888160151451,0.0671205689953188,
-1.13273353264731));
#2730=CARTESIAN_POINT('Ctrl Pts',(-0.565888023126108,0.990619606995804,
-1.19594478547007));
#2731=CARTESIAN_POINT('Ctrl Pts',(0.520653124194737,1.0151240305626,-1.25915603829283));
#2732=CARTESIAN_POINT('Ctrl Pts',(1.13469770722988,0.118395872218236,-1.32236729111559));
#2733=CARTESIAN_POINT('Ctrl Pts',(0.718995718202001,-0.885777412914124,
-1.38557854393835));
#2734=CARTESIAN_POINT('Ctrl Pts',(-0.349200208717226,-1.08610113897246,
-1.44878979676112));
#2735=CARTESIAN_POINT('Ctrl Pts',(-1.10049436067435,-0.300780038048575,
-1.51200104958388));
#2736=CARTESIAN_POINT('Ctrl Pts',(-0.853081731377866,0.757501174018385,
-1.57521230240664));
#2737=CARTESIAN_POINT('Ctrl Pts',(0.168508885922777,1.12834446188661,-1.6384235552294));
#2738=CARTESIAN_POINT('Ctrl Pts',(1.037176441514,0.475206795362133,-1.70163480805217));
#2739=CARTESIAN_POINT('Ctrl Pts',(0.964598696420558,-0.609184556640377,
-1.76484606087493));
#2740=CARTESIAN_POINT('Ctrl Pts',(0.0166404917532301,-1.14073641269762,
-1.82805731369769));
#2741=CARTESIAN_POINT('Ctrl Pts',(-0.94641908240207,-0.637061527379087,
-1.89126856652046));
#2742=CARTESIAN_POINT('Ctrl Pts',(-1.05059633131093,0.444751411283302,-1.95447981934322));
#2743=CARTESIAN_POINT('Ctrl Pts',(-0.201349630188672,1.12294915095471,-2.01769107216598));
#2744=CARTESIAN_POINT('Ctrl Pts',(0.830623351267201,0.782062221011689,-2.08090232498874));
#2745=CARTESIAN_POINT('Ctrl Pts',(1.10879949091774,-0.268551965446299,-2.1441135778115));
#2746=CARTESIAN_POINT('Ctrl Pts',(0.380731882215217,-1.07545325471168,-2.20732483063427));
#2747=CARTESIAN_POINT('Ctrl Pts',(-0.692852728809176,-0.906372751899746,
-2.27053608345703));
#2748=CARTESIAN_POINT('Ctrl Pts',(-1.13766835806148,0.0852477346937958,
-2.33374733627979));
#2749=CARTESIAN_POINT('Ctrl Pts',(-0.550041528261879,0.999505270817588,
-2.39695858910255));
#2750=CARTESIAN_POINT('Ctrl Pts',(0.53675206133672,1.00670437262163,-2.46016984192532));
#2751=CARTESIAN_POINT('Ctrl Pts',(1.13643918077564,0.100311801911576,-2.52338109474807));
#2752=CARTESIAN_POINT('Ctrl Pts',(0.704799328651245,-0.897114471813669,
-2.58659234757084));
#2753=CARTESIAN_POINT('Ctrl Pts',(-0.366451133063052,-1.08040271949008,
-2.64980360039359));
#2754=CARTESIAN_POINT('Ctrl Pts',(-1.10514447805604,-0.283217499153901,
-2.71301485321637));
#2755=CARTESIAN_POINT('Ctrl Pts',(-0.840911025932134,0.770989698809603,
-2.77622610603912));
#2756=CARTESIAN_POINT('Ctrl Pts',(0.186455408932545,1.1255180361436,-2.83943735886189));
#2757=CARTESIAN_POINT('Ctrl Pts',(1.04461217954158,0.458630421535833,-2.90264861168465));
#2758=CARTESIAN_POINT('Ctrl Pts',(0.954775662160078,-0.624467696643748,
-2.96585986450741));
#2759=CARTESIAN_POINT('Ctrl Pts',(-0.00152683847436415,-1.14085675611315,
-3.02907111733018));
#2760=CARTESIAN_POINT('Ctrl Pts',(-0.956443721887511,-0.621909861689556,
-3.09228237015294));
#2761=CARTESIAN_POINT('Ctrl Pts',(-1.04338084549358,0.461424837283247,-3.1554936229757));
#2762=CARTESIAN_POINT('Ctrl Pts',(-0.183442125875336,1.1260130797016,-3.21870487579846));
#2763=CARTESIAN_POINT('Ctrl Pts',(0.842971681311623,0.768736114483649,-3.28191612862122));
#2764=CARTESIAN_POINT('Ctrl Pts',(1.10438244574235,-0.28617456690086,-3.34512738144398));
#2765=CARTESIAN_POINT('Ctrl Pts',(0.363557963023498,-1.08137970978142,-3.40833863426675));
#2766=CARTESIAN_POINT('Ctrl Pts',(-0.707198063182677,-0.895224758725695,
-3.47154988708951));
#2767=CARTESIAN_POINT('Ctrl Pts',(-1.1361666104497,0.103353289758799,-3.53476113991227));
#2768=CARTESIAN_POINT('Ctrl Pts',(-0.534055545742547,1.00813746248528,-3.59797239273504));
#2769=CARTESIAN_POINT('Ctrl Pts',(0.552714881255719,0.998029423034992,-3.6611836455578));
#2770=CARTESIAN_POINT('Ctrl Pts',(1.13789246081751,0.0822022920554872,-3.72439489838056));
#2771=CARTESIAN_POINT('Ctrl Pts',(0.69042420641717,-0.908224027648088,-3.78760615120332));
#2772=CARTESIAN_POINT('Ctrl Pts',(-0.383609127702541,-1.07443031712174,
-3.85081740402609));
#2773=CARTESIAN_POINT('Ctrl Pts',(-1.10951433791442,-0.265583137952706,
-3.91402865684885));
#2774=CARTESIAN_POINT('Ctrl Pts',(-0.828527070832465,0.784282705469862,
-3.97723990967161));
#2775=CARTESIAN_POINT('Ctrl Pts',(0.204354648041652,1.12240618629968,-4.04045116249437));
#2776=CARTESIAN_POINT('Ctrl Pts',(1.05178301062221,0.441937741940926,-4.10366241531713));
#2777=CARTESIAN_POINT('Ctrl Pts',(0.94471050292304,-0.639592475609971,-4.1668736681399));
#2778=CARTESIAN_POINT('Ctrl Pts',(-0.0196937815192174,-1.14068778562523,
-4.23008492096265));
#2779=CARTESIAN_POINT('Ctrl Pts',(-0.966225813353927,-0.606600483562647,
-4.29329617378542));
#2780=CARTESIAN_POINT('Ctrl Pts',(-1.03590076504081,0.477981248745594,-4.35650742660818));
#2781=CARTESIAN_POINT('Ctrl Pts',(-0.165488101715018,1.1287914590553,-4.41971867943095));
#2782=CARTESIAN_POINT('Ctrl Pts',(0.855106238954542,0.755215060842053,-4.4829299322537));
#2783=CARTESIAN_POINT('Ctrl Pts',(1.09968533662747,-0.303724595246411,-4.54614118507648));
#2784=CARTESIAN_POINT('Ctrl Pts',(0.346291847175649,-1.08703193593338,-4.60935243789923));
#2785=CARTESIAN_POINT('Ctrl Pts',(-0.721364055357048,-0.88384973842895,
-4.672563690722));
#2786=CARTESIAN_POINT('Ctrl Pts',(-1.13437674075538,0.121432627755901,-4.73577494354475));
#2787=CARTESIAN_POINT('Ctrl Pts',(-0.517934125457549,1.01651401087866,-4.79898619636753));
#2788=CARTESIAN_POINT('Ctrl Pts',(0.568537527299977,0.98910135318605,-4.86219744919027));
#2789=CARTESIAN_POINT('Ctrl Pts',(1.13905719556684,0.0640719863152694,-4.92540870201305));
#2790=CARTESIAN_POINT('Ctrl Pts',(0.675873964906967,-0.91910335871979,-4.9886199548358));
#2791=CARTESIAN_POINT('Ctrl Pts',(-0.400669780581237,-1.06818526585158,
-5.05183120765857));
#2792=CARTESIAN_POINT('Ctrl Pts',(-1.11360294767611,-0.247881768550205,
-5.11504246048134));
#2793=CARTESIAN_POINT('Ctrl Pts',(-0.815932787242086,0.797377471825087,
-5.17825371330409));
#2794=CARTESIAN_POINT('Ctrl Pts',(0.222201648017494,1.11900847070995,-5.24146496612686));
#2795=CARTESIAN_POINT('Ctrl Pts',(1.05868790566088,0.425135324566501,-5.30467621894961));
#2796=CARTESIAN_POINT('Ctrl Pts',(0.934404273651314,-0.65455948730098,-5.36788747177239));
#2797=CARTESIAN_POINT('Ctrl Pts',(-0.0378528894610562,-1.14022114138723,
-5.43109872459514));
#2798=CARTESIAN_POINT('Ctrl Pts',(-0.975768265520145,-0.591153215890662,
-5.49430997741791));
#2799=CARTESIAN_POINT('Ctrl Pts',(-1.02814776273958,0.494446687686206,-5.55752123024066));
#2800=CARTESIAN_POINT('Ctrl Pts',(-0.147511507045285,1.13122621322961,-5.62073248306344));
#2801=CARTESIAN_POINT('Ctrl Pts',(0.867060746925066,0.741611348422865,-5.68394373588618));
#2802=CARTESIAN_POINT('Ctrl Pts',(1.09463951045336,-0.321404301939284,-5.74715498870896));
#2803=CARTESIAN_POINT('Ctrl Pts',(0.329070683900882,-1.09201478614583,-5.81036624153171));
#2804=CARTESIAN_POINT('Ctrl Pts',(-0.735601278508149,-0.873010844754199,
-5.87357749435447));
#2805=CARTESIAN_POINT('Ctrl Pts',(-1.13179737275615,0.141035470662434,-5.93678874717724));
#2806=CARTESIAN_POINT('Ctrl Pts',(-0.712490781736032,0.727559123343604,
-5.97892958239241));
#2807=CARTESIAN_POINT('Ctrl Pts',(-0.425119128515106,0.868262223680471,
-6.));
#2808=CARTESIAN_POINT('Ctrl Pts',(-0.518199049426077,-0.72460594322134,
0.0876610158719597));
#2809=CARTESIAN_POINT('Ctrl Pts',(-0.758024302855339,-0.553095870031878,
0.0665905982643723));
#2810=CARTESIAN_POINT('Ctrl Pts',(-1.05007953844771,0.0436415211537018,
0.0244497630491973));
#2811=CARTESIAN_POINT('Ctrl Pts',(-0.536035584034187,0.905138710533862,
-0.0387614897735647));
#2812=CARTESIAN_POINT('Ctrl Pts',(0.464871934585328,0.942551936405145,-0.101972742596328));
#2813=CARTESIAN_POINT('Ctrl Pts',(1.04369051697051,0.125933287908626,-0.165183995419089));
#2814=CARTESIAN_POINT('Ctrl Pts',(0.675465113692423,-0.805670091275314,
-0.228395248241852));
#2815=CARTESIAN_POINT('Ctrl Pts',(-0.305809384240757,-1.00575414846703,
-0.291606501064614));
#2816=CARTESIAN_POINT('Ctrl Pts',(-1.00952823655905,-0.293302613397389,
-0.354817753887376));
#2817=CARTESIAN_POINT('Ctrl Pts',(-0.797109272263528,0.685425331028204,
-0.418029006710139));
#2818=CARTESIAN_POINT('Ctrl Pts',(0.138700974166897,1.04207088545126,-0.481240259532901));
#2819=CARTESIAN_POINT('Ctrl Pts',(0.948634465474992,0.453057768515002,-0.544451512355663));
#2820=CARTESIAN_POINT('Ctrl Pts',(0.897677576637549,-0.547123584537852,
-0.607662765178426));
#2821=CARTESIAN_POINT('Ctrl Pts',(0.0320703634371965,-1.05077834937017,
-0.670874018001187));
#2822=CARTESIAN_POINT('Ctrl Pts',(-0.862640269165782,-0.600848137293402,
-0.734085270823951));
#2823=CARTESIAN_POINT('Ctrl Pts',(-0.974498824593416,0.394358399159603,
-0.797296523646712));
#2824=CARTESIAN_POINT('Ctrl Pts',(-0.201992293843527,1.03168061349701,-0.860507776469475));
#2825=CARTESIAN_POINT('Ctrl Pts',(0.753823640706683,0.732745640494287,-0.923719029292237));
#2826=CARTESIAN_POINT('Ctrl Pts',(1.02553909141846,-0.231161747899082,-0.986930282114999));
#2827=CARTESIAN_POINT('Ctrl Pts',(0.366570195456371,-0.985287969247856,
-1.05014153493776));
#2828=CARTESIAN_POINT('Ctrl Pts',(-0.62506385279471,-0.845258151884624,
-1.11335278776052));
#2829=CARTESIAN_POINT('Ctrl Pts',(-1.04944783382382,0.0618497442082621,
-1.17656404058329));
#2830=CARTESIAN_POINT('Ctrl Pts',(-0.521450130783383,0.91282851467849,-1.23977529340605));
#2831=CARTESIAN_POINT('Ctrl Pts',(0.479767425018689,0.93540866190106,-1.30298654622881));
#2832=CARTESIAN_POINT('Ctrl Pts',(1.04559249118933,0.109098515129115,-1.36619779905157));
#2833=CARTESIAN_POINT('Ctrl Pts',(0.662534628702641,-0.816219338337388,
-1.42940905187433));
#2834=CARTESIAN_POINT('Ctrl Pts',(-0.321778314902787,-1.00081210030304,
-1.4926203046971));
#2835=CARTESIAN_POINT('Ctrl Pts',(-1.01407505522014,-0.277160469506008,
-1.55583155751986));
#2836=CARTESIAN_POINT('Ctrl Pts',(-0.786091173901332,0.698016339130818,
-1.61904281034262));
#2837=CARTESIAN_POINT('Ctrl Pts',(0.155276268469492,1.03973815167381,-1.68225406316538));
#2838=CARTESIAN_POINT('Ctrl Pts',(0.955729347451488,0.437889892459369,-1.74546531598815));
#2839=CARTESIAN_POINT('Ctrl Pts',(0.888850966704226,-0.561346686534411,
-1.80867656881091));
#2840=CARTESIAN_POINT('Ctrl Pts',(0.0153337519905141,-1.05115699092643,
-1.87188782163367));
#2841=CARTESIAN_POINT('Ctrl Pts',(-0.87209895620017,-0.587034542512057,
-1.93509907445643));
#2842=CARTESIAN_POINT('Ctrl Pts',(-0.968095403992226,0.4098261000447,-1.99831032727919));
#2843=CARTESIAN_POINT('Ctrl Pts',(-0.185538104190744,1.03476652217101,-2.06152158010196));
#2844=CARTESIAN_POINT('Ctrl Pts',(0.765396399021328,0.72064866327169,-2.12473283292472));
#2845=CARTESIAN_POINT('Ctrl Pts',(1.02172800257828,-0.247463193743729,-2.18794408574748));
#2846=CARTESIAN_POINT('Ctrl Pts',(0.350833878189861,-0.991000370042916,
-2.25115533857024));
#2847=CARTESIAN_POINT('Ctrl Pts',(-0.638444588481177,-0.835197372451359,
-2.31436659139301));
#2848=CARTESIAN_POINT('Ctrl Pts',(-1.04832986360463,0.0785534250389407,
-2.37757784421577));
#2849=CARTESIAN_POINT('Ctrl Pts',(-0.506848024921937,0.921016407640726,
-2.44078909703853));
#2850=CARTESIAN_POINT('Ctrl Pts',(0.494602149443117,0.927650180443516,-2.5040003498613));
#2851=CARTESIAN_POINT('Ctrl Pts',(1.04719721080007,0.0924345455076862,-2.56721160268405));
#2852=CARTESIAN_POINT('Ctrl Pts',(0.649453049157982,-0.826666123927951,
-2.63042285550682));
#2853=CARTESIAN_POINT('Ctrl Pts',(-0.337674563610388,-0.995561164671059,
-2.69363410832957));
#2854=CARTESIAN_POINT('Ctrl Pts',(-1.01836000951807,-0.260977076627457,
-2.75684536115235));
#2855=CARTESIAN_POINT('Ctrl Pts',(-0.774876206121409,0.710445640916707,
-2.8200566139751));
#2856=CARTESIAN_POINT('Ctrl Pts',(0.1718134920687,1.03713367868073,-2.88326786679787));
#2857=CARTESIAN_POINT('Ctrl Pts',(0.962581173976344,0.422615223361606,-2.94647911962063));
#2858=CARTESIAN_POINT('Ctrl Pts',(0.879799312860202,-0.575429676503899,
-3.00969037244339));
#2859=CARTESIAN_POINT('Ctrl Pts',(-0.00140693934066315,-1.05126788404876,
-3.07290162526615));
#2860=CARTESIAN_POINT('Ctrl Pts',(-0.881336383671885,-0.573072702479207,
-3.13611287808892));
#2861=CARTESIAN_POINT('Ctrl Pts',(-0.961446533775219,0.425190200030858,
-3.19932413091168));
#2862=CARTESIAN_POINT('Ctrl Pts',(-0.169036835238967,1.03758984760022,-3.26253538373444));
#2863=CARTESIAN_POINT('Ctrl Pts',(0.77677504294641,0.708369025414202,-3.32574663655721));
#2864=CARTESIAN_POINT('Ctrl Pts',(1.0176578178593,-0.263701932606695,-3.38895788937996));
#2865=CARTESIAN_POINT('Ctrl Pts',(0.335008587597717,-0.996461434149072,
-3.45216914220273));
#2866=CARTESIAN_POINT('Ctrl Pts',(-0.651663416552269,-0.824924805687236,
-3.51538039502549));
#2867=CARTESIAN_POINT('Ctrl Pts',(-1.04694604479849,0.0952371922697734,
-3.57859164784826));
#2868=CARTESIAN_POINT('Ctrl Pts',(-0.492117385051957,0.928970733037472,
-3.64180290067101));
#2869=CARTESIAN_POINT('Ctrl Pts',(0.5093114456188,0.919656454809416,-3.70501415349378));
#2870=CARTESIAN_POINT('Ctrl Pts',(1.04853636808372,0.0757471340464675,-3.76822540631654));
#2871=CARTESIAN_POINT('Ctrl Pts',(0.636206772398886,-0.836903271748823,
-3.8314366591393));
#2872=CARTESIAN_POINT('Ctrl Pts',(-0.353485180168971,-0.99005776140258,
-3.89464791196207));
#2873=CARTESIAN_POINT('Ctrl Pts',(-1.02238671427508,-0.244727501483868,
-3.95785916478482));
#2874=CARTESIAN_POINT('Ctrl Pts',(-0.763464734695199,0.722694778163338,
-4.02107041760759));
#2875=CARTESIAN_POINT('Ctrl Pts',(0.188307144863835,1.03426619528864,-4.08428167043035));
#2876=CARTESIAN_POINT('Ctrl Pts',(0.969188896090982,0.407233381721268,-4.14749292325311));
#2877=CARTESIAN_POINT('Ctrl Pts',(0.870524547560319,-0.589366741166335,
-4.21070417607588));
#2878=CARTESIAN_POINT('Ctrl Pts',(-0.0181472738936746,-1.05111218242683,
-4.27391542889864));
#2879=CARTESIAN_POINT('Ctrl Pts',(-0.890350309865831,-0.558965534806019,
-4.3371266817214));
#2880=CARTESIAN_POINT('Ctrl Pts',(-0.954553846934426,0.440446474363458,
-4.40033793454416));
#2881=CARTESIAN_POINT('Ctrl Pts',(-0.152492699537407,1.04015004717707,-4.46354918736692));
#2882=CARTESIAN_POINT('Ctrl Pts',(0.787956701527808,0.695909749194162,-4.52676044018969));
#2883=CARTESIAN_POINT('Ctrl Pts',(1.01332956198152,-0.279873797360935,-4.58997169301245));
#2884=CARTESIAN_POINT('Ctrl Pts',(0.319098340342006,-1.00166980390724,-4.65318294583521));
#2885=CARTESIAN_POINT('Ctrl Pts',(-0.664716985756996,-0.814443039721182,
-4.71639419865797));
#2886=CARTESIAN_POINT('Ctrl Pts',(-1.04529672947807,0.111896801199092,-4.77960545148074));
#2887=CARTESIAN_POINT('Ctrl Pts',(-0.477261943034318,0.936689490241609,
-4.8428167043035));
#2888=CARTESIAN_POINT('Ctrl Pts',(0.523891575453565,0.91142948586836,-4.90602795712626));
#2889=CARTESIAN_POINT('Ctrl Pts',(1.04960963887678,0.0590405597543439,-4.96923920994902));
#2890=CARTESIAN_POINT('Ctrl Pts',(0.622799128079941,-0.8469282738311,-5.03245046277179));
#2891=CARTESIAN_POINT('Ctrl Pts',(-0.369206098992629,-0.984303119727038,
-5.09566171559454));
#2892=CARTESIAN_POINT('Ctrl Pts',(-1.02615425486231,-0.228416180139783,
-5.15887296841731));
#2893=CARTESIAN_POINT('Ctrl Pts',(-0.751859451393659,0.73476124246274,-5.22208422124007));
#2894=CARTESIAN_POINT('Ctrl Pts',(0.204752660745375,1.03113529453403,-5.28529547406284));
#2895=CARTESIAN_POINT('Ctrl Pts',(0.975551565512876,0.391750419758281,-5.34850672688559));
#2896=CARTESIAN_POINT('Ctrl Pts',(0.861027642904275,-0.603158427656886,
-5.41171797970836));
#2897=CARTESIAN_POINT('Ctrl Pts',(-0.0348803886163924,-1.05068218269369,
-5.47492923253112));
#2898=CARTESIAN_POINT('Ctrl Pts',(-0.899143415085802,-0.544731305738394,
-5.53814048535389));
#2899=CARTESIAN_POINT('Ctrl Pts',(-0.94740967017378,0.455618920038412,-5.60135173817664));
#2900=CARTESIAN_POINT('Ctrl Pts',(-0.135927765736921,1.04239360567404,-5.66456299099942));
#2901=CARTESIAN_POINT('Ctrl Pts',(0.798972449325836,0.683374305201307,-5.72777424382216));
#2902=CARTESIAN_POINT('Ctrl Pts',(1.0086799729977,-0.29616515711844,-5.79098549664494));
#2903=CARTESIAN_POINT('Ctrl Pts',(0.303229515636614,-1.00626136228764,-5.85419674946769));
#2904=CARTESIAN_POINT('Ctrl Pts',(-0.677836192332745,-0.804455299579547,
-5.91740800229046));
#2905=CARTESIAN_POINT('Ctrl Pts',(-1.04291991334913,0.129960277681363,-5.98061925511321));
#2906=CARTESIAN_POINT('Ctrl Pts',(-0.656540510021388,0.670425569221892,
-6.02276009032839));
#2907=CARTESIAN_POINT('Ctrl Pts',(-0.391735495545766,0.800079576859259,
-6.04383050793598));
#2908=CARTESIAN_POINT('Ctrl Pts',(-0.47403821368921,-0.662855146750369,
0.0438305079359806));
#2909=CARTESIAN_POINT('Ctrl Pts',(-0.693425599403405,-0.50596113311896,
0.0227600903283932));
#2910=CARTESIAN_POINT('Ctrl Pts',(-0.960591936995338,0.0399223980694227,
-0.0193807448867816));
#2911=CARTESIAN_POINT('Ctrl Pts',(-0.490354721821351,0.828002942030933,
-0.082591997709544));
#2912=CARTESIAN_POINT('Ctrl Pts',(0.425255626595882,0.86222781909316,-0.145803250532306));
#2913=CARTESIAN_POINT('Ctrl Pts',(0.954747386852629,0.115201274317902,-0.209014503355069));
#2914=CARTESIAN_POINT('Ctrl Pts',(0.617902090439488,-0.737011021756908,
-0.272225756177831));
#2915=CARTESIAN_POINT('Ctrl Pts',(-0.27974836000846,-0.920043949285226,
-0.335437009000593));
#2916=CARTESIAN_POINT('Ctrl Pts',(-0.923496410225535,-0.268307414070439,
-0.398648261823356));
#2917=CARTESIAN_POINT('Ctrl Pts',(-0.729179754299813,0.627013499731045,
-0.461859514646117));
#2918=CARTESIAN_POINT('Ctrl Pts',(0.126880900503103,0.953265780058732,-0.525070767468881));
#2919=CARTESIAN_POINT('Ctrl Pts',(0.867791996059866,0.414448261768768,-0.588282020291642));
#2920=CARTESIAN_POINT('Ctrl Pts',(0.821177644708939,-0.500497804789123,
-0.651493273114405));
#2921=CARTESIAN_POINT('Ctrl Pts',(0.0293373324651328,-0.961231195368655,
-0.714704525937166));
#2922=CARTESIAN_POINT('Ctrl Pts',(-0.789126210680284,-0.549643960205062,
-0.777915778759929));
#2923=CARTESIAN_POINT('Ctrl Pts',(-0.891452198849296,0.360751242785952,
-0.841127031582691));
#2924=CARTESIAN_POINT('Ctrl Pts',(-0.184778544573975,0.943760965330894,
-0.904338284405453));
#2925=CARTESIAN_POINT('Ctrl Pts',(0.689582916975745,0.670301180392289,-0.967549537228216));
#2926=CARTESIAN_POINT('Ctrl Pts',(0.938142822729755,-0.21146218266653,-1.03076079005098));
#2927=CARTESIAN_POINT('Ctrl Pts',(0.335331145123272,-0.901321894412985,
-1.09397204287374));
#2928=CARTESIAN_POINT('Ctrl Pts',(-0.571796016508844,-0.773225394506987,
-1.1571832956965));
#2929=CARTESIAN_POINT('Ctrl Pts',(-0.960014066133124,0.0565789194212042,
-1.22039454851926));
#2930=CARTESIAN_POINT('Ctrl Pts',(-0.477012238440657,0.835037422361179,
-1.28360580134203));
#2931=CARTESIAN_POINT('Ctrl Pts',(0.43888172584264,0.855693293239516,-1.34681705416479));
#2932=CARTESIAN_POINT('Ctrl Pts',(0.95648727514878,0.0998011580399933,-1.41002830698755));
#2933=CARTESIAN_POINT('Ctrl Pts',(0.606073539203279,-0.746661263760651,
-1.47323955981031));
#2934=CARTESIAN_POINT('Ctrl Pts',(-0.294356421088346,-0.915523061633625,
-1.53645081263308));
#2935=CARTESIAN_POINT('Ctrl Pts',(-0.927655749765925,-0.253540900963439,
-1.59966206545584));
#2936=CARTESIAN_POINT('Ctrl Pts',(-0.719100616424795,0.638531504243247,
-1.6628733182786));
#2937=CARTESIAN_POINT('Ctrl Pts',(0.142043651016206,0.951131841461006,-1.72608457110136));
#2938=CARTESIAN_POINT('Ctrl Pts',(0.874282253388974,0.400572989556603,-1.78929582392413));
#2939=CARTESIAN_POINT('Ctrl Pts',(0.813103236987895,-0.513508816428444,
-1.85250707674689));
#2940=CARTESIAN_POINT('Ctrl Pts',(0.0140270122277971,-0.961577569155248,
-1.91571832956965));
#2941=CARTESIAN_POINT('Ctrl Pts',(-0.79777882999827,-0.537007557645027,
-1.97892958239241));
#2942=CARTESIAN_POINT('Ctrl Pts',(-0.885594476673522,0.374900788806099,
-2.04214083521518));
#2943=CARTESIAN_POINT('Ctrl Pts',(-0.169726578192817,0.946583893387308,
-2.10535208803794));
#2944=CARTESIAN_POINT('Ctrl Pts',(0.700169446775456,0.659235105531694,-2.1685633408607));
#2945=CARTESIAN_POINT('Ctrl Pts',(0.93465651423882,-0.226374422041161,-2.23177459368346));
#2946=CARTESIAN_POINT('Ctrl Pts',(0.320935874164508,-0.906547485374153,
-2.29498584650622));
#2947=CARTESIAN_POINT('Ctrl Pts',(-0.584036448153181,-0.764021993002974,
-2.35819709932899));
#2948=CARTESIAN_POINT('Ctrl Pts',(-0.958991369147768,0.0718591153840859,
-2.42140835215174));
#2949=CARTESIAN_POINT('Ctrl Pts',(-0.463654521581999,0.842527544463864,
-2.48461960497452));
#2950=CARTESIAN_POINT('Ctrl Pts',(0.452452237549515,0.848595988265398,-2.54783085779727));
#2951=CARTESIAN_POINT('Ctrl Pts',(0.957955240824498,0.0845572891037969,
-2.61104211062004));
#2952=CARTESIAN_POINT('Ctrl Pts',(0.594106769664719,-0.756217776042235,
-2.67425336344279));
#2953=CARTESIAN_POINT('Ctrl Pts',(-0.308897994157722,-0.910719609852035,
-2.73746461626556));
#2954=CARTESIAN_POINT('Ctrl Pts',(-0.931575540980097,-0.238736654101012,
-2.80067586908832));
#2955=CARTESIAN_POINT('Ctrl Pts',(-0.708841386310682,0.649901583023811,
-2.86388712191108));
#2956=CARTESIAN_POINT('Ctrl Pts',(0.157171575204854,0.948749321217849,-2.92709837473385));
#2957=CARTESIAN_POINT('Ctrl Pts',(0.880550168411105,0.386600025187378,-2.99030962755661));
#2958=CARTESIAN_POINT('Ctrl Pts',(0.804822963560324,-0.52639165636405,-3.05352088037938));
#2959=CARTESIAN_POINT('Ctrl Pts',(-0.00128704020696181,-0.961679011984358,
-3.11673213320213));
#2960=CARTESIAN_POINT('Ctrl Pts',(-0.806229045456259,-0.524235543268858,
-3.1799433860249));
#2961=CARTESIAN_POINT('Ctrl Pts',(-0.87951222205686,0.388955562778469,-3.24315463884765));
#2962=CARTESIAN_POINT('Ctrl Pts',(-0.154631544602598,0.949166615498838,
-3.30636589167043));
#2963=CARTESIAN_POINT('Ctrl Pts',(0.710578404581196,0.648001936344754,-3.36957714449318));
#2964=CARTESIAN_POINT('Ctrl Pts',(0.930933189976246,-0.241229298312531,
-3.43278839731595));
#2965=CARTESIAN_POINT('Ctrl Pts',(0.306459212171936,-0.911543158516725,
-3.4959996501387));
#2966=CARTESIAN_POINT('Ctrl Pts',(-0.596128769921862,-0.754624852648778,
-3.55921090296147));
#2967=CARTESIAN_POINT('Ctrl Pts',(-0.957725479147285,0.0871210947807486,
-3.62242215578423));
#2968=CARTESIAN_POINT('Ctrl Pts',(-0.450179224361367,0.849804003589661,
-3.685633408607));
#2969=CARTESIAN_POINT('Ctrl Pts',(0.465908009981881,0.841283486583839,-3.74884466142975));
#2970=CARTESIAN_POINT('Ctrl Pts',(0.959180275349925,0.0692919760374495,
-3.81205591425252));
#2971=CARTESIAN_POINT('Ctrl Pts',(0.581989338380604,-0.76558251584956,-3.87526716707528));
#2972=CARTESIAN_POINT('Ctrl Pts',(-0.323361232635402,-0.905685205683424,
-3.93847841989804));
#2973=CARTESIAN_POINT('Ctrl Pts',(-0.935259090635732,-0.22387186501503,
-4.00168967272081));
#2974=CARTESIAN_POINT('Ctrl Pts',(-0.698402398557932,0.661106850856814,
-4.06490092554356));
#2975=CARTESIAN_POINT('Ctrl Pts',(0.172259641686017,0.94612620427761,-4.12811217836634));
#2976=CARTESIAN_POINT('Ctrl Pts',(0.886594781559752,0.372529021501609,-4.19132343118908));
#2977=CARTESIAN_POINT('Ctrl Pts',(0.796338592197598,-0.539141006722699,
-4.25453468401186));
#2978=CARTESIAN_POINT('Ctrl Pts',(-0.0166007662681317,-0.96153657922844,
-4.31774593683461));
#2979=CARTESIAN_POINT('Ctrl Pts',(-0.814474806377737,-0.511330586049391,
-4.38095718965738));
#2980=CARTESIAN_POINT('Ctrl Pts',(-0.873206928828037,0.402911699981321,
-4.44416844248014));
#2981=CARTESIAN_POINT('Ctrl Pts',(-0.139497297359797,0.951508635298839,
-4.50737969530291));
#2982=CARTESIAN_POINT('Ctrl Pts',(0.720807164101074,0.636604437546272,-4.57059094812566));
#2983=CARTESIAN_POINT('Ctrl Pts',(0.926973787335573,-0.25602299947546,-4.63380220094843));
#2984=CARTESIAN_POINT('Ctrl Pts',(0.291904833508363,-0.916307671881098,
-4.69701345377119));
#2985=CARTESIAN_POINT('Ctrl Pts',(-0.608069916156942,-0.745036341013413,
-4.76022470659395));
#2986=CARTESIAN_POINT('Ctrl Pts',(-0.956216718200749,0.102360974642283,
-4.82343595941671));
#2987=CARTESIAN_POINT('Ctrl Pts',(-0.436589760611088,0.856864969604559,
-4.88664721223948));
#2988=CARTESIAN_POINT('Ctrl Pts',(0.479245623607156,0.833757618550669,-4.94985846506223));
#2989=CARTESIAN_POINT('Ctrl Pts',(0.96016208218672,0.0540091331934196,-5.01306971788501));
#2990=CARTESIAN_POINT('Ctrl Pts',(0.569724291252917,-0.774753188942412,
-5.07628097070776));
#2991=CARTESIAN_POINT('Ctrl Pts',(-0.337742417404022,-0.900420973602495,
-5.13949222353053));
#2992=CARTESIAN_POINT('Ctrl Pts',(-0.938705562048508,-0.20895059172936,
-5.20270347635328));
#2993=CARTESIAN_POINT('Ctrl Pts',(-0.687786115545232,0.672145013100391,
-5.26591472917606));
#2994=CARTESIAN_POINT('Ctrl Pts',(0.187303673473254,0.943262118358119,-5.3291259819988));
#2995=CARTESIAN_POINT('Ctrl Pts',(0.89241522536487,0.358365514950061,-5.39233723482159));
#2996=CARTESIAN_POINT('Ctrl Pts',(0.787651012157236,-0.551757368012792,
-5.45554848764432));
#2997=CARTESIAN_POINT('Ctrl Pts',(-0.0319078877717286,-0.961143224000153,
-5.51875974046712));
#2998=CARTESIAN_POINT('Ctrl Pts',(-0.82251856465146,-0.498309395586125,
-5.58197099328985));
#2999=CARTESIAN_POINT('Ctrl Pts',(-0.866671577607986,0.416791152390617,
-5.64518224611263));
#3000=CARTESIAN_POINT('Ctrl Pts',(-0.124344024428557,0.953560998118468,
-5.70839349893539));
#3001=CARTESIAN_POINT('Ctrl Pts',(0.730884151726603,0.625137261979749,-5.77160475175815));
#3002=CARTESIAN_POINT('Ctrl Pts',(0.922720435542052,-0.270926012297596,
-5.8348160045809));
#3003=CARTESIAN_POINT('Ctrl Pts',(0.277388347372345,-0.920507938429453,
-5.89802725740368));
#3004=CARTESIAN_POINT('Ctrl Pts',(-0.62007110615734,-0.735899754404896,
-5.96123851022642));
#3005=CARTESIAN_POINT('Ctrl Pts',(-0.954042453942104,0.118885084700292,
-6.0244497630492));
#3006=CARTESIAN_POINT('Ctrl Pts',(-0.600590238306746,0.613292015100181,
-6.06659059826437));
#3007=CARTESIAN_POINT('Ctrl Pts',(-0.358351862576425,0.731896930038047,
-6.08766101587196));
#3008=CARTESIAN_POINT('Ctrl Pts',(-0.429877377952344,-0.601104350279398,
1.52655665885959E-15));
#3009=CARTESIAN_POINT('Ctrl Pts',(-0.628826895951471,-0.458826396206041,
-0.0210704176075859));
#3010=CARTESIAN_POINT('Ctrl Pts',(-0.871104335542964,0.0362032749851439,
-0.0632112528227608));
#3011=CARTESIAN_POINT('Ctrl Pts',(-0.444673859608516,0.750867173528004,
-0.126422505645523));
#3012=CARTESIAN_POINT('Ctrl Pts',(0.385639318606439,0.781903701781174,-0.189633758468285));
#3013=CARTESIAN_POINT('Ctrl Pts',(0.865804256734749,0.104469260727178,-0.252845011291048));
#3014=CARTESIAN_POINT('Ctrl Pts',(0.560339067186556,-0.668351952238502,
-0.31605626411381));
#3015=CARTESIAN_POINT('Ctrl Pts',(-0.253687335776164,-0.834333750103421,
-0.379267516936572));
#3016=CARTESIAN_POINT('Ctrl Pts',(-0.83746458389202,-0.243312214743489,
-0.442478769759335));
#3017=CARTESIAN_POINT('Ctrl Pts',(-0.661250236336097,0.568601668433886,
-0.505690022582097));
#3018=CARTESIAN_POINT('Ctrl Pts',(0.115060826839308,0.864460674666205,-0.568901275404859));
#3019=CARTESIAN_POINT('Ctrl Pts',(0.786949526644741,0.375838755022535,-0.632112528227621));
#3020=CARTESIAN_POINT('Ctrl Pts',(0.744677712780328,-0.453872025040394,
-0.695323781050383));
#3021=CARTESIAN_POINT('Ctrl Pts',(0.0266043014930678,-0.871684041367136,
-0.758535033873147));
#3022=CARTESIAN_POINT('Ctrl Pts',(-0.715612152194784,-0.498439783116723,
-0.821746286695908));
#3023=CARTESIAN_POINT('Ctrl Pts',(-0.808405573105178,0.327144086412302,
-0.884957539518671));
#3024=CARTESIAN_POINT('Ctrl Pts',(-0.16756479530442,0.85584131716478,-0.948168792341432));
#3025=CARTESIAN_POINT('Ctrl Pts',(0.625342193244807,0.607856720290292,-1.0113800451642));
#3026=CARTESIAN_POINT('Ctrl Pts',(0.850746554041051,-0.191762617433977,
-1.07459129798696));
#3027=CARTESIAN_POINT('Ctrl Pts',(0.304092094790174,-0.817355819578114,
-1.13780255080972));
#3028=CARTESIAN_POINT('Ctrl Pts',(-0.518528180222978,-0.70119263712935,
-1.20101380363248));
#3029=CARTESIAN_POINT('Ctrl Pts',(-0.87058029844243,0.0513080946341465,
-1.26422505645524));
#3030=CARTESIAN_POINT('Ctrl Pts',(-0.432574346097933,0.757246330043867,
-1.32743630927801));
#3031=CARTESIAN_POINT('Ctrl Pts',(0.397996026666593,0.775977924577972,-1.39064756210077));
#3032=CARTESIAN_POINT('Ctrl Pts',(0.867382059108229,0.0905038009508726,
-1.45385881492353));
#3033=CARTESIAN_POINT('Ctrl Pts',(0.549612449703919,-0.677103189183915,
-1.51707006774629));
#3034=CARTESIAN_POINT('Ctrl Pts',(-0.266934527273907,-0.830234022964206,
-1.58028132056905));
#3035=CARTESIAN_POINT('Ctrl Pts',(-0.841236444311713,-0.229921332420871,
-1.64349257339182));
#3036=CARTESIAN_POINT('Ctrl Pts',(-0.65211005894826,0.579046669355678,-1.70670382621458));
#3037=CARTESIAN_POINT('Ctrl Pts',(0.12881103356292,0.862525531248203,-1.76991507903734));
#3038=CARTESIAN_POINT('Ctrl Pts',(0.792835159326461,0.363256086653839,-1.8331263318601));
#3039=CARTESIAN_POINT('Ctrl Pts',(0.737355507271562,-0.465670946322478,
-1.89633758468287));
#3040=CARTESIAN_POINT('Ctrl Pts',(0.012720272465081,-0.871998147384062,
-1.95954883750563));
#3041=CARTESIAN_POINT('Ctrl Pts',(-0.72345870379637,-0.486980572777997,
-2.02276009032839));
#3042=CARTESIAN_POINT('Ctrl Pts',(-0.803093549354818,0.339975477567498,
-2.08597134315115));
#3043=CARTESIAN_POINT('Ctrl Pts',(-0.153915052194889,0.858401264603605,
-2.14918259597392));
#3044=CARTESIAN_POINT('Ctrl Pts',(0.634942494529584,0.597821547791697,-2.21239384879668));
#3045=CARTESIAN_POINT('Ctrl Pts',(0.847585025899359,-0.205285650338592,
-2.27560510161944));
#3046=CARTESIAN_POINT('Ctrl Pts',(0.291037870139153,-0.822094600705391,
-2.3388163544422));
#3047=CARTESIAN_POINT('Ctrl Pts',(-0.529628307825183,-0.69284661355459,
-2.40202760726497));
#3048=CARTESIAN_POINT('Ctrl Pts',(-0.86965287469091,0.0651648057292322,
-2.46523886008773));
#3049=CARTESIAN_POINT('Ctrl Pts',(-0.420461018242059,0.764038681287,-2.52845011291049));
#3050=CARTESIAN_POINT('Ctrl Pts',(0.410302325655912,0.769541796087281,-2.59166136573325));
#3051=CARTESIAN_POINT('Ctrl Pts',(0.868713270848927,0.0766800326999067,
-2.65487261855602));
#3052=CARTESIAN_POINT('Ctrl Pts',(0.538760490171455,-0.685769428156518,
-2.71808387137877));
#3053=CARTESIAN_POINT('Ctrl Pts',(-0.280121424705057,-0.825878055033012,
-2.78129512420154));
#3054=CARTESIAN_POINT('Ctrl Pts',(-0.844791072442123,-0.216496231574568,
-2.8445063770243));
#3055=CARTESIAN_POINT('Ctrl Pts',(-0.642806566499957,0.589357525130914,
-2.90771762984707));
#3056=CARTESIAN_POINT('Ctrl Pts',(0.142529658341008,0.860364963754973,-2.97092888266982));
#3057=CARTESIAN_POINT('Ctrl Pts',(0.798519162845865,0.350584827013149,-3.03414013549259));
#3058=CARTESIAN_POINT('Ctrl Pts',(0.729846614260446,-0.4773536362242,-3.09735138831535));
#3059=CARTESIAN_POINT('Ctrl Pts',(-0.00116714107326047,-0.872090139919961,
-3.16056264113811));
#3060=CARTESIAN_POINT('Ctrl Pts',(-0.731121707240633,-0.475398384058509,
-3.22377389396088));
#3061=CARTESIAN_POINT('Ctrl Pts',(-0.797577910338501,0.352720925526079,
-3.28698514678364));
#3062=CARTESIAN_POINT('Ctrl Pts',(-0.140226253966231,0.860743383397454,
-3.3501963996064));
#3063=CARTESIAN_POINT('Ctrl Pts',(0.644381766215984,0.587634847275306,-3.41340765242916));
#3064=CARTESIAN_POINT('Ctrl Pts',(0.844208562093192,-0.218756664018366,
-3.47661890525192));
#3065=CARTESIAN_POINT('Ctrl Pts',(0.277909836746156,-0.826624882884379,
-3.53983015807468));
#3066=CARTESIAN_POINT('Ctrl Pts',(-0.540594123291455,-0.684324899610319,
-3.60304141089745));
#3067=CARTESIAN_POINT('Ctrl Pts',(-0.868504913496074,0.0790049972917222,
-3.66625266372021));
#3068=CARTESIAN_POINT('Ctrl Pts',(-0.408241063670778,0.77063727414185,-3.72946391654297));
#3069=CARTESIAN_POINT('Ctrl Pts',(0.422504574344963,0.762910518358261,-3.79267516936573));
#3070=CARTESIAN_POINT('Ctrl Pts',(0.869824182616131,0.0628368180284307,
-3.8558864221885));
#3071=CARTESIAN_POINT('Ctrl Pts',(0.52777190436232,-0.694261759950297,-3.91909767501125));
#3072=CARTESIAN_POINT('Ctrl Pts',(-0.293237285101833,-0.821312649964267,
-3.98230892783403));
#3073=CARTESIAN_POINT('Ctrl Pts',(-0.848131466996389,-0.203016228546192,
-4.04552018065678));
#3074=CARTESIAN_POINT('Ctrl Pts',(-0.633340062420666,0.599518923550289,
-4.10873143347955));
#3075=CARTESIAN_POINT('Ctrl Pts',(0.156212138508199,0.857986213266574,-4.17194268630231));
#3076=CARTESIAN_POINT('Ctrl Pts',(0.804000667028522,0.337824661281951,-4.23515393912507));
#3077=CARTESIAN_POINT('Ctrl Pts',(0.722152636834876,-0.488915272279064,
-4.29836519194784));
#3078=CARTESIAN_POINT('Ctrl Pts',(-0.0150542586425881,-0.871960976030044,
-4.36157644477059));
#3079=CARTESIAN_POINT('Ctrl Pts',(-0.738599302889642,-0.463695637292765,
-4.42478769759336));
#3080=CARTESIAN_POINT('Ctrl Pts',(-0.791860010721648,0.365376925599186,
-4.48799895041611));
#3081=CARTESIAN_POINT('Ctrl Pts',(-0.126501895182186,0.862867223420605,
-4.55121020323889));
#3082=CARTESIAN_POINT('Ctrl Pts',(0.653657626674341,0.577299125898384,-4.61442145606164));
#3083=CARTESIAN_POINT('Ctrl Pts',(0.840618012689624,-0.232172201589985,
-4.67763270888441));
#3084=CARTESIAN_POINT('Ctrl Pts',(0.26471132667472,-0.830945539854954,-4.74084396170716));
#3085=CARTESIAN_POINT('Ctrl Pts',(-0.55142284655689,-0.675629642305644,
-4.80405521452994));
#3086=CARTESIAN_POINT('Ctrl Pts',(-0.867136706923431,0.0928251480854732,
-4.86726646735269));
#3087=CARTESIAN_POINT('Ctrl Pts',(-0.395917578187857,0.777040448967508,
-4.93047772017546));
#3088=CARTESIAN_POINT('Ctrl Pts',(0.434599671760745,0.756085751232979,-4.99368897299821));
#3089=CARTESIAN_POINT('Ctrl Pts',(0.87071452549666,0.0489777066324939,-5.05690022582098));
#3090=CARTESIAN_POINT('Ctrl Pts',(0.516649454425894,-0.702578104053722,
-5.12011147864374));
#3091=CARTESIAN_POINT('Ctrl Pts',(-0.306278735815416,-0.816538827477953,
-5.1833227314665));
#3092=CARTESIAN_POINT('Ctrl Pts',(-0.851256869234704,-0.189485003318937,
-5.24653398428927));
#3093=CARTESIAN_POINT('Ctrl Pts',(-0.623712779696807,0.609528783738044,
-5.30974523711203));
#3094=CARTESIAN_POINT('Ctrl Pts',(0.169854686201136,0.855388942182205,-5.3729564899348));
#3095=CARTESIAN_POINT('Ctrl Pts',(0.80927888521686,0.324980610141842,-5.43616774275755));
#3096=CARTESIAN_POINT('Ctrl Pts',(0.714274381410199,-0.500356308368699,
-5.49937899558032));
#3097=CARTESIAN_POINT('Ctrl Pts',(-0.0289353869270653,-0.871604265306611,
-5.56259024840307));
#3098=CARTESIAN_POINT('Ctrl Pts',(-0.745893714217117,-0.451887485433858,
-5.62580150122584));
#3099=CARTESIAN_POINT('Ctrl Pts',(-0.785933485042191,0.377963384742823,
-5.6890127540486));
#3100=CARTESIAN_POINT('Ctrl Pts',(-0.112760283120192,0.864728390562898,
-5.75222400687137));
#3101=CARTESIAN_POINT('Ctrl Pts',(0.662795854127372,0.566900218758192,-5.81543525969412));
#3102=CARTESIAN_POINT('Ctrl Pts',(0.836760898086399,-0.245686867476752,
-5.8786465125169));
#3103=CARTESIAN_POINT('Ctrl Pts',(0.251547179108076,-0.834754514571265,
-5.94185776533965));
#3104=CARTESIAN_POINT('Ctrl Pts',(-0.562306019981936,-0.667344209230246,
-6.00506901816242));
#3105=CARTESIAN_POINT('Ctrl Pts',(-0.865164994535082,0.107809891719223,
-6.06828027098517));
#3106=CARTESIAN_POINT('Ctrl Pts',(-0.544639966592102,0.55615846097847,-6.11042110620035));
#3107=CARTESIAN_POINT('Ctrl Pts',(-0.324968229607084,0.663714283216835,
-6.13149152380794));
#3108=CARTESIAN_POINT('',(-0.425119128515106,0.868262223680471,-6.));
#3109=CARTESIAN_POINT('Ctrl Pts',(-0.430785331582687,-0.601879604833762,
-6.));
#3110=CARTESIAN_POINT('Ctrl Pts',(-0.448577345607464,-0.592916043987994,
-6.));
#3111=CARTESIAN_POINT('Ctrl Pts',(-0.465935770903491,-0.583210827153747,
-6.));
#3112=CARTESIAN_POINT('Ctrl Pts',(-0.482809050824681,-0.572778658489368,
-6.));
#3113=CARTESIAN_POINT('Ctrl Pts',(-0.511925751141469,-0.55477680407377,
-6.));
#3114=CARTESIAN_POINT('Ctrl Pts',(-0.539598974694032,-0.534613663782836,
-6.));
#3115=CARTESIAN_POINT('Ctrl Pts',(-0.565766145759914,-0.512569167996002,
-6.));
#3116=CARTESIAN_POINT('Ctrl Pts',(-0.587976582122305,-0.493858017693139,
-6.));
#3117=CARTESIAN_POINT('Ctrl Pts',(-0.609102117327267,-0.473790207202905,
-6.));
#3118=CARTESIAN_POINT('Ctrl Pts',(-0.629095342255172,-0.45250880278173,
-6.));
#3119=CARTESIAN_POINT('Ctrl Pts',(-0.636849462075268,-0.444255078811897,
-6.));
#3120=CARTESIAN_POINT('Ctrl Pts',(-0.644433145478531,-0.435818562404095,
-6.));
#3121=CARTESIAN_POINT('Ctrl Pts',(-0.651843122660185,-0.427206728794407,
-6.));
#3122=CARTESIAN_POINT('Ctrl Pts',(-0.656902853550138,-0.421326338144626,
-6.));
#3123=CARTESIAN_POINT('Ctrl Pts',(-0.661881824873807,-0.415363682006319,
-6.));
#3124=CARTESIAN_POINT('Ctrl Pts',(-0.666769224309275,-0.409333632314634,
-6.));
#3125=CARTESIAN_POINT('Ctrl Pts',(-0.689578586226994,-0.381191552336203,
-6.));
#3126=CARTESIAN_POINT('Ctrl Pts',(-0.710448780238648,-0.351524429838528,
-6.));
#3127=CARTESIAN_POINT('Ctrl Pts',(-0.729310901484101,-0.320622962171353,
-6.));
#3128=CARTESIAN_POINT('Ctrl Pts',(-0.748812719248523,-0.288673491416906,
-6.));
#3129=CARTESIAN_POINT('Ctrl Pts',(-0.766168920320389,-0.255403790562913,
-6.));
#3130=CARTESIAN_POINT('Ctrl Pts',(-0.781275783859726,-0.221086794286318,
-6.));
#3131=CARTESIAN_POINT('Ctrl Pts',(-0.788371436933026,-0.204968193660689,
-6.));
#3132=CARTESIAN_POINT('Ctrl Pts',(-0.794970371432329,-0.188617934909669,
-6.));
#3133=CARTESIAN_POINT('Ctrl Pts',(-0.801058879422938,-0.172061584783294,
-6.));
#3134=CARTESIAN_POINT('Ctrl Pts',(-0.803829865675511,-0.164526500873783,
-6.));
#3135=CARTESIAN_POINT('Ctrl Pts',(-0.806495764092864,-0.156946710734664,
-6.));
#3136=CARTESIAN_POINT('Ctrl Pts',(-0.809052996188225,-0.149330922345377,
-6.));
#3137=CARTESIAN_POINT('Ctrl Pts',(-0.821364853226231,-0.112664521180348,
-6.));
#3138=CARTESIAN_POINT('Ctrl Pts',(-0.831110464100024,-0.0753202475505864,
-6.));
#3139=CARTESIAN_POINT('Ctrl Pts',(-0.83820212972374,-0.0375971921536319,
-6.));
#3140=CARTESIAN_POINT('Ctrl Pts',(-0.845314993670511,0.000238624554611475,
-6.));
#3141=CARTESIAN_POINT('Ctrl Pts',(-0.849758874300621,0.0384566396046003,
-6.));
#3142=CARTESIAN_POINT('Ctrl Pts',(-0.85140573559299,0.0767876160631272,
-6.));
#3143=CARTESIAN_POINT('Ctrl Pts',(-0.851812689187188,0.0862595301285046,
-6.));
#3144=CARTESIAN_POINT('Ctrl Pts',(-0.852048625997965,0.0957384497359308,
-6.));
#3145=CARTESIAN_POINT('Ctrl Pts',(-0.852111149291766,0.105220489331954,
-6.));
#3146=CARTESIAN_POINT('Ctrl Pts',(-0.85221295229795,0.120659537356143,-6.));
#3147=CARTESIAN_POINT('Ctrl Pts',(-0.851855085965727,0.136106851057789,
-6.));
#3148=CARTESIAN_POINT('Ctrl Pts',(-0.85104767232537,0.151549358632455,-6.));
#3149=CARTESIAN_POINT('Ctrl Pts',(-0.850466973925292,0.162655734588433,
-6.));
#3150=CARTESIAN_POINT('Ctrl Pts',(-0.849652982435317,0.173765071402567,
-6.));
#3151=CARTESIAN_POINT('Ctrl Pts',(-0.848612661405646,0.184840454564376,
-6.));
#3152=CARTESIAN_POINT('Ctrl Pts',(-0.845007453140508,0.223221936602795,
-6.));
#3153=CARTESIAN_POINT('Ctrl Pts',(-0.838687632865083,0.261256359596277,
-6.));
#3154=CARTESIAN_POINT('Ctrl Pts',(-0.829867702119447,0.298734774528436,
-6.));
#3155=CARTESIAN_POINT('Ctrl Pts',(-0.820817614531133,0.337191191884666,
-6.));
#3156=CARTESIAN_POINT('Ctrl Pts',(-0.809135145308048,0.375063182640299,
-6.));
#3157=CARTESIAN_POINT('Ctrl Pts',(-0.794996810202681,0.412135321132044,
-6.));
#3158=CARTESIAN_POINT('Ctrl Pts',(-0.784994550320144,0.438362253853076,
-6.));
#3159=CARTESIAN_POINT('Ctrl Pts',(-0.773761962913958,0.46418912005327,-6.));
#3160=CARTESIAN_POINT('Ctrl Pts',(-0.761346060325949,0.489538368637203,
-6.));
#3161=CARTESIAN_POINT('Ctrl Pts',(-0.757599805996629,0.497187005663743,
-6.));
#3162=CARTESIAN_POINT('Ctrl Pts',(-0.753746663252649,0.504790016084773,
-6.));
#3163=CARTESIAN_POINT('Ctrl Pts',(-0.749793402021909,0.512335403957916,
-6.));
#3164=CARTESIAN_POINT('Ctrl Pts',(-0.730943004706992,0.548314194885747,
-6.));
#3165=CARTESIAN_POINT('Ctrl Pts',(-0.7097892204183,0.583046974497523,-6.));
#3166=CARTESIAN_POINT('Ctrl Pts',(-0.686512119188059,0.616313620893767,
-6.));
#3167=CARTESIAN_POINT('Ctrl Pts',(-0.666321679541888,0.645168941393095,
-6.));
#3168=CARTESIAN_POINT('Ctrl Pts',(-0.644532748716087,0.672921669622706,
-6.));
#3169=CARTESIAN_POINT('Ctrl Pts',(-0.621234788590709,0.699421477031901,
-6.));
#3170=CARTESIAN_POINT('Ctrl Pts',(-0.614241888377773,0.707375414109537,
-6.));
#3171=CARTESIAN_POINT('Ctrl Pts',(-0.607118500484682,0.715209904569929,
-6.));
#3172=CARTESIAN_POINT('Ctrl Pts',(-0.599871204848438,0.722917325600437,
-6.));
#3173=CARTESIAN_POINT('Ctrl Pts',(-0.570696960109822,0.753943821376753,
-6.));
#3174=CARTESIAN_POINT('Ctrl Pts',(-0.539500666779954,0.782933015208224,
-6.));
#3175=CARTESIAN_POINT('Ctrl Pts',(-0.506454656160367,0.809636223078263,
-6.));
#3176=CARTESIAN_POINT('Ctrl Pts',(-0.480466386732214,0.830636342236709,
-6.));
#3177=CARTESIAN_POINT('Ctrl Pts',(-0.453333026220153,0.850222665693756,
-6.));
#3178=CARTESIAN_POINT('Ctrl Pts',(-0.425119128515106,0.868262223680471,
-6.));
#3179=CARTESIAN_POINT('Ctrl Pts',(-0.426123579580349,0.869458233286967,
4.77048955893622E-17));
#3180=CARTESIAN_POINT('Ctrl Pts',(-0.447782497353863,0.85575358629387,5.08322001435193E-17));
#3181=CARTESIAN_POINT('Ctrl Pts',(-0.468821056953576,0.841153528944213,
-6.111039653587E-17));
#3182=CARTESIAN_POINT('Ctrl Pts',(-0.489174165776266,0.825655304737097,
-5.03069808033274E-17));
#3183=CARTESIAN_POINT('Ctrl Pts',(-0.519040364021398,0.802913175234934,
-3.44540239502206E-17));
#3184=CARTESIAN_POINT('Ctrl Pts',(-0.547431924892282,0.778237447439973,
-3.04853959766571E-16));
#3185=CARTESIAN_POINT('Ctrl Pts',(-0.574251172303018,0.751826537111516,
-3.59087759527199E-16));
#3186=CARTESIAN_POINT('Ctrl Pts',(-0.584286780795905,0.741943726011789,
-3.7938173620536E-16));
#3187=CARTESIAN_POINT('Ctrl Pts',(-0.594101946077545,0.731817798730021,
-8.46348528022116E-17));
#3188=CARTESIAN_POINT('Ctrl Pts',(-0.603690485513607,0.721458720479537,
-6.41847686111419E-17));
#3189=CARTESIAN_POINT('Ctrl Pts',(-0.610340077008732,0.714274765186755,
-5.00027644781568E-17));
#3190=CARTESIAN_POINT('Ctrl Pts',(-0.61688235762688,0.706976711559038,1.44799289405198E-16));
#3191=CARTESIAN_POINT('Ctrl Pts',(-0.623309449605906,0.699574387804461,
1.11022302462516E-16));
#3192=CARTESIAN_POINT('Ctrl Pts',(-0.650689416412,0.668039849423856,-3.287057853537E-17));
#3193=CARTESIAN_POINT('Ctrl Pts',(-0.67593192521953,0.634675730462449,3.14241697340017E-17));
#3194=CARTESIAN_POINT('Ctrl Pts',(-0.698904239403644,0.599760377901308,
2.08166817117217E-17));
#3195=CARTESIAN_POINT('Ctrl Pts',(-0.712569220354762,0.578991132633911,
1.45068637020104E-17));
#3196=CARTESIAN_POINT('Ctrl Pts',(-0.725430015302969,0.557672529639992,
4.52942710096823E-17));
#3197=CARTESIAN_POINT('Ctrl Pts',(-0.737450154367738,0.535861149834786,
9.71445146547012E-17));
#3198=CARTESIAN_POINT('Ctrl Pts',(-0.74463166895787,0.522829791257489,1.28122798618985E-16));
#3199=CARTESIAN_POINT('Ctrl Pts',(-0.751512981890924,0.509622517952276,
-1.42493477495559E-16));
#3200=CARTESIAN_POINT('Ctrl Pts',(-0.758085150765648,0.496251414064748,
-1.52655665885959E-16));
#3201=CARTESIAN_POINT('Ctrl Pts',(-0.761809622751132,0.488673960899232,
-1.58414614977608E-16));
#3202=CARTESIAN_POINT('Ctrl Pts',(-0.76543068781276,0.481052232462434,1.07055769380104E-16));
#3203=CARTESIAN_POINT('Ctrl Pts',(-0.768946887418455,0.473389642146495,
1.04083408558608E-16));
#3204=CARTESIAN_POINT('Ctrl Pts',(-0.785676859412723,0.436931267831909,
8.99410051467102E-17));
#3205=CARTESIAN_POINT('Ctrl Pts',(-0.800040761676799,0.399540444836785,
-1.9967971169041E-16));
#3206=CARTESIAN_POINT('Ctrl Pts',(-0.811908713009306,0.361462679437726,
-1.66533453693773E-16));
#3207=CARTESIAN_POINT('Ctrl Pts',(-0.823497721428272,0.324279889298001,
-1.34166261394286E-16));
#3208=CARTESIAN_POINT('Ctrl Pts',(-0.832706807866492,0.286440987096786,
3.97466936436108E-17));
#3209=CARTESIAN_POINT('Ctrl Pts',(-0.839366874914824,0.248177040207609,
9.71445146547012E-17));
#3210=CARTESIAN_POINT('Ctrl Pts',(-0.84257683510794,0.229734921614145,1.24808608616538E-16));
#3211=CARTESIAN_POINT('Ctrl Pts',(-0.845193935418293,0.211194203450064,
3.00269723231847E-17));
#3212=CARTESIAN_POINT('Ctrl Pts',(-0.847195026408883,0.192582058082184,
6.93889390390723E-18));
#3213=CARTESIAN_POINT('Ctrl Pts',(-0.848025676748224,0.184856180079442,
-2.64493824759147E-18));
#3214=CARTESIAN_POINT('Ctrl Pts',(-0.848750150891263,0.177118008537679,
-7.54644246410427E-17));
#3215=CARTESIAN_POINT('Ctrl Pts',(-0.84936664887817,0.169369552797103,-7.63278329429795E-17));
#3216=CARTESIAN_POINT('Ctrl Pts',(-0.850015074505038,0.161219814472669,
-7.72359560533796E-17));
#3217=CARTESIAN_POINT('Ctrl Pts',(-0.850543365759726,0.153066698825901,
-3.67831526734564E-17));
#3218=CARTESIAN_POINT('Ctrl Pts',(-0.85094994574614,0.144917402545481,-3.46944695195361E-17));
#3219=CARTESIAN_POINT('Ctrl Pts',(-0.852762833258667,0.108580745660398,
-2.53813017938761E-17));
#3220=CARTESIAN_POINT('Ctrl Pts',(-0.852162028391089,0.0722872354296357,
5.32655567772194E-17));
#3221=CARTESIAN_POINT('Ctrl Pts',(-0.849016960039973,0.0362316995909968,
2.77555756156289E-17));
#3222=CARTESIAN_POINT('Ctrl Pts',(-0.84612419437094,0.0030685995853605,
3.1747372902399E-18));
#3223=CARTESIAN_POINT('Ctrl Pts',(-0.841077943101901,-0.0298936227476755,
-3.94963626253226E-17));
#3224=CARTESIAN_POINT('Ctrl Pts',(-0.833970456874158,-0.0624896611762769,
-5.55111512312578E-17));
#3225=CARTESIAN_POINT('Ctrl Pts',(-0.830238630429121,-0.0796043982736924,
-6.39198079231326E-17));
#3226=CARTESIAN_POINT('Ctrl Pts',(-0.825938130930865,-0.0966179290988451,
-2.21842781527846E-16));
#3227=CARTESIAN_POINT('Ctrl Pts',(-0.821079868311531,-0.113504198120293,
-2.35922392732846E-16));
#3228=CARTESIAN_POINT('Ctrl Pts',(-0.818132690093543,-0.123747951524042,
-2.44463537317329E-16));
#3229=CARTESIAN_POINT('Ctrl Pts',(-0.814980223672354,-0.133944840766223,
-1.78748891245967E-16));
#3230=CARTESIAN_POINT('Ctrl Pts',(-0.811624659598788,-0.144088720830818,
-1.94289029309402E-16));
#3231=CARTESIAN_POINT('Ctrl Pts',(-0.809149559921928,-0.151570954434333,
-2.05751600089132E-16));
#3232=CARTESIAN_POINT('Ctrl Pts',(-0.80656369052497,-0.15902468560852,-7.83666965899033E-17));
#3233=CARTESIAN_POINT('Ctrl Pts',(-0.803873418966421,-0.166433257213456,
-8.32667268468867E-17));
#3234=CARTESIAN_POINT('Ctrl Pts',(-0.791144241167803,-0.201487348646475,
-1.06451507640316E-16));
#3235=CARTESIAN_POINT('Ctrl Pts',(-0.776055772759092,-0.235612442176721,
2.21580666626105E-17));
#3236=CARTESIAN_POINT('Ctrl Pts',(-0.758754782499274,-0.268580737715591,
1.38777878078145E-17));
#3237=CARTESIAN_POINT('Ctrl Pts',(-0.741637162891335,-0.301199607137604,
5.685270411093E-18));
#3238=CARTESIAN_POINT('Ctrl Pts',(-0.722352698670757,-0.332686960551724,
-2.35603333840441E-17));
#3239=CARTESIAN_POINT('Ctrl Pts',(-0.701010483104203,-0.362784119097524,
-5.55111512312578E-17));
#3240=CARTESIAN_POINT('Ctrl Pts',(-0.691447102627803,-0.376270562317745,
-6.98282134243657E-17));
#3241=CARTESIAN_POINT('Ctrl Pts',(-0.68147018730659,-0.389477274666248,
-3.80344920619628E-17));
#3242=CARTESIAN_POINT('Ctrl Pts',(-0.671088140113017,-0.402377762606701,
-2.77555756156289E-17));
#3243=CARTESIAN_POINT('Ctrl Pts',(-0.666070608773358,-0.408612429174021,
-2.27878862528668E-17));
#3244=CARTESIAN_POINT('Ctrl Pts',(-0.660957429405954,-0.414776719195664,
-2.6860643312826E-16));
#3245=CARTESIAN_POINT('Ctrl Pts',(-0.655752659628618,-0.420863766305012,
-2.4980018054066E-16));
#3246=CARTESIAN_POINT('Ctrl Pts',(-0.632716647209695,-0.447804687576127,
-1.66564785567432E-16));
#3247=CARTESIAN_POINT('Ctrl Pts',(-0.608001114810459,-0.473105891395841,
2.58950864960331E-16));
#3248=CARTESIAN_POINT('Ctrl Pts',(-0.581719068714033,-0.496550408207523,
2.22044604925031E-16));
#3249=CARTESIAN_POINT('Ctrl Pts',(-0.556387232623247,-0.519147304009405,
1.86472666328316E-16));
#3250=CARTESIAN_POINT('Ctrl Pts',(-0.529599230541287,-0.540019751185536,
1.06866255564655E-16));
#3251=CARTESIAN_POINT('Ctrl Pts',(-0.501438768973994,-0.558929590884801,
1.52655665885959E-16));
#3252=CARTESIAN_POINT('Ctrl Pts',(-0.47848344720106,-0.574344162621629,
1.89981426516931E-16));
#3253=CARTESIAN_POINT('Ctrl Pts',(-0.454615661130256,-0.588453933430661,
5.82874474765368E-17));
#3254=CARTESIAN_POINT('Ctrl Pts',(-0.429877377952358,-0.601104350279388,
5.55111512312578E-17));
#3255=CARTESIAN_POINT('Ctrl Pts',(-0.425119128515131,0.868262223680459,
-6.));
#3256=CARTESIAN_POINT('Ctrl Pts',(-0.71249078173604,0.727559123343589,-5.97892958239241));
#3257=CARTESIAN_POINT('Ctrl Pts',(-0.922144077246086,0.434297297003017,
-5.95785916478483));
#3258=CARTESIAN_POINT('Ctrl Pts',(-0.960938042626451,0.11865866459663,-5.93678874717724));
#3259=CARTESIAN_POINT('Ctrl Pts',(-0.999732008006817,-0.196979967809766,
-5.91571832956966));
#3260=CARTESIAN_POINT('Ctrl Pts',(-0.867666643257491,-0.534995406281972,
-5.89464791196206));
#3261=CARTESIAN_POINT('Ctrl Pts',(-0.624188633814657,-0.740503782416686,
-5.87357749435448));
#3262=CARTESIAN_POINT('Ctrl Pts',(-0.380710624371816,-0.946012158551406,
-5.85250707674689));
#3263=CARTESIAN_POINT('Ctrl Pts',(-0.0258199702354642,-1.01901347234862,
-5.8314366591393));
#3264=CARTESIAN_POINT('Ctrl Pts',(0.279220161258127,-0.92707904854613,-5.81036624153171));
#3265=CARTESIAN_POINT('Ctrl Pts',(0.584260292751704,-0.835144624743645,
-5.78929582392413));
#3266=CARTESIAN_POINT('Ctrl Pts',(0.839449901602532,-0.578274463341463,
-5.76822540631654));
#3267=CARTESIAN_POINT('Ctrl Pts',(0.929114912106562,-0.272670107580021,
-5.74715498870896));
#3268=CARTESIAN_POINT('Ctrl Pts',(0.954887696899985,-0.184828983726942,
-5.74109863143586));
#3269=CARTESIAN_POINT('Ctrl Pts',(0.966985107139818,-0.0929615195710534,
-5.73504227416277));
#3270=CARTESIAN_POINT('Ctrl Pts',(0.966223078189518,-0.000890269364816204,
-5.72898591688968));
#3271=CARTESIAN_POINT('Origin',(0.,0.,0.));
#3272=CARTESIAN_POINT('Origin',(0.,0.,-6.));
#3273=CARTESIAN_POINT('Origin',(-0.635000000000003,0.366617420935413,1.29999999999999));
#3274=CARTESIAN_POINT('',(-0.635000000000003,0.366617420935413,1.25933092313308));
#3275=CARTESIAN_POINT('',(-1.9762297880796E-15,0.733234841870824,1.25933092313307));
#3276=CARTESIAN_POINT('Origin',(-0.317500000000004,0.549926131403117,-0.372798076923045));
#3277=CARTESIAN_POINT('',(-0.635000000000003,0.366617420935413,0.499999999999989));
#3278=CARTESIAN_POINT('',(-0.635000000000003,0.366617420935413,1.29999999999999));
#3279=CARTESIAN_POINT('',(-1.94289029309402E-15,0.733234841870823,0.499999999999989));
#3280=CARTESIAN_POINT('',(-1.9762297880796E-15,0.733234841870823,0.499999999999989));
#3281=CARTESIAN_POINT('',(-1.9762297880796E-15,0.733234841870824,1.29999999999999));
#3282=CARTESIAN_POINT('Origin',(-1.94289029309402E-15,0.733234841870823,
1.29999999999999));
#3283=CARTESIAN_POINT('',(0.634999999999998,0.366617420935413,1.25933092313308));
#3284=CARTESIAN_POINT('Origin',(0.317500000000003,0.549926131403114,-0.372798076923045));
#3285=CARTESIAN_POINT('',(0.634999999999998,0.366617420935413,0.499999999999989));
#3286=CARTESIAN_POINT('',(0.634999999999998,0.366617420935413,0.499999999999989));
#3287=CARTESIAN_POINT('',(0.634999999999998,0.366617420935413,1.29999999999999));
#3288=CARTESIAN_POINT('Origin',(0.634999999999998,0.366617420935413,1.29999999999999));
#3289=CARTESIAN_POINT('',(0.634999999999998,-0.366617420935414,1.25933092313308));
#3290=CARTESIAN_POINT('Origin',(0.634999999999998,-1.32936686873617E-14,
-0.372798076923044));
#3291=CARTESIAN_POINT('',(0.634999999999998,-0.366617420935415,0.499999999999989));
#3292=CARTESIAN_POINT('',(0.634999999999998,-0.366617420935415,0.499999999999989));
#3293=CARTESIAN_POINT('',(0.634999999999998,-0.366617420935414,1.29999999999999));
#3294=CARTESIAN_POINT('Origin',(-0.635000000000002,-0.366617420935413,1.29999999999999));
#3295=CARTESIAN_POINT('',(-0.635000000000002,-0.366617420935413,1.25933092313308));
#3296=CARTESIAN_POINT('',(-0.635000000000002,-1.33714337591076E-14,1.30000000000003));
#3297=CARTESIAN_POINT('Origin',(-0.635000000000002,-1.47358907021494E-14,
-0.372798076923044));
#3298=CARTESIAN_POINT('',(-0.635000000000002,-0.366617420935414,0.499999999999989));
#3299=CARTESIAN_POINT('',(-0.635000000000002,-0.366617420935413,1.29999999999999));
#3300=CARTESIAN_POINT('',(-0.635000000000003,0.366617420935413,0.499999999999989));
#3301=CARTESIAN_POINT('Origin',(-0.635000000000002,-1.47358907021494E-14,
-0.372798076923044));
#3302=CARTESIAN_POINT('Origin',(-2.08166817117217E-15,-0.733234841870826,
1.29999999999999));
#3303=CARTESIAN_POINT('',(-2.08166817117217E-15,-0.733234841870826,1.25933092313309));
#3304=CARTESIAN_POINT('Origin',(-0.317499999999996,-0.549926131403124,-0.372798076923044));
#3305=CARTESIAN_POINT('',(-2.08166817117217E-15,-0.733234841870826,0.499999999999989));
#3306=CARTESIAN_POINT('',(-2.08166817117217E-15,-0.733234841870826,1.29999999999999));
#3307=CARTESIAN_POINT('',(-0.635000000000002,-0.366617420935414,0.499999999999989));
#3308=CARTESIAN_POINT('Origin',(0.634999999999998,-0.366617420935414,1.29999999999999));
#3309=CARTESIAN_POINT('Origin',(0.317499999999994,-0.549926131403123,-0.372798076923044));
#3310=CARTESIAN_POINT('',(-2.08166817117217E-15,-0.733234841870826,0.499999999999989));
#3311=CARTESIAN_POINT('Origin',(-2.77555756156289E-15,-1.38777878078145E-15,
0.499999999999989));
#3312=CARTESIAN_POINT('Origin',(0.,0.,-6.));
#3313=CARTESIAN_POINT('Origin',(0.,-1.32936686873617E-14,-0.372798076923044));
#3314=CARTESIAN_POINT('',(-1.75000000000008,-1.35079818772125E-14,-4.8988590961585E-13));
#3315=CARTESIAN_POINT('Origin',(0.,-1.32936686873617E-14,-0.372798076923044));
#3316=CARTESIAN_POINT('Origin',(0.,-2.39863018993764E-28,-4.8988590961585E-13));
#3317=CARTESIAN_POINT('Origin',(0.,0.,-4.78971776440669E-14));
#3318=UNCERTAINTY_MEASURE_WITH_UNIT(LENGTH_MEASURE(0.01),#3322,
'DISTANCE_ACCURACY_VALUE',
'Maximum model space distance between geometric entities at asserted c
onnectivities');
#3319=UNCERTAINTY_MEASURE_WITH_UNIT(LENGTH_MEASURE(0.01),#3322,
'DISTANCE_ACCURACY_VALUE',
'Maximum model space distance between geometric entities at asserted c
onnectivities');
#3320=(
GEOMETRIC_REPRESENTATION_CONTEXT(3)
GLOBAL_UNCERTAINTY_ASSIGNED_CONTEXT((#3318))
GLOBAL_UNIT_ASSIGNED_CONTEXT((#3322,#3324,#3325))
REPRESENTATION_CONTEXT('','3D')
);
#3321=(
GEOMETRIC_REPRESENTATION_CONTEXT(3)
GLOBAL_UNCERTAINTY_ASSIGNED_CONTEXT((#3319))
GLOBAL_UNIT_ASSIGNED_CONTEXT((#3322,#3324,#3325))
REPRESENTATION_CONTEXT('','3D')
);
#3322=(
LENGTH_UNIT()
NAMED_UNIT(*)
SI_UNIT(.MILLI.,.METRE.)
);
#3323=(
LENGTH_UNIT()
NAMED_UNIT(*)
SI_UNIT($,.METRE.)
);
#3324=(
NAMED_UNIT(*)
PLANE_ANGLE_UNIT()
SI_UNIT($,.RADIAN.)
);
#3325=(
NAMED_UNIT(*)
SI_UNIT($,.STERADIAN.)
SOLID_ANGLE_UNIT()
);
#3326=SHAPE_DEFINITION_REPRESENTATION(#3327,#3328);
#3327=PRODUCT_DEFINITION_SHAPE('',$,#3330);
#3328=SHAPE_REPRESENTATION('',(#822),#3320);
#3329=PRODUCT_DEFINITION_CONTEXT('part definition',#3334,'design');
#3330=PRODUCT_DEFINITION('SSB Base','SSB Base v4',#3331,#3329);
#3331=PRODUCT_DEFINITION_FORMATION('',$,#3336);
#3332=PRODUCT_RELATED_PRODUCT_CATEGORY('SSB Base v4','SSB Base v4',(#3336));
#3333=APPLICATION_PROTOCOL_DEFINITION('international standard',
'automotive_design',2009,#3334);
#3334=APPLICATION_CONTEXT(
'Core Data for Automotive Mechanical Design Process');
#3335=PRODUCT_CONTEXT('part definition',#3334,'mechanical');
#3336=PRODUCT('SSB Base','SSB Base v4',$,(#3335));
#3337=PRESENTATION_STYLE_ASSIGNMENT((#3338));
#3338=SURFACE_STYLE_USAGE(.BOTH.,#3339);
#3339=SURFACE_SIDE_STYLE('',(#3340));
#3340=SURFACE_STYLE_FILL_AREA(#3341);
#3341=FILL_AREA_STYLE('Stainless Steel - Satin',(#3342));
#3342=FILL_AREA_STYLE_COLOUR('Stainless Steel - Satin',#3343);
#3343=COLOUR_RGB('Stainless Steel - Satin',0.796078431372549,0.796078431372549,
0.796078431372549);
ENDSEC;
END-ISO-10303-21;
